Unnamed: 1,ADFL,ADFR,ADLL,ADLR,AFDL,AFDR,ALML,ALMR,ALNL,ALNR,AQR,ASEL,ASER,ASGL,ASGR,ASHL,ASHR,ASIL,ASIR,ASJL,ASJR,ASKL,ASKR,AUAL,AUAR,AVM,AWAL,AWAR,AWBL,AWBR,AWCL,AWCR,BAGL,BAGR,DVA,FLPL,FLPR,IL2DL,IL2DR,IL2L,IL2R,IL2VL,IL2VR,OLLL,OLLR,OLQDL,OLQDR,OLQVL,OLQVR,PLNL,PLNR,SAADL,SAADR,SAAVL,SAAVR,SDQL,SDQR,URBL,URBR,URXL,URXR,URYDL,URYDR,URYVL,URYVR,ADAL,ADAR,AIAL,AIAR,AIBL,AIBR,AINL,AINR,AIYL,AIYR,AIZL,AIZR,AVAL,AVAR,AVBL,AVBR,AVDL,AVDR,AVEL,AVER,BDUL,BDUR,DVC,PVCL,PVCR,PVPL,PVPR,PVR,PVT,RIAL,RIAR,RIBL,RIBR,RIFL,RIFR,RIGL,RIGR,RIH,RIML,RIMR,RIPL,RIPR,RIR,IL1DL,IL1DR,IL1L,IL1R,IL1VL,IL1VR,RIVL,RIVR,RMDDL,RMDDR,RMDL,RMDR,RMDVL,RMDVR,RMED,RMEL,RMER,RMEV,RMFL,RMFR,RMHL,RMHR,SIADL,SIADR,SIAVL,SIAVR,SIBDL,SIBDR,SIBVL,SIBVR,SMBDL,SMBDR,SMBVL,SMBVR,SMDDL,SMDDR,SMDVL,SMDVR,URADL,URADR,URAVL,URAVR,ADEL,ADER,AIML,AIMR,ALA,AVFL,AVFR,AVHL,AVHR,AVJL,AVJR,AVKL,AVKR,AVL,CEPDL,CEPDR,CEPVL,CEPVR,HSNL,HSNR,PVWL_or_R_1,PVWL_or_R_2,PVWL_or_R_3,PVQL,PVQR,RICL,RICR,RID,RIS,RMGL,RMGR,BWM-DL01,BWM-DR01,BWM-VL01,BWM-VR01,BWM-DL02,BWM-DR02,BWM-VL02,BWM-VR02,BWM-DL03,BWM-DR03,BWM-VL03,BWM-VR03,BWM-DL04,BWM-DR04,BWM-VL04,BWM-VR04,BWM-DL05,BWM-DR05,BWM-VL05,BWM-VR05,BWM-DL06,BWM-DR06,BWM-VL06,BWM-VR06,BWM-DL07,BWM-DR07,BWM-VL07,BWM-VR07,BWM-DL08,BWM-DR08,BWM-VL08,BWM-VR08
ADFL,0,178200,56600,0,1697800,8800,0,0,0,0,0,834600,146600,121000,0,1153600,0,63300,0,27000,0,0,0,1562500,0,0,1624800,0,3641100,0,42500,400,0,0,150000,0,0,0,0,1381200,0,0,0,0,0,0,0,145200,0,0,0,0,0,0,0,0,0,0,0,1317600,0,0,0,150600,0,655200,0,674100,0,0,0,0,0,854200,0,4327600,0,29000,0,690200,0,75800,3800,0,0,0,0,0,0,0,19200,0,0,0,1215400,0,353400,0,1113000,1800,0,0,311800,207800,0,710300,0,1328300,0,0,0,0,0,0,0,0,0,0,0,0,0,0,0,0,0,43300,0,0,0,0,0,0,0,0,357200,0,184600,0,715000,0,2453400,0,0,0,0,0,0,0,0,0,0,0,2978500,0,0,0,645400,0,1965200,357700,327000,0,0,0,0,0,0,0,0,0,0,0,0,0,0,0,0,45900,2600,153000,0,0,0,0,0,0,0,0,0,0,0,0,0,0,0,0,0,0,0,0,0,0,0,0,0,0,0,0,0,0,0,0,0
ADFR,178200,0,0,84400,0,1431200,0,0,0,0,0,742400,1118200,0,0,0,1172100,0,30400,0,156500,0,0,391200,1797500,0,0,2213800,96400,2646200,0,0,0,0,6600,0,0,0,0,0,890200,0,0,0,0,0,0,0,43400,0,0,0,0,0,0,0,0,0,0,0,1537200,0,0,0,68500,0,304400,0,430800,98500,234800,31300,0,0,648700,58200,3426200,0,14300,0,410200,26400,29400,0,77500,0,0,0,0,0,0,25400,0,0,0,2604900,0,359600,0,1737800,0,0,149000,0,0,0,267600,1928400,0,0,0,0,0,0,0,0,0,0,0,0,0,0,0,0,0,0,0,0,0,0,3500,0,0,339200,0,7700,0,240400,0,1658000,0,1301100,0,0,0,0,0,0,0,0,0,0,0,3106700,0,441900,164000,1749300,71400,222200,159000,0,0,0,0,0,0,0,0,0,0,0,0,0,0,0,0,0,0,0,0,0,0,0,0,0,0,0,0,0,0,0,0,0,0,0,0,0,0,0,0,0,0,0,0,0,0,0,0,0,0,0,0
ADLL,56600,0,0,800200,0,0,0,0,0,0,0,1566600,0,0,0,548900,0,1376000,0,161600,22100,2072400,616000,0,0,0,1721200,0,1121700,0,1601500,0,0,0,0,0,0,0,0,173600,0,0,0,84000,0,29000,0,0,0,0,0,0,0,63600,0,0,0,0,0,0,0,72300,0,44000,0,615000,0,717200,54000,1768600,60400,79400,0,0,0,0,0,472500,0,0,0,0,1017600,0,0,0,0,0,0,0,0,0,0,0,10000,0,0,0,0,0,0,0,0,0,0,79400,0,0,13000,0,0,0,0,0,0,0,0,0,0,0,0,0,0,0,0,0,0,0,0,0,0,0,0,0,0,0,0,0,0,0,912600,0,0,0,0,0,0,0,0,0,0,0,40800,0,2401000,199200,0,0,38100,4700,197400,0,0,0,0,0,0,0,0,0,0,0,0,153100,0,0,0,0,0,291400,0,0,0,0,0,0,0,0,0,0,0,0,0,0,0,0,0,0,0,0,0,0,0,0,0,0,0,0,0,0,0,0,0
ADLR,0,84400,800200,0,0,0,0,0,0,0,0,0,1346000,0,0,0,571000,0,1744900,0,0,0,2029900,0,0,0,0,1969800,0,1265800,73400,1167000,0,0,0,0,0,0,0,0,57400,0,0,0,116800,0,115000,0,78800,0,0,0,0,0,7000,0,0,0,20600,0,0,0,76400,0,0,0,837600,0,900600,0,1938100,0,0,0,8700,0,0,0,527400,0,0,1158600,43500,0,17800,0,0,0,0,0,0,0,0,0,0,10400,0,0,0,0,0,0,0,0,0,0,302400,0,0,109600,0,105400,0,0,0,0,0,0,0,0,0,0,0,0,0,0,0,0,0,0,0,0,0,0,0,0,0,0,0,0,0,1152200,0,0,0,0,0,0,0,0,0,0,0,253200,1378000,267000,2800,136000,0,902200,796800,0,0,0,0,0,0,0,0,0,0,0,0,0,381600,0,0,0,0,0,174200,0,0,0,0,0,0,0,0,0,0,0,0,0,0,0,0,0,0,0,0,0,0,0,0,0,0,0,0,0,0,0,0
AFDL,1697800,0,0,0,0,526200,0,0,0,0,200,146000,5591800,0,0,0,0,700,0,0,0,0,0,3681600,0,0,1483200,0,130400,0,316200,167600,0,250600,0,0,0,4000,0,520900,0,0,0,42800,0,63800,0,76000,0,0,0,0,0,0,6000,0,0,0,0,44800,0,57000,0,0,0,0,0,448000,0,1625200,0,1081000,6054200,8075000,6300,1388600,0,0,0,0,0,0,0,0,0,0,0,0,0,0,0,0,0,0,8400,0,82600,0,28500,0,0,0,183000,0,0,0,0,96300,2400,0,19100,0,0,0,28400,0,0,0,0,0,0,0,0,0,0,130900,0,0,0,0,0,0,0,0,343800,59400,0,0,0,0,0,0,0,0,0,0,0,0,0,0,0,0,0,0,0,0,0,0,0,0,0,0,0,0,0,0,20700,0,0,0,0,0,0,0,0,0,0,389400,0,0,0,0,0,0,0,0,0,0,0,0,0,0,0,0,0,0,0,0,0,0,0,0,0,0,0,0,0,0,0,0,0,0,0
AFDR,8800,1431200,0,0,526200,0,0,0,0,0,0,3573900,701200,0,0,0,0,0,250800,0,0,0,0,101400,3752600,0,0,2071400,136200,378400,953400,728600,634200,0,0,0,0,0,0,0,339400,0,0,0,220100,0,0,0,0,0,0,0,0,74900,1000,0,0,0,26200,0,72000,0,0,0,0,0,0,0,95800,0,920000,5261300,1386000,330300,7564000,0,1257900,0,9600,0,0,0,0,0,0,0,0,0,0,0,0,0,0,0,0,13600,0,274000,0,7100,0,0,13800,0,124400,0,28000,531900,0,0,0,134400,0,0,0,73700,0,0,0,0,0,0,0,0,0,0,0,0,0,0,0,0,0,0,0,230400,0,0,0,0,0,0,0,0,0,4000,0,0,0,0,0,0,0,0,0,0,0,0,0,0,0,0,0,0,0,1100,0,0,0,0,0,0,0,0,0,0,0,546000,0,0,0,0,0,0,0,0,0,0,0,0,0,0,0,0,0,0,0,0,0,0,0,0,0,0,0,0,0,0,0,0,0,0,0
ALML,0,0,0,0,0,0,0,0,0,0,0,0,0,0,0,0,0,0,0,0,0,0,0,0,0,1959100,0,0,0,0,0,0,0,0,0,0,0,0,0,0,0,0,0,0,0,0,0,0,0,0,0,0,19000,0,0,1694600,0,3800,0,198600,0,18100,0,0,0,1244400,0,0,0,0,0,422200,0,0,0,0,0,0,0,369700,0,1194600,651000,203200,0,651400,0,0,555400,0,0,0,910500,0,0,0,0,0,30200,0,0,0,0,0,0,255000,0,0,0,0,253700,0,0,0,0,0,0,214300,0,0,0,0,0,0,0,0,0,40400,0,0,0,950000,0,0,0,489400,0,70400,0,340800,0,0,0,0,0,0,0,0,0,0,119000,0,322000,0,0,0,14400,172000,0,799000,0,0,0,0,610500,0,740400,0,0,0,1748000,422200,224600,0,0,292900,0,357800,0,167800,0,0,0,0,0,0,0,0,0,0,0,0,0,0,0,0,0,0,0,0,0,0,0,0,0,0,0,0,0,0,0,0,0
ALMR,0,0,0,0,0,0,0,0,0,0,0,0,0,0,0,0,0,0,0,0,9900,0,0,0,0,1665600,0,0,0,0,0,0,0,0,0,0,0,0,0,0,0,0,0,0,0,0,0,0,0,0,0,557400,0,0,0,0,1584800,0,97700,0,380600,0,0,0,0,0,756000,0,0,0,0,0,206200,0,0,0,0,0,0,453400,1031700,380600,1152600,0,89900,0,1003100,0,0,510800,0,1700,1348000,0,0,0,0,0,0,23400,0,0,0,0,0,0,476400,0,0,0,0,0,0,0,0,0,300,0,0,0,0,0,0,0,0,0,0,0,0,0,774900,0,0,0,483200,0,0,0,432000,0,0,0,3600,0,0,0,0,0,0,0,0,628600,0,83700,0,0,0,0,717000,150300,505600,0,0,0,0,159800,0,1292600,0,0,2963400,816400,474200,0,0,6000,116400,0,0,0,108600,0,0,0,0,0,0,0,0,0,0,0,0,0,0,0,0,0,0,0,0,0,0,0,0,0,0,0,0,0,0,0,0
ALNL,0,0,0,0,0,0,0,0,0,0,0,0,0,0,0,0,0,0,0,0,0,0,0,0,0,0,0,0,0,0,0,0,0,0,0,0,0,0,0,0,0,0,0,209400,0,0,0,0,0,195200,0,534800,565800,1506800,19700,0,0,126200,0,0,0,0,0,0,0,0,0,0,0,0,0,28600,0,0,0,0,0,0,369200,0,0,0,33000,35900,0,0,0,0,0,0,0,0,0,45700,0,0,0,0,0,0,635600,0,0,0,150700,0,0,0,0,0,0,0,0,0,0,381000,0,225300,12400,53800,7200,0,0,0,0,0,144500,439600,195500,2204900,0,904000,0,0,0,530000,340800,77200,0,1787100,111000,0,99200,731200,0,366400,0,0,0,0,44600,0,0,0,0,0,0,0,0,0,0,0,390800,0,0,0,0,0,0,0,0,0,0,0,0,0,39400,0,0,2593200,0,0,0,0,0,0,0,0,0,0,0,0,0,0,0,0,0,0,0,0,0,0,0,0,0,0,0,0,0,0,0,0,0
ALNR,0,0,0,0,0,0,0,0,0,0,0,0,0,0,0,0,0,0,0,0,0,0,0,0,0,0,0,0,0,0,0,0,0,0,0,0,0,0,0,0,0,0,0,0,88800,0,0,0,0,0,0,368200,366000,0,2239500,0,0,0,150200,0,0,0,0,0,0,0,0,0,0,0,0,0,0,0,0,0,0,140600,0,0,0,0,0,0,0,0,0,0,0,0,0,0,0,0,0,0,0,0,0,0,0,818200,0,479400,0,0,0,0,0,0,0,59200,0,0,117000,100,124900,0,246200,2200,2200,0,0,0,0,0,429800,344600,1423800,160100,1623000,0,0,0,338800,0,0,81800,1693200,0,0,148500,1685500,148200,324900,7000,0,0,0,0,0,191000,0,0,0,0,0,0,0,0,0,329000,0,0,0,7900,0,0,0,0,0,0,0,0,0,0,0,0,0,0,1904300,0,0,0,0,0,0,0,0,0,0,0,0,0,25800,0,0,0,0,0,0,0,0,0,0,0,0,0,0,0,0,0,0
AQR,0,0,0,0,200,0,0,0,0,0,0,0,0,0,0,0,0,0,0,0,0,0,0,0,0,0,0,0,0,0,0,0,1701100,1687100,6658700,800,66800,0,0,0,0,97800,0,0,0,0,0,0,0,0,0,0,251400,0,0,0,0,0,0,610000,0,0,0,0,1600,67200,380000,0,0,117600,198100,0,0,613300,175800,0,0,2591800,2177600,1599600,1760400,449400,4100,0,0,0,0,933800,2045800,3034900,3680400,4146800,47600,632900,312000,84100,0,0,0,0,332600,137900,0,0,0,0,36000,2155600,0,0,0,0,0,62200,0,106800,0,0,0,0,0,0,0,0,0,0,0,0,0,0,0,5600,0,250300,553800,354100,1699000,859400,0,0,0,0,0,0,0,0,0,0,0,0,558400,994200,0,66800,0,0,0,878200,520200,7700,0,130600,209400,0,0,0,0,0,0,0,0,0,0,0,0,163400,2165100,774200,0,0,0,0,0,0,0,0,0,0,0,0,0,0,0,0,0,0,0,0,0,0,0,0,0,0,0,0,0,0,0,0,0,0,0
ASEL,834600,742400,1566600,0,146000,3573900,0,0,0,0,0,0,455400,933400,0,504600,0,466100,326200,496500,0,969200,0,0,25200,0,6384900,21600,854800,40700,3277500,789900,741000,22200,0,0,0,0,42300,0,121800,0,0,0,36400,0,46600,0,0,0,0,0,0,0,125200,0,0,0,12900,0,23300,0,46200,0,0,24600,0,2074200,405200,5035600,554000,2755600,201400,3100600,1847200,604400,633300,0,0,0,0,0,0,0,0,0,0,0,0,0,0,0,0,0,0,239500,0,0,112500,0,0,0,107200,0,0,288000,0,592200,0,24800,0,124000,0,0,0,121400,0,0,0,0,0,0,0,0,0,0,0,4400,0,0,0,0,0,0,0,0,0,0,0,0,0,0,0,0,0,0,0,0,0,0,0,0,353000,9700,32100,0,1600,15200,0,0,0,0,0,0,0,40800,0,0,0,0,0,0,0,211900,0,0,0,9600,0,0,0,0,0,0,0,0,0,0,0,0,0,0,0,0,0,0,0,0,0,0,0,0,0,0,0,0,0,0,0,0,0,0,0
ASER,146600,1118200,0,1346000,5591800,701200,0,0,0,0,0,455400,0,193700,1112600,0,475000,1012200,397000,0,730000,0,1115700,22300,0,0,618800,6772900,422000,1402100,850900,5816800,0,341400,0,0,0,2300,0,5600,0,0,0,0,0,54200,0,285800,0,0,0,0,0,327400,0,0,0,0,0,0,0,122800,81200,0,0,0,27600,430100,1260400,605700,7021000,477100,2263800,4324800,3694800,1006500,1168200,82800,0,0,0,15000,0,0,0,0,0,0,0,0,0,0,0,0,522600,0,140700,8000,0,82800,0,0,220100,0,0,0,175100,600600,18800,10100,99000,0,0,0,117200,0,0,0,0,0,0,0,0,0,0,0,48800,0,0,0,0,0,0,0,0,0,0,0,0,0,400,0,0,0,118800,0,0,0,0,0,0,0,0,291200,254800,0,0,0,0,0,20700,0,0,0,0,0,302600,0,0,0,0,0,0,0,630800,0,0,4900,0,0,0,0,0,0,0,0,0,0,0,0,0,0,0,0,0,0,0,0,0,0,0,0,0,0,0,0,0,0,0,0,0,0,0
ASGL,121000,0,0,0,0,0,0,0,0,0,0,933400,193700,0,0,0,0,8860800,0,2352400,0,601800,0,0,0,0,56800,0,0,0,2598000,1343200,0,0,0,0,0,0,0,0,0,0,0,0,0,0,0,0,0,0,0,0,0,0,0,0,0,0,0,0,0,0,0,0,0,0,0,1802000,0,241200,0,0,63600,12200,0,295500,0,0,0,158800,0,0,0,0,0,0,0,0,0,0,0,0,0,0,0,0,0,0,0,0,0,0,600,0,0,0,0,0,0,0,0,0,0,0,0,0,0,0,0,0,0,0,0,0,0,0,0,0,0,0,0,0,0,0,0,0,0,0,0,0,0,0,0,0,0,0,0,0,0,0,0,0,5156200,0,184900,0,0,0,0,0,0,0,0,0,0,0,37700,0,0,0,0,0,0,0,0,361600,0,34600,0,0,0,0,0,0,0,0,0,0,0,0,0,0,0,0,0,0,0,0,0,0,0,0,0,0,0,0,0,0,0,0,0,0,0
ASGR,0,0,0,0,0,0,0,0,0,0,0,0,1112600,0,0,0,0,0,5644900,0,2185500,0,699100,0,0,0,0,287600,0,0,1441600,2171200,11800,0,0,0,0,0,0,0,0,0,0,0,0,0,0,0,0,0,0,0,0,7200,0,0,0,0,0,0,0,0,0,0,0,0,0,0,1310800,0,174200,247400,0,0,76000,0,262200,0,0,0,0,0,0,0,0,0,0,0,0,0,0,0,0,0,0,0,0,0,0,0,0,0,0,0,0,0,59000,0,0,0,0,0,0,0,0,0,0,0,0,0,0,0,0,0,0,0,0,0,0,0,0,0,0,0,0,0,0,0,0,0,0,0,0,0,0,0,0,0,0,0,0,0,0,4529000,0,0,0,0,0,0,0,0,0,0,0,0,0,269500,0,0,0,0,0,0,0,0,154400,0,0,0,0,0,0,0,0,0,0,0,0,0,0,0,0,0,0,0,0,0,0,0,0,0,0,0,0,0,0,0,0,0,0,0,0
ASHL,1153600,0,548900,0,0,0,0,0,0,0,0,504600,0,0,0,0,550400,0,0,33600,0,134700,0,0,0,0,2541400,116000,843000,0,0,0,0,0,0,0,0,0,0,0,0,0,0,0,0,0,0,0,0,0,0,0,0,0,0,0,0,0,0,663400,0,0,0,0,0,2321900,0,1809400,0,1125400,0,0,0,97400,0,791000,54200,2765100,0,1228000,0,625400,1497000,94400,0,1784700,0,0,0,0,0,0,0,0,0,0,0,0,4175100,0,0,0,870000,88000,0,2367600,21500,18000,0,0,0,0,0,0,0,0,0,0,0,0,0,0,0,0,0,0,0,0,0,0,0,0,0,0,0,0,0,0,0,0,586100,0,0,0,0,0,0,0,0,0,0,0,542800,0,0,470500,191400,93400,213600,948200,1301400,0,0,0,0,0,0,0,0,0,0,105600,40900,54400,0,251300,0,601600,426000,721800,0,0,0,0,0,0,0,0,0,0,0,0,0,0,0,0,0,0,0,0,0,0,0,0,0,0,0,0,0,0,0,0,0
ASHR,0,1172100,0,571000,0,0,0,0,0,0,0,0,475000,0,0,550400,0,0,0,0,0,5600,231200,0,0,0,0,2419600,34000,806900,0,0,0,0,0,0,0,0,10800,0,0,0,0,0,0,0,0,0,0,0,0,0,0,0,0,0,0,0,0,0,632600,0,77600,0,0,0,2448800,0,1772200,0,1234700,0,0,0,40600,4800,498000,0,2532600,0,1502400,1787000,661600,0,30200,84000,1135300,0,0,0,0,0,0,0,0,227600,0,0,0,3806600,0,0,85500,0,96800,0,2337400,0,0,0,0,0,0,0,0,0,0,0,0,0,0,0,0,0,0,0,0,0,0,0,0,0,0,0,100800,0,0,0,0,0,0,815800,13600,0,400,0,0,0,0,0,0,0,0,992600,0,1286300,0,119500,1000,1642400,516800,0,0,0,0,0,0,0,0,0,0,0,5800,0,183200,0,552000,0,460400,0,480900,0,0,0,0,0,0,0,0,0,0,0,0,0,0,0,0,0,0,0,0,0,0,0,0,0,0,0,0,0,0,0,0
ASIL,63300,0,1376000,0,700,0,0,0,0,0,0,466100,1012200,8860800,0,0,0,0,138000,1755600,0,773000,0,0,0,0,947200,0,312200,0,3546400,3221400,0,0,0,0,0,9400,0,63400,0,0,0,12000,0,111100,0,132600,0,0,0,0,0,104800,5200,0,0,0,0,21400,0,64000,0,0,0,0,0,917000,0,528200,0,199600,135100,0,0,0,0,503600,0,0,0,0,0,0,0,0,0,0,0,0,0,0,0,0,172800,0,293800,0,0,0,0,0,70200,9900,0,0,0,0,77300,0,44300,0,0,0,18800,0,0,0,0,0,0,0,0,0,0,0,0,0,0,0,0,0,0,0,0,0,0,0,0,0,0,0,0,0,3600,0,0,0,0,0,0,0,0,0,508500,0,0,0,0,0,0,0,0,0,0,0,318200,0,0,0,0,0,0,0,0,0,0,0,0,0,0,0,0,0,0,0,0,0,0,0,0,0,0,0,0,0,0,0,0,0,0,0,0,0,0,0,0,0,0,0,0,0,0
ASIR,0,30400,0,1744900,0,250800,0,0,0,0,0,326200,397000,0,5644900,0,0,138000,0,0,1410100,0,269800,0,0,0,0,510600,0,553200,2454200,5085400,15500,0,0,0,0,0,9900,0,148800,0,0,0,103200,0,96300,0,0,0,0,0,0,26000,41600,0,0,0,0,0,0,0,60200,0,0,0,0,76400,893800,0,51600,606600,108300,0,52200,0,152200,0,15600,0,0,0,0,0,0,0,0,0,0,0,0,0,0,0,0,188400,0,142800,0,0,0,0,0,0,91000,0,0,0,0,64800,0,207100,0,0,0,0,0,0,0,0,0,0,0,0,0,0,0,0,0,0,0,0,0,0,0,0,0,0,0,0,0,0,0,0,0,0,0,32600,0,0,0,0,0,64200,772200,0,0,0,0,0,153000,0,0,0,0,0,0,401500,0,0,0,0,0,0,0,0,0,77600,0,0,0,0,0,0,0,0,0,0,0,0,0,0,0,0,0,0,0,0,0,0,0,0,0,0,0,0,0,0,0,0,0,0,0
ASJL,27000,0,161600,0,0,0,0,0,0,0,0,496500,0,2352400,0,33600,0,1755600,0,0,695300,3147600,0,0,0,0,624400,0,252000,0,0,0,0,0,0,0,0,0,0,137200,0,0,0,203800,0,93500,0,0,0,0,0,0,0,12800,0,0,0,81000,0,100600,0,42700,0,0,0,0,0,333000,0,0,0,18200,0,0,0,0,0,1400,0,0,0,145800,0,0,0,14900,0,0,0,0,0,0,0,0,0,0,65300,0,0,0,0,0,0,0,0,175300,0,0,48600,0,121000,0,0,0,0,0,0,0,0,0,0,0,0,0,0,0,0,0,0,0,0,0,0,0,0,121000,0,0,0,0,495600,0,0,0,0,0,0,0,0,0,22400,0,2035200,36500,1316200,822300,0,408900,0,86500,0,0,0,0,0,0,136200,0,0,0,0,0,0,3828000,0,0,0,0,0,0,0,0,0,0,0,0,0,0,0,0,0,0,0,0,0,0,0,0,0,0,0,0,0,0,0,0,0,0,0,0,0,0,0
ASJR,0,156500,22100,0,0,0,0,9900,0,0,0,0,730000,0,2185500,0,0,0,1410100,695300,0,48900,2759800,0,0,0,0,442000,0,195800,0,0,0,0,0,0,0,0,0,0,97900,0,0,0,41200,0,47000,0,0,0,0,0,0,83400,0,0,0,0,72400,0,180800,0,68100,0,0,0,0,0,437600,0,0,0,0,0,0,0,0,0,0,0,0,0,137300,0,107800,0,0,0,0,0,0,0,0,0,0,0,0,86600,0,0,0,0,0,0,0,0,508000,0,0,18700,0,24500,0,0,0,0,0,0,0,0,0,0,0,0,0,0,0,0,0,0,0,0,0,0,93000,0,0,0,0,0,0,166000,32800,0,0,0,0,17600,0,0,0,0,56800,2649800,1770600,82800,1005300,0,72800,0,197200,0,0,0,0,37200,0,126400,0,0,0,0,0,400,4784100,0,0,0,0,0,8400,0,0,0,0,0,0,0,0,0,0,0,0,0,0,0,0,0,0,0,0,0,0,0,0,0,0,0,0,0,0,0,0
ASKL,0,0,2072400,0,0,0,0,0,0,0,0,969200,0,601800,0,134700,5600,773000,0,3147600,48900,0,850500,0,0,0,418400,0,900,0,619400,0,0,0,0,0,0,0,0,1200,0,0,0,0,0,51000,0,0,0,0,0,0,0,0,2600,0,0,0,0,0,0,39100,0,0,0,343100,0,3629800,1600,675500,0,4200,0,0,0,0,0,0,0,0,0,0,0,0,0,142200,0,0,0,0,0,0,0,0,0,0,1000,0,144800,0,0,0,0,23000,0,2578600,0,0,60500,0,0,0,0,0,0,0,0,0,0,0,0,0,0,0,0,0,0,0,0,0,0,0,0,0,0,0,0,0,0,0,0,0,0,0,0,0,0,0,0,0,0,0,1978800,0,3877100,85000,263800,0,0,0,0,0,0,0,0,0,1700,0,0,0,0,0,0,3306400,0,0,0,0,0,0,0,0,0,0,0,0,0,0,0,0,0,0,0,0,0,0,0,0,0,0,0,0,0,0,0,0,0,0,0,0,0,0,0
ASKR,0,0,616000,2029900,0,0,0,0,0,0,0,0,1115700,0,699100,0,231200,0,269800,0,2759800,850500,0,0,0,0,0,264100,0,0,28800,237300,0,0,0,0,0,0,0,0,27000,0,0,0,79900,0,12600,0,0,0,0,0,0,93900,0,0,0,0,500,0,0,0,102700,0,0,0,147200,7600,3786600,0,1231000,0,0,0,0,0,0,0,0,0,0,28700,16700,0,0,16300,73500,0,0,0,0,0,0,0,0,0,0,0,0,0,0,0,0,0,0,0,1819200,0,0,76700,0,0,0,0,0,0,0,0,0,0,0,0,0,0,0,0,0,0,0,0,0,0,0,0,0,0,0,0,0,0,0,0,0,0,0,0,0,0,0,0,0,0,0,2042600,4074600,32900,5200,0,0,0,646600,0,0,0,0,0,0,18200,0,0,0,0,0,48000,3311400,0,0,0,0,0,7300,0,0,0,0,0,0,0,0,0,0,0,0,0,0,0,0,0,0,0,0,0,0,0,0,0,0,0,0,0,0,0,0
AUAL,1562500,391200,0,0,3681600,101400,0,0,0,0,0,0,22300,0,0,0,0,0,0,0,0,0,0,0,311500,0,0,0,79000,8400,0,0,484200,452800,902400,0,0,214100,0,1735000,0,0,0,3800,0,25000,0,364400,0,0,0,0,0,15700,0,0,0,0,0,3119600,0,47300,0,34800,0,0,0,0,0,246500,153400,341000,3466600,2659300,0,706600,0,1075300,0,0,0,22700,226400,705400,0,0,0,19300,0,0,0,0,0,0,1698400,0,5640400,0,0,0,8200,0,181400,296800,59700,0,0,321200,151300,0,0,0,0,0,329400,0,0,0,0,0,0,0,0,0,0,490400,0,0,0,0,0,0,0,0,130000,285000,0,0,0,0,0,0,0,0,54100,0,0,0,0,0,0,0,0,0,0,0,0,0,0,0,0,0,0,0,0,0,54400,0,0,0,0,0,0,0,0,0,0,17300,0,0,0,0,0,0,0,0,0,0,0,0,0,0,0,0,0,0,0,0,0,0,0,0,0,0,0,0,0,0,0,0,0,0,0
AUAR,0,1797500,0,0,0,3752600,0,0,0,0,0,25200,0,0,0,0,0,0,0,0,0,0,0,311500,0,0,0,0,0,42600,167400,7100,366800,516400,444400,0,0,0,109000,0,1412500,0,0,0,0,0,0,0,95500,0,0,0,0,0,1800,0,0,0,0,0,3455100,0,89600,0,118300,0,0,0,0,198100,159000,2863500,788600,0,3114000,14300,423000,0,2471800,0,190400,326500,77200,0,1246800,0,0,0,0,0,0,29600,0,0,0,1697800,344400,6554200,0,0,23800,188600,77500,0,364800,0,0,288200,0,85400,0,0,0,0,0,283800,0,0,0,0,0,0,0,0,0,0,0,0,0,0,0,0,0,0,0,213800,0,0,0,0,0,0,0,0,0,4800,0,0,0,0,0,0,0,0,0,0,0,0,0,0,0,0,0,0,0,150200,0,0,0,0,0,0,0,0,0,0,0,135200,0,0,0,0,0,0,0,0,0,0,0,0,0,0,0,0,0,0,0,0,0,0,0,0,0,0,0,0,0,0,0,0,0,0,0
AVM,0,0,0,0,0,0,1959100,1665600,0,0,0,0,0,0,0,0,0,0,0,0,0,0,0,0,0,0,0,0,0,0,0,0,0,0,59100,274200,283200,0,0,0,0,0,0,0,0,0,0,0,0,0,31300,0,0,0,0,135200,0,0,0,0,0,0,0,0,0,0,35000,0,0,0,0,0,0,15400,240000,0,0,0,0,1609500,1841600,2251000,1761200,0,0,120200,119800,0,3055900,1987600,83400,132400,2792300,0,0,0,0,0,81800,279600,0,0,0,39600,8100,0,0,0,0,0,0,0,0,0,0,0,0,0,0,0,0,0,0,0,0,0,0,0,0,0,0,0,0,0,0,0,0,1118900,0,0,0,0,29000,3400,0,0,0,0,0,0,0,0,0,0,0,0,0,300,777200,4698200,4722400,0,0,0,0,0,94400,71400,0,0,2560100,1771600,3357800,0,0,700,322400,651600,831800,458000,0,0,0,0,0,0,0,0,0,0,0,0,0,0,0,0,0,0,0,0,0,0,0,0,0,0,0,0,0,0,0,0,0
AWAL,1624800,0,1721200,0,1483200,0,0,0,0,0,0,6384900,618800,56800,0,2541400,0,947200,0,624400,0,418400,0,0,0,0,0,61100,4772200,0,229100,317900,0,0,0,0,0,1600,0,0,0,0,0,0,0,0,0,0,0,0,0,0,0,0,0,0,0,0,0,0,0,37600,0,0,0,79800,0,1085900,7400,536300,0,7200,0,1272800,0,1773400,0,0,0,109700,0,0,0,0,0,135800,0,0,0,0,0,0,0,0,2400,0,0,0,587600,0,0,0,363200,0,0,1536400,0,218200,27200,0,5000,0,0,0,16600,0,0,0,0,0,0,0,0,0,0,0,0,0,0,0,0,0,0,0,0,0,0,0,0,0,35300,0,0,0,29200,0,0,0,0,0,0,0,154000,0,114200,147900,217800,0,44600,59200,250200,0,0,0,0,0,0,0,0,0,0,0,0,939000,0,0,0,0,0,0,0,0,0,0,0,0,0,0,0,0,0,0,0,0,0,0,0,0,0,0,0,0,0,0,0,0,0,0,0,0,0,0,0
AWAR,0,2213800,0,1969800,0,2071400,0,0,0,0,0,21600,6772900,0,287600,116000,2419600,0,510600,0,442000,0,264100,0,0,0,61100,0,63000,4658400,21600,422100,0,0,0,0,0,0,0,0,0,0,0,0,0,0,0,0,0,0,0,0,0,0,0,0,0,0,0,0,0,0,0,0,0,0,6000,93100,1470900,0,185600,12800,0,0,1351000,0,2036100,0,10000,0,217400,10000,0,0,0,74800,145700,0,0,0,0,0,0,0,0,0,0,3600,0,963500,0,0,0,0,0,0,1617600,241200,0,0,0,0,0,0,0,0,0,0,0,0,0,0,0,0,0,0,0,0,0,0,0,0,0,0,0,0,0,0,0,66800,0,51800,0,0,0,0,0,0,0,0,0,0,0,56800,100,571000,656200,0,0,433400,24500,0,0,0,0,0,0,0,0,0,0,0,0,0,547900,0,0,0,0,0,0,0,0,0,0,0,0,0,0,0,0,0,0,0,0,0,0,0,0,0,0,0,0,0,0,0,0,0,0,0,0,0,0
AWBL,3641100,96400,1121700,0,130400,136200,0,0,0,0,0,854800,422000,0,0,843000,34000,312200,0,252000,0,900,0,79000,0,0,4772200,63000,0,270500,164600,0,0,0,0,0,0,0,0,0,0,0,0,0,0,0,0,0,0,0,0,0,0,0,0,0,0,0,0,0,0,0,0,0,0,589600,0,425800,29200,292200,161800,0,0,509500,2000,1429900,10300,1800,0,0,0,21000,69000,0,0,0,0,0,0,0,0,0,0,0,229000,0,396000,0,1504200,40000,0,0,15400,0,0,503600,0,180600,0,0,0,0,0,0,0,0,0,0,0,0,0,0,0,0,0,0,0,0,0,0,0,0,0,0,0,0,16400,0,34700,0,1133700,0,0,0,0,0,0,0,0,0,0,0,758600,0,0,217800,611000,0,94000,203200,0,0,0,0,0,0,0,0,0,0,0,0,0,152500,0,0,0,0,0,34200,0,0,0,0,0,0,0,0,0,0,0,0,0,0,0,0,0,0,0,0,0,0,0,0,0,0,0,0,0,0,0,0,0
AWBR,0,2646200,0,1265800,0,378400,0,0,0,0,0,40700,1402100,0,0,0,806900,0,553200,0,195800,0,0,8400,42600,0,0,4658400,270500,0,0,150600,0,0,51700,0,0,0,0,0,0,0,0,0,0,0,0,0,0,0,0,0,0,0,0,0,0,0,0,0,0,0,0,0,0,0,682000,5100,725200,92800,284800,12600,0,33300,350600,37400,1901000,0,18400,0,0,0,0,0,0,0,0,0,0,0,0,0,0,0,0,37600,0,367600,0,920400,0,0,0,0,0,0,152600,0,0,0,0,0,0,0,0,0,0,0,0,0,0,0,0,0,0,0,0,0,0,0,0,0,0,135700,0,0,0,0,0,524600,0,1195100,0,0,0,0,0,0,0,0,0,0,0,1188600,0,1115600,120700,197700,0,274200,107000,0,0,0,0,0,0,0,0,0,0,0,0,0,0,2400,0,0,0,0,194400,0,0,0,0,0,0,0,0,0,0,0,0,0,0,0,0,0,0,0,0,0,0,0,0,0,0,0,0,0,0,0,0
AWCL,42500,0,1601500,73400,316200,953400,0,0,0,0,0,3277500,850900,2598000,1441600,0,0,3546400,2454200,0,0,619400,28800,0,167400,0,229100,21600,164600,0,0,8056400,1340800,0,0,0,0,24300,63400,0,0,0,0,0,0,52800,146400,0,0,0,0,0,0,42200,0,0,0,0,0,66800,26100,21000,49600,0,0,0,65200,3374800,1659800,3823000,499400,2243800,0,1402100,2644800,511200,865600,13400,0,0,0,0,0,0,0,0,0,0,0,0,0,0,0,0,66200,0,554600,0,0,0,0,0,121600,387400,0,0,0,769800,0,44000,0,0,0,0,0,0,0,0,0,0,0,0,0,0,0,73600,0,13400,0,0,0,0,0,0,401400,0,0,0,0,0,0,0,0,0,0,0,0,0,0,0,0,0,482800,67000,239600,0,0,0,0,0,0,0,0,0,0,71400,0,55300,0,0,0,0,0,0,0,0,0,89100,0,0,0,0,0,0,0,0,0,0,0,0,0,0,0,0,0,0,0,0,0,0,0,0,0,0,0,0,0,0,0,0,0,0,0
AWCR,400,0,0,1167000,167600,728600,0,0,0,0,0,789900,5816800,1343200,2171200,0,0,3221400,5085400,0,0,0,237300,0,7100,0,317900,422100,0,150600,8056400,0,108400,242000,0,0,0,74000,16800,24000,31200,0,0,3700,7400,148000,107000,45800,0,0,0,0,0,81800,0,0,0,0,0,0,14100,51200,56600,0,0,0,87600,1021000,2899800,1144200,4199400,328400,220800,1921700,1716100,508000,1183400,454100,0,0,0,0,0,0,0,0,0,0,0,0,0,0,0,0,95200,0,0,378600,0,0,0,0,316800,0,235200,0,0,542600,85000,70800,20800,0,0,0,27600,0,0,0,0,0,0,0,0,0,0,0,0,0,0,0,0,0,0,0,0,363600,0,0,0,0,0,0,0,0,4000,0,12500,21300,0,0,0,0,83700,76900,303800,0,0,0,0,0,40000,0,0,0,0,15100,142400,185800,0,0,0,0,0,0,0,0,0,0,0,0,0,0,0,0,0,0,0,0,0,0,0,0,0,0,0,0,0,0,0,0,0,0,0,0,0,0,0,0,0,0,0,0,0
BAGL,0,0,0,0,0,634200,0,0,0,0,1701100,741000,0,0,11800,0,0,0,15500,0,0,0,0,484200,366800,0,0,0,0,0,1340800,108400,0,2617200,375900,0,0,161300,35700,24600,0,0,24400,8800,0,112600,0,0,139700,0,0,0,28000,112400,74400,0,0,0,0,0,20200,129800,0,0,0,0,0,0,0,213200,0,1373400,8900,83200,950800,1300,69600,261800,2200000,250700,379200,1033200,92800,27400,1849200,0,0,657000,0,0,0,0,0,18200,0,2697400,1303600,4679400,0,0,4600,1512800,151000,473600,142600,0,0,1007200,40600,0,6000,0,0,0,136700,105000,0,0,0,0,61000,0,0,0,0,0,144600,2011800,0,0,0,0,0,21200,77600,44600,163000,84400,0,0,0,0,0,0,94200,107300,0,0,0,0,0,0,0,0,0,0,0,0,0,0,0,0,0,0,0,0,0,507100,0,0,0,0,0,0,0,0,0,2302200,0,0,0,0,0,0,0,0,0,0,0,0,0,0,0,0,0,0,0,0,0,0,0,0,0,0,0,0,0,0,0,0,0,0,0
BAGR,0,0,0,0,250600,0,0,0,0,0,1687100,22200,341400,0,0,0,0,0,0,0,0,0,0,452800,516400,0,0,0,0,0,0,242000,2617200,0,430200,0,0,0,62900,0,21600,46900,0,0,0,800,93500,42200,0,0,0,0,0,0,160600,0,0,0,0,93400,31800,4600,90400,114800,0,0,0,19200,0,21200,542800,3600,1082000,1031600,46700,290600,0,1568200,295300,0,827000,292300,989600,1937000,0,0,0,169800,11200,0,0,0,0,0,3377000,0,4967600,1244300,0,0,1260900,0,610100,0,13400,0,0,844900,200,65800,0,0,0,0,27000,153200,0,0,0,0,0,0,0,0,0,113400,1538800,0,0,0,16500,0,2800,0,246100,78800,184400,111400,0,0,0,0,0,0,0,206200,0,2200,0,0,0,0,0,0,0,0,0,0,0,0,0,0,0,0,0,0,435000,0,0,0,0,0,0,0,0,0,0,2929800,0,0,0,0,0,0,0,0,0,0,0,0,0,0,0,0,0,0,0,0,0,0,0,0,0,0,0,0,0,0,0,0,0,0,0
DVA,150000,6600,0,0,0,0,0,0,0,0,6658700,0,0,0,0,0,0,0,0,0,0,0,0,902400,444400,59100,0,0,0,51700,0,0,375900,430200,0,794000,0,0,287600,360800,292400,246300,170700,0,0,0,0,58200,94800,223200,318800,19600,106800,152800,255600,97200,1060400,2000,337200,102200,352300,358000,263000,0,42200,1286200,1569900,0,0,514400,1363600,0,0,1338400,1152500,2917400,2703400,1153300,1390000,1111200,1245100,1223700,1547800,3521200,2825400,389100,0,4000,278600,302600,2528300,3615800,674000,0,134600,193600,22600,112100,0,47400,97500,73000,289800,416600,275600,0,0,2175200,0,0,0,0,93200,64000,35300,106200,0,0,0,0,118100,98700,0,0,0,28200,191300,222000,307000,505200,1479400,1647800,3349800,3282200,366200,319200,4330400,2718400,577400,673800,531600,467200,82600,0,1228600,1224700,0,0,64400,123000,38600,392400,0,0,0,312500,0,1312400,378800,0,0,0,150500,0,0,0,0,0,0,0,634200,0,1000,0,0,1476000,560500,2941500,0,59600,9800,0,0,0,0,0,0,0,0,0,0,0,0,0,0,0,0,0,0,0,0,0,0,0,0,0,0,0,0,0,0,0,0
FLPL,0,0,0,0,0,0,0,0,0,0,800,0,0,0,0,0,0,0,0,0,0,0,0,0,0,274200,0,0,0,0,0,0,0,0,794000,0,3900500,0,0,0,0,0,0,0,0,0,0,0,0,0,0,0,0,0,0,434100,652700,0,0,0,0,0,0,0,0,80400,276600,0,10900,0,364200,0,0,0,73600,0,46500,1465400,790600,884300,343600,620800,0,931000,145900,0,67600,0,417200,370800,0,30100,108200,0,0,0,0,0,0,186000,0,0,0,234300,183800,0,0,0,0,0,0,0,0,0,100200,0,0,0,0,0,0,0,0,0,0,0,0,523000,0,0,0,6800,0,726500,0,0,0,0,0,345900,0,144100,0,0,0,0,0,0,0,0,703000,347500,0,134600,0,0,0,0,0,79300,0,0,11000,0,0,0,0,0,0,0,0,20800,148000,0,102400,0,0,0,292200,0,20000,0,0,0,0,0,0,0,0,0,0,0,0,0,0,0,0,0,0,0,0,0,0,0,0,0,0,0,0,0,0,0,0
FLPR,0,0,0,0,0,0,0,0,0,0,66800,0,0,0,0,0,0,0,0,0,0,0,0,0,0,283200,0,0,0,0,0,0,0,0,0,3900500,0,0,0,0,0,0,0,0,0,0,0,0,0,0,0,0,0,0,0,256900,341000,0,0,0,0,0,0,0,0,0,273400,0,0,74000,415100,0,0,0,178900,0,45000,1662800,887000,499400,105800,467800,0,620900,647200,0,0,4900,1310100,826200,0,0,248200,0,0,38900,0,0,0,94400,0,0,14800,0,102000,0,0,0,0,0,0,0,0,0,311000,0,0,0,0,0,0,0,0,0,0,0,0,10000,0,0,0,0,0,0,0,0,81600,142600,260000,226800,4400,111700,0,0,0,0,0,0,0,0,624600,1567900,0,0,0,0,0,0,0,0,0,0,0,0,0,0,0,0,0,0,0,0,5900,0,0,0,0,0,452800,0,0,0,0,0,0,0,0,0,0,0,0,0,0,0,0,0,0,0,0,0,0,0,0,0,0,0,0,0,0,0,0,0,0
IL2DL,0,0,0,0,4000,0,0,0,0,0,0,0,2300,0,0,0,0,9400,0,0,0,0,0,214100,0,0,1600,0,0,0,24300,74000,161300,0,0,0,0,0,0,234900,0,0,0,0,0,1786400,0,0,0,0,0,0,0,55200,62100,0,0,0,0,740600,0,1307200,0,0,0,259600,0,0,0,0,0,108200,53200,0,0,16800,0,416600,0,53000,10000,398800,338700,18900,0,77000,0,476000,20200,0,0,0,51000,94000,0,0,100200,0,68400,0,443200,0,1421600,0,0,2168800,0,0,2954600,0,0,0,0,0,229400,241000,0,43000,0,0,52200,0,554400,646400,653600,78600,0,3000,135000,0,0,0,0,0,17200,0,0,0,116000,0,0,0,300,0,15200,0,1884200,0,0,0,0,0,17400,0,201800,0,0,94800,25000,29200,105500,27400,76000,19900,1440400,0,0,0,0,0,310000,2600,112000,0,0,349600,75100,282700,12100,0,0,28800,0,0,0,6800,0,0,0,0,0,0,0,0,0,0,0,0,0,0,0,0,0,0,0,0,0,0,0,0,0,0,0
IL2DR,0,0,0,0,0,0,0,0,0,0,0,42300,0,0,0,0,10800,0,9900,0,0,0,0,0,109000,0,0,0,0,0,63400,16800,35700,62900,287600,0,0,0,0,0,197200,0,0,0,0,0,1579400,0,0,0,0,0,0,83600,173100,0,0,0,0,0,716200,0,1271000,0,0,0,231600,0,0,0,0,44700,42400,0,22400,0,0,25500,233600,147500,0,296100,258600,0,0,0,59600,470200,0,0,0,0,0,91800,0,0,0,183000,0,42300,0,540800,1075200,0,0,0,3291000,0,0,2846600,0,0,0,0,114200,87500,0,0,0,0,0,0,478700,616100,700200,325600,0,0,0,149400,0,67600,0,0,99600,0,92800,0,0,298100,0,0,0,51500,0,1400,0,2217400,0,0,0,0,0,0,0,0,0,0,88700,139400,82800,5700,23800,114200,0,1518400,0,0,0,0,117900,12200,32200,0,0,177800,159400,0,129700,0,0,0,0,0,0,0,0,0,0,0,0,0,0,0,0,0,0,0,0,0,0,0,0,0,0,0,0,0,0,0,0,0,0
IL2L,1381200,0,173600,0,520900,0,0,0,0,0,0,0,5600,0,0,0,0,63400,0,137200,0,1200,0,1735000,0,0,0,0,0,0,0,24000,24600,0,360800,0,0,234900,0,0,0,215300,0,2291600,0,786200,0,1096100,0,0,0,0,69800,0,0,0,0,2921600,0,3081000,0,7900,0,17600,0,129000,0,0,0,0,0,0,178200,722200,0,246600,0,1800,0,0,0,0,1000,0,0,0,0,401400,0,0,0,0,0,0,0,0,660000,0,0,0,46600,0,1646800,0,0,13500,0,732200,104100,0,2565400,0,164100,0,222000,0,0,0,0,0,0,0,288700,1028800,2800000,303900,0,0,0,397200,0,0,0,0,17000,0,0,0,0,0,165300,0,0,0,116300,0,581800,0,131500,0,643000,0,78300,0,433100,112400,257800,0,278800,0,110300,0,0,0,0,0,0,0,0,0,0,0,0,4800,0,8800,0,0,0,86200,0,0,0,0,0,0,0,0,0,0,0,0,0,0,0,0,0,0,0,0,0,0,0,0,0,0,0,0,0,0,0,0,0
IL2R,0,890200,0,57400,0,339400,0,0,0,0,0,121800,0,0,0,0,0,0,148800,0,97900,0,27000,0,1412500,0,0,0,0,0,0,31200,0,21600,292400,0,0,0,197200,0,0,0,64000,0,2544400,0,719800,0,618800,0,0,17800,0,0,0,0,0,0,2540400,0,2045600,0,352100,0,232400,0,115800,0,0,0,0,75600,0,0,994500,0,215100,0,0,0,0,20700,0,0,64100,0,0,581500,0,0,0,0,0,0,0,80200,0,665600,0,0,0,13400,1627600,0,0,0,172000,622200,0,0,0,2687900,0,157400,0,280600,0,0,0,0,0,0,305600,2700000,1341700,284100,0,0,423100,0,0,0,0,0,0,0,137800,66800,0,0,0,339600,0,0,0,10600,0,338700,0,264500,0,732200,0,117200,440700,87000,72800,274600,0,8600,89700,0,0,0,0,0,0,0,0,0,0,0,0,0,0,0,144100,0,0,0,70400,0,0,0,0,0,0,0,0,0,0,0,0,0,0,0,0,0,0,0,0,0,0,0,0,0,0,0,0,0,0,0,0
IL2VL,0,0,0,0,0,0,0,0,0,0,97800,0,0,0,0,0,0,0,0,0,0,0,0,0,0,0,0,0,0,0,0,0,0,46900,246300,0,0,0,0,215300,0,0,0,0,0,0,0,1235100,0,48800,0,180200,0,0,0,0,0,0,0,42500,0,0,0,1072700,0,103600,0,0,0,0,17500,0,0,0,0,0,0,0,5800,0,165200,0,297600,0,0,0,0,1417200,122600,0,188600,0,0,171400,360800,0,240800,0,0,0,734000,0,798200,19400,0,1393500,0,31200,0,0,0,0,1797200,0,0,0,3200,0,0,0,0,4200,310800,273900,778000,251700,0,0,117800,0,240200,0,83600,0,139300,0,91100,27600,1000,0,195200,0,0,0,0,0,0,0,2395900,0,0,0,0,0,0,0,0,0,78800,0,122900,0,4700,77800,0,0,2249300,0,0,0,0,0,0,0,0,0,90800,145800,0,0,0,0,0,90800,0,0,0,0,0,0,0,0,0,0,0,0,0,0,0,0,0,0,0,0,0,0,0,0,0,0,0,0,0
IL2VR,0,0,0,0,0,0,0,0,0,0,0,0,0,0,0,0,0,0,0,0,0,0,0,0,0,0,0,0,0,0,0,0,24400,0,170700,0,0,0,0,0,64000,0,0,0,0,0,0,0,1188800,0,0,0,208800,0,0,0,0,0,0,0,178400,0,0,0,847600,0,128700,0,0,0,0,0,0,0,0,0,0,151000,0,165700,0,310700,0,0,0,0,0,1051800,0,100000,0,25800,0,223400,0,295500,0,124000,0,0,0,581800,509100,0,0,0,1561100,0,0,0,0,0,0,2493400,0,0,0,37300,0,0,22300,0,324800,1036800,389400,606200,69200,271700,0,0,0,207200,0,69800,0,69200,140000,123700,0,82300,0,0,0,0,0,0,0,0,0,2788800,0,0,0,0,0,0,0,118500,0,105300,0,0,0,8300,0,0,0,1284400,0,0,0,0,0,0,0,138800,6000,0,0,0,0,0,0,0,71900,0,0,0,0,0,0,0,0,0,0,0,0,0,0,0,0,0,0,0,0,0,0,0,0,0,0,0,0
OLLL,0,0,84000,0,42800,0,0,0,209400,0,0,0,0,0,0,0,0,12000,0,203800,0,0,0,3800,0,0,0,0,0,0,0,3700,8800,0,0,0,0,0,0,2291600,0,0,0,0,583400,684800,0,1505800,0,0,0,0,1094000,0,99400,0,0,3264400,0,82800,0,111100,0,419200,0,83200,0,0,0,0,0,0,61000,0,0,0,0,0,0,0,0,9000,0,0,3952800,0,0,0,0,0,0,0,0,259700,4600,0,2021200,228200,0,0,1618900,0,120000,15600,1200,0,0,0,2509300,0,2340900,0,1986000,0,8600,0,2510700,245800,180400,57300,2527400,1600,1935400,2970700,0,1606900,836500,0,0,375600,0,0,128000,0,0,111900,0,100800,0,0,196800,0,750000,946200,187000,1758200,0,0,24400,0,0,0,49800,0,252600,81700,33600,18900,0,400,0,0,1200,90500,1541600,0,1875000,0,0,0,0,0,0,0,0,43700,0,0,600,63300,0,0,0,0,0,0,0,0,0,0,0,0,0,0,0,0,0,0,0,0,0,0,0,0,0,0,0,0,0,0,0,0,0
OLLR,0,0,0,116800,0,220100,0,0,0,88800,0,36400,0,0,0,0,0,0,103200,0,41200,0,79900,0,0,0,0,0,0,0,0,7400,0,0,0,0,0,0,0,0,2544400,0,0,583400,0,0,814800,0,1683400,0,0,1707200,0,140000,0,0,0,0,3134900,0,0,0,62000,0,509900,0,62300,0,0,0,0,135000,0,0,0,0,0,14000,0,0,0,50400,166000,2839800,0,0,0,278200,0,0,0,0,0,216200,0,0,0,2077000,0,0,0,1403400,12200,48900,127900,0,0,0,74800,1894500,0,1195800,0,1811600,0,0,196600,2724100,361000,44400,0,2828400,1516000,0,3018500,1719200,131400,1056400,317600,0,0,0,0,160000,53900,0,178100,0,23200,0,0,302800,893400,454800,1536600,143600,0,0,0,77300,0,0,0,236600,60800,0,0,0,0,0,216600,29300,58600,51500,0,1193100,0,1925200,0,0,0,0,0,0,0,0,0,0,81800,0,101200,0,0,0,0,0,0,0,0,0,0,0,0,0,0,0,0,0,0,0,0,0,0,0,0,0,0,0,0,0,0,0,0
OLQDL,0,0,29000,0,63800,0,0,0,0,0,0,0,54200,0,0,0,0,111100,0,93500,0,51000,0,25000,0,0,0,0,0,0,52800,148000,112600,800,0,0,0,1786400,0,786200,0,0,0,684800,0,0,0,0,0,0,0,0,0,0,0,0,0,42800,0,0,0,2814000,0,0,0,0,0,89600,0,0,0,159400,110800,0,0,0,0,0,0,0,0,0,200800,0,242300,0,0,106800,0,0,0,0,0,198000,0,0,339400,0,0,0,360000,0,1294800,0,0,61000,0,0,2727600,0,0,0,0,0,0,0,344800,1646300,0,0,374100,29200,25700,1311400,0,95400,0,0,499400,112800,0,42000,0,0,0,0,1766500,0,0,2575400,0,0,0,22600,0,0,704000,0,0,0,0,0,88600,0,37600,61600,3000,216400,0,0,0,0,99200,8500,824500,40800,0,0,0,0,2700,0,0,0,0,362000,465600,0,51200,0,0,0,0,0,0,0,0,0,0,0,0,0,0,0,0,0,0,0,0,0,0,0,0,0,0,0,0,0,0,0,0,0,0
OLQDR,0,0,0,115000,0,0,0,0,0,0,0,46600,0,0,0,0,0,0,96300,0,47000,0,12600,0,0,0,0,0,0,0,146400,107000,0,93500,0,0,0,0,1579400,0,719800,0,0,0,814800,0,0,0,0,0,0,0,0,0,0,0,0,0,55200,0,0,0,3054100,0,0,0,43400,0,41600,0,0,62900,67800,0,0,0,0,0,125800,8200,17000,143500,39200,346600,0,0,0,118000,0,0,0,0,212800,210300,0,0,0,378300,0,0,0,394200,1140000,0,0,0,938200,0,0,3022000,0,0,0,0,0,0,1929000,256100,0,0,0,308000,170200,0,991000,112800,29600,0,0,594100,1600,0,0,0,0,0,0,1815600,2849200,0,0,0,33300,0,0,0,0,318800,0,0,0,0,0,95400,96400,43800,5800,0,94000,0,55000,47800,11900,70400,0,768000,0,0,0,0,132800,18200,14800,0,0,163800,239800,138400,0,0,0,0,0,0,0,0,0,0,0,0,0,0,0,0,0,0,0,0,0,0,0,0,0,0,0,0,0,0,0,0,0,0,0
OLQVL,145200,0,0,0,76000,0,0,0,0,0,0,0,285800,0,0,0,0,132600,0,0,0,0,0,364400,0,0,0,0,0,0,0,45800,0,42200,58200,0,0,0,0,1096100,0,1235100,0,1505800,0,0,0,0,0,179800,0,2500,0,0,0,0,0,461800,0,69900,0,0,0,1181200,0,125600,0,0,0,0,0,0,542200,0,0,0,0,3200,0,53800,0,0,96700,0,357800,0,0,226000,5600,0,0,0,77600,257400,4200,2200,841600,0,0,0,564800,0,2230000,0,0,784700,0,113400,0,0,0,0,1977600,0,0,35400,352400,0,70800,0,0,1824000,268400,1301200,0,187500,0,17400,780000,0,0,0,156200,0,1695800,0,105200,88800,0,0,1133200,0,0,0,0,0,0,0,931200,0,0,0,121400,0,0,0,0,0,99400,0,86400,492600,83200,151600,0,0,675000,0,0,0,0,0,0,0,0,216400,152000,107500,296700,0,0,0,0,0,0,0,0,0,0,0,0,0,0,0,0,0,0,0,0,0,0,0,0,0,0,0,0,0,0,0,0,0,0
OLQVR,0,43400,0,78800,0,0,0,0,0,0,0,0,0,0,0,0,0,0,0,0,0,0,0,0,95500,0,0,0,0,0,0,0,139700,0,94800,0,0,0,0,0,618800,0,1188800,0,1683400,0,0,0,0,0,107400,0,0,0,0,0,0,0,383500,0,168000,0,0,0,1896800,0,261800,0,0,0,0,0,0,0,0,0,0,0,0,0,151200,310700,0,10000,0,0,0,208300,0,0,0,0,0,285800,0,40600,0,614800,0,0,0,512200,2061400,0,0,0,461600,1600,0,0,0,0,0,2165200,0,0,0,366900,0,59000,2196600,0,171800,0,1367200,208300,211600,0,0,962400,0,0,0,55600,0,1636000,253100,3600,0,0,0,1097200,0,0,0,0,0,0,0,782700,0,0,0,71200,0,0,0,66700,0,144600,0,49200,255600,182500,0,0,0,331600,0,0,0,0,0,0,0,318000,196300,0,376000,0,0,0,0,0,0,0,0,0,5800,0,0,0,0,0,0,0,14700,0,0,0,0,0,0,0,0,0,0,0,0,0,0,0,0
PLNL,0,0,0,0,0,0,0,0,195200,0,0,0,0,0,0,0,0,0,0,0,0,0,0,0,0,0,0,0,0,0,0,0,0,0,223200,0,0,0,0,0,0,48800,0,0,0,0,0,179800,0,0,0,2061600,0,0,953400,0,0,0,0,0,0,0,0,0,0,19200,0,0,0,0,0,0,0,0,0,0,0,0,0,0,0,0,0,0,0,0,0,0,0,0,0,0,0,0,0,0,0,0,0,0,0,0,0,0,100100,0,0,0,0,0,0,0,0,0,0,223300,0,0,23900,269400,0,1484800,0,0,0,0,433200,636000,379700,975200,0,0,2935400,0,1446000,0,118300,332200,21400,0,4766800,0,3800,0,0,708600,0,0,0,0,0,0,0,0,0,0,0,0,0,0,0,0,0,0,0,0,114600,0,0,0,0,0,0,0,0,414600,0,304500,0,1629200,0,0,0,0,0,0,0,0,0,0,0,0,0,0,0,66000,0,0,0,0,0,0,0,276300,0,0,0,88800,0,0,0,0,0
PLNR,0,0,0,0,0,0,0,0,0,0,0,0,0,0,0,0,0,0,0,0,0,0,0,0,0,31300,0,0,0,0,0,0,0,0,318800,0,0,0,0,0,0,0,0,0,0,0,0,0,107400,0,0,0,1877000,941800,0,0,0,0,0,0,0,0,0,0,0,0,0,0,0,0,0,0,0,0,0,0,0,0,0,0,0,0,0,0,0,0,0,0,0,0,0,0,0,0,0,0,0,0,0,0,0,591600,0,60200,0,0,0,0,0,0,0,0,0,0,195400,0,0,0,255400,0,934100,0,0,0,0,0,486000,481000,626800,530600,0,0,0,2273500,0,1416200,243900,130000,0,143800,0,4094200,0,126700,1241400,0,0,0,0,0,44200,0,0,0,0,0,0,0,0,0,0,61000,0,0,0,0,0,247300,0,0,0,0,0,0,0,0,1246800,0,348000,0,1645700,0,0,0,0,0,0,0,0,0,0,0,0,0,0,0,16400,0,0,0,0,0,0,0,88400,0,0,0,0,0,0,0,132200
SAADL,0,0,0,0,0,0,0,557400,534800,368200,0,0,0,0,0,0,0,0,0,0,0,0,0,0,0,0,0,0,0,0,0,0,0,0,19600,0,0,0,0,0,17800,180200,0,0,1707200,0,0,2500,0,2061600,0,0,1640900,37000,619800,0,913200,0,209700,0,12300,0,0,254300,0,189200,120000,0,0,28600,673400,0,0,0,0,6000,0,671000,820400,0,0,137600,0,62000,11800,0,21400,661600,0,0,0,0,0,244300,374200,0,0,0,0,77600,674400,114600,0,2780400,2965800,0,0,990000,0,0,0,1000,0,0,322600,3210800,866000,0,86200,0,0,396200,0,0,0,0,2316600,2034900,263000,0,1036200,0,0,0,0,0,618600,138800,2048800,47600,5600100,161800,3748000,0,211200,3719900,0,0,33300,0,183200,1089400,0,0,0,0,93200,0,0,0,0,0,455800,44200,0,0,0,0,0,0,0,0,3600,0,0,2000,222800,0,0,140600,1015400,0,0,0,0,0,0,0,0,0,0,0,0,0,0,0,0,0,0,0,0,0,0,19600,0,0,0,64600,0,0,0,0,0
SAADR,0,0,0,0,0,0,19000,0,565800,366000,251400,0,0,0,0,0,0,0,0,0,0,0,0,0,0,0,0,0,0,0,0,0,28000,0,106800,0,0,0,0,69800,0,0,208800,1094000,0,0,0,0,0,0,1877000,1640900,0,359800,23400,838200,112700,356000,0,9100,0,0,0,0,325600,142400,291000,0,0,225000,67500,0,0,0,0,11400,50500,958400,666500,0,0,0,85600,273000,0,0,0,486000,0,0,0,0,0,437000,0,416200,176000,26100,0,0,41400,1723000,0,2782700,3310800,0,0,5100,0,0,0,0,0,0,3323400,0,0,599000,1200,0,608600,0,0,0,0,0,2128600,2288200,0,183500,3400,972200,24400,2100,0,178000,177200,349000,0,1508600,79200,5371800,0,2512200,4738200,37600,0,0,0,24200,910600,0,0,0,0,0,0,0,0,0,0,517000,0,19600,0,0,0,0,0,0,118200,0,0,0,0,334200,0,85600,2907600,643200,137800,0,0,0,0,0,0,0,0,0,0,0,0,0,0,0,0,0,0,0,0,0,0,0,0,0,0,0,82800,0,0,0,0
SAAVL,0,0,63600,0,0,74900,0,0,1506800,0,0,0,327400,0,7200,0,0,104800,26000,12800,83400,0,93900,15700,0,0,0,0,0,0,42200,81800,112400,0,152800,0,0,55200,83600,0,0,0,0,0,140000,0,0,0,0,0,941800,37000,359800,0,1022000,0,441200,0,0,0,0,327500,62500,0,0,48600,229100,0,0,233600,62900,0,0,0,0,0,0,4996900,1645700,0,170600,6300,0,600,0,0,0,0,0,0,0,0,0,0,1323000,93300,0,0,0,0,0,356200,0,1538400,3559700,0,0,0,0,0,15600,0,0,0,648300,223000,0,0,28600,29200,568200,0,0,0,0,0,0,2663600,52000,1016800,197900,10400,51900,266800,14800,374000,28600,63000,194200,2427700,0,1147600,468500,6394600,1515600,539400,0,0,0,0,802300,381700,0,0,70800,0,0,1400,0,0,0,0,78800,0,0,0,0,0,0,0,0,0,0,0,0,3600,248800,47200,0,428200,0,0,0,0,0,0,0,0,0,0,0,0,0,0,0,0,0,0,0,0,0,79400,0,0,0,0,0,0,0,5200,0,0,0
SAAVR,0,0,0,7000,6000,1000,0,0,19700,2239500,0,125200,0,0,0,0,0,5200,41600,0,0,2600,0,0,1800,0,0,0,0,0,0,0,74400,160600,255600,0,0,62100,173100,0,0,0,0,99400,0,0,0,0,0,953400,0,619800,23400,1022000,0,0,195400,0,0,0,0,22900,169200,0,0,283600,0,0,0,111800,155000,26700,31100,0,0,0,0,1253800,4934800,0,5600,0,0,0,0,0,0,0,0,0,0,0,0,0,114200,1406400,0,0,0,0,153600,0,0,4229000,2212400,0,0,0,0,0,0,20200,0,0,125100,1158000,0,0,0,0,0,425400,0,0,0,109000,3880600,0,535200,54400,0,233800,4800,127200,149800,172400,0,18200,2640000,150200,1286200,0,7149300,543200,521200,2339800,0,0,0,0,514400,157000,0,0,0,0,0,0,0,0,0,47000,0,0,0,0,0,0,0,0,0,0,0,0,0,147500,6700,291800,0,2600,213200,0,0,0,0,0,0,0,0,0,0,0,0,0,21600,0,0,0,0,0,0,0,0,0,0,0,0,0,0,0,17400,0,0
SDQL,0,0,0,0,0,0,1694600,0,0,0,0,0,0,0,0,0,0,0,0,0,0,0,0,0,0,135200,0,0,0,0,0,0,0,0,97200,434100,256900,0,0,0,0,0,0,0,0,0,0,0,0,0,0,0,838200,0,0,0,4070200,0,0,0,0,0,0,0,0,0,0,0,0,1317000,1903800,242400,0,0,0,0,0,306400,2059500,233200,394000,0,105400,271500,657000,521600,0,0,0,0,0,0,0,0,0,0,0,0,82200,0,0,0,0,486300,320700,231000,0,171300,0,0,92300,0,0,0,320600,285400,0,19000,0,0,0,0,45000,0,0,276600,0,0,2500,0,248600,660900,245600,0,0,0,0,132300,0,0,0,0,51400,209800,0,58600,0,0,0,0,78800,0,0,0,0,0,0,0,0,125600,67000,151200,151400,168200,0,0,167200,0,0,0,305100,152200,379800,0,0,221800,0,254400,672600,0,0,0,0,0,0,0,0,0,0,0,0,0,0,0,0,0,0,0,0,0,0,0,0,0,0,0,0,0,0,0,0,0,0
SDQR,0,0,0,0,0,0,0,1584800,0,0,0,0,0,0,0,0,0,0,0,0,0,0,0,0,0,0,0,0,0,0,0,0,0,0,1060400,652700,341000,0,0,0,0,0,0,0,0,0,0,0,0,0,0,913200,112700,441200,195400,4070200,0,0,0,0,0,0,0,0,0,36700,0,0,0,6300,197200,0,171600,0,0,0,0,893800,465000,1941900,1693800,0,40400,510800,59400,0,83800,0,0,0,0,0,203200,0,166600,785600,0,0,0,145600,0,0,0,558600,971800,0,0,179200,0,0,0,0,0,0,2218600,1199400,213800,0,0,0,926100,887800,0,0,0,0,628700,264800,1322200,1225400,984100,123100,699200,244100,53800,201200,500200,497500,486800,0,0,0,212300,43200,505200,1461600,0,0,0,0,0,175700,0,0,98200,0,0,0,544800,0,131100,0,0,50600,0,0,0,16500,0,0,1540600,514800,584200,0,0,1050900,1422600,175600,222000,0,0,0,0,0,0,0,0,0,0,0,0,0,0,0,0,0,0,0,0,0,0,0,0,0,0,0,0,0,0,0,0,0,0
URBL,0,0,0,0,0,0,3800,0,126200,0,0,0,0,0,0,0,0,0,0,81000,0,0,0,0,0,0,0,0,0,0,0,0,0,0,2000,0,0,0,0,2921600,0,0,0,3264400,0,42800,0,461800,0,0,0,0,356000,0,0,0,0,0,0,40800,0,0,0,25400,0,470800,0,0,0,0,0,0,0,0,0,0,0,47500,0,504800,0,6000,192200,231300,0,0,0,0,0,0,0,0,12200,0,0,0,61900,0,0,0,0,0,0,0,0,6500,0,0,692300,0,2699600,0,352800,0,0,0,0,389800,1016600,367400,0,0,0,697400,165000,3800,0,539500,0,1558600,0,19800,37200,0,727600,18400,303200,262600,0,993400,264300,0,0,182600,0,0,243600,0,264800,0,1859400,0,278200,0,18400,73300,4800,0,0,19400,0,0,0,400,952800,0,182800,0,0,0,12300,0,0,0,0,973600,676400,68200,0,47000,0,0,0,0,0,0,0,0,0,0,0,0,0,0,0,500,0,0,0,0,0,0,0,0,0,0,0,0,0,0,0,0,0
URBR,0,0,0,20600,0,26200,0,97700,0,150200,0,12900,0,0,0,0,0,0,0,0,72400,0,500,0,0,0,0,0,0,0,0,0,0,0,337200,0,0,0,0,0,2540400,0,0,0,3134900,0,55200,0,383500,0,0,209700,0,0,0,0,0,0,0,0,18200,0,0,0,15200,0,778500,0,0,0,0,132700,0,0,4900,0,0,0,0,59400,441300,257600,384400,0,0,0,0,0,0,0,0,0,35800,19200,0,0,0,18100,0,0,0,0,0,0,0,0,0,0,0,471800,0,2516400,0,514800,0,74600,375900,0,354400,742400,0,0,0,337100,601000,0,425800,13800,1952400,79400,0,0,0,200500,210000,289600,450400,275800,847600,0,0,98800,269900,0,0,226200,0,629600,0,310300,0,1946000,0,362800,78100,800,74900,0,0,0,197500,0,18000,37800,0,1003600,0,613600,0,0,4400,0,0,0,0,581700,474200,0,10000,0,0,0,0,0,0,0,0,0,0,0,0,0,0,0,0,0,0,0,0,0,0,0,0,0,0,0,0,0,0,0,0,0,0
URXL,1317600,0,0,0,44800,0,198600,0,0,0,610000,0,0,0,0,663400,0,21400,0,100600,0,0,0,3119600,0,0,0,0,0,0,66800,0,0,93400,102200,0,0,740600,0,3081000,0,42500,0,82800,0,0,0,69900,0,0,0,0,9100,0,0,0,0,40800,0,0,0,169500,0,91500,0,987600,0,0,0,0,0,125400,16200,243100,0,40800,0,77800,0,69500,1400,39500,0,484800,0,4600,0,131600,7100,0,1017400,0,0,0,5527400,0,13800,0,70600,0,1224400,0,2239200,0,0,0,0,1799600,0,0,189200,0,0,0,0,0,0,0,0,0,0,0,0,0,0,0,0,0,0,0,0,52200,0,0,0,15400,0,0,0,14600,75400,0,0,55400,0,0,268700,0,0,0,0,0,153000,0,15000,268500,158800,164600,1011300,129700,45500,0,0,0,1815800,0,48000,0,0,0,0,0,0,0,0,369800,127400,0,0,1241000,0,0,0,0,0,0,0,0,0,0,0,0,0,0,0,0,0,0,0,0,0,0,0,0,0,0,0,0,0,0,0,0,0
URXR,0,1537200,0,0,0,72000,0,380600,0,0,0,23300,0,0,0,0,632600,0,0,0,180800,0,0,0,3455100,0,0,0,0,0,26100,14100,20200,31800,352300,0,0,0,716200,0,2045600,0,178400,0,0,0,0,0,168000,0,0,12300,0,0,0,0,0,0,18200,0,0,0,100000,0,152600,0,689800,0,0,0,0,126600,228200,0,123100,0,26200,0,0,0,0,103400,94400,78400,302200,0,69200,118000,0,0,0,888300,0,0,0,3544200,0,38400,0,16800,0,904300,1292800,0,0,0,0,1580200,0,0,0,317200,0,0,0,0,0,0,46000,2800,0,0,0,0,0,0,0,0,0,0,126900,0,0,0,104400,0,206300,89200,0,0,0,89600,59200,0,0,0,0,187000,0,0,0,0,0,115600,114200,253600,84200,1092000,163000,92800,103200,0,0,0,0,1754000,0,615600,0,0,0,0,1200,0,0,321900,628000,0,0,0,755800,0,0,0,0,0,0,0,0,0,0,0,0,0,0,0,0,0,0,0,0,0,0,0,0,0,0,0,0,0,0,0,0
URYDL,0,0,72300,0,57000,0,18100,0,0,0,0,0,122800,0,0,0,0,64000,0,42700,0,39100,0,47300,0,0,37600,0,0,0,21000,51200,129800,4600,358000,0,0,1307200,0,7900,0,0,0,111100,0,2814000,0,0,0,0,0,0,0,327500,22900,0,0,0,0,169500,0,0,0,0,0,70600,0,49000,0,10500,0,69200,126500,4300,0,135200,0,152800,86100,266400,0,399200,132100,65600,545400,0,0,495400,0,0,0,0,0,20800,0,0,1189700,0,0,0,49400,0,1474800,97100,0,0,0,0,2009200,0,0,0,0,0,0,48300,0,117800,0,0,794400,0,384600,166200,0,0,0,5600,0,1600,182500,0,0,0,800,178800,20100,205000,149600,0,0,0,0,140400,3400,0,1633800,0,0,0,0,0,50200,0,40800,49900,2000,321600,0,9800,92600,30400,11000,51600,426100,0,0,0,0,0,0,0,0,4200,0,276600,0,8100,171800,0,0,0,0,0,0,0,0,0,0,0,0,0,0,0,0,0,0,0,0,0,0,0,0,0,0,0,0,0,0,0,0,0,0
URYDR,0,0,0,76400,0,0,0,0,0,0,0,46200,81200,0,0,0,77600,0,60200,0,68100,0,102700,0,89600,0,0,0,0,0,49600,56600,0,90400,263000,0,0,0,1271000,0,352100,0,0,0,62000,0,3054100,0,0,0,0,0,0,62500,169200,0,0,0,0,0,100000,0,0,0,0,0,341600,0,0,105400,0,14800,0,0,44200,0,66800,36200,353600,57800,269000,99200,409400,699700,425100,0,76000,583000,0,0,0,0,2500,102600,0,0,0,1000300,0,39800,0,199600,2131800,0,0,0,0,0,0,2008100,0,0,0,0,70900,48600,168200,0,0,0,0,1129800,211600,0,40400,0,0,0,0,0,0,84400,0,0,137700,0,0,0,0,0,0,0,442400,0,0,0,0,2027800,0,0,0,0,0,100400,103600,0,0,0,108800,94200,110200,0,57500,96000,0,434300,0,0,0,0,247600,101700,86000,0,6400,0,0,0,213800,0,0,0,0,0,0,0,0,0,0,0,0,0,0,0,0,0,0,0,0,0,0,0,0,0,0,0,0,0,0,0,0,0,0
URYVL,150600,0,44000,0,0,0,0,0,0,0,0,0,0,0,0,0,0,0,0,0,0,0,0,34800,0,0,0,0,0,0,0,0,0,114800,0,0,0,0,0,17600,0,1072700,0,419200,0,0,0,1181200,0,0,0,254300,0,0,0,0,0,25400,0,91500,0,0,0,0,0,96800,0,0,0,0,0,0,0,0,0,0,0,170300,249400,524400,111400,0,198400,0,1409600,0,0,951100,0,0,0,0,0,365500,3800,0,1358600,0,0,0,434600,0,1729000,74800,0,0,0,144800,0,0,0,0,1120600,0,0,0,1520400,0,58400,0,0,202600,0,10500,0,219600,0,0,0,0,104200,0,2800,0,90900,0,109400,228000,154000,0,9800,0,0,0,0,231400,0,0,1186000,0,0,0,110100,0,0,0,0,0,38100,0,143300,380400,2800,255300,0,0,569300,0,0,0,0,0,0,0,0,65200,87200,175600,612200,0,0,0,0,0,0,0,0,0,0,0,0,0,0,0,0,0,0,0,0,0,0,0,0,0,0,0,0,0,0,0,0,0,0
URYVR,0,68500,0,0,0,0,0,0,0,0,1600,0,0,0,0,0,0,0,0,0,0,0,0,0,118300,0,0,0,0,0,0,0,0,0,42200,0,0,0,0,0,232400,0,847600,0,509900,0,0,0,1896800,0,0,0,325600,0,0,0,0,0,15200,0,152600,0,0,0,0,0,188000,0,0,0,0,160000,0,0,0,0,0,204200,80100,58000,482400,275200,0,639600,0,0,0,452800,0,0,0,0,0,522500,0,184600,0,1498400,0,0,0,456200,1352000,0,0,0,0,74400,0,0,0,0,0,1979800,3000,0,0,2210400,0,4000,329600,0,0,0,43400,58800,184200,194200,0,0,0,155900,0,0,0,124400,154100,41000,0,133600,0,0,0,0,144200,0,0,0,0,642500,0,0,0,124300,0,0,0,105000,0,79800,0,17400,248300,310500,0,0,0,533400,0,0,0,0,0,0,0,155500,0,0,340600,0,0,0,0,0,0,0,0,0,0,0,0,0,0,0,0,0,0,0,0,0,0,0,0,0,0,0,0,0,0,0,0,0,0
ADAL,655200,0,615000,0,0,0,1244400,0,0,0,67200,24600,0,0,0,2321900,0,0,0,0,0,343100,0,0,0,0,79800,0,589600,0,0,0,0,0,1286200,80400,0,259600,0,129000,0,103600,0,83200,0,0,0,125600,0,19200,0,189200,142400,48600,283600,0,36700,470800,0,987600,0,70600,0,96800,0,0,121100,1354200,0,542000,40800,0,0,14400,0,0,0,1964800,1746500,1734000,868000,357600,690600,71100,0,107600,0,0,0,0,37200,0,44400,0,319600,0,0,0,1439300,0,0,0,0,3336200,178000,455800,0,0,0,0,9600,0,80000,0,113800,149300,0,7600,0,0,0,0,0,0,0,0,17800,0,3000,0,17500,79800,247000,0,613600,18600,803600,57500,764300,0,127200,0,172000,16800,0,629800,79900,0,400,0,1435600,24800,7000,0,2200,302300,383800,0,445400,0,468800,0,0,0,20600,0,111200,0,0,0,0,0,0,74400,0,2058800,1580000,19800,0,503800,0,0,0,0,0,0,0,0,0,0,0,0,0,0,0,0,0,0,0,0,0,0,0,0,0,0,0,0,0,0,0,0,0
ADAR,0,304400,0,837600,0,0,0,756000,0,0,380000,0,27600,0,0,0,2448800,0,0,0,0,0,147200,0,0,35000,0,6000,0,682000,65200,87600,0,0,1569900,276600,273400,0,231600,0,115800,0,128700,0,62300,0,43400,0,261800,0,0,120000,291000,229100,0,0,0,0,778500,0,689800,0,341600,0,188000,121100,0,0,1622200,0,619400,0,0,0,0,0,220400,1479600,1933800,1117400,2275000,381800,279000,0,148100,0,215800,0,0,73600,0,948200,390700,0,0,371700,0,0,0,1585000,0,0,0,0,3032700,0,358200,0,0,0,0,0,0,23000,116400,95200,10800,0,0,0,0,0,0,0,0,0,0,91100,0,0,220200,0,0,556000,59000,564800,131600,450600,231200,426000,0,173000,132600,9000,481500,0,0,0,0,53500,0,1288900,0,0,0,136400,0,790600,0,884500,41400,6800,0,0,0,434200,0,0,0,0,133600,0,0,0,258600,1762000,1263400,0,0,0,559000,0,0,0,0,0,0,0,0,0,0,0,0,0,0,0,0,0,0,0,0,0,0,0,0,0,0,0,0,0,0,0,0
AIAL,674100,0,717200,0,448000,0,0,0,0,0,0,2074200,430100,1802000,0,1809400,0,917000,76400,333000,0,3629800,7600,0,0,0,1085900,93100,425800,5100,3374800,1021000,0,19200,0,0,0,0,0,0,0,0,0,0,0,89600,0,0,0,0,0,0,0,0,0,0,0,0,0,0,0,49000,0,0,0,1354200,0,0,464600,5923500,2600,48200,160500,667300,0,1493700,0,0,0,0,36200,0,409300,0,0,717000,0,0,0,0,0,0,0,0,0,0,0,0,1680100,0,0,0,427600,0,0,1085600,0,89600,0,0,0,0,0,0,0,0,0,0,0,0,0,0,0,0,0,0,0,0,0,0,0,0,0,0,0,0,0,0,0,0,398300,0,0,0,0,0,0,0,0,0,0,0,5289700,0,442300,78000,83900,0,8500,0,0,0,0,0,0,0,0,0,0,0,0,6200,0,820100,0,0,0,465000,13300,164000,0,0,0,0,0,0,0,0,0,0,0,0,0,0,0,0,0,0,0,0,0,0,0,0,0,0,0,0,0,0,0,0,0
AIAR,0,430800,54000,900600,0,95800,0,0,0,0,0,405200,1260400,0,1310800,0,1772200,0,893800,0,437600,1600,3786600,0,0,0,7400,1470900,29200,725200,1659800,2899800,0,0,0,10900,0,0,0,0,0,0,0,0,0,0,41600,0,0,0,0,0,0,0,0,0,0,0,0,0,0,0,0,0,0,0,1622200,464600,0,0,6612300,384800,0,0,878400,0,1825200,0,0,0,0,856300,0,0,0,0,450200,0,0,0,0,0,0,0,0,0,0,0,0,1650800,0,0,0,0,19400,0,1325200,210200,0,0,0,0,0,0,0,0,0,0,0,0,0,0,0,0,0,0,0,0,0,0,0,0,0,1300,0,0,0,0,0,0,0,438400,0,0,0,0,0,0,0,0,0,0,0,4150500,685400,51000,0,0,0,66600,4700,0,0,0,0,0,0,0,0,0,0,23400,1600,0,1249200,0,102800,0,228600,0,0,0,0,0,0,0,0,0,0,0,0,0,0,0,0,0,0,0,0,0,0,0,0,0,0,0,0,0,0,0,0,0,0
AIBL,0,98500,1768600,0,1625200,0,0,0,0,0,117600,5035600,605700,241200,0,1125400,0,528200,0,0,0,675500,0,246500,198100,0,536300,0,292200,92800,3823000,1144200,213200,21200,514400,0,74000,0,0,0,0,0,0,0,0,0,0,0,0,0,0,28600,225000,233600,111800,1317000,6300,0,0,0,0,10500,105400,0,0,542000,0,5923500,0,0,882400,0,215800,796400,0,833400,2409300,1303400,87000,1802200,0,28800,772800,1050000,752800,37900,0,1691600,0,0,0,643000,0,819400,0,103400,0,532800,110600,66000,174900,2115800,0,312000,4793200,357700,0,336800,0,0,0,0,0,0,1079600,0,0,0,0,0,0,0,235600,0,0,358400,210800,1574400,0,146400,0,700000,0,33100,442800,65400,43200,103200,0,117200,0,0,0,1762500,0,1233700,0,0,0,0,0,0,592800,0,0,0,0,0,0,3000,0,2572600,1415500,331700,0,0,0,0,0,0,0,0,0,0,0,0,0,0,886800,0,241000,0,0,0,0,0,0,0,0,0,0,0,0,0,0,0,0,0,0,0,0,0,0,0,0,0,0,0,0,0,0,0,0
AIBR,0,234800,60400,1938100,0,920000,0,0,0,0,198100,554000,7021000,0,174200,0,1234700,0,51600,0,0,0,1231000,153400,159000,0,0,185600,161800,284800,499400,4199400,0,542800,1363600,364200,415100,0,0,0,0,17500,0,0,0,0,0,0,0,0,0,673400,67500,62900,155000,1903800,197200,0,0,0,0,0,0,0,0,40800,619400,2600,6612300,882400,0,818200,105300,0,907300,1892800,377600,117600,2225000,0,2255800,1006000,242800,694400,1083200,0,0,2188900,0,0,382400,24900,0,1279600,0,0,1230200,0,0,335000,1985300,86300,52300,3739500,192800,0,97800,223900,0,0,0,0,13100,0,0,586000,0,0,0,0,13600,0,124000,0,0,513200,1762200,168800,361000,0,1575400,0,0,0,102000,257700,138400,71600,356000,0,0,0,1419600,0,942600,4800,0,0,39200,0,0,0,0,814700,0,0,0,0,0,14800,72400,1728000,1645000,286800,0,0,0,0,0,0,0,0,0,0,0,293300,22600,175800,141400,131600,0,0,0,0,0,0,0,0,0,0,0,0,0,0,0,0,0,0,0,0,0,0,0,0,0,0,0,0,0,0,0,0,0
AINL,0,31300,79400,0,1081000,5261300,422200,0,28600,0,0,2755600,477100,0,247400,0,0,199600,606600,18200,0,4200,0,341000,2863500,0,7200,12800,0,12600,2243800,328400,1373400,3600,0,0,0,108200,44700,0,75600,0,0,0,135000,159400,62900,0,0,0,0,0,0,0,26700,242400,0,0,132700,125400,126600,69200,14800,0,160000,0,0,48200,384800,0,818200,0,738600,0,136800,0,39200,0,264200,0,0,0,0,0,0,0,0,0,0,0,0,0,0,0,0,166200,31500,2008600,0,0,0,0,0,0,379600,0,0,0,67300,92500,0,91400,0,0,0,93800,0,0,0,0,0,0,0,0,0,0,0,880100,0,0,0,260500,0,0,0,481000,0,0,0,0,0,0,0,37700,0,0,9300,0,0,0,79800,0,0,0,303400,0,0,625400,0,274000,0,0,0,0,0,39200,0,63800,0,0,0,0,0,0,0,0,0,2361700,0,0,0,0,0,0,0,0,0,0,0,0,0,0,0,0,0,0,0,0,0,0,0,0,0,0,0,0,0,0,0,0,0,0,0
AINR,0,0,0,0,6054200,1386000,0,206200,0,0,0,201400,2263800,63600,0,0,0,135100,108300,0,0,0,0,3466600,788600,0,0,0,0,0,0,220800,8900,1082000,0,0,0,53200,42400,178200,0,0,0,61000,0,110800,67800,542200,0,0,0,0,0,0,31100,0,171600,0,0,16200,228200,126500,0,0,0,0,0,160500,0,215800,105300,738600,0,118900,301200,166000,0,14600,0,0,0,0,539400,0,0,0,0,0,0,0,0,0,0,0,139200,0,1022400,440000,0,0,33100,0,322000,127800,0,0,0,0,114400,72300,12000,0,0,0,108700,90000,0,0,0,0,0,0,0,0,0,0,441600,0,0,0,220400,0,0,0,385100,0,0,0,0,0,0,0,117800,0,101000,0,0,0,0,0,0,0,0,0,0,0,0,0,581200,0,1019800,0,0,0,0,73200,118100,0,0,0,0,0,0,0,0,0,0,3241400,0,0,0,0,0,0,0,0,0,0,0,0,0,0,0,0,0,0,0,0,0,0,0,0,0,0,0,0,0,0,0,0,0,0,0
AIYL,854200,0,0,0,8075000,330300,0,0,0,0,613300,3100600,4324800,12200,0,97400,0,0,0,0,0,0,0,2659300,0,15400,1272800,0,509500,33300,1402100,1921700,83200,1031600,1338400,0,0,0,0,722200,0,0,0,0,0,0,0,0,0,0,0,0,0,0,0,0,0,0,0,243100,0,4300,0,0,0,14400,0,667300,0,796400,0,0,118900,0,1661800,5394100,376000,0,0,267200,313800,0,0,0,236200,0,0,0,0,0,2000,0,0,0,2203300,487000,3767400,0,157900,0,196100,227600,1373800,325600,0,0,0,1469200,0,0,0,0,0,0,0,0,0,0,0,0,0,0,0,0,0,0,0,0,0,0,0,0,356000,0,229600,0,0,0,1000,0,476200,2300,0,0,0,0,0,0,0,0,0,0,405700,0,0,0,19500,0,84900,0,656200,95400,0,0,0,0,0,0,0,0,0,0,0,0,0,0,0,28400,92200,0,0,0,0,0,0,0,0,0,0,0,0,0,0,0,0,0,0,0,0,0,0,0,0,0,0,0,0,0,0,0,0,0,0
AIYR,0,648700,0,8700,6300,7564000,0,0,0,0,175800,1847200,3694800,0,76000,0,40600,0,52200,0,0,0,0,0,3114000,240000,0,1351000,2000,350600,2644800,1716100,950800,46700,1152500,73600,178900,0,22400,0,994500,0,0,0,0,0,0,0,0,0,0,0,0,0,0,0,0,0,4900,0,123100,0,44200,0,0,0,0,0,878400,0,907300,136800,301200,1661800,0,64000,3709800,0,0,203600,130800,131300,0,151400,0,0,0,0,135400,50000,0,5800,0,0,0,2067200,0,3507000,0,371000,0,98200,2394900,55600,258400,0,0,1597300,0,0,0,58200,0,0,0,34300,0,0,0,0,0,0,0,0,0,0,0,35700,0,0,0,0,0,290300,21000,299600,0,0,0,0,0,352600,0,0,0,0,0,0,0,0,0,0,0,345400,0,0,0,900,0,782400,55400,0,145200,0,0,0,0,77800,0,0,0,0,0,0,105800,0,0,0,572000,0,0,0,0,0,0,0,0,0,0,0,0,0,0,0,0,0,0,0,0,0,0,0,0,0,0,0,0,0,0,0,0,0,0
AIZL,4327600,58200,0,0,1388600,0,0,0,0,0,0,604400,1006500,295500,0,791000,4800,0,0,0,0,0,0,706600,14300,0,1773400,0,1429900,37400,511200,508000,1300,290600,2917400,0,0,16800,0,246600,0,0,0,0,0,0,0,0,0,0,0,6000,11400,0,0,0,0,0,0,40800,0,135200,0,0,0,0,0,1493700,0,833400,1892800,0,166000,5394100,64000,36100,1145900,0,158400,671400,0,17400,25300,1770000,1410200,0,0,181000,0,0,0,109000,0,0,5714800,912800,2647800,0,0,66300,2609100,56400,1757300,3787900,0,0,0,1844600,0,0,0,0,0,0,0,0,0,0,0,0,0,0,0,0,0,0,13400,0,0,0,327200,0,600,0,158000,139200,0,63800,4056700,37700,4721800,305400,0,0,25400,0,0,0,0,0,0,0,661700,0,0,0,63900,0,102800,43200,23600,0,170400,0,0,0,0,0,0,0,0,0,0,0,0,456800,0,394800,0,0,0,0,0,0,0,0,0,0,0,0,0,0,0,0,0,0,0,0,0,0,0,0,0,0,0,0,0,0,0,0,0,0,0
AIZR,0,3426200,0,0,0,1257900,0,0,0,0,0,633300,1168200,0,262200,54200,498000,0,152200,0,0,0,0,0,423000,0,0,2036100,10300,1901000,865600,1183400,69600,0,2703400,46500,45000,0,0,0,215100,0,0,0,0,0,0,0,0,0,0,0,50500,0,0,0,0,0,0,0,26200,0,66800,0,0,0,220400,0,1825200,2409300,377600,39200,0,376000,3709800,1145900,0,0,0,14000,708000,13700,87000,1797400,2583300,0,0,309400,1800,0,0,157000,0,0,0,5353000,0,2167600,19800,226900,378100,3098400,3458400,5500,3467700,0,11400,1612300,0,0,0,0,0,0,0,0,0,0,0,0,0,0,0,0,0,0,15700,0,0,0,0,461800,0,0,122200,269400,119100,3400,407600,2785600,94100,5332800,0,0,23500,0,0,0,0,0,0,0,0,688800,0,0,0,55000,0,239400,0,710600,78900,0,0,0,0,0,0,0,0,0,0,0,0,2500,308200,0,0,0,0,0,0,0,0,0,0,0,0,0,0,0,0,0,0,0,0,0,0,0,0,0,0,0,0,0,0,0,0,0,0,0,0
AVAL,29000,0,472500,0,0,0,0,0,0,140600,2591800,0,82800,0,0,2765100,0,503600,0,1400,0,0,0,1075300,0,0,0,0,1800,0,13400,454100,261800,1568200,1153300,1465400,1662800,416600,25500,1800,0,0,151000,0,14000,0,0,3200,0,0,0,671000,958400,4996900,1253800,306400,893800,47500,0,77800,0,152800,36200,170300,204200,1964800,1479600,0,0,1303400,117600,0,14600,0,0,0,0,0,1049800,2728800,743200,1030600,720600,714000,800,97500,0,2067200,957400,398600,321200,1146500,0,9800,1595200,818700,212000,0,88100,0,0,119200,0,1372500,2478000,29100,0,659300,0,0,12400,0,0,0,459600,91400,0,0,156000,0,138400,0,0,0,0,0,0,1431300,1116400,99400,47200,908000,287200,0,373200,228600,0,184400,60200,1077000,189400,0,270200,1667700,1351600,376600,0,0,0,0,83000,537400,2132800,0,178500,182800,400600,727600,411900,26700,1296400,860100,1200,0,0,0,0,0,0,0,0,0,0,10600,0,1017800,1329400,611200,133600,0,0,0,0,0,0,0,0,0,0,0,0,0,0,0,0,0,0,0,0,0,0,0,0,0,0,0,0,0,0,0,0,0,0
AVAR,0,14300,0,527400,0,9600,0,0,369200,0,2177600,0,0,0,0,0,2532600,0,15600,0,0,0,0,0,2471800,0,0,10000,0,18400,0,0,2200000,295300,1390000,790600,887000,0,233600,0,0,5800,0,0,0,0,125800,0,0,0,0,820400,666500,1645700,4934800,2059500,465000,0,0,0,0,86100,353600,249400,80100,1746500,1933800,0,0,87000,2225000,264200,0,0,0,158400,0,1049800,0,1329400,2089400,523400,750100,0,322000,96400,0,1220400,0,1580600,979900,1107300,0,0,461900,1969800,138000,619400,0,32600,356600,0,1000,3860600,1077500,0,50000,608200,0,0,0,0,25100,0,300600,682400,0,0,40600,0,0,312200,0,0,0,0,467200,0,220200,42200,861400,0,157400,425600,4900,207200,13800,38800,402100,109700,0,15400,1828000,453200,603600,2785100,0,0,15900,0,1908000,691400,0,1885100,19200,0,522000,1049300,633800,1221200,0,536200,1387200,0,0,5800,0,0,0,0,0,0,0,53400,0,1211600,1754800,0,0,0,185600,0,0,0,0,0,0,0,0,0,0,0,0,0,0,0,0,0,0,0,0,0,0,0,0,0,0,0,0,0,0,0,0
AVBL,690200,0,0,0,0,0,369700,453400,0,0,1599600,0,0,158800,0,1228000,0,0,0,0,0,0,0,0,0,1609500,109700,0,0,0,0,0,250700,0,1111200,884300,499400,53000,147500,0,0,0,165700,0,0,0,8200,53800,0,0,0,0,0,0,0,233200,1941900,504800,59400,69500,0,266400,57800,524400,58000,1734000,1117400,0,0,1802200,0,0,0,267200,203600,671400,14000,2728800,1329400,0,1467500,1463400,1182000,1750600,211100,91400,0,559600,3575000,3889200,1297500,1867200,2559700,0,0,0,288000,556600,2208600,98000,0,694000,384300,1617200,900600,1250400,150800,0,0,0,0,0,0,16500,25500,518900,0,0,0,0,0,67400,0,0,0,0,0,55400,0,409200,0,390600,0,186000,139200,465000,1831200,431800,146600,24800,68600,32600,4600,0,0,0,16100,91200,38200,0,0,0,183800,354400,0,0,0,1153800,1168400,915100,3698800,1394200,30700,0,0,45800,338700,514200,0,0,460400,69000,92300,0,0,1948600,2870800,113000,396400,207500,672100,0,0,0,0,0,0,0,0,0,0,0,0,0,0,0,0,0,0,0,0,0,0,0,0,0,0,0,0,0,0,0,0
AVBR,0,410200,0,0,0,0,0,1031700,0,0,1760400,0,0,0,0,0,1502400,0,0,0,0,0,0,0,190400,1841600,0,217400,0,0,0,0,379200,827000,1245100,343600,105800,10000,0,0,0,165200,0,0,0,0,17000,0,151200,0,0,0,0,170600,5600,394000,1693800,0,441300,1400,0,0,269000,111400,482400,868000,2275000,36200,0,0,2255800,0,0,313800,130800,0,708000,743200,2089400,1467500,0,1015600,615600,202200,1754700,0,448400,113200,2491800,3643000,2628200,1491200,1537000,0,0,0,529200,234000,18800,2329600,1517800,0,393200,2258100,1888800,0,1316300,0,0,0,0,0,0,68400,216800,283200,0,0,0,0,0,0,0,0,0,0,122000,0,24400,43600,2400,0,40100,0,414800,185100,347800,722200,0,0,160000,46400,9800,0,93600,0,1200,0,0,13800,0,0,548500,116200,0,0,0,1662800,1529000,4032700,631900,0,739700,0,0,74000,0,413100,0,0,514100,30500,203700,0,0,2694000,3690800,2012400,837000,730000,179200,0,0,0,0,0,0,0,0,0,0,0,0,0,0,0,0,0,0,0,0,0,0,0,0,0,0,0,0,0,0,0,0
AVDL,75800,26400,0,1158600,0,0,1194600,380600,0,0,449400,0,15000,0,0,625400,1787000,0,0,145800,0,0,28700,22700,326500,2251000,0,10000,21000,0,0,0,1033200,292300,1223700,620800,467800,398800,296100,0,20700,0,310700,9000,50400,0,143500,0,310700,0,0,137600,0,6300,0,0,0,6000,257600,39500,103400,399200,99200,0,275200,357600,381800,0,856300,28800,1006000,0,0,0,131300,17400,13700,1030600,523400,1463400,1015600,0,151500,0,577400,54800,0,0,32200,1861900,12800,619800,1040900,0,0,0,73400,257600,0,0,0,476200,90600,79000,329600,600,23000,0,0,74500,0,0,0,0,87700,73500,0,0,0,0,0,0,0,0,0,0,0,0,0,0,0,118900,0,0,137900,543000,255200,0,0,224400,0,380000,0,8400,0,0,67800,0,0,0,24400,0,186200,499100,0,89400,0,666000,37700,3292800,135200,17400,0,0,9800,0,0,0,0,0,22100,0,0,0,0,304000,465600,1435700,0,0,198900,0,0,0,0,0,0,0,0,0,0,0,0,0,0,0,0,0,0,0,0,0,0,0,0,0,0,0,0,0,0,0,0
AVDR,3800,29400,1017600,43500,0,0,651000,1152600,33000,0,4100,0,0,0,0,1497000,661600,0,0,0,137300,0,16700,226400,77200,1761200,0,0,69000,0,0,0,92800,989600,1547800,0,0,338700,258600,1000,0,297600,0,0,166000,200800,39200,96700,0,0,0,0,85600,0,0,105400,40400,192200,384400,0,94400,132100,409400,198400,0,690600,279000,409300,0,772800,242800,0,539400,0,0,25300,87000,720600,750100,1182000,615600,151500,0,842200,0,206300,0,0,1268800,119300,302500,123000,0,0,0,0,255400,0,380100,0,407200,129600,0,264600,128600,40000,148100,0,73000,0,0,0,0,0,0,76400,0,0,0,0,0,0,0,0,0,0,0,0,0,0,165800,0,36600,0,289000,94700,57200,1703300,138400,0,2100,0,2200,0,0,0,0,0,0,0,0,647800,292800,200700,56600,334600,317600,6200,1229300,129200,3108200,0,0,0,0,70000,91400,0,0,0,133800,7600,99400,334600,0,41200,628400,3026600,0,181400,0,0,0,0,0,0,0,0,0,0,0,0,0,0,0,0,0,0,0,0,0,0,0,0,0,0,0,0,0,0,0,0,0
AVEL,0,0,0,0,0,0,203200,0,35900,0,0,0,0,0,0,94400,0,0,0,0,0,0,0,705400,0,0,0,0,0,0,0,0,27400,1937000,3521200,931000,620900,18900,0,0,0,0,0,0,2839800,0,346600,0,10000,0,0,62000,273000,600,0,271500,510800,231300,0,484800,78400,65600,699700,0,639600,71100,0,0,0,1050000,694400,0,0,0,151400,1770000,1797400,714000,0,1750600,202200,0,842200,0,88800,0,0,0,260800,299800,0,0,0,0,0,260200,647200,2708000,49500,0,536000,387200,49200,584200,1485700,0,0,1050800,0,0,329700,127000,0,62400,154600,0,25400,486900,581400,623800,157800,494500,127700,0,104000,34400,65000,207100,33600,0,5100,584900,0,1598600,0,0,0,36200,0,22400,219300,151800,725500,206400,1089400,0,0,0,0,0,0,0,453000,192200,424800,0,37100,283600,0,0,192500,2705400,625200,115800,0,684000,0,660200,0,0,0,0,0,0,0,3300,21000,107400,1980600,531300,0,0,0,0,0,0,0,0,0,0,0,0,0,0,0,0,0,0,0,0,0,0,0,0,0,0,0,0,0,0,0,0,0
AVER,0,77500,0,17800,0,0,0,89900,0,0,0,0,0,0,0,0,30200,0,0,0,107800,0,0,0,1246800,0,0,0,0,0,0,0,1849200,0,2825400,145900,647200,0,0,0,64100,0,0,3952800,0,242300,0,357800,0,0,0,11800,0,0,0,657000,59400,0,0,0,302200,545400,425100,1409600,0,0,148100,0,0,752800,1083200,0,0,236200,0,1410200,2583300,800,322000,211100,1754700,577400,0,88800,0,0,93100,158600,618800,181900,705300,0,0,0,0,0,3450200,439700,0,116800,877300,718700,79100,512400,1398200,0,0,653400,0,0,187600,422600,0,0,0,166200,591200,0,0,396400,488000,208900,30400,170000,0,331000,0,48600,0,63800,234800,0,1376100,13600,26200,0,281600,16000,300200,600,6600,456400,0,924200,0,1154900,0,0,0,0,0,174400,14600,234100,153800,0,9400,0,79100,100000,0,179400,2309000,43200,832200,0,1189500,81500,0,0,0,8000,0,0,0,0,92500,0,1570000,0,582600,0,0,0,0,0,0,0,0,0,0,0,0,0,0,0,0,0,0,0,0,0,0,0,0,0,0,0,0,0,0,0,0
BDUL,0,0,0,0,0,0,651400,0,0,0,0,0,0,0,0,1784700,84000,0,0,14900,0,142200,16300,0,0,120200,135800,74800,0,0,0,0,0,0,389100,0,0,77000,0,0,0,0,0,0,0,0,0,0,0,0,0,0,0,0,0,521600,0,0,0,4600,0,0,0,0,0,107600,0,717000,0,37900,0,0,0,0,0,0,0,97500,96400,91400,0,54800,206300,0,0,0,410200,0,0,0,0,0,0,0,0,0,0,0,2717000,103500,0,0,0,93800,0,1535200,58000,0,17500,0,23800,0,0,0,0,0,0,0,0,0,0,0,0,0,0,0,0,0,0,0,0,0,200,0,0,0,0,0,0,0,0,0,0,0,0,0,87200,0,0,0,6600,0,7000,0,0,1588000,2360000,264400,63000,276800,1728000,0,0,0,50000,0,127200,0,0,0,273400,3461400,2590400,1009200,97300,0,0,0,0,482900,0,0,0,0,0,0,0,0,0,0,0,0,0,0,0,0,0,0,0,0,0,0,0,0,0,0,0,0,0,0,0,0,0
BDUR,0,0,0,0,0,0,0,1003100,0,0,0,0,0,0,0,0,1135300,0,0,0,0,0,73500,0,0,119800,0,145700,0,0,0,0,0,0,0,67600,0,0,59600,0,0,0,0,0,0,0,0,0,0,0,0,21400,0,0,0,0,83800,0,0,0,69200,0,76000,0,0,0,215800,0,450200,0,0,0,0,0,0,0,0,0,0,0,448400,0,0,0,93100,410200,0,0,0,0,0,0,46600,0,0,0,0,0,0,3665400,0,0,0,0,215100,0,2055600,0,0,58400,0,66100,0,0,0,0,0,0,0,0,0,0,0,0,0,0,0,0,0,0,0,0,0,0,0,0,23000,0,0,0,0,0,0,0,0,0,0,51800,0,0,0,60900,0,164000,0,647200,209400,0,143700,993000,254600,0,0,0,0,49300,0,147600,0,0,190500,2964500,4321800,0,2160800,0,0,0,0,0,1399400,0,0,0,0,0,0,0,0,0,0,0,0,0,0,0,0,0,0,0,0,0,0,0,0,0,0,0,0,0,0,0,0
DVC,0,0,0,0,0,0,0,0,0,0,933800,0,0,0,0,0,0,0,0,0,0,0,0,19300,0,0,0,0,0,0,0,0,657000,169800,4000,0,4900,476000,470200,401400,581500,1417200,1051800,0,278200,106800,118000,226000,208300,0,0,661600,486000,0,0,0,0,0,0,131600,118000,495400,583000,951100,452800,0,0,0,0,1691600,2188900,0,0,0,0,181000,309400,2067200,1220400,559600,113200,0,0,0,158600,0,0,0,0,0,0,0,0,7310000,250000,213400,2949600,2536700,0,0,2240200,3307000,2084000,551400,1200,0,0,820300,0,8000,0,0,111400,31600,139100,579200,0,0,5400,0,0,0,260200,330200,170200,1263300,595800,440900,0,0,0,0,0,0,0,0,0,0,0,0,0,20600,0,1200,0,0,0,0,109000,347600,264100,0,0,0,0,0,0,206600,0,0,0,4542400,2846000,1491400,0,0,109600,108800,0,0,0,0,0,0,0,6000,0,357400,0,0,0,0,0,0,0,0,0,0,0,0,0,0,0,0,0,0,0,0,0,0,0,0,0,0,0,0,0,0,0,0,0,0,0
PVCL,0,0,0,0,0,0,555400,0,0,0,2045800,0,0,0,0,0,0,0,0,0,0,0,0,0,0,3055900,0,0,0,0,0,0,0,11200,278600,417200,1310100,20200,0,0,0,122600,0,0,0,0,0,5600,0,0,0,0,0,0,0,0,0,0,0,7100,0,0,0,0,0,0,0,0,0,0,0,0,0,0,135400,0,1800,957400,0,3575000,2491800,32200,1268800,260800,618800,0,0,0,0,500400,1745100,0,9700,0,0,0,0,0,0,28300,4400,0,0,0,0,0,0,1500,0,0,0,0,0,0,0,0,0,0,0,0,0,0,0,0,0,0,0,0,0,0,0,0,0,0,0,0,139800,11100,171600,172000,0,153200,0,0,0,0,0,0,0,0,0,0,0,86400,0,0,0,186600,1622600,585900,1823000,0,0,0,0,0,0,0,0,0,90900,0,29100,0,0,0,506200,1853500,322900,0,72800,0,0,0,0,0,0,0,0,0,0,0,0,0,0,0,0,0,0,0,0,0,0,0,0,0,0,0,0,0,0,0,0
PVCR,0,0,0,0,0,0,0,510800,0,0,3034900,0,0,0,0,0,0,0,0,0,0,0,0,0,0,1987600,0,0,0,0,0,0,0,0,302600,370800,826200,0,0,0,0,0,100000,0,0,0,0,0,0,0,0,0,0,0,0,0,0,0,0,0,0,0,0,0,0,0,73600,0,0,0,0,0,0,0,50000,0,0,398600,1580600,3889200,3643000,1861900,119300,299800,181900,0,0,0,500400,0,0,1237300,5000,0,0,0,0,0,0,157500,0,0,0,0,0,0,15600,0,0,0,0,0,0,0,0,26400,0,0,0,0,0,38800,0,0,0,0,0,0,0,0,0,0,0,50600,29300,333500,466200,282400,0,0,0,0,0,0,0,0,0,0,0,0,0,0,0,0,0,0,0,961400,0,1627200,0,0,0,0,0,0,0,23800,0,0,0,0,0,0,0,139000,543200,0,0,0,76600,0,0,0,0,0,0,0,0,0,0,0,0,0,0,0,0,0,0,0,0,0,0,0,0,0,0,0,0,0,0,0,0
PVPL,19200,0,0,0,0,0,0,0,0,0,3680400,0,0,0,0,0,0,0,0,0,0,0,0,0,0,83400,0,0,0,0,0,0,0,0,2528300,0,0,0,0,0,0,188600,0,0,0,0,0,0,0,0,0,0,0,0,0,0,0,0,0,1017400,0,0,0,0,0,37200,0,0,0,0,382400,0,0,2000,0,0,0,321200,979900,1297500,2628200,12800,302500,0,705300,0,0,0,1745100,0,0,430400,0,0,15400,0,0,0,1821600,19800,1447000,0,0,28200,0,17200,0,1060600,0,0,0,0,0,0,0,0,0,0,0,0,0,0,0,0,0,0,0,0,0,0,5800,0,158200,0,0,0,0,0,0,0,200,0,0,0,0,0,0,0,5200,0,0,187400,30100,0,0,0,132800,0,3968800,0,246200,55200,917800,0,0,0,0,0,0,0,0,0,0,0,0,24800,688200,501700,0,0,0,0,0,0,0,0,0,0,0,0,0,0,0,0,0,0,0,0,0,0,0,0,0,0,0,0,0,0,0,0,0,0,0
PVPR,0,25400,0,0,0,0,0,1700,0,0,4146800,0,0,0,0,0,0,0,0,0,0,0,0,0,29600,132400,0,0,0,0,0,0,0,0,3615800,30100,0,0,0,0,0,0,25800,0,0,0,0,0,0,0,0,0,0,0,0,0,0,0,0,0,888300,0,0,0,0,0,948200,0,0,643000,24900,0,0,0,5800,109000,157000,1146500,1107300,1867200,1491200,619800,123000,0,0,0,0,0,0,1237300,430400,0,41300,31800,0,0,0,0,600,1672200,0,1100800,0,0,47100,0,17200,1411300,0,0,0,0,0,0,0,0,0,0,0,0,0,0,0,0,0,0,0,0,0,0,0,106800,0,0,0,0,13700,0,0,0,0,15500,0,0,200,0,0,0,0,0,0,27100,0,93000,0,0,0,3710800,50900,190600,0,181600,0,0,0,0,0,0,0,0,0,0,0,0,0,0,3800,0,0,0,0,0,0,0,0,0,0,0,0,0,0,0,0,0,0,0,0,0,0,0,0,0,0,0,0,0,0,0,0,0,0,0,0
PVR,0,0,0,0,0,0,910500,1348000,0,0,47600,0,0,0,0,0,0,0,0,0,0,0,0,0,0,2792300,0,0,0,0,0,0,0,0,674000,108200,248200,51000,0,0,0,0,0,0,0,0,212800,77600,0,0,0,0,0,0,0,0,203200,12200,35800,0,0,0,2500,0,0,44400,390700,0,0,0,0,0,0,0,0,0,0,0,0,2559700,1537000,1040900,0,0,0,0,46600,0,9700,5000,0,41300,0,0,0,0,0,0,0,0,0,0,0,0,0,2216400,1209200,0,432300,409100,0,0,634500,336300,81300,438600,0,0,263600,414400,0,34000,0,0,0,0,0,8800,0,0,0,0,0,0,0,0,222800,0,0,21400,31000,0,0,0,0,0,186000,343600,296300,78200,211700,172000,0,0,0,0,0,423000,0,29700,146300,0,0,0,1418000,1350200,2522600,2021400,0,0,4920500,162000,123700,0,0,76600,1436100,253200,153400,0,0,24400,30100,50400,0,0,0,4400,0,0,9200,0,0,29400,36400,22400,19600,0,6100,5600,0,32400,49400,18400,63200,0,8300,2700,0,57300,63600,0,0
PVT,0,0,0,0,0,0,0,0,45700,0,632900,0,0,0,0,0,0,0,0,0,0,0,0,0,0,0,0,0,0,0,0,0,18200,0,0,0,0,94000,91800,0,0,171400,223400,259700,216200,198000,210300,257400,285800,0,0,244300,437000,0,0,0,0,0,19200,0,0,20800,102600,365500,522500,0,0,0,0,819400,1279600,0,0,0,0,0,0,9800,0,0,0,0,0,0,0,0,0,7310000,0,0,0,31800,0,0,0,0,456600,291200,0,0,2023300,1222900,165600,18300,143000,0,0,165000,27000,71800,0,0,103700,130000,346200,674200,0,0,29400,0,0,0,379800,518300,696000,1112800,3217000,2022800,0,53800,0,22000,0,0,0,0,0,0,0,0,0,0,0,49600,0,6600,0,0,99400,0,882100,519300,0,0,0,0,0,146800,0,0,0,6509400,6360800,2708800,0,0,0,118900,0,0,0,0,0,0,0,8200,0,125900,1600,0,0,0,0,0,0,0,0,0,0,0,0,0,0,0,0,0,0,0,0,0,0,0,0,0,0,0,0,0,0,0,0,0,0
RIAL,1215400,0,10000,0,8400,0,0,0,0,0,312000,0,522600,0,0,0,0,172800,0,0,0,0,0,1698400,0,0,2400,0,229000,0,66200,95200,0,3377000,134600,0,0,0,0,0,0,360800,0,4600,0,0,0,4200,0,0,0,374200,0,1323000,114200,0,166600,0,0,5527400,0,0,0,3800,0,319600,0,0,0,0,0,0,139200,2203300,0,5714800,0,1595200,461900,0,0,0,0,0,0,0,0,250000,0,0,15400,0,0,0,0,7970400,2223000,0,0,0,563900,0,2433600,528000,50200,0,0,1042800,0,0,393800,152400,0,0,1326800,226800,5264300,3527300,3431200,3919600,3965000,3890800,0,0,0,3900,158600,7000,0,0,1685800,550400,245900,2059700,0,25400,380200,25200,538200,0,606000,0,3577400,3185400,4921000,4624200,0,0,0,0,79600,0,0,0,0,0,0,0,0,0,0,0,0,0,956800,363800,1888000,132000,0,0,0,0,0,0,0,0,0,0,0,0,94200,0,0,0,0,0,0,0,0,0,0,0,0,0,0,0,0,30800,0,0,0,0,0,0,0,700,0,0,0,0,0,0,0
RIAR,0,2604900,0,10400,0,13600,0,0,0,0,84100,239500,0,0,0,0,227600,0,188400,0,0,0,0,0,1697800,0,0,0,0,37600,0,0,2697400,0,193600,0,38900,0,0,0,80200,0,295500,0,0,0,0,2200,40600,0,0,0,416200,93300,1406400,0,785600,0,0,0,3544200,0,0,0,184600,0,371700,0,0,103400,0,166200,0,487000,2067200,912800,5353000,818700,1969800,0,0,0,0,260200,0,0,0,213400,0,0,0,0,0,0,7970400,0,0,1741200,0,168500,0,524400,3144800,0,861800,0,0,806600,0,0,238800,490800,0,0,640500,1565800,3634400,5238100,3853600,4674000,3967800,4138600,0,0,0,59200,500,353400,0,0,379600,1356200,1452600,397800,108100,197400,26500,504300,172400,479400,70400,485400,3225200,3442600,4315800,3753800,0,0,0,0,0,10300,0,0,0,0,0,0,0,0,0,0,0,0,43200,970200,10800,1493400,0,0,0,0,0,0,0,0,0,0,142200,0,0,0,0,0,0,0,0,0,0,0,0,0,0,0,0,39600,0,0,0,0,0,0,0,0,0,0,0,600,0,0,0,0,0
RIBL,353400,0,0,0,82600,0,0,0,0,0,0,0,140700,0,0,0,0,293800,0,65300,0,1000,0,5640400,344400,0,0,0,396000,0,554600,0,1303600,4967600,22600,0,0,100200,0,660000,0,240800,0,2021200,0,339400,0,841600,0,0,0,0,176000,0,0,0,0,61900,0,13800,0,1189700,0,1358600,0,0,0,0,0,0,1230200,31500,1022400,3767400,0,2647800,0,212000,138000,288000,529200,73400,255400,647200,3450200,0,0,2949600,0,0,0,0,0,456600,2223000,0,0,474000,0,0,297500,0,732200,1512300,352300,0,0,1400,84100,0,0,0,54200,0,50700,0,7100,0,0,273000,31200,0,1666400,1903400,0,1295200,79000,0,0,0,141200,0,0,0,533400,0,404800,272700,21400,0,0,0,186200,1041400,31600,1858800,2300,0,53400,0,0,0,0,0,0,0,0,0,0,0,0,12000,0,250400,256400,0,504800,0,0,0,0,0,0,0,0,0,0,856600,2297900,0,0,0,0,0,0,0,0,0,0,0,0,0,0,0,0,0,0,0,0,0,0,0,0,0,0,0,0,0,0,0,0,0,0
RIBR,0,359600,0,0,0,274000,0,0,0,0,0,0,8000,0,0,0,0,0,142800,0,86600,0,0,0,6554200,0,0,3600,0,367600,0,378600,4679400,1244300,112100,0,0,0,183000,0,665600,0,124000,228200,2077000,0,378300,0,614800,0,0,0,26100,0,0,0,0,0,18100,0,38400,0,1000300,0,1498400,0,0,0,0,532800,0,2008600,440000,0,3507000,0,2167600,0,619400,556600,234000,257600,0,2708000,439700,0,0,2536700,0,0,0,0,0,291200,0,1741200,474000,0,0,0,0,307000,1001000,514500,2370800,0,0,233600,0,239300,0,355600,0,0,0,85800,0,23200,465400,0,0,0,1146800,0,1695000,1398200,60200,10800,0,0,43200,312000,0,176900,4400,698400,214200,338400,0,0,0,0,843700,320800,1040800,137400,0,11700,0,632800,0,0,0,0,0,0,0,0,0,0,0,0,258200,208200,0,155500,0,1307600,0,0,0,0,0,0,0,0,0,1077100,1967600,0,0,0,0,0,0,0,0,0,0,0,0,0,0,0,0,0,0,0,0,0,0,0,0,0,0,0,0,0,0,0,0,0,0
RIFL,1113000,0,0,0,28500,0,30200,0,0,0,0,112500,0,0,0,4175100,0,0,0,0,0,144800,0,0,0,81800,587600,0,1504200,0,0,0,0,0,0,0,0,68400,0,0,0,0,0,0,0,0,0,0,0,0,0,0,0,0,0,82200,0,0,0,70600,0,0,0,0,0,1439300,0,1680100,0,110600,0,0,0,157900,0,0,19800,88100,0,2208600,18800,0,380100,49500,0,2717000,0,0,0,0,1821600,600,0,0,0,0,0,0,0,174300,0,0,131400,2931100,0,667600,0,17400,43200,0,91000,0,0,0,0,0,0,0,0,0,0,0,0,0,0,0,0,0,0,0,0,0,0,0,0,0,0,0,0,0,199700,0,0,0,0,0,90200,0,0,0,0,0,445300,0,0,197000,1211200,310800,1291400,375000,1811200,0,0,0,114800,0,124000,0,0,0,206000,1326300,101200,456800,0,0,0,0,0,893500,0,0,0,0,0,0,0,0,0,0,0,0,0,0,0,0,0,0,0,0,0,0,0,0,0,0,0,0,0,0,0,0,0
RIFR,1800,1737800,0,0,0,7100,0,23400,0,0,0,0,82800,0,0,0,3806600,0,0,0,0,0,0,0,0,279600,0,963500,40000,920400,0,0,0,0,47400,186000,94400,0,42300,0,0,0,0,0,0,0,0,0,0,0,0,77600,0,0,0,0,145600,0,0,0,16800,0,39800,0,0,0,1585000,0,1650800,66000,335000,0,0,0,371000,66300,226900,0,32600,98000,2329600,0,0,0,116800,103500,3665400,0,28300,157500,19800,1672200,0,0,0,168500,0,0,174300,0,0,0,0,0,3155700,0,494900,54100,0,92600,0,58400,0,0,0,0,0,0,0,0,0,0,0,0,0,0,0,0,0,0,0,0,0,9500,0,1000,0,0,0,17000,0,510800,0,0,0,0,0,96000,0,0,0,59000,0,438200,0,557000,174800,386700,331000,2572100,118700,0,0,0,0,79600,0,138200,0,0,64600,55700,1953300,0,548300,2000,0,0,0,0,1180400,0,0,0,0,0,0,0,0,0,0,0,0,0,0,0,0,0,0,0,0,0,0,0,0,0,0,0,0,0,0,0,0
RIGL,0,0,0,0,0,0,0,0,635600,0,332600,0,0,0,0,0,0,0,0,0,0,0,0,8200,23800,0,0,0,0,0,0,0,4600,1260900,97500,0,0,443200,0,46600,0,734000,0,1618900,0,360000,0,564800,0,0,0,674400,41400,0,153600,0,0,0,0,1224400,0,49400,0,434600,0,0,0,0,0,174900,1985300,0,33100,196100,0,2609100,378100,0,356600,0,1517800,0,407200,536000,877300,0,0,2240200,4400,0,1447000,0,0,2023300,563900,0,297500,0,0,0,0,1635400,169300,771600,123400,0,0,1459500,129800,0,0,0,48000,0,0,136000,0,0,0,0,0,0,92400,289200,0,967800,2584600,102200,0,947200,765800,0,419400,0,0,0,297100,0,968800,173400,725800,115400,0,0,19300,10400,0,0,40200,0,755100,2079200,213400,0,0,0,0,0,70100,0,0,2534200,2197000,13600,0,0,0,0,0,0,0,0,0,0,0,0,0,1145600,0,59600,0,0,0,0,0,0,0,0,0,0,0,0,0,0,0,0,0,0,0,0,0,0,0,0,0,0,0,0,0,0,0,0,0
RIGR,0,0,0,0,0,0,0,0,0,818200,137900,0,0,0,0,0,0,0,0,0,0,0,0,0,188600,0,0,0,0,0,0,0,1512800,0,73000,0,0,0,540800,0,13400,0,581800,0,1403400,0,394200,0,512200,0,591600,114600,1723000,356200,0,0,0,0,0,0,904300,0,199600,0,456200,0,0,0,0,2115800,86300,0,0,227600,98200,56400,3098400,119200,0,694000,0,476200,129600,387200,718700,0,0,3307000,0,0,0,1100800,0,1222900,0,524400,0,307000,0,0,1635400,0,220800,314600,560100,0,0,793300,0,5300,0,0,0,0,448100,0,0,0,0,0,0,0,125600,0,276200,381400,59000,3576800,591200,0,140000,555300,0,72900,0,0,0,638000,190400,449600,2500,1255900,0,0,51800,27200,0,0,0,140800,1785700,679400,0,16800,0,0,0,77400,0,0,0,2326500,740000,1823700,0,0,0,283000,0,0,0,0,0,0,0,0,0,881600,947300,0,93000,0,0,0,0,0,0,0,0,0,0,0,0,0,0,0,0,0,0,0,0,0,0,0,0,0,0,0,0,0,0,0,0
RIH,311800,149000,0,0,183000,13800,0,0,0,0,0,107200,220100,600,0,870000,85500,70200,0,0,0,0,0,181400,77500,0,363200,0,15400,0,121600,316800,151000,610100,289800,0,14800,1421600,1075200,1646800,1627600,798200,509100,120000,12200,1294800,1140000,2230000,2061400,0,0,0,0,0,0,0,0,0,0,2239200,1292800,1474800,2131800,1729000,1352000,0,0,427600,0,0,52300,0,322000,1373800,2394900,1757300,3458400,0,1000,384300,393200,90600,0,49200,79100,0,0,2084000,0,0,0,0,0,165600,2433600,3144800,732200,1001000,131400,0,169300,220800,0,392400,236900,1850800,1927200,2251400,1800,0,0,0,792200,541800,0,0,8000,0,0,0,0,0,1815600,1735600,1520200,2860600,58000,0,0,0,0,0,0,0,184600,151600,11000,8500,8400,0,276200,16900,0,0,28200,0,520600,125200,374600,365800,0,0,147200,64800,0,11600,1000,199600,0,0,18600,28800,160400,288500,1285400,644200,2994500,1491200,0,0,0,0,0,47400,0,0,0,817800,1187200,367800,0,0,0,0,0,0,0,0,0,0,0,0,0,0,0,0,0,0,0,0,0,0,0,0,0,0,0,0,0,0,0,0,0
RIML,207800,0,0,0,0,0,0,0,0,479400,0,0,0,0,0,88000,0,9900,0,0,0,23000,0,296800,0,39600,0,0,0,0,387400,0,473600,0,416600,234300,0,0,0,0,0,19400,0,15600,48900,0,0,0,0,0,60200,2780400,2782700,1538400,4229000,486300,558600,0,0,0,0,97100,0,74800,0,3336200,0,0,0,312000,3739500,0,127800,325600,55600,3787900,5500,1372500,3860600,1617200,2258100,79000,264600,584200,512400,93800,0,551400,0,0,28200,0,0,18300,528000,0,1512300,514500,2931100,0,771600,314600,392400,0,1281800,120100,0,0,0,0,0,0,0,0,707700,48900,0,0,1695000,6548100,26400,0,347000,0,0,846400,2572800,482200,0,10000,842800,84000,1010000,2200,742700,498400,878600,189000,9400,110000,207300,0,2092400,3828400,2557600,2395800,0,0,0,0,0,0,0,0,0,0,0,0,879000,0,32300,826600,1489300,29300,0,102000,0,2000,0,0,0,0,0,0,0,341000,1882000,24800,2794000,0,374000,0,0,0,0,0,0,0,120200,0,0,0,0,0,49200,0,293600,0,0,0,0,0,273200,0,170400,0,0,0,0,0,2700,0,7200
RIMR,0,0,0,0,0,124400,0,0,150700,0,0,0,0,0,0,0,96800,0,91000,0,0,0,0,59700,364800,8100,0,0,0,0,0,235200,142600,13400,275600,183800,102000,0,0,0,0,0,0,1200,127900,0,0,0,0,100100,0,2965800,3310800,3559700,2212400,320700,971800,0,0,0,0,0,0,0,0,178000,3032700,0,19400,4793200,192800,379600,0,0,258400,0,3467700,2478000,1077500,900600,1888800,329600,128600,1485700,1398200,0,215100,1200,0,0,0,47100,0,143000,50200,861800,352300,2370800,0,3155700,123400,560100,236900,1281800,0,0,0,0,0,0,0,0,0,0,463600,922600,0,0,6317600,804200,20600,0,311000,0,0,455200,1801300,1702800,0,0,201600,692000,0,199300,323800,1400800,71600,547400,0,80400,0,144400,3384600,3182600,2247600,2366100,0,0,0,0,0,0,0,0,0,0,0,470000,0,431600,0,2389600,2613600,55800,118200,0,41000,0,0,0,0,307900,74600,0,0,303200,0,0,2195500,16000,0,0,0,0,0,0,0,0,0,0,0,0,0,43400,0,381000,0,0,0,0,0,235600,0,116500,0,0,0,0,0,0,0,0,0
RIPL,710300,0,79400,0,0,0,255000,0,0,0,0,288000,0,0,0,2367600,0,0,0,175300,0,2578600,0,0,0,0,1536400,0,503600,0,0,0,0,0,0,0,0,2168800,0,13500,0,1393500,0,0,0,61000,0,784700,0,0,0,0,0,0,0,231000,0,6500,0,0,0,0,0,0,0,455800,0,1085600,0,357700,0,0,0,0,0,0,0,29100,0,1250400,0,600,40000,0,0,1535200,0,0,0,0,17200,0,2216400,0,0,0,0,0,667600,0,0,0,1850800,120100,0,0,0,0,1444600,0,0,0,1181200,0,0,0,5800,0,0,0,0,60600,317100,1392600,520800,284500,0,0,0,0,0,0,0,0,0,0,0,0,0,0,64500,0,23600,0,0,0,1914200,0,1905600,0,0,0,3800,0,0,1512700,3249200,382800,242500,514300,935400,0,0,0,31000,0,230700,0,0,0,219800,250600,422200,2250000,0,1100,50000,17800,0,12800,0,389100,0,10600,0,212200,0,11800,0,0,0,0,0,0,0,0,0,0,0,0,0,0,0,0,0,0,0,0,0,0,0,0,0
RIPR,0,267600,0,302400,0,28000,0,476400,0,0,36000,0,175100,0,59000,21500,2337400,0,0,0,508000,0,1819200,0,0,0,0,1617600,0,152600,0,0,0,0,0,0,0,0,3291000,0,172000,0,1561100,0,0,0,938200,0,461600,0,0,0,0,0,0,0,0,0,0,0,0,0,0,0,0,0,358200,0,1325200,0,97800,0,0,0,0,0,11400,0,50000,150800,1316300,23000,148100,0,0,58000,2055600,0,0,15600,0,17200,1209200,0,0,0,0,0,0,494900,0,0,1927200,0,0,0,0,0,0,1187200,0,0,0,1497800,0,0,4400,2500,0,0,0,30200,273200,485400,881400,237000,0,0,0,0,0,0,0,0,0,0,0,0,0,0,0,8000,0,0,0,0,0,1633500,0,1865000,0,0,0,261000,0,945400,378200,1088900,227600,1627800,427700,0,0,0,0,190800,0,277600,0,0,82500,800,199500,0,2200700,122400,17700,0,0,0,341800,0,4600,0,12200,0,30200,0,86700,0,0,0,0,0,12200,0,0,0,0,0,0,0,0,0,0,0,0,0,0,0,0,0,0
RIR,1328300,1928400,0,0,96300,531900,0,0,0,0,2155600,592200,600600,0,0,18000,0,0,0,0,0,0,0,321200,288200,0,218200,241200,180600,0,769800,542600,1007200,844900,2175200,0,0,0,0,732200,622200,31200,0,0,0,0,0,113400,1600,0,0,990000,5100,0,0,171300,179200,0,0,1799600,1580200,0,0,144800,74400,0,0,89600,210200,336800,223900,0,0,1469200,1597300,1844600,1612300,659300,608200,0,0,0,0,1050800,653400,0,0,820300,1500,0,1060600,1411300,0,165000,1042800,806600,1400,233600,17400,54100,1459500,793300,2251400,0,0,0,0,0,0,0,0,0,0,0,497000,1014900,36400,19900,0,0,0,0,0,0,0,3800,0,0,0,0,0,0,0,0,0,0,0,0,0,0,97000,17800,0,0,0,40600,0,0,0,0,0,166800,7600,0,0,0,0,2259600,2384800,6000,0,101400,0,122200,0,0,0,0,0,0,0,0,0,0,0,0,0,44800,148800,0,0,0,0,0,0,0,0,0,0,0,0,0,0,0,0,0,0,0,0,0,0,0,0,0,0,0,0,0,0,0,0,0,0
IL1DL,0,0,13000,0,2400,0,0,0,0,0,0,0,18800,0,0,0,0,77300,0,48600,0,60500,0,151300,0,0,27200,0,0,0,0,85000,40600,200,0,0,0,2954600,0,104100,0,0,0,2509300,74800,2727600,0,0,0,0,0,0,0,0,0,0,0,692300,0,0,0,2009200,0,0,0,0,0,0,0,0,0,67300,114400,0,0,0,0,0,0,0,0,0,73000,0,0,17500,0,0,0,0,0,0,432300,27000,0,0,84100,0,43200,0,129800,0,1800,0,0,1444600,0,0,0,13800,217200,0,224800,0,0,0,0,355700,0,0,5562300,0,510000,1859100,0,343400,0,32800,0,1422000,0,0,0,0,0,0,0,0,0,276100,0,0,0,465900,147700,21200,1406100,0,0,0,12000,0,39800,0,82200,66200,0,100300,0,0,0,0,82800,0,1092400,0,0,0,0,0,176100,0,12800,5800,0,0,0,0,5400,0,0,389600,0,0,0,231000,0,0,0,98000,0,0,0,0,0,0,0,0,0,0,0,0,0,0,0,0,0,0,0,0,0,0,0
IL1DR,0,0,0,109600,0,0,0,0,0,0,0,24800,10100,0,0,0,0,0,64800,0,18700,0,76700,0,85400,0,0,0,0,0,44000,70800,0,65800,0,0,0,0,2846600,0,0,0,0,0,1894500,0,3022000,0,0,0,0,0,0,0,0,0,0,0,471800,0,0,0,2008100,0,0,0,0,0,0,0,0,92500,72300,0,0,0,0,0,0,0,0,74500,0,0,0,0,58400,8000,0,0,0,0,409100,71800,0,0,0,239300,0,92600,0,5300,0,0,0,0,1187200,0,13800,0,0,381500,0,319800,0,0,243400,0,0,0,0,5123000,606100,0,1905900,170600,0,0,897400,0,0,0,0,0,0,0,0,0,294400,0,0,0,494600,0,0,183800,0,1339600,0,63500,0,0,0,13200,60400,0,0,0,0,0,0,3200,0,92200,0,646400,0,0,0,0,147100,71400,43300,0,0,0,0,0,1000,0,0,0,270900,0,0,0,127400,0,0,0,93600,0,0,0,150400,0,0,0,54700,0,0,0,0,0,0,0,0,0,0,0,0,0,0
IL1L,0,0,0,0,19100,0,253700,0,0,0,0,0,99000,0,0,0,0,44300,0,121000,0,0,0,0,0,0,5000,0,0,0,0,20800,6000,0,0,0,0,0,0,2565400,0,0,0,2340900,0,0,0,0,0,0,0,0,0,15600,0,92300,0,2699600,0,189200,0,0,0,0,0,9600,0,0,0,0,0,0,12000,0,0,0,0,12400,0,0,0,0,0,329700,187600,23800,0,0,0,0,0,0,0,0,393800,238800,0,0,91000,0,0,0,0,0,0,0,0,0,217200,0,0,0,498200,0,504000,0,3096800,138700,1030800,2346600,2096800,448200,0,1096100,0,0,0,460300,0,3197200,0,0,140600,0,192200,0,0,0,0,0,356400,0,0,3400,133600,0,0,0,405900,0,1379000,0,33200,0,135800,0,0,0,0,0,0,0,0,0,49400,0,140000,0,0,0,105600,0,0,0,0,761200,415600,0,518600,0,0,0,0,0,0,3700,0,122400,0,0,0,0,0,0,0,0,0,0,0,0,0,0,0,0,0,0,0,0,0,0,0,0,0
IL1R,0,0,0,105400,0,134400,0,0,0,59200,0,124000,0,0,0,0,0,0,207100,0,24500,0,0,0,0,0,0,0,0,0,0,0,0,0,0,0,0,0,0,0,2687900,0,0,0,1195800,0,0,0,0,0,0,1000,0,0,20200,0,0,0,2516400,0,317200,0,0,0,0,0,0,0,0,0,0,91400,0,0,58200,0,0,0,0,0,0,0,0,127000,422600,0,66100,0,0,0,0,0,0,0,152400,490800,0,355600,0,58400,0,0,0,0,0,0,0,0,0,381500,0,0,0,474800,0,428400,463000,2164600,2388400,876700,866600,2594600,0,0,632800,140600,216100,0,3897500,0,0,0,0,184000,0,3900,47900,25900,0,0,0,476400,0,0,0,602200,0,0,0,8800,0,1170200,0,0,313200,0,0,0,0,0,0,0,0,0,0,135400,0,216400,0,0,51600,28600,0,0,0,340200,641400,0,492300,0,113400,0,0,0,0,0,81100,0,135000,0,0,0,0,0,0,0,0,0,0,0,0,0,0,0,0,0,0,0,0,0,0,0,0
IL1VL,0,0,0,0,0,0,0,0,0,0,0,0,0,0,0,0,0,0,0,0,0,0,0,0,0,0,0,0,0,0,0,0,0,0,93200,0,0,0,0,164100,0,1797200,0,1986000,0,0,0,1977600,0,0,0,0,0,0,0,0,0,352800,0,0,0,0,0,1120600,0,80000,0,0,0,0,13100,0,0,0,0,0,0,0,25100,0,0,0,0,0,0,0,0,111400,0,0,0,0,634500,103700,0,0,54200,0,0,0,48000,0,792200,0,0,1181200,0,0,224800,0,498200,0,0,12400,0,0,4666400,0,0,0,0,317000,208000,1444200,0,513600,0,0,0,1024200,63000,0,73200,0,108000,0,86200,0,0,0,30000,0,102600,0,0,289800,0,0,1288000,0,0,0,0,0,0,0,0,0,0,0,0,27000,24400,129200,0,0,1928500,0,0,0,0,0,0,0,0,0,76300,0,44000,0,0,0,0,482400,0,0,0,226900,0,0,0,68800,0,0,0,0,0,0,0,5000,0,0,0,0,0,0,0,0,0,0,0,0,0
IL1VR,0,0,0,0,0,0,0,0,0,0,62200,0,0,0,0,0,0,0,0,0,0,0,0,0,0,0,0,0,0,0,0,0,0,0,64000,0,0,0,0,0,157400,0,2493400,0,1811600,0,0,0,2165200,0,0,0,0,0,0,0,0,0,514800,0,0,0,0,0,1979800,0,23000,0,0,0,0,0,0,0,0,0,0,0,0,16500,68400,0,0,62400,0,0,0,31600,0,0,0,0,336300,130000,0,0,0,0,0,0,0,0,541800,0,0,0,1497800,0,0,319800,0,474800,12400,0,0,0,0,4886300,0,0,135800,0,214200,0,1375600,997200,65200,0,1358800,0,0,64000,0,72900,0,134300,71500,77500,0,300,0,108400,1900,204300,65000,0,0,6400,0,473300,0,0,0,0,0,0,0,0,0,0,0,600,14200,48200,0,0,643400,2314200,0,0,0,0,0,0,0,11600,0,0,0,0,0,0,0,0,456800,0,0,0,160800,0,0,0,115400,0,0,0,0,0,0,0,0,0,0,0,0,0,0,0,0,0,0,0,0
RIVL,0,0,0,0,28400,0,0,0,0,117000,0,0,117200,0,0,0,0,18800,0,0,0,0,0,329400,0,0,16600,0,0,0,0,27600,136700,27000,35300,100200,311000,229400,114200,222000,0,0,0,8600,0,0,0,0,0,0,195400,322600,3323400,648300,125100,320600,2218600,0,0,0,0,0,70900,0,3000,113800,116400,0,0,1079600,0,0,108700,0,0,0,0,459600,300600,25500,216800,87700,0,154600,0,0,0,139100,0,0,0,0,81300,346200,1326800,640500,50700,0,0,0,0,448100,0,707700,463600,0,0,497000,0,0,504000,0,0,0,0,3584200,121800,1371400,1466600,0,525200,0,155100,0,0,487800,36400,745800,2800,849200,24000,46000,0,1755500,725500,154600,0,2000,209100,715200,0,74200,0,4260600,2345200,482400,0,0,0,0,499600,797400,0,0,0,0,0,90800,0,126200,0,461200,340200,215800,94200,157500,0,127800,0,0,0,0,0,0,0,797600,791500,135000,1055200,0,97000,0,0,0,0,0,0,0,0,0,0,12200,10400,0,0,0,41100,7600,0,5200,381600,0,0,0,0,7500,3000,66600,378100,0,0,0,6200
RIVR,0,0,0,0,0,73700,0,0,381000,100,106800,121400,0,0,0,0,0,0,0,0,0,0,0,0,283800,0,0,0,0,0,0,0,105000,153200,106200,0,0,241000,87500,0,280600,0,0,0,0,0,0,35400,0,223300,0,3210800,0,223000,1158000,285400,1199400,0,74600,0,0,48300,48600,0,0,149300,95200,0,0,0,586000,93800,90000,0,34300,0,0,91400,682400,518900,283200,73500,76400,0,166200,0,0,579200,0,26400,0,0,438600,674200,226800,1565800,0,85800,0,0,136000,0,0,48900,922600,0,0,1014900,0,0,0,428400,0,0,3584200,0,989800,0,221400,1522000,0,625400,177000,0,0,510800,1653300,0,786200,7600,15600,30500,1505400,0,700100,714200,1400,0,258200,113600,165800,0,4749400,7000,150800,3747000,0,0,12800,0,637400,1030700,0,0,0,0,0,0,479400,0,78200,188700,710300,239800,0,0,82800,0,0,0,20800,0,0,0,0,498600,40000,0,72600,112200,0,0,0,0,0,0,0,0,0,0,0,169200,0,0,0,0,0,0,0,67500,7000,0,0,11100,0,0,0,764400,0,0,0,0,0
RMDDL,0,0,0,0,0,0,0,300,0,124900,0,0,0,0,0,0,0,0,0,0,0,0,0,0,0,0,0,0,0,0,0,0,0,0,0,0,0,0,0,0,0,3200,0,2510700,196600,344800,1929000,352400,0,0,0,866000,0,0,0,0,213800,0,375900,0,0,0,168200,1520400,0,0,10800,0,0,0,0,0,0,0,0,0,0,0,0,0,0,0,0,25400,591200,0,0,0,0,0,0,0,0,0,5264300,3634400,7100,0,0,0,0,0,8000,0,0,5800,4400,36400,0,243400,3096800,463000,4666400,0,121800,989800,0,1169800,653900,954100,395200,10300200,411200,144200,120000,1061800,45300,0,109900,616400,684700,245200,0,198000,182800,0,825000,554300,2719800,135900,0,191400,538200,0,0,701400,0,1322000,394800,0,0,0,0,0,0,0,0,0,0,0,0,0,0,208000,42200,869600,1695800,0,0,0,0,0,0,0,0,1200,308200,0,0,0,1359200,38900,922900,306700,0,23500,591800,423000,7400,139500,750400,11900,0,0,1043400,21200,0,304800,1285100,99200,0,0,93800,0,0,0,208800,106100,0,0,0,0,0
RMDDR,0,0,0,0,0,0,214300,0,225300,0,0,0,0,0,0,0,0,0,0,0,0,0,0,0,0,0,0,0,0,0,0,0,0,0,0,0,0,43000,0,0,0,0,37300,245800,2724100,1646300,256100,0,366900,0,0,0,599000,0,0,19000,0,389800,0,0,0,117800,0,0,2210400,7600,0,0,0,0,0,0,0,0,0,0,0,0,0,0,0,0,0,486900,0,0,0,0,0,0,0,0,0,0,3527300,5238100,0,23200,0,0,0,0,0,0,0,0,2500,19900,355700,0,138700,2164600,0,4886300,1371400,0,1169800,0,1465200,576600,10846000,246400,530800,0,170000,1006300,11400,291000,373400,430600,219400,767000,176000,0,0,56800,1048000,801900,295800,2864200,166100,2500,0,534200,1377300,0,1305200,0,0,300600,0,0,0,0,0,0,0,0,0,0,0,0,0,83600,958100,104000,0,1205800,0,0,140200,0,0,0,0,436000,5800,0,3400,1378800,300,1365800,92000,0,224600,770800,0,900,234100,1660600,247000,0,240400,1129400,0,0,23000,1234000,239800,0,51200,239400,0,0,500,193000,100000,0,36000,0,0,0,0
RMDL,0,0,0,0,0,0,0,0,12400,246200,0,0,0,0,0,0,0,0,0,0,0,0,0,0,0,0,0,0,0,0,0,0,0,0,0,0,0,0,0,0,0,0,0,180400,361000,0,0,70800,0,23900,255400,86200,1200,28600,0,0,0,1016600,354400,0,46000,0,0,58400,0,0,0,0,0,0,0,0,0,0,0,0,0,156000,40600,0,0,0,0,581400,0,0,0,5400,0,0,0,0,263600,29400,3431200,3853600,0,465400,0,0,0,0,0,1695000,6317600,0,0,0,0,0,1030800,2388400,0,0,1466600,221400,653900,1465200,0,5087600,841600,1440700,0,192500,994600,0,2344800,2988200,1229700,2257400,988800,589400,0,1299800,40200,1848200,765200,2136000,0,0,0,154000,534400,679400,310400,308900,0,0,0,0,552800,407200,0,0,0,0,0,0,0,0,0,3683200,953900,32200,504200,7400,1579400,117500,0,0,0,0,0,0,0,24700,15600,0,2587200,1374200,2425300,0,0,0,0,127200,276400,90500,312300,0,0,0,0,478700,541800,933200,237600,0,0,0,17800,149300,73800,108800,101400,0,0,0,0,0,69100,0,20000
RMDR,0,0,0,0,0,0,0,0,53800,2200,0,0,0,0,0,0,0,0,0,0,0,0,0,0,0,0,0,0,0,0,0,0,0,0,0,0,0,0,0,0,0,0,0,57300,44400,0,0,0,59000,269400,0,0,0,29200,0,0,0,367400,742400,0,2800,0,0,0,4000,0,0,0,0,0,0,0,0,0,0,0,0,0,0,0,0,0,0,623800,396400,0,0,0,0,0,0,0,414400,0,3919600,4674000,273000,0,0,0,0,0,0,6548100,804200,0,0,0,0,0,2346600,876700,0,0,0,1522000,954100,576600,5087600,0,1352400,1050000,0,1723100,855100,0,2621100,2725700,3452800,1943000,868600,994600,1008800,1800,1975600,78600,1808300,703100,0,0,76600,15800,509900,658600,352200,525200,0,0,0,0,496600,955800,0,0,0,0,0,0,0,0,0,119600,2626400,0,37800,930900,148000,1684500,0,0,72400,0,0,0,0,154400,0,0,2527500,2549600,1337900,0,0,0,0,132000,360100,365000,423700,0,0,0,0,717500,305600,724900,215400,0,0,0,0,242200,109800,273200,15800,0,0,0,0,76500,0,0,0
RMDVL,0,0,0,0,0,0,0,0,7200,2200,0,0,0,0,0,0,0,0,0,0,0,0,0,0,0,0,0,0,0,0,0,0,61000,0,118100,0,0,52200,0,0,0,0,22300,2527400,0,374100,0,0,2196600,0,934100,0,608600,568200,0,0,926100,0,0,0,0,794400,0,0,329600,0,0,0,0,0,13600,0,0,0,0,0,0,138400,0,0,0,0,0,157800,488000,0,0,0,0,0,0,0,0,0,3965000,3967800,31200,0,0,0,0,0,0,26400,20600,0,0,0,5562300,0,2096800,866600,0,135800,525200,0,395200,10846000,841600,1352400,0,1521900,1416200,176500,0,687800,165800,104600,578100,109400,389400,256000,74200,1626400,30100,665000,37800,974200,20700,23200,46400,2358600,800,247100,632500,102200,343600,0,0,1802200,0,0,0,0,0,0,0,0,0,0,0,0,0,0,1420500,31800,0,269500,0,0,0,0,0,0,0,215600,0,0,30900,609200,1458700,246000,0,32600,602600,289900,29600,0,1014200,69700,0,464700,1389000,26900,0,0,1167300,119300,67500,611700,1333000,0,0,0,173400,63400,14200,3000,483800,0,0,0,0
RMDVR,0,0,0,0,0,0,0,0,0,0,0,0,0,0,0,0,0,0,0,0,0,0,0,0,0,0,0,0,0,0,0,0,0,0,98700,0,0,0,0,0,0,4200,0,1600,2828400,29200,308000,1824000,0,1484800,0,396200,0,0,425400,0,887800,0,0,0,0,0,1129800,202600,0,0,0,0,0,0,0,0,0,0,0,0,0,0,312200,67400,0,0,0,494500,208900,0,0,0,0,38800,0,0,34000,0,3890800,4138600,0,0,0,0,0,0,0,0,0,60600,30200,0,0,5123000,448200,2594600,317000,0,0,625400,10300200,246400,1440700,1050000,1521900,0,1021000,0,120900,442400,109500,181700,93500,102600,174800,382300,1305300,100400,443500,0,915800,58600,57400,0,2402000,0,165600,0,0,459300,0,297400,1571500,51100,0,0,0,0,0,0,0,0,0,0,0,0,0,0,0,1248500,285800,0,0,0,0,0,0,0,0,0,24900,0,43400,1591400,1190100,0,322000,917400,115400,59800,146200,862600,0,0,23200,918200,317000,0,82800,1905600,0,0,77600,1103400,272400,0,0,89400,0,0,204100,516600,15400,0,0,0,0
RMED,0,0,0,0,0,0,0,0,0,0,0,0,0,0,0,0,0,0,0,0,0,0,0,0,0,0,0,0,0,0,0,0,0,0,0,0,0,554400,478700,288700,305600,310800,324800,1935400,1516000,25700,170200,268400,171800,0,0,0,0,0,0,45000,0,0,0,0,0,384600,211600,0,0,0,0,0,0,235600,124000,0,0,0,0,0,0,0,0,0,0,0,0,127700,30400,0,0,260200,0,0,0,0,0,379800,0,0,1666400,1146800,0,0,92400,125600,1815600,347000,311000,317100,273200,0,510000,606100,0,0,208000,214200,155100,177000,411200,530800,0,0,1416200,1021000,526500,2635500,2812600,8010800,0,13600,0,0,0,0,0,0,0,0,0,0,794600,705600,0,0,3976800,3733600,386200,793100,1109200,1823000,1200400,979400,0,0,0,0,0,0,0,0,0,0,0,0,8600,330600,0,0,0,0,0,0,0,0,0,0,0,0,0,575200,1957600,0,0,102000,213500,333000,363000,1400,0,0,0,495500,361900,409200,682300,0,0,0,0,323300,265700,26900,40000,0,0,0,0,119400,212000,0,7200,0,0,0,0
RMEL,0,0,0,0,0,0,0,0,0,0,0,0,0,0,0,0,0,0,0,0,0,0,0,0,0,0,0,0,0,0,0,0,0,0,0,0,0,646400,616100,1028800,2700000,273900,1036800,2970700,0,1311400,0,1301200,0,0,0,0,0,0,0,0,0,697400,337100,0,0,166200,0,10500,0,0,0,0,0,0,0,0,0,0,0,0,0,0,0,0,0,0,0,0,170000,0,0,330200,0,0,0,0,0,518300,0,0,1903400,0,0,0,289200,0,1735600,0,0,1392600,485400,0,1859100,0,1096100,0,1444200,0,0,0,144200,0,192500,1723100,176500,0,2635500,2320300,1001000,2988600,11000,0,769400,5400,0,0,0,0,0,0,0,0,0,0,0,0,3000,31000,42400,178400,868800,2058000,1220200,1814400,0,1359200,0,0,0,0,0,0,0,0,0,7800,0,332300,0,0,0,0,0,0,0,0,0,0,0,0,0,0,1601600,0,0,54000,0,3300,50600,38100,2513600,34900,2549200,0,0,0,0,0,526600,0,629800,0,0,0,0,0,0,0,116200,0,0,0,0,0,0,0,0
RMER,0,0,0,0,0,0,0,0,0,0,0,0,0,0,0,0,0,0,0,0,0,0,0,0,0,0,0,0,0,0,0,0,0,0,0,0,0,653600,700200,2800000,1341700,778000,389400,0,3018500,0,991000,0,1367200,0,0,0,0,0,0,0,0,165000,601000,0,0,0,40400,0,43400,0,0,0,0,0,0,0,0,0,0,0,0,0,0,0,0,0,0,104000,0,0,0,170200,0,0,0,0,0,696000,0,0,0,1695000,0,0,0,276200,1520200,0,0,520800,881400,0,0,1905900,0,632800,0,1375600,0,0,120000,170000,994600,855100,0,120900,2812600,1001000,2104350,2851800,0,19900,0,1526200,0,0,0,0,0,0,0,0,0,0,0,0,0,117600,52400,0,2010800,1043100,2013100,1239200,1645200,0,0,0,0,0,0,0,0,0,0,0,24600,631500,0,0,16500,0,0,0,0,0,0,0,0,0,0,0,1603600,0,0,0,66500,0,3900,2975000,0,2568900,116100,0,0,0,0,438600,0,712300,0,0,0,0,0,16800,0,0,0,0,0,0,0,0,0,0,0
RMEV,43300,0,0,0,130900,0,0,0,0,0,0,0,0,0,0,0,0,0,0,0,0,0,0,490400,0,0,0,0,0,0,73600,0,0,113400,28200,0,0,78600,325600,303900,284100,251700,606200,1606900,1719200,95400,112800,187500,208300,0,0,0,0,0,109000,276600,0,3800,0,0,0,0,0,219600,58800,0,0,0,0,358400,513200,0,0,0,0,0,0,0,0,0,0,0,0,34400,331000,0,0,1263300,0,0,0,0,0,1112800,3900,59200,1295200,1398200,0,0,967800,381400,2860600,846400,455200,284500,237000,3800,343400,170600,0,140600,513600,997200,487800,510800,1061800,1006300,0,0,687800,442400,8010800,2988600,2851800,2317150,0,0,170900,56300,0,30800,0,0,136600,18200,0,0,0,0,791600,1018600,211800,812100,2912900,2460700,781800,553400,1288000,1439000,0,0,0,0,0,0,0,0,0,0,0,15300,109300,2069200,0,0,2658600,962200,0,0,0,0,0,0,0,0,0,0,3434800,0,0,379600,195900,249100,49800,0,0,0,300,281100,357100,319300,441400,0,0,0,0,9200,10600,194700,148000,0,0,0,4000,0,0,131100,439600,0,0,0,0
RMFL,0,0,0,0,0,0,0,0,144500,429800,0,0,48800,0,0,0,0,0,0,0,0,0,0,0,0,0,0,0,0,0,0,0,144600,1538800,191300,0,0,0,0,0,0,0,69200,836500,131400,0,29600,0,211600,433200,486000,2316600,2128600,0,3880600,0,628700,0,425800,0,0,0,0,0,184200,17800,0,0,0,210800,1762200,0,441600,0,0,13400,15700,0,467200,0,122000,0,0,65000,0,0,0,595800,0,0,0,0,0,3217000,158600,500,79000,60200,0,0,2584600,59000,58000,2572800,1801300,0,0,0,0,0,0,216100,0,65200,36400,1653300,45300,11400,2344800,2621100,165800,109500,0,11000,0,0,0,356100,3195000,0,9400,0,57500,81800,0,0,31100,0,13800,0,148800,0,180600,35500,64100,459600,0,0,0,0,2500,525600,0,0,0,0,0,0,0,0,0,2978000,2209200,661100,0,1066200,0,625000,0,0,0,0,0,0,0,156100,184000,244600,180900,0,4609600,0,0,0,0,0,512400,0,265400,0,0,0,0,0,299200,0,285800,0,0,0,0,0,0,0,215000,0,0,0,0,0,0,0,11800
RMFR,0,0,0,0,0,0,40400,0,439600,344600,0,4400,0,0,0,0,0,0,0,0,0,0,0,0,0,0,0,0,0,0,13400,0,2011800,0,222000,523000,10000,3000,0,0,0,0,271700,0,1056400,0,0,17400,0,636000,481000,2034900,2288200,2663600,0,0,264800,539500,13800,0,0,5600,0,0,194200,0,91100,0,0,1574400,168800,880100,0,0,35700,0,0,1431300,0,55400,0,0,0,207100,48600,0,0,440900,0,0,0,0,8800,2022800,7000,353400,0,10800,0,0,102200,3576800,0,482200,1702800,0,0,0,32800,0,460300,0,0,0,745800,0,0,291000,2988200,2725700,104600,181700,13600,0,19900,0,356100,0,0,3282900,0,120600,0,236600,0,0,0,64400,0,137900,0,0,0,0,338800,213600,0,0,0,0,652000,18400,0,0,0,0,0,73400,0,0,0,2021200,1838400,672000,1143800,0,428400,0,0,0,6300,0,0,0,0,596800,0,77200,667300,3294600,0,0,0,0,0,561200,0,634800,0,0,0,0,0,674200,0,560200,0,0,0,0,0,102800,0,24600,0,0,0,0,0,0,0,0,0
RMHL,0,0,0,0,0,0,0,0,195500,1423800,0,0,0,0,0,0,0,0,0,0,0,0,0,0,0,0,0,0,0,0,0,0,0,0,307000,0,0,135000,0,0,423100,117800,0,0,317600,499400,0,780000,0,379700,626800,263000,0,52000,535200,2500,1322200,0,1952400,0,0,0,0,0,0,3000,0,0,0,0,361000,0,0,0,0,0,0,1116400,220200,0,24400,0,0,33600,0,0,0,0,0,0,0,0,0,0,0,0,0,0,0,0,0,591200,0,0,0,0,0,0,0,897400,0,3897500,0,1358800,2800,786200,109900,373400,1229700,3452800,578100,93500,0,769400,0,170900,3195000,0,0,848200,94100,0,1587500,27600,938800,126000,0,652600,100600,0,0,86800,1162400,663400,250400,483800,12000,334900,0,361400,128900,1093400,0,0,0,0,0,0,0,0,0,213200,0,0,591800,959600,750200,12500,0,0,109200,0,0,0,0,3652000,1773600,615800,0,677200,1304300,0,0,0,0,0,526400,0,336600,0,0,0,0,0,256500,0,35700,19000,0,0,0,0,0,0,120900,7200,0,0,0,0,0,0,0
RMHR,0,0,0,0,0,0,0,0,2204900,160100,0,0,0,0,0,0,0,0,0,0,0,0,0,0,0,0,0,0,0,0,0,0,0,0,505200,0,0,0,149400,397200,0,0,0,375600,0,112800,594100,0,962400,975200,530600,0,183500,1016800,54400,0,1225400,1558600,79400,0,0,1600,0,0,0,0,0,0,0,146400,0,0,0,0,0,0,0,99400,42200,409200,43600,0,0,0,63800,0,0,0,0,0,0,0,0,53800,0,0,0,0,0,0,947200,0,0,10000,0,0,0,0,1422000,0,3197200,0,1024200,0,849200,7600,616400,430600,2257400,1943000,109400,102600,0,5400,1526200,56300,0,3282900,848200,0,136600,182200,3500,1301700,1170800,1488600,1157000,289700,300100,1200,10600,127200,282200,675800,762400,487800,290600,0,342200,3400,848300,0,0,0,0,0,0,0,0,0,0,0,329200,0,587600,562000,164800,472900,0,0,0,0,0,0,0,1979300,3985400,0,800,594700,516400,0,0,0,0,497200,0,161100,0,0,0,0,0,102000,0,73800,0,0,0,0,0,0,0,0,0,0,0,0,0,0,0,0,0
SIADL,0,3500,0,0,0,0,0,774900,0,1623000,0,0,0,0,0,0,0,0,0,0,0,0,0,0,0,0,0,0,0,0,0,0,0,16500,1479400,0,0,0,0,0,0,240200,0,0,0,0,1600,0,0,0,0,1036200,3400,197900,0,248600,984100,0,0,0,126900,182500,0,104200,0,17500,220200,0,0,0,1575400,0,220400,0,0,327200,0,47200,861400,0,2400,0,165800,5100,234800,0,0,0,0,0,5800,0,0,0,1685800,379600,141200,43200,0,0,765800,140000,0,842800,201600,0,0,0,0,0,0,0,63000,0,24000,15600,684700,219400,988800,868600,389400,174800,0,0,0,0,9400,0,94100,136600,0,769200,1928300,43000,2824400,76200,1009000,874000,4021600,0,1000,25600,2374800,5700,1042200,1166500,0,0,90800,0,139400,439100,0,62200,0,0,0,0,9400,0,67300,748200,643600,0,0,90600,0,0,0,0,0,0,0,0,0,824800,171700,0,0,46600,172400,0,0,0,0,0,0,0,0,0,0,0,0,0,17800,0,0,0,0,0,0,0,0,0,0,0,0,0,0,0,0,0,0
SIADR,0,0,0,0,0,0,950000,0,904000,0,5600,0,0,0,0,0,0,0,0,0,0,0,0,0,0,0,0,0,0,0,0,0,0,0,1647800,6800,0,0,67600,0,0,0,207200,0,0,42000,0,0,0,0,0,0,972200,10400,233800,660900,123100,19800,0,52200,0,0,84400,0,155900,79800,0,0,0,700000,0,260500,0,0,0,0,461800,908000,0,390600,0,118900,0,584900,0,0,0,0,0,0,0,106800,0,22000,550400,1356200,0,312000,0,0,0,555300,0,84000,692000,0,0,0,0,0,0,0,0,64000,46000,30500,245200,767000,589400,994600,256000,382300,0,0,0,30800,0,120600,0,182200,769200,0,24200,1855500,80100,2432800,867800,573200,0,3441200,32700,218800,1200,2107400,2098800,1555000,0,0,0,51200,0,0,141400,0,0,0,0,0,0,0,0,1016000,963200,755600,298000,0,0,0,0,0,0,0,0,0,0,185000,402600,0,290000,124900,0,0,0,0,0,0,0,0,0,0,0,0,0,0,0,0,0,0,0,0,0,0,0,0,0,0,0,0,0,0,0,0,0
SIAVL,0,0,0,0,0,0,0,0,0,0,0,0,0,0,0,0,0,0,0,0,0,0,0,0,0,0,0,0,0,0,0,0,0,2800,3349800,0,0,0,0,0,0,83600,0,128000,0,0,0,156200,0,2935400,0,0,24400,51900,4800,245600,699200,37200,0,0,0,0,0,2800,0,247000,0,0,0,0,0,0,0,356000,0,600,0,287200,157400,0,40100,0,36600,0,1376100,200,0,0,0,0,158200,0,0,0,245900,1452600,0,0,0,0,419400,0,0,1010000,0,0,0,0,0,0,140600,0,73200,0,0,1505400,0,176000,0,1008800,74200,1305300,0,0,0,0,57500,0,1587500,3500,1928300,24200,0,0,4370600,43400,2260200,1436100,1494400,0,2140200,0,36400,47000,0,708200,0,0,70100,0,0,240400,104200,0,0,353900,0,0,0,0,78900,1140800,1150500,0,0,0,185600,0,0,0,0,0,0,65000,0,1458400,368200,606400,0,73300,0,0,0,0,0,0,0,0,0,0,0,0,0,0,0,0,0,0,0,0,0,0,0,0,0,0,0,0,0,0,0,0,0
SIAVR,0,339200,0,0,0,0,0,0,0,0,250300,0,0,0,0,0,0,0,0,0,0,0,0,0,0,0,0,0,0,135700,0,0,21200,0,3282200,726500,0,0,0,0,0,0,69800,0,160000,0,0,0,55600,0,2273500,0,2100,266800,127200,0,244100,0,200500,0,0,0,0,0,0,0,556000,0,1300,33100,0,0,0,0,290300,0,0,0,425600,186000,0,0,0,1598600,13600,0,0,0,0,50600,0,0,0,0,2059700,397800,0,176900,0,9500,0,72900,0,2200,199300,0,0,0,0,0,0,184000,0,72900,1755500,0,198000,0,1299800,1800,1626400,100400,0,0,0,0,81800,236600,27600,1301700,43000,1855500,0,0,51500,3658500,2326600,1961200,0,2468800,0,3405200,48700,2200,1010700,0,0,0,0,83800,49000,0,0,122100,0,0,0,35600,0,0,0,955400,818200,59000,0,85200,0,124900,0,0,151400,186400,0,0,0,657000,1117100,0,112700,0,144600,0,0,0,0,0,0,0,0,0,0,0,0,0,0,0,0,0,0,0,12400,0,0,0,0,0,0,0,0,0,0,0,0
SIBDL,357200,0,0,0,343800,0,0,483200,0,338800,553800,0,0,0,0,0,100800,0,0,0,93000,0,0,130000,0,0,0,0,0,0,401400,0,77600,246100,366200,0,0,17200,99600,17000,0,139300,0,0,53900,0,0,1695800,0,1446000,0,0,0,14800,149800,0,53800,727600,210000,0,104400,800,137700,90900,0,613600,59000,0,0,442800,102000,0,385100,229600,21000,158000,122200,373200,4900,139200,414800,137900,289000,0,26200,0,0,0,0,29300,0,0,0,0,0,108100,533400,4400,0,0,0,0,184600,742700,323800,0,0,0,0,0,192200,0,108000,0,725500,700100,182800,0,40200,1975600,30100,443500,0,0,0,136600,0,0,938800,1170800,2824400,80100,4370600,51500,0,434800,2270200,294900,3286800,632800,1756800,0,1468200,7200,176400,139300,0,0,59100,0,0,319300,0,190400,19600,0,0,0,459900,128600,182300,0,0,0,0,0,293400,0,0,0,0,0,0,0,0,786900,1163400,96800,0,182100,193800,0,0,0,0,0,0,0,0,0,0,0,0,0,0,20800,0,0,0,0,0,0,0,107100,0,0,0,0,0,0,0,0,0
SIBDR,0,7700,0,0,59400,230400,489400,0,530000,0,354100,0,0,0,0,0,0,0,0,121000,0,0,0,285000,213800,0,0,0,0,0,0,363600,44600,78800,319200,0,0,0,0,0,0,0,69200,111900,0,0,0,0,1636000,0,1416200,0,178000,374000,172400,0,201200,18400,289600,15400,0,178800,0,0,124400,18600,564800,0,0,65400,257700,481000,0,0,299600,139200,269400,228600,207200,465000,185100,543000,94700,0,0,0,0,0,0,333500,0,0,0,0,25400,197400,0,698400,0,1000,0,0,151600,498400,1400800,0,0,0,0,0,0,3900,0,134300,154600,714200,0,56800,1848200,78600,665000,0,0,0,0,18200,0,0,126000,1488600,76200,2432800,43400,3658500,434800,0,684600,3607200,354200,2975400,175600,1163600,33600,1609000,158500,286200,0,0,0,60300,125800,0,392800,0,0,59000,30200,216600,0,0,900,0,0,0,13400,0,0,169000,0,0,0,0,0,0,0,498400,944200,0,0,325000,50400,0,0,0,4800,0,0,0,26900,0,0,0,16700,0,0,0,177700,0,0,0,0,0,0,0,0,0,0,0,0,0,0,0,11400
SIBVL,184600,0,0,0,0,0,0,0,340800,0,1699000,0,0,0,0,0,0,0,0,0,0,0,0,0,0,0,0,0,16400,0,0,0,163000,184400,4330400,0,81600,0,92800,0,137800,91100,140000,0,178100,1766500,0,105200,253100,118300,243900,618600,177200,28600,0,0,500200,303200,450400,0,206300,20100,0,109400,154100,803600,131600,0,0,43200,138400,0,0,0,0,0,119100,0,13800,1831200,347800,255200,57200,0,281600,0,23000,0,139800,466200,0,13700,222800,0,380200,26500,404800,214200,0,0,297100,0,11000,878600,71600,0,0,0,0,0,0,47900,86200,71500,0,1400,825000,1048000,765200,1808300,37800,915800,0,0,0,0,31100,0,0,1157000,1009000,867800,2260200,2326600,2270200,684600,0,2911200,1784000,2186900,187800,574900,623900,0,192100,30100,0,0,83300,52400,168100,334100,0,73400,0,0,0,350800,0,0,0,0,0,0,229400,113800,0,12400,0,0,69300,73200,0,0,0,996400,2563200,33500,0,912400,261000,0,0,0,0,0,0,0,0,0,0,0,0,96100,0,0,0,13500,3400,0,0,86100,0,0,0,63800,85200,0,0,25500,0,0,0
SIBVR,0,240400,0,0,0,0,70400,0,77200,81800,859400,0,0,0,0,0,0,0,0,0,0,0,0,0,0,1118900,0,0,0,0,0,0,84400,111400,2718400,0,142600,0,0,0,66800,27600,123700,100800,0,0,1815600,88800,3600,332200,130000,138800,349000,63000,18200,132300,497500,262600,275800,0,89200,205000,0,228000,41000,57500,450600,0,0,103200,71600,0,0,0,0,63800,3400,184400,38800,431800,722200,0,1703300,36200,16000,0,0,0,11100,282400,0,0,0,0,25200,504300,272700,338400,0,0,0,638000,8500,189000,547400,0,0,0,0,0,0,25900,0,77500,2000,0,554300,801900,2136000,703100,974200,58600,0,0,0,0,0,64400,652600,289700,874000,573200,1436100,1961200,294900,3607200,2911200,0,1631800,1487400,525400,46000,104800,245800,0,0,0,0,45200,81400,348400,56700,0,0,0,232800,135200,0,0,0,0,0,0,247000,0,145400,109000,87800,0,0,0,0,4800,90000,0,3115500,720000,2350200,281400,494400,510500,0,0,0,0,0,0,0,0,0,0,0,0,0,115800,0,0,0,0,0,0,0,92400,0,0,0,0,0,0,0,52100,0,0
SMBDL,715000,0,0,0,0,0,0,432000,0,1693200,0,0,0,0,0,0,0,0,0,0,0,0,0,0,0,0,0,0,34700,0,0,0,0,0,577400,0,260000,116000,0,0,0,1000,0,0,23200,0,2849200,0,0,21400,0,2048800,0,194200,2640000,0,486800,0,847600,0,0,149600,0,154000,0,764300,231200,0,0,0,356000,0,0,1000,0,4056700,407600,60200,402100,146600,0,0,138400,0,300200,0,0,0,171600,0,0,0,0,0,538200,172400,21400,0,0,0,968800,190400,8400,9400,0,0,0,0,0,294400,0,0,0,0,209100,258200,2719800,295800,0,0,20700,57400,794600,0,0,0,13800,0,100600,300100,4021600,0,1494400,0,3286800,354200,1784000,1631800,0,618200,10077400,373400,2300,0,32200,0,0,0,0,0,173400,985400,0,0,0,0,0,0,0,0,0,1478800,890500,0,0,1612900,0,0,0,0,9800,19200,0,0,0,1093200,437300,0,0,222800,200600,0,445200,0,0,0,108400,0,0,0,726900,0,0,0,411600,0,0,0,1061600,0,0,0,165800,0,0,0,819500,0,0,0,76000,0,0
SMBDR,0,1658000,0,0,0,0,340800,0,1787100,0,0,0,0,0,0,0,0,0,0,0,0,0,0,0,0,0,0,66800,0,524600,0,0,0,0,673800,345900,226800,0,298100,0,0,0,82300,0,0,2575400,0,0,0,0,143800,47600,1508600,2427700,150200,0,0,993400,0,14600,0,0,0,0,133600,0,426000,0,0,117200,0,0,0,0,0,37700,2785600,1077000,109700,24800,0,224400,0,22400,600,0,0,0,172000,0,0,0,21400,0,0,479400,0,0,0,17000,173400,449600,0,110000,80400,0,0,0,276100,0,0,0,0,300,715200,113600,135900,2864200,0,0,23200,0,705600,0,0,0,0,137900,0,1200,0,3441200,0,2468800,632800,2975400,2186900,1487400,618200,0,304100,11769500,0,526100,0,0,14200,0,0,0,451300,0,0,0,0,0,0,0,0,0,0,321800,1070400,298400,979600,129500,0,0,0,0,153900,0,0,0,0,448500,1133600,0,751400,428000,10600,146800,0,0,0,129200,0,0,0,662400,0,0,0,431800,0,0,0,1182000,0,0,0,169000,0,0,0,814500,0,0,0,34800,0,0,0
SMBVL,2453400,0,912600,0,0,0,0,0,111000,0,0,0,400,0,0,586100,0,0,0,495600,0,0,0,0,0,0,35300,0,1133700,0,0,0,0,0,531600,0,4400,0,0,165300,0,195200,0,196800,0,0,0,1133200,0,4766800,0,5600100,79200,0,1286200,0,0,264300,0,75400,0,0,0,9800,0,127200,0,398300,0,0,0,0,0,476200,0,4721800,94100,189400,0,68600,160000,0,2100,219300,6600,0,0,0,0,0,200,0,31000,0,606000,70400,0,0,199700,0,725800,2500,276200,207300,0,64500,0,97000,0,0,356400,0,30000,0,0,165800,0,166100,0,76600,46400,2402000,0,0,0,791600,148800,0,0,10600,1000,32700,2140200,0,1756800,175600,187800,525400,10077400,304100,0,285400,228000,137800,0,293100,0,0,0,0,0,62800,555200,0,297000,512100,101600,0,620400,0,177200,587100,158600,0,0,0,1348300,0,0,0,0,0,0,217100,0,896500,175400,891400,139200,700000,0,0,0,626000,0,0,0,42800,0,0,0,440300,0,0,0,177400,0,0,0,717800,0,0,0,125800,0,0,0,772200,0,0,0,0,0
SMBVR,0,1301100,0,1152200,0,0,0,0,0,148500,0,0,0,0,0,0,815800,0,0,0,166000,0,0,0,0,0,0,51800,0,1195100,0,0,0,0,467200,144100,111700,0,0,0,339600,0,0,0,302800,0,0,0,1097200,0,4094200,161800,5371800,1147600,0,0,0,0,98800,0,89600,0,0,0,0,0,173000,0,438400,0,0,0,0,2300,352600,305400,5332800,0,15400,32600,46400,380000,0,151800,456400,0,0,20600,153200,0,0,15500,0,0,0,485400,0,0,0,510800,115400,1255900,16900,0,144400,0,8000,17800,0,0,0,476400,0,108400,74200,0,191400,2500,154000,15800,2358600,0,0,0,0,1018600,0,0,86800,127200,25600,218800,0,3405200,0,1163600,574900,46000,373400,11769500,285400,0,29600,16600,213900,0,0,0,0,257000,0,0,0,716200,0,56800,384400,299700,0,226000,0,35800,657100,358400,0,0,0,1682200,0,0,0,0,0,0,3400,95100,459400,0,1460600,0,646700,0,0,0,408000,0,0,0,35600,0,0,0,343400,0,0,0,114900,0,0,23400,660800,0,0,0,127000,0,0,0,446800,0,0,0,192300
SMDDL,0,0,0,0,0,0,0,3600,99200,1685500,0,0,0,0,0,0,13600,0,0,0,32800,0,0,0,0,29000,0,0,0,0,0,0,0,0,82600,0,0,300,0,0,0,0,0,750000,893400,0,33300,0,0,3800,0,3748000,0,468500,7149300,51400,212300,0,269900,0,59200,0,442400,0,0,172000,132600,0,0,0,1419600,0,117800,0,0,0,0,270200,1828000,4600,9800,0,2200,725500,0,0,0,0,0,0,0,0,0,0,3577400,3225200,186200,843700,0,0,0,0,0,2092400,3384600,23600,0,0,0,494600,0,0,102600,1900,0,4749400,538200,0,534400,509900,800,165600,3976800,3000,0,211800,180600,0,1162400,282200,2374800,1200,36400,48700,1468200,33600,623900,104800,2300,0,228000,29600,0,871800,24600,8258700,0,229200,550200,0,0,271600,0,127200,400,55400,0,0,203200,800,18400,648600,301800,0,0,1121700,0,0,0,0,0,20800,2200,7700,0,2216500,857400,0,2768400,243600,140500,18400,138800,78800,134000,0,0,0,0,30600,282600,184800,0,0,165600,0,0,83000,532000,5800,0,0,20400,0,0,25400,77500,0,0,0,10000,0,0
SMDDR,0,0,0,0,0,0,0,0,731200,148200,0,0,0,0,0,0,0,0,0,0,0,0,0,0,0,3400,0,0,0,0,0,0,0,0,0,0,0,0,51500,0,0,0,0,946200,454800,22600,0,0,0,0,126700,0,2512200,6394600,543200,209800,43200,182600,0,55400,0,140400,0,0,0,16800,9000,0,0,1762500,0,37700,0,0,0,0,0,1667700,453200,0,0,8400,0,206400,924200,0,0,1200,0,0,0,0,0,49600,3185400,3442600,1041400,320800,0,0,0,0,0,3828400,3182600,0,0,0,465900,0,3400,0,0,204300,4260600,7000,0,534200,679400,658600,247100,0,3733600,31000,117600,812100,35500,0,663400,675800,5700,2107400,47000,2200,7200,1609000,0,245800,0,526100,137800,16600,871800,0,10071400,334200,102200,0,0,726600,418100,0,48400,0,0,16600,0,0,0,0,0,433900,333600,0,1514900,0,0,0,0,0,10800,15200,48200,0,0,586100,1376800,0,4986400,217600,600,278800,22800,13000,256000,0,0,0,0,443600,32800,3000,80800,18300,0,0,0,234800,0,0,0,221300,0,0,0,102200,0,0,0,0,0,0,0
SMDVL,0,0,0,0,0,0,0,0,0,324900,0,0,118800,0,0,0,400,3600,0,0,0,0,0,54100,0,0,29200,0,0,0,0,4000,94200,0,1228600,0,0,15200,0,116300,0,0,0,187000,1536600,0,0,0,0,0,1241400,211200,4738200,1515600,521200,0,505200,0,0,0,0,3400,0,0,144200,0,481500,0,0,0,942600,0,101000,0,0,25400,23500,1351600,603600,0,93600,0,0,1089400,0,0,0,0,0,0,0,200,0,0,4921000,4315800,31600,1040800,0,0,19300,51800,28200,2557600,2247600,0,0,0,147700,0,133600,0,0,65000,2345200,150800,0,1377300,310400,352200,632500,0,386200,42400,52400,2912900,64100,338800,250400,762400,1042200,2098800,0,1010700,176400,158500,192100,0,32200,0,0,213900,24600,10071400,0,1929600,729200,0,0,0,66500,708400,0,0,0,0,0,0,0,0,0,702300,134700,451000,0,0,0,688300,0,0,0,0,0,0,0,289400,66200,0,2177100,0,242800,84000,0,0,50100,0,0,0,0,1800,18500,12200,236200,0,0,0,0,0,0,0,67600,0,0,0,0,0,0,0,0,0,0,0,0
SMDVR,0,0,0,0,0,4000,0,0,366400,7000,0,0,0,0,0,0,0,0,0,0,0,0,0,0,4800,0,0,0,0,0,0,0,107300,206200,1224700,0,0,0,1400,0,10600,0,0,1758200,143600,0,0,0,0,708600,0,3719900,37600,539400,2339800,58600,1461600,0,226200,0,0,0,0,231400,0,629800,0,0,0,1233700,4800,0,0,0,0,0,0,376600,2785100,0,0,0,0,0,1154900,0,0,0,0,0,0,0,0,6600,4624200,3753800,1858800,137400,0,0,10400,27200,0,2395800,2366100,0,0,40600,21200,183800,0,602200,289800,0,482400,3747000,701400,0,308900,525200,102200,459300,793100,178400,0,2460700,459600,213600,483800,487800,1166500,1555000,708200,0,139300,286200,30100,0,0,0,293100,0,8258700,334200,1929600,0,0,561000,47200,0,647600,28800,0,0,0,7100,0,0,669200,0,106700,1800,610000,203400,0,0,1430400,0,0,0,0,0,0,0,0,751600,239800,41200,2856400,420600,0,9400,124400,30400,26200,0,0,0,0,0,8700,371300,0,0,0,200,0,0,0,141000,0,0,0,38600,0,0,0,0,0,0,0,0,0
URADL,0,0,0,0,0,0,0,0,0,0,0,0,0,0,0,0,0,0,0,0,0,0,0,0,0,0,0,0,0,0,0,12500,0,0,0,0,0,1884200,0,581800,0,0,0,0,0,704000,0,0,0,0,0,0,0,0,0,0,0,243600,0,268700,0,1633800,0,0,0,79900,0,0,0,0,0,9300,0,0,0,0,0,0,0,16100,1200,67800,0,0,0,87200,0,0,0,0,0,0,186000,0,0,0,2300,0,90200,0,0,0,520600,0,0,1914200,0,0,1406100,0,0,0,0,0,0,0,0,1305200,0,0,343600,0,1109200,868800,2010800,781800,0,0,12000,290600,0,0,0,0,0,0,0,0,0,14200,0,0,0,102200,729200,0,0,0,142200,0,0,0,84800,0,10600,0,120400,169200,0,27200,78800,0,18100,0,2142400,0,0,0,0,0,43700,5000,70400,0,0,115000,0,31400,0,9400,0,2490800,0,0,0,1260300,0,0,0,72300,0,0,0,68000,0,0,0,14800,0,0,0,36200,0,0,0,0,0,0,0,0,0,0,0
URADR,0,0,0,0,0,0,0,0,0,0,0,0,0,0,0,0,0,0,32600,0,17600,0,0,0,0,0,0,0,0,0,0,21300,0,2200,0,0,0,0,2217400,0,338700,0,0,0,0,0,318800,0,0,0,0,0,0,0,0,0,0,0,629600,0,187000,0,2027800,0,0,0,0,0,0,0,0,0,0,0,0,0,0,0,0,91200,0,0,0,0,0,0,51800,0,0,0,0,0,343600,0,0,0,0,11700,0,96000,0,0,125200,0,0,0,1633500,0,0,1339600,0,0,0,6400,0,0,1322000,0,0,0,0,297400,1823000,2058000,1043100,553400,0,0,334900,0,0,0,0,0,0,0,0,0,0,0,0,0,229200,0,0,561000,0,0,0,396800,0,0,0,87300,0,73000,18000,0,103100,0,14600,0,0,0,0,1429700,0,0,0,0,188200,4900,71400,0,0,99600,0,0,0,0,0,0,1875200,0,0,0,814200,0,0,0,300500,0,0,0,111000,0,0,0,20000,0,0,0,0,0,0,0,0,0,0,0,0,0,0
URAVL,0,0,0,0,0,0,0,0,0,0,0,0,0,0,0,0,0,0,0,0,0,0,0,0,0,0,0,0,0,0,0,0,0,0,64400,0,0,0,0,131500,0,2395900,0,24400,0,0,0,931200,0,0,0,33300,0,0,0,0,0,264800,0,0,0,0,0,1186000,0,400,0,0,0,0,39200,0,0,0,0,0,0,0,15900,38200,0,0,0,0,0,0,0,109000,0,0,5200,0,296300,99400,0,0,53400,0,0,0,40200,0,374600,0,0,1905600,0,0,0,0,405900,0,1288000,0,0,12800,394800,0,0,0,0,1571500,1200400,1220200,2013100,1288000,0,0,0,342200,90800,0,70100,0,59100,0,83300,45200,0,0,0,0,550200,0,0,47200,142200,0,0,0,0,0,0,0,0,0,0,0,0,0,0,0,24200,26400,0,0,681500,0,0,0,0,0,0,0,0,0,200,0,0,0,0,0,0,1898000,0,0,0,1917200,0,0,0,254800,0,0,0,58800,0,0,0,0,0,0,0,0,0,0,0,0,0,0,0,0,0
URAVR,0,0,0,0,0,0,0,0,0,0,0,0,0,0,0,0,0,0,0,0,0,0,0,0,0,0,0,0,0,0,0,0,0,0,123000,0,0,0,0,0,264500,0,2788800,0,77300,0,0,0,782700,0,0,0,24200,0,0,0,0,0,310300,0,0,0,0,0,642500,0,53500,0,0,0,0,0,0,0,0,0,0,0,0,0,13800,0,0,0,0,0,0,347600,0,0,0,0,78200,0,0,0,0,632800,0,0,0,140800,365800,0,0,0,1865000,0,0,63500,0,8800,0,473300,0,0,0,300600,0,0,1802200,51100,979400,1814400,1239200,1439000,0,0,361400,3400,0,51200,0,83800,0,60300,52400,81400,0,0,0,257000,0,726600,0,0,0,396800,0,0,0,0,0,0,0,0,0,28900,0,0,0,0,0,0,0,0,0,1062200,0,0,0,0,0,0,0,140500,0,0,0,0,0,0,0,0,1771600,0,0,0,1866400,0,0,16800,35900,0,0,0,109300,0,0,0,6900,0,0,0,23000,0,0,0,0,0,0,0,0
ADEL,0,0,0,0,0,0,119000,0,44600,0,558400,0,0,0,0,0,0,0,0,22400,0,0,0,0,0,0,0,0,0,0,0,0,0,0,38600,703000,624600,0,0,643000,0,0,0,0,0,0,0,0,0,0,44200,183200,910600,802300,514400,78800,0,1859400,0,0,0,0,0,0,0,1435600,0,0,0,0,0,79800,0,0,0,0,0,83000,1908000,0,0,24400,0,0,0,6600,0,264100,0,0,0,0,211700,882100,79600,0,0,0,0,0,755100,1785700,0,0,0,0,0,0,12000,0,1379000,0,0,0,499600,637400,0,0,552800,496600,0,0,0,0,1645200,0,2500,652000,128900,848300,139400,0,0,49000,0,125800,168100,348400,173400,451300,0,0,0,418100,66500,647600,0,0,0,0,0,6228800,0,0,0,136200,318000,273200,0,39300,0,262900,525800,304400,11700,0,85000,0,0,0,341700,0,0,48800,0,0,0,0,660600,0,0,0,0,0,0,0,0,0,0,0,0,0,0,26000,0,163000,0,0,0,0,0,0,0,0,0,0,0,0,0,0,0,0,0
ADER,0,0,0,0,0,0,0,628600,0,191000,994200,0,0,0,0,0,0,0,0,0,0,0,0,0,0,0,0,0,0,0,0,0,0,0,392400,347500,1567900,0,0,0,732200,0,0,0,0,0,0,0,0,0,0,1089400,0,381700,157000,0,175700,0,1946000,0,0,0,0,0,0,24800,1288900,0,0,0,0,0,0,0,0,0,0,537400,691400,0,0,0,647800,0,174400,0,60900,0,0,0,187400,27100,172000,519300,0,10300,0,0,0,59000,2079200,679400,0,0,0,0,0,166800,0,0,0,1170200,0,0,797400,1030700,0,0,407200,955800,0,0,0,1359200,0,0,525600,18400,1093400,0,439100,0,240400,0,319300,0,334100,56700,985400,0,62800,0,271600,0,708400,28800,0,0,0,0,6228800,0,0,0,0,0,192800,0,0,0,189200,464600,498000,54200,0,32100,0,60600,0,0,586200,32300,4300,0,0,0,0,0,22400,0,0,0,0,0,0,0,0,0,0,0,0,0,0,0,21100,0,134200,0,0,0,0,0,0,0,0,0,0,0,0,0,0,0,0
AIML,2978500,0,40800,0,0,0,322000,0,0,0,0,353000,0,5156200,0,542800,0,0,0,2035200,56800,1978800,0,0,0,0,154000,0,758600,0,482800,83700,0,0,0,0,0,17400,0,78300,0,0,0,49800,0,88600,0,121400,0,0,0,0,0,0,0,0,0,278200,0,153000,0,50200,0,110100,0,7000,0,5289700,0,592800,0,0,0,405700,0,661700,0,2132800,0,183800,548500,186200,292800,453000,14600,7000,0,0,0,0,30100,0,0,0,0,0,0,0,445300,0,213400,0,147200,0,0,3800,0,7600,39800,0,33200,0,0,0,0,0,0,0,0,0,0,0,0,0,0,0,0,0,0,0,0,141400,104200,0,0,392800,0,0,0,0,555200,0,0,48400,0,0,84800,0,0,0,0,0,0,151800,442400,736000,2226600,189800,667600,273000,392500,0,0,0,0,0,0,0,0,0,0,0,0,712200,0,478000,0,55200,0,914200,0,0,0,0,0,0,0,0,0,0,0,0,0,0,0,0,0,0,0,0,0,0,0,0,0,0,0,0,0,0,0,0,0
AIMR,0,3106700,0,253200,0,0,0,83700,0,0,66800,9700,291200,0,4529000,0,992600,0,64200,36500,2649800,0,2042600,0,0,0,0,56800,0,1188600,67000,76900,0,0,0,134600,0,0,0,0,117200,0,0,0,236600,0,95400,0,71200,0,0,0,0,0,0,0,0,0,362800,0,115600,0,100400,0,124300,0,0,0,4150500,0,814700,0,0,0,345400,0,688800,0,1885100,354400,116200,499100,200700,192200,234100,0,164000,0,86400,0,0,93000,0,0,0,0,0,0,0,438200,0,16800,64800,0,0,0,261000,0,0,13200,0,0,0,0,0,0,0,0,0,0,0,0,0,0,0,0,0,0,0,0,62200,0,0,122100,190400,0,73400,0,0,0,0,716200,127200,0,0,0,0,87300,0,0,0,0,151800,0,366400,1327600,1022900,726900,186800,381000,189800,0,0,0,0,44400,0,0,0,0,0,4600,6500,0,809900,0,510000,6000,120000,0,1484600,0,0,0,0,0,0,0,0,0,0,0,0,0,0,0,0,0,0,0,0,0,0,0,0,0,0,0,0,0,0,0,0
ALA,0,0,2401000,1378000,0,0,0,0,0,0,0,32100,254800,184900,0,0,0,508500,772200,1316200,1770600,3877100,4074600,0,0,0,114200,100,0,0,239600,303800,0,0,0,0,0,201800,0,433100,440700,0,0,252600,60800,37600,96400,0,0,0,0,0,0,70800,0,0,98200,18400,78100,15000,114200,40800,103600,0,0,2200,0,442300,685400,0,0,303400,0,0,0,0,0,178500,19200,0,0,0,56600,424800,153800,0,0,0,0,0,0,0,0,0,0,0,0,0,0,0,0,0,0,0,0,0,0,0,82200,60400,135800,313200,0,0,0,0,0,0,0,0,0,0,0,0,0,0,0,0,0,0,0,0,0,0,19600,0,0,0,0,0,297000,0,400,0,0,0,10600,0,0,0,0,0,442400,366400,0,132500,43000,0,819600,0,630900,0,0,0,0,0,0,0,0,0,0,0,0,839200,2009800,0,0,0,0,0,0,0,0,0,0,0,0,0,0,0,0,0,0,0,0,0,0,0,0,0,0,0,0,0,0,0,0,0,0,0,0,0,0
AVFL,0,441900,199200,267000,0,0,0,0,0,0,0,0,0,0,0,470500,1286300,0,0,822300,82800,85000,32900,0,0,0,147900,571000,217800,1115600,0,0,0,0,312500,0,0,0,0,112400,87000,0,0,81700,0,61600,43800,0,0,0,0,0,0,0,0,0,0,73300,800,268500,253600,49900,0,0,0,302300,136400,78000,51000,0,0,0,0,0,0,0,0,182800,0,0,0,89400,334600,0,0,1588000,647200,0,0,0,0,0,0,0,0,0,0,0,197000,557000,0,0,11600,0,0,1512700,945400,0,66200,0,0,0,0,0,0,0,0,0,0,0,0,0,0,0,0,0,0,0,0,0,0,0,353900,0,0,59000,0,232800,0,0,512100,56800,55400,16600,0,7100,0,73000,0,0,136200,0,736000,1327600,132500,0,5076600,313400,380600,188600,279000,0,15400,0,134700,0,144000,0,0,0,0,657400,462300,3586600,74400,0,0,442800,0,1519800,620800,0,0,0,0,0,0,0,0,0,0,0,0,0,0,0,0,0,0,0,0,0,0,0,0,0,0,0,0,0,0,0,0
AVFR,645400,164000,0,2800,0,0,14400,0,0,0,0,1600,0,0,0,191400,0,0,0,0,1005300,263800,5200,0,0,0,217800,656200,611000,120700,0,0,0,0,0,0,0,0,0,257800,72800,0,0,33600,0,3000,5800,0,0,0,0,93200,0,0,0,0,0,4800,74900,158800,84200,2000,0,0,0,383800,0,83900,0,0,0,0,0,19500,0,63900,0,400600,522000,0,0,0,317600,37100,9400,2360000,209400,0,0,0,132800,0,0,0,0,0,0,0,1211200,174800,0,0,1000,0,0,3249200,378200,0,0,0,0,0,0,0,0,0,0,0,0,0,0,0,0,0,0,0,0,0,0,0,0,0,0,0,0,30200,0,135200,0,0,101600,384400,0,0,0,0,120400,18000,0,0,318000,192800,2226600,1022900,43000,5076600,0,179700,129800,83600,35200,0,674400,0,0,0,181500,0,0,0,0,1432100,309400,2000900,1028000,0,0,231400,0,1849400,329000,0,0,0,0,0,0,0,0,0,0,0,0,0,0,0,0,0,0,0,0,0,0,0,0,0,0,0,0,0,0,0,0
AVHL,0,1749300,0,136000,0,0,172000,0,0,0,878200,15200,0,0,0,93400,119500,0,0,408900,0,0,0,0,0,300,0,0,0,197700,0,0,0,0,1312400,0,0,94800,0,0,274600,0,118500,18900,0,216400,0,0,66700,0,0,0,0,1400,0,0,0,0,0,164600,1092000,321600,0,0,105000,0,790600,0,0,0,0,625400,0,0,900,0,55000,727600,1049300,1153800,1662800,666000,6200,283600,0,264400,0,206600,186600,961400,0,3710800,423000,146800,0,0,0,0,310800,386700,0,77400,199600,0,470000,382800,1088900,2259600,100300,0,0,0,0,0,90800,0,0,0,0,0,0,0,0,0,0,0,0,73400,0,0,0,0,0,35600,0,216600,350800,0,0,0,0,299700,0,0,0,0,169200,0,0,28900,273200,0,189800,726900,0,313400,179700,0,76000,4719200,358200,425000,0,237600,228600,0,0,0,0,0,454600,600,86800,0,0,123600,261200,6000,0,0,0,0,0,0,0,0,0,0,0,0,0,0,0,0,0,0,0,0,0,0,0,0,0,0,0,0,0,0,0,0,0,0,0
AVHR,1965200,71400,38100,0,0,0,0,717000,0,0,520200,0,0,0,0,213600,1000,0,0,0,72800,0,0,0,0,777200,44600,0,94000,0,0,0,0,0,378800,0,0,25000,88700,278800,0,78800,0,0,0,0,94000,99400,0,0,0,0,0,0,0,0,544800,0,0,1011300,163000,0,108800,38100,0,445400,0,8500,0,0,0,0,581200,84900,0,102800,0,411900,633800,1168400,1529000,37700,1229300,0,79100,63000,143700,0,1622600,0,3968800,50900,0,0,0,0,0,0,1291400,331000,70100,0,0,879000,0,242500,227600,2384800,0,0,0,0,0,0,0,479400,0,0,0,0,0,0,0,0,0,0,0,0,0,0,9400,0,0,0,459900,0,0,0,0,0,620400,0,203200,0,0,669200,0,103100,0,0,0,0,667600,186800,819600,380600,129800,76000,0,519200,5024100,0,2400,0,0,166600,0,0,0,0,2500,0,130200,0,0,0,1116200,492200,0,11600,0,0,0,0,0,0,0,0,0,0,0,0,0,0,0,0,0,0,0,0,0,0,0,0,0,0,0,0,0,0,0,0,0
AVJL,357700,222200,4700,902200,0,0,799000,150300,0,0,7700,0,0,0,0,948200,1642400,0,0,86500,0,0,0,0,0,4698200,59200,433400,203200,274200,0,0,0,0,0,79300,0,29200,139400,0,8600,0,105300,400,0,0,0,0,144600,0,0,0,0,0,0,125600,0,19400,0,129700,92800,9800,94200,0,79800,0,884500,0,66600,3000,14800,274000,0,0,782400,43200,239400,26700,1221200,915100,4032700,3292800,129200,0,100000,276800,993000,0,585900,1627200,0,190600,29700,0,0,0,0,0,375000,2572100,0,0,0,0,431600,514300,1627800,6000,0,0,0,0,0,0,126200,0,0,0,0,0,0,0,0,0,0,0,0,0,0,0,0,0,0,0,128600,0,0,0,0,0,0,226000,800,0,0,0,27200,0,0,0,39300,0,273000,381000,0,188600,83600,4719200,519200,0,101800,0,0,0,0,0,0,0,0,0,184200,826400,1734000,0,252000,312600,327800,20100,254800,0,943800,0,0,0,0,0,0,0,0,0,0,0,0,0,0,0,0,0,0,0,0,0,0,0,0,0,0,0,0,0,0,0,0
AVJR,327000,159000,197400,796800,0,0,0,505600,0,0,0,0,20700,0,0,1301400,516800,0,153000,0,197200,0,646600,0,0,4722400,250200,24500,0,107000,0,40000,0,0,0,0,0,105500,82800,110300,89700,122900,0,0,216600,0,55000,86400,0,0,0,0,0,0,0,67000,131100,0,197500,45500,103200,92600,110200,143300,0,468800,41400,0,4700,0,72400,0,1019800,656200,55400,23600,0,1296400,0,3698800,631900,135200,3108200,192500,0,1728000,254600,0,1823000,0,246200,0,146300,0,0,0,0,0,1811200,118700,0,0,18600,32300,0,935400,427700,0,0,0,0,0,0,0,0,78200,0,0,0,0,0,0,0,0,0,0,0,0,0,0,67300,0,78900,0,182300,900,0,0,0,0,177200,0,18400,0,0,106700,78800,14600,0,0,0,189200,392500,189800,630900,279000,35200,358200,5024100,101800,0,0,0,0,46100,46400,0,0,0,0,1386000,1791300,539600,100,0,222500,150500,710000,217900,1103700,0,0,0,0,0,0,0,0,0,0,0,0,0,0,0,0,0,0,0,0,0,0,0,0,0,0,0,0,0,0,0,0,0
AVKL,0,0,0,0,0,0,0,0,0,329000,130600,0,0,0,0,0,0,0,0,0,0,0,0,0,0,0,0,0,0,0,0,0,0,0,0,0,0,27400,5700,0,0,0,0,0,29300,0,47800,492600,49200,0,61000,0,517000,0,47000,151200,0,0,0,0,0,30400,0,380400,17400,0,6800,0,0,2572600,1728000,0,0,95400,0,0,710600,860100,536200,1394200,0,17400,0,2705400,179400,0,0,4542400,0,0,55200,181600,0,6509400,0,0,12000,0,0,0,2534200,2326500,28800,826600,2389600,0,0,101400,0,3200,0,0,27000,600,461200,188700,0,0,3683200,119600,0,0,0,7800,0,15300,2978000,2021200,213200,0,748200,1016000,1140800,955400,0,0,0,0,1478800,321800,587100,35800,648600,433900,702300,1800,0,0,0,0,262900,464600,0,0,0,0,0,425000,0,0,0,0,8680100,3732800,0,0,0,56800,0,0,0,0,0,0,0,155400,0,19800,2959300,21800,293000,0,0,0,0,0,0,0,0,0,0,0,0,0,0,0,0,0,0,0,0,0,0,0,0,0,0,0,0,0,0,0,0
AVKR,0,0,0,0,0,0,0,0,390800,0,209400,0,0,0,0,0,0,0,0,0,0,0,0,0,0,0,0,0,0,0,0,0,0,0,150500,11000,0,76000,23800,0,0,4700,0,1200,58600,99200,11900,83200,255600,0,0,455800,0,78800,0,151400,0,0,18000,0,0,11000,57500,2800,248300,0,0,0,0,1415500,1645000,0,0,0,145200,170400,78900,1200,1387200,30700,739700,0,0,625200,2309000,0,0,2846000,0,0,917800,0,0,6360800,0,0,0,258200,0,0,2197000,740000,160400,1489300,2613600,0,0,0,82800,0,0,0,24400,14200,340200,710300,0,0,953900,2626400,0,0,8600,0,24600,109300,2209200,1838400,0,329200,643600,963200,1150500,818200,0,0,0,0,890500,1070400,158600,657100,301800,333600,134700,610000,18100,0,24200,0,525800,498000,0,0,0,15400,674400,0,2400,0,0,8680100,0,7396700,0,0,0,254100,0,0,0,0,0,111600,0,140400,149300,16000,4154600,140200,3100,0,0,0,0,0,0,0,0,0,0,0,0,0,0,0,0,0,0,0,0,0,0,0,0,0,0,0,0,0,0,0,0
AVL,0,0,0,0,0,0,0,0,0,0,0,0,0,0,0,0,0,0,0,0,0,0,0,0,0,0,0,0,0,0,0,0,0,0,0,0,0,19900,114200,0,0,77800,8300,90500,51500,8500,70400,151600,182500,0,0,44200,19600,0,0,168200,50600,400,37800,0,0,51600,96000,255300,310500,0,0,0,0,331700,286800,0,0,0,0,0,0,0,0,0,0,0,0,115800,43200,0,0,1491400,0,0,0,0,0,2708800,0,0,250400,208200,0,0,13600,1823700,288500,29300,55800,0,0,122200,0,92200,0,0,129200,48200,215800,239800,208000,83600,32200,0,0,0,330600,332300,631500,2069200,661100,672000,0,0,0,755600,0,59000,0,0,0,247000,0,298400,0,358400,0,0,451000,203400,0,0,26400,0,304400,54200,0,0,0,0,0,237600,0,0,0,3732800,7396700,0,0,0,0,254600,0,0,0,0,0,0,0,0,0,27800,2607800,0,0,0,0,0,0,0,0,0,0,0,0,0,0,0,0,0,0,0,0,0,0,0,0,0,0,0,0,0,0,0,0,0,0
CEPDL,0,0,0,0,0,0,610500,0,0,0,0,0,0,0,0,0,0,0,0,0,0,0,0,0,0,0,0,0,0,0,0,0,0,0,0,0,0,1440400,0,0,0,0,0,1541600,0,824500,0,0,0,0,0,0,0,0,0,0,0,952800,0,1815800,0,426100,0,0,0,20600,0,0,0,0,0,0,0,0,0,0,0,0,0,0,0,9800,0,0,832200,50000,0,0,0,0,0,0,1418000,0,956800,43200,256400,0,114800,0,0,0,1285400,0,118200,31000,0,0,1092400,0,49400,0,0,0,94200,0,42200,958100,504200,37800,1420500,0,0,0,0,0,0,1143800,591800,587600,0,298000,0,0,0,13400,229400,0,0,979600,0,0,0,1514900,0,0,2142400,0,0,0,11700,0,0,0,0,134700,0,228600,0,0,46100,0,0,0,0,0,0,0,0,0,89200,0,43400,0,0,628600,702600,0,1032400,878600,0,834600,0,0,0,0,0,0,0,291100,0,0,0,186800,0,79900,0,387200,0,0,0,566000,0,0,0,373800,0,0,0,585000,0,0,0
CEPDR,0,0,0,0,0,1100,0,159800,0,7900,0,40800,0,0,0,0,0,0,0,0,37200,0,0,0,150200,0,0,0,0,0,71400,15100,0,0,0,0,0,0,1518400,0,0,0,0,0,1193100,40800,768000,0,0,0,0,0,0,0,0,0,0,0,1003600,0,1754000,0,434300,0,0,0,434200,0,0,0,0,39200,73200,0,0,0,0,0,5800,45800,74000,0,70000,684000,0,0,49300,0,0,0,0,0,1350200,0,363800,970200,0,155500,0,79600,0,0,644200,102000,0,0,190800,0,0,646400,0,135400,0,0,157500,0,869600,104000,7400,930900,31800,1248500,0,0,0,0,1066200,0,959600,562000,90600,0,0,85200,0,0,113800,145400,1612900,129500,0,0,1121700,0,0,0,0,1429700,0,0,0,32100,0,44400,0,0,0,0,166600,0,46400,0,0,0,0,0,0,0,0,0,240400,32000,40600,0,0,578000,636800,0,736400,0,477400,0,706500,0,0,0,0,0,0,0,213700,0,0,0,175000,0,0,42400,442000,0,0,0,126800,0,21800,0,529600,0,0,0,649800,0,0
CEPVL,0,0,0,0,20700,0,740400,0,0,0,0,0,302600,37700,0,0,0,318200,0,136200,0,1700,0,54400,0,94400,0,0,0,0,0,142400,0,435000,0,0,0,0,0,0,0,2249300,0,1875000,0,0,0,675000,0,114600,0,0,0,0,0,167200,0,182800,0,48000,0,0,0,569300,0,111200,0,0,0,0,0,0,118100,0,0,0,0,0,0,338700,0,0,91400,0,1189500,127200,0,109600,0,0,0,0,2522600,0,1888000,10800,504800,0,124000,0,0,0,2994500,0,41000,230700,0,0,0,0,140000,0,1928500,643400,0,82800,1695800,0,1579400,148000,0,285800,0,0,16500,2658600,0,428400,750200,164800,0,0,185600,0,293400,0,0,109000,0,0,1348300,0,0,0,0,1430400,0,0,681500,0,85000,0,0,0,0,144000,181500,0,0,0,0,0,0,0,0,0,0,2877400,0,0,0,129600,288000,110800,0,1126000,614000,140100,1295500,476000,0,0,0,631900,0,0,0,0,0,0,0,259800,0,0,0,172900,0,0,0,453200,0,0,0,523900,0,0,0,345400,0,0,0,0,0
CEPVR,0,0,0,0,0,0,0,1292600,0,0,0,0,0,0,269500,0,0,0,401500,0,126400,0,18200,0,0,71400,0,0,0,0,55300,185800,507100,0,0,0,0,0,0,0,0,0,1284400,0,1925200,0,0,0,331600,0,247300,0,0,0,0,0,16500,0,613600,0,615600,0,0,0,533400,0,0,0,0,0,0,63800,0,0,77800,0,0,0,0,514200,413100,0,0,660200,81500,0,147600,108800,0,23800,0,0,2021400,118900,132000,1493400,0,1307600,0,138200,0,283000,1491200,2000,0,0,277600,0,0,0,0,216400,0,2314200,127800,0,0,1205800,117500,1684500,269500,0,0,0,0,962200,625000,0,12500,472900,0,0,0,124900,0,169000,12400,87800,0,0,0,1682200,0,0,688300,0,0,0,0,1062200,0,60600,0,0,0,0,0,0,0,0,0,56800,254100,254600,0,0,2877400,0,0,0,76900,153000,181000,0,255300,823200,1710200,0,630200,0,200800,0,0,0,538700,0,0,0,236400,0,0,0,272200,0,0,0,301000,0,0,0,656200,0,0,0,1042200,0,0,0,173400,0,0,0,169100
HSNL,0,0,0,0,0,0,0,0,0,0,0,0,0,0,0,0,0,0,0,0,0,0,0,0,0,0,0,0,0,0,0,0,0,0,0,0,0,0,0,0,0,0,0,0,0,0,0,0,0,0,0,0,0,0,0,0,0,0,0,0,0,0,0,0,0,0,0,0,0,0,0,0,0,0,0,0,0,0,0,0,0,0,0,0,0,0,0,0,0,0,0,0,0,0,0,0,0,0,0,0,0,0,0,0,0,0,0,0,0,0,0,0,0,0,0,0,0,0,0,0,0,0,0,0,0,0,0,0,0,0,0,0,0,0,0,0,0,0,0,0,0,0,0,0,0,0,0,0,0,0,0,0,0,0,0,0,0,0,0,0,0,0,0,0,0,0,0,0,0,0,0,0,0,0,0,0,0,0,0,0,0,0,0,0,0,0,0,0,0,0,0,0,0,0,0,0,0,0,0,0,0,0,0,0,0,0,0,0,0,0,0,0,0
HSNR,0,0,0,0,0,0,0,0,0,0,0,0,0,0,0,0,0,0,0,0,0,0,0,0,0,0,0,0,0,0,0,0,0,0,0,0,0,0,0,0,0,0,0,0,0,0,0,0,0,0,0,0,0,0,0,0,0,0,0,0,0,0,0,0,0,0,0,0,0,0,0,0,0,0,0,0,0,0,0,0,0,0,0,0,0,0,0,0,0,0,0,0,0,0,0,0,0,0,0,0,0,0,0,0,0,0,0,0,0,0,0,0,0,0,0,0,0,0,0,0,0,0,0,0,0,0,0,0,0,0,0,0,0,0,0,0,0,0,0,0,0,0,0,0,0,0,0,0,0,0,0,0,0,0,0,0,0,0,0,0,0,0,0,0,0,0,0,0,0,0,0,0,0,0,0,0,0,0,0,0,0,0,0,0,0,0,0,0,0,0,0,0,0,0,0,0,0,0,0,0,0,0,0,0,0,0,0,0,0,0,0,0,0
PVWL_or_R_1,0,0,0,0,0,0,1748000,2963400,0,0,0,0,0,0,0,0,0,0,0,0,0,0,0,0,0,2560100,0,0,0,0,0,0,0,0,634200,0,0,310000,117900,0,0,0,0,0,0,2700,132800,0,0,0,0,0,118200,0,0,305100,1540600,12300,4400,0,0,0,247600,0,0,0,133600,0,0,0,0,0,0,0,0,0,0,0,0,460400,514100,22100,133800,0,0,273400,190500,0,90900,0,0,0,4920500,0,0,0,0,0,206000,64600,0,0,0,0,0,219800,82500,0,176100,147100,105600,51600,0,0,0,20800,0,140200,0,72400,0,0,0,0,0,0,0,6300,109200,0,0,0,0,151400,0,0,69300,0,9800,153900,0,0,0,10800,0,0,43700,188200,0,0,341700,586200,0,0,0,0,0,454600,2500,184200,1386000,0,0,0,89200,240400,0,76900,0,0,0,2367300,3279200,0,0,0,1639000,57400,99400,0,358300,0,0,0,0,0,0,0,0,0,0,0,0,0,22600,0,0,0,0,0,0,0,22000,0,0,0,0,0,0,1300,37600,0,0
PVWL_or_R_2,0,0,0,0,0,0,422200,816400,0,0,0,0,0,0,0,105600,0,0,0,0,0,0,0,0,0,1771600,0,0,0,0,0,0,0,0,0,20800,0,2600,12200,0,0,0,0,0,0,0,18200,0,0,0,0,0,0,0,0,152200,514800,0,0,0,0,0,101700,0,0,0,0,6200,23400,0,0,0,0,0,0,0,0,0,0,69000,30500,0,7600,0,8000,3461400,2964500,0,0,0,0,0,162000,0,0,0,0,0,1326300,55700,0,0,0,0,307900,250600,800,0,0,71400,0,28600,0,0,0,0,0,0,0,0,0,0,0,0,0,0,0,0,0,0,0,0,0,186400,0,0,73200,0,19200,0,0,0,20800,15200,0,0,5000,4900,0,0,0,32300,0,4600,0,657400,1432100,600,0,826400,1791300,0,0,0,0,32000,129600,153000,0,0,2367300,0,7707700,18600,364400,0,95100,2200,0,295100,1572800,0,0,0,0,0,0,0,0,0,0,0,0,0,0,0,0,0,0,0,0,0,0,0,0,0,0,0,0,0,0,0,0
PVWL_or_R_3,0,0,0,0,0,0,224600,474200,0,0,0,0,0,0,0,40900,5800,0,0,0,0,0,0,0,0,3357800,0,0,0,0,0,0,0,0,1000,148000,5900,112000,32200,0,0,0,0,0,0,0,14800,0,0,0,0,3600,0,0,0,379800,584200,0,0,0,1200,0,86000,0,0,0,0,0,1600,0,0,0,0,0,0,0,0,0,0,92300,203700,0,99400,0,0,2590400,4321800,0,29100,0,0,0,123700,0,0,0,0,0,101200,1953300,0,0,0,0,74600,422200,199500,0,12800,43300,0,0,0,0,0,0,0,0,0,0,0,0,0,0,0,0,0,0,0,0,0,0,0,0,0,0,0,4800,0,0,0,0,2200,48200,0,0,70400,71400,0,0,0,4300,0,6500,0,462300,309400,86800,130200,1734000,539600,0,0,0,43400,40600,288000,181000,0,0,3279200,7707700,27300,0,94800,0,413600,178800,0,1236800,974400,0,0,0,0,0,0,0,0,0,0,0,0,0,0,0,0,0,0,0,0,0,0,0,0,0,0,0,0,0,0,0,0
PVQL,0,0,153100,0,0,0,0,0,0,0,0,211900,0,0,0,54400,0,0,0,3828000,400,3306400,48000,0,0,0,939000,0,152500,0,0,0,0,0,0,0,0,0,0,4800,0,0,0,0,0,0,0,0,0,0,0,0,0,0,0,0,0,0,0,0,0,4200,0,0,0,74400,0,820100,0,0,0,0,0,0,0,0,0,10600,53400,0,0,0,334600,0,0,1009200,0,0,0,0,0,0,0,0,0,0,0,0,456800,0,0,0,47400,0,0,2250000,0,0,5800,0,0,0,0,0,0,0,0,0,0,0,0,0,0,0,0,0,0,0,0,0,0,0,65000,0,0,0,0,90000,0,0,217100,0,7700,0,0,0,0,0,0,0,48800,0,712200,0,839200,3586600,2000900,0,0,0,100,0,111600,0,0,0,110800,0,0,0,0,18600,0,0,0,0,0,0,0,654600,0,0,0,0,0,0,0,0,0,0,0,0,0,0,0,0,0,0,0,0,0,0,0,0,0,0,0,0,0,0,0,0,0
PVQR,0,0,0,381600,0,0,0,0,0,0,0,0,630800,0,0,0,183200,0,0,0,4784100,0,3311400,0,0,0,0,547900,0,0,0,0,0,0,0,102400,0,0,0,0,0,0,0,0,0,0,0,0,0,0,0,0,0,0,0,0,0,0,0,0,0,0,6400,0,0,0,258600,0,1249200,0,0,0,0,0,105800,0,0,0,0,0,0,0,0,0,0,97300,2160800,0,0,0,0,0,0,0,0,0,0,0,0,548300,0,0,0,0,0,0,2200700,0,0,0,0,0,0,0,0,0,0,0,0,0,0,0,0,0,0,0,0,0,0,0,0,0,0,0,0,0,0,0,0,0,0,3400,0,0,0,0,0,0,0,0,0,0,0,809900,2009800,74400,1028000,0,0,252000,0,0,0,0,0,0,0,255300,0,0,0,364400,94800,0,0,0,35700,0,0,0,3438000,0,0,0,0,0,0,0,0,0,0,0,0,0,0,0,0,0,0,0,0,0,0,0,0,0,0,0,0,0,0,0,0
RICL,0,0,0,0,0,0,292900,6000,0,0,163400,0,0,361600,0,251300,0,0,0,0,0,0,0,0,0,700,0,0,0,2400,0,0,0,0,1476000,0,0,349600,177800,8800,0,0,138800,43700,0,362000,163800,216400,318000,414600,0,2000,334200,3600,147500,221800,1050900,973600,581700,369800,321900,276600,0,65200,155500,2058800,1762000,0,0,0,293300,0,0,0,0,456800,2500,1017800,1211600,1948600,2694000,304000,41200,3300,0,0,0,6000,0,139000,24800,0,76600,8200,0,0,0,0,0,2000,0,0,0,341000,303200,1100,122400,0,0,0,761200,340200,0,11600,797600,498600,1200,436000,24700,154400,215600,0,0,0,0,0,156100,596800,3652000,1979300,824800,185000,1458400,657000,786900,498400,996400,3115500,1093200,448500,896500,95100,2216500,586100,289400,751600,115000,99600,0,140500,0,0,478000,0,0,0,0,123600,0,312600,222500,155400,140400,0,628600,578000,1126000,823200,0,0,0,0,0,0,0,0,5635800,3936200,112400,525200,289800,0,0,0,0,0,0,0,0,0,0,0,0,0,0,0,0,0,0,0,0,0,0,0,0,0,0,0,0,0,0,0,0
RICR,0,0,0,0,0,0,0,116400,39400,0,2165100,0,0,0,154400,0,552000,0,0,0,0,0,0,0,0,322400,0,0,0,0,0,0,0,0,560500,0,0,75100,159400,0,144100,90800,6000,0,0,465600,239800,152000,196300,0,1246800,222800,0,248800,6700,0,1422600,676400,474200,127400,628000,0,0,87200,0,1580000,1263400,0,102800,0,22600,0,0,0,0,0,308200,1329400,1754800,2870800,3690800,465600,628400,21000,92500,0,0,0,506200,543200,688200,3800,1436100,0,0,0,0,0,0,0,0,0,0,1882000,0,50000,17700,0,0,0,415600,641400,76300,0,791500,40000,308200,5800,15600,0,0,24900,0,0,0,0,184000,0,1773600,3985400,171700,402600,368200,1117100,1163400,944200,2563200,720000,437300,1133600,175400,459400,857400,1376800,66200,239800,0,0,200,0,0,0,0,510000,0,0,0,261200,1116200,327800,150500,0,149300,0,702600,636800,614000,1710200,0,0,1639000,95100,413600,0,35700,5635800,0,511400,240200,415400,928500,0,0,0,0,0,0,0,0,0,0,0,0,0,0,0,0,13900,0,0,0,0,0,0,0,0,0,0,0,0,0,0,0
RID,45900,0,0,0,389400,546000,357800,0,0,0,774200,9600,4900,34600,0,601600,0,0,77600,0,0,0,0,17300,135200,651600,0,0,0,0,89100,0,2302200,2929800,2941500,0,0,282700,0,0,0,145800,0,0,0,0,138400,107500,0,304500,0,0,85600,47200,291800,254400,175600,68200,0,0,0,8100,0,175600,0,19800,0,465000,0,0,175800,2361700,3241400,28400,0,394800,0,611200,0,113000,2012400,1435700,3026600,107400,0,0,0,357400,1853500,0,501700,0,253200,125900,0,0,856600,1077100,0,0,1145600,881600,817800,24800,0,17800,0,44800,0,0,0,0,0,0,135000,0,0,0,0,0,0,0,575200,0,0,0,244600,77200,615800,0,0,0,606400,0,96800,0,33500,2350200,0,0,891400,0,0,0,0,41200,31400,0,0,0,0,0,55200,6000,0,442800,231400,6000,492200,20100,710000,19800,16000,27800,0,0,140100,0,0,0,57400,2200,178800,0,0,3936200,511400,0,502200,1061200,0,0,0,0,0,0,0,0,0,0,0,0,0,0,0,0,0,0,0,0,0,0,0,0,0,0,0,0,0,0,0,0,0
RIS,2600,0,0,0,0,0,0,0,0,0,0,0,0,0,0,426000,460400,0,0,0,0,0,0,0,0,831800,0,0,0,0,0,0,0,0,0,292200,452800,12100,129700,0,0,0,0,600,81800,51200,0,296700,376000,0,348000,0,2907600,0,0,672600,222000,0,10000,0,0,171800,213800,612200,340600,0,0,13300,228600,886800,141400,0,0,92200,572000,0,0,133600,0,396400,837000,0,0,1980600,1570000,0,0,0,322900,0,0,0,153400,1600,0,142200,2297900,1967600,0,0,0,947300,1187200,2794000,2195500,0,0,148800,5400,1000,518600,492300,44000,0,1055200,72600,0,3400,2587200,2527500,30900,43400,1957600,1601600,1603600,3434800,180900,667300,0,800,0,290000,0,112700,0,0,0,281400,0,751400,139200,1460600,2768400,4986400,2177100,2856400,0,0,0,0,660600,22400,0,120000,0,0,0,0,0,254800,217900,2959300,4154600,2607800,1032400,736400,1295500,630200,0,0,99400,0,0,0,0,112400,240200,502200,0,6900,0,0,0,0,0,0,0,0,0,0,0,0,0,0,0,0,0,0,0,0,0,0,0,0,0,0,0,0,0,0,0,0,0
RMGL,153000,0,291400,0,0,0,167800,0,2593200,0,0,0,0,0,0,721800,0,0,0,0,0,0,0,0,0,458000,0,0,34200,0,0,0,0,0,59600,0,0,0,0,86200,0,0,0,63300,0,0,0,0,0,1629200,0,140600,643200,428200,2600,0,0,47000,0,1241000,0,0,0,0,0,503800,0,164000,0,0,131600,0,0,0,0,0,0,0,0,207500,730000,0,181400,531300,0,482900,0,0,0,0,0,0,0,0,0,0,0,0,893500,0,59600,0,367800,0,16000,12800,0,0,0,0,0,0,0,0,0,112200,0,1378800,1374200,2549600,609200,1591400,0,0,0,0,0,3294600,677200,594700,46600,124900,73300,0,182100,325000,912400,494400,222800,428000,700000,0,243600,217600,0,420600,9400,0,0,0,0,0,914200,0,0,1519800,1849400,0,11600,0,1103700,21800,140200,0,878600,0,476000,0,0,0,0,295100,1236800,654600,0,525200,415400,1061200,6900,0,0,4300,0,0,0,34400,0,18500,0,0,0,0,0,779000,0,1058600,0,0,0,0,0,1286800,0,2467000,0,0,0,0,0,1286800,0,0,0
RMGR,0,0,0,174200,0,0,0,108600,0,1904300,0,0,0,0,0,0,480900,0,0,0,8400,0,7300,0,0,0,0,0,0,194400,0,0,0,0,9800,20000,0,0,0,0,70400,0,0,0,101200,0,0,0,0,0,1645700,1015400,137800,0,213200,0,0,0,0,0,755800,0,0,0,0,0,559000,0,0,241000,0,0,0,0,0,0,0,0,185600,672100,179200,198900,0,0,582600,0,1399400,0,72800,76600,0,0,0,0,94200,0,0,0,0,1180400,0,93000,0,374000,0,0,341800,0,0,0,0,113400,0,0,97000,0,1359200,300,2425300,1337900,1458700,1190100,0,0,0,0,4609600,0,1304300,516400,172400,0,0,144600,193800,50400,261000,510500,200600,10600,0,646700,140500,600,242800,0,0,0,0,0,0,0,0,1484600,0,620800,329000,0,0,943800,0,293000,3100,0,0,477400,0,200800,0,0,358300,1572800,974400,0,3438000,289800,928500,0,0,0,929500,0,0,0,0,0,22400,0,82200,0,0,0,0,0,879100,0,599100,0,0,0,0,0,1184600,0,1417600,0,0,0,0,0,1682400,0,1314600
BWM-DL01,0,0,0,0,0,0,0,0,0,0,0,0,0,0,0,0,0,0,0,0,0,0,0,0,0,0,0,0,0,0,0,0,0,0,0,0,0,28800,0,0,0,0,0,0,0,0,0,0,0,0,0,0,0,0,0,0,0,0,0,0,0,0,0,0,0,0,0,0,0,0,0,0,0,0,0,0,0,0,0,0,0,0,0,0,0,0,0,0,0,0,0,0,24400,0,0,0,0,0,0,0,0,0,0,0,0,389100,0,0,389600,0,0,0,0,0,0,0,38900,1365800,0,0,246000,0,102000,54000,0,379600,0,0,0,0,0,0,0,0,0,0,0,0,0,146800,0,0,18400,278800,84000,9400,2490800,0,0,0,0,0,0,0,0,0,0,0,0,0,0,0,0,0,834600,0,0,0,0,0,0,0,0,0,0,0,0,0,0,4300,0,0,667500,0,0,2404400,0,0,0,7618200,1022400,0,0,97600,0,0,0,92400,32300,0,0,0,0,0,0,0,0,0,0,0,0,0,0
BWM-DR01,0,0,0,0,0,0,0,0,0,0,0,0,0,0,0,0,0,0,0,0,0,0,0,0,0,0,0,0,0,0,0,0,0,0,0,0,0,0,0,0,0,0,0,0,0,0,0,0,0,0,0,0,0,0,0,0,0,0,0,0,0,0,0,0,0,0,0,0,0,0,0,0,0,0,0,0,0,0,0,0,0,0,0,0,0,0,0,0,0,0,0,0,30100,0,0,0,0,0,0,0,0,0,0,0,0,0,4600,0,0,270900,0,0,0,0,0,0,922900,92000,0,0,0,322000,213500,0,66500,195900,0,0,0,0,0,0,0,0,0,0,0,0,445200,0,0,0,138800,22800,0,124400,0,1875200,0,0,0,0,0,0,0,0,0,0,0,0,0,0,0,0,0,706500,0,0,0,0,0,0,0,0,0,0,0,0,0,0,0,667500,0,0,0,0,1507600,0,0,453600,5747800,0,0,0,75200,0,0,59800,443500,0,0,0,0,0,0,0,0,0,0,0,0,0,0
BWM-VL01,0,0,0,0,0,0,0,0,0,0,0,0,0,0,0,0,0,0,0,0,0,0,0,0,0,0,0,0,0,0,0,0,0,0,0,0,0,0,0,0,0,90800,0,0,0,0,0,0,0,0,0,0,0,0,0,0,0,0,0,0,0,0,0,0,0,0,0,0,0,0,0,0,0,0,0,0,0,0,0,0,0,0,0,0,0,0,0,0,0,0,0,0,50400,0,0,0,0,0,0,0,0,0,0,0,0,10600,0,0,0,0,0,0,482400,0,0,0,306700,0,0,0,32600,917400,333000,3300,0,249100,0,0,0,0,0,0,0,0,0,0,0,0,0,0,626000,0,78800,13000,0,30400,0,0,1898000,0,0,0,0,0,0,0,0,0,0,0,0,0,0,0,0,0,631900,0,0,0,0,0,0,0,0,0,0,0,0,0,0,0,0,0,1952000,0,0,4566100,0,0,0,4143000,1646600,0,0,102800,0,0,0,146200,0,0,0,221800,0,0,0,0,0,0,0,0,0
BWM-VR01,0,0,0,0,0,0,0,0,0,0,0,0,0,0,0,0,0,0,0,0,0,0,0,0,0,0,0,0,0,0,0,0,0,0,0,0,0,0,0,0,0,0,71900,0,0,0,0,0,0,0,0,0,0,0,0,0,0,0,0,0,0,0,0,0,0,0,0,0,0,0,0,0,0,0,0,0,0,0,0,0,0,0,0,0,0,0,0,0,0,0,0,0,0,0,0,0,0,0,0,0,0,0,0,0,0,0,12200,0,0,0,0,0,0,456800,0,0,0,224600,0,0,602600,115400,363000,50600,3900,49800,0,0,0,0,0,0,0,0,0,4800,0,0,0,0,0,408000,134000,256000,50100,26200,0,0,0,1771600,0,0,0,0,0,0,0,0,0,0,0,0,0,0,0,0,0,538700,0,0,0,0,0,0,0,0,0,0,0,0,0,0,0,1952000,0,0,0,0,3205200,0,0,1058400,7113900,0,0,0,180800,0,0,28700,186400,0,0,0,960400,0,0,0,5200,0,0,0,238200
BWM-DL02,0,0,0,0,0,0,0,0,0,0,0,0,0,0,0,0,0,0,0,0,0,0,0,0,0,0,0,0,0,0,0,0,0,0,0,0,0,6800,0,0,0,0,0,0,0,0,0,0,0,0,0,0,0,0,0,0,0,0,0,0,0,0,0,0,0,0,0,0,0,0,0,0,0,0,0,0,0,0,0,0,0,0,0,0,0,0,0,0,0,0,0,0,0,0,0,0,0,0,0,0,0,0,0,0,0,212200,0,0,231000,0,3700,0,0,0,0,0,23500,770800,127200,132000,289900,59800,1400,38100,2975000,0,0,561200,0,497200,0,0,0,0,0,0,0,0,0,129200,0,0,0,0,0,0,1260300,0,0,0,0,0,0,0,0,0,0,0,0,0,0,0,0,0,0,0,0,0,0,0,0,0,0,0,0,0,0,0,0,34400,0,2404400,0,0,0,0,0,5809000,0,0,0,0,0,7757300,0,61000,0,0,0,0,0,35200,0,0,0,0,0,0,0,0,0,0,0
BWM-DR02,0,0,0,0,0,0,0,0,0,0,0,0,0,0,0,0,0,0,0,0,0,0,0,0,0,0,0,0,0,0,0,0,0,0,0,0,0,0,0,0,0,0,0,0,0,0,0,0,0,0,0,0,0,0,0,0,0,0,0,0,0,0,0,0,0,0,0,0,0,0,0,0,0,0,0,0,0,0,0,0,0,0,0,0,0,0,0,0,0,0,0,0,0,0,0,0,0,0,0,0,0,0,0,0,0,0,30200,0,0,127400,0,81100,0,0,0,0,591800,0,276400,360100,29600,146200,0,2513600,0,0,512400,0,526400,0,0,0,0,0,0,0,0,0,108400,0,0,0,0,0,0,0,0,814200,0,0,0,0,0,0,0,0,0,0,0,0,0,0,0,0,0,0,0,0,0,0,0,0,0,0,0,0,0,0,0,0,22400,0,1507600,0,0,0,0,0,5554900,0,208800,0,0,0,6992600,0,935000,0,0,0,0,0,77400,0,21400,0,0,0,0,0,38200,0,0
BWM-VL02,0,0,0,0,0,0,0,0,0,0,0,0,0,0,0,0,0,0,0,0,0,0,0,0,0,0,0,0,0,0,0,0,0,0,0,0,0,0,0,0,0,0,0,0,0,0,0,0,0,0,0,0,0,0,0,0,0,0,0,0,0,0,0,0,0,0,0,0,0,0,0,0,0,0,0,0,0,0,0,0,0,0,0,0,0,0,0,0,0,0,0,0,4400,0,0,0,0,0,0,0,0,0,0,0,0,11800,0,0,0,0,122400,0,226900,0,0,0,423000,900,90500,365000,0,862600,0,34900,2568900,0,0,634800,0,161100,0,0,0,0,0,0,0,0,0,0,42800,0,0,0,0,0,0,0,1917200,0,0,0,0,0,0,0,0,0,0,0,0,0,0,0,0,0,0,0,0,0,0,0,0,0,0,0,0,0,0,18500,0,0,0,4566100,0,5809000,0,0,0,0,0,104100,0,953200,0,6980200,0,0,0,0,0,0,0,102900,0,0,0,0,0,0,0,0,0
BWM-VR02,0,0,0,0,0,0,0,0,0,0,0,0,0,0,0,0,0,0,0,0,0,0,0,0,0,0,0,0,0,0,0,0,0,0,0,0,0,0,0,0,0,0,0,0,0,0,0,0,5800,0,0,0,0,0,0,0,0,0,0,0,0,0,0,0,0,0,0,0,0,0,0,0,0,0,0,0,0,0,0,0,0,0,0,0,0,0,0,0,0,0,0,0,0,0,0,0,0,0,0,0,0,0,0,120200,0,0,86700,0,0,0,0,135000,0,160800,0,0,7400,234100,312300,423700,1014200,0,0,2549200,116100,300,265400,0,336600,0,0,0,0,0,0,26900,0,0,0,0,0,35600,0,0,0,0,0,0,0,1866400,0,0,0,0,0,0,0,0,0,0,0,0,0,0,0,0,0,236400,0,0,0,0,0,0,0,0,0,0,0,0,82200,0,0,0,3205200,0,5554900,0,0,0,0,0,6600,0,37900,0,8973600,0,0,0,0,0,0,0,104400,0,0,0,0,0,0,0,202200
BWM-DL03,0,0,0,0,0,0,0,0,0,0,0,0,0,0,0,0,0,0,0,0,0,0,0,0,0,0,0,0,0,0,0,0,0,0,0,0,0,0,0,0,0,0,0,0,0,0,0,0,0,0,0,0,0,0,0,0,0,0,0,0,0,0,0,0,0,0,0,0,0,0,0,0,0,0,0,0,0,0,0,0,0,0,0,0,0,0,0,0,0,0,0,0,0,0,0,0,0,0,0,0,0,0,0,0,0,0,0,0,98000,0,0,0,0,0,0,0,139500,1660600,0,0,69700,0,495500,0,0,281100,0,0,0,0,0,0,0,0,0,0,0,0,0,662400,0,0,30600,443600,1800,0,72300,0,0,0,0,0,0,0,0,0,0,0,0,0,0,0,0,0,291100,0,0,0,0,0,0,0,0,0,0,0,0,0,0,0,0,7618200,453600,0,0,0,0,0,0,0,1538200,0,0,0,0,0,0,4830000,49000,0,0,0,0,0,0,0,0,0,0,0,0,0,0
BWM-DR03,0,0,0,0,0,0,0,0,0,0,0,0,0,0,0,0,0,0,0,0,0,0,0,0,0,0,0,0,0,0,0,0,0,0,0,0,0,0,0,0,0,0,0,0,0,0,0,0,0,0,0,0,0,0,0,0,0,0,0,0,0,0,0,0,0,0,0,0,0,0,0,0,0,0,0,0,0,0,0,0,0,0,0,0,0,0,0,0,0,0,0,0,9200,0,0,0,0,0,0,0,0,0,0,0,0,0,0,0,0,93600,0,0,0,0,0,0,750400,247000,0,0,0,23200,361900,0,0,357100,0,0,0,0,0,0,0,0,0,0,0,0,726900,0,0,0,282600,32800,18500,8700,0,300500,0,0,0,0,0,0,0,0,0,0,0,0,0,0,0,0,0,213700,0,0,0,0,0,0,0,0,0,0,0,0,0,0,0,1022400,5747800,0,0,0,208800,0,0,1538200,0,0,0,0,0,0,0,83200,4515700,0,0,0,0,0,0,0,34400,0,0,0,0,0,0
BWM-VL03,0,0,0,0,0,0,0,0,0,0,0,0,0,0,0,0,0,0,0,0,0,0,0,0,0,0,0,0,0,0,0,0,0,0,0,0,0,0,0,0,0,0,0,0,0,0,0,0,0,0,0,0,0,0,0,0,0,0,0,0,0,0,0,0,0,0,0,0,0,0,0,0,0,0,0,0,0,0,0,0,0,0,0,0,0,0,0,0,0,0,0,0,0,0,0,0,0,0,0,0,0,0,0,0,0,0,0,0,0,0,0,0,68800,0,12200,169200,11900,0,0,0,464700,918200,409200,0,0,319300,0,0,0,0,0,0,0,0,0,0,0,0,0,0,440300,0,184800,3000,12200,371300,0,0,254800,16800,0,0,0,0,0,0,0,0,0,0,0,0,0,0,0,0,259800,0,0,0,0,0,0,0,0,0,0,0,0,0,0,0,0,4143000,1058400,0,0,104100,0,0,0,0,1650300,0,0,0,0,0,0,5263800,81800,0,0,0,0,0,0,80200,0,0,0,0,0
BWM-VR03,0,0,0,0,0,0,0,0,0,0,0,0,0,0,0,0,0,0,0,0,0,0,0,0,0,0,0,0,0,0,0,0,0,0,0,0,0,0,0,0,0,0,0,0,0,0,0,0,0,0,0,0,0,0,0,0,0,0,0,0,0,0,0,0,0,0,0,0,0,0,0,0,0,0,0,0,0,0,0,0,0,0,0,0,0,0,0,0,0,0,0,0,0,0,0,0,0,0,0,0,0,0,0,0,0,0,0,0,0,0,0,0,0,115400,10400,0,0,240400,0,0,1389000,317000,682300,0,0,441400,0,0,0,0,0,0,0,0,0,16700,0,0,0,0,0,343400,0,80800,236200,0,0,0,0,35900,0,0,0,0,0,0,0,0,0,0,0,0,0,0,0,0,0,272200,0,0,0,0,0,0,0,0,0,0,0,0,0,0,0,1646600,7113900,0,0,0,6600,0,0,1650300,0,0,0,0,0,0,0,147400,5994400,0,0,0,223000,0,0,0,5000,0,0,0,0
BWM-DL04,0,0,0,0,0,0,0,0,0,0,0,0,0,0,0,0,0,0,0,0,0,0,0,0,0,0,0,0,0,0,0,0,0,0,0,0,0,0,0,0,0,0,0,0,0,0,0,0,0,0,0,0,0,0,0,0,0,0,0,0,0,0,0,0,0,0,0,0,0,0,0,0,0,0,0,0,0,0,0,0,0,0,0,0,0,0,0,0,0,0,0,0,29400,0,0,0,0,0,0,0,0,0,0,0,43400,0,0,0,0,0,0,0,0,0,0,0,0,1129400,478700,717500,26900,0,0,0,438600,0,0,674200,0,102000,0,0,0,0,0,0,96100,0,0,431800,0,0,0,18300,0,0,68000,0,0,0,26000,0,0,0,0,0,0,0,0,0,0,0,0,0,186800,0,0,0,0,0,0,0,0,0,0,0,0,0,0,779000,0,97600,0,0,0,7757300,0,953200,0,0,0,0,0,0,0,1686000,0,0,0,0,0,4302600,0,0,0,0,0,0,0,36600,0,0,0
BWM-DR04,0,0,0,0,0,0,0,0,0,25800,0,0,0,0,0,0,0,0,0,0,0,0,0,0,0,0,0,0,0,0,0,0,0,0,0,0,0,0,0,0,0,0,0,0,0,0,0,0,0,0,0,0,0,0,21600,0,0,0,0,0,0,0,0,0,0,0,0,0,0,0,0,0,0,0,0,0,0,0,0,0,0,0,0,0,0,0,0,0,0,0,0,0,36400,0,0,0,0,0,0,0,0,0,0,49200,0,0,12200,0,0,150400,0,0,0,0,0,0,1043400,0,541800,305600,0,82800,0,526600,0,0,299200,0,256500,0,17800,0,0,0,0,0,0,115800,411600,0,0,0,165600,0,0,0,0,111000,0,0,0,21100,0,0,0,0,0,0,0,0,0,0,0,0,0,175000,0,0,0,0,22600,0,0,0,0,0,0,0,0,0,879100,0,75200,0,0,0,6992600,0,37900,0,0,0,0,0,0,0,715000,0,0,0,0,0,4906400,0,580200,0,0,0,0,0,431100,0,0
BWM-VL04,0,0,0,0,0,0,0,0,0,0,0,0,0,0,0,0,0,0,0,0,0,0,0,0,0,0,0,0,0,0,0,0,0,0,0,0,0,0,0,0,0,0,0,0,0,0,0,0,0,66000,0,0,0,0,0,0,0,500,0,0,0,0,0,0,0,0,0,0,0,0,0,0,0,0,0,0,0,0,0,0,0,0,0,0,0,0,0,0,0,0,0,0,22400,0,0,39600,0,0,0,0,0,0,0,0,381000,0,0,0,0,0,0,0,0,0,0,0,21200,0,933200,724900,0,1905600,0,0,712300,0,0,560200,0,73800,0,0,0,0,20800,0,0,0,0,0,177400,0,0,0,0,200,0,0,58800,0,163000,0,0,0,0,0,0,0,0,0,0,0,0,0,79900,0,172900,0,0,0,0,0,0,0,0,0,0,0,0,1058600,0,0,0,102800,0,61000,0,6980200,0,0,0,0,0,1686000,0,0,0,0,0,0,0,85600,0,4270100,0,0,0,0,0,0,0,0,0
BWM-VR04,0,0,0,0,0,0,0,0,0,0,0,0,0,0,0,0,0,0,0,0,0,0,0,0,0,0,0,0,0,0,0,0,0,0,0,0,0,0,0,0,0,0,0,0,0,0,0,0,14700,0,16400,0,0,0,0,0,0,0,0,0,0,0,0,0,0,0,0,0,0,0,0,0,0,0,0,0,0,0,0,0,0,0,0,0,0,0,0,0,0,0,0,0,19600,0,0,0,0,0,0,0,0,0,0,293600,0,0,0,0,0,0,0,0,0,0,41100,0,0,23000,237600,215400,1167300,0,0,629800,0,0,285800,0,35700,0,0,0,0,0,0,177700,0,0,0,0,0,114900,0,0,0,0,0,0,0,109300,0,134200,0,0,0,0,0,0,0,0,0,0,0,0,0,0,0,301000,0,0,0,0,0,0,0,0,0,0,0,0,599100,0,0,0,180800,0,935000,0,8973600,0,0,0,0,0,715000,0,0,0,0,0,0,0,0,0,6635600,0,0,0,0,0,0,0,638700
BWM-DL05,0,0,0,0,0,0,0,0,0,0,0,0,0,0,0,0,0,0,0,0,0,0,0,0,0,0,0,0,0,0,0,0,0,0,0,0,0,0,0,0,0,0,0,0,0,0,0,0,0,0,0,0,0,0,0,0,0,0,0,0,0,0,0,0,0,0,0,0,0,0,0,0,0,0,0,0,0,0,0,0,0,0,0,0,0,0,0,0,0,0,0,0,0,0,30800,0,0,0,0,0,0,0,0,0,0,0,0,0,0,0,0,0,0,0,7600,0,304800,1234000,0,0,119300,0,323300,0,0,9200,0,0,19000,0,0,0,0,0,0,0,13500,0,0,1182000,0,0,83000,234800,0,0,14800,0,0,0,0,0,0,0,0,0,0,0,0,0,0,0,0,0,387200,42400,0,0,0,0,0,0,0,0,0,0,13900,0,0,0,0,92400,59800,0,0,0,0,0,0,4830000,83200,0,0,0,0,0,0,0,152400,0,0,0,0,0,0,2432900,0,0,0,0,0,0,0
BWM-DR05,0,0,0,0,0,0,0,0,0,0,0,0,0,0,0,0,0,0,0,0,0,0,0,0,0,0,0,0,0,0,0,0,0,0,0,0,0,0,0,0,0,0,0,0,0,0,0,0,0,0,0,0,0,0,0,0,0,0,0,0,0,0,0,0,0,0,0,0,0,0,0,0,0,0,0,0,0,0,0,0,0,0,0,0,0,0,0,0,0,0,0,0,6100,0,0,0,0,0,0,0,0,0,0,0,0,0,0,0,0,54700,0,0,0,0,0,0,1285100,239800,0,0,67500,77600,265700,0,0,10600,0,0,0,0,0,0,0,0,0,0,3400,0,1061600,0,0,0,532000,0,0,0,0,20000,0,0,0,0,0,0,0,0,0,0,0,0,0,0,0,0,0,442000,0,0,0,0,0,0,0,0,0,0,0,0,0,0,0,32300,443500,0,0,0,0,0,0,49000,4515700,0,0,0,0,0,0,152400,0,0,0,0,0,0,0,0,2714600,0,0,0,0,0,0
BWM-VL05,0,0,0,0,0,0,0,0,0,0,0,0,0,0,0,0,0,0,0,0,0,0,0,0,0,0,0,0,0,0,0,0,0,0,0,0,0,0,0,0,0,0,0,0,0,0,0,0,0,0,0,0,0,0,0,0,0,0,0,0,0,0,0,0,0,0,0,0,0,0,0,0,0,0,0,0,0,0,0,0,0,0,0,0,0,0,0,0,0,0,0,0,5600,0,0,0,0,0,0,0,0,0,0,0,0,0,0,0,0,0,0,0,5000,0,5200,67500,99200,0,0,0,611700,1103400,26900,0,0,194700,0,0,0,0,0,0,0,0,0,0,0,0,0,0,717800,23400,5800,0,0,141000,0,0,0,0,0,0,0,0,0,0,0,0,0,0,0,0,0,0,0,0,453200,0,0,0,0,0,0,0,0,0,0,0,0,0,0,0,0,146200,28700,0,0,0,0,0,0,5263800,147400,0,0,0,0,0,0,0,268300,0,0,0,0,0,0,1751800,0,0,0,0,0
BWM-VR05,0,0,0,0,0,0,0,0,0,0,0,0,0,0,0,0,0,0,0,0,0,0,0,0,0,0,0,0,0,0,0,0,0,0,0,0,0,0,0,0,0,0,0,0,0,0,0,0,0,0,0,0,0,0,0,0,0,0,0,0,0,0,0,0,0,0,0,0,0,0,0,0,0,0,0,0,0,0,0,0,0,0,0,0,0,0,0,0,0,0,0,0,0,0,0,0,0,0,0,0,0,0,0,0,0,0,0,0,0,0,0,0,0,0,381600,7000,0,51200,17800,0,1333000,272400,40000,0,0,148000,0,0,0,0,0,0,0,12400,0,0,0,0,0,0,0,660800,0,0,67600,0,0,0,0,6900,0,0,0,0,0,0,0,0,0,0,0,0,0,0,0,0,0,656200,0,0,0,0,0,0,0,0,0,0,0,0,0,0,0,0,186400,0,0,0,0,0,0,81800,5994400,0,0,0,0,0,0,268300,0,0,0,0,8100,0,0,5700,2581600,0,0,0,0
BWM-DL06,0,0,0,0,0,0,0,0,0,0,0,0,0,0,0,0,0,0,0,0,0,0,0,0,0,0,0,0,0,0,0,0,0,0,0,0,0,0,0,0,0,0,0,0,0,0,0,0,0,0,0,0,0,79400,0,0,0,0,0,0,0,0,0,0,0,0,0,0,0,0,0,0,0,0,0,0,0,0,0,0,0,0,0,0,0,0,0,0,0,0,0,0,32400,0,0,0,0,0,0,0,0,0,0,0,235600,0,0,0,0,0,0,0,0,0,0,0,0,239400,149300,242200,0,0,0,0,16800,0,0,102800,0,0,0,0,0,0,0,0,86100,0,0,169000,0,0,0,221300,0,0,36200,0,0,0,0,0,0,0,0,0,0,0,0,0,0,0,0,0,566000,0,0,0,0,0,0,0,0,0,0,0,0,0,0,1286800,0,0,0,0,0,35200,0,0,0,0,0,0,0,4302600,0,85600,0,0,0,0,0,0,0,0,0,0,0,0,0,2006100,0,0,0
BWM-DR06,0,0,0,0,0,0,0,0,0,0,0,0,0,0,0,0,0,0,0,0,0,0,0,0,0,0,0,0,0,0,0,0,0,0,0,0,0,0,0,0,0,0,0,0,0,0,0,0,0,0,0,0,0,0,0,0,0,0,0,0,0,0,0,0,0,0,0,0,0,0,0,0,0,0,0,0,0,0,0,0,0,0,0,0,0,0,0,0,0,0,0,0,49400,0,0,0,0,0,0,0,0,0,0,273200,0,0,0,0,0,0,0,0,0,0,0,0,93800,0,73800,109800,0,0,0,0,0,0,0,0,0,0,0,0,0,0,0,0,0,92400,165800,0,0,0,20400,0,0,0,0,0,0,0,0,0,0,0,0,0,0,0,0,0,0,0,0,0,0,126800,0,0,0,0,22000,0,0,0,0,0,0,0,0,0,1184600,0,0,0,0,0,77400,0,0,0,0,0,0,0,4906400,0,0,0,0,0,0,0,0,0,13700,0,0,0,0,0,2271200,0,0
BWM-VL06,0,0,0,0,0,0,0,0,0,0,0,0,0,0,0,0,0,0,0,0,0,0,0,0,0,0,0,0,0,0,0,0,0,0,0,0,0,0,0,0,0,0,0,0,0,0,0,0,0,276300,0,19600,0,0,0,0,0,0,0,0,0,0,0,0,0,0,0,0,0,0,0,0,0,0,0,0,0,0,0,0,0,0,0,0,0,0,0,0,0,0,0,0,18400,0,0,0,0,0,0,0,0,0,0,0,116500,0,0,0,0,0,0,0,0,0,0,11100,0,0,108800,273200,0,89400,0,0,0,0,0,24600,0,0,0,0,0,0,107100,0,0,0,0,0,125800,0,0,0,0,38600,0,0,0,0,0,0,0,0,0,0,0,0,0,0,0,0,0,0,0,0,523900,0,0,0,0,0,0,0,0,0,0,0,0,2467000,0,0,0,221800,0,0,0,102900,0,0,0,0,0,0,0,4270100,0,0,0,0,0,0,0,0,0,0,0,0,0,0,0,0,0
BWM-VR06,0,0,0,0,0,0,0,0,0,0,0,0,0,0,0,0,0,0,0,0,0,0,0,0,0,0,0,0,0,0,0,0,0,0,0,0,0,0,0,0,0,0,0,0,0,0,0,0,0,0,88400,0,0,0,0,0,0,0,0,0,0,0,0,0,0,0,0,0,0,0,0,0,0,0,0,0,0,0,0,0,0,0,0,0,0,0,0,0,0,0,0,0,63200,0,0,0,0,0,0,0,0,0,0,170400,0,0,0,0,0,0,0,0,0,0,0,0,0,500,101400,15800,173400,0,0,116200,0,4000,215000,0,120900,0,0,0,0,0,0,0,0,0,0,0,0,127000,0,0,0,0,0,0,0,23000,0,0,0,0,0,0,0,0,0,0,0,0,0,0,0,21800,0,1042200,0,0,0,0,0,0,0,0,0,0,0,0,1417600,0,0,0,960400,0,21400,0,104400,0,0,0,223000,0,580200,0,6635600,0,0,0,8100,0,13700,0,0,0,0,0,0,0,0,0,1924600
BWM-DL07,0,0,0,0,0,0,0,0,0,0,0,0,0,0,0,0,0,0,0,0,0,0,0,0,0,0,0,0,0,0,0,0,0,0,0,0,0,0,0,0,0,0,0,0,0,0,0,0,0,0,0,0,0,0,0,0,0,0,0,0,0,0,0,0,0,0,0,0,0,0,0,0,0,0,0,0,0,0,0,0,0,0,0,0,0,0,0,0,0,0,0,0,0,0,700,0,0,0,0,0,0,0,0,0,0,0,0,0,0,0,0,0,0,0,7500,0,0,193000,0,0,63400,0,119400,0,0,0,0,0,7200,0,0,0,0,0,0,0,63800,0,0,814500,0,0,25400,102200,0,0,0,0,0,0,0,0,0,0,0,0,0,0,0,0,0,0,0,0,373800,0,0,0,0,0,0,0,0,0,0,0,0,0,0,0,0,0,0,0,0,0,0,0,0,0,0,0,0,0,0,0,0,2432900,0,0,0,0,0,0,0,0,0,0,0,0,0,0,0
BWM-DR07,0,0,0,0,0,0,0,0,0,0,0,0,0,0,0,0,0,0,0,0,0,0,0,0,0,0,0,0,0,0,0,0,0,0,0,0,0,0,0,0,0,0,0,0,0,0,0,0,0,0,0,0,0,0,0,0,0,0,0,0,0,0,0,0,0,0,0,0,0,0,0,0,0,0,0,0,0,0,0,0,0,0,0,0,0,0,0,0,0,0,0,0,8300,0,0,0,0,0,0,0,0,0,0,0,0,0,0,0,0,0,0,0,0,0,3000,0,208800,100000,0,0,14200,204100,212000,0,0,0,0,0,0,0,0,0,0,0,0,0,85200,0,819500,0,0,0,77500,0,0,0,0,0,0,0,0,0,0,0,0,0,0,0,0,0,0,0,0,0,0,529600,0,0,0,0,0,0,0,0,0,0,0,0,0,0,0,0,0,0,0,0,0,0,0,0,34400,0,0,0,0,0,0,0,2714600,0,0,0,0,0,0,0,0,0,0,0,0,0,0
BWM-VL07,0,0,0,0,0,0,0,0,0,0,0,0,0,0,0,0,0,0,0,0,0,0,0,0,0,0,0,0,0,0,0,0,0,0,0,0,0,0,0,0,0,0,0,0,0,0,0,0,0,88800,0,64600,0,0,0,0,0,0,0,0,0,0,0,0,0,0,0,0,0,0,0,0,0,0,0,0,0,0,0,0,0,0,0,0,0,0,0,0,0,0,0,0,2700,0,0,600,0,0,0,0,0,0,0,0,0,0,0,0,0,0,0,0,0,0,66600,764400,106100,0,0,0,3000,516600,0,0,0,131100,0,0,0,0,0,0,0,0,0,0,0,0,0,0,772200,0,0,0,0,0,0,0,0,0,0,0,0,0,0,0,0,0,0,0,0,0,0,0,0,0,345400,0,0,0,0,0,0,0,0,0,0,0,0,0,0,0,0,0,0,0,0,0,0,0,0,80200,0,0,0,0,0,0,0,1751800,5700,0,0,0,0,0,0,0,0,0,0,0,0
BWM-VR07,0,0,0,0,0,0,0,0,0,0,0,0,0,0,0,0,0,0,0,0,0,0,0,0,0,0,0,0,0,0,0,0,0,0,0,0,0,0,0,0,0,0,0,0,0,0,0,0,0,0,0,0,82800,0,0,0,0,0,0,0,0,0,0,0,0,0,0,0,0,0,0,0,0,0,0,0,0,0,0,0,0,0,0,0,0,0,0,0,0,0,0,0,0,0,0,0,0,0,0,0,0,0,0,0,0,0,0,0,0,0,0,0,0,0,378100,0,0,36000,0,0,483800,15400,7200,0,0,439600,0,0,0,0,0,0,0,0,0,0,0,0,0,0,0,446800,0,0,0,0,0,0,0,0,0,0,0,0,0,0,0,0,0,0,0,0,0,0,0,0,0,173400,0,0,0,0,0,0,0,0,0,0,0,0,0,0,0,0,5200,0,0,0,0,0,0,0,5000,0,0,0,0,0,0,0,2581600,0,0,0,0,0,0,0,0,0,0,0,0
BWM-DL08,0,0,0,0,0,0,0,0,0,0,0,0,0,0,0,0,0,0,0,0,0,0,0,0,0,0,0,0,0,0,0,0,0,0,0,0,0,0,0,0,0,0,0,0,0,0,0,0,0,0,0,0,0,5200,0,0,0,0,0,0,0,0,0,0,0,0,0,0,0,0,0,0,0,0,0,0,0,0,0,0,0,0,0,0,0,0,0,0,0,0,0,0,57300,0,0,0,0,0,0,0,0,0,0,0,0,0,0,0,0,0,0,0,0,0,0,0,0,0,0,76500,0,0,0,0,0,0,0,0,0,0,0,0,0,0,0,0,25500,0,0,34800,0,0,0,0,0,0,0,0,0,0,0,0,0,0,0,0,0,0,0,0,0,0,0,0,585000,0,0,0,0,0,1300,0,0,0,0,0,0,0,0,1286800,0,0,0,0,0,0,0,0,0,0,0,0,0,36600,0,0,0,0,0,0,0,2006100,0,0,0,0,0,0,0,0,0,0,0
BWM-DR08,0,0,0,0,0,0,0,0,0,0,0,0,0,0,0,0,0,0,0,0,0,0,0,0,0,0,0,0,0,0,0,0,0,0,0,0,0,0,0,0,0,0,0,0,0,0,0,0,0,0,0,0,0,0,17400,0,0,0,0,0,0,0,0,0,0,0,0,0,0,0,0,0,0,0,0,0,0,0,0,0,0,0,0,0,0,0,0,0,0,0,0,0,63600,0,0,0,0,0,0,0,0,0,0,2700,0,0,0,0,0,0,0,0,0,0,0,0,0,0,69100,0,0,0,0,0,0,0,0,0,0,0,0,0,0,0,0,0,0,52100,76000,0,0,0,10000,0,0,0,0,0,0,0,0,0,0,0,0,0,0,0,0,0,0,0,0,0,0,649800,0,0,0,0,37600,0,0,0,0,0,0,0,0,0,1682400,0,0,0,0,0,38200,0,0,0,0,0,0,0,431100,0,0,0,0,0,0,0,2271200,0,0,0,0,0,0,0,0,0,0
BWM-VL08,0,0,0,0,0,0,0,0,0,0,0,0,0,0,0,0,0,0,0,0,0,0,0,0,0,0,0,0,0,0,0,0,0,0,0,0,0,0,0,0,0,0,0,0,0,0,0,0,0,0,0,0,0,0,0,0,0,0,0,0,0,0,0,0,0,0,0,0,0,0,0,0,0,0,0,0,0,0,0,0,0,0,0,0,0,0,0,0,0,0,0,0,0,0,0,0,0,0,0,0,0,0,0,0,0,0,0,0,0,0,0,0,0,0,0,0,0,0,0,0,0,0,0,0,0,0,0,0,0,0,0,0,0,0,0,0,0,0,0,0,0,0,0,0,0,0,0,0,0,0,0,0,0,0,0,0,0,0,0,0,0,0,0,0,0,0,0,0,0,0,0,0,0,0,0,0,0,0,0,0,0,0,0,0,0,0,0,0,0,0,0,0,0,0,0,0,0,0,0,0,0,0,0,0,0,0,0,0,0,0,0,0,0
BWM-VR08,0,0,0,0,0,0,0,0,0,0,0,0,0,0,0,0,0,0,0,0,0,0,0,0,0,0,0,0,0,0,0,0,0,0,0,0,0,0,0,0,0,0,0,0,0,0,0,0,0,0,132200,0,0,0,0,0,0,0,0,0,0,0,0,0,0,0,0,0,0,0,0,0,0,0,0,0,0,0,0,0,0,0,0,0,0,0,0,0,0,0,0,0,0,0,0,0,0,0,0,0,0,0,0,7200,0,0,0,0,0,0,0,0,0,0,6200,0,0,0,20000,0,0,0,0,0,0,0,11800,0,0,0,0,0,0,0,0,11400,0,0,0,0,0,192300,0,0,0,0,0,0,0,0,0,0,0,0,0,0,0,0,0,0,0,0,0,0,0,0,0,169100,0,0,0,0,0,0,0,0,0,0,0,0,1314600,0,0,0,238200,0,0,0,202200,0,0,0,0,0,0,0,638700,0,0,0,0,0,0,0,1924600,0,0,0,0,0,0,0,0
