Unnamed: 1,ADFL,ADFR,ADLL,ADLR,AFDL,AFDR,ALML,ALMR,ALNL,ALNR,AQR,ASEL,ASER,ASGL,ASGR,ASHL,ASHR,ASIL,ASIR,ASJL,ASJR,ASKL,ASKR,AUAL,AUAR,AVM,AWAL,AWAR,AWBL,AWBR,AWCL,AWCR,BAGL,BAGR,DVA,FLPL,FLPR,IL2DL,IL2DR,IL2L,IL2R,IL2VL,IL2VR,OLLL,OLLR,OLQDL,OLQDR,OLQVL,OLQVR,PLNL,PLNR,SAADL,SAADR,SAAVL,SAAVR,SDQL,SDQR,URBL,URBR,URXL,URXR,URYDL,URYDR,URYVL,URYVR,ADAL,ADAR,AIAL,AIAR,AIBL,AIBR,AINL,AINR,AIYL,AIYR,AIZL,AIZR,AVAL,AVAR,AVBL,AVBR,AVDL,AVDR,AVEL,AVER,BDUL,BDUR,DVC,PVCL,PVCR,PVPL,PVPR,PVR,PVT,RIAL,RIAR,RIBL,RIBR,RIFL,RIFR,RIGL,RIGR,RIH,RIML,RIMR,RIPL,RIPR,RIR,IL1DL,IL1DR,IL1L,IL1R,IL1VL,IL1VR,RIVL,RIVR,RMDDL,RMDDR,RMDL,RMDR,RMDVL,RMDVR,RMED,RMEL,RMER,RMEV,RMFL,RMFR,RMHL,RMHR,SIADL,SIADR,SIAVL,SIAVR,SIBDL,SIBDR,SIBVL,SIBVR,SMBDL,SMBDR,SMBVL,SMBVR,SMDDL,SMDDR,SMDVL,SMDVR,URADL,URADR,URAVL,URAVR,ADEL,ADER,AIML,AIMR,ALA,AVFL,AVFR,AVHL,AVHR,AVJL,AVJR,AVKL,AVKR,AVL,CEPDL,CEPDR,CEPVL,CEPVR,HSNL,HSNR,PVWL_or_R_1,PVWL_or_R_2,PVQL,PVQR,RICL,RICR,RID,RIS,RMGL,RMGR,BWM-DL01,BWM-DR01,BWM-VL01,BWM-VR01,BWM-DL02,BWM-DR02,BWM-VL02,BWM-VR02,BWM-DL03,BWM-DR03,BWM-VL03,BWM-VR03,BWM-DL04,BWM-DR04,BWM-VL04,BWM-VR04,BWM-DL05,BWM-DR05,BWM-VL05,BWM-VR05,BWM-DL06,BWM-DR06,BWM-VL06,BWM-VR06,BWM-DL07,BWM-DR07,BWM-VL07,BWM-VR07,BWM-DL08,BWM-DR08,BWM-VL08,BWM-VR08
ADFL,0,114960,0,0,269160,0,0,0,0,0,0,98160,0,3480,0,457560,0,0,0,0,0,0,0,1088880,9840,0,471840,0,958680,19080,3360,0,0,0,14040,0,0,0,0,0,0,0,0,0,0,0,0,27840,0,0,0,0,0,0,0,0,0,0,0,518880,0,0,0,40080,0,16560,0,149640,0,107280,21120,0,59400,600000,0,1089480,27840,0,0,93600,0,0,0,0,0,0,0,0,0,0,89520,0,0,0,243480,0,27000,19440,117240,0,0,0,16440,3240,0,0,0,406080,0,0,0,0,0,0,0,0,0,0,0,0,0,0,0,0,0,0,0,0,0,0,0,0,203040,0,120,0,68760,0,337440,0,502080,0,0,0,0,0,0,0,0,0,0,0,720,0,0,0,0,0,354480,0,0,0,0,0,0,0,0,0,0,0,0,0,720,0,0,0,0,0,0,0,0,0,0,0,0,0,0,0,0,0,0,0,0,0,0,0,0,0,0,0,0,0,0,0,0,0,0,0,0,0,0,0
ADFR,114960,0,0,0,0,468600,0,0,0,0,0,16800,115320,0,0,0,483480,0,0,0,0,0,0,72120,926520,0,0,606840,74400,988800,0,0,0,9120,213240,0,0,0,0,0,0,0,0,0,0,0,0,0,19680,0,0,0,0,0,0,0,0,0,0,0,507840,0,0,0,6720,0,44520,0,106200,18960,108000,16320,1560,0,621000,134400,1231680,0,0,0,148560,0,0,0,0,0,0,0,0,0,65040,50760,0,0,0,239640,8520,91680,0,19320,0,0,22200,0,0,0,0,618480,0,0,0,0,0,0,0,0,0,0,0,0,0,0,0,0,0,0,0,0,0,0,0,0,0,30480,0,85920,0,41400,0,525600,0,540960,0,0,0,0,0,0,0,0,0,0,0,0,0,0,0,424320,18840,0,0,0,0,0,0,0,0,0,0,0,0,0,0,0,0,0,0,22320,0,0,0,0,0,0,0,0,0,0,0,0,0,0,0,0,0,0,0,0,0,0,0,0,0,0,0,0,0,0,0,0,0,0
ADLL,0,0,0,156720,0,0,1440,0,0,0,0,391320,0,0,0,188400,0,296880,0,164760,0,1143480,173520,0,0,0,464640,0,186000,0,686040,504480,0,0,0,0,0,0,0,47760,0,0,0,73920,0,38280,0,4560,0,0,0,0,0,0,0,0,0,0,0,0,0,8520,0,47520,0,220320,0,225120,0,228360,0,0,0,7440,0,8040,0,70080,0,600,12240,57000,99480,0,0,0,0,0,29160,0,53760,0,0,0,0,0,0,0,0,0,0,0,0,0,0,0,0,0,5040,0,2280,0,0,0,0,0,0,0,0,0,0,0,0,0,0,0,0,0,0,0,0,27000,0,0,0,30240,0,0,0,0,356400,0,0,0,0,0,0,0,0,0,0,0,29280,0,316080,0,0,1200,71160,140160,48120,0,0,0,0,0,0,0,0,0,0,0,352320,0,0,0,0,0,51120,0,0,0,0,0,0,0,0,0,0,0,0,0,0,0,0,0,0,0,0,0,0,0,0,0,0,0,0,0,0,0,0,0
ADLR,0,0,156720,0,0,0,0,0,0,0,0,0,619560,0,960,0,198120,0,117720,0,13560,0,803160,0,0,0,0,344880,0,210600,32760,1196280,0,0,0,0,0,0,39960,0,10440,0,0,0,59400,0,13200,0,5400,0,0,0,0,0,146400,0,0,0,5760,0,0,0,11760,0,12600,0,243600,0,319320,0,470520,0,0,0,1200,0,0,0,30840,0,0,100560,60480,0,0,0,0,0,0,0,0,18480,0,0,0,0,0,0,0,0,0,0,0,0,0,0,0,0,0,17640,0,30600,0,0,0,0,0,0,0,0,0,0,0,0,0,0,0,0,0,0,4680,0,0,0,40200,0,0,0,0,0,0,543000,0,0,0,0,0,0,0,0,0,0,0,0,462000,0,0,146280,24840,155400,97200,0,0,0,0,0,0,0,0,0,0,0,0,86520,0,0,0,0,0,56280,0,0,0,0,0,0,0,0,0,0,0,0,0,0,0,0,0,0,0,0,0,0,0,0,0,0,0,0,0,0,0,0
AFDL,269160,0,0,0,0,67560,0,0,0,0,0,261360,605400,0,0,0,0,168240,46200,0,0,0,0,648240,0,0,18240,0,131400,0,144360,367920,0,278520,0,0,0,5400,0,15720,0,0,0,0,0,3000,0,0,0,0,0,0,0,4680,0,0,0,0,0,37320,0,0,0,0,0,0,0,7920,0,175800,0,271320,1076640,1257000,177000,396120,0,0,0,0,0,0,0,0,0,0,0,0,0,0,0,0,0,0,17160,0,1200,0,0,0,0,0,0,0,0,0,0,8520,1680,0,0,0,0,0,22800,0,0,0,0,0,0,0,0,0,0,0,0,0,0,0,0,0,0,0,840,0,0,0,0,0,0,0,0,0,1440,0,0,0,0,0,0,0,0,0,0,0,0,0,18840,0,0,0,0,0,240,0,33600,0,0,0,0,0,0,0,0,0,378240,0,0,0,0,0,0,0,0,0,0,0,0,0,0,0,0,0,0,0,0,0,0,0,0,0,0,0,0,0,0,0,0,0,0,0
AFDR,0,468600,0,0,67560,0,0,0,0,0,0,660960,53760,0,22200,0,0,0,336720,0,0,0,0,24960,1212240,0,0,0,0,171840,229560,188880,552000,0,1800,0,0,0,0,0,3480,0,0,0,0,0,0,0,0,0,0,0,0,0,13680,0,0,0,0,0,67440,0,0,0,0,0,0,0,56640,0,371760,1364280,135600,94440,1597320,0,475920,0,0,0,0,0,0,0,0,0,0,0,0,0,0,0,0,0,0,23760,0,0,0,0,0,0,0,0,0,0,0,62280,0,0,0,7080,0,0,0,5880,0,0,0,0,0,0,0,0,0,0,0,0,0,0,0,0,0,0,0,14880,0,0,0,0,0,0,0,0,0,0,0,0,0,0,0,0,0,0,0,0,0,84840,0,0,0,0,0,0,0,0,0,0,0,0,0,0,0,0,0,0,3600,22080,0,0,0,0,0,0,0,0,0,0,0,0,0,0,0,0,0,0,0,0,0,0,0,0,0,0,0,0,0,0,0,0,0,0
ALML,0,0,1440,0,0,0,0,0,0,0,0,0,0,0,0,60480,0,0,0,18600,0,27000,0,0,0,0,0,0,0,0,0,0,0,0,68760,0,0,0,0,2760,0,0,0,0,0,0,0,9360,0,0,0,0,198600,0,0,0,0,229320,0,245520,0,0,0,58440,0,275160,0,0,0,0,0,31320,0,0,0,0,0,0,0,165840,0,128400,379320,60720,0,959040,0,0,237360,0,0,0,765600,0,0,0,0,0,135000,0,0,0,0,0,0,0,0,0,0,0,96240,0,0,0,0,0,0,0,0,0,0,0,0,0,0,0,0,0,0,0,0,250800,79440,0,0,50400,0,367320,0,313560,0,0,0,0,0,0,0,0,0,0,0,0,125880,0,6600,0,0,127920,21240,110400,339600,0,0,0,48240,0,226920,0,0,0,0,0,1800,0,63120,0,149880,0,153720,0,0,0,0,0,0,0,0,0,0,0,0,0,0,0,0,0,0,0,0,0,0,0,0,0,0,0,0,0,0,0,0,0
ALMR,0,0,0,0,0,0,0,0,0,0,0,0,0,0,0,0,77760,0,0,0,2040,0,0,0,0,0,0,0,0,10800,0,0,0,0,0,0,0,0,0,0,240,0,0,0,0,0,0,0,0,0,0,153960,0,0,0,0,0,0,485760,0,16320,0,1440,0,0,0,829200,0,0,0,0,0,66960,0,0,0,0,0,3840,0,211320,222720,117360,0,45600,0,580440,0,0,214560,0,0,1118040,0,0,0,0,0,0,198360,0,0,0,0,0,0,0,0,0,0,0,29400,0,0,0,0,38400,0,0,0,0,0,0,0,0,0,0,0,0,0,203400,0,0,0,120000,0,2400,0,376080,0,0,0,0,0,0,0,0,0,0,0,0,0,0,100560,1800,0,0,0,118320,73320,102960,0,0,0,0,162360,0,284280,0,0,0,0,0,0,0,4200,0,0,0,175560,0,0,0,0,0,36240,0,0,0,0,0,0,0,21600,0,0,0,0,0,0,0,0,0,0,0,0,0,0,0,0,0,0
ALNL,0,0,0,0,0,0,0,0,0,0,0,0,0,0,0,0,0,0,0,0,0,0,0,0,0,0,0,0,0,0,0,0,0,0,0,0,0,0,0,0,0,0,0,0,0,0,0,0,0,0,0,0,0,0,0,0,0,0,0,0,0,0,0,0,0,0,0,0,0,0,0,0,0,0,0,0,0,0,0,0,0,0,0,0,0,0,0,0,0,0,0,0,0,0,0,0,0,0,0,0,0,0,0,0,0,0,0,0,0,0,0,0,0,0,0,0,0,0,0,0,0,0,0,0,0,0,0,0,0,0,0,0,0,0,0,0,0,0,0,0,0,0,0,0,0,0,0,0,0,0,0,0,0,0,0,0,0,0,0,0,0,0,0,0,0,0,0,0,0,0,0,0,0,0,0,0,0,0,0,0,0,0,0,0,0,0,0,0,0,0,0,0,0,0,0,0,0,0,0,0,0,0,0,0,0,0,0,0,0,0,0,0
ALNR,0,0,0,0,0,0,0,0,0,0,0,0,0,0,0,0,0,0,0,0,0,0,0,0,0,0,0,0,0,0,0,0,0,0,0,0,0,0,0,0,0,0,0,0,0,0,0,0,0,0,0,0,0,0,0,0,0,0,0,0,0,0,0,0,0,0,0,0,0,0,0,0,0,0,0,0,0,0,0,0,0,0,0,0,0,0,0,0,0,0,0,0,0,0,0,0,0,0,0,0,0,0,0,0,0,0,0,0,0,0,0,0,0,0,0,0,0,0,0,0,0,0,0,0,0,0,0,0,0,0,0,0,0,0,0,0,0,0,0,0,0,0,0,0,0,0,0,0,0,0,0,0,0,0,0,0,0,0,0,0,0,0,0,0,0,0,0,0,0,0,0,0,0,0,0,0,0,0,0,0,0,0,0,0,0,0,0,0,0,0,0,0,0,0,0,0,0,0,0,0,0,0,0,0,0,0,0,0,0,0,0,0
AQR,0,0,0,0,0,0,0,0,0,0,0,0,0,0,0,0,0,0,0,0,0,0,0,0,0,0,0,0,0,0,0,0,0,0,0,0,0,0,0,0,0,0,0,0,0,0,0,0,0,0,0,0,0,0,0,0,0,0,0,0,0,0,0,0,0,0,0,0,0,0,0,0,0,0,0,0,0,0,0,0,0,0,0,0,0,0,0,0,0,0,0,0,0,0,0,0,0,0,0,0,0,0,0,0,0,0,0,0,0,0,0,0,0,0,0,0,0,0,0,0,0,0,0,0,0,0,0,0,0,0,0,0,0,0,0,0,0,0,0,0,0,0,0,0,0,0,0,0,0,0,0,0,0,0,0,0,0,0,0,0,0,0,0,0,0,0,0,0,0,0,0,0,0,0,0,0,0,0,0,0,0,0,0,0,0,0,0,0,0,0,0,0,0,0,0,0,0,0,0,0,0,0,0,0,0,0,0,0,0,0,0,0
ASEL,98160,16800,391320,0,261360,660960,0,0,0,0,0,0,209160,206160,0,366240,0,147960,187080,256800,0,132480,0,3840,0,0,1202640,0,471120,0,733920,47880,149520,7440,0,0,0,0,720,0,5640,0,0,0,0,7320,1800,0,0,0,0,0,0,0,80520,0,0,0,0,68760,0,1560,0,0,0,0,0,139080,162720,1186200,78240,366960,6720,1079880,491640,212040,198960,0,0,0,0,0,0,0,0,0,0,0,0,0,0,0,0,0,0,4200,0,0,121800,0,0,0,0,0,0,0,0,0,0,2520,0,8760,0,0,0,3480,0,0,0,0,0,12720,0,0,0,0,0,0,0,0,0,0,0,0,0,0,0,0,6720,0,6840,0,0,0,0,0,0,0,0,0,0,0,143640,0,10200,0,0,0,0,480,0,0,0,0,0,0,0,0,0,0,0,0,280080,0,0,0,73320,0,0,0,0,0,0,0,0,0,0,0,0,0,0,0,0,0,0,0,0,0,0,0,0,0,0,0,0,0,0,0,0,0,0,0
ASER,0,115320,0,619560,605400,53760,0,0,0,0,0,209160,0,0,408120,0,390240,502680,510840,0,147720,0,84120,0,0,0,158880,1753680,29040,394080,655440,985920,0,242640,0,0,0,480,0,0,0,0,0,0,0,6120,0,0,0,0,0,0,0,60240,0,0,0,0,0,0,1800,0,2760,0,0,0,1200,137160,413040,514920,1389720,840,476880,555120,1196760,305640,277800,0,0,0,0,0,0,0,0,0,0,0,0,0,0,4800,0,0,12600,0,0,0,0,218640,0,0,0,0,0,0,0,0,5160,0,0,0,0,0,1560,0,0,0,0,0,0,0,0,0,0,0,0,0,0,0,0,0,0,0,0,0,0,0,0,0,0,5400,0,0,0,0,0,0,0,0,0,0,0,25560,0,0,0,11880,0,0,0,0,0,0,0,0,0,2040,0,0,0,0,0,336840,0,0,75960,0,0,0,0,0,0,0,0,0,0,0,0,0,0,0,0,0,0,0,0,0,0,0,0,0,0,0,0,0,0,0,0,0,0,0
ASGL,3480,0,0,0,0,0,0,0,0,0,0,206160,0,0,0,5280,0,118920,0,61800,0,19200,0,0,0,0,90840,0,0,0,372720,161640,0,0,0,0,0,0,0,0,0,0,0,0,0,0,0,0,0,0,0,0,0,0,66480,0,0,0,0,0,0,0,0,0,0,0,0,1027320,0,342240,0,112920,30720,13320,0,87720,0,0,0,0,0,0,0,0,0,0,0,0,0,0,0,0,0,0,0,0,0,0,0,0,0,0,0,0,0,0,0,0,0,0,0,0,0,0,0,0,0,0,0,0,0,0,0,0,0,0,0,0,0,0,0,0,0,0,0,0,0,0,0,0,0,0,0,0,0,0,0,0,0,0,0,0,559320,0,0,0,0,0,0,0,0,0,0,0,0,0,41400,0,0,0,0,0,0,0,720,0,0,0,0,0,0,0,0,0,0,0,0,0,0,0,0,0,0,0,0,0,0,0,0,0,0,0,0,0,0,0,0,0,0,0,0,0
ASGR,0,0,0,960,0,22200,0,0,0,0,0,0,408120,0,0,0,0,0,225120,0,132480,0,480,0,0,0,0,119400,0,0,126600,382320,0,0,0,0,0,0,0,0,0,0,0,0,0,0,0,0,0,0,0,0,0,83880,0,0,0,0,0,0,0,0,0,0,0,0,0,0,796560,0,566760,123000,63600,0,5400,0,116040,0,0,0,44040,0,0,0,0,0,0,0,0,0,0,0,0,0,0,0,0,0,0,0,0,0,0,0,0,0,0,0,0,0,0,0,0,0,0,0,0,0,0,0,0,0,0,0,0,0,0,0,0,0,0,0,0,0,0,0,0,0,0,0,0,0,0,0,0,0,0,0,0,0,0,0,0,675840,0,0,0,0,0,0,0,0,0,0,0,0,0,67680,0,0,0,0,0,0,0,29400,0,0,0,0,0,0,0,0,0,0,0,0,0,0,0,0,0,0,0,0,0,0,0,0,0,0,0,0,0,0,0,0,0,0,0,0
ASHL,457560,0,188400,0,0,0,60480,0,0,0,0,366240,0,5280,0,0,110040,0,0,0,2520,124320,0,0,0,0,463200,19680,453960,3600,0,0,0,0,0,0,0,0,0,0,0,0,0,0,0,2400,0,0,0,0,0,0,0,0,0,0,0,0,0,294240,0,61320,0,0,0,715440,0,382920,0,575160,0,0,0,55200,0,386760,0,71040,0,735840,2520,65880,82920,30720,0,18360,0,0,22200,0,459600,0,0,0,59760,0,0,0,503280,264120,0,0,0,138000,0,0,0,7800,13800,0,0,0,0,0,0,0,0,0,0,0,0,0,0,0,0,122040,0,0,0,0,0,10200,42840,0,0,25080,117720,0,69480,0,378960,0,0,25680,0,0,0,0,0,0,0,0,223200,85200,0,0,0,132000,566280,73320,118560,0,0,0,32400,0,0,0,0,0,0,0,15960,0,75480,0,33000,38760,103800,0,0,0,0,0,0,0,0,0,0,0,0,0,0,0,0,0,0,0,0,0,0,0,0,0,0,0,0,0,0,0,0,0
ASHR,0,483480,0,198120,0,0,0,77760,0,0,0,0,390240,0,0,110040,0,0,0,0,3000,0,266880,0,0,0,13680,655440,0,461280,0,0,0,0,43200,0,0,0,0,0,0,0,0,0,0,0,720,0,0,0,0,0,0,0,0,0,0,0,0,0,235080,0,2040,0,3960,0,803400,0,609720,0,641640,0,0,0,44040,35880,382440,0,194280,51480,989880,166200,93000,0,38160,0,1080,0,11280,27840,0,312600,0,0,0,38520,0,0,0,961320,0,0,0,0,215760,0,0,69000,0,3120,0,0,0,0,0,0,0,0,0,0,0,0,0,0,0,0,0,0,0,0,0,0,0,204960,40080,0,0,18240,0,109920,0,659520,3360,0,0,0,0,0,0,0,0,0,0,239160,0,0,0,672720,70800,173040,63480,0,0,0,0,0,0,240,0,0,0,0,0,99240,0,103440,0,151560,0,171120,0,0,0,0,0,0,0,0,0,0,0,0,0,0,0,0,0,0,0,0,0,0,0,0,0,0,0,0,0,0,0,0
ASIL,0,0,296880,0,168240,0,0,0,0,0,0,147960,502680,118920,0,0,0,0,151920,123600,0,102480,0,0,0,0,121320,0,90480,0,1111680,1058880,0,439560,0,0,0,0,0,5520,0,0,0,12000,0,31320,0,0,0,0,0,0,0,0,6240,0,0,0,0,0,0,360,0,0,0,0,0,258600,0,141240,0,3480,60600,557280,0,86640,0,0,0,0,0,0,0,0,0,0,0,0,0,0,0,0,0,0,0,0,69360,0,0,0,0,0,0,108120,0,0,0,0,3360,0,0,0,0,0,0,0,0,0,0,0,0,0,0,0,0,0,0,0,0,0,0,0,0,0,0,0,0,0,0,0,0,0,0,0,0,0,0,0,0,0,0,0,0,0,0,0,0,0,0,27240,0,0,0,0,0,0,60840,0,0,0,0,0,0,0,0,0,0,0,0,0,0,0,0,0,0,0,0,0,0,0,0,0,0,0,0,0,0,0,0,0,0,0,0,0,0,0,0,0,0,0,0,0
ASIR,0,0,0,117720,46200,336720,0,0,0,0,0,187080,510840,0,225120,0,0,151920,0,0,126840,0,151080,0,0,0,0,146880,0,210240,1178640,2044920,159360,0,0,0,0,0,16200,0,3960,0,0,0,16320,0,26160,0,0,0,0,0,0,9360,0,0,0,0,0,0,0,0,20520,0,0,0,0,0,306480,0,79800,63960,13320,0,353760,0,1080,0,0,0,0,0,0,0,0,0,0,0,0,0,0,0,0,0,0,0,0,52560,0,3000,0,0,0,0,108840,0,0,0,0,18720,0,8040,0,0,0,0,0,0,0,0,0,0,0,0,0,0,0,0,0,0,0,0,0,0,0,0,0,0,0,0,0,0,0,0,0,0,0,0,0,0,0,0,0,0,0,0,0,0,0,0,0,0,0,0,0,16320,0,60360,0,0,0,0,0,0,0,0,0,0,0,0,0,0,0,0,0,0,0,0,0,0,0,0,0,0,0,0,0,0,0,0,0,0,0,0,0,0,0,0,0,0,0,0
ASJL,0,0,164760,0,0,0,18600,0,0,0,0,256800,0,61800,0,0,0,123600,0,0,140160,826800,117720,0,0,0,210600,0,36720,0,0,0,0,0,0,0,0,14640,0,42720,0,0,0,37560,0,21360,0,0,0,0,0,0,0,0,63000,0,0,9600,0,39840,0,16320,0,0,0,0,0,552480,21360,9960,0,0,0,0,0,0,0,0,0,0,0,21960,0,9960,0,0,0,0,0,0,0,0,0,0,0,0,31680,0,92160,0,0,0,0,0,0,0,0,0,33240,0,16200,0,0,0,0,0,0,0,0,0,0,0,0,0,0,0,0,0,0,0,0,14880,0,0,0,24720,0,0,0,0,0,0,0,23040,0,0,0,0,0,0,0,0,633360,5640,43680,0,0,6840,0,23640,0,0,0,0,23160,0,47520,0,0,0,0,0,1237320,0,0,0,0,0,0,0,0,0,0,0,0,0,0,0,0,0,0,0,0,0,0,0,0,0,0,0,0,0,0,0,0,0,0,0,0,0,0,0
ASJR,0,0,0,13560,0,0,0,2040,0,0,0,0,147720,0,132480,2520,3000,0,126840,140160,0,0,993720,0,0,0,0,286560,0,39840,0,0,0,0,0,0,0,0,15000,0,64920,0,0,0,45240,0,21240,0,0,0,0,0,0,59400,0,0,0,0,0,0,48960,0,9120,0,0,0,4560,0,655800,0,0,0,3240,0,0,0,0,0,103440,0,0,0,12960,0,480,0,0,0,0,0,0,0,0,0,0,0,0,13080,0,160920,0,0,0,0,0,0,0,0,0,9720,0,0,0,0,0,0,0,0,0,0,0,0,0,0,0,0,0,0,0,0,15960,0,0,0,12480,0,0,0,0,0,0,9000,11160,0,0,0,0,0,0,0,0,0,0,746400,153480,0,0,0,3000,0,7560,0,0,0,0,9240,0,29760,0,0,0,0,128520,1157040,0,0,0,0,0,25080,0,0,0,0,0,0,0,0,0,0,0,0,0,0,0,0,0,0,0,0,0,0,0,0,0,0,0,0,0,0,0,0
ASKL,0,0,1143480,0,0,0,27000,0,0,0,0,132480,0,19200,0,124320,0,102480,0,826800,0,0,247680,0,0,0,0,0,0,0,365520,64800,0,0,0,0,0,480,0,10680,0,0,0,0,0,5400,0,0,0,0,0,0,0,0,56880,0,0,0,0,0,0,2160,0,0,0,168960,0,1403040,0,232680,0,29880,0,0,0,0,0,0,0,40080,0,0,0,0,0,0,0,0,0,0,0,0,0,0,0,0,0,0,605400,0,0,0,0,21960,0,0,0,0,2280,0,0,0,0,0,0,0,0,0,0,0,0,0,0,0,0,0,0,0,0,0,0,0,0,0,0,0,0,0,0,0,0,0,0,0,0,0,0,0,0,0,0,0,31680,0,339120,0,0,0,0,0,1800,0,0,0,0,0,0,0,0,0,0,0,945480,0,0,0,0,0,121920,0,0,0,0,0,0,0,0,0,0,0,0,0,0,0,0,0,0,0,0,0,0,0,0,0,0,0,0,0,0,0,0,0
ASKR,0,0,173520,803160,0,0,0,0,0,0,0,0,84120,0,480,0,266880,0,151080,117720,993720,247680,0,0,0,0,0,0,0,0,10680,149640,0,0,0,0,0,0,0,0,1080,0,0,0,0,0,10560,0,0,0,0,0,0,25800,0,0,0,0,0,0,0,0,7680,0,0,0,87840,51720,1302960,0,484560,0,121080,0,0,0,0,0,0,0,53640,0,0,0,0,0,0,0,0,0,0,0,0,0,0,0,0,0,0,578400,0,0,0,0,6000,0,0,0,0,9960,0,12480,0,0,0,0,0,0,0,0,0,0,0,0,0,0,0,0,0,0,0,0,0,0,0,0,0,0,0,0,0,0,0,0,0,0,0,0,0,0,0,0,0,268800,279240,0,0,0,0,0,0,0,0,0,0,0,0,0,0,0,0,0,0,882840,0,0,0,0,0,208320,0,0,0,0,0,0,0,0,0,0,0,0,0,0,0,0,0,0,0,0,0,0,0,0,0,0,0,0,0,0,0,0
AUAL,1088880,72120,0,0,648240,24960,0,0,0,0,0,3840,0,0,0,0,0,0,0,0,0,0,0,0,60360,0,0,0,113040,71640,0,14880,19800,36240,0,0,0,84840,0,19320,0,0,0,20160,0,20760,0,2760,0,0,0,0,0,42120,0,0,0,0,0,1898280,0,10080,0,37320,0,0,0,0,0,57720,24240,245880,1758240,1475760,60240,134520,0,126600,0,60840,0,0,15360,143400,2760,0,0,0,0,0,0,0,0,0,520920,0,1416360,103200,0,0,0,0,86160,88320,0,0,0,201120,45600,0,0,0,0,0,47280,0,0,0,0,0,0,0,0,0,0,132000,0,0,0,0,0,0,0,0,74880,0,0,0,0,0,0,0,0,0,47400,0,0,0,0,0,0,0,0,0,0,0,0,0,24480,0,0,0,0,0,4080,0,137160,0,0,0,0,0,0,0,0,0,25200,0,0,0,0,0,0,0,0,0,0,0,0,0,0,0,0,0,0,0,0,0,0,0,0,0,0,0,0,0,0,0,0,0,0,0
AUAR,9840,926520,0,0,0,1212240,0,0,0,0,0,0,0,0,0,0,0,0,0,0,0,0,0,60360,0,0,0,0,0,100680,9600,32400,105360,66000,21600,0,0,0,129000,0,7080,0,0,0,0,0,12840,0,6000,0,0,0,0,0,25560,0,0,0,0,0,2042280,0,3480,0,69360,0,0,0,0,0,23640,1597800,323400,0,1119960,0,73320,0,161040,0,69720,61200,10320,0,109800,0,0,0,0,0,0,0,0,0,0,761760,0,1150200,0,0,0,31800,38520,0,138000,0,0,300240,0,30960,0,53280,0,0,0,45000,0,0,0,0,0,43560,0,0,0,0,0,0,0,0,0,0,0,0,0,67920,0,0,0,0,0,0,0,0,0,46200,0,0,0,0,0,0,0,0,0,0,0,3600,0,0,0,0,0,0,0,124800,0,63720,0,0,0,0,0,0,0,0,0,202080,0,0,0,0,0,0,0,0,0,0,0,0,0,0,0,0,0,0,0,0,0,0,0,0,0,0,0,0,0,0,0,0,0,0
AVM,0,0,0,0,0,0,0,0,0,0,0,0,0,0,0,0,0,0,0,0,0,0,0,0,0,0,0,0,0,0,0,0,0,0,0,0,0,0,0,0,0,0,0,0,0,0,0,0,0,0,0,0,0,0,0,0,0,0,0,0,0,0,0,0,0,0,0,0,0,0,0,0,0,0,0,0,0,0,0,0,0,0,0,0,0,0,0,0,0,0,0,0,0,0,0,0,0,0,0,0,0,0,0,0,0,0,0,0,0,0,0,0,0,0,0,0,0,0,0,0,0,0,0,0,0,0,0,0,0,0,0,0,0,0,0,0,0,0,0,0,0,0,0,0,0,0,0,0,0,0,0,0,0,0,0,0,0,0,0,0,0,0,0,0,0,0,0,0,0,0,0,0,0,0,0,0,0,0,0,0,0,0,0,0,0,0,0,0,0,0,0,0,0,0,0,0,0,0,0,0,0,0,0,0,0,0,0,0,0,0,0,0
AWAL,471840,0,464640,0,18240,0,0,0,0,0,0,1202640,158880,90840,0,463200,13680,121320,0,210600,0,0,0,0,0,0,0,119160,1081440,99000,34560,0,0,14160,0,0,0,0,0,24720,0,0,0,0,0,13200,0,0,0,0,0,0,0,0,0,0,0,0,0,10320,0,4320,0,0,0,6480,0,127200,80400,114720,30480,0,0,426240,0,427560,0,0,0,75000,0,0,0,0,0,0,0,0,0,0,0,0,0,0,0,0,0,0,55440,0,0,0,0,0,0,0,0,0,0,0,0,0,0,0,0,0,0,0,0,0,0,0,0,0,0,0,0,0,0,0,0,720,0,0,0,6960,0,0,3960,0,136680,0,0,0,0,0,0,0,0,0,0,0,205320,0,0,0,0,36000,24360,0,0,0,0,0,0,0,0,0,0,0,0,0,521880,0,0,0,0,0,19200,0,0,0,0,0,0,0,0,0,0,0,0,0,0,0,0,0,0,0,0,0,0,0,0,0,0,0,0,0,0,0,0,0
AWAR,0,606840,0,344880,0,0,0,0,0,0,0,0,1753680,0,119400,19680,655440,0,146880,0,286560,0,0,0,0,0,119160,0,0,1132080,0,107400,0,0,8040,0,0,0,0,0,0,0,0,0,0,0,9120,0,0,0,0,0,0,0,0,0,0,0,0,0,12840,0,22680,0,0,0,0,0,170160,0,110520,0,0,0,232080,0,446280,0,0,0,51000,0,0,0,0,0,0,0,0,0,0,45120,0,0,0,0,0,1800,0,45120,0,0,0,0,0,0,0,0,0,23400,0,0,0,0,0,0,0,0,0,0,0,0,0,0,0,0,0,0,0,0,0,0,0,0,2640,0,0,0,0,4080,0,90840,12120,0,0,0,0,0,0,0,0,0,0,151680,0,0,0,118680,22080,0,0,0,0,0,0,0,0,0,0,0,0,0,27360,247440,0,0,0,0,0,18000,0,0,0,0,0,0,0,0,0,0,0,0,0,0,0,0,0,0,0,0,0,0,0,0,0,0,0,0,0,0,0,0
AWBL,958680,74400,186000,0,131400,0,0,0,0,0,0,471120,29040,0,0,453960,0,90480,0,36720,0,0,0,113040,0,0,1081440,0,0,69480,100080,0,0,0,3480,0,0,0,0,16680,0,0,0,0,0,0,0,14040,0,0,0,0,0,0,0,0,0,0,0,203880,0,0,0,10680,0,76920,0,94200,7680,52920,59520,0,0,369120,0,645720,6360,42840,0,0,0,0,0,0,0,0,0,0,0,0,93840,0,0,0,0,0,134040,0,0,15120,0,0,0,0,0,0,0,0,0,0,0,0,0,0,0,0,0,0,0,0,0,0,0,0,0,0,0,0,0,0,0,0,0,0,0,0,0,0,6720,0,127800,0,0,0,0,0,0,0,0,0,0,0,84120,0,0,0,0,11880,523800,0,0,0,0,0,0,0,0,0,0,0,0,0,7200,0,0,0,0,0,80040,0,0,0,0,0,0,0,0,0,0,0,0,0,0,0,0,0,0,0,0,0,0,0,0,0,0,0,0,0,0,0,0,0
AWBR,19080,988800,0,210600,0,171840,0,10800,0,0,0,0,394080,0,0,3600,461280,0,210240,0,39840,0,0,71640,100680,0,99000,1132080,69480,0,0,167280,0,0,0,0,0,0,0,0,4920,0,0,0,0,0,0,0,4560,0,0,0,0,0,0,0,0,0,1800,0,372600,0,0,0,6720,0,119880,0,151200,56880,30960,0,0,53520,426120,29400,528600,0,16080,1800,11280,0,0,0,0,0,0,0,2640,6240,0,55680,0,0,0,4440,0,300240,0,163320,0,0,0,0,2400,0,0,8040,0,0,0,0,0,0,0,0,0,0,0,0,0,0,0,0,0,0,0,0,0,0,0,0,0,0,0,0,0,0,0,0,0,169080,0,0,0,0,0,0,0,0,0,0,0,20040,0,0,0,434520,20640,0,0,0,0,0,0,0,0,0,0,0,0,0,0,5880,0,0,0,0,0,117960,0,0,0,0,0,0,0,0,0,0,0,0,0,0,0,0,0,0,0,0,0,0,0,0,0,0,0,0,0,0,0,0
AWCL,3360,0,686040,32760,144360,229560,0,0,0,0,0,733920,655440,372720,126600,0,0,1111680,1178640,0,0,365520,10680,0,9600,0,34560,0,100080,0,0,1773120,135000,170880,0,0,0,0,17160,0,0,0,0,0,20880,38520,17640,0,0,0,0,0,0,0,10560,0,0,0,0,0,0,5400,6720,0,0,0,0,1284840,570120,732840,257640,341520,27840,382800,365400,173760,215280,0,0,0,0,0,0,0,0,0,0,0,0,0,0,0,0,0,0,5160,54840,0,0,0,0,0,0,104160,0,0,0,0,1560,5040,0,12360,0,0,0,0,0,0,0,0,0,0,0,0,0,0,0,0,0,0,0,0,0,0,135120,0,0,0,0,0,0,0,0,0,0,0,0,0,0,0,0,0,0,20640,0,0,0,0,0,0,0,0,0,0,0,19200,59520,42240,0,0,0,0,0,0,0,0,0,0,0,0,0,0,0,0,0,0,0,0,0,0,0,0,0,0,0,0,0,0,0,0,0,0,0,0,0,0,0,0,0,0,0,0
AWCR,0,0,504480,1196280,367920,188880,0,0,0,0,0,47880,985920,161640,382320,0,0,1058880,2044920,0,0,64800,149640,14880,32400,0,0,107400,0,167280,1773120,0,92400,60600,0,0,0,0,58680,0,0,0,0,0,0,24480,10680,0,0,0,0,0,0,1320,0,0,0,0,0,0,0,0,6240,0,0,0,0,435840,853440,252840,1136880,46080,313200,192840,563760,195000,49200,0,0,0,0,0,0,0,0,0,0,0,0,0,0,0,0,0,10800,0,0,71280,0,0,0,0,0,0,111960,0,0,0,3720,14280,0,16320,0,0,4680,0,0,0,0,0,0,0,0,0,0,0,0,0,0,0,0,0,0,0,0,133320,0,0,0,0,0,0,0,0,600,0,0,0,0,0,0,0,0,0,0,0,0,0,0,0,0,0,0,0,0,30120,51120,62760,0,0,0,0,0,480,0,0,0,0,0,0,0,0,0,0,0,0,0,0,0,0,0,0,0,0,0,0,0,0,0,0,0,0,0,0,0,0,0,0,0,0,0,0
BAGL,0,0,0,0,0,552000,0,0,0,0,0,149520,0,0,0,0,0,0,159360,0,0,0,0,19800,105360,0,0,0,0,0,135000,92400,0,916560,84840,0,0,38400,6120,0,0,0,180000,0,0,37320,56160,840,55560,0,0,16920,0,42360,21360,0,0,0,0,32880,31680,0,0,7800,167280,0,0,0,0,134280,20040,434520,110040,12960,778560,0,154680,55800,169440,393000,15960,145200,126480,24240,90120,0,0,104760,0,3960,0,167760,0,71040,0,1205400,192480,1134960,0,0,42600,912000,107640,0,332880,0,0,408600,37680,45720,17400,0,0,90480,64080,32040,0,0,0,0,0,0,0,110400,0,0,0,0,0,0,0,0,0,0,36120,73320,19920,0,0,0,0,0,0,0,45840,21000,0,0,0,55680,0,0,0,0,0,0,0,0,0,0,0,2640,0,15120,0,0,0,165840,0,0,0,0,0,0,0,0,435960,0,0,0,0,0,0,0,0,0,0,0,0,0,0,0,0,0,0,0,0,0,0,0,0,0,0,0,0,0,0,0,0,0,0,0
BAGR,0,9120,0,0,278520,0,0,0,0,0,0,7440,242640,0,0,0,0,439560,0,0,0,0,0,36240,66000,0,14160,0,0,0,170880,60600,916560,0,80160,0,0,0,26280,0,26640,200880,0,0,0,480,44040,16800,36480,0,0,53040,0,2520,159240,0,0,0,4560,21480,0,0,0,51720,18480,0,0,0,0,114240,323040,0,740160,369960,51480,307080,72720,150360,15600,8160,238320,210240,191040,601920,347880,0,0,28200,240,0,121200,0,0,2280,972840,0,1250880,271800,0,0,591120,6240,335760,216480,0,0,0,451440,0,26160,0,0,38520,0,0,63840,0,0,0,0,0,10800,0,0,42480,0,0,0,0,0,0,0,0,0,3720,55560,55200,0,0,0,0,0,0,0,47160,64920,0,0,45480,0,0,0,0,0,0,0,0,0,1560,0,0,0,0,18480,0,0,234240,0,0,0,0,0,0,0,0,0,64920,0,0,0,0,0,0,0,0,0,0,0,0,0,0,0,0,0,0,0,0,0,0,0,0,0,0,0,0,0,0,0,0,0,0,0
DVA,14040,213240,0,0,0,1800,68760,0,0,0,0,0,0,0,0,0,43200,0,0,0,0,0,0,0,21600,0,0,8040,3480,0,0,0,84840,80160,0,210600,10440,0,0,0,0,19560,16200,0,0,0,0,23040,16320,0,0,95760,26040,6240,54720,0,0,0,10920,139440,57600,0,20280,46560,14760,534360,764760,0,0,69000,260760,0,0,0,0,570000,717360,209880,143400,828840,809040,425040,533400,234960,451440,62400,93000,6480,175320,160920,888000,1162080,270360,0,0,0,65760,10200,0,0,0,96840,248160,109800,176280,0,0,923400,0,0,0,0,42360,20760,108960,99840,0,0,0,0,43800,16320,0,0,0,88680,0,0,0,0,327000,261600,876000,1387800,96360,77880,1662000,1198320,151080,242640,0,24840,0,0,336000,461400,0,0,25320,24120,22440,0,0,0,0,0,0,609000,420480,11760,0,37560,0,0,0,0,0,0,0,0,0,0,0,0,275280,295080,437640,0,162000,21720,0,0,0,0,0,0,0,0,0,0,0,0,0,0,0,0,0,0,0,0,0,0,0,0,0,0,0,0,0,0,0,0
FLPL,0,0,0,0,0,0,0,0,0,0,0,0,0,0,0,0,0,0,0,0,0,0,0,0,0,0,0,0,0,0,0,0,0,0,210600,0,443760,0,0,0,0,0,0,0,0,0,0,0,0,0,0,0,348600,0,0,0,0,0,0,0,0,0,0,0,0,50160,6840,0,0,102000,25320,0,0,0,0,0,0,672960,237600,0,0,0,0,0,0,0,0,108480,0,0,0,0,0,0,0,360,0,0,0,0,0,174240,1296600,30720,9720,0,0,0,0,0,0,0,0,0,39120,51000,0,0,0,0,0,0,0,0,0,0,0,0,0,0,0,12360,0,0,0,0,0,23040,0,0,0,0,0,0,110280,0,0,0,0,0,555480,184440,0,0,0,0,0,0,0,0,0,0,209400,86160,0,0,0,0,0,0,0,0,0,0,0,0,0,4920,0,0,0,0,0,0,0,0,0,0,0,0,0,0,0,0,0,0,0,0,0,0,0,0,0,0,0,0,0,0,0,0,0,0
FLPR,0,0,0,0,0,0,0,0,0,0,0,0,0,0,0,0,0,0,0,0,0,0,0,0,0,0,0,0,0,0,0,0,0,0,10440,443760,0,0,0,0,0,0,0,0,0,0,0,0,0,0,0,0,0,0,0,0,0,0,0,0,0,0,0,0,0,36480,71520,0,0,0,7080,0,0,0,0,0,0,37440,286560,67800,33000,102480,0,82920,960,0,24240,66360,352560,231240,0,0,83640,0,0,9480,0,0,0,99720,0,41880,1097160,0,0,0,0,0,0,0,0,0,0,0,94560,9000,0,0,0,0,0,0,0,0,0,0,0,0,0,0,0,5520,0,77760,0,0,0,49320,31920,95280,0,8880,0,0,0,0,0,0,0,0,196080,64080,0,0,0,0,0,0,0,65400,5280,0,0,2040,0,0,0,0,0,0,0,0,0,74160,0,0,0,114000,0,0,0,0,0,0,0,0,0,0,0,0,0,0,0,0,0,0,0,0,0,0,0,0,0,0,0,0,0,0,0,0,0,0
IL2DL,0,0,0,0,5400,0,0,0,0,0,0,0,480,0,0,0,0,0,0,14640,0,480,0,84840,0,0,0,0,0,0,0,0,38400,0,0,0,0,0,0,59040,0,0,0,0,0,686280,0,0,0,0,0,0,0,0,600,0,0,0,0,283200,0,488640,0,0,0,11520,0,0,0,0,0,23160,0,3480,0,0,0,3840,0,0,0,5520,31080,0,0,23280,0,0,0,0,0,0,70800,0,0,0,0,0,0,0,0,0,832560,0,0,976800,134160,0,1045800,0,0,0,0,0,0,0,46680,8400,0,0,3240,3120,196080,121200,210000,178920,0,0,0,0,0,0,0,0,0,0,79320,0,0,40920,0,0,4680,0,0,0,1229280,0,0,0,0,0,0,0,13080,0,0,0,0,0,0,0,0,0,840600,0,0,0,0,0,0,0,0,0,28200,36000,0,0,0,0,31440,0,0,0,25680,0,0,0,0,0,0,0,0,0,0,0,0,0,0,0,0,0,0,0,0,0,0,0,0,0,0,0
IL2DR,0,0,0,39960,0,0,0,0,0,0,0,720,0,0,0,0,0,0,16200,0,15000,0,0,0,129000,0,0,0,0,0,17160,58680,6120,26280,0,0,0,0,0,0,228000,0,0,0,0,0,490320,0,0,0,0,0,0,0,0,0,0,0,0,0,321960,0,629160,0,0,0,13440,0,1200,0,0,13200,8400,0,0,0,0,0,42480,0,0,28200,0,0,40560,0,44640,0,0,0,0,0,124680,0,0,0,0,10080,0,32880,0,0,1291200,0,0,171000,1407240,0,0,982920,0,0,0,0,0,0,139440,18000,0,0,0,51840,178440,271200,138720,239760,0,0,0,0,0,0,0,0,0,0,0,22320,18840,0,0,0,0,0,0,0,0,1027080,0,0,0,0,0,10320,13920,0,0,0,0,0,0,0,0,0,0,531240,0,0,0,0,0,0,0,0,29280,60480,0,0,0,0,0,77160,0,0,0,16680,0,0,0,0,0,0,0,0,0,0,0,0,0,0,0,0,0,0,0,0,0,0,0,0,0,0
IL2L,0,0,47760,0,15720,0,2760,0,0,0,0,0,0,0,0,0,0,5520,0,42720,0,10680,0,19320,0,0,24720,0,16680,0,0,0,0,0,0,0,0,59040,0,0,0,65400,0,918240,0,504120,0,391800,0,0,0,0,98040,0,0,0,0,459600,0,141840,0,0,0,0,0,0,0,0,0,0,0,0,11520,0,0,0,0,960,0,0,0,0,0,95280,0,0,0,0,0,0,0,0,0,0,0,0,50040,0,0,0,0,0,243120,0,0,0,0,0,0,0,792600,0,3240,0,62160,0,0,720,36360,243240,2400,0,219120,1133160,1892400,241080,0,0,0,0,1440,0,0,0,6720,0,98880,42480,0,0,146040,0,0,0,59520,0,203040,0,461640,0,0,0,53880,0,24480,0,0,0,0,0,0,0,0,0,0,0,0,0,0,0,0,0,11520,0,56640,0,0,0,98400,0,0,0,0,0,0,0,0,0,0,0,0,0,0,0,0,0,0,0,0,0,0,0,0,0,0,0,0,0,0,0,0,0
IL2R,0,0,0,10440,0,3480,0,240,0,0,0,5640,0,0,0,0,0,0,3960,0,64920,0,1080,0,7080,0,0,0,0,4920,0,0,0,26640,0,0,0,0,228000,0,0,0,88680,0,657000,0,677160,0,356640,0,0,30120,0,0,25440,0,0,0,846840,0,147600,0,0,0,0,0,0,0,0,16560,4080,8400,0,0,0,0,0,0,0,0,0,0,0,0,155640,0,0,0,0,0,0,0,0,0,0,48000,0,55560,0,0,0,14160,533160,0,0,0,20880,0,0,3480,0,836760,0,0,0,51720,0,0,94320,16920,0,0,368280,2283720,999240,456600,0,0,0,0,0,0,0,82320,0,26880,0,0,0,0,0,135480,0,0,0,69960,0,306720,0,383280,0,0,0,44520,28560,0,0,0,0,0,0,0,0,0,0,0,0,0,0,0,0,0,0,15000,0,46440,0,0,0,89760,0,0,0,0,0,0,0,2520,0,0,0,0,0,0,0,0,0,0,0,0,0,0,0,0,0,0,0,0,0,0,0,0
IL2VL,0,0,0,0,0,0,0,0,0,0,0,0,0,0,0,0,0,0,0,0,0,0,0,0,0,0,0,0,0,0,0,0,0,200880,19560,0,0,0,0,65400,0,0,0,0,0,0,0,423960,0,0,0,0,0,0,7320,0,0,0,0,39600,0,0,0,227160,0,19320,0,0,0,0,64560,0,0,0,0,0,0,0,0,0,0,0,0,0,0,0,0,49560,0,0,0,0,37680,95880,79440,0,0,0,0,0,18120,0,642000,0,13560,752520,0,0,0,0,0,0,940200,0,0,0,72840,0,0,0,0,43200,118440,201120,284040,188280,0,0,0,0,12120,0,9120,0,19800,0,0,0,0,0,0,0,6360,0,0,0,0,0,964920,0,0,0,0,0,0,0,0,0,0,0,0,0,0,2640,0,0,440400,0,0,0,0,0,0,0,1560,4920,0,0,0,0,0,0,142800,0,0,0,47520,0,0,0,0,0,0,0,0,0,0,0,0,0,0,0,0,0,0,0,0,0,0,0,0,0
IL2VR,0,0,0,0,0,0,0,0,0,0,0,0,0,0,0,0,0,0,0,0,0,0,0,0,0,0,0,0,0,0,0,0,180000,0,16200,0,0,0,0,0,88680,0,0,0,0,0,0,0,340200,0,0,0,120,0,0,0,0,0,0,0,66840,0,0,0,21000,0,20280,0,0,45360,0,0,0,0,0,0,0,0,0,0,0,0,0,0,0,0,0,49680,0,0,0,0,0,76080,0,91920,0,0,0,0,0,38400,529080,0,3960,0,753960,1080,0,0,0,0,0,528720,5280,0,0,47040,0,0,35640,0,137040,294360,273120,481320,0,0,0,0,0,6960,0,2640,0,13680,0,19080,0,11160,0,8280,0,0,0,0,0,0,0,669240,0,0,0,0,0,0,0,0,0,0,0,0,26760,40080,0,0,0,226680,0,0,0,0,0,0,13680,48480,0,0,0,0,0,0,0,114120,0,0,0,0,0,0,0,0,0,0,0,0,0,0,0,0,0,0,0,0,0,0,0,0,0,0,0,0
OLLL,0,0,73920,0,0,0,0,0,0,0,0,0,0,0,0,0,0,12000,0,37560,0,0,0,20160,0,0,0,0,0,0,0,0,0,0,0,0,0,0,0,918240,0,0,0,0,195720,147240,0,46680,0,0,0,0,214080,0,69480,0,0,640560,0,43800,0,104160,0,55320,0,0,0,0,0,0,0,51720,7680,0,0,0,0,0,0,0,0,1680,0,0,1184760,0,0,123960,0,0,0,0,0,100560,86280,0,578640,0,0,0,337200,0,0,144360,17280,0,0,0,236640,0,687000,0,300120,0,13080,0,547440,33600,67320,163440,666720,0,702120,817560,218040,557640,0,0,0,0,0,0,19440,0,0,30240,2160,35040,0,0,72120,0,54000,347520,191280,137760,33000,0,16320,0,0,0,14520,0,9240,0,0,0,0,28800,0,5880,0,59880,426240,0,231720,0,0,0,0,0,0,0,0,0,0,0,0,0,0,0,0,0,1560,0,31080,0,0,0,0,0,0,0,0,0,0,0,0,0,0,0,0,0,0,0,0,0,0,0,0,0
OLLR,0,0,0,59400,0,0,0,0,0,0,0,0,0,0,0,0,0,0,16320,0,45240,0,0,0,0,0,0,0,0,0,20880,0,0,0,0,0,0,0,0,0,657000,0,0,195720,0,0,476040,0,207240,0,0,300360,1320,1440,0,0,0,0,676560,0,0,0,123960,0,93120,0,0,0,0,97560,0,7680,48120,0,0,0,0,0,0,0,0,0,4920,1320360,40320,0,0,7680,0,0,0,0,0,43920,0,32640,0,600240,0,0,0,420240,0,24360,12720,0,0,0,41640,345960,0,1280400,0,398520,0,30360,98040,537600,184920,120960,5640,459840,984360,255000,978600,449280,0,0,0,0,0,0,0,15840,33480,36840,480,0,37320,0,0,78360,302520,147840,174720,122880,0,0,0,35280,0,0,0,0,19560,0,0,0,0,0,15360,0,0,33120,0,511560,0,262800,0,0,0,0,0,2880,0,45000,0,54840,0,22440,0,0,0,0,0,15120,0,12480,0,0,0,0,0,0,0,0,0,0,0,0,0,0,0,0,0,0,0,0,0,0,0,0
OLQDL,0,0,38280,0,3000,0,0,0,0,0,0,7320,6120,0,0,2400,0,31320,0,21360,0,5400,0,20760,0,0,13200,0,0,0,38520,24480,37320,480,0,0,0,686280,0,504120,0,0,0,147240,0,0,0,0,0,0,0,46560,0,0,14040,0,0,62400,0,312120,0,3802080,0,0,0,11160,0,0,0,0,0,17280,9240,0,0,0,0,1200,0,35280,0,22320,44520,0,40560,0,0,41880,6960,0,0,0,0,24120,4800,0,98760,0,0,0,70440,0,988560,0,0,72600,7200,0,1230840,0,0,0,0,0,0,0,140280,465240,0,0,116280,6960,64200,976800,0,58440,0,0,0,0,0,5280,0,0,0,0,126840,0,0,410520,0,0,0,23280,0,0,385200,0,0,0,0,0,26280,0,42480,0,0,20280,0,23400,17760,0,0,18240,584760,0,0,0,0,0,0,0,8760,0,69720,353280,0,28080,0,0,0,0,0,0,0,0,0,0,0,0,0,0,0,0,0,0,0,0,0,0,0,0,0,0,0,0,0,0,1200,0,0,0
OLQDR,0,0,0,13200,0,0,0,0,0,0,0,1800,0,0,0,0,720,0,26160,0,21240,0,10560,0,12840,0,0,9120,0,0,17640,10680,56160,44040,0,0,0,0,490320,0,677160,0,0,0,476040,0,0,0,0,0,0,0,0,0,0,0,0,0,66840,0,9840,0,2880600,0,0,0,12480,0,0,0,0,23880,16680,0,0,0,0,0,25920,840,7800,50520,21360,151320,240,0,19200,37920,0,0,0,1320,3360,30960,0,0,0,44280,0,19680,0,122640,2070360,0,0,0,52680,0,0,1143240,0,0,0,0,0,0,284400,128280,0,0,1320,116400,108720,0,996480,93480,0,0,0,0,0,0,0,0,0,0,0,191760,294840,0,0,0,2400,0,0,0,0,198840,0,0,0,0,0,24240,11760,0,0,0,38760,0,31080,0,600,42120,0,612480,0,0,0,0,0,0,0,0,270600,155520,0,41400,0,0,0,0,0,0,0,0,0,0,0,0,0,0,0,0,0,0,0,0,0,0,0,0,0,0,0,0,0,0,0,0,0,0
OLQVL,27840,0,4560,0,0,0,9360,0,0,0,0,0,0,0,0,0,0,0,0,0,0,0,0,2760,0,0,0,0,14040,0,0,0,840,16800,23040,0,0,0,0,391800,0,423960,0,46680,0,0,0,0,0,0,0,0,0,0,0,0,0,132960,0,34680,0,0,0,688560,0,94560,0,0,0,0,0,0,0,0,0,0,0,8520,0,1200,0,0,25200,0,4560,0,0,165480,29760,0,12480,0,178560,47520,54720,0,201480,0,0,0,160440,0,593760,0,0,61560,0,92400,0,0,0,0,502440,0,0,10800,107160,0,0,0,0,598440,28080,846360,0,45720,0,0,0,0,0,0,7560,0,331680,0,5880,39480,0,0,367560,0,0,0,0,0,0,0,283680,0,0,0,0,0,0,0,0,0,38040,0,14160,0,6360,46200,0,0,191400,0,0,0,0,0,0,0,331560,181560,0,98280,0,0,0,0,0,0,0,0,0,0,0,0,0,0,0,0,0,0,0,0,0,0,0,0,0,0,0,0,0,0,0,0,0,0
OLQVR,0,19680,0,5400,0,0,0,0,0,0,0,0,0,0,0,0,0,0,0,0,0,0,0,0,6000,0,0,0,0,4560,0,0,55560,36480,16320,0,0,0,0,0,356640,0,340200,0,207240,0,0,0,0,0,0,0,0,0,0,0,0,0,70200,0,31440,0,0,0,641640,0,46560,0,0,0,0,0,0,0,0,0,0,0,25440,0,8160,52680,0,67440,0,0,0,88320,0,600,0,0,6000,30960,0,9000,0,111720,0,0,0,237000,516480,0,0,0,53520,57480,0,0,0,0,0,705600,720,0,0,42000,0,0,685800,0,92400,0,312000,120480,0,0,0,0,0,0,0,9720,0,241440,32640,0,0,0,0,396240,0,0,0,0,0,0,0,210720,0,0,0,0,0,0,0,70200,0,9360,0,33720,0,79920,0,0,0,242400,0,0,0,0,0,0,42240,276120,0,89640,0,0,0,0,0,0,0,0,0,0,0,0,0,0,0,0,0,0,0,0,0,0,0,0,0,0,0,0,0,0,0,0,0,0
PLNL,0,0,0,0,0,0,0,0,0,0,0,0,0,0,0,0,0,0,0,0,0,0,0,0,0,0,0,0,0,0,0,0,0,0,0,0,0,0,0,0,0,0,0,0,0,0,0,0,0,0,0,0,0,0,0,0,0,0,0,0,0,0,0,0,0,0,0,0,0,0,0,0,0,0,0,0,0,0,0,0,0,0,0,0,0,0,0,0,0,0,0,0,0,0,0,0,0,0,0,0,0,0,0,0,0,0,0,0,0,0,0,0,0,0,0,0,0,0,0,0,0,0,0,0,0,0,0,0,0,0,0,0,0,0,0,0,0,0,0,0,0,0,0,0,0,0,0,0,0,0,0,0,0,0,0,0,0,0,0,0,0,0,0,0,0,0,0,0,0,0,0,0,0,0,0,0,0,0,0,0,0,0,0,0,0,0,0,0,0,0,0,0,0,0,0,0,0,0,0,0,0,0,0,0,0,0,0,0,0,0,0,0
PLNR,0,0,0,0,0,0,0,0,0,0,0,0,0,0,0,0,0,0,0,0,0,0,0,0,0,0,0,0,0,0,0,0,0,0,0,0,0,0,0,0,0,0,0,0,0,0,0,0,0,0,0,0,0,0,0,0,0,0,0,0,0,0,0,0,0,0,0,0,0,0,0,0,0,0,0,0,0,0,0,0,0,0,0,0,0,0,0,0,0,0,0,0,0,0,0,0,0,0,0,0,0,0,0,0,0,0,0,0,0,0,0,0,0,0,0,0,0,0,0,0,0,0,0,0,0,0,0,0,0,0,0,0,0,0,0,0,0,0,0,0,0,0,0,0,0,0,0,0,0,0,0,0,0,0,0,0,0,0,0,0,0,0,0,0,0,0,0,0,0,0,0,0,0,0,0,0,0,0,0,0,0,0,0,0,0,0,0,0,0,0,0,0,0,0,0,0,0,0,0,0,0,0,0,0,0,0,0,0,0,0,0,0
SAADL,0,0,0,0,0,0,0,153960,0,0,0,0,0,0,0,0,0,0,0,0,0,0,0,0,0,0,0,0,0,0,0,0,16920,53040,95760,0,0,0,0,0,30120,0,0,0,300360,46560,0,0,0,0,0,0,653640,22080,492480,0,0,0,144120,0,0,90600,0,112440,0,175440,34920,0,0,413280,99480,0,0,0,0,78480,0,320400,226680,0,0,48840,128400,86280,154320,0,0,116040,0,0,0,0,0,0,76800,0,0,11880,0,6720,993360,476040,140880,961560,1148760,0,0,0,50640,0,0,73920,2760,0,0,960000,291000,0,0,3000,0,284280,0,0,0,0,0,0,0,0,337080,0,8520,8160,60000,0,106680,70320,347520,26760,952200,75120,534840,0,0,715200,0,0,0,0,134400,404760,0,0,840,0,0,0,30840,0,0,30120,6480,0,0,0,0,0,0,0,0,0,0,0,24120,53520,0,0,327240,125280,0,0,0,0,0,0,0,0,0,0,0,0,0,0,0,0,0,0,0,0,0,0,6960,0,0,0,9840,0,0,0,0,0
SAADR,0,0,0,0,0,0,198600,0,0,0,0,0,0,0,0,0,0,0,0,0,0,0,0,0,0,0,0,0,0,0,0,0,0,0,26040,348600,0,0,0,98040,0,0,120,214080,1320,0,0,0,0,0,0,653640,0,687960,122640,0,0,145680,0,0,0,24960,0,0,48840,19080,166320,0,0,150960,117240,0,0,0,0,0,0,227880,229800,0,0,0,63720,138480,62160,0,0,67800,0,0,0,0,0,4440,0,47400,0,0,0,0,301920,1043400,47160,1467120,954000,0,0,0,0,0,48240,0,0,2760,598080,0,0,105240,0,0,224160,0,0,0,0,0,0,0,0,0,8160,336240,0,6240,0,71040,88080,206040,9840,531000,57840,1112520,3840,864840,986520,228720,0,0,0,13680,411480,1440,0,0,0,0,0,0,0,840,0,46200,313800,0,0,0,0,0,0,0,0,0,0,0,23280,0,0,385080,68160,223440,0,0,0,0,0,0,0,0,0,0,0,0,0,0,0,0,0,0,0,0,0,0,0,0,0,0,0,0,0,0,0,0
SAAVL,0,0,0,0,4680,0,0,0,0,0,0,0,60240,0,83880,0,0,0,9360,0,59400,0,25800,42120,0,0,0,0,0,0,0,1320,42360,2520,6240,0,0,0,0,0,0,0,0,0,1440,0,0,0,0,0,0,22080,687960,0,642240,0,0,36000,0,0,0,16920,28920,0,0,19680,195000,0,0,88200,26640,0,8520,0,0,0,0,1187520,508560,24360,18480,0,0,0,60600,0,0,0,18840,0,0,0,0,0,514800,39840,0,0,0,0,9360,659400,256080,833040,1693320,0,0,0,0,0,0,0,0,0,322080,158280,0,0,89640,27480,143760,45120,0,0,0,0,0,0,0,0,158040,84960,11280,102240,29160,97560,480,1440,0,831120,0,267000,220080,1886640,814200,165720,0,4800,0,0,72480,163560,0,600,0,0,0,0,0,0,0,48480,0,0,0,0,0,0,0,0,0,0,0,0,0,162240,35400,0,181560,59160,0,0,0,0,0,0,0,0,0,0,0,0,1920,0,0,0,0,0,0,0,4680,0,0,0,0,0,0,0,0,0,0,0
SAAVR,0,0,0,146400,0,13680,0,0,0,0,0,80520,0,66480,0,0,0,6240,0,63000,0,56880,0,0,25560,0,0,0,0,0,10560,0,21360,159240,54720,0,0,600,0,0,25440,7320,0,69480,0,14040,0,0,0,0,0,492480,122640,642240,0,0,0,0,55320,0,0,14640,17520,0,0,328320,160680,0,0,28320,111240,13440,0,0,0,360,5880,343800,721200,51840,0,0,0,0,36600,0,0,0,0,26400,0,0,0,0,55440,302640,0,0,0,0,569520,66600,200400,1659360,991080,0,0,0,0,0,0,1200,0,0,273120,409560,0,1320,360,22920,0,142800,0,0,0,0,0,0,0,0,0,93480,53760,27360,119640,31680,0,24840,616560,82800,321360,0,1703280,174600,168840,406080,0,0,0,0,149640,0,9600,0,0,0,0,0,0,11160,0,24600,22200,0,0,0,0,0,0,0,0,0,0,0,191880,309600,4200,0,44400,290640,0,0,0,0,0,0,0,0,0,0,0,0,0,7800,0,0,0,0,0,0,0,46920,0,0,0,0,0,0,0,0,0,0
SDQL,0,0,0,0,0,0,0,0,0,0,0,0,0,0,0,0,0,0,0,0,0,0,0,0,0,0,0,0,0,0,0,0,0,0,0,0,0,0,0,0,0,0,0,0,0,0,0,0,0,0,0,0,0,0,0,0,0,0,0,0,0,0,0,0,0,0,0,0,0,0,0,0,0,0,0,0,0,0,0,0,0,0,0,0,0,0,0,0,0,0,0,0,0,0,0,0,0,0,0,0,0,0,0,0,0,0,0,0,0,0,0,0,0,0,0,0,0,0,0,0,0,0,0,0,0,0,0,0,0,0,0,0,0,0,0,0,0,0,0,0,0,0,0,0,0,0,0,0,0,0,0,0,0,0,0,0,0,0,0,0,0,0,0,0,0,0,0,0,0,0,0,0,0,0,0,0,0,0,0,0,0,0,0,0,0,0,0,0,0,0,0,0,0,0,0,0,0,0,0,0,0,0,0,0,0,0,0,0,0,0,0,0
SDQR,0,0,0,0,0,0,0,0,0,0,0,0,0,0,0,0,0,0,0,0,0,0,0,0,0,0,0,0,0,0,0,0,0,0,0,0,0,0,0,0,0,0,0,0,0,0,0,0,0,0,0,0,0,0,0,0,0,0,0,0,0,0,0,0,0,0,0,0,0,0,0,0,0,0,0,0,0,0,0,0,0,0,0,0,0,0,0,0,0,0,0,0,0,0,0,0,0,0,0,0,0,0,0,0,0,0,0,0,0,0,0,0,0,0,0,0,0,0,0,0,0,0,0,0,0,0,0,0,0,0,0,0,0,0,0,0,0,0,0,0,0,0,0,0,0,0,0,0,0,0,0,0,0,0,0,0,0,0,0,0,0,0,0,0,0,0,0,0,0,0,0,0,0,0,0,0,0,0,0,0,0,0,0,0,0,0,0,0,0,0,0,0,0,0,0,0,0,0,0,0,0,0,0,0,0,0,0,0,0,0,0,0
URBL,0,0,0,0,0,0,229320,0,0,0,0,0,0,0,0,0,0,0,0,9600,0,0,0,0,0,0,0,0,0,0,0,0,0,0,0,0,0,0,0,459600,0,0,0,640560,0,62400,0,132960,0,0,0,0,145680,36000,0,0,0,0,0,406560,0,0,0,1920,0,313560,0,0,0,0,0,48120,0,0,0,0,0,14400,0,24000,0,50520,203280,0,0,29160,0,1080,0,0,0,0,14040,91320,67440,0,0,0,0,0,0,0,0,0,0,0,0,0,0,0,774960,0,0,0,100440,0,24600,211920,21360,295680,0,0,0,0,8640,0,0,0,0,0,0,5880,0,0,106680,82080,268320,119400,0,384120,23280,0,0,157920,80640,0,0,0,0,0,0,0,0,0,1080,0,0,0,0,1440,45000,0,0,3360,543720,0,427920,0,0,0,0,0,0,0,274440,229800,77040,0,0,0,0,0,0,0,183240,0,15000,0,0,0,0,0,252720,0,218880,0,0,0,0,0,0,0,0,0,0,0,0,0,1800,0,11280,0
URBR,0,0,0,5760,0,0,0,485760,0,0,0,0,0,0,0,0,0,0,0,0,0,0,0,0,0,0,0,0,0,1800,0,0,0,4560,10920,0,0,0,0,0,846840,0,0,0,676560,0,66840,0,70200,0,0,144120,0,0,55320,0,0,0,0,0,216240,0,0,0,0,0,115560,0,0,97320,0,0,0,0,0,0,0,1200,0,0,0,141000,30720,0,6720,0,3960,480,0,40920,0,0,0,840,0,55320,0,0,0,37080,0,4800,0,0,48840,0,0,0,0,0,0,663720,0,0,0,73680,102720,0,217560,23280,0,0,0,0,0,0,0,0,0,0,3840,4800,0,277320,47040,208080,139320,371400,330600,36840,0,209760,81600,0,0,72120,0,0,0,0,0,0,0,0,45480,0,0,0,0,20400,0,0,0,1920,0,690840,0,433800,0,0,0,0,0,0,159960,511320,0,0,0,11160,0,0,0,0,0,108240,0,46320,0,0,0,0,0,486600,0,218520,0,0,0,0,0,0,0,0,0,0,0,0,0,0,0,480
URXL,518880,0,0,0,37320,0,245520,0,0,0,0,68760,0,0,0,294240,0,0,0,39840,0,0,0,1898280,0,0,10320,0,203880,0,0,0,32880,21480,139440,0,0,283200,0,141840,0,39600,0,43800,0,312120,0,34680,0,0,0,0,0,0,0,0,0,406560,0,0,0,410160,0,149040,0,425640,0,37680,0,0,3480,1800,4800,83760,0,25440,0,240,0,0,8280,12480,84120,85080,0,0,0,61680,0,0,368520,0,0,28680,876480,0,251040,0,20760,0,199080,0,116400,2880,0,28200,0,923040,3720,0,174240,0,83880,0,0,0,0,0,0,0,0,0,0,0,0,0,0,0,0,0,5880,56280,0,0,0,72600,0,0,0,6000,68760,0,0,840,0,0,9480,0,81000,0,0,0,96960,0,50520,0,0,47880,119880,27720,0,16440,0,37560,858360,0,6000,0,0,0,0,0,7920,0,97440,6960,0,98160,105120,0,0,0,0,0,0,0,0,0,0,0,0,0,0,0,0,0,0,0,0,0,0,0,0,0,0,0,0,0,0,0,0,0
URXR,0,507840,0,0,0,67440,0,16320,0,0,0,0,1800,0,0,0,235080,0,0,0,48960,0,0,0,2042280,0,0,12840,0,372600,0,0,31680,0,57600,0,0,0,321960,0,147600,0,66840,0,0,0,9840,0,31440,0,0,0,0,0,0,0,0,0,216240,0,0,0,375960,0,196200,0,216840,0,38880,6720,0,24480,24120,0,155880,0,25320,0,0,216720,0,0,12120,7800,52920,0,0,2880,0,0,0,565320,2520,0,0,812160,0,308280,0,10200,0,342240,258960,0,0,0,13080,724680,0,0,0,61560,0,128640,0,0,0,0,0,0,0,0,0,0,0,0,0,0,0,0,0,9360,0,0,4560,0,0,0,0,0,0,0,14040,0,0,0,0,60360,0,114240,0,0,0,131400,27240,0,0,85200,34200,4440,12960,0,0,0,0,650040,0,0,0,0,0,0,0,6960,4320,53760,0,0,0,195600,0,0,0,0,0,0,0,0,0,0,0,0,0,0,0,0,0,0,0,0,0,0,0,0,0,0,0,0,0,0,0,0
URYDL,0,0,8520,0,0,0,0,0,0,0,0,1560,0,0,0,61320,0,360,0,16320,0,2160,0,10080,0,0,4320,0,0,0,5400,0,0,0,0,0,0,488640,0,0,0,0,0,104160,0,3802080,0,0,0,0,0,90600,24960,16920,14640,0,0,0,0,410160,0,0,0,0,0,47040,0,0,0,0,109800,1200,1440,0,0,0,0,23640,0,24840,0,64200,25560,67320,613080,0,0,24240,4200,0,0,0,0,53880,0,0,426600,0,0,0,109920,0,33960,31440,7080,19320,0,0,1546200,0,0,0,0,0,7560,18120,0,253200,0,0,1101720,0,250320,219960,0,39240,0,0,0,0,29040,0,0,0,0,26760,0,11280,20880,0,0,0,0,526920,0,0,874920,0,0,0,0,0,14520,0,17040,0,0,21480,0,9720,13560,12000,5880,49680,468600,0,0,0,0,0,0,0,3480,0,0,0,24360,53160,0,0,1200,0,0,0,0,0,0,0,0,0,0,0,0,0,0,0,0,0,0,0,0,0,0,0,0,0,0,0,0,0,0,0
URYDR,0,0,0,11760,0,0,0,1440,0,0,0,0,2760,0,0,0,2040,0,20520,0,9120,0,7680,0,3480,0,0,22680,0,0,6720,6240,0,0,20280,0,0,0,629160,0,0,0,0,0,123960,0,2880600,0,0,0,0,0,0,28920,17520,0,0,0,0,0,375960,0,0,0,0,0,119280,0,0,64560,0,3720,0,0,0,0,0,0,7680,24840,17520,10440,27000,470400,57480,0,0,37200,0,0,0,5400,0,21480,0,0,0,234960,0,0,0,147480,357240,0,7560,52680,44520,0,0,1449240,0,0,0,0,40920,49680,327600,0,0,0,0,930840,519480,29400,154440,0,0,0,0,0,0,11640,0,0,14760,10920,0,5160,0,30960,0,0,690240,0,0,18840,0,768240,0,0,0,0,0,12000,10920,0,0,0,12720,34800,25680,7080,0,37680,0,511320,0,0,0,0,0,0,0,3120,0,0,0,47040,0,0,0,13440,0,0,0,3600,0,0,0,32520,0,0,0,0,0,0,0,0,0,0,0,0,0,0,0,0,0,0,0,0,0,0
URYVL,40080,0,47520,0,0,0,58440,0,0,0,0,0,0,0,0,0,0,0,0,0,0,0,0,37320,0,0,0,0,10680,0,0,0,7800,51720,46560,0,0,0,0,0,0,227160,0,55320,0,0,0,688560,0,0,0,112440,0,0,0,0,0,1920,0,149040,0,0,0,0,0,39120,0,0,0,0,180960,0,0,0,0,0,0,14640,79680,51480,0,0,87000,0,607560,0,0,104040,18240,0,12600,0,48840,138120,96360,0,563280,0,0,0,152760,0,571080,23520,3960,0,0,186960,0,0,0,0,895680,0,0,0,858840,0,0,0,1080,373320,134760,220920,0,618000,0,0,0,0,69600,0,0,0,59640,0,64440,58440,23400,0,0,0,46680,0,0,349920,0,0,342840,0,0,0,0,0,0,0,0,0,50160,0,20400,0,8280,76800,0,0,682680,0,0,0,0,0,0,0,14400,34800,23400,142200,0,0,0,0,10440,0,0,0,0,0,0,0,0,0,0,0,0,0,0,0,0,0,0,0,0,0,0,0,0,0,0,0,0,0
URYVR,0,6720,0,12600,0,0,0,0,0,0,0,0,0,0,0,0,3960,0,0,0,0,0,0,0,69360,0,0,0,0,6720,0,0,167280,18480,14760,0,0,0,0,0,0,0,21000,0,93120,0,0,0,641640,0,0,0,48840,0,0,0,0,0,0,0,196200,0,0,0,0,0,31920,0,0,99840,0,0,0,0,0,0,0,43080,18000,0,38280,98640,0,804720,0,0,0,200880,0,3600,0,2400,49920,136800,0,47520,0,428160,0,0,0,305400,117000,0,12600,0,23040,171000,0,0,0,0,0,1340520,0,0,0,525600,0,0,202440,0,73080,79200,97920,492840,0,0,0,0,0,48720,0,5400,0,57360,51720,34320,0,30840,0,12960,0,41160,297360,0,0,0,0,252480,0,0,0,0,0,0,0,50520,0,14760,0,11880,0,133200,0,0,0,1263120,0,0,0,0,0,0,43800,0,0,197520,0,0,0,0,0,0,0,0,0,0,0,0,0,0,0,0,0,0,0,0,0,0,0,0,0,0,0,0,0,0,0,0,0,0
ADAL,16560,0,220320,0,0,0,275160,0,0,0,0,0,0,0,0,715440,0,0,0,0,0,168960,0,0,0,0,6480,0,76920,0,0,0,0,0,534360,50160,36480,11520,0,0,0,19320,0,0,0,11160,0,94560,0,0,0,175440,19080,19680,328320,0,0,313560,0,425640,0,47040,0,39120,0,0,176400,45240,0,91800,79320,0,0,0,0,0,0,236760,672240,303720,295800,40800,203160,33720,0,137880,0,12480,4440,0,91680,0,39720,0,14160,0,0,0,264480,0,0,0,54960,609360,0,0,0,11160,0,0,0,0,12600,0,20160,389760,0,27240,0,0,0,103560,0,0,0,0,0,0,0,0,0,21840,82320,0,227760,70920,252240,84600,168240,0,156480,0,77880,13440,0,273600,25920,0,24840,0,294720,0,0,0,0,0,0,0,206520,0,155760,0,0,0,162240,0,15000,0,0,0,0,0,159120,0,431400,485640,64680,0,150960,0,0,0,0,0,0,0,0,0,0,0,0,0,0,0,0,0,0,0,0,0,0,0,0,0,0,0,0,0,0,0,0,0
ADAR,0,44520,0,243600,0,0,0,829200,0,0,0,0,1200,0,0,0,803400,0,0,0,4560,0,87840,0,0,0,0,0,0,119880,0,0,0,0,764760,6840,71520,0,13440,0,0,0,20280,0,0,0,12480,0,46560,0,0,34920,166320,195000,160680,0,0,0,115560,0,216840,0,119280,0,31920,176400,0,0,106680,56400,37800,0,0,0,0,0,0,750840,249240,310320,474120,345480,34200,17520,30360,0,134160,0,0,29040,0,176400,276960,0,0,118560,0,0,0,276000,0,0,10080,28440,783480,0,46200,27240,0,38400,0,0,0,2640,138480,68760,0,0,0,0,31920,0,0,0,0,0,0,0,0,0,17880,0,0,88920,26400,184560,88920,286200,103680,203760,0,108960,0,161160,188280,0,0,46800,0,38280,0,299640,0,0,0,0,0,198120,0,211320,0,0,0,0,0,115800,0,2640,0,0,0,0,0,120480,561960,397320,0,0,0,55320,0,0,0,0,0,0,0,0,0,0,0,0,0,0,0,0,0,0,0,0,0,0,0,0,0,0,0,0,0,0,0,0
AIAL,149640,0,225120,0,7920,0,0,0,0,0,0,139080,137160,1027320,0,382920,0,258600,0,552480,0,1403040,51720,0,0,0,127200,0,94200,0,1284840,435840,0,0,0,0,0,0,0,0,0,0,0,0,0,0,0,0,0,0,0,0,0,0,0,0,0,0,0,37680,0,0,0,0,0,45240,0,0,105120,1323000,0,49080,64440,106200,0,455640,0,0,0,0,6000,0,0,0,0,0,0,0,0,0,0,0,0,0,0,0,0,0,523800,0,0,0,0,0,0,0,0,0,0,0,0,0,0,0,0,0,0,0,0,0,0,0,0,0,0,0,0,0,0,0,0,0,0,0,0,0,0,0,0,0,145080,0,0,0,0,0,0,0,0,0,0,0,1022280,0,0,0,0,0,0,0,23160,0,0,0,0,0,0,0,0,0,0,0,387720,0,0,0,0,0,0,0,0,0,0,0,0,0,0,0,0,0,0,0,0,0,0,0,0,0,0,0,0,0,0,0,0,0,0,0,0,0,0,0
AIAR,0,106200,0,319320,0,56640,0,0,0,0,0,162720,413040,0,796560,0,609720,0,306480,21360,655800,0,1302960,0,0,0,80400,170160,7680,151200,570120,853440,0,0,0,0,0,0,1200,0,0,0,0,0,0,0,0,0,0,0,0,0,0,0,0,0,0,0,0,0,38880,0,0,0,0,0,106680,105120,0,30240,1755240,32280,116040,0,108360,0,356400,0,0,0,0,0,0,0,0,0,0,0,0,0,0,0,0,0,0,0,0,0,0,492720,0,0,0,0,0,0,0,0,0,1680,0,0,0,0,0,0,0,0,0,0,0,0,0,0,0,0,0,0,0,0,0,0,0,0,0,0,0,0,0,0,0,117720,0,0,0,0,0,0,0,0,0,0,0,1183320,19920,0,0,0,0,0,0,0,0,0,0,6960,0,0,0,0,0,0,28200,369360,0,0,0,12720,0,67080,0,0,0,0,0,0,0,0,0,0,0,0,0,0,0,0,0,0,0,0,0,0,0,0,0,0,0,0,0,0,0,0
AIBL,107280,18960,228360,0,175800,0,0,0,0,0,0,1186200,514920,342240,0,575160,0,141240,0,9960,0,232680,0,57720,0,0,114720,0,52920,56880,732840,252840,134280,114240,69000,102000,0,0,0,0,16560,0,45360,0,97560,0,0,0,0,0,0,413280,150960,88200,28320,0,0,0,97320,0,6720,0,64560,0,99840,91800,56400,1323000,30240,0,630480,198840,34680,386640,0,158280,691080,247440,0,596760,0,93120,66000,525960,215880,0,0,775680,0,0,0,270840,0,516000,0,58560,27840,197880,19560,0,0,739080,38400,374880,1836840,0,0,196080,0,0,0,44520,0,75840,469200,52920,0,0,0,0,0,0,140040,0,0,188160,0,0,0,0,0,230520,0,6000,189000,118080,104880,34080,0,507120,0,0,1200,659640,0,173520,0,0,0,86640,0,0,50040,0,0,0,0,0,3120,0,0,301560,366240,502080,0,0,360,0,0,0,0,0,202200,0,0,52800,0,114240,0,343080,0,0,0,0,0,0,0,0,0,0,0,0,0,0,0,0,0,0,0,0,0,0,0,0,0,0,0,0,0,0,0,0
AIBR,21120,108000,0,470520,0,371760,0,0,0,0,0,78240,1389720,0,566760,0,641640,0,79800,0,0,0,484560,24240,23640,0,30480,110520,59520,30960,257640,1136880,20040,323040,260760,25320,7080,0,0,0,4080,64560,0,0,0,0,0,0,0,0,0,99480,117240,26640,111240,0,0,0,0,3480,0,109800,0,180960,0,79320,37800,0,1755240,630480,0,215640,201720,0,307800,471600,24600,52440,503040,0,497280,12480,24360,271800,525600,0,0,595200,0,0,190080,3240,0,399000,45240,0,50760,0,0,38640,333960,9480,48720,1679880,201600,0,0,141840,0,0,0,9360,65040,0,25560,671400,0,0,0,0,84120,0,0,0,0,71280,0,0,0,0,308520,0,600,0,12360,68640,7800,18840,373320,0,0,0,814200,47880,195480,0,0,0,92520,0,0,0,0,82920,0,0,0,0,0,0,0,475440,501480,410040,0,0,0,0,0,0,0,0,0,203040,154080,33000,24480,12960,376560,0,0,0,0,0,0,0,0,0,0,0,0,0,0,0,0,0,0,0,0,0,0,0,0,0,0,0,0,0,0,0,0,0
AINL,0,16320,0,0,271320,1364280,31320,0,0,0,0,366960,840,112920,123000,0,0,3480,63960,0,0,29880,0,245880,1597800,0,0,0,0,0,341520,46080,434520,0,0,0,0,23160,13200,0,8400,0,0,51720,7680,17280,23880,0,0,0,0,0,0,0,13440,0,0,48120,0,1800,24480,1200,3720,0,0,0,0,49080,32280,198840,215640,0,401520,0,87240,0,1320,0,480,0,0,134280,0,0,0,0,0,0,0,0,0,0,0,0,0,29040,7560,295800,0,0,0,21480,44760,0,0,0,0,0,9120,15480,0,42840,0,0,58920,21600,0,0,0,0,0,9480,0,0,0,0,0,0,0,0,0,0,0,0,0,0,0,0,0,0,0,0,0,0,0,0,0,0,0,0,0,0,0,0,0,0,0,0,0,191880,0,0,0,0,11760,10200,0,28200,0,0,0,0,0,0,0,0,491640,0,0,0,0,0,0,0,0,0,0,0,0,0,0,0,0,0,0,0,0,0,0,0,0,0,0,0,0,0,0,0,0,0,0,0
AINR,59400,1560,0,0,1076640,135600,0,66960,0,0,0,6720,476880,30720,63600,0,0,60600,13320,0,3240,0,121080,1758240,323400,0,0,0,0,0,27840,313200,110040,740160,0,0,0,0,8400,11520,0,0,0,7680,48120,9240,16680,0,0,0,0,0,0,8520,0,0,0,0,0,4800,24120,1440,0,0,0,0,0,64440,116040,34680,201720,401520,0,78840,103320,22080,0,0,0,0,0,0,104640,0,0,0,0,0,0,0,0,0,0,0,33720,0,189960,51840,0,0,0,0,36720,0,0,0,0,0,8880,14160,0,0,0,0,19200,43680,0,0,0,0,0,0,0,0,0,240,0,0,0,0,0,0,0,0,12000,0,0,0,0,0,0,0,0,0,22560,75600,0,0,0,0,0,0,0,0,0,0,0,0,0,0,137160,0,0,0,0,7080,71760,0,0,0,0,0,0,0,0,0,423840,10440,0,0,0,0,0,0,0,0,0,0,0,0,0,0,0,0,0,0,0,0,0,0,0,0,0,0,0,0,0,0,0,0,0,0
AIYL,600000,0,7440,0,1257000,94440,0,0,0,0,0,1079880,555120,13320,0,55200,0,557280,0,0,0,0,0,1475760,0,0,426240,0,369120,53520,382800,192840,12960,369960,0,0,0,3480,0,0,0,0,0,0,0,0,0,0,0,0,0,0,0,0,0,0,0,0,0,83760,0,0,0,0,0,0,0,106200,0,386640,0,0,78840,0,399120,1198680,78720,0,0,14280,51120,0,0,0,0,1080,0,0,38520,0,0,0,0,0,452160,1320,727200,0,135360,0,55440,31200,372840,261000,0,0,0,252840,0,0,0,0,0,0,27000,0,0,0,0,0,0,0,0,0,0,1440,0,0,0,0,0,0,0,0,147000,0,0,0,99600,0,140160,0,0,0,0,0,0,0,0,0,0,0,43680,0,0,0,0,0,19680,0,242040,0,0,0,0,0,0,0,0,0,0,0,15240,0,0,0,0,221880,0,0,0,0,0,0,0,0,0,0,0,0,0,0,0,0,0,0,0,0,0,0,0,0,0,0,0,0,0,0,0,0,0,0
AIYR,0,621000,0,1200,177000,1597320,0,0,0,0,0,491640,1196760,0,5400,0,44040,0,353760,0,0,0,0,60240,1119960,0,0,232080,0,426120,365400,563760,778560,51480,0,0,0,0,0,0,0,0,0,0,0,0,0,0,0,0,0,0,0,0,0,0,0,0,0,0,155880,0,0,0,0,0,0,0,108360,0,307800,87240,103320,399120,0,18720,1018440,0,0,0,36000,0,0,0,0,0,0,0,7440,0,0,6120,0,0,0,501240,0,790800,0,126960,74640,9000,237720,0,288720,0,0,291840,0,0,0,2400,0,0,0,63000,0,0,0,0,0,0,0,0,0,0,0,0,0,0,0,0,0,0,0,177000,0,0,0,63600,0,118800,0,0,0,0,0,0,0,0,0,0,0,0,0,0,0,12960,0,371760,6840,0,0,0,0,0,0,0,0,0,0,0,0,0,0,0,0,829320,0,0,0,0,0,0,0,0,0,0,0,0,0,0,0,0,0,0,0,0,0,0,0,0,0,0,0,0,0,0,0,0,0,0
AIZL,1089480,134400,8040,0,396120,0,0,0,0,0,0,212040,305640,87720,0,386760,35880,86640,0,0,0,0,0,134520,0,0,427560,0,645720,29400,173760,195000,0,307080,570000,0,0,0,0,0,0,0,0,0,0,0,0,0,0,0,0,78480,0,0,360,0,0,0,0,25440,0,0,0,0,0,0,0,455640,0,158280,471600,0,22080,1198680,18720,0,558840,0,0,105720,0,0,9720,462840,427080,0,0,353760,0,0,12480,0,0,0,1240680,214800,580200,0,0,0,541920,40560,598920,894840,0,0,0,572400,0,0,0,0,0,0,0,0,0,0,0,0,0,0,0,0,0,0,0,0,0,0,81960,0,0,0,27480,0,0,73440,821280,150240,880440,66360,0,0,0,0,0,0,0,0,0,0,35160,0,0,0,0,0,313080,0,0,253560,720,0,0,0,0,0,0,0,0,0,0,0,17880,0,26880,0,0,0,0,0,0,0,0,0,0,0,0,0,0,0,0,0,0,0,0,0,0,0,0,0,0,0,0,0,0,0,0,0,0,0
AIZR,27840,1231680,0,0,0,475920,0,0,0,0,0,198960,277800,0,116040,0,382440,0,1080,0,0,0,0,0,73320,0,0,446280,6360,528600,215280,49200,154680,72720,717360,0,0,0,0,0,0,0,0,0,0,0,0,0,0,0,0,0,0,0,5880,0,0,0,0,0,25320,0,0,0,0,0,0,0,356400,691080,24600,1320,0,78720,1018440,558840,0,0,0,0,211920,241320,7440,245880,478800,0,0,263160,14640,0,0,0,0,0,0,1247400,0,650040,0,0,20160,614160,567720,0,799560,0,0,451560,0,0,0,0,0,0,0,4200,0,0,0,0,0,0,0,0,0,0,0,0,0,0,0,84360,0,0,4200,115560,0,4440,16920,645960,9960,1145760,0,2880,0,0,0,0,0,0,0,0,0,25800,0,0,0,272640,46080,0,0,3480,81360,0,0,0,0,0,0,0,0,0,0,0,0,44760,720,0,0,0,0,0,0,0,0,0,0,0,0,0,0,0,0,0,0,0,0,0,0,0,0,0,0,0,0,0,0,0,0,0,0,0
AVAL,0,0,70080,0,0,0,0,0,0,0,0,0,0,0,0,71040,0,0,0,0,0,0,0,126600,0,0,0,0,42840,0,0,0,55800,150360,209880,672960,37440,3840,0,960,0,0,0,0,0,1200,0,8520,0,0,0,320400,227880,1187520,343800,0,0,14400,1200,240,0,23640,0,14640,43080,236760,750840,0,0,247440,52440,0,0,0,0,0,0,0,254520,234480,114240,81240,12240,125640,0,0,0,270600,275640,0,174480,185880,1680,0,571320,142320,69360,0,0,0,0,4920,18600,197640,1021320,0,0,104400,0,0,0,0,0,0,247800,50400,13680,16080,15480,0,92880,0,0,0,0,0,0,0,0,0,3120,95280,87720,0,33960,1920,0,0,18360,39840,0,0,61200,1034760,422640,146040,0,0,0,0,239760,325560,0,0,0,0,0,34200,182880,0,32760,110400,137160,405360,117360,0,0,0,0,0,0,0,0,0,485280,462600,190200,0,3360,840,0,0,0,0,0,0,0,0,0,0,0,0,0,0,0,0,0,0,0,0,0,0,0,0,0,4320,0,0,0,0,0,0
AVAR,0,0,0,30840,0,0,0,3840,0,0,0,0,0,0,0,0,194280,0,0,0,103440,0,0,0,161040,0,0,0,0,16080,0,0,169440,15600,143400,237600,286560,0,42480,0,0,0,0,0,0,0,25920,0,25440,0,0,226680,229800,508560,721200,0,0,0,0,0,0,0,7680,79680,18000,672240,249240,0,0,0,503040,480,0,0,0,0,0,254520,0,192120,240360,74280,264720,0,37680,0,0,340200,0,409560,129360,195960,40320,0,107880,491040,0,30720,0,0,15960,0,37440,775560,165240,0,0,37680,0,2760,0,0,1200,0,78960,279240,50760,3000,10560,31920,0,104040,0,0,0,0,0,0,0,0,80760,6960,7560,76560,27120,131160,0,19560,41160,19320,0,5040,724800,112200,195360,357240,0,21120,0,0,438840,140280,0,0,0,0,0,306960,197760,201120,84480,210600,261840,4320,17280,7440,0,0,0,0,0,0,0,0,418800,287400,0,0,25200,7440,0,0,0,0,0,0,0,0,0,0,0,0,0,0,0,0,0,0,0,0,0,0,0,0,0,0,0,0,0,0,0,0
AVBL,93600,0,600,0,0,0,165840,0,0,0,0,0,0,0,0,735840,51480,0,0,0,0,40080,0,60840,0,0,75000,0,0,1800,0,0,393000,8160,828840,0,67800,0,0,0,0,0,0,0,0,35280,840,1200,0,0,0,0,0,24360,51840,0,0,24000,0,0,216720,24840,24840,51480,0,303720,310320,0,0,596760,0,0,0,14280,0,105720,0,234480,192120,0,494760,161520,197400,228720,2520,188640,14040,0,679920,750840,428040,1055760,79920,0,0,2400,40200,256800,373680,129600,0,220800,0,217080,354120,0,0,54960,0,0,0,0,0,0,20280,108480,0,0,0,0,0,0,0,0,0,103200,0,0,0,0,0,36840,0,102480,0,69240,231600,82200,0,0,7320,124080,0,56040,0,57000,48480,0,0,0,0,0,0,0,0,0,0,461040,263640,480240,583080,41400,0,221640,0,0,0,0,0,0,0,0,0,0,72000,24120,0,69840,45960,0,0,0,0,0,0,0,0,0,0,0,0,0,0,0,0,0,0,0,0,0,0,0,0,0,0,0,0,0,0,0,0,0
AVBR,0,148560,12240,0,0,0,0,211320,0,0,0,0,0,0,44040,2520,989880,0,0,0,0,0,53640,0,69720,0,0,51000,0,11280,0,0,15960,238320,809040,0,33000,0,0,0,0,0,0,0,0,0,7800,0,8160,0,0,0,0,18480,0,0,0,0,0,8280,0,0,17520,0,38280,295800,474120,6000,0,0,497280,0,0,51120,36000,0,211920,114240,240360,494760,0,174120,49440,0,325800,1440,4200,3720,522600,412920,1004040,427440,343800,0,0,0,195720,42840,0,543120,212280,0,88920,250080,239640,0,21120,314280,0,0,0,0,0,0,61080,0,0,0,0,0,0,0,0,0,0,0,0,0,0,0,65280,0,56160,4080,119400,19800,129600,5760,21840,0,162840,2040,32040,0,45960,0,0,50160,0,0,0,0,0,2880,0,0,0,335040,316320,853200,365160,2880,0,0,0,0,0,14640,0,0,0,0,0,0,32280,0,462480,242760,0,104640,0,0,0,0,0,0,0,0,0,0,0,0,0,0,0,0,0,0,0,0,0,0,0,0,0,0,0,0,0,0,0,0
AVDL,0,0,57000,100560,0,0,128400,222720,0,0,0,0,0,0,0,65880,166200,0,0,21960,0,0,0,0,61200,0,0,0,0,0,0,0,145200,210240,425040,0,102480,5520,28200,0,0,0,0,1680,0,22320,50520,0,52680,0,0,48840,0,0,0,0,0,50520,141000,12480,0,64200,10440,0,98640,40800,345480,0,0,93120,12480,134280,0,0,0,0,241320,81240,74280,161520,174120,0,74280,0,392400,53160,97080,0,34800,696000,9480,267120,443400,0,0,0,0,93240,0,19080,0,113280,0,48600,35880,1320,0,42480,0,35400,0,0,0,0,235560,0,0,0,0,0,0,720,0,0,0,0,0,0,0,0,0,53160,0,2280,17640,88800,409440,19320,0,49440,0,86640,0,0,20400,0,33480,0,0,0,0,0,27000,0,15360,0,0,361200,0,583800,11280,0,0,9360,53760,0,0,42120,0,0,0,0,10320,0,251400,192600,187440,0,0,13440,0,0,0,0,0,0,0,0,0,0,0,0,0,0,0,0,0,0,0,0,0,0,0,0,0,0,0,0,0,0,0,0
AVDR,0,0,99480,60480,0,0,379320,117360,0,0,0,0,0,0,0,82920,93000,0,0,0,12960,0,0,15360,10320,0,0,0,0,0,0,0,126480,191040,533400,0,0,31080,0,0,0,0,0,0,4920,44520,21360,25200,0,0,0,128400,63720,0,0,0,0,203280,30720,84120,12120,25560,27000,87000,0,203160,34200,0,0,66000,24360,0,104640,0,0,9720,7440,12240,264720,197400,49440,74280,0,302160,0,214320,0,0,278520,0,110400,2160,149160,0,0,0,83520,0,39000,0,50400,11400,0,84000,11400,0,2160,48600,41640,18360,0,0,0,0,6600,70200,0,0,0,0,2400,0,0,0,0,0,0,0,0,0,34080,0,71160,0,67680,47400,38760,206280,22080,0,84360,0,0,0,0,69360,0,27960,0,0,57480,0,0,18480,29160,0,0,19560,274320,131280,614520,0,0,0,19080,31200,19080,0,0,0,0,0,0,3840,140040,72840,291480,0,9360,0,0,0,0,0,0,0,0,0,0,0,0,0,0,0,0,0,0,0,0,0,0,0,0,0,0,0,0,0,0,0,0,0
AVEL,0,0,0,0,0,0,60720,0,0,0,0,0,0,0,0,30720,0,0,0,9960,0,0,0,143400,0,0,0,0,0,0,0,0,24240,601920,234960,0,82920,0,0,95280,0,0,0,0,1320360,0,151320,0,67440,0,0,86280,138480,0,0,0,0,0,0,85080,7800,67320,470400,0,804720,33720,17520,0,0,525960,271800,0,0,0,0,462840,245880,125640,0,228720,0,0,302160,0,75840,0,0,85080,4080,87840,0,0,0,67800,0,29640,154920,821760,48720,0,41160,50280,0,506280,416160,0,0,239160,0,0,80400,190080,0,1200,87360,0,0,268080,227520,0,67320,135600,97680,0,9480,33000,0,0,0,0,0,189000,0,265320,0,480,6000,34920,3840,54120,31080,0,358800,35640,233520,35520,0,0,0,0,0,0,114720,0,82560,0,0,840,0,0,35760,569520,421440,199920,0,323280,0,104280,0,0,0,0,4920,0,11640,0,26880,288600,99360,3240,0,0,0,0,0,0,0,0,0,0,0,0,0,0,0,0,0,0,0,0,0,0,0,0,0,0,0,0,0,0,0,0
AVER,0,0,0,0,0,0,0,45600,0,0,0,0,0,0,0,0,38160,0,0,0,480,0,0,2760,109800,0,0,0,0,0,0,0,90120,347880,451440,0,960,0,40560,0,155640,0,0,1184760,40320,40560,240,4560,0,0,0,154320,62160,60600,36600,0,0,0,6720,0,52920,613080,57480,607560,0,0,30360,0,0,215880,525600,0,0,0,0,427080,478800,0,37680,2520,325800,392400,0,75840,0,0,0,76800,63960,55200,114960,0,0,480,28680,0,708360,178680,0,21480,33360,81720,111960,352440,525720,0,0,168840,0,19080,120120,109560,0,0,33600,114960,207240,0,0,155400,83880,45840,24000,15600,0,69600,0,0,0,0,143400,85320,302760,0,34920,0,20880,0,99720,2880,95760,0,0,171720,6960,189240,0,0,0,0,0,0,0,101040,82440,0,0,0,3360,39480,2280,581280,251400,0,369120,0,60840,0,0,0,0,0,0,0,0,19920,0,220080,5520,137880,0,0,0,0,0,0,0,0,0,0,0,0,0,0,0,0,0,0,0,0,0,0,0,0,0,0,0,0,0,0,0,0
BDUL,0,0,0,0,0,0,959040,0,0,0,0,0,0,0,0,18360,0,0,0,0,0,0,0,0,0,0,0,0,0,0,0,0,0,0,62400,0,0,23280,0,0,0,0,0,0,0,0,0,0,0,0,0,0,0,0,0,0,0,29160,0,0,0,0,0,0,0,137880,0,0,0,0,0,0,0,1080,0,0,0,0,0,188640,1440,53160,214320,0,0,0,39840,0,50400,0,0,0,345600,0,0,0,0,0,1149000,80760,0,0,0,0,0,0,0,0,15360,0,83040,0,0,0,0,0,0,0,0,0,0,0,0,0,0,0,0,0,0,0,0,0,37920,0,0,39000,8640,174720,0,0,0,0,0,0,0,0,49080,0,0,0,51360,0,1800,0,0,0,0,21360,116160,286560,225240,0,0,0,23400,0,64560,0,0,0,0,0,43200,0,0,0,67200,0,354360,0,0,0,0,0,0,0,0,0,0,0,0,0,0,0,0,0,0,0,0,0,0,0,0,0,0,0,0,0,0,0,0,0
BDUR,0,0,0,0,0,0,0,580440,0,0,0,0,0,0,0,0,1080,0,0,0,0,0,0,0,0,0,0,0,0,0,0,0,0,0,93000,0,24240,0,44640,0,0,0,0,0,0,0,19200,0,0,0,0,0,0,0,0,0,0,0,3960,0,0,0,0,0,0,0,134160,0,0,0,0,0,0,0,0,0,0,0,0,14040,4200,97080,0,0,0,39840,0,0,97320,257760,0,25440,853560,0,0,0,0,0,0,1021800,0,0,0,0,0,0,0,0,0,0,0,8280,0,0,0,0,0,0,0,0,0,0,0,0,0,0,0,0,0,0,0,0,0,0,0,4680,33000,0,0,0,0,0,0,0,0,0,0,26520,0,0,0,0,0,0,0,0,0,105120,104040,289680,89880,0,0,0,0,8760,0,0,0,0,0,0,0,147600,27840,6000,0,68520,0,326280,0,0,0,0,0,0,0,0,0,0,0,0,0,0,0,0,0,0,0,0,0,0,0,0,0,0,0,0,0,0,0,0
DVC,0,0,0,0,0,0,0,0,0,0,0,0,0,0,0,0,0,0,0,0,0,0,0,0,0,0,0,0,0,0,0,0,104760,28200,6480,108480,66360,0,0,0,0,49560,49680,123960,7680,41880,37920,165480,88320,0,0,116040,67800,0,0,0,0,1080,480,61680,2880,24240,37200,104040,200880,12480,0,0,0,775680,595200,0,0,0,0,353760,263160,270600,340200,0,3720,0,0,85080,76800,0,0,0,0,0,0,85440,0,2460480,0,0,425880,306120,0,0,1309200,1486080,199080,22680,181080,0,0,0,21480,26760,0,0,2880,20880,434760,291720,0,0,0,0,0,0,232680,98160,0,215880,0,0,0,0,37680,0,0,0,0,0,0,0,11160,0,12120,0,27360,1920,0,0,0,0,14520,18480,62640,125160,0,0,0,0,0,0,0,0,0,2188440,2265360,890040,0,0,0,0,0,0,0,0,0,0,9240,7800,190200,6480,5520,9120,0,0,0,0,0,0,0,0,0,0,0,0,0,0,0,0,0,0,0,0,0,0,0,0,0,0,0,0,0,0,0,0
PVCL,0,0,29160,0,0,0,237360,0,0,0,0,0,0,0,0,22200,11280,0,0,0,0,0,0,0,0,0,0,0,0,2640,0,0,0,240,175320,0,352560,0,0,0,0,0,0,0,0,6960,0,29760,0,0,0,0,0,18840,0,0,0,0,0,0,0,4200,0,18240,0,4440,0,0,0,0,0,0,0,38520,7440,0,14640,275640,0,679920,522600,34800,278520,4080,63960,50400,97320,0,0,125400,641640,80400,2760,0,0,0,0,0,0,99600,14520,70800,0,94920,53640,0,0,56760,0,0,0,0,0,0,0,0,0,0,0,0,0,0,0,0,0,0,0,0,0,0,0,0,65160,48000,0,720,54480,78720,111240,90120,8520,14400,0,0,0,0,0,0,0,0,62880,83400,0,0,0,0,0,124320,375840,368040,1183680,0,0,0,0,0,0,0,0,0,0,0,0,0,0,0,408840,188400,0,0,0,0,0,0,0,0,0,0,0,0,0,0,0,0,0,0,0,0,0,0,0,0,0,0,0,0,0,0,0,0,0,0
PVCR,0,0,0,0,0,0,0,214560,0,0,0,0,0,0,0,0,27840,0,0,0,0,0,0,0,0,0,0,0,0,6240,0,0,3960,0,160920,0,231240,0,0,0,0,0,0,0,0,0,0,0,600,0,0,0,0,0,26400,0,0,0,40920,0,0,0,0,0,3600,0,29040,0,0,0,0,0,0,0,0,0,0,0,409560,750840,412920,696000,0,87840,55200,0,257760,0,125400,0,0,473880,84840,0,0,0,0,0,0,11280,0,0,0,0,0,0,0,0,0,0,0,0,0,0,0,0,0,0,0,0,0,3720,0,0,0,0,0,0,0,0,0,12000,0,166440,0,0,226200,55800,0,58920,0,39000,28680,0,0,1560,0,0,0,0,0,0,0,0,0,0,0,393360,0,1072440,0,0,0,0,0,0,0,0,0,0,0,0,0,0,64680,4080,0,1680,0,18840,0,0,0,0,0,0,0,0,0,0,0,0,0,0,0,0,0,0,0,0,0,0,0,0,0,0,0,0,0,0,0,0
PVPL,89520,65040,53760,0,0,0,0,0,0,0,0,0,0,0,0,459600,0,0,0,0,0,0,0,0,0,0,0,0,93840,0,0,0,0,121200,888000,0,0,0,0,0,0,0,0,0,0,0,0,12480,0,0,0,0,0,0,0,0,0,0,0,368520,0,0,0,12600,0,91680,0,0,0,0,190080,0,0,0,0,12480,0,174480,129360,428040,1004040,9480,110400,0,114960,0,0,0,641640,0,0,2280,0,0,0,0,0,0,0,169080,42360,0,0,18360,0,0,0,1202640,0,0,0,0,0,0,0,0,0,0,0,0,0,0,0,0,0,0,0,0,0,0,92160,0,44040,0,0,0,840,0,0,0,42720,0,0,0,0,0,0,0,0,0,0,0,0,0,0,0,0,2880,953640,10200,78960,173160,960,0,0,0,0,0,0,0,0,0,0,0,62040,0,11400,0,0,0,0,0,0,0,0,0,0,0,0,0,0,0,0,0,0,0,0,0,0,0,0,0,0,0,0,0,0,0,0,0,0,0
PVPR,0,50760,0,18480,0,0,0,0,0,0,0,0,4800,0,0,0,312600,0,0,0,0,0,0,0,0,0,0,45120,0,55680,0,0,167760,0,1162080,0,0,0,0,0,0,0,0,0,0,0,1320,0,0,0,0,0,0,0,0,0,0,0,0,0,565320,0,5400,0,2400,0,176400,0,0,270840,3240,0,0,0,6120,0,0,185880,195960,1055760,427440,267120,2160,0,0,0,25440,85440,80400,473880,2280,0,3240,0,0,0,0,0,0,25320,0,3960,0,0,20520,0,0,952200,0,0,0,0,0,0,0,0,0,0,0,0,0,0,0,0,0,0,0,0,0,0,0,71160,0,95280,0,36960,70440,0,0,0,0,18360,0,0,0,0,0,0,0,0,0,840,0,0,0,0,0,936360,42120,21000,47160,0,14280,149280,0,0,0,0,0,0,0,0,0,0,0,72960,0,0,0,0,0,0,0,0,0,0,0,0,0,0,0,0,0,0,0,0,0,0,0,0,0,0,0,0,0,0,0,0,0,0,0,0
PVR,0,0,0,0,0,0,765600,1118040,0,0,0,0,0,0,0,0,0,0,0,0,0,0,0,0,0,0,0,0,0,0,0,0,0,0,270360,0,83640,70800,124680,0,0,37680,0,0,0,0,3360,178560,6000,0,0,0,0,0,0,0,0,14040,0,0,2520,0,0,48840,49920,39720,276960,0,0,0,0,0,0,0,0,0,0,1680,40320,79920,343800,443400,149160,0,0,345600,853560,0,2760,84840,0,3240,0,0,0,0,0,0,0,12480,0,0,0,0,0,248760,393000,0,119640,169560,0,0,34440,22200,262800,61320,2400,0,20280,14400,0,0,0,0,0,0,0,0,0,0,0,0,0,6600,12480,110880,162360,29280,0,6120,42240,17520,0,0,12720,0,139200,148440,230160,70680,0,46560,0,3000,0,0,0,16080,9240,167400,178440,0,0,0,251520,387360,836760,589560,0,0,0,0,0,21600,233520,413760,25440,86760,0,216120,0,0,17880,38640,0,0,0,0,0,2040,0,0,0,0,122160,0,0,0,0,0,0,0,0,17880,0,720,0,0,0,0,10200,3960
PVT,0,0,0,0,0,0,0,0,0,0,0,0,0,0,0,0,0,0,0,0,0,0,0,0,0,0,0,0,0,0,0,0,71040,2280,0,0,0,0,0,0,0,95880,76080,100560,43920,24120,30960,47520,30960,0,0,0,4440,0,0,0,0,91320,840,28680,0,53880,21480,138120,136800,0,0,0,0,516000,399000,0,0,0,0,0,0,0,0,0,0,0,0,67800,480,0,0,2460480,0,0,0,0,0,0,0,0,67800,105600,0,0,486360,733920,254040,52320,65640,0,0,204960,1680,16080,0,0,44160,29520,21000,0,0,0,0,0,0,0,256560,93120,12360,391320,0,0,0,0,0,172680,0,0,0,0,0,102840,10920,87960,0,113760,4680,240,0,4320,0,0,40080,14160,6720,15960,0,0,0,0,0,0,0,0,0,1656240,2473080,1356120,0,0,0,0,0,0,0,0,0,0,0,0,95880,102480,600,0,0,0,0,0,0,0,0,0,0,0,0,0,0,0,0,0,0,0,0,0,0,0,0,0,0,0,0,0,0,0,0,0
RIAL,243480,0,0,0,17160,0,0,0,0,0,0,0,12600,0,0,59760,0,0,0,0,0,0,0,520920,0,0,0,0,0,0,0,10800,0,972840,0,0,0,0,0,0,0,79440,0,86280,0,4800,0,54720,0,0,0,76800,0,514800,55440,0,0,67440,0,876480,0,0,0,96360,0,14160,0,0,0,0,45240,0,33720,452160,0,1240680,0,571320,107880,0,0,0,0,0,28680,0,0,0,0,0,0,0,0,0,0,1877280,790080,0,360,0,234840,0,487320,153120,0,0,0,268920,0,0,120000,40560,15360,0,313440,230520,2010720,1716120,978120,1215960,1350360,1268760,0,0,0,0,0,0,0,0,292680,19560,23760,222360,72600,16680,99600,33240,250080,0,199800,34920,1649280,1249560,832800,1127880,0,0,10920,0,0,0,0,0,0,0,0,0,0,0,0,5280,0,0,557640,29040,484800,155280,0,0,0,0,0,0,0,0,0,0,0,0,0,0,1800,47520,0,0,0,0,0,0,0,36240,0,0,0,0,0,0,0,2160,0,0,0,0,0,0,0,0,0,0,0,0
RIAR,0,239640,0,0,0,23760,0,0,0,0,0,4200,0,0,0,0,38520,0,0,0,0,0,0,0,761760,0,0,0,0,4440,5160,0,1205400,0,0,360,9480,0,0,0,48000,0,91920,0,32640,0,0,0,9000,0,0,0,47400,39840,302640,0,0,0,55320,0,812160,0,0,0,47520,0,118560,0,0,58560,0,29040,0,1320,501240,214800,1247400,142320,491040,2400,0,0,0,29640,0,0,0,0,0,0,0,0,0,0,1877280,0,0,970200,0,0,0,286320,714840,0,129120,0,0,338400,0,0,55800,75600,0,38280,423240,533880,1580880,1611240,959400,894360,1446240,1414920,2400,0,0,0,0,0,0,0,0,295080,190560,49800,1800,57000,0,75480,6000,3000,0,111960,1351920,1298640,1607040,456840,0,0,0,30360,0,0,0,0,0,0,0,0,0,0,0,0,0,960,140400,852840,74040,501840,0,0,0,0,0,0,3720,0,0,65400,7080,0,0,0,480,0,0,0,0,0,0,0,83280,34680,0,0,0,0,0,0,0,0,0,0,0,0,0,0,1920,0,0,0,0,0
RIBL,27000,8520,0,0,1200,0,0,0,0,0,0,0,0,0,0,0,0,69360,0,31680,0,0,0,1416360,0,0,0,0,134040,0,54840,0,192480,1250880,65760,0,0,0,0,50040,0,0,0,578640,0,98760,0,201480,0,0,0,0,0,0,0,0,0,0,0,251040,0,426600,0,563280,0,0,0,0,0,27840,50760,7560,189960,727200,0,580200,0,69360,0,40200,195720,0,83520,154920,708360,0,0,425880,0,0,0,0,0,67800,790080,0,0,265320,0,0,172200,0,216840,353640,264360,0,0,29400,43560,0,35520,0,0,0,45000,14640,0,0,0,108720,0,0,256560,407400,0,452760,0,0,0,0,188160,11040,77160,0,165480,0,135600,60480,16800,0,0,0,85320,394080,136920,385080,0,0,133200,0,0,0,0,0,0,0,0,0,0,0,0,19680,600,79680,154440,0,78480,0,0,0,0,0,0,0,0,0,360000,1205760,0,0,0,0,0,0,0,0,0,0,0,0,0,0,0,0,0,0,0,0,0,0,0,0,0,0,0,0,0,0,0,0,0,0
RIBR,19440,91680,0,0,0,0,0,0,0,0,0,0,0,0,0,0,0,0,52560,0,13080,0,0,103200,1150200,0,0,1800,0,300240,0,71280,1134960,271800,10200,0,0,0,10080,0,55560,0,0,0,600240,0,44280,0,111720,0,0,11880,0,0,0,0,0,0,0,0,308280,0,234960,0,428160,0,0,0,0,197880,0,295800,51840,0,790800,0,650040,0,30720,256800,42840,93240,0,821760,178680,0,0,306120,0,0,0,0,0,105600,0,970200,265320,0,0,0,0,247800,196320,265800,461760,0,0,1680,0,4680,0,78000,0,0,0,25680,0,0,94200,0,0,0,300120,0,295320,373320,0,0,0,0,7320,113760,0,64080,0,193320,91680,147960,0,1440,0,0,596520,156600,524880,186840,0,0,0,86160,0,0,0,0,0,0,0,0,0,0,0,11640,0,247800,0,214440,0,80520,0,0,0,0,0,0,0,0,183960,1339200,0,1320,0,0,0,0,0,0,0,0,0,0,0,0,0,0,0,0,0,0,0,0,0,0,0,0,0,0,0,0,0,0,0,0
RIFL,117240,0,0,0,0,0,135000,0,0,0,0,121800,0,0,0,503280,0,0,0,92160,0,605400,0,0,0,0,55440,0,0,0,0,0,0,0,0,0,0,0,0,0,0,0,0,0,0,0,0,0,0,0,0,0,0,0,0,0,0,0,0,20760,0,0,0,0,0,264480,0,523800,0,19560,0,0,0,135360,0,0,0,0,0,373680,0,0,39000,48720,0,1149000,0,0,0,0,0,0,0,0,360,0,0,0,0,0,0,0,0,625920,0,0,0,0,0,0,42240,0,0,0,0,0,0,0,0,0,0,0,0,0,0,0,0,0,0,0,0,0,0,0,0,0,0,0,0,0,158520,0,0,0,0,0,0,0,0,0,0,0,93840,0,0,0,0,0,12720,0,734760,0,0,0,0,0,59880,0,0,0,0,0,586680,0,0,0,0,0,738960,0,0,0,0,0,0,0,0,0,0,0,0,0,0,0,0,0,0,0,0,0,0,0,0,0,0,0,0,0,0,0,0,0
RIFR,0,19320,0,0,0,0,0,198360,0,0,0,0,218640,0,0,264120,961320,0,3000,0,160920,0,578400,0,0,0,0,45120,15120,163320,0,0,0,0,0,0,99720,0,32880,0,0,0,0,0,0,0,19680,0,0,0,0,6720,0,0,0,0,0,0,37080,0,10200,0,0,0,0,0,276000,0,492720,0,38640,0,0,0,126960,0,0,0,0,129600,543120,19080,0,0,21480,80760,1021800,0,99600,11280,169080,25320,12480,0,0,0,0,0,0,0,0,0,0,0,430080,0,0,0,0,0,0,53880,0,0,0,0,0,0,0,0,0,0,0,0,0,0,0,0,0,0,0,0,0,0,0,0,0,0,8640,0,0,144960,0,0,0,0,0,24000,0,0,0,0,17160,127560,0,0,0,203520,60720,950760,75360,0,0,0,0,26760,0,9720,0,0,0,0,0,597840,0,0,0,0,0,810840,0,0,0,0,0,0,0,0,0,0,0,0,0,0,0,0,0,0,0,0,0,0,0,0,0,0,0,0,0,0,0,0
RIGL,0,0,0,0,0,0,0,0,0,0,0,0,0,0,0,0,0,0,0,0,0,0,0,0,0,0,0,0,0,0,0,0,42600,591120,0,0,0,0,0,0,0,18120,0,337200,0,70440,0,160440,0,0,0,993360,301920,9360,569520,0,0,0,0,199080,0,109920,0,152760,0,0,0,0,0,0,333960,0,0,55440,74640,541920,20160,0,15960,0,212280,0,50400,41160,33360,0,0,1309200,14520,0,42360,0,0,486360,234840,0,172200,0,0,0,0,522960,140280,452640,306600,0,0,444840,31560,0,0,0,7920,0,0,545040,0,0,0,0,0,0,0,237480,0,337440,0,0,0,0,297240,0,53760,0,0,0,221160,0,296040,38520,190560,117480,7920,0,8280,0,0,0,75240,0,105720,231480,0,0,0,0,0,0,0,0,0,376200,486000,0,0,0,0,0,0,0,0,0,0,0,13080,0,125040,0,415320,0,0,0,0,0,0,0,0,0,0,0,0,0,0,0,0,0,0,0,0,0,0,0,0,0,0,0,0,0,0,0,0,0
RIGR,0,0,0,0,0,0,0,0,0,0,0,0,0,0,0,0,0,0,0,0,0,0,0,0,31800,0,0,0,0,0,0,0,912000,6240,96840,174240,41880,0,0,0,14160,0,38400,0,420240,0,122640,0,237000,0,0,476040,1043400,659400,66600,0,0,0,4800,0,342240,0,147480,0,305400,0,0,0,0,739080,9480,21480,0,31200,9000,40560,614160,4920,0,220800,0,113280,11400,50280,81720,0,0,1486080,70800,0,0,3960,0,733920,0,286320,0,247800,0,0,522960,0,175200,282480,615720,0,0,558000,0,66840,0,0,0,60240,392880,0,0,0,0,0,0,0,206160,0,111360,302760,0,0,0,0,0,145560,0,9360,0,0,0,245040,68880,293520,0,325560,0,0,0,2160,0,0,0,56280,34080,111840,0,0,0,0,0,0,0,0,0,147840,799560,118920,0,0,0,0,0,0,0,0,0,0,0,0,255000,68640,0,310200,0,0,0,0,0,0,0,0,0,0,0,0,0,0,0,0,0,0,0,0,0,0,0,0,0,0,0,0,0,0,0,0
RIH,16440,22200,0,0,0,0,0,0,0,0,0,0,0,0,0,0,0,0,0,0,0,0,0,86160,38520,0,0,0,0,0,0,0,107640,335760,248160,1296600,1097160,832560,1291200,243120,533160,642000,529080,0,0,988560,2070360,593760,516480,0,0,140880,47160,256080,200400,0,0,0,0,116400,258960,33960,357240,571080,117000,54960,10080,0,0,38400,48720,44760,36720,372840,237720,598920,567720,18600,37440,0,88920,0,0,0,111960,0,0,199080,0,0,0,0,0,254040,487320,714840,216840,196320,0,0,140280,175200,5040,46800,0,719760,1139040,943200,0,133920,0,0,45960,0,456840,771840,24840,0,0,0,41280,0,702720,742200,1056480,916080,0,0,0,0,0,98640,0,6720,0,0,163920,273480,184080,216480,0,40680,12720,600,193920,15480,23520,12120,127200,19080,205680,212880,0,0,0,0,0,0,0,0,0,19680,25800,244440,143280,496560,1201080,365280,0,0,0,0,0,0,2400,0,0,414000,0,0,0,0,42120,0,0,0,0,0,0,0,0,0,0,0,0,0,0,0,0,0,0,0,0,0,0,0,0,0,0,0,0,0
RIML,3240,0,0,0,0,0,0,0,0,0,0,0,0,0,0,138000,0,108120,0,0,0,21960,0,88320,0,0,0,0,0,0,104160,0,0,216480,109800,30720,0,0,0,0,0,0,0,144360,24360,0,0,0,0,0,0,961560,1467120,833040,1659360,0,0,0,0,2880,0,31440,0,23520,0,609360,28440,0,0,374880,1679880,0,0,261000,0,894840,0,197640,775560,217080,250080,48600,84000,506280,352440,0,0,22680,94920,0,18360,0,0,52320,153120,0,353640,265800,625920,0,452640,282480,46800,0,143640,0,0,5640,0,0,78480,0,0,0,1057080,106920,0,0,167640,800880,0,0,66720,0,0,49080,0,0,0,0,265680,64440,197040,0,199680,276960,405960,219240,195840,0,152160,0,455640,1725960,612000,473400,0,0,1560,0,0,0,0,0,0,0,0,0,42360,0,31200,930240,968520,960,0,0,0,0,0,0,0,0,0,0,148200,39360,14520,847920,2280,35520,0,0,0,0,0,0,0,0,0,0,0,0,0,119880,0,211800,0,0,0,0,0,127680,0,96120,0,0,0,0,0,0,0,0
RIMR,0,0,0,0,0,0,0,0,0,0,0,0,0,0,0,0,215760,0,108840,0,0,0,6000,0,138000,0,0,0,0,2400,0,111960,332880,0,176280,9720,0,0,0,0,0,13560,3960,17280,12720,0,0,0,0,0,0,1148760,954000,1693320,991080,0,0,0,48840,0,0,7080,7560,3960,12600,0,783480,0,0,1836840,201600,0,0,0,288720,0,799560,1021320,165240,354120,239640,35880,11400,416160,525720,0,0,181080,53640,0,0,20520,0,65640,0,129120,264360,461760,0,430080,306600,615720,0,143640,0,0,0,34200,0,0,0,0,0,15000,102120,348240,0,0,830400,5160,6360,0,0,0,0,431160,0,0,0,0,95400,458280,0,330360,242640,312240,14400,352200,0,178320,0,162480,895200,633480,408240,545640,0,0,1200,7920,0,0,0,0,0,0,0,0,0,60720,0,867720,876960,317520,0,0,0,0,0,0,0,0,0,0,170520,96120,0,536640,114360,0,0,0,0,0,0,0,0,0,0,0,0,0,173880,0,172200,0,0,0,0,0,36000,0,141960,0,0,0,0,0,0,0,0,0
RIPL,0,0,0,0,0,0,0,0,0,0,0,0,0,0,0,0,0,0,0,0,0,0,0,0,0,0,0,0,0,0,0,0,0,0,0,0,0,976800,171000,0,0,752520,0,0,0,72600,0,61560,0,0,0,0,0,0,0,0,0,0,0,28200,0,19320,52680,0,0,0,0,0,0,0,0,0,0,0,0,0,0,0,0,0,0,1320,0,0,0,0,0,0,0,0,0,0,248760,0,0,0,0,0,0,0,0,0,719760,0,0,0,391440,0,978480,345720,0,0,657720,0,0,0,11400,0,0,0,1800,0,195480,181200,188640,81600,0,0,0,0,0,0,0,0,0,0,0,0,0,0,0,0,0,0,0,0,992280,0,811440,0,0,0,0,0,0,0,0,0,0,0,0,0,0,0,64080,0,73080,0,0,0,0,0,0,0,0,23760,0,0,0,0,40200,0,120600,0,147600,0,44040,0,0,0,0,0,0,0,0,0,0,0,0,0,0,0,0,0,0,0,0,0,0,0,0,0
RIPR,0,0,0,0,0,0,0,0,0,0,0,0,0,0,0,0,0,0,0,0,0,0,0,0,0,0,0,0,0,0,0,0,0,0,0,0,0,134160,1407240,0,20880,0,753960,0,0,7200,52680,0,53520,0,0,0,0,0,0,0,0,0,0,0,13080,0,44520,0,23040,0,46200,0,0,0,0,0,0,0,0,0,0,0,0,0,21120,0,2160,0,0,0,0,0,0,0,0,0,393000,0,0,0,0,0,0,0,0,0,1139040,0,0,391440,0,0,251280,976200,0,0,0,811200,0,0,0,46800,0,0,56520,1080,242400,124680,201000,152400,0,0,0,0,0,0,0,0,0,0,33360,46560,37320,0,0,6360,0,0,0,0,0,909240,0,843120,0,0,0,0,0,0,0,0,0,0,0,0,0,0,1080,71400,0,132360,0,0,0,0,0,0,20280,55080,0,0,0,0,0,33600,0,192000,0,34800,0,39960,0,0,0,2640,0,0,0,0,0,0,0,0,0,0,0,0,0,0,0,0,0,0,0,0
RIR,406080,618480,0,0,8520,62280,0,0,0,0,0,0,0,0,0,7800,69000,0,0,0,0,0,0,201120,300240,0,0,0,0,8040,0,0,408600,451440,923400,0,0,0,0,0,0,0,1080,0,0,0,0,92400,57480,0,0,0,0,0,0,0,0,0,0,923040,724680,0,0,186960,171000,11160,27240,0,0,196080,141840,0,0,252840,291840,572400,451560,104400,37680,54960,314280,42480,48600,239160,168840,0,0,0,56760,0,1202640,952200,0,204960,268920,338400,29400,1680,0,0,444840,558000,943200,5640,34200,0,0,0,0,0,0,0,0,0,478560,183840,0,0,0,0,0,0,0,0,0,434760,0,0,0,0,0,0,0,0,0,720,14280,0,0,0,13080,0,0,0,0,0,0,0,0,0,0,0,0,0,0,0,0,592440,513720,0,0,0,0,176880,0,0,0,0,0,0,0,0,0,0,0,0,29040,0,0,0,0,0,0,0,0,0,0,0,0,0,0,0,0,0,0,0,0,0,0,0,0,0,0,0,0,0,0,0,0,0,0,0
IL1DL,0,0,5040,0,1680,0,0,0,0,0,0,0,5160,0,0,13800,0,3360,0,33240,0,2280,0,45600,0,0,0,0,0,0,1560,3720,37680,0,0,0,0,1045800,0,0,0,0,0,236640,41640,1230840,0,0,0,0,0,50640,0,0,0,0,0,0,0,3720,0,1546200,0,0,0,0,0,0,0,0,0,9120,8880,0,0,0,0,0,0,0,0,0,41640,0,0,15360,0,21480,0,0,0,0,119640,1680,0,0,43560,0,0,0,31560,0,0,0,0,978480,251280,0,0,10800,141960,0,0,0,0,0,0,83880,0,0,1861080,0,221760,383640,2640,140400,0,0,0,0,0,0,0,0,0,0,0,0,0,91920,0,0,0,0,52320,9000,557520,0,0,0,0,0,25680,0,16200,0,0,13200,0,7800,0,0,600,0,735480,0,0,0,0,0,0,0,0,0,5520,0,0,0,0,0,100440,0,0,0,67440,0,0,0,0,0,0,0,0,0,0,0,0,0,0,0,0,0,0,0,0,0,0,0,0,0,0,0
IL1DR,0,0,0,17640,0,0,0,0,0,0,0,2520,0,0,0,0,3120,0,18720,0,9720,0,9960,0,30960,0,0,23400,0,0,5040,14280,45720,26160,0,0,0,0,982920,0,3480,0,0,0,345960,0,1143240,0,0,0,0,0,0,0,0,0,0,0,0,0,0,0,1449240,0,0,0,38400,0,1680,0,0,15480,14160,0,0,0,0,0,2760,0,0,35400,18360,0,19080,0,0,26760,0,0,0,0,169560,16080,0,0,0,4680,0,0,0,66840,133920,0,0,345720,976200,0,10800,2160,0,236880,0,0,0,0,11880,0,0,0,0,1628760,207840,28200,759960,44040,0,0,0,0,0,0,0,0,0,0,0,0,0,0,0,0,0,0,0,89400,0,803520,0,0,0,0,0,16560,16080,0,0,0,21000,0,19800,0,0,29160,0,916080,0,0,0,0,0,0,0,5040,0,480,0,35160,0,0,0,148560,0,0,0,125400,0,0,0,0,0,0,0,0,0,0,0,0,0,0,0,0,0,0,0,0,0,0,0,0,0,0
IL1L,0,0,2280,0,0,0,96240,0,0,0,0,0,0,0,0,0,0,0,0,16200,0,0,0,0,0,0,0,0,0,0,0,0,17400,0,0,0,0,0,0,792600,0,0,0,687000,0,0,0,0,0,0,0,0,48240,0,0,0,0,774960,0,174240,0,0,0,0,0,0,0,0,0,0,0,0,0,0,0,0,0,0,0,0,0,0,0,80400,120120,83040,0,0,0,0,0,0,0,0,120000,55800,35520,0,42240,0,0,0,0,78480,0,0,0,0,141960,0,0,0,256080,0,66240,0,1059600,329400,447240,265440,296160,349800,0,0,1106280,17520,0,0,0,0,33240,0,0,0,0,0,57000,0,0,0,20640,0,0,0,88080,0,34080,0,116520,0,0,0,0,0,0,0,0,0,0,0,0,0,0,0,20760,0,0,0,0,0,0,0,16200,0,31560,0,0,0,25200,0,7800,0,0,0,191160,0,368400,0,0,0,0,0,6000,0,5160,0,0,0,0,0,0,0,0,0,0,0,0,0,0,0,0,0
IL1R,0,0,0,30600,0,7080,0,29400,0,0,0,8760,0,0,0,0,0,0,8040,0,0,0,12480,0,53280,0,0,0,0,0,12360,16320,0,0,0,0,0,0,0,0,836760,0,0,0,1280400,0,0,0,0,0,0,73920,0,0,1200,0,0,0,663720,0,61560,0,0,0,0,0,0,0,0,44520,9360,42840,0,0,2400,0,0,0,0,0,0,0,0,190080,109560,0,8280,0,0,0,0,0,0,0,40560,75600,0,78000,0,53880,0,0,0,0,0,0,0,0,0,236880,0,0,0,228480,0,44040,240240,1005960,251760,293880,334920,370320,15240,1117080,480,0,0,0,0,0,0,0,0,3120,0,840,50880,15360,0,0,0,0,1800,0,0,29640,0,122760,0,280680,0,0,0,0,30480,0,0,0,0,0,0,0,0,0,0,20760,0,0,0,0,0,0,0,0,0,33960,0,0,0,31440,0,0,0,0,0,190080,0,302880,0,0,0,0,0,0,0,29280,0,0,0,0,0,0,0,0,0,0,0,0,0,0,0,0
IL1VL,0,0,0,0,0,0,0,0,0,0,0,0,0,0,0,0,0,0,0,0,0,0,0,0,0,0,0,0,0,0,0,0,0,38520,42360,0,0,0,0,3240,0,940200,0,300120,0,0,0,502440,0,0,0,2760,0,0,0,0,0,0,0,83880,0,0,0,895680,0,12600,0,0,0,0,65040,0,0,0,0,0,0,0,1200,0,0,0,0,0,0,0,0,2880,0,0,0,0,34440,44160,15360,0,0,0,0,0,7920,0,45960,0,0,657720,0,0,0,0,256080,0,0,0,0,0,2095560,0,0,0,0,60000,36360,588840,0,72960,0,0,0,0,40080,0,8640,0,26400,0,8400,0,7080,0,110640,0,6120,0,0,0,0,0,323400,0,0,0,0,0,0,0,0,0,0,0,0,0,0,8520,0,0,566280,0,0,0,0,0,0,0,3600,30960,0,0,0,0,0,0,87000,0,0,0,104760,0,0,0,0,0,0,0,0,0,0,0,0,0,0,0,0,0,0,0,0,0,0,0,0,0
IL1VR,0,0,0,0,0,0,0,0,0,0,0,0,0,0,0,0,0,0,0,0,0,0,0,0,0,0,0,0,0,0,0,0,90480,0,20760,0,0,0,0,0,0,0,528720,0,398520,0,0,0,705600,0,0,0,2760,0,0,0,0,0,0,0,128640,0,0,0,1340520,0,2640,0,0,75840,0,0,0,0,0,0,0,0,0,0,0,0,0,1200,0,0,0,20880,0,0,0,0,22200,29520,0,38280,0,0,0,0,0,60240,0,0,15000,0,811200,0,0,0,0,228480,0,0,0,0,0,1884480,0,0,122880,0,67200,33120,622320,91560,0,0,0,0,0,23520,0,10320,0,30720,28440,26040,0,6840,0,126480,0,0,0,0,0,0,0,231720,0,0,0,0,0,0,0,0,0,0,0,0,0,45720,0,0,0,475920,0,0,0,0,0,0,28440,4560,0,0,0,0,0,0,0,64680,0,0,0,73080,0,0,0,0,0,0,0,0,0,0,0,0,0,0,0,0,0,0,0,0,0,0,0,0
RIVL,0,0,0,0,22800,0,0,0,0,0,0,0,1560,0,0,0,0,0,0,0,0,0,0,47280,0,0,0,0,0,0,0,4680,64080,0,108960,39120,94560,0,0,62160,0,0,5280,13080,0,0,0,0,720,0,0,0,598080,322080,273120,0,0,100440,0,0,0,7560,40920,0,0,20160,138480,0,0,469200,25560,58920,19200,27000,0,0,0,247800,78960,20280,61080,235560,6600,87360,33600,0,0,434760,0,0,0,0,262800,21000,313440,423240,45000,0,0,0,0,392880,456840,1057080,102120,0,0,478560,0,0,66240,0,0,0,0,882600,0,469200,389520,0,367800,0,0,0,0,0,0,0,0,0,0,17760,0,375120,285240,253440,70680,60000,73800,140040,0,166440,0,1268160,760800,60240,8640,0,0,8640,0,0,0,0,0,0,0,90720,0,0,0,23880,186720,243120,0,0,0,0,0,0,0,0,0,0,142560,102840,90960,444840,0,198720,0,0,0,0,0,0,0,0,0,0,0,18600,0,0,0,0,0,0,0,3840,0,0,0,0,0,0,0,0,0,0,0,0
RIVR,0,0,0,0,0,5880,0,0,0,0,0,3480,0,0,0,0,0,0,0,0,0,0,0,0,45000,0,0,0,0,0,0,0,32040,63840,99840,51000,9000,0,0,0,51720,0,0,0,30360,0,0,10800,0,0,0,960000,0,158280,409560,0,0,0,73680,0,0,18120,49680,0,0,389760,68760,0,0,52920,671400,21600,43680,0,63000,0,4200,50400,279240,108480,0,0,70200,0,114960,0,0,291720,0,0,0,0,61320,0,230520,533880,14640,25680,0,0,545040,0,771840,106920,348240,0,0,183840,0,0,0,44040,0,0,882600,0,419400,0,0,628560,0,118320,0,0,0,0,0,0,0,0,35160,0,303720,0,255960,143520,840,15840,181440,177360,6960,0,1275240,2040,85440,842880,0,360,2040,0,7320,0,0,0,0,0,0,0,49080,0,65880,142440,70800,313680,0,0,26880,0,0,0,0,0,0,0,194760,75240,0,145800,146280,0,0,0,0,0,0,0,0,0,0,0,75720,0,0,0,0,0,0,0,0,0,0,0,0,0,0,0,101280,0,0,0,0,0
RMDDL,0,0,0,0,0,0,0,38400,0,0,0,0,0,0,0,0,0,0,0,0,0,0,0,0,0,0,0,0,0,0,0,0,0,0,0,0,0,46680,139440,0,0,72840,0,547440,98040,140280,284400,107160,0,0,0,291000,0,0,0,0,0,24600,102720,0,0,0,327600,858840,0,0,0,0,0,0,0,0,0,0,0,0,0,13680,50760,0,0,0,0,0,207240,0,0,0,0,0,0,0,2400,0,2010720,1580880,0,0,0,0,0,0,24840,0,0,11400,0,0,0,11880,1059600,240240,2095560,0,0,419400,0,560640,165960,654960,154560,4075200,326040,39600,1200,720240,0,0,0,0,151680,193680,0,57000,42480,67200,154680,254880,624240,45120,0,144360,341520,240,8040,273360,12600,159600,9960,0,0,0,0,0,0,0,0,0,0,0,0,0,0,0,61680,403800,797400,0,0,0,0,0,0,0,0,64320,0,0,0,186480,35160,315720,185400,0,0,575880,169680,11160,90000,659640,12360,0,0,598680,10080,0,0,187440,101880,0,0,0,0,0,55320,13320,0,0,0,0,0,0
RMDDR,0,0,0,0,0,0,0,0,0,0,0,0,0,0,0,0,0,0,0,0,0,0,0,0,0,0,0,0,0,0,0,0,0,0,0,0,0,8400,18000,720,0,0,47040,33600,537600,465240,128280,0,42000,0,0,0,105240,0,1320,0,0,211920,0,0,0,253200,0,0,525600,27240,0,0,0,0,0,0,0,0,0,0,0,16080,3000,0,0,0,0,268080,0,0,0,0,0,0,0,0,0,0,1716120,1611240,0,0,0,0,0,0,0,0,0,0,46800,0,83880,0,329400,1005960,0,1884480,469200,0,560640,0,942480,271680,4028160,147600,70200,53160,31920,560400,0,0,0,0,58440,89520,94080,20040,0,46560,390000,238800,55920,725280,96240,67920,5880,201240,291360,0,107040,34440,0,97320,0,0,0,0,0,0,0,0,0,0,0,0,0,0,462720,60480,0,877080,0,0,0,0,0,0,160080,240,0,130080,0,3120,410040,120360,1680,131160,318840,0,1920,238080,499680,204840,0,140040,749400,0,0,0,290880,0,0,12000,2400,0,0,0,22560,29400,0,66360,0,0,0,0
RMDL,0,0,0,0,0,0,0,0,0,0,0,0,0,0,0,0,0,0,0,0,0,0,0,0,0,0,0,0,0,0,0,0,0,0,0,0,0,0,0,36360,94320,0,0,67320,184920,0,0,0,0,0,0,0,0,89640,360,0,0,21360,217560,0,0,0,0,0,0,0,0,0,0,0,0,0,0,0,0,0,0,15480,10560,0,0,0,0,227520,0,0,0,0,0,0,0,0,20280,0,978120,959400,0,94200,0,0,0,0,0,167640,830400,0,0,0,0,0,447240,251760,0,0,389520,0,165960,942480,0,1581360,507120,734160,0,0,0,0,0,0,0,0,235440,160680,0,468720,0,654240,145200,524280,0,45600,0,55680,114840,312600,197400,177120,0,0,0,0,0,0,0,0,0,0,0,0,0,0,0,66720,611880,50640,441120,79200,550920,342480,0,0,0,0,0,0,0,437520,0,1122600,807720,2024280,0,0,0,0,94920,13680,149040,76800,0,0,0,0,199320,415080,311400,323640,0,0,0,0,156000,16080,65160,84600,0,0,0,0,1080,0,360,54480
RMDR,0,0,0,0,0,0,0,0,0,0,0,0,0,0,0,0,0,0,0,0,0,0,0,0,0,0,0,0,0,0,0,0,0,0,0,0,0,0,0,243240,16920,0,0,163440,120960,0,0,0,0,0,0,3000,0,27480,22920,0,0,295680,23280,0,0,0,0,0,0,0,0,0,0,0,0,0,0,0,0,0,0,0,31920,0,0,0,0,0,155400,0,0,0,0,0,0,0,14400,0,1215960,894360,108720,0,0,0,0,0,0,800880,5160,0,0,0,0,0,265440,293880,0,0,0,628560,654960,271680,1581360,0,617160,464160,0,0,10680,0,0,0,0,0,186120,210600,514920,22680,526320,22200,431400,173280,18960,0,165840,11160,180240,110760,145920,144360,0,0,0,0,0,0,0,0,0,0,0,0,0,0,0,487920,174720,0,92160,231240,151920,529200,0,0,0,0,0,0,375360,0,0,1041120,1998600,585120,0,0,0,0,210360,56760,68040,105480,0,0,0,0,235200,95520,70320,557520,0,0,0,0,0,24120,75360,225960,0,0,79440,0,0,0,42840,73440
RMDVL,0,0,0,0,0,0,0,0,0,0,0,0,0,0,0,0,0,0,0,0,0,0,0,0,0,0,0,0,0,0,0,0,0,0,43800,0,0,3240,0,2400,0,0,35640,666720,5640,116280,1320,0,685800,0,0,0,224160,143760,0,0,0,0,0,0,0,1101720,0,1080,202440,0,31920,0,0,0,84120,0,0,0,0,0,0,92880,0,0,0,0,2400,67320,83880,0,0,0,0,0,0,0,0,0,1350360,1446240,0,0,0,0,0,0,41280,0,6360,1800,56520,0,1861080,0,296160,334920,0,122880,367800,0,154560,4028160,507120,617160,0,927120,808920,360,7320,349680,0,0,0,0,143160,0,31440,572760,40560,178680,49920,244920,36840,0,144960,423720,25440,379200,116280,40440,3480,0,0,72720,0,0,0,0,0,0,0,0,0,0,0,0,0,0,689880,47280,0,104760,0,0,0,0,0,0,102480,7200,0,0,687000,85320,87360,0,309360,381720,129600,0,0,643440,34560,0,394320,514320,4920,0,0,699600,106560,0,90240,173160,0,2280,0,33000,0,0,0,133080,0,0,0,0
RMDVR,0,0,0,0,0,0,0,0,0,0,0,12720,0,0,0,0,0,0,0,0,0,0,0,0,43560,0,0,0,0,0,0,0,0,10800,16320,0,0,3120,51840,0,0,43200,0,0,459840,6960,116400,598440,0,0,0,284280,0,45120,142800,0,0,0,0,0,0,0,930840,373320,0,103560,0,0,0,0,0,9480,0,0,0,0,0,0,104040,0,0,720,0,135600,45840,0,0,0,0,3720,0,0,0,0,1268760,1414920,0,0,0,0,0,0,0,0,0,0,1080,0,0,1628760,349800,370320,60000,0,0,118320,4075200,147600,734160,464160,927120,0,880440,42480,35160,107400,0,0,0,0,34680,207600,746880,28680,234480,23160,334920,0,8880,10200,485880,0,52680,12120,29760,145560,0,14520,154200,0,0,0,0,0,0,0,0,0,0,0,0,0,0,0,10560,641640,162480,0,0,0,0,0,0,0,0,17640,0,0,43920,843000,0,116520,301440,52920,0,114720,446040,0,0,18480,475080,108240,0,0,658560,0,0,142680,435960,0,0,0,0,0,26160,0,64560,0,2160,0,0,0
RMED,0,0,0,0,0,0,0,0,0,0,0,0,0,0,0,0,0,0,0,0,0,0,0,0,0,0,0,0,0,0,0,0,0,0,0,0,0,196080,178440,219120,368280,118440,137040,702120,984360,64200,108720,28080,92400,0,0,0,0,0,0,0,0,0,0,0,0,250320,519480,134760,73080,0,0,0,0,140040,0,0,0,0,0,0,0,0,0,0,0,0,0,97680,24000,0,0,232680,0,0,0,0,0,256560,0,2400,256560,300120,0,0,0,206160,702720,66720,0,195480,242400,0,221760,207840,0,15240,36360,67200,0,0,326040,70200,0,0,808920,880440,61080,1209120,1179600,4345080,0,0,0,0,0,0,0,0,0,0,0,0,159120,92520,0,0,434520,633720,205560,140640,197280,173280,257280,400320,0,0,0,0,0,0,0,0,0,0,0,314640,71760,368400,13920,0,0,9000,0,0,0,0,0,0,0,0,13920,506640,0,0,18960,35880,86400,97320,0,0,0,0,97560,124200,16680,72960,0,0,0,0,153840,119040,0,4320,0,0,0,0,0,0,0,0,0,0,0,0
RMEL,0,0,0,0,0,0,0,0,0,0,0,0,0,0,0,0,0,0,0,0,0,0,0,0,0,0,0,0,0,0,0,0,110400,0,0,0,0,121200,271200,1133160,2283720,201120,294360,817560,255000,976800,0,846360,0,0,0,0,0,0,0,0,0,0,0,0,0,219960,29400,220920,79200,0,0,0,0,0,0,0,0,0,0,0,0,0,0,0,0,0,0,0,15600,0,0,98160,0,0,0,0,0,93120,0,0,407400,0,0,0,237480,0,742200,0,0,181200,124680,0,383640,28200,0,1117080,588840,33120,0,0,39600,53160,0,0,360,42480,1209120,1440,373440,1122960,0,0,0,0,0,0,0,0,0,0,0,0,0,0,0,0,0,0,0,0,114960,419880,194760,750120,0,0,0,0,0,0,0,0,0,0,0,0,0,270840,0,0,0,0,0,0,0,0,0,0,0,0,0,499080,0,0,22440,65760,26400,34320,2760,782520,22560,926040,0,0,0,0,0,0,0,0,0,0,0,0,0,0,0,0,0,0,0,0,0,0,0,0
RMER,0,0,0,0,0,0,0,0,0,0,0,0,0,0,0,0,0,0,0,0,0,0,0,0,0,0,0,0,0,0,0,0,0,42480,0,0,0,210000,138720,1892400,999240,284040,273120,218040,978600,0,996480,0,312000,0,0,0,0,0,0,0,0,8640,0,0,0,0,154440,0,97920,0,0,0,0,0,0,0,0,0,0,0,0,0,0,0,0,0,0,9480,0,0,0,0,0,0,0,0,0,12360,0,0,0,295320,0,0,0,111360,1056480,0,0,188640,201000,0,2640,759960,1106280,480,0,622320,0,0,1200,31920,0,10680,7320,35160,1179600,373440,40800,1411320,0,0,0,0,0,0,0,0,0,0,0,0,0,0,0,0,0,0,0,0,424800,114840,744840,130560,0,0,0,0,0,0,0,0,0,0,0,0,0,204480,9720,0,0,0,0,0,0,0,0,0,0,0,0,496080,0,0,9000,24840,31440,4920,826080,26640,1198680,5280,0,0,65040,0,600,0,0,0,0,0,0,0,0,0,0,0,0,0,0,0,0,0,0,0
RMEV,0,0,0,0,0,0,0,0,0,0,0,0,0,0,0,122040,0,0,0,0,0,0,0,132000,0,0,0,0,0,0,0,0,0,0,88680,0,0,178920,239760,241080,456600,188280,481320,557640,449280,58440,93480,45720,120480,0,0,0,0,0,0,0,0,0,0,0,0,39240,0,618000,492840,0,0,0,0,188160,71280,0,240,1440,0,0,0,0,0,103200,0,0,0,33000,69600,0,0,215880,0,0,0,0,0,391320,0,0,452760,373320,0,0,337440,302760,916080,49080,431160,81600,152400,434760,140400,44040,17520,0,72960,91560,0,0,720240,560400,0,0,349680,107400,4345080,1122960,1411320,14400,0,0,0,0,0,0,53880,0,33840,0,0,0,0,0,41400,145800,47160,24360,349680,367800,209280,107760,284760,383400,0,0,8760,0,0,0,0,0,0,0,0,118680,0,570120,97200,0,7080,33360,0,0,0,0,0,0,0,0,71400,1314240,0,0,245880,442800,87720,44880,2520,0,0,0,133080,53760,54840,186240,0,0,0,0,3840,0,480,79440,0,0,0,0,0,0,0,34200,0,0,0,0
RMFL,0,0,0,0,0,0,0,0,0,0,0,0,0,0,0,0,0,0,0,0,0,0,0,0,0,0,0,0,0,0,0,0,0,0,0,0,0,0,0,0,0,0,0,0,0,0,0,0,0,0,0,0,0,0,0,0,0,0,0,0,0,0,0,0,0,0,0,0,0,0,0,0,0,0,0,0,0,0,0,0,0,0,0,0,0,0,0,0,0,0,0,0,0,0,0,0,0,0,0,0,0,0,0,0,0,0,0,0,0,0,0,0,0,0,0,0,0,0,0,0,0,0,0,0,0,0,0,0,0,0,0,0,0,0,0,0,0,0,0,0,0,0,0,0,0,0,0,0,0,0,0,0,0,0,0,0,0,0,0,0,0,0,0,0,0,0,0,0,0,0,0,0,0,0,0,0,0,0,0,0,0,0,0,0,0,0,0,0,0,0,0,0,0,0,0,0,0,0,0,0,0,0,0,0,0,0,0,0,0,0,0,0
RMFR,0,0,0,0,0,0,0,0,0,0,0,0,0,0,0,0,0,0,0,0,0,0,0,0,0,0,0,0,0,0,0,0,0,0,0,0,0,0,0,0,0,0,0,0,0,0,0,0,0,0,0,0,0,0,0,0,0,0,0,0,0,0,0,0,0,0,0,0,0,0,0,0,0,0,0,0,0,0,0,0,0,0,0,0,0,0,0,0,0,0,0,0,0,0,0,0,0,0,0,0,0,0,0,0,0,0,0,0,0,0,0,0,0,0,0,0,0,0,0,0,0,0,0,0,0,0,0,0,0,0,0,0,0,0,0,0,0,0,0,0,0,0,0,0,0,0,0,0,0,0,0,0,0,0,0,0,0,0,0,0,0,0,0,0,0,0,0,0,0,0,0,0,0,0,0,0,0,0,0,0,0,0,0,0,0,0,0,0,0,0,0,0,0,0,0,0,0,0,0,0,0,0,0,0,0,0,0,0,0,0,0,0
RMHL,0,0,0,0,0,0,0,0,0,0,0,0,0,0,0,0,0,0,0,0,0,0,0,0,0,0,0,0,0,0,0,0,0,0,0,0,0,0,0,0,0,0,0,0,0,0,0,0,0,0,0,0,0,0,0,0,0,0,0,0,0,0,0,0,0,0,0,0,0,0,0,0,0,0,0,0,0,0,0,0,0,0,0,0,0,0,0,0,0,0,0,0,0,0,0,0,0,0,0,0,0,0,0,0,0,0,0,0,0,0,0,0,0,0,0,0,0,0,0,0,0,0,0,0,0,0,0,0,0,0,0,0,0,0,0,0,0,0,0,0,0,0,0,0,0,0,0,0,0,0,0,0,0,0,0,0,0,0,0,0,0,0,0,0,0,0,0,0,0,0,0,0,0,0,0,0,0,0,0,0,0,0,0,0,0,0,0,0,0,0,0,0,0,0,0,0,0,0,0,0,0,0,0,0,0,0,0,0,0,0,0,0
RMHR,0,0,0,0,0,0,0,0,0,0,0,0,0,0,0,0,0,0,0,0,0,0,0,0,0,0,0,0,0,0,0,0,0,0,0,0,0,0,0,0,0,0,0,0,0,0,0,0,0,0,0,0,0,0,0,0,0,0,0,0,0,0,0,0,0,0,0,0,0,0,0,0,0,0,0,0,0,0,0,0,0,0,0,0,0,0,0,0,0,0,0,0,0,0,0,0,0,0,0,0,0,0,0,0,0,0,0,0,0,0,0,0,0,0,0,0,0,0,0,0,0,0,0,0,0,0,0,0,0,0,0,0,0,0,0,0,0,0,0,0,0,0,0,0,0,0,0,0,0,0,0,0,0,0,0,0,0,0,0,0,0,0,0,0,0,0,0,0,0,0,0,0,0,0,0,0,0,0,0,0,0,0,0,0,0,0,0,0,0,0,0,0,0,0,0,0,0,0,0,0,0,0,0,0,0,0,0,0,0,0,0,0
SIADL,0,0,0,4680,0,0,0,203400,0,0,0,0,0,0,0,0,0,0,0,0,15960,0,0,0,0,0,0,0,0,0,0,0,0,0,327000,0,0,0,0,1440,0,12120,0,0,0,0,0,0,0,0,0,337080,8160,158040,0,0,0,0,3840,5880,0,29040,0,69600,0,0,17880,0,0,0,308520,0,0,0,0,81960,0,3120,80760,0,65280,0,34080,0,143400,0,0,37680,0,0,92160,0,0,0,292680,0,188160,7320,0,0,297240,0,0,265680,95400,0,0,0,0,0,33240,0,40080,0,0,35160,151680,58440,235440,186120,143160,34680,0,0,0,0,0,0,0,0,0,161280,627960,57120,556680,12600,310200,87240,1016040,0,3720,0,635880,3840,393480,494520,0,0,15840,0,0,0,0,25800,22920,0,0,0,6480,0,3360,337080,241560,0,0,0,0,0,0,0,0,0,0,0,262800,7080,0,103200,0,98280,0,0,0,0,0,0,0,0,0,0,0,0,0,0,0,0,0,0,0,0,0,0,0,0,0,0,0,0,0,0,0,0
SIADR,0,0,27000,0,0,0,250800,0,0,0,0,0,0,0,0,10200,0,0,0,14880,0,0,0,0,0,0,720,0,0,0,0,0,0,0,261600,12360,5520,0,0,0,0,0,6960,0,0,5280,0,0,0,0,0,0,336240,84960,93480,0,0,5880,4800,56280,9360,0,11640,0,48720,21840,0,0,0,230520,0,0,0,0,0,0,84360,95280,6960,36840,0,53160,0,189000,85320,0,0,0,0,12000,0,71160,0,172680,19560,295080,11040,113760,0,0,0,145560,98640,64440,458280,0,0,0,0,0,0,0,0,23520,17760,0,193680,89520,160680,210600,0,207600,0,0,0,0,0,0,0,0,161280,0,20280,424200,31560,633840,56280,345720,0,1103040,0,33840,720,624000,517800,345240,0,0,0,25560,0,0,27000,0,16080,0,0,93240,0,120,8280,362880,262200,0,0,0,0,0,0,0,0,0,0,0,101280,130560,0,53040,0,0,0,0,0,0,0,0,0,0,0,0,0,0,0,0,0,0,0,0,0,0,0,0,0,0,0,0,0,0,0,0,0,0
SIAVL,203040,0,0,0,0,0,79440,0,0,0,0,0,0,0,0,42840,0,0,0,0,0,0,0,0,0,0,0,0,0,0,0,0,0,0,876000,0,0,0,0,0,0,9120,0,19440,0,0,0,7560,0,0,0,8520,0,11280,53760,0,0,0,0,0,0,0,0,0,0,82320,0,0,0,0,600,0,0,0,0,0,0,87720,7560,0,56160,0,71160,0,302760,37920,0,0,65160,0,44040,0,0,0,23760,190560,77160,0,0,0,53760,0,0,197040,0,0,0,0,0,0,0,0,8640,0,0,303720,0,94080,0,514920,31440,746880,0,0,0,53880,0,0,0,0,627960,20280,0,0,1155480,8040,560520,196560,275160,12960,895440,0,3960,2040,0,363720,0,0,7200,0,0,0,0,0,0,0,0,0,103440,0,3960,156840,65040,0,0,0,0,0,0,0,0,0,0,0,573720,277080,79080,0,1560,0,0,0,0,0,0,0,0,0,0,0,0,0,0,0,0,0,0,0,0,0,0,0,0,0,0,0,0,0,0,0,0,0
SIAVR,0,30480,0,0,0,0,0,0,0,0,0,0,0,0,0,0,204960,0,0,0,0,0,0,0,0,0,0,0,0,0,0,0,0,0,1387800,0,77760,0,0,0,82320,0,2640,0,15840,0,0,0,9720,0,0,8160,6240,102240,27360,0,0,0,277320,0,0,0,0,0,5400,0,88920,0,0,6000,0,0,0,0,0,0,0,0,76560,102480,4080,2280,0,265320,0,0,0,0,48000,166440,0,95280,6600,0,222360,49800,0,64080,0,0,0,9360,6720,0,330360,0,0,0,0,0,0,3120,0,10320,375120,0,57000,20040,468720,22680,572760,28680,0,0,0,0,0,0,0,0,57120,424200,0,0,23160,1169520,340800,489960,46440,535800,0,1037040,4080,23160,283680,0,0,0,0,12720,0,0,0,0,0,0,0,21360,0,41280,0,159000,29880,0,0,0,0,2520,0,0,0,0,0,0,133440,363360,0,44400,0,12840,0,0,0,0,0,0,0,0,0,0,0,0,0,0,0,0,0,0,0,0,0,0,0,0,0,0,0,0,0,0,0,7080
SIBDL,120,0,0,40200,840,0,0,120000,0,0,0,0,0,0,0,0,40080,0,0,0,12480,0,0,74880,0,0,0,2640,0,0,135120,0,36120,3720,96360,0,0,0,0,6720,0,19800,0,0,33480,0,0,331680,0,0,0,60000,0,29160,119640,0,0,106680,47040,0,4560,0,14760,59640,0,227760,26400,0,0,189000,12360,0,12000,147000,0,27480,4200,33960,27120,0,119400,17640,67680,0,34920,0,0,0,0,0,0,0,12480,0,72600,1800,165480,0,0,0,0,0,0,199680,242640,0,0,0,0,0,0,0,26400,0,285240,255960,42480,0,0,526320,40560,234480,0,0,0,33840,0,0,0,0,556680,31560,1155480,23160,0,44400,479880,119400,672240,156720,712800,0,314280,22680,72960,24240,0,0,2160,0,0,0,0,22800,13200,0,0,0,95400,33240,25560,0,0,0,0,0,111120,0,0,0,0,0,0,0,507960,371520,44040,0,159960,0,0,0,0,0,0,0,0,0,0,0,0,0,0,0,74760,0,0,0,17640,0,0,0,39480,0,0,0,20040,0,0,0,14880,0
SIBDR,0,85920,30240,0,0,14880,50400,0,0,0,0,0,0,0,0,25080,0,0,0,24720,0,0,0,0,67920,0,6960,0,0,0,0,133320,73320,55560,77880,0,0,0,0,0,26880,0,13680,30240,36840,0,0,0,241440,0,0,0,71040,97560,31680,0,0,82080,208080,72600,0,26760,10920,0,57360,70920,184560,0,0,118080,68640,0,0,0,177000,0,115560,1920,131160,69240,19800,88800,47400,480,0,39000,4680,0,720,0,0,36960,110880,0,16680,57000,0,193320,0,0,0,0,0,276960,312240,0,0,720,0,0,0,840,0,30720,253440,143520,67200,46560,654240,22200,178680,23160,0,0,0,0,0,0,0,0,12600,633840,8040,1169520,44400,0,397920,602280,143280,911400,45120,836880,18480,409800,67680,125760,0,0,0,3000,0,0,35280,0,13800,0,0,165960,0,122160,17520,0,12120,0,0,0,0,146400,0,0,0,0,0,0,75840,537000,14400,0,183120,85200,0,0,0,0,0,0,0,0,0,0,0,0,0,0,0,12720,0,0,0,4080,0,0,0,12240,0,0,0,13920,0,0,0,74280
SIBVL,68760,0,0,0,0,0,0,2400,0,0,0,0,0,0,0,117720,0,0,0,0,0,0,0,0,0,0,0,0,0,0,0,0,19920,55200,1662000,0,0,79320,0,98880,0,0,0,2160,480,126840,0,5880,32640,0,0,106680,88080,480,0,0,0,268320,139320,0,0,0,0,64440,51720,252240,88920,0,0,104880,7800,0,0,0,0,0,0,0,0,231600,129600,409440,38760,6000,20880,8640,33000,0,54480,226200,840,70440,162360,0,99600,0,135600,91680,0,0,221160,0,163920,405960,14400,0,33360,14280,0,0,57000,50880,8400,28440,70680,840,154680,390000,145200,431400,49920,334920,0,0,0,0,0,0,0,0,310200,56280,560520,340800,479880,397920,0,1190280,475920,585360,46800,413520,0,0,5040,11040,56160,0,33720,7560,3120,88680,0,0,0,0,0,9600,4800,73800,0,0,0,0,105000,22560,43440,138240,0,0,0,0,0,5160,400080,853920,113040,0,238800,114840,0,0,0,0,0,0,0,0,0,0,0,0,63840,0,0,0,0,0,0,0,0,0,0,0,207240,0,0,0,48480,0,0,0
SIBVR,0,41400,0,0,0,0,367320,0,0,0,0,0,0,0,0,0,18240,0,0,0,0,0,0,0,0,0,0,0,0,0,0,0,0,0,1198320,23040,49320,0,22320,42480,0,0,19080,35040,0,0,191760,39480,0,0,0,70320,206040,1440,24840,0,0,119400,371400,0,0,11280,5160,58440,34320,84600,286200,0,0,34080,18840,0,0,0,0,73440,4440,0,19560,82200,5760,19320,206280,34920,0,174720,0,0,78720,55800,0,0,29280,102840,33240,75480,60480,147960,0,0,0,245040,273480,219240,352200,0,46560,0,0,0,0,15360,0,26040,60000,15840,254880,238800,524280,173280,244920,0,0,0,0,0,0,0,0,0,87240,345720,196560,489960,119400,602280,1190280,0,902520,585000,112800,175920,23280,0,2040,6600,0,10920,4080,21480,0,2640,55200,0,0,0,0,16440,0,0,27840,0,89880,0,0,160800,79080,0,0,0,0,0,0,0,352560,317760,701280,0,114000,201120,0,0,0,0,0,0,0,0,0,0,0,0,0,44880,0,0,0,20880,0,0,0,21240,0,0,0,21360,0,0,0,62040,0,0
SMBDL,337440,0,0,0,0,0,0,376080,0,0,0,6720,0,0,0,69480,0,0,0,0,0,0,0,0,0,0,3960,0,6720,0,0,0,0,0,151080,0,31920,0,18840,0,0,0,0,0,37320,0,294840,0,0,0,0,347520,9840,0,616560,0,0,0,330600,0,0,20880,0,23400,0,168240,103680,0,0,0,373320,0,0,99600,0,821280,16920,18360,41160,0,21840,0,22080,3840,99720,0,0,11160,111240,0,0,0,0,10920,250080,6000,16800,0,0,8640,296040,68880,184080,195840,0,0,37320,0,0,0,0,0,7080,0,73800,181440,624240,55920,0,18960,36840,8880,159120,0,0,0,0,0,0,0,1016040,0,275160,46440,672240,143280,475920,902520,0,123720,1308120,193080,207240,0,28680,0,0,99840,0,0,28680,47280,0,0,7080,0,0,0,11880,4080,0,189360,214560,0,0,239040,0,0,0,0,0,0,0,0,215640,162600,0,0,233520,0,0,75600,0,0,0,17760,0,0,0,181080,0,0,0,73920,0,0,0,115440,0,0,0,0,0,0,0,14040,0,0,0,112200,0,0
SMBDR,0,525600,0,0,0,0,313560,0,0,0,0,0,0,0,0,0,109920,0,0,0,0,0,0,0,0,0,0,4080,0,0,0,0,0,0,242640,0,95280,40920,0,0,0,0,11160,0,0,410520,0,0,0,0,0,26760,531000,831120,82800,0,0,384120,36840,6000,0,0,30960,0,30840,0,203760,0,0,507120,0,0,0,0,63600,150240,645960,39840,19320,0,0,49440,0,54120,2880,0,0,0,90120,58920,0,0,6120,87960,0,3000,0,1440,0,0,38520,293520,216480,0,178320,0,0,0,91920,0,0,0,0,6840,140040,177360,45120,725280,45600,0,0,10200,92520,0,0,0,0,0,0,0,0,1103040,12960,535800,156720,911400,585360,585000,123720,0,77880,1129920,0,411480,0,33720,117840,0,0,2280,0,0,7320,0,0,0,0,19080,0,0,0,308400,364080,0,42120,12480,0,0,0,0,0,0,0,0,160080,233160,0,35160,0,135720,223680,0,0,0,23400,0,0,0,103200,0,0,0,129960,0,0,0,26280,0,0,0,0,0,0,0,113520,6480,0,0,180360,0,0,0
SMBVL,502080,0,356400,0,0,0,0,0,0,0,0,6840,0,0,0,378960,0,0,0,0,0,0,0,0,0,0,136680,0,127800,0,0,0,0,0,0,0,0,0,0,146040,0,0,0,72120,0,0,0,367560,0,0,0,952200,57840,0,321360,0,0,23280,0,68760,0,0,0,0,0,156480,0,145080,0,0,0,0,0,140160,0,880440,9960,0,0,7320,162840,0,84360,31080,95760,0,0,12120,8520,0,42720,0,42240,0,199800,0,0,0,158520,0,190560,0,0,152160,0,0,0,13080,0,0,20640,0,110640,0,0,6960,0,96240,0,165840,144960,485880,0,0,0,41400,0,0,0,0,3720,0,895440,0,712800,45120,46800,112800,1308120,77880,0,102120,126840,18840,0,350040,0,0,0,0,0,0,123000,0,0,0,0,0,118440,0,142560,64920,33720,0,0,0,443400,0,0,0,0,0,0,0,294840,0,56640,0,135840,0,0,0,210120,0,0,0,71160,0,0,0,51120,0,0,0,147960,0,0,0,118320,0,0,0,65520,0,0,0,56160,0,0,0,69120,0
SMBVR,0,540960,0,543000,0,0,0,0,0,0,0,0,5400,0,0,0,659520,0,0,0,9000,0,0,0,0,0,0,90840,0,169080,0,0,0,0,24840,0,8880,0,0,0,135480,0,8280,0,78360,0,0,0,396240,0,0,75120,1112520,267000,0,0,0,0,209760,0,0,0,0,0,12960,0,108960,0,117720,0,0,0,0,0,118800,66360,1145760,0,5040,124080,2040,86640,0,0,0,0,0,0,14400,39000,0,18360,17520,113760,34920,111960,0,0,0,144960,117480,325560,40680,0,162480,0,6360,0,0,0,0,0,0,126480,166440,0,144360,67920,55680,11160,423720,0,0,0,0,145800,0,0,0,0,0,33840,0,1037040,0,836880,413520,175920,193080,1129920,102120,0,41160,46560,237840,0,0,0,0,0,0,0,0,124560,0,0,0,148560,0,72240,0,90480,128880,0,0,0,0,331800,0,0,0,0,0,140160,12240,498120,0,281880,0,111360,0,0,0,151680,0,0,0,42720,0,0,0,100560,0,0,0,102960,0,0,0,53520,0,0,0,59760,0,0,0,87000,0,0,0,113760
SMDDL,0,0,0,0,0,0,0,0,0,0,0,0,0,0,0,0,3360,0,0,0,11160,0,0,0,0,0,0,12120,0,0,0,0,0,0,0,0,0,4680,0,0,0,6360,0,54000,302520,0,2400,0,0,0,0,534840,3840,220080,1703280,0,0,0,81600,0,14040,0,690240,46680,0,77880,0,0,0,1200,814200,0,0,0,0,0,0,61200,724800,0,32040,0,0,358800,0,0,0,27360,0,28680,0,0,0,4680,1649280,1351920,85320,596520,0,0,7920,0,12720,455640,895200,0,0,0,0,0,0,1800,6120,0,0,1275240,341520,5880,114840,180240,25440,52680,434520,0,0,47160,0,0,0,0,635880,720,3960,4080,314280,18480,0,23280,207240,0,126840,41160,0,253680,165360,2269680,0,0,0,0,0,0,0,50760,1680,0,0,0,0,34680,0,184200,288000,54720,5760,430200,21840,0,0,0,0,0,0,0,300240,295920,33000,644160,440280,120840,0,8160,123120,6720,0,0,0,0,62760,4800,38760,2640,0,6480,0,0,12840,94440,0,0,0,0,0,0,0,0,16440,0,0,0,0,0
SMDDR,0,0,0,0,0,0,0,0,0,0,0,0,0,0,0,25680,0,0,0,23040,0,0,0,0,0,0,0,0,0,0,0,0,0,0,0,0,0,0,0,0,0,0,0,347520,147840,23280,0,0,0,0,0,0,864840,1886640,174600,0,0,157920,0,840,0,526920,0,0,41160,13440,161160,0,0,659640,47880,0,0,0,0,0,2880,1034760,112200,56040,0,0,0,35640,171720,0,0,1920,0,0,0,0,0,240,1249560,1298640,394080,156600,0,0,0,0,600,1725960,633480,0,0,0,0,0,0,0,0,0,1268160,2040,240,201240,312600,110760,379200,12120,633720,0,0,24360,0,0,0,0,3840,624000,2040,23160,22680,409800,0,0,0,411480,18840,46560,253680,0,2610480,339720,0,0,0,0,170760,0,23520,0,0,0,0,1440,1680,0,10320,126600,296520,0,160920,59520,0,2040,0,0,0,0,0,0,228840,778320,12600,1318440,79320,486960,0,3000,7800,81480,0,0,0,0,36480,0,0,12000,0,0,0,0,137400,0,0,0,0,0,0,0,0,0,0,0,0,0,0,0
SMDVL,0,0,0,0,1440,0,0,0,0,0,0,0,0,0,0,0,0,0,0,0,0,0,0,47400,0,0,0,0,0,0,0,600,45840,47160,336000,110280,0,0,0,59520,0,0,0,191280,174720,0,0,0,0,0,0,0,986520,814200,168840,0,0,80640,0,0,0,0,0,0,297360,0,188280,0,0,0,195480,0,22560,0,0,0,0,422640,195360,0,45960,20400,0,233520,6960,0,0,0,0,0,0,0,12720,0,832800,1607040,136920,524880,0,0,8280,0,193920,612000,408240,0,0,0,52320,0,88080,0,0,0,760800,85440,8040,291360,197400,145920,116280,29760,205560,0,0,349680,0,0,0,0,393480,517800,0,283680,72960,67680,5040,2040,28680,0,0,237840,165360,2610480,0,1093200,0,0,0,0,61800,234720,0,0,0,0,0,39240,0,1680,0,62520,65160,101160,38760,0,0,602280,0,0,0,0,0,0,148440,203880,2160,1277520,0,410280,0,27960,0,20160,0,0,0,0,6960,0,0,290520,0,0,0,81480,1560,0,0,32520,0,0,0,7320,0,0,0,0,0,0,0,0
SMDVR,0,0,0,0,0,0,0,0,0,0,0,0,0,0,0,0,0,0,0,0,0,0,0,0,46200,0,0,0,0,0,0,0,21000,64920,461400,0,0,0,0,0,69960,0,0,137760,122880,0,0,0,0,0,0,715200,228720,165720,406080,0,0,0,72120,0,0,0,18840,349920,0,273600,0,0,0,173520,0,0,75600,0,0,0,0,146040,357240,57000,0,0,69360,35520,189240,0,0,0,0,1560,0,0,0,4320,1127880,456840,385080,186840,0,0,0,2160,15480,473400,545640,0,0,0,9000,89400,0,29640,0,0,60240,842880,273360,0,177120,144360,40440,145560,140640,0,0,367800,0,0,0,0,494520,345240,363720,0,24240,125760,11040,6600,0,33720,350040,0,2269680,339720,1093200,0,0,0,0,0,136560,0,0,0,0,0,0,0,50760,0,480,173280,86760,133560,0,0,635640,8040,0,0,0,0,0,0,215520,210000,0,865200,435480,0,0,40800,87240,0,0,0,0,0,2040,29280,202440,56160,0,0,37200,0,0,0,0,0,0,0,9600,0,0,0,0,0,0,0,0,0
URADL,0,0,0,0,0,0,0,0,0,0,0,0,0,0,0,0,0,0,0,0,0,0,0,0,0,0,0,0,0,0,0,0,0,0,0,0,0,1229280,0,203040,0,0,0,33000,0,385200,0,0,0,0,0,0,0,0,0,0,0,0,0,9480,0,874920,0,0,0,25920,0,0,0,0,0,0,0,0,0,0,0,0,0,48480,0,33480,0,0,0,49080,0,0,0,0,0,0,139200,0,0,0,0,0,0,0,0,0,23520,0,0,992280,0,0,557520,0,34080,0,0,0,8640,0,12600,107040,0,0,3480,0,197280,114960,424800,209280,0,0,0,0,0,0,0,0,0,0,56160,0,0,117840,0,0,0,0,0,0,0,0,0,0,0,0,0,0,0,0,0,720,0,26640,17040,0,0,0,530400,0,0,0,0,0,0,0,0,0,45600,75480,0,0,0,0,532200,0,0,0,651360,0,4800,0,240,0,0,0,0,0,0,0,0,0,0,0,0,0,0,0,0,0,0,0,0,0,0,0
URADR,0,0,0,0,0,0,0,0,0,0,0,0,0,0,0,0,0,0,0,0,0,0,0,0,0,0,0,0,0,0,0,0,0,0,0,0,0,0,1027080,0,306720,0,0,0,0,0,198840,0,0,0,0,0,0,4800,0,0,0,0,0,0,60360,0,768240,0,0,0,46800,0,0,0,0,0,0,0,0,0,0,0,21120,0,50160,0,27960,0,0,0,26520,0,0,0,0,0,148440,0,0,0,0,0,0,24000,0,0,12120,0,0,0,909240,0,0,803520,0,122760,0,0,0,360,159600,34440,0,0,0,14520,173280,419880,114840,107760,0,0,0,0,0,0,0,0,0,0,0,10920,99840,0,0,0,0,0,0,0,0,0,0,0,0,0,0,0,0,0,0,0,0,360,10440,0,0,0,0,666240,0,0,0,0,0,0,0,0,19560,78120,0,0,0,0,0,579240,0,0,0,756720,0,0,0,0,0,0,0,0,0,0,0,0,0,0,0,0,0,0,0,0,0,0,0,0,0,0
URAVL,0,0,0,0,0,0,0,0,0,0,0,0,0,0,0,0,0,0,0,0,0,0,0,0,0,0,0,0,0,0,0,0,0,45480,25320,0,0,0,0,461640,0,964920,0,16320,0,0,0,283680,0,0,0,0,0,0,0,0,0,0,0,81000,0,0,0,342840,0,24840,0,0,0,0,92520,0,0,0,0,0,0,0,0,0,0,0,0,0,0,0,0,14520,0,0,0,0,230160,40080,10920,0,133200,0,0,0,75240,0,127200,1560,1200,811440,0,0,0,0,116520,0,323400,0,0,2040,9960,0,0,0,0,154200,257280,194760,744840,284760,0,0,0,0,15840,0,7200,0,2160,0,33720,4080,0,0,0,0,0,0,0,0,0,0,0,0,0,0,0,0,0,0,0,0,0,0,0,0,0,0,0,0,175320,0,0,0,0,0,0,0,0,0,0,0,0,0,0,0,595920,0,0,0,1013400,0,0,0,0,0,0,0,0,0,0,0,0,0,0,0,0,0,0,0,0,0,0,0,0,0
URAVR,0,0,0,0,0,0,0,0,0,0,0,0,0,0,0,0,0,0,0,0,0,0,0,0,0,0,0,0,0,0,0,0,55680,0,24120,0,0,0,0,0,383280,0,669240,0,35280,0,0,0,210720,0,0,0,13680,0,0,0,0,0,0,0,114240,0,0,0,252480,0,38280,0,0,86640,0,0,0,0,0,0,0,0,0,0,0,0,0,0,0,0,0,18480,0,0,0,0,70680,14160,0,30360,0,86160,0,0,0,56280,19080,0,7920,0,843120,0,0,0,0,280680,0,231720,8640,0,0,97320,0,0,72720,0,400320,750120,130560,383400,0,0,0,0,0,25560,0,12720,0,3000,7560,21480,0,2280,0,0,0,0,0,0,0,0,0,0,0,0,0,0,0,0,0,0,0,0,0,0,0,41760,0,0,0,223680,0,0,0,0,0,0,40800,6240,0,0,0,0,0,0,0,1030680,0,0,0,501480,0,0,0,0,0,0,0,0,0,0,0,0,0,0,0,0,0,0,0,0,0,0,0,0
ADEL,0,0,0,0,0,0,0,0,0,0,0,0,0,0,0,0,0,0,0,0,0,0,0,0,0,0,0,0,0,0,0,0,0,0,22440,555480,196080,0,0,0,0,0,0,0,0,0,0,0,0,0,0,134400,411480,72480,149640,0,0,0,0,0,0,0,0,0,0,294720,0,0,0,0,0,0,0,0,0,0,0,239760,438840,0,0,0,57480,0,0,51360,0,62640,62880,0,0,0,0,6720,0,0,0,0,0,0,105720,34080,205680,0,0,0,0,0,0,0,0,0,0,0,0,7320,0,0,0,0,0,0,0,0,0,0,0,0,0,0,0,0,0,0,0,0,3120,0,28680,0,0,0,0,170760,61800,136560,0,0,0,0,0,1239720,0,0,0,0,0,0,0,0,0,0,169680,67200,0,0,0,0,0,0,0,0,0,0,0,0,0,840,0,0,0,0,0,0,0,0,0,0,0,0,0,0,0,0,0,0,0,0,0,0,0,0,0,0,0,0,0,0,0,0,0,0
ADER,0,0,0,0,0,0,0,0,0,0,0,0,0,0,0,0,0,0,0,0,0,0,0,0,0,0,0,0,0,0,0,0,0,0,0,184440,64080,0,0,0,0,0,0,0,0,0,0,0,0,0,0,404760,1440,163560,0,0,0,0,0,0,0,0,0,0,0,0,299640,0,0,0,0,0,0,0,0,0,0,325560,140280,0,0,0,0,0,0,0,0,125160,83400,0,0,840,46560,15960,0,0,0,0,0,0,231480,111840,212880,0,0,0,0,0,0,0,0,0,0,0,0,0,0,0,0,0,0,0,0,0,0,0,0,0,0,0,0,0,0,0,0,0,88680,2640,47280,0,0,0,0,0,234720,0,0,0,0,0,1239720,0,0,0,0,0,0,0,0,0,0,16800,335040,21840,0,0,0,0,0,0,0,0,0,0,0,0,0,0,0,0,0,0,0,0,0,0,0,0,0,0,0,0,0,0,0,0,0,0,0,0,0,0,0,0,0,0,0,0,0,0,0,0
AIML,720,0,29280,0,0,0,125880,0,0,0,0,143640,0,559320,0,223200,0,0,0,633360,0,31680,0,0,0,0,205320,0,84120,0,0,0,0,0,0,0,0,0,0,53880,0,0,0,14520,0,26280,0,0,0,0,0,0,0,0,9600,0,0,0,0,96960,0,14520,0,0,0,0,0,1022280,0,50040,0,0,0,43680,0,35160,0,0,0,0,0,27000,0,114720,0,1800,0,0,0,0,0,0,0,0,0,0,0,0,93840,17160,0,0,0,0,0,0,0,0,25680,0,0,0,0,0,0,0,0,0,0,0,0,0,0,0,0,8760,0,0,0,0,0,27000,0,0,0,35280,0,55200,0,7320,123000,0,0,23520,0,0,0,0,0,0,0,0,0,48840,0,0,0,76320,0,35760,0,0,0,0,18240,0,55680,0,0,0,0,0,1042920,0,90360,0,206520,0,152640,0,0,0,0,0,0,0,0,0,0,0,0,0,0,0,0,0,0,0,0,0,0,0,0,0,0,0,0,0,0,0,0,0
AIMR,0,0,0,0,0,0,0,100560,0,0,0,0,25560,0,675840,85200,239160,0,0,5640,746400,0,268800,0,0,0,0,151680,0,20040,20640,0,0,0,0,0,0,0,10320,0,44520,0,0,0,0,0,24240,0,0,0,0,0,0,600,0,0,0,0,0,0,131400,0,12000,0,0,0,0,0,1183320,0,82920,0,0,0,0,0,25800,0,0,0,2880,0,18480,0,101040,0,0,0,0,0,0,0,3000,0,0,0,0,0,0,127560,0,0,0,0,0,0,0,0,0,16560,0,0,0,0,0,0,0,0,0,0,0,0,0,0,0,0,0,0,0,0,25800,0,0,0,22800,0,0,0,0,0,0,124560,50760,0,0,0,0,0,0,0,0,0,48840,0,0,0,0,0,13320,0,15840,0,0,0,0,24000,0,67800,0,0,0,0,50640,711360,0,143280,0,68400,0,367440,0,0,0,0,0,0,0,0,0,0,0,0,0,0,0,0,0,0,0,0,0,0,0,0,0,0,0,0,0,0,0,0
ALA,0,0,316080,462000,0,0,6600,1800,0,0,0,10200,0,0,0,0,0,0,0,43680,153480,339120,279240,0,0,0,0,0,0,0,0,0,0,0,0,0,0,13080,13920,24480,28560,0,0,9240,19560,42480,11760,0,0,0,0,840,0,0,0,0,0,1080,45480,50520,27240,17040,10920,0,0,0,0,0,19920,0,0,0,0,0,0,0,0,0,0,0,0,15360,29160,82560,82440,0,0,0,0,0,0,0,0,0,0,0,0,0,0,0,0,0,0,0,0,0,0,0,16200,16080,0,30480,0,0,0,0,0,0,0,0,0,0,0,0,0,0,0,0,0,0,22920,16080,0,0,13200,13800,0,0,7080,0,0,0,1680,0,0,0,0,0,0,0,0,0,0,0,0,0,0,19200,65760,27360,46800,0,0,0,0,0,0,0,0,0,0,0,257160,173880,0,0,0,0,0,0,0,0,0,0,0,0,0,0,0,0,0,0,0,0,0,0,0,0,0,0,0,0,0,0,0,0,0,0,0,0,0,0
AVFL,0,0,0,0,0,0,0,0,0,0,0,0,0,0,0,0,0,0,0,0,0,0,0,0,0,0,0,0,0,0,0,0,0,0,0,0,0,0,0,0,0,0,0,0,0,0,0,0,0,0,0,0,0,0,0,0,0,0,0,0,0,0,0,0,0,0,0,0,0,0,0,0,0,0,0,0,0,0,0,0,0,0,0,0,0,0,0,0,0,0,0,0,0,0,0,0,0,0,0,0,0,0,0,0,0,0,0,0,0,0,0,0,0,0,0,0,0,0,0,0,0,0,0,0,0,0,0,0,0,0,0,0,0,0,0,0,0,0,0,0,0,0,0,0,0,0,0,0,0,0,0,0,0,0,0,0,0,0,0,0,0,0,0,0,0,0,0,0,0,0,0,0,0,0,0,0,0,0,0,0,0,0,0,0,0,0,0,0,0,0,0,0,0,0,0,0,0,0,0,0,0,0,0,0,0,0,0,0,0,0,0,0
AVFR,0,0,0,0,0,0,0,0,0,0,0,0,0,0,0,0,0,0,0,0,0,0,0,0,0,0,0,0,0,0,0,0,0,0,0,0,0,0,0,0,0,0,0,0,0,0,0,0,0,0,0,0,0,0,0,0,0,0,0,0,0,0,0,0,0,0,0,0,0,0,0,0,0,0,0,0,0,0,0,0,0,0,0,0,0,0,0,0,0,0,0,0,0,0,0,0,0,0,0,0,0,0,0,0,0,0,0,0,0,0,0,0,0,0,0,0,0,0,0,0,0,0,0,0,0,0,0,0,0,0,0,0,0,0,0,0,0,0,0,0,0,0,0,0,0,0,0,0,0,0,0,0,0,0,0,0,0,0,0,0,0,0,0,0,0,0,0,0,0,0,0,0,0,0,0,0,0,0,0,0,0,0,0,0,0,0,0,0,0,0,0,0,0,0,0,0,0,0,0,0,0,0,0,0,0,0,0,0,0,0,0,0
AVHL,0,424320,1200,146280,0,84840,127920,0,0,0,0,0,11880,0,0,132000,672720,0,0,6840,0,0,0,0,3600,0,36000,118680,11880,434520,0,0,0,0,609000,0,0,0,0,0,0,0,0,0,0,20280,0,0,70200,0,0,0,0,0,0,0,0,0,0,47880,85200,21480,0,0,50520,0,198120,0,0,0,0,0,0,0,12960,0,272640,34200,306960,461040,335040,361200,19560,840,0,21360,105120,0,124320,393360,2880,936360,16080,0,0,0,0,0,0,203520,0,0,0,0,0,0,0,592440,13200,0,0,0,0,0,90720,0,0,0,0,0,0,0,0,0,0,0,0,0,0,0,0,93240,0,21360,0,165960,9600,16440,0,19080,0,148560,0,1440,39240,0,720,0,0,0,0,0,76320,0,19200,0,0,0,54840,396120,56040,0,0,115800,25080,0,0,0,0,0,0,0,23640,0,0,480,0,0,0,0,0,0,0,0,0,0,0,0,0,0,0,0,0,0,0,0,0,0,0,0,0,0,0,0,0,0,0,0,0,0,0,0
AVHR,354480,18840,71160,24840,18840,0,21240,118320,0,0,0,0,0,0,0,566280,70800,0,0,0,3000,0,0,24480,0,0,24360,22080,523800,20640,0,0,0,1560,420480,0,0,0,0,0,0,0,0,0,0,0,38760,38040,0,0,0,30840,0,0,0,0,0,0,0,119880,34200,0,12720,50160,0,206520,0,0,0,3120,0,0,0,19680,0,313080,46080,182880,197760,263640,316320,0,274320,0,3360,116160,104040,0,375840,0,953640,42120,9240,0,0,0,0,0,12720,60720,0,0,0,42360,0,0,0,513720,0,21000,0,0,0,0,0,49080,0,0,0,0,0,0,0,0,0,0,0,0,0,0,6480,0,103440,0,95400,0,4800,0,11880,0,118440,0,0,1680,0,50760,0,0,0,0,0,0,0,13320,65760,0,0,54840,0,720,456480,5760,0,0,0,5760,0,0,0,0,0,0,0,0,0,0,0,0,0,0,0,0,0,0,0,0,0,0,0,0,0,0,0,0,0,0,0,0,0,0,0,0,0,0,0,0,0,0,0,0,0,0
AVJL,0,0,140160,155400,0,0,110400,73320,0,0,0,480,0,0,0,73320,173040,27240,0,23640,0,0,0,0,0,0,0,0,0,0,0,0,0,0,11760,0,65400,0,0,0,0,0,0,28800,0,23400,0,0,9360,0,0,0,840,0,11160,0,0,1440,20400,27720,4440,9720,34800,0,14760,0,211320,0,0,0,0,191880,0,0,371760,0,0,0,201120,480240,853200,583800,131280,0,39480,286560,289680,0,368040,1072440,10200,21000,167400,0,0,0,0,0,0,950760,0,0,0,0,60720,0,0,0,7800,0,0,0,0,0,0,0,0,0,0,0,0,0,0,0,0,0,0,0,0,0,0,120,0,41280,33240,122160,73800,0,4080,0,0,72240,34680,0,1680,0,26640,360,0,0,0,0,35760,0,27360,0,0,396120,720,0,188400,0,0,0,18360,0,0,0,0,0,0,0,3360,0,133440,12000,0,281040,0,23880,0,0,0,0,0,0,0,0,0,0,0,0,0,0,0,0,0,0,0,0,0,0,0,0,0,0,0,0,0,0,0,0
AVJR,0,0,48120,97200,0,0,339600,102960,0,0,0,0,0,0,0,118560,63480,0,0,0,7560,1800,0,0,0,0,0,0,0,0,0,0,0,0,0,0,5280,0,0,0,0,0,0,0,15360,17760,31080,14160,0,0,0,0,0,0,0,0,0,45000,0,0,12960,13560,25680,20400,0,155760,0,23160,0,0,0,0,137160,242040,6840,0,0,32760,84480,583080,365160,11280,614520,35760,2280,225240,89880,0,1183680,0,78960,47160,178440,0,0,0,0,0,734760,75360,0,0,0,31200,0,0,0,0,0,19800,0,0,0,0,0,65880,0,0,0,0,0,0,0,0,0,0,0,0,0,0,3360,8280,3960,0,25560,17520,0,27840,0,0,142560,0,0,10320,0,480,17040,10440,0,0,0,0,0,15840,46800,0,0,56040,456480,188400,0,0,0,0,0,13080,0,0,0,0,0,0,0,0,5040,0,177600,193920,10200,0,0,0,0,0,0,0,0,0,0,0,0,0,0,0,0,0,0,0,0,0,0,0,0,0,0,0,0,0,0,0,0,0
AVKL,0,0,0,0,0,0,0,0,0,0,0,0,0,0,0,0,0,0,0,0,0,0,0,0,0,0,0,0,0,0,0,0,2640,0,37560,0,0,0,0,0,0,0,0,5880,0,0,0,0,33720,0,0,30120,46200,48480,24600,0,0,0,0,16440,0,12000,7080,0,11880,0,0,0,0,301560,475440,0,0,0,0,253560,3480,110400,210600,41400,2880,0,0,569520,581280,0,0,2188440,0,0,173160,0,0,1656240,5280,0,19680,11640,0,0,376200,147840,19680,930240,867720,0,0,0,0,0,0,0,0,0,23880,142440,0,0,66720,487920,0,0,314640,0,0,118680,0,0,0,0,337080,362880,156840,159000,0,0,0,0,189360,308400,64920,90480,184200,126600,62520,173280,0,0,0,0,0,16800,0,0,0,0,0,0,5760,0,0,0,1797480,1936200,0,11280,0,22080,0,0,0,0,0,0,105120,32760,0,919560,419160,316440,0,0,0,0,0,0,0,0,0,0,0,0,0,0,0,0,0,0,0,0,0,0,0,0,0,0,0,0,0,0,0,0
AVKR,0,0,0,0,0,0,0,0,0,0,0,0,0,0,0,0,0,0,0,0,0,0,0,0,0,0,0,0,0,0,0,0,0,0,0,209400,0,0,0,0,0,0,26760,0,0,0,600,6360,0,0,0,6480,313800,0,22200,0,0,0,0,0,0,5880,0,8280,0,0,0,0,0,366240,501480,0,0,0,0,720,81360,137160,261840,0,0,0,0,421440,251400,0,0,2265360,0,0,960,14280,0,2473080,0,0,600,0,0,0,486000,799560,25800,968520,876960,0,0,0,600,0,0,0,0,0,186720,70800,0,0,611880,174720,0,0,71760,0,0,0,0,0,0,0,241560,262200,65040,29880,0,12120,0,89880,214560,364080,33720,128880,288000,296520,65160,86760,0,0,0,0,169680,335040,0,0,0,0,0,0,0,0,0,1797480,0,870960,50760,0,0,0,0,0,0,0,0,0,49920,71160,74760,607440,237480,365760,0,0,0,0,0,0,0,0,0,0,0,0,0,0,0,0,0,0,0,0,0,0,0,0,0,0,0,0,0,0,0,0
AVL,0,0,0,0,0,0,0,0,0,0,0,0,0,0,0,0,0,0,0,0,0,0,0,0,0,0,0,0,0,0,0,0,15120,18480,0,86160,2040,0,0,0,0,2640,40080,59880,33120,18240,42120,46200,79920,0,0,0,0,0,0,0,0,3360,1920,37560,0,49680,37680,76800,133200,0,0,0,0,502080,410040,0,0,0,0,0,0,405360,4320,221640,0,9360,0,199920,0,0,0,890040,0,0,0,149280,0,1356120,0,960,79680,247800,0,0,0,118920,244440,960,317520,0,0,176880,0,29160,0,0,8520,45720,243120,313680,0,0,50640,0,0,0,368400,270840,204480,570120,0,0,0,0,0,0,0,0,0,0,0,0,0,0,0,0,54720,0,101160,133560,0,0,0,41760,67200,21840,0,0,0,0,0,115800,0,0,0,1936200,870960,0,0,0,0,0,0,0,0,0,0,0,0,2640,8160,2415480,0,4800,0,0,0,0,0,0,0,0,0,0,0,0,0,0,0,0,0,0,0,0,0,0,0,0,0,0,0,0,0,0,0,0
CEPDL,0,0,0,0,240,0,48240,0,0,0,0,0,0,0,0,32400,0,0,0,23160,0,0,0,4080,0,0,0,0,0,0,0,0,0,0,0,0,0,840600,0,0,0,0,0,426240,0,584760,0,0,0,0,0,0,0,0,0,0,0,543720,0,858360,0,468600,0,0,0,162240,0,0,0,0,0,11760,0,0,0,0,0,117360,17280,0,0,53760,19080,0,369120,23400,0,0,0,0,0,0,251520,0,557640,140400,154440,0,0,0,0,0,143280,0,0,64080,1080,0,735480,0,20760,0,0,0,0,0,61680,462720,441120,92160,689880,10560,13920,0,9720,97200,0,0,0,0,0,0,0,0,0,0,105000,0,0,42120,0,0,5760,160920,38760,0,530400,0,0,0,0,0,18240,0,0,0,0,25080,0,18360,0,0,50760,0,0,0,0,0,0,0,0,0,0,0,215880,236880,0,381600,0,0,141240,3960,0,0,0,0,0,0,147720,0,0,0,486000,0,0,0,21360,0,0,0,345480,0,0,0,83880,90480,0,0,323160,0,0,0
CEPDR,0,0,0,0,0,0,0,162360,0,0,0,0,0,0,0,0,0,0,16320,0,9240,0,0,0,124800,0,0,0,0,0,19200,30120,0,0,0,0,0,0,531240,0,0,0,0,0,511560,0,612480,0,0,0,0,0,0,0,0,0,0,0,690840,0,650040,0,511320,0,0,0,115800,0,6960,0,0,10200,7080,0,0,0,0,0,7440,0,0,0,31200,323280,0,0,8760,0,0,0,0,0,387360,0,29040,852840,0,214440,0,26760,0,0,496560,0,0,0,71400,0,0,916080,0,20760,0,0,0,0,403800,60480,79200,231240,47280,641640,0,0,0,0,0,0,0,0,0,0,0,0,0,0,22560,160800,239040,12480,0,0,430200,59520,0,0,0,666240,0,0,0,0,0,24000,0,0,0,0,5760,0,13080,11280,0,0,0,0,0,0,0,0,0,0,0,0,157680,218520,0,324600,0,9480,0,0,0,0,0,0,0,0,20520,34800,0,0,0,601080,0,0,32640,131640,0,0,0,295080,0,0,0,184800,0,0,0,459720,0,0
CEPVL,0,0,0,0,33600,0,226920,0,0,0,0,0,0,41400,0,0,0,60840,0,47520,0,0,0,137160,0,0,0,0,0,0,59520,51120,0,234240,0,0,0,0,0,0,0,440400,0,231720,0,0,0,191400,0,0,0,0,0,0,0,0,0,427920,0,6000,0,0,0,682680,0,15000,0,0,0,360,0,0,71760,0,0,0,0,0,0,0,0,0,19080,0,60840,64560,0,0,0,0,0,0,836760,0,484800,74040,78480,0,59880,0,0,0,1201080,0,0,73080,0,0,0,0,0,0,566280,0,0,26880,797400,0,550920,151920,0,162480,0,0,0,7080,0,0,0,0,0,0,0,0,111120,0,43440,79080,0,0,443400,0,21840,0,0,635640,0,0,175320,0,0,0,55680,0,0,0,0,0,0,0,0,0,0,0,0,0,0,0,0,0,0,0,66000,0,205440,470280,0,331200,65520,0,0,0,90120,0,16680,0,0,0,0,0,391920,4920,0,0,214560,0,0,0,192840,0,0,0,0,0,0,0,49200,0,0,0,316800,0
CEPVR,0,0,0,0,0,0,0,284280,0,0,0,0,2040,0,67680,0,240,0,60360,0,29760,0,0,0,63720,0,0,0,0,0,42240,62760,165840,0,0,0,0,0,0,0,0,0,226680,0,262800,0,0,0,242400,0,0,0,0,0,0,0,0,0,433800,0,0,0,0,0,1263120,0,2640,0,0,0,0,28200,0,0,0,0,0,0,0,0,14640,42120,0,104280,0,0,0,0,0,0,0,0,589560,0,155280,501840,0,80520,0,9720,0,0,365280,0,0,0,132360,0,0,0,0,0,0,475920,0,0,0,877080,342480,529200,104760,0,9000,0,0,33360,0,0,0,0,0,0,0,2520,0,146400,138240,0,0,0,0,331800,0,2040,602280,8040,0,0,0,223680,0,0,0,67800,0,0,0,0,0,0,0,22080,0,0,0,0,0,0,0,0,0,0,0,37440,211920,407880,0,494520,0,51120,0,0,39120,320520,0,0,0,0,0,0,840,140880,0,7440,0,136680,0,0,0,260640,0,0,0,65400,0,0,0,155160,0,0,0,197280
HSNL,0,0,0,0,0,0,0,0,0,0,0,0,0,0,0,0,0,0,0,0,0,0,0,0,0,0,0,0,0,0,0,0,0,0,0,0,0,0,0,0,0,0,0,0,0,0,0,0,0,0,0,0,0,0,0,0,0,0,0,0,0,0,0,0,0,0,0,0,0,0,0,0,0,0,0,0,0,0,0,0,0,0,0,0,0,0,0,0,0,0,0,0,0,0,0,0,0,0,0,0,0,0,0,0,0,0,0,0,0,0,0,0,0,0,0,0,0,0,0,0,0,0,0,0,0,0,0,0,0,0,0,0,0,0,0,0,0,0,0,0,0,0,0,0,0,0,0,0,0,0,0,0,0,0,0,0,0,0,0,0,0,0,0,0,0,0,0,0,0,0,0,0,0,0,0,0,0,0,0,0,0,0,0,0,0,0,0,0,0,0,0,0,0,0,0,0,0,0,0,0,0,0,0,0,0,0,0,0,0,0,0,0
HSNR,0,0,0,0,0,0,0,0,0,0,0,0,0,0,0,0,0,0,0,0,0,0,0,0,0,0,0,0,0,0,0,0,0,0,0,0,0,0,0,0,0,0,0,0,0,0,0,0,0,0,0,0,0,0,0,0,0,0,0,0,0,0,0,0,0,0,0,0,0,0,0,0,0,0,0,0,0,0,0,0,0,0,0,0,0,0,0,0,0,0,0,0,0,0,0,0,0,0,0,0,0,0,0,0,0,0,0,0,0,0,0,0,0,0,0,0,0,0,0,0,0,0,0,0,0,0,0,0,0,0,0,0,0,0,0,0,0,0,0,0,0,0,0,0,0,0,0,0,0,0,0,0,0,0,0,0,0,0,0,0,0,0,0,0,0,0,0,0,0,0,0,0,0,0,0,0,0,0,0,0,0,0,0,0,0,0,0,0,0,0,0,0,0,0,0,0,0,0,0,0,0,0,0,0,0,0,0,0,0,0,0,0
PVWL_or_R_1,0,0,0,0,0,0,0,0,0,0,0,0,0,0,0,0,0,0,0,0,0,0,0,0,0,0,0,0,0,0,0,0,0,0,0,0,0,0,0,0,0,0,0,0,0,0,0,0,0,0,0,0,0,0,0,0,0,0,0,0,0,0,0,0,0,0,0,0,0,0,0,0,0,0,0,0,0,0,0,0,0,0,0,0,0,0,0,0,0,0,0,0,0,0,0,0,0,0,0,0,0,0,0,0,0,0,0,0,0,0,0,0,0,0,0,0,0,0,0,0,0,0,0,0,0,0,0,0,0,0,0,0,0,0,0,0,0,0,0,0,0,0,0,0,0,0,0,0,0,0,0,0,0,0,0,0,0,0,0,0,0,0,0,0,0,0,0,0,0,0,0,0,0,0,0,0,0,0,0,0,0,0,0,0,0,0,0,0,0,0,0,0,0,0,0,0,0,0,0,0,0,0,0,0,0,0,0,0,0,0,0,0
PVWL_or_R_2,0,0,0,0,0,0,0,0,0,0,0,0,0,0,0,0,0,0,0,0,0,0,0,0,0,0,0,0,0,0,0,0,0,0,0,0,0,0,0,0,0,0,0,0,0,0,0,0,0,0,0,0,0,0,0,0,0,0,0,0,0,0,0,0,0,0,0,0,0,0,0,0,0,0,0,0,0,0,0,0,0,0,0,0,0,0,0,0,0,0,0,0,0,0,0,0,0,0,0,0,0,0,0,0,0,0,0,0,0,0,0,0,0,0,0,0,0,0,0,0,0,0,0,0,0,0,0,0,0,0,0,0,0,0,0,0,0,0,0,0,0,0,0,0,0,0,0,0,0,0,0,0,0,0,0,0,0,0,0,0,0,0,0,0,0,0,0,0,0,0,0,0,0,0,0,0,0,0,0,0,0,0,0,0,0,0,0,0,0,0,0,0,0,0,0,0,0,0,0,0,0,0,0,0,0,0,0,0,0,0,0,0
PVQL,720,0,352320,0,0,0,1800,0,0,0,0,280080,0,0,0,15960,0,0,0,1237320,128520,945480,0,0,0,0,521880,27360,7200,0,0,0,0,0,0,0,0,0,0,11520,0,0,0,0,0,8760,0,0,0,0,0,0,0,0,0,0,0,0,0,7920,0,3480,0,0,0,159120,0,387720,28200,202200,0,0,0,15240,0,0,0,0,0,0,0,10320,0,4920,0,43200,0,0,0,0,0,0,0,0,0,0,0,0,586680,0,0,0,0,0,0,0,0,0,0,0,16200,0,0,0,0,0,0,0,0,0,0,0,0,0,0,0,0,0,0,0,0,0,0,0,0,0,0,0,0,0,0,0,0,0,0,0,0,0,0,0,0,0,1042920,50640,257160,0,0,23640,0,3360,0,0,0,0,0,0,66000,0,0,0,0,0,0,0,0,0,40440,0,812040,0,0,0,0,0,0,0,0,0,0,0,0,0,0,0,0,0,0,0,0,0,0,0,0,0,0,0,0,0,0,0,0,0
PVQR,0,0,0,86520,0,0,0,0,0,0,0,0,336840,0,0,0,99240,0,0,0,1157040,0,882840,0,0,0,0,247440,0,5880,0,480,0,0,0,0,74160,0,0,0,15000,0,0,0,2880,0,0,0,0,0,0,0,0,0,0,0,0,0,0,0,6960,0,3120,0,0,0,120480,0,369360,0,203040,0,0,0,0,0,0,0,0,0,0,0,3840,0,0,0,147600,0,0,0,0,0,21600,0,0,0,0,0,0,597840,0,0,0,0,0,0,0,0,0,5040,0,0,0,0,0,0,0,0,0,0,0,0,0,0,0,0,0,0,0,0,0,0,0,0,0,0,5160,0,0,0,0,140160,0,0,0,0,0,0,0,0,0,0,0,711360,173880,0,0,0,0,0,0,0,0,0,0,0,0,37440,0,0,0,0,0,0,0,36480,0,0,0,1043520,0,0,0,0,0,0,0,0,0,0,0,0,0,0,0,0,0,0,0,0,0,0,0,0,0,0,0,0,0,0,0,0
RICL,0,0,0,0,0,0,63120,0,0,0,0,0,0,720,0,75480,0,0,0,0,0,0,0,0,0,0,0,0,0,0,0,0,0,0,275280,0,0,28200,29280,56640,0,1560,13680,0,0,69720,270600,331560,42240,0,0,24120,23280,0,191880,0,0,274440,159960,97440,4320,0,0,14400,43800,431400,561960,0,0,0,154080,0,0,0,0,17880,0,485280,418800,72000,32280,251400,140040,11640,0,0,27840,9240,0,64680,62040,0,233520,0,0,3720,0,0,0,0,13080,0,2400,148200,170520,0,20280,0,5520,0,31560,0,3600,28440,142560,194760,0,160080,0,375360,102480,0,0,0,0,0,0,0,0,0,262800,101280,573720,133440,507960,75840,400080,352560,215640,160080,294840,12240,300240,228840,148440,215520,45600,19560,0,40800,0,0,90360,0,0,0,0,0,0,133440,5040,105120,49920,0,215880,157680,205440,211920,0,0,0,0,0,0,0,1714920,436200,129720,76920,25440,0,0,0,0,0,0,0,0,0,0,0,0,0,0,0,0,0,2400,0,0,0,0,0,0,7680,63480,0,0,0,0,0,0
RICR,0,0,0,0,0,0,0,4200,0,0,0,0,0,0,29400,0,103440,0,0,0,0,0,0,0,0,0,0,0,0,0,0,0,0,0,295080,0,0,36000,60480,0,46440,4920,48480,0,45000,353280,155520,181560,276120,0,0,53520,0,162240,309600,0,0,229800,511320,6960,53760,0,0,34800,0,485640,397320,0,0,52800,33000,0,0,0,0,0,44760,462600,287400,24120,0,192600,72840,0,19920,0,6000,7800,0,4080,0,72960,413760,0,0,0,0,0,0,0,0,0,0,39360,96120,23760,55080,0,0,480,0,33960,30960,4560,102840,75240,64320,240,437520,0,7200,17640,0,0,0,0,0,0,0,0,7080,130560,277080,363360,371520,537000,853920,317760,162600,233160,0,498120,295920,778320,203880,210000,75480,78120,0,6240,0,0,0,143280,0,0,0,480,0,12000,0,32760,71160,2640,236880,218520,470280,407880,0,0,0,0,0,36480,1714920,0,240720,86400,81480,263640,12960,0,0,0,0,0,0,0,0,0,0,0,0,0,0,0,0,1440,0,0,0,0,0,0,8760,10080,0,0,0,0,0,0
RID,0,0,0,0,378240,3600,149880,0,0,0,0,73320,75960,0,0,33000,0,0,0,0,0,0,0,25200,0,0,0,0,0,0,0,0,435960,64920,437640,0,0,0,0,0,0,0,0,0,0,0,0,0,0,0,0,0,0,35400,4200,0,0,77040,0,0,0,24360,0,23400,0,64680,0,0,0,0,24480,491640,423840,0,0,26880,720,190200,0,0,462480,187440,291480,26880,0,67200,0,190200,408840,0,11400,0,25440,95880,0,0,360000,183960,0,0,125040,255000,0,14520,0,0,0,29040,0,0,0,0,0,0,90960,0,0,0,0,0,0,0,13920,0,0,71400,0,0,0,0,0,0,79080,0,44040,14400,113040,701280,0,0,56640,0,33000,12600,2160,0,0,0,0,0,0,0,206520,0,0,0,0,0,0,0,177600,0,74760,8160,0,0,0,0,0,0,0,0,40440,0,436200,240720,0,0,175320,0,0,0,0,0,0,0,0,0,0,0,0,0,0,0,0,0,0,0,0,0,0,0,0,0,0,0,0,0,0,0,0,0
RIS,0,22320,0,0,0,22080,0,0,0,0,0,0,0,0,0,38760,151560,0,0,0,0,0,0,0,202080,0,0,0,0,0,0,0,0,0,0,4920,114000,0,0,0,0,0,0,0,54840,28080,41400,98280,89640,0,0,0,385080,0,0,0,0,0,0,98160,0,53160,47040,142200,197520,0,0,0,12720,114240,12960,0,10440,221880,829320,0,0,0,0,69840,242760,0,0,288600,220080,0,68520,6480,188400,1680,0,0,86760,102480,0,65400,1205760,1339200,0,0,0,68640,414000,847920,536640,0,0,0,0,35160,0,0,0,0,444840,145800,0,130080,1122600,1041120,0,0,506640,499080,496080,1314240,0,0,0,0,103200,53040,0,44400,0,0,0,0,0,35160,0,281880,644160,1318440,1277520,865200,0,0,0,0,840,0,0,68400,0,0,0,0,0,281040,193920,919560,607440,2415480,381600,324600,331200,494520,0,0,0,0,0,0,129720,86400,0,0,61560,108720,0,0,0,0,0,0,0,0,0,0,0,0,0,0,0,0,0,0,0,0,0,0,0,0,0,0,0,0,0,0,0,0
RMGL,0,0,51120,0,0,0,153720,0,0,0,0,0,0,0,0,103800,0,0,0,0,0,121920,0,0,0,0,19200,0,80040,0,0,0,0,0,162000,0,0,0,0,98400,0,0,0,0,0,0,0,0,0,0,0,327240,68160,181560,44400,0,0,0,0,105120,0,0,0,0,0,150960,0,0,0,0,376560,0,0,0,0,0,0,3360,25200,45960,0,0,9360,99360,5520,354360,0,5520,0,0,0,0,0,600,0,7080,0,0,738960,0,415320,0,0,2280,114360,0,0,0,0,0,25200,0,0,0,0,146280,0,0,807720,1998600,687000,43920,0,0,0,0,0,0,0,0,0,0,1560,0,159960,183120,238800,114000,233520,0,135840,0,440280,79320,0,435480,0,0,0,0,0,0,152640,0,0,0,0,0,0,0,10200,419160,237480,0,0,0,65520,0,0,0,0,0,812040,0,76920,81480,175320,61560,0,0,0,0,0,0,0,0,14640,0,0,0,0,0,57600,0,296400,0,0,0,0,0,114480,0,355920,0,0,0,0,0,49080,0,0,0
RMGR,0,0,0,56280,0,0,0,175560,0,0,0,0,0,0,0,0,171120,0,0,0,25080,0,208320,0,0,0,0,18000,0,117960,0,0,0,0,21720,0,0,0,0,0,89760,0,0,0,22440,0,0,0,0,0,0,125280,223440,59160,290640,0,0,0,11160,0,195600,0,0,0,0,0,55320,0,67080,343080,0,0,0,0,0,0,0,840,7440,0,104640,13440,0,3240,137880,0,326280,9120,0,18840,0,0,216120,0,0,0,0,1320,0,810840,0,310200,0,35520,0,0,0,0,0,0,0,31440,0,0,198720,0,186480,3120,2024280,585120,85320,843000,0,0,0,0,0,0,0,0,98280,0,0,12840,0,85200,114840,201120,0,135720,0,111360,120840,486960,410280,0,0,0,0,0,0,0,0,367440,0,0,0,0,0,23880,0,316440,365760,4800,0,9480,0,51120,0,0,0,0,0,1043520,25440,263640,0,108720,0,0,0,0,0,0,0,0,0,0,0,0,0,0,0,40200,0,120480,0,0,0,0,0,317040,0,220200,0,0,0,0,0,0,0,50040
BWM-DL01,0,0,0,0,0,0,0,0,0,0,0,0,0,0,0,0,0,0,0,0,0,0,0,0,0,0,0,0,0,0,0,0,0,0,0,0,0,31440,0,0,0,0,0,0,0,0,0,0,0,0,0,0,0,0,0,0,0,0,0,0,0,1200,0,0,0,0,0,0,0,0,0,0,0,0,0,0,0,0,0,0,0,0,0,0,0,0,0,0,0,0,0,0,0,0,0,0,0,0,0,0,0,0,0,0,0,40200,0,0,100440,0,7800,0,0,0,0,0,35160,410040,0,0,87360,0,18960,22440,9000,245880,0,0,0,0,0,0,0,0,0,0,0,0,0,223680,0,0,0,0,0,0,532200,0,0,0,0,0,0,0,0,0,0,0,0,0,0,0,0,0,141240,0,0,0,0,0,0,0,0,0,0,12960,0,0,0,0,0,68760,0,0,693960,0,5760,0,633960,102240,0,0,0,0,0,0,4440,0,0,0,0,0,0,0,117840,0,0,0,0,0,0,0
BWM-DR01,0,0,0,0,0,0,0,0,0,0,0,0,0,0,0,0,0,0,0,0,0,0,0,0,0,0,0,0,0,0,0,0,0,0,0,0,0,0,77160,0,0,0,0,0,0,0,0,0,0,0,0,0,0,0,0,0,0,0,0,0,0,0,13440,0,0,0,0,0,0,0,0,0,0,0,0,0,0,0,0,0,0,0,0,0,0,0,0,0,0,0,0,0,0,0,0,0,0,0,0,0,0,0,0,0,0,0,33600,0,0,148560,0,0,0,0,0,0,315720,120360,0,0,0,116520,35880,65760,24840,442800,0,0,0,0,0,0,0,0,0,0,0,0,75600,0,0,0,8160,3000,27960,40800,0,579240,0,0,0,0,0,0,0,0,0,0,0,0,0,0,0,0,3960,0,0,0,0,0,0,0,0,0,0,0,0,0,0,0,68760,0,0,0,0,293640,0,0,500520,1157520,0,0,0,0,0,0,0,113400,0,0,0,0,0,0,0,27600,0,0,0,0,0,0
BWM-VL01,0,0,0,0,0,0,0,0,0,0,0,0,0,0,0,0,0,0,0,0,0,0,0,0,0,0,0,0,0,0,0,0,0,0,0,0,0,0,0,0,0,142800,0,0,0,0,0,0,0,0,0,0,0,0,0,0,0,0,0,0,0,0,0,10440,0,0,0,0,0,0,0,0,0,0,0,0,0,0,0,0,0,0,0,0,0,0,0,0,0,0,0,0,17880,0,1800,480,0,0,0,0,0,0,42120,0,0,120600,0,0,0,0,0,0,87000,0,0,0,185400,1680,0,0,309360,301440,86400,26400,31440,87720,0,0,0,0,0,0,0,0,0,0,0,0,0,0,210120,0,123120,7800,0,87240,0,0,595920,0,0,0,0,0,0,0,0,0,0,0,0,0,0,0,0,0,90120,39120,0,0,0,0,0,0,0,0,0,0,0,0,0,0,0,998160,0,0,394800,0,0,0,2317920,92160,0,0,0,0,0,0,3120,0,0,0,0,0,0,0,0,0,0,0,0,0
BWM-VR01,0,0,0,0,0,0,0,0,0,0,0,0,0,0,0,0,0,0,0,0,0,0,0,0,0,0,0,0,0,0,0,0,0,0,0,0,0,0,0,0,0,0,114120,0,0,0,0,0,0,0,0,0,0,0,0,0,0,0,0,0,0,0,0,0,0,0,0,0,0,0,0,0,0,0,0,0,0,0,0,0,0,0,0,0,0,0,0,0,0,0,0,0,38640,0,47520,0,0,0,0,0,0,0,0,0,0,0,192000,0,0,0,0,0,0,64680,0,0,0,131160,0,0,381720,52920,97320,34320,4920,44880,0,0,0,0,0,0,0,0,0,0,0,0,0,0,0,151680,6720,81480,20160,0,0,0,0,1030680,0,0,0,0,0,0,0,0,0,0,0,0,0,0,0,0,0,320520,0,0,0,0,0,0,0,0,0,0,0,0,0,0,998160,0,0,0,0,384840,0,0,229080,2282520,0,0,0,0,0,0,0,3360,0,0,0,5520,0,0,0,65280,0,0,0,0
BWM-DL02,0,0,0,0,0,0,0,0,0,0,0,0,0,0,0,0,0,0,0,0,0,0,0,0,0,0,0,0,0,0,0,0,0,0,0,0,0,25680,0,0,0,0,0,1560,0,0,0,0,0,0,0,0,0,0,0,0,0,183240,0,0,0,0,0,0,0,0,0,0,0,0,0,0,0,0,0,0,0,0,0,0,0,0,0,0,0,0,0,0,0,0,0,0,0,0,0,0,0,0,0,0,0,0,0,0,0,147600,0,0,67440,0,191160,0,0,0,0,0,0,318840,94920,210360,129600,0,0,2760,826080,2520,0,0,0,0,0,0,0,0,0,0,0,0,0,23400,0,0,0,0,0,0,651360,0,0,0,0,0,0,0,0,0,0,0,0,0,0,0,0,0,0,0,16680,0,0,0,0,0,0,0,0,0,0,0,0,0,693960,0,0,0,0,0,958920,0,0,0,0,0,1388400,0,278640,0,0,0,0,0,0,0,0,0,0,0,0,0,0,0,0,0
BWM-DR02,0,0,0,0,0,0,0,36240,0,0,0,0,0,0,0,0,0,0,0,0,0,0,0,0,0,0,0,0,0,0,0,0,0,0,0,0,0,0,16680,0,0,0,0,0,15120,0,0,0,0,0,0,0,0,0,0,0,0,0,108240,0,0,0,3600,0,0,0,0,0,0,0,0,0,0,0,0,0,0,0,0,0,0,0,0,0,0,0,0,0,0,0,0,0,0,0,0,0,0,0,0,0,0,0,0,0,0,0,34800,0,0,125400,0,190080,0,0,0,0,575880,0,13680,56760,0,114720,0,782520,26640,0,0,0,0,0,0,0,0,0,0,0,0,0,17760,0,0,0,0,0,0,0,0,756720,0,0,0,0,0,0,0,0,0,0,0,0,0,0,0,0,0,0,0,0,0,0,0,0,0,0,0,0,0,0,0,0,0,293640,0,0,0,0,0,639720,0,0,0,0,0,1496760,0,23400,0,0,0,0,0,0,0,0,0,0,0,0,0,0,0,0
BWM-VL02,0,0,0,0,0,0,0,0,0,0,0,0,0,0,0,0,0,0,0,0,0,0,0,0,0,0,0,0,0,0,0,0,0,0,0,0,0,0,0,0,0,47520,0,31080,0,0,0,0,0,0,0,0,0,0,0,0,0,15000,0,0,0,0,0,0,0,0,0,0,0,0,0,0,0,0,0,0,0,0,0,0,0,0,0,0,0,0,0,0,0,0,0,0,0,0,0,0,0,0,0,0,0,0,0,0,0,44040,0,0,0,0,368400,0,104760,0,0,0,169680,1920,149040,68040,0,446040,0,22560,1198680,0,0,0,0,0,0,0,0,0,0,0,0,0,0,0,71160,0,0,0,0,0,4800,0,1013400,0,0,0,0,0,0,0,0,0,0,0,0,0,0,0,0,0,0,0,0,0,0,0,0,0,0,0,0,0,14640,0,5760,0,394800,0,958920,0,0,0,0,0,0,0,0,0,1377120,0,0,0,0,0,0,0,41400,0,0,0,0,0,0,0,0,0
BWM-VR02,0,0,0,0,0,0,0,0,0,0,0,0,0,0,0,0,0,0,0,0,0,0,0,0,0,0,0,0,0,0,0,0,0,0,0,0,0,0,0,0,2520,0,0,0,12480,0,0,0,0,0,0,0,0,0,0,0,0,0,46320,0,0,0,0,0,0,0,0,0,0,0,0,0,0,0,0,0,0,0,0,0,0,0,0,0,0,0,0,0,0,0,0,0,0,0,0,0,0,0,0,0,0,0,0,0,0,0,39960,0,0,0,0,302880,0,73080,0,0,11160,238080,76800,105480,643440,0,0,926040,5280,0,0,0,0,0,0,0,0,0,0,0,0,0,0,0,0,42720,0,0,0,0,0,0,0,501480,0,0,0,0,0,0,0,0,0,0,0,0,0,0,0,0,0,0,0,0,0,0,0,0,0,0,0,0,0,0,0,0,0,384840,0,639720,0,0,0,0,0,0,0,33600,0,1840320,0,0,0,0,0,0,0,0,0,0,0,0,0,0,0,21120
BWM-DL03,0,0,0,0,0,0,0,0,0,0,0,0,0,0,0,0,0,0,0,0,0,0,0,0,0,0,0,0,0,0,0,0,0,0,0,0,0,0,0,0,0,0,0,0,0,0,0,0,0,0,0,0,0,0,0,0,0,0,0,0,0,0,0,0,0,0,0,0,0,0,0,0,0,0,0,0,0,0,0,0,0,0,0,0,0,0,0,0,0,0,0,0,0,0,0,0,0,0,0,0,0,0,0,0,0,0,0,0,0,0,0,0,0,0,0,0,90000,499680,0,0,34560,0,97560,0,0,133080,0,0,0,0,0,0,0,0,0,0,0,0,0,103200,0,0,62760,36480,6960,2040,240,0,0,0,0,0,0,0,0,0,0,0,0,0,0,0,0,0,147720,20520,0,0,0,0,0,0,0,0,0,0,0,0,0,0,633960,500520,0,0,0,0,0,0,0,96840,0,0,0,0,0,0,783600,14640,0,0,0,0,0,0,144360,0,0,0,0,0,0,0
BWM-DR03,0,0,0,0,0,0,0,0,0,0,0,0,0,0,0,0,0,0,0,0,0,0,0,0,0,0,0,0,0,0,0,0,0,0,0,0,0,0,0,0,0,0,0,0,0,0,0,0,0,0,0,0,0,0,0,0,0,0,0,0,0,0,32520,0,0,0,0,0,0,0,0,0,0,0,0,0,0,0,0,0,0,0,0,0,0,0,0,0,0,0,0,0,2040,0,0,0,0,0,0,0,0,0,0,0,0,0,0,0,0,0,0,0,0,0,0,0,659640,204840,0,0,0,18480,124200,0,0,53760,0,0,0,0,0,0,0,0,0,0,0,0,181080,0,0,0,4800,0,0,29280,0,0,0,0,0,0,0,0,0,0,0,0,0,0,0,0,0,0,0,34800,0,0,0,0,0,0,0,0,0,0,0,0,0,0,102240,1157520,0,0,0,0,0,0,96840,0,0,0,0,0,0,0,0,622920,0,0,0,0,0,0,0,103920,0,0,0,0,0,0
BWM-VL03,0,0,0,0,0,0,0,0,0,0,0,0,0,0,0,0,0,0,0,0,0,0,0,0,0,0,0,0,0,0,0,0,0,0,0,0,0,0,0,0,0,0,0,0,0,0,0,0,0,0,0,0,0,0,0,0,0,0,0,0,0,0,0,0,0,0,0,0,0,0,0,0,0,0,0,0,0,0,0,0,0,0,0,0,0,0,0,0,0,0,0,0,0,0,0,83280,0,0,0,0,0,0,0,0,0,0,0,0,0,0,0,0,0,0,0,75720,12360,0,0,0,394320,475080,16680,0,65040,54840,0,0,0,0,0,0,0,0,0,0,0,0,0,0,51120,0,38760,0,0,202440,0,0,0,0,0,0,0,0,0,0,0,0,0,0,0,0,0,0,0,0,391920,840,0,0,0,0,0,0,0,0,0,0,0,0,0,0,2317920,229080,0,0,0,0,0,0,0,196080,0,0,0,0,0,0,832800,0,0,0,0,0,0,0,259560,0,0,0,0,0
BWM-VR03,0,0,0,0,0,0,0,0,0,0,0,0,0,0,0,0,0,0,0,0,0,0,0,0,0,0,0,0,0,0,0,0,0,0,0,0,0,0,0,0,0,0,0,0,0,0,0,0,0,0,0,0,0,0,0,0,0,0,0,0,0,0,0,0,0,0,0,0,0,0,0,0,0,0,0,0,0,0,0,0,0,0,0,0,0,0,0,0,0,0,0,0,0,0,36240,34680,0,0,0,0,0,0,0,0,0,0,2640,0,0,0,0,0,0,0,18600,0,0,140040,0,0,514320,108240,72960,0,0,186240,0,0,0,0,0,0,0,0,0,0,0,0,0,0,0,100560,2640,12000,290520,56160,0,0,0,0,0,0,0,0,0,0,0,0,0,0,0,0,0,0,0,0,4920,140880,0,0,0,0,0,0,0,0,0,0,0,0,0,0,92160,2282520,0,0,0,0,0,0,196080,0,0,0,0,0,0,0,0,829080,0,0,0,0,0,0,0,62280,0,0,0,0
BWM-DL04,0,0,0,0,0,0,0,0,0,0,0,0,0,0,0,0,0,0,0,0,0,0,0,0,0,0,0,0,0,0,0,0,0,0,0,0,0,0,0,0,0,0,0,0,0,0,0,0,0,0,0,0,0,1920,0,0,0,252720,0,0,0,0,0,0,0,0,0,0,0,0,0,0,0,0,0,0,0,0,0,0,0,0,0,0,0,0,0,0,0,0,0,0,0,0,0,0,0,0,0,0,0,0,0,0,173880,0,0,0,0,0,6000,0,0,0,0,0,0,749400,199320,235200,4920,0,0,0,600,0,0,0,0,0,0,0,0,0,0,0,63840,0,0,129960,0,0,0,0,0,0,0,0,0,0,0,0,0,0,0,0,0,0,0,0,0,0,0,0,486000,0,0,0,0,0,0,0,0,0,0,0,0,0,57600,0,0,0,0,0,1388400,0,0,0,0,0,0,0,0,0,19440,0,0,0,0,0,559200,0,0,0,0,0,0,0,35280,0,0,0
BWM-DR04,0,0,0,0,0,0,0,21600,0,0,0,0,0,0,0,0,0,0,0,0,0,0,0,0,0,0,0,0,0,0,0,0,0,0,0,0,0,0,0,0,0,0,0,0,0,0,0,0,0,0,0,0,0,0,7800,0,0,0,486600,0,0,0,0,0,0,0,0,0,0,0,0,0,0,0,0,0,0,0,0,0,0,0,0,0,0,0,0,0,0,0,0,0,0,0,0,0,0,0,0,0,0,0,0,119880,0,0,0,0,0,0,0,0,0,0,0,0,598680,0,415080,95520,0,0,0,0,0,0,0,0,0,0,0,0,0,0,0,0,0,44880,73920,0,0,0,6480,0,0,0,0,0,0,0,0,0,0,0,0,0,0,0,0,0,0,0,0,0,0,601080,0,7440,0,0,0,0,0,0,0,0,0,0,0,40200,0,0,0,0,0,1496760,0,33600,0,0,0,0,0,0,0,266040,0,0,0,0,0,475920,0,0,0,0,0,0,0,239400,0,0
BWM-VL04,0,0,0,0,0,0,0,0,0,0,0,0,0,0,0,0,0,0,0,0,0,0,0,0,0,0,0,0,0,0,0,0,0,0,0,0,0,0,0,0,0,0,0,0,0,0,0,0,0,0,0,0,0,0,0,0,0,218880,0,0,0,0,0,0,0,0,0,0,0,0,0,0,0,0,0,0,0,0,0,0,0,0,0,0,0,0,0,0,0,0,0,0,122160,0,0,0,0,0,0,0,0,0,0,0,172200,0,0,0,0,0,5160,0,0,0,0,0,10080,0,311400,70320,0,658560,0,0,0,0,0,0,0,0,0,0,0,0,74760,0,0,0,0,0,147960,0,0,0,0,37200,0,0,0,0,0,0,0,0,0,0,0,0,0,0,0,0,0,0,0,0,214560,0,0,0,0,0,0,0,0,0,0,0,296400,0,0,0,0,0,278640,0,1377120,0,0,0,0,0,19440,0,0,0,0,0,0,0,0,0,498240,0,0,0,0,0,0,0,209640,0
BWM-VR04,0,0,0,0,0,0,0,0,0,0,0,0,0,0,0,0,0,0,0,0,0,0,0,0,0,0,0,0,0,0,0,0,0,0,0,0,0,0,0,0,0,0,0,0,0,0,0,0,0,0,0,0,0,0,0,0,0,0,218520,0,0,0,0,0,0,0,0,0,0,0,0,0,0,0,0,0,0,0,0,0,0,0,0,0,0,0,0,0,0,0,0,0,0,0,0,0,0,0,0,0,0,0,0,211800,0,0,0,0,0,0,0,29280,0,0,0,0,0,0,323640,557520,699600,0,0,0,0,0,0,0,0,0,0,0,0,0,0,12720,0,0,0,0,0,102960,0,0,81480,0,0,0,0,0,0,0,0,0,0,0,0,0,0,0,0,0,0,0,0,0,0,136680,0,0,0,0,0,0,0,0,0,0,0,120480,0,0,0,0,0,23400,0,1840320,0,0,0,0,0,266040,0,0,0,0,0,0,0,0,0,591480,0,0,0,0,0,0,0,138480
BWM-DL05,0,0,0,0,0,0,0,0,0,0,0,0,0,0,0,0,0,0,0,0,0,0,0,0,0,0,0,0,0,0,0,0,0,0,0,0,0,0,0,0,0,0,0,0,0,0,0,0,0,0,0,0,0,0,0,0,0,0,0,0,0,0,0,0,0,0,0,0,0,0,0,0,0,0,0,0,0,0,0,0,0,0,0,0,0,0,0,0,0,0,0,0,0,0,0,0,0,0,0,0,0,0,0,0,0,0,0,0,0,0,0,0,0,0,0,0,0,290880,0,0,106560,0,153840,0,0,3840,0,0,0,0,0,0,0,0,0,0,0,0,0,26280,0,0,12840,137400,1560,0,0,0,0,0,0,0,0,0,0,0,0,0,0,0,0,0,0,0,21360,32640,0,0,0,0,0,0,0,0,0,0,0,0,0,0,4440,0,0,0,0,0,0,0,783600,0,0,0,0,0,0,0,0,0,0,0,0,0,0,0,145920,48360,0,0,0,0,0,0
BWM-DR05,0,0,0,0,0,0,0,0,0,0,0,0,0,0,0,0,0,0,0,0,0,0,0,0,0,0,0,0,0,0,0,0,0,0,0,0,0,0,0,0,0,0,0,0,0,0,0,0,0,0,0,0,0,0,0,0,0,0,0,0,0,0,0,0,0,0,0,0,0,0,0,0,0,0,0,0,0,0,0,0,0,0,0,0,0,0,0,0,0,0,0,0,0,0,0,0,0,0,0,0,0,0,0,0,0,0,0,0,0,0,0,0,0,0,0,0,187440,0,0,0,0,142680,119040,0,0,0,0,0,0,0,0,0,0,0,0,0,0,20880,115440,0,0,0,94440,0,0,0,0,0,0,0,0,0,0,0,0,0,0,0,0,0,0,0,0,0,0,131640,0,0,0,0,0,0,0,0,2400,1440,0,0,0,0,0,113400,0,0,0,0,0,0,14640,622920,0,0,0,0,0,0,0,0,0,0,0,0,0,0,0,98400,0,0,0,0,0,0
BWM-VL05,0,0,0,0,0,0,0,0,0,0,0,0,0,0,0,0,0,0,0,0,0,0,0,0,0,0,0,0,0,0,0,0,0,0,0,0,0,0,0,0,0,0,0,0,0,0,0,0,0,0,0,0,0,0,0,0,0,0,0,0,0,0,0,0,0,0,0,0,0,0,0,0,0,0,0,0,0,0,0,0,0,0,0,0,0,0,0,0,0,0,0,0,0,0,0,0,0,0,0,0,0,0,0,0,0,0,0,0,0,0,0,0,0,0,0,0,101880,0,0,0,90240,435960,0,0,0,480,0,0,0,0,0,0,0,0,17640,0,0,0,0,0,118320,0,0,0,0,0,0,0,0,0,0,0,0,0,0,0,0,0,0,0,0,0,0,0,0,0,192840,0,0,0,0,0,0,0,0,0,0,0,0,0,0,0,3120,0,0,0,0,0,0,0,832800,0,0,0,0,0,0,0,0,0,0,0,0,0,0,0,87000,0,0,0,0,0
BWM-VR05,0,0,0,0,0,0,0,0,0,0,0,0,0,0,0,0,0,0,0,0,0,0,0,0,0,0,0,0,0,0,0,0,0,0,0,0,0,0,0,0,0,0,0,0,0,0,0,0,0,0,0,0,0,0,0,0,0,0,0,0,0,0,0,0,0,0,0,0,0,0,0,0,0,0,0,0,0,0,0,0,0,0,0,0,0,0,0,0,0,0,0,0,0,0,2160,0,0,0,0,0,0,0,0,0,0,0,0,0,0,0,0,0,0,0,3840,0,0,12000,0,0,173160,0,4320,0,0,79440,0,0,0,0,0,0,0,0,0,4080,0,0,0,0,0,53520,0,0,32520,0,0,0,0,0,0,0,0,0,0,0,0,0,0,0,0,0,0,0,0,0,0,260640,0,0,0,0,0,0,0,0,0,0,0,0,0,0,0,3360,0,0,0,0,0,0,0,829080,0,0,0,0,0,0,0,0,0,0,0,0,0,0,0,188640,0,0,0,0
BWM-DL06,0,0,0,0,0,0,0,0,0,0,0,0,0,0,0,0,0,0,0,0,0,0,0,0,0,0,0,0,0,0,0,0,0,0,0,0,0,0,0,0,0,0,0,0,0,0,0,0,0,0,0,0,0,4680,0,0,0,0,0,0,0,0,0,0,0,0,0,0,0,0,0,0,0,0,0,0,0,0,0,0,0,0,0,0,0,0,0,0,0,0,0,0,0,0,0,0,0,0,0,0,0,0,0,0,36000,0,0,0,0,0,0,0,0,0,0,0,0,2400,156000,0,0,0,0,0,0,0,0,0,0,0,0,0,0,0,0,0,0,0,0,0,0,0,0,0,0,0,0,0,0,0,0,0,0,0,0,0,0,0,0,0,0,0,0,0,345480,0,0,0,0,0,0,0,0,0,0,0,0,0,114480,0,0,0,0,0,0,0,0,0,0,0,0,0,559200,0,0,0,0,0,0,0,0,0,0,0,0,0,0,0,244560,0,0,0
BWM-DR06,0,0,0,0,0,0,0,0,0,0,0,0,0,0,0,0,0,0,0,0,0,0,0,0,0,0,0,0,0,0,0,0,0,0,0,0,0,0,0,0,0,0,0,0,0,0,0,0,0,0,0,0,0,0,46920,0,0,0,0,0,0,0,0,0,0,0,0,0,0,0,0,0,0,0,0,0,0,0,0,0,0,0,0,0,0,0,0,0,0,0,0,0,0,0,0,0,0,0,0,0,0,0,0,127680,0,0,0,0,0,0,0,0,0,0,0,0,0,0,16080,24120,2280,0,0,0,0,0,0,0,0,0,0,0,0,0,0,0,0,21240,0,0,0,0,0,0,0,0,0,0,0,0,0,0,0,0,0,0,0,0,0,0,0,0,0,0,0,295080,0,0,0,0,0,0,0,0,0,0,0,0,0,317040,0,0,0,0,0,0,0,0,0,0,0,0,0,475920,0,0,0,0,0,0,0,0,0,0,0,0,0,0,0,219240,0,0
BWM-VL06,0,0,0,0,0,0,0,0,0,0,0,0,0,0,0,0,0,0,0,0,0,0,0,0,0,0,0,0,0,0,0,0,0,0,0,0,0,0,0,0,0,0,0,0,0,0,0,0,0,0,0,6960,0,0,0,0,0,0,0,0,0,0,0,0,0,0,0,0,0,0,0,0,0,0,0,0,0,0,0,0,0,0,0,0,0,0,0,0,0,0,0,0,0,0,0,0,0,0,0,0,0,0,0,0,141960,0,0,0,0,0,0,0,0,0,0,0,0,0,65160,75360,0,0,0,0,0,0,0,0,0,0,0,0,0,0,39480,0,0,0,0,0,65520,0,0,0,0,9600,0,0,0,0,0,0,0,0,0,0,0,0,0,0,0,0,0,0,0,0,0,0,0,0,0,0,0,0,0,0,0,0,355920,0,0,0,0,0,0,0,41400,0,0,0,0,0,0,0,498240,0,0,0,0,0,0,0,0,0,0,0,0,0,0,0,117480,0
BWM-VR06,0,0,0,0,0,0,0,0,0,0,0,0,0,0,0,0,0,0,0,0,0,0,0,0,0,0,0,0,0,0,0,0,0,0,0,0,0,0,0,0,0,0,0,0,0,0,0,0,0,0,0,0,0,0,0,0,0,0,0,0,0,0,0,0,0,0,0,0,0,0,0,0,0,0,0,0,0,0,0,0,0,0,0,0,0,0,0,0,0,0,0,0,17880,0,0,0,0,0,0,0,0,0,0,96120,0,0,0,0,0,0,0,0,0,0,0,0,0,0,84600,225960,33000,0,0,0,0,0,0,0,0,0,0,0,0,0,0,12240,0,0,0,0,0,59760,0,0,7320,0,0,0,0,0,0,0,0,0,0,0,0,0,0,0,0,0,0,0,0,0,0,65400,0,0,0,0,0,0,0,0,0,0,0,220200,0,0,0,5520,0,0,0,0,0,0,0,0,0,0,0,591480,0,0,0,0,0,0,0,0,0,0,0,0,0,0,0,203520
BWM-DL07,0,0,0,0,0,0,0,0,0,0,0,0,0,0,0,0,0,0,0,0,0,0,0,0,0,0,0,0,0,0,0,0,0,0,0,0,0,0,0,0,0,0,0,0,0,0,0,0,0,0,0,0,0,0,0,0,0,0,0,0,0,0,0,0,0,0,0,0,0,0,0,0,0,0,0,0,0,0,0,0,0,0,0,0,0,0,0,0,0,0,0,0,0,0,0,0,0,0,0,0,0,0,0,0,0,0,0,0,0,0,0,0,0,0,0,0,55320,22560,0,0,0,26160,0,0,0,0,0,0,0,0,0,0,0,0,0,0,207240,0,0,113520,0,0,0,0,0,0,0,0,0,0,0,0,0,0,0,0,0,0,0,0,0,0,0,0,83880,0,0,0,0,0,0,0,0,0,7680,8760,0,0,0,0,117840,0,0,0,0,0,0,0,144360,0,0,0,0,0,0,0,145920,0,0,0,0,0,0,0,0,37560,0,0,0,0,0,0
BWM-DR07,0,0,0,0,0,0,0,0,0,0,0,0,0,0,0,0,0,0,0,0,0,0,0,0,0,0,0,0,0,0,0,0,0,0,0,0,0,0,0,0,0,0,0,0,0,0,0,0,0,0,0,0,0,0,0,0,0,0,0,0,0,0,0,0,0,0,0,0,0,0,0,0,0,0,0,0,0,4320,0,0,0,0,0,0,0,0,0,0,0,0,0,0,720,0,0,0,0,0,0,0,0,0,0,0,0,0,0,0,0,0,0,0,0,0,0,0,13320,29400,0,0,0,0,0,0,0,0,0,0,0,0,0,0,0,0,0,0,0,21360,14040,6480,0,0,0,0,0,0,0,0,0,0,0,0,0,0,0,0,0,0,0,0,0,0,0,0,90480,184800,0,0,0,0,0,0,0,0,63480,10080,0,0,0,0,0,27600,0,0,0,0,0,0,0,103920,0,0,0,0,0,0,48360,98400,0,0,0,0,0,0,37560,0,0,0,0,0,0,0
BWM-VL07,0,0,0,0,0,0,0,0,0,0,0,0,0,0,0,0,0,0,0,0,0,0,0,0,0,0,0,0,0,0,0,0,0,0,0,0,0,0,0,0,0,0,0,0,0,0,0,0,0,0,0,9840,0,0,0,0,0,0,0,0,0,0,0,0,0,0,0,0,0,0,0,0,0,0,0,0,0,0,0,0,0,0,0,0,0,0,0,0,0,0,0,0,0,0,0,1920,0,0,0,0,0,0,0,0,0,0,0,0,0,0,0,0,0,0,0,101280,0,0,0,79440,0,64560,0,0,0,0,0,0,0,0,0,0,0,0,20040,0,0,0,0,0,56160,0,16440,0,0,0,0,0,0,0,0,0,0,0,0,0,0,0,0,0,0,0,0,0,0,0,49200,0,0,0,0,0,0,0,0,0,0,0,0,0,0,0,0,0,0,0,0,0,0,0,259560,0,0,0,0,0,0,0,87000,0,0,0,0,0,0,0,0,0,0,0,0,0
BWM-VR07,0,0,0,0,0,0,0,0,0,0,0,0,0,0,0,0,0,0,0,0,0,0,0,0,0,0,0,0,0,0,0,0,0,0,0,0,0,0,0,0,0,0,0,0,0,0,0,0,0,0,0,0,0,0,0,0,0,0,0,0,0,0,0,0,0,0,0,0,0,0,0,0,0,0,0,0,0,0,0,0,0,0,0,0,0,0,0,0,0,0,0,0,0,0,0,0,0,0,0,0,0,0,0,0,0,0,0,0,0,0,0,0,0,0,0,0,0,66360,0,0,133080,0,0,0,0,34200,0,0,0,0,0,0,0,0,0,13920,0,0,0,0,0,87000,0,0,0,0,0,0,0,0,0,0,0,0,0,0,0,0,0,0,0,0,0,0,0,0,0,155160,0,0,0,0,0,0,0,0,0,0,0,0,0,0,0,65280,0,0,0,0,0,0,0,62280,0,0,0,0,0,0,0,188640,0,0,0,0,0,0,0,0,0,0,0,0
BWM-DL08,0,0,0,0,0,0,0,0,0,0,0,0,0,0,0,0,0,0,0,0,0,0,0,0,0,0,0,0,0,0,0,0,0,0,0,0,0,0,0,0,0,0,0,0,0,1200,0,0,0,0,0,0,0,0,0,0,0,1800,0,0,0,0,0,0,0,0,0,0,0,0,0,0,0,0,0,0,0,0,0,0,0,0,0,0,0,0,0,0,0,0,0,0,0,0,0,0,0,0,0,0,0,0,0,0,0,0,0,0,0,0,0,0,0,0,0,0,0,0,1080,0,0,2160,0,0,0,0,0,0,0,0,0,0,0,0,0,0,48480,0,0,180360,0,0,0,0,0,0,0,0,0,0,0,0,0,0,0,0,0,0,0,0,0,0,0,0,323160,0,0,0,0,0,0,0,0,0,0,0,0,0,49080,0,0,0,0,0,0,0,0,0,0,0,0,0,35280,0,0,0,0,0,0,0,244560,0,0,0,0,0,0,0,0,0,0,0
BWM-DR08,0,0,0,0,0,0,0,0,0,0,0,0,0,0,0,0,0,0,0,0,0,0,0,0,0,0,0,0,0,0,0,0,0,0,0,0,0,0,0,0,0,0,0,0,0,0,0,0,0,0,0,0,0,0,0,0,0,0,0,0,0,0,0,0,0,0,0,0,0,0,0,0,0,0,0,0,0,0,0,0,0,0,0,0,0,0,0,0,0,0,0,0,0,0,0,0,0,0,0,0,0,0,0,0,0,0,0,0,0,0,0,0,0,0,0,0,0,0,0,0,0,0,0,0,0,0,0,0,0,0,0,0,0,0,0,0,0,62040,112200,0,0,0,0,0,0,0,0,0,0,0,0,0,0,0,0,0,0,0,0,0,0,0,0,0,0,459720,0,0,0,0,0,0,0,0,0,0,0,0,0,0,0,0,0,0,0,0,0,0,0,0,0,0,0,239400,0,0,0,0,0,0,0,219240,0,0,0,0,0,0,0,0,0,0
BWM-VL08,0,0,0,0,0,0,0,0,0,0,0,0,0,0,0,0,0,0,0,0,0,0,0,0,0,0,0,0,0,0,0,0,0,0,0,0,0,0,0,0,0,0,0,0,0,0,0,0,0,0,0,0,0,0,0,0,0,11280,0,0,0,0,0,0,0,0,0,0,0,0,0,0,0,0,0,0,0,0,0,0,0,0,0,0,0,0,0,0,0,0,0,0,10200,0,0,0,0,0,0,0,0,0,0,0,0,0,0,0,0,0,0,0,0,0,0,0,0,0,360,42840,0,0,0,0,0,0,0,0,0,0,0,0,0,0,14880,0,0,0,0,0,69120,0,0,0,0,0,0,0,0,0,0,0,0,0,0,0,0,0,0,0,0,0,0,0,0,0,316800,0,0,0,0,0,0,0,0,0,0,0,0,0,0,0,0,0,0,0,0,0,0,0,0,0,0,0,209640,0,0,0,0,0,0,0,117480,0,0,0,0,0,0,0,0,0
BWM-VR08,0,0,0,0,0,0,0,0,0,0,0,0,0,0,0,0,0,0,0,0,0,0,0,0,0,0,0,0,0,0,0,0,0,0,0,0,0,0,0,0,0,0,0,0,0,0,0,0,0,0,0,0,0,0,0,0,0,0,480,0,0,0,0,0,0,0,0,0,0,0,0,0,0,0,0,0,0,0,0,0,0,0,0,0,0,0,0,0,0,0,0,0,3960,0,0,0,0,0,0,0,0,0,0,0,0,0,0,0,0,0,0,0,0,0,0,0,0,0,54480,73440,0,0,0,0,0,0,0,0,0,0,0,0,0,7080,0,74280,0,0,0,0,0,113760,0,0,0,0,0,0,0,0,0,0,0,0,0,0,0,0,0,0,0,0,0,0,0,0,0,197280,0,0,0,0,0,0,0,0,0,0,0,50040,0,0,0,0,0,0,0,21120,0,0,0,0,0,0,0,138480,0,0,0,0,0,0,0,203520,0,0,0,0,0,0,0,0
