pre,post,L1_0hr,L1_5hr,L1_8hr,L1_16hr,L2,L3,adult_sem,dauer_sem_1,dauer_sem_2,dauer_FIB
ADAR,RICR,698520,545024,397320,670920,968400,581898,1224960,3834100,1263400,792240
SAAVR,SIBVL,480,31232,0,1080,47160,0,13920,15200,0,60160
BWM-VR02,BWM-VR04,1005000,1848064,1840320,1374240,5567160,6845921,9340320,4913800,8973600,5835120
PVR,URYVR,124920,89088,49920,30480,202200,60487,616080,0,0,800
ASJR,BDUR,0,0,0,0,0,0,29280,20000,0,84000
BWM-VR07,PVR,0,0,0,0,17520,0,0,0,0,0
BWM-VR02,RIPR,21360,76288,39960,65760,147720,46295,96720,20200,86700,127720
ASJL,SMDDR,6720,18688,23040,0,22440,37171,45840,0,0,0
CEPVR,SMDDR,5520,46336,2040,0,0,0,3600,0,0,2080
AVER,OLQDL,214200,271360,40560,18000,232920,47646,224400,320900,242300,178000
RIAR,SIAVL,344400,332544,190560,529680,1137840,522762,1931280,1394200,1452600,1290800
AVKR,CEPVR,240,0,0,0,17160,0,0,0,254100,0
ADLR,URYVR,0,18944,12600,59400,86040,38522,166080,0,0,106680
AVER,SAADR,0,83456,62160,19560,174600,68597,260640,89100,0,9680
AVBL,AVHR,277080,506368,263640,514320,762840,758292,3658800,704000,1168400,1006480
PVCR,RMDVL,0,0,0,1680,0,43929,0,0,0,38400
RIS,RMFL,0,0,0,0,0,86507,281760,412000,180900,481760
AVAL,RIVR,7920,199424,50400,101160,71160,119961,44640,180400,91400,127120
AIML,RIFL,96240,423424,93840,361320,501600,97320,2136720,567600,445300,701760
AVKL,URYDL,0,0,12000,0,80400,128747,88080,49400,30400,75800
AWAR,IL1DR,0,0,23400,0,0,0,0,0,0,0
CEPVR,SMDVR,0,0,8040,0,0,0,0,0,0,0
BWM-VL02,CEPVL,20400,2304,0,53760,0,0,0,159600,0,14880
DVC,IL1DR,0,25088,26760,21360,26400,31426,46080,52000,8000,0
RMDDL,RMDDR,238800,428544,560640,645600,1520280,1256724,1979280,1771300,1169800,1716720
BAGR,IL2VL,50520,125952,200880,83880,215640,159498,0,13900,46900,0
AIBR,AVHL,0,0,0,1200,24960,0,0,0,0,0
ADFL,RIAL,153120,480000,243480,550680,1494720,2171473,2243520,1677300,1215400,2112480
AIZR,IL2R,0,0,0,0,7320,0,0,214800,215100,78880
IL1DL,URXL,0,0,3720,16440,117720,13178,0,0,0,10880
OLQVR,RMED,0,135424,92400,0,3240,32440,245280,63400,171800,0
ADLL,AQR,0,0,0,0,10560,0,0,0,0,0
BWM-VL05,RID,11640,0,0,0,0,0,303360,0,0,0
AVHL,SIBVL,0,65536,9600,0,0,0,720,45000,350800,0
AIMR,ALA,13320,0,0,6360,61440,75018,720,491400,366400,119000
SAADL,SIADL,103320,399616,337080,595200,623280,975237,1297680,402400,1036200,592960
CEPVL,SDQL,0,0,0,0,0,233164,269520,0,167200,302440
BWM-VL01,CEPVL,286680,145152,90120,62520,414480,1049579,396240,1455900,631900,1091880
AVHR,RIFL,112680,224256,12720,152520,726000,685977,1284720,937400,1291400,460440
AIYR,AVHL,0,41216,12960,0,40440,23992,0,0,900,0
AVBR,DVC,0,20224,3720,0,0,54743,0,0,113200,113920
BAGR,RIVL,43680,99840,0,96240,0,19937,102240,96000,27000,126240
AFDL,AVHR,0,0,18840,0,480,0,0,0,0,0
BWM-DL04,BWM-VL06,0,0,0,233280,0,0,0,0,0,0
BWM-VL02,IL1VL,47640,15872,104760,71520,395400,235192,853920,156400,226900,196440
AINL,BAGL,422160,1475584,434520,918120,1555800,903260,3313920,1543900,1373400,1266800
RMDDL,URBL,0,0,24600,0,0,0,181680,0,0,0
RMDDR,SIADL,52200,236544,58440,84000,219240,480860,316800,270700,219400,521600
PVT,SDQR,0,0,0,0,0,0,8160,0,0,0
PVWL,RID,0,0,0,0,0,0,454560,0,59600,108400
BWM-VR06,RMGR,118320,274688,220200,228480,422760,571760,704160,1054200,1417600,1004640
IL2DL,SAAVR,0,0,600,0,0,0,0,287400,62100,140320
BWM-VL01,IL1VL,61800,92672,87000,35520,313800,668405,244800,466200,482400,409040
ADFL,URYVL,25560,7936,40080,47160,1560,0,2640,71300,150600,55160
IL1VL,OLLR,15720,0,0,47520,0,1013,0,61200,0,205000
SIBVL,URBR,86040,107008,139320,266520,465360,803235,589200,85400,450400,284960
BAGR,RIMR,41520,26880,0,0,0,0,0,0,13400,90400
BAGR,IL1DL,2160,4608,0,0,54720,8785,62880,0,200,0
RMDVL,SMDDR,116400,133120,379200,53760,33840,412600,183120,413500,247100,646880
RMHR,URADR,0,0,0,0,0,16896,78960,44000,0,80
PVCR,RICR,0,0,4080,6240,306840,43253,278640,468600,543200,115520
IL1VL,SIADL,9600,46080,40080,24120,62760,83128,47760,0,63000,117400
IL2DL,RIS,0,0,0,0,0,0,22800,51200,12100,196120
AIAL,ASJL,385320,900096,552480,585600,1026360,641034,1804320,499400,333000,887720
AVDL,PVQR,0,0,0,0,0,0,9360,0,0,0
RIH,RIPL,573720,1045248,719760,1400280,1076760,1795706,3182160,1479400,1850800,1977520
RMEL,RMGR,0,0,0,0,0,10475,0,0,0,0
BWM-DL01,SMDDL,36240,7680,0,3000,0,0,0,14200,18400,19960
IL1R,RMDVL,151560,332032,334920,153000,329040,719431,1055040,926800,866600,1070800
OLLL,RIH,0,33024,0,668280,12960,160849,0,0,120000,0
URBL,URYVL,0,3072,1920,0,0,0,0,141400,25400,239120
PVQL,RIR,240,0,0,0,0,0,0,0,0,0
ADFL,RIBR,0,0,19440,0,0,0,5760,0,0,0
AIMR,URADR,0,20224,0,7080,1920,74004,108000,76800,87300,0
RMDVL,SMDVR,0,76544,40440,17880,43080,5406,69120,0,102200,0
CEPDR,RMFL,0,0,0,0,0,0,890640,1518000,1066200,1005120
ADAR,BWM-VR04,0,0,0,0,0,3379,0,0,0,0
AVFL,IL2R,0,0,0,0,0,3717,0,284300,87000,98080
AVM,PVCR,0,0,0,0,1240440,1722040,2450640,2687900,1987600,2693680
BDUL,PVPR,0,0,0,0,480,4730,0,0,0,0
RMED,SIBVL,0,6144,0,0,0,0,0,0,0,0
ADFR,RIMR,0,0,0,26280,3000,0,176640,175800,0,23120
ADAL,IL2DL,0,63232,11520,0,90240,0,116400,133800,259600,111800
ASHR,IL2R,0,8704,0,0,5760,0,0,0,0,0
ADFR,SMBVR,246120,819456,540960,290160,1950120,1148252,3198000,1501100,1301100,1920720
OLLR,RIS,0,0,54840,0,182160,270336,0,4200,81800,10880
AQR,AVJR,0,0,0,0,132240,110837,100560,614500,0,320
AVDR,SAADR,115080,46080,63720,24000,25560,2365,0,44400,85600,180440
RIGL,RIH,237000,354048,140280,0,191400,917452,404880,479200,169300,354640
BAGR,SIBDR,47280,40192,55560,32520,50160,64542,244800,33900,78800,60320
FLPR,SIBVR,0,70144,49320,8160,38640,0,0,117500,142600,19120
IL1VR,URXR,90960,101376,128640,0,124920,207482,367200,0,0,0
CEPDL,PVR,181800,897024,251520,220920,829800,140236,878640,2114200,1418000,1440240
AIZL,AQR,0,0,0,1800,44880,6082,311520,0,0,0
ADLL,AWAL,185760,570880,464640,441600,1698360,2023464,4686480,1756200,1721200,1455600
AVBR,AVKL,0,0,2880,20520,0,64880,309600,0,0,0
AIBL,FLPR,0,0,0,125280,8880,892784,684960,0,74000,705720
AIMR,CEPVR,75840,50688,67800,0,194880,222351,273120,104000,0,0
BWM-VL01,BWM-VR01,491640,506112,998160,574080,1116480,624476,1755840,2155800,1952000,1623720
RMDVR,SDQL,0,0,0,0,0,0,8160,0,0,0
AVBR,RMHL,0,0,0,16920,0,0,146640,41300,24400,360
AVBL,URYVR,31320,6400,0,0,139800,121313,99840,0,58000,81840
AIMR,AUAR,0,0,0,0,0,21626,0,0,0,0
AIYL,ASHL,66000,37632,55200,31560,109560,8448,12480,12600,97400,5880
RIFR,RIS,0,0,0,0,45960,309872,0,0,0,0
AWAL,RIFR,0,0,0,109200,0,4392,0,14700,0,0
RIPR,SDQR,0,0,0,0,0,0,0,0,0,85040
AVKL,RIAL,0,0,5280,0,0,0,0,0,0,0
BWM-VR02,BWM-VR08,0,1280,21120,10680,3120,0,0,7200,202200,480
PVCR,RIPL,0,0,0,0,0,7434,0,0,0,42720
ADFR,SIBDR,0,0,85920,0,0,0,2640,0,7700,0
ALMR,BWM-DR04,30240,0,21600,29640,0,0,0,51700,0,560
ASEL,RIBR,0,0,0,0,0,0,21360,0,0,0
BWM-DR02,RMDDL,318600,587008,575880,179760,277440,585615,606960,798800,591800,995280
IL2L,URAVL,25200,108800,461640,366480,543600,1340866,1571520,639400,131500,257880
IL2DR,SMDVL,0,0,0,0,0,0,0,0,0,174720
AFDR,AVJL,0,0,0,0,0,0,0,0,0,80
ADAL,ADEL,180240,251904,294720,316920,931200,560609,2233920,191700,1435600,1007760
ALNL,IL1L,0,0,0,0,2280,0,0,0,0,5440
AVBL,BDUR,91920,180480,14040,0,0,128071,0,0,0,0
RIAL,RMHR,0,0,0,0,33120,0,0,0,0,0
RMFR,SIADL,0,0,0,0,0,33116,0,0,0,0
BWM-VL01,SMDDR,0,0,7800,0,2160,41564,28320,25800,13000,5440
ASJL,ASJR,263760,479744,140160,57840,275160,499107,606000,443000,695300,489600
BAGL,IL1L,0,2304,17400,6000,48720,0,114000,0,6000,0
RICL,RIH,0,258560,2400,0,0,0,0,277800,0,0
ADAR,PLNR,0,0,0,0,0,0,1920,0,0,0
BDUL,PLNL,0,0,0,0,0,0,11280,0,0,0
ADAL,AVAR,457680,1108480,672240,808560,1069320,1575383,3783600,1695000,1746500,987760
AVDL,SIADL,0,33792,0,0,0,0,0,0,0,0
RIH,RIPR,745320,731392,1139040,1464600,1364760,1822064,6494400,2142000,1927200,2619120
AVAL,RIMR,719760,957952,1021320,732720,2356080,2462760,5259360,3192400,2478000,2688920
AVAL,SMBVR,0,0,0,10920,0,0,52560,0,0,0
AVBL,RIAR,0,0,2400,1200,0,0,162960,0,0,0
AIAR,BDUL,0,0,0,0,0,0,0,31200,0,0
AVAR,DVC,258600,251904,340200,137160,1279080,1281730,2400000,234800,1220400,1044320
BWM-DR03,IL2DR,7320,0,0,4560,44040,0,3840,0,0,0
BWM-VL01,SMDVR,12960,19968,87240,35280,28800,82452,20160,148600,30400,48640
BWM-VL06,CEPDL,0,0,0,85560,0,0,0,0,0,0
SIADR,SMBVR,37560,0,33840,203040,209520,0,1650480,0,218800,55160
AVBR,CEPDR,0,0,0,0,0,0,0,0,74000,131800
ASIR,AVAR,0,59392,0,0,0,191938,0,1125600,15600,0
AINL,SMDVL,0,0,0,0,0,123340,135840,0,0,0
AVFR,IL1L,0,0,0,0,0,18247,0,0,0,0
AUAL,AWBR,0,0,71640,0,0,0,0,38400,8400,0
BWM-VL02,RMDDL,116280,233984,169680,91440,255000,296693,180240,282200,423000,288000
AVDL,DVA,526680,764160,425040,732240,1186560,727541,1516560,1132000,1223700,1331280
ASJL,RIBL,31560,15616,31680,18960,27480,230799,0,44400,65300,94160
RIBR,RMFR,0,0,0,0,0,257157,3840,6700,10800,1200
AVKL,URYVL,5760,17920,0,114600,4320,62177,0,236300,380400,152800
BWM-VL06,SMBVL,166080,32768,65520,101760,0,114216,591120,339900,125800,356480
AVBR,BAGR,186240,289536,238320,287520,296640,0,793440,464500,827000,248960
AQR,RIGR,0,0,0,224280,305760,637992,421440,430300,137900,475960
ASHL,AUAR,0,0,0,0,0,9123,0,0,0,0
BWM-DR05,RIAL,0,0,0,0,0,10475,0,0,0,0
AVER,SIBVL,8280,174592,20880,141480,6360,149698,463200,33200,281600,247960
AVAL,SMDDR,612240,995584,1034760,699120,2185080,1993052,2756160,1464200,1667700,1648160
DVA,URYDL,45720,85504,0,39000,43440,83128,10320,251800,358000,41120
BWM-VR01,URAVR,578880,1007616,1030680,705240,1125120,2251898,2053920,1908800,1771600,2681760
PLNL,SMBVL,0,0,0,0,0,0,3448080,4613400,4766800,3107680
AIML,ASER,0,0,0,0,0,0,0,7800,0,14400
AVJL,BAGL,0,0,0,0,0,0,0,4200,0,0
SIADR,SMDDR,258600,1169664,624000,431760,2190360,1282068,1846800,792000,2107400,1160240
ALNL,RMDVL,0,0,0,0,0,0,25680,92300,7200,0
PVPL,PVWL,0,0,0,0,0,0,15120,0,0,0
SIADR,SIBDR,641040,768000,633840,590400,1348320,2350571,3358320,1772600,2432800,1626800
AIZR,SIBVL,13200,157952,0,9480,17400,30074,510240,0,119100,0
ADFL,AWBR,0,58112,19080,146520,63000,33454,167760,400,0,0
ASER,OLQVL,0,0,0,0,0,0,0,0,285800,0
RIAL,SIADR,55680,32512,19560,54120,47400,34467,281280,378800,550400,130560
AVKL,RIBR,20040,0,11640,0,39000,0,0,0,0,0
RIAR,RIS,13920,0,65400,6480,91680,0,0,0,142200,170000
PVCR,RIPR,0,0,0,0,0,0,0,0,15600,0
AVAL,SMDVR,46920,136704,146040,176400,107040,296017,874320,317000,376600,630800
AIZR,OLQVR,30960,0,0,6240,0,0,0,0,0,0
BAGL,RMDVL,79800,0,0,2160,0,50688,177120,17000,61000,204160
BWM-DR03,RMDVR,37800,16384,18480,4560,10560,125368,0,47400,23200,74480
AIZL,RIGR,3120,128000,40560,0,18840,332175,170400,426900,56400,280960
BWM-VL05,CEPVL,186360,0,192840,453600,532080,839393,1846560,767700,453200,709760
AIAR,PVWL,0,0,0,0,0,0,7920,0,23400,0
PVPL,RIGL,113160,142592,42360,158400,990480,107796,953040,957400,1447000,911120
SIADR,SMDVR,281280,780800,345240,669960,1666560,1377024,1891200,1260800,1555000,1669520
ADFR,AINR,0,0,1560,0,0,249047,0,0,0,0
AQR,SMBDL,0,0,0,0,380640,0,155520,0,0,0
AIAR,RMFR,0,0,0,0,36840,0,0,0,0,0
SIADL,SIBDL,423480,775936,556680,552120,2304600,2060636,2092800,986800,2824400,1737840
BWM-VR05,SMBVL,0,39680,0,0,0,0,0,0,0,0
ADFR,RICL,0,0,0,0,0,116582,469440,0,0,0
ASEL,IL1R,0,0,8760,68760,39720,8448,182160,0,124000,6280
BWM-DR04,RMDDL,137520,710144,598680,272280,1853520,2602659,2469120,1185300,1043400,1146400
PVT,URYDL,53640,136448,53880,59160,80640,138547,184080,102400,20800,68560
AIBR,RIML,1150920,2302720,1679880,1561560,3484800,3808696,5404320,3772400,3739500,4959520
ALNR,AVDR,0,0,0,0,0,0,0,0,0,12080
SDQR,SIADL,0,0,0,134160,131160,157808,546240,26000,984100,404200
RIBR,RMED,257160,402944,300120,632280,1566720,975912,1842240,761800,1146800,1525520
RMFL,RMFL,0,0,0,0,14520,0,16080,0,0,0
RIVL,RMDL,252600,0,389520,457920,122640,1630126,1375920,1758000,1466600,1533720
AVAL,RMDDL,153960,125184,13680,2640,0,21288,0,0,0,0
IL2DL,OLQDL,354000,879360,686280,457560,1531800,1431091,1882800,1612600,1786400,1449800
AVDR,IL2L,0,0,0,0,0,0,0,18000,1000,0
ADLL,RIFL,0,0,0,0,0,109486,421440,87800,0,0
ADAR,BWM-VR08,0,0,0,0,0,2365,0,0,0,0
IL2VL,RMEV,199680,291584,188280,284400,321120,511610,581520,421200,251700,349920
ADAR,RIR,0,0,27240,600,0,41902,0,52500,0,7240
AINL,ASKL,199320,139264,29880,84120,4440,0,303360,224000,4200,377880
ASKR,AVDR,0,0,0,0,0,9123,139920,0,16700,8400
RIMR,RMHL,0,0,0,18360,14400,0,180720,0,0,0
AQR,AVKR,0,0,0,9360,343080,182138,106320,318600,209400,310960
BWM-VL05,IL1VL,0,0,0,0,0,0,0,0,5000,0
RID,RMFL,0,0,0,0,0,2703,0,0,244600,27440
ALMR,SIBVL,70920,186368,2400,38640,0,991795,260400,404200,0,472800
RIVR,RMHR,0,0,0,362160,1112040,75018,153840,48000,7600,10960
AVHL,RIGR,1440,0,0,0,32880,170649,150720,0,77400,47520
RIS,URYDL,3840,82944,53160,44760,105000,224716,312960,468400,171800,486160
AIMR,AVDL,0,0,0,0,0,0,7200,258200,499100,252080
ALMR,OLQVR,0,4608,0,0,0,0,0,0,0,0
AIBL,PVQR,600,0,0,0,0,0,0,0,0,0
BWM-VL06,RMDL,94920,92416,65160,138600,21480,92252,387120,394200,108800,32680
CEPVR,SIBVR,41520,37120,0,1560,12360,0,0,0,87800,0
AIYR,ASER,1103040,1720832,1196760,2189880,3281280,4020910,6569520,3018600,3694800,3244520
AIZL,AVKR,31920,214784,720,0,1200,85155,276480,109200,170400,41360
RIS,URXL,7560,0,98160,0,0,0,0,0,0,0
AVBR,FLPL,0,0,0,119160,720,595752,234000,554500,343600,290800
IL1L,RMDL,165360,231680,447240,272760,507480,908328,1306320,1175200,1030800,1473720
IL2DR,PVWL,0,0,0,0,0,0,63840,161700,130100,92560
ALNL,RICR,0,0,0,0,99600,0,0,101400,39400,0
IL2VR,RIPR,626040,1115648,753960,987960,1940520,2690181,3494400,1188900,1561100,1455920
BDUL,RMDDR,0,0,0,0,0,0,5760,0,0,0
AQR,URAVR,0,0,0,11880,26640,0,0,35400,0,0
BWM-DR02,RMER,0,4608,26640,5520,0,40550,32160,0,0,13120
RMDR,SAAVL,0,28160,27480,0,101880,15544,0,4400,29200,0
ASHR,SIBVL,0,34048,0,27600,720,0,215760,0,0,0
PVPL,SAADL,0,0,0,0,144960,0,289200,0,0,0
AVDL,PVWR,0,0,0,0,0,0,0,0,0,62960
ASER,OLQDL,0,18432,6120,4200,66000,34805,29280,0,54200,0
BAGR,RMER,129240,0,42480,0,0,0,0,0,0,0
ALML,PVR,326520,1086208,765600,450120,1733880,1238476,1380960,551800,910500,788320
ASHR,OLQVR,0,0,0,12720,0,0,0,0,0,0
AIBL,AVBL,257760,645632,596760,749520,909000,1665945,3077520,2223800,1802200,1650800
AIMR,AVEL,0,0,0,0,85440,0,262320,0,192200,0
ADAL,SAAVL,88080,26624,19680,50760,9360,0,676800,47800,48600,56520
AVAR,CEPDR,0,6400,7440,2040,270000,32440,0,0,5800,60320
SAADL,SAAVR,722760,966656,492480,783600,716760,946176,861840,761500,619800,435240
BWM-VL05,BWM-VR01,0,0,0,0,70800,0,0,22600,28700,0
RIGR,RMED,74640,412928,206160,370920,887160,196669,730800,245000,125600,553880
AIAR,ASGR,924120,1439488,796560,1087800,3414120,4590643,6181920,1548800,1310800,1342080
ALNR,DVC,0,0,0,0,0,0,0,14400,0,0
ASER,IL2R,0,0,0,30720,0,14868,53520,0,0,4040
ASIR,SAAVL,0,29440,9360,0,27600,50350,0,41800,26000,98840
AVBL,SDQL,0,0,0,0,242160,0,629040,0,233200,120
AIML,PVCL,0,0,0,0,0,0,5280,0,0,0
AVFL,OLLL,0,0,0,0,0,0,144480,85800,81700,168480
BWM-VL05,SMBVR,0,9472,0,0,0,0,0,0,23400,36960
BWM-VR02,RMFL,0,0,0,0,0,0,448800,843400,265400,507400
PVWR,SIAVR,0,0,0,0,0,0,0,0,0,105800
SDQR,SIAVL,0,0,0,0,0,1689,24720,261200,699200,56960
AIBR,AWBL,46200,57600,59520,0,0,139560,213120,183200,161800,233360
AVJL,PVR,524760,117760,167400,155160,888360,431523,22560,995500,29700,598400
AVKR,RID,8880,287488,74760,0,148320,0,0,0,16000,0
AVJL,SMDVL,0,30208,1680,23880,188400,125706,335040,0,0,0
DVA,RIAL,0,4096,0,0,0,0,735600,0,134600,0
AWCL,RIH,0,0,0,0,0,0,0,0,121600,0
BWM-VL06,RMDR,116040,2304,75360,56760,23160,490659,686160,103000,273200,161760
PVQR,URYDR,0,0,3120,1920,1200,2027,0,0,6400,760
SIBVR,SMBVR,14160,59136,175920,290160,257880,551147,912720,0,46000,202160
ADEL,ALA,0,0,0,26760,0,41902,0,0,0,34800
AVAR,BAGR,22800,70144,15600,45720,132720,267632,340080,178000,295300,155120
BWM-DR02,BWM-DR08,0,17152,0,8640,0,204779,960,0,38200,15120
AVEL,SIAVL,14400,0,0,36720,3600,0,38640,31600,0,0
RIVR,SIADR,0,4096,0,0,0,0,0,0,30500,0
ADFR,RIBL,4320,0,8520,0,0,0,0,0,0,0
BWM-VL02,RMER,307920,873984,1198680,334680,1685520,1582141,1098960,2845000,2568900,2437200
PLNL,RMDR,0,0,0,0,0,0,136800,202500,269400,76920
RMDR,SMDDL,138840,459264,180240,241680,411000,564664,638640,149400,509900,402240
BDUL,URBL,5760,0,29160,18000,0,11489,0,0,0,0
PVR,SMDVL,50640,1280,12720,187680,0,93603,0,0,0,0
AVHL,AVKR,0,0,0,0,0,496742,6240,21800,0,10400
CEPVL,RMFR,0,0,0,0,0,0,580560,438000,428400,471600
IL2DR,RMED,118680,395776,178440,207360,413520,358533,720000,604500,478700,437520
ASHL,AVDL,106920,88832,65880,33240,200160,309872,258960,336600,625400,185440
AVHR,PVCL,153480,671232,375840,144960,1007760,762347,2455200,999000,1622600,1532160
ADAL,SMDDL,22080,47616,77880,65280,0,0,93600,0,172000,14840
DVC,RMFR,0,0,0,0,145080,2850017,3315600,1204800,440900,511200
CEPVL,RIGL,0,20736,0,0,0,0,0,0,0,37760
BAGL,RIPL,0,0,0,14400,0,0,0,0,0,0
AIZL,RIFL,0,0,0,0,13200,0,44160,119900,0,352200
ASIL,CEPDL,12000,37888,0,0,0,0,0,0,0,0
ADEL,PVT,117480,203264,6720,112800,0,307169,84000,0,882100,212000
BWM-VL01,RMER,5640,76800,31440,77760,0,0,0,5000,0,36880
BDUR,CEPDR,17880,0,8760,28800,15960,117596,76080,114000,49300,24040
DVA,SIAVR,771480,1340416,1387800,1004520,2963400,2045767,3773280,2588700,3282200,3029360
BWM-DR03,RICR,0,24576,0,0,40560,72652,0,0,0,0
IL1VR,RIGR,33600,34048,60240,9480,0,62853,103680,0,0,91200
SIBVR,SMDDR,5160,0,0,45360,0,164567,0,0,245800,0
ADAL,AWAL,17280,7168,6480,3840,4320,0,192240,137700,79800,13920
AIBL,SIADL,0,512,0,0,0,0,0,0,0,0
AVER,AVJR,0,0,2280,35760,181320,0,21840,0,0,0
OLQVR,RMDVL,442440,706048,685800,480480,1477320,2291773,2748480,2065400,2196600,1343200
PVWL,RIMR,0,0,0,0,0,0,0,203200,307900,492720
ALNL,AVJL,0,0,0,65760,17880,0,4800,0,0,0
PVWL,SMBVR,0,0,0,0,0,0,960,0,0,83680
AIML,SMBDR,0,0,7320,15720,0,0,0,161400,0,0
AVFR,RIPL,0,0,0,0,0,0,0,1398000,3249200,1498800
PVCR,RIR,9960,0,0,600,73080,29061,0,482400,0,640
BWM-VL03,SMBVL,102840,174592,51120,114240,84000,307169,636960,520400,440300,621120
AINL,URBR,0,5888,0,0,0,5406,0,0,132700,65240
AVHL,URAVR,0,0,0,0,0,0,0,0,28900,0
AIBL,DVA,135840,151040,69000,278160,539160,553175,768000,663600,514400,1335600
PVWL,RMGL,0,0,0,0,0,0,1065600,615300,295100,801800
AIZR,AWCL,22440,146176,215280,191160,596520,828241,652320,1206200,865600,812520
ALA,SAADR,0,0,0,3960,0,0,0,0,0,0
ASHL,AVEL,27960,9984,30720,0,145560,84142,99840,65300,94400,18320
RIPL,SMBVL,0,0,0,0,0,0,0,0,64500,0
AIBR,PVCL,0,13056,0,0,0,0,0,0,0,0
AVEL,PVWR,0,0,0,0,0,0,0,0,0,28880
IL2DR,SAADL,0,0,0,0,9840,0,0,0,0,0
RMED,SMBDL,87720,109312,159120,178200,64560,397056,329040,964900,794600,707120
CEPVR,OLLR,434880,657408,262800,648240,909360,1404395,3095760,1546800,1925200,1249200
AVKR,SIADR,185520,414976,262200,194760,1183800,548782,351600,761200,963200,1085760
DVA,URYVL,19080,64000,46560,84480,39000,23316,104400,0,0,293760
ADLR,AVBR,0,4864,0,0,188040,94955,12000,0,0,160
ALML,ASKL,0,0,27000,0,0,0,0,0,0,0
CEPVL,RMED,0,0,0,0,0,5068,0,0,0,0
BWM-VL05,RMDDL,37320,0,101880,88560,252240,190586,24720,59400,99200,27360
AVHR,PLNL,0,0,0,0,0,0,0,0,0,2000
PVT,SIAVR,0,0,0,0,242640,0,2400,0,0,0
ASGL,AVBL,5640,0,0,7920,0,105768,0,0,158800,0
BWM-DR02,SIBVR,0,0,0,0,0,13516,0,0,0,0
PLNR,RMGR,0,0,0,0,0,0,1811520,2549400,1645700,2454720
ADAL,PVPL,246600,354560,91680,250560,237960,666040,535200,1031200,37200,443280
PVWL,SMDDR,0,0,0,0,0,0,0,174600,26000,0
AVJR,CEPDR,7440,35328,13080,11760,88200,66570,28800,32800,46400,72960
DVC,RMED,0,341760,232680,206160,484680,257832,666960,291200,260200,360320
AIMR,AWCR,11160,3328,0,11400,0,31764,31440,250300,76900,363680
AINR,OLQDR,26880,70912,16680,21120,86040,90562,76080,289400,67800,137920
BWM-VR04,OLQVR,8640,0,0,0,2400,0,5040,0,14700,14160
BWM-VR07,IL1VR,0,0,0,0,17160,0,0,0,0,0
AVAL,RIBL,124800,290048,69360,226440,525480,401448,1296240,688500,212000,351440
AIYR,PVCL,66240,43520,7440,0,0,8785,50880,0,135400,0
ALNR,AVKL,0,0,0,0,0,163891,148560,169400,329000,181840
DVA,RIBR,5880,93952,10200,80520,282840,224716,112320,791400,112100,241320
BWM-VR01,RMEV,73800,58112,44880,23400,2160,32102,122400,210300,49800,77400
RIML,SAAVL,572040,1414656,833040,1517160,1800480,2057594,4951680,2973200,1538400,2782880
ALNR,RMHL,0,0,0,0,256560,744775,1170240,1664700,1423800,1837200
PVCL,PVT,0,0,0,0,88320,0,0,0,0,0
RIAL,RIVL,323760,503040,313440,437520,1047000,1232056,1412640,1084800,1326800,1388480
PVT,URYVL,212760,186624,138120,189600,282720,226068,240240,275400,365500,256200
AVJL,BDUL,307560,531200,286560,180360,86160,180787,477840,154600,276800,163120
IL2R,PVQR,0,0,15000,75960,2640,25006,6240,0,0,0
BWM-DR04,BWM-DR08,21480,28160,239400,151080,221160,244992,851520,1463200,431100,15360
IL2L,RIFL,0,0,0,0,0,0,0,0,0,185920
AIBL,ASJL,0,0,9960,0,0,0,15600,0,0,0
AVAR,FLPL,278280,86016,237600,0,536400,769105,3108720,1859900,790600,2101760
ADFR,SIBVR,0,112128,41400,172320,0,350423,729840,135800,240400,179440
AVHR,AVM,0,0,0,0,0,123340,658560,79400,777200,114080
PVQR,RIFR,795720,838400,597840,249120,1402920,1078302,374400,109300,548300,481360
RIS,SIAVR,0,195840,44400,130320,135360,71639,343680,0,112700,69760
ALMR,AVJR,39720,150272,102960,17280,12840,301424,354000,367000,505600,394000
IL1DR,SMDDL,0,0,0,8280,104280,15544,37680,457800,494600,553200
RMHR,RMHR,0,0,0,12600,0,0,0,0,0,0
ADAR,RMFL,0,0,0,0,0,135843,0,0,0,0
PVT,RIBR,199200,47104,105600,40680,127440,832296,591360,538300,291200,459760
AVFL,OLQDR,0,0,0,0,33840,0,64080,0,43800,85080
BWM-VL05,RICL,69480,0,0,2880,6240,0,0,0,0,0
CEPDL,RIH,218520,589056,143280,214680,805320,1368576,1258320,1481500,1285400,699080
RMFR,SAAVR,0,0,0,0,0,3760711,184560,0,0,0
OLQVR,RICR,300000,164096,276120,119280,376800,349071,398400,841700,196300,237320
BWM-DL06,RMHR,0,0,0,0,0,11489,0,0,0,0
RIML,SMDDL,322200,558592,455640,729720,1282200,2217431,2706960,2047400,2092400,2600160
ADEL,RMEL,0,0,0,0,0,0,0,10200,0,117960
AVFR,RIPR,0,0,0,0,0,0,0,1097800,378200,677480
BWM-VR06,SMDVL,0,0,7320,13560,13800,79749,10320,0,0,32480
AIYR,SMBDR,0,7168,63600,0,0,0,248880,0,0,0
IL2DL,SIBVL,22800,0,79320,0,0,0,0,0,0,2640
AIMR,RID,0,0,0,0,0,0,0,0,6000,0
AWCR,RIVL,10560,0,4680,0,0,0,0,0,27600,0
AIBL,ASHR,0,0,0,44400,0,0,0,108200,0,15600
RMED,URAVR,180840,358912,400320,364560,502800,906301,1400400,1372800,979400,1377600
RIAL,SMBVR,0,0,34920,1800,46920,47308,42960,76400,0,64320
AVDL,SAAVR,6840,41472,0,0,1080,0,0,0,0,0
ALNR,CEPDR,0,0,0,0,0,0,151200,166600,7900,42360
RICL,URXR,0,19456,4320,45120,546240,423413,930720,115200,321900,90960
RIS,URYVL,83040,179968,142200,98520,312600,187545,296160,752800,612200,443920
ASHR,AVJR,26640,96512,63480,23760,185520,224040,26400,995400,516800,361200
PVCL,URADR,0,0,0,0,57120,0,0,0,0,0
AIBR,AVM,0,0,0,29040,2280,0,0,0,0,0
RIAL,RMGL,32400,31488,0,0,0,0,5040,0,0,0
OLQVL,RMFR,0,0,0,0,0,0,10800,265800,17400,293520
BWM-DL03,CEPDR,0,30976,20520,39480,0,0,0,0,0,0
BDUR,FLPL,0,32256,0,76800,156240,0,0,0,67600,0
AVBR,AVER,126120,346368,325800,458520,1283520,734300,2985600,349300,1754700,1003600
OLLR,SIBVL,0,2048,480,0,70800,122327,0,138200,178100,0
BWM-VR03,RIAR,0,0,34680,0,0,0,0,0,0,0
ADEL,RMDL,0,0,0,41760,0,107796,469440,167300,552800,1354240
BWM-DL06,BWM-VL04,0,0,0,0,149160,183152,0,43800,85600,54160
AVDL,RIS,0,0,0,0,2880,0,0,0,0,0
OLQVL,RIGL,85800,136192,160440,160800,313320,725176,971040,614900,564800,535000
RMEL,SMDVL,0,0,0,0,0,0,0,11400,42400,42000
SAAVL,URBL,5880,55808,36000,1920,0,0,0,0,0,0
OLLR,OLQVR,113520,193536,207240,307320,336240,579532,738000,2579200,1683400,1211520
AUAL,CEPDL,6720,82432,4080,71280,202680,0,444240,0,0,329040
AVER,SMBDL,6120,47616,99720,145200,130200,725852,676080,168400,300200,201040
PVR,PVWL,0,0,0,0,0,0,2591520,4183900,5082500,262800
BWM-DR04,SIBVR,38640,14080,44880,57480,22920,104079,84720,153400,115800,104640
PVR,RMFR,0,0,0,0,0,0,126720,0,8800,0
RMDVL,SIADL,54240,237824,143160,122400,447120,494714,908400,333400,389400,570560
AWBR,HSNL,0,0,0,0,0,0,1356960,0,0,0
AIYR,AVM,0,0,0,0,12600,373739,83040,0,240000,246640
RIAL,SIBDR,0,0,16680,0,0,0,13200,108300,25400,116720
AVAL,SIBVR,34200,206336,0,106680,7800,0,0,0,184400,0
SAADL,SAADR,369360,1127168,653640,771000,1370040,1619312,3396000,798900,1640900,1664240
RIBL,SAAVL,0,0,0,0,3240,0,0,0,0,0
AWCR,IL1DL,40920,33792,3720,20760,49320,34805,61440,104400,85000,87680
BWM-DR02,OLLR,22080,8192,15120,0,0,0,0,0,0,0
AIAR,ASHL,0,0,0,0,0,0,16080,0,0,0
SIADR,SIBVR,179520,381696,345720,183600,172800,646440,711120,418200,573200,695600
HSNR,RIFR,0,0,0,0,0,0,914400,0,0,0
RICR,URXR,155880,91648,53760,279480,493560,653875,2238960,847400,628000,166680
RMHR,SIADR,0,0,0,36720,195720,0,175200,87600,182200,121360
RIH,RMFL,0,0,0,0,797400,238233,1076640,0,58000,0
AQR,RMEV,0,0,0,0,30480,0,0,0,0,0
RMDL,RMFL,0,0,0,0,0,790732,1735680,3088100,2344800,2793560
AINL,RIH,61200,0,44760,2040,104520,105093,203760,248400,0,123680
RIGL,URAVL,0,82432,75240,49680,8040,16896,19200,151800,40200,206440
ASGL,ASJL,73320,122624,61800,178560,128520,120299,1324320,789600,2352400,2056240
RMEV,RMHL,0,0,0,0,0,0,12240,0,170900,63720
AVJR,FLPL,0,0,0,0,0,235530,85680,137300,0,0
PVPR,SIAVR,0,5376,95280,46320,399360,0,222720,0,0,0
SMBVR,SMDDR,92160,34816,46560,200640,13440,11489,0,0,16600,0
RMFL,URYDL,0,0,0,0,0,0,234480,0,0,0
ALA,IL2L,6240,75776,24480,101040,53880,74342,161040,271300,433100,296920
AVER,AVKR,432000,730880,251400,535080,2569680,1732515,1745040,1595600,2309000,2002800
AIAR,IL2DR,1440,0,1200,6240,10200,0,0,0,0,0
OLQVL,RMED,24840,0,28080,110280,137400,138547,303360,315300,268400,15240
AVAR,RMDVR,225360,47104,104040,174120,87600,306155,764640,106900,312200,136000
AVJL,URBR,58320,35840,20400,136800,0,213903,138960,107400,0,14480
BDUL,BDUR,231000,140032,39840,454800,312360,130437,124080,275400,410200,401120
RMDVR,RMHL,0,0,0,112200,440880,327106,565440,339800,93500,692240
RMFL,URXL,0,0,0,0,0,24668,247920,0,0,0
ASHL,RID,161880,152064,33000,26760,13440,65894,1040640,605000,601600,402160
AWCR,SIBDR,147720,224256,133320,36240,173760,380160,246240,364000,363600,301760
RIBR,RMDVR,0,3840,0,54000,47160,67246,48720,55800,0,45680
RMDDR,SAADR,104880,452864,105240,557640,833400,818442,1403760,741600,599000,847040
RIBL,SMDDL,120480,172288,85320,147120,182880,349747,574080,160200,186200,226080
ADFL,SMBVL,324360,759552,502080,726720,1219320,1468938,1557840,2120200,2453400,2347040
PVR,URBR,39240,26368,0,3840,0,5744,56880,0,35800,1400
AFDR,AUAL,7200,35328,24960,0,146760,0,0,0,101400,133960
ASGL,SIAVL,0,0,0,0,0,0,2880,0,0,0
ALNL,AVFR,0,0,0,0,0,3379,0,30400,0,0
AIML,URBL,0,0,0,0,10440,0,0,429300,278200,188640
ADAR,SDQR,0,0,0,150720,263280,669757,487440,879600,0,220960
ASER,OLLL,0,1792,0,0,73080,0,134400,0,0,249640
RID,URYDL,56040,111872,24360,68520,81000,77721,158640,128200,8100,0
AVM,SMDDL,0,0,0,0,0,0,0,0,29000,0
RMGL,SAAVL,206520,708608,181560,268800,525960,231137,739680,149200,428200,259040
SMDDL,URADR,0,0,0,0,0,0,0,162000,229200,74440
AINR,URADR,0,0,0,33960,0,0,8160,0,0,0
BWM-DR06,BWM-VR06,0,0,0,0,0,0,0,0,13700,0
RIFL,RIGL,0,0,0,0,0,0,242880,0,0,0
BWM-VL05,RMER,0,0,0,2040,0,0,55920,0,0,0
PVQL,URYDL,6600,0,3480,0,3120,0,0,0,4200,4880
AWBL,BAGR,0,0,0,0,0,34129,0,0,0,0
AIZL,ASER,354720,652288,305640,127560,1199160,1176637,1130880,764200,1006500,532240
ADLR,URBR,0,0,5760,6960,119520,18585,55680,0,20600,257200
RID,URXL,0,0,0,0,19920,0,0,0,0,0
ASKL,AVDL,0,0,0,0,3720,41902,230880,0,0,31200
BWM-VL01,OLLR,0,0,0,0,4560,0,0,0,0,0
ALMR,SMBDL,137640,390400,376080,319200,488280,679219,633360,236200,432000,953360
AVEL,RIS,151680,589312,288600,279120,749520,836689,1427520,1180600,1980600,1565200
OLQVL,SAADL,0,0,0,0,0,0,0,0,2500,0
RIAL,RMGR,0,13568,0,7200,81600,151388,187680,0,94200,3040
RICL,URAVL,17280,4352,0,1560,0,0,7200,0,0,0
OLQDR,OLQDR,0,0,0,6840,0,0,29520,0,0,0
AVDR,RIGR,0,0,11400,8640,12240,0,5520,522000,129600,21160
AVBR,HSNL,0,0,0,0,0,0,1004400,0,0,0
AVJL,SAADL,21360,31488,0,0,0,0,0,0,0,80
AVFR,AVFR,0,0,0,0,0,0,0,1049200,0,0
ADLL,PVCL,0,19456,29160,0,515760,579532,36960,27000,0,54480
AVFR,PVQL,0,0,0,172560,1612440,1530777,2690880,1100200,2000900,3345040
AVAR,BWM-DR07,0,76032,0,0,0,0,0,0,0,0
SMDVL,URAVR,0,0,0,0,0,0,0,186900,0,139480
AVKR,IL1VL,0,0,0,0,0,0,0,0,24400,57120
AINR,CEPVR,0,0,0,0,0,6420,0,0,0,0
RIMR,RMDVL,5040,0,6360,5040,29880,0,0,12800,20600,0
AIML,AVHR,0,0,0,0,0,0,410880,535100,667600,417360
IL1L,RID,0,0,0,0,0,0,83520,0,0,0
OLQVR,RIPR,279480,418304,53520,235200,610200,434565,1342320,524700,461600,669040
RMGL,SMDDL,319800,417792,440280,44760,197760,50012,526800,20800,243600,50720
AVAR,RMDVL,52200,125952,0,0,25920,0,0,0,0,1040
ASEL,SMBVL,70920,73984,6840,4680,0,0,0,0,0,1880
AINR,AUAR,195840,495104,323400,427320,312480,1696696,1125600,672300,788600,655680
AUAR,OLQDR,15120,8192,12840,11640,12840,40888,0,6600,0,4320
RIVR,SMBVR,0,2560,0,0,0,0,0,0,0,0
ASHL,SIADR,3360,42752,10200,0,17160,0,0,0,0,0
AWAL,PVQR,163320,216320,0,69600,249480,117934,0,28400,0,0
BWM-DR04,OLLR,0,0,0,0,1200,0,0,0,0,0
ADEL,AVDL,0,0,0,62400,156360,122664,213840,20300,24400,0
BWM-VL07,RIVR,0,0,101280,125520,300480,354816,819840,449800,764400,277280
RIBL,RIR,0,0,29400,7560,2400,13178,0,47600,1400,0
AVFL,URADR,0,0,0,0,60240,0,48480,0,73000,55440
AVDR,SMBDL,2760,76032,22080,0,3840,0,0,0,138400,510960
RIVR,RMGL,184080,205824,146280,40800,839760,375767,1104000,28200,112200,143280
AVM,PVPL,0,0,0,0,0,141250,88320,104100,83400,102400
AIYL,PVQL,47400,9984,15240,73080,14280,184504,92160,0,0,0
AVKR,RIVL,52800,55040,186720,30960,10320,0,137040,465600,340200,131920
DVC,FLPL,1560,247808,108480,0,60720,0,2880,0,0,71600
BWM-VR06,PVWL,0,0,0,0,0,0,0,21300,0,0
AVAL,OLLR,0,0,0,0,0,31088,0,0,14000,0
AVHR,HSNR,0,0,0,0,0,0,687840,0,0,0
BWM-DR04,SIADL,0,0,0,0,0,0,0,0,17800,0
AFDR,ASHR,0,0,0,0,23280,0,0,0,0,0
BWM-VR06,RMFR,0,0,0,0,0,11827,0,0,0,0
BWM-DL01,URYDL,4200,0,1200,18960,25440,11489,86160,0,0,0
AVBR,AVJL,666000,1057792,853200,537480,1447080,2198845,4929600,3048800,4032700,3501160
RIGR,RMDVR,0,0,0,0,0,90224,0,0,0,0
AVAL,SIADL,1560,0,3120,5880,3240,0,623760,0,47200,0
RMDL,SDQR,0,0,0,31920,0,0,0,0,0,0
AUAL,AVDR,0,42240,15360,51960,148920,147671,173040,338400,226400,281520
AVAR,AVER,11040,12800,37680,195960,114000,188559,1511520,87000,322000,110840
RIVR,SIBDR,115440,449792,143520,277800,593880,1207050,948000,209300,714200,1023520
AVFL,CEPVR,0,0,0,0,35160,0,69360,102200,0,135480
ADAR,AIMR,0,10496,0,17280,0,23654,92640,344500,0,67000
AVAL,DVA,191880,222208,209880,479400,258480,904273,1390800,684300,1153300,836960
IL1DL,PVT,41280,0,1680,22920,50280,40888,96240,80400,27000,56080
OLLL,SMDDL,103200,44800,54000,96840,70200,597442,567120,115200,750000,320560
RMFR,SAADR,0,0,0,0,105600,1364858,3182640,957800,2288200,2750560
AIYL,RIR,177840,382976,252840,45120,434400,850206,1126800,1183200,1469200,1732200
AQR,PVPR,0,0,0,2178360,3652200,4023613,5846160,2239600,4146800,4647240
AVDR,AVKR,44280,0,0,0,0,0,314160,0,0,0
AVKR,RIMR,831240,1134336,876960,930720,2360520,3229839,6197280,2090800,2613600,1348080
AWCL,URXR,14880,0,0,17160,0,0,0,0,26100,0
AVKR,SMBVR,1320,16896,128880,143880,491880,273715,2069520,55400,657100,209920
BWM-DL05,SMBDR,56040,221952,26280,94920,218760,559933,953760,867200,1182000,998400
AVDL,OLQDL,41760,25344,22320,57120,43800,78397,0,0,0,0
IL2DR,RMDVR,7800,60928,51840,15480,53640,0,95520,21800,0,66000
AVKL,CEPDL,0,0,0,6120,0,0,0,0,0,160
HSNL,PVQL,0,0,0,0,0,0,3927360,0,0,0
RIVL,URYDR,32520,87552,40920,26160,37920,40888,97440,66700,70900,29280
OLQVR,PLNR,0,0,0,0,0,0,0,12200,107400,110560
AVBL,RMFR,0,0,0,0,0,0,0,116400,55400,319120
AVKR,RMGL,351120,410880,237480,213600,918720,157808,210000,459600,140200,694480
IL1R,RMFL,0,0,0,0,0,0,54720,595100,216100,807520
BWM-VR06,URBR,0,0,0,0,0,43253,0,0,0,0
AVDL,IL2R,0,0,0,0,0,0,0,0,20700,0
AVKL,SMBVL,12480,0,64920,27600,1234680,253777,2952000,95600,587100,257640
AIBL,SAAVR,54600,45824,28320,15480,110640,0,18480,0,111800,170160
PVCR,SDQR,0,0,0,0,2760,0,0,0,0,0
BWM-VL07,CEPVL,0,81664,49200,45960,375960,214241,1950960,442800,345400,383960
RIGL,RIGR,291720,798720,522960,173760,907680,1599037,1622880,1311800,1635400,1959840
ADER,ALA,0,0,0,0,7560,8110,13440,0,0,108720
AVJL,RIH,30600,0,0,0,0,102389,0,0,0,0
OLQDR,PVT,20760,65536,30960,17400,59160,162201,22800,240600,210300,81920
AVKR,SMDDR,123720,199936,296520,11160,359760,436254,434640,1016200,333600,603840
AVAR,RICR,286800,373248,287400,607440,1394280,2570219,3009120,1860600,1754800,655840
AVKR,SIBDR,0,0,12120,33360,0,0,0,0,0,0
RMED,RMEV,2169600,4494080,4345080,4421760,10185600,10292029,17434800,5208600,8010800,6401520
ASER,OLQDR,0,0,0,10320,23280,5406,0,0,0,0
BWM-DR06,RMHL,0,0,0,24720,0,0,0,0,0,19720
RIVL,RIVR,625200,1900288,882600,853080,2469360,1929861,4104960,2934400,3584200,3831600
RIVL,URADL,0,0,8640,27960,0,0,0,0,0,0
CEPDR,IL1R,32880,43776,20760,44520,0,40888,50880,194400,135400,318600
ADAL,RIML,329520,447488,609360,765720,2330640,2964572,6495600,4233600,3336200,3157720
AIZL,PVCL,0,0,0,0,50520,0,0,0,0,0
URADR,URXR,12360,0,60360,0,421320,0,45360,0,187000,402280
AIBL,RIS,0,271104,114240,81960,1496880,675502,486480,239300,886800,895760
RMEL,URBR,135240,1536,0,1920,0,0,0,354000,337100,599640
RMFL,SIAVR,0,0,0,0,0,87521,0,4400,81800,0
BWM-VR04,SMBDL,0,0,0,0,0,0,0,0,0,7120
CEPDL,IL2L,0,141568,0,0,0,0,0,0,0,0
RMDR,SDQR,0,0,0,0,0,0,18960,12100,0,0
ASKL,AWCR,0,0,64800,0,0,42915,0,0,0,0
AUAR,PVT,0,0,0,0,0,0,0,0,0,6120
ADER,PVT,38760,112640,15960,2400,120,136857,544080,0,519300,7760
AIYL,ASIL,64200,555264,557280,71040,246960,626165,107520,47400,0,385120
CEPVL,RMDVR,195960,145920,162480,39000,182880,186193,409920,646800,285800,400800
ASJL,SAAVR,41640,38400,63000,16800,65640,0,50640,0,0,161880
ASER,AWCL,392400,251136,655440,1183200,834840,1520977,1566480,397100,850900,433440
SMBDL,URXR,0,7680,0,0,0,104417,403920,31800,0,0
PVWL,SIBVR,0,0,0,0,0,0,14160,0,0,0
AUAL,DVC,0,0,0,2160,0,0,0,6600,19300,0
AFDL,RIGL,0,0,0,14520,0,0,0,0,0,0
IL1VL,IL2L,0,0,3240,112560,72360,85155,324000,177800,164100,3280
AVDR,RIFL,16680,196352,39000,200880,502920,101038,169680,16000,380100,135600
SAADL,SIBVL,111240,501504,106680,89760,255120,782284,190320,261900,618600,146000
AVHL,PVPR,931560,1256448,936360,2060760,2457600,2583736,6215280,1694200,3710800,2407320
AIAR,RICR,0,1792,0,0,0,0,0,84400,102800,278800
BWM-VL06,RIVR,0,0,0,0,150000,80762,738480,61500,11100,66480
AVEL,OLQDL,0,0,0,0,0,0,0,0,0,1520
BWM-VL01,BWM-VL02,148440,244480,394800,701160,1168080,1673717,2203920,2482900,4566100,4269200
BWM-DR06,CEPDR,136320,590336,295080,247080,270240,1065461,770400,580400,126800,444880
AIZL,SMBDR,3000,119296,150240,0,471240,58122,96720,111000,37700,291760
ALNR,BWM-DR07,0,0,0,0,0,0,0,80000,0,0
AIML,BDUR,0,0,0,0,0,0,157200,0,0,0
ALML,PVCR,0,0,0,429600,0,0,0,0,0,0
BWM-DL02,SMBDR,38880,45312,23400,22320,68160,78735,49200,145300,129200,303760
AUAR,URADR,0,0,0,5040,0,0,0,0,0,0
BWM-DL03,BWM-DR07,0,0,0,0,0,0,1680,0,0,0
AINR,AVDL,0,0,0,0,0,0,6960,0,0,0
RMDDL,RMFR,0,0,0,0,0,0,0,7400,0,0
ADER,URADR,0,0,0,0,0,0,0,32300,0,0
ASKL,RID,0,0,0,0,0,0,0,32200,0,0
OLQVR,RIR,44280,43264,57480,1680,135480,75356,7920,132600,1600,123320
RICR,SMDDL,233760,636160,295920,140520,444600,1216174,1017600,2406200,857400,421120
IL2DL,SMBDL,0,0,0,0,0,0,0,193500,116000,23240
OLQVL,PVCR,46560,0,0,72960,0,0,0,0,0,0
SAADR,SAAVL,552600,933888,687960,401640,1165080,483225,941760,353000,359800,719440
SIBVL,SMDDL,15480,0,0,0,1950240,62853,0,0,623900,62480
AVJL,PVCR,150360,1295360,1072440,630600,1588440,778567,2104080,1995400,1627200,1918800
RMHR,SMBVR,0,0,0,6000,1560,337,17760,455700,127200,77680
AVJR,RICR,4920,66816,0,0,0,135843,533520,775600,150500,63720
BWM-VR04,URAVR,0,0,0,15720,20400,64880,246960,0,109300,2120
AVHR,BDUR,11160,0,104040,491760,0,0,479040,357900,143700,323480
BDUR,HSNL,0,0,0,0,0,0,184800,0,0,0
AWAL,SIAVL,1320,1792,0,0,0,0,0,0,0,0
OLQDR,RMEL,4320,0,0,0,0,0,0,0,0,0
AIML,ASEL,2520,31232,143640,240,11040,0,0,56400,353000,534920
BWM-VR02,SIAVR,5760,0,0,0,0,0,0,0,0,0
AVKR,RICL,7560,17664,49920,44520,289680,219648,474000,170800,140400,310280
AUAR,CEPVR,53760,145408,63720,146040,174360,225392,0,266200,0,318400
ADER,CEPVR,0,0,0,0,145320,268646,240000,259200,60600,144400
ALNL,RMFL,0,0,0,0,0,108810,0,419600,144500,297760
ADAL,AWBL,81720,181248,76920,56280,147000,153077,273360,504600,589600,370400
BWM-DL05,RMDDR,102240,107008,290880,324840,1173840,943810,2118720,782400,1234000,871520
AIAR,RIPL,0,0,0,0,0,0,0,0,0,161640
AIMR,SMBVR,255120,320000,124560,94920,247560,590346,299520,197400,716200,349760
IL1DR,RIML,0,0,0,0,5280,0,0,0,0,0
IL1VL,SIBVL,27720,16128,8400,20880,49440,48998,112080,41400,86200,35760
ADAR,AIBL,105480,157440,56400,120480,145560,152064,36480,35000,0,176520
ASJR,IL2DR,3000,0,15000,3720,0,0,0,37200,0,59680
AVER,RMEV,15240,65792,69600,37920,142680,266956,154800,157500,331000,214480
ADEL,RID,0,0,0,10080,0,0,0,0,0,0
BAGL,RMFL,0,0,0,0,0,0,2055600,0,144600,0
AVBL,CEPDR,0,0,0,0,0,0,0,85600,45800,12400
URADR,URAVL,1800,0,0,0,0,0,0,0,0,0
AIZR,RMEV,0,3584,0,0,0,0,0,234700,0,0
IL2DR,RICR,6360,44032,60480,24120,39000,145981,122400,342200,159400,343120
AVBR,AVFR,0,0,0,0,346560,145981,304800,0,0,0
BWM-VL06,CEPVL,195480,173312,0,549120,227880,417331,55200,114800,523900,192360
RMDVL,SAAVR,5520,54528,0,0,0,0,0,46800,0,0
RMDDL,RMED,128160,160000,326040,112080,121080,415641,224400,976200,411200,255840
OLQDR,RMDL,0,72704,0,0,1560,0,0,0,0,0
RIH,URYDL,91680,357632,33960,1187400,1249080,1630126,2952960,1688800,1474800,2501760
RMHR,SIBDR,0,0,0,170280,56280,500121,1025280,862600,1488600,870000
PLNR,SMDVL,0,0,0,0,0,0,901680,845000,1241400,726640
SMBDL,URAVL,0,0,0,25680,46680,0,10320,113200,0,0
AUAL,RMHL,0,0,0,10680,0,0,0,0,0,0
ADLL,URBL,29880,0,0,600,0,2027,93840,0,0,0
RIH,URXL,16080,28416,116400,0,154080,386242,287040,1361900,2239200,1525040
AVKL,RMDR,237840,66304,487920,22440,674880,538982,2100960,1049400,119600,583360
AVBL,BAGR,0,0,8160,0,0,0,0,0,0,0
AINL,IL2DL,31920,48896,23160,10560,48120,50688,31680,48500,108200,44480
AVAR,RIPR,0,0,0,0,0,0,29280,0,50000,0
ADLR,IL2DR,16200,0,39960,18120,3600,0,118560,115000,0,21680
AVJR,RIPL,0,0,0,0,0,0,17040,1285000,935400,976560
ADER,RMDL,0,0,0,0,0,458557,861120,470200,407200,314160
AWAL,PVWR,0,0,0,0,0,0,0,66800,0,0
BWM-VL07,SMDVR,0,0,0,0,0,0,116160,21400,0,0
AVL,RIS,1835640,3309824,2415480,1751160,5267280,5780797,13581360,8148800,2607800,4469840
SIADL,SMDVL,508800,866560,393480,719040,1280520,766064,2354640,1148400,1042200,990560
AWBR,PVQR,29280,57856,5880,138000,0,0,0,0,0,169360
AIYR,BDUR,0,0,0,0,0,0,18000,0,0,0
AIBR,RIAR,0,0,0,360,0,0,0,0,0,0
OLQVL,RMDVR,362880,717056,598440,552120,1504680,2399232,1854000,1836700,1824000,1409840
ASER,URADR,0,0,0,20640,0,0,0,0,0,0
AIBR,ASEL,200160,321536,78240,246000,351600,131788,397200,36200,554000,553920
AFDR,RIS,0,0,22080,0,0,0,0,58400,0,0
AQR,SIBDL,0,0,0,71040,46320,46295,242640,137800,553800,197360
RMGR,SDQR,0,0,0,0,17400,0,0,0,0,0
IL1L,IL1VL,203760,207872,256080,234480,426360,757278,1391280,301800,498200,118240
CEPVL,RICR,237840,434688,470280,223560,853200,1369589,1198560,1200800,614000,1176560
ADLL,AVHR,0,54272,71160,170880,383400,337582,678720,313400,38100,262480
IL2DR,RIPL,13200,0,171000,0,0,0,0,0,0,0
OLLR,URAVR,12480,124928,35280,0,18480,7096,0,28600,77300,158680
PVCR,URYDL,0,0,0,0,0,1013,0,0,0,0
BWM-VL07,RMDDL,0,0,0,0,69120,0,434640,0,106100,83280
AVFR,AWAR,0,0,0,0,619320,931645,0,150600,656200,340040
PVCL,RID,107040,678400,408840,1320,1006560,1535846,2989200,1650000,1853500,1329200
AIYR,RIAR,414000,815872,501240,657840,1547280,1809561,2449680,2403100,2067200,2270160
AVER,AVFL,0,0,0,0,0,0,0,0,0,301760
DVC,RICR,0,0,7800,0,0,0,0,0,0,0
RMFR,SIBVL,0,0,0,0,0,938065,6240,0,0,0
AIMR,RMDDL,16200,0,0,1800,0,0,0,0,0,0
AIYR,ASEL,622680,881152,491640,390360,1616280,2320158,1646640,1750800,1847200,1555200
AIZR,AVFL,0,0,0,0,5160,0,0,0,0,0
BDUR,RIPR,0,0,0,0,0,0,0,1726400,2055600,1584360
RICL,RIFL,0,0,0,3720,0,0,0,0,0,0
RMDDR,URAVL,0,0,0,0,0,0,0,28100,0,0
AVDL,SIBVL,234360,520704,409440,238680,381240,1025587,1899600,857600,255200,848320
CEPDL,URAVL,0,0,0,0,0,0,0,27700,0,0
SIBDL,URYDL,9960,25088,0,0,20760,3041,3120,0,800,0
SAAVR,SIBDL,163440,138240,119640,143040,280920,215255,335280,186300,149800,467440
AVDL,OLQVR,57120,59392,52680,16920,49560,51025,95520,51800,310700,117120
RIBL,RIML,304320,575488,353640,813600,1240920,1488537,3222720,908400,1512300,1341760
AINR,AWCR,210600,949248,313200,1027800,896040,440309,882720,599200,220800,717440
AVER,RMHR,0,0,0,30960,0,0,35280,100600,63800,0
SIBDL,URXL,0,0,0,0,6000,136181,0,0,0,0
AINL,AVAR,0,38912,480,29400,95760,11489,123840,858200,264200,369200
AWCR,BAGL,0,89856,92400,263760,44520,22640,740400,87000,108400,85280
ASHL,SMDDR,0,48640,25680,0,17400,0,0,0,0,0
AVKR,RMER,0,0,0,88800,3120,43929,18960,4300,24600,172400
AVKR,RIBL,120,0,600,0,37080,0,0,0,0,0
BDUL,BWM-DL02,4920,0,0,0,0,0,0,0,0,0
ADAL,SMBDR,0,56320,0,123600,277080,38184,350160,46900,0,1200
ALA,SMBDL,0,0,7080,0,0,0,0,0,0,0
AVM,RIML,0,0,0,0,0,0,86640,368200,39600,563120
AIAL,AVJR,0,0,23160,0,0,0,480,53000,0,0
RIVL,SMDDR,714000,1312768,1268160,995520,3309360,4398028,3890400,3635400,4260600,3089320
AVL,OLQVL,37800,62208,46200,38760,150720,147333,403680,186000,151600,100240
SMBVL,SMBVR,21240,148736,102120,0,24360,740044,186960,71200,285400,254200
AWAR,HSNL,0,0,0,0,0,0,878400,0,0,0
CEPVR,SAADR,0,0,0,1080,0,0,0,0,0,0
IL1VL,URAVL,289440,307200,323400,262320,593160,995850,789360,1298300,1288000,1441080
AVDL,OLLL,29520,53760,1680,38280,30480,7434,397200,191600,9000,66160
ASKR,HSNL,0,0,0,0,0,0,1236240,0,0,0
ADAR,SIAVR,45960,105984,88920,170640,344880,164567,202560,402000,556000,111200
CEPVL,RIPL,0,44288,73080,113760,43800,2365,307200,611200,230700,72560
AIMR,AINR,0,0,0,600,0,0,0,0,0,0
AWBL,RICR,0,0,0,0,0,0,0,552200,0,0
AVJR,RIPR,0,0,0,0,0,0,0,873400,427700,358080
RIVL,SMDVR,3840,35072,60240,46680,157320,212551,312480,159800,482400,332080
AVBL,FLPL,0,25088,0,202800,0,487280,354960,50200,884300,494960
AVM,SDQR,0,0,0,0,1708080,0,7920,366700,0,0
AVBR,PVQR,152520,60160,0,0,25560,0,1440,0,0,0
PVT,SMBVL,34920,0,0,0,55200,0,10320,177000,0,0
ASIL,URADL,0,3840,0,0,0,0,0,0,0,0
BWM-VR08,RIML,0,0,0,0,21120,219985,132000,37000,7200,91400
BWM-VR02,IL1R,124800,444160,302880,155520,389520,824186,337920,151400,135000,602200
CEPDR,OLQDR,127320,643072,612480,476640,821040,1713254,1978080,1028800,768000,1403560
AVHL,SIBDL,0,0,0,0,0,0,0,174300,0,0
BAGR,RIH,133320,179712,335760,0,431520,1961963,220080,288600,610100,1038040
RIPL,URADL,545760,1048576,992280,888480,2163480,3358924,3471120,1705000,1914200,1549840
AVHR,IL1DR,11040,43520,21000,21840,40320,39198,29280,54800,0,1040
FLPR,SIBVL,0,0,0,0,0,0,0,0,81600,10480
ADAL,AVM,0,0,0,0,61560,30412,0,0,0,0
ADFL,ADFR,136680,99840,114960,286800,171120,332513,553200,308000,178200,130640
ADEL,RIVR,0,0,7320,390840,0,0,728640,44400,637400,362160
ALMR,AVFL,0,0,0,0,478080,0,0,0,0,0
IL1DR,PVCL,0,0,0,0,34560,0,0,0,0,0
AINR,RID,586440,945152,423840,870240,993240,2244464,4401120,2480000,3241400,2213600
BWM-VR03,BWM-VR06,0,0,0,360,0,0,0,0,223000,0
AUAR,AVDL,88440,234240,61200,75600,243120,110499,0,0,326500,170240
IL1L,SMDDR,11040,0,0,6000,1680,17909,0,0,3400,28640
ADER,AVDL,0,0,0,0,0,0,0,0,0,1440
ASKR,AVJL,0,0,0,0,0,0,2640,0,0,19200
RIR,URXL,586920,952320,923040,1022760,1732560,2316779,5261280,1056500,1799600,1544680
SDQR,SIBVL,0,0,0,490920,2566320,247019,857280,0,500200,462400
IL1L,SIBDR,0,0,0,0,0,0,0,0,0,4480
OLQVR,RMFL,0,0,0,0,0,0,374400,30600,211600,0
AVAR,PVQL,0,58624,0,78000,97920,0,256080,0,53400,0
IL2L,RMDDR,0,0,720,11880,0,0,0,44400,0,29680
AIZL,HSNR,0,0,0,0,0,0,35760,0,0,0
BWM-VL06,SMDVR,1920,14336,9600,15840,0,63191,112560,29200,38600,21600
AVHR,SDQL,0,0,0,0,0,95631,0,0,0,0
AIZL,AVHR,294720,668416,313080,336000,504480,244316,0,10600,102800,75760
PLNR,PVWL,0,0,0,0,0,0,1680,0,0,0
AVEL,OLQVR,94080,46336,67440,37320,136440,55418,97680,114800,10000,267120
ASHR,AVFL,0,0,0,0,682320,1032683,1247040,64400,1286300,0
PVCL,URYDR,0,0,0,9960,0,0,0,0,0,1040
AWBL,RIPL,0,0,0,0,0,0,0,241600,503600,47360
PLNR,RMFR,0,0,0,0,0,0,31440,0,481000,220880
AIBR,IL1DR,10920,8960,0,600,0,12165,79680,0,0,0
ASKL,CEPVL,10920,0,0,0,0,27033,217440,2600,1700,760
RIH,SIAVR,28920,0,6720,0,686520,90562,0,0,0,86000
RMDL,SIAVR,280440,225536,468720,543480,464160,1367562,1777440,968800,1299800,748400
AVHL,URBL,0,0,0,0,0,0,71040,0,0,0
PVT,RMEL,223080,133120,93120,69240,17640,503162,724320,383500,518300,767600
ADER,AVEL,0,0,0,0,129720,0,0,1700,0,0
AVEL,OLLL,0,0,0,0,0,0,0,0,0,6720
AVFL,RID,0,0,0,0,150960,0,508080,23500,442800,111120
ASHL,RICL,44160,3840,75480,255960,201120,74342,101280,287800,251300,125600
HSNR,PVQR,0,0,0,0,0,0,4326960,0,0,0
IL1L,RMDDL,339240,565248,1059600,994920,1574400,1993052,3486480,2171800,3096800,3069520
AVKR,SIBVR,0,0,89880,13680,141240,0,103680,0,0,1520
ASIL,CEPVL,47160,71936,60840,65640,170880,111851,309360,413200,318200,531760
AIYR,IL1DR,16560,0,0,0,115440,18585,0,0,0,0
RIBR,RIR,27600,0,1680,1200,4320,75018,0,133800,233600,80
ALMR,PVPR,1320,0,0,54600,0,0,0,0,1700,0
AWAR,RIPR,0,0,0,0,0,0,0,956800,1617600,366960
AIBR,SDQL,0,0,0,0,0,0,2577840,2945200,1903800,1281600
ADEL,BWM-DL06,0,0,0,0,84840,59136,0,0,0,0
AIAR,PVQL,0,0,28200,0,0,0,0,5300,0,0
AVL,OLQDL,155280,0,18240,92880,221400,79073,158640,215800,8500,118280
IL2L,URBL,468600,940544,459600,371040,912360,841758,1974000,2540100,2921600,1865040
RMDVL,SAADR,279600,396288,224160,205080,657600,710307,705600,314200,608600,560640
RIML,SMBDR,0,0,0,0,0,0,0,0,110000,0
PVQR,SIADL,0,4864,0,0,0,38184,0,0,0,0
RMDL,URYVL,0,0,0,0,0,0,0,0,58400,207320
PVPR,PVT,0,63232,0,337920,0,0,0,0,31800,0
ADEL,CEPVL,0,0,0,0,12000,227420,235200,172800,85000,156440
IL2DR,SAAVL,0,0,0,0,0,0,0,61400,83600,242400
ALA,RIFL,33840,0,0,0,0,0,21600,93600,0,0
BWM-DL04,CEPDL,451680,320256,486000,196800,852840,319334,3531600,143600,186800,484640
BWM-DR06,BWM-DR07,0,0,0,0,0,0,0,303200,0,0
PVT,RMDL,1680,0,0,0,21840,4055,3600,37000,29400,64720
AVL,IL2R,0,0,0,0,9000,0,0,0,0,0
AVHL,HSNR,0,0,0,0,0,0,198000,0,0,0
AVBL,RMDVR,0,0,0,0,0,102051,0,35200,67400,0
SAADL,SMBDL,255720,550912,347520,523440,899280,1149941,1940400,443000,2048800,1456280
PVPL,RIR,847920,1271552,1202640,1631880,1869840,2254940,3963600,829600,1060600,1396720
BWM-DR06,RMDVL,23880,26112,2280,0,0,0,2400,0,0,0
ADLR,ALNR,0,0,0,840,0,0,0,0,0,0
AIAL,SMBDL,0,0,0,0,33960,0,0,0,0,0
PVCR,SIAVR,47160,320000,166440,84120,0,349747,1076880,110200,50600,79280
AFDR,IL2R,19560,0,3480,0,33000,98334,31200,123600,339400,623200
IL1VR,RMDDR,1149360,2097408,1884480,1777560,4841280,5179975,6813360,5409200,4886300,6507280
RIS,RMEL,212280,422144,499080,417840,666960,771471,1932720,1215900,1601600,1627280
CEPDR,PVT,240,0,0,0,0,83466,0,0,0,0
BWM-VR03,RMED,13440,12288,72960,83640,123480,1013760,1188000,378400,682300,325280
ASER,AVDL,0,0,0,0,0,0,0,0,15000,0
AIAR,RIR,0,0,0,0,0,0,240,131000,210200,0
AVDR,PVPR,39840,91136,2160,1920,3480,0,0,0,123000,38560
SIADL,URBR,1800,12544,3840,1920,0,48998,13440,0,0,82760
ADLL,ASEL,72000,314112,391320,48120,1491480,1905530,3029040,1270200,1566600,1474720
AINL,SAAVL,0,0,0,0,0,0,12720,0,0,0
IL1L,RICL,22200,58368,31560,0,0,0,0,796100,761200,749200
ASJL,IL2L,50880,52224,42720,61920,170160,98334,150720,110800,137200,126440
ALNR,AVAL,0,0,0,0,119520,88197,295200,177800,140600,126920
AQR,RMGR,0,0,0,0,0,2027,0,14000,0,0
AVDL,AVJR,68040,107008,11280,32040,81600,72652,141120,57800,135200,48080
BWM-DL05,RIAR,0,2560,0,0,0,0,6240,0,0,0
AVFL,SIADR,0,0,0,0,0,1351,2880,43600,0,22640
ADEL,IL1VL,0,0,0,0,0,0,0,0,0,4880
AVDL,AWCL,0,0,0,0,0,0,1920,0,0,0
PVCR,URYVL,39360,0,0,50280,0,0,0,0,0,0
OLQDL,URXL,56400,0,312120,10680,0,0,6960,0,0,292320
RIS,RMDL,325320,730368,1122600,510120,1995120,2624624,5147040,2002800,2587200,2424400
ADFR,SAADR,5160,0,0,0,0,0,0,0,0,0
BDUL,RMFR,0,0,0,0,0,0,28320,0,0,0
AIBL,AIZR,606000,543488,691080,969840,2496600,1843691,4918800,2332000,2409300,1712080
RMDDR,SMBDL,88080,768,55920,41160,111480,132802,213120,252400,295800,261040
IL2DL,RMEV,69480,69888,178920,200400,166560,243640,479040,281000,78600,213960
PVT,RMDR,0,0,0,0,45960,82790,129360,404600,0,77400
AIAL,AVKR,0,0,0,0,40080,0,0,0,0,0
BDUL,RIGL,0,0,0,0,0,0,111840,0,0,0
RMED,URBL,0,0,0,0,0,0,0,0,0,8080
AQR,URYVR,0,0,0,10320,0,0,0,0,1600,400
AUAR,AWCR,0,0,32400,0,75960,3717,221280,50000,7100,157840
AVBR,AWAR,9600,133888,51000,66840,191520,469370,113520,172600,217400,291080
OLLR,RMEV,691800,1050624,449280,756360,780000,1853829,3421200,2177800,1719200,2209720
AVBL,RMDVL,0,0,0,0,0,0,32640,0,0,0
AIBL,SIBVL,74520,78592,104880,78240,179760,218296,520560,279400,43200,27440
CEPDR,URADR,298200,586752,666240,341160,1637520,1229352,1473600,1599400,1429700,2180440
ALNL,URXL,0,0,0,0,0,0,0,25300,0,0
AUAL,IL1L,47040,3584,0,85200,0,0,0,0,0,0
IL1VL,SMBDL,0,0,7080,3480,46440,5068,29280,97100,0,0
BAGL,URYDL,33360,47872,0,45840,0,0,960,0,129800,0
AIBL,OLQVR,0,0,0,0,2040,0,0,0,0,0
BWM-VR04,RMHR,0,0,0,0,591120,0,0,0,0,0
AIAR,ASIL,0,0,0,182400,0,0,455520,13600,0,0
AVBR,SIAVL,37080,408320,56160,13440,603240,0,1908480,814800,40100,467600
AINL,AWAL,0,0,0,0,0,0,0,0,7200,0
BAGL,URXL,30120,7424,32880,0,0,32440,0,0,0,0
URYDR,URYDR,0,0,0,0,56040,0,0,0,0,0
AVKR,OLLR,0,0,0,0,39480,58460,125760,3000,58600,9200
ADLL,ADLR,117600,239104,156720,84240,447840,537968,476640,554800,800200,394520
RIS,RMDR,496920,870912,1041120,739560,2672760,3396771,5188800,2067200,2527500,2732800
ALNR,AVFR,0,0,0,0,0,0,5280,61300,0,1080
ADFR,AIBR,41640,45056,108000,255120,0,181125,720,0,234800,170400
AVDR,PLNL,0,0,0,0,0,0,0,0,0,180120
AVFR,URYDL,0,0,0,0,960,3379,16560,0,2000,6080
ASEL,URYDR,10320,18176,0,0,0,1013,480,600,46200,29760
ASKL,SMDDR,1200,0,0,0,0,0,130560,0,0,0
AVBL,AVER,0,4608,2520,0,240,183828,1200,0,211100,16440
ADEL,RIMR,0,0,0,588600,0,0,0,0,0,0
ADEL,SMBVR,0,0,0,0,0,0,327600,1600,0,518920
RMDDL,RMDVR,2615400,5138432,4075200,4070760,8260080,9764874,15765120,9522400,10300200,10242200
AVFR,URXL,0,0,0,0,274080,107796,6960,76500,158800,43760
CEPVR,SIBVL,30120,57856,138240,52560,146160,171325,464160,191000,12400,34560
OLQDL,OLQVL,8040,0,0,0,0,0,0,0,0,42400
AVER,SIBDL,47400,0,34920,1320,24120,192614,229920,407700,26200,40040
RIFL,RIPL,0,0,0,0,0,0,0,382800,667600,143440
SMBDR,URADR,0,0,0,0,2520,0,0,0,0,0
IL1R,SIAVR,33000,4352,3120,0,53640,101713,0,404000,184000,311520
CEPVL,PVQL,99360,80640,66000,80520,172320,123002,0,0,110800,180880
ASIR,RIBR,0,86784,52560,161640,0,0,269760,119700,142800,306600
AVAL,IL1VR,0,0,0,0,78840,99686,14160,0,0,17840
AVAL,SAADR,155640,272128,227880,282000,787080,1072220,1006080,912400,958400,1238880
BWM-DL04,RMDL,147840,116992,199320,173280,114120,38522,432720,132000,478700,269160
AIZR,SIBDL,0,0,4200,25680,227520,255805,292800,0,122200,0
AIYL,URYDL,0,0,0,0,0,0,0,31800,4300,3200
AVHL,RMGR,0,0,0,0,28080,77721,37200,0,0,6720
ASKR,AVFR,0,0,0,0,19320,4730,906960,361500,5200,0
BWM-DR08,PVWL,0,0,0,0,0,0,0,0,37600,0
AUAR,RID,39000,0,0,0,0,224040,0,235400,135200,603440
RMDDR,URAVR,0,0,97320,8760,12120,54405,0,484400,300600,626960
AVER,IL2VL,0,0,0,0,0,0,0,0,0,31760
ASEL,RIVR,0,0,3480,45480,8160,0,0,0,121400,94160
AIZL,RIAR,109200,0,214800,0,377760,304128,748320,815000,912800,223200
ADEL,SMDDR,0,67328,170760,69720,465960,484239,649920,149200,418100,504800
PVQR,PVWR,0,0,0,0,0,0,0,0,94800,42960
IL2DL,RMHR,0,0,0,0,13440,0,0,6000,0,13080
IL1L,RMER,946200,1083392,1106280,1270680,2826840,3396433,5650320,0,0,0
AVHL,URYVR,25320,121344,50520,50040,63480,82452,63840,78800,105000,59200
CEPDR,RMDL,80760,263168,79200,95040,97080,53391,166080,131200,7400,103280
RMFR,SMBDL,0,0,0,0,0,342988,0,0,0,0
IL1L,RIBL,0,0,35520,91680,50880,1013,290880,118800,0,231680
AINR,CEPVL,83520,79104,71760,52920,117600,192276,370560,257400,118100,146760
SAADR,SDQR,0,0,0,154920,33720,105431,0,54000,112700,0
ADEL,SMDVR,90720,171776,136560,372960,463560,296017,1719840,80500,647600,291880
DVC,RIR,0,0,0,255120,0,3379,31920,23600,820300,8160
AVBL,RICR,0,139008,24120,6240,0,212551,1332240,5190100,2870800,1300960
RIMR,RMFL,0,0,0,0,0,1888634,2933040,369800,1801300,621920
OLLR,RMHR,0,0,0,0,523800,0,0,0,0,0
CEPDL,RIFL,20640,0,0,0,61320,87521,97920,129200,114800,6160
BWM-DL04,RMDR,229920,172288,235200,109560,559800,647792,821520,873200,717500,772240
RMDDL,RMDVL,137400,206336,154560,162240,225840,320348,463920,507400,395200,277320
AWAL,OLQDL,0,0,13200,0,5160,0,0,0,0,0
PVCL,RIMR,52680,0,53640,26160,0,0,0,27400,0,16400
PVCL,SMBVR,0,0,14400,0,0,0,145440,0,153200,0
AVAR,RMFL,0,0,0,0,3480,0,411600,931500,467200,536600
AWBL,PVQL,0,0,7200,7200,10560,0,0,0,152500,9840
AINL,AVHL,600,100864,0,23520,413520,246343,814080,44000,625400,523680
OLLL,SMBDR,0,11520,0,0,0,0,84960,0,0,0
RIBR,RMFL,0,0,0,0,0,5406,47760,0,60200,123040
ADFL,ASGL,15720,0,3480,0,0,0,221280,14000,121000,309040
IL2VL,PVR,13320,117248,37680,0,1200,0,0,0,0,0
ALMR,SIBDL,41160,300800,120000,272640,250320,775864,881760,104000,483200,419760
AINL,ASIL,63720,256,3480,134160,61320,490659,136560,347400,199600,9280
RMGR,SIAVR,93120,0,12840,76320,77760,421386,322560,129800,144600,83440
ASHL,SIBVR,3840,0,0,13200,0,234854,0,0,0,0
RIGL,SMBDR,24120,4864,38520,0,191160,136857,8880,0,173400,124240
FLPR,RIGR,0,44544,41880,131280,326640,9461,0,19700,0,29040
BWM-VL02,IL2L,0,512,0,3600,0,0,0,0,0,0
RIVL,SIBVR,13800,0,60000,5160,28800,18585,0,29500,2000,157120
PVCL,SMDDR,0,13312,0,0,0,0,0,0,0,0
AVER,IL1DL,0,0,0,0,2520,0,0,0,0,0
RMDVL,SIBVL,14280,18432,49920,190080,504720,520396,421680,606900,37800,600
AINR,AIYL,72240,125952,78840,90720,194520,378132,751680,179200,118900,332560
ASEL,CEPVL,0,0,0,0,0,0,10080,0,0,0
PVR,SAAVL,0,0,0,20040,0,0,0,0,0,0
ALA,ASER,0,4608,0,35400,50040,96983,88560,0,254800,25920
SMDDR,URAVR,0,0,0,0,0,0,0,636800,726600,684960
AVAR,AWAR,19200,0,0,0,0,0,5520,0,10000,12080
AVBL,RIPL,9480,0,0,20760,51480,0,880560,745900,1250400,840040
ASER,RID,44280,0,75960,0,277560,0,3840,23600,4900,425200
ASGR,AVJL,0,0,0,0,0,0,1920,0,0,80
ASHR,SIBDL,24840,0,40080,2400,0,0,0,54500,100800,40
OLQDR,URYDR,1016040,2752256,2880600,1391400,4356960,2616852,2988720,3796800,3054100,3476240
SDQL,SIADR,0,0,0,0,0,54405,607680,55400,660900,0
AIAR,RMFL,0,0,0,0,66240,0,0,0,0,0
AVL,OLQVR,34320,55808,79920,43680,176040,115230,243600,163300,182500,167680
FLPR,SMBDL,0,31232,31920,0,0,42240,0,0,260000,280400
AVDR,SIBDL,9960,116480,67680,122400,342720,576153,332880,161800,289000,238640
ALML,AWAL,0,32000,0,0,0,0,0,0,0,0
AIBR,AVDR,93720,141824,24360,226800,97320,13516,224400,307900,242800,360360
IL2R,OLQVR,131640,358400,356640,447840,1038240,1529763,1138080,695200,618800,883280
AIMR,OLLR,18240,16128,0,12960,0,50688,0,30200,236600,92240
RMFR,URAVR,0,0,0,0,0,33454,0,0,0,0
ASEL,ASGL,163320,230144,206160,311760,289320,517017,976560,345800,933400,1645360
AVJL,SMDDL,0,0,34680,3480,32400,0,0,0,800,0
RMED,URYVR,55920,207360,73080,24360,513360,367656,236880,0,0,0
ASKR,PVQR,1158480,1313792,882840,1833960,3300360,3178137,5629440,3566000,3311400,2410840
ASIR,AWBR,84240,289792,210240,158520,594840,472750,752880,314700,553200,650080
BWM-VL02,BWM-VL08,0,0,0,12960,7920,0,0,4100,0,880
IL1VR,URYVR,1195080,1560832,1340520,1129080,2125080,1978521,4387920,1662900,1979800,1645520
BAGR,URXR,0,0,0,0,166320,144967,0,6200,31800,0
AVL,OLLL,0,55808,59880,55800,186840,0,135360,0,90500,72560
AVDL,URAVR,0,0,0,1680,0,0,0,0,0,0
PVQL,SMBVL,7440,52992,0,24720,125760,0,0,0,217100,0
AIBL,AVJR,0,0,0,0,0,0,0,2000,0,0
BWM-DR05,URYDR,0,0,0,0,44400,0,4560,0,0,0
BAGL,SIAVR,0,0,0,0,0,0,0,54300,21200,0
AVJL,AWAL,0,0,0,0,0,0,0,11600,59200,3240
ASJR,PVQL,0,0,128520,0,0,0,0,79400,400,0
IL1L,SIBVR,3720,0,0,3960,0,0,14640,139800,0,400
OLQDR,RIVR,2520,18944,0,0,0,0,0,0,0,0
AIBL,AWCL,1034400,1345792,732840,1742640,3878040,2922670,6914400,3180000,3823000,4499160
BDUR,BWM-VR02,6600,0,0,0,0,0,0,0,0,0
RICL,SMBDR,67680,196352,160080,136200,546720,403476,1140000,1480800,448500,527760
AINR,RIMR,0,0,0,39360,0,0,0,0,0,0
AIYL,RIAL,600360,792576,452160,519720,1822320,2344151,261600,2460400,2203300,1853920
RIGR,RMFL,0,0,0,0,0,1908572,2096640,226600,59000,62040
BWM-VL01,BWM-VL08,0,0,0,12960,0,0,0,272000,0,134000
ALML,PVPL,0,0,0,0,0,0,245040,0,0,0
AVAL,IL2L,0,0,960,0,0,0,720,0,1800,1440
ADFR,URXR,464040,705024,507840,1107360,829080,1685882,1403520,1131200,1537200,1037760
ASGR,RIPR,0,0,0,0,0,0,0,0,59000,0
OLQVL,PVPL,34440,34816,12480,19440,3840,39536,0,34600,0,0
BWM-DL01,CEPDL,0,768,141240,30480,429480,127057,211440,294700,834600,720480
RIBL,URYVL,415080,668928,563280,715680,1233720,1310453,3699360,1339400,1358600,835600
BWM-DR03,RIAL,0,0,0,7920,0,0,0,0,0,0
AVAR,AVL,0,0,4320,0,0,0,0,0,0,0
AVDR,URBL,97560,384256,203280,212040,464760,284866,971280,0,192200,107040
RIAR,RMHR,0,0,0,0,0,72314,2160,0,0,0
BWM-DR05,RIVR,3120,0,0,0,0,0,0,0,0,0
OLQVL,RIR,29640,28160,92400,35640,51360,95293,162000,94800,113400,57160
SMDDL,SMDDR,181680,351488,253680,215520,428640,462274,660240,1027900,871800,1131280
IL1VR,RIAR,42600,18432,38280,0,56880,2365,1440,0,0,0
AVJL,PVPL,28560,0,10200,0,0,0,0,3600,0,0
BWM-DL06,PVR,1680,0,0,7080,24360,0,37920,139900,32400,4960
AINR,SIBDR,0,14592,0,17760,0,0,0,0,0,0
PVPL,RIML,85440,3840,18360,55320,130800,190248,397440,62500,28200,111280
ADAL,ASEL,13560,0,0,0,13920,0,3840,639700,24600,5960
AIZL,SDQL,0,0,0,0,0,0,0,0,0,880
RICR,SMBDR,279240,267520,233160,243120,143760,752209,1174320,1595300,1133600,973240
AVHR,RIGL,0,144896,0,34920,106920,77383,996240,10600,70100,0
RIBL,RIBR,96720,243456,265320,181080,567360,437944,214080,358600,474000,345120
AVBL,RIPR,0,0,0,24240,139440,0,22320,102400,150800,141520
SMDDL,SMDVR,1803600,3196928,2269680,3622320,4548720,5124556,13365360,6997600,8258700,8249160
AVFL,RIMR,0,0,0,0,0,56432,0,0,0,0
AVFL,SMBVR,0,0,0,0,155880,17233,234960,215600,56800,0
SIBVL,SMBDR,778200,1531904,585360,1101360,1453440,2267781,4070160,1803400,2186900,1669840
AINR,SMDVR,14520,52992,75600,0,27720,28385,367200,0,0,0
AVJR,AWAR,0,0,0,0,0,4392,0,336200,24500,42520
PVQR,SAAVR,0,0,0,0,12600,0,0,0,0,0
AVER,RMGR,135000,143104,137880,110160,357000,1064785,845520,776900,582600,312000
AVM,RIBR,0,0,0,0,0,97320,0,0,0,0
AVFL,RMGL,0,0,0,13680,1454760,1612554,3819840,2031200,1519800,1570960
ALML,AVHL,123120,166656,127920,186000,305520,308858,512640,451600,172000,94600
ASKL,RIBL,0,0,0,0,3720,0,0,0,1000,0
AIBR,DVC,390360,1812992,595200,514560,1323720,1938647,3222720,2526600,2188900,2521600
AQR,BAGL,0,0,0,294240,1370880,2491146,1139760,1479000,1701100,2241560
AVDR,AVHR,322200,727808,274320,353520,763320,738355,672240,715300,1229300,637920
AIZR,RMGR,0,0,0,0,0,30074,0,0,0,0
RIVL,SIADL,0,0,0,0,0,0,0,0,24000,166320
ADLR,RIR,0,0,0,0,0,0,14880,0,0,0
BWM-DR07,URADR,20400,0,0,0,0,0,0,0,0,0
PVWL,SAADR,0,0,0,0,0,0,591840,110600,118200,0
AVBR,URXL,0,3328,8280,24600,0,21288,76320,98200,1400,400
PVQR,RIS,0,0,0,54360,69840,0,0,0,0,0
OLQDR,RIFR,34680,0,19680,720,0,0,0,0,0,0
RIAL,RIH,613800,854272,487320,42240,1743960,2708766,1944240,1893400,2433600,1610120
IL1DL,IL1VL,0,0,0,0,75360,20951,88320,471000,224800,150000
BWM-DL08,CEPDL,198840,728320,323160,363240,897240,1609850,616320,740000,585000,726560
AVAL,SIBVL,0,10240,0,0,0,0,0,49000,0,0
AVFL,SMDDR,0,0,0,0,56640,2703,203520,0,16600,13160
SAADR,URYDL,1560,0,24960,1680,7200,0,57600,0,0,0
AVFL,SIBDR,0,0,0,0,29760,27033,61200,56600,59000,94920
ADFL,AFDR,0,0,0,0,0,0,0,0,8800,0
AIYL,RIBR,0,0,0,0,0,0,66960,0,0,0
ASGL,AWCL,97320,511232,372720,675960,855240,1797734,4008000,2311900,2598000,1518600
AIBR,AIYR,143400,292096,307800,566040,585240,858992,1764480,338100,907300,380880
PVWR,URYDR,0,0,0,0,0,0,0,0,86000,167520
RIAR,SIADR,81720,192000,295080,304800,689640,513300,1878000,763300,1356200,1436440
BWM-VR01,PVR,3960,0,38640,0,0,0,61200,99800,0,35760
BWM-VR01,SMDVL,165120,66816,20160,13080,82680,36157,100560,154200,50100,63840
BAGR,URAVL,23760,133376,45480,27000,72240,70963,0,0,0,0
ADEL,RMER,0,0,0,0,135360,1151631,146160,3606000,1645200,1827120
DVC,RMFL,0,0,0,0,0,2800005,3846000,945800,595800,973360
AIML,RMHL,0,0,0,14760,0,0,0,0,0,0
BWM-VR02,RMEL,384600,601856,926040,504480,1031520,1174609,1800240,3133400,2549200,3361280
BDUL,IL2DR,0,0,0,0,0,102389,0,0,0,0
RIFL,RIR,169080,0,0,7440,252720,86507,156480,0,17400,207440
ASEL,SMDVR,0,0,0,0,0,0,0,0,0,8080
AVBL,PLNR,0,0,0,0,0,0,7200,0,0,0
AWCR,RIH,0,0,0,0,0,0,0,254900,316800,139320
OLQVR,RIAL,0,0,0,0,0,0,0,0,0,2080
BWM-DR07,RMEL,0,0,0,0,0,0,96960,0,0,0
IL2L,SDQL,0,0,0,0,0,0,0,0,0,9200
AVKR,IL2VR,0,0,26760,0,0,0,0,13700,0,31520
RIGL,URBL,0,0,0,0,0,0,0,0,0,400
IL1VL,RMEV,182040,171776,72960,476160,407400,335892,753600,464000,513600,789280
SIAVL,SMDDL,0,164352,3960,18360,0,5406,56160,0,36400,29920
IL2DR,RIML,0,0,0,0,27720,0,0,0,0,4000
CEPVR,RIGR,0,0,0,0,0,0,0,0,283000,0
AVFL,RMDDL,0,0,0,0,0,0,96000,0,0,0
BWM-VL02,URAVL,278040,609536,1013400,489480,1096440,1357086,3746880,2066400,1917200,1411720
IL2DL,SIBDL,0,0,0,0,0,0,0,0,17200,27160
PVWR,URADL,0,0,0,0,0,0,0,17800,70400,720
AIAL,AVFL,0,0,0,0,147840,79749,33120,0,78000,640
IL1DR,RIAR,0,0,0,12240,0,0,0,0,0,0
DVA,URYDR,53880,91904,20280,67440,61200,47646,344640,452200,263000,182680
BWM-VR02,RMDL,138360,112128,76800,49440,36960,64542,60720,186000,312300,344880
ASGR,ASIR,108840,493824,225120,698280,561600,1610526,2567040,4838400,5644900,6134720
AVBR,OLQVL,0,0,0,9360,0,0,0,0,0,0
ALMR,RMGR,59520,202752,175560,16680,108240,636641,329760,128800,108600,155040
RMEL,SMDDL,0,0,0,0,0,0,0,18400,3000,27760
BWM-VR03,RMDVL,639120,886528,514320,752400,1990680,1132707,1755360,1656300,1389000,1396880
HSNR,RIS,0,0,0,0,0,0,239040,0,0,0
ASKR,AWAR,150240,131840,0,780120,154800,22978,516720,222700,264100,430200
BWM-DR07,RMDL,0,99840,0,0,0,0,0,6300,0,0
OLLR,SIBDL,48600,50432,33480,65640,0,42577,116160,83100,53900,74800
ADER,AIYL,0,0,0,0,0,0,8640,0,0,0
AWBL,RMFL,0,0,0,0,0,0,39600,0,0,0
OLQVR,SIAVR,0,27136,9720,0,82560,6758,143760,2000,55600,197840
AIAR,AWBL,8280,0,7680,37560,0,0,68640,20600,29200,3400
AFDR,AWCL,576240,31232,229560,45600,268320,133478,497760,359200,953400,1043600
AIBR,AVKL,262560,819200,475440,318000,932400,1126963,3073200,1762800,1728000,123840
AVFR,IL1R,0,0,0,0,9120,24668,126240,194000,0,24480
AIBR,RMHL,0,0,0,389160,291960,99686,828720,575400,361000,643560
ASHR,RMGR,70680,135168,171120,255960,523560,591022,798000,134800,480900,495640
DVA,RIVR,204360,28160,99840,12360,108960,322713,6720,0,106200,34360
AWBR,IL2R,0,0,4920,0,0,0,0,0,0,0
PVT,URYDR,85560,59904,21480,34080,63240,100362,107760,18000,102600,118960
IL1DL,SMDDR,0,0,0,0,12000,0,3360,725700,465900,440320
ADFR,AQR,0,0,0,34560,0,0,0,323900,0,0
AVBL,PVQL,2160,0,0,0,3000,12503,0,0,0,0
BWM-DR01,IL1DR,81960,152832,148560,70440,252600,515328,353040,389800,270900,632200
RICL,URBL,259800,674048,274440,206400,1060680,1474682,2032800,188400,973600,423240
AUAL,AVAL,74280,169984,126600,149040,555720,597442,1097040,1187200,1075300,2135800
AVFL,RICL,0,0,0,0,37080,123340,4320,0,0,67160
BWM-VR02,RMDR,250440,237824,105480,18480,51720,71301,12000,286000,423700,227440
BWM-DL06,PVWL,0,0,0,0,0,0,19200,65900,0,0
BWM-DL08,RMDL,0,0,1080,19440,21840,0,0,0,0,15160
AUAR,RIMR,92640,240384,138000,475560,399000,319672,479280,321000,364800,110720
AIYR,ASGR,0,29184,5400,9000,27840,395028,53760,44600,76000,26440
AFDR,AIAR,0,1792,56640,1200,0,68597,90240,103400,95800,103720
ADAL,SDQL,0,0,0,0,99360,161187,192960,0,0,0
ADER,RIMR,0,0,0,3000,0,129423,0,0,0,36800
AIBL,URAVR,59640,49664,86640,25680,140280,139560,230400,0,0,133080
ADEL,SIBVR,0,0,0,0,136920,38184,1253760,11500,348400,360200
ALA,ASKR,154560,376320,279240,68520,407640,517355,955440,2945300,4074600,2739840
ADER,SMBVR,0,0,0,48360,252000,0,189360,0,0,23960
AQR,SMDVL,0,0,0,2040,0,19261,43920,0,0,80
PVT,RIVR,85680,3584,0,240,140640,75694,21600,295000,674200,140240
PVWR,RIFR,0,0,0,0,0,0,0,1293400,1953300,0
BWM-VL04,RIAR,0,0,0,38400,0,0,14640,0,39600,1840
OLQDR,SMDDR,36360,0,0,0,0,0,0,0,0,0
AVAR,URYDL,1920,0,0,2880,0,0,1680,75200,86100,500480
RIS,URYDR,72480,35328,47040,22680,154680,340961,226320,109100,213800,345360
PLNL,SIAVL,0,0,0,0,0,0,1730400,1106900,2935400,2212400
ADFL,AVAL,0,0,0,0,0,0,0,61200,29000,5320
AVAR,URXL,0,0,0,0,0,5068,0,0,0,0
OLQDR,SMDVR,12480,0,0,840,0,44267,13440,0,0,200
BWM-VR03,RICR,5400,0,0,11400,0,0,0,0,0,0
AUAR,SIBDR,68280,62720,67920,55680,167160,187883,408000,179200,213800,255640
SAAVR,SMDVL,183000,182272,168840,55200,259560,239585,1357440,450200,521200,370040
AQR,AVBR,0,0,0,764400,1866360,3372779,3926880,918000,1760400,1598960
CEPVR,URAVR,99600,123904,223680,96960,454680,475791,432720,619000,1062200,803600
AIBR,BAGR,547440,513280,323040,74160,435720,766402,814800,729600,542800,45360
RMDL,SMBVL,0,54784,0,29040,143640,0,6720,7800,0,0
RMEV,SIAVL,61200,44288,53880,0,252600,154767,294240,34200,0,167200
BWM-DL08,RMDR,0,0,0,0,101640,55756,183120,36900,76500,0
DVA,RIFR,0,0,0,0,0,0,0,421100,47400,23920
ASER,RIVL,0,0,1560,0,0,34805,0,46600,117200,246840
RIS,RIVR,70800,286976,145800,202680,298920,443688,808080,119200,72600,133120
RIS,URADL,0,0,0,0,0,0,34800,0,0,16400
AVBR,IL2R,0,22784,0,0,0,0,0,0,0,0
AINR,RIBL,190560,258048,189960,582600,1193160,1069178,4254000,1438800,1022400,1848360
PVCR,PVT,0,0,0,2400,0,0,0,0,0,0
RMDVL,SMBDL,25200,9216,36840,0,110160,0,0,10400,20700,1520
SIBVR,URXR,0,7936,0,0,4920,18247,0,0,89200,0
AIYR,BAGR,21600,140544,51480,142800,138720,104755,484560,112200,46700,152000
AFDL,RIR,1560,8960,8520,0,14160,0,0,354000,96300,176400
ADAR,RMDL,3000,0,0,0,0,0,0,0,0,0
AIAL,PLNL,0,0,0,0,0,0,0,0,0,69280
PVCL,SIBVR,57000,221184,78720,66480,0,25006,371520,56900,11100,116560
ALA,SIBDL,37560,43520,13200,28200,62760,80424,46080,55000,19600,53200
BWM-VR04,RMGR,15120,239360,120480,172680,548040,614000,377040,595800,599100,893360
IL1DR,IL1DR,0,0,2160,0,0,0,0,0,0,0
IL1DL,RICL,0,0,5520,0,0,0,0,0,0,0
ALA,RMDDR,0,0,0,0,600,0,28320,0,0,0
BWM-DR02,SMBDL,6600,7936,17760,33240,34080,92590,54240,81200,108400,186960
ADER,RMDDL,0,0,0,0,0,247695,174960,405000,0,240
AVL,URADR,0,0,0,0,0,92252,0,0,0,0
AVHL,SMDVL,34920,100608,39240,274200,422040,502824,1621680,0,0,0
ADFR,RIGR,0,0,0,94080,505440,554188,316320,0,0,17440
AVDL,AVFL,0,0,0,0,0,0,23520,0,89400,0
DVA,IL1VL,46920,52224,42360,107640,60720,91238,0,92200,93200,82200
IL2R,URADR,156120,254208,306720,222480,698160,1546321,1418160,445000,338700,494920
IL2VL,RIH,318480,799744,642000,280200,1010640,1346273,1878720,807800,798200,2688080
ASER,RIMR,0,0,0,0,93960,0,25200,0,0,15520
PVCR,SMBVL,122760,0,0,0,0,0,0,0,0,0
ASER,SMBVR,81960,0,5400,12600,36960,0,41040,0,0,0
ASER,IL1DL,0,51712,5160,26760,40680,62177,21360,21600,18800,0
PVPR,URYDR,0,0,5400,0,0,0,0,0,0,0
AVHR,FLPL,0,0,0,0,0,303452,0,31800,0,249840
BDUL,BWM-DL01,5400,0,0,69000,0,0,0,0,0,0
BDUL,IL2DL,19920,37376,23280,8400,41400,88872,86640,32200,77000,33120
AQR,BDUL,0,0,0,0,0,0,0,205800,0,0
BWM-DR08,RMDVL,0,0,0,0,0,0,12720,0,0,0
RIH,RMEL,309720,872192,742200,792600,670560,758630,1678560,942800,1735600,2023360
CEPDL,SMBDR,29520,117248,42120,206040,569040,885350,1636320,2721200,979600,1930120
RIML,SDQL,0,0,0,0,0,0,126240,23500,486300,693520
RMDL,RMEL,0,0,0,49680,0,158484,125280,959000,192500,309280
RMDR,SMBVL,46560,126976,165840,119400,63000,328458,829440,92200,76600,60640
AIAR,AIBL,0,0,30240,14880,25200,0,146160,0,0,406000
AVDL,RMHR,0,0,0,40320,0,11151,0,107600,0,0
ADAR,RMDR,0,0,0,0,0,4055,0,0,0,0
BWM-DL02,BWM-VL01,0,0,0,6600,0,0,0,0,0,0
AVJR,URXL,2520,69376,0,0,342840,62853,135120,113000,45500,46560
RIAR,RIVL,139800,334080,423240,211560,489960,288921,568320,577000,640500,276320
ALA,URBL,53520,0,1080,600,8040,45281,48000,0,18400,109600
BWM-DL04,URADL,0,0,0,0,0,27033,86640,0,68000,27960
ADEL,SIADL,0,3328,0,3720,0,1689,11520,12600,139400,0
AFDL,ASIL,321240,134912,168240,149520,0,492687,534960,42900,700,874400
AWAL,AWCL,6240,87040,34560,8160,128760,50688,226320,716600,229100,423680
ASER,SIBDR,0,0,0,0,4680,0,0,0,0,0
AIAL,ASKR,0,0,51720,12000,5520,0,44880,0,7600,116360
ADER,AINR,0,0,0,81960,1440,119623,1412160,6000,0,376800
IL1VL,PLNL,0,0,0,0,0,0,2160,0,0,0
PVPR,RIVR,0,4352,0,0,0,0,0,0,0,0
OLLL,RIAR,0,0,0,0,16440,0,11280,0,0,0
RIH,RMDL,0,0,0,89160,0,0,0,0,0,0
RMDVL,URAVR,59280,15616,72720,15840,6360,26695,7440,1282900,1802200,1202560
AIBR,FLPL,0,220672,25320,0,5400,94279,556320,585400,364200,281120
IL2VR,PVT,35040,0,76080,54360,212280,111513,228720,144700,223400,223200
ADEL,DVA,0,0,22440,45000,60120,186193,1024560,114200,38600,165640
ASIL,AUAL,0,0,0,6600,0,0,11040,0,0,0
PVWR,SMDDR,0,0,0,0,0,0,0,0,48200,5360
OLQDL,OLQDR,0,0,0,0,0,0,0,0,0,807720
AVER,BAGL,396360,546816,90120,858360,1471200,1498337,2417040,1578000,1849200,2439840
BWM-DL05,RMED,29880,154880,153840,80640,94440,488294,134880,218400,323300,387680
BWM-DR06,RMFL,0,0,0,0,0,0,157680,79500,0,56840
AVAR,RIAL,57120,204032,107880,155040,542040,417669,174240,516200,461900,385440
AIZR,BAGL,248880,749824,154680,177840,643920,707604,733440,295200,69600,170640
OLLR,RMGR,0,0,22440,0,137520,155105,172560,30700,101200,98880
CEPDR,RIVR,0,15872,0,0,0,0,0,41600,0,0
AQR,PVWL,0,0,0,0,0,0,3360,1160800,0,0
BWM-VR01,BWM-VR05,2280,0,3360,5280,307920,137533,250560,129500,186400,76080
AVAL,RIGR,12360,78080,4920,38760,98040,5744,532800,0,119200,503760
AVKR,IL1VR,0,0,0,0,0,4055,22320,0,14200,55520
PVR,SDQR,0,0,0,493800,2649600,17571,1386960,172200,203200,725840
RIAR,SMBVR,93000,181504,111960,220560,354480,599470,1298400,531400,485400,378880
AVKR,SAADR,13920,65536,313800,0,75600,27371,125040,0,0,40
ALA,AVHR,0,0,65760,3960,90960,99010,190320,614200,819600,509840
AIYR,FLPL,0,0,0,41400,0,0,13680,0,73600,44200
AQR,RMFR,0,0,0,0,0,0,4800,0,0,0
RICL,URYVR,82200,22784,43800,58680,170040,496404,216480,70800,155500,155280
BDUL,RIPL,0,0,0,0,0,0,0,1751000,1535200,1586880
RMHL,SDQR,0,0,0,25920,0,1398650,927840,1216600,1322200,1294800
ASER,RMDDL,0,0,0,0,0,0,3120,0,0,0
AQR,RIGL,0,0,0,0,1209240,418344,389040,325500,332600,211360
RIAR,RMGL,3000,1792,7080,34080,0,0,160080,0,0,11760
SIBVR,URAVL,18120,72448,4080,27360,11640,64204,46560,0,45200,43040
RMED,SMDVL,66360,0,205560,11280,253440,64542,19680,167000,386200,502800
BWM-DR04,SMBDL,156480,136192,73920,91560,249600,213565,338400,192200,411600,583760
AINL,SMBDR,0,0,0,0,0,0,19200,0,0,0
BWM-VR03,RIPR,0,0,2640,0,0,0,30000,0,0,4000
ASIL,ASJL,101640,172288,123600,111840,448920,282501,500400,988300,1755600,1188080
AIML,IL1L,0,0,0,0,0,0,0,0,33200,28000
RIMR,SIAVR,152640,254720,330360,162960,37440,749168,370560,369800,199300,633120
RIFR,RMGR,609480,872960,810840,343440,1227360,466667,708000,957800,1180400,1270560
RIVL,SAAVR,222000,182528,273120,100320,328560,298383,525120,252700,125100,187200
RIH,RMDR,0,0,0,51000,0,0,0,0,0,0
BAGL,OLQDR,0,0,56160,0,10800,43929,0,1100,0,16560
AVAL,SMBDL,12600,8960,18360,68160,0,89210,55680,0,60200,7680
AVAR,SIAVR,108120,96256,76560,140520,168840,315955,1332960,443900,425600,127120
AVHL,BDUL,50280,4864,21360,128640,538800,310886,604080,308600,264400,275520
RMDL,RMDR,1193040,1390080,1581360,2035920,3297480,4121948,6372720,4629600,5087600,5014600
IL1DL,RMER,26640,0,2640,34080,257400,3717,450000,0,0,0
AWBR,OLQVR,35280,30976,4560,37200,8520,0,53520,0,0,0
PVCL,SIADL,0,0,0,0,0,0,29280,0,0,0
IL1DL,RIBL,46200,92416,43560,0,44880,53391,20880,79900,84100,45840
RID,RID,4800,0,0,6480,6000,50350,0,0,0,0
SAADL,SIBDL,88680,134144,60000,0,111720,324741,490560,254700,0,159640
RIAR,SIBDR,73680,96512,57000,74280,128880,121313,263280,311500,197400,128960
AIZL,RIGL,324720,1047040,541920,587040,1285080,1819023,2868480,2457400,2609100,3058240
BWM-DL04,CEPVL,0,154624,0,29520,0,349409,0,83800,0,0
RIBR,SIAVR,34800,67328,64080,78840,205800,252088,293760,74200,176900,128880
DVC,URYDL,36720,123904,24240,108480,63840,98334,172560,461000,495400,499960
DVA,SMDVR,271440,331008,461400,483600,1324080,1056675,1327680,781200,1224700,431440
AVEL,RID,34680,115712,26880,57960,122880,182476,66240,131600,107400,87160
AVFL,SIBVR,0,0,0,134880,357480,23654,1219200,157200,232800,59760
AVFR,OLQDR,0,0,0,0,51600,14192,0,67000,5800,14400
IL1R,URADR,57720,131072,122760,240240,54960,174704,698640,141000,0,195200
AVBL,RMFL,0,0,0,0,0,57108,0,0,0,0
AINL,AVM,0,0,0,11400,0,0,0,0,0,0
RIPL,SIAVL,0,0,0,0,0,0,0,198800,0,0
AVAR,URYVL,0,42752,79680,76080,108840,205793,262080,299900,249400,294160
BWM-VL01,URAVR,0,0,0,0,0,0,0,0,0,8760
ASER,RICL,0,0,0,0,0,0,56880,0,0,0
SMBDL,URBL,0,141056,0,0,0,0,0,0,0,0
AIBL,RMEV,23400,0,188160,160920,233880,376442,316320,0,358400,422600
OLQDR,RMER,405960,1222400,996480,607920,1466520,1541253,1199760,1478300,991000,1855600
AVAL,AVKR,0,0,137160,28680,256200,29061,0,117400,1200,1960
ASGR,AWAR,78720,45312,119400,34680,473400,474101,744960,517800,287600,291280
ADFR,RIFL,0,0,0,0,0,72990,0,0,0,0
RMDDR,SIBDL,0,100608,0,0,0,0,0,0,0,0
PLNR,SAAVL,0,0,0,0,0,0,792480,180800,941800,641280
AIAR,SIAVR,0,0,0,0,1560,0,51120,0,1300,0
PVT,SMDVR,0,0,4320,0,0,0,0,0,6600,0
AWCR,URXR,0,0,0,10920,0,0,0,0,14100,0
AIZL,RMED,0,0,0,0,0,0,7440,0,0,0
AVHL,PVWL,0,0,0,0,0,0,564480,162900,455200,78080
AIBR,IL1L,0,0,0,0,0,0,0,58600,0,0
ADAL,AVDR,437160,423936,203160,372960,879720,344678,1449600,200400,690600,963920
AVHL,RMFR,0,0,0,0,0,0,123120,0,73400,0
SAAVR,URBR,91080,83200,55320,129000,0,0,0,0,0,0
ASEL,PVQR,45120,0,0,0,0,0,0,0,0,0
ADER,RMER,0,0,0,0,0,0,0,72400,0,0
AUAR,RIBL,224040,0,0,0,102360,107120,280080,177800,344400,215760
PVPL,URYVL,1200,41984,12600,6720,0,42240,15840,0,0,0
ASIR,AVDR,2280,0,0,0,0,0,17760,0,0,0
IL1R,RMEL,611880,791552,1117080,950520,1635000,3256535,4581360,0,0,21640
AVBL,AWAR,1440,0,0,0,0,0,0,0,0,0
AWBL,URXL,212640,544256,203880,244680,271800,282501,209520,0,0,5680
BWM-VR06,RIML,8640,114432,96120,195240,499800,530872,852000,171200,170400,184200
IL1VL,SIBDL,27240,64512,26400,19560,6360,76032,119520,102400,108000,47520
CEPVR,RMEV,97560,768,33360,0,44400,0,0,2606600,962200,155120
ALML,PVCL,0,64256,237360,0,0,1056000,2145120,515800,555400,287680
RIS,SMDDR,668760,2246144,1318440,2285400,3050760,4683233,4677840,2730600,4986400,6406520
AINR,OLLR,2040,37632,48120,71040,0,0,0,14000,0,0
AVEL,SIADR,316440,325376,189000,105120,128280,643399,410880,318300,584900,887280
AVAL,URAVR,0,0,0,0,0,0,0,41000,0,120
SIADR,URAVR,13440,42752,25560,11280,45720,37171,76320,105800,51200,105680
IL2L,RIGL,0,0,0,0,5400,0,0,0,46600,0
PVQR,SIBVL,360,0,5160,34320,3600,0,28320,0,0,0
AIML,AVER,0,0,0,0,105600,0,91680,0,14600,0
RMFL,URYDR,0,0,0,0,0,30750,0,0,0,122120
RIGR,SIAVR,8160,0,9360,11520,0,0,0,0,72900,0
ALNL,PVT,0,0,0,0,0,0,0,0,45700,0
AVER,SMDVL,2520,0,6960,0,21000,32440,0,0,0,11040
RIS,SMDVR,861720,1020416,865200,1322640,1824600,2288394,3792480,3604400,2856400,2571680
IL1R,RMDL,84960,360448,251760,138240,416400,644413,793440,1972200,2388400,2270920
AIAL,HSNR,0,0,0,0,0,0,476880,0,0,0
AVJL,PVCL,694320,46080,368040,1405080,360000,1592616,983760,527200,585900,705920
RMDDR,URBL,27840,181248,211920,82440,482280,602511,453600,124400,389800,300080
AIZR,SMDVL,0,0,0,34920,12600,0,0,0,23500,0
BAGL,PVT,62040,0,71040,0,0,49674,0,87800,18200,0
CEPDL,URBL,498960,631808,543720,834240,2240160,2304614,3092160,1591800,952800,1345840
RIAR,RICL,154440,24064,3720,30360,0,0,0,106600,0,0
SIADL,SMDDL,225480,706560,635880,435240,1639320,1550714,819360,1103000,2374800,2834720
AVAL,RIFL,0,0,0,0,0,0,560640,24600,88100,0
RID,URYDR,0,0,0,0,0,2027,0,10700,0,17200
RMDDL,RMFL,0,0,0,0,0,0,126720,199000,45300,15840
PVPR,RIMR,0,8448,20520,8520,81720,45957,93360,273400,47100,0
RIGL,SDQL,0,0,0,0,0,0,0,32000,0,145920
ADFL,AUAL,679560,932352,1088880,510000,2148600,2370170,4596000,2722600,1562500,2894880
IL1VL,URBL,0,0,0,0,0,0,0,1028100,352800,748640
ALML,SMBDR,75960,275456,313560,196440,525120,932321,487680,485200,340800,707840
IL2L,RMED,172320,179456,219120,265440,483960,503162,1043760,643000,288700,483280
AVBL,AVL,0,0,221640,5880,0,0,42240,0,0,0
RIBL,SMBVL,3240,0,0,0,0,0,0,0,0,0
AUAL,AWAR,0,0,0,0,0,0,0,0,0,43040
AIZR,AVBR,53400,129792,211920,111600,416040,243978,657360,605200,708000,349560
AIBL,RMHR,0,0,0,407520,51360,0,657840,418600,146400,366240
CEPVL,RIAL,437280,787968,484800,493680,1289280,1095198,2686560,2339200,1888000,1514880
BWM-DR08,BWM-VR04,0,0,0,0,1560,0,31920,44700,0,0
OLQDR,SIBVR,41400,153856,191760,239520,345840,449095,1024560,1205500,1815600,1421800
ASJL,AVFL,0,0,0,7560,169080,637992,1063440,1433100,822300,218600
RIVR,URXR,0,0,0,0,0,0,27600,91200,0,0
ADAL,DVC,0,0,12480,0,0,14192,0,0,0,0
DVC,RIAL,0,0,0,0,0,0,0,88800,250000,109200
RMED,RMFR,0,0,0,0,0,0,443040,0,13600,7120
AVAR,IL1R,0,87808,0,480,0,27371,126000,0,0,0
AIBR,AVER,418440,471296,525600,387240,510720,906301,720240,960000,1083200,619040
RID,RIVR,0,125440,0,79200,0,0,179280,127000,0,0
ASER,RIBL,0,0,0,0,0,0,0,0,140700,0
AWBR,OLQDR,0,0,0,0,6120,0,0,0,0,0
AIYL,CEPDL,0,0,0,0,1800,0,0,0,0,0
ADFL,ASJL,0,0,0,0,15840,0,0,0,27000,38960
AUAR,SIBVR,0,0,0,0,0,0,0,12600,0,0
AVDL,SIBDL,39480,15360,17640,81840,20640,96645,328560,53400,137900,154520
ADER,SIBVR,0,0,2640,39120,174240,159498,20160,111200,56700,27760
ADAL,ALNL,0,0,0,0,55440,6082,6000,41600,0,240
ALML,AVM,0,0,0,0,0,870144,3066960,1275400,1959100,1041320
AVHR,RICR,0,0,0,0,0,0,0,40000,1116200,0
FLPL,PVT,0,105984,0,0,240,0,0,0,0,0
AIBL,PVPR,16080,168192,270840,146520,291480,63866,1387440,482900,643000,711520
ALMR,PVR,716400,1706240,1118040,445560,1910640,1046876,1351440,1281300,1348000,1422360
IL2DR,RIBR,240,17664,10080,0,2640,0,0,1200,183000,7680
AIYR,AVER,0,0,0,0,0,0,0,169000,0,0
RMDVL,RMEV,119880,300800,349680,139320,249360,237557,816720,467000,687800,714800
DVA,FLPR,0,7680,10440,26640,47760,219648,531600,0,0,497040
AIYL,SMBVL,153360,168960,140160,176040,471840,289935,1404000,175200,476200,503920
AVAR,BWM-DR03,0,17664,0,0,0,0,0,0,0,0
ASEL,AUAL,0,0,3840,33720,0,17571,362160,31200,0,0
BWM-DR03,CEPDL,0,0,0,0,0,0,0,0,0,1400
DVC,SIAVR,0,0,0,0,1106640,0,144960,0,0,0
CEPDR,SMDDR,20400,37888,59520,0,8160,0,0,0,0,104160
RICL,SDQL,0,0,0,0,56400,354816,0,292800,221800,157520
BAGL,CEPVR,160800,305408,165840,15480,459840,527493,708000,496400,507100,484480
BWM-VR07,RIAR,0,8704,0,0,0,0,0,0,0,0
RMGL,SMBVL,111120,316416,135840,118560,431640,1081344,1028880,372600,700000,498080
SMBDR,SMBVR,1197000,1751808,1129920,2073480,6032160,7979304,11514240,10145000,11769500,9551400
SMDDR,URBL,134640,57600,157920,97560,149040,137871,38160,514900,182600,228000
AVJL,AVM,0,0,0,0,1978560,3378524,4049280,4442800,4698200,2166640
ADFL,SIAVL,0,172032,203040,1560,327600,605890,0,0,0,560
RIVL,SAADR,607800,1184512,598080,1096560,1887360,2247505,3062880,2875000,3323400,2905840
ADFL,ASHR,0,0,0,120,0,0,0,0,0,0
AIML,RIPL,0,0,0,0,0,0,0,36100,3800,1560
BDUL,PVQL,80760,176640,43200,46920,493320,120975,13920,239600,1009200,810800
CEPDR,SMDVR,0,9216,0,0,6600,0,0,0,0,0
AWBL,RIAL,0,0,0,1080,0,57108,127200,134200,229000,2600
AVKR,URXR,0,0,0,0,3120,0,0,0,0,0
ASKR,IL2R,0,8192,1080,4320,37320,43253,110640,0,27000,0
ASHR,SMDVL,0,0,0,480,131040,0,0,0,400,0
RMED,RMED,12720,0,61080,5760,47520,26019,50880,2577700,526500,0
CEPVL,URYVL,445920,1506816,682680,856080,1568040,1526046,3153600,111000,569300,74080
AIZR,BDUL,0,0,0,0,5280,0,0,0,0,0
AWCL,RIAR,21960,90624,5160,5280,70080,81100,0,172000,0,60480
AVFR,CEPVR,0,0,0,0,132600,233164,53760,226800,0,0
BAGL,RMEL,0,0,110400,7680,0,0,0,0,0,0
IL1VR,RMED,111600,307712,67200,0,299040,354478,99840,157900,214200,103880
ALMR,AVBR,172080,200192,211320,255120,639480,411586,659760,85500,1031700,309280
CEPVR,PVPR,1560,0,0,16800,0,0,0,0,0,0
DVC,URYVL,85320,265216,104040,54600,115680,245667,256320,669400,951100,896480
IL1DL,OLLR,17280,2816,41640,0,0,277770,0,124200,74800,0
ASEL,ASJL,104280,259840,256800,203040,261840,282163,677520,349200,496500,624240
ASKL,SAAVR,31200,50176,56880,25800,70200,0,110400,0,2600,106280
BWM-DR01,RMED,55200,43776,35880,128520,26400,138885,36240,70600,213500,74840
BWM-DL01,URADL,291360,681216,532200,729360,2436000,1414871,2774400,1317600,2490800,2580400
AVDL,RIVL,42600,44032,235560,101160,25320,313927,669360,60300,87700,136840
ALNL,RMDL,0,0,0,0,0,0,0,6600,12400,45680
BWM-DR07,RIVR,17880,51456,0,0,0,0,0,0,0,0
FLPR,SIBDL,0,0,0,31920,0,0,0,0,0,0
AVHR,RIPL,0,0,0,0,0,0,0,0,242500,61920
AIML,AVJL,35040,36352,35760,25560,0,98672,211440,436800,273000,192400
CEPDR,RMDDL,402840,730112,403800,265560,530640,832634,1143600,1058000,869600,1180360
BDUR,BWM-DR03,0,0,0,0,0,0,0,20300,0,0
AIAR,AWBR,170040,269312,151200,110280,319680,578856,652800,398500,725200,664720
RICR,SDQL,0,0,0,0,0,395028,172560,0,0,0
AIYR,RICR,0,0,0,0,0,0,0,41200,0,0
RMDR,RMHL,0,0,0,500400,1762440,1352693,2819760,2498800,3452800,2814560
BDUL,RIR,55560,0,0,0,0,0,0,0,0,0
ASHR,AVBR,927120,1553664,989880,1002360,2083200,1663918,2845440,2364200,1502400,845080
ASIL,SAAVR,0,8960,6240,0,29160,0,34080,0,5200,119280
SDQR,SIBDL,0,0,0,0,0,0,116400,3100,53800,0
AVBR,OLQDR,0,15872,7800,12120,0,109486,87360,2300,17000,0
AVJR,IL1R,0,0,0,0,0,0,0,0,0,17880
IL1L,SAADR,95640,6144,48240,36360,0,0,234960,443400,0,27720
ASEL,SIAVL,1200,0,0,0,0,0,0,0,0,0
AIBL,AIZL,30480,86272,158280,78240,234480,660295,1764480,308700,833400,339280
ADAL,RMHL,0,0,0,126720,248040,0,0,0,3000,1360
AVER,PVWL,0,0,0,0,0,0,181200,135800,8000,0
ASEL,ASHR,0,0,0,0,6360,0,0,0,0,0
ADEL,SAAVR,118320,165376,149640,543000,221760,252426,695040,61400,514400,819440
AIBR,HSNL,0,0,0,0,0,0,145680,0,0,0
BWM-VL01,RMEV,30960,81152,87720,34800,36720,90562,72960,52200,249100,201440
ADFR,ASER,465240,414464,115320,448320,396600,295004,329040,133700,1118200,779960
ADLL,IL1L,77520,18944,2280,32760,25080,27033,10800,219800,0,155600
AFDL,AIML,0,0,0,0,0,0,0,8800,0,0
AVDL,IL1DL,0,17664,0,3120,0,0,0,0,0,0
OLQVR,PVT,44280,18176,30960,0,462840,182814,67440,562600,285800,306400
RIAL,SMDDL,909840,1547264,1649280,1049040,2990280,3643453,3734400,3598200,3577400,3531360
AWBL,URYVL,23040,35584,10680,0,32520,0,16800,0,0,0
OLQDR,SIADL,0,0,0,1080,89640,12165,268800,347100,1600,122880
AQR,PVCR,0,0,0,882600,2917680,2044753,3269520,990000,3034900,1851760
AQR,ASHL,0,0,0,0,0,3717,0,0,0,0
BWM-DL05,RMDVR,0,0,0,0,117600,0,0,0,0,0
ALMR,BDUL,0,0,0,0,0,7434,0,0,0,0
AUAR,OLLR,15120,43520,0,0,720,0,0,0,0,0
PVWR,SIBVR,0,0,0,0,0,0,0,73000,4800,0
ADER,OLLR,0,0,0,46320,840,480860,1181280,0,0,170720
OLQVL,RIAL,1440,9984,54720,3480,47760,56094,168720,28700,4200,24160
ADFR,ALMR,0,0,0,0,0,0,0,0,0,120
AVL,RMHR,0,0,0,0,189720,0,0,0,0,0
RMDDR,URYVR,550320,957952,525600,777720,1841040,2851368,3634800,1500400,2210400,2331240
CEPDR,RICL,101520,272640,157680,348480,334920,696453,1061280,208900,578000,430080
AVL,RID,53880,107520,8160,0,0,146657,0,0,27800,8240
RIBL,RMDR,96360,82944,108720,220560,241920,208834,1341600,153500,273000,156320
AIML,RIPR,0,0,0,0,0,0,0,9200,0,0
AVM,BWM-VL01,0,0,0,0,0,0,0,142700,0,0
IL2R,RMHR,0,0,0,0,44280,0,0,0,0,0
ASHR,ASKL,0,0,0,0,0,0,0,0,5600,0
AIZL,ASHL,202800,519168,386760,110400,554880,898191,687600,414300,791000,969200
AIBR,AVJL,0,0,0,0,0,0,50640,0,14800,400
AFDR,RID,77280,392960,3600,8160,659040,112189,580560,8200,546000,232880
ADAL,CEPDR,0,0,0,0,0,0,86160,0,0,0
BWM-VR04,PVR,67920,0,0,119400,6480,0,6240,0,19600,115200
AVEL,RIVL,82440,130560,87360,73560,180720,143278,109440,261000,154600,119360
BWM-VR04,SMDVL,6360,15872,81480,18240,4920,0,37440,52400,0,20080
ASHR,BDUL,108240,0,0,10080,0,0,0,312900,84000,164400
AVER,URBR,25920,11008,6720,29640,107400,0,72720,0,0,640
ADAR,URYDR,53400,103680,119280,50880,0,185518,154800,202000,341600,86600
BWM-DR01,CEPDR,8760,99840,0,0,30720,57784,643920,337100,706500,144000
AVKR,URAVL,0,0,0,0,0,0,0,0,24200,0
AVHR,RIPR,0,0,0,0,0,0,0,218200,227600,323280
AVDR,BDUL,0,234496,214320,190800,706560,771809,1374480,0,206300,174400
AIYR,AVJL,531000,347392,371760,153360,936120,855613,516480,401500,782400,436400
AVKL,SIAVL,0,82944,156840,173280,617040,45957,724320,562800,1140800,625360
AVBL,URYDL,36240,0,24840,26760,12840,45957,199200,243200,266400,41680
BWM-DL07,RIVL,0,0,0,0,0,0,8160,0,7500,0
BWM-VR08,RMDR,0,58880,73440,51240,24840,241950,4320,48200,0,16080
RMHR,URXR,0,0,0,0,136080,0,3840,0,0,0
PVWL,RIFL,0,0,0,0,0,0,3759600,1542500,1532300,2555920
ALMR,PVWL,0,0,0,0,0,0,2817360,2094000,3779800,626240
BWM-DL05,BWM-DR07,0,0,48360,480,0,0,175200,0,0,15360
CEPDL,RIAR,82800,18176,140400,0,20040,55418,61200,75000,43200,74800
RMFL,SMDDR,0,0,0,0,0,187545,0,0,35500,0
BWM-DL05,RMDVL,81600,227840,106560,18840,311280,50688,0,37800,119300,107440
AINL,AWBR,3000,0,0,0,47400,0,24720,0,12600,0
ASJL,ASKR,0,0,117720,0,0,100024,258720,130000,0,0
ASHL,IL2L,1080,0,0,0,0,11827,0,0,0,0
ADAR,RIVR,57000,33536,68760,99600,0,116920,44880,198600,95200,114640
AIMR,URXR,99240,102144,131400,310920,312600,966113,2862720,600800,115600,37920
RMHL,SIAVR,0,0,0,18600,38880,9461,12720,45500,27600,60160
OLQVL,URYVL,370800,573184,688560,425160,1044240,1125949,1279200,1292600,1181200,1243440
AWCL,IL1DR,11040,42752,5040,25080,10080,59136,57120,6100,44000,67120
AVEL,RIMR,204240,298240,416160,233640,578400,660295,543840,1332500,1485700,1177600
AVEL,SMBVR,0,18432,0,9120,137160,0,97680,160600,151800,101240
AWBR,CEPVR,0,0,0,51600,0,0,0,0,0,0
AVEL,IL1DL,5160,0,0,0,3600,14868,144480,0,0,960
IL1DR,RMHL,0,0,0,0,0,0,0,1038700,897400,985680
AVL,SIADR,178800,575232,0,521040,1082760,613662,909120,620800,755600,1045720
BWM-DL03,BWM-DR03,42720,183040,96840,230160,498600,846827,1568640,1244200,1538200,1483800
AVHL,PVCR,18840,523520,393360,239400,1203240,541685,827280,1182200,961400,1222800
AVER,SAADL,149880,195840,154320,97320,314640,72314,262560,53600,11800,367680
AIBR,RIPR,0,0,0,0,0,0,0,313600,97800,278800
RMFL,SMDVR,0,0,0,0,134520,99348,341280,900,459600,25600
AVEL,RMGL,94440,248832,99360,277320,222960,726865,921360,523700,531300,500800
RIML,RMHL,0,0,0,391320,351600,0,129840,46200,0,640
RMFR,RMGR,0,0,0,0,0,1831526,0,0,0,0
ASHR,PVWL,0,0,0,0,0,0,0,161100,0,483680
BAGR,PVCL,0,7424,240,0,16440,0,21840,0,11200,0
AIZR,SAADL,0,0,0,0,5640,0,0,0,0,12720
ASJR,RIBR,0,24576,13080,0,21720,0,46080,218000,86600,3160
ADFR,PVPR,33480,16640,50760,25440,128160,19261,323520,0,25400,0
IL2DL,PVR,86040,180736,70800,60240,73800,119623,9120,2800,51000,149400
AVDR,PVWL,0,0,0,0,0,0,616080,127800,141400,0
IL2DL,SMDVL,0,0,0,0,0,0,0,33500,15200,0
RID,SMDDR,2640,46336,12600,0,50520,0,0,0,0,0
SMDDR,URYVR,49680,24576,41160,19200,0,52377,0,0,0,0
AVDL,RMGR,11160,33536,13440,19440,155400,895488,56640,210200,198900,0
AFDL,URYDL,0,0,0,3240,6240,0,27840,0,57000,0
AVDR,RMFR,0,0,0,0,0,0,1920,0,0,40960
RIH,URYDR,54480,78848,357240,361680,845640,1477386,2703600,1308500,2131800,2724040
AIBL,SIBDL,57240,66304,189000,0,430920,189573,44880,0,442800,661200
AIYR,RIPR,0,0,0,0,0,0,0,6200,0,0
AVHL,IL2DR,0,0,0,0,0,0,0,7000,0,0
BWM-DL02,IL1L,128520,296192,191160,69840,436440,649820,552960,50600,3700,150640
AVEL,SIBDR,33240,51456,480,83400,332880,0,468960,126600,0,5800
AVDR,RIGL,71280,240384,50400,338760,99360,195993,1838160,224300,407200,69440
ALMR,URBR,237720,311296,485760,290280,193920,24330,804000,30600,97700,9520
RID,SMDVR,0,0,0,11040,360,192952,105600,0,41200,0
OLLR,SMDVL,114240,206336,174720,351360,343920,328796,1146960,1460200,1536600,782880
SIBDR,URADR,0,5376,0,0,6120,0,0,0,0,0
OLQVR,RMDL,0,0,0,0,3360,0,0,0,0,0
IL1L,IL2L,467040,1166080,792600,887400,1968480,2090373,1474800,1938200,2565400,2476880
RIS,SIBVR,0,0,0,0,0,73666,71280,0,281400,123520
AINL,RIAR,19920,21504,29040,51240,57960,160174,292800,185300,166200,119720
RIVR,SMDDL,514200,820736,1275240,1175280,2753160,4261171,4824720,2733200,4749400,4256080
CEPDR,RMER,0,0,0,0,0,0,0,600,0,0
SAADR,SMBVL,99720,72192,57840,85800,0,104417,139920,84400,79200,44840
AUAL,URXL,1107960,1777920,1898280,1260240,3631920,5833512,6808320,2928800,3119600,4069600
AVBR,URADR,9360,43520,50160,31440,7560,78059,96480,0,0,0
AINL,ASEL,144960,605952,366960,975240,547080,1069178,2455200,1462400,2755600,1563440
RIH,RIVR,217320,452096,771840,0,598560,1284096,1327440,0,0,0
BAGR,SMBDR,3720,0,0,0,0,23654,0,0,0,0
RIH,URADL,0,33792,23520,42240,133680,149698,316560,249400,520600,203360
ADLL,RICR,0,0,0,0,0,0,0,11800,0,0
ASHR,URBR,0,0,0,15960,0,0,0,0,0,21680
AIML,AVFR,0,0,0,39960,947040,1468938,4435440,1344800,2226600,645760
RIVL,SIBVL,8520,88064,70680,31560,26880,32778,0,0,0,94280
AIML,PVQL,267000,1102080,1042920,608880,1074840,812697,1292640,646200,712200,915040
ADAR,RIFR,133560,371968,276000,155400,260400,261212,491280,1441800,1585000,761920
BWM-VR06,RIAL,0,0,0,0,0,16558,0,0,0,0
SMBVR,URAVR,0,13056,0,0,3960,0,0,127600,257000,42520
CEPVR,RMDDR,546960,692224,877080,502920,1563000,1529763,2596560,1709000,1205800,1113640
ADAL,FLPL,24240,19456,50160,0,371160,243302,328080,640500,80400,436880
AIBR,AVAL,0,61184,52440,48240,0,38860,1337280,50800,117600,127360
RMDDL,URYDL,0,0,0,0,76560,0,0,0,0,0
AVEL,RMDDL,0,0,0,0,0,38522,0,0,25400,0
AFDL,AIBL,316320,358144,175800,558120,859320,960030,1067520,1468400,1625200,1479920
PVCR,URYDR,0,0,0,0,480,0,0,0,0,137160
ASIL,OLQDL,25440,7168,31320,35160,36000,95293,61920,303200,111100,24800
BWM-DL05,RICR,53760,0,0,0,0,100024,0,0,13900,0
AVHL,RMDVR,0,0,0,0,0,0,0,137800,0,0
AVBR,CEPVR,52800,52736,14640,34320,86520,0,25920,604000,413100,377680
ADFL,RIS,0,0,0,0,0,0,0,0,2600,0
ALMR,SAADL,154200,347392,153960,97320,193200,760320,69360,875000,557400,204000
BWM-VL06,BWM-VL08,38640,363008,117480,641040,821880,2117744,4264800,2280200,0,1577080
PLNR,RIML,0,0,0,0,0,0,0,473700,60200,1120
RMHR,URAVL,0,0,0,0,0,0,0,500500,342200,422880
AVAL,PVPR,194280,369664,185880,57360,260640,99010,62880,95900,1146500,192000
DVA,SIADL,271440,416000,327000,586800,675480,998215,1937520,479400,1479400,1735000
BWM-DL01,BWM-DR05,0,0,0,0,0,15206,51120,0,32300,0
BDUR,OLQDR,0,0,19200,8160,0,1351,0,0,0,0
OLQVR,RMDR,0,0,0,0,0,0,0,0,59000,12040
AVHR,PVQL,0,0,0,31200,0,0,0,0,0,0
SIBDL,URYDR,28560,84480,14760,19440,9240,50688,34080,0,137700,121880
ADEL,SAADR,477960,600832,411480,54600,290520,729907,1990080,0,910600,1123720
PLNR,SDQR,0,0,0,0,0,0,6240,70200,0,0
BWM-VR04,PVWL,0,0,0,0,0,0,0,113400,0,0
RIR,SIADR,64200,0,0,0,545400,0,0,0,0,0
PVCR,RIVR,0,0,0,56760,0,142602,167280,40400,26400,227280
AIZR,RIH,346800,909312,567720,440040,757200,1070192,2683920,2350200,3458400,3950360
IL2VR,SIADR,12120,26624,6960,3840,48240,31426,33600,98600,207200,63720
PVCR,URADL,0,0,0,42000,0,96307,0,0,0,0
ASJR,IL1R,62880,48896,0,4440,148200,7772,49440,125600,24500,100240
ASJL,URBL,2640,0,9600,0,48240,43591,59040,3000,81000,91160
ASEL,SAAVR,41160,44032,80520,64560,136800,31426,205440,92800,125200,233720
AUAL,OLQVL,0,9728,2760,81480,9000,0,0,54100,364400,41960
AIZL,AVER,369000,323584,427080,322200,1759680,1882552,2785440,2073600,1410200,1778880
AIBR,ASIR,292080,176896,79800,161280,489120,455854,919200,189800,51600,296080
ADLL,RIPL,0,0,0,0,0,0,0,54000,79400,122320
AVKR,RIGR,285840,350208,799560,40680,287640,432199,562800,373500,740000,908080
URADL,URAVL,0,0,0,0,0,2027,0,729400,142200,365840
AVDR,SAADL,15120,4608,128400,0,960,0,2400,0,0,5600
RIGL,RMFR,0,0,0,0,0,1628098,2122800,131400,102200,38080
AIBL,IL1DL,7560,0,0,0,17400,0,49920,0,0,0
PVT,SIADL,0,0,0,0,0,0,0,52800,0,0
AVEL,RICL,0,0,11640,0,80280,0,1440,0,3300,0
IL2VL,SMDDL,0,0,6360,0,0,0,0,0,0,34800
PVPR,SIBVR,20760,59904,0,0,34200,0,0,8200,0,0
AIBR,AVFR,0,0,0,0,2040,0,0,0,0,0
AVHR,RIR,393480,909568,513720,626640,1170240,1468262,3597120,1772800,2384800,1841720
BWM-DR07,RMDDL,0,0,13320,15480,152040,595752,850560,31600,208800,75000
AVJR,OLQDR,12240,39168,31080,15960,52440,48660,42960,0,55000,4240
BWM-VR05,BWM-VR07,55080,0,188640,849360,0,3309926,6419520,806200,2581600,1239440
AIYR,ASIR,500280,423168,353760,67440,505920,731596,1058640,135100,52200,29360
ASJR,AWBR,37680,67584,39840,0,106320,206807,127200,41400,195800,296400
AVBL,SIAVR,174240,35072,102480,57360,404160,220323,1227600,338600,186000,96400
AIMR,AQR,0,0,0,0,0,0,0,114400,66800,0
ADLL,AVJL,41280,103424,140160,159120,202920,141588,571920,284700,4700,412080
ASJL,HSNR,0,0,0,0,0,0,12720,0,0,0
RMGL,RMHL,0,0,0,504600,977760,756264,3021600,575600,677200,1269640
SIAVL,URYVL,720,0,0,0,82800,2703,0,125500,2800,1120
BWM-DL07,RICL,0,26880,7680,5280,18960,0,144240,29200,0,0
ADFL,OLQVL,40320,8192,27840,72600,57840,69949,102720,60200,145200,56320
CEPDR,SIBVR,107880,160256,160800,134040,259560,224378,880080,50800,145400,82000
CEPVR,HSNR,0,0,0,0,0,0,85440,0,0,0
OLQDL,RMHR,0,0,0,0,0,28047,0,387000,112800,120080
OLQDL,RID,1080,32512,0,37680,0,0,78960,155200,0,920
IL2L,RMDVL,0,0,2400,3120,0,0,0,0,0,0
AFDL,RIAL,5160,4608,17160,0,11040,21626,14400,2300,8400,1600
RMDVL,SIBDL,9240,26880,40560,22200,0,50350,123600,16400,30100,106160
BWM-VR04,URBR,29040,370688,218520,11520,141120,22302,0,0,0,0
RMER,URXL,0,0,0,0,48600,0,0,0,0,0
RIS,SIADL,6360,0,103200,0,213360,142264,13440,78700,0,5040
IL2DL,PVWL,0,0,0,0,0,0,12960,197900,312600,79680
ASER,ASKL,0,0,0,0,0,38522,0,0,0,0
ADAL,IL1L,0,0,0,0,0,0,0,0,9600,0
AVBL,URYVL,15600,33792,51480,71040,50760,0,419280,183200,524400,355480
RIGL,RMED,1920,32768,0,108840,364800,486942,1079040,17200,92400,145520
RICL,RMFR,0,0,0,0,0,9799,0,0,596800,20480
IL2VL,PVPL,0,0,0,2280,0,0,0,0,188600,100480
AWAL,SIADR,0,0,720,0,0,0,0,0,0,0
ADLR,AWBR,39480,219904,210600,324960,804960,1336473,2113920,288200,1265800,794760
AINL,IL1DR,20640,23040,15480,30480,45840,48322,91200,81600,92500,79880
ALNL,RID,0,0,0,0,3480,0,0,0,0,0
PVCR,RIFR,2760,140288,11280,144480,254400,30412,90480,75400,157500,0
BWM-DR02,RMDDR,0,0,0,0,0,0,10560,0,0,80
AVL,IL2VL,1920,62720,2640,0,0,0,0,0,77800,68240
AVER,PVCR,32280,0,55200,19080,254280,94279,88560,240800,181900,182880
BWM-DL06,SAAVL,5040,0,4680,0,14160,85831,74640,47900,79400,26320
BAGL,RID,226200,456448,435960,578280,405600,1067827,1817520,2190700,2302200,1317120
AQR,AVAR,0,0,0,449400,1185360,2542848,1512960,1590000,2177600,1971240
AVFL,RIH,0,0,0,0,0,0,0,0,11600,0
AIZR,PVCR,0,0,0,4200,6720,0,0,0,0,0
IL1R,RIVR,143280,137984,44040,41760,254880,205793,84240,245600,428400,753840
ASHR,RIH,0,0,0,0,0,0,0,0,85500,0
AVKL,RIS,543360,998144,919560,1978560,1414800,1764956,4446000,3711800,2959300,3153360
AINL,SDQL,0,0,0,0,0,0,70320,0,242400,4640
PVPL,SMBVL,120240,68864,42720,0,297600,0,487200,0,200,2880
ASKL,IL2L,19080,6400,10680,5280,30960,89210,159120,0,1200,0
SMBVL,URAVL,0,0,0,0,0,0,0,0,0,169200
AVHL,IL2DL,1440,59136,0,3600,0,1013,480,177800,94800,98640
AWAR,OLQDR,0,0,9120,0,32880,9799,0,0,0,4960
OLQDL,SIADR,0,0,5280,0,31440,20951,157680,83400,42000,260080
ADAR,SMDVR,0,0,0,0,9960,0,0,0,0,0
AVER,IL2DR,0,0,40560,0,114480,142602,0,108200,0,24960
AVL,RIVL,336000,5120,243120,0,148080,54067,40320,316300,215800,137120
BWM-VL02,SIBDL,0,0,0,4680,14520,0,0,0,0,0
ASGL,RMGL,0,0,0,0,0,0,61440,0,0,0
ASKR,OLQDR,1080,0,10560,17400,0,0,3360,0,12600,24760
AIZL,RIPL,0,0,0,0,0,0,0,9200,0,2560
IL1L,URAVL,146040,223744,116520,323640,288240,657254,586800,5600,405900,237200
BWM-VL02,RMDDR,0,0,1920,3000,33120,33116,41760,5300,900,27560
AIBL,RMGR,60480,326400,343080,21960,187440,370022,332880,199400,241000,380000
IL1VR,RMDVL,137400,13312,122880,27360,44880,21964,186240,428200,135800,362800
BWM-DR01,BWM-DR07,104160,226560,27600,0,0,16220,16320,45600,0,0
DVA,PVWR,0,0,0,0,0,0,0,137800,1000,285120
RMDDL,SIAVR,7560,51968,57000,94920,158280,209172,241920,240300,198000,124560
BWM-VL01,SIBDL,0,0,0,0,720,0,0,0,0,0
ASKR,AWCL,14040,0,10680,36600,0,157808,8880,0,28800,0
AVBR,AVDL,275520,197888,174120,98280,812160,830945,3007440,1454100,1015600,1043440
IL2L,RICR,0,0,0,0,9720,143953,32160,0,0,8160
OLLR,URBR,408840,815872,676560,326040,1335360,1497661,1390800,2708000,3134900,3582600
ADEL,IL2L,0,0,0,0,94920,1002270,353520,1156800,643000,832720
BDUR,URADR,6840,88576,26520,33840,54840,102727,31200,64400,51800,44480
RMGR,URYDR,0,0,0,11280,0,0,0,0,0,0
BWM-VL01,RMDDR,0,0,1680,0,0,0,0,0,0,0
BWM-DR08,RIML,0,0,0,0,0,474439,347760,0,2700,259520
AIMR,RIGR,0,0,0,0,0,0,0,0,16800,0
ALA,BDUL,0,0,0,0,0,0,0,52000,0,0
AVL,RIMR,156000,243712,317520,30840,433680,394352,122160,0,55800,66720
CEPDR,OLLR,130680,499968,511560,719400,622320,973885,2318640,1314600,1193100,1422160
AVL,SMBVR,0,0,0,0,240,169297,838320,0,358400,106920
AVKR,RIFL,0,0,0,0,0,0,40800,0,0,0
AVL,IL1DL,0,0,0,29040,72000,70963,138240,82500,0,72640
FLPL,RID,0,0,0,0,0,97320,0,0,0,0
CEPVR,RMGR,173880,12800,51120,0,330240,323389,428400,884400,200800,249680
IL2R,RIMR,0,0,0,0,0,0,0,0,0,199120
RIMR,RMDL,595440,842496,830400,1654920,3114600,4261847,8470080,4296600,6317600,7513200
ADAL,AVER,0,1280,0,5760,0,25006,60960,188300,0,0
IL2R,SMBVR,130560,173056,135480,104280,56880,33116,377520,196000,339600,378080
BWM-DL01,BWM-DL03,662400,2157312,633960,1981440,3718080,3818833,13914720,6116700,7618200,5393040
AVL,RMGL,2880,2304,0,0,21480,0,0,0,0,0
AFDR,RIMR,0,0,0,49440,0,0,12960,0,124400,0
CEPDR,SIADL,0,0,0,0,0,11489,252000,213200,90600,331840
RIH,SMDDR,16080,0,600,30480,0,0,0,0,0,0
ALMR,PVCR,0,279040,214560,77280,375360,793436,1430880,844100,510800,648400
AFDR,SMBVR,0,5120,0,0,0,0,0,0,0,0
RIFR,URBR,65520,99072,37080,0,0,0,0,0,0,0
BWM-VL02,URBL,375120,373504,15000,47520,0,0,0,0,0,0
AVAR,RMDL,9960,117760,10560,0,61560,0,0,0,40600,66880
IL2DL,SAADL,0,0,0,0,3240,0,0,0,0,800
BDUR,CEPVR,0,116992,0,0,0,46632,39840,252400,147600,141240
BWM-DR04,SIBDL,2280,0,0,0,0,0,0,0,0,0
AVKL,OLQVL,0,0,0,0,4680,28047,144000,447200,492600,278240
SAADL,SMDVL,360,37376,0,11400,70920,55418,300480,221200,211200,0
AVBR,AVEL,0,0,0,0,49560,49674,150240,0,202200,109520
AIMR,SMBDL,0,0,0,0,0,30750,241440,0,0,0
CEPDR,DVA,0,0,0,0,0,0,156480,0,0,0
RIH,SMDVR,0,0,15480,0,0,94279,570960,0,0,1000
AVAL,SIBDL,34800,40704,33960,125160,131520,152739,1151520,118000,373200,221040
RMDL,SMDVR,44520,114688,177120,140160,476880,455854,40800,142000,308900,111120
AVJR,URADR,31680,25088,10440,18840,6480,46295,94800,47200,14600,77600
BWM-VR01,SMDDL,0,24576,6720,19440,30960,0,24720,2800,134000,69760
BWM-VL03,BWM-VR07,0,0,0,0,0,0,27600,0,0,1760
SIADR,SIBDL,20640,36864,31560,68880,15480,53729,197520,57700,80100,150520
OLLR,SAADL,180840,288768,300360,254880,964080,1168527,616320,1047700,1707200,782720
CEPVR,URYVR,999000,1325056,1263120,656760,1279800,1160417,906000,163000,533400,16000
AVL,SIBDR,30720,0,0,0,0,0,6720,0,0,8800
AVAL,RMDDR,0,32768,16080,36600,0,0,0,0,0,0
ASEL,OLQDL,0,0,7320,0,0,0,0,0,0,0
AVDL,BAGL,220440,507392,145200,595320,953400,1250304,1068240,744700,1033200,990960
IL2L,RIPL,49680,3072,0,13800,0,37509,35280,9600,13500,8800
ASHR,PVCR,0,162304,27840,11160,59400,8110,0,0,0,0
ALNR,PVT,0,0,0,0,0,0,0,0,0,128560
RMFL,SIBVR,0,0,0,0,0,730920,62880,8800,0,0
IL2R,SIBDR,0,9216,26880,0,0,0,129600,0,0,0
ADFR,HSNR,0,0,0,0,0,0,66000,0,0,0
AFDR,SIBDR,33240,70144,14880,160200,92160,54405,355440,100400,230400,32560
BAGL,URYDR,0,0,0,0,0,0,0,0,0,2000
ADFR,AVHR,0,0,18840,0,12360,0,0,4200,71400,2160
ALA,PVWL,0,0,0,0,0,0,0,6400,0,0
RICR,RMHL,0,0,0,969120,1902120,1246924,2734560,2439800,1773600,1487760
ASEL,IL2R,32520,5120,5640,11280,31680,6420,183840,0,121800,153080
ADEL,SIBVL,0,0,3120,0,11280,145643,600960,10100,168100,0
CEPVL,PVT,0,0,0,0,1320,0,27360,0,0,0
AIAL,AVBR,0,0,6000,0,42960,0,615840,0,36200,4360
ADLL,ASIR,53760,0,0,0,45360,25344,0,0,0,0
BWM-VL05,PLNL,0,0,0,0,0,0,0,0,0,5160
RMDDR,SMDVL,281160,473344,291360,356280,557640,1241180,883680,1206800,1377300,1115440
RIFR,SAADL,66360,115712,6720,6240,0,71976,0,0,77600,0
IL1VR,RICR,49800,33792,4560,67080,5520,48998,150240,46900,0,0
AVAR,RMDR,74280,148224,31920,0,0,47984,0,0,0,223080
AVHR,RMFL,0,0,0,0,0,0,95040,0,0,0
DVC,PVT,1300680,3497728,2460480,5053920,4623840,5603727,12707280,6948400,7310000,6326720
AIMR,AVKR,0,0,0,23400,0,0,401760,0,0,0
FLPL,SIADR,0,0,12360,0,67440,0,0,0,6800,0
AVFR,URYDR,0,0,0,0,18360,0,1680,66000,0,0
ALNL,RIVR,0,0,0,0,0,151726,356400,600,381000,519880
RIR,RIVL,304440,51200,478560,965520,466680,315617,546000,768200,497000,747440
SIBVR,SMBDR,346440,750336,585000,753600,1367040,1693992,2915280,1199000,1487400,1402160
BWM-VL03,OLLL,0,0,0,0,0,23654,101520,0,0,0
ADLL,AVFR,0,0,0,0,138480,12840,100800,211400,0,323840
ASIL,OLLL,35280,0,12000,9600,0,32778,111120,131400,12000,301400
RID,SIBVR,362040,1225472,701280,663720,1287480,2639493,3006000,1361600,2350200,2129600
ADLL,PVQL,345720,320000,352320,770640,519720,1249628,1170000,275500,153100,874320
RIBR,RMDR,0,0,0,0,15480,0,0,0,0,0
BWM-DR07,BWM-DR08,0,0,0,0,0,0,0,53600,0,0
AVDR,IL2DR,2520,0,0,6240,2640,0,2400,208300,258600,420000
AVL,RMDDL,0,0,0,240,0,0,19200,0,208000,45440
PVCR,SMDVR,0,0,1560,0,0,10137,0,0,0,166960
SAAVL,SDQR,0,0,0,275520,97560,678205,373920,227000,441200,232240
AVAL,URBL,3240,54784,14400,45600,0,0,0,0,47500,0
ASGL,RICL,88680,46080,720,180360,85920,0,737280,0,361600,160240
BAGL,RIVR,58320,52736,32040,49080,66000,254791,209040,94800,105000,64560
SIBDL,SMDDR,12240,0,22680,0,7440,55080,0,50900,7200,18680
BAGL,URADL,5160,512,0,8400,0,0,0,0,0,0
BWM-VL04,IL1L,0,20992,5160,0,288840,107120,107520,17200,0,0
SIADR,URBL,24960,116736,5880,3360,60120,12503,64320,0,19800,122400
ALML,SDQL,0,0,0,0,1490640,1030993,1013040,850200,1694600,1118320
AQR,SAAVL,0,0,0,4440,0,7434,0,0,0,68640
SIBDL,SMDVR,18720,90368,24240,61200,55440,149022,150720,90000,139300,186640
ASHL,SMBDL,112680,0,69480,0,0,0,0,0,0,80
AVFR,URADL,0,0,0,0,0,0,0,191600,120400,10400
RMDVL,RMGR,0,62720,85320,90000,153840,13516,694800,796200,1458700,993200
RIGR,RMDL,0,0,0,0,0,35143,0,0,0,0
RIVL,SMBDL,49080,56320,73800,107640,152640,69949,566160,112300,209100,327360
URAVL,URAVR,0,0,0,0,0,0,0,0,0,5040
ADAL,HSNL,0,0,0,0,0,0,402240,0,0,0
IL2VR,RIMR,0,0,3960,0,0,0,0,94500,0,0
AVJL,SDQL,0,0,0,0,0,0,0,70400,125600,0
RIR,SMBVR,111600,0,0,0,85080,487956,62400,498400,17800,279960
IL2DL,RIH,416760,916992,832560,1049640,1500840,1293895,3201600,1452200,1421600,1820640
IL2VR,SMBVR,0,21248,8280,0,102000,0,89040,0,0,188520
BWM-DR03,URYDR,0,2304,32520,37920,86880,380835,267840,0,0,0
AVKL,OLQDL,4200,0,0,480,36960,95631,0,0,0,55120
PVQL,PVQR,16200,0,0,0,0,0,0,0,0,0
AVAL,AVHR,12240,175104,182880,271440,693720,385228,1499760,588700,411900,517520
ADAR,FLPR,14280,45056,71520,178440,315960,30750,650160,0,273400,391840
ASKR,URADR,0,0,0,840,0,0,0,0,0,18480
RIR,RMGL,0,0,0,0,0,0,72960,0,0,0
PVCL,SIBVL,106440,86528,54480,289560,0,520058,547200,49400,139800,214480
AIAL,BDUL,0,0,0,0,0,0,0,763600,717000,612080
IL1R,RIMR,0,0,0,0,0,0,0,0,0,352480
ADAR,ASJR,0,0,4560,17400,0,0,0,0,0,0
OLLR,RIH,0,0,0,344640,0,0,0,72800,12200,1280
ALNL,BWM-DL06,0,0,0,0,0,0,0,7400,0,0
AVL,RICL,0,0,0,0,0,15544,17760,0,0,0
AQR,SMDDL,0,0,0,0,0,0,0,116400,0,0
BWM-VR07,RMED,0,0,0,0,0,0,15600,0,7200,0
BWM-DL04,BWM-VL02,600,280576,0,57480,275880,123002,457920,37900,953200,468480
AIMR,RIFL,10800,0,0,67200,0,8448,0,0,0,0
AINR,IL2L,62640,51712,11520,26400,49320,337,144960,143400,178200,243040
DVA,SAAVR,17400,74240,54720,27600,115680,0,308400,0,255600,223600
IL2R,RICL,0,0,0,20760,73680,99010,84960,0,0,108160
BWM-DR07,SIBVR,0,0,21360,59520,0,0,0,86000,0,0
AWAL,RIVL,0,0,0,0,0,0,0,0,16600,0
IL2VR,SMDDR,0,0,0,0,0,0,0,0,0,3080
SMDDR,SMDVL,1824120,2831616,2610480,3750120,3858960,6525911,11351760,7628700,10071400,7621160
RIR,SIBDR,23520,22272,720,0,0,0,0,107700,0,0
AIBR,AWAR,169320,144128,110520,86520,150120,47646,32160,5400,185600,409440
IL2VR,SIBDR,15720,19968,13680,7200,86760,56770,50640,35600,69200,46840
BWM-DR03,URADL,0,0,0,0,0,0,0,0,0,18920
ADAL,AVJL,147840,21504,0,0,0,0,52320,0,0,40000
ASKR,CEPVR,0,4864,0,0,37320,31426,4560,2300,18200,320
ALA,SAADL,0,0,840,0,0,0,0,0,0,0
ALA,ASGR,0,0,0,0,0,0,0,506600,0,361840
CEPVL,RMEL,0,8960,0,0,34920,0,0,0,0,0
DVA,RIS,1320,19456,0,0,0,277094,0,0,0,0
RMFR,SMDVL,0,0,0,0,0,0,431520,219200,338800,36640
OLQDR,SAADR,0,0,0,0,0,0,0,170600,0,0
RMFL,SIADL,0,0,0,0,151560,0,635760,235400,9400,0
DVC,RMEL,68880,0,98160,49440,0,81438,1200,44800,330200,229600
SAAVR,SMDDL,1212840,2233600,1703280,2436600,3644760,6244423,8508240,5001600,7149300,8194200
AIYR,AWAR,264000,367616,232080,430560,939000,1537873,2278560,2096400,1351000,1467120
ADEL,URAVL,0,0,0,0,0,0,0,151800,0,0
ALNR,RMDL,0,0,0,0,186000,459233,285360,427800,246200,843360
AVFR,CEPVL,0,0,0,0,63960,133140,0,5500,181500,41400
AVDL,PVR,206280,477696,443400,164160,524400,110161,1426080,615900,1040900,290160
IL1R,SMDVR,45480,72704,29640,45960,225000,471398,118080,381900,602200,650760
AVDL,SMDVL,32880,219904,20400,241680,113880,46970,119760,0,0,0
AVBR,RID,330720,559360,462480,371160,1481880,2109972,2646960,1216900,2012400,1420960
AIAL,PVWL,0,0,0,0,0,0,116160,0,6200,0
ASER,RIH,0,0,0,0,0,0,0,22000,220100,0
AVFR,RIFR,0,0,0,0,783480,1416222,1795200,194800,174800,352160
AVHL,SAAVL,0,0,0,0,0,0,0,97500,1400,0
OLQDL,RIVL,0,0,0,23520,0,0,0,0,0,0
AWAL,IL1DL,0,0,0,2280,0,0,0,0,27200,0
AQR,PVPL,0,0,0,1102680,3614880,3919196,5662800,2950500,3680400,2443240
ADER,SAADR,121800,174336,1440,125520,0,0,12240,816800,0,0
AVFL,IL2L,0,0,0,0,14280,64204,30000,69800,112400,148880
CEPVL,RMDL,210720,644096,550920,923040,1240440,1591941,2901360,2311700,1579400,1761920
RIVL,URAVR,0,0,8640,0,360,0,0,0,0,43720
RIR,RMDDL,0,0,0,19800,0,0,0,0,36400,20000
ADFR,URYVR,240,89600,6720,5880,54840,5744,30960,71000,68500,139280
AINL,AVDR,0,0,0,0,0,0,0,0,0,114000
AVDR,RMDVL,24120,0,2400,0,90960,73666,133200,0,0,10480
AQR,RIR,0,0,0,1272240,1835520,1810913,6720240,1184600,2155600,1943960
AWAL,RMGL,53040,311040,19200,0,35280,11827,0,0,0,52320
RID,SIADL,0,0,0,0,1560,0,518400,0,0,0
DVC,RMDL,0,0,0,0,0,0,0,33200,5400,8880
PVT,RIS,75360,131584,102480,77400,21600,1351,100560,756600,1600,181000
BWM-VL05,RMDDR,0,4864,0,0,0,0,0,0,0,0
RMEV,URADR,115680,201472,107760,418800,224160,726190,969120,1080100,553400,394760
IL1VR,RIPR,442080,719104,811200,601320,1828560,1840650,2330640,1581800,1497800,1737920
IL1R,RMDDL,176400,393728,240240,189240,505680,765388,981600,623200,463000,714040
IL2DL,PVCR,0,0,0,2400,0,0,0,0,0,38400
ADAL,RIPR,0,0,0,0,0,0,506160,0,0,0
AUAL,OLLL,52920,0,20160,0,1080,0,27120,29000,3800,0
RIAL,SMBDR,0,0,0,0,10680,36495,0,33800,0,94800
BWM-VR03,SIAVR,0,0,0,11160,0,0,0,0,0,0
SMDDL,URXR,35880,0,14040,74520,129000,179097,0,115200,59200,16360
AIBR,AVL,205320,281856,410040,244080,871440,418344,879360,126000,286800,357360
BWM-DR01,RIPR,6600,19712,33600,64920,102120,119623,70560,0,4600,56880
CEPDL,DVC,18120,0,0,0,0,7772,4560,0,0,0
ASHL,RIFL,983040,1424384,503280,1682160,3342480,4191221,5386800,4393600,4175100,3611080
RMDVR,URADR,0,41728,14520,4800,0,0,1440,464600,297400,365760
ADEL,AQR,0,0,0,0,117960,706252,825360,125900,558400,207680
AIZL,RIR,354960,540928,572400,885720,1026600,642723,2022240,2055200,1844600,2327360
AVHL,SMDDL,0,0,0,0,0,75694,0,0,0,0
AWAL,SIBDR,0,0,6960,0,12000,0,0,0,0,0
RMDDR,RMFR,0,0,0,0,0,0,238080,364800,291000,3920
AIYL,ASGL,11400,45056,13320,70680,47040,71976,225360,43400,12200,20160
ASIL,AWCL,1230480,2882304,1111680,2603160,4810920,5772011,8883120,2974200,3546400,4468000
AIZR,AVAR,7680,0,0,0,0,0,0,12000,0,61080
OLQVL,SMBVL,337440,372480,367560,433800,912240,996526,1349520,951600,1133200,1141120
AIML,AIMR,98040,196352,48840,137760,173280,190924,366240,160700,151800,131760
SAADL,URBR,129960,201728,144120,131160,52680,48998,213840,383200,209700,348520
OLQDL,RMGL,0,0,0,0,0,0,960,0,0,0
ALMR,ALNR,0,0,0,1560,0,0,42240,0,0,0
FLPR,SMDVL,0,0,0,10800,0,0,0,0,0,8520
CEPVL,RMDR,92160,237568,151920,54720,189480,114554,113280,173400,148000,187680
AWCL,CEPDR,17520,0,19200,6720,0,0,0,0,71400,0
AVHL,PVQL,0,0,23640,0,0,0,0,0,0,0
IL2VR,RICL,23520,22784,13680,3720,108120,61501,219120,0,138800,103960
DVC,RMDR,0,0,0,0,4080,81438,28320,0,0,53520
RIAR,RIH,671640,692224,714840,1063320,2092680,2664161,5303520,1607400,3144800,1862360
PVR,SMBVL,24360,0,42240,0,0,0,0,0,31000,0
IL1VL,RMFR,0,0,0,0,0,0,40560,0,0,0
PVWL,RMDDR,0,0,0,0,0,0,0,0,140200,0
HSNL,RIFR,0,0,0,0,0,0,1116240,0,0,0
SDQR,SMDVL,0,0,0,264720,532440,358871,0,39000,505200,263360
AIBL,BAGL,114840,327168,134280,304920,308880,630558,1104960,517000,213200,213040
SIADL,URYVL,66120,38400,69600,110160,193320,127057,289200,4900,104200,106640
OLQDL,SMDDR,18360,94208,23280,0,220800,0,0,85100,22600,901840
RMGR,SMDVR,0,0,0,6360,0,0,0,0,0,0
SIBVR,URBL,39360,352000,119400,164640,647640,678543,1573440,0,262600,211520
IL1VL,RIGL,25440,42240,7920,0,26880,63866,129360,117800,48000,67240
RMHL,SMBVL,0,0,0,4320,331560,124692,70800,174500,0,487840
IL2L,PVQL,23400,23040,11520,11760,19080,20613,3840,1800,4800,1600
AVEL,PVR,0,59904,0,0,720,49336,0,0,0,0
AIAR,AINL,0,85248,32280,3960,27240,155105,30000,177200,384800,168240
AVAL,URYVR,40560,53760,43080,49440,347040,135168,236640,324100,204200,565520
AWCL,BAGR,30360,0,170880,341880,54840,481198,1619760,0,0,734160
AVFL,URXR,0,0,0,0,229080,12165,147600,0,253600,73920
SAAVL,URYDL,66720,79104,16920,29280,29880,32440,62160,137200,327500,113320
SIADR,URYVR,104640,167168,48720,77760,212880,97658,394560,137600,155900,169440
AVAR,AWCR,0,768,0,0,0,225730,0,167400,0,0
AVDR,IL2DL,23880,107520,31080,30360,103200,110499,100800,289300,338700,224320
IL1L,RIFL,81360,131584,42240,9960,30960,5406,0,0,91000,0
AVHL,PVPL,66720,44800,2880,72360,82560,0,0,0,0,167200
OLLL,RMDVL,324840,811520,666720,1072440,2142720,2441134,4017840,2102700,2527400,3313000
RMDDR,RMED,93600,246016,70200,169800,5160,415641,630960,556000,530800,133920
ADAL,AVAL,400440,403712,236760,240960,849480,614676,1946880,1092300,1964800,1769120
IL1DL,IL2L,0,0,0,63360,76320,186531,181920,0,104100,33600
AVDL,BDUL,0,0,53160,0,90960,43253,221760,0,54800,6480
AVHL,RIR,299520,913408,592440,774000,2189760,1934929,3768720,1601200,2259600,2149160
CEPDL,RMED,31080,32768,13920,0,0,0,0,0,0,14080
SAADL,SAADL,6120,4608,0,1440,10440,0,41040,0,0,0
AVDR,RICR,107160,74752,72840,101160,113400,332513,74880,896600,628400,192560
BWM-DL07,PVR,0,0,0,0,51480,0,0,37000,0,1240
ALNL,SMDDR,0,0,0,51120,1076640,1368576,1928640,919200,731200,1404640
RICL,RMDVR,43320,22528,0,0,129720,0,14160,0,0,0
PVWL,URBL,0,0,0,0,0,0,0,516100,12300,0
IL2L,RIR,0,0,0,0,0,0,0,1133200,732200,331920
PVWR,SAADR,0,0,0,0,0,0,0,0,0,333920
ADAR,PVQR,27720,43008,120480,95880,135600,264591,389040,108100,258600,206440
ALMR,AVAR,0,0,3840,0,0,0,0,0,0,0
ASEL,OLLL,0,0,0,0,0,0,12240,0,0,0
PVQL,SIAVL,0,0,0,0,0,1013,0,54000,65000,9080
ALNL,SMDVR,0,0,0,0,72240,247357,565680,536900,366400,530320
OLQDL,RMDDL,75960,206080,140280,22320,95520,190586,888960,279200,344800,303200
IL1VL,RMED,177120,122368,36360,286800,212400,316968,18480,255000,208000,257520
PVPR,SAAVR,0,29952,0,0,0,0,0,0,0,0
AINL,ALNL,0,0,0,0,0,13178,15360,0,28600,0
IL1DR,RIPR,253320,688384,976200,605640,1634280,1996431,2355360,1278700,1187200,1623600
RIFL,SMBVL,13560,61440,158520,23520,267720,207144,901920,481300,199700,392920
ADLL,RMFL,0,0,0,0,0,0,115200,0,0,0
RMED,SMDDL,263160,286464,434520,515520,1618800,1390540,2370240,3094200,3976800,2978200
AINL,AIYR,138000,48128,87240,163440,369120,504852,1292400,301600,136800,121440
BAGL,SMDVR,3240,0,21000,20640,44040,39536,75360,0,107300,111440
AVFR,SMDDR,0,0,0,0,15960,85831,92880,0,0,0
AWAL,RICL,0,0,0,0,0,0,62160,0,0,0
ASKR,AVDL,0,0,0,0,0,0,2640,0,28700,0
SMDDL,URAVL,0,0,0,0,0,0,0,924600,550200,699600
ADAR,AVBL,178080,327936,310320,453120,560280,907991,1222560,1948400,1117400,745920
BWM-VL07,RMEV,0,0,0,0,0,158146,64560,0,131100,88040
ASHR,AVAR,103200,73472,194280,430320,45360,567367,2452320,910600,2532600,1190160
FLPL,RIMR,0,0,9720,151080,0,23316,37680,0,183800,0
RIH,SIBVR,77520,47104,273480,0,7200,1351,93600,40700,8500,107800
FLPL,SMBVR,0,0,0,4680,0,0,29760,0,144100,119080
ADEL,RIGR,171120,271104,34080,0,865920,1104322,2388480,95300,1785700,981360
AVDL,PVWL,0,0,0,0,0,0,887520,17300,22100,177440
AVFR,SMDVR,0,0,0,0,219960,0,568320,0,0,63600
ALML,AVDR,0,179200,379320,202800,864480,1607147,795840,523500,651000,706720
AIML,URYDL,15600,23808,14520,16800,42600,24330,62640,74500,50200,59960
DVA,SAADR,8400,768,26040,36600,0,141926,393120,369800,106800,78240
ADAL,AVFR,0,0,0,67200,484800,52039,850080,0,383800,197040
AVDR,RIPL,0,0,0,0,0,0,0,145700,40000,8880
RIVR,SMBDR,0,54016,177360,92520,233520,43929,522960,378000,113600,29840
BAGR,IL1DR,29400,77056,26160,12720,52680,74342,119280,102600,65800,85840
AVKR,PVCL,0,0,0,0,166680,5068,14160,0,0,0
AIML,URXL,97560,124928,96960,489360,573840,682598,3723840,291500,153000,184200
IL1VL,SAADL,360,0,2760,0,0,33454,0,64400,0,3360
ALA,ASHL,1560,0,0,0,0,0,0,0,0,0
RICL,RMDVL,26760,0,102480,48000,0,160512,381600,105300,215600,0
AVKL,OLQVR,0,0,33720,0,6000,0,0,0,49200,2320
AIMR,ASER,0,25856,25560,0,840,6082,58560,255000,291200,640840
OLQDL,RICL,111720,305920,69720,208680,241440,185856,323760,207700,362000,289800
ADEL,SMBDL,0,0,28680,22560,36840,82790,8400,0,173400,0
AVJR,AWCR,0,0,0,0,0,0,1440,22400,40000,0
AUAL,AWCL,0,0,0,0,0,174366,0,0,0,43280
IL2VR,RMER,111720,268032,273120,194160,344880,289935,766800,366200,389400,384240
AVHR,URYDL,6120,0,0,0,0,0,0,0,0,0
CEPDL,CEPDR,0,0,0,4440,0,0,126960,254600,0,170720
BWM-DR03,BWM-DR05,479880,961792,622920,1327920,3147240,5028925,12805680,2737600,4515700,4274160
IL2VL,PVCL,0,0,0,0,0,0,0,0,122600,0
IL1VR,RIR,24000,0,0,0,0,0,0,0,0,0
ALA,IL2DR,9360,0,13920,0,0,0,0,169200,0,6280
RMFR,URBR,0,0,0,0,0,0,0,0,13800,2560
AVER,SAAVL,14760,57088,60600,40800,30360,68259,87360,56600,0,4880
AVKL,OLLL,0,0,5880,17040,188160,0,0,0,0,27840
IL1R,RMER,34200,94208,480,6240,172200,259860,268800,0,632800,8880
OLQVL,RMDR,0,23040,0,0,0,0,0,4600,0,0
AVBL,PVT,0,0,0,4200,0,0,3600,133900,0,10480
SIAVL,SMBVL,1184520,1481472,895440,2087640,3260520,2572584,4642080,944000,2140200,1342880
ADAR,SIADL,61920,54784,17880,27600,11760,61163,0,85200,220200,72640
AIZR,SAAVL,0,0,0,10320,0,0,0,0,0,153120
AIBL,SMDVL,0,6400,0,19320,16680,0,14160,9600,0,70640
AVDL,URBR,99480,69888,141000,7920,319920,87521,782160,135300,257600,369720
BWM-VL03,CEPVR,0,0,840,0,0,0,0,0,0,0
ADFL,AVJR,0,0,0,0,0,0,0,56700,327000,255920
RICR,RMDVL,0,33024,7200,0,0,34129,0,0,0,0
FLPR,PVWL,0,0,0,0,0,0,120480,0,0,0
AVKR,PLNL,0,0,0,0,0,0,0,206600,0,79200
ADAR,DVA,195240,753664,764760,721200,1016640,1214822,937200,1512500,1569900,1351640
ADFL,AWCL,21960,0,3360,31560,0,0,7440,0,42500,4920
FLPR,RMFR,0,0,0,0,473640,0,10320,0,10000,0
PVCL,RIGR,51000,67072,70800,0,386760,0,0,0,0,0
BWM-DR06,CEPVR,0,2560,0,0,0,0,0,0,0,0
SIBDL,SIBVR,169920,218368,119400,375600,375960,524451,1195920,144200,294900,229480
ADEL,AVKR,49800,133632,169680,974520,65400,0,549840,317800,525800,190480
HSNL,SMDVR,0,0,0,0,0,0,417600,0,0,0
FLPR,RIGL,0,0,0,0,0,0,0,10500,0,8000
AIBR,URXL,72480,121856,3480,21000,152040,85155,3120,2000,0,0
RIVL,RMEV,58440,0,0,66840,0,0,0,0,487800,175600
AUAR,URXR,1245360,2190336,2042280,848520,3919080,4451082,5011200,3409500,3455100,4405600
AVER,SMDDL,83040,65280,0,7920,26640,55418,0,400,0,100560
ADER,URXR,0,0,0,0,840,0,9360,321000,0,0
ADAR,AUAL,0,0,0,0,0,0,0,0,0,6000
AIZL,RMFL,0,0,0,0,0,0,0,0,13400,0
BWM-DR05,SIBVL,0,0,0,0,0,0,0,0,3400,0
PVQR,SIBDL,1200,0,0,0,6360,23992,2640,12300,0,0
BWM-DL01,BWM-VL02,0,0,5760,8640,0,0,0,0,0,0
RIS,SAADR,39240,646144,385080,437040,962280,918128,4173120,1868400,2907600,845840
AVJR,RID,257520,297728,177600,420840,1479480,541347,1121520,395800,710000,885880
RMFR,SAADL,0,0,0,0,0,2264064,2482800,1217600,2034900,2679680
AWBR,RIMR,108120,1792,2400,0,124080,156794,8400,0,0,0
AWBR,SMBVR,21960,312832,169080,264240,497880,747479,1480560,677000,1195100,1222480
SMDVR,URADR,0,0,0,0,0,24668,0,693600,561000,796240
CEPVR,SMDVL,379920,608512,602280,519360,1362960,855613,1077600,1019800,688300,819360
PVCL,SMBDL,26760,196864,111240,0,41280,151050,124560,800,171600,75240
ASER,IL2L,25440,9984,0,0,23280,18247,23760,1200,5600,210440
ADEL,ADER,664920,1245440,1239720,0,3081960,4401408,6899040,2483000,6228800,5669200
RIMR,URYDR,23040,93696,7560,27840,0,90562,89040,82600,0,165680
ASGR,CEPVR,39000,51968,67680,0,199200,167270,222000,242800,269500,103320
AINL,CEPDR,36480,20992,10200,480,0,13178,33120,0,39200,0
SIBVR,URYVR,81000,24064,34320,6720,118200,47646,35520,67800,41000,66640
AVDL,SAADL,23760,22528,48840,22800,31920,115568,0,146600,137600,41640
RICL,RICR,1878720,2459648,1714920,1616520,3239880,2923345,6523200,8213700,5635800,4784040
AIZR,AWAL,0,0,0,5640,19920,0,0,0,0,0
SAAVL,SIAVR,0,260352,102240,69960,392640,277432,468480,0,266800,673480
ASKL,RIFL,383040,904960,605400,143280,327480,215592,333360,75400,144800,0
AVAR,URYDR,29520,0,7680,47280,248880,153415,238320,261000,353600,357440
AFDL,CEPDL,0,0,240,4080,0,0,32160,0,0,64000
ASGR,AUAR,1680,0,0,0,0,3041,0,0,0,0
AVBR,IL1VL,0,28416,0,0,0,0,0,0,0,0
ASEL,AVJR,0,6656,0,0,0,0,0,0,0,73520
AWAR,AWCR,8400,0,107400,7080,85680,0,35520,322200,422100,95080
ALML,ALNL,0,0,0,78360,12000,0,8400,0,0,0
BWM-DR06,RMDL,61320,18688,16080,62760,118920,107120,396480,176500,73800,339600
RIBR,URYDR,239760,369152,234960,331200,586680,1336473,2447040,1408600,1000300,979680
ASEL,AWCL,559680,1202176,733920,845880,2159880,3330539,6293040,2842900,3277500,1960560
BWM-VR07,RMDVR,0,0,0,0,0,0,372720,0,15400,0
RIH,SIADL,0,768,0,0,0,0,0,209600,0,2400
RMDL,SIADL,109560,289280,235440,300840,458280,380160,1549200,655000,988800,902480
AINL,BAGR,42240,166656,0,0,186960,0,0,140000,3600,204040
AWBR,SIBDR,84840,0,0,0,186120,0,0,0,0,0
AFDL,SMBVL,0,0,0,0,0,13516,0,0,0,145520
AIMR,PVPR,0,0,0,0,0,0,0,0,93000,0
IL1DL,URAVL,0,0,0,0,120,0,0,389800,0,258640
IL2VR,SIBVR,19320,0,19080,4200,16680,33792,43680,51400,123700,41760
RIR,SIBVR,93000,46080,0,360,0,0,0,62400,0,0
FLPL,RICL,0,0,0,0,0,0,0,0,0,138720
SDQR,URBR,0,0,0,21840,44520,0,164400,0,0,0
AVER,PVPL,172680,204288,114960,183600,979800,450109,459120,160700,705300,1687680
AVBR,RIVL,4920,113152,61080,103200,120000,85493,717360,263300,216800,142600
AWCL,IL1L,48960,5632,0,95760,29400,2027,59040,0,0,1600
RIMR,RIVR,452520,565248,348240,238680,1052520,1005987,789120,865600,922600,988400
OLQDL,RMER,0,0,0,0,0,0,0,0,0,93480
OLQDL,RIBL,202080,336384,98760,236400,402600,217282,564240,501100,339400,182600
AIBR,OLQVL,5040,0,0,0,0,0,0,0,0,0
PVWL,URYVR,0,0,0,0,0,0,0,0,0,46800
AVAR,RIVR,316320,483328,279240,267480,532320,600145,1252320,448600,682400,531280
ADEL,RIFL,0,0,0,5640,142080,125706,211680,10100,0,0
AIAL,ASHL,488640,531968,382920,567600,1341120,2129909,1589760,2013600,1809400,1567840
AIBL,ASKL,366480,500224,232680,209040,974520,973209,1861680,673800,675500,752480
IL1R,SIBVR,29280,0,15360,0,20280,183828,0,0,25900,66000
RMFL,SAAVR,0,0,0,0,832920,0,5490480,3990400,3880600,3472440
RIBR,RIVR,45000,21248,25680,36240,43080,57108,186960,30900,85800,8840
ADAR,ASHR,955200,1575936,803400,982080,2444520,2685788,4174080,2328200,2448800,2806800
AIAR,URYDR,15720,17152,0,3240,4080,2365,240,124800,0,22720
AIBL,BDUL,0,0,0,0,0,0,0,0,37900,0
ALMR,SMDDL,0,61184,0,65160,2880,0,0,0,3600,81200
RICL,RIPL,0,0,0,0,54000,339947,18240,11800,1100,183360
SIBDR,SMBVR,446160,828928,836880,540840,1832280,2397542,3395280,797200,1163600,662680
AVHR,RIAL,0,0,0,0,0,0,156960,0,0,0
AQR,SDQR,0,0,0,85680,59760,0,15360,0,0,0
ASER,URXR,44640,0,1800,25320,3480,0,0,0,0,0
AVBR,RIMR,141600,199168,239640,503760,513960,1458124,2419200,1126000,1888800,1690040
AVBR,SMBVR,42000,173568,2040,91200,171240,23992,708720,15800,46400,0
RID,SAAVR,0,64512,4200,1800,0,206131,367440,361000,291800,53040
ASKR,RID,0,0,0,0,0,0,0,15000,0,0
BWM-VR07,RMDVL,600,74752,133080,121440,25800,759982,1837200,26300,483800,20600
AINR,SMBDL,0,0,0,0,0,0,3120,0,0,0
BAGL,RIBL,401880,373504,192480,246000,792600,989767,2113920,541500,1303600,1065360
PVWR,SIBVL,0,0,0,0,0,0,0,99800,0,565040
BWM-VR06,RMDR,165960,165120,225960,81720,30600,104079,1066320,58000,15800,344640
AVBR,RMGL,0,0,0,0,211200,0,92160,0,730000,0
AVER,AVHL,0,0,0,0,0,0,0,208100,0,0
PVQL,SAAVR,0,0,0,0,0,0,0,0,0,33400
AIYL,FLPR,0,0,0,0,0,0,0,9600,0,0
RMHR,SMBDR,0,0,0,116160,172920,134830,816000,26200,1200,293920
ASHR,SMDDL,3240,0,3360,0,0,0,0,0,13600,0
ASJL,BDUL,0,0,0,0,0,0,0,0,14900,0
RMDVL,SMDVL,489720,109056,116280,125280,592440,443688,920160,484400,632500,636080
ALML,RMHL,0,0,0,1800,0,0,0,0,0,0
BWM-VL03,BWM-VL05,735480,0,832800,1625280,3903480,5287096,14727360,4853000,5263800,4191080
AIZR,AVHL,182520,522752,272640,120000,429480,244654,92640,127400,55000,6800
BWM-VL07,PLNL,0,0,0,0,0,0,0,96100,88800,0
BWM-DL06,SMBDR,29640,0,0,29640,30240,0,298080,242300,169000,402480
RIGR,URYDR,101400,145664,147480,130440,266880,367994,486480,217200,199600,168040
ADAR,PVWR,0,0,0,0,0,0,0,0,0,18640
AVJR,URYDR,10680,15616,25680,34560,76440,65218,62160,181500,110200,48320
AVDL,RIH,0,0,0,0,0,0,0,25400,90600,21360
AUAL,AUAR,60360,79360,60360,100560,190320,33792,116880,157100,311500,415600
ASHR,AWAL,70560,0,13680,249960,117240,168960,22080,386700,0,0
ASHL,PVPR,0,32768,0,0,10680,0,0,0,0,0
AVBR,SIBDR,0,0,19800,4080,86760,0,62160,102600,185100,13360
PVCL,RIFL,153840,768,0,0,0,0,0,0,0,27760
URBR,URYDR,0,0,0,0,0,2703,80160,212600,0,0
ALNL,BWM-DL08,0,0,0,0,0,0,0,88200,0,0
RMDL,SIAVL,58320,76544,0,0,384360,0,166320,0,0,0
AVAR,RIFR,0,0,0,0,0,0,0,0,32600,0
AVDR,PVQL,0,106240,0,9840,359640,0,265440,0,334600,42720
BWM-VL06,RMHR,0,0,0,57960,0,0,0,0,0,0
AWBR,RICL,0,0,0,0,0,30074,0,0,2400,0
DVA,SIBVL,1735680,1654784,1662000,1767000,2609400,3596820,4760640,3269500,4330400,2977440
PVR,RMHL,0,0,0,4440,59280,0,0,0,0,0
RIBR,RIFR,0,0,0,0,0,0,0,0,0,38640
ALA,IL2DL,9000,22016,13080,45840,6360,21288,28800,154400,201800,14200
PLNL,RMHR,0,0,0,0,0,0,670560,1108000,975200,1469880
AVHR,URYVL,37440,72448,50160,100200,82560,70963,120720,95900,38100,83560
DVA,OLQVR,44160,43520,16320,47280,144240,91914,170160,31600,94800,28760
AVJR,RIVR,154080,0,65880,0,0,126382,128400,21500,78200,14600
IL1VR,RMFL,0,0,0,0,0,0,18480,0,65200,0
ASGL,ASKL,15600,0,19200,25440,282840,236206,330000,546100,601800,364280
AWAR,SIADR,9600,0,0,0,0,0,0,0,0,0
ADER,AQR,0,0,0,332160,223440,141250,230400,396700,994200,0
RIAR,URXR,558240,963328,812160,1374840,1803120,2948352,4327200,1945800,3544200,2845920
ASHR,PVPL,0,0,0,66720,0,18247,0,0,0,0
RMDDL,RMEL,13800,25856,39600,89400,24960,6758,479040,229100,144200,26880
CEPVR,PVWL,0,0,0,0,0,0,362160,160600,229900,76560
RICL,RIPR,0,0,20280,720,0,0,0,0,122400,113520
HSNR,SMBVR,0,0,0,0,0,0,115920,0,0,0
CEPVR,RMFR,0,0,0,0,0,50350,0,0,0,0
AVHL,SDQR,0,0,0,0,0,13516,0,0,0,0
IL1R,OLLR,417960,699648,1280400,599640,1340880,2827714,1998000,1659600,1195800,2330920
RMDDR,RMDVR,102720,214016,147600,193680,325560,306493,520800,347400,246400,295360
AVDR,RIR,30360,66048,48600,0,170880,0,113760,299600,0,61440
CEPDL,RMDVR,28200,44288,10560,0,223920,0,78240,0,0,17680
AVAR,IL1VL,0,0,1200,0,0,0,0,0,25100,105480
HSNR,RMGL,0,0,0,0,0,0,343680,0,0,0
AIMR,ASKR,246720,104960,268800,9960,798120,1261455,2514720,963600,2042600,1356760
AIYR,SIAVR,0,0,0,37080,164160,0,204960,0,290300,0
ALMR,AVHL,0,0,0,23520,0,0,0,0,0,0
AVJL,CEPDR,0,2304,0,0,0,0,0,0,0,0
AIBL,URBR,10320,0,97320,0,0,0,0,0,0,0
AIAR,RIFR,152280,823296,492720,487560,1389240,1132707,1813440,1448800,1650800,1340480
ALNL,SIBVR,0,0,0,0,0,0,0,0,77200,0
AVFL,AVKR,0,0,0,117120,0,0,0,0,15400,52680
SMBVR,URYVR,0,0,12960,0,1800,47984,0,0,0,98720
ADLL,URYDL,18960,17664,8520,28320,38040,9799,63120,99600,72300,0
BWM-VL01,SMDVL,0,0,0,0,0,10813,0,14800,0,0
RMDDL,RMDL,191760,343808,165960,244200,675840,737679,1058640,822200,653900,605600
RMER,URADR,99600,149504,114840,151680,182400,272701,627120,1221600,1043100,800480
ADLL,URXL,19080,0,0,6840,13200,4055,12240,29000,0,0
BAGL,SIBVR,113640,101888,0,158280,118680,64880,47280,81600,84400,86520
IL1VL,RMDVR,161280,123648,60000,49800,128280,15544,270000,392300,317000,519040
AVEL,RIH,0,0,0,865200,0,65556,242640,16800,49200,68840
BWM-DL05,URYDL,0,0,0,0,38760,0,30480,0,0,0
RIAL,RIAR,1960680,2853120,1877280,4249800,4464840,4297666,15303840,10026400,7970400,9162760
RMDR,SIAVL,125640,562432,514920,347040,1393320,1169879,1452480,1306200,1008800,1119840
DVC,URYDR,0,66560,37200,44160,83400,169635,171840,568600,583000,404400
PVQR,RMGR,558600,1004288,1043520,581400,2208720,2041374,1772400,1528300,3438000,2349000
RICR,RIPR,0,0,55080,70680,23880,0,23040,40000,17700,78880
ASHR,AVHL,674160,722688,672720,528000,2133480,1426022,1785120,111400,119500,742080
AVDL,PVCR,47640,521216,696000,220440,2162160,1774080,2011440,698500,1861900,1739880
ASKL,RMEV,0,0,0,6000,0,0,0,0,0,0
ALA,RIPL,0,0,0,0,0,0,0,0,0,19800
AVFR,SIBVR,0,0,0,155520,649920,222689,530640,224700,135200,0
CEPVR,URBR,298560,345600,433800,398280,836160,1977169,1824480,498000,613600,794240
RIS,SIBVL,0,99072,0,0,0,145643,38880,101300,0,320
AVBR,RICL,24480,0,32280,17040,0,0,71520,2111000,2694000,2694120
AVJR,CEPVL,54840,3584,0,0,0,15544,43920,400,0,0
AVJR,RIFR,35280,210176,75360,0,568440,357519,36720,752200,118700,0
AIBL,SAADL,354240,464640,413280,269280,345000,202076,420240,328400,28600,345680
CEPVL,RIVR,0,512,26880,39720,21600,0,203760,243800,82800,235600
IL2DL,SAAVL,0,0,0,0,0,0,0,200900,55200,119760
ASIL,RMEV,0,0,0,12000,0,0,0,0,0,0
RMDDR,RMDVL,2424600,4320768,4028160,4093440,7581600,10622515,14630400,10084100,10846000,10515680
AVAL,SMDVL,198120,164608,422640,660960,883560,1675745,1251360,1684000,1351600,2265680
ADLL,AIBL,313320,451584,228360,301680,928680,1441566,4931520,1598600,1768600,1328240
RMEV,SIADR,0,0,0,0,179880,0,183120,105900,30800,18800
CEPDL,RMDVL,409560,1100032,689880,977520,1480440,2245816,2832240,1951000,1420500,1563840
DVC,RIVR,406560,517632,291720,283920,642600,791408,1308240,0,579200,781000
RMDDL,RMDR,711480,1119488,654960,659280,797880,992133,1541520,1284700,954100,1133440
AWCR,RIAR,0,0,0,0,26160,675,0,3200,0,880
BWM-VL07,SIBDL,0,0,20040,0,0,0,0,17800,0,0
OLQDR,RIGR,80400,165376,122640,50880,186360,277094,201840,358600,394200,430480
AVHL,AWBL,76080,0,11880,150000,0,84480,0,0,0,0
AVM,PVQR,0,0,0,144000,111240,0,87840,0,0,0
ALNL,AVBL,0,0,0,0,5280,0,0,0,0,0
OLLR,SAAVL,0,0,1440,76920,0,51701,0,26800,140000,84160
RMDVR,SIADR,65520,169472,207600,149400,206760,274391,1247280,242000,382300,425720
IL2DR,RIFR,24960,52992,32880,10920,48240,62177,93600,22600,42300,31320
AVFL,RIFL,0,0,0,0,1694760,1468262,3252000,350500,197000,1143040
RMFL,SAADR,0,0,0,0,0,1898096,2886720,1934300,2128600,2221120
RMGR,SIADL,0,165888,98280,101040,69720,242964,564480,236300,172400,202960
AUAR,RIGR,25440,3584,31800,12360,0,24668,104160,16800,188600,390640
FLPL,SIBVR,0,0,23040,0,55560,0,34320,0,0,23560
RIMR,SMDDR,318480,591616,633480,350880,2139600,1726433,1962960,1638100,3182600,1877640
ADER,RIGR,131400,217600,111840,702840,124320,509583,1744080,553600,679400,684200
AVHR,IL1R,0,0,0,0,0,0,0,0,0,16560
IL2DL,SMDDL,0,0,4680,0,0,0,0,174600,300,800
AVAL,AVBR,248520,355584,114240,275520,931200,653875,1358400,713600,743200,734200
AVAR,SMDDR,85320,59648,112200,0,670440,377794,1127040,628500,453200,702640
OLQDR,SMBDL,327840,565248,294840,476280,1187880,939417,1753920,1689800,2849200,1807920
RIGL,RIR,332760,446976,444840,1059120,470880,1155686,2728320,1503000,1459500,1183520
HSNR,RMGR,0,0,0,0,0,0,991200,0,0,0
AUAL,AVDL,0,42496,0,13440,0,0,0,0,22700,43360
ADAR,SAAVR,0,66816,160680,34440,0,0,0,40400,0,0
RIMR,SMDVR,469320,991232,545640,1105800,1333200,1510840,4193760,2776300,2366100,1827560
ASKL,AVFL,0,0,0,0,475920,424765,316800,76800,85000,2640
BAGR,DVC,73200,0,28200,59760,135240,45619,1440,513000,169800,438800
BDUR,RIMR,0,0,0,0,38400,212551,343200,343000,215100,1133840
RMHR,URBL,0,0,0,36600,14880,1536860,2611200,1760600,1558600,1689440
AVAR,SMDVR,223920,504576,357240,568920,958320,1486848,3351360,1527600,2785100,2161840
BDUR,SMBVR,5880,0,0,0,3360,0,0,0,0,0
RID,SAADR,9960,0,0,8400,12000,30074,60480,0,85600,0
OLLR,SMDDL,135000,271872,302520,473040,530640,583587,1344960,1310300,893400,967440
RMEL,RMHL,0,0,0,0,4920,29399,83280,742200,769400,1820240
BWM-DL04,SIBVL,24480,35840,63840,50280,61800,56770,46560,71400,96100,62080
ADER,SMBDL,22080,88576,47280,0,48120,142264,177840,207200,985400,508040
AIZL,URYDL,39720,11264,0,480,720,16558,2400,144200,135200,85880
AVEL,IL1VR,0,1280,1200,0,7200,0,0,0,62400,0
RIBR,SMDVR,133800,46848,186840,89040,211080,438620,186480,53000,137400,161560
AVJL,FLPL,0,88576,0,148920,2280,114216,353520,0,79300,35120
PVPR,SIBVL,0,97536,70440,0,11880,0,6000,0,13700,0
URAVL,URBL,0,0,0,0,0,0,0,240200,264800,536080
CEPVL,CEPVL,0,0,0,0,0,0,2400,0,0,0
AIYL,AVBL,34440,69632,14280,24360,5520,3041,409440,291100,267200,176000
BAGL,OLLR,360,0,0,0,0,0,0,0,0,0
SAAVR,SMBDR,49080,34816,82800,145080,172560,152064,1083840,176000,150200,684640
AUAL,AVEL,223200,311552,143400,354480,197760,443688,2388720,563800,705400,757120
RMDVL,URBR,0,0,0,0,0,0,0,0,0,3840
ASGR,AWCR,257760,718592,382320,149040,909960,2162688,3033840,1414300,2171200,1970560
BAGL,SIADL,2760,0,0,0,0,0,0,0,0,1200
IL2DL,PVPL,0,0,0,0,0,0,0,0,0,720
BWM-VL02,PVWL,0,0,0,0,0,0,0,9000,0,0
URADL,URBL,0,0,0,0,0,0,0,433000,243600,389520
ASHL,SIBDL,0,1536,0,0,0,0,0,0,0,0
BDUR,SIBDR,0,0,4680,0,0,0,0,0,0,0
ADFR,RMFR,0,0,0,0,0,0,193440,0,0,0
AIBL,RIH,0,31744,38400,0,26400,0,0,0,0,52080
AIYR,IL1R,0,0,2400,0,0,0,0,0,58200,0
AVFR,OLLR,0,0,0,0,2040,0,67920,59600,0,110560
AVL,IL2VR,19200,45824,40080,0,33720,0,0,160600,8300,159160
BWM-VL02,RMFR,0,0,0,0,0,0,307920,765300,634800,582240
CEPDL,RICR,66240,216832,236880,133920,529320,672460,1316160,778000,702600,692800
RIVL,SIBDL,276000,508160,285240,181800,523680,1027276,720000,840200,725500,518680
AVJR,RIMR,0,1024,0,0,0,0,0,0,0,7200
SIADL,SMBVL,0,1536,3720,11880,5520,0,10080,619400,1000,0
ASJR,URYDR,37560,27392,9120,17280,3840,61839,21840,20000,68100,47520
ADER,AVKR,108960,215040,335040,0,140040,0,192000,89100,498000,265360
BAGL,DVA,167280,153600,84840,132480,307680,284190,549600,493300,375900,233400
AIMR,HSNR,0,0,0,0,0,0,385920,0,0,0
IL2R,IL2VR,51720,87552,88680,0,164880,528506,128400,438800,64000,246800
AVAL,BDUL,0,0,0,0,0,0,0,0,97500,0
RIVL,RMDDR,271080,317696,469200,307560,1057800,1404733,1218480,858400,1371400,1044640
BWM-DL05,RIAL,0,5888,0,0,0,5068,0,0,30800,120
AFDL,AINL,133080,174336,271320,748560,289560,605214,2293440,1033000,1081000,186800
AIMR,AVHR,27960,120064,13320,48480,88680,228096,149520,328200,186800,82000
AVBR,RIBL,144360,134400,195720,158280,407760,465991,568080,241400,529200,346080
AVFR,SIADL,0,0,0,0,0,17571,37440,15900,0,0
BWM-DR02,RMED,0,0,0,0,0,2703,11040,0,0,0
AVER,RIML,231120,349184,352440,373920,588480,566016,543840,903200,512400,869360
AVKR,URYVR,63360,0,0,36840,53880,294328,287520,135700,248300,266080
BWM-VL01,PVWL,0,0,0,0,0,0,0,5800,0,0
BWM-DL01,OLQDL,4680,0,0,11280,52680,0,0,0,0,0
IL1DL,RIFL,18480,0,0,0,26160,17909,27120,16900,43200,0
RIH,SAAVR,102600,108800,200400,0,4440,337,560640,0,0,4120
CEPVL,IL1VL,421680,1121280,566280,521400,1255320,1750763,1639680,1254100,1928500,1980560
BAGR,RMED,0,147968,0,33360,310080,0,26400,0,0,0
RMDL,SAAVR,98400,98560,360,6000,480,30074,1200,0,0,0
OLQDR,URAVR,0,0,0,0,20400,0,0,0,0,0
IL1VL,RICR,30120,16896,30960,24120,18480,103065,110880,104300,76300,80720
ASER,AWAL,0,0,158880,0,0,0,17280,105000,618800,127200
AIZR,RIML,0,0,0,0,0,0,0,0,5500,0
AVFR,DVA,0,0,0,156720,432960,161187,312720,32600,0,0
DVC,IL1VL,0,0,2880,0,73800,54405,44640,71800,111400,87840
RIGR,SMDDR,240,0,0,134880,0,0,0,7200,0,0
AVER,SDQR,0,0,0,0,9000,44943,0,142600,59400,20000
RIAL,SDQL,0,0,0,0,0,0,23040,0,0,119560
AVJR,SMDDR,10320,25600,10320,5160,61080,0,0,0,0,0
AWBL,RIFR,0,0,15120,0,16800,0,0,38600,40000,400
BWM-VR03,CEPVR,316800,265728,140880,295560,448320,472074,152640,425800,272200,475440
IL2L,URYDL,0,97280,0,0,0,0,0,3800,7900,272560
BWM-VL06,SIBDL,46200,8448,39480,49320,16920,63191,311040,36400,107100,32160
AWCR,IL1DR,26400,28160,14280,13800,21840,97996,59280,52700,70800,32840
ASHL,URBL,0,0,0,3840,0,0,0,0,0,0
AIYL,DVA,0,0,0,0,0,0,0,1103000,1338400,1047520
RIGR,SMDVR,0,28160,2160,5640,0,0,0,0,27200,4400
BWM-DR04,PVWL,0,0,0,0,0,0,25920,327700,22600,0
ADEL,PVPR,0,0,0,0,93840,0,0,0,0,0
BDUL,CEPDL,17160,0,23400,13200,42480,43253,105120,20400,50000,47520
AVJR,SMDVR,12840,0,480,0,31680,70287,45600,5500,106700,960
BWM-VL02,RMED,0,0,0,0,0,0,0,8600,0,169760
CEPDL,RIPL,54600,47872,64080,133080,170760,434565,195600,18700,31000,132560
ALML,IL1L,65400,0,96240,139080,142080,76369,189600,161800,253700,133720
IL1L,RMDDR,204480,379904,329400,331080,707760,451799,709200,534400,138700,1012320
BWM-VR03,RMEL,0,0,0,84840,0,1351,125280,0,0,880
AVAL,PVWL,0,0,0,0,0,0,0,126400,0,0
ALNR,RIMR,0,0,0,0,0,0,0,0,0,960
AVAL,RMFR,0,0,0,0,0,0,750480,686500,1431300,483920
ALNR,SMBVR,0,0,0,0,187440,89548,65280,0,148500,125520
RMHL,URADL,0,0,0,0,19080,0,112320,0,12000,4480
PVCR,SAAVR,0,0,26400,0,0,68597,0,37400,0,133920
BWM-DL08,OLQDL,480,256,1200,5040,0,0,0,0,0,0
BDUL,SMBVL,0,29440,0,0,0,0,0,0,0,16760
AVAL,RIGL,0,16640,0,0,2760,0,42960,0,0,67120
AVJL,IL1L,32160,0,0,0,0,0,0,0,0,0
RIAR,SMDDL,767160,791040,1351920,1371480,2478720,3146373,5454720,3118800,3225200,3567840
IL1VL,RIPL,299520,836864,657720,727200,2005920,2289745,2480640,1346500,1181200,1357120
AQR,RIAL,0,0,0,0,58440,256819,1331520,199800,312000,160240
ASHL,HSNR,0,0,0,0,0,0,2001360,0,0,0
AWAR,RIMR,12960,0,0,1320,0,0,69840,0,0,71200
ASHL,AVHR,366840,526080,566280,417720,1156920,1309102,2139600,435000,213600,323200
RIBL,SIAVL,42840,67072,77160,10920,208920,248033,236400,157500,0,235520
AWAR,SMBVR,466440,137216,90840,14880,21240,33454,177840,115400,51800,362880
ASGL,RIH,0,0,0,0,0,0,0,0,600,0
PVCR,RIS,4680,52736,1680,960,30360,80762,34080,0,0,0
ASKR,RIMR,0,0,6000,0,0,0,1680,0,0,108000
BDUR,RICL,0,0,27840,0,0,0,0,0,0,0
AIBL,PVCR,0,0,0,0,15600,0,0,0,0,126520
ASKR,SMBVR,2760,20992,0,0,233520,0,0,0,0,0
AINR,ASER,394440,905728,476880,124080,760200,1033697,2024400,3036400,2263800,1778840
ADFR,ASGR,0,0,0,0,0,0,0,35000,0,0
AVDL,IL2DL,0,0,5520,6360,14760,0,0,332000,398800,439040
AVM,SIAVL,0,0,0,0,0,81438,1200,0,0,0
ALNR,SMDDR,0,0,0,0,14760,302438,90960,136600,148200,214720
ALA,PVQL,237360,621568,257160,434160,221400,1076951,2674320,732300,839200,1439640
AIZL,RIAL,1070640,1470208,1240680,1963800,3565200,4500418,5547360,5168100,5714800,5893280
IL1L,URBL,709800,1181952,774960,688440,1385160,1891338,1874160,2427600,2699600,2576920
BAGR,CEPDR,18000,32512,0,0,0,118272,4560,0,0,0
AVBR,SIBVR,99840,47104,5760,2280,328320,1001594,1277280,1130000,722200,278480
BWM-DL03,SMDDR,97320,275712,36480,207960,126000,248033,286800,235000,443600,212000
ALMR,SDQR,0,0,0,634560,1316760,1985280,2761680,96600,1584800,1461040
DVA,SMBDL,81120,351744,151080,338520,1765200,1145548,2903280,1302200,577400,1068800
PVCL,PVPR,21360,0,80400,136680,155160,827566,1039680,0,0,487200
RIFL,URADL,69600,57856,0,14760,47760,107796,63840,145200,90200,3440
ASJR,RIFR,135480,78592,160920,8400,164760,0,35280,0,0,188800
AIZR,AWBL,0,0,6360,1080,136680,0,75360,0,10300,0
AVEL,IL2L,186120,179968,95280,134760,254640,175380,67920,59000,0,366800
AVAR,FLPR,34800,246016,286560,0,1551000,752547,232560,409100,887000,671600
ADEL,PLNL,0,0,0,0,0,0,230400,0,0,0
OLLL,RMFL,0,0,0,0,0,0,968640,667400,836500,667800
AIYL,SIAVL,0,0,0,0,242040,0,52320,0,356000,43840
ASKR,SIBDR,4440,0,0,0,0,2365,0,0,0,680
CEPVR,PVCR,0,33792,0,13200,35040,45619,20640,0,23800,0
ADAL,URXL,238920,407296,425640,436320,957840,2315089,3429120,1115400,987600,966920
AVDR,RIML,29880,89600,84000,123360,164280,318658,925920,337000,264600,82400
CEPVL,SMDVR,410040,903936,635640,802920,665520,1179002,1942560,1371000,1430400,1353840
BWM-VR05,RIVL,0,0,3840,111840,0,300410,290400,250000,381600,512960
RMGL,SIAVL,102600,52736,1560,9960,226920,311900,685920,149100,73300,308400
RIGL,RMFL,0,0,0,0,194880,1631477,7102800,3076400,2584600,2623640
ALA,RIR,37800,0,0,0,0,0,0,0,0,0
AVL,RIH,49680,157440,244440,57360,178560,109486,402000,3300,288500,156400
CEPDL,RIPR,0,180736,1080,0,0,0,0,0,0,0
DVC,SMDVR,0,89344,0,0,0,0,0,0,0,0
AUAL,RID,0,3584,25200,9720,2880,40212,113760,0,17300,111240
AQR,URYVL,0,0,0,0,0,112527,167280,0,0,0
ALNR,RMDDL,0,0,0,0,50160,318658,334320,248000,124900,81360
PLNL,RIMR,0,0,0,0,0,0,0,270600,100100,129280
IL2R,RIH,612480,310016,533160,458640,688440,494714,2505120,2102400,1627600,1910320
ASKL,ASKR,146640,374528,247680,106080,495480,452136,567600,455300,850500,583200
AINL,AVJL,35880,159232,191880,214200,354240,527831,1244160,448300,274000,546240
PVT,SMBDL,5280,251136,10920,0,0,0,883200,0,0,6400
RMFL,SIBVL,0,0,0,0,1897560,0,604800,0,31100,0
AVM,PVWR,0,0,0,0,0,0,0,720800,3357800,1536400
AVDR,SDQR,0,0,0,0,0,0,211200,0,40400,0
AFDR,RIH,0,0,0,0,0,0,0,0,13800,5120
AIMR,URYVR,0,0,0,0,0,0,0,70400,124300,151600
ADAR,IL2R,21000,46336,0,0,10440,13178,0,135500,115800,119680
BWM-DL03,RMDDL,29040,5888,90000,135000,67440,141250,258000,267800,139500,238320
ADLR,RIFR,0,1024,0,38520,0,216944,555120,35000,0,0
PLNL,RMGL,0,0,0,0,0,0,2952720,1745400,1629200,2798560
BWM-VR07,BWM-VR08,0,0,0,0,79440,0,0,0,0,0
AVHL,RIAL,0,0,0,0,240,0,0,0,0,0
AVAL,SAADL,140040,227840,320400,102720,597360,788705,710400,643400,671000,458640
AQR,RIBR,0,0,0,0,15120,10475,0,0,0,3600
SAADL,SAAVL,17160,92928,22080,2880,71160,10475,67440,95800,37000,76720
IL1R,SAAVR,49800,128512,1200,215160,144120,89886,339840,39300,20200,0
RIVR,SDQL,0,0,0,0,0,27033,507360,562300,285400,76560
AIZL,URYVL,11040,0,0,0,6840,40212,6000,0,0,400
ASER,RIFL,0,0,0,0,0,0,0,0,0,1520
AIAR,FLPR,0,0,0,0,0,0,44880,0,0,0
ASKR,RMDDL,0,0,0,0,0,0,960,0,0,0
AIMR,BDUR,56160,38400,0,78480,6960,5744,635520,0,164000,320080
RMEV,SMBVR,98040,85504,145800,60240,48600,358533,441600,838800,1018600,524720
BWM-VR05,SMBVR,27480,0,53520,84840,273000,499783,628560,913800,660800,1205200
AIAR,ASJR,260160,622592,655800,354840,539280,992808,786960,713700,437600,775760
IL2L,RIAL,0,0,0,0,0,0,0,209200,0,0
RID,SIBVL,47520,300032,113040,105840,256920,255805,1055520,59400,33500,49600
RMEV,RMGL,0,0,0,0,0,0,480,0,0,0
AVBL,URYDR,0,42496,24840,11400,56280,149022,137520,76200,57800,41640
RMDVR,SMBVR,0,0,0,0,0,0,0,15600,0,5200
AIZL,RIBR,0,0,0,105840,0,0,36240,50800,0,0
DVA,URAVR,54600,54784,24120,17520,62280,41902,94800,196000,123000,41320
RIFL,RIFR,6360,79616,0,2760,5400,0,16560,269400,174300,99080
ADAL,OLQVL,173160,176128,94560,97920,144960,16896,235200,117400,125600,47920
AVEL,URXR,0,0,7800,0,8880,0,0,0,78400,0
RIS,SMBDL,0,0,0,34440,0,67584,0,0,0,38640
RICL,RMFL,0,0,0,0,0,0,72960,89800,156100,59120
ALA,ASIL,0,8192,0,0,0,0,0,224900,508500,577840
RMDVR,RMGL,0,217600,43920,149640,446760,358533,209520,1040800,1591400,1013640
ALNR,RICL,0,0,0,0,62400,81100,0,0,0,960
ASEL,AVFL,0,0,0,26760,18120,267632,0,3000,0,0
RIVL,RMGR,170280,50432,198720,30000,514920,458557,596160,137200,97000,7760
RMEV,SMDDR,8280,13312,24360,19800,628920,7772,118560,794700,812100,493120
SAADL,SMDDL,488640,653568,534840,361800,1628040,1451366,1093680,277900,3748000,3433360
RMEV,SIBDR,0,0,0,0,0,0,0,0,18200,0
BWM-DL03,RICL,57720,0,0,11760,19080,0,0,0,0,0
BWM-VR05,SIBDR,0,0,4080,0,10800,0,136320,0,0,0
AVJR,FLPR,0,3584,5280,21120,0,0,0,0,0,0
RIH,SAADR,75120,0,47160,17520,15960,164567,0,0,0,0
AIBR,OLQDR,0,0,0,5040,2760,0,4080,0,0,0
ASKL,SIBDL,2160,0,0,0,0,0,0,0,0,0
ASHR,AWBL,0,0,0,0,48240,0,20640,16400,34000,20000
AWAR,RICL,0,0,0,0,0,67921,14640,0,0,0
RMDVR,SMDDR,0,0,12120,0,0,0,2400,0,0,28080
AVBL,RIVR,178200,332288,108480,347880,193320,253777,1145760,29800,518900,308640
BWM-VR04,RIML,52320,194048,211800,111240,162480,259522,272640,268500,293600,407040
AVBL,URADL,42840,0,48480,0,46800,6758,269520,103100,16100,0
RMDVR,SIBDR,59040,3840,23160,29400,18720,43253,195840,20800,0,0
AVDR,AWBL,0,0,0,0,0,0,0,0,69000,0
PVT,URAVR,47040,0,14160,17760,113160,344002,264240,79400,0,70000
AIML,ALA,7560,0,0,6000,0,27033,9120,65800,442400,248520
AIZR,SMBDR,577080,918272,645960,734280,2475480,3342366,3747360,1792000,2785600,2074800
RIVL,URYVR,0,1024,0,0,0,0,14640,0,3000,0
AVL,IL1VR,11040,48896,45720,0,134400,19599,0,0,48200,50520
BWM-DR06,RIFR,0,0,0,0,0,0,6240,0,0,0
AIYR,OLQDR,26160,0,0,0,55440,4730,0,0,0,0
ASIL,SIBDL,0,0,0,6360,0,0,0,0,0,1360
RIML,URXL,0,0,2880,0,33240,0,20400,0,0,0
RICR,RMFL,0,0,0,0,0,0,0,128400,184000,302640
RIPR,URADR,401640,1068288,909240,644520,2298480,3040942,2598480,1551600,1633500,1793440
BDUR,BWM-DR08,0,0,0,0,0,16896,0,0,0,0
BWM-VR02,OLQVR,0,0,0,0,0,0,0,0,5800,0
IL2L,URYVL,0,0,0,0,0,0,0,64000,17600,59680
SMBVR,SMDVL,346200,131584,237840,146400,312480,504852,1518960,110200,213900,275280
RMGR,SAAVR,96960,314368,290640,116760,162240,306831,170880,152600,213200,239080
OLQDR,RMEV,0,69120,93480,48600,37320,72314,401520,13200,112800,204560
PVPR,RIGR,43920,54272,3960,372720,217800,126720,344640,713400,1100800,681360
RIMR,SIBVR,233040,278016,352200,120840,1169880,377118,867120,606800,547400,544080
ADEL,SIBDL,0,0,0,0,0,0,3360,0,0,22080
AVAR,SIBVR,4080,56320,19560,249840,41280,201062,0,11700,38800,0
ADEL,RMDDR,0,0,0,0,36000,50350,741360,0,0,0
BWM-VL03,IL2VL,0,0,0,0,0,0,480,0,0,0
AIAL,RIR,7080,0,0,0,0,0,0,41800,89600,16760
CEPDR,RIGR,0,0,0,0,0,68597,0,0,0,0
ASKL,URBL,11760,0,0,0,0,8448,93600,0,0,0
AVJL,HSNL,0,0,0,0,0,0,114000,0,0,0
AFDL,URADL,0,0,0,0,240,0,0,0,0,0
AIZR,AVM,0,0,0,0,10200,0,0,0,0,0
RIS,URAVR,0,0,0,3840,0,0,0,0,0,170080
BWM-DR02,IL2DR,0,0,16680,0,0,0,24240,0,0,0
PVWL,RMFR,0,0,0,0,0,0,0,0,6300,0
BWM-DR05,RMEV,0,0,0,5760,59160,34129,550560,35600,10600,3080
ASHR,PVCL,1320,0,11280,63960,0,0,428880,0,0,18400
PLNL,RICL,0,0,0,0,0,0,98160,1454400,414600,1575760
BWM-VL05,RMED,0,0,0,0,12960,70963,427440,11400,26900,0
ADFL,AIZL,1215840,1897984,1089480,1928040,3154440,3171717,7089840,3684000,4327600,2483640
RMDDL,URYDR,7560,230912,327600,413160,754080,880619,2240160,215600,168200,349200
AVJR,BWM-DR08,0,0,0,0,0,0,3600,0,0,0
ADFR,ASHL,0,54784,0,0,0,3041,0,0,0,0
IL1VR,SIAVR,13560,29952,10320,31320,26040,33792,166560,60800,72900,30280
ALML,AVJL,250560,117760,110400,148920,109080,277094,553680,1007600,799000,393400
ALNL,SAAVR,0,0,0,0,8040,11151,0,0,19700,27960
PLNR,RMHL,0,0,0,0,0,0,1129200,1650500,626800,1645560
BWM-VL03,RIVL,0,0,0,0,0,0,720,38800,12200,0
ASIL,RIVL,0,0,0,12240,0,0,0,400,18800,0
AQR,AWBR,0,0,0,2640,360,0,0,26000,0,0
PVQR,PVR,13680,49408,21600,0,0,0,0,0,0,0
AVBL,CEPVL,0,5888,0,0,111000,8785,62640,314800,338700,62000
AIBR,ALA,0,54272,0,0,11640,3041,0,0,0,0
BWM-DL08,SIBVL,0,0,48480,3360,9960,15882,183120,75700,25500,960
CEPDR,SMBDL,84120,128256,239040,295920,1106280,642048,1693920,2609800,1612900,1659520
RMHL,SMDVR,0,0,0,87960,550920,304465,1707120,358200,483800,241880
BWM-DR08,RMDR,0,0,0,0,0,170987,86400,0,0,0
AFDR,AIBR,264360,263424,371760,489480,575760,1414195,769200,1114200,920000,1299120
AVBL,RIFR,18960,11264,129600,0,3360,0,0,391800,98000,0
DVC,FLPR,0,11520,66360,20400,170640,0,241440,100100,4900,8320
BWM-VL04,URXL,0,0,0,0,840,0,0,0,0,0
RIPL,RIVL,0,0,0,0,0,1013,0,0,0,0
AVKL,RMHR,0,0,0,0,663360,0,30960,0,0,0
BAGL,SAAVR,13560,52992,21360,59040,0,6420,24960,0,74400,2720
ASKL,HSNR,0,0,0,0,0,0,1440,0,0,0
OLLR,RIML,2760,0,24360,80280,78720,68259,0,21400,48900,11360
ADEL,URBL,0,0,0,201240,1083840,1153658,1921680,2564400,1859400,1728160
AIBL,IL2DL,0,0,0,0,14040,0,71040,0,0,0
BDUR,SIBVR,24000,0,0,0,0,0,0,0,0,0
RMFR,SAAVL,0,0,0,0,0,0,3514080,3850000,2663600,3159200
BWM-VR05,RICL,35400,0,0,0,0,0,0,0,0,0
RMED,URYVL,31080,162048,134760,76560,420720,262225,227040,0,0,0
AIBL,ALNR,0,0,0,0,0,0,8400,0,0,0
ASIR,IL2R,32280,42752,3960,29280,28440,137871,73200,112500,148800,108200
PVCL,SIBDL,0,8704,0,9360,0,0,195120,86300,0,34240
RMDDL,URADL,0,0,12600,0,0,0,3600,33200,0,188800
AIBR,PVT,168360,320768,399000,190800,831480,872847,2182800,1105000,1279600,959440
AVFL,PLNL,0,0,0,0,0,0,0,0,0,157280
AVDL,SAAVL,32400,40960,0,28560,0,81776,48720,70000,6300,0
AWAL,RIH,0,0,0,0,0,0,0,0,363200,0
AINL,ASIR,18840,172544,63960,18720,82200,231813,7920,808200,606600,378760
AVFL,SMBDR,0,0,0,0,0,0,39600,0,0,0
AVAR,AVBL,90720,274176,192120,421080,611160,1059379,1106640,1053200,1329400,483520
AVFR,SAAVR,0,0,0,0,0,0,0,0,0,86560
RIBL,RIS,1073400,1696768,1205760,1977720,1840680,2323537,6727920,3091000,2297900,3376880
BWM-DL03,RMER,0,0,0,0,286080,0,0,0,0,0
BWM-DR02,RMDVR,88440,171520,114720,91560,136800,422400,129120,256300,146200,344640
AIAL,ASIL,402240,938496,258600,412320,1016400,1285785,1254720,1070300,917000,1366520
PVPL,PVQR,15720,0,0,0,0,0,0,0,0,0
ASHR,SMBDR,165960,0,109920,4080,84720,0,0,0,0,0
IL1VL,RIR,8400,0,0,82560,0,0,0,0,0,0
ASIL,IL1DL,21240,7168,3360,17520,25440,53729,64800,71200,77300,9440
AVM,RIS,0,0,0,32520,1074720,1978521,1956720,1480800,831800,1550400
AINR,ASKR,155280,116480,121080,192720,384480,0,411360,361400,0,298800
AVDR,URYDL,83520,24576,25560,73200,59880,47646,88560,0,132100,32680
ADLR,AFDR,0,0,0,0,0,0,72240,0,0,0
AVBL,IL1VL,0,0,0,0,0,0,0,0,0,52640
ASJL,IL2DL,0,19968,14640,25680,0,0,11040,0,0,2720
ADAR,AIZR,34080,91648,0,0,303600,0,1440,239200,220400,160
IL1VR,RIBR,0,36864,0,0,1440,0,0,0,0,120
AIAR,PVQR,413520,775424,369360,424560,1109160,1637560,2406000,1024500,1249200,1220080
AFDL,CEPVL,4680,23040,33600,0,0,21964,10560,0,20700,0
RMHR,SDQL,0,0,0,0,76440,0,0,0,0,0
RMFR,SMDDL,0,0,0,0,0,43929,272160,0,0,0
SAADR,SIAVL,16560,41472,0,0,0,0,54240,0,24400,0
IL2VR,SAADR,14160,0,120,0,0,0,0,250800,208800,111360
AVJR,SIBVR,0,2048,27840,57840,0,1013,9120,0,0,60040
ALNR,BWM-DR08,0,0,0,0,0,0,9840,22600,0,24440
RIPL,RMGL,0,0,0,0,0,0,0,13800,12800,11200
PVPR,URAVR,0,4864,0,0,0,0,0,0,0,73440
OLQDL,RIH,211680,1303552,988560,3368280,4511880,3894865,8040720,1791600,1294800,1940560
AVFL,AVM,0,0,0,0,0,9799,0,0,0,5520
BWM-VL02,RMDVR,498000,659456,446040,481560,469080,505190,255600,1061200,862600,1343640
ADAR,SIBVL,46560,175616,88920,63960,0,0,240,39200,131600,73840
BWM-VL04,OLQVL,3000,0,0,0,0,0,21120,0,0,0
AIYL,RIS,83880,1280,221880,62760,611520,914073,809520,431800,92200,521120
AVAR,OLLR,0,0,0,0,0,0,480,0,0,0
AFDL,ASGL,0,0,0,0,0,0,40560,0,0,0
AVJL,RIPR,0,0,0,9360,0,0,0,841800,1627800,381840
ASHR,AVM,0,0,0,103560,93000,0,0,76500,0,0
AVKL,SIADR,210960,296704,362880,146280,628440,786001,1121280,252600,1016000,652720
PVCL,URBL,0,37376,0,0,0,67921,0,6300,0,0
ADAR,OLQVR,208800,207616,46560,101280,135120,189573,395280,288200,261800,191760
RIMR,SIADL,32400,186624,95400,150000,549960,161863,141600,19800,201600,238240
ASGR,SMBVR,0,0,0,87720,220080,21288,650640,0,0,3920
AIBL,AVAR,15240,14080,0,173400,199920,0,586800,56600,87000,26320
AVHL,AWBR,252480,499200,434520,1194600,1450320,1447649,3414240,15000,197700,315640
AWCL,RMFL,0,0,0,0,0,0,1855200,0,0,0
OLQDR,PVPR,0,0,1320,0,0,0,0,0,0,0
AVAR,SIADL,187920,271360,80760,324840,327480,248371,1521840,455000,861400,591920
AVAL,IL2DR,0,0,0,0,0,0,0,0,25500,3680
FLPR,SAAVL,0,0,0,3840,0,21288,0,0,0,0
AVL,IL2L,0,0,0,0,29640,0,0,0,0,0
BWM-VL01,RMDVR,451560,298496,301440,204120,415680,356167,770880,787000,917400,1501440
BWM-DR02,RMDVL,0,256,0,0,7320,5406,99600,20200,29600,4080
RIBR,SIADL,5160,0,7320,20040,67320,24668,0,0,43200,17800
PVPR,RIFL,1560,0,0,0,108000,84817,150000,0,600,0
AVAR,DVA,31800,51456,143400,284880,216960,151726,256080,977800,1390000,667240
BAGR,RMDVL,0,0,0,0,0,0,0,0,0,159280
AUAR,PVPR,0,0,0,0,1680,0,0,0,29600,0
ADER,PVPR,0,0,840,0,240,0,0,0,27100,0
AIBR,CEPVR,25320,6400,0,0,0,0,0,0,0,0
AINR,SIBDL,0,0,12000,37920,0,197345,47040,89400,385100,96240
AIBR,AUAR,36960,17408,23640,3480,128640,237895,461760,536200,159000,272120
BWM-VL03,RMDDL,35400,0,12360,10920,44880,30412,0,111200,11900,61600
AVDL,PVPL,11520,0,9480,0,0,0,31920,117200,12800,21280
ALNR,SIBVR,0,0,0,0,216600,0,0,497600,81800,202120
DVA,RMEV,5040,0,88680,0,209640,244992,222480,72400,28200,0
AUAR,PVCL,0,0,0,0,9120,0,0,0,0,0
BWM-DR04,RMDVR,6720,2560,0,3840,91800,64542,11760,20200,82800,12520
AIYR,CEPVR,5040,0,0,0,0,0,0,41800,77800,0
OLLL,URXL,29880,1792,43800,63240,338880,94617,113040,1091000,82800,235520
AUAL,RIVL,79680,85248,47280,101760,155760,240261,396240,377600,329400,120800
BWM-VL02,RMDVL,0,0,0,20280,1920,19261,56400,0,0,0
AIYR,AUAR,1391400,1636352,1119960,1854840,2653200,3338987,4456560,2576400,3114000,3031880
AVAL,RMDVR,5280,0,0,0,0,0,0,0,0,0
RIH,SIBVL,48480,339968,163920,0,5040,275404,18240,0,11000,0
AVBL,SMDDR,7320,18176,56040,15120,61320,0,0,0,0,0
RIGL,URYDL,153600,399360,109920,185880,423000,230461,457680,108200,49400,66000
RMDVR,RMER,66480,0,35160,50760,0,0,112320,179200,120900,48760
AWAR,SIBVR,0,122368,0,0,0,0,2400,0,0,0
RMDL,SIBVL,0,218880,145200,183960,254280,413952,831360,52300,765200,654000
SDQR,SMDDL,0,0,0,0,1560,97658,32160,255200,212300,92880
ALA,SDQR,0,0,0,0,0,0,0,0,98200,0
BWM-DR01,IL1R,0,0,0,0,0,0,20880,0,0,21040
PVQR,PVWL,0,0,0,0,0,0,2185440,0,364400,699640
AVBL,SMDVR,0,0,57000,0,121800,0,133920,0,0,155200
RMFL,SMBDL,0,0,0,0,947760,0,1400160,45300,13800,184960
PVT,RMEV,248400,511744,391320,386880,1225680,1866670,361200,1966100,1112800,918320
RID,RIGR,128400,215808,255000,212160,193560,295342,441840,1586500,881600,1054080
SMBVR,URBR,33720,23808,209760,102720,241920,315279,424800,374200,98800,245200
AINR,URBL,0,0,0,0,4800,0,11040,0,0,10960
AVFL,RMDDR,0,0,0,0,0,0,6960,0,0,0
AIAR,AUAL,0,0,0,0,0,0,16320,0,0,0
AVJR,OLLR,57240,72960,15360,43440,0,11489,63360,150800,216600,362080
AVL,URXR,0,9984,0,0,5280,0,3600,0,0,0
AVDL,AVHL,265440,270080,361200,458280,174480,170649,2259120,0,666000,1254480
BWM-VL03,RICL,0,0,0,4200,0,0,0,0,0,0
BWM-DL07,SMDDL,0,0,0,0,0,2027,150720,0,25400,0
RIAL,RMHL,0,0,0,0,185520,210186,169680,0,0,200
AUAL,RIMR,0,0,0,23280,0,0,0,0,59700,0
ADLR,AVAL,0,0,0,0,0,0,126480,0,0,0
IL2R,URXR,126720,275200,147600,142920,787200,483225,566160,2411600,2045600,2272400
RIGR,SIADL,0,0,0,0,0,0,0,0,140000,0
AVJR,SIADL,0,0,3360,0,87240,0,0,0,67300,760
AFDR,URXR,25680,12032,67440,6840,70080,245667,0,465600,72000,371040
ALML,AVFR,0,0,0,0,8880,126720,352560,0,14400,0
BWM-DR01,BWM-DR03,601080,1658624,1157520,2121360,3912960,6348165,9463920,6274900,5747800,6806640
OLQVR,RIS,43560,112128,89640,147360,134880,139560,219600,323000,376000,599040
RID,SMBDL,0,0,0,0,0,11827,569520,105500,0,62720
PVCR,SIBVL,22440,24320,226200,28680,254040,239247,1152960,129400,466200,275240
ALNL,SAADR,0,0,0,199320,474600,306155,600480,338600,565800,99680
AVJR,DVA,0,0,0,11160,0,0,17760,0,0,0
RICL,URYDL,86400,0,0,1320,0,8110,0,0,276600,186400
IL2DL,SMBDR,58920,0,40920,0,0,0,0,0,0,560
AIAR,ASJL,0,0,21360,0,0,0,0,0,0,0
AVAL,RMDVL,180240,70144,92880,162600,191400,201738,602880,193000,138400,165040
AINR,AVHR,0,4864,0,133800,122640,8448,741360,210100,581200,398120
ADLL,ALA,327240,811264,316080,389400,916560,1292206,1335840,1277700,2401000,1165680
RIS,RMEV,1319760,1484032,1314240,1754640,2617200,3355883,5984400,3667700,3434800,3996360
BAGL,SAADR,0,0,0,0,2400,20613,0,14700,28000,0
SDQL,SMBDR,0,0,0,0,509280,706928,1291680,202600,0,264720
CEPDL,RMFL,0,0,0,0,0,0,1680,0,0,0
AIML,AVDL,22080,51968,27000,60600,111480,230461,276960,329000,186200,70720
PVQR,URBR,0,0,0,0,0,11151,0,0,0,3440
ADFL,RIMR,0,0,0,24840,0,0,0,0,0,0
AUAL,SIBDR,0,0,0,0,0,0,0,0,285000,0
SIBDL,SIBVL,808920,1260288,479880,1272600,2058000,2243112,4162800,1769200,2270200,2718560
ALA,ALML,13560,1280,6600,0,0,0,82800,0,0,3760
AVFL,URBL,0,0,0,0,0,0,19680,62800,73300,111800
PVPL,SIAVL,16200,2816,44040,120360,44400,0,128880,152200,158200,0
DVA,RMHR,0,0,0,0,189840,0,1200,0,505200,1040
ADFL,RMGL,0,0,0,0,0,0,0,132400,153000,17360
AVFR,SAADR,0,0,0,0,0,0,12960,0,0,0
RMEV,SIBVR,101160,117760,0,0,36360,302438,620400,235600,0,218880
ALNR,OLLR,0,0,0,0,49560,82114,187200,205900,88800,179680
AIAR,ASHR,434280,536576,609720,199560,2260800,1869373,1134000,2497400,1772200,2528560
AIBL,SAAVL,83640,174080,88200,83400,124680,111851,548880,90000,233600,108000
AIYL,OLQDL,0,0,0,0,10920,0,0,0,0,0
BWM-VL07,SMDVL,0,0,0,0,0,0,30240,0,0,0
RMDVR,SIBVR,53520,77824,0,18120,141120,696791,385920,287700,58600,4800
AVDR,URYVL,39960,96000,87000,62520,53160,131450,206160,304000,198400,310400
IL1DR,IL1R,156000,240640,236880,235560,496320,831283,1209120,557900,381500,287880
AVFL,HSNR,0,0,0,0,0,0,5266080,0,0,0
ADAR,AVJR,0,0,0,0,0,0,0,0,41400,0
RIFR,SMBDR,0,0,0,0,0,0,0,0,17000,0
AVFL,AVHR,0,0,0,0,183120,111175,386400,503800,380600,116480
AWAR,OLLR,0,0,0,0,0,0,3840,0,0,0
RICR,URXL,0,54784,6960,33600,346440,953948,852240,930100,127400,296920
ADAR,AWCL,0,0,0,0,0,0,0,41200,65200,0
BWM-VR03,RIVR,0,0,0,0,0,0,0,0,0,24880
AVEL,AVHL,68760,199168,840,0,0,131450,0,0,283600,0
DVA,PVPR,646320,1608448,1162080,152040,1047000,1611202,1062000,915700,3615800,2254160
IL1DL,RMDDR,11400,20736,83880,16800,48240,161863,139200,252300,355700,242000
DVC,OLLR,0,109056,7680,21720,167160,94617,184320,126800,278200,5400
BWM-DR07,SMBDL,0,2304,14040,48600,42600,288245,264000,513100,819500,851280
RMDDL,SMDVR,228840,403456,273360,408000,1221000,1239152,1323360,812800,701400,601480
SAAVR,SDQL,0,0,0,0,0,0,326400,0,0,145360
PVT,RMHR,0,0,0,0,14400,0,0,1100,53800,54560
PVCL,URYVR,0,0,0,16560,0,93265,0,0,0,0
AIAL,RIML,0,0,0,0,0,0,0,4000,0,0
SIBVL,URXL,0,0,0,0,49560,0,0,7300,0,0
AWCR,CEPDR,0,0,30120,0,0,0,0,0,15100,0
ASEL,IL1DL,0,0,0,0,0,0,0,0,0,5520
AWBR,RIH,0,0,0,0,0,0,19200,0,0,4000
AVDR,RIBR,0,0,0,33240,0,0,0,0,0,0
DVC,SIADL,0,109312,37680,0,0,0,0,735800,0,0
AVKR,RMFR,0,0,0,0,69840,1791989,5263440,2590200,1838400,1972560
ASJL,SAAVL,0,0,0,0,0,0,0,0,12800,0
FLPL,SAADR,89160,96000,348600,0,0,0,0,0,0,0
AINL,AUAL,357120,441344,245880,295920,552240,607918,1232880,445000,341000,720480
ASEL,RMGL,0,55808,0,0,0,0,22560,0,0,0
AIBR,AVDL,34560,54016,12480,11400,202920,166256,198480,436600,1006000,732480
SAADL,SDQR,0,0,0,398160,550440,932321,1767360,521200,913200,974040
AVER,AWBR,0,6144,0,0,0,0,0,0,0,0
AIBL,SMDDL,3360,0,1200,0,85080,0,0,0,0,0
AVKR,RIGL,471600,362752,486000,1042440,1208400,930631,5523360,1909500,2197000,2013040
AVL,URAVL,0,47360,0,0,0,186193,0,0,26400,91200
AVAL,IL2DL,0,256,3840,0,55920,0,185760,386300,416600,221680
BWM-VL02,RIPL,13080,50176,44040,68160,39840,146319,141600,254000,11800,0
RIR,URXR,411120,769536,724680,1084800,1581000,2021775,4960320,1290000,1580200,1730480
IL2VR,URXR,65400,98816,66840,46560,54480,126720,125040,62600,178400,2480
AIAR,PVWR,0,0,0,0,0,0,0,0,1600,0
AWCR,BAGR,3840,5376,60600,650880,219840,1161768,2648640,1124000,242000,244960
BWM-VL03,RMER,0,0,65040,90120,0,10137,170160,0,0,0
AIZR,AWBR,239880,606976,528600,417960,1932120,2073477,2492160,1242800,1901000,1570640
IL1R,SIBVL,20880,0,50880,0,0,3041,0,0,47900,165360
AVAL,RICR,616080,591616,462600,86040,94800,1436835,1001520,2086000,1329400,864000
AIBL,AWAL,89760,112640,114720,242160,127320,121313,137520,166200,536300,273280
OLQDR,RMDDR,93960,0,128280,114840,136560,464640,622080,313400,256100,432560
AIYR,AVDL,0,0,0,0,0,0,0,87900,131300,0
AVKL,RIVL,201480,265216,23880,292560,333480,158822,1907520,590600,461200,457240
BWM-VL05,RMDVR,192240,9728,435960,339240,1608480,1578424,3121200,1395600,1103400,670720
IL1DL,URBL,0,0,0,0,17880,0,7200,624600,692300,904520
RIVR,RMHL,0,0,0,478560,779400,1374996,2010000,739100,786200,821120
ASER,AVM,0,0,0,0,0,16558,0,0,0,0
ASJR,PVQR,1120080,2034688,1157040,1845720,3946320,4137154,6699840,2680600,4784100,4272320
AVEL,RIFL,148560,89856,48720,14520,111360,40888,316080,111400,49500,3200
AIBR,AVEL,151320,208640,271800,311400,801000,542361,1307520,250200,694400,447840
BWM-DR02,BWM-VR04,0,1024,23400,23640,108000,31426,632400,479800,935000,54200
AINL,AWAR,0,0,0,0,0,0,0,0,12800,0
AVBL,FLPR,32640,50944,67800,267960,0,0,141600,0,499400,424520
AWBL,SIADL,2400,0,0,0,0,0,0,0,0,0
RMER,SMDDR,0,0,0,0,0,0,0,4600,117600,0
AVKR,RMED,26760,0,71760,0,78720,49336,0,0,8600,54280
BWM-VR02,URAVR,262800,691200,501480,506400,1921680,939417,2120400,1472800,1866400,1622320
IL1VL,RIML,0,0,0,0,0,0,7200,0,0,68480
BWM-VR03,CEPVL,0,0,4920,0,0,0,0,0,0,0
AIBL,PVPL,0,101632,0,0,0,0,0,0,0,0
RIVL,SMDVL,414120,847616,760800,1065120,2002080,2690519,5028720,2484200,2345200,3375440
BWM-DR06,BWM-DR08,64080,630784,219240,127320,1260960,2503987,5048880,987000,2271200,3184520
ASJL,PVQL,1337040,2701056,1237320,2197920,4005360,5632112,6837840,2852600,3828000,4070880
BDUL,RIVR,5280,50688,0,0,0,0,0,0,0,0
BDUL,URADL,26760,29184,49080,7200,77760,73666,95040,37400,87200,57200
AWBL,DVA,63120,0,3480,0,0,51025,960,121200,0,7600
RIAR,SMBDR,32640,120320,3000,118920,378000,630896,876720,402400,479400,389440
AIZL,PVT,0,0,0,0,28320,0,0,0,0,16400
ALA,URYDL,20040,58112,17040,21000,46680,41902,62400,66400,40800,68000
AVKL,SMBVR,32640,10752,90480,46200,250560,83466,1734720,310000,35800,593360
RIGL,URYVL,126600,224000,152760,302160,859200,671109,1239840,404400,434600,439440
IL1VL,SDQR,0,0,0,0,0,0,3120,0,0,0
AVKL,IL1DL,0,0,0,0,26160,89886,0,0,0,50320
AIML,AWCR,0,0,0,0,0,0,0,0,83700,139840
ADFL,RICL,0,0,0,11760,0,0,0,0,0,0
AQR,SMBVL,0,0,0,0,229200,0,1680,0,0,0
AIZR,RIAR,1084800,1805568,1247400,1266480,3970320,3853639,5449200,5216300,5353000,4692160
AVAL,RIPL,0,0,0,0,31440,0,0,60100,29100,0
ADLR,PVQR,613200,503552,86520,677640,626640,1075599,1469040,69000,381600,36480
AIAL,AIML,627840,1230592,1022280,901560,1486680,2326579,2955840,4922200,5289700,4198760
AIZR,ASEL,189360,590336,198960,162480,576960,732948,442080,708600,633300,964960
AVKL,RMGL,154680,443392,419160,64680,689640,219648,416880,0,21800,0
IL2DR,PVWR,0,0,0,0,0,0,0,0,32200,69960
AIAL,AWBL,278760,310784,94200,323880,576360,651847,1106160,705400,425800,642240
ALMR,AWBR,0,126464,10800,0,0,36833,0,0,0,0
BAGL,IL2L,0,0,0,0,0,2365,0,0,24600,19240
ASHL,AVBR,9240,435456,2520,0,0,7772,0,0,0,0
OLQVR,SAADR,0,0,0,0,2640,0,0,0,0,0
BWM-VL05,RMDVL,0,258560,90240,15960,121320,276756,711600,72000,611700,211800
RMGR,SIBVL,86520,145152,114840,107640,785880,633600,831360,403600,261000,835800
RICL,SIAVR,162240,9984,133440,33720,115920,295342,147360,823000,657000,262920
AIZL,SMBVL,716640,1150464,880440,1467240,3151200,3090954,6280320,2963200,4721800,4233600
AVHR,AWCR,0,0,0,0,0,0,1920,0,0,0
BWM-DR05,RIVL,22680,0,0,0,0,4392,0,0,0,0
CEPVR,RIR,0,0,0,48240,0,0,0,0,0,0
BWM-VL06,PVR,11280,14336,0,4320,25560,0,0,53600,18400,0
RMDVL,SAAVL,430680,239616,143760,203160,359880,488294,495600,571400,568200,521440
BWM-DL04,RMHR,0,0,0,0,0,158484,186240,106900,102000,12280
AVKL,SIBDR,0,0,0,17520,90480,25681,131280,0,0,0
ADLR,AVBL,0,87296,0,0,0,0,0,500,0,0
AIBL,AVHL,0,0,0,0,1680,30412,0,27600,0,124360
ASGL,AWAL,189960,132864,90840,384600,376320,431185,780960,377100,56800,159760
IL2VL,RMHL,0,0,0,0,95760,61839,258480,35200,117800,84120
RIR,URAVL,0,0,0,0,0,6420,0,0,0,0
AWCL,URXL,5880,0,0,0,0,0,0,0,66800,0
RIMR,SAAVR,714000,1368576,991080,906600,1750440,2237030,4829520,1933600,2212400,2880480
AIBL,ASIL,203280,403456,141240,381120,252960,314265,1693920,389600,528200,364560
BWM-DR01,OLQDR,0,0,0,0,9240,0,0,0,0,0
BWM-DR06,SIBVR,53640,115456,21240,10080,117000,10475,327840,22600,92400,75960
ASIR,OLQDR,30720,66048,26160,12120,7560,60487,42480,293000,96300,91200
ASJR,SIADL,24600,26624,15960,14640,0,51025,24000,44000,0,76960
RICL,URYVL,0,30208,14400,0,28920,0,0,0,65200,0
ADER,AVHR,0,0,0,138360,0,185518,243600,94700,0,271040
AVAR,SAAVR,976440,1783808,721200,1816080,2352600,2547240,5889600,3669100,4934800,3918880
BWM-DL04,BWM-VL04,0,666624,19440,186720,847320,1152645,4724640,1625600,1686000,2236080
ADFL,AFDL,302640,662784,269160,399480,534240,801546,1360320,3087000,1697800,2518800
CEPVL,PVWR,0,0,0,0,0,0,0,216200,288000,52200
AVHL,CEPDL,22080,100608,25080,38160,129240,52715,75840,176800,228600,136480
AIBR,AWCR,1139760,1264384,1136880,581520,2664600,2829404,5151120,2595600,4199400,4026400
BWM-VR05,PVR,120,0,0,0,0,0,1200,0,0,13080
RIBR,SAAVR,9120,0,0,0,0,0,0,0,0,0
BDUL,RIFR,47160,125696,80760,78120,202080,559257,0,116800,103500,0
AVFL,BDUR,0,0,0,0,359640,873185,923040,1038500,647200,107280
ALNL,SIBVL,0,0,0,0,148440,18923,0,162500,340800,128880
AVDL,RIML,19320,56064,48600,6120,47640,279121,355440,357600,79000,0
IL2L,PVT,0,0,0,0,0,0,0,0,0,760
RMDVL,SMDDL,0,102144,25440,0,18240,10137,0,0,800,0
RICR,SIAVR,311520,850432,363360,686400,1925040,1381754,2297520,2657600,1117100,1652080
BWM-DR04,BWM-VR04,0,335360,266040,338400,1089360,2489456,3100320,2157200,715000,883760
ASIR,AWCL,884520,1146112,1178640,1021200,1746360,2929090,4687200,2892800,2454200,1908320
RMFR,SDQR,0,0,0,0,0,429496,606240,679800,264800,277200
ASHL,BDUL,116760,0,18360,0,9480,0,0,1220600,1784700,1176400
BWM-VR01,BWM-VR06,0,0,5520,3240,0,3379,0,0,960400,0
AUAL,RIBL,818280,1364480,1416360,2195640,3099240,4265564,8285760,5158200,5640400,5891920
BAGL,SIBVL,62640,68608,19920,92880,105360,169297,280800,80200,163000,75440
RMHL,SIADL,0,0,0,164400,151080,30412,623040,0,94100,36400
RIBR,RIS,989760,1650944,1339200,1437000,2098800,2555688,5714640,3565500,1967600,2739760
AIYR,AWCR,438600,474624,563760,163680,744240,1003622,1772160,2968200,1716100,912800
SMBDL,URYDL,36960,59136,20880,34800,33720,47646,123840,74000,149600,0
RIH,SMBDL,199080,385536,184080,0,655680,792084,780000,6700,8400,57400
AIYL,AIZR,0,23552,78720,0,10200,42577,114240,306900,376000,4000
ASHR,RIAR,46200,221696,38520,112800,154440,162201,122160,5900,227600,237200
AVFR,SIBVL,0,0,0,0,0,0,0,91900,0,0
AVBR,IL1VR,0,0,0,0,0,0,0,0,68400,0
SAAVL,URYDR,32040,32000,28920,17640,57360,67584,87600,49600,62500,23840
AVBR,SAADR,0,0,0,0,60000,0,0,0,0,0
AVKL,RMGR,165120,558848,316440,261120,371400,406855,114480,430400,293000,159280
BWM-VL05,RICR,9360,0,0,0,0,0,0,0,0,0
ADAR,URAVR,10800,8704,38280,24840,74760,53391,109680,86200,53500,70720
PVPL,RIS,0,0,0,0,19440,0,0,0,0,0
DVA,SIBDL,112200,183552,96360,354840,88680,286894,346560,562200,366200,914160
AQR,AVDR,0,0,0,169680,256200,191938,1025040,176600,4100,635640
BWM-VR03,SMDDR,8520,0,12000,4920,1680,45957,149280,9800,80800,97840
ADAL,ALA,0,0,0,0,0,0,0,2400,2200,0
AIAR,RIS,17400,0,12720,64920,260880,285542,608400,0,228600,9520
AIBR,RID,50880,125952,24480,101640,165480,94955,315600,199800,175800,213680
FLPR,RIML,0,0,0,0,110760,0,0,20900,0,36360
AVKL,RICL,10800,0,105120,31560,190560,219985,368400,206600,155400,259960
BWM-VR08,OLQVR,124680,21760,0,0,12000,0,0,0,0,0
BWM-DL02,RMDL,115080,79360,94920,24120,68520,34129,66480,308400,127200,391280
ASHL,PVWL,0,0,0,0,0,0,5040,29800,105600,91360
ADLL,AVDL,35640,78080,57000,105960,98040,93603,346080,56400,0,59520
DVA,IL2VL,27240,33792,19560,69720,28080,36495,19200,288200,246300,140000
AVJL,AWAR,0,0,0,0,0,0,0,641600,433400,844240
AIZR,IL1DR,9600,0,0,4200,0,6758,0,1900,0,0
BWM-VR03,SMDVR,11400,125184,56160,45360,16920,0,0,1100,0,65040
IL1DR,OLQDR,733080,1728768,1143240,897240,3184200,3505582,3167760,2600100,3022000,3588080
AWCR,IL1L,34680,0,0,0,15000,0,0,0,20800,28720
IL1VR,PVT,18960,0,29520,63960,67080,8448,203040,0,130000,46560
RIVL,RMFR,0,0,0,0,21960,498769,1136880,1194500,745800,1238640
ASER,AVHR,1560,0,0,0,8400,0,0,0,0,0
RIGR,SAAVR,11520,49664,66600,0,4680,0,0,0,0,43120
OLQDR,RMGR,0,0,0,2760,0,0,0,0,0,0
ASHL,RIGL,0,0,0,0,0,0,8880,0,0,0
OLQVL,SIAVL,0,0,7560,840,0,675,2880,66200,156200,123360
FLPR,SDQR,0,0,0,104160,0,488632,0,35500,341000,724040
AVJR,SAAVR,0,0,0,0,2520,0,0,0,0,7480
PVCR,SMBDL,24960,0,0,0,0,0,0,0,0,0
RID,RMEV,39480,91904,71400,0,235800,0,306480,28000,0,233120
BWM-VL01,SMDDL,60960,41472,123120,84240,111960,108134,172800,48800,78800,26240
AIYL,OLLL,0,0,0,0,0,0,0,86000,0,0
BWM-VL07,SAADL,0,0,9840,30840,86280,6420,25920,69200,64600,88560
BWM-VR07,RIAL,19200,0,0,0,0,0,139440,0,0,0
RMDDR,URYDL,27240,161280,253200,240600,722160,1380065,2410800,428200,117800,319320
PVWL,RICR,0,0,0,0,0,0,94080,355700,1734100,1240
AVAL,SAAVL,914520,1363456,1187520,1314960,3242040,3159889,4402800,3453100,4996900,5090400
CEPDL,URYDL,360000,861440,468600,592680,1459200,1592954,1919520,68400,426100,310080
BWM-DR06,OLLR,0,0,0,9960,0,0,0,0,0,0
AIMR,ASGR,535560,1006080,675840,1216560,1693560,2004203,5500320,4136200,4529000,4440360
AVDL,AWBL,0,0,0,0,0,0,0,0,21000,0
RIGR,RIS,0,18688,68640,119040,607440,34805,522720,133600,947300,422600
RIAL,RMDVL,1420440,2420736,1350360,1919760,4001400,4054026,7221360,3963800,3965000,4681680
SIBDL,SMBDL,760920,1079808,672240,1082760,2093280,2412410,5381760,2589500,3286800,2189120
CEPDL,URXL,492480,849408,858360,348120,1395600,2241761,726240,1153400,1815800,2588920
IL2L,RMEL,185280,837888,1133160,150120,1271040,389621,817440,117200,1028800,502560
RMHL,SIAVL,0,0,0,189480,15960,994498,1185120,739000,1587500,716000
RIH,URAVR,102000,0,19080,103440,261720,305141,567840,32800,365800,640560
BWM-VL06,PVWL,0,0,0,0,0,0,0,117000,0,0
ADFR,RIR,477120,1043968,618480,1028760,945600,1213808,3445920,1935200,1928400,1912320
RMER,RMER,0,10752,40800,24240,17760,0,85440,2003400,2104350,0
IL1L,RMFR,0,0,0,0,0,0,325200,492700,460300,980240
ADLR,ASHR,167760,182272,198120,891240,1008480,1557135,2378400,467000,571000,661520
RIS,SIBDL,6360,0,0,0,0,0,0,0,0,0
AUAR,URYVR,42240,0,69360,99360,22680,0,0,136500,118300,51040
IL2DR,RIS,0,0,0,0,14640,0,0,176000,129700,73240
AVHR,URYDR,10560,19712,12720,18240,35160,57446,67440,134400,108800,83120
IL2L,RMDL,19920,29696,36360,6000,92520,44943,138240,0,0,173480
RIS,RMDDR,81600,54528,130080,342480,0,428482,1003200,382400,3400,495920
ADAL,URADR,0,0,0,0,0,0,58800,0,0,0
BWM-VR02,RMEV,0,0,0,4440,3240,0,1200,0,300,39600
IL2VR,RIGR,34200,47616,38400,10080,0,16896,118560,433400,581800,843680
SIAVR,SMBVR,989400,1271808,1037040,1189680,2689560,2923683,4207920,754600,3405200,1273040
SMBDR,SMBDR,0,0,0,0,9840,0,0,0,0,0
AIML,URADL,10680,0,0,0,0,34467,23280,2000,84800,99840
BWM-VR01,RMHL,0,0,0,0,0,0,0,0,0,58080
ASIR,URADR,0,0,0,0,0,1351,16080,0,32600,14880
ADLL,AINL,0,0,0,48120,120,0,0,0,79400,11040
PVWL,RIPL,0,0,0,0,0,0,0,550300,470400,196040
ADER,BDUR,0,0,0,0,36720,133816,61920,0,60900,28760
BDUL,SMDVR,0,139520,0,0,0,0,272400,0,0,2080
AVAL,PVQL,0,0,0,0,31200,218972,0,0,10600,0
BWM-VL03,PVR,960,0,0,0,0,0,151680,5600,0,0
ASIL,SMDVL,0,0,0,89400,0,0,26880,0,3600,0
RIFL,SIAVL,0,0,0,0,0,337,0,0,0,0
ADLR,AIAL,0,0,0,0,0,0,0,14000,0,17040
AVFL,IL1DR,0,0,0,0,0,0,0,0,0,2880
AVHR,RIVR,13920,57600,49080,63000,0,318320,854640,57200,479400,466080
ADEL,BWM-DL02,0,0,0,0,0,104417,0,0,0,0
BWM-VL08,RMDL,0,181760,360,12360,61680,0,0,310400,0,0
AVBL,SIADL,0,1024,0,0,0,0,0,0,0,0
ASHR,IL1DR,0,0,3120,0,0,0,0,0,0,0
ADEL,SMDVL,0,0,61800,143160,218640,0,1180080,119300,66500,369440
AINL,URXL,29760,57856,1800,0,166320,149022,461760,206700,125400,166080
DVC,SAAVR,0,10496,0,0,0,0,66000,0,0,1040
OLQVR,SIBVL,99000,48384,32640,54840,155160,14530,1920,0,253100,116800
ADAL,AUAR,10920,0,0,0,0,0,0,0,0,0
ASIR,CEPVR,55080,87552,60360,0,202200,242626,176880,156400,401500,368480
SIAVR,SIBDR,960360,1528320,1169520,813480,3533640,3173068,4917840,2832600,3658500,3077800
AVKR,IL2DR,0,0,0,0,4560,0,0,77600,23800,18000
RIVL,SAADL,0,0,0,0,7920,0,0,105200,322600,87040
SMDDR,URYDL,102960,628736,526920,177000,814440,322037,1642800,263900,140400,521960
RIMR,SAADR,921600,1167360,954000,1537560,2180400,2202224,5550000,2880000,3310800,2940560
AWBR,URXR,330240,291328,372600,339120,414000,271349,267840,0,0,31720
IL1DR,PVT,15000,48384,16080,24960,10560,67584,23760,55800,71800,0
IL1VR,RMEL,0,0,33120,0,49800,0,0,282200,0,0
IL1L,RMED,5640,56320,0,0,0,54067,24240,0,0,0
CEPVL,RIS,212880,518144,331200,187800,1122720,1260779,1746720,1693300,1295500,2050960
IL2L,RMDR,64680,124160,243240,150000,456600,207482,586080,0,0,0
AVBL,DVA,615960,1043456,828840,599760,1007760,1366886,2414160,868600,1111200,1053320
AVAR,SAADR,188640,198144,229800,163080,815280,445040,1393440,698200,666500,597360
BWM-DR01,BWM-DR02,70080,87040,293640,620880,936360,654888,3316080,2625000,1507600,2089040
AVAL,RIR,69120,30976,104400,0,604080,0,743040,79000,659300,37600
BWM-DR01,RMEL,11880,26368,65760,27000,0,0,0,0,0,52400
DVC,RIS,0,8704,6480,72720,29880,0,55920,59300,0,0
AVER,CEPDL,124200,465152,369120,332520,477480,689356,1884000,635000,832200,1049280
AIYR,URYDR,34680,0,0,0,0,0,0,0,44200,0
ADLL,AWCR,11760,0,504480,1200,274680,1710213,858480,117900,0,439960
PVPR,SIBDL,0,0,0,3360,0,0,0,0,0,0
AVFR,AVJR,0,0,0,9840,0,124016,1920,313100,35200,133960
AVDL,SMBDR,29760,1792,49440,14760,74880,28723,0,117400,224400,92480
PVWR,RMGR,0,0,0,0,0,0,0,749600,974400,204160
RIPR,RIVL,0,0,0,0,26760,0,0,0,0,0
AIBL,RIML,188160,241920,374880,391800,126000,585277,404400,893800,312000,240160
AIML,CEPVL,65280,78080,55680,119520,136200,206807,805920,268800,0,0
AVER,SMBVL,360,0,95760,146280,102600,85493,3120,0,6600,180720
BDUR,BWM-VR03,0,5632,0,0,0,0,0,0,0,0
AIML,RIFR,0,26880,17160,0,0,0,0,12800,0,0
OLLR,RIAR,0,0,32640,28920,19200,7434,34320,0,0,0
BWM-VL06,SAADL,0,512,6960,29520,0,44267,135120,200,19600,30800
AIYR,RIVR,4440,101888,63000,6120,3840,0,71760,0,34300,0
SMBDL,URYVL,26760,61696,23400,33600,4680,113879,123360,232400,154000,81200
CEPDL,RIAL,466200,693248,557640,389880,1323840,650158,2352720,1072000,956800,1070560
CEPDR,SIBDL,0,6656,0,0,14520,0,0,22000,0,62440
AIYL,AVJR,308640,489472,242040,302040,596760,498432,822720,402900,656200,497120
IL1DR,URADR,560160,1117184,803520,231240,767880,1769687,1424640,2523600,1339600,2068600
BDUR,SAADR,0,0,0,0,3000,0,0,0,0,0
PVWL,RIPR,0,0,0,0,0,0,0,582300,83300,674720
RIVR,RMDVL,0,32768,0,0,0,0,0,38600,0,0
BWM-VR02,RMHR,0,0,0,0,336000,0,0,0,0,0
AQR,AVKL,0,0,0,113160,650280,213903,205440,165800,130600,328320
ASKL,BDUL,0,0,0,0,0,0,0,88200,142200,14560
AIYL,AWCL,560520,717056,382800,503520,1492080,2294476,2675760,1918000,1402100,2278560
CEPDR,RMDDR,0,768,60480,101040,350280,362250,231360,11500,104000,91480
AIAR,IL2R,0,0,0,3000,9360,0,0,0,0,0
AWAL,PVPL,3360,1024,0,0,0,0,0,0,0,71840
AVEL,PVCL,17640,127744,4080,11760,240,175042,375840,125000,260800,81760
AVHR,RIFR,68400,277248,60720,87960,461280,175380,669840,771000,331000,642160
ASJL,RIML,11760,0,0,4440,0,0,0,0,0,27280
ASIL,ASKL,128760,337920,102480,118920,429840,411586,593280,282000,773000,659080
ASEL,BAGL,6000,0,149520,397320,717840,1137776,943680,666100,741000,370640
CEPVR,RIML,0,0,0,10800,0,0,14160,140400,2000,88320
AFDL,AUAL,661560,1192192,648240,2107560,2080680,2449920,7678800,2438100,3681600,3298800
AVDL,AVM,0,0,0,0,1227240,736665,704640,783100,2251000,1265360
DVA,RMGR,5760,149248,21720,26760,55080,0,0,51000,9800,170880
RIPR,SMBVR,0,2304,6360,0,58200,0,0,0,8000,0
SAADL,URYVL,68040,84736,112440,0,139320,117934,88320,270600,254300,301040
IL1VL,RIAL,11640,43008,15360,0,5520,4392,224400,0,0,0
RMGR,SMBDL,0,0,0,0,0,55080,37200,2200,200600,318560
IL1R,URAVR,94920,212736,280680,536640,358200,635289,1125600,2700,8800,268240
RMDDR,SIAVR,0,0,20040,0,0,0,0,0,0,0
AVBR,URXR,0,0,0,43200,33360,41902,7440,0,0,0
ASER,RIAR,0,0,0,28680,0,0,0,0,0,0
RMDDL,SIADL,143520,336128,151680,185520,252600,561960,936960,937100,684700,682720
CEPVR,SDQR,0,0,0,130200,144840,135168,154560,134700,16500,264240
AIML,AIYL,70440,52992,43680,178440,523680,99010,1378800,31600,405700,180880
BWM-VR03,RMER,0,0,0,72960,0,0,0,0,0,0
ADEL,BDUL,0,48640,51360,86400,177600,185518,808560,0,6600,229600
AWCR,HSNL,0,0,0,0,0,0,6000,0,0,0
RIGR,SAADR,752640,1258752,1043400,792240,1204560,1146562,1748400,1677100,1723000,913840
BWM-DR02,RMFL,0,0,0,0,0,0,254640,368700,512400,328720
AVJR,SAADR,3600,256,0,13920,0,0,63600,0,0,0
BAGR,RMFL,0,0,0,0,0,858992,1131600,2553400,1538800,38000
PVT,RMGR,0,0,0,0,0,2703,0,0,0,4440
RIPR,SIBDR,0,0,0,0,1440,0,0,0,0,0
AIMR,ASHL,114240,0,85200,29160,0,0,0,0,0,0
AWCL,IL1R,480,139264,12360,24480,51000,0,59040,134400,0,10600
ASKL,PVWL,0,0,0,0,0,0,164880,0,0,0
BAGL,RIGR,541920,1058560,912000,898920,1779840,1540239,2959200,1529600,1512800,1262120
BWM-VL02,BWM-VL06,0,0,41400,24480,31800,675,30720,35000,102900,128280
AVEL,SMBDR,7200,0,54120,88800,337920,431523,380400,184200,22400,128640
BWM-DL04,IL1DL,0,0,0,5400,60000,675,102480,0,0,3440
SAAVL,SMDVR,124560,264192,165720,282960,196560,378132,892320,620200,539400,259600
AIYR,RIFR,62040,112128,126960,55320,248760,336230,149040,161800,371000,218600
AIBL,AWBL,189480,149248,52920,99720,290640,270673,88800,312400,292200,221680
AIZL,AWCR,90960,595456,195000,174960,612240,488970,1457520,657400,508000,1364640
AVDR,CEPDL,0,68096,19080,720,25080,0,0,0,0,0
ALML,URXL,57480,271360,245520,232440,208440,215255,732240,209600,198600,66240
AIMR,IL2DR,0,0,10320,6120,0,0,0,0,0,0
IL2DR,IL2R,0,2048,228000,720,12000,213565,101040,0,197200,532160
BWM-DL07,SMBDR,0,43008,113520,109320,155280,111175,312240,818200,814500,346480
AVBL,PVWR,0,0,0,0,0,0,0,56400,92300,392640
BAGL,SMBDL,9960,0,0,0,0,0,0,0,0,160
OLQVL,RIS,60240,141056,98280,92280,276120,188897,334560,273600,296700,262920
IL1VL,URYVL,1387560,1457664,895680,1248480,2194680,2206955,5221440,1535400,1120600,1679960
AVHL,AVKL,35520,0,0,165240,0,250398,58800,183200,425000,70480
AIBR,IL1VL,28200,103424,65040,33480,99720,136857,143280,78200,13100,100120
AVKL,BAGL,0,512,2640,0,0,0,0,0,0,0
SMBDR,URBL,498000,416768,384120,454080,783840,754913,834720,209000,993400,495480
ADEL,PVWL,0,0,0,0,0,0,0,984000,341700,0
BDUL,BWM-DL03,0,0,0,64440,0,0,0,0,0,0
BWM-DL08,BWM-VL04,0,0,0,0,0,0,240,0,0,170000
RMHL,SAAVR,0,0,0,676800,1278240,420034,359760,719000,535200,403840
ADEL,RMFR,0,0,0,0,10680,323727,2369520,112600,652000,2914000
AVDR,SMBVL,0,90880,84360,43800,306360,0,386880,83800,2100,320
ADAL,AVDL,108120,75008,40800,84720,156960,105093,469200,323600,357600,302800
RIPR,RMDDL,0,16896,0,0,1320,0,12000,0,4400,3200
RIS,RMGR,17160,158976,108720,367080,255720,272701,913680,0,0,0
AVJL,URXL,38640,17664,27720,13920,147480,49674,265440,501800,129700,640
AIBR,AIYL,19440,26880,0,46440,2280,0,4080,0,0,51920
AVEL,AVM,0,0,0,0,0,67921,0,0,0,0
AVFR,SMBDL,0,0,0,0,0,0,3600,0,0,0
RIH,RMEV,573480,1008384,916080,1047360,1693560,2117744,5691600,2023000,2860600,2947360
ADAR,AVFL,0,0,0,0,0,147333,16560,271400,136400,0
ADEL,RIGL,35760,126464,105720,939960,718560,907315,1380000,198400,755100,467920
RMDDL,URYVL,371520,1163008,858840,1422240,2074680,2615500,5109360,1693200,1520400,2122440
AIZR,AVDR,62400,26624,7440,81240,121680,12165,207120,322800,87000,186560
ASJL,AWBL,15840,144128,36720,29400,146400,41564,31440,28600,252000,268440
ALNR,SAADR,0,0,0,0,115800,1013,30960,357200,366000,355840
ALNL,AVKR,0,0,0,0,0,113541,458160,24000,390800,120320
PVR,URXL,0,172544,0,0,75000,0,25680,0,0,0
AINL,IL2R,39720,58880,8400,26160,133680,76369,42240,247300,75600,104320
AIML,SMDDR,30600,30464,23520,43200,29520,35481,168240,0,48400,0
FLPL,RIGR,24120,91648,174240,0,82920,0,0,0,0,0
AFDL,AIAL,6840,0,7920,0,0,77045,0,0,448000,37680
BWM-VL07,RMDVR,0,99584,64560,0,127200,640020,335520,9800,516600,30480
DVC,OLQDL,34920,2560,41880,30480,215160,132126,90240,86900,106800,101160
RIS,URYVR,64200,194816,197520,185880,252600,260536,477360,391000,340600,925600
ADAR,RMHR,0,0,0,3960,0,63191,123600,113000,0,13080
DVC,SAADR,0,2560,67800,74280,469440,0,224880,43200,486000,586480
RMDVL,SDQR,0,0,0,12960,162600,519045,580800,721800,926100,476200
ADAL,AVEL,47520,61952,33720,1200,272520,141250,256560,70000,71100,120800
AVBR,URAVL,0,12544,0,0,0,0,10800,98800,0,0
AVKR,RICR,0,73216,71160,93960,302280,213565,125280,481600,149300,150320
AVAR,BWM-VL08,0,0,0,0,0,0,720,0,0,0
AVFR,AVKR,0,0,0,179160,0,0,586080,0,674400,0
OLLL,PVT,78840,126464,100560,33720,105600,0,182640,242500,259700,78680
FLPL,SMBDL,1680,0,0,0,0,262225,4560,312800,0,218400
AIBR,RIMR,200160,192768,201600,457800,379800,605552,686160,300100,192800,321840
BWM-VL04,RMDL,410040,473856,311400,220200,1455240,558581,1526640,379000,933200,473600
AIBR,SMBVR,40200,23808,0,0,4440,0,0,0,0,0
RMFL,SIBDL,0,0,0,0,0,27709,0,0,0,0
OLQVL,OLQVL,244560,17664,0,0,33240,6420,2002320,0,0,0
OLQDL,RIFL,1200,59648,0,22320,40800,78059,5520,0,0,0
PVCL,PVWL,0,0,0,0,0,0,0,125400,90900,58440
AFDR,ASER,0,0,53760,925200,624600,11827,1412160,584500,701200,473760
AVHR,SMDVR,25320,150016,50760,110640,93000,0,452640,15000,669200,845360
BAGL,URAVR,80040,97280,55680,0,87000,52715,48960,0,0,0
PVCL,RMFR,0,0,0,0,15960,0,0,0,0,0
RIFL,RIS,0,0,0,0,1560,1351,2880,0,0,0
RIMR,SIBVL,9240,40704,14400,0,26520,3379,729840,56000,71600,91680
ASER,IL1DR,0,0,0,47040,0,0,108000,0,10100,0
AVAR,SIBVL,0,28416,0,1560,1320,0,209040,0,13800,960
FLPR,RIAL,0,0,0,0,38640,0,0,0,0,0
PVCL,RIGL,56280,49152,14520,0,0,337,0,0,4400,0
AIAL,AWBR,0,24064,0,5400,0,0,15600,94500,5100,0
ADLL,URADL,0,0,0,0,0,27709,12960,0,0,0
ALMR,AVDR,83760,286976,117360,330720,292080,410910,2634240,653800,1152600,954240
RIBR,SIBVL,85680,176384,91680,86520,201240,153415,74400,194600,214200,243840
BWM-VL03,BWM-VR05,0,540672,0,0,20280,400097,300960,78000,81800,0
RID,SIBDL,104880,44800,44040,86520,82560,150712,861600,80000,96800,265840
AIBR,SMDDR,0,0,47880,0,0,0,0,47200,0,0
AVER,DVC,81600,146176,76800,132480,188160,125706,563280,14800,158600,127600
AIBR,SIBDR,0,61952,68640,0,78120,193628,106320,184200,257700,184720
AIBL,SMBDR,318360,381184,507120,132360,1124880,520734,846720,145900,117200,785600
BWM-DL05,RIVR,10200,0,0,0,0,0,0,0,0,0
BWM-DL05,URADL,0,0,0,0,0,0,0,8800,14800,0
BWM-DR06,SAAVR,0,0,46920,49200,28800,40212,144480,65800,0,61040
ADEL,SAADL,234000,615936,134400,491040,67320,154767,568320,22000,183200,94680
AIAR,AIZR,374640,454400,356400,702840,666720,2035630,3601680,1601800,1825200,1425080
AVJR,IL2L,240,0,0,0,0,0,0,0,110300,0
URAVR,URXR,88800,113664,114240,0,75360,68935,150960,94600,0,0
AIZR,DVC,0,160256,263160,93000,467040,12840,527520,216000,309400,162520
RMDL,RMHR,0,0,0,120960,1045920,1971087,1985520,2542800,2257400,2399040
ASHR,AVDR,115080,76032,93000,38040,294720,249722,137040,100800,661600,387040
PVPR,URYVR,7920,2560,2400,22920,0,0,0,0,0,640
RIVL,RMDVR,0,0,0,0,16320,0,0,0,0,0
OLQVR,RIGR,204720,191232,237000,185160,551880,473425,504000,474700,512200,613640
ASJL,URYDL,17400,35328,16320,15360,30720,29061,34560,31600,42700,81040
BDUR,URXR,0,0,0,0,0,0,0,0,69200,0
AIBR,RMDDL,0,0,0,13440,0,0,0,0,0,0
BWM-DR04,RIML,36360,0,119880,16560,74400,113879,292560,122300,49200,262040
RID,URBL,25800,7424,77040,51000,318480,388945,661680,0,68200,3640
ASEL,ASKL,196800,239104,132480,225960,406560,543037,1415760,697200,969200,682200
SMBVR,SMDDL,52920,109568,41160,0,326280,0,0,0,29600,20080
ADAR,AIZL,88080,0,0,0,0,232151,0,0,0,4640
AVAL,RIML,175560,317952,197640,619320,664440,1133721,1964400,1041300,1372500,1612600
AVEL,URBL,8280,14336,0,1080,9600,93603,44880,0,231300,13680
OLLL,RMEL,936720,1606400,817560,1065600,1096560,1884917,3606720,1728600,2970700,2847880
AVBL,SAAVR,0,100608,51840,87000,0,37509,152160,92700,0,10320
BWM-DR07,SIBDL,0,11264,0,0,0,0,0,0,0,0
IL1R,RMEV,5400,25856,0,13800,77520,101038,547440,0,140600,0
BDUL,PVQR,27240,0,0,0,0,0,0,195000,97300,101600
BWM-DR07,RMDDR,0,0,29400,0,0,161525,148800,0,100000,33840
AINR,RIGL,0,0,0,0,2280,0,0,0,33100,0
IL1L,RMDVR,165120,347648,349800,161760,185160,609607,1321920,934600,448200,717520
PVCL,SAADL,0,0,0,0,0,0,167760,0,0,0
RIGR,SIBVL,0,512,0,0,0,0,0,0,0,0
RMEL,URXL,0,89344,0,0,0,0,0,0,0,0
AVAL,SDQR,0,0,0,32280,558360,1049579,532080,90800,893800,553600
RIAR,SDQL,0,0,0,0,0,0,0,6400,0,0
RIGL,RMEL,272160,83712,237480,15360,138240,343326,541200,245200,289200,211280
OLQDR,SMDVL,0,0,0,0,5280,0,0,0,0,0
RIPR,RMER,176040,571136,201000,190920,201360,670433,642720,2472000,881400,1020720
AVBL,RIS,14520,151296,69840,133560,826080,833986,769680,78600,396400,930840
ASJR,IL2R,58080,64256,64920,18360,42120,57784,136800,85200,97900,100880
ADFR,AIMR,0,0,0,0,4320,81100,324000,1803800,3106700,2655360
RMDR,RMHR,0,0,0,1101840,1104720,1681827,2457840,1798700,1943000,1846240
OLLL,RMDL,32400,112384,67320,141120,72360,255805,446400,113300,180400,246560
AVM,BWM-VL05,0,0,0,0,0,0,4800,0,0,0
AVL,PVCL,0,10496,0,0,128160,0,0,0,0,0
BWM-VL03,RIH,0,0,0,0,0,0,25920,0,0,0
AIBR,AINR,327120,286976,201720,317760,491640,94955,901200,609400,105300,304480
ASIL,RIH,0,0,0,0,0,0,0,0,70200,0
AVER,AVKL,227280,600064,581280,397800,1266600,604538,1439760,609000,179400,309920
RIMR,URAVL,0,0,1200,0,0,0,0,0,0,0
AIMR,RICR,81720,190464,143280,217800,490200,544051,350400,372700,510000,633480
AIBR,RICL,54120,0,154080,42120,91920,0,175680,251500,293300,275520
PVCR,PVPR,0,321280,473880,407400,1508640,1896744,2660880,554200,1237300,957760
PVQR,SMDDL,0,0,0,0,64080,21288,0,0,0,0
AVER,RMHL,0,0,0,54960,0,0,12720,0,0,0
AIZR,AVKL,105480,155136,3480,0,147000,291287,425760,211000,710600,461240
ADAL,RID,109200,169216,64680,352440,357840,198021,239280,5400,19800,10160
RIGL,RMDL,0,0,0,0,0,0,10560,0,0,720
PVQL,RMGL,665640,1398016,812040,357000,2521800,1490227,1651440,207400,654600,982680
BWM-DR05,PVR,0,0,0,0,0,0,0,20600,6100,5360
AWCL,OLQDR,33600,59904,17640,6240,27840,58460,46560,0,146400,172240
AVBR,RIGR,34800,0,0,0,0,0,0,0,0,0
BWM-DR05,SMDVL,0,0,0,0,0,0,3120,0,0,0
AFDL,SAAVR,17280,35840,0,0,91440,0,0,0,6000,134400
BWM-DL01,RIVL,0,0,0,7680,0,0,0,0,0,0
ASIR,RID,0,0,0,0,0,0,15600,33600,77600,0
ADLL,AIYL,0,0,7440,0,4560,44605,156240,0,0,0
AINR,RMED,0,0,0,2280,0,0,0,0,0,0
AIML,ASJR,106080,5376,0,50400,31320,51025,309600,47300,56800,0
AVFL,RIGL,0,0,0,720,0,0,0,0,0,0
ADLR,IL2R,72960,40192,10440,42840,91920,91238,53280,215400,57400,21280
RICR,URADR,29880,50432,78120,52440,100200,131112,89280,247700,0,155840
OLQVR,URAVR,323400,144640,210720,227640,411600,749168,374160,705900,782700,733560
IL1L,RMDVL,627000,630016,296160,1043760,1912800,2549944,3081360,1765000,2096800,2550960
AVDL,AWBR,960,1024,0,0,0,0,0,40800,0,13360
AVL,SMBDR,305400,347392,0,337920,140640,860344,1345440,1094100,298400,730000
ALNR,URXR,0,0,0,0,27480,0,0,29200,0,0
AVER,CEPDR,0,1792,0,0,0,47646,0,0,0,0
AVAL,AWBL,0,112384,42840,2400,44160,18923,91920,38000,1800,126480
BWM-DL01,BWM-DL04,0,0,0,0,0,45281,165120,37600,97600,0
RMDR,SIADR,270000,202752,210600,337560,872400,774512,2179200,729300,994600,983520
AVHL,URADL,0,0,720,480,24480,0,15600,108000,169200,167360
BWM-DL01,IL1DL,78480,123904,100440,79200,592800,607580,744480,431000,389600,394920
ASHL,IL2DL,0,0,0,1440,0,0,0,30000,0,0
CEPVL,SIBVL,0,0,43440,3480,90480,0,0,0,0,0
RMDDL,SAAVR,0,0,0,0,0,114216,1440,0,0,0
AVAR,AVJR,0,3584,84480,244680,23040,3041,68880,0,0,127600
AINR,SAADL,13200,0,0,0,0,0,13440,0,0,0
BAGR,URYDL,3360,0,0,23040,1800,0,0,0,4600,0
AVKR,PLNR,0,0,0,0,0,0,0,0,0,11200
RICL,RMDL,99360,271360,0,17880,353880,29061,283440,170500,24700,48320
BWM-DL01,RMGL,0,0,0,0,0,0,0,0,4300,0
AINR,ASGR,105960,98048,63600,43080,120960,0,351120,37400,0,80800
BWM-DL02,BWM-DL06,0,545280,0,60720,145440,0,0,10000,35200,183280
ADAL,SIADR,15840,0,21840,50520,148680,27033,125280,65200,79800,78560
AWAR,URXR,124800,75264,12840,20280,33120,5406,0,0,0,0
BWM-VL03,BWM-VR03,93840,275968,196080,295680,737160,1153320,2068560,1012900,1650300,2076240
BDUL,DVA,261600,166656,62400,220920,80160,105431,0,0,389100,0
AINL,OLLL,49320,0,51720,480,83880,0,0,0,0,0
AWBR,RIFL,0,89088,0,0,0,42240,0,0,0,0
ASEL,URBR,0,0,0,0,0,0,0,0,12900,0
BAGR,URXL,83400,39680,21480,71400,66120,11489,680640,4200,93400,36120
IL2L,URADL,87960,192768,203040,188400,842760,1485834,1512720,228200,581800,384520
RMFL,RMGR,0,0,0,0,0,0,3427200,3228500,4609600,4265520
AIZL,RIFR,0,0,0,0,0,0,4320,65400,66300,259120
DVC,OLQVR,0,252672,88320,223560,204840,135505,65760,148400,208300,162080
ASKR,URXR,7920,0,0,0,0,4055,0,0,0,0
PVWL,RMFL,0,0,0,0,0,0,0,11300,0,0
BWM-DL02,CEPVL,0,0,16680,0,0,0,0,0,0,0
AVBR,AVKR,2280,512,0,51000,8760,174028,186240,0,739700,0
ADAR,SIBDL,3840,99072,26400,38160,80400,0,0,240500,59000,0
IL2VR,PVPR,0,0,0,0,0,0,0,0,25800,102880
RIPR,SIBVR,0,1280,46560,0,74640,0,0,0,0,0
SIADL,SIAVL,498840,817152,627960,498480,892320,1318563,1684080,525000,1928300,1331520
AIZR,BAGR,0,0,72720,0,0,0,0,0,0,19280
ALA,CEPDL,5280,6144,0,0,12840,0,0,0,0,320
BWM-VL02,URYDL,0,0,0,0,0,32778,0,0,0,0
AIZL,ASGL,136920,134656,87720,40920,338280,733962,882480,272000,295500,482200
AFDR,AVM,0,0,0,236400,84600,141250,0,0,0,0
RMFL,URYVR,0,0,0,0,0,0,68160,120200,184200,0
AIYR,FLPR,2160,66816,0,86640,0,0,110640,0,178900,0
IL1DL,RMFR,0,0,0,0,0,0,24960,0,32800,400
BAGL,RMEV,0,0,0,0,0,0,0,261200,0,0
IL1DR,RID,0,0,0,0,0,19261,0,0,0,0
ALA,SMBVL,0,0,0,0,39840,0,114000,0,297000,20880
BWM-VL08,RIVR,0,0,0,0,65160,110499,486480,125400,0,0
RICR,RMDL,240600,107008,437520,72360,5160,33116,0,45700,15600,53920
IL1DL,RIGL,45240,24576,31560,13800,115080,166594,285840,160800,129800,246960
AIAR,AVJR,0,0,0,0,0,0,0,0,4700,0
PLNR,PVWR,0,0,0,0,0,0,0,0,0,55600
RICL,RMDR,14160,435456,375360,106320,232320,180449,80400,20400,154400,2680
AIAR,AWCL,501480,433152,570120,251040,1070640,1834567,1330800,1868200,1659800,476480
AIBR,RIBL,269040,388608,50760,807240,645600,737679,2577600,809200,1230200,1169600
AWBL,SIBVL,0,0,0,0,0,0,0,311000,16400,0
BWM-DL08,RMGL,0,23808,49080,32520,842400,1561866,1586640,947200,1286800,1056600
HSNR,PVPL,0,0,0,0,0,0,1200,0,0,0
AVFR,RMEV,0,0,0,0,0,0,31680,0,0,0
BWM-DL05,BWM-DR05,0,0,0,0,12240,28723,1052640,347100,152400,360080
BWM-DR01,URYDR,0,0,13440,20880,119280,15882,54960,0,0,0
IL1L,RICR,0,0,0,0,4320,0,0,1470500,415600,384640
ASHL,RIPL,0,0,0,0,0,0,0,1739100,2367600,2946520
AUAL,RIH,9240,37632,86160,0,53160,253777,558480,300800,181400,0
AVKR,PVQL,0,8960,0,44280,0,0,0,0,111600,0
BWM-DL05,SMDVR,0,0,0,0,41520,0,26400,0,0,0
OLQDR,PVWL,0,0,0,0,0,0,0,0,151000,0
ADAR,RIVL,246720,48896,138480,142800,0,123340,241440,65700,116400,232400
AIYR,RIBL,10800,0,0,0,6240,0,0,0,0,0
OLQDR,RMFR,0,0,0,0,0,71639,0,0,0,0
RMGR,RMHR,0,0,0,777360,1874280,1284096,1110480,598400,516400,923680
ADFR,AIBL,49320,0,18960,59880,0,227758,3120,0,98500,196960
RMED,URADL,109320,323328,197280,9240,481080,389621,573840,1318600,1109200,941600
AIYL,RMEV,0,41216,1440,74160,375480,0,770880,600,0,330560
DVA,PVR,391440,362496,270360,210240,396840,269322,317280,0,674000,352920
AIML,SIBVR,0,168960,55200,0,0,203089,64560,0,0,73360
DVA,SMDVL,299640,646656,336000,153600,540720,600483,947520,0,1228600,1125680
AVBL,OLQDL,6600,0,35280,20160,72840,40550,80880,0,0,0
BDUL,SIAVL,19080,26112,37920,37560,0,47646,74400,0,200,5160
RIH,SIBDL,0,0,0,0,0,0,0,68200,184600,78360
RMDL,SIBDL,96480,0,0,0,7080,0,121200,81100,40200,0
AVKL,IL2VR,0,0,0,0,0,0,0,46200,0,143200
AVBR,RIFL,0,25088,0,61560,0,5068,450720,0,18800,123160
IL1DL,RMED,115200,264704,221760,235200,376080,353464,1242000,460200,510000,624400
RIR,SMBDR,49200,0,0,0,12360,0,244800,673700,0,85720
BWM-VR02,RMGR,0,14592,0,0,13560,201400,19440,13600,82200,320
AVBL,SAADR,0,0,0,20400,0,0,0,0,0,0
BWM-DR01,URADL,0,0,0,0,0,0,0,68000,0,17520
AUAR,RMFR,0,0,0,0,0,0,33840,0,0,27360
AVAR,RIGR,0,0,0,0,151920,0,36720,0,0,6760
CEPVR,RIBR,108360,89856,80520,190200,218760,296693,291840,387000,1307600,254400
ALNL,AVFL,0,0,0,0,17040,0,103440,0,0,70720
ASHR,CEPDR,36240,0,0,0,0,0,0,0,0,0
ADER,RMFR,0,0,0,0,29160,91238,379680,675200,18400,0
RIH,RMDDR,117000,0,0,9120,0,312576,430560,0,0,63600
AVAL,URYDL,40440,104704,23640,62760,157560,195993,248640,183000,152800,343440
ADFL,RIH,28080,71936,16440,0,76320,114892,1097760,41800,311800,51280
AVKR,RIR,0,0,0,2640,0,0,0,0,0,0
BWM-DR03,RMEV,26280,29952,53760,182400,286200,705914,1293120,196200,357100,124560
AUAR,RIGL,0,0,0,0,0,0,0,0,23800,298320
AWCL,URADR,0,0,0,0,0,0,1920,0,0,0
RMDVR,URXR,2760,0,0,0,0,0,0,0,0,0
ADER,RIGL,144360,347392,231480,0,719040,798167,1799760,518000,2079200,1096240
AWAL,PVCL,0,14336,0,0,0,0,0,0,0,0
RIAL,RMFL,0,0,0,0,0,138547,420480,113800,158600,163040
RIML,SIADR,61800,114176,64440,173160,179400,79411,168960,0,84000,245320
ADEL,RMDVR,0,0,0,0,0,2027,0,0,0,0
BWM-VL08,CEPVL,258000,246016,316800,270480,991440,746127,277440,767200,0,652320
BWM-VR07,CEPVR,24000,293632,155160,242160,866760,75694,1347120,252600,173400,153200
RIMR,SMBDL,0,0,0,0,2760,0,0,0,0,17000
IL1L,RIPL,0,0,0,14160,0,0,0,0,0,0
AIZR,FLPL,0,0,0,0,0,0,0,0,46500,0
AVEL,RIAR,46800,44288,29640,83760,360,70963,403200,261500,260200,113440
AVBR,BWM-DL05,0,0,0,0,0,0,0,0,0,8680
PVT,SMDVL,600,104192,0,0,0,0,0,0,0,0
BWM-DL01,RICL,60720,0,0,0,0,0,0,0,0,0
PVWL,SDQR,0,0,0,0,0,0,1099920,1203600,2055400,355360
AVAR,SMBDL,120240,299776,41160,144360,0,325754,1035840,297600,402100,285800
OLQDR,URBR,76800,163072,66840,123120,164880,177408,426000,96400,55200,0
BWM-VR01,RIPR,213360,166656,192000,56040,63840,140574,69600,0,12200,90800
AWCL,CEPVR,31800,30464,42240,0,148200,253440,6960,133400,55300,217040
AFDL,OLQDL,2520,6912,3000,0,75600,9799,0,0,63800,58240
PVCR,SIBDL,0,0,0,25200,0,31088,244080,0,29300,12240
AIMR,PLNR,0,0,0,0,0,0,720,0,0,0
AINL,OLQDR,29760,51200,23880,14400,80760,35481,167040,181000,62900,62000
BDUL,PVWR,0,0,0,0,0,0,0,2150400,2590400,744400
RIBL,RID,25320,85248,360000,101160,51000,900218,695520,430700,856600,890400
SAAVL,SIADL,41040,255488,158040,159120,293160,114892,330720,318800,197900,394240
BWM-DL07,RIAR,0,0,0,0,2640,0,243360,0,0,0
ALNR,AQR,0,0,0,0,0,0,0,63000,0,0
SMBDL,SMBVL,1014000,2117120,1308120,2314920,5278320,7989780,9213840,10876000,10077400,9810640
BWM-VR04,RMHL,0,0,0,187560,810120,833310,9600,0,35700,20160
OLQDL,PVCL,0,0,6960,7200,0,0,0,0,0,0
AIML,AVBL,0,0,0,0,0,0,313440,391100,183800,135840
AWCR,RMFL,0,0,0,0,0,0,42240,0,0,0
AIBR,SIBVR,53640,95744,18840,143040,224280,235868,585120,177600,71600,422760
AVM,RID,0,0,0,0,0,8448,2462640,158900,651600,216760
ASEL,RIH,0,0,0,0,0,0,0,0,107200,0
AINL,AWCL,520560,327680,341520,104520,115200,646778,607440,928000,2243800,1236760
RMHL,SIBVL,0,0,0,133320,60000,0,0,446200,0,0
AIZL,SMDVR,0,0,0,37680,0,0,0,0,0,0
AVL,URBL,0,18688,3360,0,13200,0,0,0,400,47760
BWM-VR07,RMDL,100560,0,0,0,0,47308,0,0,0,0
AVAR,AVKR,26160,322816,261840,388800,930960,75356,1268880,46600,1387200,771360
SAADL,SMBVL,743040,1397248,952200,2151120,3869520,4046254,6297600,5254700,5600100,5197120
RIS,SMDVL,936480,1504256,1277520,1189200,1681440,3118663,4781040,4720200,2177100,3104400
AIAL,SMBVL,162360,120832,145080,25320,580920,377794,1578000,149200,398300,373840
BAGR,SIAVR,0,0,0,0,0,0,0,181400,0,0
BAGL,PVPR,12840,49152,167760,0,6600,71301,0,0,0,0
AVDL,IL1DR,27000,75264,35400,24360,38520,50688,95280,88000,74500,84320
OLQDR,SAADL,0,0,0,0,3600,0,0,0,0,0
BDUR,SMBDL,0,0,0,0,27240,0,0,0,0,22400
CEPDL,PVT,360,0,0,0,0,7096,2160,0,0,0
ASER,DVC,0,0,0,0,0,0,16080,0,0,0
ADLR,OLQVR,0,22784,5400,79320,130320,87183,343440,0,78800,0
AIYL,RMHR,0,0,0,9600,0,0,0,0,0,0
AVM,BWM-VL04,0,0,0,0,0,0,12960,0,0,0
PVCL,RMDVR,0,0,0,0,0,52377,74400,0,0,0
AIBL,AWBR,60360,161280,56880,12480,85080,160849,0,36500,92800,191320
RMGL,RMHR,0,0,0,2742720,1134120,4968437,3221520,684500,594700,1083440
BWM-VL01,RIAL,0,0,1800,0,0,0,0,0,0,0
RMDL,RMGL,269520,1113344,807720,883680,1293720,1052620,3031920,1396600,1374200,1430960
OLQVR,RMEV,96840,0,120480,133440,52920,0,555840,109200,208300,357200
RIMR,URAVR,0,0,7920,0,0,0,0,52200,0,680
AVDL,SDQL,0,0,0,0,0,0,17280,0,0,0
BWM-VR04,CEPDR,0,60928,0,46440,18480,451461,184320,307800,0,0
ADFR,SIAVR,0,124160,30480,0,162960,533913,353520,0,339200,94280
RMEV,URAVL,87480,227328,284760,158760,562680,508569,598800,2122000,1288000,1505200
BWM-DL02,RMDDL,0,0,0,5880,5160,0,0,0,23500,59480
OLQDL,SMBDR,336960,833792,410520,452760,884400,1329715,1797120,1927200,2575400,2371680
RIBL,SIADR,0,37632,11040,20760,0,0,34800,0,0,39440
AIMR,PVQL,0,0,50640,3480,0,0,0,0,0,0
RMDDR,SMBVL,53880,66816,96240,18960,0,259860,254640,244600,166100,178560
ADAL,IL1VL,33360,17152,12600,0,28920,19937,210480,42700,80000,0
IL2DL,RMHL,0,0,0,0,89160,0,192720,0,135000,198160
RIBR,URAVR,81840,203008,86160,105600,149160,117596,166800,237600,632800,162800
AVER,IL1L,102600,202752,120120,4080,293400,276418,476160,17900,187600,124320
RIGR,SMBDL,78000,26368,68880,0,18840,675,0,69100,190400,172160
RMDVR,URAVL,104280,33792,154200,51360,78960,207820,34320,1397800,1571500,1231120
AVHL,HSNL,0,0,0,0,0,0,114240,0,0,0
AVJR,SMBDL,0,164096,0,0,0,0,0,0,0,0
AINR,IL2DR,8520,51712,8400,33120,32760,56432,115920,56600,42400,51360
ADAL,AIYL,0,0,0,0,0,0,0,6200,14400,0
ASKL,IL2DL,0,0,480,0,2520,34129,0,0,0,28880
AINL,ALA,0,0,0,0,0,0,0,334800,303400,160
BWM-VL08,RIMR,0,0,0,0,390480,5744,57840,24600,0,0
AVHR,OLLR,11640,0,0,0,0,0,0,0,0,0
ADAR,RMGR,161880,117248,55320,272760,155040,810332,981600,509400,559000,444800
AIML,DVA,5520,23552,0,0,0,0,0,34500,0,0
ADLL,ASJR,0,0,0,23040,1200,0,0,171000,22100,0
BWM-DR04,RIAL,0,0,0,0,11640,0,720,0,0,92960
RIVL,SAAVL,166200,415488,322080,478440,245880,594063,1187760,549800,648300,972560
ALNL,PLNL,0,0,0,0,0,0,0,0,195200,0
IL2VR,RMDDR,0,44288,47040,6840,56160,71301,152160,55800,37300,880
OLLR,RMHL,0,0,0,0,8760,11489,0,23300,317600,49360
AVKL,RIH,3600,0,19680,0,0,0,0,0,28800,5680
IL1VL,SMBVL,54360,41472,110640,21600,20520,0,0,268400,30000,309440
IL1R,SIBDL,0,0,0,0,0,0,0,0,0,114320
AVHR,SIADL,18840,768,6480,0,11040,0,25920,322000,9400,152840
AVAL,RIAL,127080,438272,571320,188880,987240,1916682,1514160,1002600,1595200,1750640
FLPL,PVPR,0,256,0,15240,0,305141,3600,0,30100,0
PLNR,RIS,0,0,0,0,0,0,124080,175400,348000,3760
SAAVL,SIAVL,37920,43776,11280,61080,73920,59136,80160,45800,51900,55440
BWM-DL04,PVR,0,0,0,13080,206160,0,5040,800,29400,5840
OLLL,RID,0,0,0,0,0,0,7680,0,0,0
BWM-DL04,SMDVL,0,0,0,0,0,0,0,0,0,4440
AIYR,AVBL,0,46848,0,0,94080,0,2160,0,203600,1040
ASER,RMED,0,0,0,80880,0,0,12240,0,0,0
DVA,PVWL,0,0,0,0,0,0,36000,0,634200,103280
AIMR,RIR,0,0,0,0,0,0,0,0,0,32960
IL1R,RMDDR,319800,758016,1005960,856680,2574600,1778810,3089040,2550800,2164600,2444800
RIVR,RMFL,0,0,0,0,53760,463964,289200,897200,1653300,989440
AIBL,RIAR,60120,56832,58560,179400,88080,247695,123120,0,103400,352320
PVPR,SMDVL,111720,0,0,0,0,0,0,0,200,0
ADFL,AIBR,32160,117760,21120,15240,25080,195993,331680,136600,0,281040
AVHR,DVA,423600,486400,420480,57120,677160,1999810,589440,1574800,378800,805840
AIBL,ASEL,1283880,2011392,1186200,2520480,3258840,3563704,6956640,3694000,5035600,4860760
ADFR,RIBR,104640,134400,91680,274440,333000,347719,421920,267200,359600,195280
RMGL,SIADR,0,64512,0,5160,4320,172339,454080,390600,124900,186800
BWM-VL01,URYVL,0,40704,10440,24360,113760,6758,45120,0,0,0
ALNR,RIGR,0,0,0,0,118800,142264,18720,970000,818200,916480
RMDR,SMBVR,27000,0,11160,19200,0,62515,13200,188100,15800,0
AVEL,IL1DR,0,0,0,0,2400,0,0,0,0,0
FLPL,PVCL,107880,18944,0,640680,564000,777891,908880,401700,417200,783280
AVJR,AVKR,0,0,0,0,66120,0,0,0,0,43200
AVFR,PLNL,0,0,0,0,0,0,53520,0,0,142760
AIBR,OLLR,3360,0,0,0,6840,0,11280,0,0,0
BWM-VR06,BWM-VR07,0,0,0,0,298320,0,0,0,0,0
RIVL,SMDDL,3120,0,0,0,551040,0,101040,21600,0,280
ADEL,RICR,0,0,0,0,0,0,0,0,0,1840
RMDR,RMGL,1448760,2864896,1998600,1192200,3130560,3018639,4374720,3096900,2549600,3641920
ADAL,RIMR,0,151808,0,65880,7680,0,170400,33800,178000,250920
AVDR,URYDR,94920,80128,27000,46320,162840,160174,234000,250600,409400,354560
AVAL,SIAVR,0,0,0,6120,83040,0,1680,158400,0,0
SIBVR,URYDL,77520,0,11280,28320,0,0,115680,81300,205000,0
CEPDR,SMDVL,0,0,0,0,2400,0,0,0,0,0
AWAR,RIGR,0,0,0,0,11520,0,12720,0,0,0
BWM-VL08,SMDVR,0,0,0,0,0,5406,13200,0,0,8960
RIR,URBL,183240,0,0,0,0,0,0,0,0,0
AVKR,BWM-VL06,0,0,0,0,0,0,11040,0,0,0
SIADR,SIAVR,439560,813568,424200,403680,785280,1608161,3195360,1579900,1855500,1736480
ASIR,RIMR,0,2304,108840,3840,5400,309534,86160,35400,91000,92320
ASIR,SMBVR,0,0,0,1440,0,0,0,0,0,0
ADAL,RMGL,215880,290560,150960,249600,537480,987064,1179840,404000,503800,770320
ASHL,PVQL,265680,276736,15960,852360,346920,836014,2052000,282500,54400,70080
BWM-VR06,OLQVR,98040,0,0,0,11640,6758,0,0,0,0
AVEL,SDQL,0,0,0,0,0,131112,121920,188600,271500,124280
ALNR,SMBDL,0,0,0,405240,539880,793774,1602960,442100,1693200,1432480
AIYR,OLLR,2040,77824,0,0,0,0,0,52400,0,0
AIYL,AIZL,862800,1155328,1198680,1776000,3423360,3648522,6198960,4405800,5394100,3833440
ASKL,RIPL,0,0,0,0,0,0,0,1293000,2578600,2001280
ASER,ASGR,141840,450304,408120,411000,390600,890419,806400,331700,1112600,990200
AIAL,AVDR,0,3840,0,840,15120,37509,89520,93800,409300,178800
BDUR,RIFL,0,0,0,0,0,0,165600,0,0,0
RMDR,SIBDR,42240,0,22200,14040,0,104079,0,56800,78600,360
RIGR,URAVR,40320,38912,56280,44040,93840,160849,24240,162200,140800,130960
RMDL,RMGR,967800,2904064,2024280,816480,3153600,2864885,3870480,2475300,2425300,3258680
DVA,URBR,25200,101888,10920,31560,92400,673812,84720,43200,337200,5040
AINL,URADR,3480,0,0,3600,0,0,20160,0,0,0
AQR,AVAL,0,0,0,805560,2038320,2469181,3920880,1341800,2591800,3454440
AVKR,RMFL,0,0,0,0,0,3094333,4778160,1874800,2209200,2905520
AVAL,URYVL,0,0,14640,0,7560,38860,170160,73200,170300,331520
ADAL,SMDDR,22680,47360,13440,1080,0,0,0,34600,16800,47880
AVJL,OLQDR,0,16896,0,0,0,9461,0,0,0,0
PVWR,SAADL,0,0,0,0,0,0,0,0,3600,0
AVDR,RIVR,62400,117504,70200,81480,46320,364953,456240,82900,76400,34720
ADAL,SIBDR,19560,173824,70920,103680,18480,27709,0,115600,18600,150240
DVC,SMBDL,0,131328,11160,0,0,0,3120,0,0,6800
CEPDL,RMDL,236040,331008,441120,652440,814680,630896,1682640,768800,504200,1175920
FLPL,PLNL,0,0,0,0,0,0,58320,0,0,221600
BWM-DR01,SMDDR,0,0,3000,0,27600,0,0,0,22800,0
RMFR,SMBVL,0,0,0,0,0,10137,0,0,0,0
ASJR,AVJR,9840,512,7560,14160,43080,84142,3840,100800,197200,261600
BWM-DR02,IL1R,122160,415232,190080,31800,512280,533575,657840,48200,81100,77520
AIYR,DVA,0,0,0,600,58680,0,0,791000,1152500,519800
AUAL,IL2L,70560,0,19320,63000,82320,0,16800,1818100,1735000,1586480
ASIR,SIBDR,0,0,0,12960,113400,0,48960,0,0,66320
RMGR,SIBDL,98520,8704,0,61200,58320,372387,544800,252600,193800,275120
IL1VR,SMDVR,0,41728,0,0,0,0,0,0,0,0
SMDVR,URXR,0,5120,0,0,0,0,0,140200,0,0
AVBL,SIBVL,22440,180224,231600,88560,569880,516003,618960,1021500,1831200,583040
ASHL,RIR,114480,37888,7800,46320,32400,283852,456480,0,18000,0
AIZR,AVER,534840,1260032,478800,1196280,1648200,1742653,4024080,2220400,2583300,2106080
BAGR,IL1R,18960,0,0,0,3240,2365,197040,0,0,0
BDUR,BWM-DL05,0,0,0,13440,0,0,0,0,0,0
RIH,URYVR,210720,704512,117000,1809720,1702680,1494282,2634480,1906700,1352000,2025920
BWM-DR01,SMDVR,0,38912,40800,81240,101400,111175,58080,141600,124400,82000
IL2VL,RMFL,0,0,0,0,0,48660,0,2400,0,8480
AVKL,PVCR,0,0,0,18000,0,0,0,0,0,60960
AVKL,IL1VR,0,0,0,0,0,0,0,0,600,68960
AINL,CEPVR,22680,39680,28200,1920,80760,116244,310320,175800,63800,217760
OLQVR,PVPR,6960,0,0,5640,9000,0,0,10000,0,0
RIS,RMFR,0,0,0,0,330480,50350,89280,385300,667300,1236400
ASER,CEPDR,0,0,0,51240,0,0,0,0,0,0
AINR,RMDVL,2400,0,0,0,0,0,0,0,0,0
AVJR,RIFL,514200,1159168,734760,920040,1339560,1625395,921360,843800,1811200,1730640
BWM-VL04,CEPVL,124800,546048,214560,266280,891240,200724,2460720,518400,172900,301960
PVCL,RICR,0,75008,0,14400,0,16896,0,713300,506200,120960
PVT,URBR,0,0,840,3960,36480,57446,16560,0,19200,160
AINL,AUAR,1174080,2186752,1597800,1362360,4040040,2942945,5303760,4576100,2863500,3419600
IL1L,PVQL,26640,0,16200,0,3120,0,0,0,0,0
OLQDL,RMDDR,226440,628480,465240,400080,1452840,2085980,2000400,1705800,1646300,1863520
PVCR,RMGR,0,0,18840,7320,50040,6420,25920,264400,76600,42880
DVA,SAADL,30000,0,95760,0,0,29736,0,124400,19600,307040
ADLR,AVJR,41880,133632,97200,121200,128280,247357,198960,834800,796800,562560
AWBR,PVCL,0,0,2640,0,0,0,0,0,0,0
ASER,BAGR,13920,82688,242640,0,1048680,629882,844080,1593200,341400,712840
ADLR,AWCL,7680,252672,32760,235320,0,210186,152880,59200,73400,0
RMDDR,RMDR,272520,470528,271680,293040,553320,974223,1095360,866100,576600,1012040
CEPDL,RMDR,167760,65280,92160,245640,82680,68597,77520,80400,37800,244920
RICR,RID,118320,177152,240720,120720,15960,112527,743520,65600,511400,0
AWBL,SMBDL,72480,0,6720,0,38400,109148,5760,157800,34700,157520
BWM-VL03,URAVL,0,0,0,0,853680,31764,748320,24400,254800,43520
IL1DR,RIMR,0,0,0,0,11760,0,0,0,0,0
ALNL,RMDDR,0,0,0,0,375360,199372,206160,30800,225300,0
BWM-DL02,RMER,719160,813056,826080,474240,1685400,2317793,1799280,4538600,2975000,3342080
RIPL,URAVL,467040,886784,811440,1233240,2530920,2967275,3545760,1663200,1905600,1849440
IL1L,RIR,99240,0,0,0,0,0,0,0,0,0
BAGL,SIBDL,35400,0,36120,36240,20160,50688,432240,63600,77600,56560
RIML,RIMR,147000,385536,143640,328920,706080,307845,1095600,386600,1281800,638880
ASHL,ASIL,0,0,0,5280,360,0,443040,0,0,0
BWM-VL04,IL1VL,0,0,0,0,9720,0,42480,0,0,3920
RIS,URBR,0,5888,0,0,0,11151,0,0,10000,0
PVT,SAADL,0,156160,0,49680,5400,2027,0,0,244300,364000
IL1VL,RMDR,0,12800,0,0,0,0,0,0,0,0
AVDR,RIFR,9120,0,0,4680,79320,51363,57600,0,0,166720
AIBL,IL1DR,1680,0,0,0,600,11489,0,3200,0,0
AVHR,PVWR,0,0,0,0,0,0,0,136000,130200,1520
FLPR,SMBVL,0,0,0,0,0,0,0,0,4400,0
OLQDL,URBL,26760,195328,62400,102360,306360,217282,332160,81900,42800,0
DVC,URAVR,0,45312,18480,91440,177240,52377,198720,446400,347600,187520
AVL,RIAR,0,0,960,0,0,0,0,0,0,0
PVCL,RIPL,0,0,0,0,0,0,0,5800,0,28560
AVFR,SIBDL,0,0,0,0,0,0,67200,95600,0,77280
AFDL,OLLL,0,0,0,0,24480,0,28560,197800,42800,0
IL2R,RIAR,0,0,48000,0,0,0,0,0,80200,109520
ADLR,AIAR,187680,267520,319320,637800,435000,668405,1672080,1083400,900600,713200
AFDR,RIAR,0,3328,23760,2280,23640,36157,13920,0,13600,600
AWBR,SMBDR,0,0,0,600,132840,23654,305520,43000,524600,1360
RIGL,RIVR,502200,363264,545040,384600,577680,681922,1839120,313700,136000,629440
ADAL,RICL,532440,658944,431400,462120,678120,334202,1057200,126100,2058800,2366480
RIGL,URADL,0,0,0,0,19440,0,12000,0,0,0
RMDVR,SMBDL,11400,4864,8880,1200,18480,115568,0,80600,57400,19600
PVPR,PVWL,0,0,0,0,0,0,59760,0,0,0
AFDR,ASEL,222120,778496,660960,541320,1052400,1791989,3936720,3211700,3573900,1753920
AINR,IL2DL,37560,40192,0,23760,30720,58122,42720,22900,53200,21280
AVKR,AVL,807240,2075392,870960,1300080,5160120,4097617,9592800,3043800,7396700,5549400
AIBL,SDQL,0,0,0,0,0,0,746640,0,1317000,1064240
RIML,SMDDR,1017480,1016064,1725960,1181520,2290920,3201454,4402800,3005500,3828400,2674520
AVKR,SDQR,0,0,0,0,150960,0,0,0,0,0
PVPR,RMFR,0,0,0,0,0,0,165120,0,0,0
RIML,SIBDR,38880,460032,276960,166800,472920,286556,898560,259600,498400,237120
AUAR,IL2DR,41280,67072,129000,92040,0,62853,122640,192600,109000,301760
RMDDL,SIBVL,212040,334336,154680,599640,652320,344002,1883520,749800,825000,854280
ALNL,URBL,0,0,0,0,67440,18585,0,138800,126200,69840
AIYL,SIBDL,120000,211456,147000,91560,215520,377118,131520,490300,229600,472400
BWM-DL02,BWM-DL08,4800,0,0,17520,0,570746,0,3000,0,0
ASHR,AVER,0,0,38160,0,147600,138885,50160,0,30200,63440
PVPR,RIGL,0,0,0,0,45120,0,0,0,0,0
RIAL,URXL,500160,910848,876480,1231800,2281680,2420520,3482400,2070200,5527400,3216520
ADLL,AVBL,0,13824,600,0,161160,132126,218640,800,0,0
AIZR,HSNL,0,0,0,0,0,0,20400,0,0,0
BWM-VR03,SAADR,0,0,0,0,0,0,27840,0,0,0
SMDVR,URAVL,0,0,0,0,0,0,0,203000,47200,14320
RIMR,RMEV,62760,19712,431160,11760,900480,1813616,319440,351800,455200,223520
RIBL,RIVL,7320,71680,45000,15120,78480,66232,191760,75600,50700,25600
RIS,SAADL,840,0,0,0,0,0,0,0,0,0
CEPDR,PVWL,0,0,0,0,0,0,41040,295800,272400,109480
RMFL,SMDVL,0,0,0,0,0,39198,77520,70000,64100,36080
CEPDR,RMFR,0,0,0,0,0,11489,0,0,0,0
AVBR,PVCL,242520,325888,522600,992400,3014400,2589818,6388080,2164600,2491800,3791840
AWCL,AWCR,991680,2196224,1773120,2341920,4723920,4703508,11243520,5682600,8056400,9660160
RIBR,RMEV,450840,416256,373320,716520,1758000,1511178,2373120,881100,1398200,1197520
BWM-DL03,BWM-DL05,343920,1186304,783600,1113960,2802120,4933294,10921680,3392400,4830000,2984800
BWM-VL04,RIMR,0,45824,172200,100080,0,473088,527280,321500,381000,401440
AVDL,AVDR,64200,131840,74280,63000,92640,141250,198240,176500,151500,275280
OLQDR,RMDVR,63360,167424,116400,101520,245280,186531,303360,586200,308000,349920
IL1DR,RMDDL,30360,512,11880,15120,166680,115906,201840,73200,243400,595920
AVER,AVJL,66120,75264,39480,17160,89280,94617,340080,115400,100000,130000
ADAL,ADAR,137400,114688,176400,50280,0,0,93360,143300,121100,132600
SAAVL,SAAVR,418440,736512,642240,868680,1131360,1097564,2074560,902500,1022000,1294480
RIR,URYVR,155160,84992,171000,44400,168480,137195,96000,106700,74400,194200
IL2VR,URYVR,168240,202496,21000,184680,355680,65556,691200,1270400,847600,837520
RID,SMDVL,0,0,2160,0,151800,0,201600,168000,0,246640
AWCR,URXL,2400,0,0,0,0,0,0,0,0,15920
RICL,RIVR,112920,78848,194760,487920,432120,688343,2217600,619200,498600,997000
AIZR,AVJL,2040,0,0,0,3240,0,0,119600,239400,144320
AVJL,URADR,0,47616,360,240,720,55418,0,72100,0,0
RICL,URADL,79920,55040,45600,70560,73920,203089,123360,114100,115000,288080
BWM-VL05,URYVL,0,0,0,0,32640,0,41040,0,0,0
AUAR,RMDVR,47280,0,43560,0,0,0,0,0,0,0
ASIL,SAAVL,31200,6656,0,3120,0,33454,3120,93400,104800,2080
SAADR,SIADR,177240,29696,336240,242640,323280,1029642,1402080,277200,972200,400360
ADER,RMDVR,0,0,0,0,0,0,0,27800,0,0
RIBL,RIMR,23640,104448,264360,515640,315120,176732,982560,366600,352300,340800
BWM-VR08,RIVL,0,0,0,0,0,87183,76320,10300,6200,8560
IL1DL,RMDVL,795240,2042624,1861080,2680320,3888840,5895352,7662720,5449900,5562300,6454680
RICR,URYDR,25680,53248,0,0,97200,28723,0,105800,0,151320
AIYL,RIVL,38760,0,27000,44160,31680,0,0,0,0,0
SIBDR,SMBDR,775080,1553408,911400,708240,2027040,2606376,4008000,2181400,2975400,2335680
PVR,URADR,99720,215552,148440,47160,79440,108810,103680,54100,343600,104400
SIBVR,URYVL,29160,106496,58440,46080,108480,200724,234000,0,228000,219920
RIBL,RMGL,0,0,0,47640,0,0,0,0,0,0
ADEL,SAAVL,0,0,72480,106800,312960,195993,1364160,221900,802300,421280
AIAL,RMHL,0,0,0,4320,0,0,0,0,0,0
AVM,RIMR,0,0,0,123840,159960,880619,389040,177400,8100,120120
BWM-DL05,BWM-DL07,0,265728,145920,417960,498480,1326336,4071840,1531800,2432900,1465760
AVM,SMBVR,0,0,0,0,17520,74680,0,0,0,180480
AVFR,HSNR,0,0,0,0,0,0,4102320,0,0,0
PVT,RIH,19560,0,254040,104280,558600,79073,168960,6600,165600,267200
PVWL,SIAVR,0,0,0,0,0,0,96480,0,337800,0
CEPDR,RMED,0,79872,0,0,1440,18247,0,0,0,11960
AVJL,CEPVR,38040,7424,0,11760,62760,29061,120240,0,0,15200
ALMR,HSNL,0,0,0,0,0,0,508320,0,0,0
BWM-VL04,SMDVR,0,0,37200,40080,0,14192,19200,68100,200,1440
AVM,RMGL,0,0,0,0,0,0,11760,17700,458000,145320
AVBL,AVJR,591720,1353984,583080,1393320,2506080,2423900,6400560,2616800,3698800,2736760
BWM-DR03,RIVL,0,14336,0,0,0,0,0,0,0,0
AINL,AVDL,56280,6144,134280,151920,260640,110499,682320,0,0,332640
BDUL,OLQDL,0,5632,0,0,0,0,0,0,0,1120
AWCL,RID,0,0,0,0,256080,0,52080,0,89100,0
AVAR,AVFL,0,0,0,0,75480,0,377040,0,0,145760
RICR,RIVR,353160,52736,75240,63960,372240,633600,519840,1067400,40000,822760
ASKL,PVQL,1153320,2241792,945480,1707360,3548760,4334837,6345600,3788000,3306400,3999360
RMDR,RMER,0,0,10680,8760,186000,36157,156960,1074400,855100,265360
HSNR,PVCL,0,0,0,0,0,0,3600,0,0,0
BWM-VR08,SMBVR,75960,74752,113760,30960,13080,155443,464880,132200,192300,91240
BWM-VR02,PVR,36960,0,0,0,960,0,0,0,0,15880
AIYL,IL1DL,0,18944,0,0,6360,0,0,0,0,0
PVWL,URYVL,0,0,0,0,0,0,0,21600,0,0
AVM,SIBDR,0,0,0,50160,95760,43929,0,0,0,0
ALML,RMDL,36720,0,0,0,0,9461,0,0,0,0
ASIL,AWAL,0,204032,121320,297120,572280,407869,709440,906200,947200,674240
BWM-DL01,PVR,149880,13312,0,55920,1440,0,0,9600,24400,0
AIZR,RIPR,0,0,0,0,0,0,0,0,11400,0
ASHR,HSNL,0,0,0,0,0,0,3091680,0,0,0
BWM-VL04,RMDDL,6360,0,10080,2640,59640,49674,194640,8100,21200,13280
RIGR,RMEV,352440,288768,302760,55440,97680,622786,199200,657000,381400,219120
RMGR,RMGR,0,0,0,0,0,0,0,0,929500,0
AIML,SAAVR,0,0,9600,0,0,0,0,0,0,0
AVFL,RIPL,0,0,0,0,0,0,0,1236300,1512700,1808560
BWM-DR01,RMER,31320,1280,24840,1800,8400,14868,47040,109900,66500,61440
BWM-VR01,BWM-VR02,55920,298752,384840,277560,1208040,1103308,2538720,3286200,3205200,3669880
AVL,IL1DR,11280,3328,29160,17160,26040,57108,119040,85900,92200,105880
AIZL,AVBL,195600,132608,105720,24840,335880,583925,829680,615600,671400,473200
ALMR,AVJL,102480,7936,73320,234840,593280,13178,803520,0,150300,191120
CEPDR,SAADL,0,0,0,0,0,0,0,49400,0,0
AINL,AVEL,0,0,0,0,0,0,0,9200,0,0
AVDL,DVC,0,0,0,150840,0,22640,56400,0,0,73640
ASEL,AVAR,48240,0,0,13440,20040,0,0,475400,0,7280
AFDR,IL1DR,5280,15360,0,6480,12000,45281,0,0,0,2760
DVA,PVCR,73440,208128,160920,489120,368040,1483468,3464160,428400,302600,739280
RICL,RIFR,0,0,0,0,0,23654,0,57200,2000,0
ADEL,PVQL,0,44032,0,101400,125760,0,0,0,48800,0
IL1DL,IL2DL,520560,876800,1045800,842520,1435320,2281297,2038080,2821700,2954600,2687360
BWM-VR08,SIBDR,0,35328,74280,15600,26520,128071,94800,87200,11400,3440
RMHL,URAVR,0,0,0,0,0,0,0,348000,361400,1153000
PVCL,SAAVL,0,0,18840,0,0,0,244800,0,0,0
ASJL,CEPDL,0,0,23160,0,12720,0,48720,0,0,0
RIBL,RMDDL,0,0,0,0,0,0,0,0,7100,0
AWAL,BDUR,0,0,0,0,0,0,0,13000,0,0
AFDL,AWCL,171960,382464,144360,722040,632160,524113,1689360,252500,316200,369560
AIMR,SDQR,0,0,0,3960,0,0,0,112500,0,0
AIAR,AVFL,0,0,0,0,0,281149,0,74200,51000,0
AVHR,SAAVR,0,0,0,0,4080,0,0,0,0,16800
AVL,SDQL,0,0,0,0,0,0,29520,516100,168200,28240
RMGL,SIBDR,63120,0,183120,24120,87360,354816,567360,297200,325000,311040
BWM-DR06,SMBDL,64440,93696,0,9240,21120,0,311760,17700,165800,173120
ASHR,AVJL,197280,208640,173040,99360,74160,25681,320880,717000,1642400,865600
AVHL,PVQR,89160,32000,0,0,0,0,0,0,0,0
BAGR,OLQDR,27480,68864,44040,4920,87480,284190,209280,226800,93500,186160
AVAR,PVPR,26880,366848,195960,4200,51120,671784,1167360,0,1107300,742800
ALA,URYDR,32640,28672,10920,22320,50520,43253,38640,56200,103600,41040
DVA,IL2DR,0,0,0,0,0,0,25680,57200,287600,400
OLLL,RIMR,0,12800,17280,0,51480,26357,13920,19200,1200,0
PVPL,RID,78240,830464,11400,18480,392760,88197,26160,430800,501700,60240
ASJL,SMBVL,68640,103936,0,18120,147960,0,598560,0,495600,0
AVHR,RIS,0,0,0,0,22560,0,0,0,0,0
BWM-DL08,PVR,21120,0,0,0,2880,16896,1200,176000,57300,1920
BWM-VL04,RICL,0,2816,0,2880,22800,0,0,0,0,0
ADEL,RIR,0,0,0,23400,0,0,0,0,0,0
RIAL,SIAVR,183120,317952,222360,464640,551760,844800,1602240,1113800,2059700,1125360
ADFL,AQR,0,0,0,42120,0,0,0,0,0,0
AIZL,SIADL,178440,244480,81960,124920,590040,288583,1113840,1068800,327200,259440
RMFL,RMFR,0,0,0,0,85800,691046,966960,519000,356100,428760
AIZR,AVAL,0,0,0,0,52800,0,50160,155600,0,51680
AVBL,RIGR,364920,162304,220800,127080,382200,1402368,280800,778400,694000,1738720
AQR,AUAL,0,0,0,0,0,4392,119280,0,0,176960
AVKR,URYDL,960,0,5880,0,22080,42577,0,0,11000,0
AVFR,RMGR,0,0,0,0,627840,875888,1220400,1736400,329000,472200
OLLL,SMDDR,147000,180480,347520,442560,604800,994160,1546320,1546000,946200,733760
ALA,URADL,0,0,0,0,0,7772,10080,12400,10600,4080
AIZL,DVA,413880,786176,570000,703920,1710720,2248181,3254880,2728000,2917400,2045920
CEPVL,RMEV,41160,72704,7080,6360,106200,0,86640,390400,2658600,41360
ASHL,RIML,192240,250368,138000,439920,986520,405504,609600,128800,88000,272160
AWCL,URYDR,18480,30720,6720,4440,7320,56094,60240,0,49600,103520
BAGL,URYVR,183720,166912,167280,78000,27480,20613,127440,5100,0,37880
ASIL,AVHL,0,17152,0,0,0,0,0,0,0,0
AVFL,RIPR,0,0,0,0,0,0,0,1447200,945400,404320
BDUR,PVPR,0,1280,25440,8160,0,0,0,0,0,0
DVC,RMEV,0,80640,215880,101880,348720,206807,15120,580500,1263300,0
RMER,URAVL,244440,581120,744840,574440,1252080,1277337,2734560,1575800,2013100,1832080
IL1DL,RIPL,538680,704768,978480,537840,1318800,2540820,2508000,1457300,1444600,1534560
AVM,RICL,0,0,0,0,0,0,22320,0,700,31560
ADLL,AIAL,243000,236032,225120,630840,405600,791746,1074480,697300,717200,823400
IL1DR,RMER,361080,749056,759960,964320,765000,1759211,3064560,1937400,1905900,1988080
AUAR,RICR,0,0,0,0,0,38184,0,0,0,0
AVEL,DVC,0,76032,85080,144360,942120,0,574080,165500,0,49280
OLLL,SMDVR,105000,87552,137760,388200,422880,661647,2142720,1117400,1758200,748400
RID,RMFR,0,0,0,0,0,0,0,0,77200,120240
ASHR,RIPR,0,0,0,0,0,0,0,1694800,2337400,1985560
RMFR,RMHL,0,0,0,0,0,1016801,663360,0,0,0
AVBL,SMBDL,0,0,0,0,0,1689,0,0,146600,63320
ADAL,SIBVR,19800,258816,84600,69240,30000,25344,1300080,192400,57500,102000
RMEL,URADR,126840,535040,419880,444120,707880,1032007,1120800,2122300,2058000,2054760
BWM-VR07,RIVR,0,0,0,0,0,0,0,0,0,8320
AVDL,AVKL,0,0,0,2400,6120,0,0,0,17400,57000
RID,RIGL,578760,662016,125040,392640,204840,1233070,2517360,465200,1145600,1181000
RIVL,SDQR,0,0,0,461640,242880,2176204,1616640,1376100,2218600,2560520
BDUR,PVCL,163560,0,97320,138240,202800,9799,0,0,0,0
IL2VL,URXL,14400,54784,39600,78120,32400,94617,0,0,42500,47280
AVAR,PLNL,0,0,0,0,0,0,42240,207000,0,0
RIGL,SMDVR,0,0,0,0,0,0,1440,0,10400,0
AIZR,ASIR,59400,2048,1080,128880,4320,56432,152400,0,152200,2720
ADEL,ASIL,0,0,0,1080,0,0,0,0,0,0
ALML,AVDL,167760,326400,128400,187200,249120,1001256,1707600,854000,1194600,509680
RMFL,URBR,0,0,0,0,0,0,0,915800,425800,562160
AVER,AVFR,0,0,0,0,0,0,55920,318800,9400,28120
ADAR,PVR,163680,248576,276960,189240,0,109824,48720,480400,390700,68560
AWCL,RIVR,0,8192,0,0,28200,0,0,46700,0,91160
ADAR,SMDVL,180960,385536,188280,205200,31920,427806,955920,0,481500,351280
BWM-VR08,RICL,0,0,0,0,0,3717,0,0,0,0
PVCL,RIR,0,23296,56760,0,174240,26019,30960,77800,1500,49600
OLLL,RMDDL,433560,779520,547440,1180560,1970040,2132275,4039920,2071300,2510700,3173920
IL2DR,RMHR,0,0,0,0,49920,113541,203760,26100,149400,99800
AIBL,AVDR,54960,20736,66000,30480,121080,295342,311280,451900,772800,668800
URADR,URYDR,429360,1185024,768240,190320,1962960,1482792,1322880,1586300,2027800,2379360
AVJR,PVPR,7320,27392,47160,17280,124440,0,0,0,0,0
SIBDR,URBL,72840,0,82080,34920,71760,137871,88800,142400,18400,174200
AQR,SIAVL,0,0,0,0,10080,0,206880,0,0,0
AVBL,AVKR,0,768,0,13680,0,434903,1411200,0,30700,152720
IL2L,SIADL,0,0,1440,0,0,0,0,0,0,9320
AQR,ASHR,0,0,0,105120,8760,78059,0,93600,0,0
RIR,SDQL,0,0,0,0,0,0,0,249000,171300,0
BAGR,PVT,49080,0,2280,0,0,0,0,432200,0,0
HSNL,RMGR,0,0,0,0,0,0,860640,0,0,0
RMDVL,SMBVL,0,0,144960,0,0,0,0,0,46400,880
AVBR,URBL,0,0,0,0,0,0,0,83800,0,0
RID,RMED,25080,0,13920,133680,0,0,867360,1144700,575200,729080
RICL,SMDDR,42240,361984,228840,35280,672600,234516,1743360,974600,586100,157760
ADAR,AVBR,283680,422400,474120,301560,1328520,1590251,4602240,2445900,2275000,1956880
AVEL,RMED,14040,37120,97680,107880,187320,120299,190080,74600,127700,217280
AVDL,CEPDR,15840,91136,0,0,0,92928,58320,0,0,0
RICR,RIMR,0,152320,96120,109080,357480,287232,754560,562100,0,305200
RMFL,SAADL,0,0,0,0,552360,1345597,4217760,2342500,2316600,1155680
ASHR,AVAL,0,0,0,0,0,33792,58560,0,0,0
RIAR,RMDVL,904320,1523712,1446240,1180680,2319840,3185909,5157120,4032900,3967800,3644480
AINL,RID,303960,640512,491640,625920,623880,2388756,4054320,2839900,2361700,2940480
AIZL,ASHR,0,0,35880,101160,0,8448,8160,67000,4800,0
BWM-VL04,RMER,0,0,0,0,496440,1193195,959040,505500,712300,83600
RICL,SMDVR,48840,368384,215520,195240,335160,1130342,812400,1245300,751600,1335600
ADFL,AWAL,432480,916992,471840,700920,1525560,2604349,2958480,1890400,1624800,2039760
SIBVL,SMBVR,151080,265728,413520,176760,746280,196669,132720,186600,574900,101040
ALA,ASGL,0,0,0,0,0,0,0,42200,184900,108360
AVDR,FLPR,60960,0,0,12720,0,0,0,0,0,0
AVBL,URAVR,0,0,0,39240,0,39874,0,0,0,0
ASHL,AWBL,258240,417024,453960,517680,1380480,941107,2152320,1007200,843000,816080
CEPVL,RMHR,0,0,0,0,327000,569733,261840,443300,164800,128080
AVBR,HSNR,0,0,0,0,0,0,56640,0,0,0
AVDL,BAGR,101880,350464,210240,202080,288120,136181,1301520,97400,292300,516960
ASER,RICR,0,0,0,13200,0,0,0,0,0,0
AVBR,AVHR,481440,738048,316320,410760,1259160,342650,3517440,678600,1529000,1378080
AQR,PVWR,0,0,0,0,0,0,0,199000,0,0
BWM-VL02,CEPDL,8640,0,0,0,39960,0,0,0,0,0
RIH,SMDVL,0,342272,193920,10080,0,61839,71280,0,28200,0
RMDL,SMDVL,177960,240128,197400,199200,643320,629207,1332240,660000,310400,608880
RID,SAADL,154560,33792,0,0,0,0,246960,0,0,0
RIVR,SIAVR,7200,2304,0,0,0,0,0,0,0,0
AWCL,CEPVL,53040,97536,59520,32400,81960,103403,72480,0,0,130640
IL2DR,SIADR,0,0,0,0,0,0,0,0,67600,30880
RMDDL,SMBDL,547320,1126912,624240,450120,1082640,2003189,2831760,3618800,2719800,3039840
AVEL,RMHL,0,0,0,0,9360,0,0,0,33600,87280
ALMR,AVFR,0,0,0,0,180480,92928,576960,0,0,0
CEPVR,RMDR,531000,652544,529200,748800,1426200,1591265,3290400,1775800,1684500,1882520
RICR,SMDDR,95880,475392,778320,418560,1034880,973885,527520,2034900,1376800,1323600
RMHR,URYDL,0,0,0,0,0,0,0,0,1600,0
BDUL,SIBVL,0,0,8640,0,0,0,0,0,0,0
BWM-VR02,URBR,305280,58880,46320,0,0,0,0,0,0,0
IL1VR,OLLR,271080,539904,398520,397080,635400,890419,1662720,3535000,1811600,1731120
AVJR,PLNL,0,0,0,0,0,0,0,0,0,38560
RIML,SIBVR,0,186624,219240,19920,97080,134830,249840,77000,189000,100720
SIBVL,SMDDR,0,24576,0,102600,0,0,0,17500,0,1600
RMDDR,URYDR,0,0,0,0,52320,0,0,0,0,0
BWM-DL08,PVWL,0,0,0,0,0,0,0,132400,1300,0
SAADR,SMBVR,708000,1349888,1112520,1610640,3439320,3830661,4712160,4027100,5371800,4927120
BWM-VL02,SMBVL,36720,38144,71160,24240,212880,232151,123360,85700,42800,51520
RMHR,URXL,0,0,0,0,0,62853,170160,0,0,0
AVKR,RIAL,0,27904,0,0,18960,0,0,0,0,22800
RICR,SMDVR,53040,219136,210000,10200,407280,442675,539040,402600,239800,580000
BWM-DR01,OLLR,0,0,0,0,0,4730,0,0,0,0
BWM-DL07,RMHL,0,0,0,0,0,0,0,0,7200,0
AWAR,PVPR,10440,56320,45120,17760,105000,0,0,0,0,0
BWM-DL06,URXL,7200,0,0,0,0,0,0,0,0,0
BWM-DR07,RMED,0,0,0,17400,0,67246,59760,0,212000,214680
AVFL,PVQL,0,0,0,23520,1858440,1993052,3422160,3578200,3586600,194480
AIBL,DVC,284880,518656,775680,735720,643440,1192857,1960080,1263800,1691600,1684600
ASEL,AWAL,1268640,2182912,1202640,1749960,3883320,5000878,7983120,4921500,6384900,6277160
DVC,PVPR,0,229888,85440,27600,67680,365291,698160,0,0,435240
SIBVL,SMDVR,11040,0,11040,0,0,3717,0,0,30100,240
ASHR,AVFR,0,0,0,0,951120,461936,1020000,0,0,300200
CEPDR,IL2DR,290520,698112,531240,147360,841800,1459814,812400,1937800,1518400,1816200
AINL,SIADR,0,72192,0,0,0,0,302640,800,260500,51120
BWM-VL01,SMBVL,126360,159232,210120,130560,431760,366981,735360,364400,626000,343120
AVER,PVQR,45960,20480,0,0,16800,35143,0,0,0,0
ADER,BWM-VR04,0,0,0,0,0,129423,9840,1800,134200,78000
DVA,IL2DL,0,0,0,0,0,0,0,0,0,80160
URADL,URYDL,543480,883456,874920,302880,1467720,2190397,1343760,1684400,1633800,2419200
RIMR,SIBDL,68640,23040,242640,217200,108840,639344,984240,3600,323800,210320
BWM-DR02,RMEL,473040,1062400,782520,378720,1860720,2196480,1635360,3059600,2513600,2902880
PVCR,PVR,3600,11776,84840,255120,33960,503838,76800,0,5000,0
PVCR,SMDVL,0,0,0,0,0,34805,30960,0,0,0
RICR,RMDDL,175200,192000,64320,120120,268680,286556,606240,416200,308200,331440
RMDDR,URADL,6480,181760,107040,157560,272160,230799,402000,1659800,1305200,769840
AVAR,SIBDL,91320,82432,27120,160080,198840,0,1040640,185300,4900,121680
SAADR,SIBDR,73920,249344,71040,50400,0,43929,162960,60100,178000,0
SIAVR,URXR,0,16384,0,7080,69480,0,10800,2000,0,0
BAGR,RMEL,28200,0,0,0,0,0,0,0,0,0
CEPDL,RIVR,0,0,0,0,0,0,0,90900,0,0
CEPDL,URADL,122880,413952,530400,342000,1040880,1975142,495360,1385600,2142400,1992600
AVEL,CEPDR,95160,311552,323280,358200,409560,846827,1615200,794700,684000,784080
AVKR,SIAVR,0,152576,29880,241320,88800,283176,435120,506300,818200,434360
AWCR,IL1R,89520,17152,16320,6120,56520,0,38400,0,0,0
AIBL,AIYR,2640,0,0,0,0,0,0,0,0,0
AVAR,RMDDR,131040,96000,3000,0,408720,68259,0,0,0,7520
RIBR,SIBDL,0,0,0,0,8160,0,0,0,4400,0
RIAR,RICR,121440,0,0,0,3480,0,0,0,0,0
AVAL,CEPDL,0,60416,117360,0,14760,0,222000,0,0,0
ASEL,PVPL,0,7680,0,0,0,0,0,0,0,0
ADFL,AVHL,0,0,0,0,0,0,3120,0,0,12040
SIBDL,SMDVL,75600,59648,72960,77280,175680,269998,314160,185300,176400,245200
AIBR,SAADR,347280,250368,117240,621600,611880,154767,514560,333300,67500,364160
BWM-DR02,RMDL,22560,284672,13680,0,0,65556,105120,266300,276400,28080
AINR,ASIL,289440,46080,60600,135240,61320,0,444480,913800,135100,177280
AVEL,BAGR,404280,1046016,601920,1146120,1717800,1767659,3275280,1615400,1937000,2089760
BWM-DL07,CEPDR,0,0,0,114000,0,0,115920,0,0,458240
AVJL,AWCR,0,1792,0,0,0,0,0,30600,0,35760
IL1VL,URADL,0,0,0,0,0,0,10080,325000,0,0
AVHL,PVWR,0,0,0,0,0,0,0,0,86800,298000
AWBL,PVPR,89760,0,0,0,27360,0,0,0,0,0
ADAR,PVWL,0,0,0,0,0,0,0,199000,133600,0
AVKR,URYVL,0,0,8280,0,0,0,0,0,2800,0
AVAL,SMBVL,840,0,0,27000,0,158484,759600,1800,189400,224120
CEPDR,RMDVR,532320,856576,641640,800760,1355400,1586196,2463840,1781400,1248500,1977840
AUAL,RIFL,0,0,0,0,14160,0,0,0,0,0
SIADR,SMBVL,0,55808,0,0,0,0,0,0,32700,0
AVDL,FLPL,0,158208,0,428400,250680,666378,992880,0,620800,161760
AVKL,SMDDL,29880,140032,184200,0,123120,431861,608880,109100,648600,574800
IL2L,PVWR,0,0,0,0,0,0,0,0,0,317680
ASHL,URYDL,10560,768,61320,0,13800,0,0,64400,0,0
AWBR,RIAR,0,0,4440,0,6960,79749,448080,139400,37600,7280
ASJR,AVFL,0,0,0,0,84000,596090,607680,0,82800,1112200
OLLL,RMER,168120,375296,218040,36840,237000,0,837120,0,0,0
OLLL,RIBL,409560,652032,578640,862200,1089000,1829836,4079280,1700800,2021200,1566040
PVQL,RIH,0,0,0,0,0,0,0,0,47400,0
AVKR,RIBR,0,0,0,960,20760,31426,133440,15400,258200,24760
AVHR,BWM-DR04,0,0,0,0,0,0,0,1600,0,0
ADER,PLNR,0,0,0,0,0,0,88080,0,0,0
IL1DR,OLLR,361320,297728,345960,368640,675960,1081681,2212800,2840600,1894500,2428080
ASKL,RIML,0,0,21960,0,0,61839,0,0,23000,0
ALML,RID,0,7424,149880,0,538080,702873,803760,73800,357800,109280
RIFR,RIPR,0,0,0,0,0,0,0,0,494900,471560
IL1DL,PVQL,8880,0,0,9480,0,0,0,0,5800,0
ALMR,PVQR,0,0,0,0,34560,0,0,0,0,0
ASEL,AVHL,0,0,0,0,0,0,0,0,15200,0
AIBL,AVKL,324360,634624,301560,467040,145200,696115,2500800,315600,2572600,1262960
BWM-DR02,RMDR,89040,46592,56760,18960,22920,106782,32640,163400,360100,236600
ADFL,RIFL,0,66048,117240,84720,239400,381849,857280,1269900,1113000,1103320
OLQVL,RMHR,0,0,0,0,426120,0,0,0,0,0
CEPDL,CEPVL,960,0,0,0,0,0,0,0,0,0
AIBL,RMHL,0,0,0,30000,0,13516,0,46400,0,0
OLQDR,SMDDL,0,149248,2400,2040,196560,71976,0,56200,33300,2320
AVBR,URYVR,3240,22272,38280,37080,17040,0,458400,237400,482400,278320
ASER,RIPR,0,0,0,0,0,0,0,381000,175100,48320
ASIL,RIML,0,31488,108120,33840,38040,288921,0,0,9900,151520
AVJL,RID,0,0,0,0,0,0,0,0,20100,0
SMDDR,URADL,0,0,0,0,0,0,0,425200,102200,98160
PVPL,RIVL,4440,0,0,0,0,0,0,0,0,0
ADAR,URBR,21960,246272,115560,404880,485040,469708,1482720,493800,778500,482560
RIGR,SIBDL,0,4352,0,0,0,0,0,0,0,0
AVJR,SIBDL,21360,0,25560,29880,106920,61839,170640,32400,182300,240
AVKL,PVPL,38400,0,173160,222000,489360,200386,1320720,0,55200,146600
PVR,RMHR,0,0,0,0,28800,0,0,0,0,0
AVAR,BWM-DL04,0,0,0,0,0,0,3600,0,0,0
SMBVL,URXL,71040,85504,68760,176880,385560,55080,7440,214200,75400,0
PVR,RID,359160,49664,25440,0,0,0,188880,0,253200,0
CEPDR,RMDVL,0,768,47280,34920,151800,6082,40560,35300,31800,157760
IL1L,URYDL,0,0,0,0,0,368332,0,0,0,0
RMHL,RMHR,0,0,0,2163000,1621920,1790976,1710240,722500,848200,1595360
AVBR,BDUR,186480,25856,4200,338760,22080,302438,678720,18800,448400,43120
SAAVL,SIBVL,12840,33792,480,1200,0,0,0,174800,28600,0
AVDR,PVQR,0,0,3840,0,0,19937,9120,0,0,0
AWCL,SMDVR,0,1536,0,0,0,0,0,0,0,0
RIH,RMFR,0,0,0,0,152280,1163120,339600,0,0,120480
BWM-DL01,RIH,0,0,0,13560,0,0,0,0,0,0
BWM-VL02,RMDR,118800,105984,68040,62280,115800,158484,247200,153000,365000,82960
BWM-DR05,SMDDL,16920,28928,94440,35040,341520,366981,570000,500700,532000,334960
RIPR,URXR,67200,126720,13080,218040,122520,181800,102480,169400,0,0
ADEL,SDQR,0,0,0,0,0,0,66240,0,0,0
AVL,DVC,18480,1007872,890040,1220640,237720,578181,675120,1097200,1491400,18720
AVEL,FLPL,0,0,0,107760,63960,261550,454560,0,931000,537440
ADER,PVQL,0,46336,0,0,0,0,0,0,0,0
PVPL,RIMR,0,0,0,0,0,0,4320,0,0,0
RMHR,SIAVR,0,0,0,63480,0,605214,632160,472700,1301700,1331480
AIBL,CEPDR,0,0,0,0,0,5744,0,0,0,0
AQR,RIS,0,0,0,0,0,0,1200,0,0,0
RMEV,SMBDR,0,0,0,0,0,0,0,50300,0,0
AIZL,SAAVR,0,0,360,0,0,0,0,0,0,0
ADAR,SAADL,37080,38400,34920,12000,0,48322,0,123000,120000,86960
BDUR,HSNR,0,0,0,0,0,0,1043520,0,0,0
PVPL,RMGL,0,0,0,1200,33840,0,0,0,0,0
AIYL,BAGL,119040,119808,12960,136200,210960,246005,303120,95400,83200,177360
AIMR,SIAVR,0,0,0,111600,112920,0,477840,0,122100,0
AVDL,IL1L,0,0,0,0,0,0,4080,200,0,0
AVJR,URBL,14640,59648,45000,48000,1440,0,201360,48600,0,15640
ASER,PLNR,0,0,0,0,0,0,17520,0,0,0
AVJL,SIADR,0,512,120,0,83160,1689,213360,0,0,0
AIBL,BAGR,66600,0,114240,11640,0,77721,225360,0,21200,8640
OLLL,SIBVR,20040,4096,35040,0,92640,1689,88560,0,100800,140080
AVKR,IL1R,0,0,0,0,0,0,0,0,0,33200
PVCR,PVWL,0,0,0,0,0,0,535680,0,0,0
AIZL,RIS,0,0,0,0,0,0,0,0,0,11920
AVBL,RMEV,55560,135936,103200,0,154200,132464,663840,351300,0,401600
AFDR,AIYR,1716840,2198016,1597320,2873160,3915600,6752655,7715760,6637800,7564000,5524640
ASKL,AWBL,24720,0,0,47160,0,0,18000,0,900,0
RMDL,URBR,128520,346112,217560,396240,591600,260536,237360,539000,354400,645520
AUAR,RIR,43680,445440,300240,160320,1166640,517355,890880,247800,288200,403280
AIZR,AWAR,75360,629504,446280,673200,1633440,2935511,3242880,1358400,2036100,1526720
ADER,RIR,0,0,0,0,0,0,0,348600,166800,0
PVPR,RICR,0,80640,72960,0,0,0,6480,0,3800,280
PVCL,RIML,0,192512,94920,0,0,0,443760,58400,0,139920
ALNR,RMDDR,0,0,0,0,0,14530,0,0,0,0
BWM-VL07,URYVL,0,0,0,0,0,0,15840,0,0,0
BWM-DR04,RMDR,26040,90368,95520,128880,72360,60825,277440,164900,305600,237360
AVER,SIAVL,210840,308992,302760,641760,765480,716728,1452480,207200,1376100,715360
AIBR,IL2L,0,0,0,24480,2880,0,0,184200,0,0
CEPVL,SIBDL,0,108544,111120,32640,209880,105093,228960,151000,293400,150640
IL2DR,RIVL,0,43776,0,0,0,0,0,6400,114200,188240
PVWR,SAAVL,0,0,0,0,0,0,0,0,0,32880
RMGR,SMDVL,260160,710656,410280,0,755400,78059,268080,116400,242800,59880
URAVL,URYVL,330000,330496,342840,234120,766440,880957,1529040,634200,1186000,732800
BWM-DL03,RMDDR,283560,895488,499680,459720,1974960,1343232,1885680,1510500,1660600,1249840
ADEL,ALML,0,0,0,86400,161760,569395,804960,178000,119000,134880
AVJR,HSNR,0,0,0,0,0,0,2400,0,0,0
ASIL,AWBL,153720,371712,90480,290160,452760,298045,295440,254000,312200,485600
AVAL,RMDR,240,19456,0,121920,0,0,0,0,0,0
AWBR,IL1DR,0,0,0,0,23280,0,0,0,0,0
ASHL,RIAL,54240,122112,59760,60960,232680,191938,89760,27000,0,213200
AVL,RMED,202200,427008,368400,465480,1009200,605552,1395840,171800,330600,458240
PVCL,SDQR,0,0,0,0,0,158822,0,0,0,0
CEPDR,RICR,110280,215808,218520,247680,505200,851558,507600,1651500,636800,967920
AIAL,HSNL,0,0,0,0,0,0,573120,0,0,0
AVDR,SIADL,0,0,34080,0,324840,296693,947760,323600,165800,239880
AFDR,RMED,0,0,0,156720,0,0,0,0,0,0
BWM-VL05,SMBVL,52200,0,118320,124920,264840,314265,216480,1076200,717800,739920
CEPVL,IL2VL,423600,558080,440400,222480,914400,173690,3177600,1528600,2249300,1800280
AQR,OLQVL,0,0,0,0,0,2365,0,0,0,0
ASER,ASIR,158160,407296,510840,313440,1169640,788367,414720,353600,397000,405040
AVHR,SIBVL,32760,0,4800,0,85080,174366,0,0,0,320
DVC,IL2VL,480,0,49560,94200,111120,118272,290400,947000,1417200,1569720
AVAR,RMGR,23160,72960,7440,434400,300360,581898,177360,132600,185600,214000
RIH,SAADL,120,0,140880,0,9000,8785,471600,15400,0,0
RMDL,SAADL,0,9216,0,0,0,16896,35760,10900,86200,264240
PVCR,URBR,0,0,40920,0,162600,4730,181200,10000,0,204640
AVDR,DVA,423480,635136,533400,474600,1064400,758292,1898160,1662400,1547800,908920
AFDL,RMEV,1560,0,0,202200,173640,0,0,69600,130900,0
AINL,RIVL,0,0,58920,0,0,192952,279840,0,0,0
PVWR,SMDDL,0,0,0,0,0,0,0,0,2200,0
RMDVL,RMHL,0,0,0,70440,220440,291624,766560,98800,578100,433840
DVA,SAAVL,56040,66304,6240,170640,1200,0,482880,155700,152800,216640
AVHL,RIS,0,37376,0,0,427320,0,0,0,0,0
RIBR,RMGR,0,0,1320,9000,0,10475,34320,0,0,0
CEPDL,SMDDR,330240,880896,160920,794280,874680,940769,2332320,1543000,1514900,1188960
ALNL,SMDVL,0,0,0,187320,113160,263915,1307520,84200,0,1109440
AIZR,AVL,0,0,0,0,0,0,7680,0,0,0
RIMR,URYVR,0,7936,12600,0,0,28047,60720,0,0,240
AIAL,AVJL,0,0,0,0,0,0,0,0,0,10760
AVEL,IL1L,150120,175104,80400,122760,234720,297031,214560,208800,329700,269480
IL2R,RMHL,0,0,0,0,394440,14530,0,159600,423100,273800
SIBDL,URBR,57000,82944,47040,0,22320,80087,72480,52700,210000,86560
ALMR,AWAR,0,60672,0,0,0,0,0,0,0,0
AVBL,AVFL,0,0,0,0,3600,145305,419760,0,0,170960
BAGL,SMDVL,77640,74496,45840,95160,92040,169973,261600,180800,94200,182560
AVAR,URYVR,0,0,18000,0,0,0,286800,166900,80100,0
ADAR,RIH,54720,84992,10080,0,0,8448,74640,0,0,0
AWBL,SIBDL,0,0,0,0,0,0,8640,0,0,0
ALA,ASJR,310200,486400,153480,524520,441840,525803,1616880,1978100,1770600,2023040
IL1L,RIAL,49560,258816,120000,266640,393840,385228,818160,426600,393800,444400
AIYR,AIZR,1370400,1243904,1018440,1026960,2852760,3408599,5467200,3844200,3709800,2984720
AVDL,AVER,216240,542208,392400,180960,566160,685301,623280,591000,577400,752320
RIR,RMFR,0,0,0,0,0,120299,259200,0,0,0
IL2VR,RMFR,0,0,0,0,0,21964,0,0,271700,0
AFDR,ASGR,0,0,22200,0,0,4730,2400,0,0,0
ASGL,BAGR,0,0,0,0,0,61163,3120,0,0,0
AVM,PVR,0,0,0,0,2016960,83466,1157760,3048800,2792300,1514800
RMEL,RMHR,0,0,0,0,117360,0,0,0,5400,0
AWCR,OLQDR,32880,12800,10680,13920,1680,103065,138960,8800,107000,140800
PVWL,SMBVL,0,0,0,0,0,0,115680,0,0,0
AIBR,URXR,0,1536,0,0,0,0,0,0,0,0
ASHL,URYVL,0,0,0,27120,600,0,0,0,0,0
AINL,RIMR,0,0,0,0,76920,18585,267840,46000,379600,56880
AIBL,FLPL,720,44800,102000,0,89160,0,319440,0,0,27160
ALNR,AVHR,0,0,0,0,0,0,137520,0,0,320
IL1R,PVWL,0,0,0,0,0,0,9360,276700,80200,120
IL2DR,SIBDR,0,0,0,0,0,0,0,0,0,17440
PVT,SAAVL,0,0,0,0,0,0,0,238800,0,0
SIAVR,SMDDL,5520,25088,4080,14040,49080,51701,57360,60400,48700,28880
URAVR,URYVR,168960,331008,252480,198960,503880,754575,1050480,677900,642500,1218240
AIAR,RMGR,0,22016,67080,155520,0,9123,102720,1000,0,167280
AINR,RIML,0,18944,0,0,11400,3379,0,85800,127800,130600
DVA,SMDDL,0,0,0,0,0,0,0,0,82600,0
FLPR,RIFR,99240,28160,99720,0,50400,0,272880,0,94400,0
IL1R,RMFR,0,0,0,0,0,0,0,0,0,111680
PVCR,SAADL,0,0,0,0,0,0,0,0,0,28080
RMDDL,RMEV,398520,572160,720240,930000,1709880,1472993,2901120,983800,1061800,718000
ADFR,AINL,0,99584,16320,0,43320,68597,0,373800,31300,0
ASHR,AWAR,700560,1456384,655440,1095120,1848720,1630464,1705200,2136400,2419600,1401120
BWM-VR03,URAVR,0,0,0,0,0,597104,884160,91400,35900,208160
PVPL,RICL,0,185344,62040,0,0,0,68640,59500,24800,0
OLLL,OLLR,107040,220928,195720,291840,421080,577505,666720,879600,583400,572400
BWM-VL05,RMEL,0,0,0,0,0,0,478800,0,0,0
AWAR,HSNR,0,0,0,0,0,0,1046880,0,0,0
ASKL,URYDL,4920,512,2160,0,600,0,0,0,39100,4640
RICR,SIBVR,336720,405504,317760,303720,476520,510259,1123440,888200,720000,1260080
AVL,CEPDR,0,0,0,0,0,3717,0,0,0,0
AINR,SDQR,0,0,0,35040,1560,0,51840,0,171600,182480
ASKR,HSNR,0,0,0,0,0,0,2133120,0,0,0
BWM-VR08,PVR,13440,4608,3960,0,2520,0,0,19000,0,40880
ALML,BWM-DL06,0,0,0,0,17160,2703,0,0,0,0
OLLL,SIADL,0,0,0,0,2880,0,0,0,0,0
ASKR,AVHR,0,0,0,0,0,675,193200,0,0,0
DVC,IL1DL,30120,0,21480,26160,72120,64880,119280,74300,0,101320
SIBVL,SIBVR,760920,1468416,1190280,1301400,2464440,2264064,5523600,1908000,2911200,2587880
AINL,SMDDR,0,0,0,0,0,0,186960,0,37700,0
AFDR,CEPDR,0,0,0,0,0,0,0,14000,1100,21600
ALML,CEPVL,50280,439296,226920,357840,684120,1378713,579360,731100,740400,1017280
AINL,SIBDR,0,76032,0,0,111000,109824,391440,0,481000,2520
ADFL,ASER,208920,36608,0,37680,343680,0,4080,311400,146600,581040
BWM-DR07,RMDVR,0,0,0,123360,314880,357181,411840,15000,204100,138240
AVDR,SIAVL,0,72192,71160,11280,309480,104755,84720,66500,36600,206160
PVT,SMDDL,0,0,4680,0,0,0,0,0,0,0
AVBL,PVPR,909240,1852416,1055760,550440,1227960,865075,3455520,621000,1867200,1849280
AIMR,IL1R,0,25344,0,0,53280,0,0,0,0,0
RIGL,SIADL,26160,350464,297240,174360,509040,597780,1609920,1097200,765800,876720
AVEL,RMDVL,44400,71168,67320,85320,31680,133478,190320,146400,157800,143200
AVL,BAGR,30480,0,18480,0,0,0,0,0,0,0
RIGR,RMGR,174720,358656,310200,1920,236760,111175,2160,185800,93000,124040
IL2VR,RMED,64800,141568,137040,150600,212880,397731,624240,256200,324800,560520
RIS,SAAVL,55680,8192,0,11520,434160,0,0,0,0,0
BWM-DR03,PVR,0,0,2040,0,0,0,0,218200,9200,0
BWM-DL07,BWM-DR07,0,0,37560,0,0,0,1528080,0,0,320
DVA,PVPL,437400,1088768,888000,1258320,1315320,1268551,2040720,2752500,2528300,2467800
RIPL,SMBDR,29040,0,0,0,0,0,0,0,0,0
IL1R,URBR,606960,1036544,663720,578520,1415040,1617285,1492080,2435000,2516400,3089600
IL1VR,RIS,0,0,0,0,0,0,0,0,0,96400
AWCL,RIBL,52320,125184,54840,90360,366960,191600,510480,70200,554600,71920
IL1R,RMED,0,0,15240,0,85080,0,52560,0,0,0
AIYL,AVBR,0,78592,51120,83880,182160,0,88320,0,313800,246880
ASJR,SIBDL,17880,23040,12480,13680,97080,50350,21840,70200,93000,90160
BWM-DL07,RMDVL,0,0,0,180840,73200,317982,901920,17100,63400,105080
RMEV,URBL,0,0,0,0,0,0,0,0,3800,0
AWBL,HSNR,0,0,0,0,0,0,2076720,0,0,0
RIGR,URYVR,231960,295168,305400,218400,569760,366981,1074960,691600,456200,478240
AIMR,AWBR,16680,49152,20040,33600,33480,454840,595440,917400,1188600,970600
AIZL,OLQDL,0,18944,0,0,3600,0,0,0,0,5640
AVEL,AVER,27720,113920,75840,45840,132000,76032,304080,0,88800,220840
ADAR,PVCR,1680,14592,29040,41280,115440,0,1440,12200,73600,0
AIZL,SAADR,0,0,0,0,0,0,0,0,11400,80
RMDVR,URBL,0,0,0,0,65880,0,0,0,0,0
RIS,SMDDL,646080,627456,644160,769080,1488120,1963315,3841440,2547800,2768400,3118640
URBR,URYVR,0,0,0,0,0,0,0,141400,15200,260760
RMHL,SIBDL,0,0,0,200160,390360,1238814,916560,1210400,938800,644480
AVDL,HSNL,0,0,0,0,0,0,44160,0,0,0
AVDR,PVWR,0,0,0,0,0,0,0,399200,99400,0
PVWL,RMDL,0,0,0,0,0,0,114000,186000,0,0
BWM-VL05,RMDR,0,0,0,0,55320,0,0,0,0,0
IL2DR,RICL,0,90112,29280,0,132600,37847,0,0,177800,104320
RICL,SIADL,66240,347904,262800,343560,228840,698818,1603680,807300,824800,963960
AIML,AVJR,0,17152,0,26400,76440,0,64320,490300,392500,604240
OLQDL,RMFR,0,0,0,0,0,0,111600,0,0,0
BWM-DR07,RMDVL,0,6656,0,0,0,0,0,0,14200,0
AVFR,BDUL,0,0,0,229920,1263840,1491240,2384880,662400,2360000,796240
IL1R,SAADL,67320,0,73920,5760,96960,214579,0,3900,1000,168600
PVCR,RIH,28440,0,0,0,0,0,0,0,0,0
AIAL,AVAL,0,1024,0,0,0,204779,0,0,0,0
AIBL,IL1L,15960,0,0,0,0,0,0,0,0,0
AIBR,URAVL,112800,131072,92520,48840,38880,226406,167760,165900,39200,136880
AUAR,RMFL,0,0,0,0,0,0,0,0,0,69920
ADER,RMFL,0,0,0,0,906960,311900,991920,708600,525600,148960
ASJL,URADL,0,0,0,0,0,0,5280,13000,0,22240
OLQDL,RIGL,183480,276224,70440,63600,259800,273039,275280,539200,360000,445040
BWM-DL04,SAAVL,5760,0,1920,52200,0,0,6240,38200,0,27680
PVCL,URYDL,0,0,4200,240,0,0,0,0,0,0
AIYL,BDUL,0,0,1080,0,0,0,67680,0,0,0
PVPR,SAAVL,6720,0,0,0,0,0,0,0,0,0
AINL,AINR,573120,1149952,401520,1263360,1107000,2896312,2925840,1043300,738600,806480
AVHR,AVJR,449400,662272,456480,681720,1949880,922521,3584160,3246400,5024100,3379400
ALNL,RMFR,0,0,0,0,0,0,893280,443800,439600,231360
AVDL,AVJL,516120,657152,583800,494640,1592160,1595996,4325520,2098100,3292800,2105640
AVEL,RICR,0,14848,0,0,13200,0,0,191400,21000,0
AVHL,OLQDL,18360,28160,20280,22080,38760,76032,45600,118700,216400,16520
PVR,RIVL,16320,71936,262800,350160,463560,18247,1203840,156600,81300,519280
RMGR,URBR,15240,0,11160,0,160200,205117,180480,4400,0,7280
DVC,RMGR,0,71424,9120,0,0,0,0,0,0,0
RIFL,SIBDL,0,0,0,0,0,0,16800,1400,0,1120
ALNL,RIGL,0,0,0,0,0,33116,132240,1078800,635600,894440
OLQVR,PVR,36360,309248,6000,66840,53400,0,0,0,0,0
AVL,FLPL,119160,0,86160,0,0,0,0,0,0,0
BAGL,RMFR,0,0,0,0,0,455178,510240,1686600,2011800,3138800
PVWL,RMDR,0,0,0,0,0,0,0,0,72400,0
RICR,SIADL,18720,8704,7080,15480,302280,177745,388320,482900,171700,122880
ASGR,ASKR,5040,42752,480,30600,45600,6082,71760,309200,699100,847920
ASHL,AWBR,21360,235264,3600,840,0,227758,0,0,0,0
AVHL,IL2R,0,0,0,0,0,0,0,39000,274600,10200
IL2L,OLQDL,0,491520,504120,303960,551880,1547335,2215440,673900,786200,448480
ALA,PVQR,276480,421120,173880,525480,296040,818442,1896480,1687800,2009800,1969120
BAGL,RIGL,2400,9216,42600,0,0,159160,2880,0,4600,136840
AIBR,AQR,0,0,0,0,170040,322713,1031040,27500,198100,18880
AWCR,URADR,0,0,0,0,0,675,10560,0,21300,11840
OLQDL,RMED,99000,183808,64200,197280,164760,119623,365040,1847400,25700,2818160
ASEL,AWBL,1062360,1229312,471120,1015440,997320,983347,1856880,696400,854800,747000
AVFR,PVWL,0,0,0,0,0,0,4322160,491300,1432100,26600
IL2L,SAADR,40440,112128,98040,84840,40320,69611,100320,185800,69800,121280
ASJR,IL1DL,0,0,0,0,5040,0,0,0,0,0
AVJL,RIMR,0,0,60720,111120,246600,594063,425760,307800,431600,691720
AVJL,SMBVR,1320,89088,72240,13560,207120,173352,578880,167000,226000,206720
AVER,URXL,0,0,0,0,85680,6420,0,0,0,0
AIAL,AVFR,0,0,0,111840,5400,0,147360,11600,83900,65440
AFDL,AIZL,211920,407040,396120,392880,1479240,1477386,1251600,627500,1388600,1078640
AVFR,RIGL,0,0,0,29400,33000,0,19920,0,0,0
ALML,SMDDR,0,0,0,6120,25440,2027,38640,2600,0,0
PVR,SMBVR,0,50688,17520,9960,0,0,41280,0,0,0
OLQDR,RIML,0,0,0,0,5280,0,0,0,0,0
AIYL,PVWL,0,0,0,0,0,0,47040,0,0,0
AWAR,BDUR,0,0,0,0,0,0,0,166600,145700,0
RMGR,SAADL,103200,159744,125280,72240,720600,559257,1176960,1006000,1015400,665520
AWCR,CEPVR,45600,87040,62760,0,0,97658,92400,383800,185800,75720
PVR,RMGL,1680,41728,0,0,0,122327,0,0,0,0
ASKR,BDUR,0,0,0,0,0,0,266160,38200,73500,177320
AVDL,RIPR,0,0,0,0,2040,0,0,0,23000,16120
BWM-DR06,RMDDR,0,8704,0,0,0,0,0,0,0,0
BWM-DR07,RICR,88080,78592,10080,1920,86160,105768,0,0,0,4320
RIAL,RMDL,560880,801536,978120,986040,1781400,2566840,6009120,3258300,3431200,4571600
ADEL,RIAL,0,0,0,0,389760,209848,433440,112600,79600,231880
ADLL,SIBVL,0,0,0,0,0,0,102720,0,0,0
BAGL,URBR,0,0,0,0,9480,0,0,0,0,0
ADLR,SMBVR,507240,809984,543000,643800,1692840,1549701,2631120,1325000,1152200,864320
AVJL,SMDDR,0,0,0,0,22680,0,212160,0,0,0
BWM-DR02,URYDR,0,0,3600,0,0,0,0,0,0,0
ASER,RMFL,0,0,0,0,0,0,0,20600,48800,0
AVJL,SIBDR,0,0,122160,600,107880,22978,268800,18800,0,80
AIBL,AVER,165720,344576,215880,264720,481920,412600,100800,423900,752800,673080
SMDDL,URYDL,1800,0,0,0,0,0,0,0,0,7120
BAGR,URYDR,7200,32256,0,0,5880,0,27120,164000,90400,35160
BWM-DL05,SIBVL,27480,0,0,0,0,0,0,0,13500,0
AINR,URYDL,16080,0,1440,38400,5640,0,87360,140000,126500,0
FLPL,RMFR,0,0,0,0,90480,33792,0,0,523000,0
PVR,SIBDR,0,35328,110880,0,156960,13178,0,0,0,0
AVFR,URBR,0,0,0,0,5280,3041,71520,209400,74900,96640
AVEL,AVJL,6840,19200,0,18240,0,0,0,0,0,0
FLPL,RIGL,148560,0,0,0,0,0,232320,121000,0,0
ADER,SDQR,0,0,0,179520,226920,281825,510240,175800,175700,199680
PVPR,RIR,605160,1165568,952200,955920,2218440,2025830,2935680,363400,1411300,1155760
HSNL,PVWL,0,0,0,0,0,0,1675440,0,0,0
AWAL,BAGR,0,0,14160,0,40680,18247,0,0,0,0
ALNL,SAADL,0,0,0,0,0,53729,274800,347500,534800,387760
AVER,OLQVL,52560,56832,4560,114480,72720,28385,147840,163300,357800,213640
IL1VR,SAADR,41520,0,2760,0,3000,1351,0,0,0,9520
OLQVL,RMDDL,35280,71168,107160,94440,360960,247695,274800,259600,352400,270720
BWM-VR03,RMEV,116880,136960,186240,79080,205560,349747,304320,199700,441400,512640
ADAL,SAADR,56760,45824,19080,2280,25800,0,0,109400,142400,90320
AVAR,BAGL,120000,248832,169440,377640,880800,1436835,1120320,2278600,2200000,2272000
BAGR,RIVR,52200,116480,63840,58440,95880,114892,131040,394400,153200,130000
BAGL,SAADL,6360,0,16920,0,0,0,0,0,0,0
BWM-DL02,IL2L,0,0,0,0,0,101713,0,0,0,0
ASER,AWAR,1194360,2592768,1753680,1729320,4638120,4935997,7917840,6633900,6772900,6942960
AVBL,SIBDL,31080,111872,0,64320,52680,39536,315360,49200,139200,75160
RMEV,URYVR,502560,612096,492840,39960,1964040,1337825,2270160,376400,58800,341920
AVKR,PVT,1174320,2183424,2473080,1964760,5387400,2444851,9764880,5394800,6360800,7020600
RIVR,URADR,15360,84480,360,0,51120,0,0,0,0,0
AINL,RIBL,162000,107520,7560,4080,413640,819118,1256160,1017400,31500,169120
PVR,RMDDL,0,0,2400,0,0,0,0,0,0,7680
AVHR,SMBDL,43560,2816,11880,24840,204000,2027,28080,0,0,3200
AVFL,URYDL,0,0,0,0,4800,0,0,31800,49900,13280
BWM-VR06,RIVL,0,0,0,0,2880,52377,303600,28600,0,63760
AVDR,SAAVR,46560,32512,0,960,35160,22640,62400,61600,0,38720
AFDR,RMDVR,3720,0,0,0,0,0,0,0,0,0
AVFR,SAADL,0,0,0,0,146400,0,0,0,93200,0
AVKR,CEPDL,0,0,50760,9720,0,0,0,0,0,0
AIBR,RIGR,79320,7936,9480,0,840,27709,0,221200,86300,22320
ASJR,RMGR,409080,88064,25080,390600,33240,315955,655920,0,8400,6640
RIAR,RMFL,0,0,0,0,0,228096,0,22200,500,32480
AIML,AVKR,0,0,0,0,39480,0,0,0,0,0
AWCL,OLLR,0,29952,20880,54360,66360,64542,114960,39200,0,600
BWM-VL02,URADL,0,0,4800,0,1800,2027,84000,0,0,0
IL2VL,PVT,72600,2560,95880,41280,41760,48998,328320,56400,171400,80400
AIZL,AIZR,326880,807680,558840,257880,1062960,1033021,1207200,784000,1145900,758560
AVDR,RIS,0,0,0,0,0,14530,0,0,0,0
AIAL,PVQR,0,45056,0,0,27480,43591,0,0,0,83600
AVKR,SMBVL,11520,10496,33720,162720,147840,75356,357120,560300,158600,1640
CEPDL,SIBVR,0,0,0,0,0,0,0,0,0,10200
AQR,OLQVR,0,0,0,0,30960,0,0,0,0,0
AIAR,BAGL,0,0,0,0,0,69949,30960,0,0,0
AIYR,RIGR,87720,0,9000,0,960,92928,0,84400,98200,62560
ADAL,AIBR,93720,55040,79320,109200,0,27033,374160,71200,40800,0
OLQVL,RICL,313920,281088,331560,80040,352560,329472,393120,493500,216400,446320
AIBR,SMBDL,234480,195328,373320,136440,441000,530534,806880,950200,356000,94520
AFDL,SIBDL,131160,120576,840,34440,90960,59811,9360,29400,343800,87440
PVCL,SIAVR,82560,152064,48000,24960,0,170987,353040,0,0,0
AVKL,PVCL,0,0,0,0,818280,0,0,0,0,0
AVJL,RICL,13920,68352,133440,0,0,110837,375120,193600,312600,236960
BWM-VR06,SMBVR,119040,175616,59760,150960,150120,50688,65760,126400,127000,245040
AIBL,HSNL,0,0,0,0,0,0,34560,0,0,0
AIZL,SIBVL,6960,0,0,0,0,0,0,0,0,103840
ADAR,ALNR,0,0,0,0,3000,0,0,0,0,720
RMFL,SAAVL,0,0,0,0,0,3305195,0,0,0,0
ALA,ASJL,190320,239616,43680,306840,748200,376780,2399040,1887000,1316200,2346160
ADLR,RMGR,54960,48640,56280,61680,164280,177745,106800,219200,174200,207640
ASGR,HSNR,0,0,0,0,0,0,73920,0,0,0
PVR,RICL,61080,286464,233520,46440,134520,0,175440,152200,76600,333840
SIADR,URYDR,61440,0,11640,26400,18240,63528,143760,149800,84400,0
BAGR,CEPVL,101040,370944,234240,220440,567600,652185,623760,809300,435000,471840
BDUL,RMEV,0,0,0,0,0,0,61920,0,0,0
AIYR,SMBDL,0,0,0,0,84000,0,0,0,0,720
AVDL,AVFR,0,0,0,0,22320,39874,9360,0,0,0
IL2R,RMDVL,0,28672,0,0,0,0,0,0,0,0
BWM-DR01,BWM-DR04,0,0,0,0,70920,4392,212400,0,75200,0
PVCL,URYVL,0,36352,18240,0,10440,45619,0,1100,0,0
PLNR,RMHR,0,0,0,0,0,0,584400,569500,530600,272240
RIVR,RMDL,0,0,0,0,29280,0,162960,0,221400,83920
PVWR,SDQR,0,0,0,0,0,0,0,0,584200,814080
ADLR,RICL,0,0,0,0,0,0,7440,0,0,0
AVBL,HSNR,0,0,0,0,0,0,256080,0,0,0
BWM-VR06,SIBDR,27120,45568,12240,44040,158280,2027,90480,93400,0,82560
IL1DR,IL1VR,0,0,0,0,0,0,41760,225700,319800,89960
RID,SAAVL,32040,0,35400,0,48960,0,556080,158400,47200,239080
AIBR,AVKR,348960,630784,501480,330840,464520,1133045,692880,1810100,1645000,1119120
ASJL,HSNL,0,0,0,0,0,0,1444800,0,0,0
IL1DR,SAADR,0,0,0,0,31920,0,0,42200,0,0
RIBL,RIH,52320,247808,216840,244440,507120,828241,1176480,927200,732200,191360
CEPVR,HSNL,0,0,0,0,0,0,10080,0,0,0
OLLL,SAAVR,0,16640,69480,15600,10200,0,168720,54700,99400,0
ADAR,ADEL,7320,0,0,0,147480,0,451680,0,0,0
AIBL,AVJL,0,0,0,0,0,0,0,0,3000,0
RMDDL,SIBDL,51360,73984,42480,33840,78240,5068,359760,90400,182800,57480
AVAL,URADL,0,0,0,0,3960,0,50400,0,0,0
RMFL,SMDDL,0,0,0,0,60840,0,56640,0,180600,160
AVER,IL2R,119640,61440,155640,162000,12000,114892,168000,48200,64100,431040
RIML,SAADR,817800,1800192,1467120,1223040,2396160,2448906,6113520,3526000,2782700,3422680
IL1DL,URYDL,896160,2348800,1546200,989040,2125920,2941931,4944960,1767300,2009200,1740720
SIAVL,SIBDR,15720,38912,8040,15240,51960,59136,0,112900,43400,31160
AINR,RIAL,22320,28672,33720,51600,73320,129423,374880,367600,139200,108640
AVKL,SMBDR,141240,365824,308400,141120,526080,932321,1330080,386800,321800,619120
AFDL,RIVL,0,0,22800,0,29760,4730,0,71800,28400,0
ADFR,RIFR,0,7168,19320,195720,38400,217620,577200,883600,1737800,1018400
ASKR,IL1DR,0,0,9960,15000,0,6082,87840,0,76700,17280
DVA,RIML,11520,94976,109800,212880,96600,107796,818640,78600,416600,161120
AVM,RIH,0,0,0,0,1008960,401448,0,725600,0,0
OLQVR,URBR,55800,78336,70200,134160,239640,509921,406320,417600,383500,274080
AFDR,AVER,0,0,0,0,0,0,0,1000,0,0
RIGL,SAAVR,238560,400384,569520,848760,1053000,126382,89520,226800,153600,400160
AIYR,AVKR,0,0,0,63000,39360,0,831120,0,145200,0
BAGR,IL1VL,37320,125696,38520,35760,0,0,0,0,0,0
ADAR,AVAR,137880,259072,249240,552360,245880,700170,901920,1318000,1933800,1413320
RIMR,SMDVL,276480,755200,408240,1177200,1744800,1666283,3380160,1655400,2247600,2705600
AVHL,OLQVR,32400,52480,70200,87600,94080,57784,149040,62600,66700,48880
ADLL,AVJR,0,131840,48120,360,520080,307169,259680,669800,197400,540080
DVA,SDQR,0,0,0,639000,1602600,2043402,1886880,1640800,1060400,1149760
RID,SMDDL,6600,0,33000,0,0,1689,0,0,0,0
IL1R,RMDVR,484560,848128,370320,623520,1443120,1428725,2473680,1727300,2594600,2970240
AVAR,SMDVL,65400,272128,195360,122040,301320,433889,765120,520200,603600,596720
RIGL,RIS,32280,0,0,7440,0,0,0,508400,0,248440
IL2VL,RMEL,117000,186368,201120,386520,346560,329134,613440,302100,273900,490880
IL2L,SIBVL,36240,90880,98880,7200,160200,96307,49200,7400,0,112720
AVKR,RMDL,192720,237824,611880,153000,435360,667729,1470480,911400,953900,1220640
PVQL,SMDDL,0,0,0,0,0,0,0,0,7700,13920
AIYL,RIH,399960,575232,372840,0,1331040,1071544,930480,2044000,1373800,1295200
RIBR,SMDVL,409560,633600,524880,441480,1165560,1269565,1289520,821600,1040800,1186640
AVBR,RMFR,0,0,0,0,0,27371,0,0,0,0
ALA,PVWR,0,0,0,0,0,0,0,0,0,80
PVT,RIML,33480,17920,52320,0,82320,128409,0,17200,18300,38600
BWM-DR06,RMGR,5760,0,317040,160080,623400,280811,1285680,1047800,1184600,1608680
ADAL,IL2L,36360,10496,0,0,0,20613,0,119800,129000,72720
AFDL,IL1DL,5400,12288,1680,10920,43800,21626,92640,0,2400,35320
AVHL,OLLL,0,0,0,0,0,0,0,0,18900,0
AVBR,RIGL,22200,202496,212280,43320,90120,576829,2009040,231300,1517800,1484160
AIAL,AUAL,0,0,0,0,0,31764,28800,51100,0,0
AVL,RICR,0,3584,2640,0,0,0,0,35000,0,21440
AVHR,BWM-DL05,0,0,0,7440,0,0,0,0,0,0
AVEL,AVFR,0,0,0,0,0,4392,1200,72600,37100,0
AUAL,AVHR,0,0,24480,0,1320,0,0,0,0,0
BWM-DR03,RIH,0,0,0,0,0,0,69840,0,0,0
AVEL,PVQL,0,0,4920,0,0,0,0,0,0,0
PVPL,PVR,6720,0,0,0,0,0,0,0,0,0
SMDDL,URYVL,0,11776,46680,4200,29280,9123,0,0,0,0
BWM-DR04,RIFR,0,0,0,2640,0,0,0,76000,0,0
IL2R,RICR,31200,50176,46440,20400,40080,184842,84000,0,144100,0
AIBR,RIFL,0,0,0,0,0,0,0,0,0,86160
AVAR,AVBR,33360,196352,240360,134160,279360,1742991,2429520,1770400,2089400,1282720
AINR,URYVL,0,0,0,16080,38760,0,0,162200,0,81040
RICL,SAAVR,128880,58624,191880,11400,675000,9461,144720,143700,147500,82640
SIADL,SIADR,99720,270592,161280,137400,137760,183828,645360,632200,769200,414080
BWM-VL07,SMBVL,82440,125440,56160,86760,188520,64880,241680,420200,772200,473360
ALMR,IL2R,0,73728,240,0,0,0,0,0,0,0
IL2VR,RMDVL,0,89856,35640,0,20040,0,120720,0,22300,2680
BWM-DL02,URAVL,0,0,0,14520,0,79749,0,0,0,560
AVKR,RMDR,284400,475904,174720,382440,2093760,2737152,3655200,2756200,2626400,3096080
AWAL,IL1L,0,0,0,0,0,0,0,0,5000,0
RID,RIR,42720,0,29040,69960,48120,28047,0,0,44800,19320
RICL,RIS,42240,41216,129720,106080,274800,126382,595680,267400,112400,206360
AINR,RIBR,48360,423936,51840,284400,8040,1330391,1817520,414200,440000,162080
BAGL,PVCR,0,0,3960,0,1560,42915,0,718000,0,0
IL2DL,URXL,145800,0,283200,236280,915840,1008353,293520,183000,740600,680400
ADFL,AVHR,298440,1103616,354480,399480,1723080,1632491,1138800,947800,1965200,1206080
SDQL,URXL,0,0,0,0,0,0,2640,5200,0,0
AVDR,OLQDL,40680,25088,44520,67200,137280,136857,70800,202200,200800,220240
AVBL,RMGR,0,10496,0,0,79560,171325,0,116100,672100,0
RIS,SDQR,0,0,0,0,720,358195,0,30800,222000,64960
RMDR,URXR,0,0,0,0,0,67584,0,0,2800,0
BWM-DL08,SAAVL,0,0,0,0,45480,0,13440,0,5200,0
BWM-VL03,RIAR,1560,0,83280,0,0,0,0,0,0,0
AVFR,PVCR,0,0,0,0,0,27709,0,0,0,0
IL1VR,SIBVL,8040,13568,28440,14280,960,6758,0,10400,71500,69200
BWM-DR02,BWM-DR05,0,0,0,0,0,0,15600,0,0,0
RMEV,SDQL,0,0,0,0,0,0,0,0,276600,0
RICR,SAAVR,74880,125440,309600,0,71040,2703,40560,233800,6700,0
SAADL,SIAVL,0,0,8520,9840,45120,54405,180000,239900,0,0
BAGL,IL2DR,5040,0,6120,0,10320,5406,0,3800,35700,24080
AINL,OLLR,11040,56320,7680,12120,2640,127733,80160,75800,135000,170960
IL1VR,OLQVR,429360,787712,705600,576120,1280280,1931550,3005520,1471400,2165200,1735840
AIAL,SIAVL,0,0,0,0,17880,0,79440,0,0,30880
RIGR,SMDVL,0,19456,0,0,3840,0,0,47200,51800,69040
AIAL,ASHR,0,0,0,0,0,0,24960,0,0,0
AIBL,AVAL,561000,716288,247440,798960,1297080,1109053,3016320,1261600,1303400,2816720
OLQDL,RMDVR,0,0,6960,48600,129600,7096,0,0,29200,0
BAGR,SMDVR,66960,41984,64920,90600,103800,137533,360480,194000,206200,216000
ASIR,URXR,0,0,0,8040,30000,0,69600,0,0,0
ASHL,CEPDL,0,0,32400,0,0,0,0,0,0,0
AVAR,BDUL,0,0,0,0,9600,0,571200,0,96400,0
AVAR,BWM-DR01,0,31488,0,0,0,0,0,0,0,0
AIYL,PVCR,0,5632,0,0,0,0,0,0,0,0
AIZL,AVJR,0,0,0,0,0,0,0,6400,23600,31640
RMER,URBL,164640,19712,8640,3000,960,0,0,365200,165000,156160
AVFR,IL2DR,0,0,0,0,0,0,0,37400,0,14080
SIBVR,URYDR,0,0,5160,0,54240,0,0,0,0,2640
ALML,SIBVR,0,111360,367320,40920,194040,0,63600,515100,70400,770480
IL2DR,PVR,73080,15872,124680,85200,72840,60487,0,0,0,0
FLPR,PVQR,240,0,74160,0,0,0,5280,0,0,0
BWM-DR08,RMHR,0,0,0,0,66360,0,0,0,0,0
ASER,URYDL,0,0,0,13920,10680,0,0,2400,122800,0
ASHL,SMBVL,705240,732160,378960,196320,1650360,807966,876720,583800,586100,749840
RMDDR,SIAVL,43440,34304,94080,102000,156120,213227,165600,211000,176000,134920
ASJL,AVAL,0,0,0,0,0,6758,0,0,1400,0
RIVL,SMBVL,0,0,0,0,0,0,0,3000,0,0
BWM-VL05,RIVR,0,0,0,0,298920,216606,609120,71200,67500,164640
ASER,URXL,0,0,0,0,0,0,0,0,0,2200
BWM-DL05,SMBDL,1920,77824,0,0,0,0,0,0,0,0
AIAR,ASKL,0,106240,0,0,64320,38860,14160,0,1600,20080
IL2VR,RICR,56640,53504,48480,133200,141360,92928,181440,102600,6000,0
AIAL,PVWR,0,0,0,0,0,0,0,23100,0,0
AVJL,SIBVR,0,0,0,0,0,0,20160,6300,0,0
PVWL,URYDR,0,0,0,0,0,0,0,0,349300,59600
ADAR,SAAVL,362280,115456,195000,197880,3480,300410,148080,354800,229100,516160
OLQDR,RIAL,0,0,0,0,9360,0,0,0,0,0
BWM-VR01,CEPVR,376080,50944,320520,22560,124680,1315184,1227120,900800,538700,1020000
IL1R,RICR,53160,61184,33960,0,0,0,0,1401200,641400,364240
PVR,SIBVR,17040,24064,29280,17280,8880,0,244560,0,0,0
IL1VL,SIAVL,17040,50432,8640,20760,34440,66570,92400,54800,73200,47440
RIMR,RMFR,0,0,0,0,0,683612,5673600,2667200,1702800,2194000
AIBL,AVFR,0,0,0,0,45480,0,0,0,0,0
AVAR,PVWL,0,0,0,0,0,0,256080,0,0,0
PVPR,SDQR,0,0,0,0,1560,0,4080,0,0,0
OLQDL,RMDVL,57480,96000,116280,138600,249720,279459,343440,529300,374100,982000
AIML,RMEV,0,0,8760,0,0,0,0,0,0,0
AVAR,RMFR,0,0,0,0,0,623124,0,0,0,0
CEPDR,RIML,0,0,0,0,0,2703,0,13600,102000,75400
OLLL,SAADR,290160,380160,214080,235200,988680,1028966,875040,564800,1094000,956280
AVHL,AVJR,0,196352,56040,15960,349320,48660,0,191200,358200,97400
AVAR,RIGL,6840,0,15960,11280,786480,97996,1523760,137400,356600,373120
AWCR,RID,9000,0,0,0,0,0,0,29400,0,0
CEPVL,PVR,547320,921344,836760,563640,1204560,70963,2065920,1520000,2522600,2168640
RMDDL,RMGR,0,0,186480,8400,73800,10137,1717440,1239800,1359200,1602000
CEPVL,SMDVL,0,0,0,0,0,1351,0,0,0,0
IL2R,RIPR,25680,0,20880,3000,0,53053,66240,138500,172000,160
IL1L,SMBVL,0,86016,20640,8880,218640,33454,114480,323600,356400,216920
RIGL,SAADR,211440,497408,301920,378240,1064880,238909,285840,305800,41400,211040
ALA,SAAVR,0,0,0,246600,0,21626,0,0,0,4720
PVWL,RIVR,0,0,0,0,0,0,0,0,20800,0
PVWL,URADL,0,0,0,0,0,0,47280,138300,48700,110600
AFDR,RIPR,0,0,0,0,0,0,0,4400,28000,0
SIAVR,SMBDR,300840,668928,535800,1019040,2066400,1918371,3975840,1242500,2468800,1700960
ADAR,SMDDL,31320,31488,0,26640,39480,17571,0,58100,132600,2160
AVHR,RMEV,0,13824,0,0,0,0,0,0,0,0
BWM-VL04,IL2L,0,0,0,0,16080,0,0,0,0,0
IL1DR,URXR,0,19712,0,6960,116160,52039,30240,89700,0,0
AINR,AWBR,0,0,0,0,45480,0,0,0,0,0
BWM-VL07,RMDR,0,0,79440,12120,104760,0,0,0,0,0
AVJR,BDUL,35880,632320,225240,582240,1553400,937052,1539360,1841100,1728000,863040
RMEL,RMER,354480,807424,373440,488160,1926120,823848,1398240,678000,1001000,535240
ADAL,URAVL,19080,30976,24840,31320,55920,73328,72720,103400,400,41680
AVFL,IL1R,0,0,0,0,0,0,0,0,0,44440
ADER,SIAVR,0,0,0,0,9240,20275,11280,0,0,0
BWM-VR03,RMDDR,25320,81408,140040,2400,54600,10813,10080,10300,240400,86720
RIMR,URBR,0,0,48840,0,0,0,231360,0,0,0
RIMR,RMED,0,0,0,1920,44400,0,3120,207500,311000,52400
AVAR,URBR,0,7424,0,0,2160,0,1200,23200,0,0
AVER,OLLL,885360,1654272,1184760,1597920,2573640,3575531,6230880,4371800,3952800,5686400
RIH,SAAVL,0,269312,256080,0,0,260198,0,0,0,0
RMDL,SAAVL,0,0,89640,0,8160,51025,0,56000,28600,0
OLQVR,PVCR,0,19200,600,32400,24240,21288,0,8300,0,0
RIBR,URBR,0,7424,0,0,2280,0,0,0,18100,242880
AWCL,SAAVR,34080,86272,10560,0,4560,73666,0,0,0,24800
PVT,SMBDR,4080,0,87960,183960,526680,0,26160,0,0,12080
AVDL,AWAR,0,0,0,0,0,0,0,0,10000,0
AQR,URADR,0,0,0,0,8520,0,0,0,0,0
RMFR,SIAVL,0,0,0,0,0,3041,7920,34700,0,0
BWM-VL04,BWM-VL08,61560,348416,209640,179040,410280,284866,2363760,63200,0,116880
AIML,AVFL,0,0,0,0,1007400,329809,1836480,804200,736000,1023040
AIZL,SMBDL,437160,654592,821280,830880,1628520,3049728,3181200,3431600,4056700,2260120
SDQL,SIAVR,0,0,0,0,0,0,0,33500,0,0
OLQDR,RIBR,32880,202752,44280,40800,568320,150036,213360,357600,378300,257400
RICL,SAADR,0,73472,23280,720,0,138885,30720,222900,334200,178000
PLNR,RIVL,0,0,0,0,0,0,832080,633500,195400,236560
BWM-VL03,SDQL,0,0,0,0,0,0,104880,0,0,0
ASEL,AWBR,0,6400,0,36720,87720,337,0,0,40700,77560
IL1L,RMEL,77640,97024,0,2880,209400,0,122880,3200,1096100,189920
ASGL,AVFR,0,0,0,31080,0,0,0,0,0,0
ADAL,AQR,0,0,0,0,30480,448081,113280,116500,67200,171120
OLQDL,RICR,198720,470016,353280,254280,265680,464302,763920,659600,465600,883360
AVJR,PVWL,0,0,0,0,0,0,2229840,1124500,3177300,604480
AIBR,ASER,1508520,1999872,1389720,2212080,2756880,3709009,6786720,3959600,7021000,4596560
RIGR,RMFR,0,0,0,0,891720,599808,4918080,2725800,3576800,3886320
RIMR,SAADL,775680,1919488,1148760,1722840,3006360,2503649,7524240,3077400,2965800,3835440
RIPL,SDQL,0,0,0,0,0,0,0,0,231000,0
AWAL,HSNL,0,0,0,0,0,0,1409040,0,0,0
RIH,SMDDL,0,0,12720,0,0,0,0,0,0,5880
AUAR,RIBR,852960,1654784,1150200,2361960,2698920,4019220,8130000,4337600,6554200,5396760
RMDL,SMDDL,107040,149760,114840,179520,517440,405841,840720,808200,534400,620160
ALML,DVA,0,0,68760,0,0,26357,0,0,0,0
PVWL,RIFR,0,0,0,0,0,0,286080,157600,120300,1655080
AVAR,SAADL,93840,308992,226680,232560,761400,14530,547920,877400,820400,605520
ASER,RIAL,0,40448,12600,0,0,218296,136320,342000,522600,475120
ADFL,ASEL,180360,214016,98160,651240,117840,190924,830160,376400,834600,51840
AVJR,RIGL,24840,0,0,0,0,0,0,0,0,0
AVEL,RMFL,0,0,0,0,0,0,278400,0,65000,53200
PVCR,SAAVL,0,0,0,0,0,175042,0,0,0,174880
RIBR,SAADL,0,4608,11880,1560,27240,0,497040,183800,0,0
BWM-DL03,BWM-DR01,0,84736,500520,171840,439920,24668,714480,675400,453600,564480
RIVL,RMDR,0,0,0,0,0,27709,0,14800,0,0
BAGL,IL2DL,17400,41216,38400,13560,30240,74004,66000,149000,161300,151640
RIAL,RIVR,257880,709376,230520,320280,515640,900894,620880,567000,226800,445800
AWAR,BDUL,0,0,0,0,0,0,0,50000,74800,61440
RICR,SAADR,25680,52992,0,38760,167520,85493,102960,18600,0,11040
AWCR,URYDR,16800,13824,6240,24120,21720,37509,74640,16200,56600,110920
PLNR,SMBVR,0,0,0,0,0,0,3287520,4341300,4094200,2958440
RMER,URYVR,142680,174592,97920,193440,186480,200724,275760,107900,43400,142800
AVDL,AVL,0,0,9360,0,0,0,0,0,0,0
ADAR,AVHL,97800,384256,198120,312120,526080,247357,418320,564000,790600,524320
AFDR,ASIR,18000,130304,336720,229560,694560,146319,1071360,874400,250800,161200
ADFR,ASJR,0,0,0,0,27720,0,0,0,156500,2480
BAGR,RIBL,1072440,1167360,1250880,1784760,1995240,4463923,5311920,2699700,4967600,3801880
AVDR,SIBVL,12840,7936,38760,40320,30720,12840,349920,0,57200,20600
RIGR,URBR,0,0,4800,0,0,8448,52080,0,0,1000
ASJL,PVQR,18480,186624,0,27840,108000,221675,0,0,0,1360
AVJR,URBR,0,0,0,0,0,0,0,0,197500,184920
OLQDL,RIPL,79800,73728,72600,166800,409320,922521,1025760,587900,61000,404320
SIADL,SMBVR,0,0,0,0,107760,79749,0,0,25600,4840
ASEL,RIAR,0,0,4200,49560,132360,40212,139680,225000,239500,268640
PVCR,SMDDL,0,0,28680,0,0,0,0,0,0,11040
CEPVR,PVQR,2280,53760,37440,0,340320,161863,440640,287500,255300,51440
IL2L,SMBDL,0,0,0,0,12600,0,19920,0,0,0
AVHL,URADR,0,0,0,0,25200,0,0,0,0,0
RIML,URAVL,0,0,1560,0,0,0,0,5900,0,0
OLQVL,PVR,110760,199936,178560,1920,0,0,0,0,77600,400
RIH,RIR,618720,669696,943200,515400,2075040,3127111,4473840,3401100,2251400,2723040
PLNR,SIBDR,0,0,0,0,0,0,1084560,912500,1416200,950640
AVHR,PVPR,112800,15104,42120,77520,99120,26695,230880,0,50900,14920
AIYL,IL2DL,0,6912,3480,0,7200,0,0,0,0,0
ALNR,RMFR,0,0,0,0,0,22302,0,17800,344600,286160
IL1L,RMDR,201600,221184,265440,118920,550920,647116,1083600,2124400,2346600,2789560
SIBDL,SMDDL,193800,306432,314280,271560,690480,897853,806640,882600,1468200,1015120
AIAL,RIS,0,0,0,0,0,0,0,0,13300,0
AVBR,IL2DR,0,0,0,31320,0,0,69600,126800,0,0
CEPVL,PVWL,0,0,0,0,0,0,3600,308900,129600,345160
BWM-VR08,URXR,0,0,0,0,0,45281,0,0,0,0
ALNL,AVAR,0,0,0,0,22080,187545,24960,18400,369200,79040
RMFL,SDQR,0,0,0,0,0,667392,970320,946900,628700,886560
SIADL,SIBDR,26520,56832,12600,63840,114480,105768,306960,58600,76200,148000
RMHL,SMDVL,0,0,0,527400,16080,144291,756720,135200,250400,559200
AVER,OLQDR,0,0,240,0,98280,51363,0,0,0,0
PVWR,URYVL,0,0,0,0,0,0,0,0,0,17040
RMDDR,SAAVR,0,144640,1320,0,4920,0,0,0,0,0
IL2VL,RID,0,0,0,0,0,0,0,0,145800,195240
RID,RIML,51720,91904,14520,39360,45000,71639,406080,11400,24800,28320
ASKL,SMBVL,21720,12544,0,111720,0,0,0,0,0,0
RIGR,SAADL,77280,477184,476040,449640,659400,467681,697920,230600,114600,92880
AUAR,IL1R,51840,10240,53280,240,1440,121651,0,0,0,0
AVJR,SAADL,39120,7680,0,0,51120,0,0,0,0,0
DVC,RIGL,1643640,2210048,1309200,2427120,3780120,3540049,7819200,4124300,2240200,4642960
AIZR,OLQDR,0,0,0,0,0,4730,0,12600,0,400
ADER,IL1R,0,0,0,9240,624360,731596,2559600,1224300,1170200,1383600
PVQL,RIML,0,0,0,0,1560,0,0,0,0,0
FLPR,PVWR,0,0,0,0,0,0,0,0,5900,0
FLPL,RICR,0,0,0,36240,0,215255,0,0,0,0
AIBR,PVPR,0,0,3240,0,0,0,0,0,24900,0
PVCR,PVPL,524400,0,0,881160,0,118609,0,0,0,257040
AVBL,BAGL,147840,162048,393000,252120,249240,63528,60720,174300,250700,256480
BWM-VL05,SMDVR,107040,0,0,25080,175920,217282,596400,59800,141000,54200
ADEL,CEPDL,0,0,0,0,184080,75356,512640,55600,11700,129040
AVAL,FLPR,47160,94720,37440,342840,1145280,1912965,2538480,741100,1662800,1693920
RIAR,SIAVR,42360,101120,49800,50760,73560,120299,268800,325300,397800,246520
AIML,PLNL,0,0,0,0,0,0,0,0,0,30720
RID,SDQR,0,0,0,0,0,0,0,0,175600,184560
RIBR,RIH,29640,169472,196320,241800,919440,784650,1269120,488800,1001000,739480
ALA,OLQDL,31200,52736,42480,30240,73440,75018,109920,188800,37600,29520
SIBVR,SMDVR,11760,0,6600,0,5880,8110,347520,78800,0,440
BWM-VL04,URAVL,0,0,0,0,0,102727,207600,60200,58800,0
AVEL,AVL,3720,0,199920,23160,33360,0,57600,0,115800,0
BDUL,BWM-DL04,0,0,0,33960,103440,0,0,0,0,0
BDUL,IL1DL,3120,7680,15360,0,24480,61163,57840,19400,17500,37520
RIVR,URYDR,14280,78080,49680,29280,52440,61501,87840,0,48600,73360
AIYR,PVPR,0,0,6120,0,0,337,0,0,5800,960
BWM-VR04,BWM-VR07,0,0,0,0,413640,0,0,0,0,0
ADEL,SMBVL,0,18176,0,43440,0,0,151200,5200,0,153840
OLLL,SIBVL,2760,27904,2160,0,156120,0,74880,0,0,160
AVKL,RIAR,7680,0,0,0,0,0,96240,0,0,28720
ALA,IL2R,28920,32000,28560,31920,65760,46632,180240,165000,440700,274800
BDUL,RMGL,191880,305664,354360,63480,3960,176394,325920,372400,482900,436320
BWM-DL03,RMED,64560,92928,97560,62040,12720,357519,105840,299500,495500,439200
ADAL,SMBDL,61320,237824,168240,154440,154680,218972,599040,218800,764300,1102360
AIBL,AUAL,30840,36608,57720,46920,90360,180111,390960,274400,246500,360080
AWCR,CEPVL,0,164864,51120,25920,57120,136181,208560,113600,142400,0
IL1VL,RIS,0,0,0,0,0,0,0,0,44000,93080
OLQDL,RIPR,0,226560,7200,43920,49560,0,0,0,0,40240
DVC,URBR,0,0,480,0,57240,42577,32880,0,0,0
BWM-VR05,BWM-VR06,0,0,0,0,0,0,0,0,8100,0
BWM-DR01,SMBDL,141360,146176,75600,59040,344280,355829,802080,485200,445200,405960
RMED,URADR,53160,52480,173280,220440,191400,792422,278160,1784700,1823000,964560
RIBL,URAVL,113760,228864,133200,0,200160,331499,96000,223300,53400,469840
RIGL,SIBVL,9000,226560,221160,5880,313560,535603,876240,257400,297100,0
BAGR,SIBVR,97320,111616,0,68640,52440,108134,156960,25600,111400,211160
BWM-VR07,SAADR,2520,0,0,45240,0,87859,0,34900,82800,136240
ASJR,ASKL,82320,512,0,97680,369120,7434,0,300,48900,182440
BWM-VR02,RIML,0,0,0,0,0,0,0,0,120200,0
AWBL,RIGL,0,0,0,0,62760,58798,110160,0,0,0
FLPL,RIPL,0,0,0,0,0,0,0,48600,0,0
SMBDR,URXL,0,0,6000,8640,0,91914,110880,101400,14600,0
PLNR,RICL,0,0,0,0,0,0,0,72600,0,0
ASJL,AUAL,0,10496,0,0,0,1013,0,0,0,0
SAAVL,SIBDL,54000,106496,29160,72720,26760,36495,280560,36700,14800,0
AIBR,PLNL,0,0,0,0,0,0,58800,0,0,0
ADAL,AVKR,0,0,0,5280,0,0,5520,0,0,0
AVKR,URYDR,960,0,0,0,10440,10475,103920,52900,57500,210880
BWM-VR03,URYVR,21480,11008,0,22320,202200,224378,253200,0,0,0
AIBL,AWAR,0,0,0,0,0,0,0,0,0,229760
RIPR,RMDDR,5760,2560,46800,24360,5040,22640,0,0,2500,11600
RMDVR,RMFR,0,0,0,0,0,116244,78960,100000,181700,174600
ADLR,ASKL,0,0,0,0,73320,0,147600,0,0,228240
DVC,SAADL,1200,355584,116040,96360,579480,62853,0,255500,661600,581040
ASEL,IL1DR,17040,20224,2520,16560,8280,21626,0,16700,24800,840
ASER,IL1R,0,0,0,0,0,25344,0,0,0,0
AVBR,RMDVL,0,0,0,0,9000,0,0,0,0,0
BWM-DL05,RMEV,0,0,3840,0,48120,99348,175440,234200,9200,21920
RMGR,SAAVL,39240,149248,59160,24480,80040,509583,0,204000,0,1840
IL2VR,RIR,0,0,1080,5880,0,0,0,36700,0,1680
PVCL,SMBVL,137280,80384,8520,0,69360,39874,6960,0,0,0
ASHR,OLQDR,0,18176,720,0,60960,0,0,0,0,0
AVAR,PVCR,0,31232,409560,226680,271200,741058,1878000,973400,1580600,1021560
BWM-VR06,PVR,58680,16128,17880,0,6840,0,68400,3600,63200,1280
BWM-DR05,RIAR,3720,0,0,0,0,0,0,0,0,0
RICL,SIBVL,382800,549632,400080,189720,478440,374415,406080,327400,996400,355680
IL1DR,RIGR,41880,79872,66840,30360,131640,115568,43200,91600,5300,195440
AQR,AVEL,0,0,0,0,660960,93603,20640,126800,0,0
AIZR,PVT,0,0,0,2160,0,226744,0,17500,0,0
RIAL,RIMR,4200,0,0,0,1800,4392,0,0,50200,0
IL1VL,OLQVL,431760,1001216,502440,731760,1529280,1481103,3125520,1525600,1977600,1445280
ADAL,ADER,0,0,0,0,21720,18585,508080,0,24800,0
IL1VR,URAVR,112080,162048,231720,180960,664680,959354,636720,1486200,473300,952640
ADFR,PVQR,3120,0,0,41880,0,0,0,0,0,0
AVKR,RIVR,248880,213248,70800,42000,399840,539658,1785600,514800,710300,456800
AVKR,URADL,0,0,0,0,0,0,0,0,18100,0
ASJR,PVWL,0,0,0,0,0,0,11760,0,0,0
AVDR,AVJR,265080,585472,614520,1029240,2551320,2634762,3597600,1703000,3108200,2779520
IL2DR,RIH,812160,956672,1291200,374880,955080,930293,2860320,1186800,1075200,1227160
AVAR,IL2DR,0,0,42480,0,24960,0,85680,311400,233600,140880
RMGR,SMDDL,56520,330240,120840,117000,305280,218972,346800,42200,140500,202640
IL1DR,SMBDL,69720,0,0,18600,2760,0,0,400500,294400,335040
AVDL,URXL,26400,46336,12480,240,136560,0,111360,59000,39500,23320
ALNL,SAAVL,0,0,0,89040,925800,1048227,2312160,1486700,1506800,2525280
AIBR,ASKR,467400,688128,484560,489600,1225680,1295247,1594560,435000,1231000,493760
PLNL,RMHL,0,0,0,0,0,0,755040,627900,379700,300880
RIAL,SMDDR,618240,1346304,1249560,1173600,2766120,3405219,5158320,4012200,3185400,3636560
RMDVR,RMED,559440,1083136,880440,888600,2187720,2381998,3660960,2324400,1021000,2093760
AVBL,PVR,200040,554240,79920,425160,1094640,293652,2499360,758000,2559700,1464320
AVBL,SMDVL,0,0,0,0,0,1689,0,0,0,0
RIML,SMBDL,53280,151552,195840,152760,495480,198021,895440,366100,9400,162960
AIAL,OLQDL,0,256,0,7920,0,0,11520,0,89600,1480
AWCR,RIMR,10440,92928,111960,22800,0,7772,122640,75800,235200,24280
OLLL,URAVL,600,0,16320,82440,6360,15882,0,1300,24400,3840
ADLL,AVFL,0,0,0,0,0,255129,450960,361400,199200,2240
AIAR,PVCR,0,42240,0,0,0,0,0,0,0,0
RICR,SIBVL,736320,1137408,853920,1061760,1985880,1171906,2142480,4132300,2563200,3317280
AIML,RMDDR,0,0,0,0,0,0,0,3300,0,0
BAGL,SAAVL,131400,45824,42360,108840,46560,123340,361440,131900,112400,1600
ADAL,RIFL,216480,368896,264480,70560,252480,72314,300000,1261600,1439300,958120
CEPDR,RIAL,59640,46336,29040,149520,73800,159836,9840,427600,363800,203040
BAGR,OLLR,3960,0,0,0,0,0,31680,0,0,0
RIAL,SMDVR,1169280,1546240,1127880,1052640,2635080,2894284,3901440,4237600,4624200,4956160
AIZR,URADR,0,0,0,0,3120,0,0,0,0,0
AIYR,ASKR,2280,0,0,39240,0,0,0,0,0,0
AINR,CEPDL,53160,23552,0,55680,27480,675,9840,0,0,1800
SIBVL,URXR,0,0,0,0,90600,0,0,0,206300,0
AVKL,IL1DR,2400,29440,0,0,24480,22302,0,0,3200,0
SMDVL,URADR,0,0,0,0,0,0,0,4200,0,0
AVHR,SIBDL,49320,0,95400,48480,129720,93941,125520,159000,459900,244240
BAGR,SIADL,0,0,0,0,0,0,4080,586800,16500,0
OLQDL,PVQL,0,0,8760,0,0,0,0,0,0,0
RIMR,RMDVR,0,0,0,0,0,0,0,23000,0,0
ASJR,URBR,0,5376,0,0,40560,4730,90480,48200,72400,60720
ALNL,SMDDL,0,0,0,0,6000,36495,6720,191200,99200,274680
BDUR,IL2DR,49680,75008,44640,19440,58920,128071,47040,64200,59600,2160
ADEL,RMDR,0,0,0,67560,102840,721797,323280,407400,496600,1942600
AVBL,AVBR,120720,544768,494760,211080,991200,855613,2813520,2173900,1467500,2488520
AVER,CEPVR,0,0,0,0,0,8110,137760,102000,81500,34560
AVBR,RICR,51240,0,0,23880,252120,0,908880,4665800,3690800,1946360
AVL,RMFL,0,0,0,0,0,655902,0,615800,661100,228960
ADAR,RIML,0,0,28440,0,0,239923,0,0,0,0
AVJL,IL2VR,0,0,0,0,0,0,0,28600,105300,0
AIZL,RMEV,840,0,0,4800,0,29736,5280,0,0,0
BAGR,DVA,170520,125696,80160,178800,197280,151388,568800,454200,430200,476920
RIAL,RMDDL,1381920,2636800,2010720,2201280,4126440,5502013,7290240,5507800,5264300,6371600
CEPDR,SIAVR,0,0,0,0,0,0,11760,48600,85200,47920
IL2R,RMFL,0,0,0,0,0,0,0,0,0,33320
AIZR,CEPVR,0,0,0,17520,0,0,0,0,0,0
CEPVR,PVWR,0,0,0,0,0,0,0,40700,181000,8200
FLPR,RIS,0,193024,114000,11880,63360,464302,1298400,79700,452800,182800
CEPDL,SAADR,0,18688,0,0,0,0,0,6500,0,0
AFDL,SMDVL,0,0,1440,0,0,0,0,0,0,0
AFDR,RMFL,0,0,0,0,0,0,114480,0,0,0
AVHR,IL2VL,0,0,0,0,0,0,0,0,78800,0
AVKL,SDQL,0,0,0,0,0,0,14400,387500,151200,0
AIZR,AUAR,280440,443392,73320,216960,374160,748154,1395360,639400,423000,446560
ALNL,PVQL,0,0,0,0,0,2027,0,0,0,0
ADFR,SIADL,0,0,0,0,0,0,0,0,3500,0
RMHL,URBR,0,0,0,0,1162200,2141399,1851120,1518400,1952400,1404480
AIAR,AIBR,1250160,2229504,1755240,2563920,4583520,4589291,8545920,4731800,6612300,4655360
AVFR,SMDDL,0,0,0,0,14400,0,69360,155000,0,89760
AVEL,URYDL,46920,272896,67320,92640,109920,102389,242400,78600,65600,49240
AVFL,CEPDL,0,0,0,0,0,0,0,0,134700,0
BWM-DR08,RMGR,0,0,0,1680,601320,490321,986400,1062800,1682400,1637120
AVAL,AVBL,188520,245248,234480,106200,524400,1250979,2009040,1555600,2728800,1613120
ADFR,DVA,110040,28928,213240,84360,15720,166594,35280,52800,6600,422360
AWCL,IL2L,15840,11008,0,49560,30120,140236,160800,0,0,36720
AIMR,URYDR,7920,3328,12000,12240,30240,38860,58320,305800,100400,0
AVEL,URXL,97440,67072,85080,91440,406080,357181,699600,476600,484800,235920
AVJR,IL2DR,240,0,0,480,0,0,5520,146200,82800,321560
IL2DR,PVCR,0,0,0,0,0,0,0,55600,0,52840
ADAR,ALMR,231000,800768,829200,592440,746040,1472993,1167600,572000,756000,1028480
AIML,HSNR,0,0,0,0,0,0,561120,0,0,0
AIYR,SIBDL,0,0,0,0,0,0,0,0,21000,0
AVBR,RIPL,0,0,0,0,172440,0,142800,188400,0,303760
BWM-DR06,PVWL,0,0,0,0,0,0,213600,0,22000,0
AFDR,AWAR,0,0,0,105360,375840,871495,3412320,1618500,2071400,775040
RMDVL,SIAVL,37080,67584,31440,76560,142200,99010,434400,203200,74200,165040
AWBR,RIPR,0,0,0,0,0,0,0,23600,152600,203680
RMHR,URADL,0,0,0,0,0,0,0,205600,290600,360560
BWM-DR05,IL1DR,0,0,0,0,0,0,0,15200,54700,0
RMDDL,SMDVL,0,0,8040,0,99120,0,0,0,0,2720
CEPDR,RIBR,15360,231680,214440,121560,678480,403476,28320,107600,155500,54400
AVBL,BDUL,54240,159232,188640,2760,381960,6758,900480,594600,91400,210360
AIYL,AWAL,115560,404992,426240,110760,1404360,2255953,3797280,2506800,1272800,2084480
RMHL,SAADL,0,0,0,335640,855000,53729,176880,262500,263000,335280
BAGL,RIR,235680,672000,408600,381600,496800,946513,1000320,1163600,1007200,1065040
RIH,RIML,0,0,46800,0,71280,0,0,361600,392400,520600
BWM-DR03,SMDDL,115440,125184,4800,225120,164520,209172,252240,357000,282600,379040
AINL,SAADR,12240,0,0,0,0,0,0,0,0,0
ALMR,CEPVR,96600,159232,284280,434880,437760,724500,1190880,1000800,1292600,692240
AQR,RMHR,0,0,0,66720,0,0,0,0,0,0
ASHR,URADR,0,4864,0,0,2640,0,0,0,0,0
AVFR,PVPL,0,0,0,89160,177960,0,183360,0,132800,0
IL2L,RMEV,179880,438272,241080,219960,605400,671447,899520,431400,303900,610760
AQR,RID,0,0,0,192120,128880,370022,450480,1396700,774200,247760
RICR,URAVL,480,17152,0,4680,5160,33792,2400,97700,200,162000
BWM-DL01,SMBDR,169440,196352,223680,311760,253320,223703,659040,321200,146800,698880
RIH,SDQR,0,0,0,0,0,23316,0,0,0,0
ALA,OLLL,11160,38400,9240,26640,52200,24668,51360,107400,252600,88640
RIVR,SMDDR,0,0,2040,0,0,0,0,0,7000,14800
CEPVL,PVCR,31200,0,0,64080,0,0,0,0,0,0
SIBVL,URAVL,12240,39936,33720,32400,84480,70963,74640,97800,83300,66240
PVT,RIAR,1440,0,0,0,0,0,0,0,0,0
AFDL,ASKL,0,0,0,16440,0,0,0,6500,0,0
AIYL,PVPL,0,0,0,0,10200,0,0,0,2000,18040
AIZL,RMHR,0,0,0,10800,0,0,0,0,0,0
OLLR,OLQDR,20520,109056,476040,162600,304080,319672,831840,366800,814800,725040
ASHR,CEPVR,0,39168,240,3360,0,0,0,0,0,0
BWM-VL03,RMED,5640,11776,16680,148320,173400,502149,1259040,219200,409200,251200
RIVR,SMDVR,572520,1601536,842880,963000,1317600,2400583,4860720,2515400,3747000,2742680
RIR,RMFL,0,0,0,0,0,0,278400,0,0,0
BWM-DR06,URBR,0,251648,0,0,0,0,0,0,0,0
IL2VR,RMFL,0,0,0,0,0,0,0,0,69200,0
ASHR,AUAR,0,0,0,0,0,242626,0,0,0,0
AVBL,PVWL,0,0,0,0,0,0,1063440,289000,529400,299360
AIBR,AVHR,0,0,0,0,0,0,0,32800,0,0
PVCR,RIML,89280,0,0,0,0,19261,0,0,0,0
ADFR,ASHR,110520,340992,483480,149400,1295640,1093509,989040,940000,1172100,643480
DVC,IL2DR,0,0,0,0,1800,39198,70560,558800,470200,564720
ADFL,AVDR,0,0,0,78480,0,0,0,0,3800,0
RIPR,URYVR,9240,14592,23040,19680,89160,161187,359040,45000,0,0
AVBL,RIGL,0,0,0,0,0,0,0,0,0,82240
AVFR,AVHL,0,0,0,0,5760,132802,0,178400,179700,0
FLPL,RIR,27720,0,0,0,0,0,0,0,0,0
OLQVL,RIH,1047840,1729280,593760,3370320,3392160,4246640,8205600,2361000,2230000,2735040
AVAR,IL2DL,0,0,0,0,0,0,0,65800,0,113600
AIZL,PVPR,0,0,0,0,179280,0,76800,0,109000,0
RIVR,RMDDL,268680,846336,419400,345600,881520,1075937,1450800,1033800,989800,1145920
IL2VL,RIMR,0,0,13560,0,0,0,0,0,0,8320
BWM-DL08,SMBDR,166680,185856,180360,57480,15840,0,153600,113200,34800,26240
AVBR,RIPR,0,0,21120,12120,240000,77383,878160,1139100,1316300,985040
ADEL,AINL,0,0,0,71520,175920,292300,1107600,0,79800,60240
AQR,SIADR,0,0,0,480,7920,675,12240,19600,5600,0
ASHL,URADL,9120,0,0,0,0,0,0,0,0,0
PVQR,RIPR,0,0,0,0,0,0,0,2250000,2200700,1934560
AIMR,RIFR,319440,132608,127560,221640,234480,440647,1379760,623800,438200,820960
OLLL,SMBDL,0,0,0,0,0,0,2880,0,0,0
AWBL,PVCR,48120,0,0,0,0,0,0,0,0,0
RIPL,RMHL,0,0,0,0,23040,86507,10800,0,0,0
ALNR,RMDVR,0,0,0,0,319440,15882,0,77900,0,149560
PVR,RIH,0,0,0,0,7320,0,0,0,0,0
ADFR,AIAL,0,0,0,0,0,0,0,1300,0,0
IL1VR,RMEV,118920,367872,91560,86280,546360,643737,564000,516600,997200,772880
ADLL,ASKR,174480,117504,173520,264240,22320,1099591,0,218800,616000,0
AVKR,SMDVR,76560,166912,86760,171960,402840,371036,1130400,136200,610000,887680
AIBL,URXL,25200,16640,0,0,0,0,0,0,0,0
BWM-DL03,RMDVR,0,3584,0,0,0,0,0,0,0,0
BWM-DR01,RMEV,67560,127232,442800,156600,312600,398407,619920,275500,195900,464640
BWM-VL02,PVWR,0,0,0,0,0,0,0,1800,0,0
RIGL,SMBDL,417480,535552,296040,100080,971280,999567,1125360,461400,968800,491680
AVBL,URBR,0,0,0,0,0,0,64080,20400,59400,0
AIZR,AVDL,33120,6400,241320,10440,34800,0,0,86700,13700,920
RIAL,RIBL,813840,1035008,790080,563280,1255920,1995079,2033760,1675600,2223000,2575040
IL2L,RMHR,0,0,0,0,0,0,12960,337900,397200,321200
SAAVR,SIADR,101400,214016,93480,76800,277320,233840,644400,87200,233800,387080
AVM,RIFL,0,0,0,0,0,0,42000,105100,81800,95240
AVAL,SIAVL,57240,124416,87720,321720,105000,187883,959040,301000,287200,170000
SIADR,SIAVL,28800,38400,20280,48480,139680,118609,0,66000,24200,59920
RMFL,URYVL,0,0,0,0,0,192952,3600,56700,0,0
CEPVR,RIS,357960,616448,494520,254280,1123200,1217525,1425360,1447600,630200,2021680
BDUR,RICR,0,58624,6000,24720,0,0,0,0,0,0
RICL,RIGR,0,0,0,0,3360,0,0,0,0,0
AUAL,RIGL,0,0,0,41760,19200,32440,122160,0,8200,0
AVEL,SIAVR,165840,441856,265320,310920,1035120,740720,1123200,494800,1598600,1086400
ADER,SMBVL,0,0,0,0,0,0,322320,83000,62800,46960
IL1L,URADL,53760,107520,34080,279600,216960,287232,604080,3300,0,160800
AVAR,AVAR,9240,0,0,0,0,0,0,0,0,0
BWM-VR04,CEPVR,105720,131328,136680,33240,452520,1462517,950640,222800,301000,1018880
IL1DL,RMEL,230040,854784,383640,687000,1445040,1664593,2874720,1601600,1859100,1770840
OLLR,PVT,0,0,43920,57000,107400,150712,104640,1400,216200,37200
ADAR,SMBDR,172320,268800,203760,77400,707640,431523,529440,626000,426000,499840
AIZR,AVEL,339360,505600,245880,274080,910080,1616609,3136080,499000,1797400,1779840
RIFL,RIH,0,0,0,0,0,0,0,0,131400,0
ASIL,BAGR,149880,0,439560,180720,0,62177,83760,162600,0,226920
ALNR,RMDVL,0,0,0,0,960,40212,0,0,2200,0
IL2VL,RMDDL,0,15872,72840,6480,109080,130099,86880,10400,3200,38280
ALML,SAADR,123120,134656,198600,301800,275160,369684,750720,162600,19000,706400
AVBL,SAADL,0,1024,0,0,0,0,0,0,0,480
RID,URYVL,74040,768,23400,6720,71160,136181,257280,0,175600,56000
BWM-DR04,PVWR,0,0,0,0,0,0,0,133200,0,2000
ASHL,RIFR,0,75776,264120,0,13080,0,1920,175400,0,45120
RICL,SMBDL,279960,236032,215640,458040,402720,825200,1440480,537400,1093200,832080
AWAL,AWAR,52560,98816,119160,186840,232680,493363,0,190400,61100,141640
BWM-VL06,IL1L,0,0,0,0,0,0,36480,0,0,0
RMDDR,SIBVL,339840,397824,390000,458280,113760,437944,1486080,643700,1048000,797720
AVJR,IL2DL,0,0,0,0,0,0,0,4400,105500,90640
AINL,IL2L,3480,0,0,0,0,0,0,0,0,0
AVHL,SIADR,2280,163072,93240,0,250440,61163,336000,521000,0,10120
BWM-DL03,RMDVL,52320,24320,34560,1920,26520,32778,111120,400,69700,67440
CEPDL,SIBVL,45600,193280,105000,258840,116760,125706,865440,84200,229400,129280
IL1R,SDQR,0,0,0,12840,11040,117934,0,179200,0,98640
ALA,AVJR,2760,39168,46800,36000,81960,35481,96000,663300,630900,289920
AVJL,SAADR,0,0,840,0,0,0,0,0,0,1840
RICR,RIGR,0,0,0,0,0,0,0,128600,0,0
ADFL,AIYR,45000,7680,0,0,7080,0,0,0,0,0
ALA,AWCL,0,15360,0,0,0,0,0,164900,239600,0
ALMR,AVDL,162840,261376,222720,218640,468960,1033697,1212240,591600,380600,465840
BWM-DL05,SIBDL,2280,0,0,0,0,0,0,0,0,0
BWM-DL06,RIMR,0,0,36000,1080,384960,282501,501120,213200,235600,350000
ADAR,AVM,0,0,0,0,380160,0,0,55100,35000,0
AIAR,AVAR,0,0,0,0,0,43253,0,3700,0,0
BDUR,RIPL,0,0,0,0,0,0,0,0,0,199760
IL1VR,RMHR,0,0,0,0,0,0,90480,0,0,0
BWM-DL06,RMGL,42720,115712,114480,83520,144480,978616,1386960,1113600,1286800,1169280
PVT,SDQL,0,0,0,0,0,0,11040,299300,0,234800
OLLR,URADR,0,0,0,16440,0,78397,0,48600,0,0
IL2DR,URXR,202320,289792,321960,140760,415560,426455,950880,688700,716200,691920
ADER,RMEL,0,0,0,0,0,739368,647280,4069600,1359200,2563600
SAADR,SMDDL,20880,0,3840,0,3720,0,0,0,0,2000
ADLR,PVCR,0,135936,0,132720,0,72314,167520,52400,0,0
RMDDL,URBR,50280,220672,102720,77880,378360,534927,557280,392600,375900,219920
RICR,SMBDL,98760,138496,162600,312480,252360,323727,691440,475300,437300,323280
RMHR,SMDDR,0,0,0,246240,415320,504852,2209440,527200,675800,756640
AVBR,PVQL,0,0,0,0,0,0,36720,0,0,0
IL2VL,RICL,34680,36608,1560,51600,133800,105431,162960,23400,0,7880
ASHR,AVDL,120720,144128,166200,10080,430920,425441,2100240,986600,1787000,1312920
RIAL,SIBVR,0,0,33240,0,9480,0,49920,0,25200,28800
PLNR,PVR,0,0,0,0,0,0,27840,0,0,1760
BWM-DL06,SMDDR,1800,0,0,12480,0,27709,11760,10400,221300,12160
RMDL,SMBDR,55440,0,45600,0,27240,2365,0,0,0,0
SIBVL,SMBDL,530280,599040,475920,1001160,869760,1004974,3216480,2031200,1784000,1793640
IL1VL,OLLL,334560,453888,300120,593280,824400,1417574,1564800,3832000,1986000,2376800
RMHR,SMDVR,0,0,0,790200,406080,195993,835680,216800,487800,9200
BWM-VR03,SMDVL,121080,255488,290520,264240,449400,440985,602400,281900,236200,230840
RIFR,URADR,47160,68608,24000,26760,99360,81438,48240,71200,96000,89440
PVPL,URAVL,0,0,0,22560,0,0,0,0,5200,163360
AVL,URYDL,39720,91392,49680,94080,96720,136857,194400,65900,51600,83120
BAGR,SAAVR,86880,89088,159240,60480,36240,95969,428160,166800,160600,154960
RMER,RMFR,0,0,0,0,0,120975,0,47400,19900,39280
AINL,URXR,32640,44288,24480,6960,130680,98334,546960,27700,126600,0
BWM-VR01,SMBVR,192120,135936,151680,87120,65040,319672,482640,356300,408000,405600
AVL,URXL,15360,0,37560,0,0,0,0,0,0,0
RICL,URAVR,7440,9984,40800,0,0,36495,8400,0,140500,106240
ALNR,RICR,0,0,0,0,39960,0,0,0,0,0
AIZR,AWCR,97680,43776,49200,98280,174240,47308,722160,387400,1183400,886000
AVBR,RIR,164520,73472,314280,30600,46200,9123,19200,22400,0,0
ASHR,AVEL,0,0,0,55560,0,0,0,0,0,0
ADAL,PVCL,0,19456,4440,0,960,31764,8160,5900,0,86240
BWM-DL03,RICR,113520,0,0,600,0,0,0,0,0,0
DVC,IL2DL,0,0,0,0,0,41564,81840,446000,476000,429200
RMDDL,SAADL,182040,286464,291000,602040,652680,769781,1932000,787100,866000,344240
BWM-VL08,PLNL,0,0,0,0,0,0,5520,61300,0,29800
ADLL,HSNR,0,0,0,0,0,0,715200,0,0,0
AVKL,BWM-VR06,0,0,0,0,23640,29399,0,0,0,0
ADLR,AIBR,495360,692736,470520,286680,1248120,1273282,3653040,2284000,1938100,1547720
OLQDR,RMDR,0,0,0,0,0,10813,0,0,0,12320
BWM-DL06,RMDDL,0,0,0,28200,0,0,0,0,0,0
AWAR,RICR,0,0,0,48600,0,0,0,0,0,0
BWM-VR05,RMDVL,172200,0,173160,359760,784560,1967032,2233920,1153300,1333000,912800
PVCR,SMBDR,60840,167680,58920,29280,0,129423,34320,0,0,720
FLPL,RMFL,0,0,0,0,162480,51025,352080,980000,0,38440
BDUR,BWM-VR04,14880,0,0,0,0,0,0,0,0,0
AQR,IL2VL,0,0,0,0,5760,0,205680,0,97800,0
BWM-VR01,SMDDR,77760,77568,81480,51480,191400,122327,204240,129000,256000,147440
AIZL,SIBDL,51960,272384,27480,130800,119640,67584,312480,378600,158000,307920
ASER,CEPVR,0,0,2040,0,0,0,0,0,0,0
OLLR,RMDL,86760,279296,184920,255720,550200,1035386,1000800,367800,361000,545280
BWM-VR01,SIBDR,0,0,0,0,0,0,34320,0,4800,0
ALNL,RIML,0,0,0,0,0,0,0,0,0,1840
BWM-DL05,IL1DL,0,0,0,0,0,0,0,79500,0,0
AIBL,IL2R,19200,0,16560,0,12360,1689,0,0,0,266400
AVKL,DVC,683520,2695424,2188440,1428360,4114800,2823659,4209840,3731000,4542400,4276320
ASER,AUAR,129000,4608,0,50760,115200,21288,376320,59400,0,14880
BWM-VL05,SIAVL,0,0,0,5400,35880,0,0,0,0,80
ADER,RMDR,0,0,0,0,0,64542,178080,500200,955800,719440
AVEL,IL1R,89520,271872,190080,21120,149880,522424,249840,75200,127000,178000
DVA,SMBVL,0,1280,0,167880,0,518707,1121760,490100,531600,236880
RICR,URAVR,0,0,6240,61200,17520,0,0,39300,0,0
RMDR,SMBDR,18000,0,0,0,105960,0,0,0,0,0
ADFR,RIS,0,0,22320,0,0,0,0,0,0,0
RIMR,SAAVL,1259640,2089984,1693320,1814520,4181760,3107512,5500080,4928400,3559700,3836640
AUAL,BAGR,186000,167168,36240,63360,233160,188221,1535520,326500,452800,182840
BAGL,RIML,0,0,0,0,3240,11151,31440,0,473600,0
BWM-DL02,RMDDR,466560,827648,318840,289680,731160,411586,966240,1071000,770800,1289400
AVER,RID,24720,0,0,0,87600,0,0,0,0,2960
ASJL,OLQDL,6240,75008,21360,41400,49200,54743,90480,41100,93500,60160
AVAR,SAAVL,279600,1196032,508560,642120,1294800,991795,2785200,1368800,1645700,1322000
AIZL,IL2VL,0,0,0,0,0,0,0,0,0,37440
ADAL,PLNL,0,0,0,0,0,0,0,0,19200,0
AQR,RIVL,0,0,0,15480,45360,39874,62640,0,0,0
AFDL,RIH,0,0,0,0,0,0,0,7200,183000,0
BDUL,PVR,676920,618496,345600,560040,172560,556216,174000,0,0,0
AIZR,RID,0,0,720,480,0,0,0,0,0,0
ALML,IL2L,0,55552,2760,0,108000,0,0,0,0,0
ASKL,URADL,0,0,0,0,0,2027,0,0,0,2920
AIAL,AWCL,700560,1536512,1284840,1270680,2588880,2794598,3173520,3099600,3374800,1378160
BWM-DL03,RIPL,0,0,0,0,0,0,4560,0,0,0
AVFR,RIML,0,0,0,0,3960,0,208800,0,0,0
AWAR,RIPL,0,0,0,0,0,0,0,0,0,73760
IL2VL,RMER,162600,289792,284040,359280,442320,578181,2034960,850700,778000,979760
ASKR,RIPL,0,0,0,0,0,0,0,20700,0,0
IL2VL,RIBL,121440,39424,0,0,0,0,310800,300,240800,80520
ADFL,BAGR,80400,0,0,0,30960,48322,90000,0,0,12080
BWM-DR04,SAAVR,18000,0,7800,0,0,0,0,0,21600,0
AVFR,SDQR,0,0,0,0,0,0,0,9800,0,0
AIYL,RIML,206880,191232,261000,81120,310440,334540,913680,941600,325600,553840
AVAR,SMDDL,560040,1060608,724800,835800,1342800,1744005,2329680,1334600,1828000,2386320
RIAL,SIADL,69960,162048,292680,383160,801240,460247,1797120,769600,1685800,1614800
BWM-DL07,BWM-DR03,0,0,0,6240,0,0,0,0,0,920
SMBVL,SMDDR,62040,0,18840,97320,0,0,0,86200,137800,172600
BWM-DL02,URBL,394560,736256,183240,0,0,0,0,0,0,0
AVAL,SAAVR,408840,652288,343800,762120,1247760,1596334,2335920,1355100,1253800,2106560
ADEL,URADL,0,0,0,0,0,0,0,27600,0,0
AQR,RIMR,0,0,0,8520,13920,0,1680,20100,0,0
ASHR,AWCR,0,0,0,1800,0,0,0,0,0,0
RIBR,SMDDL,250080,551680,596520,347520,1181880,1098915,1584240,1124600,843700,1485920
AQR,SMBVR,0,0,0,0,24720,8110,72240,0,0,0
RIVR,SIBVR,15720,0,15840,480,323280,35819,0,0,0,20480
AQR,IL1DL,0,0,0,0,0,8785,0,0,0,0
AVBL,PVCR,450000,755712,750840,802320,667320,3178137,5020320,3633800,3889200,2915280
IL2L,SIBDL,10920,60672,6720,0,0,0,123600,0,17000,80
AIAL,AIAR,14160,165376,105120,64560,323400,0,367440,591000,464600,546640
SMBVL,SMDVR,216600,477952,350040,419400,390840,161187,896640,428000,293100,462480
AQR,RMGL,0,0,0,0,0,0,480,0,0,0
BWM-VL03,RMDVR,613560,662784,475080,814200,1198560,1589913,1876800,1619900,918200,1392480
ASEL,CEPDR,360,0,0,0,0,0,0,1600,40800,0
ASIL,IL1L,27000,0,0,49200,36960,112865,101040,152000,44300,197600
AVER,SIADR,27480,0,85320,0,32040,242288,352080,25800,0,0
AVAL,RIS,32280,0,0,0,22800,14868,0,0,133600,0
AWCR,OLLR,37800,22528,0,0,138000,69949,29280,2400,7400,0
RIS,SMBVL,0,0,0,8280,51720,83128,302160,0,139200,190400
AIZR,SIADR,131640,190464,84360,159840,33000,315955,482160,0,461800,182640
ALMR,RMHR,0,0,0,0,0,41226,0,0,0,0
AIZL,IL1DL,0,32256,0,0,9000,0,0,0,0,11960
IL2L,IL2VL,0,46080,65400,89880,81480,225054,244080,600800,215300,572560
AVBL,IL2DR,0,0,0,0,0,0,0,294800,147500,100160
ALML,SIBVL,0,16896,0,0,0,0,0,0,0,0
FLPL,SDQR,0,0,0,13440,3600,368670,132240,551900,652700,671920
HSNL,RIML,0,0,0,0,0,0,1680,0,0,0
ASEL,BAGR,0,0,7440,29160,0,266956,699840,0,22200,0
SAAVR,SMBVR,0,0,0,0,36480,0,0,0,0,0
AQR,SIBDR,0,0,0,0,161040,0,105600,138800,354100,125600
BWM-VL01,OLQVL,0,0,0,3120,18600,0,0,0,0,0
AVKL,RMHL,0,0,0,188280,6960,383201,916080,138900,213200,478240
AVDR,AVFL,0,0,0,0,141360,0,315840,0,334600,214000
BWM-DR08,PVR,20400,0,0,0,120,69273,242640,10000,63600,50560
PVWL,PVWR,0,0,0,0,0,0,0,5701800,10986900,5621960
BWM-VL08,SIBDL,0,26624,14880,11400,39240,214579,95520,97000,0,0
RIGR,SAAVL,226800,728320,659400,618240,1203720,84817,1587840,121600,356200,28000
AVAR,PVPL,181200,359168,129360,213360,1002480,637655,808560,101400,979900,653280
RIMR,RIR,0,0,34200,0,0,0,0,0,0,0
AVHL,RIVL,30960,61184,90720,70800,267480,220999,785760,102600,90800,168520
AWCR,DVA,0,0,0,0,0,0,0,0,0,80
RIAR,RMDL,836880,2118400,959400,1271400,3044160,3038914,4762080,4375400,3853600,4810720
OLLL,RMEV,599040,738816,557640,915120,2002320,2363750,4123920,1976400,1606900,1118680
AVAR,RIR,0,60160,37680,5280,2400,80762,370560,655000,608200,32800
HSNL,SDQR,0,0,0,0,0,0,39840,0,0,0
AIAR,AWAL,26400,0,80400,4560,201480,0,28800,10400,7400,0
AIMR,FLPR,0,4864,0,0,0,0,131040,0,0,0
AVJL,URXR,0,0,4440,39960,32040,1351,96960,169600,92800,116560
AVL,SIAVR,0,0,0,85080,0,0,310560,0,59000,23680
AVFR,AWBL,0,0,0,0,1080,316293,113760,466800,611000,204280
BDUR,PVQL,0,0,0,0,0,0,0,312400,0,5600
AIMR,ASJR,1084800,1543424,746400,1497120,1893840,2196480,5707200,1889000,2649800,1901200
PVCL,URADL,0,0,0,12000,14520,2365,0,0,0,0
RIGL,RMEV,251040,261376,337440,191760,434040,193966,313920,746000,967800,51240
AVDR,RMHR,0,0,0,9840,0,0,0,0,0,0
ASKR,RIPR,0,0,0,0,0,0,0,1435400,1819200,2091280
SAAVR,SMDDR,293160,314112,174600,280800,396720,637655,636000,111400,543200,594880
IL2R,SIAVR,7800,768,82320,14040,163200,235192,0,0,0,31480
RIH,URYVL,625800,122368,571080,208440,12720,746465,981600,1089000,1729000,2466640
SAAVR,SIBDR,95400,95488,31680,56400,132120,99686,165840,139600,172400,25160
PVR,URXR,0,0,2520,0,0,0,0,0,0,0
BWM-VL03,RMDVL,62040,207360,394320,69600,408600,281487,404640,269500,464700,298280
AWAL,URXL,59400,210944,10320,9600,110160,0,0,0,0,0
IL2VL,SIBVR,7560,17920,0,13920,0,4055,102240,83200,27600,267760
AVHL,RIMR,39120,0,0,6960,33600,104079,219840,665800,470000,57040
AVJR,SMDDL,0,0,0,2880,0,74680,0,115400,18400,0
AVAL,OLQVL,0,8192,8520,1320,33720,19937,96960,0,3200,0
AIYL,AWBL,399120,807168,369120,412800,806400,1045186,1170960,768200,509500,668880
AVHL,SMBVR,35040,81408,148560,183840,552840,433889,1507440,80200,299700,404240
RIPL,RMDVL,0,13568,1800,16920,0,25681,0,1700,0,10640
BWM-DL06,RMER,0,0,0,0,0,0,0,0,16800,0
AVHL,IL1DL,720,27392,13200,20400,48120,48660,0,93400,100300,71040
AVKL,CEPDR,0,0,11280,0,0,13854,0,0,0,0
ADLR,URXR,20640,0,0,60840,128280,16558,9840,71800,0,0
BWM-DR02,IL2R,0,8448,0,0,5280,0,0,0,0,0
ADAL,RMDDR,0,0,27240,6000,46440,0,102960,1000,7600,18720
AVAR,AVHL,1080,163328,306960,35400,0,654551,1508640,738000,1049300,541280
BWM-VL08,URBL,0,5888,11280,0,25320,1689,0,0,0,0
RMGR,SMBDR,119400,287232,135720,87960,194040,135505,823200,276500,10600,124960
AVBR,RMFL,0,0,0,0,0,0,557280,0,122000,315040
AVDL,OLQDR,27720,66048,50520,23040,84600,164904,102240,169200,143500,224000
BWM-DR01,RMDDR,98880,73472,120360,3480,140520,35819,0,69200,92000,90640
PVPR,SMBVL,0,0,0,0,37560,0,0,0,0,0
AVJR,PVQL,0,0,0,13200,27720,57108,762240,66800,100,17200
ASJR,AVAR,0,0,103440,0,0,0,0,0,0,0
SAAVL,SMDVL,554760,872704,814200,1105320,1581600,1750087,2690160,1440000,1515600,1914000
OLQDL,URYDL,1197120,2665984,3802080,512040,3925320,2157281,3919680,4581600,2814000,4186080
AVKL,BAGR,0,0,0,0,0,0,0,115100,0,0
SMDDL,URYDR,67800,541952,690240,242640,671400,689018,680640,359400,442400,330840
BDUL,PVWL,0,0,0,0,0,0,7164240,2694400,3734800,3410800
AVM,PVCL,0,0,0,0,0,735651,2277600,3162600,3055900,2048000
AINR,URYDR,0,16640,0,20040,6000,5068,79200,84600,0,148920
AVHL,SIBDR,6000,7168,165960,19200,224160,176732,495840,282600,216600,69200
ASHR,SIADR,10680,0,0,0,0,0,0,0,0,0
RICL,RMEV,0,0,0,0,136560,97320,0,148300,0,0
RIVR,SIADL,32400,5376,35160,0,89400,26019,86160,131800,15600,147120
CEPDL,SMBDL,0,8192,0,0,0,22978,0,213900,0,50480
URADR,URAVR,0,0,0,0,0,0,0,551600,396800,765400
BWM-VL04,PLNL,0,0,0,0,0,0,48240,0,66000,0
RMDR,URBL,262560,322304,295680,369480,214440,201738,228960,788800,367400,603360
ADFR,IL2R,0,0,0,0,0,0,0,695400,890200,757280
BWM-DL06,BWM-DL08,86400,225792,244560,443880,1371720,2105241,6007680,1809500,2006100,1621920
AQR,RICL,0,0,0,0,0,1351,518880,515400,163400,1188240
DVC,SAAVL,0,168448,0,5160,0,0,0,0,0,160
ASHL,ASJR,0,0,2520,0,0,0,0,0,0,0
RIGR,RIR,298440,734208,558000,369600,1280520,1364183,2248560,615300,793300,836000
ADAL,URBL,197880,391424,313560,293520,521880,557230,2324160,150800,470800,245760
SIBDL,URYVL,10200,74752,59640,51960,89280,210186,238080,154400,90900,72960
AVJR,RIR,33960,0,0,0,5760,0,0,0,0,8040
AIAR,AVHL,0,0,0,0,5280,0,0,1100,0,14960
PVCL,RIFR,207840,0,99600,16200,0,0,0,56000,28300,74240
BWM-VR01,RMER,4440,5120,4920,9960,32400,63528,57840,34400,3900,59520
ADLR,AVAR,0,0,30840,92280,0,192276,1544880,439800,527400,182400
DVA,DVC,0,0,6480,0,480,0,0,66200,4000,43840
ADAR,AWBR,36000,100096,119880,82080,90840,137195,167760,857000,682000,210600
IL1R,RIAL,55320,42496,40560,16440,197520,130099,164400,425600,152400,308560
AINR,RIVR,0,0,43680,1920,0,0,319200,0,90000,183680
AINR,URADL,0,0,0,2400,240,2027,0,0,0,2160
BWM-DR02,BWM-DR04,635520,1914368,1496760,1130760,5012280,7874549,8150160,5562900,6992600,6467360
OLQVL,URAVL,288480,385024,283680,130920,354600,454840,445200,529200,931200,955160
BWM-DR05,CEPDR,99720,353536,131640,133800,376080,263915,982560,930000,442000,582640
AVFL,URYDR,0,0,0,0,0,7096,53760,0,0,67120
RIGL,RMHR,0,0,0,72240,27240,846151,1698480,1019300,947200,1181600
AINL,RIGR,0,0,21480,0,0,0,0,38200,0,50080
CEPVL,SMDDL,3600,41472,21840,0,0,0,0,0,0,0
AVM,SMBDR,0,0,0,0,5640,149698,462240,0,0,0
IL2VR,SIAVR,12240,22528,2640,10560,29160,46295,72480,66500,69800,44880
DVC,SMDDL,840,12800,27360,840,0,0,0,0,0,4600
ADAL,HSNR,0,0,0,0,0,0,220560,0,0,0
AIBL,OLLL,1200,0,0,0,0,0,10800,0,0,0
ADAL,AVHR,120240,423680,206520,259440,642840,546078,706800,516600,445400,841640
AVKR,SIADL,193200,207360,241560,627120,496560,1118515,658320,1139500,643600,516960
PVR,URAVL,56520,209152,230160,20040,84360,0,3120,0,296300,171360
RMHR,SIBVR,0,0,0,116640,315720,153077,32640,0,289700,75040
AVEL,OLQDR,75720,180992,151320,84240,102120,45281,134400,213200,346600,258480
AVAL,OLQDL,5280,0,1200,0,42960,9461,0,93200,0,200
PVPL,RIFL,0,56064,0,354720,234960,978278,2448480,776400,1821600,775840
ASIR,AVHR,9480,0,0,0,0,0,2160,0,0,0
BWM-DR04,IL2R,0,0,0,0,45000,33792,0,0,0,0
CEPVR,OLQVR,36960,254208,242400,325200,845160,1351680,1685520,438900,331600,555520
AWAR,PVQL,0,0,27360,0,0,0,0,0,0,0
AVKR,DVA,0,0,0,0,256200,0,0,214800,150500,0
ALML,AQR,0,0,0,0,0,0,333120,0,0,0
ASKR,PVQL,0,0,0,0,0,80087,0,12100,48000,0
AIYL,SMBDR,0,88064,0,0,0,0,0,0,0,0
AVFL,URADL,0,0,0,0,0,0,0,8400,0,56440
RIR,URYVL,166800,39424,186960,149400,31320,121313,127440,102600,144800,230640
AVDL,PVT,0,0,0,0,0,0,2880,0,0,0
AVHR,PVR,8040,60160,9240,119760,34800,0,0,0,0,0
RMGL,SMBDR,0,0,0,0,0,0,519600,0,428000,298480
ASGR,RICR,1800,19200,29400,180480,320040,47984,577440,143000,154400,12480
AVBR,SDQR,0,0,0,0,0,879605,2739360,2149000,1693800,1204240
ADEL,ADLL,0,0,0,600,0,0,0,0,0,0
ASJL,OLLL,17880,39680,37560,24600,67200,47646,31920,61800,203800,104280
ADAR,RIAR,0,44544,118560,124080,293280,76707,348720,149300,371700,195680
AVKL,FLPL,65520,0,0,0,1800,0,0,0,0,0
AIML,AVBR,0,0,0,0,204120,0,381600,0,548500,110080
AVHL,RICL,0,0,0,0,0,539320,443760,0,123600,0
BDUL,SAADL,0,0,0,0,0,0,31680,0,0,0
BWM-VL03,RIPL,0,0,0,0,3720,0,0,0,0,0
BWM-DR03,SMBDR,0,0,0,0,0,5406,0,13000,0,0
AVBL,IL2DL,0,0,0,0,60960,0,15120,102200,53000,12080
AFDR,IL1R,6360,0,7080,600,3720,0,0,81800,134400,0
RMEL,URXR,0,0,0,0,12960,0,0,2300,0,0
DVC,PVPL,0,0,0,0,253560,151050,2160,3700,0,476080
IL2DL,RID,0,0,0,0,0,0,0,54600,282700,159280
IL2VR,RIBR,0,0,0,23760,3960,0,0,130600,124000,78800
PVWL,RIS,0,0,0,0,0,0,490560,0,99400,0
AWAR,RIR,0,0,0,0,184200,0,4320,170200,241200,141920
RIPL,RIPL,0,0,0,20160,480,5068,5760,0,0,0
AIMR,PVQR,751920,959232,711360,557640,1383120,950231,1249440,297400,809900,1043440
ASER,AWCR,955200,2367488,985920,1272840,3896880,2881443,4632480,2465800,5816800,5699000
AVER,RIVL,0,43264,33600,0,109440,127057,112320,91400,0,24080
AIYL,AVM,0,0,0,0,78840,130099,5280,19600,15400,7360
IL1R,RIBR,0,22528,78000,0,155040,276080,0,321800,355600,253120
RMFR,URADR,0,0,0,0,0,1351,0,0,0,0
AUAL,AVER,0,0,2760,0,0,0,0,0,0,0
ADLR,AQR,0,0,0,13440,0,0,7200,0,0,0
OLQDL,RIAL,0,0,4800,0,40080,6082,0,0,0,0
RIML,URBL,0,16128,0,0,0,0,0,0,0,0
ASIL,AVJL,10800,38656,27240,0,0,0,0,72700,0,243680
DVA,RMHL,0,0,0,120960,400800,0,676560,105200,307000,0
AINR,ASGL,0,85760,30720,20640,37320,0,0,33700,63600,0
AVDL,URADR,2880,8960,0,0,0,0,0,0,0,0
AIMR,AVBL,0,0,0,0,141120,0,0,0,354400,0
ASJR,SAAVL,0,38656,59400,0,53160,75018,10800,100400,83400,97840
AFDL,IL2DL,1440,0,5400,0,15960,10137,55200,0,4000,18320
AVFL,CEPVL,0,0,0,0,14880,0,0,181000,144000,156480
CEPDR,RMDR,174360,251392,231240,479640,777840,611973,2028720,612400,930900,846640
ALNL,RIAL,0,0,0,0,298560,0,59040,260900,0,280720
AVFL,RIFR,0,0,0,0,702240,1333432,1914000,812600,557000,115760
AVER,RIMR,173880,489472,525720,606120,957120,954624,1705200,1037800,1398200,1353520
AWBL,PVPL,95040,134144,93840,124320,44520,0,523920,0,0,87520
ADAR,ADLR,142920,101632,243600,309120,317400,715038,860160,686400,837600,583840
AIML,BDUL,600,26624,1800,0,129000,0,165600,103800,7000,288160
AVER,SMBVR,13320,30720,0,11760,73680,198021,103440,222400,456400,102240
RMFL,SMBVL,0,0,0,0,372000,0,192240,138800,148800,289840
ADFL,AVER,960,0,0,0,0,2365,0,0,0,0
AVDL,CEPVR,45480,74752,42120,33240,133080,72652,111120,116600,0,37920
AWBL,RIR,231120,111872,0,213960,1200,0,648720,0,180600,0
AVEL,PVT,0,84736,67800,7440,0,26019,30240,0,0,0
PVT,RMHL,0,0,0,0,0,0,0,8600,0,44520
AIZR,RIMR,861600,1423104,799560,1084440,2033280,3023708,5401920,3266400,3467700,3750800
BWM-VR07,RMEV,0,0,34200,45600,0,100362,267120,0,439600,8160
AIZR,SMBVR,1090080,1509888,1145760,1723560,2228280,2382673,4348800,5511200,5332800,3284240
IL1DL,URADL,461040,794368,557520,452520,1620360,1766645,2706960,1605200,1406100,1179040
AVER,RMGL,2760,3328,5520,9480,0,0,0,0,0,0
RMHL,SAAVL,0,0,0,156720,538800,98672,0,22600,52000,0
AIYR,AVBR,28920,108288,36000,0,360,0,139680,315200,130800,229760
ASJR,SMDDL,13680,26624,11160,15840,42480,51025,4080,48000,32800,15920
RMHR,SIADL,0,0,0,15720,59760,193628,0,0,136600,0
AWCL,RMEV,0,0,0,72720,0,0,0,0,73600,0
AVHR,BDUL,80400,186112,116160,23640,315720,385228,70560,185600,63000,2800
RIAL,SAAVR,28920,58112,55440,63840,215640,27371,113520,100000,114200,47280
ASHL,PVQR,180720,70656,0,0,0,0,0,0,0,0
AIBL,OLQDR,0,0,0,0,0,34805,0,3200,0,2120
BWM-DR06,BWM-VR04,0,32000,0,12840,67800,5068,59280,0,0,0
RID,SMBVL,41760,5376,56640,125880,3720,82114,280320,104600,891400,320120
BAGR,SIBVL,77760,87808,55200,111240,69960,112527,122160,125000,184400,94640
AVER,SMDDR,111840,347648,171720,535320,444720,558243,1448400,837400,924200,1089200
AUAR,URYDR,5760,0,3480,6480,0,1013,27360,113800,89600,18920
BWM-VL04,URBL,39600,459520,218880,2640,180960,0,0,0,500,5000
AVER,SIBDR,0,0,0,0,0,0,0,0,0,4000
SIAVL,URAVL,24240,34304,7200,18000,34800,35819,138000,62200,70100,45360
AVKL,IL1L,0,0,0,0,0,0,0,0,0,26160
ADFR,AIZR,2013120,1659392,1231680,1997040,2418600,2990254,6407760,5026900,3426200,3601840
AIMR,SIADL,16080,44032,25800,99480,1560,57784,70320,79100,62200,63120
RIPL,RIPR,191520,572160,391440,561000,515760,74680,0,4300,0,7280
AIZR,SMDDR,2760,0,2880,0,0,0,14880,0,0,0
AIZR,SIBDR,83040,212992,115560,47400,357240,209510,300720,197200,269400,312920
RIPR,RMED,183600,331776,242400,320880,251880,332513,368400,342000,273200,350680
AVDR,IL2VL,0,0,0,0,0,0,0,38700,297600,243280
AVJL,RIGR,128280,0,0,0,10800,0,0,0,0,0
RMEL,URAVL,142200,132608,194760,32760,305640,443013,582000,1034800,1220200,1809600
RMHL,SMDDL,0,0,0,331200,438360,673136,1927920,804000,1162400,1055040
RIS,RMHL,0,0,0,296280,0,0,0,0,0,0
AIML,PVWL,0,0,0,0,0,0,649680,0,0,38240
AIMR,DVA,0,0,0,19080,0,0,0,0,0,0
ALA,AVFL,0,0,0,0,0,174028,71760,194000,132500,135560
ASHL,AVBL,888720,1672704,735840,1284960,2037000,1641953,4677600,561100,1228000,542560
AVAR,RIML,891120,1100544,775560,1313880,2807880,2760806,5305440,3155700,3860600,3150840
ADFL,RICR,0,0,0,0,0,0,0,163000,0,0
RIBL,URBL,0,0,0,0,2280,0,9120,0,61900,80
RIFL,SAAVL,0,0,0,0,0,0,0,142600,0,0
ADLR,SMDDL,0,0,0,0,96120,0,0,0,0,0
AWCR,SAAVR,42720,0,0,0,1200,8785,0,0,0,2160
ADAR,IL1DR,0,0,38400,960,0,0,0,0,0,0
AIML,RIGL,0,0,0,0,6840,0,237840,0,213400,0
AUAR,RIVR,66000,32256,45000,96360,68880,162539,216000,428900,283800,369840
RIBR,RIML,31560,26112,265800,94080,437160,325079,342000,56200,514500,204480
SMDVL,SMDVR,423360,1317632,1093200,737640,1989240,2361047,1596000,2080300,1929600,2730680
ADFR,OLQVR,7800,45312,19680,0,170280,2703,136560,102200,43400,73640
ADER,RIVR,0,0,0,194160,489720,321024,337440,1807000,1030700,472400
RIMR,SDQR,0,0,0,80400,406800,408207,196320,279600,971800,529120
BAGL,URYVL,0,0,7800,0,0,0,0,0,0,0
ASKL,AVAL,0,0,0,0,0,106444,0,0,0,0
FLPL,RIAL,0,0,0,0,0,0,0,99400,0,63040
AVJL,SMBDL,0,0,4080,0,0,0,0,0,0,0
AVDR,RIVL,1440,0,6600,0,0,0,0,3600,0,0
AVER,RMDDL,70320,290560,207240,191160,419160,492349,780240,521000,591200,600040
AVAR,SDQR,0,0,0,0,0,2007244,549840,485400,465000,1263840
ALMR,SMBVR,0,79616,0,21600,0,0,0,0,0,0
BWM-DR07,CEPDL,0,0,90480,0,0,0,102720,0,0,0
AVHR,PVWL,0,0,0,0,0,0,487440,104800,2500,14640
ASJL,AWCL,2640,0,0,1680,0,0,0,0,0,0
AVEL,CEPVR,230400,269824,104280,374760,413040,723148,1908720,912400,660200,1120520
BWM-VL02,OLLL,0,0,31080,2400,0,0,0,0,0,0
ASIR,RIAR,0,0,0,0,117840,218296,0,153400,188400,67680
ASIL,AVAL,3960,0,0,0,6840,181125,0,122800,503600,0
BAGL,RIBR,1084440,1490432,1134960,1791240,3155880,3340677,5472240,2748400,4679400,4377120
SIBDR,URYDL,21240,105728,26760,51240,55200,119623,124080,181600,178800,70000
OLLL,SIBDL,0,110080,0,0,0,0,0,0,0,0
AIMR,ASJL,111720,31488,5640,56280,0,0,0,0,36500,151120
SAAVR,SIBVR,0,183552,24840,0,17280,35819,0,0,18200,0
ASHR,RIMR,75720,357632,215760,927000,331200,159160,408960,385700,96800,165680
ASHR,SMBVR,736320,731648,659520,431280,946800,528844,1173600,630800,815800,814000
AIBL,ALA,0,0,0,0,480,0,0,0,0,0
RMGL,URBL,0,0,0,9480,39960,260198,260880,39600,47000,0
FLPL,SIAVR,0,0,0,57120,0,370698,275520,0,726500,96960
SIBDR,URXL,77640,44288,72600,95040,113280,160849,163680,0,15400,93720
ADEL,FLPR,78240,146944,196080,0,342240,242626,462480,1481400,624600,1064720
OLLL,RMDDR,0,77568,33600,87840,0,28723,0,368100,245800,160840
ALMR,SIBDR,0,17920,0,0,0,0,0,0,0,0
AVBR,URYDL,3720,0,0,11760,6120,0,23280,198800,0,119520
ADFL,RIPL,0,0,0,0,0,0,0,142500,710300,241920
AVDR,IL1DL,57960,56320,41640,0,100080,143278,55200,104700,73000,78760
RIGL,SIBDL,5760,33024,0,0,0,0,0,0,0,0
ASER,URYDR,0,0,2760,0,0,0,2160,0,81200,14160
AIBR,RMFR,0,0,0,0,0,984698,1202160,108100,168800,3680
ALNR,RMFL,0,0,0,0,0,0,61200,473200,429800,448000
BDUR,SDQR,0,0,0,134880,341040,243978,87600,100600,83800,277240
ASHL,DVA,3240,24576,0,0,0,0,0,0,0,0
BWM-VL07,SIAVL,1080,23808,0,0,2520,0,0,0,0,0
AVDR,RMGL,16200,55552,9360,113760,227280,198696,525600,302200,181400,228640
BWM-VR03,RMDVR,170400,199936,108240,227520,659280,229109,138720,157200,317000,231400
AVER,RICL,58560,50176,0,0,0,0,0,0,0,189360
AIBR,RIGL,944880,1430272,333960,912720,979440,2475264,3564480,2199800,1985300,1462160
BDUL,PVCR,30600,0,0,219000,0,0,302400,0,0,0
ASGR,PLNR,0,0,0,0,0,0,224400,0,0,0
SIADR,SIBVL,4200,2816,56280,38160,480480,260198,1414320,445000,867800,809040
AVEL,RMDL,125160,212992,227520,182160,145080,169635,1176960,522100,581400,479880
SAADR,SMBDR,204720,354048,531000,329760,754680,943472,2257440,980600,1508600,1475120
AIMR,ASHR,77160,83968,239160,457560,159840,215255,382560,503000,992600,1330760
AIZL,BAGL,0,0,0,35280,0,7434,25680,0,1300,0
AIZR,RICL,0,0,0,0,0,0,0,0,2500,0
ADFL,AVJL,0,0,0,0,0,0,0,270400,357700,119200
ASHR,SIBDR,0,0,0,69600,0,0,0,0,0,0
ASIL,ASIR,106440,99584,151920,7680,140880,182138,18960,116500,138000,107760
BWM-DR06,SMDDL,0,0,0,0,79080,6420,12240,29400,20400,0
ASHL,AUAL,0,0,0,6480,0,0,0,0,0,0
AUAR,RIFR,0,0,0,0,0,207820,0,0,0,0
AIYR,RMFR,0,0,0,0,0,0,0,0,35700,0
RMDDR,RMEV,109440,688640,560400,283080,943560,1377024,1709040,1910700,1006300,1246480
ADER,RIFR,0,0,0,0,44160,146319,318240,0,59000,102240
RIGR,RIML,102240,180224,282480,247680,336600,116582,748800,657800,314600,399400
AVFL,SMDVR,0,0,0,149520,9120,0,0,0,7100,120480
AVJR,RIML,23160,20480,31200,101640,145800,1111756,1262400,52100,32300,624880
CEPDL,RMEV,0,0,97200,0,0,0,0,204600,0,53840
ASEL,HSNL,0,0,0,0,0,0,493200,0,0,0
AIYR,RIGL,4800,0,74640,0,25560,0,0,37200,0,31600
ALMR,RMDDL,121320,153344,38400,0,0,126044,144480,155700,300,0
OLLL,URBL,648360,1064960,640560,500280,1234800,1320253,993840,2364800,3264400,3401680
RIVR,SAAVR,308640,476416,409560,241560,282120,332175,1056000,1362300,1158000,619120
BWM-DR05,BWM-DR07,36840,176640,98400,445560,855840,2512773,4577040,0,2714600,1993440
ADLL,BWM-DL02,0,0,0,9120,0,0,0,0,0,0
RMDL,SDQL,0,0,0,0,0,0,44880,0,0,0
ADLR,AVHL,107880,32768,146280,168960,268320,505866,2259600,0,136000,65840
AVBL,SAAVL,0,1024,24360,840,0,0,5040,5100,0,2520
RIGR,SDQR,0,0,0,2880,0,0,0,0,0,0
BWM-VR04,RIVL,0,0,0,0,0,28723,372960,85500,41100,13040
IL1L,SIADL,0,0,33240,0,0,0,0,0,0,16400
AVJR,SDQR,0,0,0,0,0,19599,0,0,131100,89760
AVL,OLQDR,14520,3072,42120,17040,292560,94617,96960,5600,70400,360
ALML,RIFL,0,288512,135000,532320,346800,494714,1173600,142900,30200,83160
AIBR,RMED,0,0,0,0,77400,0,419520,120200,124000,0
IL2R,OLQDR,111600,379136,677160,480240,1258800,886026,2036640,758800,719800,542360
RICL,SIBDL,495720,411136,507960,370680,356040,763023,1023120,1140400,786900,1055280
BWM-DL05,PVR,0,0,0,31080,10320,0,0,63400,0,29680
ASHL,ASJL,146880,18176,0,4920,0,8448,47280,0,33600,0
BWM-DL05,SMDVL,0,0,1560,0,0,0,0,0,0,0
AFDR,OLQDR,12720,0,0,8520,0,49336,0,0,0,0
AVHR,SAADL,3960,44800,30840,0,84480,39874,208320,119700,0,10120
AIMR,PVWR,0,0,0,0,0,0,0,0,6500,80
RICL,RMDDR,47040,36608,160080,394800,87240,355491,874560,198600,436000,257120
AIBL,URADR,0,0,0,0,0,15206,0,0,0,0
AVJL,RIFL,86520,186624,0,206640,97200,260198,837360,245600,375000,56160
ASEL,AVJL,0,0,480,0,0,0,0,29400,0,9160
AIYR,URBR,0,0,0,0,0,0,0,0,4900,0
AVHL,BAGL,60480,34816,0,0,77280,0,0,37400,0,0
HSNR,URXL,0,0,0,0,0,0,24960,0,0,0
ADLL,AVBR,0,0,12240,0,6240,6420,0,0,0,0
AWBR,SIAVR,0,0,0,0,0,0,83760,0,135700,0
PVR,RIFL,67920,199168,0,33360,0,0,0,0,0,0
AVBL,SMDDL,0,0,0,0,40440,0,0,0,4600,0
PLNL,RMFL,0,0,0,0,0,0,382560,512800,433200,0
BWM-VR04,SMBVR,192000,79360,102960,58680,95520,308183,606000,333500,114900,157040
ASHL,SIAVL,66240,117760,42840,0,0,0,0,0,0,0
AVDL,AVEL,0,0,0,0,0,0,114960,0,0,240
ALMR,RICL,52560,65792,0,27360,0,0,0,0,6000,0
AIAL,RID,32880,4352,0,0,0,0,0,0,465000,149760
AVKR,SAAVR,0,125952,22200,0,0,0,0,0,0,0
ASHL,ASHR,62880,162048,110040,71040,166560,430510,367200,378500,550400,442400
RIVL,SIAVL,0,0,0,0,24480,0,0,0,0,0
AIBL,CEPVR,14880,0,0,0,0,0,0,0,0,0
AFDL,SAAVL,3360,5376,4680,0,0,0,0,0,0,0
AVBL,AWAL,23280,109824,75000,21600,89400,201738,14640,0,109700,207680
RICR,SIBDL,97800,110848,371520,153840,257280,69949,576240,335300,1163400,614160
AIBL,AUAR,70200,141312,0,40800,279360,176732,187680,329600,198100,134160
AIBR,ASGR,287520,407808,566760,375720,1113840,1080668,1083120,300700,174200,3280
RIAR,RIVR,143760,384512,533880,563880,903720,313927,1981200,1136300,1565800,1147920
RMEV,RMFL,0,0,0,0,0,84480,0,0,0,0
RICR,RMDDR,0,22528,240,20040,62280,0,86400,36200,5800,39040
ASER,CEPVL,0,0,0,0,78960,0,0,80600,302600,0
ASIR,IL1DR,13800,17664,18720,16800,6840,25006,42960,39400,64800,53760
IL2DL,RIVL,0,0,0,17640,0,0,0,82800,229400,235360
AVKR,RIS,470760,996352,607440,2076120,2727240,1113108,4492800,3638800,4154600,2028720
ALNR,SDQR,0,0,0,0,43200,0,0,0,0,0
ASER,RIFR,8160,93440,218640,82320,276240,48660,258960,28200,82800,214160
ADFR,AVJR,0,0,0,0,7080,0,0,142000,159000,65040
IL1DL,SMDVR,0,0,9000,0,0,0,0,0,21200,0
DVC,RIML,0,108032,22680,48120,30360,189911,352320,10200,551400,453120
ASHR,RICL,0,0,0,0,0,71976,79920,0,0,49880
AINL,ASER,0,33280,840,389520,24480,40212,0,49600,477100,4640
ADFR,AWCL,0,22528,0,0,0,3717,0,300,0,0
BWM-VR04,SIBDR,12960,0,12720,20640,82680,64542,198000,134600,177700,90040
AVFR,AWBR,0,0,0,0,0,147333,0,175000,120700,673400
RMDVR,RMFL,0,0,0,0,35400,0,362880,12500,109500,1920
RMDDR,RMHR,0,0,0,17520,101160,850206,1263840,627400,430600,827120
AVJR,AWBL,0,0,0,0,10800,0,0,222400,0,273520
AQR,PVR,0,0,0,95280,2880,0,13680,0,47600,0
AVER,RIBL,686760,1271296,708360,540720,2286240,2946662,3041760,2642000,3450200,3073840
CEPVL,SDQR,0,0,0,0,0,0,73200,271200,0,38480
ASKL,PVQR,27960,211456,0,110280,148320,155105,0,0,0,0
AVBR,RIAL,0,0,0,0,148680,0,0,106700,0,0
OLQVR,RIBR,142320,175360,111720,200160,263400,273377,399360,783000,614800,486960
AVBL,PVPL,397320,1062400,428040,951120,1158480,2058270,1794720,1761800,1297500,1294800
ASER,ASGL,100200,0,0,0,0,0,588960,0,193700,11080
RIMR,URYDL,0,0,7080,0,37680,0,0,0,0,4160
AIZR,RIBL,6120,0,0,0,0,0,0,0,0,0
BWM-VL06,SIAVL,5520,3840,0,0,0,0,0,0,0,0
ASHL,PVWR,0,0,0,0,0,0,0,171500,40900,0
AIAR,PVCL,0,0,0,0,0,0,10800,0,0,0
IL1L,SIAVL,34080,53504,0,0,0,45957,0,150100,140600,327520
AVBL,RIR,287760,59648,54960,0,34560,117934,32160,6000,0,19080
AINR,FLPR,0,0,0,52320,0,0,0,0,0,0
AIYL,AWBR,0,0,53520,58680,125040,0,68160,0,33300,0
AFDL,AWAL,0,38912,18240,26040,471840,967464,3128640,1665400,1483200,1265880
AVM,BDUR,0,0,0,0,1754040,1983252,1602480,245600,119800,44800
AINR,ASJR,45960,16640,3240,0,0,0,241440,7800,0,0
IL1VL,RMHR,0,0,0,0,0,0,0,614500,1024200,673440
SAADL,SIADR,1680,0,0,0,62880,0,25440,0,0,1160
AIZL,SMDVL,0,0,0,720,0,0,0,0,25400,0
AVL,PVT,1409880,1826048,1356120,2089560,2534640,1963991,8896560,3785000,2708800,3550480
RIBR,SMBDR,0,0,1440,0,4320,38522,229680,73300,0,480
RICR,URBL,111360,393216,229800,434040,863040,1016125,2922960,1378600,676400,640320
ASKL,AVBL,0,0,40080,0,0,0,0,0,0,0
BWM-DL05,BWM-DR01,0,0,0,0,3600,39536,0,0,59800,0
IL2R,PVT,0,0,0,0,7080,0,0,0,0,0
BWM-VL05,BWM-VR07,0,331008,0,0,0,0,29520,0,0,0
AVBR,SIAVR,1080,0,4080,0,0,0,200880,0,0,169480
RIH,SMBVL,0,23808,0,0,136320,117596,137760,248400,276200,430480
SIBVL,URBL,150120,215552,268320,132360,696120,972195,1314720,0,303200,301440
OLLR,RIMR,0,0,12720,68400,76680,47984,105600,0,127900,0
AWBL,RIML,5880,0,0,0,0,0,0,0,0,137120
OLLR,SMBVR,87600,115968,78360,98280,147840,55756,379680,0,302800,196440
SIADL,URXR,69000,27136,0,0,0,1689,29760,9000,126900,25840
AUAR,SMDVR,178680,40192,46200,23520,13320,63191,0,45800,4800,309040
ADER,SMDVR,0,0,0,255840,586800,729907,1366560,153100,28800,26840
RMDDL,SMDDL,434400,458496,341520,366240,836760,1054310,1160640,1113400,538200,1044000
IL2DL,SMDDR,0,0,0,0,0,0,0,0,0,480
BAGR,RIGR,72360,211968,6240,20040,47400,84817,0,117400,0,339640
AVAL,AVJR,244320,42752,32760,69840,355320,85493,1275120,818400,1296400,1052720
IL2DL,SIBDR,0,0,0,0,0,0,0,50400,0,29280
AVBL,AVHL,571200,908544,461040,327480,860880,1074923,2194320,219400,1153800,756080
AIZL,AVBR,0,0,0,9960,14760,0,0,0,0,0
SDQL,SMDDR,0,0,0,0,24600,0,0,314600,209800,212920
AVAL,AWCL,0,0,0,0,0,676515,2640,0,13400,0
IL1L,PVWR,0,0,0,0,0,0,0,0,0,186400
AVBR,URYVL,0,0,0,1080,50160,69611,0,97500,111400,249520
AIAL,AIZL,324720,814080,455640,222240,1514880,1365534,3150000,1570500,1493700,997280
RIFR,RIMR,19800,341760,430080,381600,2103480,3398799,3681840,2968200,3155700,3560960
RIFR,SMBVR,117240,294656,144960,47520,573960,1109053,179040,502000,510800,560640
OLLR,SMDDR,134760,115456,147840,71160,54360,260198,185040,9200,454800,247920
AIYL,RIAR,55320,0,1320,0,0,0,437520,398600,487000,0
OLLR,SIBDR,0,64256,36840,0,0,0,157680,0,0,0
SDQL,SMDVR,0,0,0,0,0,0,30000,403400,58600,12600
ADFL,AVFR,0,0,0,0,0,0,0,0,645400,41680
AWAR,AWBL,11400,0,0,19320,5400,21626,0,39600,63000,195200
AUAL,RIR,117600,115712,201120,156480,407880,198696,1302240,618900,321200,106400
AIYL,ASEL,824880,1278464,1079880,1978800,2722560,3251804,5712240,1778800,3100600,2145840
AVHL,PVR,19800,2304,16080,2760,0,0,214320,236000,423000,246280
BAGR,SMBDL,0,0,0,0,0,0,0,0,0,4880
IL2DR,PVCL,0,0,0,0,83520,0,0,0,0,520
ADLL,RIGL,0,0,0,0,0,19937,0,0,0,0
BWM-DL05,PVWL,0,0,0,0,0,0,0,2600,0,0
ADAR,AVDR,79800,1536,34200,94800,31920,378132,374880,451300,279000,290400
OLLL,URYVR,0,0,0,0,30000,0,53280,0,0,0
RMHR,SAAVR,0,0,0,228480,254280,65556,0,240800,54400,518400
AVBR,RIBR,34440,0,42840,175920,146400,94955,353520,122100,234000,222640
BWM-VR04,RICL,0,0,0,0,0,19937,0,0,0,0
PVWL,SIBVL,0,0,0,0,0,0,1277040,336500,142500,327640
RMFR,RMHR,0,0,0,0,433560,0,4590720,4423800,3282900,3123520
AVER,SIBVR,0,1536,0,22800,0,0,0,0,16000,1200
IL2L,PVR,0,35328,0,0,0,0,0,0,0,0
AIML,ASHL,90600,341504,223200,292080,204360,225730,330240,896200,542800,1220240
IL2L,SMDVL,0,40192,59520,0,109920,9799,196800,10800,116300,75760
BWM-VR07,RMDDR,0,179200,66360,30840,18600,72990,174000,0,36000,7560
IL2DL,RMDDL,0,0,46680,0,0,0,0,0,0,0
PVCL,PVQR,7440,0,0,0,0,0,0,0,0,880
RIFR,SIBDR,0,0,0,0,0,0,0,0,1000,0
RIVR,SAADR,0,2816,0,0,24840,0,7440,0,0,0
RMDVR,SDQR,0,0,0,0,0,106444,32160,840600,887800,381760
AVJR,URYDL,36840,6144,13560,24840,69600,151050,0,156400,92600,117880
AVL,CEPVR,0,0,0,0,0,0,0,0,254600,0
SIBDL,SMBVL,191280,953600,712800,1029240,1643640,2276567,4153680,1661000,1756800,990960
RIPR,RMDVR,5280,27136,1080,1200,2280,5744,36240,0,30200,2120
AIZR,SIBVR,0,0,4440,0,0,0,0,0,3400,0
AWCL,SIBDL,157560,274688,135120,111840,290640,316968,693360,158200,401400,406080
BWM-VR01,IL2VR,0,82944,114120,154200,0,0,0,84200,71900,2000
AVDL,RID,332040,427008,187440,147240,700920,871495,1810560,546200,1435700,780920
ASEL,ASIR,233400,563456,187080,117120,20640,527493,109440,375400,326200,0
CEPDR,URYDR,198480,730368,511320,452760,1402680,1061068,1837200,27700,434300,226400
AFDR,CEPVR,42840,0,0,0,12480,0,8880,0,0,0
OLLR,RMDDL,48720,0,98040,11040,165480,105093,103440,186200,196600,181440
AIMR,RIS,0,65536,68400,56760,489360,292976,0,0,120000,98560
AVHR,PVCR,386040,0,0,141120,0,0,51360,0,0,118840
AVL,RMEL,258720,153600,270840,191400,198480,558919,1260000,506800,332300,713920
AFDR,AUAR,999720,1525504,1212240,2025600,2642400,1626408,6434640,2437900,3752600,3338880
ASEL,AVFR,0,0,0,0,168600,17909,0,0,1600,175520
AIBL,AVDL,117600,0,93120,17040,122760,443351,957120,761300,28800,68720
RICL,RMGR,56760,26624,25440,71400,177480,190586,184560,376200,289800,217760
IL2R,RMEL,706680,2116608,2283720,1226280,3010680,4068894,5060880,1677400,2700000,2243120
IL2DR,SMBDR,0,0,0,0,0,0,0,0,298100,223280
AVKL,PLNR,0,0,0,0,0,0,0,282000,61000,233200
BWM-VR02,RMHL,0,0,0,0,641880,440309,253200,416000,336600,465680
BWM-DL04,IL1L,0,11264,6000,0,72000,69611,55920,0,0,0
AVKR,OLQDL,0,0,0,0,3000,0,0,0,99200,74800
AVHR,IL2DR,0,0,0,1800,0,675,0,70500,88700,226280
SIADL,URAVL,31440,46592,15840,24120,53760,62177,82080,0,90800,94120
AVL,RMDL,30120,0,50640,0,93480,27371,30480,0,32200,112000
BWM-DR02,URAVR,0,2816,0,0,44040,0,27120,0,0,0
IL2DL,RICL,1080,57856,28200,48600,76680,63191,180720,41500,349600,141360
RIAR,RIMR,213840,196608,129120,94560,248040,853923,2340960,705600,861800,770960
SMBDR,URYDR,52680,10240,30960,37440,104040,101713,94560,0,0,38360
AWCR,IL2L,26400,0,0,4920,9360,48322,11760,0,24000,136320
IL2R,RMDL,30960,165888,94320,172920,379320,446054,184560,0,0,0
ALA,IL1DL,27600,13056,16200,26160,60720,67246,70080,114300,82200,54800
AWCL,URBL,4200,0,0,22320,0,7434,56880,0,0,0
RMFR,SIADR,0,0,0,0,936960,0,409680,0,120600,570160
AIBR,ASHL,44400,0,0,0,0,0,0,0,0,0
AIBL,AVEL,404040,790272,525960,350160,802200,1085061,986160,30600,1050000,901120
RIPR,RMDVL,0,0,56520,1560,16560,675,2640,200,0,11600
FLPR,RMHR,0,0,0,315600,608160,0,0,0,0,0
OLLR,RICL,0,0,0,6960,0,0,0,0,0,15840
IL1VR,PVR,4440,5376,22200,111240,131760,0,447120,194400,336300,296480
ADAR,DVC,0,39680,0,2760,0,0,960,0,0,100480
IL1VR,SMDVL,0,0,0,0,0,0,0,287300,65000,150080
ALMR,SIBVR,0,5632,0,0,0,0,0,0,0,0
AVDL,SIADR,5400,131584,53160,44880,72360,184504,216960,143100,118900,117400
BWM-DL03,URYDL,0,7680,0,0,96360,242288,165840,0,0,0
BWM-DR01,SMDVL,0,1024,27960,0,0,0,0,1300,0,18800
AIYR,PVCR,0,200192,0,0,5400,0,21360,600,50000,0
ADEL,ASJL,0,0,0,0,3000,3717,164400,0,22400,280
AIBR,IL2DR,0,0,0,0,2160,0,31920,0,0,0
RIAR,SMDDR,951840,1189888,1298640,1062600,2526600,2897664,5084400,3122200,3442600,3838800
RIAL,SIBVL,58320,86272,99600,111480,329040,304128,338880,248200,380200,245520
SMBDR,URADL,69960,86016,117840,9720,2040,0,0,100200,14200,130120
DVA,HSNL,0,0,0,0,0,0,230640,0,0,0
BWM-VL05,BWM-VL07,36720,0,87000,18960,1687080,2933483,3892080,272900,1751800,1339920
BWM-DL02,RMFR,0,0,0,0,0,0,871920,395200,561200,334480
RIFL,RIML,110160,264448,625920,184200,2198640,3808696,3200400,4920800,2931100,3608840
ASHL,RIS,9360,9728,38760,15960,39000,138209,0,15200,426000,296320
ALA,SIBDR,12720,24320,13800,13440,50640,35819,130320,17900,0,66000
BWM-VR02,CEPDR,3000,0,0,0,0,0,0,0,0,0
ASJL,AVEL,4800,64768,9960,0,17760,0,38400,39600,0,54640
ADLR,ALMR,15480,0,0,93360,1680,0,0,0,0,8160
BWM-DL01,CEPDR,0,0,0,62280,0,0,0,0,0,0
RICR,URYVR,24480,0,0,0,0,0,0,124600,0,0
ASHR,SIBVR,101400,135680,18240,0,960,0,8880,0,0,0
RIAR,SMDVR,606960,1124352,456840,1338120,1756800,3052431,3993840,2641000,3753800,3835080
RIMR,URYVL,0,0,3960,0,0,0,0,0,0,0
AVM,SDQL,0,0,0,0,0,0,586320,255600,135200,0
PVPR,RIFR,182880,107520,25320,448680,781200,1335797,1818000,3502400,1672200,1732520
ADER,FLPR,20280,248576,64080,495000,291360,447068,221280,956200,1567900,661240
AIYR,IL2DR,4560,0,0,0,17760,0,0,0,22400,0
AQR,IL2VR,0,0,0,14760,1560,0,0,42400,0,0
SIBVL,URYVR,91440,19200,51720,100200,120840,219985,588720,161600,154100,112880
ADEL,SIAVL,0,0,0,0,0,0,492960,0,0,1240
ADER,ASJR,0,0,0,0,73440,0,70800,0,0,0
CEPDR,RIFR,17520,91904,26760,3960,0,74680,81600,98000,79600,111600
BDUR,SIAVR,66600,0,0,0,0,0,0,0,0,320
BWM-DR03,IL1DR,0,0,0,0,960,0,41040,49900,93600,18800
RIAR,RMDDL,716400,1582592,1580880,1686240,2915040,3780311,4742640,3653000,3634400,4541480
AVAR,RIBR,148320,206336,30720,221400,66480,469370,1009200,526200,619400,618000
IL2VR,RMEL,147240,317696,294360,352320,534600,724838,1608960,916600,1036800,735880
BWM-DR06,RIML,38760,0,127680,193440,492120,188897,248880,228200,273200,293120
FLPR,SIADR,0,0,5520,0,50160,0,8160,0,0,0
CEPDL,RMDDR,310560,603136,462720,493320,753360,1143183,1299120,1540400,958100,1544920
OLQDL,PVT,65520,286208,24120,48120,290400,22302,71040,215100,198000,199560
RMGL,SDQL,0,0,0,0,0,151388,77280,0,0,0
BWM-DL02,RMED,0,3328,0,0,0,0,0,18900,1400,0
IL1L,RIS,0,0,0,0,0,0,0,388600,518600,295920
SDQR,SIADR,0,0,0,0,0,0,0,0,123100,0
IL2L,PVWL,0,0,0,0,0,0,0,0,0,32360
BWM-DR06,SDQR,0,0,0,9720,0,0,0,0,0,0
URYDL,URYDL,0,0,0,0,0,0,4320,0,0,0
AVDR,BAGL,91680,206848,126480,364560,7440,296693,918240,316600,92800,889600
AVJL,PVPR,547200,68096,21000,6120,246240,55418,34560,42500,190600,402440
ASHL,OLQVL,0,0,0,23760,0,0,0,0,0,0
AIBL,AWCR,213840,459520,252840,609000,708600,1072558,1469040,594600,1144200,941120
ADAR,AVKL,11640,0,0,5160,0,0,40080,0,6800,102880
ADEL,PVWR,0,0,0,0,0,0,0,0,0,405680
IL2DL,RMER,139560,111872,210000,275160,515160,309196,1834320,618800,653600,569680
ALA,RMGR,0,0,0,6120,1440,0,74160,0,0,0
IL2DL,RIBL,11640,47360,0,0,0,0,0,0,100200,53280
OLQVL,PVCL,0,26112,29760,0,3360,130099,11760,6900,5600,0
AINR,SIADL,0,0,0,0,0,0,0,0,220400,240
ADAR,RMHL,0,0,0,0,0,0,0,0,0,6800
RMEV,URYDL,61320,177152,39240,63960,406680,142602,57360,0,0,0
AUAL,RMFL,0,0,0,0,0,0,28080,0,0,0
ADEL,BWM-VL02,0,0,0,0,0,24330,0,0,0,0
BWM-VR03,SMDDL,0,0,2640,40200,12720,0,13440,13100,0,4320
AIZL,SAADL,0,0,78480,0,0,0,0,34600,6000,2320
IL1VL,IL2VL,591000,1153024,940200,567840,1399200,1772052,1884480,1900200,1797200,2045200
RMHR,SAADR,0,0,0,24960,146280,151726,450000,1358900,183500,451600
PVCL,SIAVL,168240,130304,65160,0,0,178759,571440,43100,0,22960
ALNL,CEPDL,0,0,0,0,0,0,0,125700,0,65120
SAADL,SMBVR,124440,144896,75120,45240,194160,159498,16560,0,161800,119120
OLLR,RMER,739680,1497088,978600,1115160,2074800,3214632,4612560,1833900,3018500,4698080
BWM-VL08,PVWL,0,0,0,0,0,0,0,900,0,0
OLLR,RIBL,6840,47616,0,91320,0,0,0,0,0,0
AIAL,IL1DL,11040,0,0,0,6000,0,0,0,0,0
BWM-VL08,RMFR,0,0,0,0,0,0,30000,0,0,31280
AVHL,IL2VR,0,0,0,0,0,0,0,0,118500,0
AIAL,RMGL,29400,3072,0,121080,3120,0,549600,0,164000,250880
AVBL,RIML,210720,352768,217080,835560,1161240,1569638,4237440,1658200,1617200,1864000
BAGL,CEPDL,0,57088,0,960,0,0,0,0,0,80
AIBR,RMDVL,0,0,84120,6240,0,12165,0,0,13600,0
AIMR,IL2R,32280,13312,44520,46080,44520,99010,0,592600,117200,121360
RIAL,URAVL,25920,78592,10920,21120,25560,120637,160800,0,0,0
AINR,AUAL,1193280,1797632,1758240,1831200,3154320,3279513,4783200,3400800,3466600,3550560
ALNL,SMBVL,0,0,0,0,0,46970,0,100000,111000,86720
AVJR,URYVL,41280,37888,20400,24720,71880,55418,66000,201900,143300,63600
ASER,ASJR,90600,258560,147720,44760,474240,443688,869760,317700,730000,595800
AVFL,OLLR,0,0,0,0,0,1689,0,0,0,21960
AVEL,URYDR,231000,315392,470400,376080,766920,1017477,1700400,389800,699700,837280
ADFL,RMFL,0,0,0,0,0,0,114480,0,0,0
ADLR,PVCL,0,0,0,17280,0,4730,0,0,0,0
AIML,IL2DL,0,9728,0,9480,0,0,0,1200,17400,3040
BWM-VL06,OLQVL,40200,0,0,0,0,0,0,0,0,0
AVFR,CEPDL,0,0,0,0,0,0,2640,0,0,0
AVBL,SDQR,0,0,0,110280,1623120,1552066,984960,866400,1941900,1340800
AVFL,SIADL,0,0,0,0,0,11489,0,0,0,0
SAADL,SIBDR,0,23040,0,0,0,0,0,0,0,11840
RIVR,SIBVL,29280,0,840,0,0,0,0,77400,1400,120
AIBL,RID,0,0,0,0,0,0,0,149200,0,0
ADAR,CEPDR,18600,90880,115800,28200,96000,25006,0,38600,434200,726640
BWM-VR01,BWM-VR03,2082840,1951744,2282520,2559720,5218200,4278067,9967200,7020000,7113900,5940480
IL1R,RMDR,117240,322560,293880,274080,308520,597442,1093680,818600,876700,1775160
PVCL,PVWR,0,0,0,0,0,0,0,0,29100,93280
AVFL,DVA,0,0,0,193680,371760,87859,402480,0,312500,0
RMDDR,RMGL,0,110336,0,0,32280,153077,361440,1859800,1378800,746280
RID,URADL,53880,0,0,0,0,0,0,0,31400,0
AVFR,SMBVL,0,0,0,0,375360,75356,594720,176800,101600,329800
ADAL,RMFR,0,0,0,0,0,21626,6240,0,0,0
AVHR,BWM-DL01,0,0,0,3960,0,0,0,0,0,0
AVHR,IL2DL,0,0,0,0,0,0,0,0,25000,0
ALNR,SIAVR,0,0,0,0,54480,0,0,0,0,0
RIH,RMHL,0,0,0,0,112680,487618,1260240,0,0,0
AVEL,RIVR,0,39680,0,40080,122520,43591,195600,66400,0,62160
RMDL,RMHL,0,0,0,646080,818760,1963991,2510640,1860800,1229700,1699760
PVR,SMBDR,0,42240,6120,0,0,0,0,66000,21400,3840
BWM-VR01,IL1VR,80520,116480,64680,47640,451560,849530,851040,580700,456800,326640
OLQDL,RMEL,191040,911872,976800,875520,1676400,2003189,2924640,1515900,1311400,2143920
ADAL,RIGL,0,14336,0,8160,0,0,0,0,0,160
AFDL,RIML,0,0,0,1920,0,0,0,0,0,0
AQR,RIH,0,0,0,32640,283080,31088,0,0,0,0
AINL,URBL,0,0,48120,0,0,0,0,0,0,0
RMHL,SMBDR,0,0,0,230280,31800,8110,0,3200,0,0
SIBVR,SMBDL,605760,1185792,902520,1144080,1935360,1944729,4219920,1831500,1631800,2965320
ASGL,AWCR,0,284672,161640,97680,300360,470722,421440,1317800,1343200,580720
ADFL,AWAR,0,0,0,0,0,0,0,0,0,32480
CEPVR,RMHR,0,0,0,46920,0,520396,565200,390700,472900,810400
RMDDR,SIBDR,35640,69120,46560,65160,97560,85493,135600,126600,56800,88080
AWAR,SIAVR,0,132096,0,0,0,0,11760,0,0,0
ADAR,ADFR,18000,7424,44520,110640,302040,94279,129840,499600,304400,406080
OLQDR,PVQR,0,11264,0,0,40200,6420,0,0,0,15720
ASHL,OLQDL,24480,0,2400,360,18600,12165,0,0,0,0
AFDR,AINL,1231800,1679360,1364280,1949880,2867400,3002081,6994320,3415400,5261300,3584960
AVAR,AWBR,24720,13568,16080,0,0,21288,173520,29300,18400,72480
ADLL,PVCR,0,0,0,58440,0,0,0,0,0,0
BWM-DL07,RIVR,0,0,0,0,28680,0,0,0,0,0
ADLL,ASHL,58560,340224,188400,324120,1112400,1032345,5445600,715800,548900,810400
IL2DL,SIBVR,0,0,0,0,0,0,0,159000,0,0
OLQDL,RMDL,0,4096,0,0,12840,32440,2640,0,0,0
SDQL,SIBVR,0,0,0,0,231120,809994,116160,86800,132300,214720
AVKR,SIBVL,8760,0,0,6840,0,0,0,0,0,0
AIBR,IL2DL,0,0,0,0,0,0,0,0,0,57840
AIZL,RIH,367560,580608,598920,0,1211160,1038090,4498080,2265500,1757300,3546880
BWM-DR02,RMEV,0,0,0,0,0,35819,129600,0,0,0
RMDR,RMED,0,0,0,0,2760,0,0,0,0,0
BDUR,IL1R,11280,5376,8280,3360,16440,110499,0,0,66100,0
AVKR,OLQVR,720,0,0,67560,4800,40212,208080,209000,255600,398480
ADER,PVQR,0,0,0,0,0,675,0,0,0,0
IL1VR,URBR,0,0,0,0,0,0,0,404000,514800,600320
FLPL,SMBVL,0,0,0,0,0,0,0,6000,0,111760
BAGR,RMEV,0,0,0,0,0,0,0,0,113400,152360
AIBL,SIADR,300960,526848,230520,699720,2561760,1479075,1838880,926800,700000,1237520
RMER,RMFL,0,0,0,0,0,0,0,0,0,23120
OLLR,SIBVR,0,0,0,5880,0,65218,0,39800,0,240
AIBR,RICR,0,0,33000,0,71040,404152,0,2000,22600,0
BWM-VL08,SAADL,0,0,0,0,0,0,16560,0,0,0
AVDR,PVR,32040,103936,149160,34680,380640,117934,0,0,0,0
PVCR,RMHL,0,0,0,0,0,0,0,279600,0,161320
AVDR,SMDVL,0,0,0,0,41520,125368,192000,0,0,0
PVWL,SMBDL,0,0,0,0,0,0,0,0,29000,34440
AVBL,AWBL,22080,0,0,0,0,0,26400,0,0,0
RIPR,RIPR,0,0,0,0,44880,0,612960,0,0,0
SMBDR,SMDDR,171000,436480,411480,138360,371880,780257,363120,0,526100,257920
RIFL,SMBDR,10800,0,0,0,79080,0,24960,0,0,0
HSNL,SMBVL,0,0,0,0,0,0,18720,0,0,0
ASEL,AWAR,0,0,0,0,0,0,0,13800,21600,122720
BDUL,PVPL,0,0,0,0,11040,0,233760,0,0,0
AWAR,RIBR,43680,0,1800,0,0,0,20640,46400,3600,17560
ASGL,RID,10320,97792,0,0,0,30750,101520,347400,34600,0
BWM-VR04,OLLR,0,0,0,0,3120,0,0,0,0,0
RMDDL,SDQR,0,0,0,10800,33000,0,107040,0,213800,0
RIFR,SIBVR,0,0,0,0,0,0,0,0,0,3120
AVEL,CEPVL,0,0,0,0,0,43591,0,70800,0,0
DVC,RIBR,0,366336,306120,335400,781800,688343,3177120,1327200,2536700,1602880
AFDR,AWCR,200160,200192,188880,186600,536040,427130,1202160,820800,728600,698760
BWM-VL02,RMEV,0,2048,0,4320,10440,0,69360,7300,0,0
SMBDR,SMDVR,0,15872,33720,43680,39240,176394,487680,205400,0,126560
ASJL,SIADR,4800,44032,14880,21360,30120,96307,0,85400,0,101440
AIAL,RICL,1440,4608,0,14040,0,0,0,0,0,3080
OLQDL,RMDR,0,0,0,0,840,0,0,0,0,4240
RMFR,SMBVR,0,0,0,0,13320,0,2014320,562700,0,1408400
BWM-DL01,IL1L,0,0,7800,0,25200,3041,0,32200,0,0
SIBVR,URAVR,20160,27392,21480,8040,88200,61501,38400,70600,81400,77440
RMDDR,RMGR,27720,0,3120,0,0,0,0,0,300,0
IL1DR,RMFR,0,0,0,0,0,19599,0,0,0,0
ASER,SIBVR,0,0,0,0,0,0,33120,0,0,0
AVHL,RIH,0,0,0,0,0,12165,0,63200,199600,0
RIVR,URAVL,0,0,2040,0,0,0,0,0,12800,31440
RMFR,RMGL,0,0,0,0,0,43253,3256320,3640500,3294600,3209320
AVDL,RIMR,14760,49920,35880,205440,32400,77721,573120,292500,329600,281600
BWM-DR08,SMDDL,0,0,0,0,0,0,0,0,10000,0
AVDL,SMBVR,0,67072,86640,0,118560,98672,504480,115400,380000,202320
AVKL,RMFL,0,0,0,0,0,2008596,6261360,1981400,2978000,1182800
ALML,SIBDL,0,3584,0,0,0,0,0,0,0,0
AFDL,AWBL,51960,165632,131400,0,117720,482887,241920,124300,130400,223040
ASIL,URXL,0,0,0,0,0,0,16560,272600,21400,2240
ADAR,FLPL,118320,353536,6840,38280,361320,150712,12480,0,276600,0
RIML,RMFR,0,0,0,0,0,2670243,663360,247800,482200,801880
AQR,IL1VR,0,0,0,0,0,0,0,59300,62200,0
ALML,RMDDR,0,6656,0,0,202560,134154,46080,0,214300,0
BWM-VR05,SIAVR,0,0,0,0,0,0,0,0,12400,0
ADEL,RIS,64200,170496,840,204960,305760,0,55440,0,660600,1340800
ALNL,RMDR,0,0,0,0,99000,380835,14400,232200,53800,534080
RIPL,URXL,9120,0,28200,119760,507240,98672,33840,0,0,346240
RMDVL,RMHR,0,0,0,128520,204120,419358,320400,662400,109400,631440
SAADR,SDQL,0,0,0,0,215280,940769,872880,310700,838200,697200
AVJR,AWBR,0,0,0,0,0,0,0,205800,107000,60520
RMDVR,SIAVR,51840,25344,28680,80280,99000,115906,398880,141400,100400,122480
FLPR,RIVL,0,0,94560,43080,49560,106444,0,141900,311000,399840
RMFR,SIBDR,0,0,0,0,0,0,45600,0,0,0
AVFL,PVWR,0,0,0,0,0,0,0,44600,462300,0
SAAVL,SAAVL,9840,0,0,0,43560,22302,82560,0,0,0
AIYR,AVAR,0,0,0,0,3120,0,0,0,0,0
ADER,SIADL,0,0,0,0,19200,0,117600,0,439100,402000
AIAR,RIAR,0,0,0,0,12360,0,0,0,0,0
AVDL,SMDDR,0,7424,0,0,0,0,1200,77800,8400,0
OLLL,SMDVL,81960,280320,191280,109920,470520,239923,527280,370400,187000,415360
AVDL,SIBDR,25440,47872,88800,61680,75720,92252,1273440,39200,543000,254000
BWM-DR02,RMHR,0,0,0,0,617040,0,0,0,0,0
AIAR,ASEL,232800,329216,162720,189960,234360,569733,432480,277100,405200,198880
RMEV,URYVL,780720,683520,618000,631200,1031760,1767659,691200,535000,219600,351640
SIAVL,SMBDR,0,8960,12960,33480,48480,0,0,0,0,0
AIYL,AVDR,0,50176,0,55560,0,0,68880,0,0,1360
AUAR,DVA,40320,90112,21600,117480,240840,467343,1194000,966900,444400,395360
IL1VL,RICL,38520,45824,3600,49800,124560,78059,179760,105800,0,0
ADER,DVA,164520,0,0,44160,281640,324065,283200,0,392400,367280
ADFR,AVFL,0,0,0,0,9720,0,0,84800,441900,0
ALNR,IL1R,0,0,0,0,0,4055,0,0,59200,0
AIMR,AIZR,7680,28928,25800,11400,42960,116244,376800,910400,688800,870080
ASIR,CEPDR,0,0,16320,0,13440,0,14160,0,0,0
BWM-DL01,RMDVL,69000,138496,87360,113280,196320,262563,403920,211500,246000,461440
IL1DR,RMED,86400,243456,207840,258120,453360,552161,1402560,866300,606100,501560
RIAL,SMBDL,23640,76288,250080,415320,291000,583249,1600800,518000,538200,360360
RIGL,SMDVL,35040,0,8280,25920,11880,50350,0,1200,19300,120
RMDVR,URYVL,172200,345856,373320,404040,811440,1284433,2834880,357000,202600,598720
ALML,URBL,258240,184832,229320,152040,89760,228433,96720,13800,3800,17440
SMDVR,URYDL,3240,0,0,0,0,0,0,0,0,0
SDQL,SIADL,0,0,0,0,0,0,0,88000,248600,0
PVCL,SAAVR,0,0,0,0,0,0,128880,0,0,0
BWM-VL07,BWM-VR07,0,0,0,0,0,0,431280,225400,0,0
RIML,RMED,0,0,66720,0,191640,0,23040,0,347000,44000
RMHR,SIBVL,0,0,0,218040,0,171325,456720,1039800,1157000,1136800
FLPR,SMBVR,0,0,8880,158160,0,0,24960,0,111700,0
BWM-VL04,PVWL,0,0,0,0,0,0,0,264000,0,0
RIAR,SIBVR,37440,109824,75480,84960,226800,406179,469200,277200,504300,310800
SAAVL,SMDDL,232320,551936,220080,435000,231600,538644,1009200,421100,468500,684880
ASIL,OLQVL,0,0,0,0,0,0,0,0,132600,0
OLQVL,URBL,0,61952,132960,97800,228480,143953,409200,172000,461800,357280
BWM-VL04,RMFR,0,0,0,0,0,0,1774800,418000,560200,738320
AVM,BWM-VR06,0,0,0,0,0,0,0,69900,0,0
AIMR,SIBVL,53640,117504,0,110760,0,27033,70800,0,73400,41520
ASKR,IL1R,0,16384,12480,0,0,29399,0,0,0,0
SDQR,SMBVR,0,0,0,21840,0,0,0,0,0,0
URXR,URYVR,78480,317184,196200,80880,544920,305479,609360,72100,152600,180280
AVJL,URBL,0,0,1440,0,0,18247,0,0,19400,184080
BWM-VL02,RMHR,0,0,0,0,0,160512,506640,297800,161100,184000
IL2VL,URAVL,677160,1672192,964920,579000,1715280,1489551,2719200,1849200,2395900,2168640
PVCL,RIS,132840,91392,188400,78240,0,225730,708240,0,322900,215520
RMDVL,SIADR,0,28160,0,0,0,0,362400,235400,256000,160720
AIMR,OLQVR,0,0,0,0,0,0,0,152800,71200,183200
PVR,URBL,0,313600,14040,90960,142440,113541,144720,0,12200,28120
IL1VR,RIH,79200,26368,0,60000,242160,249384,477600,841400,541800,601360
AWCR,SMBDL,0,0,0,0,0,0,0,0,0,34480
AINL,URYVR,0,0,0,14040,49680,7096,0,58100,160000,117520
ALML,AVHR,0,0,21240,0,0,0,0,0,0,0
DVA,PVQR,0,11520,0,0,0,0,0,0,0,0
FLPR,SIBDR,0,0,0,39600,0,0,0,6400,0,0
BWM-VL07,OLLL,0,0,0,0,0,0,720,0,0,0
AVBR,CEPDL,0,0,0,0,0,0,14160,74300,0,112480
AWAR,AWBR,1106040,1530368,1132080,1822920,3495240,3822888,6596880,4431800,4658400,3792600
ASER,OLLR,0,0,0,6000,0,9799,50640,0,0,60520
BWM-VL02,BWM-VL04,990480,2470912,1377120,1384800,4291080,6379929,9292320,6552200,6980200,4737200
SDQR,SMDDR,0,0,0,80040,92160,56094,65760,223300,43200,138400
RICL,SMDVL,19200,333568,148440,101400,169680,325416,519600,273200,289400,336080
AVKL,AVL,671760,1223680,1936200,1595400,5209680,3522816,11397600,3148800,3732800,3855800
SDQR,SIBDR,0,0,0,2040,0,0,1440,0,201200,0
AVJL,HSNR,0,0,0,0,0,0,233040,0,0,0
IL1DL,PVWR,0,0,0,0,0,0,0,0,12800,103440
AVEL,SMDDR,28560,15104,35640,11280,36240,43591,80160,363800,206400,5720
AVAL,AVFL,0,0,0,0,0,0,237360,0,182800,0
BWM-DL02,RMDVR,0,6400,0,9720,0,3041,0,0,59800,800
AVBR,SMBVL,0,144640,162840,135600,123360,285880,952080,0,160000,154240
ADER,SIAVL,0,0,0,0,840,0,0,0,240400,0
RMGR,RMHL,0,0,0,2534760,3200640,3444080,3534720,1479600,1304300,882880
BWM-VL01,BWM-VL04,0,0,0,48600,0,25006,345360,144800,102800,12280
AUAL,URYDL,36600,0,10080,75720,0,16896,63360,79600,47300,67040
BWM-VL03,RIAL,2760,0,0,0,0,0,0,0,0,0
BWM-DR04,RMHR,0,0,0,0,651000,0,0,0,0,0
AVDL,RICL,194640,254208,251400,5640,36480,202076,157920,156700,304000,284800
AVEL,SMDVR,13560,0,35520,0,43080,45957,0,8700,0,0
AVL,URYDR,38040,43008,37680,17520,51960,127733,201840,80000,96000,138080
BWM-DL07,SMDDR,0,0,0,7440,0,87183,274080,0,102200,109920
BWM-DL01,RICR,51840,0,12960,0,0,0,0,0,0,0
BWM-DR06,RIAL,0,0,0,840,6120,45281,0,0,0,0
ADLL,IL2DL,0,24576,0,21840,69720,123002,127920,120900,0,2400
AVAL,RMHR,0,0,0,327480,443040,221675,1515600,56200,99400,693040
ADLR,AVHR,19320,0,24840,10440,60000,205793,346560,0,0,44160
ASKL,OLQDL,5400,0,5400,0,0,0,0,0,51000,16240
IL2R,URYDR,0,0,0,0,0,0,0,0,352100,38640
AINR,SAAVR,0,0,0,0,0,0,0,0,31100,0
PVQR,URADR,0,0,0,0,0,2365,0,0,0,8320
AWAL,AWCR,0,67072,0,3600,0,0,0,190600,317900,702960
AFDR,URYDR,6480,4864,0,0,0,1689,0,0,0,34480
ASHL,SIBVL,112560,36352,117720,0,113160,0,0,0,0,31840
RIBL,RMED,127680,198912,256560,357960,834000,841420,1795920,992600,1666400,878880
RICR,SMDVL,32040,319744,203880,334680,799920,690708,1049520,2146900,66200,1244120
OLQDR,PVWR,0,0,0,0,0,0,0,0,14800,37200
AIYL,AIYR,107880,140288,399120,0,1037160,740044,320880,2104600,1661800,1421760
AWBL,AWBR,140280,224000,69480,106080,195000,142602,88320,83400,270500,77120
AVHR,SMDDL,0,0,0,1920,0,204779,0,8400,203200,0
AVDR,URBR,70440,30464,30720,0,0,132464,215520,15800,384400,123360
AINR,RIS,0,39936,10440,169320,0,0,0,6600,0,0
RIAL,RIFL,0,0,360,0,0,69949,0,107800,0,51360
AIAR,IL1DR,23520,3072,1680,5160,14280,0,0,13200,0,0
AIBL,RIVL,764040,790016,469200,487560,913440,343664,1539600,200000,1079600,883360
AVL,RIVR,314280,1104384,313680,313320,236880,863047,884880,636200,239800,267800
AVL,URADL,0,0,0,0,0,8110,5520,0,0,0
AVHR,AWAL,111360,165376,24360,21000,112440,889067,289680,62700,44600,332440
ADER,PVWR,0,0,0,0,0,0,0,0,4300,29840
ADFL,URXL,546720,706560,518880,923160,830760,1750425,2550240,808000,1317600,1406200
PVPL,SDQL,0,0,0,0,0,126382,0,0,0,0
IL2R,RIVR,13560,79616,51720,10920,69480,144629,63120,257400,280600,355360
ADFR,AIZL,40800,4864,134400,81480,0,53053,54720,0,58200,0
BWM-DL02,RMDVL,99960,250880,129600,106920,215040,295004,412800,207900,289900,291160
BWM-DL07,RMDDL,0,20224,55320,600,360,0,0,0,0,14840
AFDR,RIVR,0,0,5880,0,25920,0,1680,47400,73700,74360
IL1VR,PVCR,0,0,0,0,0,0,0,25700,0,0
RIVR,SMBDL,118440,0,181440,254760,883800,646440,1434720,803000,258200,402400
AIML,PVPL,0,0,0,0,0,0,0,0,30100,0
RIAR,SIADL,47400,46848,0,54000,59160,86507,176880,127200,379600,289520
ADAL,ASHL,989040,1240320,715440,1103880,2016600,2576977,3894240,3951000,2321900,3049880
AVER,RIH,72840,51200,111960,127560,0,126382,272400,283100,79100,364880
AVFL,SAAVR,0,0,0,77520,0,0,0,0,0,40480
AIML,RIR,4920,0,0,0,0,0,0,44500,7600,19000
ASGL,CEPVL,38400,80384,41400,156480,104280,103741,330720,350300,37700,26240
BWM-DL01,RIPL,149760,63232,40200,10680,96840,99010,126960,4400,389100,22320
FLPR,RICL,0,0,0,4080,0,0,0,0,0,0
BWM-VL03,URYVL,0,0,0,19560,25560,90900,286320,0,0,0
OLLL,RMFR,0,0,0,0,0,168960,5760,0,0,0
URBL,URXL,130920,325632,406560,486600,1546680,1324308,2877840,1170200,40800,414960
OLLL,RIGL,314400,440832,337200,366840,810240,784988,1421040,1837800,1618900,1762960
IL1L,SIBVL,65160,0,57000,240,0,0,0,367300,0,155360
ADAR,AVER,48600,66048,30360,11040,113520,26357,201120,92400,148100,51120
CEPVR,RIVL,47520,0,0,16440,0,40212,1200,146800,127800,74640
ADLL,AVAR,0,0,0,0,0,88872,0,96800,0,0
AWAL,RID,0,5120,0,0,0,0,0,0,0,0
BWM-VL05,RMEV,22800,39680,480,93240,0,130099,497760,488200,194700,195840
AIBL,RIMR,847920,2302464,1836840,1484040,4369680,4429793,6158160,2717000,4793200,4356800
AIBL,SMBVR,25920,0,0,0,25200,0,3360,0,0,0
AVAL,SIADR,58680,180224,95280,244440,337560,350423,1892400,467700,908000,577520
AVHR,PVPL,711000,1360640,953640,2096880,2075400,2757089,5846400,2914800,3968800,2021640
ADFL,AIBL,56040,126976,107280,125400,117240,43929,322080,10800,0,0
BWM-VL08,RMDVR,0,0,0,0,0,8110,0,0,0,0
BWM-DR01,IL2DR,23280,0,77160,10680,63960,0,352080,30000,0,37200
SIAVL,URBL,49440,205312,0,63480,263400,113541,745920,0,37200,107440
AIYL,AVKL,0,0,0,0,0,0,132960,0,95400,0
PVQL,RIPR,0,0,0,0,0,0,0,0,0,33200
BWM-VR08,RMHL,0,0,0,5880,9960,0,0,0,0,0
ASEL,URXL,39600,67328,68760,0,0,0,0,0,0,0
IL1L,OLLL,656640,1016832,687000,617040,1264920,2120448,2504400,1748700,2340900,2807160
AVL,BWM-DL06,14520,0,0,0,0,0,0,0,0,0
AQR,URXR,0,0,0,6480,72120,185856,212160,759100,0,281440
RMEL,URBL,0,0,0,0,0,0,720,236000,697400,722800
AVKR,SMBDL,102000,260352,214560,170040,228720,553175,2408880,832600,890500,299840
AIML,AVHL,42000,103936,76320,52920,58800,100024,87360,197200,189800,97760
BWM-VR01,URAVL,0,0,0,0,0,0,0,28900,0,0
AIBL,SMDDR,709680,1088512,659640,1165800,2052360,1733191,3334560,668200,1762500,1394840
AVL,CEPVL,0,0,0,0,0,0,30240,0,0,0
RMER,URYDL,27480,0,0,64440,0,54743,0,0,0,0
ASJL,IL1DL,34320,20992,33240,14640,48000,46295,68880,25400,48600,89440
AIBL,SIBDR,33720,0,118080,4440,127800,413952,0,2500,65400,0
CEPVR,SMBVR,312240,405760,331800,494400,762720,1012746,1577760,2259600,1682200,1286240
AIZL,IL2DL,0,0,0,0,0,0,0,800,16800,238840
AVAR,CEPDL,0,0,17280,0,0,0,0,0,0,0
OLLL,RMED,216960,631296,702120,693960,2255880,1241518,4355040,1795400,1935400,1900800
AVDL,RIBL,2760,0,0,0,0,8448,0,0,73400,0
AIMR,AVJR,26880,27648,15840,38640,103800,147333,138720,336800,189800,225200
RMDR,RMDVR,340560,467712,464160,525240,771480,907315,2276160,1384300,1050000,1262080
AIML,ASIL,0,0,0,132600,102840,0,16080,0,0,3840
ASJL,RMGL,11640,302336,0,148200,13920,347719,104400,0,0,0
PVPR,PVQR,100800,0,0,0,0,0,0,0,0,0
AVJL,URYVR,38880,26112,14760,13920,31680,35819,54960,61000,79800,62960
AIMR,AWCL,480,0,20640,0,0,0,0,80400,67000,0
SMDVR,URYVL,240600,258560,349920,286200,519000,598118,546240,308500,231400,213400
BWM-DL02,IL2DL,0,0,25680,0,0,0,0,0,6800,0
IL2R,RIFR,0,0,0,0,0,0,0,258200,0,256880
BWM-VR04,IL2VR,0,1024,0,0,0,0,0,0,0,0
AIBR,RIR,113280,93440,141840,148800,344760,417331,270960,472000,223900,278320
AFDR,RIFR,0,0,0,0,0,0,0,6100,7100,0
RIMR,SMBVL,0,0,0,0,49200,0,0,0,0,0
BDUL,RIML,0,0,0,0,0,310210,737040,266200,93800,370320
IL2VL,SMBDL,720,0,0,6360,30360,2027,57600,213000,1000,16560
ADAL,RMDVR,31800,7936,103560,0,0,0,0,0,0,0
AUAL,RIAL,325320,610560,520920,807240,1363560,1290516,2589360,1354400,1698400,1606160
AVAR,SMBVL,0,0,0,18960,360,0,0,0,0,0
BWM-DR01,RMDVR,53160,142848,116520,88320,119400,270336,102240,245600,322000,234320
BWM-VR07,SMDVL,0,31488,0,0,0,6082,196800,0,0,50600
DVA,SIAVL,865560,1616640,876000,1902600,2397840,2595563,3032880,3067000,3349800,2587160
AVJL,BDUR,195720,499200,289680,523920,1080120,854261,2407440,908000,993000,197440
RICL,RIGL,0,0,13080,0,0,0,0,0,0,0
ASJL,SIBDR,6840,32256,24720,27120,3000,48322,105600,39200,121000,75440
BAGR,SIBDL,24960,0,3720,65280,0,0,2880,95100,246100,83840
AIYR,RIR,58440,266752,291840,87000,560280,1226649,487680,1991700,1597300,1560680
CEPVR,SIBDR,107760,96000,146400,88080,191880,527493,109440,14900,169000,120760
RIR,RIVR,171720,837632,183840,681000,189240,77721,153360,496600,1014900,247720
PVWR,PVWR,0,0,0,0,0,0,0,0,27300,0
AVBL,RIBR,121320,184064,256800,113760,473640,502487,246960,458400,556600,365600
AVL,IL1VL,0,23040,8520,0,0,337,53040,0,129200,46760
OLLL,SAADL,0,0,0,2640,32160,43591,0,0,0,0
OLQVL,RIAR,0,0,0,0,0,0,0,0,2200,0
AVEL,FLPR,0,7424,82920,128760,31920,25344,592080,0,620900,639360
AIZR,SAADR,72240,5888,0,0,0,0,0,228200,50500,0
IL1DL,RIS,0,0,0,0,55080,14868,106560,141000,5400,325240
AIYL,BAGR,433560,300544,369960,651720,1685280,2564474,3177840,1166600,1031600,2293400
BWM-DR03,CEPDR,56760,221952,34800,65640,347400,375429,127440,243700,213700,358960
ADAR,HSNL,0,0,0,0,0,0,73680,0,0,0
AVKL,URXL,0,0,16440,0,0,0,0,0,0,0
RIGL,SAADL,938400,1193472,993360,1394520,2118120,963747,3323040,291000,674400,699600
AVDR,RIH,150960,0,0,0,0,0,0,0,0,0
IL1DR,IL2DR,512640,940800,982920,568200,2243040,1662566,2790720,2482800,2846600,3121760
RICR,RMFR,0,0,0,0,0,0,101040,94800,0,53120
AFDR,AIYL,0,22016,94440,0,220200,89210,87360,0,330300,162640
RMDR,RMDVL,574560,899072,617160,622080,1177440,1469952,2436000,1220800,1352400,1584320
AIZL,AVAR,94320,0,0,0,60240,0,258720,0,158400,0
AVKR,URAVR,0,0,0,0,0,12503,0,0,0,16160
AIBR,ASIL,0,0,0,0,0,0,100080,0,0,0
RICL,URBR,224760,214272,159960,212640,796320,1663580,1348080,223700,581700,979280
AVHL,URXR,95640,95232,85200,357240,435840,610959,422880,349400,1092000,1014560
ASHL,AVJR,111960,278016,118560,71160,217800,116244,175200,1125600,1301400,1028280
BWM-DL02,RIPL,51360,121088,147600,0,26640,118947,77520,0,212200,0
ASHL,AWCL,0,0,0,0,0,0,3120,0,0,0
ADLR,RIAR,0,0,0,0,0,0,0,29600,10400,0
AVEL,RMER,26880,50688,9480,39240,79560,92928,246960,167800,104000,75440
AUAL,URYVL,9840,37888,37320,64440,10200,0,0,0,34800,45200
AVEL,RIBL,217680,283136,154920,228480,444000,436930,1237920,334400,647200,576560
AINR,OLQDL,39720,6912,9240,19320,39360,54067,158880,86000,110800,107720
BWM-VL02,IL2VL,0,0,47520,0,1320,0,0,17000,0,0
RMFR,SIBVR,0,0,0,0,408600,78397,1435200,0,64400,227720
ALA,ASKL,120720,257024,339120,146640,444000,562636,1383120,3834000,3877100,3562960
AIBL,AINR,138240,228352,34680,327960,394080,96307,446880,225000,215800,270400
OLQDR,RIS,57240,0,41400,26640,247200,33792,88560,173600,0,67280
AUAR,SAAVR,61080,17920,25560,6840,2880,0,0,0,1800,0
AVJR,CEPDL,0,0,0,0,0,0,0,0,46100,0
ADER,SAAVR,0,0,0,15720,126360,310210,742320,0,157000,403160
AIBL,RICL,18720,0,0,0,5760,0,0,86800,0,0
OLQVR,RMHL,0,0,0,0,19440,0,109680,0,0,0
AQR,URAVL,0,0,0,0,42120,0,164640,0,0,0
ADAR,AVJL,29520,173568,211320,258120,242400,408545,1270560,692600,884500,306160
RMDVL,SMBVR,557760,796416,423720,554280,1127040,1323970,2103600,2826800,2358600,2129000
AVDL,SIBVR,28080,36608,19320,30600,18480,0,12240,117200,0,12040
SMBDL,SMDVL,51720,5120,28680,86760,131760,172677,523920,136700,32200,3640
ASGL,SMDVR,0,0,0,4800,0,0,0,0,0,0
RIS,SIAVL,0,0,0,0,0,35143,39360,0,0,0
AUAL,RIBR,0,149760,103200,201000,150600,0,92640,92300,0,0
PVWL,RMHR,0,0,0,0,0,0,0,37800,0,0
RIAL,RMEV,0,256,0,36840,1920,0,0,0,3900,0
BWM-VL01,IL2VL,0,123392,142800,1560,68880,0,11040,45800,90800,35600
RMDVL,RMGL,363840,431872,687000,334440,1130040,1144197,1407360,552000,609200,1320280
RIGR,SMBVL,56760,48640,0,0,0,21288,0,208000,2500,21640
AUAR,RIS,32880,137728,202080,0,9000,0,50640,209400,0,243680
AVJR,SMBVL,84720,140288,142560,102000,364680,183828,200160,207600,177200,25920
IL1DR,RMDVR,991320,2006272,1628760,2290200,3930000,5146521,7344240,5615400,5123000,5378640
RMHR,SMBDL,0,0,0,91080,720,234178,0,0,300100,147600
ADER,RIS,111720,0,0,0,121680,0,0,227800,22400,0
RICR,URBR,264360,420864,511320,456840,910200,1486848,2121360,1101200,474200,184680
ADLL,SAAVL,44880,0,0,3360,120,12840,14160,13900,63600,52080
RICL,SAADL,6000,20736,24120,6000,0,166256,79200,3800,2000,188160
AVM,FLPL,0,0,0,0,461040,237895,1585680,251000,274200,235520
RIML,RMDVR,0,0,0,600,840,0,0,0,0,0
IL1R,RIFR,105600,121344,53880,14760,31440,4730,0,0,58400,0
CEPVR,RICL,327600,439296,211920,114600,736080,956989,1374960,123200,823200,912880
AVFL,OLQDL,0,0,0,0,24960,0,9600,0,61600,65960
RMDVL,SIBDR,48720,205568,178680,291480,426360,293652,1354320,317000,665000,311440
PLNR,SMBDR,0,0,0,0,0,0,63600,0,143800,0
AVL,SMDDR,240,19712,0,0,106320,0,31680,0,0,30160
AWBR,AWCR,150960,176896,167280,150000,345480,432875,336480,43700,150600,451360
AVAR,AVDR,318360,195840,264720,418920,487440,204441,1608240,149000,750100,294160
AVFL,SAADR,0,0,0,0,0,0,125760,0,0,0
ASGR,AWBR,0,7936,0,0,0,0,0,0,0,0
OLQDL,RIVR,0,0,0,17400,0,0,0,0,0,0
OLQDL,URADL,200520,353280,385200,336000,779160,414965,513840,492400,704000,1372960
AIYL,FLPL,0,0,0,0,0,35143,0,35700,0,0
AVL,SMDVR,105720,178688,133560,290040,235680,418007,919440,330700,203400,289280
ASKL,OLLL,17280,0,0,2040,27120,39536,88320,0,0,0
AVAL,IL2VL,0,0,0,0,0,0,0,0,0,19480
ADAR,RIPR,0,0,46200,164760,0,521072,422400,12800,358200,242160
AVDR,PVCR,125040,0,0,253080,5160,265605,461760,191600,119300,133320
SIADL,SMBDR,600,0,0,0,0,0,0,0,0,0
RMED,URXR,0,7424,0,0,0,0,0,0,0,0
IL2R,SMDVR,0,9216,69960,31320,36240,102051,200880,236600,10600,0
RIMR,RMDR,32400,564992,5160,0,1140480,1717647,1830720,1846900,804200,1385680
RICR,SAADL,22560,192768,53520,72240,480,21288,0,26200,222800,9240
AFDR,SMDVR,0,0,0,0,0,0,0,0,4000,0
CEPDL,SMDVL,0,12288,38760,0,0,0,0,0,0,0
AVBL,AWBR,42360,15104,1800,0,0,0,0,0,0,0
BWM-DL03,CEPDL,45000,18432,147720,73920,330600,144291,507360,195000,291100,605000
ADAL,RICR,541920,843008,485640,379320,688320,75018,2025360,4030200,1580000,1696400
BWM-DL05,SMDDL,0,26624,12840,0,0,26695,266400,9600,83000,64240
BWM-VL02,RMGL,0,7680,14640,42960,7440,153415,0,6600,18500,164560
RMEL,URYVR,0,70144,79200,0,25560,0,101280,0,0,0
BDUL,PVCL,64200,427264,50400,12480,87480,61839,0,39400,0,0
BWM-DR04,RIVL,720,0,0,0,0,0,0,0,0,0
SDQR,SIBVR,0,0,0,7320,0,175380,406320,329600,497500,62240
BWM-VL01,SMBVR,0,0,0,0,0,0,0,0,0,240
ASJR,IL1DR,28560,67328,9720,33960,23640,46295,4560,35400,18700,10720
ASER,SAAVR,0,0,0,18600,0,0,0,0,0,0
AVEL,SIBVR,0,2816,34920,0,346680,93603,315360,0,36200,13280
AVAL,RIVL,335640,455936,247800,386160,780480,421048,1109040,922600,459600,526480
RIML,RMDVL,0,0,0,0,0,0,0,0,26400,0
AIAR,AVDR,0,0,0,0,0,0,0,0,0,30960
BWM-VL04,RMDVR,368760,1027584,658560,574080,1286400,1693317,2389920,1497300,1905600,697680
ADEL,OLLL,0,0,0,49200,155880,882647,86160,0,0,240
IL1VL,PVR,87960,103936,34440,88920,216600,0,549600,0,634500,314960
CEPVL,SMBVL,295200,360960,443400,683400,599880,1210091,2391600,1736800,1348300,2259600
RMHR,URAVR,0,0,0,0,0,43253,86880,0,3400,800
RMER,URYVL,7440,2560,0,0,13800,9799,165360,0,0,0
AWCL,RMFR,0,0,0,0,0,0,0,0,13400,0
DVC,SMBVL,0,0,12120,0,0,68259,0,0,0,50160
ADLL,PVPL,0,512,53760,1200,28920,365967,0,0,0,0
BWM-DL07,SIBVR,0,0,0,0,0,44943,0,0,0,0
AIBR,RMFL,0,0,0,0,0,169297,4047600,1303200,1762200,1501200
ALA,URBR,0,6912,45480,6600,3120,16220,82320,61000,78100,110320
AVDL,OLLR,0,0,0,0,0,0,0,0,50400,0
AIBL,RIBL,0,0,27840,0,0,46632,71520,0,0,0
ADLL,RIR,0,0,0,0,0,0,86160,0,0,0
AIAL,ASKL,1039080,1988352,1403040,2604960,3855600,5018112,7999920,3830600,3629800,3438160
AFDL,AWBR,2640,0,0,0,0,0,0,0,0,0
BDUR,RMDR,36480,0,0,0,0,0,0,0,0,0
AVKL,SIAVR,0,119552,159000,41400,64440,0,52800,285200,955400,160
ADLR,IL1DR,24600,37120,17640,36360,51960,117258,101040,150000,109600,26480
IL1DL,OLQDL,802200,1520384,1230840,1014960,2510640,3370752,3072240,2822600,2727600,3421520
ADAR,AVAL,654480,811264,750840,620880,1220400,1809561,2934960,635600,1479600,1108640
ADAL,RIPL,0,0,0,72480,680760,286894,1200480,0,455800,17280
AIZL,SAAVL,90480,0,0,0,0,0,0,0,0,5200
BDUL,SMBDR,0,0,0,0,0,0,93840,0,0,0
PLNL,PVT,0,0,0,0,0,0,0,0,0,43040
PVR,SDQL,0,0,0,0,261960,0,1030320,0,0,0
RIVL,URADR,0,85504,0,0,17280,0,0,0,0,0
BWM-DR02,RMGR,0,0,0,0,0,0,0,31400,22400,800
RMHL,SDQL,0,0,0,0,0,2027,149520,400,2500,6040
AVAL,RMGL,21360,5632,3360,207360,147360,234178,1605360,122200,0,307520
RIVR,RMEV,26880,0,0,126480,204120,0,300240,0,510800,13920
AFDR,AINR,145920,320256,135600,66000,498000,2604011,1850400,333000,1386000,696320
BWM-VR04,IL1VR,0,0,0,360,0,0,48480,0,0,1440
CEPVR,RMER,39240,0,0,0,0,0,0,0,0,0
BWM-VR04,SAADR,0,6912,0,0,0,0,0,0,0,0
RIAR,SAAVR,153600,225280,302640,467160,623520,1349990,357600,427300,1406400,1253920
AWCL,URBR,0,0,0,0,0,0,0,0,0,6240
FLPL,RIVR,130440,52992,51000,0,112320,115906,98880,4400,0,757080
AWBL,SMBVL,149520,93952,127800,379200,176520,1291192,1456080,1220800,1133700,1096720
BWM-DL03,RMEL,0,0,0,0,6120,0,2880,0,0,0
ADLL,AVHL,0,35840,1200,0,84960,86845,0,0,0,0
BWM-VL01,RMDDL,132960,109312,185400,155400,308520,281487,197040,180300,306700,347920
AVHR,RIML,0,0,42360,36120,79920,495390,339840,206600,879000,212000
AVAL,SIBDR,59400,2816,1920,840,162960,34805,94560,145000,228600,194960
CEPDR,PVWR,0,0,0,0,0,0,0,0,40600,88360
AIZL,SMDDL,0,0,0,0,0,0,0,38800,0,15840
RIR,SMDVR,0,0,0,0,0,0,0,0,40600,0
BAGR,URYVR,19080,0,18480,0,0,0,0,0,0,0
AVER,URXR,105240,203008,52920,118920,852840,234516,561120,498600,302200,380320
IL1DR,RICR,0,0,480,1680,960,0,0,0,0,0
ADFR,RMGR,0,0,0,0,0,0,0,0,0,197280
RMED,URAVL,340560,467456,257280,402600,541560,720107,1419840,1283000,1200400,912400
DVA,URXL,52800,195840,139440,960,307920,268308,0,137500,102200,120720
ADLL,ASIL,132120,457472,296880,114840,162840,141250,49680,925900,1376000,1212800
AIZR,URXR,55800,11008,25320,208680,73560,156456,225120,8800,26200,18480
RIBL,RMDVL,227520,54784,0,1680,34560,8110,0,17000,31200,136160
AIZL,AWAL,87360,473088,427560,588000,2091600,1454069,3878880,1498200,1773400,1685440
AVHR,SDQR,0,0,0,182640,0,140236,95520,0,544800,537560
BWM-VR03,RIAL,0,0,36240,1320,0,0,0,0,0,0
AFDL,ASEL,39000,0,261360,197880,61440,29061,1050000,149200,146000,72160
ADAR,AVFR,0,0,0,0,269640,7772,5520,0,0,32480
RIFL,SDQL,0,0,0,0,390480,234854,292080,168800,82200,0
RMEV,SMBVL,57360,128768,41400,135720,148800,401448,568560,1061500,791600,622000
BWM-VL05,SIBDL,0,0,17640,6360,19680,20275,0,0,0,0
AVKR,RMEV,77040,2816,0,0,1200,18923,17280,0,109300,79240
AVEL,OLLR,717480,1724928,1320360,1360680,2774760,2927400,4811040,4590200,2839800,4398960
AUAR,IL2R,50040,28928,7080,0,137520,173690,0,1078400,1412500,1331520
URADR,URBR,0,0,0,0,0,0,0,306500,629600,609680
RMDVR,SMBVL,700560,650496,485880,530880,1764600,1731840,3054480,3167200,2402000,2394000
ADER,IL2R,0,0,0,4920,960,609269,1580160,1499000,732200,1124880
ASKL,AVJR,0,0,1800,0,0,0,0,38400,0,0
ASGL,RIBL,0,0,0,3120,0,0,0,0,0,0
AIAR,AIYR,14160,93440,108360,207600,607440,118609,719280,48200,878400,400000
PVT,URXL,48240,0,28680,2040,0,0,0,0,0,0
ASKL,AWCL,67440,387584,365520,23520,281640,650158,402960,534200,619400,661200
AVEL,SIADL,87840,1280,0,96600,0,174028,399840,207600,5100,20800
AIBL,SIBVR,152880,37632,34080,113640,109560,146657,476160,81200,103200,108880
SMBDL,URBR,319680,321536,330600,377640,828600,937390,951600,736700,847600,734680
AIML,ALML,24000,250624,125880,295440,369120,590346,1702800,597600,322000,330960
OLLL,RMDVR,51720,29440,0,3840,143280,2027,18720,32200,1600,16640
AIZL,PVPL,7800,0,12480,0,333600,1689,0,124000,0,1020960
AVL,FLPR,0,0,2040,0,2040,0,0,0,0,0
AIBR,SDQR,0,0,0,0,0,663674,156960,19900,197200,31320
SAAVR,SMBDL,255240,730368,616560,1267680,1998720,2116055,4172640,383800,2640000,3287520
BWM-VR08,RMDVL,0,0,0,17880,0,0,154800,11100,0,0
AWAL,SMDDR,0,0,0,0,720,0,0,0,0,0
AIYR,RIML,0,0,0,0,0,0,10320,0,55600,0
CEPDL,PVWL,0,0,0,0,0,0,153840,213300,89200,106240
IL1DR,RIPL,0,0,345720,0,0,0,0,0,0,0
AVAR,AVKL,0,6912,210600,185040,259800,512962,353280,51500,536200,3800
AVEL,DVA,248400,385280,234960,321960,702480,1338501,2565840,3477000,3521200,2682160
BWM-DR04,RMGR,58080,0,40200,25080,64200,0,119520,639600,879100,680000
ALNR,RMDR,0,0,0,0,0,0,0,0,2200,480
CEPDL,RMFR,0,0,0,0,0,0,1043280,1081700,1143800,975920
AIML,AWBL,105240,0,84120,0,170880,494714,895920,912000,758600,1148560
AVAR,RMHL,0,0,0,561480,307200,691046,365280,281000,220200,712240
FLPL,RIFR,0,0,0,101640,360,0,0,0,186000,0
OLLR,SAADR,0,38656,1320,0,15120,0,0,0,0,2720
RIML,RIPL,0,0,0,0,0,0,0,0,120100,0
DVA,OLQVL,4680,0,23040,31680,51960,50688,92880,0,58200,62800
BWM-DR03,BWM-DR07,42000,207104,103920,220920,290400,357857,163200,0,34400,42080
CEPDL,RIGL,0,0,0,0,0,2027,10560,0,0,0
AVAL,RMGR,120,0,840,0,92880,103403,0,0,0,0
AVHL,AWAL,2280,0,36000,0,4920,57784,0,0,0,0
BWM-VR05,CEPVR,250080,0,260640,172800,776400,777891,1239120,663000,656200,642240
FLPR,PVR,15000,31488,83640,220920,0,0,21360,0,248200,88560
AQR,AVHL,0,0,0,348360,1127640,1014773,2003760,1093100,878200,586400
AINR,OLLL,3720,19200,7680,0,19320,2027,63360,125400,61000,204800
BWM-VR03,URYVL,0,0,0,0,0,54067,0,0,0,0
RMDVL,RMER,16320,0,7320,10680,59400,0,2160,0,0,5040
ALMR,URXR,69600,243712,16320,108600,412560,162201,707760,130900,380600,223560
BWM-VL05,RIVL,0,0,0,0,0,0,75360,0,5200,0
ADFR,AFDL,0,0,0,0,0,0,0,7400,0,0
AVL,RMER,183240,472832,204480,363840,478320,647792,1061520,403400,631500,990480
AIYL,AVER,0,0,0,0,152520,0,168960,0,236200,103760
AVL,RIBL,168480,268544,79680,394200,426120,515665,889200,316000,250400,361200
AVHR,AWBL,391200,1001472,523800,1140120,1111320,832634,3264240,140200,94000,406080
PLNL,RMDL,0,0,0,0,0,0,45360,0,23900,0
BWM-VR05,RMEL,0,0,0,2160,0,0,30480,0,0,0
IL2R,RMER,791760,969984,999240,317640,576600,1611540,1243680,963200,1341700,1139760
AVAL,RICL,234600,733184,485280,222720,2005440,1766307,2829600,290200,1017800,721760
AVFL,SIBVL,0,0,0,0,0,81776,0,0,0,0
RMFL,SIAVL,0,0,0,0,139440,0,1262160,0,57500,0
AIZL,AVHL,0,0,0,0,0,0,0,0,0,13040
ADER,BWM-DR04,0,0,0,0,0,364953,24480,145400,21100,35720
RMDVR,RMEL,360,0,42480,40320,0,0,107040,35600,0,57040
SAAVL,SMBDR,242880,796416,831120,1050480,1900440,2430658,3567120,2449600,2427700,2641920
RMDDR,URBR,0,0,0,480,0,139898,51360,0,0,160
ASHR,URXR,326880,345344,235080,527880,768720,944824,1314000,531800,632600,472440
AVER,URAVL,0,0,0,0,0,0,0,0,0,82560
ALML,SMDVL,0,0,0,8640,0,0,0,0,0,0
AVM,RICR,0,0,0,0,86040,14530,0,379800,322400,160480
SIBDR,URYDR,28200,6144,10920,0,10560,20275,1440,0,0,0
AIZL,ASIL,0,0,86640,16440,8640,38522,0,8000,0,0
AVDR,URXR,1440,26368,12120,14760,3240,30412,30960,212600,94400,14320
BWM-VR05,RMDL,0,0,0,0,0,34467,0,0,17800,0
IL2L,PVPL,0,0,0,0,0,0,0,62800,0,272640
AVKR,RMHR,0,0,0,24720,243240,188897,536640,203000,329200,523200
AVBR,URYDR,16320,27904,17520,14040,6720,74342,86400,546400,269000,241520
AVJL,BWM-DL02,1680,0,0,4680,0,0,0,0,0,0
AINL,RMFR,0,0,0,0,0,0,0,676900,880100,987520
RID,SIAVL,26280,12800,79080,192600,517320,22302,2424720,519800,606400,292240
AIBR,AIMR,0,8960,82920,4320,12120,0,14880,982400,814700,962400
CEPVL,DVC,0,0,0,0,11400,0,0,1100,109600,76600
AINL,RIGL,0,0,0,0,0,0,1440,0,0,5440
ASGL,SIBVR,0,0,0,82440,0,63866,0,0,0,0
ALML,AVBR,0,0,0,0,0,0,0,0,0,118680
IL1VR,SMDDL,0,11776,0,0,0,0,0,0,1900,0
AIYR,AWBL,0,9472,0,0,0,77721,0,0,2000,0
RIGR,RMHL,0,0,0,104880,906000,1011732,1056960,1612300,591200,1321680
AIBL,OLLR,60360,13056,97560,3600,136680,140574,74160,357500,0,339120
AWBR,RIFR,85920,188416,163320,234840,196560,643737,266160,1121500,920400,633920
BWM-DR01,SMDDL,7680,14592,8160,39480,57600,1689,33600,96300,138800,225040
AVKR,PVPR,0,0,14280,58440,0,200048,456960,0,0,0
PVPR,RIS,0,0,0,0,34440,0,0,0,0,0
AVBR,RIVR,6480,36096,0,126240,0,0,275520,0,283200,126760
AVBR,URADL,0,0,0,0,27240,0,0,129000,1200,0
AIAR,CEPDR,0,0,6960,0,480,0,0,0,0,0
AVFR,HSNL,0,0,0,0,0,0,7946880,0,0,0
AIZR,AQR,0,0,0,0,5880,2703,30000,0,0,0
RICR,RMDVR,29760,236032,17640,293400,198480,105768,515520,99400,24900,177640
AVM,RIPL,0,0,0,0,0,0,0,63000,0,0
ADAL,PVQL,24360,116736,159120,486960,540240,177745,312240,162800,74400,298080
RIAL,SIBDL,44520,98560,72600,33360,207720,160849,2160,150800,0,247680
RMDVL,SIBVR,171600,302336,244920,355680,389520,942796,1517760,884800,974200,1216960
RIAR,SAADR,64800,43776,47400,142680,446760,326430,510720,610200,416200,441600
DVA,IL2R,0,0,0,0,0,0,0,344800,292400,241200
AINL,RMED,0,0,0,25200,0,0,0,0,0,0
CEPDR,RIS,159240,616448,324600,355080,557520,1437511,709920,1684300,736400,1240800
IL1DL,SIBVL,0,13568,0,0,0,0,0,0,0,0
IL2DR,RMHL,0,0,0,0,0,0,0,0,0,45280
RIAL,RMDDR,652560,1457920,1716120,1373400,2881440,3397109,5659440,2792800,3527300,3433200
ASJR,AVDR,43920,37120,12960,360,68280,67246,25680,103600,137300,167200
AVL,SIBVR,103800,408832,0,81960,41040,363939,365520,197200,247000,440440
IL2R,SIBVR,7800,0,0,0,96360,82790,0,117200,66800,0
IL2DL,IL2L,14280,98304,59040,10440,4200,130775,111120,240200,234900,432000
OLLL,RICR,0,0,0,0,42360,0,0,0,0,0
AVFR,AVJL,0,0,0,0,0,423075,503040,226000,83600,14480
BWM-VR04,URXR,0,0,0,0,11280,51363,0,0,0,0
RIPL,URADR,360,0,0,0,0,0,0,0,0,0
ALML,BDUL,45720,496128,959040,686400,1262880,1815306,3383520,223600,651400,805880
ADAL,RIR,30240,0,11160,0,0,0,0,0,0,0
IL1DL,OLLL,186000,547840,236640,474480,663720,538644,2459280,2776200,2509300,3254720
AWCR,SIBDL,2160,0,0,0,0,0,0,0,0,0
AIAL,RIH,0,0,0,0,0,0,0,0,427600,223880
FLPL,SMDVR,0,0,0,0,0,0,0,0,0,480
AVHL,RIFL,125400,236032,0,286320,463080,603187,734400,622800,310800,182600
ADER,AIZR,0,0,0,0,0,0,108720,0,0,0
ADLR,AVDR,29160,40704,60480,90120,158880,108810,273840,37600,43500,256960
AINR,AVJR,40920,191744,137160,247440,239520,627517,1201200,461400,1019800,1073480
AIYL,AVJL,29880,0,0,0,48960,0,0,66200,0,0
AINL,ASGR,0,254464,123000,0,74280,317644,0,0,247400,0
AINR,AWCL,28560,205568,27840,251880,217920,74004,483120,26100,0,123000
AVDL,IL2VR,0,0,0,3600,0,0,0,400600,310700,0
RIAL,URBL,0,49664,67440,0,5040,0,0,0,0,0
ADLL,RIML,0,0,0,0,0,0,426720,0,0,0
ALMR,AQR,0,0,0,38760,0,0,0,0,0,0
AVBR,CEPVL,0,0,0,0,0,0,960,5300,0,250320
CEPVL,RMHL,0,0,0,59040,277440,505190,94320,561000,750200,599960
AIBR,URYDL,52440,111872,109800,108120,180480,152064,167520,89600,0,33400
AIMR,AVFL,0,0,0,0,604920,886026,1293360,351400,1327600,939120
AVBR,RIFR,644520,547584,543120,534240,1232040,1820712,3069600,1100200,2329600,1590720
ASHL,RMEV,126360,145152,122040,0,199440,215592,137280,70800,0,240520
AUAR,SIBVL,0,0,0,0,0,0,0,12000,0,0
ADER,SIBVL,0,0,88680,0,169680,337,107520,0,334100,62480
BWM-VL03,RMEL,0,0,0,9720,240,0,95520,0,0,0
AVBL,SMBVL,52800,111360,7320,2520,150360,71639,94560,0,68600,60280
AUAR,OLQVR,66960,12288,6000,5520,26640,0,0,63800,95500,41840
AWCL,IL2DR,39840,63232,17160,36960,35640,35143,23760,0,63400,0
PVCR,PVQR,0,0,0,46560,0,0,0,0,0,0
AVM,RIPR,0,0,0,0,0,0,0,70500,0,1040
IL2VL,PLNL,0,0,0,0,0,0,0,0,48800,0
RIPL,RMEL,163560,196608,181200,379320,315000,535265,489600,2184300,1392600,1058160
CEPVR,PVR,376560,787456,589560,704400,1239600,17909,3031440,2892900,2021400,1878560
ALML,PVWL,0,0,0,0,0,0,1128000,2360100,2170200,228120
ASEL,OLQDR,24120,768,1800,3840,0,71301,0,0,46600,0
AVER,RIGR,2280,111616,81720,159720,497760,166932,580080,354400,718700,517280
AWCR,URBL,0,0,0,0,0,0,0,0,0,36480
ALML,RMFR,0,0,0,0,0,0,96960,7500,40400,0
AVFL,AVJR,0,0,0,0,0,0,433440,156200,279000,675640
AWAL,RIBL,0,256,0,32520,30120,9123,16080,0,0,257400
ASGL,DVA,0,0,0,0,0,0,4080,0,0,0
AIZR,RIGR,754920,839936,614160,648120,1651800,2005555,2714640,4051300,3098400,2600200
IL1VL,RIH,64560,512,45960,129360,146400,373063,346080,616600,792200,556160
PVWL,RMGR,0,0,0,0,0,0,3138480,595600,1931100,1927840
AIAR,FLPL,0,0,0,0,0,0,7200,0,10900,0
ADFR,BAGL,0,27136,0,3600,5040,0,78720,0,0,0
AVJL,PVWL,0,0,0,0,0,0,2475120,1347600,1010600,939520
ASKR,AWCR,122760,171520,149640,110520,160200,372049,89040,727800,237300,467120
OLLR,URXR,17520,65792,0,115920,389520,0,211440,1310800,0,0
ADAR,AWAR,56040,0,0,0,98040,0,135840,31300,6000,53360
IL1L,RMEV,0,18432,17520,33480,45120,3717,290640,0,0,0
AVL,OLLR,0,68864,33120,0,134760,95969,106080,0,51500,35040
ALNL,AVAL,0,0,0,0,1800,0,0,0,0,0
SMBVR,SMBVR,0,0,0,3720,18600,0,78240,0,0,0
AVJL,RIGL,31920,0,0,0,0,0,0,0,0,0
AIZR,SMBDL,100680,155136,16920,0,15960,81100,10320,294200,407600,433520
IL2R,OLLR,653160,935936,657000,903360,1844880,2229934,1671840,1992500,2544400,2044720
BWM-DR03,RIPR,0,0,0,0,0,0,10560,0,0,0
RIVR,SIBDL,180840,426240,255960,358680,175320,475115,928560,654200,700100,327760
AFDR,OLLR,5280,0,0,0,0,131450,6720,147400,220100,280960
ASHL,AVFL,0,0,0,0,1044360,818104,1431600,285000,470500,213360
ADLL,ALML,21360,0,1440,0,7320,11489,4560,0,0,0
RIVR,RMDDR,0,139264,0,0,0,0,0,0,0,0
RICR,RICR,0,0,0,0,0,0,0,13088200,0,0
AVM,PLNR,0,0,0,0,0,0,0,0,31300,115560
RIFR,URXR,0,0,10200,2280,43800,33116,248880,0,16800,75400
RIML,RIR,0,512,5640,0,0,0,0,0,0,0
BDUR,URYDR,0,0,0,1320,0,11151,0,0,76000,5200
BWM-VL03,RMDR,0,6400,0,0,0,0,0,0,0,0
ADLL,AIML,1920,0,29280,0,0,3041,0,129100,40800,148960
AVDR,SAAVL,54120,8192,0,0,145200,160174,204720,13800,0,0
ADLL,AWBL,11160,235776,186000,338880,906600,1216512,3016560,490800,1121700,635200
BWM-DR06,RMDR,138600,349952,24120,233400,59040,63528,246000,23200,109800,45680
AFDR,DVA,0,0,1800,0,0,0,0,0,0,0
ADLR,AIYR,0,3072,1200,5400,106560,56770,0,19400,8700,0
AIZL,RIML,643320,1856512,894840,1019400,2815080,2970654,6137520,3881600,3787900,3765800
AVKL,OLQDR,2880,6912,0,0,30240,8448,0,0,47800,760
RMDDL,SMBVL,0,259328,0,19920,127920,134830,366000,59700,0,38400
ASJL,ASKL,582360,1472768,826800,1159920,2256600,2597253,3683760,2890000,3147600,2412320
AIZR,AVKR,35520,0,81360,0,40320,675,373680,0,78900,337360
PVQR,RIMR,0,0,0,0,0,3041,0,0,0,0
BWM-VR08,PLNR,0,0,0,0,0,0,0,8400,132200,50640
RIVL,RMHR,0,0,0,259800,192240,1335797,1515120,1150700,849200,969840
PVQR,SMBVR,124680,96512,140160,23280,307320,152739,1440,0,3400,0
IL1R,PVQR,0,0,0,13920,0,15544,0,0,0,0
CEPDR,OLQDL,0,0,0,0,0,0,0,0,40800,0
AVAL,BAGL,114360,68352,55800,104880,136920,139223,957600,138600,261800,68760
AVEL,SAAVR,20880,39168,0,4080,29040,68259,57120,17400,0,80880
SIBDR,SMDDR,289680,406272,409800,305400,847680,1335459,1792080,491600,1609000,638640
AVKR,SIBDL,0,0,0,0,0,68259,0,342400,0,880
AIAL,AIBR,0,0,0,9840,37920,0,0,360800,2600,0
RID,RIS,36000,164096,0,0,0,25006,0,0,502200,320
AVBL,AVDR,87360,586752,197400,500520,795240,1002270,2884560,590200,1182000,867760
AVDR,SMDDL,0,0,0,0,58320,86169,0,51800,2200,138400
AWAL,SIBVR,0,0,0,8520,0,0,0,0,0,0
OLQVL,RMHL,0,0,0,150600,213600,779581,804000,823400,780000,535360
AIML,URYVL,0,0,0,0,0,0,0,274400,110100,283800
RICR,RIPL,0,0,23760,0,62280,123002,0,113800,50000,114120
AIBR,RIAL,203280,89088,45240,80160,608760,268308,268800,93200,0,144960
ASHR,RIGR,8160,0,0,0,0,0,0,0,0,0
IL1VL,IL1VR,0,0,0,0,41880,6758,0,26500,12400,24320
SIBDR,SMDVR,91680,119808,125760,135000,405360,206131,505920,205800,286200,231760
FLPL,FLPR,403920,333824,443760,833640,1300800,862709,1677840,1775400,3900500,1188400
PVQL,URXL,26760,135168,7920,0,8880,0,0,0,0,0
RIH,SIAVL,0,0,0,0,0,0,0,0,0,43680
AVKR,IL2VL,0,0,0,0,0,0,0,0,4700,11360
BAGR,SMDVL,2400,29696,47160,10200,20640,0,0,26500,0,88400
IL2VL,SIBDL,35160,30720,19800,16800,0,29736,111360,23600,139300,190280
AVBR,SMDVR,0,0,0,0,0,0,8400,0,0,0
RMDR,RMFL,0,0,0,0,0,239923,1732800,3091500,2621100,4954000
IL1L,RMHR,0,0,0,0,0,422737,924480,3083800,3197200,4116040
AIYR,RIAL,0,0,0,0,391560,73666,0,0,0,0
AIYL,ASIR,0,8448,0,0,0,0,0,0,0,0
RIAR,SIBVL,0,0,0,0,0,0,23520,0,26500,113120
PLNL,RID,0,0,0,0,0,0,98880,36500,304500,3520
AVJR,URADL,5400,0,17040,33240,34920,83466,0,0,78800,0
ALA,ALNR,0,0,0,2400,0,11489,0,0,0,43120
ADAL,RMFL,0,0,0,0,68760,0,365760,293600,17800,0
ADFL,AUAR,15000,61696,9840,49320,419880,159498,116400,424600,0,0
OLLL,SAAVL,0,0,0,0,0,4392,0,0,0,0
AVER,RIFL,0,0,0,0,0,0,293520,0,0,0
ALA,URXR,3480,64768,27240,65280,205320,147333,0,285600,114200,253040
RIVL,SIADR,32520,216576,17760,20880,100920,16896,48000,52200,46000,37280
AIYL,AVFR,0,0,0,0,0,0,0,0,19500,0
AVM,BWM-VR08,0,0,0,0,0,0,0,65100,0,0
ASIR,RMFL,0,0,0,0,0,0,440640,0,0,0
HSNR,RIMR,0,0,0,0,0,0,12240,0,0,0
BWM-VL02,PVR,26040,17664,0,0,3840,0,0,0,4400,0
ADER,AVJR,3120,0,0,45840,0,100362,204720,18200,189200,26640
AVDR,PVPL,232440,307712,110400,1080,2640,0,657360,375400,302500,49280
AIZR,RIFL,0,0,0,0,0,0,0,0,19800,0
RIR,SIADL,1800,0,0,600,0,0,960,0,0,0
ADLR,ASGR,0,0,960,0,0,0,0,0,0,0
AUAR,AWCL,22320,0,9600,0,0,0,0,76200,167400,0
ASJR,CEPDR,0,0,9240,19320,48480,11489,0,0,37200,46560
PVQR,RMDDL,0,0,0,0,2160,0,0,0,0,0
RIGL,SAAVL,37800,231936,9360,31440,6600,0,0,31600,0,18840
FLPR,RIH,678240,854528,1097160,210240,1227840,2625300,3601440,9300,14800,0
PVCR,SIAVL,42960,0,0,28800,0,102051,0,0,0,34440
BDUR,RIFR,1365240,1744128,1021800,940320,2439840,1383782,4344000,3188400,3665400,2790640
AIZL,AWBL,572280,969728,645720,679560,2124000,1875118,3439200,806500,1429900,1751440
AIBR,URYVL,199200,101376,180960,172440,192600,328458,244560,38600,0,90800
AIBL,IL2VR,44760,66048,45360,44640,118800,128071,128640,0,0,162720
BWM-VL01,PVR,59880,0,17880,0,18960,0,60000,176400,50400,29680
AWCL,IL2DL,0,0,0,30600,150120,50688,146400,4800,24300,22840
IL2VL,URBL,0,0,0,0,0,0,0,0,0,130400
AINL,IL2DR,36840,20992,13200,9720,0,84142,60240,96400,44700,30080
ADEL,AVEL,0,0,0,0,77640,0,0,0,0,0
AVKL,PVT,1626720,2384384,1656240,2482440,7388280,4924846,9237840,4626300,6509400,6842120
RMEL,RMFR,0,0,0,0,0,0,0,0,0,60440
ADFR,AVBR,36480,109312,148560,104640,102600,324741,167520,281400,410200,371280
AWAR,URYDR,0,0,22680,0,2760,10475,0,0,0,3160
AVBL,DVC,0,0,0,0,3480,158822,640800,0,559600,717080
AVKR,IL1DL,0,0,600,0,25080,0,14880,0,82800,27280
ASKR,URYDR,2520,0,7680,18600,840,0,55920,0,102700,53200
ASIR,AWAR,76560,158720,146880,24000,445320,19261,965040,1289600,510600,714800
ASEL,AUAR,0,37632,0,15360,0,103741,18480,0,25200,137280
AIBR,RIBR,0,78848,0,36600,189000,15882,114000,185600,0,0
AVDL,IL1VR,0,0,0,6600,0,0,0,0,0,0
RIGL,SMDDL,0,38144,7920,0,0,0,0,0,0,19400
AVDL,SAADR,2280,0,0,0,0,0,82800,97000,0,0
ALA,AVAR,0,0,0,0,0,0,91440,0,19200,72400
ALNR,RIVR,0,0,0,352920,315000,0,572640,22500,100,365280
OLLL,PVQL,14520,0,0,4320,0,19261,15600,0,0,6120
AVDR,AVHL,0,0,19560,0,19560,0,0,155400,6200,0
AQR,PVCL,0,0,0,1093320,2415720,1571328,4458720,2104800,2045800,2858000
BWM-DR04,PVR,35280,12800,0,32760,0,0,140640,178400,36400,44920
CEPVR,IL2VR,432840,803840,226680,199680,2067840,618055,1557360,1633400,1284400,2109040
BWM-DL03,RIVR,3360,0,0,0,0,0,0,0,0,0
BWM-DL03,URADL,0,0,240,0,164880,452474,1051200,126800,72300,313200
RICL,SAAVL,6480,158464,0,0,17160,7772,2880,2900,3600,0
AIYR,RIBR,881040,1130240,790800,1265400,2376480,3086899,4236720,3048300,3507000,2992640
RMHR,SIBDL,0,0,0,323160,402960,223703,502080,468500,1170800,759600
AVAL,PVR,11400,0,1680,0,21720,0,147360,0,0,0
SIADR,SMDVL,391200,877056,517800,1020600,1346280,1621002,3153360,1425400,2098800,2666480
IL1VR,RIML,0,0,0,0,0,0,0,0,0,11640
AINL,RMDVR,13080,0,9480,0,0,0,0,0,0,0
ADEL,RMEV,0,0,0,0,0,0,173520,0,0,0
AIMR,SIBDL,27240,39424,22800,109920,89400,169635,105600,101800,190400,188800
AVKL,URADR,0,0,0,0,0,37847,0,0,0,0
BWM-DL06,RMDDR,0,48896,2400,37200,407040,1074247,1273200,70900,239400,87760
BDUL,IL1DR,0,0,0,0,0,17233,0,0,0,0
IL1DR,RMFL,0,0,0,0,0,41226,0,0,0,24000
AVFR,PVQR,0,0,0,0,1479840,1420615,1692960,2654800,1028000,377080
AWAL,DVA,0,0,0,0,0,5068,720,2200,0,0
ASER,AVJR,0,0,0,0,0,0,0,158800,20700,107520
CEPVL,IL1L,0,0,0,0,0,10475,0,81000,140000,3280
BWM-VR06,RMHL,0,0,0,115440,46200,28723,0,0,120900,0
RIML,RMFL,0,0,0,0,0,409221,2485440,1318200,2572800,2979600
ADAL,SDQR,0,0,0,0,0,464640,1031520,239100,36700,696920
ASHR,RIFL,0,0,0,187920,24720,32440,0,0,0,0
ADFR,BDUL,0,0,0,0,4800,0,0,0,0,0
IL2DR,RMDVL,0,0,0,0,37320,0,0,0,0,0
RICL,SMDDL,216240,727552,300240,365640,208320,1230366,1844640,1254300,2216500,1673440
PVPL,RICR,0,0,0,0,5280,0,0,0,688200,0
FLPR,PVCR,186480,210688,231240,28680,247080,92590,506160,219900,826200,1215760
AQR,SMBDR,0,0,0,0,204720,0,0,0,0,0
ASIL,AWCR,479760,943616,1058880,1924320,1761480,3138938,5858400,3693700,3221400,2000920
BDUL,SDQL,0,0,0,0,1157640,415303,963840,381000,521600,395200
RICR,SAAVL,53280,83968,162240,720,64920,72314,90240,910100,248800,27400
AVKL,CEPVR,0,0,22080,0,0,0,0,0,56800,0
AVAR,BWM-DR05,0,60928,0,0,0,0,0,0,0,0
AFDL,AIYR,106200,30976,177000,14280,0,12503,27360,50500,6300,0
AVAR,HSNL,0,0,0,0,0,0,797520,0,0,0
SAADL,URXR,0,0,0,720,0,0,0,24600,12300,0
RMEV,URYDR,3960,67072,0,21360,212280,371712,74880,0,0,0
OLQDR,URADR,286800,233472,198840,130680,874560,510935,378240,221200,318800,251840
BAGR,RMFR,0,0,0,0,0,17909,711120,174400,0,33760
AVKL,RMEL,0,4096,0,0,3240,60825,0,0,7800,85840
AVBL,AVKL,2520,258304,41400,299160,0,21964,44160,0,1394200,1144160
BWM-DL06,URBL,6120,10240,0,24480,133920,0,0,0,0,0
BWM-VL07,RIVL,0,0,0,0,0,39874,372000,281500,66600,0
AVEL,SAADR,114720,223488,138480,200640,244080,321024,505200,128200,273000,233720
AVHR,AWBR,0,0,20640,0,297480,0,0,0,0,0
PLNL,RIVR,0,0,0,0,0,0,348000,727100,223300,672000
FLPL,PVQR,0,0,0,6600,2760,0,0,0,102400,0
RMDVR,URYDR,146640,550656,930840,1263480,2580000,3025735,3184320,1018000,1129800,1727920
AVBR,FLPR,0,0,33000,0,50160,35819,0,211000,105800,609000
BWM-VL04,BWM-VL06,386640,974592,498240,1700880,2719440,4465950,14679840,4832700,4270100,2494000
AVBL,RMHL,0,0,0,34200,0,0,0,0,0,0
AIBR,IL1R,0,0,9360,0,0,0,0,0,0,0
BAGR,RIGL,773520,1054208,591120,814560,2156040,1404057,3466320,2070400,1260900,1430960
BWM-DL02,URYDL,0,0,0,0,0,1013,0,0,0,0
AINL,RMDVL,3240,0,0,0,0,0,0,0,0,0
AVHL,PVCL,103440,171008,124320,86160,149280,69949,196800,400200,186600,438280
OLLR,RIGR,242280,372480,420240,238440,728040,847165,716160,1981600,1403400,1750400
BWM-VR01,RMDDR,140520,110592,131160,86400,209760,212889,118080,130800,224600,261280
ALML,ASHL,0,0,60480,21120,8640,15544,0,0,0,0
AWAR,RIFR,46080,0,45120,289200,185160,652185,1224240,3277800,963500,1448080
BWM-VR06,CEPDR,0,0,0,0,0,0,0,0,21800,0
CEPDL,IL2DL,232080,932352,840600,344880,814200,1434470,1038480,1611600,1440400,1851440
AQR,AVM,0,0,0,0,0,62177,0,0,0,0
AVKR,RMGR,41760,501760,365760,341520,381600,133816,81120,0,3100,0
ADFL,AVDL,17160,0,0,0,0,0,0,0,75800,49440
ADEL,AVFL,0,0,0,472440,214200,0,47280,0,136200,335560
ASGL,SAAVR,115080,17152,66480,100440,20040,0,111840,32400,0,158880
ASKR,RIFR,455760,869632,578400,208800,1384680,314265,1046160,0,0,35400
BWM-DR05,URADR,0,0,0,0,0,0,0,0,20000,0
HSNL,PVQR,0,0,0,0,0,0,1020240,0,0,0
RMEV,URADL,55800,359936,209280,2760,483960,445716,1162800,579200,781800,1294560
AVAR,AVJL,84360,87808,201120,82080,141720,179097,563520,345600,1221200,857600
ADLL,RIAL,0,0,0,0,0,0,0,0,10000,320
AVKL,RMDL,169560,374016,66720,233160,1861680,2360371,3888480,2688400,3683200,3432240
BWM-VR05,RIVR,0,0,0,0,0,0,0,0,7000,64560
CEPDR,SIBVL,0,0,22560,75840,0,0,109680,0,113800,0
ADAL,ALML,237840,258048,275160,433800,1336080,1014435,1322640,733800,1244400,1586720
PVPL,RIPL,0,0,0,0,0,0,0,0,17200,0
BDUR,BWM-DR05,0,0,0,0,0,0,0,90800,0,0
AIAR,HSNL,0,0,0,0,0,0,1074720,0,0,0
BWM-DR08,IL1DR,360,0,0,0,0,0,4800,0,0,0
RIFR,RIGR,10320,0,0,0,0,0,0,0,0,0
OLLR,SMBDL,29160,0,37320,0,125040,0,0,105900,23200,0
ASIL,RID,0,0,0,0,23280,0,0,89200,0,0
AIBR,AWBR,69960,104960,30960,148320,311160,166256,372720,0,284800,113160
BWM-DR02,URBR,245880,208896,108240,0,0,0,0,0,0,0
ADAL,AIML,13440,0,0,0,49200,17909,102240,36000,7000,213360
AVM,BWM-VL06,0,0,0,0,0,0,0,8100,0,0
AIMR,IL1DL,0,0,0,0,4200,0,0,0,0,0
BAGR,URBR,0,0,4560,0,0,0,0,0,0,0
ADEL,RMHR,0,0,0,5640,0,1024573,1455600,1984600,848300,2268480
RIBL,RMFL,0,0,0,0,0,118609,6480,600,79000,0
BWM-VR02,IL2R,18720,2816,2520,0,0,7772,0,0,0,0
AVJL,IL2DR,0,0,0,0,0,0,0,250600,139400,0
AVHL,SMBDR,0,0,19080,0,720,0,78240,384400,0,21560
AIYR,AWBR,521160,528896,426120,507240,1104840,921845,712800,1016300,350600,460560
RIFR,SMBDL,0,37376,8640,0,79920,0,0,0,0,0
CEPVR,RIH,489360,1155584,365280,0,1667760,2675312,4500480,2446000,1491200,3743280
AVM,RMFL,0,0,0,0,257280,0,0,0,0,0
BWM-DR05,RMEL,0,0,0,0,0,0,213600,0,0,0
RIH,RIS,254880,115712,414000,158760,1426680,1198602,2067600,1124200,1187200,2322280
ALA,SAAVL,1800,0,0,2640,0,0,48240,0,70800,2160
AIAR,AVJL,0,30464,0,0,0,0,7200,181900,66600,28520
RIML,SDQR,0,0,0,0,0,363601,742560,149900,558600,683680
ADER,URAVR,0,0,0,0,0,0,0,63800,0,0
ALNL,ASJL,0,0,0,0,7560,0,22320,0,0,0
RICR,RIR,0,0,0,0,3000,0,0,0,0,0
AVJR,HSNL,0,0,0,0,0,0,389520,0,0,0
RMDL,URXL,0,0,0,0,0,0,0,0,0,46240
ADEL,BWM-VL04,0,0,0,0,88800,419358,108960,222800,163000,32200
ASKL,SIADR,0,0,0,0,37440,17909,0,0,0,1000
IL1L,SIBDL,32040,0,0,5520,0,0,119760,135300,192200,29200
IL2R,SAAVR,0,0,25440,0,0,0,1200,0,0,0
AIZR,ASER,296640,280832,277800,814200,1059240,893798,1494000,846600,1168200,468160
AFDR,SAAVR,2400,0,13680,0,0,4055,0,0,1000,0
ADLL,URYVL,0,100608,47520,17760,58440,67584,5280,0,44000,200
BAGR,SAADL,40440,0,53040,0,0,0,0,16400,0,0
SAADL,URAVL,0,0,0,0,0,0,0,0,33300,0
BWM-VR08,RMFL,0,0,0,0,0,0,94080,0,11800,0
AIYL,AUAL,1171560,1552128,1475760,1164840,2939640,2441809,5183760,2188500,2659300,2877480
BWM-VL05,PVR,360,0,0,0,0,0,188880,2800,5600,8560
BWM-DR05,RMDL,0,45056,0,0,0,0,0,0,0,0
BWM-VL05,SMDVL,0,89600,0,0,48600,0,0,0,0,0
BWM-VR05,CEPVL,0,328448,0,0,0,0,0,0,0,0
AVHL,AVM,0,0,0,0,226440,43253,8640,0,300,257440
RMDDL,RMHL,0,0,0,90840,41040,715714,1155600,311800,109900,138320
AINR,RMEV,0,0,240,30120,2520,0,80640,0,0,124840
ALNL,SIAVL,0,0,0,0,11040,0,22560,0,0,0
AVJL,RMDVR,0,0,0,0,0,0,91200,0,0,0
SIBVR,SMDVL,16200,0,2040,0,0,0,0,0,0,960
AVM,AWAR,0,0,0,0,0,0,0,32000,0,0
ALA,SMDDL,20280,15104,1680,23400,43200,36833,0,0,400,37360
AUAL,AWCR,0,21760,14880,0,0,0,0,0,0,0
PVCL,RMHR,0,0,0,0,0,72652,166080,0,0,0
ADEL,SIADR,0,0,0,0,360,0,392160,0,0,177600
AWCL,SAAVL,0,0,0,840,0,0,0,0,42200,0
BAGL,SIAVL,0,0,0,0,0,0,100320,0,0,0
PVR,RMDVR,35400,0,0,0,0,0,0,0,34000,0
SMBVL,URBL,34800,74496,23280,138480,0,310886,405600,142700,264300,0
PVWR,URADR,0,0,0,0,0,0,0,0,71400,113560
ASHL,IL1DL,0,512,13800,0,0,0,0,0,0,0
AIBL,IL1VR,0,63232,75840,51240,122760,85493,237840,0,0,78400
RIAR,RIGR,234360,317952,286320,142440,695040,467681,868320,289400,524400,597720
AIBL,SAADR,323880,409600,150960,373680,313680,962396,1077600,278400,225000,546080
ALA,AWAL,0,0,0,3240,0,20613,4320,0,114200,0
RIVL,SMBVR,0,266240,166440,51960,151560,47308,1145520,21800,74200,204200
SAAVL,SDQL,0,0,0,0,217680,71976,29280,30300,0,173200
SIBDR,SIBVR,692400,1202432,602280,1054800,1606080,2769930,4158480,1929600,3607200,2481840
RMFR,URXR,0,0,0,0,0,8785,270240,0,0,0
AFDL,BAGR,50640,89856,278520,820440,862560,1381079,2085600,222800,250600,1291760
ASHL,RMGL,178800,221440,103800,205200,449040,617717,1716720,423400,721800,795680
AIAR,RIPR,0,0,0,0,0,0,0,768300,1325200,1085440
IL2DL,RIFL,6240,45056,0,9360,27120,34129,67920,18900,68400,800
IL1L,RIVL,85440,93440,66240,48480,107880,127733,244320,30400,504000,131600
BWM-DR04,URBR,28800,274432,486600,125160,26280,2703,0,0,0,0
AVFR,SIAVL,0,0,0,0,168600,187207,173760,55100,0,81760
BWM-VR07,SMDDL,0,0,0,0,0,0,39120,0,0,0
AVDL,URXR,1560,0,0,0,397800,154429,32880,287200,103400,0
RMED,SMBDR,61800,153600,92520,148920,116520,431185,290160,815200,705600,558000
AVAL,URBR,0,0,1200,0,0,0,153120,0,0,0
ALNR,SMDVR,0,0,0,138600,197040,282163,7920,0,7000,349840
BWM-DL03,BWM-DR05,0,37376,14640,2160,0,166932,791280,134600,49000,143640
RMDR,URXL,0,0,0,0,1680,0,24480,0,0,0
AVFL,RMEV,0,0,0,0,0,0,8400,0,0,0
BWM-VL01,BWM-VR05,0,0,0,0,0,114554,0,60800,0,48480
ADFL,AWCR,20880,39936,0,0,3120,0,14160,0,400,447280
IL1VR,SMBDR,0,2560,6840,1560,0,7772,5760,0,300,0
ALMR,ASER,0,28672,0,0,0,0,0,0,0,0
ADAL,URYDL,95280,159232,47040,61560,198600,204441,129360,316800,70600,469160
AVAL,IL2VR,0,0,0,0,0,41226,0,124200,151000,3440
RIAR,SMBDL,46440,0,6000,0,0,25006,40080,129500,172400,275360
SIADR,URBR,0,0,4800,0,0,0,2640,0,0,0
AIMR,RMGR,583680,289536,367440,431400,1292160,1753804,1961520,759100,1484600,1542840
ASHL,SIBDR,43560,30720,25080,0,8280,0,0,0,0,0
ADEL,AIZL,0,0,0,5160,0,0,0,0,0,0
BWM-DL03,SMDVR,0,0,2040,6960,0,0,14640,14000,0,0
RIPL,URYDR,0,0,52680,0,0,0,0,0,0,0
CEPVR,IL1VR,484200,569344,475920,672360,1487880,1591603,1818720,1571500,2314200,1644960
RIVL,SIBDR,173040,217856,253440,208800,202800,398745,465360,390100,154600,367200
RMHR,URYVR,0,0,0,0,0,111851,0,0,0,0
BWM-VL06,RIMR,0,131584,141960,328920,92880,377118,887040,253900,116500,409440
BWM-VL07,RICL,78600,0,0,0,0,0,0,0,0,0
AIBL,AIBR,200640,364288,630480,33480,560400,426117,1027920,266400,882400,360480
AWCL,PVQL,0,0,0,480,0,0,0,0,0,0
PVCL,SIADR,0,14080,0,0,0,0,44160,0,0,0
BWM-VL06,RMGL,21480,482304,355920,361560,946200,743761,473040,1239600,2467000,1226680
BWM-VL03,RIVR,23160,0,75720,0,0,0,0,19800,169200,139920
FLPL,SIAVL,0,0,0,0,0,0,0,0,0,374600
RIR,SAAVR,0,23552,0,0,0,0,0,0,0,0
IL1L,RMGL,110280,43776,25200,16800,64680,322375,260160,102100,0,85280
AVFR,PVWR,0,0,0,0,0,0,0,1259500,309400,0
AIZR,PVPR,0,0,0,27720,84120,7096,115440,0,157000,0
ASJR,AVER,50280,22784,480,45600,139320,339609,0,8200,107800,245120
AWBR,DVA,90840,0,0,0,9360,47984,219120,240600,51700,381400
AQR,AVHR,0,0,0,96480,313560,321699,584640,1019700,520200,1395760
PVT,URADR,0,0,0,0,0,62177,0,0,0,0
AINR,RMHR,0,0,0,720,0,0,0,0,0,0
ASEL,AWCR,63120,269824,47880,356520,122760,875550,294000,54600,789900,1768560
AVER,PVCL,129600,37632,63960,6600,258120,435578,1538400,0,618800,380160
BDUR,FLPR,100800,19456,24240,0,54840,0,70320,0,0,0
IL2DR,RIPR,736080,1440512,1407240,1466760,2904600,3665418,4482960,2452800,3291000,1970840
ADAL,AIBL,0,73728,91800,9000,78960,148346,183120,334800,542000,488640
IL2VR,RIS,0,0,0,0,0,0,0,0,0,260600
BWM-DR02,BWM-DR06,0,418048,0,29280,8760,925562,93840,0,77400,216040
HSNL,SIAVL,0,0,0,0,0,0,333360,0,0,0
RIR,RIS,0,66048,0,3840,131640,463288,599760,40000,148800,302320
RIVL,RMDDL,0,0,0,0,7800,0,0,0,121800,0
SMDVR,URYDR,16200,64768,18840,1320,20640,66908,6240,2700,0,240120
ADFL,RID,30360,0,0,0,0,14530,0,6700,45900,0
AVAR,AVFR,0,0,0,35280,297360,0,1196160,0,522000,0
AIZR,PVCL,0,0,14640,0,0,0,0,0,1800,0
AWCL,RIR,0,0,0,0,0,0,0,360400,769800,378120
SMBDL,SMDDL,300480,398336,207240,30480,276000,373401,48240,2500,2300,226720
ALA,AVHL,1440,11776,19200,9720,99120,144291,93840,597000,0,497720
IL1R,RIS,0,0,0,0,0,0,0,268200,492300,709280
AWBL,HSNL,0,0,0,0,0,0,412560,0,0,0
AVEL,SIBVL,0,0,6000,0,0,0,960,0,0,0
BWM-DL06,RIAR,0,0,0,0,7440,0,6960,0,0,0
ADFR,RIH,83160,60160,22200,0,145320,82790,172800,57200,149000,171280
ALML,IL2DL,0,11008,0,0,0,0,0,10800,0,0
BWM-DL01,BWM-DR03,114360,92928,102240,61440,118440,451123,192240,308600,1022400,308000
PLNL,SMDVR,0,0,0,0,0,0,959760,1002100,708600,673920
RIAR,URAVR,19920,15104,30360,840,54000,80087,10560,0,0,0
ADLR,AVER,25440,0,0,0,0,0,0,0,17800,0
BWM-VR01,URYVR,7560,7936,0,28680,69720,62177,69600,0,0,0
FLPL,PVWR,0,0,0,0,0,0,0,52200,148000,0
RMDDR,SAAVL,0,22528,0,0,213120,0,0,0,0,0
ALML,RICR,0,79360,0,0,19440,0,0,28400,0,0
IL1DL,RMEV,137880,261632,140400,98880,184560,341975,264240,156800,343400,253920
BWM-VR05,SMDDR,0,0,0,0,0,36833,30000,0,0,0
BWM-DL07,SIBVL,0,40448,207240,7440,0,12165,29760,0,63800,0
OLLL,RIML,3960,15616,144360,62880,45960,21626,227280,5700,15600,7840
AVJL,IL2DL,0,3328,0,0,14520,0,0,220600,29200,166640
AIAR,ASIR,239520,395520,306480,298680,1494840,1134059,1471920,1373400,893800,1036000
BWM-VL01,RIH,0,0,42120,0,0,0,0,0,0,0
RIAL,SMDVL,743520,1491968,832800,1094880,1508160,2717552,4308480,3606600,4921000,4081360
BWM-VL06,RMDDL,0,0,0,0,0,0,13200,0,0,0
OLQVL,RICR,69000,38144,181560,64800,2520,101376,210720,714000,152000,320080
AVBR,BWM-DL07,0,0,0,0,0,0,0,0,0,80
RMEV,SMDVR,173640,268032,367800,310920,1190880,940093,1754880,2323000,2460700,2797360
AVER,SMBDR,4200,8448,2880,0,13080,0,2160,0,600,3520
AIAL,AWAL,223920,399104,127200,1318320,1107840,1007001,3246000,1256100,1085900,539440
BWM-VL03,CEPVL,209400,219392,391920,177000,198240,313927,443760,193200,259800,200960
BWM-VR02,BWM-VR07,0,0,0,0,44520,0,0,0,0,0
BWM-VR05,SMDVR,0,2304,0,0,0,0,0,0,0,0
AVJL,RICR,10320,0,12000,0,283200,255467,524640,574300,327800,338880
AIAR,AVFR,0,0,0,0,0,0,960,0,0,126800
RIML,URYDL,47280,93952,31440,96240,0,3379,162480,93500,97100,0
RIGL,RIML,425400,238336,452640,539280,1092840,673474,1130400,331700,771600,462080
ASEL,RID,0,16640,73320,0,110640,0,7680,1600,9600,83360
AVBR,SIADL,97200,137472,65280,0,0,2027,300480,273800,2400,560
AVL,SAADR,0,202496,0,0,0,0,116160,266400,19600,0
RMDVR,SMDVR,330120,131072,145560,193800,228720,290949,220800,269800,459300,485440
PVR,RICR,46320,321792,413760,104880,376680,0,769440,564600,1436100,1707840
RMDDR,SMDDL,4200,0,5880,3480,81720,0,0,0,0,0
AIBL,IL2L,9240,0,0,0,3960,0,38640,0,0,0
AVBR,DVA,643440,757248,809040,871560,1598640,1553080,3779040,2566600,1245100,1607760
BWM-DR07,SIBVL,0,0,0,0,0,0,7200,0,85200,0
CEPDL,SMDDL,0,0,5760,0,0,0,0,0,0,0
ALMR,PVCL,0,0,0,624720,0,506880,0,0,0,0
AVHL,AVHR,83520,97280,54840,100440,145800,193628,300480,2200,76000,144000
BWM-VR05,RMDDL,0,51712,0,0,0,0,0,0,0,0
AWCR,SMDVL,17760,0,600,0,0,0,0,0,4000,0
BAGR,PVCR,0,0,0,0,0,0,0,28900,0,0
ASHR,PVPR,239040,336384,312600,210240,729480,396718,129840,0,0,316560
ADAL,RIAL,40200,78336,14160,76080,6840,0,0,0,319600,0
ALML,RIPL,0,0,0,33600,15000,0,0,213600,255000,76280
AVAL,RIH,18840,61696,18600,0,0,495728,14160,0,0,0
AVER,AVM,0,0,0,0,0,226406,14640,0,0,8000
OLQDL,SAAVR,0,0,14040,0,0,0,0,0,0,0
ASJR,HSNL,0,0,0,0,0,0,623520,0,0,0
AIML,CEPDL,38040,0,18240,8040,2280,11151,30240,75800,0,15440
BWM-DR04,BWM-DR06,310800,839936,475920,708480,2197560,3579924,7686720,2729800,4906400,4471240
BWM-VL03,IL1VL,0,0,0,0,0,37847,0,0,68800,38720
BWM-VR06,RMDVL,0,6656,33000,108120,650040,767416,1337760,232200,173400,358240
IL1VL,SMDDL,0,9472,6120,30600,0,16896,0,70800,102600,47440
PVWL,PVWL,0,0,0,0,0,0,14921280,5815600,4734600,6112640
OLQVL,RIPL,266160,199424,61560,503280,756240,259522,1829040,448200,784700,647720
AINR,AIZL,0,0,22080,0,21600,0,0,0,166000,0
RMDR,SIAVR,70800,0,22680,0,0,83804,4320,0,1800,20400
OLQDL,RIS,233160,544768,28080,217200,529800,0,163440,425200,51200,544400
BAGR,IL2DR,23520,47360,26280,0,28440,65556,89040,115800,62900,145920
AVJL,RIPL,0,0,0,0,0,0,0,163800,514300,427200
ADFR,PVCR,0,0,0,0,0,0,0,498600,0,0
RICL,RIML,117120,80640,148200,148680,227280,348057,783120,198400,341000,490520
ALNR,ASJR,0,0,0,0,8280,41902,0,0,0,0
AIML,SMBVL,178200,305408,123000,175200,339840,280135,693600,563800,555200,590080
SIBVR,URBR,186960,475904,371400,474120,887520,967802,1539360,269300,275800,381280
AVDR,PVCL,23160,774656,278520,47160,21000,1576058,2063520,1039700,1268800,1024440
AUAL,URADL,0,0,0,1680,0,0,10800,0,0,160
RIPR,RMEL,137160,283392,124680,175200,276240,600821,526080,158300,485400,117520
BWM-VL01,BWM-VR03,83400,48128,92160,124920,306840,285204,489120,945400,1646600,769120
PVR,RIPL,45360,131840,248760,189840,1519920,17571,2034720,551200,2216400,1423640
AVAR,PVQR,18240,0,0,0,0,34129,0,0,0,0
AFDL,IL1L,2520,0,0,6600,12240,0,0,3000,19100,0
IL1DL,RMHR,0,0,0,0,0,0,0,905600,1422000,1329840
ADEL,RIVL,0,0,0,46800,558840,411248,2114400,301500,499600,622040
RICL,SDQR,0,0,0,817680,983520,1406423,1019760,2352600,1050900,1437160
AVKL,RID,0,0,0,0,0,646778,0,0,19800,9440
RMDR,URYVL,0,7168,0,0,0,0,0,0,0,0
ASKL,IL1DL,47160,15360,2280,16920,15240,39198,14880,0,60500,40000
AVHR,SMBVL,119400,235520,118440,428040,225600,677867,2049120,269100,620400,346320
AIZL,AWBR,0,0,29400,15960,11160,0,0,0,37400,5920
RIBL,URYDL,247920,457472,426600,360000,661200,1238814,2252640,648100,1189700,962360
AIBL,URXR,8640,172544,6720,8520,0,68259,215520,0,0,0
ASKL,RMGL,46920,380672,121920,1320,6120,160174,143760,0,0,57280
ADAL,URYVL,112200,94720,39120,93240,80520,133478,179280,133100,96800,28400
IL1VL,PVPL,0,6144,0,0,0,0,0,0,0,20600
BAGL,RIS,0,0,0,0,0,337,0,0,0,0
BWM-VL05,SAADL,0,0,0,0,59880,113879,0,0,0,52640
BWM-VL03,BWM-VR01,19200,67328,229080,63720,360840,138885,1518960,534400,1058400,623520
BWM-VL05,BWM-VR05,0,0,0,0,0,4392,656400,21800,268300,30000
AQR,BDUR,0,0,0,10200,0,0,0,277700,0,0
PVWL,URBR,0,0,0,0,0,0,0,0,4400,0
RIBL,URXL,313200,186880,251040,137520,629760,271011,415200,364300,13800,643200
RICR,RIML,0,160256,39360,178080,636480,295342,0,854600,1882000,227840
BAGR,RMDVR,165960,0,10800,4200,0,395366,71040,93800,0,0
ADER,AVFL,0,0,0,0,0,0,0,86000,0,266000
ALMR,AVM,0,0,0,0,1250400,1621002,1037760,2130300,1665600,707280
ADLR,AVJL,0,97792,155400,13320,475800,256481,209760,524800,902200,385200
AVFR,RIS,0,0,0,0,0,0,233760,0,0,0
OLQDR,RMHR,0,0,0,68280,206280,354140,790560,318000,594100,802080
BDUR,PVQR,220320,323584,147600,20520,781440,568719,699840,1401900,2160800,1962240
ASKL,SIBDR,8640,0,0,0,30240,0,325920,0,0,0
OLQDR,RID,0,0,0,0,0,148684,0,126400,138400,80480
RIR,SAADR,18360,0,0,8640,76560,9461,0,220800,5100,26800
ADEL,BWM-DL04,0,0,0,0,408000,50012,9600,15200,26000,360
RIVR,SMDVL,29280,182272,85440,81720,86160,118947,301200,223600,150800,186480
ADEL,IL1DL,0,0,0,0,0,7096,0,0,12000,26880
RICR,SDQR,0,0,0,873960,1974600,567705,2115120,1956700,1422600,1344200
AQR,RIAR,0,0,0,7440,134640,224716,441120,350400,84100,224640
AIBR,SMBVL,2160,0,0,0,0,0,0,16800,0,0
AVAL,PVCR,206760,0,0,425640,188880,1777459,137520,0,398600,342800
CEPVR,URXR,0,4608,0,88920,120600,193290,222000,139700,615600,234960
ADEL,RMGL,0,0,0,27480,0,210186,97920,0,0,175840
BWM-VR06,RICR,56400,0,0,0,1800,0,0,0,0,0
AUAL,CEPVL,59880,121856,137160,67920,266040,276418,104880,82000,54400,880
ASJR,RIPR,0,0,0,0,0,0,0,54400,508000,447480
AVEL,AVJR,33120,48384,35760,47160,72480,106444,366000,71000,192500,103440
BWM-VL03,SMDDR,0,0,0,4560,2880,12840,6480,11000,3000,6880
AUAL,RIFR,0,0,0,0,0,0,0,70200,0,0
ADER,RMHR,0,0,0,514920,104160,0,0,952800,0,0
RMER,URYDR,197520,227584,154440,203040,428040,357857,433680,6500,40400,139200
AIAL,RIFL,146760,227584,523800,250800,1223280,1864304,912240,1940800,1680100,1163480
FLPL,SAAVR,0,0,0,0,0,0,0,43000,0,0
IL1R,IL2R,403800,1028352,836760,941160,1564920,1899448,2393040,2074300,2687900,2252760
AIYL,URXL,107760,89856,83760,119040,179280,121313,448320,168400,243100,93680
PVCL,RIVL,0,0,0,0,0,5068,2880,0,0,0
AINL,RIR,0,0,0,0,0,0,0,0,0,2960
PVWL,SAADL,0,0,0,0,0,0,139920,22600,0,0
AIYR,SMBVL,0,0,0,0,2760,0,0,0,0,0
RIAL,RMFR,0,0,0,0,0,186531,151680,0,7000,65600
AVDL,RIGR,63120,286464,113280,320400,40680,186869,1243680,603500,476200,285640
AVBR,PVWR,0,0,0,0,0,0,0,0,203700,398640
RMGL,URXL,220320,402176,105120,444480,1124760,711997,2492160,1551700,1241000,679280
AVDR,AVM,0,0,0,0,0,261888,1619280,1196000,1761200,749120
PVR,RIPR,30840,323584,393000,515880,1415520,143953,2126880,1257800,1209200,1525760
BWM-VL03,SMDVR,204240,252928,202440,268200,211440,238909,387360,159100,371300,229920
ADEL,SIBDR,0,0,0,49200,441120,368332,780480,243800,125800,350080
AIZL,ASEL,180480,256512,212040,454680,670320,357519,729120,343800,604400,182800
RIAL,RIGL,162480,261376,234840,439320,280440,456192,1248000,417600,563900,207200
BWM-VL06,RMER,0,0,0,0,0,0,16080,0,0,0
AVJR,PVQR,0,0,0,0,0,33116,0,0,0,0
FLPL,RIS,0,0,4920,56280,219600,1983590,799200,164800,292200,741280
ASHR,ASKR,153480,184576,266880,282840,973440,323727,1079760,184000,231200,107200
BAGL,OLQVL,0,0,840,0,0,168622,0,0,0,0
RIML,SIAVR,0,0,0,0,15120,0,0,0,2200,0
ADLR,RIPR,0,0,0,0,6600,0,0,90400,302400,99040
AVKR,SMDVL,45720,59136,65160,22560,224880,212551,54720,353000,134700,0
RMER,URADL,180120,585728,424800,441840,1206000,984360,2679840,1657800,2010800,2054080
ADFL,RIFR,0,0,0,0,2400,0,6240,98400,1800,0
AIML,AVDR,0,0,0,128160,0,0,19680,16300,292800,420000
AVHL,BDUR,79560,68352,105120,0,0,0,3600,0,0,57680
SMBDR,URAVR,0,768,2280,2160,2880,0,480,0,0,0
ALML,SAAVL,0,0,0,1800,11760,0,23280,0,0,0
OLLL,URYDL,49920,1280,104160,50400,165240,338595,134880,106600,111100,78000
AVKL,URYDR,0,0,7080,0,7800,15882,0,0,0,25800
RIPL,RMDDL,1560,15616,11400,14280,1080,23316,3360,11200,5800,11720
FLPR,SMDDL,0,0,0,16560,0,0,0,0,0,0
SMDVL,URBL,2160,153856,80640,50400,115560,0,19440,0,0,0
PVCL,RMGL,0,12544,0,0,15120,0,0,48000,0,0
RIAR,RMEV,0,0,0,0,19920,0,0,6500,59200,0
ASER,AVFL,0,0,0,0,72840,789043,15600,0,0,109160
RIAL,RMED,0,0,0,18960,12120,43253,0,0,0,0
RIML,URYVL,0,0,23520,2160,0,58122,132240,22800,74800,7440
BDUL,CEPDR,0,0,0,0,0,47646,0,0,0,0
AVHL,RIAR,0,0,0,4920,1800,0,0,0,0,0
SMDVR,SMDVR,0,0,0,0,0,0,5760,0,0,0
AVER,AVHR,360,100096,3360,126960,289680,0,349440,316100,79100,57680
IL1DR,RIBR,19320,86528,4680,3240,43920,41226,21120,6000,239300,160080
AFDR,AIZR,139320,548864,475920,400080,968160,1800099,1943760,1346700,1257900,1174680
IL2DL,PVCL,0,0,0,0,0,0,0,0,20200,149680
BDUR,DVA,0,132096,93000,456960,0,0,0,0,0,129920
AVBL,HSNL,0,0,0,0,0,0,312720,0,0,0
AVDL,AVKR,0,0,0,0,0,0,7200,0,0,0
PVPL,RMFL,0,0,0,0,0,0,326400,0,0,11640
PVCL,SIBDR,0,2816,720,152640,0,0,12480,204200,0,103200
AIZR,HSNR,0,0,0,0,0,0,119040,0,0,0
ASIR,IL1R,72480,27392,8040,7440,52680,321361,120720,109100,207100,0
OLQDL,OLQDL,53160,0,0,3360,2040,0,0,0,0,0
AVFL,SIBDL,0,0,0,0,0,4055,0,4600,0,11600
AIZR,AVHR,0,0,46080,0,194880,0,0,0,0,0
AVKL,RIVR,51480,40960,142440,38400,53640,675,274800,242100,188700,280
ADFL,AIYL,1114080,1513472,600000,575880,888480,540334,1064640,719800,854200,682120
AINR,RIVL,25920,16384,19200,0,66720,103065,112080,104600,108700,76880
BWM-DR08,RMHL,0,0,0,4200,0,20951,0,0,0,0
AVEL,RIGR,31440,26624,50280,135360,171240,24668,550560,1029300,387200,182880
IL2R,SIBVL,106440,0,0,0,105000,135843,0,0,137800,0
AWCR,URBR,23400,0,0,0,3360,0,0,0,0,0
ASIL,RICL,0,0,0,0,0,0,11040,0,0,0
AWCL,RIML,91920,208896,104160,62760,123720,544727,136080,52500,387400,22360
RMFL,URADR,0,0,0,0,0,17571,0,0,0,0
RIMR,SIAVL,0,0,0,0,20640,0,0,0,0,0
BAGR,IL2DL,2400,16384,0,0,4200,0,0,0,0,12240
ALA,ALMR,20640,26368,1800,48000,3480,16220,0,0,0,0
AWAR,PVQR,258960,560128,247440,700560,418800,556216,1470480,361800,547900,1101400
RIAL,SAADL,61320,115968,76800,143040,93840,269998,571920,515000,374200,513360
ADER,AIZL,0,0,0,0,0,0,26640,0,0,0
AIBL,AQR,0,0,0,335400,452880,688680,1158720,167800,117600,312440
AVAR,SIAVL,0,3328,7560,14880,0,0,600720,61400,157400,0
PVWR,RID,0,0,0,0,0,0,0,0,178800,0
ALNL,OLQDL,0,0,0,0,0,0,0,19400,0,0
ALML,PVQL,0,0,1800,0,43800,95293,0,0,0,0
ADEL,RICL,0,0,0,57720,0,0,0,0,0,1440
SDQR,SMBDL,0,0,0,58680,512640,210524,192960,79600,486800,149080
AVBL,AVJL,247920,393472,480240,292920,835440,449771,2033760,1270800,915100,550720
ASER,PVPR,240,0,4800,0,0,0,0,0,0,0
ASJR,AVFR,0,0,0,0,243120,862709,2067120,1927800,1005300,117320
AVEL,SMBDL,0,18176,3840,960,27000,0,0,0,0,7760
BAGL,OLQDL,26520,124160,37320,85920,117120,134154,127440,184500,112600,245680
PLNL,SIBVR,0,0,0,0,0,0,412800,80600,332200,436320
AVJL,PVQL,0,0,3360,0,0,0,0,0,0,0
BWM-VL05,BWM-VR03,0,851968,0,0,39960,27033,427920,15000,147400,98480
BWM-VR06,RIPR,0,0,0,0,0,16558,0,0,0,0
AINR,IL1DL,13680,32256,8880,19080,33480,24668,66480,70800,114400,31480
AVM,SIAVR,0,0,0,0,0,518369,25440,0,0,164160
AVKR,BDUL,0,0,0,0,0,0,804000,0,0,0
AIAR,AWAR,120480,272384,170160,295560,806520,798167,996480,685000,1470900,766240
BAGL,IL2R,0,0,0,0,2040,675,0,97000,0,16400
RIVR,RMFR,0,0,0,0,156240,1084385,346800,185600,0,0
AVFR,OLQDL,0,0,0,0,5880,16896,11520,92500,3000,59520
BWM-DL07,SMBDL,0,54784,0,0,0,46970,0,0,0,0
BWM-DR08,CEPDR,85320,707584,459720,336720,591120,2112337,1203120,545400,649800,679320
AQR,SDQL,0,0,0,0,0,365291,0,0,0,0
ALML,RIR,109200,0,0,0,0,0,0,0,0,0
ADLR,ASIR,115800,179200,117720,318840,34440,548106,31200,932700,1744900,1213800
AIML,ALNL,0,0,0,0,26040,0,0,52600,0,100800
DVA,RID,292080,483584,437640,1066800,1795680,1135411,4705440,3048200,2941500,2309920
AVDL,RIFL,0,0,0,0,53520,49336,170880,0,0,1680
ALMR,AVHR,133680,356096,118320,199200,323520,159498,411120,366700,717000,444480
PVCL,RMGR,0,0,0,0,0,375429,129840,0,72800,0
ADAR,OLQDR,26160,0,12480,53280,0,57784,136800,0,43400,0
AVFR,IL2R,0,0,0,0,26040,48660,101040,642400,72800,97080
AVKL,CEPVL,0,0,0,0,0,0,0,4200,0,0
RMHR,SMDVL,0,0,0,231240,80760,440985,915840,255700,762400,315480
ADLR,AVFR,0,0,0,0,289920,10813,0,0,2800,131600
AWBL,PVQR,132360,0,0,0,0,0,0,0,0,0
AFDL,AFDR,29520,167936,67560,31800,167040,288583,304320,161100,526200,250800
AVEL,AVKR,262800,513792,421440,348600,1089360,1240842,1418400,59000,625200,1048560
BWM-VR08,SIAVR,0,12544,7080,0,0,0,0,0,0,0
IL2DR,RMFL,0,0,0,0,0,0,0,0,0,159520
ADLL,CEPDL,0,10496,0,0,0,0,0,0,0,0
BWM-VL07,PVR,0,0,0,0,0,0,0,0,2700,640
ADFL,ADLL,0,0,0,0,0,0,1018320,0,56600,0
BWM-DL03,BWM-DL07,0,0,144360,151200,0,168284,971520,5200,0,0
AVJL,RIR,35400,0,0,0,21000,0,0,358200,6000,37400
RICR,URYDL,0,0,0,0,0,0,0,231600,0,57080
ALNR,SIADL,0,0,0,179520,339120,941445,792960,1060200,1623000,855600
AIMR,PVR,0,0,3000,0,1920,0,11760,0,0,0
AVBR,SAAVR,0,0,0,0,0,0,2880,0,5600,0
SIBVL,URYDL,1920,0,0,0,0,0,0,0,20100,0
PVCL,RICL,0,5632,0,0,247680,410910,684960,24400,0,394880
ASHR,HSNR,0,0,0,0,0,0,3100800,0,0,0
BWM-DL05,CEPDL,152280,380672,21360,123960,788520,351774,93360,658700,387200,662240
AVFL,IL1DL,0,0,0,0,0,0,0,87000,66200,0
ASHR,AVHR,29640,177408,70800,60960,180600,59136,265920,20000,1000,107640
ASKR,OLLR,0,16640,0,0,28680,39536,67200,0,79900,19680
BWM-VR02,URADR,0,0,0,0,7920,28385,0,0,0,8800
OLLL,RIAL,0,0,86280,2040,840,0,95520,2600,4600,0
ADLL,SMBVL,130800,481024,356400,401040,1474440,1220229,1986960,1011000,912600,1435280
PVT,RID,0,133888,95880,0,0,1090467,1680,20500,125900,199400
RIVR,URBR,95520,211456,73680,0,104280,221337,10320,129000,74600,0
BWM-DL01,URADR,0,0,0,0,0,0,0,28900,0,0
RIVR,RMED,0,0,0,0,0,0,163920,79600,177000,237800
RMDVL,URAVL,0,0,0,0,0,0,0,54600,0,17200
ASKR,SIADL,0,28416,0,0,0,24668,45360,0,0,0
AVBR,RIS,64560,96256,242760,308040,798720,54743,2030640,371400,837000,649440
BWM-VR06,PLNR,0,0,0,0,0,0,23520,0,88400,9520
RIR,SIBVL,56400,118784,14280,720,0,0,0,0,0,0
IL2VR,SIBVL,13920,0,0,14160,0,18923,35040,254900,140000,46720
BWM-VR04,RMDDR,11040,7936,0,25320,58320,33116,108480,800,23000,39000
AVJR,SIAVL,33360,116480,3960,0,12360,23992,107760,198000,78900,31200
ADFR,AVAR,0,0,0,0,0,0,0,250500,14300,98480
AINL,RMFL,0,0,0,0,0,0,81360,0,0,0
AWAL,IL2L,0,40704,24720,0,0,0,6480,0,0,0
AVKL,IL1VL,0,0,0,0,0,0,0,0,27000,32640
AWAR,DVA,6720,58112,8040,0,0,0,75600,67100,0,0
BWM-DR04,URXR,0,0,0,0,11760,0,0,0,0,0
IL2VR,OLQVR,339000,417536,340200,244080,627960,1012408,935040,1311400,1188800,1380560
AIMR,AVBR,0,0,2880,20040,0,6758,0,68500,116200,0
BDUR,PVWR,0,0,0,0,0,0,0,2088200,4321800,509280
AIAL,ASER,413640,224000,137160,130920,538800,305479,125760,474800,430100,250320
ASIL,RIBL,0,35840,69360,41400,262440,129761,0,107400,293800,85040
BWM-VR02,CEPVR,34680,0,0,3840,960,0,0,46700,236400,3920
DVA,SIADR,332640,455168,261600,596280,632760,906639,2288400,1367200,1647800,1443520
AVAL,URXR,0,0,0,0,8760,0,0,23000,0,0
AIBL,RIGR,579720,1285376,739080,870120,1491240,1774755,3919440,1596800,2115800,1504200
IL2VL,RMFR,0,0,0,0,0,0,113760,0,0,0
AIML,AVKL,0,0,0,0,0,0,39840,0,0,0
IL1R,OLQVR,0,0,0,0,0,0,572640,0,0,0
SAADR,URXL,0,0,0,0,18000,0,0,58000,9100,3600
RIPL,RMER,52320,142336,188640,171360,211080,407193,336720,230600,520800,313160
SIADR,URXR,0,11008,9360,0,0,12165,174240,0,0,0
ADAR,AIAR,0,70656,106680,14520,254640,306831,508320,1093600,1622200,1188800
IL1VL,SIBVR,34800,8192,0,9000,25320,8785,40080,0,0,0
AIZR,URYVR,43680,34304,0,17760,8640,14530,0,0,0,7440
ASGR,ASJR,136320,202496,132480,150480,134880,192952,278400,1656000,2185500,1514000
RIS,RMHR,0,0,0,18840,139920,0,0,0,800,0
IL2VL,RIGL,20760,67584,18120,61080,73920,88872,103200,312800,734000,634640
AVHL,SDQL,0,0,0,0,0,111851,0,439400,0,0
CEPDR,RMEV,0,0,0,17760,0,0,0,140200,0,0
ADER,SIBDL,0,0,0,184920,73800,100700,1272000,111300,319300,327120
SMDVL,URYVR,135360,312832,297360,365640,483000,499445,1140960,84600,144200,397040
AVER,BDUR,16200,0,0,0,5880,3041,33600,0,93100,43480
RIVR,SAADL,719760,1098752,960000,1173000,1876560,2524938,2581680,2609600,3210800,3222640
BWM-DL01,RMEL,8640,26880,22440,0,39000,34129,88800,55800,54000,43520
AVKR,URBR,0,0,0,0,0,6082,41520,0,18000,0
AVHR,AVKL,0,0,5760,12720,0,0,580800,0,0,0
ASJL,AWAL,223680,111616,210600,19920,71880,133140,6240,128600,624400,573360
PVT,SIADR,720,1024,172680,90480,280320,675,10560,271200,22000,18160
OLLL,URYVL,88560,69888,55320,179040,268440,305817,494400,44800,419200,11840
AVJR,PVWR,0,0,0,0,0,0,0,1057000,539600,336600
ASER,ASKR,100080,189184,84120,391800,500040,329809,1597440,606400,1115700,735800
PLNR,RMDVL,0,0,0,0,0,0,788400,1495900,934100,963560
AIMR,ASKL,0,0,0,1440,0,0,0,0,0,0
ADAR,PVT,0,0,0,0,0,0,7920,0,0,0
RMER,SMDVR,0,0,0,0,0,0,0,46400,0,55920
ADFL,AINR,480,0,59400,0,8160,40212,15360,0,0,16640
IL2DL,RMDDR,59520,0,8400,6360,0,16896,10080,136600,43000,0
AVKL,RIMR,462240,796672,867720,419400,1753920,770119,3703680,1097900,2389600,1189120
ALA,SMBDR,4680,0,0,0,0,0,9840,0,0,0
AVAL,AVAR,157680,516352,254520,244440,609720,1309440,1956240,866900,1049800,1450000
AIMR,BDUL,14040,0,0,0,0,0,0,0,0,29040
IL2VL,RMED,118080,215808,118440,122640,359400,126720,734640,287000,310800,664800
OLLL,RIBR,5400,3328,0,0,5640,0,0,0,228200,0
RMEV,SIADL,0,0,0,10440,0,0,269280,81600,0,59920
AFDR,AVJR,0,0,0,0,0,0,0,0,0,18800
AIBR,AINL,14160,337664,215640,312120,231600,851558,160320,214000,818200,290000
BWM-VL01,URAVL,600480,1075968,595920,872040,1061160,1807534,2401680,1320300,1898000,2314400
CEPVL,SIAVL,0,28672,0,74760,11040,0,629520,0,185600,534240
OLLR,RMDDR,327480,863488,537600,952680,3096000,2328944,3324960,2795200,2724100,3809200
BWM-DL02,CEPDL,239520,95744,0,1560,4800,26019,0,2800,0,15960
AIAR,AIMR,622080,1432320,1183320,495840,2738280,2432348,2060880,5683000,4150500,4663640
BDUL,IL1L,39960,0,83040,0,3480,0,14640,0,23800,0
ADER,RIVL,0,0,0,31200,0,0,0,1444900,797400,9040
AVFL,RMGR,0,0,0,0,822480,966451,2780640,607700,620800,700240
AIBL,AVKR,451800,418048,366240,478920,908040,1828823,1119840,710500,1415500,1196440
DVC,SIAVL,0,0,0,16560,0,0,0,0,0,0
RMDVR,SIADL,49800,130304,34680,0,0,73328,317760,0,174800,0
AVKR,SAADL,136800,257536,6480,357240,432120,657254,2243520,379600,455800,250320
BWM-VR06,BWM-VR08,75720,366080,203520,453720,1274880,2469181,2840160,1761000,1924600,1587560
RIS,SIADR,28440,201472,53040,130920,1329120,13178,626160,0,290000,198400
ALMR,URYVR,25200,0,0,7920,0,28385,0,0,0,0
AVKL,SMDDR,115080,8448,126600,5520,66960,661985,550320,728800,433900,294280
IL1L,PVR,0,96768,0,0,3720,140574,960,0,0,0
IL1L,SMDVL,49920,95232,88080,98280,192360,0,361680,0,133600,38120
AVBL,AVFR,0,0,0,0,223080,282839,9840,261800,0,0
AWCL,URYDL,17880,8192,5400,36360,57960,0,79440,0,21000,12760
ADLL,AVDR,0,148992,99480,125160,700920,928604,1254480,660200,1017600,932880
AVHR,CEPDR,34440,81152,5760,20760,68280,59811,62400,197900,166600,118320
OLQDL,SIBVL,70440,270336,126840,413280,471720,544389,1379760,1255200,1766500,1691200
IL2DL,URBL,0,0,0,0,0,0,0,178100,0,0
ALMR,BDUR,462720,1048576,580440,759240,1895520,2338068,1765200,725000,1003100,551440
AVKL,SMDVR,6600,30976,173280,150120,23640,31426,0,661400,1800,1280
ADAR,URADR,0,0,46800,75000,0,89548,91680,0,0,0
RMED,SDQL,0,0,0,0,0,0,0,0,45000,0
IL2VL,SAADL,1200,0,0,0,0,7434,0,259800,180200,179040
ASEL,RICL,0,0,0,0,0,0,6720,0,0,0
ASER,SIBDL,0,0,0,0,0,0,25440,0,0,0
RIPL,SIBVR,0,0,0,23640,54960,0,284400,409600,0,0
ASHR,URYVR,4440,0,3960,9600,0,0,0,0,0,0
BWM-DL06,RMFR,0,0,0,0,0,0,32880,700,102800,32880
AIMR,PVWL,0,0,0,0,0,0,42240,165800,4600,59920
AVHR,BAGR,0,0,1560,0,21240,0,0,0,0,0
BAGR,SAAVL,94080,50688,2520,69360,3960,0,0,46200,0,110640
CEPDR,RMHR,0,0,0,21960,1015080,439971,65280,90400,562000,412880
ASHL,ASKL,206400,293888,124320,336480,930600,824524,598320,94600,134700,74240
ASJL,AVHL,0,3072,6840,6240,6840,50350,122160,95000,408900,149280
RIMR,RIS,455880,986880,536640,781920,1395240,1732177,4188960,1941600,2195500,2624480
AFDL,ASIR,0,0,46200,0,0,0,0,0,0,0
AWBL,SIAVL,41880,0,0,0,0,0,0,0,0,36800
AIAL,PVCL,0,1280,0,0,0,0,0,0,0,0
ASHR,BDUR,10080,13312,1080,0,2280,29061,204240,1012600,1135300,1452880
ADAR,CEPVR,0,129536,2640,3120,92280,0,35280,197600,0,38640
AVAR,RIS,0,0,0,0,360,4392,0,0,0,0
PLNR,RICR,0,0,0,0,0,0,1208400,1526400,1246800,1339120
ADAR,AUAR,2280,0,0,0,0,13516,0,0,0,0
AVDR,BDUR,0,0,0,12240,65760,65556,108480,0,0,0
OLQVL,RMFL,0,0,0,0,0,70963,0,0,0,0
BAGL,OLQVR,54360,70400,55560,24000,71400,0,39360,86000,139700,59960
AVL,RIGR,480000,1021184,118920,492000,1403280,1508812,1707840,1295000,1823700,1629680
AWCR,IL2DR,3120,23040,58680,37800,44880,8785,158640,60500,16800,4720
AIBL,RIFL,29400,197632,19560,120240,161040,115568,822960,352700,110600,113280
ALNL,OLLL,0,0,0,0,95760,188221,12480,121300,209400,126280
SMBDL,SMBDR,110760,193792,123720,99840,318840,236544,712320,834800,618200,612240
RMHR,URBR,0,0,0,14880,662520,160174,33600,0,79400,250440
IL2R,RIGR,0,0,14160,0,0,0,0,0,13400,75440
RICR,URYVL,30120,61440,34800,75120,143640,231137,0,487000,87200,278400
BWM-DR05,SMDDR,0,0,0,0,0,0,110880,0,0,0
IL2L,SMBVL,76080,190464,146040,62280,527160,284190,500400,251100,165300,410800
AINL,ALML,10800,88832,31320,4440,184920,249384,438240,149400,422200,22760
RIPR,URYDR,0,0,44520,38160,0,0,0,0,0,1450080
BWM-DL02,RMEL,0,15872,2760,26040,6840,47646,49200,0,38100,17040
AFDR,RIGR,0,0,0,0,38040,0,0,0,0,0
RIAL,RMDVR,908400,1815808,1268760,1372560,2343960,3508961,5973360,3412200,3890800,3398880
PVPL,URYDL,7440,0,0,0,0,0,0,0,0,0
PVR,RMFL,0,0,0,0,0,0,0,4600,0,0
PVPR,SIADR,0,5376,71160,0,0,0,0,0,106800,0
SIBVL,URYVL,37440,46848,64440,55680,93000,210862,148080,101200,109400,74040
BAGL,OLLL,0,0,0,0,0,57784,27120,0,8800,0
AIMR,URBR,0,0,0,0,2040,10813,0,524800,362800,291760
SAADR,SIAVR,0,15872,6240,18000,75120,58798,0,0,2100,0
OLQDR,RMDDL,153720,612608,284400,454440,1298040,1895731,2026800,1571000,1929000,2032720
PVPL,URXL,128880,331264,368520,176520,1180320,661647,1088400,1113200,1017400,1389000
RIH,URADR,38520,5888,12120,26160,174120,268308,999120,334800,125200,70080
RMDVR,SIAVL,395520,687616,746880,628920,2189400,1255372,1793520,1100300,1305300,1374640
ADFL,RIBL,133920,159488,27000,138480,152880,155443,809760,134400,353400,229720
RMDL,URADR,0,50944,0,0,0,0,0,0,0,0
BWM-DR05,SMDVR,0,0,0,0,52800,0,39600,0,0,0
AVKR,RIH,0,0,25800,21240,0,3379,0,0,160400,2760
RIAR,SIBDL,0,0,1800,0,0,0,0,39000,108100,80480
SAADL,SMBDR,51960,70144,26760,18720,0,46632,98400,0,47600,1600
ASGR,PVQR,82800,2816,0,7800,0,0,38160,0,0,0
BDUR,RIS,7200,5120,68520,0,0,16896,0,0,0,0
ASJL,RIFL,79200,103680,92160,53400,111960,120637,28800,0,0,0
AVER,IL1DR,0,0,19080,0,211440,161525,0,0,0,0
RIAR,RMDDR,1617960,2580480,1611240,2247960,4976760,4826511,9024960,5685700,5238100,6621760
AVFR,OLLL,0,0,0,0,1440,59811,109440,49600,33600,0
ASJR,AWAR,137160,139008,286560,11640,1800,47308,208320,25600,442000,354960
BWM-VL08,SMBVL,5040,61696,69120,100320,0,145305,288960,162000,0,61200
RIPR,RIVR,0,0,0,0,69240,0,0,0,0,0
ASER,HSNR,0,0,0,0,0,0,34080,0,0,0
AIZL,AVDR,0,101632,9720,25680,0,228433,86160,0,25300,16480
RMHR,SAADL,0,0,0,65280,75360,0,33120,1300,0,0
BWM-DR05,RMDDL,70560,105728,187440,507720,1171200,900218,1791600,439900,1285100,1301120
FLPL,SIBVL,0,0,0,26760,0,0,118320,28000,0,240
BAGR,PVPL,74880,280320,121200,3480,37920,43253,2880,0,0,0
AVER,SDQL,0,0,0,0,0,241612,18720,131400,657000,0
BAGR,RIR,331200,510720,451440,327960,893760,835676,1751760,1046000,844900,1036480
BWM-VL07,BWM-VR05,0,99328,0,0,0,0,32160,0,5700,0
AVEL,RMEV,1800,101888,33000,20640,155880,106782,268800,72800,34400,172520
AIMR,SAADL,5040,0,0,0,0,0,0,0,0,0
ADAL,CEPDL,12480,237056,162240,22800,122760,72652,28080,448800,20600,363520
RMDDR,SMBDR,300600,887040,725280,336480,1193280,1949460,2824800,3393600,2864200,2754160
ALML,RIML,0,0,0,0,11160,0,0,0,0,0
PVWR,RIMR,0,0,0,0,0,0,0,0,74600,0
BWM-DR01,CEPDL,0,0,3960,0,0,0,0,0,0,0
DVA,RIVL,0,17664,108960,5640,6360,30074,0,0,35300,73200
AVJR,RIS,177840,163840,193920,85920,610680,891432,1042080,205400,217900,239440
ADLR,AWAR,423480,336384,344880,958320,1807440,1952501,4694880,1194400,1969800,1626960
ADER,RMGR,0,0,0,0,11640,25344,56400,0,0,0
ASEL,RIBL,0,0,0,5400,0,0,0,0,0,0
BWM-VR01,RMED,185040,84736,97320,125160,521160,297707,667440,387800,363000,493680
OLQDR,RICL,154320,368896,270600,199440,204720,595752,172800,678100,163800,718480
AWCL,RIAL,0,0,0,20640,0,0,0,0,66200,1040
BWM-DL07,RMEV,0,0,0,0,0,0,0,27500,0,0
ADFR,PVPL,0,0,65040,0,0,0,0,0,0,0
PVWR,RMGL,0,0,0,0,0,0,0,780400,1236800,0
ADAL,SMBVL,77640,267008,156480,25920,294720,116244,42000,236700,127200,132640
BWM-DL02,RMDR,133560,167424,210360,26280,50280,17233,67200,173100,132000,86920
ALML,SDQR,0,0,0,0,0,0,0,446800,0,0
BWM-DR04,SMDDL,56640,0,6480,20520,12600,21288,103200,25400,165600,0
IL1L,PVWL,0,0,0,0,0,0,0,92400,105600,0
AVAL,SMDDL,91080,141312,61200,126000,160440,367319,887040,278400,270200,17480
HSNL,OLLL,0,0,0,0,0,0,5280,0,0,0
AVL,URAVR,45360,4096,41760,0,97200,72990,0,63800,0,72880
BWM-DR05,RICL,132720,1536,2400,5760,1200,0,30720,0,0,0
SIADR,SMDDL,24120,32000,720,0,0,0,0,284800,1200,18000
PVT,RIVL,21720,0,21000,10200,0,735989,0,477000,346200,7280
AVDL,PVPR,374400,345856,267120,54720,0,172001,124320,8000,619800,85360
DVA,RIMR,18720,16128,176280,365640,138000,355153,750480,2068200,275600,665600
ALMR,IL1DR,0,0,0,3240,0,0,0,0,0,0
IL2R,URAVR,18000,101376,383280,289800,815880,577843,986880,466600,264500,342400
AVKL,FLPR,0,0,0,0,0,0,23760,0,0,73200
DVA,SMBVR,26760,39936,24840,94800,476520,184842,1265040,975400,467200,219520
AQR,DVC,0,0,0,872400,1513080,1483130,1356000,507600,933800,947920
AVAL,AWAL,0,0,0,0,35520,0,3120,0,0,99360
BDUL,HSNL,0,0,0,0,0,0,499440,0,0,0
ALNR,SAAVR,0,0,0,229560,986040,1439201,2247360,748700,2239500,2300400
AVKR,PVCR,0,0,0,22800,0,0,160800,0,0,0
RMFL,RMHR,0,0,0,0,0,577505,40080,0,0,0
BWM-DR07,RMEV,0,0,0,12600,0,0,19440,0,0,0
ADFL,SIBVR,0,0,0,2040,0,0,0,0,0,0
DVA,RMGL,53880,255744,162000,0,0,0,241200,0,59600,0
AVDL,PVCL,111600,28928,34800,281040,93000,1023897,676800,139200,32200,183280
BWM-VR06,RMFL,0,0,0,0,0,0,150000,56600,215000,0
AINL,URYDL,18600,0,1200,27840,13200,0,97920,129400,69200,40
AVEL,AVFL,0,0,0,0,0,0,70080,0,0,0
ADFR,AVHL,467760,648960,424320,473880,1180800,1128314,2063040,1297900,1749300,1735440
RIR,SMBDL,105480,0,0,3120,0,13178,318240,14200,0,0
AIZL,DVC,108360,343296,353760,111480,151080,784312,640080,675800,181000,800400
ADEL,PVR,0,0,0,0,84840,52377,830160,266900,211700,189080
AIBR,URYDR,5880,0,0,4560,0,16558,62160,8400,0,0
RMDR,RMEL,0,0,0,6600,7920,58798,40800,1263400,1723100,1487920
AVJR,OLQVL,17040,38656,14160,63840,6720,19599,85440,116100,86400,80560
RIVR,RMDVR,234360,69888,118320,85920,450720,1004298,1142880,560600,625400,665360
SIAVR,SMDDR,0,0,23160,13080,5400,5744,6000,14200,2200,17680
OLLR,URYVR,179760,8704,93120,200520,177120,451461,491760,217800,509900,38640
BWM-DL05,RMHL,0,0,0,0,0,0,0,0,19000,0
DVA,SMDDR,0,0,0,0,105000,0,0,0,0,0
ADAR,AVDL,239280,303104,345480,125280,409680,664012,312720,399000,381800,675920
BWM-DL04,BWM-DL06,230280,431360,559200,1068000,4053120,5184030,10998480,4256400,4302600,3753520
PVPL,RIAL,0,1536,0,0,1560,0,18960,7600,15400,8080
ALNL,AVJR,0,0,0,0,13080,0,0,0,0,0
AVKL,RMER,0,0,0,2400,0,7096,0,0,0,0
DVA,SIBDR,48480,155904,77880,230520,73560,126382,302160,697600,319200,581120
PVT,RIMR,134040,0,65640,0,70080,0,0,26600,143000,3320
AUAL,AVBL,59640,134144,60840,197400,122040,38184,644400,84200,0,71840
PVT,SMBVR,3720,0,113760,2640,310320,0,18960,0,0,12720
AVKL,RIBL,12600,26368,19680,90600,85320,77383,252720,0,12000,240
OLQVR,OLQVR,72600,458752,0,2880,0,10813,58320,0,0,0
AVDR,IL1DR,20880,0,18360,0,240,2027,0,0,0,0
RID,RMHR,0,0,0,16200,76080,0,0,0,0,0
ASIR,AUAR,0,0,0,0,0,10813,0,0,0,0
RIS,RIVL,270240,510208,444840,393600,896160,894474,822000,445600,1055200,381400
AVAL,PVPL,116160,68352,174480,330240,424200,439296,858480,272000,321200,512360
SIAVR,SMDVR,0,29952,0,0,59520,5744,0,0,0,40
CEPVL,URXL,0,36352,6000,74160,235320,306155,1920,82500,48000,129200
AINR,BAGL,60840,193792,110040,132120,0,1311129,479040,33400,8900,0
PVT,RMGL,9360,0,600,0,0,0,3360,0,0,272080
RMEL,RMFL,0,0,0,0,0,46632,119520,105300,11000,16800
RIAL,RICR,0,17408,0,0,0,154429,0,16400,0,0
PVQL,RID,0,0,40440,0,143640,47984,8160,386900,0,137440
ASER,RMGR,0,0,0,0,0,0,33120,0,0,0
AIMR,RIH,0,0,0,0,0,0,0,0,64800,0
AWCL,RIBR,0,0,0,0,0,0,0,72800,0,0
DVC,URXL,76800,0,61680,95520,0,4730,0,191500,131600,129000
RMFR,SMBDR,0,0,0,0,459840,0,583200,67400,137900,593120
RIFR,URYVR,0,0,0,840,0,0,0,0,0,0
AIBR,RIVR,391560,1347072,671400,502320,893400,956313,2027760,1154000,586000,766480
AVDR,SDQL,0,0,0,0,143640,163891,0,0,105400,0
PVT,SMDDR,1920,256,240,0,0,1013,0,0,49600,8960
PVT,SIBDR,0,0,0,0,84840,0,0,0,0,0
ADAR,AVEL,3240,119040,17520,35040,175320,8785,0,0,0,8400
AVJL,AWBL,0,0,0,0,0,0,0,111200,203200,165040
ADFL,AVBL,44880,246272,93600,42360,123960,237557,181680,392600,690200,488800
AWCR,IL2DL,42480,38656,0,10560,15600,120637,70320,116100,74000,85600
RMFL,SIADR,0,0,0,0,0,403138,0,0,0,0
BWM-VL08,RMDR,0,7168,42840,0,0,224378,538560,128800,0,0
SMBVR,URXR,90840,0,0,107640,52080,59136,960,116500,89600,153400
FLPR,PVCL,251880,571392,352560,323160,696120,272701,1035360,611200,1310100,982040
AVEL,PVPR,137280,54528,0,86040,478560,0,235920,46200,0,0
RIML,SMBVL,85440,148224,152160,401520,287280,275404,134640,14300,207300,129440
RIS,SMBVR,151080,267008,281880,446880,2166600,474439,5892000,672000,1460600,913200
BWM-DL05,CEPDR,0,111104,32640,196560,0,0,0,117800,42400,92880
AVHL,DVC,0,0,0,0,0,285542,418320,0,206600,144000
PLNL,SAAVR,0,0,0,0,0,0,456000,711800,953400,199600
RIS,RMGL,25800,254976,61560,374880,141840,47984,281760,0,6900,0
AVAL,AVHL,16680,0,34200,410160,246720,0,892320,215000,727600,0
PVCL,PVR,134040,0,2760,7680,74880,0,0,17000,9700,0
AWAL,SMBDL,0,0,3960,0,0,7096,0,0,0,0
AIML,ASGL,489120,1096192,559320,1130160,2220120,2535751,5657040,3355700,5156200,4269160
SAADL,URBL,0,1024,0,0,0,0,0,0,0,0
AIBL,ASER,380040,161280,514920,87600,178800,732272,1568880,110800,605700,231760
SIBDR,SIBVL,172200,200704,397920,376080,345360,431185,1286640,458800,684600,299360
AQR,RMHL,0,0,0,0,0,0,44400,151800,0,0
ASGR,ASHR,0,0,0,0,21480,297031,126960,0,0,15200
BDUR,IL2R,0,0,0,0,0,0,0,0,0,117880
RIR,URAVR,4440,0,0,0,0,0,0,0,0,0
IL2VR,URAVR,552480,954624,669240,612840,1937160,1996431,2200560,1980500,2788800,2691120
BDUL,RIPR,0,0,0,0,0,0,0,248600,58000,154480
RID,SIADR,600,0,0,3720,0,0,0,0,0,0
BWM-DR05,RMER,0,0,0,0,0,0,359760,0,0,0
ADLR,AIMR,0,0,0,0,0,0,0,131600,253200,226480
IL2VL,RMDVR,840,8704,43200,0,0,19261,24480,0,4200,6400
AUAL,DVA,157560,167168,0,128640,399240,566691,2619120,1057800,902400,683280
CEPVL,OLQVL,379920,247808,191400,295080,984840,1469276,1429440,1027800,675000,518280
RMEV,SAAVR,0,0,0,1560,0,0,0,0,109000,0
PVQL,SIADR,5520,13824,0,0,0,0,0,0,0,2120
AVBR,SIBVL,66960,308480,129600,52200,835680,257832,1157760,1254900,347800,871840
RIS,SIBDR,0,14848,0,0,0,0,535200,15600,0,172360
ADEL,ASKL,0,0,0,0,0,4730,0,0,0,0
DVC,OLQVL,104040,177664,165480,52560,365760,229109,162720,183000,226000,119000
RIAR,RMGR,5280,79104,0,14040,0,0,0,0,0,160
AIZL,AVKL,0,768,253560,0,130080,74004,960,0,0,256080
AVBR,OLQVR,8880,12032,8160,63000,5880,0,0,8200,151200,0
AVBL,SIAVL,0,0,0,0,0,63191,0,45600,0,0
BWM-VL07,BWM-VR03,0,0,0,0,0,0,77280,0,0,0
BWM-VL04,CEPDL,0,0,0,0,61080,0,1001040,400100,79900,300640
ASHL,RIH,0,0,0,0,0,0,0,127400,870000,78400
RMDVR,SAAVR,336600,245248,142800,259440,388560,373739,658560,501400,425400,548160
PVQR,URXR,48360,64256,6960,52080,23160,8448,0,0,0,80
AVJR,OLQDL,0,0,17760,18360,0,2703,0,0,0,0
FLPR,SMBDR,4920,56576,95280,92880,42360,0,10800,535000,226800,528880
DVA,RICL,381240,683520,275280,318840,1072920,1345597,265440,925500,1476000,431520
AIAL,AVHR,0,0,0,0,37680,44605,234240,0,8500,0
IL1DR,RMEL,47640,41728,28200,0,241680,10813,0,0,0,0
AIBR,RIFR,79200,114688,38640,343440,80640,21626,592080,323400,335000,16200
CEPDR,RIVL,0,44544,0,125760,0,0,22080,54400,157500,140960
AVJR,IL2R,0,0,0,0,0,0,0,0,89700,79680
BWM-VL04,SMBVL,105720,240640,147960,84600,278400,446054,552960,305400,177400,356600
AIMR,PVCR,0,38656,0,12600,0,0,0,36000,0,0
ADFL,DVA,24360,119296,14040,109080,9720,490321,0,601200,150000,2000
RIAR,URYVR,16680,79872,47520,2280,170280,125368,168000,34200,184600,24200
BWM-DL04,RIMR,54360,0,173880,125760,58440,219648,655920,140400,43400,279760
BWM-VL05,SMDDL,0,0,0,0,0,3717,99120,0,5800,0
AQR,CEPDR,0,0,0,0,0,0,0,30800,0,0
AINL,RIAL,0,0,0,0,3720,0,0,0,0,0
RIS,RMDDL,0,0,0,12120,0,0,0,17400,0,29200
ALML,URYDL,0,0,0,0,10320,0,0,0,18100,0
PVWL,SAAVL,0,0,0,0,0,0,0,1900,0,0
SIBVR,SMDDL,0,68864,23280,0,0,0,0,0,104800,960
PVPR,SMBVR,37680,43520,18360,70800,222840,269998,519120,0,15500,120
BWM-DL04,RMGL,31920,7680,57600,154560,2760,365629,925440,736000,779000,516560
ADAR,AWCR,0,0,0,0,0,0,0,6000,87600,53920
PVT,RICL,0,0,0,0,0,0,0,1600,8200,0
BDUR,BWM-DR04,0,0,0,10680,0,0,0,1600,0,0
ASEL,OLLR,73320,0,0,0,0,19937,93600,0,36400,255120
AWBL,OLQVL,31200,24576,14040,0,28200,0,30240,0,0,0
AQR,BAGR,0,0,0,79920,1261800,2079897,3126240,2613800,1687100,1464760
SMDDL,SMDVL,52200,162048,165360,101280,831000,173352,528720,187000,24600,242800
RIML,RMDL,4800,206592,167640,49680,384000,1557811,1997280,2075000,1695000,1199760
AINR,SMDVL,4560,0,22560,0,0,4055,53520,1400,101000,0
AVJL,URYDL,36240,22272,9720,28080,66000,83804,42960,54000,9800,135120
OLQVL,URXL,83160,96768,34680,57720,137280,84480,76800,171600,69900,121360
BWM-DL04,SMDDR,7080,0,0,58320,39720,19937,54720,61600,18300,89680
PVR,URYDL,0,3328,0,5160,0,0,0,0,0,0
PVPR,SIBDR,9240,264448,36960,0,0,0,0,137900,0,0
AIZL,BAGR,317040,226816,307080,548160,432240,576153,781920,221900,290600,321680
PVWL,SMDDL,0,0,0,0,0,0,0,0,20800,0
ALA,ASEL,0,10240,10200,0,32520,3379,2640,0,32100,160
BWM-DL03,OLQDL,0,0,0,0,27120,0,7920,0,0,0
BWM-DR05,SIBVR,35040,3584,20880,21720,0,0,0,0,0,0
ALNR,IL2R,0,0,0,0,4800,0,0,0,0,41680
AWAL,RIFL,127440,107264,55440,252360,71400,96307,309840,982800,587600,720400
AVFR,URADR,0,0,0,0,4440,0,60720,15600,18000,7480
BWM-DL06,RMDVR,11160,0,0,4200,38280,0,36000,0,0,0
AVL,RMEV,659640,629248,570120,451440,1614240,1896407,1452720,848200,2069200,1190960
ASHL,PVCR,164160,0,0,31320,0,0,0,0,0,0
AIML,HSNL,0,0,0,0,0,0,103920,0,0,0
AVKR,IL2DL,0,0,0,0,0,5068,0,0,76000,16120
IL2R,RMEV,233280,519936,456600,185760,624600,861020,942000,613600,284100,628440
ADAR,RID,240,0,0,0,0,0,0,0,0,0
AIBL,PVCL,0,0,0,0,3120,0,151440,0,0,50640
RIML,RMDR,399840,816640,800880,1462920,3612720,5069475,7916400,4403100,6548100,6270560
AWAR,IL2R,0,0,0,0,0,1013,0,0,0,0
BWM-DL04,RMDDL,0,0,0,6960,0,0,0,0,0,0
AIAR,IL1R,0,0,0,0,600,0,0,0,0,0
AVM,CEPVR,0,0,0,0,0,26357,0,184800,71400,0
DVC,IL2R,0,0,0,0,0,0,0,10400,581500,621360
BAGR,RIML,288000,112384,216480,110640,72600,383539,66960,277800,0,3600
ASGL,AVFL,0,0,0,7080,0,0,0,0,0,0
RMFR,URBL,0,0,0,0,0,0,95040,595500,539500,143280
RIBL,RMEL,191280,405504,407400,301560,1021200,1455759,1537920,1047200,1903400,1631960
AUAR,BAGL,85800,3840,105360,61200,161520,323727,1228560,329900,366800,299240
AINL,RIBR,134280,296448,295800,301800,1851240,883998,2990160,943400,2008600,1212560
AVKL,OLLR,0,0,0,0,6120,675,0,0,29300,0
AVHR,HSNL,0,0,0,0,0,0,184560,0,0,0
DVA,RIBL,20040,6144,65760,9720,613680,947189,743520,214600,22600,260760
AVDL,URBL,16680,65536,50520,22800,100440,121989,627840,91600,6000,247840
BWM-DR03,URADR,4200,0,0,39000,677400,277432,489360,53100,300500,147720
RIAL,SAAVL,63840,384768,514800,168360,623640,1234083,909600,586900,1323000,1215200
AVKL,SIADL,269040,440320,337080,388200,628440,804587,1026480,1437700,748200,1218640
IL2VL,RICR,33600,56832,4920,32160,83040,48998,60960,242200,90800,249160
RIFL,URXL,1200,3072,20760,0,189240,16896,112320,10900,70600,8240
BWM-VR08,CEPVR,192600,547328,197280,15840,674760,823511,1721040,597900,169100,1005480
CEPVR,PVCL,0,0,0,6120,0,67246,0,0,0,0
RIBL,RMDL,30600,0,0,0,0,0,67680,8400,0,880
ADFL,AIAL,166800,193792,149640,135240,263040,426792,1383360,222400,674100,401120
OLLL,SMBVL,70200,121088,72120,11640,330000,193628,538320,238500,196800,196680
AVAR,OLQVR,0,0,25440,0,0,0,240480,0,0,0
AIYL,AUAR,0,0,0,80040,29160,0,455520,0,0,0
PVPR,RMGR,3360,1792,0,0,0,0,0,0,0,0
AQR,FLPL,0,0,0,159960,68640,50012,37680,0,800,320240
RMED,RMHL,0,0,0,0,0,0,0,0,0,12160
BWM-VR01,RMDVR,119400,167168,52920,89400,104280,66570,10800,198200,115400,81440
AVKL,DVA,0,0,37560,0,370680,0,0,357600,0,0
IL1VR,RMHL,0,0,0,0,0,0,0,1306200,1358800,1005200
ALNR,BWM-DR04,0,0,0,0,0,20275,61440,0,25800,47280
AVM,RMDL,0,0,0,0,0,0,34320,0,0,0
PVT,RMER,36240,24832,12360,314640,367680,138547,701520,219000,696000,959280
PVT,RIBL,89880,194048,67800,67080,114120,400435,453360,152200,456600,384920
RIGL,SMBVL,183240,204544,190560,222960,748080,989429,1300080,1121800,725800,82480
AVER,RMFR,0,0,0,0,0,97320,107040,6200,48600,135680
AVHR,AVJL,94920,65792,720,7440,0,0,709200,17600,519200,211240
AVBR,AVJR,201480,444672,365160,668040,2254200,703887,2993760,1097900,631900,950480
AVDL,AVHR,360,0,0,0,0,0,0,0,37700,6000
ADAR,SIADR,9720,188160,0,0,9600,0,480,29200,0,82480
AVEL,RMDDR,117120,196864,268080,112680,529440,455854,356640,571700,486900,626480
BWM-VL04,RMDR,73560,310528,70320,126720,660360,550133,627600,635600,724900,1128000
AIBR,SMDVR,0,0,0,20040,0,0,96720,21000,4800,0
AVAR,OLLL,0,19456,0,0,17280,0,0,23000,0,0
RIH,RMHR,0,0,0,147720,121440,401448,44880,0,0,0
CEPDR,RMGR,0,0,9480,2640,615240,473425,1508880,649800,477400,1103760
PVPR,RICL,21600,0,0,0,0,0,173760,909200,0,0
AVER,RIGL,14280,96768,33360,138840,406680,419358,1211760,30800,877300,245160
AIZR,RMFR,0,0,0,0,0,92928,0,0,0,3360
AIAL,BDUR,0,0,0,0,0,0,0,143800,0,33120
AWCR,SAAVL,21000,7680,1320,10800,0,4392,0,500,81800,88560
AWBR,RIGR,0,0,0,0,188880,81776,211920,0,0,0
BWM-DR03,RMEL,8880,0,0,960,0,0,79440,0,0,32480
PVCL,URBR,0,0,0,12360,0,353126,0,0,0,0
AIZR,RIGL,63840,22016,20160,0,81360,9799,265200,570300,378100,45280
BWM-VR08,RMDL,0,25344,54480,1560,0,128071,70800,27200,20000,45320
BWM-VR05,SAADR,0,0,0,21360,0,12840,1920,200,0,13560
BWM-DL07,RMDDR,0,0,22560,74880,141360,452136,380160,83100,193000,22880
ASJL,SMBDR,0,2304,0,0,0,0,960,400,0,0
BDUR,SIBVL,116880,6912,33000,198120,154680,306493,277680,0,23000,48880
CEPVR,SMBDR,16080,0,0,0,0,0,0,0,0,0
IL1DL,PVR,88200,192768,119640,156600,436800,123678,287760,707400,432300,555440
IL2VL,RIPL,318840,966144,752520,1250880,2182680,2293800,3094560,1193800,1393500,1689440
IL1DL,SMDVL,0,43520,52320,0,44880,181800,24480,91700,147700,161120
RID,RIVL,91440,43008,90960,42720,148800,288921,422160,421300,135000,226520
RIR,RMEV,276360,815104,434760,14160,742440,444702,949200,578800,3800,214920
IL2VR,RMEV,155880,200960,481320,195120,401760,384215,341040,354000,606200,331760
RIS,RMER,212160,401408,496080,717000,1025640,1091819,2126160,1186200,1603600,1849280
AIAL,ASEL,187080,508672,139080,483600,1181280,702535,1834080,1011300,2074200,737280
AVFL,BDUL,0,0,0,276360,1115160,200048,278400,386400,1588000,1379600
ALMR,BWM-VR06,0,0,0,0,0,0,0,4900,0,0
ALA,IL1DR,38040,68352,16080,39840,72240,61839,103680,125500,60400,23680
ASER,BAGL,0,14848,0,156120,8160,0,289920,0,0,0
ASIR,AWCR,1455840,2263296,2044920,1939800,5508120,5066772,6886800,4430200,5085400,4092240
BWM-DR03,RMDL,0,14336,0,0,0,0,0,0,0,0
BWM-VR01,RMDVL,285120,516352,381720,229560,315960,372725,303600,726000,602600,632880
SIAVL,URXL,0,0,0,0,4560,0,0,18400,0,36800
RMFL,SMBVR,0,0,0,0,0,256819,52800,21100,0,0
AINL,IL1R,60720,63744,42840,13800,20640,74342,6480,94800,91400,240
AVER,RMED,0,15104,24000,960,5040,25681,330480,24300,30400,224960
RMEL,URYDL,81720,84992,219960,141360,358680,273377,522720,0,166200,195880
RICL,SMBVL,219720,412928,294840,301440,797400,1052620,2307600,1728200,896500,1222640
SIAVR,SIBVR,524400,703232,489960,361560,1863480,1539225,2774400,683000,1961200,1907120
PVCR,RID,553920,0,0,1127400,0,355491,0,0,0,199440
AVL,PVPR,0,0,149280,335040,0,0,24960,0,0,0
DVA,SIBVR,1227360,1715200,1198320,1220520,2840400,3052093,4763760,3369600,2718400,2313520
RMFL,RMGL,0,0,0,0,0,1229015,0,0,0,0
AIZR,RMED,0,0,0,0,49440,0,0,0,0,0
AVJL,SIAVR,12360,4608,41280,2160,0,33792,132000,29400,0,0
OLQDR,PVR,0,14336,3360,0,57840,0,0,280200,212800,396280
IL2R,PVPR,0,0,0,0,0,0,0,0,0,134320
AVHL,FLPL,0,0,0,28800,0,0,240000,0,0,0
RIAL,RIR,351720,381696,268920,398760,730800,695101,1890720,834000,1042800,882960
RIH,SIADR,0,0,98640,0,91920,0,0,0,0,0
ADFR,AWBL,8880,0,74400,63240,0,0,0,0,96400,0
SMBDR,URYVR,65520,86528,30840,43440,242640,232826,494640,122800,133600,81440
RMDL,SIADR,134160,256256,160680,208200,332160,504176,1129680,550500,589400,699040
ALML,URYVL,0,7936,58440,14760,35400,100700,5280,0,0,194720
ADLL,ASGL,0,0,0,0,0,9799,234720,0,0,0
PVR,SIAVR,146880,6144,6600,87240,232920,135168,660960,0,0,2400
AVBL,URXL,8520,19712,0,51480,0,2703,2160,44500,69500,0
RID,RIMR,3720,0,0,0,0,0,0,0,0,0
AIMR,ALNR,0,0,0,0,18720,7772,0,22000,0,0
ASGL,PLNL,0,0,0,0,0,0,15840,0,0,0
AVEL,HSNR,0,0,0,0,0,0,2400,0,0,0
PLNR,RMFL,0,0,0,0,0,0,183840,480700,486000,600560
ADER,PVR,0,0,46560,26520,73200,50350,445440,56000,172000,97840
ADER,SMDVL,120120,264192,234720,57120,302040,160174,256080,42500,708400,505840
RID,RMGL,216600,179200,175320,150120,219720,657592,496320,505800,1061200,729320
AVFL,PVWL,0,0,0,0,0,0,1443360,136400,657400,1610800
BWM-DL02,URADL,213000,632832,651360,422880,651840,1028628,935520,912600,1260300,1194480
ADEL,RIH,274080,258560,205680,0,84480,1576734,6438240,0,0,0
ADLR,SIAVR,19320,0,0,0,0,0,0,0,0,0
PVT,SIBVR,0,0,102840,0,75120,1013,0,0,0,32800
SMDDL,URBR,157080,230912,81600,118920,0,188897,44160,296000,269900,121840
RICR,SMBVL,39240,22528,0,0,31200,90900,67440,182800,175400,146400
AIML,AVAL,0,0,0,0,0,0,0,1337400,2132800,871840
RIVR,SAAVL,196920,158720,158280,227400,301920,153415,919920,242600,223000,217480
PVR,URYVL,51720,173824,48840,33960,192240,0,315840,0,0,0
BWM-DR07,RIVL,720,84992,0,0,0,49336,0,0,3000,0
AWCR,RIR,0,0,0,0,0,0,0,373800,542600,841880
AVDR,DVC,13680,0,0,0,32880,0,0,0,0,0
SIBVL,SMBVL,140400,179968,46800,11760,195600,100700,1386240,118800,187800,84240
AIZR,ASGR,71760,113664,116040,12120,489000,457881,365040,243200,262200,491120
AWAL,RMEV,5880,0,0,0,0,0,0,0,0,0
BWM-DL04,RMER,0,0,600,0,74280,527831,345600,88800,438600,691480
SIBDR,SMBDL,71400,183808,143280,90000,464640,469032,1067760,319200,354200,588240
RID,SIBDR,12240,4096,14400,8040,33000,4055,204000,0,0,0
SDQL,SMDVL,0,0,0,0,0,0,0,88400,0,146720
PVQL,SMDDR,4560,0,0,0,720,9461,0,0,0,0
PVCR,SIADR,0,0,12000,5400,0,0,0,0,0,8120
AUAR,AVBR,67320,63488,69720,114600,322080,222689,516000,0,190400,0
ALNL,AVEL,0,0,0,0,0,0,0,0,35900,0
PVQL,SIBDR,14280,0,0,0,8160,8785,0,0,0,11440
RMDVL,SMBDR,14160,0,0,2880,0,0,0,82800,23200,344360
AFDL,URXL,53520,248320,37320,158160,278400,274053,231120,623100,44800,794080
AVBR,SMBDL,2160,31232,21840,840,606600,53391,22080,922400,0,112120
OLLL,RMDR,189480,338688,163440,162000,651120,730920,965280,506200,57300,204280
RMFR,URYVR,0,0,0,0,0,373401,60240,11600,194200,0
AVAR,OLQDR,85560,0,25920,0,3120,0,0,0,125800,0
BWM-VR02,SMBVR,0,92672,42720,28560,44280,129761,35280,190500,35600,94080
PVQL,SMDVR,0,0,0,0,0,0,0,0,0,37280
IL2VR,RMHR,0,0,0,0,0,56770,202320,0,0,86240
AUAL,RIS,0,25344,0,35880,0,0,0,0,0,0
AIMR,AVAR,0,0,0,0,0,0,20160,577400,1885100,765360
AVBL,OLQVL,3840,15616,1200,71640,0,0,115920,0,53800,0
BWM-DL03,SIBVL,0,11520,0,0,0,0,0,0,0,0
AVDL,URYVR,136440,55040,98640,54840,66720,62515,166560,311400,275200,244720
OLQDL,RMEV,4440,36864,58440,65520,16440,27709,482400,98000,95400,115680
AVFL,URBR,0,0,0,0,0,0,0,4800,800,46240
IL1R,RMHR,0,0,0,0,917160,0,0,0,0,0
AVAR,AWCL,960,96768,0,0,18720,117596,0,0,0,0
BWM-DL04,BWM-DL08,15480,68608,35280,20160,380280,356167,2489040,250500,36600,718240
AVKR,SAAVL,12720,151808,0,21120,237360,105431,90240,13000,78800,62640
PVCL,RIH,412680,96512,0,0,4080,285204,0,111200,0,0
AVDL,BDUR,140520,273408,97080,0,0,104755,25200,0,0,0
AVER,BAGR,29760,17152,347880,3600,59880,0,0,294000,0,706920
PVQL,RMDDL,0,0,0,0,0,0,32640,0,0,0
AIBR,FLPR,0,0,7080,0,45480,85155,0,50800,415100,201360
BWM-VR02,SIBDR,0,0,0,1440,1680,17571,0,5400,26900,0
BWM-VR04,BWM-VR06,583080,796160,591480,893760,3078360,4956272,11266080,3481400,6635600,3068400
AIBL,URBL,480,0,0,0,0,0,0,0,0,0
AIBR,ASJR,15120,0,0,0,0,23992,14160,0,0,0
BWM-DL01,SMDDR,31320,68864,0,90360,149760,15206,138960,305600,278800,48000
CEPVL,OLLL,389760,622592,231720,938880,1025040,1334108,2697840,1989400,1875000,1561240
AIYL,AVEL,0,0,0,0,0,0,0,0,0,2080
ASER,SMDVL,0,0,0,0,0,0,0,0,118800,2000
AQR,AVER,0,0,0,0,960,0,0,0,0,0
AIAR,OLQDR,4920,3840,0,1560,25680,22978,0,59000,41600,98400
IL1DL,PVWL,0,0,0,0,0,0,115440,260500,176100,42640
ADFR,SMBDR,21600,179200,525600,34560,803040,891770,295200,907800,1658000,584680
DVC,OLLL,3960,166144,123960,37200,113280,64880,175680,186200,0,106680
AFDL,OLQVL,0,0,0,0,0,0,0,0,76000,0
ADER,BDUL,0,56064,0,0,0,0,111840,0,0,12480
BWM-DL01,SMDVR,47400,0,0,480,0,0,0,11700,9400,39680
SIBDR,URAVR,16200,21760,3000,13800,103440,26357,98880,52300,60300,68240
SAADL,SDQL,0,0,0,0,0,0,129360,0,0,59240
BWM-DL08,RIMR,0,0,0,0,117720,0,2400,0,0,0
AVKR,SMDDL,140760,226560,288000,4200,161040,570408,373680,0,301800,629280
AVFL,SAADL,0,0,0,163560,13680,0,160800,0,0,0
BWM-VR06,SIAVR,13080,0,0,600,0,0,0,0,0,0
AVEL,RMGR,28560,0,3240,0,0,0,0,0,0,0
ADLL,HSNL,0,0,0,0,0,0,842400,0,0,0
AVDR,AVKL,360,0,0,0,0,0,0,0,0,0
AVAL,PVCL,0,124416,275640,0,1408560,1058027,1369200,694400,957400,688400
AFDR,ASKR,0,0,0,0,3000,0,0,0,0,0
AVBR,URAVR,0,0,0,0,0,0,0,0,13800,0
BWM-VR04,RMFR,0,0,0,0,0,91576,0,0,0,0
AIBL,AVHR,0,0,3120,7680,0,0,0,0,0,0
PLNL,SIBVL,0,0,0,0,0,0,159120,38200,118300,0
ASER,AVBR,0,0,0,6000,0,0,0,0,0,0
BWM-VR02,RMDDL,0,0,11160,0,18000,24668,0,24400,7400,4760
ASIR,URYDR,11760,10752,20520,14160,1080,18247,32880,90400,60200,33360
ASHL,AVAR,0,0,0,13800,0,22640,0,95600,0,0
PVQL,RICL,0,0,0,0,23040,0,0,1400,0,0
ALMR,CEPDR,119400,346880,162360,101880,184200,532224,922080,987800,159800,268000
BWM-DL01,RMDDL,62880,115456,35160,45240,86040,1351,7440,125800,38900,5600
ADFR,AVM,0,0,0,60240,0,95293,0,99300,0,0
AVEL,URYVR,512280,887296,804720,457080,1361160,1187450,1963680,1019200,639600,1285600
BWM-DL08,SMDDR,0,0,0,0,8400,0,2400,0,0,0
RMDDR,SDQL,0,0,0,0,2280,0,134160,0,19000,0
AQR,RICR,0,0,0,0,0,77045,5520,0,2165100,579280
ADAL,RIVR,354000,83456,389760,76680,387120,0,494400,312800,149300,226800
ADAL,URADL,480,149504,25920,0,11160,33792,163920,0,79900,3400
ADEL,AIBR,6000,10752,0,144960,0,0,18480,0,0,0
ADLR,IL1R,57480,20992,30600,12840,34440,15544,52080,205400,105400,640
ADER,PVWL,0,0,0,0,0,0,288240,177700,618500,31520
AVM,AWCR,0,0,0,51240,38880,0,0,0,0,0
AVJL,AWBR,22320,47360,0,0,36000,0,0,495800,274200,328520
RICR,RMDR,36120,55808,0,149160,0,25006,78240,53500,0,12720
RIAR,SMDVL,724920,1264896,1607040,1275840,2510640,3313981,4904880,4005600,4315800,3687080
AVKR,PVPL,236760,229120,960,322200,1401600,735651,1768080,0,917800,1468400
AVJR,AWCL,0,0,0,960,0,0,0,0,0,113360
AINR,RIH,50640,5376,36720,3960,82800,157808,115440,194000,322000,72800
ASIR,RIVR,1800,0,0,0,14280,0,0,0,0,134080
FLPR,RIAR,0,0,9480,104040,0,109824,132720,0,38900,19840
PVQR,RIFL,192120,0,0,0,0,0,0,0,0,0
RMDVR,SIBVL,232680,468224,334920,415800,1195920,765726,2102400,956400,915800,864680
AVAL,SMBDR,42720,48128,39840,139200,366000,244992,1878480,164800,1077000,346640
IL2DR,OLQDR,296640,677376,490320,307200,1491600,1344245,1290960,2006100,1579400,2459040
RMEL,URYVL,86880,249856,220920,235800,312120,142264,383520,74300,10500,120880
PVCL,PVCR,371760,410880,125400,1345560,0,2251560,1732800,48600,500400,1130880
PVWL,RIML,0,0,0,0,0,0,742320,0,0,376240
BWM-DR08,RMFL,0,0,0,0,0,0,217440,43900,0,24560
BWM-DR07,RMGR,0,0,0,0,0,0,0,184900,0,0
SIADR,SMBDR,785040,1449216,1103040,1495560,1646520,3354193,5734320,3415600,3441200,3232560
AVDR,CEPDR,47400,42752,31200,20280,142800,218634,17040,63300,70000,118480
AVER,FLPL,0,0,0,0,0,492349,202800,84000,145900,455560
AIAR,ALA,0,0,19920,82200,0,0,0,590400,685400,157480
ADAR,RIMR,379080,1131776,783480,908040,3585840,3504568,5661360,903200,3032700,3790000
ADAR,SMBVR,111720,47616,108960,159240,180120,259184,797280,232900,173000,301520
AINR,BWM-DR06,0,0,0,28200,0,0,0,0,0,0
AVL,RMDDR,0,0,0,0,65640,0,0,442600,83600,0
BWM-VR01,BWM-VR04,0,0,0,0,0,8110,324960,0,180800,54880
IL2DL,RMFR,0,0,0,0,0,0,0,6400,3000,10080
AIML,PVQR,23280,124416,0,0,208080,0,0,0,0,0
AIYL,AWCR,195480,1308672,192840,470400,913200,542361,1075680,3302000,1921700,1469200
ALNL,RMHR,0,0,0,0,33600,580546,1247040,1501800,2204900,2180080
BWM-DL08,RMDDL,0,0,0,28080,0,0,0,0,0,0
IL2R,RMDDR,0,0,0,0,9600,0,0,0,0,0
ASER,BDUL,0,0,0,0,0,0,0,43500,0,0
BWM-DR07,RICL,0,58112,63480,6120,0,5068,0,0,0,0
AVDR,BAGR,210240,505088,191040,399600,883200,342312,1278240,851900,989600,1238960
IL2DL,RIGL,0,0,0,0,77040,122664,160320,512600,443200,361760
IL2VL,RIR,0,6912,0,16080,0,0,0,121300,31200,55920
RMHR,SAAVL,0,0,0,306600,112920,242964,257040,227800,1016800,483480
AVKL,SAAVR,7080,130048,24600,32640,0,39874,42960,25200,47000,33760
IL1DL,SAADL,0,0,50640,0,11280,0,0,0,0,0
BAGR,RIAL,589080,934912,972840,1308720,2138400,2354288,5032560,2207000,3377000,3832000
OLLR,RMFR,0,0,0,0,0,27033,582000,1050000,1056400,599120
RIH,RIVL,84120,322560,456840,0,31440,1597685,785520,0,0,0
AVAR,URADR,0,21504,21120,0,74760,0,62400,0,0,0
RIPR,SIADL,0,0,0,0,0,0,0,9800,0,0
AVAL,AVM,0,0,0,0,123240,0,0,0,0,0
AIMR,SAAVL,43320,0,600,0,0,1689,119040,65200,0,0
RMGR,SIADR,0,68864,0,840,0,0,251760,26000,0,36080
ADAR,SMDDR,5160,30208,161160,26640,0,4730,18240,398500,9000,295360
ADER,URBR,0,0,0,81480,1184280,1154672,1721040,1860200,1946000,1797680
AIZR,ASHL,0,0,0,31920,77160,0,29280,0,54200,0
ADAR,SIBDR,267600,423168,184560,121080,415440,437268,241680,339200,564800,540160
AVHR,PVQR,1440,57344,0,2520,0,52039,0,0,0,0
IL1DR,URYDR,585120,1734656,1449240,1058280,2298960,2791219,3658320,1824500,2008100,2553200
RIBR,URADR,0,0,0,0,0,0,0,0,11700,0
RIGL,RMHL,0,0,0,87120,0,0,0,0,0,0
AUAL,OLQDL,84960,31232,20760,54720,124080,34129,25200,1200,25000,96200
AVFR,RID,0,0,0,265440,46920,100700,455040,51200,231400,0
ALA,AVDR,14760,34560,29160,21240,46800,83804,142560,87200,56600,78080
RIML,URYDR,4080,0,0,0,45360,21288,0,0,0,5760
ADAL,CEPVL,32160,32768,15000,82320,0,134492,39600,280600,111200,207640
DVC,OLQDR,0,179968,37920,16680,92640,75694,87600,150600,118000,115120
HSNR,RIFL,0,0,0,0,0,0,503760,0,0,0
BWM-VL06,URAVL,0,0,0,0,0,0,8160,0,0,0
RMHR,SMDDL,0,0,0,406080,700800,807290,1267920,730800,282200,568240
AQR,AVJL,0,0,0,61560,683400,4392,2880,69800,7700,20160
AVHL,RICR,0,11008,480,0,0,0,0,0,261200,801880
AIZR,IL2DR,0,0,0,1440,0,23654,0,228400,0,34960
IL2DL,RMED,97200,172544,196080,369600,267240,741396,1113840,413800,554400,479600
ASIR,RIFR,0,0,3000,0,0,0,0,0,0,0
ASIL,IL2L,15000,0,5520,18000,2880,147671,213600,149600,63400,105280
BWM-VL07,SMDDL,0,0,16440,0,0,0,12720,0,0,0
AWAR,AWCL,5160,0,0,0,18000,0,0,17400,21600,12600
RIH,RIMR,0,0,0,0,39240,0,0,214200,236900,350960
ASKR,AVJR,0,0,0,0,0,0,98880,431300,646600,402080
AIYL,RID,0,0,0,0,0,0,0,0,28400,0
AIMR,SMDDL,41880,51456,50760,11040,77520,68597,720,28400,127200,96320
RIH,SMBVR,0,11008,40680,720,0,5068,86880,38000,16900,89360
RMFR,SDQL,0,0,0,0,0,21964,65520,116000,0,0
RMDL,SMBVR,118080,179712,55680,234840,84120,211875,776160,0,154000,102320
AIBR,PVQR,115440,120576,203040,8880,49200,228433,86160,0,0,0
ALMR,FLPL,0,0,0,1440,0,0,0,0,0,0
AIAR,URADR,0,0,0,0,0,0,0,0,0,4800
ALNL,SIADR,0,0,0,38160,428040,766740,1518000,369200,904000,876240
ADAR,RMDDL,6960,0,0,0,0,0,0,0,10800,7120
PVCR,RIVL,0,0,0,0,0,364277,0,0,0,106240
OLLR,RMED,451200,579072,984360,814560,1177680,2399907,2359200,1118000,1516000,2358640
RIH,RMGL,0,0,0,0,0,0,0,3500,367800,6400
ADER,SAADL,125640,273664,404760,0,429000,485591,1515120,590700,1089400,1088640
RIML,RIVR,83640,127744,106920,63600,296280,136181,266640,139000,48900,139680
AIZL,AVJL,0,0,0,0,0,0,0,0,43200,81200
AIMR,AWAL,63840,0,0,0,0,0,0,0,0,0
BAGR,URYVL,191760,79616,51720,57720,135120,16558,78960,1800,114800,32000
AIBL,URYVR,100080,163584,99840,46680,127680,160512,390720,0,0,88360
FLPL,RMHR,0,0,0,0,60600,0,0,0,0,0
RIAL,RIML,116040,247296,153120,271920,1140960,1152645,892800,1036200,528000,907960
BAGL,SIADR,0,0,0,0,40800,0,0,95600,0,0
IL2DR,PVT,7200,0,0,0,46560,5744,27360,67800,91800,15520
AIYR,PVQR,37200,0,0,50040,12360,0,88800,0,105800,0
RICL,RMHL,0,0,0,1676280,1843920,2063677,4221360,3657100,3652000,2302240
AVER,RMDVR,46440,35072,45840,21720,118800,150374,287520,145400,208900,97600
ADLL,AVAL,0,23808,70080,236280,148800,1294571,1904880,286200,472500,553520
AIBR,AVBL,4440,0,0,0,0,0,0,0,0,0
RMDL,SMDDR,395520,123136,312600,382560,411000,435916,789360,497900,679400,399080
RIH,SIBDR,0,0,0,0,0,0,0,136500,151600,281920
AIAR,CEPVR,2160,15872,0,0,600,0,0,0,0,0
RMDL,SIBDR,194400,437760,654240,255600,486000,1203333,899280,1584800,1848200,1786640
RIR,SIBDL,33600,0,0,0,0,0,0,0,0,0
RIAL,SDQR,0,0,0,0,0,317306,32880,190800,166600,461720
AVFR,SIADR,0,0,0,0,480,0,720,40500,0,0
BAGR,RIBR,180360,456960,271800,391320,569280,1608161,1835520,869400,1244300,633840
AIAR,AUAR,0,0,0,2520,0,50688,0,0,0,0
RIBR,RMDL,60120,100096,94200,462840,158760,217282,1265520,176700,465400,318200
AVDR,FLPL,211920,0,0,0,0,709632,0,325500,0,300160
AVHL,RIPL,0,0,0,0,0,0,0,241000,382800,375640
HSNL,RID,0,0,0,0,0,0,234720,0,0,0
RIR,RMDDR,0,0,0,0,183480,0,0,261600,19900,20320
AQR,RIPR,0,0,0,0,0,0,0,0,36000,0
BWM-VR02,RMER,18720,35328,5280,10920,34680,19937,80160,43200,116100,16560
PVCR,RIMR,0,259072,0,330600,0,28047,960,2400,0,0
RIGR,URADR,0,0,0,0,0,43253,0,0,0,0
IL1DL,RIH,50280,22272,0,120840,15360,241274,234960,109000,1800,169840
PVCR,SMBVR,0,14848,39000,25920,0,146319,258000,11000,0,0
ASER,URBR,0,0,0,0,0,0,0,0,0,105400
AWBL,AWCL,216000,237056,100080,169200,347760,234178,708720,104800,164600,287680
BWM-DL01,RMER,0,47872,9000,17520,8760,0,1440,0,0,0
AIML,AUAL,0,0,0,0,0,0,20880,0,0,0
PVCR,RMGL,45720,0,0,0,0,421724,0,0,0,59520
ADAR,RICL,689280,992768,561960,775560,911640,1175285,2300160,1666400,1762000,2101320
PVPR,PVR,0,0,3240,6000,0,0,9840,0,41300,0
SIADL,URYDL,45840,103680,29040,42960,59760,70625,94320,50200,182500,41040
SIBDL,SMBVR,0,0,0,0,36600,0,0,0,0,0
RIAR,RMFR,0,0,0,0,0,38522,633600,254200,353400,118520
AINL,CEPDL,37920,95232,11760,10800,98040,6420,83760,0,0,94600
AVHL,AVJL,417120,709888,396120,699120,1284960,1034373,2514480,3100100,4719200,3736200
RIPL,SIBVL,720,0,0,0,0,0,0,0,0,0
FLPR,SDQL,0,0,0,0,0,15882,94080,417800,256900,728320
BWM-VL04,RIVR,0,0,0,0,0,29736,28080,2000,0,13480
RIH,RMDDL,0,0,24840,60600,0,1351,95760,0,8000,0
IL2DR,URADR,630480,1337088,1027080,761280,1993680,2056919,2480880,2284400,2217400,2828800
IL1DR,RIFR,1920,34048,0,18000,39360,3379,20640,0,92600,92400
AVFL,IL2DR,0,0,0,0,0,0,0,0,0,50880
SIADL,URXL,0,0,5880,0,54720,4730,0,0,0,0
PVCR,SMDDR,6360,0,0,0,0,92252,0,0,0,0
PVCR,SIBDR,14640,0,0,12480,0,271011,846960,460800,333500,7520
CEPDR,PVR,191640,786432,387360,182640,861360,249047,1327920,2724100,1350200,1348840
OLQDR,RIH,636360,1264384,2070360,1828320,3010200,2899691,8163840,1264300,1140000,1681480
ASHR,IL2DR,0,0,0,0,0,0,0,64800,10800,160
ALA,ALNL,0,0,0,0,3240,4055,36960,0,0,0
ASHL,AWAL,921120,1527296,463200,1653960,2194680,2079559,3417600,1345300,2541400,1622240
IL1L,SAAVL,23280,90112,0,73080,15960,137871,104640,0,15600,7000
AIBR,SIADL,420840,492800,308520,501480,1359720,1450352,1923600,1163900,1575400,1146680
IL2VR,RIVL,0,1024,5280,0,0,0,0,0,0,70920
AIML,ASJL,965280,1575680,633360,1955280,2298480,3089940,5037840,1691000,2035200,1992240
AVER,RMDVL,148680,211200,83880,127200,508080,495052,1075200,422700,488000,228800
CEPVR,RIAR,816360,1091584,501840,604560,1457520,1899110,2723040,1758800,1493400,1569600
PVQL,SIBVR,0,130560,0,0,185760,0,650160,35400,90000,0
RIBL,RIVR,0,0,14640,0,0,0,0,0,0,0
RIBL,URADL,720,1536,0,0,0,0,480,0,2300,0
AIMR,AVHL,0,0,0,0,2160,0,0,228700,726900,681320
ASGR,SIBVL,0,0,0,0,0,0,6240,0,0,0
BWM-VR01,BWM-VR08,12960,0,0,0,0,0,142800,11500,238200,63360
RMDR,SMDDR,174120,158976,110760,150000,630960,499107,1319760,464000,658600,419000
AIBR,DVA,45600,298496,260760,321840,82440,482211,1254960,74000,1363600,1690640
SIBDL,SIBDR,57480,218112,44400,146280,186720,129423,394800,245600,434800,103920
AUAR,RIH,0,0,38520,0,117840,84817,720,0,77500,0
ADER,RIH,105960,357376,212880,73680,370200,1983590,2134080,0,0,0
ASJR,OLQDR,38160,17920,21240,23760,9240,64204,27120,76700,47000,44720
OLQVR,RMHR,0,0,0,82920,0,664688,366720,579600,962400,1159520
ADAL,ADLL,38280,98048,220320,205440,349800,628193,2085840,1057900,615000,476200
SMBVL,SMDDL,84720,452096,126840,154920,29280,154767,307200,22000,228000,168320
DVA,IL2VR,27960,15360,16200,46200,15840,0,25200,114600,170700,80760
AIML,SIAVL,0,0,0,0,92760,3717,225360,0,104200,0
RIAR,URBR,0,8192,55320,0,9960,0,6240,78000,0,0
RMDR,SMDVR,83040,307712,144360,283320,416160,557905,842400,489200,525200,609760
AIBR,AUAL,960,104960,24240,49560,0,33792,183600,158500,153400,194400
SMBDR,SMDVL,3480,0,0,43080,0,0,228000,0,0,0
IL2DR,RMEL,20760,18176,271200,283680,262920,496404,1947840,486600,616100,691440
ASHL,PVPL,135240,0,459600,158640,213840,133816,346080,0,0,0
RIAR,RMED,0,0,2400,0,34320,0,0,0,0,0
AVHR,AWAR,0,14336,22080,7200,57360,47308,0,0,0,0
AVL,RMGR,0,12288,4800,3120,58680,18585,47280,0,0,0
PVWL,SMBDR,0,0,0,0,0,0,0,0,153900,0
AVHL,RIPR,0,0,0,0,0,0,0,0,1088900,165360
BWM-DR01,BWM-DR05,0,24832,113400,14520,113280,0,417600,22600,443500,108000
ADAL,SMDVR,173640,409856,273600,85680,305760,138209,813360,320000,629800,485040
ADEL,AVAR,308760,660224,438840,680040,1398840,871157,2045760,887400,1908000,1264480
IL2R,RMGR,127440,185856,89760,102240,425400,449095,369600,379400,70400,10080
AVBL,OLQVR,13680,0,0,0,0,0,0,0,0,0
DVC,URADR,0,0,0,0,0,42915,0,0,0,0
AIZL,AVAL,0,30976,0,215880,0,0,0,0,0,0
AVKL,SAADR,96120,483072,46200,354720,564360,277432,2683440,216300,517000,405520
AWBR,PVPR,224640,101888,55680,107040,53880,6758,3120,0,0,7120
AIYR,AUAL,52440,18688,60240,0,144000,0,0,0,0,0
AVEL,BAGL,28440,0,24240,0,0,468695,21840,0,27400,147400
IL1R,SMBVR,17160,35328,0,5160,25440,94617,135840,305400,476400,202440
AVHR,SIAVL,95520,144384,103440,0,81720,79749,155520,0,0,450480
BDUL,URXL,0,84992,0,0,73080,0,260400,0,4600,0
ADLR,OLQDR,33720,44544,13200,15240,0,45957,83520,264400,115000,82960
PVCL,URXR,0,0,0,720,0,0,0,0,0,0
RMDVL,URYVR,264000,335616,202440,424440,787320,1329039,2660400,289000,329600,388120
AVAR,AVDL,0,203264,74280,54480,0,309872,414240,357400,523400,484800
IL2DR,RMDL,0,70656,0,0,0,0,0,0,0,0
RMGL,URADL,0,0,0,0,0,0,0,0,9400,0
AVL,URYVR,219480,221952,133200,118320,433560,242964,520320,275600,310500,347920
CEPVL,CEPVR,0,0,0,0,53160,0,0,1310000,2877400,1106720
BWM-DL02,BWM-DL03,0,0,0,0,11760,34467,128400,63700,0,49840
ADFL,IL2L,0,0,0,0,0,0,0,533300,1381200,835000
IL2R,URYVR,0,0,0,0,0,0,0,67500,232400,342800
AVBR,AVFL,0,0,0,0,175680,167270,312000,0,0,0
RIVR,SDQR,0,0,0,0,0,1991362,3188160,3263200,1199400,1162800
AQR,AVFR,0,0,0,0,0,0,0,8600,0,0
ASHL,AVHL,80280,204800,132000,229320,119280,183152,278880,100900,93400,1280
PLNL,SMBDL,0,0,0,0,0,0,48960,0,21400,0
AVER,RICR,30600,0,19920,61680,1320,0,0,115600,92500,19440
IL1R,SIBDR,0,0,840,0,67920,9123,34560,37000,3900,47920
PVCR,RICL,78840,0,64680,39600,960,361912,0,113200,139000,231520
AIBR,SIAVL,18120,58112,600,17040,0,14530,960,0,0,14600
AVM,CEPVL,0,0,0,0,0,0,136560,284700,94400,2600
AVAR,AVEL,0,0,0,0,0,0,0,0,0,84520
AIBR,ASHR,395520,786688,641640,286440,1595160,1795031,3181440,1004200,1234700,868480
AIZR,RICR,19080,151552,44760,162600,215520,17909,151200,413000,308200,405280
AVM,RIFR,0,0,0,0,10560,336230,253920,75200,279600,128960
AVBR,RMHR,0,0,0,0,0,0,0,0,43600,0
ADFR,AWBR,726480,990720,988800,1174080,2283000,2895298,5606400,2543500,2646200,2059360
AWAL,HSNR,0,0,0,0,0,0,2706960,0,0,0
AIZL,AVFR,0,0,0,44160,0,0,0,0,63900,0
AIAR,AVDL,0,0,0,0,86040,0,35760,229600,856300,246320
OLLL,URADL,0,0,33000,0,0,0,0,9000,0,0
RMEV,SMBDL,1080,0,0,0,0,0,72960,0,0,0
ALMR,AVER,81480,155904,45600,98520,111480,137871,198480,97600,89900,222400
ADER,PVCR,119280,0,0,0,0,360560,0,0,0,0
AVKR,RIML,524880,1164800,968520,514560,1877760,1504757,2747280,773600,1489300,1433760
ADFL,AIZR,9240,2560,27840,111240,106680,0,289440,8700,0,0
BWM-VL03,BWM-VL07,0,0,259560,0,0,0,352320,0,80200,29720
ALML,CEPDL,216000,516096,48240,166920,599880,628531,777840,902200,610500,462400
OLQVL,PVT,63840,105984,47520,102840,197160,282163,179520,370600,257400,467840
AIYR,ASHR,18120,94976,44040,8640,15840,0,148080,149900,40600,134400
ASEL,IL2L,0,0,0,0,0,39198,21120,0,0,0
ALA,CEPDR,0,0,0,0,46320,0,0,0,0,30080
PLNR,SIAVR,0,0,0,0,0,0,2625600,1633400,2273500,2268160
BWM-DL06,BWM-VL06,0,0,0,3360,0,0,0,0,0,0
RMGR,SMBVR,257520,283136,111360,309600,208920,1246248,1761360,570200,646700,451200
AVBR,PVPR,631080,474112,427440,535440,1393560,1797734,2404560,1207400,1491200,391760
ADLR,ALA,563880,638976,462000,454920,632520,692398,857280,1261800,1378000,1630000
ALNL,RIVL,0,0,0,0,195480,345016,0,0,0,0
AINR,ALNR,0,0,0,0,0,119623,5520,0,0,3880
IL1DR,SMDVR,34800,19200,89400,107760,104160,121313,18240,99600,183800,99600
IL2VL,RIML,0,0,0,19440,0,0,19920,98600,19400,96080
ALML,SMBVL,0,0,0,0,0,0,0,4400,0,0
AVJL,CEPDL,14160,0,18360,6720,73800,57108,42240,112600,0,83040
ADFL,SIBVL,0,45056,68760,35760,324840,424765,620880,417300,184600,88640
AINR,URXR,18360,51200,24120,27120,66120,151388,22080,56800,228200,0
AIAR,AVEL,0,0,0,0,18720,0,13680,0,0,0
RIR,RMGR,0,0,0,0,0,5406,0,0,0,0
RIML,SMDVR,250560,803584,473400,979440,1433400,1295923,3027600,2040500,2395800,2647800
SIADL,SIAVR,31800,41216,57120,51000,57840,76032,154080,58100,43000,98960
BAGL,RIVL,70680,160256,64080,70560,206520,175042,116880,174400,136700,210760
AVDR,AVER,120,0,0,0,106560,0,585360,0,0,0
RIH,RMER,460800,688896,1056480,647400,836160,1051607,1851600,1463900,1520200,1661160
RMDL,RMER,0,0,0,17880,4680,62177,110880,1026900,994600,1883680
ADFR,RIAR,310680,334848,239640,593280,1493160,1745356,2667600,1558700,2604900,1867840
IL1R,RMGR,62760,41984,31440,0,69240,72990,266880,431800,113400,215080
RMGR,SMDDR,351120,566784,486960,0,653160,845137,91200,5300,600,10240
DVA,RIH,0,142848,248160,0,0,474777,1323600,421000,289800,931440
BWM-VR02,OLLR,11280,15872,12480,0,0,0,0,0,0,0
RMGR,SIBDR,0,198912,85200,384960,854880,284866,672960,77600,50400,214880
ALMR,RICR,87960,0,4200,0,3000,94955,10320,78700,116400,127480
ADFR,ASEL,13320,176384,16800,0,125160,725514,83760,62400,742400,244160
AWCR,URYDL,41400,11520,0,14640,39600,1351,67680,153600,51200,27520
BWM-DL01,BWM-DL07,0,0,117840,23040,0,0,0,0,0,0
ALNL,RIMR,0,0,0,0,0,61163,488400,242800,150700,175800
ASJR,URADR,6240,0,0,120,0,0,0,0,17600,71160
AVFL,IL2DL,0,0,0,0,0,0,0,56900,0,0
ALNL,BWM-DL04,0,0,0,0,0,0,0,0,0,14320
ADAR,SIBVR,227520,273408,286200,176040,649320,213565,4560,138000,450600,426960
IL1R,RICL,9480,0,0,0,11040,5068,0,405600,340200,501880
AVEL,SMDVL,285720,528128,233520,491880,811080,658268,1236000,990000,1089400,922800
BWM-VL01,RIAR,0,0,480,0,0,0,0,0,0,0
ALNL,RMGL,0,0,0,0,1025040,1579438,1848000,2581600,2593200,2612240
BAGL,RIMR,333840,85248,332880,13440,25080,26695,12000,0,142600,0
RMEV,URAVR,234960,295424,383400,222360,359640,616028,499440,1308600,1439000,1695040
ASGR,AWCL,56640,70656,126600,423960,52440,593387,0,2664800,1441600,331280
BAGL,IL1DL,24000,55808,37680,45480,122640,133816,120240,131400,40600,136800
BWM-VR05,URAVR,0,0,0,0,0,0,21600,0,6900,5520
AVM,BWM-VR01,0,0,0,0,0,0,0,14100,0,0
ASHR,RICR,100320,143360,103440,127560,483240,0,533520,1054200,552000,252040
AINR,AVAR,0,0,0,8040,0,0,0,0,0,0
AVBL,OLQDR,0,0,840,0,0,0,0,0,8200,0
ASEL,URXR,0,0,0,0,115320,0,22080,25200,23300,39840
SIBVL,URYDR,0,768,0,0,39240,43253,82080,0,0,47000
ADAL,FLPR,20880,0,36480,0,114840,133816,0,0,0,0
ASJR,CEPVR,39960,52992,29760,0,187320,183490,325920,175200,126400,407520
CEPDR,URBR,454080,952320,690840,434280,1877040,3002757,2580960,1648200,1003600,769720
RMDVR,URAVR,0,0,0,0,0,0,0,0,51100,53280
RMHL,URADR,0,0,0,0,3600,0,0,365000,334900,606320
AVFR,RIMR,0,0,0,0,0,0,134160,9000,0,0
BWM-VR04,RMDVL,521400,738816,699600,424320,1790160,1711564,1879920,1233200,1167300,1590720
AVFR,SMBVR,0,0,0,0,69840,72990,700800,0,384400,118320
IL2DL,RMDVR,0,0,3120,0,0,0,0,0,0,0
AVFR,IL1DL,0,0,0,0,0,0,22560,0,0,0
ASJR,AUAR,0,768,0,0,0,0,0,0,0,0
ALNL,SIBDR,0,0,0,0,120360,396380,166800,587600,530000,623680
ADLR,URADR,0,0,0,0,0,0,0,0,0,15040
FLPL,RIVL,75120,37376,39120,0,0,5406,62880,0,100200,0
ASKL,AWAL,159360,0,0,268320,134160,360560,691440,435400,418400,229200
AVBL,AWCL,0,0,0,11160,0,0,0,0,0,0
ASIR,ASJR,153360,173312,126840,0,315480,216268,130320,659400,1410100,1065920
AVFR,RMGL,0,0,0,233760,1343040,1597347,2680560,1503600,1849400,2365920
RIBL,SMDDR,262200,621824,394080,371160,1182960,853923,1480080,942000,1041400,1164560
OLQVL,RMEL,633480,961280,846360,454680,420240,1053972,1377600,680200,1301200,2083680
ASER,IL2DR,0,0,0,73080,0,0,0,0,0,0
BAGL,SIBDR,51120,58368,73320,55800,83160,22978,110880,46000,44600,33360
RICR,URADL,64080,64768,75480,0,6120,44267,1680,67000,0,0
OLLR,RMDVR,280800,940544,459840,1141320,2138760,1982576,3551760,2176600,2828400,3102160
AIYL,RIMR,0,0,0,0,61920,0,0,88000,0,131320
ADFR,ADLR,0,0,0,0,0,133816,386400,6800,84400,0
AIYL,SMBVR,6720,0,0,0,0,0,0,0,2300,0
AVAL,RIAR,95520,168192,142320,89640,448680,554188,847200,555500,818700,462560
AVM,SMDDR,0,0,0,0,0,0,0,0,3400,0
SAADR,URYDR,0,0,0,0,49440,0,0,90400,0,0
SIBVL,URADL,7920,0,56160,0,0,0,6960,0,0,3320
RMDDR,RMHL,0,0,0,106560,40920,250398,714480,205700,373400,286320
RIBL,SMDVR,384240,579584,385080,475680,1297320,1425008,1800720,990100,1858800,1373640
ADEL,SMDDL,0,0,0,102000,0,0,0,0,0,0
CEPDL,RMHL,0,0,0,1200,290640,104417,89280,90000,591800,546800
AIAR,AWCR,871680,1430016,853440,1169280,2165880,1755832,3828000,2495500,2899800,2375600
SMBDR,URBR,30240,0,36840,2280,0,675,201360,0,0,0
ADLR,CEPVR,0,0,0,64800,0,0,0,0,0,0
AIYL,RMGL,0,0,0,0,0,0,46560,0,0,0
RIMR,RMHR,0,0,0,35280,23880,22640,0,0,0,0
AVFR,SIBDR,0,0,0,0,25920,47984,112560,93000,30200,15680
BWM-DR07,PVR,360,0,720,0,0,0,0,108200,8300,23560
AVAR,RMHR,0,0,0,253920,819360,214241,846720,386600,42200,924240
OLQVL,RMDL,4920,0,0,0,0,0,0,0,70800,48240
AVDR,HSNL,0,0,0,0,0,0,53040,0,0,0
ASHR,RIPL,0,0,0,0,0,0,0,62400,0,67200
AVAR,RID,0,0,0,208560,494040,0,0,0,0,0
AWBR,SIBDL,12120,0,0,0,0,0,0,0,0,0
ALNL,RMDDL,0,0,0,0,0,9799,0,0,0,0
RMDL,SIBVR,279720,486144,524280,678840,1085760,1245911,1755120,2026100,2136000,1643320
RMHR,SDQR,0,0,0,603240,0,1604444,990480,882800,1225400,1143400
DVA,IL1VR,51120,37632,20760,33000,63000,35481,79200,180100,64000,40080
BWM-DR02,IL1DR,67800,88320,125400,34320,244440,459233,362640,214000,127400,330560
RIBR,RID,0,26624,183960,78360,27720,43591,925920,862200,1077100,1406400
AVDL,RMFR,0,0,0,0,0,0,102480,0,0,0
RIVR,URYDL,40920,105472,18120,31800,63360,102727,54720,64800,48300,16400
IL1VL,RMHL,0,0,0,0,0,0,243840,28400,0,0
ADLL,ASJL,115800,11520,164760,89880,132120,29399,0,482900,161600,147360
AIYL,SIBDR,0,0,0,0,0,0,0,0,0,3360
AVKL,SIBVL,360,0,0,0,0,0,41520,448600,0,128320
PVR,RMDL,25800,0,20280,156840,62640,0,346080,134800,263600,9760
AVDL,RIGL,0,0,0,0,0,170987,153360,0,0,0
RMGL,SMDDR,176520,200960,79320,111600,128040,329472,485040,250800,217600,59760
IL2DL,RMDVL,32880,0,3240,33720,37680,84142,170880,67000,52200,0
AIAL,BAGR,0,0,0,34920,69360,25006,0,0,19200,0
HSNL,SMBVR,0,0,0,0,0,0,214080,0,0,0
AVFR,RMDDL,0,0,0,0,2880,0,0,0,0,0
BWM-DR03,SMDDR,21480,0,0,21840,43680,15206,0,0,32800,560
AVEL,BDUL,240,0,0,0,7200,0,150240,87200,0,9440
HSNL,RMGL,0,0,0,0,0,0,755040,0,0,0
RMGL,SMDVR,319200,601344,435480,72360,344880,248371,785520,170400,420600,375040
ADEL,PVPL,33480,0,0,8160,0,0,4080,0,0,1600
AVDR,AVJL,37680,49152,131280,27000,184440,84480,122160,87900,129200,0
OLLR,RMDVL,0,12544,5640,0,41640,13178,1680,0,0,12240
ADAR,OLLR,9840,0,0,0,0,34129,0,152800,62300,18160
BWM-VR04,RICR,45120,0,0,0,0,0,0,0,0,0
AVHR,URXL,152880,186880,119880,157680,453960,282163,681120,875400,1011300,875040
PVT,SAADR,15960,179456,4440,48720,0,340623,0,0,437000,16960
AIMR,ALMR,74040,235008,100560,311880,413040,894474,647280,174400,83700,227840
ADFR,IL1DR,0,0,0,0,44760,0,0,0,0,0
ALMR,BWM-VR04,0,0,0,0,0,0,0,97800,0,600
BWM-DR03,SMDVR,4800,72960,29280,41400,178920,40212,97440,14600,8700,77360
PVCR,SIBVR,76200,102656,55800,89640,0,295342,1297680,916500,282400,37040
OLQVR,RIVL,0,24832,720,5040,27960,51025,0,0,0,0
AWCR,RIAL,17400,38912,10800,8040,0,0,3840,0,95200,174080
ASKL,AVHL,0,0,0,0,0,46970,122160,0,0,0
ALNL,RICL,0,0,0,0,64320,7096,8880,0,0,0
AIBR,SAAVR,122040,130816,111240,146400,55200,83466,497520,177800,155000,102200
ALMR,RIPR,0,0,0,7080,0,153753,0,348400,476400,444400
HSNL,SMDDR,0,0,0,0,0,0,480,0,0,0
RIMR,SIADR,229080,459520,458280,212520,281400,1281054,1908240,814000,692000,1017800
HSNL,SIBDR,0,0,0,0,0,0,7680,0,0,0
AQR,RMFL,0,0,0,0,0,0,6960,0,0,0
AVAR,SIADR,0,0,6960,18360,99960,132464,324000,0,0,160
AVDL,RMED,0,12032,0,20160,217080,0,0,0,0,0
OLQDR,URXR,0,1024,9840,0,399960,0,0,0,0,240
AVL,BAGL,3000,14848,15120,0,0,0,0,0,0,0
BWM-DL03,RMEV,10680,37120,133080,30600,318720,485591,839520,266200,281100,132400
PVR,RMDR,94440,0,14400,14520,37920,0,960,85200,414400,20360
AVKR,SMBDR,177360,249856,364080,250920,194400,726528,1952160,1014000,1070400,947840
RIBR,SIADR,31680,212224,113760,20520,227760,267294,100080,156600,312000,179640
PVPR,RIH,0,0,0,0,451080,0,0,0,0,0
RMDR,SIBVR,40320,155648,173280,157320,132120,247357,854160,407200,703100,707080
AIBR,RIS,480,20992,12960,72000,243600,381849,748560,707200,141400,872080
AFDR,BAGL,74040,1295616,552000,477120,1880760,1826795,2106000,1050400,634200,1057400
BWM-DR03,RMDDL,210600,610304,659640,624000,1255920,1369589,1523760,1345200,750400,1798800
AIML,OLQVL,0,0,0,0,0,0,0,167800,121400,128400
RIAL,URYVL,21360,34816,96360,21840,131280,75356,186960,188200,3800,166200
ADER,ALNR,0,0,0,195360,512880,746803,1787040,165200,191000,956720
AVBR,SIBDL,121080,118272,119400,229920,162720,125030,1044960,497400,414800,526520
AIZL,AUAL,84240,245504,134520,437160,533640,250736,966480,239400,706600,594880
RIGR,RMHR,0,0,0,217200,553920,166932,0,0,0,1440
AVEL,PVWL,0,0,0,0,0,0,0,40600,0,0
AVFR,RICL,0,0,0,204720,240,173015,9600,0,0,0
AWBR,HSNR,0,0,0,0,0,0,279120,0,0,0
ADEL,AVHL,0,0,0,70440,270240,233164,165120,88500,273200,225200
BWM-VR06,CEPVR,117120,27904,65400,374280,174480,654888,1195680,72300,1042200,239320
RIAR,RMDVR,1403400,2305024,1414920,1998480,3033120,4294287,7653120,5148400,4138600,4800200
AVEL,RMFR,0,0,0,0,0,406517,398160,0,207100,5200
OLQVR,SMBVR,270480,329472,396240,264960,399960,607918,1019040,1402200,1097200,1158480
ALA,IL1L,35040,0,0,134520,19560,19599,1200,144000,135800,104960
AINL,AWCR,0,65792,46080,251400,211440,11151,152880,202200,328400,504000
AVDR,RIPR,0,0,2160,0,18960,0,0,46600,148100,0
BWM-VL01,SDQL,0,0,0,0,0,0,13920,0,0,0
BWM-VL03,URAVR,0,0,0,0,0,0,0,0,16800,5440
CEPDR,RIH,184320,427776,496560,230880,533280,1228339,1272720,385800,644200,1132960
AIYR,RIS,622440,479488,829320,475440,707760,852572,1972080,1213000,572000,1288040
AINR,SAAVL,125640,30464,8520,26280,0,19937,88560,0,0,58880
BWM-VR03,BWM-VR07,37080,199168,62280,9240,0,24330,1159680,0,5000,268840
AVEL,RIGL,112680,189952,41160,81000,425040,448419,1542720,342400,536000,225440
AVBL,URADR,0,0,0,0,41040,0,0,117000,91200,16200
BWM-DR04,IL1DR,9120,0,0,0,1920,10813,94560,8200,150400,2240
PVCL,PVPL,0,700672,641640,181680,1179360,1870725,3641040,1363000,1745100,903200
AVBR,IL2VL,0,13568,0,0,0,0,0,172400,165200,37600
AVHR,OLQVL,31680,45056,38040,124920,92400,86169,125760,47000,99400,53840
IL2DL,RICR,27720,22016,36000,0,67800,70625,0,117200,75100,20880
BWM-VR06,RMEL,0,0,0,0,0,0,0,0,116200,0
AWCL,URADL,0,0,0,20160,0,0,0,0,0,1200
FLPL,RMGR,0,0,0,67680,151920,0,0,0,20000,0
OLLR,RICR,240,1024,45000,12480,2400,85493,0,98200,0,0
IL1L,RIML,71040,0,78480,0,0,0,0,0,0,0
ALNR,AVFL,0,0,0,0,1800,0,0,0,0,0
OLQVR,SIBDR,103680,198656,241440,296040,697920,1097902,1756080,1758100,1636000,1430480
AIZL,AWAR,0,0,0,0,0,0,0,0,0,384640
AVBL,CEPVR,0,0,0,0,104280,0,301200,0,514200,137280
BWM-DR03,RICL,13200,0,0,6720,0,0,0,0,0,0
SMDDL,SMDDL,0,0,0,16560,36960,0,0,0,0,0
PLNL,RMEV,0,0,0,0,0,0,2400,0,0,0
RMEL,RMEL,0,0,1440,19920,63720,17233,38640,2225400,2320300,0
BWM-VR06,RMDL,71040,129792,84600,48960,156840,556216,283920,370700,101400,220720
AUAR,AVAR,96720,190976,161040,236520,792120,763699,1020000,1668600,2471800,2453200
AINR,SMDDL,0,0,0,4320,0,200724,2640,0,117800,0
BWM-VR03,OLLL,0,0,0,0,0,0,168000,0,0,0
ADER,AVAR,105480,225024,140280,139800,682680,681584,1453200,0,691400,592240
BWM-VL05,RIAR,0,0,0,0,2760,48998,94560,0,0,0
AWCR,RIBR,0,145152,71280,59880,32520,77383,316080,140300,378600,352280
AVAL,SDQL,0,0,0,0,0,0,1188240,1168000,306400,136480
AVER,RIR,78960,167424,168840,63000,264000,265605,283680,246200,653400,178520
ASHR,PLNR,0,0,0,0,0,0,29760,0,0,0
AIZL,SIAVL,0,0,0,0,0,0,0,0,600,240
ADAL,AVBL,309720,668160,303720,385800,1130160,1937633,4326480,2065000,1734000,1648960
RIGR,SIADR,240,66560,145560,276240,974280,80762,645840,0,555300,40320
ASKR,AVFL,0,0,0,0,70080,805263,435360,29800,32900,61360
AIZR,RIR,707400,465920,451560,603480,1652280,977940,2405040,2292800,1612300,1636080
AIMR,PVCL,0,0,0,0,0,0,83040,0,86400,960
ALNR,RMHR,0,0,0,0,425280,491673,0,297600,160100,170240
ADLR,AVDL,0,103424,100560,0,535080,677191,1311840,1058200,1158600,916720
AVJR,SIADR,13920,10752,8280,2280,3240,0,0,0,0,0
DVA,IL2L,0,0,0,0,0,0,0,462000,360800,222400
AVM,FLPR,0,0,0,0,0,0,170400,141400,283200,412880
RMEV,RMEV,0,13312,14400,5280,40800,0,960,2351200,2317150,0
ASER,IL2DL,480,25600,480,10080,3840,42577,0,0,2300,0
IL2DL,RIPL,781800,1167616,976800,1507680,2251080,3771525,5194080,2353600,2168800,2171000
BWM-VR05,RMEV,67680,71424,79440,78960,176520,265605,264240,303100,148000,281120
BWM-DL07,RMED,0,0,0,15840,0,164229,54000,171000,119400,0
AQR,AVL,0,0,0,7440,108840,0,51360,0,0,8880
CEPVL,RID,85920,768,0,0,120360,264591,547680,0,140100,0
RMDVR,RMEV,193560,238848,107400,55560,8520,321699,839040,1245200,442400,672080
DVC,RMHR,0,0,0,0,48840,0,0,0,0,0
AIML,OLQDL,14160,30976,26280,42240,75720,81100,172800,109200,88600,28400
PVPL,RIVR,82800,0,0,0,0,0,0,0,0,0
AVBR,IL1DL,0,0,0,0,0,0,0,0,0,12240
DVC,RID,0,498688,190200,166440,59520,358871,318480,152000,357400,473040
AVFL,SMDDL,0,0,0,36360,0,0,0,0,55400,34800
BWM-VR04,RIPR,0,0,0,4080,0,0,7200,0,0,0
AFDL,AUAR,0,0,0,140280,0,76707,304320,309400,0,0
ADFL,SMBDL,52560,282368,337440,194160,817200,922183,480,685000,715000,503720
ALA,AVER,210480,96256,82440,94080,268320,292976,425040,112900,153800,623440
AVEL,SAADL,33360,88320,86280,76320,40800,43253,165120,104700,62000,86240
AVHL,AWAR,143400,144640,118680,83160,588000,27371,805200,1600,0,65520
CEPDR,PVCR,0,0,0,0,0,23992,0,0,0,0
PVWR,URXR,0,0,0,0,0,0,0,0,1200,0
BWM-VR02,IL2VR,0,74752,0,0,0,0,0,0,0,0
RMDR,SIADL,162600,373760,186120,170520,273840,526479,1481520,561200,868600,648960
BWM-DL06,URYDL,7080,0,0,0,0,0,0,0,0,0
AVFL,AWAL,0,0,0,0,873480,982671,148320,970600,147900,132640
AVL,SMDVL,111960,121856,101160,249840,451800,740382,1440000,241200,451000,37200
RMDDL,URADR,45720,119808,159600,89040,82560,63191,391920,1535000,1322000,1142320
AWBR,RMGR,81960,244992,117960,8400,153600,357181,92640,201300,194400,102640
ASIR,OLLR,56160,28416,16320,39240,20760,93603,225600,146200,103200,61480
SAAVR,SDQR,0,0,0,15840,425160,383877,681120,155700,195400,210560
ADAL,SIADL,0,13568,0,154560,0,0,0,12800,17500,960
RIFR,RIPL,0,0,0,0,0,0,0,11400,0,0
RIVR,URYVL,0,0,0,0,0,6420,2160,0,0,38200
AIBL,RMFR,0,0,0,0,69600,63528,4482960,2277500,1574400,1020520
IL1DR,PVQR,0,0,5040,960,0,337,0,0,0,0
BWM-DL02,BWM-VL02,858840,697856,958920,926880,2227440,2581032,6081360,5940800,5809000,5629800
AVDR,AVFR,0,0,0,33600,549240,7096,192240,79600,317600,0
ADAL,DVA,243720,846592,534360,723240,837840,755251,1742880,791400,1286200,1101600
IL2L,SIAVL,17760,23808,0,18000,0,132126,248640,0,0,0
SIAVR,SIBVL,186480,473600,340800,255240,742800,988753,1795920,253400,2326600,328240
OLQVR,RICL,75240,35584,42240,42120,8040,73328,0,0,318000,337440
RMGR,SIBVR,4440,49408,201120,259560,354720,714700,1331760,1116000,510500,699360
IL2VL,RIAL,33960,110848,79440,51600,137520,323051,404400,390200,360800,2880
AIBL,RIGL,23400,0,0,0,0,224378,139920,72200,174900,92560
AIYL,RIBL,701520,1140736,727200,1906080,2670960,3189288,4065360,2576600,3767400,2604240
ASER,AVAR,360,0,0,3000,0,0,0,0,0,0
ASHL,PVCL,0,46848,22200,107640,9720,0,217920,0,0,0
SAADR,SMDDR,546960,690432,864840,894360,654360,1655808,1645680,829000,2512200,2257640
IL2DR,URYDR,243000,641536,629160,492360,1801320,815738,1016160,944800,1271000,2420720
AWBR,URYVR,39240,28416,6720,26400,9480,9799,960,0,0,0
RMED,RMFL,0,0,0,0,0,29736,0,47200,0,0
DVA,URXR,12240,219392,57600,25680,96960,214917,707040,758200,352300,0
ASEL,SMBDL,0,0,6720,0,0,0,0,0,0,0
AIBR,OLQDL,0,0,0,0,4920,0,0,0,0,4920
DVC,SIADR,0,0,0,227520,515280,0,0,0,0,0
CEPVR,DVC,0,0,0,0,0,0,0,22300,108800,183600
AIMR,AVM,0,0,0,0,153480,0,9360,0,0,0
SAADR,SMDVR,18120,0,228720,40920,81360,78059,321360,0,37600,64800
BWM-DR03,RMER,9960,0,0,0,0,0,21120,500,0,0
BWM-VR04,PLNR,0,0,0,0,0,0,1680,0,16400,0
URXR,URYDR,402240,574464,375960,238200,1442280,1477386,1182240,298800,100000,326880
ASJR,AWCR,0,0,0,0,0,0,48720,0,0,0
IL2DL,RIPR,0,43264,134160,0,0,0,0,0,0,0
ASHR,RIR,6480,64768,69000,102720,50520,230799,56160,398100,0,0
AVAR,IL2VL,0,0,0,2880,0,0,480,0,5800,125760
AVHL,AVL,0,0,115800,90600,0,0,81840,0,237600,0
PVPL,RIFR,0,0,169080,85560,0,0,0,622800,19800,115200
RMEV,RMHR,0,0,0,0,0,0,0,0,56300,0
BWM-VL08,SIAVL,0,38912,0,0,0,0,0,0,0,0
AIBR,IL2R,6120,1024,4080,0,32760,0,31680,0,0,0
CEPDL,IL1L,75120,37376,20760,116520,24600,0,146640,240200,49400,269840
IL2DR,RIVR,0,38144,0,0,0,0,0,181800,87500,152240
AINL,URYDR,6840,25344,3720,0,0,15882,43920,121600,14800,61040
PVT,URXR,0,0,0,0,6840,0,0,0,0,0
AIBL,RMED,0,68864,140040,84480,169680,146657,360480,226600,235600,265360
RMDVR,RMHR,0,0,0,324720,263400,611297,592080,179400,102600,107760
ADAL,ASJL,3960,0,0,0,0,0,0,0,0,0
RIMR,RIVL,66480,110592,102120,266400,315360,132464,211920,285800,463600,183360
RID,RIH,0,0,0,0,0,0,0,0,817800,57440
AIYR,IL2R,12120,76032,0,0,0,0,4320,1020000,994500,395600
RIBL,SIBVR,89040,138496,60480,13680,281160,197345,121200,133600,272700,335680
AVAR,RIVL,14520,3584,78960,61080,156120,204779,332880,0,300600,2680
AVBR,RMGR,99120,81664,104640,7800,165840,198696,438000,10000,179200,199840
RIVL,SMBDR,141480,147456,140040,254760,590880,827904,1174080,313800,715200,788880
ADLR,AWCR,796200,913408,1196280,658080,1677360,1757859,2848080,1022000,1167000,838520
AVFL,AVHL,0,0,0,0,77040,0,211440,109800,313400,41320
AVKL,RIGR,674760,507136,147840,364920,1847880,1132032,2364240,2372200,2326500,1605440
ALA,HSNL,0,0,0,0,0,0,21360,0,0,0
IL2VL,URYVL,211440,278528,227160,54600,187440,300072,848160,973800,1072700,1450800
ADER,SAAVL,45000,105472,163560,456840,190800,30750,334080,6800,381700,461440
AVM,SIBVR,0,0,0,0,0,0,1920,1024100,1118900,854240
AVBL,AVDL,228120,978432,161520,660840,1162920,1067827,2719680,1855600,1463400,1251600
AINL,RIVR,78120,49664,21600,50880,33960,0,365040,84100,93800,59440
AINL,URADL,0,0,0,0,4320,1351,10080,0,9300,56520
SIBDR,URYVR,44520,33024,57360,75840,302160,359208,270480,104200,124400,121360
BWM-VL05,SDQL,0,0,0,0,0,0,116880,0,0,0
ADAL,SIAVL,45240,392192,82320,149160,767040,137871,648240,546000,247000,335920
OLQVL,RID,0,0,0,1680,56640,72314,115680,0,107500,76320
CEPVR,RMED,0,1024,9000,0,0,0,0,0,0,0
ADAL,ASHR,0,0,0,960,0,0,0,0,0,0
BWM-DL04,IL2L,0,0,0,0,1680,0,0,0,0,0
IL2VR,PVR,0,0,0,0,0,0,0,0,0,320
IL2VR,SMDVL,0,0,0,0,0,0,0,0,0,34480
ADFR,AVDR,55200,0,0,0,18720,0,0,186500,29400,13920
RIS,URXR,0,0,0,0,0,0,0,0,0,14080
RIML,SIADL,263400,623616,265680,214920,1031400,1227325,1330800,912300,842800,727280
AIAL,AVER,0,0,0,0,86400,0,0,0,0,0
AVKL,SMBDL,420120,245760,189360,145200,835080,1088102,628560,224000,1478800,1876160
RIMR,SMBVR,61800,220416,162480,2760,321840,48322,541680,17300,144400,258080
BWM-VL03,RMEV,144480,183552,54840,149040,2640,238909,815040,835400,319300,507120
ASHL,AVM,0,0,0,0,0,0,0,2800,0,0
AVAR,RIMR,105000,318720,165240,673800,345600,366643,2910240,720600,1077500,1178720
ADAR,IL2VR,11040,27136,20280,24120,102240,41902,66480,50800,128700,44080
AVDL,IL2DR,18600,80896,28200,19080,32760,84480,113520,277600,296100,289440
AVAR,SMBVR,0,0,5040,0,0,0,215280,262600,15400,14360
ALA,AVJL,0,19200,27360,65040,40200,50012,214080,876400,0,226080
BWM-VL06,PLNL,0,0,0,0,0,0,99360,7000,276300,74160
RIMR,RMGL,275640,70912,114360,37920,444720,99348,66720,224400,16000,13080
RIPL,RMEV,47040,182016,81600,120120,157440,168284,513840,214200,284500,119680
RIBR,RIMR,335640,514048,461760,827040,1132920,1475696,2317440,1021000,2370800,1304480
RMGL,SIBVR,43920,176640,114000,146640,678720,291962,713520,598800,494400,300800
ADER,SMDDL,0,0,0,139440,294480,391311,951120,219100,271600,1765760
AVBL,AVEL,164880,409600,228720,330600,426480,741734,849120,238400,1750600,688160
RIBR,SMBVR,0,0,0,2160,0,0,0,35400,0,0
AVAR,RMGL,2880,0,25200,28440,23520,354478,47280,0,0,0
RIPR,SIBVL,6960,19712,33360,6960,144720,7772,960,0,0,0
AVER,RMFL,0,0,0,0,0,0,79920,0,0,111760
BWM-DR02,BWM-VR06,0,0,0,0,0,0,0,0,21400,0
OLQVR,RMER,441720,537088,312000,459960,654960,966451,1049040,857500,1367200,2165960
DVA,URAVL,44520,91904,25320,74280,27360,84142,83520,208800,64400,28800
ADAL,AIAL,0,54784,45240,31440,82680,463626,150000,867500,1354200,1350040
BWM-VR04,BWM-VR08,6240,303104,138480,289320,758280,772485,2494560,85600,638700,97120
CEPVR,RMHL,0,0,0,0,608640,434565,472560,194000,12500,221080
ADLL,OLQVL,0,36864,4560,69120,105000,20951,208560,0,0,0
AVJR,IL2VL,0,0,0,0,0,0,0,0,122900,0
RMER,URAVR,163320,204800,130560,97680,223440,525803,262560,891800,1239200,1075120
AIZR,RMFL,0,0,0,0,0,0,25920,0,15700,0
BWM-DR03,SIBVR,7320,4864,0,0,0,0,0,0,0,6800
PVWL,SDQL,0,0,0,0,0,0,732240,746800,457300,459520
RMDVL,RMFR,0,0,0,0,0,6082,465840,0,104600,107520
RIMR,SIBDR,309000,500480,312240,519480,1072320,519383,1485120,1041200,1400800,754880
ADAL,PVWR,0,0,0,0,0,0,0,0,0,67040
ASEL,RIFL,28440,176640,121800,76680,134880,2027,0,70900,112500,113600
AVKL,AVKR,1746240,3530240,1797480,3746760,4622400,5349611,13941840,5456600,8680100,5882240
AVL,RMFR,0,0,0,0,1086960,148008,958080,96000,672000,936680
AVAR,SIBDR,54000,76544,131160,105840,67920,141926,809040,453200,207200,370800
SDQL,SMDDL,0,0,0,0,0,10475,197280,245100,51400,69360
PLNR,PVT,0,0,0,0,0,0,0,0,0,230000
ADAL,BWM-VL02,1440,0,0,0,0,0,0,0,0,0
AQR,URXL,0,0,0,0,369840,104755,167040,340800,610000,838160
RIBR,SMDDR,142680,116480,156600,199560,177120,346368,675600,136800,320800,186680
IL2R,RMFR,0,0,0,0,0,0,0,0,0,154680
AVL,RIGL,111600,34816,0,960,42360,0,18720,0,13600,137400
RIBR,SIBDR,203640,203520,193320,242280,504120,619407,1367040,565200,698400,590800
AIAR,RIMR,0,0,0,0,240,0,0,0,19400,68480
AFDR,RMFR,0,0,0,0,0,0,0,0,0,6640
HSNL,SIBVR,0,0,0,0,0,0,177600,0,0,0
AIAR,SMBVR,206760,290048,117720,0,754920,544051,272160,252300,438400,392320
RIGR,RIVL,551880,1118720,392880,438600,806280,735989,623520,401200,448100,729280
AVDL,RMDVR,38280,35328,720,48240,0,30750,0,53900,0,0
AVJR,RIVL,12360,0,0,0,0,0,0,0,0,0
PVT,URAVL,25080,26624,40080,21720,127440,110499,258720,30800,99400,100520
IL2DL,PVQL,0,0,0,13680,0,0,0,0,0,0
AVEL,PVCR,66000,210432,87840,101280,3120,602849,514800,0,299800,264560
AWAL,SMDVL,0,0,0,0,0,0,0,0,29200,0
AVAL,AVDR,187440,27392,12240,133560,133200,160849,772080,403000,720600,211760
ASER,SAAVL,0,35840,60240,0,104040,59811,190800,343700,327400,401120
ADER,PVPL,0,0,0,0,0,0,0,0,187400,0
ALA,RIPR,0,0,0,0,0,0,0,0,0,26800
ALNR,SIBDL,0,0,0,131160,18360,147671,696000,309700,338800,497520
BWM-DR05,SMBDL,77040,175104,115440,94440,121680,116920,686400,1324800,1061600,1054480
BWM-VR01,RIAL,15480,0,47520,0,0,0,0,0,0,0
PVPL,SMDDR,0,0,0,0,1440,0,0,0,0,0
AIZL,URXL,93240,8960,25440,265560,133680,74680,496560,51700,40800,0
SAAVR,URYDL,45960,21248,14640,42600,0,57446,88800,0,22900,39640
PVPR,URXR,94320,407296,565320,462120,1129680,867102,1099680,1001400,888300,1255120
AVKL,URAVR,0,0,0,0,0,0,0,61200,0,41280
AINL,ASGL,206520,70656,112920,53880,165360,0,455520,57400,0,175520
RMHL,SIADR,0,0,0,5280,116400,6758,258480,0,0,0
AVAR,RMDDL,38280,18688,50760,0,0,259522,0,0,0,0
RIBL,SIADL,50040,215552,188160,82920,139080,269998,158640,328900,141200,329200
RMDVL,RMED,953400,1095936,808920,633600,1374600,1804830,1741440,1531000,1416200,1509560
AWAR,SIBDL,720,0,2640,0,0,0,720,0,0,0
PVPL,SMDVR,25680,4352,0,0,0,0,0,0,0,0
AVL,URBR,0,5120,1920,0,18720,6758,3840,0,37800,240
RIML,SIAVL,97200,207360,197040,209760,260160,240261,1452960,923200,1010000,550960
BWM-VR02,BWM-VR03,0,0,0,0,0,32778,30000,172400,6600,59040
RIGR,RIMR,345960,700160,615720,540960,1758360,776878,120000,625100,560100,882800
ASKR,SIBDL,0,23296,0,0,0,20613,50400,0,0,3560
RIGR,SMBVR,212040,308224,325560,260040,564960,883660,1016160,214000,1255900,341360
ALMR,RMFL,0,0,0,0,0,0,0,1000,0,0
CEPDR,URXR,461040,905728,650040,552240,2082000,1828147,2062320,1599400,1754000,2307560
IL2R,URBR,613200,730112,846840,223920,1236360,1545308,1264800,2005800,2540400,2145840
OLQDL,PVR,0,2048,0,0,8520,0,0,136200,0,185600
OLQDL,SMDVL,43200,0,0,9120,105720,1689,102720,141800,0,8640
IL2R,RMED,220920,455936,368280,132120,558840,511272,1133520,448800,305600,286600
AFDR,URBR,0,0,0,0,0,0,0,0,26200,63440
RIS,URAVL,0,0,0,0,0,6758,0,0,0,39240
ASER,SMDDL,0,0,0,0,0,6082,0,0,0,0
BWM-DR06,RMHR,0,0,0,0,248040,0,0,0,0,0
AVJL,URYDR,31680,94720,34800,48120,99600,61163,46320,55800,94200,0
AVJR,RMGL,68160,45056,10200,71520,607800,207820,460080,186200,1103700,23200
RIMR,RMGR,0,0,0,0,3000,0,126960,0,0,0
ADFR,AIYR,536880,910080,621000,236280,688080,710307,428160,915200,648700,879640
AIAL,RIPL,0,0,0,0,0,0,0,897600,1085600,1017000
AINL,AIYL,160080,16640,0,30960,132240,371036,667200,150800,0,170000
BWM-VR02,IL1VR,111960,96000,73080,19800,281760,99686,511920,261200,160800,212120
AVM,DVA,0,0,0,3840,280440,566691,0,18200,59100,208360
AIML,OLLL,34440,39680,14520,24360,49680,0,0,0,49800,12800
BWM-DR04,BWM-VR06,0,0,0,0,0,0,0,3400,580200,0
AUAR,AVHL,0,0,3600,0,105240,0,60240,52900,0,0
SIBVR,SMBVL,143160,178688,112800,236040,695880,124354,211680,157400,525400,237920
AVDL,RMDVL,32280,0,0,0,0,0,0,0,0,0
PVR,URYDR,0,16640,0,0,5760,0,0,0,2500,111480
AVHL,URYDL,29400,23808,21480,19320,47040,67921,134640,105500,321600,125920
OLQVR,SIBVR,9960,17664,0,0,156120,5744,2400,0,3600,73360
ALNR,RIVL,0,0,0,0,30000,256819,172080,264600,117000,191200
ADLL,OLQDL,13080,768,38280,32040,50640,125706,75600,282400,29000,0
AIBR,AIZR,31800,102144,24600,238320,118560,124354,1004400,244400,377600,134520
AVER,AVL,0,60672,0,0,360,144291,0,0,43200,0
BWM-VL03,BWM-VL04,0,0,0,59760,0,0,0,0,0,0
RIFL,SIADR,0,0,0,0,0,0,96480,0,0,0
RIGR,SIBDR,41640,0,0,0,0,0,0,0,0,191480
AVHL,URXL,18480,32768,47880,41280,246600,115906,132480,234900,164600,174320
BWM-DL03,RIVL,13200,0,0,72000,0,0,0,0,0,0
IL1DR,PVWR,0,0,0,0,0,0,0,0,43300,141040
AVJR,SIBDR,7680,47872,17520,9600,78600,0,0,18400,900,0
RIAR,SAAVL,38400,83456,39840,27480,152400,0,23040,600,93300,57880
OLQVL,RIVR,0,0,10800,0,12480,48998,48000,0,35400,10800
AIZL,OLQVL,3240,8192,0,0,0,20275,0,0,0,0
ALA,AVAL,0,0,0,0,0,0,0,0,178500,0
AUAL,RMEV,129360,152832,132000,73560,480480,36157,195360,346100,490400,489640
AVL,SAADL,0,0,0,0,0,0,0,0,44200,13680
RMGL,SIADL,0,0,0,2280,12000,25006,578640,0,46600,265960
AVAR,RICL,299280,725504,418800,162360,574560,1025925,1114080,679300,1211600,1055840
AVEL,RMDVR,135360,325376,135600,131040,344280,355491,743280,384000,494500,474160
ADLR,URYDR,20160,13824,11760,19080,23040,58798,71040,150000,76400,61760
BWM-DR03,OLLR,0,0,0,0,0,11827,0,0,0,0
RIFR,RIR,0,0,0,2040,150120,192614,0,314700,54100,251040
AVJL,RIVR,69960,11264,0,15840,0,0,0,0,0,0
AVJL,URADL,22920,0,26640,9240,141360,57784,30720,115400,27200,0
BWM-DR02,RMHL,0,0,0,0,250080,520058,141600,401200,526400,294680
IL2R,SAADL,44280,126976,30120,25320,135840,157808,0,0,17800,48480
DVC,RIVL,86160,306944,434760,91320,731280,137533,1109520,208400,139100,587760
IL2L,URXL,70440,282112,141840,269760,495240,410572,414240,2590600,3081000,2238640
PLNL,SIBDL,0,0,0,0,0,0,1465440,1129400,1446000,1236320
RIVL,URBL,91200,146432,100440,61920,7680,63866,52320,0,0,0
AIBR,SIBVL,57840,11264,7800,195960,200400,15544,481680,146500,138400,86880
AVAL,DVC,408000,649216,270600,501120,351360,762347,1864560,516500,2067200,1023280
PVR,RIVR,60960,387584,61320,267840,357360,13178,1133280,0,438600,119360
ASER,PVPL,3600,0,0,0,0,0,0,0,0,0
PVR,URADL,78600,373760,139200,80040,456240,67584,92640,76200,186000,55200
IL2DR,SMDDR,0,0,0,0,2640,0,0,0,51500,226800
BWM-DL07,RMDVR,0,0,26160,0,68640,20275,601920,0,0,5240
AFDL,AWCR,69240,576000,367920,355920,3000,721121,570720,527100,167600,450480
ASER,RIR,90120,0,0,120,27840,0,0,938300,600600,386800
AWAL,BDUL,0,0,0,0,0,0,0,153200,135800,64560
BDUR,RMGR,240840,286464,326280,138720,1133400,756264,530880,326800,1399400,1549920
AWBR,BAGL,0,0,0,0,7440,0,0,0,0,0
ADEL,PVCL,0,0,62880,0,621720,135505,0,0,0,0
AVBL,RMHR,0,0,0,0,0,80762,652800,39900,409200,0
BWM-VL01,RMED,237840,226560,86400,217080,358560,592035,830880,529600,333000,867520
AVBL,RID,73920,204288,0,320760,99000,10137,835920,166600,113000,0
ADFL,RMEV,28080,0,0,0,0,0,0,162200,43300,0
ADLR,RIVR,0,0,0,0,8760,0,0,0,0,1200
IL2DR,SMDVR,0,0,0,0,0,0,0,47400,1400,15120
PLNR,RMDL,0,0,0,0,0,0,49440,121300,255400,209760
RMEV,SIBDL,169560,97536,33840,167520,121680,42577,69840,98400,136600,213160
BWM-DL03,IL1DL,0,0,0,0,3240,0,264000,8300,98000,71880
CEPVL,RIMR,104520,0,0,37680,11760,0,0,114200,41000,68320
AIAR,AINR,99000,47616,116040,89640,301680,52377,1306320,180200,0,130400
AIBR,OLLL,0,64768,0,48480,165120,0,0,518000,0,523520
AVDR,AWAR,0,0,0,0,0,0,0,0,0,28800
DVA,RIGR,37080,0,96840,0,31680,8785,7680,98600,73000,21840
ALA,ASIR,0,0,0,0,0,0,0,298600,772200,354560
DVC,RIMR,11880,128000,181080,0,156120,7772,0,4500,1200,120960
BWM-VR05,RMDDR,123360,0,12000,24600,260400,203089,183120,63700,51200,100360
DVC,SMBVR,0,0,0,0,17160,0,4800,0,20600,0
BDUL,URADR,0,22016,0,0,47640,72314,0,0,0,0
RMDR,SAAVR,19920,155392,22920,16800,0,140912,3360,18200,0,6880
RMDVR,SIBDL,13320,243456,234480,546720,700200,657592,1291440,433800,443500,373280
CEPVL,RMGL,82440,87552,65520,51360,402480,809994,201600,922200,476000,257920
AIBL,ASHL,459000,894976,575160,215880,1305960,1546997,1159200,1231800,1125400,1011720
BWM-VL06,URBL,0,10496,0,24000,0,0,0,0,0,0
AIAL,RIPR,0,0,0,0,0,0,0,0,0,13000
ALA,AVFR,0,0,0,0,4800,0,14640,245400,43000,312120
BWM-DR02,CEPDR,161760,5888,0,0,0,8785,0,0,0,2000
DVC,RMGL,2640,0,5520,0,960,0,0,0,0,0
SMBVL,URYVL,19320,0,0,31680,0,55418,104400,0,9800,0
ADAL,SAAVR,300240,450304,328320,146520,234960,0,472800,423400,283600,137160
IL2VR,URBR,0,0,0,0,0,0,0,187400,0,21680
IL2DR,RMDDL,64200,101888,139440,0,11400,0,960,90000,0,154480
SIAVR,SMBDL,0,0,46440,21840,77400,28047,0,63200,0,4600
AVDL,RICR,0,74752,192600,107280,228720,1208064,1337520,1516500,465600,1165760
ASER,AVHL,61920,31488,11880,7800,130800,0,6960,0,0,0
BWM-VL04,PVWR,0,0,0,0,0,0,0,13200,0,0
FLPL,PVR,0,75520,0,269040,393120,131450,1006320,0,108200,0
AQR,SIAVR,0,0,0,0,17760,0,46560,377400,250300,40280
FLPL,SMDVL,0,0,110280,14040,0,136857,76320,0,0,0
RMED,URYDL,87120,267264,250320,382560,260280,710645,1007520,156000,384600,266320
AVFL,RIML,0,0,0,0,0,0,0,0,0,31360
AINL,SMDVR,20640,20736,0,0,2160,0,57840,0,0,25760
AINR,ALMR,0,0,66960,98880,115080,124354,298560,219600,206200,274240
ASIR,SAAVR,0,1792,0,0,0,32440,0,99200,41600,10960
IL2L,OLQVL,362400,550400,391800,345960,911160,1590251,1227600,830200,1096100,601080
RIH,RIH,0,0,5040,11760,83400,90224,92160,0,0,0
AIBL,IL2DR,29520,0,0,0,0,1351,0,143200,0,80
PVT,RIGR,1381080,1147904,733920,1723080,1314000,2906449,3022560,1993800,1222900,2130040
RMED,URXL,11880,0,0,0,0,0,0,0,0,0
ADEL,SMBDR,0,0,0,40800,241200,4055,700800,0,451300,181520
DVC,SMDDR,0,0,1920,22560,1080,675,0,0,1200,400
AFDL,RID,53520,372480,378240,20520,6360,49336,617280,215100,389400,16360
ASER,ASIL,275400,109824,502680,369840,350160,149698,2691840,593000,1012200,475400
AVJL,RIFR,446640,1361152,950760,585720,1677120,1683855,2131200,946500,2572100,1197240
DVC,SIBDR,0,0,0,0,2040,0,0,0,0,0
SAADR,SIBVR,97560,182272,206040,344880,93240,279459,979680,170500,349000,450280
BWM-VR04,RMFL,0,0,0,0,0,0,788400,824000,285800,636760
AVJR,RICL,10080,0,5040,62640,261720,333527,15120,21800,222500,346880
RIAR,RIR,430440,323584,338400,390240,879360,921507,414000,829700,806600,664880
AWAL,RIGL,0,0,0,0,3840,1013,0,0,0,0
PVR,RIFR,960,20736,12480,0,57480,0,0,0,0,0
AVBL,SIADR,103920,30464,36840,30720,68520,54405,416400,200,390600,0
ADAR,IL1VR,11280,15104,2640,5160,10800,34467,97200,28000,23000,16000
BWM-DR04,RMHL,0,0,0,48960,685680,550809,60240,1300,256500,108880
ADAR,SAADR,466440,289280,166320,123000,516840,271687,698640,239900,291000,157720
AWBL,IL1DL,0,0,0,2160,0,0,0,0,0,0
SAAVR,SIAVR,55440,64000,27360,43680,57480,111175,0,115500,127200,110280
BWM-DL02,OLQDL,8040,0,0,0,0,0,0,0,0,0
ADFL,AVFL,0,0,0,0,0,0,9120,0,0,76080
BWM-VL08,OLQVL,0,0,0,1560,0,0,0,0,0,0
AVAL,AVKL,173640,5376,110400,223440,759720,0,18960,732900,860100,130480
RIR,SAADL,0,0,0,0,0,0,0,0,990000,3640
AVBR,BAGL,0,0,15960,0,172800,7772,620640,0,379200,0
ASEL,ASER,197640,68864,209160,1264680,235080,306493,326880,472800,455400,644240
RMER,RMEV,825840,1878016,1411320,1291320,2854560,2694912,4420800,2927300,2851800,2376720
AWBL,RMGL,101520,30976,80040,2040,205920,98672,487920,137100,34200,123120
AVAL,RMHL,0,0,0,713760,571320,694425,355680,232900,1116400,1073840
BWM-VR01,IL1R,0,0,0,0,0,54405,30480,0,0,0
RIAL,SMBVL,166680,125184,199800,367680,529440,627179,1627920,622200,606000,482560
AVAR,RIBL,0,0,0,0,0,0,171120,0,138000,66560
OLQDL,PVWL,0,0,0,0,0,0,0,0,2700,5640
ADFR,BAGR,0,0,9120,0,0,0,0,0,0,0
CEPVL,RMDDL,636600,821504,797400,684360,1598760,1911275,1893600,1360800,1695800,1987800
ADEL,AVM,0,0,0,0,293760,283176,0,0,0,0
RIBR,RMER,212880,401920,295320,723600,1312080,1400678,2268960,728100,1695000,2198960
AVDL,RIPL,0,0,1320,0,64200,24668,0,0,600,0
BDUL,RMDL,0,0,0,4920,0,0,0,0,0,0
AIBL,RMDVR,3840,0,0,0,0,0,16800,0,0,720
ASIL,ASKR,0,0,0,21480,0,0,0,0,0,0
RMDDL,RMHR,0,0,0,132840,671400,223027,733680,174600,616400,263120
AIML,AWCL,0,81152,0,0,0,0,35040,125400,482800,29280
FLPR,RICR,0,0,0,0,0,675,0,0,0,0
RMEL,URYDR,0,9216,29400,0,50160,0,0,0,0,0
AWCR,CEPDL,23280,0,0,0,0,0,1200,0,0,8880
AVHR,OLQDR,13440,19968,38760,12120,18000,41902,43680,114500,94000,76880
ALNR,RMGR,0,0,0,0,1378680,873861,2099520,2338200,1904300,2078160
AWBL,SIBDR,5400,0,0,0,0,0,0,0,0,0
AVEL,IL2DL,0,75008,0,0,151080,124354,156720,129800,18900,349680
OLLL,SIAVL,14160,13312,19440,6360,71160,96983,72720,203200,128000,102800
ASGL,ASHL,480,0,5280,3000,60600,80762,53760,0,0,4160
PVWR,RIFL,0,0,0,0,0,0,0,766800,101200,495000
PVCL,SMBDR,10320,360704,90120,1200,0,0,0,0,172000,0
SIAVR,URAVR,13440,16896,12720,25320,49440,41564,96720,62000,83800,77200
BWM-VL07,RIAR,0,2816,1920,8880,0,0,20160,0,600,0
AVKR,IL1DR,0,0,0,0,9360,70625,0,59000,0,1920
ADAR,AIBR,16320,17152,37800,1320,150000,209510,290400,243000,619400,242720
AVHL,SIAVR,6240,4096,21360,0,0,77383,35760,465200,35600,520040
AWAR,RMGR,172920,38656,18000,0,5280,349747,3120,0,0,0
BWM-DR04,CEPDR,536280,402432,601080,224640,131400,1209753,736080,709200,175000,640280
RIGL,SIAVL,0,0,53760,0,106440,0,278880,0,419400,43640
ASJL,IL1L,23040,86528,16200,0,18360,31764,164400,0,121000,38560
AIMR,ASEL,0,0,0,0,0,0,0,0,9700,0
ASKR,RMGR,4680,149504,208320,173520,471840,194979,25200,80200,7300,196360
AVKL,RMEV,0,21504,118680,0,105960,0,400320,0,15300,0
RMEL,URADL,22080,162048,114960,42360,391920,440309,690480,1229700,868800,1282080
ADFL,PVPR,0,7424,0,25800,100680,0,318000,0,0,0
AVAL,CEPDR,0,0,0,0,0,23992,0,0,0,0
AVFL,AWBL,0,0,0,0,282840,70963,6720,233000,217800,548960
RIML,SAAVR,1211520,2614272,1659360,1976520,3456360,2654023,7871760,3408000,4229000,4211360
OLLR,RMFL,0,0,0,0,0,470384,0,42800,131400,90240
CEPVL,RICL,368280,577792,205440,391200,1185720,1068165,2283840,1492600,1126000,1092920
AIAL,ASIR,34200,8192,0,0,0,35143,0,0,76400,0
BWM-DL07,RICR,0,134656,8760,0,0,90900,0,0,0,0
RMDL,SAADR,2640,0,0,0,0,0,0,0,1200,6720
ASJR,RIMR,17640,0,0,0,0,12503,13680,0,0,0
AVER,URYDL,152280,748288,613080,452160,935760,891432,2195280,289100,545400,661120
ASJR,SMBVR,82680,130304,9000,121320,137880,0,513360,0,166000,0
AVKR,SDQL,0,0,0,0,0,0,10080,730600,151400,0
BWM-DL05,BWM-DR03,0,0,0,5760,68880,278108,309840,57800,83200,109000
IL1DR,RIS,12720,0,35160,360,39000,89210,54960,200400,1000,218120
DVC,RICL,0,0,9240,0,0,0,0,0,6000,0
RIPR,SMBDL,6240,58112,37320,0,0,0,0,0,0,3200
DVA,RIFL,9120,0,0,0,3720,0,0,108800,0,20560
PVPR,SMDDL,0,0,0,4680,0,0,0,0,0,0
AIBR,AVJR,0,0,0,0,0,0,0,204000,72400,10320
AIAL,PVQL,395160,485888,387720,560160,1150920,1075599,3412080,1094500,820100,1325280
AVAL,BAGR,164880,325888,150360,134640,1169280,957665,2137440,2294800,1568200,1922080
RIML,RIS,356280,968704,847920,1074120,1199640,1815982,3008640,1432000,2794000,2124600
AIBR,AWCL,464520,365312,257640,270720,913800,574126,811680,582600,499400,404920
RMDDL,SIADR,40320,83968,193680,66120,380160,273377,462480,291800,245200,338880
SMDVL,URYDL,1560,68608,0,14160,32280,116244,0,3800,3400,0
BWM-VL03,SIBDL,0,0,0,0,39000,0,0,0,0,0
SAAVL,URADR,0,0,4800,0,0,0,0,0,0,0
BWM-DL01,SIBVL,0,48640,0,0,0,0,0,0,0,0
RIGR,RMER,143400,154880,111360,161760,286680,298045,608880,133700,276200,414800
ASHL,BDUR,0,0,0,0,0,0,0,88000,0,49760
BWM-DR08,RMDL,0,4352,0,0,17760,64880,354480,0,69100,30760
RMHL,SMBVR,0,0,0,47280,142200,0,451200,100800,86800,117360
IL2VR,RIH,386160,708864,529080,858000,1006440,1740288,1618320,593900,509100,1262440
SAADR,SIADL,0,123904,8160,40920,40800,6420,0,54000,3400,25040
CEPDR,SMDDL,391080,913664,430200,576960,847440,1046538,1937280,1489800,1121700,1533360
RMER,RMHR,0,0,0,0,0,5406,7680,1253000,1526200,1695040
AIYR,AVJR,0,32256,6840,0,0,0,0,0,55400,0
ASJR,SIBDR,0,0,0,0,720,0,0,0,0,0
RIPL,RMDDR,0,0,0,0,0,0,0,6800,0,15160
RICL,SIAVL,477360,954112,573720,658560,1229160,902246,2315040,2700500,1458400,2164880
AIYR,AWCL,580080,265984,365400,491160,1908120,1398988,3111120,2426300,2644800,2406000
AVL,IL2DR,0,0,0,0,7440,0,0,191400,114200,83280
AUAR,RIML,0,0,0,0,0,23316,0,0,0,78480
BAGL,IL2VR,71880,87808,180000,35880,202560,226406,164640,37000,24400,37440
OLQDL,SAADL,16200,0,46560,0,0,0,0,0,0,0
ADER,RIML,0,0,0,0,0,0,85200,5800,0,0
PVCR,SAADR,30840,0,0,0,0,0,0,0,0,0
RMFL,URAVL,0,0,0,0,0,47308,0,0,0,3040
FLPL,PVWL,0,0,0,0,0,0,317520,0,20800,0
RIBR,SIBVR,19320,185344,147960,126480,310680,208834,302640,342800,338400,381440
CEPVR,RMDVL,89400,258304,104760,90240,124680,237557,498480,683600,269500,148320
PVR,SMDDR,0,0,0,0,0,0,0,0,0,2720
AFDR,IL2DR,0,1536,0,0,0,0,0,200,0,128400
SIBDR,SMDVL,54480,76800,67680,317040,64680,87859,205680,112800,158500,114960
IL2DR,RMER,76080,256256,138720,309360,359400,281487,865680,293600,700200,860040
RMHL,SMDDR,0,0,0,367920,164640,626841,1775040,364000,663400,617440
ASEL,PVCL,0,33536,0,0,0,0,0,0,0,0
RMHL,SIBDR,0,0,0,200160,330000,64542,210480,1001600,126000,458600
ADLL,OLLL,19920,78848,73920,114480,64440,237895,182160,216600,84000,249240
AVBR,PVR,58680,96256,343800,237480,1226880,2027,2301600,1004200,1537000,2122800
RMDR,SAADR,43920,5120,0,0,1440,0,8160,67800,0,43640
AVBR,SMDVL,0,25088,45960,0,87720,43929,392400,0,93600,0
SMBDR,SMDDL,0,0,0,0,840,0,0,0,0,0
RIVR,SMBVL,0,43776,6960,1560,3120,61163,817440,156400,165800,302800
PVPL,SIBVR,840,0,0,0,0,0,6720,0,0,0
ASIL,URBL,0,0,0,18600,0,0,0,0,0,14040
ADAL,OLQDL,37200,122880,11160,9960,106320,2027,111120,1300,0,80
RMDVR,RMGR,373560,770816,843000,146880,1001400,1306398,1222320,983800,1190100,1431680
ASJR,RMDDL,120,0,0,0,0,0,0,0,0,0
RIPL,URBL,0,0,0,0,16440,0,720,0,6500,69200
RICR,SIAVL,112920,119040,277080,38520,577080,155443,384960,1482800,368200,270680
RIPR,URAVR,627840,877312,843120,790920,2314920,2614487,3526080,1592900,1865000,1763760
RMDVL,RMDVR,995160,1353984,927120,568200,2442240,1750425,2292480,2110200,1521900,1562880
IL1VR,IL2R,0,0,0,83280,29040,1689,87840,54000,157400,280
RIAL,RMDR,981960,1817344,1215960,1464000,2663520,3559649,5253360,4404400,3919600,4310800
RIFL,RMGL,460080,1061888,738960,769320,1288920,1124597,1632240,1060600,893500,798080
ADLR,SMDVR,0,0,0,0,4680,0,0,0,0,0
ADER,ALMR,0,0,0,30000,75360,226068,1528800,449400,628600,321400
SDQL,SDQR,0,0,0,0,0,2186004,6188160,4620200,4070200,2093760
BWM-VR05,URYVR,0,0,0,1320,5880,174704,190800,0,0,0
AINR,AVM,0,0,0,69480,0,0,0,0,0,0
IL2R,RMDVR,0,0,0,34320,0,0,0,0,0,0
AIBL,RICR,102240,0,52800,18360,0,235530,0,449800,0,244920
BWM-VL06,RIAR,3240,0,0,5280,0,0,0,0,0,0
IL1L,RIAR,54240,12544,55800,96000,166320,169297,199440,165600,238800,427760
AVAL,FLPL,188640,473344,672960,3720,397680,221337,1252320,74500,1465400,498720
CEPVL,RMER,0,0,0,0,0,0,1200,0,16500,0
AVBL,IL2VL,0,0,0,0,0,0,0,0,0,77320
CEPVL,RIBL,86640,177664,78480,52680,379800,302100,1551360,396300,504800,547120
AIMR,IL1DR,0,7680,16560,8640,19800,62853,65520,83000,13200,0
AVHR,URADR,18960,42496,0,32400,0,38184,7440,136000,103100,189040
AVKL,PVPR,146160,302336,0,86760,0,0,222720,92600,181600,165840
DVC,RMER,0,145152,0,78840,50160,548782,4560,0,170200,259600
DVC,RIBL,240600,273408,425880,276120,898920,740044,1313040,2720900,2949600,2197760
IL2VR,PVCR,0,0,0,0,0,0,0,25000,100000,0
AVDR,URXL,0,84224,84120,1080,123120,63528,0,42000,0,0
RIGR,SIBVR,83760,125440,245040,278400,52680,586967,431040,12600,638000,691000
RIFR,SDQR,0,0,0,89280,64800,139560,75840,376600,145600,134360
RMGL,SAAVR,68880,55296,44400,74400,44160,176394,846960,65800,2600,61440
AVER,RIAL,33960,88832,28680,45000,264240,89548,102720,264600,0,110480
CEPVR,RICR,411960,387328,407880,266640,1131360,1084385,1583760,2873600,1710200,1013320
AUAR,AWBL,0,0,0,17280,0,0,1680,0,0,0
IL1R,IL1VR,113400,174336,228480,298560,554880,986726,1164720,139600,474800,135120
AVBL,RIVL,9240,12800,20280,5640,0,0,191280,195000,25500,71120
AWBR,RMFR,0,0,0,0,0,0,8880,0,0,0
AIZR,RIAL,0,0,0,0,485160,10137,0,0,0,0
BWM-VL02,IL1L,225600,484352,368400,96000,632880,686315,948240,151000,122400,133760
RMDVL,RMDVL,12840,0,0,0,0,0,0,0,0,0
PVWL,RMHL,0,0,0,0,0,0,2640,0,109200,0
FLPL,SAADL,33840,0,0,0,0,0,0,0,0,0
IL2VL,SMBVL,7920,0,0,0,0,0,0,0,195200,16160
ADAR,URXR,80760,271360,216840,310320,706200,1583155,4595040,1606100,689800,904960
AUAL,SIBDL,88800,128256,74880,151920,207120,161863,184800,173700,130000,191680
BWM-DL02,SIBVL,0,256,0,0,0,0,0,0,0,0
AIBL,RIPL,0,0,0,0,0,0,0,210700,357700,398520
ALA,AWAR,0,18944,0,0,0,0,88080,38800,100,195760
BWM-DR02,BWM-DR07,0,0,0,0,0,0,0,125400,0,0
IL2DR,SIBVR,0,43008,22320,6120,0,0,0,0,0,3520
BWM-DL04,RIFL,0,0,0,3000,0,0,0,0,0,0
AVDL,PVQL,0,0,10320,0,0,0,0,0,0,0
ADLR,AINR,0,0,0,0,109200,0,0,0,0,0
AVBR,BDUL,49440,38400,1440,33720,281040,53391,59040,0,0,0
AVER,SIAVR,4440,0,0,0,41040,124692,56880,0,13600,0
AWBL,RIBL,115320,416256,134040,91800,309360,426455,729120,370400,396000,744640
BWM-VR03,RMHR,0,0,0,5880,0,0,0,0,0,0
AIZR,SIAVR,6240,0,0,240,13440,0,0,0,0,0
AFDL,AIYL,1837320,2365440,1257000,2804640,4356480,6339041,9176880,5740900,8075000,6208280
AVBL,RIMR,123600,222464,354120,466920,703680,709632,1613280,745400,900600,1157600
AVBL,SMBVR,4800,10496,124080,0,101160,4730,0,0,32600,0
BAGL,RIH,89040,227840,107640,6240,575160,1624381,557760,736400,151000,634760
AVBL,IL1DL,0,0,0,0,0,0,22800,0,0,0
BWM-DL02,OLLL,0,0,1560,12240,0,0,0,0,0,0
SIAVL,SMDDR,25440,14080,2040,3840,0,8785,0,67400,47000,25040
AVEL,SAAVL,62400,116224,0,40080,43200,0,12720,88600,600,145760
IL1DR,IL2R,123600,25600,3480,11880,480,96645,268080,122500,0,0
ASJL,RIPL,0,0,0,0,0,0,0,13600,175300,140480
AVDR,OLQVL,61680,50944,25200,78120,59280,62515,103440,23300,96700,107440
ADFL,SIBDL,0,193536,120,0,86160,0,276000,0,357200,0
IL1DL,SMBDR,9120,2048,91920,0,0,0,0,458300,276100,422040
AVBL,RMGL,53880,71680,45960,85800,103680,230123,770400,316500,207500,0
PVPL,SIADL,0,2816,92160,7680,0,0,2160,116400,5800,202600
AWBR,URBR,0,0,1800,0,0,0,0,0,0,320
AIAR,OLLR,0,0,0,0,2640,0,0,0,0,0
ALML,AVAL,0,13568,0,0,66960,12165,0,6100,0,0
BWM-DR06,RMDDL,5520,41472,0,209400,244320,902584,1025040,128700,93800,75040
AVDL,RIR,46440,0,42480,35280,37320,0,0,0,0,129480
AVER,URYVL,647040,680960,607560,558240,1221840,1338839,2939280,617300,1409600,944320
RMEL,SMDDR,0,0,0,0,0,0,0,0,31000,0
ADER,PVCL,49800,192256,83400,0,195240,177408,304800,0,0,0
AVFR,RIH,0,0,0,0,0,0,0,0,1000,0
OLLL,RIS,17040,80896,0,0,229440,23316,442080,0,600,160
RIAR,RIML,3600,0,0,0,0,0,0,0,0,2400
SIAVL,SMDVR,176400,606976,363720,130080,1230360,965775,2178480,730800,708200,957760
CEPVL,SIBVR,6120,39680,79080,73320,340680,96983,176160,16800,109000,75240
AVAL,IL1L,0,77312,0,45600,5880,0,0,0,12400,320
ASHL,SDQL,0,0,0,0,720,0,0,0,0,0
AVAR,PVR,0,0,40320,0,0,0,0,0,0,0
ASJL,AVJL,0,1024,23640,12960,18120,57784,39600,169200,86500,108480
AVBL,SIBDR,65400,364544,69240,306120,281520,307507,1292400,405900,465000,311520
ADLL,AWCL,630480,1214208,686040,872040,1312440,1417574,3048000,1069800,1601500,621680
RIVR,RMDR,0,156160,628560,747960,1448400,893460,1599840,1374100,1522000,1485760
AVJL,FLPR,46200,173056,65400,81240,160440,0,417120,0,0,0
RMEL,SMDVR,0,0,0,0,0,0,0,66600,178400,113120
DVC,SIBVR,0,0,0,0,238200,0,0,0,0,0
RIAR,SDQR,0,0,0,69240,0,354140,447600,264000,785600,461120
RIH,URXR,31080,105984,258960,199320,330600,537630,294960,1410800,1292800,1204360
RIVL,SDQL,0,0,0,0,0,0,71760,97200,320600,238640
RMGR,SAADR,220800,301824,223440,74160,564000,225054,642480,247600,137800,79040
RMDL,URXR,0,0,0,4440,6600,0,0,1600,46000,0
AVBR,PVWL,0,0,0,0,0,0,610080,302000,544600,477000
AVER,RIBR,74640,520960,178680,263520,531960,475115,822720,507800,439700,604160
URXL,URYDL,305640,879872,410160,277800,1658520,1087088,1628880,56900,169500,490560
RIGL,URXL,146040,81152,199080,842760,640440,1332080,2390880,475600,1224400,775200
BWM-DL06,PVT,37440,0,0,0,0,0,0,0,0,0
AVEL,SMDDL,141960,317952,358800,415080,429840,463964,1291680,1083100,725500,726640
ASER,AWBL,55440,13568,29040,24360,8160,92252,0,46900,422000,101120
AVL,IL2DL,0,0,0,0,0,0,99600,72800,19900,116920
BWM-VL01,RMDVL,137160,106496,309360,23160,60000,45957,60480,165000,32600,258000
AIZR,RIBR,644040,905984,650040,841440,2131200,2294814,3017040,2124200,2167600,2217040
OLQDL,PVCR,0,0,0,1800,0,0,0,0,0,0
BWM-DL06,CEPDL,307440,485888,345480,459960,1795920,784650,596400,500000,566000,403360
ADFR,AVER,0,0,0,0,0,52715,0,0,77500,0
OLQVL,RMER,0,2304,0,0,0,0,0,0,0,0
FLPL,RIH,1139640,1245184,1296600,0,1481280,1544632,3894240,76800,0,595360
OLQVL,RIBL,80280,207360,201480,163440,364440,380160,625920,600000,841600,547200
ALMR,SIAVR,0,0,0,8400,0,0,0,0,0,0
RMHR,SMBVL,0,0,0,120,5280,173690,48000,40000,10600,233480
IL2L,OLLL,719160,1271040,918240,820560,1899960,2026168,2200080,2039600,2291600,2654440
AUAL,IL1DL,42360,96000,45600,107160,120120,86845,119280,113900,151300,238840
ADER,SMBDR,360,0,0,60000,138960,714024,585360,115200,0,56320
BWM-DR04,BWM-DR07,0,0,0,0,0,0,0,370500,0,0
ADLR,ASJR,66600,187136,13560,69720,10920,2703,1200,0,0,0
AWAR,BAGL,0,2560,0,0,33480,11151,0,0,0,0
BDUL,RID,167640,104960,67200,190200,368520,0,1037520,0,0,4840
ADLL,AIAR,960,58880,0,0,5280,40212,0,27900,54000,0
SIBDR,URBR,116040,294144,208080,318360,586440,67246,1473120,373600,289600,368480
ASGR,RMGR,0,0,0,0,0,0,13440,0,0,0
BDUR,PVR,1006320,1384448,853560,317400,168240,347043,49680,54900,46600,25200
AFDL,SIBDR,0,0,0,0,0,0,0,0,59400,0
AVAL,BWM-DR07,0,0,4320,0,0,0,0,0,0,0
IL1L,SDQL,0,0,0,0,0,130099,271920,32200,92300,204440
OLLL,OLQVL,183360,114432,46680,290040,669480,507555,1035120,1265800,1505800,1319040
PVCR,URXR,0,0,0,9720,75600,0,0,99000,0,0
IL2DL,URYDL,488040,552192,488640,408840,1140480,983009,923280,1979800,1307200,2221840
ASJL,RIPR,0,0,0,0,0,0,0,0,0,13360
ADAL,AIZR,0,107520,0,0,0,0,0,21000,0,0
AVEL,PVPL,0,0,0,0,2160,0,0,0,0,0
ASHR,SIAVR,283200,57600,204960,0,0,0,0,0,0,0
AVBR,URBR,0,5376,0,28080,49320,0,72240,472400,441300,426880
BAGL,IL1VR,84360,94976,90480,0,0,79411,0,0,0,0
RIBL,SAADR,0,33536,0,21360,0,0,621120,0,176000,0
ADFL,HSNR,0,0,0,0,0,0,75120,0,0,0
CEPVR,RIPR,88200,177152,132360,7320,209400,650496,183120,270400,277600,404280
RMDDL,SMBVR,100560,110080,144360,130080,373680,313251,168960,0,191400,131880
RMDDR,RMFL,0,0,0,0,0,0,0,1800,11400,0
AQR,OLQDR,0,0,0,0,720,0,0,0,0,0
RICL,URXL,69360,46848,97440,40080,263280,518031,1258800,278600,369800,775800
AVEL,RIR,70200,145152,239160,32280,177600,180111,154320,0,1050800,10360
BWM-DR07,SMDDL,0,0,0,111360,196800,0,198480,0,77500,0
AIAL,AWAR,0,76288,0,5880,0,94617,35040,49200,93100,3800
RMDR,SIBVL,537600,631040,431400,558840,1363680,1658511,1764720,1576800,1808300,1546440
RMDDL,RMGL,1800,75264,0,40920,100920,31426,0,0,0,0
AUAR,AVM,0,0,0,76200,163440,7096,0,0,0,0
AVM,SAADR,0,0,0,0,10200,0,23040,0,0,0
SIBDL,URXR,59280,41216,4560,17760,92760,86507,14400,170000,104400,147840
ADER,AVM,0,0,0,0,853800,523100,252000,0,0,0
HSNR,PVWL,0,0,0,0,0,0,306000,0,0,0
ADAL,SIBVL,244560,464640,252240,248400,611280,402800,818640,336400,803600,550640
AIBL,PLNR,0,0,0,0,0,0,0,1300,0,0
IL1VL,RMFL,0,0,0,0,0,4392,0,3200,0,0
ADAR,AQR,0,0,0,205080,171000,530196,1479840,805200,380000,469680
AVAL,AVER,0,67584,0,0,0,0,21120,0,800,0
AVJR,PVR,376920,217088,178440,387600,392040,14530,1936560,0,146300,109520
RIPR,RMEV,27720,112128,152400,95880,188160,340285,446880,218500,237000,181480
AFDR,AVAR,0,0,0,0,600,0,0,0,9600,2000
RMDDL,SMDDR,3960,75008,240,0,2520,0,0,800,0,0
AVBL,RICL,45120,0,72000,101400,279480,522086,232320,1262200,1948600,1296400
RMDDL,SIBDR,0,81408,67200,0,0,0,0,0,0,0
AVER,IL1R,179160,183552,109560,100920,384720,172677,289920,109400,422600,219800
AVKL,SIBDL,0,0,0,1440,0,0,0,167000,0,0
BWM-VR08,SAADR,0,0,0,0,0,4392,10320,7400,0,0
RICR,RIS,1560,137728,86400,155640,284040,241274,198720,938700,240200,227280
AIML,AVEL,0,141056,114720,84360,213840,3379,117840,316200,453000,497080
BWM-DL01,SMBDL,0,22272,0,0,0,0,0,0,0,0
AVBR,SAADL,0,1024,0,0,0,0,0,0,0,0
BWM-DL06,RMEL,54720,0,0,0,0,0,0,0,0,0
AIZL,AWCL,42960,58368,173760,110640,416040,483225,445920,624400,511200,309280
IL1VR,OLLL,0,0,0,0,63600,0,43200,64400,0,0
AIZR,IL1R,0,0,0,0,10560,0,0,0,0,0
RMGL,SAADR,125040,183040,68160,343320,574320,719431,1106160,1022800,643200,626560
RIH,URAVL,77880,87296,127200,97440,154080,278446,913680,115300,374600,448360
ADAL,OLLL,0,3328,0,0,79320,0,0,0,83200,0
ASEL,HSNR,0,0,0,0,0,0,17280,0,0,0
ASHR,RIBR,0,0,0,3960,0,0,0,2800,0,0
AVKR,DVC,932280,2967296,2265360,1262880,2702160,3607633,5869680,2171600,2846000,3492000
ASEL,AVHR,2280,8704,0,122280,55320,0,0,0,0,0
ADFR,HSNL,0,0,0,0,0,0,83040,0,0,0
OLQVR,RIH,1176000,1729536,516480,2704200,1725960,3309926,4219920,2334800,2061400,3292480
CEPVR,PLNR,0,0,0,0,0,0,74400,161200,247300,315280
FLPL,PVCR,95160,14336,0,517680,324720,963747,705840,0,370800,162720
BWM-VR04,RIAL,0,4864,0,7200,0,0,15360,8900,0,0
SAADR,SAAVR,74160,51968,122640,30000,49920,26019,10320,0,23400,16480
CEPDL,SIAVL,0,0,0,0,0,0,0,43000,0,0
OLQVL,SIBVR,69240,18944,39480,36600,35520,90562,57360,0,88800,92160
DVA,PVCL,43560,27904,175320,263640,1240440,721459,2075280,105600,278600,967000
BWM-DL06,RMDL,10920,165120,156000,91080,78840,40888,115920,143600,149300,90480
AFDL,AINR,1475160,2192384,1076640,1469880,3756120,3900610,7055280,2843200,6054200,4208560
PVWR,SMBDR,0,0,0,0,0,0,0,0,0,178000
AVHL,OLQDR,0,0,0,0,14040,0,0,0,0,0
IL1R,URXR,90120,214272,61560,75720,462960,513976,126480,880200,317200,191120
OLLL,OLQDL,124200,155904,147240,174840,457920,206131,493920,492400,684800,1659200
AIBL,PVQL,114000,329984,202200,15240,337440,26357,54960,0,0,6080
AVKL,URBL,0,0,0,0,4440,0,0,0,0,0
ADFR,AFDR,130200,916736,468600,230280,2365920,892446,848880,1401400,1431200,1279360
BWM-VL01,RIPL,171600,187904,120600,8400,74640,208834,72960,716100,10600,80
RMER,RMGL,0,0,0,0,0,4055,0,0,0,0
ALNR,SMDVL,0,0,0,0,192480,794112,423360,309800,324900,265040
RID,RIFL,63000,0,0,7800,0,0,0,64800,0,32320
RMHL,SIBVR,0,0,0,320400,22560,273715,613680,1131000,652600,1218320
ADFR,AVJL,0,0,0,0,0,0,18480,808300,222200,283760
SMBVL,SMBVL,0,71936,0,0,13800,0,0,0,0,0
AIMR,AVDR,41160,36864,18480,44520,192600,216268,430800,472600,200700,222440
AINL,ASJL,62280,0,0,5400,0,0,51600,0,18200,16320
BWM-DL03,PVR,6840,27136,0,111720,17280,0,0,46800,0,15000
BWM-VR01,RMEL,70080,0,34320,115080,64080,0,0,27800,50600,97840
BWM-DL03,SMDVL,1560,0,6960,14640,0,146657,64320,0,1800,70400
PVQL,RIFL,341520,452352,586680,445200,1201320,1164472,887520,40800,456800,486720
AQR,PVT,0,0,0,313800,316440,724500,435360,295000,632900,639040
AVJL,PVQR,840,6912,0,34920,130800,50350,439680,0,252000,0
CEPDL,PVWR,0,0,0,0,0,0,0,0,43400,82120
ALMR,IL1R,86520,126208,29400,34680,50640,157808,0,0,0,126560
BWM-DR02,RIPR,100440,48128,34800,67440,135000,100700,211680,0,30200,0
BWM-DR05,RMDDR,7920,0,0,41040,61560,342988,681600,0,239800,153040
ALML,AVBL,6600,277248,165840,33120,678000,630896,1560720,122600,369700,693600
DVA,PLNL,0,0,0,0,0,0,2640,15200,223200,4160
SIBDL,URAVL,5520,34816,2160,19200,0,0,75120,86200,59100,66640
DVA,SMBDR,148920,210944,242640,343320,865080,863047,1018320,1011100,673800,394560
ASJL,AVFR,0,0,0,0,384720,183828,3614880,433400,0,834720
BWM-DL06,RMDR,105240,137728,0,91200,77520,348395,732240,66400,242200,135840
RIML,SIBVL,236400,402176,405960,198840,701160,803911,1400160,370800,878600,590800
AIYR,AVEL,0,5888,0,0,99600,0,175680,0,151400,0
AIBL,RIR,3360,51200,196080,17760,318360,371712,727920,4900,336800,166720
AVAL,HSNL,0,0,0,0,0,0,117360,0,0,0
AWAL,IL2DL,0,0,0,0,0,0,0,0,1600,0
ALA,URXL,84120,30976,50520,25680,96840,190248,221520,212600,15000,152800
BDUR,PVWL,0,0,0,0,0,0,6120000,3108800,3155000,6381280
AVBR,RIH,0,0,88920,0,442200,30412,0,0,393200,0
URXL,URYVL,67440,163328,149040,76080,347400,570746,0,113400,91500,101520
AWAL,RICR,0,0,0,0,0,0,0,17400,0,0
RIFL,SIBVR,0,0,0,21840,0,0,146880,0,0,0
IL1DR,OLLL,0,0,0,65400,14760,11827,33120,0,0,161520
AVBL,RIBL,16800,95232,40200,0,128160,29061,591360,228300,288000,230640
AVKR,RMHL,0,0,0,0,0,0,69600,0,0,0
AIAL,AIMR,22560,0,0,16080,0,0,0,0,0,0
AWBR,PVCR,0,27648,6240,0,0,0,0,22600,0,0
ASKR,AVBR,0,61952,53640,0,0,0,0,0,0,0
AVDR,IL1R,0,0,0,0,0,0,0,0,0,25440
ADFR,RIPR,0,0,0,0,0,0,0,149000,267600,31680
BWM-DL01,RIFL,0,0,0,51720,0,0,0,0,0,0
AIBR,RMEV,74160,33536,71280,333360,557040,162539,455520,258400,513200,127320
AVBR,BWM-DR06,0,0,0,0,0,0,36000,0,0,0
URAVR,URBR,0,0,0,3120,0,0,4800,344800,310300,673720
RMGR,URXR,239400,346368,195600,547800,832680,1403043,2859120,1329400,755800,811560
ADAR,SMBDL,5880,77824,103680,38640,116520,176056,0,21000,231200,1160
AVFR,IL2L,0,0,0,0,240,77045,0,120200,257800,130240
AVAL,AVJL,0,0,0,0,11040,0,2160,0,26700,28960
AVFL,AWBR,0,0,0,0,289800,12840,222720,163900,1115600,101400
SAAVR,SMBVL,228480,199424,321360,372720,909600,918128,1767120,1286400,1286200,1629200
FLPR,RMFL,0,0,0,0,0,47984,0,0,0,0
ASHL,AVDR,7560,109312,82920,372720,471960,1073233,678000,853600,1497000,1109600
ASHR,AWBR,509040,632064,461280,505560,1200840,1007339,1021200,944600,806900,332880
ASJR,OLLR,45600,51456,45240,10080,18720,111513,57120,29800,41200,28800
OLLR,SIAVR,5400,5632,15840,22920,148440,142264,89520,107200,160000,74720
AINR,RIAR,3000,0,0,0,0,0,41760,0,0,0
ASGL,PVQL,0,0,0,0,0,0,67440,0,0,28320
AFDR,SAAVL,0,0,0,0,6840,109486,0,0,74900,0
BWM-VR03,RIVL,0,0,18600,8520,0,0,90480,77000,10400,57640
AINR,ASEL,0,0,6720,32520,364560,66570,783360,662400,201400,229200
AVHL,PVT,0,0,0,83880,0,0,168000,0,146800,0
BDUL,BWM-DL06,0,0,0,480,0,0,720,0,0,0
BWM-DL01,BWM-DL05,29040,99840,4440,121560,32040,59811,110160,21100,92400,6720
AIMR,DVC,0,0,0,0,2520,0,0,0,0,0
AIYL,IL2L,1800,0,0,0,3000,0,0,975800,722200,435840
SAAVL,SIADR,4800,1024,84960,33720,41760,0,147120,7300,10400,5520
ADEL,SDQL,0,0,0,0,251520,151050,991680,80100,78800,101080
AQR,AUAR,0,0,0,0,0,0,175920,0,0,0
ADAL,AVJR,248160,339456,155760,139080,346320,456867,1257360,972200,468800,714000
AIML,RID,149760,91904,206520,0,0,135168,0,585100,55200,206320
BDUR,URBR,0,16640,3960,0,23760,0,0,0,0,0
AVJL,SIADL,0,23296,0,0,0,0,0,0,0,0
BDUL,CEPVL,26160,0,64560,20400,30600,0,81120,254200,127200,202000
RMEV,SMDVL,124440,296448,349680,431400,1202040,1547673,2075280,2380400,2912900,3144160
AFDL,RIBL,0,0,1200,73560,120,10813,135360,61400,82600,0
AWAL,RIPL,0,0,0,0,0,0,0,823600,1536400,818040
ADAL,AWCL,0,0,0,0,0,0,0,146500,0,0
RIS,SMBDR,0,30720,35160,288840,721560,0,401040,0,751400,143480
AVM,BWM-VL08,0,0,0,0,0,0,0,9400,0,0
BWM-VR05,SMDVL,0,0,32520,101760,30960,271349,364320,60200,67600,0
AVKR,CEPDR,0,0,0,0,0,3041,0,0,0,0
ASIR,AVJR,18000,0,0,78600,0,0,324960,219200,153000,336000
RIFR,SIAVR,0,0,0,0,0,0,0,0,9500,0
AVL,SMDDL,1560,73472,54720,120,71640,2027,23040,3400,0,360640
OLLR,URYVL,0,0,0,0,0,0,0,0,0,240
AVJL,DVA,167760,105472,11760,27720,67680,1351,66240,300,0,48240
RMDVR,SMDVL,14040,53248,29760,840,0,62515,84000,0,0,8000
BWM-DR04,RIPR,0,0,0,0,3720,0,7440,0,12200,0
ADLR,OLLR,47640,91136,59400,43680,130080,182814,110160,172400,116800,219200
RIBL,SIBVL,53280,169216,135600,89640,180480,370698,816720,271200,404800,325440
AIMR,AIYR,9240,0,0,148080,188280,50012,494880,11200,345400,301200
IL2R,SMDDL,3840,1024,0,7080,0,0,0,0,0,11320
AIZL,AUAR,29640,48640,0,0,49080,123002,45120,25200,14300,8160
ASKR,BDUL,0,0,0,0,0,0,0,0,16300,0
SIAVL,SIBVR,406560,352768,196560,325920,1139880,222689,1384320,1020700,1436100,569560
AVHR,RID,124200,55040,0,54600,770160,319334,0,158000,492200,41600
AVDL,SDQR,0,0,0,52320,269760,117258,0,0,0,74800
BAGL,URXR,0,95488,31680,102240,202440,66908,127680,6200,20200,48160
AVKR,BAGR,0,0,0,0,0,0,0,52800,0,0
PVPL,SAAVR,6720,0,0,4080,0,0,65760,0,0,0
BWM-VR03,SMBVR,146040,42496,100560,95760,484440,323389,316800,540600,343400,530080
ADLR,SIADL,0,0,4680,2640,0,0,0,0,0,17320
AVM,SIBVL,0,0,0,112200,973200,808304,1864320,243800,0,524840
AIBR,AVFL,0,0,0,0,1080,0,0,0,0,0
OLLR,RIBR,332640,660480,600240,498360,1106520,1078978,2511360,1626100,2077000,1506240
RMDL,SMBDL,0,10496,0,0,10440,0,0,0,0,0
AVBR,PVCR,201360,756480,412920,1420800,1791240,1660876,5127120,3179800,3643000,2811200
ADAR,ADER,115800,312320,299640,495600,311880,388270,520320,0,1288900,742720
SMBDL,URXL,0,0,0,0,113880,13854,0,0,0,0
BDUR,SAADL,0,47872,0,0,0,0,0,0,21400,0
ALML,ASJL,11040,15360,18600,0,10440,14530,432960,0,0,69520
ADLR,DVA,0,0,0,0,90240,0,0,0,0,0
AVFR,URXR,0,0,0,0,54360,89210,167280,241200,84200,89160
BWM-VR04,IL1R,0,0,29280,68880,28080,93265,69120,0,0,240
RMDDL,RMER,3360,0,1200,10680,1680,3041,200160,0,120000,25760
SIAVR,SIBDL,13080,44288,23160,38880,48720,98672,174960,84400,51500,50240
PLNR,SMDDR,0,0,0,0,0,0,1680,231200,126700,140320
AVBL,SIBVR,38160,124416,82200,136800,392280,557568,1680480,552200,431800,683600
AWCR,URADL,0,1024,0,0,0,20275,0,0,12500,24120
SAADL,URYDL,0,0,90600,960,63120,0,0,0,0,0
PVCR,RIGR,43440,0,0,0,0,0,0,0,0,0
AIAL,URYDL,5760,0,0,0,0,0,0,13600,49000,0
AIBR,RMHR,0,0,0,67440,63720,0,0,0,0,0
PVCL,SDQL,0,0,0,0,0,2703,0,0,0,0
SAADR,SAADR,24000,0,0,0,26160,0,26400,0,0,0
AIML,SIADR,27120,33024,27000,66960,140880,186869,0,277600,141400,102240
BWM-VR03,SIBDR,0,0,0,0,0,0,65280,0,16700,0
PVWR,URBL,0,0,0,0,0,0,0,0,0,74240
ASGR,BAGL,0,0,0,3240,0,1689,22080,49100,11800,0
AIAL,URXL,0,26112,37680,96720,18000,91238,210720,0,0,0
RMGL,SIBVL,3000,317184,238800,366480,955200,582236,1888080,1101400,912400,725120
AVL,RIR,131280,0,176880,464160,372360,531548,927600,838100,122200,447600
ADFR,ASIR,0,2048,0,26280,0,0,16320,0,30400,68560
AVHL,CEPVR,0,0,0,61200,0,0,0,0,0,129440
ALML,SIAVL,0,0,79440,0,0,0,0,0,0,0
AVKL,URYVR,0,256,11880,0,0,0,0,0,17400,640
BWM-DL04,SMBDR,74520,162048,129960,45600,503640,348395,443280,384900,431800,397440
SIADL,SMDDR,62160,71936,3840,0,0,0,0,106400,5700,0
ASGL,ASIL,88320,750080,118920,787320,1570560,1400678,3940560,5884300,8860800,4948480
IL2R,RIR,0,0,0,0,0,0,0,1073900,622200,791640
ASER,RIBR,34560,0,0,0,115560,157808,0,69400,8000,0
AFDR,RIR,0,0,62280,57240,204840,6082,24000,117600,531900,312320
PVPR,SMBDR,0,0,0,0,304200,0,0,0,0,0
ADFR,AVFR,0,0,0,0,0,0,0,67600,164000,62160
SIADL,SMDVR,347880,884736,494520,944160,1299240,1351342,3150000,1128300,1166500,1599480
AVEL,RIML,144120,477440,506280,453600,871200,1017477,1983120,817600,584200,1175040
AVAL,PLNR,0,0,0,0,0,0,2160,0,0,13920
AVAR,RIH,8760,413696,37440,0,4200,1689,72000,0,1000,17440
AVAL,AVAL,0,22272,0,0,0,0,0,0,0,0
AIML,AIZL,0,44544,35160,33360,130680,49336,672480,1179000,661700,719840
CEPDL,RIS,188040,685312,381600,297240,962520,758292,1737360,1397100,1032400,1542160
RMDDR,URXL,0,0,0,0,10800,0,0,47800,0,0
DVA,URBL,24360,0,0,1440,295320,200386,394560,0,2000,3040
ALNR,URBR,0,0,0,0,34920,57108,123120,6800,150200,49480
CEPDR,SMBDR,0,0,12480,104160,0,33116,0,61000,129500,3840
ADLL,AVEL,10200,0,0,1560,0,26695,0,0,0,720
AIAL,AIBL,1416480,2776064,1323000,2328960,4256640,5270876,11610720,4470200,5923500,4300400
AVEL,SDQR,0,0,0,0,0,0,0,0,510800,0
RMDR,SMBDL,3480,0,18960,0,391440,27033,5760,0,0,0
HSNL,URXR,0,0,0,0,0,0,422880,0,0,0
IL2DR,SAAVR,0,0,0,0,0,0,0,168000,173100,410720
AUAR,AWBR,68520,141056,100680,78360,33360,310548,1676400,90500,42600,166000
AINR,IL1DR,15240,28928,14160,12120,56400,59473,94560,95400,72300,117480
RIR,SMDDL,0,0,0,32400,0,0,0,0,0,0
AVKR,FLPL,74400,0,209400,0,0,2703,3360,0,11000,0
ALML,PVWR,0,0,0,0,0,0,0,6100,224600,2022200
AIBL,RMFL,0,0,0,0,0,790732,1939680,432700,210800,4720
BWM-VL06,RMFR,0,0,0,0,0,0,87360,107600,24600,81840
AFDR,AVHL,0,7424,84840,0,53400,0,0,0,0,0
ASKR,URBR,0,0,0,0,0,4055,65520,0,500,28760
AWCR,RIFR,0,0,0,20160,0,0,0,0,0,0
IL1VL,URXL,41160,54272,83880,13080,146160,278446,0,0,0,0
DVC,IL2VR,0,56064,49680,68040,60240,88535,184320,975300,1051800,1485440
PLNL,RMFR,0,0,0,0,0,0,0,312800,636000,181440
ALML,BWM-VL02,5160,0,0,0,0,0,0,0,0,0
IL1VR,URADR,0,0,0,0,0,0,0,75000,6400,22240
RIVL,RMED,0,0,0,0,0,0,26400,73100,155100,132640
IL1R,SMDDL,4320,14080,1800,0,0,0,0,0,0,184560
PVT,URBL,9240,13056,91320,0,16200,0,0,5700,0,95840
BDUR,RIH,10440,0,0,0,0,0,0,0,0,0
BDUL,SIBDR,0,0,39000,0,0,0,0,0,0,0
AIMR,CEPDR,0,0,24000,0,5640,117258,70560,287700,44400,0
PLNL,RIGL,0,0,0,0,0,0,94080,980600,0,668760
AWCL,OLQDL,27000,8704,38520,24360,58560,15544,91680,5100,52800,360
AVJL,PVWR,0,0,0,0,0,0,0,460900,1734000,896160
BWM-DR01,URADR,329520,978688,579240,681840,1372680,2289070,1982880,2311400,1875200,2846240
RIVR,URADL,0,0,0,20520,0,0,0,0,0,0
RMDDL,SIBVR,188280,370688,254880,569640,155160,416655,1143120,793600,554300,682720
BWM-DL01,RMEV,167160,468736,245880,217080,608760,321361,712080,672200,379600,401040
AINL,SAAVR,67560,14848,13440,25800,10920,11489,19680,0,26700,8440
RIAR,RIBR,990240,1238784,970200,669840,1539120,2109296,2068320,2592000,1741200,2090320
ALNR,SAADL,0,0,0,31560,457080,152064,350640,317500,368200,218840
AQR,AVDL,0,0,0,296400,772560,82114,796080,0,449400,359720
AVAL,AVFR,0,0,0,0,0,0,0,0,400600,0
OLQDR,RIAR,0,0,0,0,37800,6082,0,0,0,0
PVR,PVWR,0,0,0,0,0,0,0,4200,123700,3784480
BWM-VL03,SMDVL,4200,0,0,0,13080,43591,58080,5400,12200,40800
BWM-VR03,RICL,44760,0,0,0,0,0,0,0,0,0
AUAL,BAGL,68160,56832,19800,98280,117000,459233,344160,661200,484200,854320
AWCL,IL2R,6960,66560,0,60960,35280,53391,107760,135400,0,91680
BDUR,BWM-DR06,0,0,0,0,0,0,71520,0,0,0
CEPVR,RMFL,0,0,0,0,0,0,314160,375800,625000,361680
RIPR,SIBDL,0,0,0,0,0,0,0,34400,0,0
AIBR,AIZL,363840,1028608,471600,1206240,1755240,2724648,4560240,3333600,1892800,2265040
ASHL,RMHL,0,0,0,75720,0,0,0,0,0,0
BWM-DR06,PVR,0,0,0,0,0,0,501120,40200,49400,12000
AINL,RIS,5760,0,0,128040,0,0,0,0,0,0
RIVL,RMHL,0,0,0,264840,357360,236544,210240,180300,2800,5800
AUAR,RIAR,345960,572928,761760,492720,1186440,1244559,2522880,1212400,1697800,1441760
RMED,RMEL,871560,1521920,1209120,1236240,2072400,2051850,5279520,2671500,2635500,2951200
AIZL,AVDL,16800,33792,0,30720,0,73666,281520,80600,17400,47480
ADER,RIAR,0,0,0,7080,48000,260874,331680,89400,10300,76240
RIGR,RIH,448080,250368,175200,196560,263040,260536,890640,313600,220800,547040
OLQVR,URXR,41400,50688,31440,96840,179640,117596,225600,142500,168000,175760
AVER,PVT,0,0,480,34440,0,0,19680,0,0,0
AVJR,RIH,0,468480,0,0,0,0,0,133100,18600,0
AIYR,AIZL,56160,6656,18720,0,81360,112865,5760,0,64000,204240
SMDDR,URXL,55800,78592,840,63840,1320,15544,136800,0,55400,2680
AVDR,OLQDR,58080,56064,21360,33480,149400,58460,6960,0,39200,0
RMFR,URYDL,0,0,0,0,0,0,5040,3900,5600,70000
RIBR,SAADR,0,0,0,0,0,0,0,0,26100,0
PVCR,RIFL,4440,0,0,43680,0,0,0,0,0,0
ASGR,SMDVL,0,0,0,0,85920,0,6000,0,0,0
AVJR,BWM-DR06,0,0,0,120,0,0,3120,0,0,0
ASER,AWBR,888720,1153024,394080,685320,1709160,949893,1161360,766600,1402100,1381600
AVDL,URYDL,117000,132096,64200,44760,159240,149360,269040,370100,399200,329000
BWM-DL04,RMDDR,341040,587520,749400,544800,1916760,1716295,3372000,2116900,1129400,1722000
AIZL,AVEL,671040,1522688,462840,1320840,1573320,1536184,3740400,2222600,1770000,1773760
AWAL,PVQL,334920,289280,521880,556200,482760,371712,1404000,416800,939000,350720
BWM-VR05,RMED,0,0,4320,0,0,127733,579600,900,40000,3400
AIYL,AQR,0,0,0,0,28560,0,0,356100,613300,360320
RMDVR,URBR,3360,0,0,5160,0,0,0,0,0,0
AIZR,SMBVL,40200,216832,9960,0,269160,0,105120,807800,94100,405800
IL2VL,RIVR,0,0,0,0,37920,4730,26160,0,0,50120
SAADL,SIAVR,1680,0,8160,0,9120,6758,0,0,0,0
PLNL,SAADL,0,0,0,0,0,0,2745600,2224800,2061600,1572920
OLQDL,SMDDL,3240,0,0,0,0,0,0,0,0,0
AIBL,AVL,126240,68352,502080,0,958440,803911,1725840,18600,331700,498840
AIBL,SDQR,0,0,0,2280,0,58798,1449360,0,6300,245680
ADEL,AVDR,105600,0,57480,21720,125400,26019,34800,0,0,173840
BDUR,PVCR,38280,400384,257760,217680,223320,14868,240480,0,0,0
ASGR,AVBR,0,0,44040,3600,12360,0,240,186400,0,66640
BDUL,RICL,0,0,0,79680,0,70963,0,0,0,0
ADER,ADLR,0,0,0,0,135600,0,0,0,0,1520
ALA,IL1R,66840,17152,30480,30960,87240,21964,14640,54400,313200,238560
AVBR,IL2DL,0,0,0,0,0,0,0,0,10000,677600
AWAL,RIR,15360,0,0,2160,0,0,118560,276600,218200,124240
SAAVL,SMBVR,210480,412672,267000,341040,977040,1102632,1119840,1171400,1147600,1144920
IL1DL,IL1DR,18960,0,10800,0,0,88872,0,25800,13800,31520
BWM-DL04,URBL,62520,163328,252720,198840,277200,0,0,0,0,0
RMEV,SAADL,0,0,0,0,144960,0,0,0,0,0
RMDVL,RMFL,0,0,0,0,0,128409,216480,128000,165800,203000
RMFL,SMBDR,0,0,0,0,0,666716,0,0,0,0
BWM-VR05,SAADL,0,0,0,0,0,0,0,0,0,8000
AIMR,FLPL,0,0,0,0,0,0,0,0,134600,8400
ADLL,RID,0,0,0,0,0,0,0,7500,0,0
CEPVL,RIH,678720,1024512,1201080,236280,1347720,1845719,2977920,1669100,2994500,4232160
BWM-DR08,RMDDL,0,0,0,0,0,4730,61920,0,0,0
CEPDL,OLQDL,52560,342784,584760,284520,1074840,1100943,2502480,1343400,824500,1210320
ALNR,BWM-DR06,0,0,0,0,0,5068,17280,0,0,45280
RMDVR,SAADL,303600,468224,284280,169200,473040,677529,342000,414700,396200,557320
PVQR,RICR,14400,12032,36480,0,0,0,0,0,35700,0
DVC,RIH,0,178432,199080,21000,38640,244316,208080,1510200,2084000,1242920
BWM-DL05,RMHR,0,0,0,0,0,11151,0,0,0,0
SAADR,SIBVL,109080,236544,88080,12720,103560,105768,350880,207800,177200,130960
AVJR,PVCR,644760,133120,0,530280,0,494376,437040,17600,0,403120
BWM-DL02,RMEV,0,0,2520,0,0,0,0,0,0,0
SIAVR,URYVR,0,0,5400,1200,10560,0,0,0,0,8400
DVA,URYVR,44280,42496,14760,136680,82680,57784,233760,437200,42200,188240
AVER,RMEL,0,33280,15600,21600,360,54405,253920,32400,170000,67800
SAAVL,SMDDR,1176960,2038784,1886640,1556400,4560120,5056972,6802560,6110800,6394600,6262800
RID,SMBDR,0,0,0,2640,0,0,0,0,0,0
SAAVL,SIBDR,133680,244224,97560,155400,174360,347381,622800,100200,374000,220000
RIBL,RIGR,0,0,0,0,0,11151,0,0,0,0
AIBR,SIBDL,19680,0,12360,25440,155640,15882,6240,163200,102000,149240
ADAR,ASER,0,0,1200,0,0,0,0,0,27600,85240
AUAL,SMDVL,13920,0,47400,0,72240,13516,1200,170500,54100,0
IL1DR,URAVR,0,0,0,0,0,2027,0,147000,63500,441960
FLPL,SAAVL,0,0,0,5400,0,0,0,0,0,0
AVM,RIGR,0,0,0,0,0,165918,0,0,0,0
AIBL,AIML,7920,18176,50040,0,6600,31088,0,571600,592800,1048560
IL2DR,SAADR,0,0,0,0,14040,0,0,108200,0,0
AVFR,AWAL,0,0,0,0,360120,249722,20880,143600,217800,839520
RIML,URAVR,0,0,0,0,0,0,0,0,0,54280
AVHR,RIVL,2040,0,0,0,0,0,0,0,0,0
AVJL,SAAVR,0,0,11160,0,0,0,0,0,0,0
BWM-DR02,BWM-VR02,488640,924672,639720,557160,2696400,2466478,5516640,7937300,5554900,5439440
AUAR,IL1DR,27120,86016,30960,92520,61560,143616,86160,163400,85400,206280
ADER,IL1DR,0,0,0,0,0,0,126240,3300,0,0
AVFL,SMBVL,0,0,0,31320,17040,65894,677040,100200,512100,468400
AIBR,IL2VL,46920,96000,64560,63240,104760,143278,146640,91400,17500,166400
ADFR,AUAL,0,0,72120,87480,0,0,0,13100,391200,263920
BWM-VL01,BWM-VL06,0,0,0,0,0,0,0,10000,221800,0
PVT,URYVR,128400,0,136800,139440,281880,163553,245520,659500,522500,345800
RIBL,SMBDL,6240,0,16800,0,185640,1689,194640,23600,21400,0
ADEL,DVC,258720,455168,62640,569400,18720,0,13440,0,264100,0
AIML,IL1DL,20520,22784,25680,15960,31800,48322,53760,10000,39800,41080
AWBL,RIH,0,0,0,0,0,0,0,0,15400,0
ADLL,SIADR,840,0,27000,0,600,4392,0,0,0,0
PVQR,RIPL,0,0,0,0,0,0,0,0,0,90640
DVA,RIAR,0,0,0,3120,0,74004,465600,206400,193600,2240
AVJL,RIS,109560,253440,281040,347040,1048320,646778,473760,96700,254800,322400
AVM,SMBDL,0,0,0,0,0,486942,0,0,0,0
BWM-DL06,URADL,4440,0,0,0,0,0,0,0,36200,0
AIML,RMGL,456600,448768,152640,569640,926640,1117501,2964480,1311800,914200,1159280
AIYL,RIGR,0,0,31200,0,0,67921,0,44900,227600,128560
AINL,OLQDL,40320,0,17280,39360,40800,86845,97920,4000,159400,192560
HSNR,RICR,0,0,0,0,0,0,88800,0,0,0
ADLR,SAAVR,6000,0,146400,4680,0,0,10800,43900,7000,8880
PVR,RIS,0,0,86760,0,0,71976,0,38800,153400,0
ADEL,ALNL,0,0,0,158760,467520,719769,1183200,414200,44600,562720
AIBR,RIVL,15240,99328,25560,18720,713640,0,0,300500,0,37920
BAGR,SIAVL,0,0,0,600,0,0,0,0,2800,6360
BWM-DL03,PVCR,0,0,0,5040,0,0,0,0,0,0
AVDR,URADR,49920,70144,27960,12360,156120,37509,0,0,0,0
ASGR,PVWL,0,0,0,0,0,0,1680,0,0,0
AVL,RIML,146760,166912,960,0,36240,159498,19920,23600,29300,0
BWM-DR07,SMBDR,0,0,6480,0,0,8448,0,0,0,0
AIML,SIBDR,23400,43264,35280,47520,76440,155781,167760,125600,392800,155040
CEPVL,IL1VR,0,0,0,0,0,0,0,0,643400,0
ALMR,BWM-DR02,4560,0,36240,0,0,0,0,0,0,0
AVHR,RMGL,0,0,0,0,20520,0,0,0,11600,0
ADFR,AWAR,357480,782080,606840,186120,2018880,1942702,3625440,1803300,2213800,2277280
AIYL,SMBDL,0,0,99600,4440,438840,282163,0,286400,1000,0
AVER,RMDR,105000,208128,155400,327840,291240,344678,1614960,540600,396400,557920
AWAR,PVCR,0,0,0,0,0,0,0,15200,0,0
BWM-VR07,OLQVR,0,0,0,0,1200,0,0,0,0,0
ALNL,AVHL,0,0,0,0,4680,0,0,0,0,0
RIPR,RMGR,0,0,0,0,0,0,0,28400,341800,422760
PLNR,SIBVR,0,0,0,0,0,0,0,0,130000,0
RMFR,SIAVR,0,0,0,0,320880,0,80880,0,236600,102960
ADLL,AIZL,0,0,8040,0,5640,2703,960,0,0,0
DVC,IL1VR,0,50688,20880,48840,3360,186193,72240,2400,31600,48800
RMGL,SMBDL,0,134144,233520,138000,0,87521,1350480,3600,222800,97520
AIZL,RID,82320,227840,26880,49080,65400,378132,167040,895700,394800,285840
AVL,SDQR,0,0,0,0,0,44267,0,0,50600,64200
BWM-DR04,RMFL,0,0,0,0,0,0,460080,655800,299200,715240
BWM-DL02,RMHR,0,0,0,0,0,265267,359040,590400,497200,370000
ALML,OLQVL,31560,0,9360,0,0,124354,0,0,0,0
AVDL,SIAVR,0,15872,2280,10440,65880,199034,123120,0,0,0
AVHR,SMDDR,0,0,1680,0,0,0,0,0,0,0
RIPL,RMED,175920,217088,195480,146160,195240,384215,389760,224700,317100,206160
IL2R,SDQR,0,0,0,0,0,0,0,0,0,24640
BWM-DR03,SMBDL,103320,189440,181080,140160,305640,361574,188880,824600,726900,620440
AVHR,SIBDR,0,58368,0,0,0,0,0,0,0,0
AINR,AVDR,73200,107776,104640,134520,193200,246343,5520,153900,539400,1760
SIADL,SIBVR,25560,39424,87240,120000,326520,109824,580320,319800,874000,627200
AVAL,RMFL,0,0,0,0,0,790732,81600,0,0,16320
BWM-VR01,RIVR,480,0,0,0,0,0,0,0,0,1040
AIBR,IL1DL,0,0,0,0,13200,0,0,0,0,9840
FLPL,PVPL,54480,0,0,0,0,18247,51120,0,0,157440
ASKR,IL2DR,0,0,0,6360,0,0,0,0,0,3520
RMFR,URYVL,0,0,0,0,0,1351,260880,90200,0,198080
AIBR,RMGL,99120,60672,376560,169560,198480,372725,870240,168200,131600,507120
AWCL,OLLL,39240,0,0,21600,4920,141250,215040,0,0,55040
ADAR,PVPR,274920,235776,176400,111480,789720,273039,293040,12400,948200,376880
ASGL,AWBL,0,0,0,20040,0,0,9840,0,0,0
AIYL,AVKR,0,0,0,0,185400,0,0,0,0,0
RIMR,URXR,0,0,0,2280,9960,0,0,60300,0,0
BWM-DL02,BWM-VL04,13080,44800,278640,101280,388320,804587,515280,538200,61000,83280
BWM-DR04,BWM-VR02,0,0,33600,90480,3000,138547,1494000,141600,37900,322880
AIYR,RIMR,77640,116480,288720,37920,788640,835676,139680,505000,258400,599120
RMER,SMDVL,0,0,0,0,0,0,0,65300,52400,10520
AIYR,SMBVR,136680,387072,118800,43920,461160,207144,300480,239600,352600,317760
AVAR,URXR,11640,127488,0,74640,0,1351,40560,45800,0,82560
ADEL,AVKL,55800,105984,0,409440,218160,192952,4800,0,262900,631000
AIBL,URYDL,480,0,0,0,0,0,0,0,10500,0
ADAR,PVCL,0,0,0,0,0,20275,0,0,0,0
RIBR,URXR,43560,238592,308280,300480,1072080,150374,611760,100400,38400,668640
AVKR,HSNL,0,0,0,0,0,0,3840,0,0,0
ADEL,RMHL,0,0,0,160680,0,0,0,0,128900,0
BWM-VL07,RMDVL,0,0,0,0,0,35819,0,0,3000,0
ADAL,RMEV,0,0,0,0,0,0,387840,0,0,0
SMDVR,URBR,84840,3840,72120,5040,60000,9123,10800,66200,226200,0
AVHL,RID,0,0,0,0,0,0,0,0,6000,0
ADFL,BDUL,0,0,0,0,0,0,0,14600,0,0
AVDL,RIBR,53040,198400,93240,0,150360,199710,0,142800,257600,258000
BWM-VR08,URAVR,50760,0,0,0,0,0,0,0,0,0
PVPL,SIBVL,5520,12288,840,28800,0,0,0,206600,0,0
ALMR,RMDR,6960,0,0,0,0,0,0,1700,0,0
FLPR,SIAVR,26280,0,77760,144240,0,0,183360,151800,0,432400
AVBL,IL2VR,0,0,0,6240,0,0,0,119400,165700,25200
AIYR,SIBDR,128400,229376,177000,20520,177720,254115,334800,435600,299600,325960
IL2L,RID,0,0,0,0,0,0,4560,0,0,0
PVWR,SDQL,0,0,0,0,0,0,0,334800,379800,911200
BDUR,BWM-DL01,0,0,0,22080,0,0,0,0,0,0
BWM-DL07,RIAL,0,0,0,17280,0,10813,0,0,700,0
AVFR,RIFL,0,0,0,138120,887880,1700413,2264880,876000,1211200,46240
IL2DL,PVT,0,0,0,0,0,63866,87360,112800,94000,73840
AIML,RICL,19920,0,90360,106680,319800,315617,984000,297600,478000,134480
BDUL,SIBVR,182280,371712,174720,123360,128280,85493,29760,6600,0,36120
SDQR,SIAVR,0,0,0,393480,1879680,253102,610080,494000,244100,99400
AQR,URYDR,0,0,0,0,30960,0,0,0,0,0
AVKL,SMDVL,167400,226304,62520,259200,482400,368332,1446720,659000,702300,709120
AIMR,AVER,208680,154880,101040,113400,287640,268984,240960,174100,234100,251800
AIAR,URXR,28920,35584,38880,30600,45720,23992,110400,0,0,5200
ASJL,URXL,21480,66816,39840,71760,169200,35819,202800,0,100600,207280
AFDR,AWBL,0,0,0,0,0,0,0,0,136200,10160
IL2VR,RIML,0,0,0,0,0,0,0,0,0,26040
AIZL,AIZL,0,0,0,0,0,0,0,0,36100,0
AVBR,SAAVL,36720,34304,18480,31560,0,0,264480,44400,170600,57560
AIYL,RIFL,97560,162048,135360,11520,240480,143616,58560,91800,157900,77040
BWM-VL08,RMHR,0,0,0,1680,0,0,0,0,0,0
PVQL,URBL,28200,0,0,0,0,22302,0,0,0,0
BWM-DL04,RIAR,0,0,0,960,0,0,2400,0,0,0
BWM-VR02,RMDDR,119040,200448,238080,77160,450960,303452,167280,250000,234100,414160
AVHR,RICL,0,115456,0,0,330120,408883,31920,0,0,79560
ADAL,ADFL,0,49920,16560,224520,250800,112527,857760,135200,655200,203520
AWBR,PVPL,0,0,0,16320,0,0,0,0,0,0
SDQR,URYVL,0,0,0,0,0,0,19200,0,0,0
RIR,SDQR,0,0,0,0,0,91238,131520,62400,179200,0
ALA,OLQDR,42840,50944,11760,24480,4560,116920,93120,150200,96400,41280
BWM-DL01,RMDDR,178920,690944,410040,251880,383160,388270,523440,1235400,1365800,801840
DVA,SDQL,0,0,0,0,0,1531791,126000,925400,97200,0
PVPR,RIAR,0,0,0,0,6840,0,408720,0,0,1760
AWBR,RIR,46800,33024,8040,201600,80640,132126,232080,50000,0,0
BWM-VR04,RMEL,0,0,0,99600,81120,750520,959760,257000,629800,232400
SAAVR,URYDR,5760,90880,17520,7440,6360,61163,112320,123000,169200,112560
BWM-VL06,RMDVR,31560,21504,0,79800,422520,737003,1704960,216200,89400,205520
AQR,RIVR,0,0,0,0,57840,25681,122640,0,106800,39120
SDQL,SMBVL,0,0,0,0,0,0,40080,0,0,0
AVAL,AVL,0,0,405360,96720,2880,14530,0,0,0,41360
ADAL,AVFL,0,0,0,89160,137880,60487,567600,66400,302300,166160
AVJL,OLQDL,26760,24064,23400,25680,48840,79749,64560,16000,0,0
PLNL,RMDVR,0,0,0,0,0,0,786720,1090500,1484800,803600
ADFL,RIGL,0,0,0,25200,158040,332513,377040,0,0,0
SIBDR,SMDDL,28320,40960,18480,1440,45000,0,480,0,33600,13920
RIGR,URXR,333720,335616,342240,765480,697200,1229015,2550480,520100,904300,912080
AINR,AIYR,67920,55552,103320,87960,291360,359884,650640,84400,301200,112880
AVJR,URXR,26880,27904,12960,25920,63480,30412,51120,251200,103200,42000
RICL,URADR,19920,77056,19560,30720,95280,39874,19920,0,99600,121600
RIVL,RMDVL,235200,408832,367800,84120,395160,739031,992880,847800,525200,789280
CEPDR,RIAR,137760,906752,852840,590640,1086000,1393582,1571520,567000,970200,1434080
AVJL,IL2R,0,0,0,0,0,0,0,0,8600,23960
AVBR,SMDDL,1920,0,32040,12840,0,0,0,0,9800,0
PVR,SAADR,0,121856,0,0,0,0,0,0,0,0
URBR,URXR,140400,503808,216240,237840,2137200,2057256,2546640,1041900,18200,116960
AVEL,RIBR,502080,1317120,821760,640920,2178120,2509056,2755200,2245400,2708000,3166800
DVC,IL2L,0,0,0,0,0,0,0,690500,401400,476520
BWM-VR04,RMDL,41160,250368,323640,182280,439320,703211,784560,740300,237600,467440
HSNL,RIFL,0,0,0,0,0,0,1372560,0,0,0
AVAR,URAVL,0,0,0,6240,0,0,0,33600,15900,400
IL1DR,RMEV,153000,101632,44040,55320,178800,239247,114240,400600,170600,260240
ADAL,RMHR,0,0,0,23160,139680,0,6000,0,0,0
CEPDL,OLLL,125280,382464,426240,720600,357960,1419264,2333280,1599400,1541600,1236400
IL2DR,SIBVL,0,0,0,0,0,0,0,0,92800,34560
RMHL,SAADR,0,0,0,164520,88080,55756,183120,48200,0,44240
BWM-VR05,RMDVR,86040,221184,0,138840,712680,631234,449040,343700,272400,21200
RIML,RMEV,487560,70912,49080,0,40680,203089,294240,202300,846400,504080
ASER,CEPDL,0,21504,0,0,0,0,0,0,0,0
ADAR,ASKR,48720,105216,87840,161760,152400,120975,374160,79800,147200,131920
BWM-DR08,SIBVR,0,25856,62040,42000,137160,104079,95760,0,52100,3400
AINL,AIZR,0,0,1320,0,34920,17233,0,73000,39200,54640
AVHL,URYDR,0,0,0,0,0,0,0,286400,0,0
ASEL,RMFR,0,0,0,0,0,0,0,0,4400,58720
BWM-DL08,RMDDR,0,0,0,10200,43800,157470,83520,0,0,0
RIH,SMBDR,253920,0,216480,0,244680,182814,1032480,0,0,17680
BWM-VR03,PVR,15600,0,0,0,50640,0,0,8600,0,0
ASER,SMBVL,0,0,0,0,0,0,0,0,400,0
ADAL,BWM-VL04,0,0,0,0,4680,0,0,0,0,0
RMDVL,URYDL,235320,692224,1101720,1090920,2053800,2644224,3835680,675400,794400,1441520
IL2DL,RMEL,85920,154624,121200,461280,371280,503162,1290720,273800,646400,573440
AIBL,RIAL,4680,0,0,0,0,0,0,0,0,0
AIMR,HSNL,0,0,0,0,0,0,901920,0,0,0
BWM-DL05,RIVL,25440,0,0,1200,0,0,0,0,7600,0
AVBR,PVPL,968760,1666560,1004040,1065120,971520,1286799,4486320,905000,2628200,1947360
BWM-VR04,RMDR,301200,481280,557520,474840,141480,910356,1160160,78000,215400,509360
AINL,OLQVR,0,4352,0,0,33600,7096,0,0,0,480
AQR,RIFR,0,0,0,0,0,0,0,124200,0,76400
RIS,SDQL,0,0,0,0,0,0,136800,233600,672600,509520
AWBL,IL2L,0,0,16680,0,0,0,0,500,0,0
RIFL,SAADR,107400,63232,0,0,8280,0,0,0,0,0
OLLR,RMEL,148680,222976,255000,15840,155520,128747,13440,0,0,0
PVQR,RIR,14640,0,0,0,0,0,0,0,0,0
SAADR,SMBDL,9720,31744,9840,0,16560,35481,10800,73100,0,6600
AUAR,AVDR,56040,26112,10320,0,63720,0,0,73500,77200,0
AVBL,RIH,720,0,0,0,384240,0,0,403200,384300,0
ADER,AVDR,11520,0,0,119040,376320,80087,548160,0,647800,36520
IL1VR,SIADR,32160,60160,23520,12000,82200,72314,104880,83600,64000,45840
AVDR,AVEL,241440,691456,302160,174600,756240,1341880,1354560,341400,842200,863240
BAGR,RIS,7080,0,0,0,0,0,32160,0,0,0
BWM-DL08,URBL,6960,0,1800,85200,0,0,0,0,0,0
AIBL,SIAVR,6960,4864,6000,36720,174600,93603,275280,107800,33100,12880
ADLL,IL1DL,52920,18688,5040,32520,38400,64880,61440,119700,13000,840
CEPVR,RIAL,77760,110592,155280,147120,242040,13854,376800,86800,132000,14800
ADEL,FLPL,151680,430848,555480,0,435960,211875,1659360,396900,703000,590560
DVC,URXR,0,107520,2880,6000,7560,2027,2880,134000,118000,115920
ADLL,RMGL,38280,308224,51120,15600,79800,212551,42720,208200,291400,228240
AIMR,AVJL,0,32000,0,114600,7080,0,108720,724500,381000,655280
SAAVL,SIBVR,12960,0,1440,28800,0,0,646320,27600,63000,0
AQR,IL1VL,0,0,0,0,0,0,181680,0,0,0
HSNR,PVQL,0,0,0,0,0,0,586560,0,0,0
SIBDL,SMBDR,61440,454400,156720,180480,373560,654213,789120,287300,632800,528640
AWCR,PVQR,0,0,480,0,1800,0,0,0,0,0
RMER,URBR,0,0,0,13800,0,0,6720,361500,601000,163280
AVBR,AVHL,244680,311040,335040,139320,762480,1236787,1399920,804000,1662800,493120
BWM-VR01,SMDVR,16080,76032,0,2040,12480,0,0,0,26200,25280
AVKL,RMFR,0,0,0,0,600,3112243,4903200,2317200,2021200,2011000
RIAR,SMBVL,14160,0,0,0,146760,13516,36960,165300,70400,375840
RIBL,RMEV,354960,482048,452760,1206360,1339440,1522667,2400960,1173600,1295200,1290400
SIBVL,URAVR,42360,19968,7560,20280,0,26019,52560,40400,52400,39320
ADLL,SIBDR,2040,6656,30240,9960,29400,0,28800,0,0,9320
CEPVR,SIAVR,64920,0,2520,39360,228840,110499,218640,411300,124900,488720
AINR,CEPDR,11400,59136,7080,45720,48960,89210,24960,13500,73200,0
AVKL,RIGL,384000,519680,376200,872760,1057320,875550,1144560,517800,2534200,1974120
RMED,URYDR,117720,405504,519480,926880,891720,703549,2200560,389300,211600,585200
RIML,RMHR,0,0,0,3600,98520,37171,0,0,10000,0
ADAL,AIZL,11280,26368,0,116760,7320,0,12720,19600,0,23120
AWAL,AWBL,772800,1552384,1081440,2248440,3092040,3822888,6243120,5653800,4772200,4276320
BWM-DL05,SMDDR,47520,360704,137400,39360,289440,234854,720960,278100,234800,557840
ASHL,HSNL,0,0,0,0,0,0,2484480,0,0,0
BWM-VR06,SAADR,0,0,0,0,79680,53729,94560,2100,0,27920
ASEL,ASGR,0,0,0,0,0,23992,0,11000,0,0
AIBL,RIBR,178320,375552,197880,562800,702960,531548,1874880,1340900,532800,1300800
ALA,URADR,0,0,0,1560,0,5406,3360,8000,0,146000
CEPDR,IL1DR,359160,390144,916080,513840,778440,1688924,1404960,493500,646400,251280
HSNR,RIR,0,0,0,0,0,0,39360,0,0,0
AINR,BAGR,334320,464640,740160,1236000,1113480,1067827,4688400,1590000,1082000,1728400
ASKR,AVAR,0,0,0,0,0,1689,0,0,0,0
OLLR,RMDR,38640,22528,120960,123720,211080,256481,760560,0,44400,185360
AVHL,RIFR,120720,175616,203520,97920,487560,708956,1097520,2560600,386700,1188680
BAGR,OLQVL,156840,164352,16800,83400,0,1351,35760,88600,42200,79520
RIMR,SMDDL,884280,1403136,895200,1940880,1944480,2983157,5551680,2324700,3384600,3288160
SAADR,URAVR,0,0,13680,4440,0,0,0,0,24200,34760
AIMR,RIPR,0,0,0,0,0,0,0,47200,261000,134840
ASKL,IL1L,0,0,0,0,12480,23654,14400,0,0,0
SIAVR,SMDVL,292440,425984,283680,506040,1172400,1254696,1276560,544500,1010700,871200
AUAR,DVC,0,0,0,0,0,0,0,0,0,265040
ADER,DVC,124080,0,125160,19920,77880,0,1680,55500,0,0
AVKL,RMED,26160,5888,314640,30120,60720,295680,0,0,0,258320
AVFL,CEPDR,0,0,0,0,0,0,0,0,0,65360
ASHL,AVJL,53280,79360,73320,12960,113400,142940,54720,584400,948200,414880
IL2VR,SMBDR,0,2048,11160,5760,120,4055,6960,0,82300,0
AVBL,IL1VR,0,0,0,0,0,0,0,0,16500,24200
RIFR,RMDR,0,0,0,4080,0,0,0,0,0,0
BWM-DL05,RMDDL,7320,0,0,29520,300240,329809,642960,87400,304800,29920
AVDR,AWCR,14280,0,0,0,0,0,5280,0,0,0
FLPL,RIML,0,0,30720,0,21720,92928,0,258000,234300,330160
BWM-DR05,PVWL,0,0,0,0,0,0,0,9900,0,0
BWM-VL02,OLQVL,0,0,0,960,0,0,960,0,0,0
AIYL,ASER,484320,1181696,555120,634440,3076920,2071787,3634560,2608600,4324800,2469680
IL1R,SMBDR,0,0,0,0,0,7434,0,0,0,0
RIBR,RIGR,73440,122880,247800,163440,193320,188221,900720,257200,307000,329840
ADAR,HSNR,0,0,0,0,0,0,99600,0,0,0
AVAL,URXL,0,8704,240,2040,24480,0,0,30000,77800,142720
BWM-VL04,RMHR,0,0,0,47640,0,298721,169440,115800,73800,59680
CEPVL,URAVL,126480,330496,175320,185280,268320,612986,795840,1095100,681500,853680
RIPL,RMDVR,480,0,0,3360,2640,0,0,0,60600,30880
AIZL,RIMR,0,0,0,0,9480,544389,57600,0,0,0
AIAL,ALA,0,2048,0,0,0,0,0,606500,442300,253240
SIADR,URXL,27720,121856,56280,54600,55560,1013,0,81800,52200,174000
AIZL,SMBVR,4200,0,66360,0,53520,353126,797520,28400,305400,170160
ASIR,ASKR,94080,189952,151080,91080,505800,624814,652320,381200,269800,1260400
AVHR,SIBVR,0,0,0,0,0,159498,76560,0,0,0
ADEL,IL1L,0,0,0,151080,502800,1417236,1132320,1025200,1379000,1080160
ADER,AIYR,0,0,0,0,0,0,57600,0,0,0
DVC,URAVL,1200,0,14520,99240,222840,46970,344640,380800,109000,292920
BWM-DL02,BWM-DL04,813360,1745920,1388400,1330200,6600960,6497863,12712560,5983000,7757300,7264280
AIZL,RMGL,0,0,0,0,47040,0,0,0,0,0
BWM-DL02,IL1DL,56640,61952,67440,185040,403200,220661,484800,304400,231000,330680
OLQDR,RMED,36720,186880,108720,105840,134640,215930,293280,2509600,170200,196680
OLQVL,SIBVL,7920,0,5880,8040,19440,0,46080,0,105200,13760
AVKL,SAADL,6360,63232,30120,2160,528360,25006,305520,0,0,0
BWM-DL02,RMGL,0,0,0,0,0,22302,0,0,34400,9240
AQR,SMDVR,0,0,0,0,48360,38522,0,0,0,12080
ASJR,URXR,38280,35584,48960,51360,179280,158822,0,171100,180800,135720
AVJL,SIBVL,83640,34816,73800,18360,0,17571,503040,44800,0,920
RMDVL,SIAVR,454440,761856,572760,287760,1536000,1277675,834720,1318800,1626400,1194640
RMDL,URBL,33000,87808,21360,9840,52800,4392,22080,874200,1016600,1000240
ADLR,AIZR,0,0,0,6360,14160,5744,20160,0,0,0
AVJL,OLQVR,14400,40192,9360,6480,32520,12503,30720,97600,144600,34080
AIZL,SIBDR,64200,1536,0,19680,309480,295342,439200,143900,139200,6800
ALML,OLLL,5160,0,0,0,0,0,0,0,0,0
IL2L,RIVL,18240,2048,62160,0,108360,1013,113280,271200,222000,311400
ASHL,RIPR,0,0,0,0,0,0,0,0,21500,18200
AVER,URYDR,3480,103936,57480,73560,186840,103403,139920,503600,425100,54560
BWM-DL05,RICL,6720,0,0,0,18480,21626,0,2000,0,720
PVR,SIBVL,212880,443136,162360,37560,775440,147333,1157280,634200,222800,483600
AINL,AVJR,0,0,0,0,0,0,0,0,0,85520
AIBL,IL1R,0,0,44520,0,0,0,0,0,0,76640
AVDR,RID,421080,1282304,291480,878640,2337840,2362398,4142640,2740600,3026600,2131560
PVPL,SMBDL,0,0,0,1440,150720,0,29520,100800,0,321200
AWAL,URYDL,0,0,4320,0,2040,0,0,0,37600,0
AIZR,URYDR,0,25088,0,0,0,39874,0,84600,66800,55840
RMDR,SIBDL,178800,556032,526320,429720,1016640,1189478,1169040,1789400,1975600,1577360
BWM-DR05,RMED,51240,109568,119040,38160,0,375767,206160,292400,265700,159400
ASIL,RMDVL,8280,0,0,0,0,0,0,0,0,0
SMBDL,URADR,45480,105216,99840,61560,21000,0,0,0,0,17240
OLQDR,RMHL,0,0,0,0,0,4055,0,166400,0,0
RMHL,URXR,0,0,0,0,149280,29399,52560,66500,0,0
AVJL,OLLL,62040,93440,28800,0,0,0,0,110200,400,104240
BAGR,OLQDL,20520,0,480,600,240,40550,140880,800,800,24000
RMDVL,URYVL,0,0,1080,0,30360,0,0,0,0,0
SAAVR,SMDVR,465000,702720,406080,820080,1493640,2134978,5403360,1149500,2339800,3659600
ADAL,SIBDL,191280,241408,227760,244800,770040,424427,229200,59000,613600,412960
RIAL,SIAVL,45960,119040,23760,32280,177840,126044,198000,204600,245900,139920
AVL,URYVL,190920,229120,76800,263520,328080,145305,317280,222400,255300,288720
AUAR,AVKL,0,0,0,0,0,0,0,0,0,197200
BWM-DR07,RIAR,0,0,0,0,16080,0,0,0,0,0
ADER,AVKL,94440,202496,16800,0,209160,260874,47520,58700,464600,18280
AVM,PVPR,0,0,0,0,269040,18923,240,1400,132400,99760
BWM-VR03,IL2VR,0,0,0,0,0,52039,0,0,0,0
RIAR,RMDR,479400,1168384,894360,1022040,1862280,2619893,5019840,4410000,4674000,4174560
AVER,RIVR,60000,173824,114960,47280,137640,135843,300960,131700,166200,117440
AVJR,AWAL,0,0,0,0,0,0,0,514100,250200,276360
BAGR,IL2R,60960,0,26640,0,79320,51025,104160,0,21600,0
ADER,RMHL,0,0,0,0,216360,747479,1296000,2084000,1093400,1322080
AIMR,ASIR,0,9472,0,180000,0,175718,56400,0,64200,0
CEPVR,IL1R,0,0,0,0,0,40888,13680,192200,216400,90160
BAGL,PVCL,0,0,0,0,0,5068,0,0,0,0
AIZR,RIVR,0,0,4200,0,0,0,0,0,0,0
AIBR,BAGL,2040,0,20040,7080,39840,0,46800,0,0,240
AFDL,AIBR,0,0,0,0,0,87183,0,0,0,0
ADAL,IL2VL,43080,37632,19320,7680,71760,21288,78000,123600,103600,184240
ADFL,ASHL,137400,724736,457560,460080,1054200,1053634,702480,674300,1153600,1600600
ALNR,SAAVL,0,0,0,0,0,37171,0,0,0,8880
IL2L,RMGL,114600,199168,98400,95280,393360,548444,512880,37700,86200,92800
IL1VL,PVT,29880,21504,44160,17040,118800,78397,196800,154000,103700,51720
AVL,RIBR,142080,190720,247800,257160,362760,405841,1229760,428600,208200,447720
AIMR,AVFR,0,0,0,0,611880,1047889,2071920,1109600,1022900,523120
SMDVL,URADL,0,0,0,0,0,0,0,407100,729200,658040
AVHL,SMDDR,0,0,1440,0,37320,0,240,0,0,1360
IL2R,RIBR,44520,124160,55560,0,90240,69949,0,273400,665600,1245360
ADEL,AVER,0,0,0,241560,0,15206,0,238200,0,0
AIYL,PVPR,0,0,0,0,7920,0,0,0,0,0
SIBDL,URBL,39480,413696,106680,13440,223320,586291,457920,0,727600,409920
AFDR,RIBR,0,49920,0,27240,40440,0,0,0,274000,920
IL2DR,RIGR,60960,0,0,0,480,101038,62880,612000,540800,615640
AIYR,BAGL,272760,1381120,778560,708720,1339200,1885593,2652960,1066600,950800,972960
ASHL,AVAL,135600,114432,71040,267840,421800,735651,2776320,903100,2765100,813200
IL2L,SMDDR,12840,0,0,0,0,0,0,0,0,0
AVHL,SMDVR,0,0,0,0,0,0,0,128800,0,0
AVJR,PVPL,164880,235008,78960,67440,516120,22978,233280,189600,246200,3760
ASKR,SAAVL,3240,27648,25800,0,72360,70287,6480,95200,93900,60000
IL1VR,RIVL,0,0,0,0,0,0,43920,0,0,0
IL2L,SIBDR,8160,0,0,0,0,0,0,0,0,1760
RMDDR,URADR,240,0,34440,1680,47040,0,0,93200,0,15120
BWM-VR03,BWM-VR05,885840,0,829080,1488600,3347160,5377320,14056080,3722600,5994400,3640480
ADAL,RIVL,29640,53248,20160,36360,198120,70287,717600,173900,113800,141280
ALMR,URYDR,0,16640,1440,5160,0,0,0,0,0,0
ALNL,SMBDR,0,0,0,417240,575400,1219891,1586400,1044400,1787100,971440
AIYL,PVCL,19920,84480,38520,0,0,0,0,0,0,16960
BWM-VL08,RMGL,0,212224,0,486720,291600,1498675,858720,1392400,0,928040
OLLL,RMHR,0,0,0,0,0,5744,124560,3200,375600,306000
ALNR,SMDDL,0,0,0,343200,377400,1251317,2001840,820000,1685500,1824960
AUAR,CEPDR,78600,100352,124800,28680,0,102051,173040,249200,150200,120
ASIL,IL2DL,8880,17152,0,24480,28320,87859,62160,75800,9400,5520
AVAR,RIFL,0,5632,0,134400,5520,0,556800,0,0,50320
ADER,CEPDR,0,0,0,0,53400,62515,169200,167600,32100,5440
RMFL,SDQL,0,0,0,0,0,0,102480,0,0,13200
IL2DR,SMBDL,480,58368,18840,82200,0,0,0,3200,0,49440
AIZL,RICL,39360,66560,17880,81480,224520,0,779040,0,456800,306400
BWM-DL03,SMDDL,4200,107264,62760,0,0,1689,0,191100,30600,87600
DVA,RMFR,0,0,0,0,0,10813,1353840,0,222000,0
ASEL,ASHL,375000,804352,366240,202320,961080,958341,2048160,900000,504600,243840
SMBDR,SMBVL,29520,212736,77880,0,1744080,129761,44400,250100,304100,162480
ADAR,URYVR,135720,55296,31920,98280,222360,108810,331200,127000,188000,88960
AVM,PLNL,0,0,0,0,0,0,0,0,0,190920
DVA,RIGL,19320,55808,0,0,0,0,11520,0,97500,15760
AWAR,SMDDL,0,0,12120,0,0,0,0,0,0,0
ALA,AVDL,29280,45312,15360,44640,20400,66232,114240,37100,0,184160
AVER,CEPVL,211080,360192,60840,471000,796920,524451,1710960,1091200,1189500,1155800
ASHR,URYDR,12000,6144,2040,0,11160,0,0,0,77600,7600
AUAR,BAGR,93960,72448,66000,165360,39120,264929,92400,814200,516400,597280
ASKR,SMDDL,0,0,0,0,10440,23654,0,0,0,0
AVER,RIFR,26520,83712,21480,23520,127080,129761,95040,132200,116800,107120
IL1VR,RIMR,0,0,15000,0,0,0,0,0,0,0
AIML,PVR,0,0,0,0,1320,0,0,0,0,0
ALMR,RIVR,0,69120,0,0,0,0,0,0,0,0
IL1VR,SMBVR,34200,24832,126480,5160,96000,0,49680,421800,108400,381920
AINR,IL1L,20880,27904,0,9240,85320,0,57600,104800,12000,18640
ADAR,BDUR,69960,420352,134160,0,0,30412,86160,0,215800,160
AIZR,RIFR,0,0,0,17160,41520,162539,36960,198200,226900,294560
RID,SDQL,0,0,0,0,188880,946176,669120,146200,254400,222480
ASEL,IL2DR,4440,0,720,0,7800,0,0,0,42300,37520
RMDDR,RMEL,480,0,53160,3960,0,0,451200,1300,0,0
ASKL,HSNL,0,0,0,0,0,0,2470080,0,0,0
AVBR,RIML,134040,439808,250080,354600,438720,358195,3379200,886400,2258100,1779680
RMHL,URAVL,0,0,0,0,3240,0,94320,0,0,0
ASKR,AWAL,0,0,0,5040,4320,0,0,0,0,0
DVC,RIGR,63000,1470720,1486080,2112480,2548440,1471979,6614640,3498200,3307000,3660320
ASHL,AVFR,0,0,0,83280,487800,543713,15600,218900,191400,218320
SIBVR,URXL,0,0,0,0,3000,0,0,33200,0,46080
RIML,SIBDL,249240,592128,199680,639480,986760,1137100,2039520,964000,742700,690560
PVT,RMFR,0,0,0,0,527880,3155496,4032720,4047600,2022800,2931280
SIAVL,SIBVL,554640,600320,560520,417960,1567680,2295152,2129280,1865600,2260200,1805760
PVT,RIGL,635640,1161728,486360,561360,837360,1194547,2946000,1979400,2023300,2201600
IL2VL,SIADL,9960,66816,12120,14280,41520,24330,53520,0,240200,45400
RMED,SMDDR,296880,324352,633720,137400,1790280,1196236,1132320,2710600,3733600,3224160
SIAVR,URBR,74160,143104,277320,124680,118800,170311,527760,173400,200500,30160
ALA,AVEL,141240,137472,82560,264120,457440,399759,933360,145200,424800,725520
AFDL,IL2L,11160,0,15720,67800,130080,0,24240,298700,520900,506800
ALML,AVJR,0,9984,339600,99720,301560,569733,529920,337300,0,166560
AWAL,RIAL,0,0,0,0,0,0,0,0,2400,0
IL1VR,SMDDR,6480,29184,0,16920,0,8785,0,10800,204300,52640
AQR,FLPR,0,0,0,82440,281040,1013,77280,50200,66800,0
IL1VR,SIBDR,42120,38656,30720,5280,33240,65556,58320,38800,134300,67200
RMEL,SIBVL,0,0,0,0,0,0,0,17000,0,0
AVDL,CEPDL,55560,29952,53760,6600,105600,46295,55200,22000,9800,142080
IL1VL,RMEL,464520,645632,588840,873480,724800,1145886,3026880,1610200,1444200,1653280
AVFR,AVM,0,0,0,0,0,76707,20160,0,0,0
AVER,IL1VL,3120,22016,0,0,0,337,48240,0,0,0
OLLL,SIADR,9240,104704,0,0,0,1351,0,44700,0,0
RMDDR,RMDL,570120,868608,942480,696720,1110600,967464,1083840,1307600,1465200,847560
RIVR,SIAVL,254040,247552,303720,511200,553080,1535170,2647440,1288100,1505400,1398920
FLPL,SMBDR,35760,0,0,20040,29400,0,343200,0,345900,0
RICL,RMHR,0,0,0,540480,1635240,1148590,2918400,2095800,1979300,1608720
RMED,SMDVR,12720,84224,140640,168840,62160,259184,67680,418000,793100,373600
ADEL,HSNL,0,0,0,0,0,0,449280,0,0,0
RICL,RID,274440,847872,436200,369960,967080,175718,869520,1744600,3936200,2598960
AVFL,IL1L,0,0,0,0,0,0,170400,0,0,20160
ASKL,AVJL,0,1280,0,0,0,0,201600,281800,0,328080
AVJL,AVJR,119160,289024,188400,348840,345960,874536,937680,300400,101800,251600
BWM-DR07,IL1DR,0,0,0,0,0,0,0,4500,0,0
PLNL,SMDDL,0,0,0,0,0,0,383040,56400,3800,190160
RMDVR,SAAVL,0,0,45120,0,0,0,0,0,0,0
PVWL,URXL,0,0,0,0,0,0,0,0,0,2080
AVBL,URXR,27840,121344,216720,0,50640,14530,49920,0,0,0
AVJL,AWCL,360,0,0,0,0,0,0,49600,0,106040
IL2L,RICL,63600,31232,56640,23160,0,148684,107280,0,8800,59160
RMDL,URYVR,0,0,0,0,0,0,13920,0,0,0
ASEL,RMDVR,1920,0,12720,0,0,0,0,0,0,0
AIBR,SMDVL,173040,200960,195480,304560,474960,321699,968640,702500,942600,420160
RIML,RIVL,553200,657664,1057080,450840,1144560,1769687,1334160,742700,707700,817720
PVT,RMED,127920,277760,256560,451080,558840,537630,803760,840200,379800,478560
AQR,RIBL,0,0,0,0,1680,19937,0,0,0,0
AFDR,AWBR,332280,58624,171840,48960,230760,361912,993120,575200,378400,683840
BWM-DR02,BWM-DR03,0,0,0,0,21360,53729,443040,21200,208800,19840
RMEV,SMDDL,39360,8704,47160,28920,0,60149,341280,877500,211800,713760
ALMR,RIFR,205680,244736,198360,408600,652560,574801,361920,220400,23400,182720
BWM-VL04,SIBDL,0,72704,74760,12120,35280,40888,260400,33200,20800,25440
OLQVR,PVCL,0,0,0,40320,0,3041,0,0,0,0
ASGR,AVAR,0,0,0,0,0,6420,0,0,0,0
FLPR,PVT,0,0,0,17520,275160,0,0,0,0,131840
ADEL,AVJL,0,0,0,100680,306000,21964,166320,43200,39300,20560
AVKL,IL2DR,0,0,0,0,7680,0,0,0,5700,49640
AIML,ASKL,40920,59136,31680,252480,946680,1471979,1364640,1172400,1978800,1006880
BWM-DR01,RMDDL,327600,449024,315720,239280,432360,217282,600720,830000,922900,1251440
RICR,RMHR,0,0,0,1198440,1694880,2450257,5219280,6641400,3985400,3847360
RMDVR,SMDDL,89640,79872,52680,2760,14400,130437,31920,377200,165600,465200
BWM-VL08,RICL,0,0,0,0,4440,0,0,0,0,0
ADER,FLPL,423240,597504,184440,170640,302160,345354,1072080,445200,347500,575360
AVKR,SIAVL,65760,81920,65040,461280,538080,492687,356880,13700,1150500,606200
AIZL,RIBL,493680,603392,580200,1397640,2276640,1698723,3899760,1820200,2647800,1873840
AINR,AVER,0,0,0,0,0,0,0,79600,0,0
AIBR,AVBR,244800,746496,497280,976440,495120,1256724,3329040,1092800,2255800,1546720
RMDR,RMGR,277560,897280,585120,405720,1329120,1077964,1848240,1599000,1337900,949960
ASKR,AVHL,1680,0,0,0,0,0,0,0,0,0
PVCR,URYVR,0,48640,3600,24120,840,21626,2880,0,0,0
ASHR,RIFR,867360,1531904,961320,1180200,2731800,4387891,4928400,3785700,3806600,4458360
AVBR,AWBL,360,22272,0,0,0,0,0,0,0,0
RIBL,SIBDL,159960,276992,165480,55920,507840,528506,957120,599600,533400,634000
AUAL,IL2DL,42600,41728,84840,128880,162360,156119,192720,174200,214100,295160
RICL,SIADR,0,0,101280,14040,87360,271687,204480,331400,185000,277520
AVDR,CEPVL,51480,51200,19080,36240,79200,60487,124800,0,91400,0
RIS,RMED,417600,780544,506640,1379400,2051160,1883904,4291680,1721100,1957600,2799440
AVHL,FLPR,0,94208,0,0,0,0,0,137200,0,80
AVEL,CEPDL,0,0,0,0,71880,0,0,0,0,0
BWM-DR08,SAAVR,0,0,0,0,0,0,3600,0,17400,0
RIML,RMGL,0,0,2280,5280,0,39198,391680,10000,0,122240
IL2VL,SIAVL,16920,24576,9120,12600,58440,40888,72000,19400,83600,36640
ALA,AWCR,0,0,0,0,0,8785,0,19900,303800,0
RMDR,URYVR,0,0,0,0,0,0,0,0,4000,0
IL1VR,RICL,29640,34048,28440,46440,80160,102727,183360,0,11600,131680
BWM-DL04,RMFR,0,0,0,0,0,0,910320,303800,674200,461920
OLQVR,SMBDR,0,0,0,0,0,0,0,45400,0,0
IL1DL,IL1L,80760,285952,141960,209640,565200,777891,819840,361600,217200,463240
BAGR,OLQVR,0,0,36480,0,0,56094,0,0,0,0
AVEL,SMBVL,0,57856,31080,51960,382920,0,897120,193000,219300,305760
BWM-DL07,CEPDL,0,64768,83880,148680,378360,551823,2007120,311200,373800,577760
BWM-DR04,IL1R,0,0,0,19680,25440,22302,72480,0,0,0
RIPR,URBR,0,0,0,0,56520,0,43920,56600,0,129440
PLNR,SAADR,0,0,0,0,0,0,841440,3518800,1877000,1948800
RIAL,RIS,51000,0,0,36720,7320,0,0,0,0,0
CEPVL,RIFL,48120,90880,59880,37920,0,85155,82080,88600,124000,97120
AVER,SMDVR,305160,432640,189240,618840,724560,763361,1734480,846800,1154900,1127040
RMDDL,URXR,720,0,0,7320,33480,0,0,0,0,0
BWM-VR03,IL1VR,0,0,0,0,21120,1689,214080,66600,115400,21360
RICR,SIADR,140520,324096,130560,350640,561000,656578,1865760,1345800,402600,749360
CEPDR,DVC,0,0,0,0,0,99686,0,0,0,0
RMGL,SIBDL,69960,166400,159960,164280,825120,223703,700320,113800,182100,675200
AIZR,SMDVR,0,0,0,720,0,0,240,6800,0,33240
AVBL,URAVL,0,0,0,0,0,0,0,0,38200,30080
ASJR,SMBDL,0,0,0,0,0,0,40560,0,0,0
IL2L,RMER,982080,1737728,1892400,1549800,3011280,4349706,6097200,1528600,2800000,2731360
AQR,SIBVR,0,0,0,47040,334680,594401,702720,425400,859400,1318960
IL2L,RIBL,62880,0,50040,28320,97440,13516,137520,474000,660000,1198800
AIYR,ASKL,0,0,0,0,0,56770,0,0,0,0
OLLR,URYDR,27600,43008,123960,75840,69840,335554,117120,59200,62000,42720
AUAL,AVAR,0,0,0,0,0,0,0,0,0,55080
BWM-DR03,RMDDR,9240,39424,204840,63000,349080,139898,195840,167600,247000,152240
ADLR,RIGR,0,0,0,0,14760,57446,10320,0,0,0
AVFR,URBL,0,0,0,0,0,0,0,87800,4800,0
ALA,RID,0,0,0,0,0,0,0,94000,0,0
BWM-VL04,RMGL,14160,180224,296400,92400,320160,907315,870960,605200,1058600,847600
PVR,SMBDL,0,0,0,0,7320,0,0,31600,0,39840
IL2DL,RIVR,0,0,0,21840,0,0,0,226500,241000,53440
IL2DL,URADL,562440,1252096,1229280,947040,1736880,1642291,1920480,2794800,1884200,2544680
AIZL,SIBVR,30240,0,73440,55320,172440,213903,438000,0,63800,0
RMHL,SMBDL,0,0,0,125520,64440,73328,159840,199100,100600,211440
AIAL,AINL,95400,44544,49080,87600,162120,13854,637920,37000,48200,106920
RIFR,URYDR,0,0,0,480,0,0,0,0,39800,5600
ADEL,PLNR,0,0,0,0,0,0,0,0,44200,0
AVM,HSNR,0,0,0,0,0,0,251760,0,0,0
AWBL,RIFL,49680,276480,0,337920,298920,714362,1047840,211800,1504200,754080
BWM-DR05,RMDVR,98520,152576,142680,38160,58560,151726,46560,81600,77600,139240
ASEL,RICR,0,0,0,0,0,0,0,31000,0,0
ADEL,AVAL,87960,347136,239760,0,285000,711321,268560,259400,83000,836240
OLLR,RIVR,0,0,30360,9720,0,0,0,0,0,0
AIMR,AWAR,95400,203520,151680,72840,110760,194304,483840,132800,56800,115680
AVDR,RIMR,49800,83200,11400,127320,95040,4055,399840,161800,128600,184000
AVFR,AVHR,0,0,0,117720,117480,772147,0,338200,129800,207280
AVBR,SMBDR,0,0,0,0,0,0,1440,0,0,0
RMHR,SIAVL,0,0,0,28200,190440,11827,311280,116000,3500,19440
RIML,RMGR,114960,103424,35520,48720,152280,63191,0,95400,374000,45760
ALMR,SMDVR,17400,15616,0,0,720,0,0,0,0,0
AIBL,PVT,125760,386560,516000,591960,365520,491673,2931120,581400,819400,525120
IL2VR,RIAR,41640,53760,91920,68400,204480,106106,284400,262000,295500,212280
AIAR,ASER,329880,479232,413040,510360,976560,1419264,1082640,1246700,1260400,1198520
ASKL,AVFR,0,0,0,0,360,21964,920880,0,263800,154760
AQR,AVBL,0,0,0,1006200,2872800,1902489,3288480,507000,1599600,2257760
BWM-VL03,SMDDL,9240,2816,38760,60000,43920,60149,504480,0,184800,45400
OLQDR,RMDVL,0,0,1320,0,78120,0,0,0,0,0
ASGR,SAAVL,78720,19456,83880,11040,160560,0,172320,267600,7200,98720
AIYL,AVHR,11880,0,19680,34800,12240,5744,558000,0,84900,640
RMED,RMER,679320,1659648,1179600,1593720,1616760,2749317,3614880,2563000,2812600,2622280
DVA,FLPL,0,164864,210600,251760,486720,827228,1490160,139100,794000,240
AVFL,HSNL,0,0,0,0,0,0,7107600,0,0,0
AWAL,AWBR,48960,119552,99000,140520,43920,274053,0,0,0,0
IL1VR,RMER,400680,573440,622320,627600,1029840,1362493,2481360,1365000,1375600,1733920
RIFL,SMBDL,0,0,0,0,0,0,0,0,0,800
RIPL,SMDDL,0,0,0,0,0,0,0,0,23600,0
IL1R,RIAR,65880,158976,75600,153000,238080,189235,633840,507200,490800,134120
HSNL,URBL,0,0,0,0,0,0,10080,0,0,0
ALA,SIADR,5160,44544,16080,32880,44040,50012,12000,31600,0,92760
BWM-DL01,BWM-DL02,1080,96512,693960,564960,616320,1521315,1731360,2474400,2404400,2304320
IL1VR,RIBL,0,32000,0,0,0,0,0,0,0,0
BWM-DL01,SMDVL,49200,120832,0,71520,6000,38522,90000,70000,84000,96720
RIVL,RMFL,0,0,0,0,0,461260,940560,0,36400,0
AIAL,AWCR,233760,867072,435840,290040,1695720,1210767,2359440,651400,1021000,1626880
AVDR,SIBDR,19920,89088,47400,64680,165840,216606,374880,53800,94700,82720
AWCR,OLQVL,0,0,0,0,0,0,0,0,45800,0
AVHL,SIBVR,0,24832,16440,0,0,164567,182640,246000,0,142160
CEPDR,RMHL,0,0,0,2520,0,1205698,909360,583600,959600,340440
OLLL,RIVL,0,0,13080,0,5640,0,61440,0,8600,0
AVBR,AVM,0,0,0,64080,325920,1256048,929520,1833000,1841600,1938200
ASIL,PVQL,0,0,0,4200,0,0,0,0,0,0
AFDL,AQR,0,0,0,0,0,0,0,0,200,0
RMDDL,URAVL,2400,22528,9960,1320,1440,0,1440,574600,394800,903960
AIBL,SMBVL,0,25856,0,0,20280,0,7920,0,0,0
ASEL,RIPL,0,0,0,0,0,0,0,0,288000,308080
AVDR,SMDVR,149520,154368,69360,0,397320,0,295440,0,0,97440
PVR,URAVR,15480,98816,70680,53520,14280,0,20880,72100,78200,101200
CEPVR,PVT,0,0,0,0,0,8448,0,0,118900,0
ADEL,AVFR,0,0,0,62160,544200,203765,801840,0,318000,62240
BWM-DR05,RMDVL,0,0,0,0,0,0,0,0,67500,0
OLQVR,RMDDR,28440,80128,42000,77520,217200,221675,188640,331000,366900,186000
IL2L,SIBVR,0,62976,42480,28800,57240,19599,123120,104900,0,147280
AVKL,IL2DL,0,0,0,0,0,5068,0,600,27400,0
BWM-DL06,PVWR,0,0,0,0,0,0,0,0,0,920
AQR,OLLR,0,0,0,0,0,0,0,43800,0,0
HSNL,HSNR,0,0,0,0,0,0,4126800,0,0,0
IL2DR,RMEV,17760,87552,239760,169200,232800,73666,414240,313100,325600,311920
AVFL,AVJL,0,0,0,0,263880,6758,386880,32500,188600,13520
BWM-DR02,OLQDR,0,2304,0,0,0,0,0,0,0,0
ASER,IL1L,5760,1792,0,0,0,2365,0,10800,99000,286120
AVEL,RMDR,0,0,0,0,0,0,0,0,623800,0
AVKL,RICR,0,84224,32760,27000,363720,189573,156000,790200,0,236400
ASHL,AWAR,0,30976,19680,0,0,0,0,0,116000,266440
AUAR,AVER,182160,422144,109800,388560,219120,583587,2290080,433800,1246800,1000520
ADER,AVER,0,0,0,0,7200,0,503520,0,174400,29600
AQR,SIADL,0,0,0,0,0,0,488400,0,0,0
AQR,DVA,0,0,0,1687320,5785560,5339811,9230640,4573000,6658700,4553600
OLLL,RMGL,0,5888,0,0,230760,198021,235200,0,63300,0
AVER,FLPR,0,0,960,0,0,36495,0,0,647200,207240
RIGL,RIMR,218400,69888,306600,132000,489840,16558,208800,196000,123400,419560
AVAR,PVCL,0,0,0,217920,477120,585277,693120,0,0,259840
RIGL,SMBVR,0,90368,117480,0,4320,7772,682560,0,115400,652960
ALNR,RIML,0,0,0,0,180240,98672,179760,350200,479400,309360
AINL,RMEV,0,1536,0,84600,37800,0,52560,0,0,105760
AIZR,FLPR,0,0,0,20640,0,0,0,79600,45000,0
AIBR,SAADL,261960,721664,99480,524520,408840,530872,1023600,506800,673400,501360
SIAVL,SMBDL,327960,835840,275160,1104600,1833960,1493268,3162000,1356200,1494400,1955800
ADFR,OLQDR,0,0,0,0,16560,0,0,0,0,0
AVM,RMGR,0,0,0,0,566040,78397,156000,0,0,120
RIGL,RMGL,153240,264448,415320,105240,505800,111513,296880,76100,59600,55040
OLQDR,RICR,161040,267008,155520,79440,226440,171663,519600,1016800,239800,363920
PVPL,PVPR,17880,11008,2280,139680,103200,39536,100560,0,430400,148640
SAAVR,SIADL,3000,12032,0,8400,74280,0,257280,0,0,25840
ALA,RIVR,0,0,0,0,0,0,0,0,0,3200
RICL,RIVL,245880,581376,142560,223680,147240,628531,1210320,1071200,797600,903840
AUAL,SAAVL,55320,13568,42120,9480,2640,0,0,0,15700,3880
OLLL,SIBDR,30720,0,30240,36360,64560,75694,90000,204000,111900,140560
IL2VL,SAAVR,0,0,7320,960,0,0,0,0,0,0
RMED,SIBVR,0,0,0,0,0,6082,0,0,0,0
DVA,RMDVR,69960,86784,16320,68160,66360,0,66000,0,98700,171200
IL1VR,SIBVR,25080,43008,26040,15840,39840,21288,90000,29000,77500,15120
CEPDL,RMHR,0,0,0,181560,19680,1302343,532080,1154100,587600,961360
AVDR,RICL,132720,216832,140040,80880,362520,112527,487200,0,41200,671600
PVQL,PVWL,0,0,0,0,0,0,343920,0,18600,0
BWM-VR08,RMGR,0,24832,50040,231240,953880,1117163,1343760,1354000,1314600,900920
CEPVR,CEPVR,0,3072,0,0,0,0,0,0,0,0
CEPDL,RID,0,0,0,0,0,14868,0,0,0,0
AWCR,OLQDL,53520,12800,24480,33000,90840,101713,87600,109300,148000,109040
BWM-DL01,BWM-DR01,173880,427520,68760,515400,576240,675164,881760,883800,667500,1480320
AIML,RIH,0,0,0,0,0,0,0,0,147200,0
RIGL,SIBDR,0,0,0,0,0,0,0,0,0,25680
ADLL,ASKL,1187040,1812224,1143480,1536600,1899000,1756508,5131920,2865400,2072400,2674160
AWBR,RIBR,52440,228096,300240,203880,277680,384552,1334640,378200,367600,516800
ASGL,SMBVL,0,0,0,254160,121440,79411,234720,0,0,0
IL2VL,RIS,0,0,0,0,0,0,0,0,0,29960
BWM-DR05,RICR,40200,100864,1440,0,87960,111175,0,0,0,0
RIMR,SMBDR,9960,67840,178320,69600,492480,431861,398160,83200,80400,429200
AIBL,RMDL,8040,0,0,0,0,0,0,0,0,0
AINR,AVAL,5640,62720,0,0,20760,6758,15360,53500,14600,251760
PLNR,SIBVL,0,0,0,0,0,0,225360,0,243900,218880
SAADR,SIBDL,0,18176,0,0,0,11489,0,0,0,0
AVAR,SMBDR,0,0,19320,20040,96240,3717,1200,0,109700,0
AWCR,IL2R,48360,27136,0,10200,55680,58122,56880,0,31200,0
BWM-VR02,BWM-VR06,0,161024,0,17760,2640,28723,73920,0,104400,76640
CEPVR,RMEL,0,0,0,0,0,0,40800,0,0,40
RICL,RIMR,51720,117504,170520,137640,524760,573788,1024080,786000,303200,289200
RICL,SMBVR,89160,0,12240,9240,247680,54743,143520,0,95100,72800
RICR,RIVL,117360,388352,102840,314880,969720,922183,1199760,1637000,791500,1030720
AVFR,BDUR,0,0,0,0,148920,432875,3782400,1523100,209400,808800
AVHR,RIH,0,8448,0,0,0,0,0,0,0,0
BWM-DR04,OLQDR,0,0,0,0,1920,0,0,0,0,0
BWM-DL02,PVR,66720,0,0,0,0,0,0,0,0,0
OLQDR,RIPL,106560,0,0,25560,0,0,0,0,0,0
RICL,RMGL,77160,51456,76920,142920,712320,458219,1902480,439200,525200,203760
BAGL,RIAR,427440,1149952,1205400,1087680,2505480,2724986,4766880,1931800,2697400,2791600
BDUL,IL2L,0,0,0,0,0,0,0,0,0,86080
SIADL,SIBVL,178200,461312,310200,410640,630720,727541,367200,155100,1009000,1111920
AUAL,AWAL,360,0,0,0,51720,2027,100560,0,0,0
ADFR,AIAR,240360,212736,106200,162840,102000,234178,651360,305700,430800,429440
BWM-VR06,URAVR,0,0,0,0,0,0,0,0,23000,0
ALMR,FLPR,0,0,0,24120,0,0,0,0,0,0
AVHL,DVA,136560,640768,609000,0,681000,1010042,1060320,2870400,1312400,1867680
ADER,HSNL,0,0,0,0,0,0,128160,0,0,0
ALMR,ASJR,21960,80640,2040,0,93840,51701,0,7400,9900,0
CEPVR,RMDL,200280,73216,342480,54600,112080,156119,384480,105000,117500,271600
AFDL,SMBDL,0,0,0,0,0,0,0,0,0,70480
AVHR,BWM-DR06,0,0,0,7800,0,0,0,0,0,0
AVKR,OLQVL,0,0,6360,0,0,7096,0,0,83200,0
ASIR,BAGL,0,942080,159360,153840,363000,242626,0,233000,15500,109680
BWM-VR02,RMFR,0,0,0,0,0,1013,0,0,0,0
ALML,AVEL,30000,50432,60720,96960,210840,31764,10320,144400,203200,203360
RIAR,RIFR,0,0,0,0,0,42240,60000,59000,168500,0
AVAR,AVM,0,0,0,0,15360,0,0,0,0,0
AVJR,PVCL,561840,1320704,1183680,311760,1281960,2030899,1813920,1861400,1823000,1734000
RICL,SIBDR,89160,194048,75840,21960,831720,636641,1002960,825400,498400,692280
RMFL,RMHL,0,0,0,0,990720,18247,3704880,3975800,3195000,3438400
DVA,RMDVL,5040,44544,43800,0,0,0,2640,37200,118100,120520
AINR,ASIR,14400,0,13320,22680,137880,295342,652320,405000,108300,461920
RMDDR,SIADR,203760,437504,89520,137160,694200,454840,1065840,731700,767000,484880
CEPDL,SIADR,0,0,0,9480,0,149360,84240,76000,298000,189200
RMEL,URAVR,214440,597760,750120,632040,1168440,1349990,1904640,1462000,1814400,1556040
RICR,SMBVR,171240,686592,498120,346920,932280,855951,1506720,2780600,459400,1214720
AIBR,RIH,0,16128,48720,0,0,0,0,0,52300,12560
SAADR,URBL,204960,126464,145680,111120,126000,133140,219360,229000,356000,278640
SAADL,URYDR,0,0,0,0,33120,0,0,0,0,0
IL2DL,SMDVR,0,0,0,0,0,0,0,32800,0,44240
SAAVR,SIAVL,0,67328,53760,38640,485160,469708,180240,0,4800,127200
AUAL,PVPL,0,0,0,0,0,0,106320,0,0,0
ASHR,ASJR,0,1280,3000,5520,0,89210,60720,0,0,0
IL2VL,OLQVL,246480,574720,423960,318360,1114080,1038428,948480,1306200,1235100,1743960
RIS,RMDVR,0,0,0,0,0,0,0,36800,43400,32000
RICR,RMGL,18240,110592,81480,40440,208080,338257,390240,739800,415400,296120
ADFL,PVQL,0,9984,720,21600,0,0,0,0,0,0
IL1DL,RIPR,4320,0,251280,0,0,0,0,0,0,0
OLLL,RICL,0,3584,0,3360,39000,0,0,0,43700,0
BWM-VL02,BWM-VL03,0,0,0,0,177840,0,44400,0,104100,28080
RID,RMHL,0,0,0,0,0,0,398880,0,615800,0
OLLR,SMDVR,28920,229120,122880,161400,156600,225054,159360,131200,143600,426200
AVEL,AVKL,410400,775936,569520,312000,827040,1087426,1592400,1779800,2705400,1880240
AIYR,RIH,147000,439808,237720,372840,562680,1314508,460080,1716200,2394900,1333680
BWM-DR02,URADR,160440,422400,756720,499560,937920,347719,1457040,869000,814200,942720
FLPL,RIAR,0,0,360,0,0,0,0,0,0,0
BAGR,URADR,0,0,0,0,0,0,0,0,2200,11680
RICL,RMDDL,18480,0,0,96600,1200,0,0,92300,1200,0
RICR,SIBDR,476880,555776,537000,335040,448680,803573,966960,1061400,944200,493120
RIGR,SMBDR,312000,515072,293520,162960,245040,717066,1260480,1430200,449600,1229840
BWM-VL01,BWM-VL03,1884240,1845760,2317920,2443440,4636080,3570800,9739680,6673000,4143000,5876160
PVWR,RICR,0,0,0,0,0,0,0,0,413600,479040
BWM-VR02,RMED,0,0,0,0,0,0,0,0,0,20800
AVJR,SMBDR,0,11776,0,2160,8520,0,0,0,0,0
ADFL,PVPL,151680,512,89520,22800,148560,23654,489360,32400,19200,17920
AVBL,RIFL,246600,600576,373680,374880,1022160,1066813,1994640,1396400,2208600,1000440
BWM-DL01,RMED,52080,39168,18960,120960,38520,78735,264720,516800,102000,57680
BWM-DL08,RMFR,0,0,0,0,0,0,187920,0,0,168800
AVDR,RIBL,88080,83200,83520,84360,15480,6082,0,198200,255400,441240
ADFL,RIR,804840,1041920,406080,1168800,1012920,1287137,2905920,914100,1328300,2259800
RMDVL,RMEL,24360,23296,360,94440,4200,6758,24000,371000,176500,225760
OLQDR,RIPR,220920,32512,52680,375600,134520,65894,779040,587000,938200,825120
AVFL,AVFR,0,0,0,335400,3647520,4498391,8135520,4378400,5076600,3537040
OLQVL,RMEV,221640,126208,45720,40800,148800,447406,401040,215000,187500,523920
AIAR,ASKR,1404120,1556736,1302960,2101800,3228240,5063393,7334160,4073000,3786600,2889040
URAVL,URXL,52080,96768,81000,30000,67440,145643,0,0,0,0
ADFR,URADR,0,0,0,0,1080,0,0,0,0,0
ASEL,PVQL,58800,334080,280080,0,622080,365629,596400,310400,211900,535760
ASER,HSNL,0,0,0,0,0,0,720,0,0,0
BWM-VL08,PVR,1680,0,10200,0,17520,0,0,83200,0,16960
CEPVL,PVCL,0,55552,0,0,0,0,269760,0,0,0
BWM-VR03,URAVL,0,0,0,0,0,0,0,0,0,7520
RIS,RMDVL,43200,0,0,9000,11640,97320,26880,195300,30900,52040
AIZR,PVQR,3360,768,0,78480,0,0,0,0,0,0
DVC,PVCL,0,0,0,0,1200,0,0,0,0,0
BWM-VR07,RIVL,49200,0,0,89520,0,552161,604080,524800,378100,710320
OLQVR,URYVR,401880,442880,641640,545400,825000,1481103,1157760,1323900,1896800,1448320
AVAL,PVT,0,0,0,166200,292080,52715,1108560,0,9800,535200
URADL,URXL,57120,0,9480,40440,40080,38860,0,162500,268700,12360
AVKL,SAAVL,0,15360,48480,16320,0,0,108480,0,0,0
BWM-DL04,RMDVR,0,0,0,0,5400,0,0,0,0,0
AVJR,AVM,0,0,0,0,0,952596,3158400,3439000,4722400,1965360
DVA,RICR,316080,417792,295080,224040,192000,5744,379920,875200,560500,537440
ADEL,RMFL,0,0,0,0,848760,757278,6240,59800,2500,240
ADFR,CEPVR,0,0,0,21240,0,0,0,0,0,0
ALA,SMBVR,0,0,0,23400,304440,0,80400,0,0,0
ASKL,AWAR,0,0,0,0,0,47984,0,0,0,0
RIBR,RMDDR,0,0,0,0,6000,0,0,0,23200,18000
PVWR,RIPL,0,0,0,0,0,0,0,581100,422200,196960
AIBR,PVCR,0,0,0,0,0,22640,0,0,0,0
ASJL,AVDL,19560,40448,21960,6840,67320,96645,221280,97800,145800,133920
AFDL,RIFL,0,0,0,0,0,0,0,0,28500,12200
RMDR,SMDVL,98040,235264,145920,91320,42000,125368,497520,222200,352200,88000
ADFR,AUAR,695880,1081088,926520,1146840,2293440,2786488,4911840,3069900,1797500,1819040
RIR,SMBVL,49440,19456,13080,241560,26640,591022,1967520,244800,97000,0
ASEL,RIR,2160,9472,0,97560,0,82452,480,604800,592200,332520
BAGL,IL1DR,18000,17408,45720,0,21600,92252,0,0,0,13040
ASER,AVJL,0,0,0,0,0,0,3360,0,0,0
AIZR,AVBL,240,0,0,0,0,0,0,0,14000,0
IL1VL,RIVR,0,0,0,0,11280,0,43200,0,0,41360
ADFL,ASIL,0,0,0,9960,49320,0,0,0,63300,0
RICR,RMGR,114840,214016,263640,122520,454920,1181030,1180560,679400,928500,889400
ADAL,PVR,38160,419840,39720,12000,392520,0,636960,0,44400,0
PVPL,SIBDL,11400,0,0,0,0,0,0,89500,0,0
BWM-VL02,RMEL,36000,19200,22560,0,8280,40212,155040,42800,34900,41520
ALML,AVFL,0,0,0,0,0,34467,0,0,0,0
AIAL,CEPVL,6000,0,0,25920,0,0,49680,0,0,0
ALNL,SDQL,0,0,0,0,11640,0,0,0,0,12840
BWM-VL01,CEPVR,0,0,39120,0,0,0,0,0,0,0
PVT,RICR,0,0,0,0,11160,0,0,0,0,0
ADAR,RMFR,0,0,0,0,0,0,212160,0,91100,0
BWM-DL03,SMBDR,110280,196864,103200,274680,366000,392663,757440,537900,662400,693040
BWM-DR01,PVR,0,0,0,0,0,0,0,379800,30100,0
ADLR,ASER,296640,522240,619560,168600,1534320,2180259,3571200,1562600,1346000,1697360
BWM-VR07,SMBVR,118680,0,87000,88800,196440,205117,216000,314300,446800,298920
CEPVL,PLNL,0,0,0,0,0,0,1109760,158300,114600,799920
BWM-DR04,URADR,0,0,0,1680,104520,95293,371760,15500,111000,0
AVFR,IL1DR,0,0,0,0,7800,0,0,79000,0,0
OLQVR,RIAR,11280,16128,9000,38760,240,83804,109440,45100,40600,83640
ALA,SMDDR,6120,29440,0,0,46080,33792,108960,0,0,0
AWAR,SMBDR,240,0,4080,0,19920,0,15360,0,66800,0
SMDDR,URYDR,0,0,0,0,0,0,0,28400,0,0
DVC,SMBDR,0,0,0,0,396840,0,3360,77300,0,0
RIVL,URYDL,21720,3072,7560,37920,25800,81100,64560,80400,0,0
AWBL,PVCL,0,12288,0,1080,32640,0,20400,0,0,0
AVAR,URBL,0,61440,0,0,0,0,0,0,0,0
ASHL,URXL,192840,356096,294240,382800,540720,536616,1604400,718000,663400,231600
BWM-VL01,RMEL,7920,9728,26400,240,0,15882,17520,22500,3300,51280
AVL,RMDR,960,0,0,0,100680,29061,210480,0,0,47560
DVA,RIPL,0,0,0,0,22560,0,0,64100,0,0
AWCL,IL1DL,53040,4864,1560,48960,97680,65894,85680,0,0,33680
AIAL,ASGL,738480,1483264,1027320,1149720,3239280,3329525,3429360,987400,1802000,977680
ALML,RMHR,0,0,0,0,312960,0,0,0,0,0
AVER,OLLR,0,0,40320,8040,0,0,0,0,0,0
BWM-VL02,RMDL,238440,97536,149040,15120,97800,141588,108000,196000,90500,249200
BWM-DR07,CEPDR,65160,354304,184800,146040,549120,908328,665040,1018800,529600,596960
AIBL,AINL,457200,140544,198840,273360,520200,58460,1037040,630100,0,318880
ADER,AVAL,140880,267520,325560,772440,705480,856965,2138400,746800,537400,1253920
BWM-DL04,RMDVL,0,0,4920,11880,138360,62515,12960,9000,26900,42160
IL2R,RMDR,0,15360,16920,16800,51240,99010,31440,0,0,54080
RMFR,URYDR,0,0,0,0,0,89886,234000,27200,0,0
ADAL,AVBR,109920,604928,295800,453120,980400,1215498,2235840,1877200,868000,446880
AVBR,AWBR,63840,22016,11280,2640,0,18585,0,75800,0,1320
AVDR,SIBVR,197760,575488,206280,421800,856320,512286,2227920,1709400,1703300,1234200
BWM-DR04,CEPVR,0,242944,7440,52200,0,12840,21600,22800,0,92000
AVER,SIADL,247200,299264,143400,168840,394320,344678,684960,852200,234800,335680
BWM-VR07,SIBDR,0,0,13920,0,26640,0,0,0,0,0
AVDL,URYDR,0,118016,10440,42240,0,0,305280,417500,99200,65800
ASEL,ASIL,133080,525568,147960,351720,404400,451799,1932480,247400,466100,429200
ADLR,AVFL,0,0,0,0,22200,418007,464880,334600,267000,0
AVER,DVA,185640,259328,451440,323280,1030560,1756508,1691520,2075800,2825400,2286080
AVFL,PVQR,0,0,0,0,723480,2724648,2862960,860600,74400,1526880
BWM-DR04,RMEL,0,0,0,44520,80280,628193,1345680,304000,526600,375080
AVAR,AVHR,0,3584,197760,523440,493440,146657,197040,313700,633800,151280
AIAL,AIYL,58680,195840,106200,45120,718920,207482,276240,41000,667300,369840
ALML,BWM-VL04,0,0,0,0,53520,0,0,0,0,0
ALA,RMDDL,0,0,0,0,17400,0,0,0,0,0
AWAL,SMBVL,434400,29184,136680,5520,0,226068,0,74200,35300,191040
ALMR,AVBL,13680,0,0,720,360,0,841680,0,453400,136480
ASHR,PVQR,459600,335616,99240,640920,213000,531548,679440,107100,183200,66720
AIZR,DVA,489600,705280,717360,733920,1363440,2252912,3888000,2679900,2703400,2873200
AVKL,RIR,0,0,0,0,0,0,0,0,101400,0
SAADR,URYVR,131880,206848,48840,64680,221160,185518,169440,325400,325600,348080
PVWR,RIPR,0,0,0,0,0,0,0,9600,199500,459280
AIML,IL2L,55680,13056,53880,40560,172920,0,0,21300,78300,156640
RMDL,RMFR,0,0,0,0,0,346030,2233920,3417800,2988200,5067680
AQR,SAAVR,0,0,0,0,0,27709,93360,0,0,0
IL1L,URXL,106440,86528,174240,184200,312120,408545,188400,865500,189200,399200
AWCR,OLLL,0,0,0,4080,10320,21964,121680,15200,3700,144720
RIPL,SDQR,0,0,0,0,0,0,0,29600,0,0
AVDL,RIVR,1440,69888,0,114120,0,0,0,0,73500,0
AVDL,URADL,52680,0,33480,360,19440,93265,2880,0,67800,0
AIZR,AUAL,0,0,0,9960,0,0,0,16400,0,0
BWM-VR06,RMEV,0,0,0,0,0,0,0,0,4000,0
ADEL,AVL,0,0,67200,0,2400,0,37440,0,304400,672480
FLPL,SDQL,0,0,0,0,0,265267,1396080,532400,434100,16640
SMBDL,SMBVR,100920,30976,193080,0,668640,423751,273840,64800,373400,1027520
BWM-DR04,RMDL,115800,154368,415080,157920,507000,816752,635520,596900,541800,1044800
IL2DR,SIBDL,0,0,0,0,0,0,0,0,99600,1680
ADAL,ASKL,123120,161280,168960,118800,147120,170649,284880,181100,343100,186720
ADER,AVFR,0,0,0,0,2400,0,315120,130400,192800,124160
ASHR,AVBL,110280,113664,51480,0,0,43253,0,0,0,0
IL2DR,RMDDR,0,0,18000,0,118320,0,0,0,0,0
ALML,SIADR,126360,101120,250800,239160,734760,858316,2375520,430000,950000,828080
IL1DR,PVR,90960,260864,169560,119880,611880,80424,531120,675800,409100,484320
AVAL,RMDL,43080,207616,15480,90480,0,0,524160,0,156000,0
AVHR,IL2L,0,0,0,0,0,0,0,0,278800,0
ADAL,BDUL,42480,113920,137880,336360,352800,104417,362880,43600,107600,446160
AIAR,HSNR,0,0,0,0,0,0,1313040,0,0,0
RIML,SMDVL,628080,944384,612000,1313040,1005120,1572341,3953520,2170300,2557600,1981400
CEPDL,RIVL,0,0,0,18120,0,52039,13680,37300,94200,12720
PLNR,RIGR,0,0,0,0,0,0,0,713000,591600,441320
SAAVR,SAAVR,3840,0,0,11760,42600,5744,7680,0,0,0
DVA,RIPR,0,0,0,0,67320,37171,46080,0,0,0
RMEL,RMEV,1062600,2219776,1122960,1541520,2359320,2587791,5140560,2717400,2988600,2885680
ADLR,PVPR,0,177664,18480,20040,536040,437268,632400,0,0,0
RMDVR,SMBDR,9120,0,10200,0,774840,6758,10800,0,0,12560
BWM-VL02,BWM-VL05,0,0,0,0,360,0,0,0,0,0
ASER,AVAL,0,1024,0,0,0,166594,0,96200,82800,37600
ALMR,SIADL,89280,220928,203400,276480,552960,425103,1178400,826500,774900,1436000
AINL,SIBDL,0,5888,0,0,0,0,0,0,0,0
PVCR,RMFR,0,0,0,0,0,5744,0,0,0,0
RIH,RMED,601800,911360,702720,2299080,2259600,2583060,4795680,1222800,1815600,1812720
AINR,RMFL,0,0,0,0,0,0,0,789200,441600,0
PVCR,RIGL,49200,0,0,0,0,0,0,0,0,0
SMBDL,SMDVR,6480,0,0,23160,6000,0,0,0,0,0
ALMR,DVA,2880,23040,0,0,0,0,0,0,0,0
BWM-VL01,BWM-VL05,480,0,3120,9000,71880,10475,185520,85800,146200,187600
SAADL,SMDDR,0,0,0,0,0,0,0,13300,0,0
IL1L,OLQVL,0,0,0,0,0,0,6720,0,0,0
FLPR,RIVR,0,0,9000,0,98640,0,0,33300,0,19440
OLQVL,PLNL,0,0,0,0,0,0,225840,242300,179800,137880
RMDDR,SMBVR,9240,2816,67920,0,1680,0,0,0,2500,12560
ADFR,AVDL,4080,0,0,0,0,0,0,0,26400,22320
AVDR,OLLR,73320,41728,4920,68640,0,46295,114720,194000,166000,3360
RMDR,RMFR,0,0,0,0,0,1221242,1625280,2778000,2725700,2524200
CEPDL,RIMR,0,0,0,176640,0,0,0,51400,118200,22040
ASHR,SIADL,23520,0,0,0,0,0,0,0,0,0
CEPDL,IL1DL,234480,458496,735480,523800,935400,1465896,1326240,619100,1092400,828840
AIZR,ASHR,106440,311296,382440,391200,668040,636979,701760,745800,498000,756000
ADAL,PVWL,0,0,0,0,0,0,0,17000,0,0
SAADL,SMDVR,500520,1584896,715200,1657800,2779560,2371860,3637680,5286000,3719900,4336320
SIADL,SMBDL,908400,1849856,1016040,1691280,3585600,4239206,6630480,736900,4021600,3760040
AVDL,RIFR,0,0,19080,0,0,0,0,0,0,0
CEPDL,RMGL,0,39680,0,83880,409080,1147576,1321440,805600,878600,1018160
AVHL,SAAVR,0,0,0,0,0,0,0,66400,0,0
ASHR,DVA,121320,7424,43200,40200,0,12840,0,0,0,0
BWM-VL04,PVR,24840,17664,122160,0,163560,0,222240,45200,22400,520
AINR,AWAR,0,0,0,0,1920,0,25920,0,0,0
IL1VL,RIMR,0,0,0,0,0,0,0,0,0,61080
AVHR,URXR,22560,45568,34200,31920,114600,97320,127200,195600,163000,176560
DVA,PLNR,0,0,0,0,0,0,139920,0,318800,40600
BWM-DL04,RIPL,0,0,0,0,0,0,37200,0,0,0
RMDDR,SMDDR,470760,668416,201240,171480,923160,1054310,1457040,1136000,534200,575120
ASER,AVFR,0,0,0,0,61080,27709,0,0,0,11120
ADFR,AVEL,10560,0,0,4320,0,0,0,0,0,0
CEPDL,SIBDR,0,0,0,0,0,6420,42480,0,13400,0
ASEL,RMFL,0,0,0,0,0,0,20160,0,0,0
AUAL,RIML,83640,196608,88320,246480,319320,241274,639600,238300,296800,362960
RIVL,SIAVR,236640,563968,375120,143520,1777800,1153996,2259840,1691400,1755500,1461880
RICL,SIBVR,783720,710144,352560,1118880,2065560,1830512,2274000,2109600,3115500,1641400
CEPVL,URBL,62760,514816,427920,600480,1386120,1528750,1463760,1268600,182800,475120
SIBVR,URADR,0,3840,10920,3480,35160,0,10080,0,0,0
RMDDR,SMDVR,0,0,0,0,85920,0,0,0,0,3800
RIBL,SMDVL,82560,15360,136920,168120,80880,137195,333840,149000,31600,164040
RMDR,URBR,12600,0,23280,3240,0,3717,7920,1148200,742400,1153560
AFDL,ASER,649440,821760,605400,719880,1830120,1299302,5406240,3965000,5591800,3268800
DVC,URBL,0,0,1080,0,0,0,0,0,0,0
ASJR,ASKR,609960,1333248,993720,666120,2970120,3638384,3647760,3175700,2759800,1907240
RIBR,URYVR,357000,568064,428160,483480,1211880,1116149,1377360,1193000,1498400,1380080
AVM,SMDVL,0,0,0,0,154440,0,0,0,0,0
IL1VR,IL2VR,582720,532224,528720,414000,1448040,1592954,2253840,1873500,2493400,1889560
BWM-VL05,CEPVR,0,45824,0,0,19440,0,0,0,0,0
AVAL,AVDL,60840,290560,81240,37800,725760,200724,452880,74800,1030600,76000
AVFL,AWAR,0,0,0,0,663000,380835,385200,605200,571000,115040
AINL,IL1DL,8880,37888,9120,21240,21480,37509,55680,67400,67300,71920
ASIR,URBR,0,0,0,0,0,0,3600,0,0,43240
ALMR,ASHR,6000,0,77760,12240,7080,27371,0,131400,0,320
IL1VL,SMDVR,0,0,0,0,0,0,0,311800,289800,343600
IL2VL,SIBVL,27000,1280,0,17160,3360,28047,84720,24400,91100,92240
ADFL,RIML,0,0,3240,123720,0,19937,248640,64800,207800,116840
AVKR,OLLL,0,0,0,0,21480,0,0,0,1200,3840
CEPDL,RMDDL,0,0,61680,46320,95760,210186,746640,0,42200,244800
AVBR,IL1DR,0,0,0,0,0,0,52080,0,0,0
PVWL,URADR,0,0,0,0,0,0,25200,273400,193100,115800
AIYR,URXR,57600,131584,155880,198720,140280,328796,266640,349000,123100,225720
AIAL,AINR,2880,65024,64440,39120,103200,156119,120720,68100,160500,103920
AVFL,SIAVL,0,0,0,109800,5280,111175,3120,2300,353900,151440
BWM-VR05,RIAL,0,0,2160,25440,0,4055,0,0,0,0
AVKL,BWM-VL06,0,0,0,0,0,0,34560,0,0,0
ADLL,AIBR,0,0,0,0,0,0,0,0,60400,0
BWM-VR08,SMDVL,0,0,0,0,0,0,0,2500,0,8640
BWM-VR02,RMDVR,0,0,0,0,0,8110,0,12000,0,0
DVA,PVQL,2280,0,0,0,0,0,0,0,0,0
AVAR,RIAR,104400,625920,491040,615480,569280,1567610,630480,900800,1969800,2295840
ASKL,URXL,0,8960,0,36120,4200,22302,0,0,0,0
RMDR,SAADL,0,4096,3000,4080,0,0,0,0,0,0
ADLR,ASKR,1150560,1359104,803160,1380480,1560480,2258319,3019200,1649000,2029900,2108440
ALNL,AVDR,0,0,0,0,0,0,0,0,33000,0
OLLR,PVQR,3120,0,2880,840,1320,30412,6000,0,0,1680
RMGL,SMDVL,0,0,0,15480,0,0,0,0,0,0
RID,RMDVL,0,0,0,17640,0,0,6720,82300,0,128880
IL1VL,RMDDL,1513080,2567424,2095560,2792400,4713000,5627719,8561520,5228000,4666400,7205280
IL1DR,PVWL,0,0,0,0,0,0,79680,165800,218500,89880
AVAL,AVEL,60960,0,125640,33480,348240,32778,261360,1258500,714000,186160
AIBL,URYDR,64680,135168,64560,62400,270240,257157,34320,77100,105400,315200
ASIL,URYDL,21480,13312,360,21000,3480,26695,107280,71400,64000,6200
ADAL,SAADL,203760,82944,175440,245640,117600,526141,400560,406300,189200,299040
AVBR,SDQL,0,0,0,0,0,1426360,42480,681300,394000,108400
BWM-DR03,SMDVL,0,0,0,4320,0,9461,0,0,18500,0
SMDDR,SMDDR,0,0,0,17640,2760,0,0,0,0,0
RIPL,URYDL,0,0,19320,42240,129480,7434,0,0,0,17320
AIAR,BDUR,0,0,0,0,0,0,42240,581400,450200,292600
AIBR,AVAR,315480,777472,503040,922800,1864680,1081344,3981600,1321100,2225000,1896640
ALMR,PVWR,0,0,0,0,0,0,0,6300,474200,1859520
AQR,SAADR,0,0,0,0,0,0,91200,0,251400,0
PVPR,RIPR,0,0,0,0,0,0,0,0,17200,0
IL2L,RIH,400680,761088,243120,1375440,700200,928266,4107600,2000600,1646800,1844760
OLQVL,SIBDL,35880,265472,331680,342240,616680,820469,930000,1221500,1695800,1155200
AVBL,PVCL,204480,684800,679920,1098240,918000,2670919,6242640,3065100,3575000,2261680
DVA,RIR,966600,1302528,923400,1363200,2280840,1910937,3591120,2463400,2175200,3449040
ADFR,AWCR,0,0,0,11280,0,122327,0,0,0,0
ADEL,URXL,0,0,0,0,102720,0,24000,0,0,32320
RMFR,SMDDR,0,0,0,0,42600,1013,78960,0,0,3041000
SMDDR,SMDVR,85560,427520,339720,198240,891360,437606,438240,828300,334200,178680
CEPDL,RICL,75960,186880,215880,249720,471360,638330,1675200,1820100,628600,796880
AUAL,AWBL,84000,91136,113040,17880,48600,225392,522000,134800,79000,37520
AVJL,SIBDL,8760,34048,33240,21120,42960,0,88800,400,128600,0
ALML,IL2VL,0,0,0,0,0,0,0,0,0,23920
AIBL,RIVR,85680,52480,52920,0,110520,0,115920,0,0,0
ASER,PVQR,120240,183296,336840,172560,458160,712335,899520,232800,630800,290160
CEPDR,RIPR,12840,27136,71400,27600,123240,0,205200,153500,190800,203200
ADAR,ASHL,0,0,0,0,0,154767,0,0,0,0
ASHR,PVWR,0,0,0,0,0,0,0,229400,5800,0
PVR,SIBDL,0,0,12480,0,274800,0,252000,0,0,0
RMFR,SMDVR,0,0,0,0,0,115906,314640,17000,213600,0
OLQDR,RMFL,0,0,0,0,0,34467,480,33600,29600,60400
BWM-DL08,RMDVR,0,0,2160,720,42120,0,720,5000,0,0
PVR,RMDDR,0,0,0,0,0,0,0,0,0,32680
BWM-VR02,RMDVL,494400,738816,643440,198840,659040,537292,479040,1207000,1014200,711520
BWM-DR08,SMBDL,70080,147456,112200,62400,329400,5406,0,0,76000,114120
IL1DR,URBR,0,0,0,0,0,0,0,836000,471800,571280
BAGR,RID,265800,444416,64920,272520,714480,1126287,3284640,1735800,2929800,1207200
AVDL,SMDVR,0,81920,0,0,0,0,0,0,0,0
AVJR,BDUR,14880,0,89880,294720,96600,439633,149040,162000,254600,272160
AVM,BDUL,0,0,0,0,0,875888,1375200,331800,120200,842080
IL1R,RMHL,0,0,0,0,705000,688343,709680,2628700,3897500,3768160
PVT,RIR,5520,0,204960,440640,106320,593049,24480,181000,165000,0
IL2DL,SIADL,0,0,0,0,0,0,0,0,0,185560
ADLR,SIBDL,29400,36864,40200,36960,127680,16896,57840,0,0,89120
ADFL,AIML,0,0,720,25920,0,244316,656400,2764000,2978500,2977320
ALML,RIVL,4080,0,0,61800,0,0,0,0,0,0
ADFL,AWBL,575760,1271552,958680,989880,2295840,1979197,5348880,1563800,3641100,1283920
ADAR,IL2DR,0,0,13440,0,0,98334,154080,308400,231600,157120
FLPR,RIMR,0,0,0,31080,0,138885,68880,542000,102000,289120
AIAL,ASJR,0,0,0,0,0,0,0,40000,0,20240
AVBL,SMBDR,0,0,0,20280,12360,0,109200,43800,24800,0
BWM-DL06,SIBVL,41400,13568,0,360,75960,45619,219600,60600,86100,56800
OLLR,SIADL,0,39680,0,0,0,50350,0,0,0,0
AVJL,RIVL,0,0,0,127920,28680,0,76800,115800,126200,145880
ADLL,IL2L,11640,128768,47760,112560,74520,129761,139920,188300,173600,121240
BDUL,RIFL,1054080,1494272,1149000,1314360,2419200,2466478,4329600,3536700,2717000,3084760
PVCL,URXL,0,32256,0,0,0,0,0,97000,7100,197600
BAGL,DVC,0,189696,104760,18360,319080,0,372480,781200,657000,684720
AVAL,AWCR,5880,0,0,0,240,21964,0,0,454100,2520
AVKL,RIML,486120,1303552,930240,1047480,2528760,3181854,4402560,1557500,826600,2379760
AVER,SAAVR,77280,0,36600,0,97800,88197,109440,0,0,0
IL1DR,SAADL,0,0,0,0,73080,0,0,0,0,0
ADAL,RIH,70200,102656,54960,0,0,0,7920,0,0,0
AVHL,SAADR,6960,0,0,5520,12000,19261,0,66000,0,1840
FLPR,SMDDR,0,0,0,15600,0,66908,0,0,0,120320
RIBL,RMFR,0,0,0,0,0,0,56880,0,0,2480
ADER,BWM-VR02,0,0,0,0,0,0,0,0,0,25920
ALML,BWM-DL04,0,0,0,0,4080,0,0,0,0,0
AVKR,OLQDR,0,0,600,0,15720,39198,0,119600,11900,0
RMHL,URBL,0,0,0,240,373800,205117,29040,0,0,0
ALML,IL1DL,0,0,0,0,5640,0,0,0,0,0
RIFL,RMDDR,0,0,0,0,0,7772,0,0,0,0
BWM-DR01,RIH,0,0,0,0,0,0,178560,0,0,0
AIZR,SAAVR,0,0,5880,0,29040,0,0,0,0,12960
AIBL,CEPVL,2520,31744,360,120,0,0,0,0,0,0
ASJR,HSNR,0,0,0,0,0,0,1750800,0,0,0
AVM,PVWL,0,0,0,0,0,0,5706000,5651500,4331700,4489120
RIBL,RIGL,131520,203008,172200,142200,414600,421386,1116000,263200,297500,248480
AUAR,AWAR,0,0,0,1920,7560,0,102480,0,0,27040
RIML,SAADL,732960,1125888,961560,1142640,1834200,3008501,4705680,3315400,2780400,3688800
ASJR,AVHR,20640,30720,3000,22320,0,43591,40800,210600,72800,231360
ALML,RMGL,0,307968,153720,85920,98160,541685,1053120,298000,167800,368080
ASKR,AWBR,1920,0,0,5760,0,0,0,0,0,0
AIBL,RIFR,0,0,0,0,0,0,0,54300,66000,63440
AVBL,AVM,0,0,0,0,196200,727203,2469360,971200,1609500,791080
SIBDR,SMBVL,0,0,45120,0,0,0,0,0,175600,480
AVKL,SDQR,0,0,0,0,89280,0,0,0,0,0
BDUL,BWM-DL05,0,0,0,9600,0,0,0,0,0,0
BAGR,SIADR,3720,0,0,0,0,16558,0,0,0,0
AVER,RIS,367560,476928,220080,424200,903120,1338163,1677360,1553400,1570000,1951200
SAAVL,SMBDL,20040,119552,0,107760,129360,80424,1263120,200300,194200,545120
AVM,RIGL,0,0,0,0,0,153077,0,0,0,0
BWM-VR01,BWM-VR07,960,0,65280,0,0,0,0,0,5200,0
DVC,URYVR,0,192512,200880,193680,191280,176056,280320,431200,452800,745680
AVAR,IL1DR,0,0,2760,0,0,0,0,0,0,0
AVJL,IL1DL,0,33280,7800,22200,18600,20613,17040,0,0,0
BWM-DR01,BWM-DR06,0,0,0,0,0,0,11280,0,0,0
AIZR,RIS,0,0,0,0,0,0,0,200,0,1360
SDQR,SMDVR,0,0,0,0,0,395704,368400,723400,1461600,207520
BWM-DL01,IL2DL,0,0,31440,91320,0,0,4080,48200,28800,0
AIBL,ASGL,307560,498176,342240,348000,765360,1520977,1197840,463000,241200,342760
AIYR,AQR,0,0,0,0,42960,56770,86640,65800,175800,362320
BWM-VR02,RICR,19920,0,0,0,0,0,0,0,0,0
ALML,SIBDR,74760,318720,50400,167520,298440,828241,360960,241600,489400,212080
ASIL,RIAL,12000,3840,0,33840,0,101038,51120,139300,172800,5600
RID,RIPL,0,0,0,0,29160,0,5520,0,17800,0
RMDDR,RMER,17160,45824,31920,43200,72600,4730,252960,57400,170000,155600
BWM-VR01,OLQVR,0,0,0,0,0,2027,7920,0,0,0
BWM-VR04,PVWR,0,0,0,0,0,0,0,0,0,3680
CEPDL,RMER,0,0,9720,0,1560,0,0,0,0,0
ASJL,CEPVL,41040,37632,47520,43200,111960,161525,2640,149800,136200,377280
CEPDL,RIBL,194040,157952,154440,6000,611280,358195,78000,131200,256400,256560
BWM-VR08,RMFR,0,0,0,0,0,57446,0,0,0,0
RIMR,SDQL,0,0,0,0,0,0,0,0,320700,0
PVQL,RIPL,0,0,0,0,0,0,0,3261800,2250000,1750160
ADFR,SIADR,89280,0,0,0,0,0,0,0,0,0
ALNR,RIAR,0,0,0,19080,26880,69611,66720,9600,0,257520
ADLR,HSNR,0,0,0,0,0,0,132000,0,0,0
CEPVR,RIFR,35160,20224,9720,11040,0,61163,71280,24900,138200,97840
AVAR,SDQL,0,0,0,0,0,248033,1553760,973400,2059500,701200
OLQDL,RMHL,0,0,0,58320,379440,483901,1028160,558600,499400,743960
BWM-DL07,BWM-DR05,0,0,0,0,0,0,12720,0,0,139840
RIFL,URBL,31800,95232,0,0,0,0,0,0,0,0
AIYL,RIGL,98040,0,55440,0,0,176394,0,50600,196100,103400
AVAL,RID,381000,201728,190200,70800,515520,381849,1496640,386600,611200,368240
AIML,AWAL,166560,126464,205320,5880,205320,22978,113040,4000,154000,10400
ASER,AUAL,0,0,0,0,0,0,0,622800,22300,1600
BAGL,RMED,0,0,0,0,12360,0,0,0,0,0
SDQL,SIAVL,0,0,0,0,0,0,29520,0,245600,0
AWCL,BAGL,30480,190720,135000,565800,382440,1285109,1917600,206100,1340800,2396880
CEPVL,RIAR,115560,129536,74040,132120,198840,82452,1157040,66700,10800,46080
BWM-DR03,PVWL,0,0,0,0,0,0,0,9500,0,0
IL1VL,RMER,20280,0,0,48120,26280,0,53760,0,0,1000
AIBL,AIYL,139560,389888,386640,513120,798000,472750,1926480,606400,796400,627480
AWAR,RIAR,0,1536,0,0,0,0,0,0,0,0
AQR,IL2L,0,0,0,0,0,0,0,0,0,17040
IL1VL,RIBL,0,3584,0,0,0,0,0,0,54200,39200
AIBR,SAAVL,107280,40192,26640,0,113160,88197,0,0,62900,0
SIBVL,SMDVL,3840,0,5040,0,1320,77721,0,98000,192100,54120
BWM-VR06,RMDDR,0,0,0,0,0,0,1680,0,500,0
DVC,RIAR,0,0,0,0,5880,0,0,183600,213400,121600
RMDDL,SMBDR,59880,50176,45120,32520,431160,146995,648000,41000,135900,379520
RMDVL,URADL,360,5376,3480,61800,0,3379,8640,311300,343600,456760
SIAVL,SIBDL,677400,1696512,1155480,1421880,2175120,4104038,5116560,3208800,4370600,2812920
BDUR,IL1DR,240,41984,0,25080,14880,128071,24960,7200,58400,48520
ALMR,SAAVR,0,0,0,0,26400,0,0,0,0,0
ADER,AVL,9360,2560,21840,0,0,0,1200,454800,54200,0
AINR,URXL,36840,6400,4800,28920,54360,217282,77520,65300,16200,176400
ADAR,RMDVL,63720,0,31920,0,0,0,45600,0,0,0
ALNL,RMHL,0,0,0,0,71400,167608,518400,216100,195500,191600
RIH,RMDVR,0,0,0,0,0,337,0,63200,0,0
ALA,OLLR,24720,28928,19560,19200,24360,27033,62160,94400,60800,53440
RMDL,RMDVR,410400,714240,734160,493200,1046760,1473331,2272320,1201200,1440700,1495760
ADEL,SIAVR,0,0,0,0,0,0,0,0,49000,0
RMED,SAADR,0,0,0,0,3360,0,0,0,0,0
AIZL,IL2L,0,0,0,0,0,0,0,46600,246600,161120
BWM-VR08,URBR,0,32768,480,0,0,0,0,0,0,0
BAGL,RMHL,0,0,0,0,0,0,0,269200,0,0
URBL,URYDL,0,0,0,53760,10080,46295,87840,240000,0,0
ADAL,PVCR,8520,0,0,71640,0,24330,0,0,0,0
IL1DR,RIH,1680,0,133920,0,105240,112527,258480,0,0,0
ALA,SIADL,13200,43008,22920,30720,0,62853,106080,15500,0,0
RIBL,SAADL,0,0,0,0,3360,0,0,0,0,0
SAADL,SIBVR,25080,186112,70320,98400,42120,224378,441120,286200,138800,169200
HSNR,SMBVL,0,0,0,0,0,0,37200,0,0,0
AIAL,SIBVR,0,0,0,0,0,0,0,0,0,95040
SAADR,SMDVL,583080,1216512,986520,1706160,2257680,2757089,6291840,3728900,4738200,4629080
IL2DL,PVWR,0,0,0,0,0,0,0,2300,112000,242240
AIBR,SMDDL,805560,826112,814200,1157160,2061480,1598361,4008720,2452600,1419600,1793800
RIPL,URYVL,0,0,0,55680,0,41564,349200,84100,0,0
AVJR,IL1DR,18720,10496,19800,5160,13320,26019,0,500,0,0
AVDL,FLPR,38280,32768,102480,477840,192120,0,210240,0,467800,389760
DVA,RMFL,0,0,0,0,161520,0,437280,0,191300,0
AIBR,AWAL,0,0,30480,0,0,0,0,0,0,0
BWM-DR03,RMED,69480,91904,124200,89520,42120,300410,507840,697800,361900,269200
AVFL,URXL,0,0,0,0,137040,0,0,172800,268500,46800
ASEL,URYDL,0,0,1560,0,0,0,0,0,0,0
ASER,ASHR,521760,581376,390240,456120,844920,882309,2752800,281000,475000,429360
ASHR,RIS,61800,188416,151560,114840,442920,0,369840,0,460400,62960
ASIR,IL2DR,37680,27136,16200,36480,52680,15206,141360,56600,9900,11160
AVJL,RMGR,49680,50176,23880,35880,151560,453488,532800,416200,943800,108480
PVCR,RMDVR,0,0,3720,0,0,0,241200,0,38800,0
ALML,RICL,0,0,63120,0,0,0,0,0,292900,0
AQR,SIBVL,0,0,0,156000,429600,729231,373440,241200,1699000,757600
RMDDR,SIBVR,120840,248832,238800,522960,454440,488294,1369440,687200,801900,872640
RIGR,SDQL,0,0,0,0,0,0,0,72800,0,420360
AINR,OLQVL,0,0,0,12840,0,0,0,112500,542200,0
AIMR,OLQDR,23640,20992,24240,17280,27720,61501,68640,75600,95400,0
AVJR,SDQL,0,0,0,0,23040,0,0,0,67000,0
AVBR,AVDR,384360,189184,49440,185880,178080,516003,2691120,864600,615600,159360
PVR,RMGR,14520,228608,216120,7920,195600,84480,40560,0,0,0
RIH,RMDVL,0,768,41280,13320,8280,0,0,0,0,0
RMDL,RMDVL,310560,359936,507120,592080,930000,1302343,1758960,1141200,841600,1260480
RMGL,SAADL,183960,250368,327240,174480,329280,341299,692160,159000,140600,166400
PVT,RMFL,0,0,0,0,0,3876618,3288960,2659000,3217000,2179520
AVHR,AVKR,0,0,0,0,36000,0,348720,9700,2400,89800
AVBL,URBL,52560,0,24000,40920,0,0,63600,517700,504800,537760
AIBR,PVPL,120720,167168,190080,389400,389160,120299,973920,697600,382400,1531520
FLPL,RMHL,0,0,0,0,243000,69273,0,0,0,0
OLQVR,RMFR,0,0,0,0,0,304803,84720,0,0,0
AVKR,URADR,0,0,0,0,0,49674,0,0,0,0
AVFR,CEPDR,0,0,0,0,0,0,0,38800,0,0
AVAL,URYDR,4920,82176,0,19320,0,0,0,0,36200,10640
AIBL,SMDVR,48480,313088,173520,226200,120960,435916,814800,1795000,1233700,322320
BAGL,BAGR,895200,2147584,916560,1221360,2388840,2058270,5107200,2559700,2617200,3474920
