pre,post,PC1_loading,PC2_loading,separation_axis_loading
RMED,URYV,-0.05862450812722256,-0.011910753273558127,0.05920213238031884
ADE,AVM,-0.05701136888315693,-0.031047074698402823,0.058669001143274294
RMEV,URYD,-0.057223327145211576,-0.005934400319225106,0.05746668229186856
BWM03V,URYV,-0.05685010764376559,-0.008521958656019745,0.057239744397685574
IL1L/R,RMED,-0.054071616388407816,-0.003946164428851138,0.054208025776145544
BWM05V,URYV,-0.05312737477345042,-0.005837060908423242,0.05337174683090068
BWM05D,URYD,-0.05286731053414808,-0.006579673473715741,0.05315390710212177
ALM,BWM06D,-0.05138602932260027,-0.023696589663745132,0.052638724388433415
BWM05V,SIBD,-0.05189955980557924,0.00016516295971165385,0.05180793110967843
BWM03D,URYD,-0.05172708648768468,0.0014335190124447272,0.05156431802922767
IL1V,URX,-0.05109226280289053,-0.005847590041174036,0.051340456032941975
RID,URB,-0.05120440227440042,0.003497636398433534,0.05092624515376818
BWM04D,IL2L/R,-0.050299699754288586,-0.006446768195749882,0.05058288629597489
AWA,BAG,-0.05015168126872268,0.0032173996481171876,0.04989097251689188
BWM06D,URB,-0.04854559625454799,-0.013483823518810537,0.04922777885149956
ALN,AVJ,-0.049280152680148646,0.004601329691703014,0.0489429058285464
AWB,RIG,-0.04816141819204173,-0.013672657497209912,0.04885484230358543
BWM02D,IL2L/R,-0.04840949686222072,-0.006989485948331569,0.048726238985674415
BWM08D,RMH,-0.04703916706198044,-0.02733514923683323,0.04850362265178531
ASH,ASI,-0.048585341754979396,0.002261731019234984,0.048380925568041765
BWM01V,URYV,-0.04787651012186199,-0.01027007214044008,0.04837880744851288
BWM04V,IL2L/R,-0.04789614458073501,5.9757811500533e-06,0.04781982944299855
ALM,PVQ,-0.046722479747998535,-0.009502901220740455,0.04718341304212513
PVR,SIBD,-0.04629087495052651,-0.00011444393003645378,0.04622388638269087
BWM08V,OLQV,-0.04636122305895217,0.005835769322336904,0.0459591028331339
ASG,SMBV,-0.046101283212791805,0.0026950659161308803,0.04587640910715089
BWM06V,RIC,-0.04511293026838045,-0.005027250310583948,0.045324420335800225
BWM03D,OLQD,-0.044818769646825254,0.007156701344049086,0.04434472265637634
BDU,PVP,-0.044352110132536635,0.006579333986281404,0.04391131143360127
AVF,PVC,-0.043403617572300206,-0.008553830931018259,0.043816379313475796
AVM,SMBD,-0.043803716774552595,-0.0014428554702126514,0.043815468356230076
ASG,SIBV,-0.04312940552819036,-0.009035815529858108,0.04356973985840604
PVR,URX,-0.04315347177221464,-0.00277701602748098,0.04324137326070705
BWM06V,RMH,-0.043626596831929106,0.007170208761137815,0.04315368049077992
IL1L/R,RMEV,-0.043820652184700555,0.011582544449156167,0.04309899641229418
RIR,SIAD,-0.04229134474814552,-0.009536287048571913,0.04276118699793139
RMG,SDQ,-0.04228283563024178,-0.009553481767776954,0.04275365950754433
BWM07D,RIV,-0.0435523111543469,0.013017431904225843,0.04275029133312288
BWM07D,RIA,-0.04379353834156125,0.019002420740226535,0.04265415779310462
PVR,URYV,-0.04345261928572496,0.013207089569993396,0.04264007914633439
ASH,RMEV,-0.042064262209503545,-0.008814099957771701,0.0424938027534773
BWM06V,IL1L/R,-0.04299985020180091,0.010921610512609217,0.04231670962688413
ADF,RIG,-0.04158919596591452,-0.013342488076256945,0.042274455916269396
ASE,AVH,-0.04225458079215192,0.0038918460896882516,0.04196842543148561
PVR,RMG,-0.04171118123807885,-0.0010603567676028458,0.04170471609446819
ADA,IL1D,-0.04148459801439806,-0.0012121293185881135,0.04148703768734054
ADL,ASG,-0.04140503563482607,0.0045094817692539445,0.041085452643697846
AVE,PVQ,-0.0405602594517334,-0.00797535313536111,0.04094496113117706
RIS,RMG,-0.04086125544300877,-0.0010328261558266846,0.040854588474732535
BWM06V,RIP,-0.042130058080886365,0.023303232986798976,0.0407511639515361
AVL,RMG,-0.040426859440564684,-0.006639134323348695,0.04073653843831371
RMH,URYV,-0.040218900132498174,-0.009927989768130974,0.04071408432644893
RMEV,SIAV,-0.04101894311605822,0.004824346805344752,0.04068224447010798
BWM01D,OLQD,-0.040117448374789165,-0.009949688292777186,0.04061401521485176
DVC,RMH,-0.0405170603162421,-0.002477255200737509,0.040592266304466586
ADL,PVP,-0.040495388815671184,-0.0014508502861907914,0.040512838607836894
SDQ,SMBV,-0.040403386838903536,-0.0030336320014732816,0.04051009931964518
AWB,OLQV,-0.04007936943677064,-0.008003618478237025,0.04046642541065833
BWM08V,URB,-0.03915945499564818,-0.021856149163060012,0.0403279214058002
IL1L/R,PVR,-0.039939815185623326,-0.004126047303763349,0.04010877025463371
RIP,RIV,-0.039928019357925684,-0.003950703348128525,0.040087120594747026
RIA,URAV,-0.03970383926697191,-0.00641851219107295,0.04000224332611827
BWM06V,URB,-0.040837639453234896,0.013872889784496021,0.03999176038019492
PVC,SDQ,-0.03830186513261936,-0.02476604992204052,0.03963553064454491
BWM03V,OLQV,-0.0405001182635061,0.015715233815540294,0.03955104349948656
BWM08D,URB,-0.03788166862240255,-0.029827612787067036,0.03950098630396856
AVA,RMDD,-0.03915421729923357,-0.006493023490777604,0.039457688510363284
BWM04D,IL1L/R,-0.040000960194471184,0.010633011993563406,0.03933882603783101
PVC,URAD,-0.038030621041760374,-0.023062611330203164,0.03926880664041552
AWB,BAG,-0.0393673913220281,0.0011839640547252376,0.039238280223394296
CEPV,RID,-0.03953333357862168,0.006108674476301616,0.03912667896217707
BWM04V,OLL,-0.039021096507084845,0.0010182049959506928,0.03890186762064714
RMEV,SIBV,-0.03931840448624581,0.008266178985716586,0.0387906149521729
AQR,SMBV,-0.03935442172141777,0.010241055653295571,0.038715381843373274
AVE,PVT,-0.03953684824414907,0.013840085451321983,0.03869487965508816
ALN,PVC,-0.038732355608061854,0.0010139211311501878,0.038613825955673454
BWM02V,IL2L/R,-0.03899543395974568,0.0061327954604532015,0.03858827452008913
BWM01V,OLQV,-0.03886546307642366,0.0038740730047154785,0.038585684639199376
AIM,AVM,-0.037523911736469344,-0.014505908355692577,0.038281125604110795
ALN,PVQ,-0.038107618709809075,-0.003123154892884532,0.038223013502303234
AWA,RMG,-0.03797727245264451,-0.004964847581301881,0.038196568451137745
CEPV,PVC,-0.03864168444548067,0.008077689179609042,0.03812558111336044
AIB,AVF,-0.03789533802238253,-0.003922676157641466,0.03805608570563214
ASJ,SMBV,-0.0390187588724186,0.016863505681013993,0.03800738186487366
BWM08V,RMH,-0.03692533026476083,-0.01842557489354177,0.03790418608983528
AVM,PVQ,-0.03804507977218943,0.0025203374768782275,0.03784282328250204
AVM,SIBD,-0.03675280440471136,-0.015429828366598572,0.037563261773216304
BWM03D,RIC,-0.03679113359223281,-0.014186492155004882,0.037531525511668946
BWM01D,URYD,-0.036857181385734315,-0.009972265377327793,0.037360191234368366
IL1L/R,RMEL/R,-0.037331315743291675,-0.0011753356984043446,0.03733827223330005
CEPD,RIG,-0.03766472651299149,0.004859283149702453,0.03733138168098099
ADE,PVC,-0.03649476191814932,-0.01546016676201508,0.03730733679419097
BWM05D,RMEL/R,-0.038675562452402897,0.024119367250912065,0.03725619674171832
BWM02D,OLQD,-0.037008462696937056,-0.005433118448636898,0.03725566100344518
BWM06D,IL1L/R,-0.037807194880604966,0.0108122336003138,0.03713844986983537
BWM03D,IL2D,-0.03817295880778205,0.017690015550724802,0.0371163878025588
AIY,OLQD,-0.03639245048834322,-0.009400306322436824,0.03686399403839482
AIM,PVR,-0.03610716571923274,-0.012625903261209619,0.03676077542950204
BWM04V,URX,-0.03563941904048836,-0.017601690778741373,0.03657392686580229
ADL,RIG,-0.03610629886028756,-0.009155161517155551,0.03656449373630713
DVA,RMEV,-0.035717313779854425,-0.007283257059233907,0.036070730236584185
ASK,SMDD,-0.03613875593539469,0.002938025241620853,0.03591600604826279
IL1L/R,OLQV,-0.03756477799862598,0.02932637590946627,0.03585399958435414
BWM01D,RIC,-0.03573703455614323,-0.0017551157819171677,0.03577916395384059
ASK,SMBV,-0.03558709966848636,-0.0030748361793775467,0.035703772283414786
AQR,AVM,-0.03513262725952009,-0.007262044004798485,0.03548577683981123
BWM03V,OLL,-0.036476398635289994,0.016847773055123163,0.035469940435943155
AVK,BWM06V,-0.03552595304972568,0.00078167268589766,0.03542558626969793
RMDL/R,SMBD,-0.035243872027098694,-0.0032256512226506774,0.03536958058271922
BWM08D,OLQD,-0.03629411072836091,0.015729630827143418,0.035350897436471074
AIB,ASJ,-0.03609604501731529,0.013305262339633566,0.03528964726160834
ASH,ASJ,-0.03568346718585664,0.00630751108102751,0.03527172442343477
FLP,RMH,-0.033721279163785096,-0.028431483130469927,0.03526858905040286
AIA,CEPV,-0.03595490446928877,0.01217123429081994,0.035212580781374465
OLL,RIV,-0.03558856379480958,0.005761475976763097,0.03520771547193015
BWM04V,RIC,-0.03385306055421914,-0.021879463539055167,0.03503125730102903
AVE,AVM,-0.03587668216490897,0.014408374842093473,0.035008522880718464
BWM08V,RIC,-0.03244766402516964,-0.04603973514014731,0.03498840709509562
RIG,URAD,-0.03463625298319808,-0.005979925843404062,0.034918001751901906
BAG,URAV,-0.034482961063342,-0.007920440822391593,0.034874211515137137
AVE,IL1V,-0.03585971269634503,0.020133304001948914,0.034669244635299
AVB,OLQD,-0.03491434112145601,0.0036186236514006405,0.0346552132219201
ADL,AQR,-0.03436753751791661,-0.003928287648033033,0.034534197375179584
AVF,PVP,-0.03522651318638672,0.011943266425481679,0.03449818043533392
AVA,OLQV,-0.035361909395478265,0.01441781055761629,0.034494035438989566
RMH,URX,-0.03392526110774031,-0.010667258143027969,0.03447205271000805
AVH,BAG,-0.03388538454447425,-0.00981472485683928,0.034384238476195095
RID,RMEV,-0.034384211587970885,0.0008976817432421818,0.03427912421736743
AIZ,AQR,-0.0350883960911567,0.013702788323854936,0.03426121453715263
AUA,PVP,-0.035335709174167035,0.01869801306592895,0.03422688479258255
BWM05V,RIC,-0.03445347364951328,0.003192003209945742,0.03421909721791534
ALN,ASK,-0.03413616814532373,-0.002329762325026422,0.0342131918587739
AWA,URX,-0.033234650800563446,-0.01767599394807973,0.03417715691750662
BDU,RIS,-0.033188283718515066,-0.017921461949370904,0.03414468418821664
BWM06V,RMDD,-0.03685911568126984,0.047484584279745494,0.034127079179641355
URAV,URX,-0.033403833506332074,-0.013570585544877488,0.03411492084351272
BDU,FLP,-0.03453035130736856,0.0067174047091448814,0.03409735915770978
AWA,SMDD,-0.03400033068365415,-0.0018948750019640711,0.03405308403749047
AUA,AVH,-0.03422850818026889,0.0026307248549776808,0.03402609076255101
ALM,RMH,-0.03327315589795246,-0.014180649898125333,0.034018799518913366
RIV,URAD,-0.03334356765769005,-0.011940619645746931,0.03396297719961142
BWM03D,RIP,-0.035875907139825185,0.03335433546910448,0.03394101808589098
BWM04V,BWM07V,-0.030279059309437906,-0.06280084969373968,0.03376695818232397
AIY,IL1D,-0.03427870940769401,0.008346889541119205,0.0337543701326421
ADE,RID,-0.033485636666572165,-0.005022220805605816,0.0337152881777882
BWM04D,URB,-0.033675471805912474,-0.0010874191924483425,0.033683277599352475
BWM07V,BWM08V,-0.030166632565706147,-0.06256766890161203,0.03364158080136346
ALN,AWA,-0.033807985613018565,0.00445986394902073,0.033503247660303236
PVR,RIF,-0.03324049700776013,-0.0033043375299914362,0.033373813904017106
ADL,DVA,-0.03387917602498331,0.008358523288733636,0.033354815513206224
AVE,URAD,-0.03363519931198191,0.004774523914179324,0.033313018878519327
PVP,SAAD,-0.0339651209829847,0.010932783253597747,0.0332956833235655
RMDD,SAAV,-0.03367422182129605,0.009871660994347168,0.03306499091649655
AIZ,RMEV,-0.032724508721497764,-0.006803808676172067,0.03305567792703755
RIP,RMH,-0.03387382125859307,0.015066301527595582,0.03297179533360709
AVE,IL1D,-0.033191021971634475,0.0034112346849430484,0.032946304612555016
AIB,PVQ,-0.032533425992989175,-0.008185371797489202,0.03294268567445427
RIP,SIBV,-0.03275693350820815,-0.003882353081618484,0.03292356200695793
AVM,SIAV,-0.032402658740786,-0.009262664144460036,0.03287278159479736
FLP,PVR,-0.03319155104376108,0.006696871247903228,0.03276183877501753
AVK,IL2L/R,-0.032820240107856044,0.00039065868176332017,0.03274618106173027
ADL,AIY,-0.03359661251193329,0.014526723455610385,0.03272540666543437
DVC,SIBV,-0.03234265877761929,-0.007655513466947388,0.032722387999977974
AQR,SDQ,-0.03262223306373244,-0.0016905170082757667,0.03266566637635012
AIA,OLL,-0.032404875874456396,-0.005325300153975105,0.03265330636137234
AVH,PVQ,-0.03270811039437027,0.00019020478952288644,0.032645515552901155
AVL,URX,-0.032575389989948245,-0.0009416397786629154,0.032576732920797595
OLQD,URB,-0.03288665031655746,0.005836262239614388,0.03250587734039531
DVC,URB,-0.03284283782298779,0.005395754256942392,0.03248693665392032
ALM,RIM,-0.03203862112483403,-0.007447655705137732,0.03240712945117939
BDU,RID,-0.03229417930431632,-0.00261098358542984,0.032389958850741474
BWM05D,RIC,-0.032368304908662965,-0.0004954338418270479,0.032344853219705386
ASH,AUA,-0.03167787374079917,-0.010816530125514397,0.03223663501273826
AWA,RIG,-0.031025288308905098,-0.021263104131073254,0.03217326738821023
ASI,AUA,-0.032791664755215624,0.011048790708063463,0.03211755690528035
DVA,RMF,-0.03300232751996371,0.015283689318892117,0.032089444289095694
IL2L/R,RMDV,-0.032245932450616126,0.003839913640900773,0.03197857802089075
DVC,RMG,-0.03180317379247265,-0.0031963044056855868,0.031932688061745616
PVP,SDQ,-0.030827686657309693,-0.018885556729111484,0.03184211406457688
RIB,RMG,-0.03183255846686133,-1.838663186480705e-05,0.03178309703745192
AVA,URAD,-0.03238999875727114,0.01068456400308879,0.031737035453569484
ASE,SIAD,-0.03172128539740022,-0.0008116236581575085,0.031716662801225426
ADE,BDU,-0.03182879971831129,0.00288714648473982,0.03161575147803578
RIF,RIS,-0.03178404933332248,0.002300319748704083,0.0316041127007406
ASH,URAD,-0.03155792828853052,-0.0012804207583280837,0.03157995992256528
BWM05D,RIV,-0.032670418294528915,0.01906617066947803,0.03154509322115096
ALA,SAAD,-0.031223727924414163,-0.005533369576943465,0.03148574720635982
BWM07D,RIC,-0.031048812251198057,-0.008058542823669355,0.0314532860444905
AWA,SIAD,-0.03098468780809781,-0.009168356236899424,0.031451750119073724
RIS,RMH,-0.03073554355494628,-0.012094231401078818,0.03136773919833081
AVA,IL1L/R,-0.03217947154557386,0.014234118173079654,0.03132698855134272
AIA,IL1L/R,-0.030626877438202547,-0.013097425757071077,0.031315729190606746
AIY,ASK,-0.031533232289399214,0.003893393959824888,0.031263997281983646
AVB,PVQ,-0.03108706654317524,-0.002687061039462994,0.031189044413843126
AWA,SIBD,-0.030881890271249452,-0.006274339600685635,0.031186171301178987
ASE,PVP,-0.031027841723701283,-0.0034892711488280744,0.031175081081699915
BWM05V,SMDD,-0.03153585195106504,0.006877513340536534,0.031098595303382708
RID,SAAD,-0.03155313646695988,0.007742767758804995,0.03106713522385809
AVD,AWC,-0.03129097213195308,0.003600127092231123,0.0310386334880635
ALM,IL1D,-0.029927435010291083,-0.01958498392532842,0.030982670967429966
ASG,AVJ,-0.03046686198994453,-0.008612561113891408,0.030903452319946376
PVP,RMG,-0.030332824401636333,-0.010940223967061171,0.030900683796692006
DVC,SAAV,-0.031242586327480996,0.007302834374380754,0.030781847670996145
BWM02D,URAV,-0.030456805016290976,-0.005214782188767705,0.03070210317995633
BWM08D,RIA,-0.030828303304619727,0.0020056199059638687,0.03066647553550829
BWM03V,IL2V,-0.03241328076977318,0.03163151114731808,0.030580886239362615
AWA,RIA,-0.03126929210029745,0.012350409529283447,0.030524313039223726
PVR,SIAV,-0.030924737170161767,0.00644154510762278,0.030512996647817654
AVF,DVA,-0.03086592878984002,0.005512583505135789,0.030506585694447027
CEPD,PVT,-0.03034225358341445,-0.0035280257184041475,0.03049276253697861
PVT,URX,-0.030033118390003413,-0.007089629484965512,0.03038464982465923
PVR,SMDV,-0.03119027214345644,0.01415740791270622,0.030343677422297027
AIN,AWB,-0.031330607966179154,0.017439979959447634,0.03029896910105647
AVL,RMH,-0.029953837037057035,-0.006402354761858342,0.030266798007307156
AWC,PVQ,-0.031231733431066718,0.01777054639079346,0.03018163924169823
ALN,ASH,-0.03032156766747906,0.004468350616471123,0.03002188246182209
BWM01V,OLL,-0.030689931367262314,0.011470094279712602,0.02999543651829098
ADA,OLQD,-0.030573838596799078,0.00963055284760996,0.029983101219149474
AQR,ASH,-0.0294302118821793,-0.008862231652075343,0.029882504091186073
PVC,RIG,-0.02882133547690034,-0.019069843272422005,0.02984932164843952
ADL,PVC,-0.02862215148141201,-0.02249427917526512,0.029843262633852105
OLQD,PVC,-0.029956589061950444,0.0012768922584326097,0.029837174302164777
ADE,ASK,-0.030290163331707965,0.007729683177980655,0.029806902282494593
BWM03D,RMEL/R,-0.029060004505541585,-0.01286279509577962,0.02973813120654839
AQR,AWB,-0.029665884004061695,-0.001995411334002197,0.02973117376840385
AUA,OLL,-0.029926707870158477,0.0029659752995613987,0.029712238591108477
ASK,AVB,-0.030011925226022744,0.005179793167058157,0.02967267424034177
ADL,RIR,-0.03080974299955762,0.021247963514206752,0.02956452616354048
BWM08D,SAAV,-0.030014571524662994,0.007207963158267651,0.029561122511407658
BWM06V,BWM07V,-0.026306388697987522,-0.05742290741083386,0.029497790513060028
ALM,BWM04D,-0.02909703227462348,-0.006690701718422723,0.0294275874635889
ADF,BAG,-0.028946359602643034,-0.009052133180609084,0.02941011154879265
AFD,AVH,-0.028836298103187608,-0.010450534875335933,0.02937896007648745
AIA,RIS,-0.02981937485298954,0.008723005992810404,0.02928093270198903
BWM06D,RMH,-0.027701881802099204,-0.027160978719933934,0.029187206065901326
BWM04D,OLQD,-0.030313301213799635,0.019148797243232884,0.02918706308935712
ASH,RIR,-0.029680272382713088,0.008389100516416982,0.029160851065144676
BDU,PVR,-0.028586838330585635,-0.010862155084671686,0.029153071840075956
BWM07D,RMH,-0.02929569699602963,0.0017332136986736948,0.029151637958119085
BWM05V,SIAV,-0.028851454971674816,-0.005162098738400339,0.029096333454031252
ADE,RMG,-0.028989106690712956,-0.002166848080705973,0.029065122594535225
BWM08V,RIP,-0.030175413688052717,0.019129811574415213,0.029050463264264324
AVA,CEPD,-0.02894060883815456,-0.0004762862855408065,0.028921516495137026
AWB,PVC,-0.02837600521059507,-0.008448730629737748,0.028806688020302177
BWM05V,RMEL/R,-0.031081662519920155,0.04019643501094341,0.02876914196127683
PVR,SAAV,-0.02904628296379357,0.004296652163698627,0.028758288057751047
BWM05D,RMH,-0.029982799711928642,0.02119255126877987,0.028742014597868383
BWM05V,OLQV,-0.030649917064188608,0.03538133300488206,0.02860919029412564
AIZ,IL1L/R,-0.02846591157743074,-0.001404362489070206,0.028499826543394186
BDU,SMBD,-0.02820778392483283,-0.00528044238090095,0.02846034668198784
AIA,URX,-0.028081365173006044,-0.0074143918581807125,0.028454278095586847
ASJ,SAAD,-0.02851466710596816,0.0008239016492426435,0.02842304482445036
AVB,RMEV,-0.027992437169677437,-0.00770368475945684,0.028381779472007256
ASK,SMBD,-0.028017914890123105,-0.0038127075428075535,0.028188139681707823
BWM04D,OLL,-0.029037720281204247,0.015583986563259553,0.028114218293042656
BWM08D,RIM,-0.028067696736300347,-0.0013821914395775719,0.028100995082979974
BWM02V,BWM07V,-0.025193861582794005,-0.05225380016917376,0.028095987455340005
ADF,RIC,-0.02841919911697059,0.00607417324189691,0.028032117642817038
AIA,IL2D,-0.028216402176648166,0.002546816837636582,0.028028246237735442
AQR,AVE,-0.0268042608052924,-0.022046815786613327,0.028003061793867558
AIZ,PVC,-0.028096392375432704,0.0014959707947076282,0.027967593514894383
AIN,RMEV,-0.028432801849187055,0.007835616311668141,0.027946522726282126
RIF,SMBD,-0.027868046942148072,-0.001323211995040992,0.027898341226290757
AVH,RIG,-0.028606863760979068,0.013374536824255535,0.027808445831683456
AIZ,ASK,-0.027762917205780512,-0.0007869211804850504,0.027763183008477067
BDU,URB,-0.02748075666474783,-0.004954513092968914,0.027716121638896894
ALA,RMG,-0.02801873530544553,0.005298644950372076,0.027675954343594183
ASG,ASH,-0.02801873345687515,0.005832854452469664,0.027645874432918296
BWM08D,RMDV,-0.028257130365307907,0.011807380338179825,0.027547504208495634
ASG,RIF,-0.02735398380093265,-0.0041477703926787205,0.027544127137419393
SIBV,URAD,-0.028117300596069726,0.010111355469059998,0.027503389026463036
RIG,RMDL/R,-0.02784688901264015,0.007253565640363385,0.027394311044043385
RIP,URYV,-0.028248974052940915,0.014550996966610285,0.027384884586925062
AVK,URX,-0.02722506602463388,-0.0035633303380765294,0.027382507626357164
PVP,RIS,-0.027305876753806683,-0.0012055347834111986,0.027330437137521833
FLP,PVT,-0.025704985906429372,-0.02954989647598998,0.02732798321563978
AIY,BDU,-0.02777971408608925,0.0073450721455654774,0.02732209050768262
ALN,AVB,-0.02730297523830462,-0.0004892263538101398,0.027287209284463383
ADL,SIAD,-0.026245811228668092,-0.019071118886290563,0.027277954831387195
OLQV,RIV,-0.027645851564075813,0.006009238484297156,0.027263652946154543
OLQD,OLQV,-0.02780141887297624,0.009086700493245994,0.027245700438991747
AWB,RIR,-0.027528087176965463,0.005727917800489718,0.027161914815829337
AVD,RMH,-0.027359335514134418,0.003395880067364956,0.027124733608424864
OLQD,RIA,-0.027579516021965556,0.007955955342063581,0.0270878149308836
ASE,SIBD,-0.0265886146211431,-0.009130932789018026,0.02706054343186527
AVM,SMDV,-0.024574749758489587,-0.04421373749700073,0.027025171057551343
IL2L/R,SMBD,-0.02727957817036211,0.005290492126005874,0.026938428784880432
AIA,BAG,-0.02725722459352271,0.0057367178567581285,0.026890986430225104
AVH,RMG,-0.027272936981281606,0.006506570712104417,0.026863328194140022
AFD,AVM,-0.024533002047829773,-0.041990364998942105,0.026858305084934947
AIA,IL1D,-0.027298440066843233,0.007984571568800782,0.026805573648104288
BWM07V,OLQV,-0.02394821670175579,-0.049670247088927505,0.026706854517681906
PVT,URAD,-0.027315248032306488,0.010261619793711027,0.026694148312074097
AIM,SIAV,-0.027640037114215758,0.017751755698869894,0.02659669849826968
ADL,AFD,-0.029036107272289297,0.04325302587688443,0.02655473371157845
AIZ,RIV,-0.026353093292787868,-0.003554121755627073,0.026511399644621944
ADE,BWM06D,-0.024340990815399328,-0.03889661634297349,0.026492408406373923
ASG,SIAV,-0.02591239226525212,-0.010850511212958209,0.026482212710614177
BDU,BWM06D,-0.027786993205969328,0.02304805622074735,0.026445219227807456
IL2L/R,RMDL/R,-0.02632314348361885,-0.002598878159024599,0.0264277134294035
AIY,AVA,-0.02666633427356451,0.003876922522029115,0.026405747136293952
AFD,CEPV,-0.02688577395629147,0.008732746421653876,0.02635143701522151
BWM04D,RIP,-0.02690825807339472,0.009388398071177141,0.026336969736760973
ASG,AVD,-0.026516191046022507,0.002625971673933702,0.02632627546436474
ALM,PVP,-0.0282519355453324,0.0335295624656297,0.026319274601616854
ALM,AVF,-0.02630695923056156,-0.00012066479587032523,0.026272021834313264
ASH,IL1D,-0.02581863227566757,-0.008721297049092469,0.02626871844634307
RIB,URAD,-0.026631545609003056,0.006205085364987673,0.026239929068010294
PVQ,SMBD,-0.026365103341997174,0.003056398728184543,0.026151192722928727
AVM,SDQ,-0.026285364760150334,0.0018097100318643822,0.02614177403663921
ASG,RMG,-0.027476633148417473,0.02302629543868473,0.026136576717403444
ADA,RMDV,-0.0266018412819374,0.009070108212391261,0.026048959973238334
AIM,ASI,-0.026253031155216853,0.004839352320271748,0.0259389111224478
AIM,RIS,-0.025676333860926236,-0.005229135678259392,0.025930023545263546
BWM07V,RMDL/R,-0.02344768827049308,-0.04422491350169305,0.025900526703659617
AUA,AVM,-0.023491880982479698,-0.04308343428879363,0.025880379608867108
FLP,RMG,-0.027360833308425852,0.025765633686632358,0.025866725214837356
RMEL/R,URYD,-0.02551596618502346,-0.006535773378248288,0.02584347902978357
AWB,SIBD,-0.026650114206574475,0.014117534984722747,0.025812966635366273
ADA,URAD,-0.026861932543661014,0.019600708653059847,0.025715725035588655
AVA,AWC,-0.02610456821627175,0.00815681099191285,0.02560389791502113
AVA,PVR,-0.02671033976970546,0.019272416611399664,0.025582856850573325
AUA,URB,-0.02547309958670013,-0.0026564579610508262,0.025582259941267893
AWA,SAAV,-0.0269486733491375,0.025126669050933113,0.025491195258691254
BWM07V,RIA,-0.02623200493373472,0.012585288878897429,0.02548179201143925
ADE,ADL,-0.024883947275894793,-0.011044428353906531,0.025466317451997414
ADA,RMDL/R,-0.02533742726984076,-0.00228410915043002,0.025425838163410062
AIZ,SIBV,-0.026049692133271185,0.011727093266643906,0.025348088156159434
RIC,RMEV,-0.023076200141690897,-0.04039922735584131,0.025314226919815355
AVL,CEPD,-0.0259417695246869,0.011614558591060899,0.025246672885825265
ASE,SMDD,-0.02512856229232087,-0.0015108597922887574,0.025173767577653033
ASK,SIAD,-0.02412379684687857,-0.016794526360890027,0.025031125665366964
RIB,RMDD,-0.026071626311433824,0.01813900965835535,0.025008971800540705
ALA,RMDD,-0.022739879369599255,-0.04066206250404339,0.024993238297888475
ADE,AIN,-0.025643036518312783,0.010971358524428525,0.02498462842216697
AFD,URAD,-0.0246220945764715,-0.007097733828799885,0.024982665939845227
ASK,RIF,-0.02517723738702449,0.004278460826194008,0.024896404273488434
AIM,AVK,-0.026220580445396244,0.02281106595078297,0.024894634771824044
RIA,RMEV,-0.025167006674576182,0.004704172206984929,0.02486222058986148
BDU,URX,-0.026698504612148035,0.03270788313234934,0.02481457163961543
DVA,RIP,-0.024461603807274444,-0.006956513581353252,0.024814478513424592
ASH,AWC,-0.0265536863901522,0.030335473072527746,0.024803559025353708
BWM03V,SIBD,-0.025949914388648552,0.021212654989908413,0.024714394809392342
ASE,RIM,-0.025482502409718194,0.013368943730322312,0.024689355634490356
AVE,URAV,-0.024822383881407045,0.0017006000636148222,0.024687257229755587
PVQ,PVR,-0.024554652704081994,-0.0027342106227867384,0.024669647786723238
ALA,CEPD,-0.024303915335143415,-0.006414412478966594,0.024626517793173788
ASJ,RIF,-0.02465806795895901,3.0550518979735804e-05,0.024617232225998188
AIB,URX,-0.024069077158265072,-0.008902774065167868,0.024532156544857575
ASG,AWB,-0.02532448266521722,0.013527043208601552,0.024522684946823355
AVL,IL2L/R,-0.024558169159447106,2.1484323231978953e-05,0.02451800236003989
ADL,AVB,-0.02415115604772853,-0.006727927107946523,0.024491652919567775
RMDV,URX,-0.02398253214126494,-0.00935577640874997,0.024471254603402676
ADA,RID,-0.0242719840475832,-0.004148175531326189,0.024467039237043332
AWA,OLQV,-0.02403794428028517,-0.007697206253993812,0.024433194914265124
ALA,ALN,-0.023664856408208867,-0.014176914794488493,0.024425531579254114
AWA,SMBD,-0.024852248918229115,0.007939069505708553,0.024365824887278658
BWM01V,SIBD,-0.025847767456231904,0.025595489169676713,0.02436563936696915
SMBD,URX,-0.02473017991313371,0.007647854370895737,0.02426034606340868
BWM03V,RMEL/R,-0.024536680619964245,0.0047063394213058855,0.024232772412381212
ADF,ASI,-0.024889489190128303,0.011140163031371787,0.02422277211435808
OLQV,SAAD,-0.024809251437406532,0.010167918041947782,0.024197402804867325
RID,RMH,-0.025735584885228365,0.027346262689673308,0.024155059420126822
ALM,BWM02D,-0.023892416740801975,-0.0052962704982839085,0.024152716241520426
AWB,URX,-0.023642539698922396,-0.009607272165603382,0.024145961684000666
AIY,PVP,-0.0247892165705597,0.01152249414533603,0.024101131836134593
RIR,RMF,-0.02577958885012858,0.029373359431818694,0.02408486017898368
AIN,ALN,-0.02487993734431895,0.01406996866399518,0.024048276010688437
AQR,URB,-0.023967801234347542,-0.001176954628074108,0.023996047705128618
AVD,BDU,-0.024009319747637023,-0.0003955920923515633,0.023993506618160125
PVR,RMH,-0.025277555252036257,0.02227382630530163,0.023983354193341144
ASI,SIBD,-0.024477848998698752,0.00809488757185706,0.02398324572542329
RIP,RIP,-0.01993788451790059,-0.07190479389906683,0.0239547751541188
ALM,OLQV,-0.021977230109147126,-0.03481217505123319,0.02390242751226767
AVK,URB,-0.025055483600218774,0.02008498595063776,0.023884875012289333
DVA,URB,-0.02431042976327087,0.007142285164212212,0.023869727277606792
ASH,IL2L/R,-0.02414789481147373,0.005198313953812999,0.02381690327054156
AQR,URAV,-0.02409391625410115,0.005265484442671554,0.023759228381699134
CEPD,RMED,-0.02366822394727852,-0.0014427685836683759,0.023711911999647648
ASE,AVB,-0.023510581031621798,-0.003951715019506509,0.023695782562861006
BAG,IL1L/R,-0.024549177004706074,0.015004295433271713,0.02366543414563296
ALA,ASH,-0.021514439035528833,-0.03807548154490824,0.023624107374978845
AWB,SAAV,-0.023339547626438216,-0.005200157567977986,0.023595312624837085
ADA,RIP,-0.024349275067103524,0.012765577245511027,0.023591897825785163
AIB,URAD,-0.0245564827888832,0.01783171948731428,0.023513533409935207
ALN,ASE,-0.023621805842443895,0.0015418066321049833,0.02349752437892327
ADE,AVB,-0.024207257110790772,0.01196847208045012,0.02349498526518007
AFD,AVA,-0.02395830325240534,0.007879998912278665,0.023476623209885434
FLP,PVQ,-0.025615856088685746,0.037351110905230835,0.02347220882846088
BWM07V,URAV,-0.02104152610184226,-0.0436415710456636,0.0234653370407621
IL2L/R,SIBD,-0.024262948752739974,0.013734911622874109,0.023451131171068822
AIY,PVQ,-0.024000477396732327,0.010259938824272305,0.02338473061311752
AIA,AVE,-0.024540841213626968,0.019921289610031135,0.023380265752219645
PVP,RIV,-0.024100669777270118,0.012209141382528056,0.02337501639912112
AVH,SMDD,-0.024064682040973825,0.011616822792532852,0.02337243558280044
RID,SMDD,-0.022379012431909467,-0.017828560682793187,0.023347329178438063
AIY,SIBV,-0.02361647016200767,0.004653972719657613,0.02331697015217147
OLQV,PVP,-0.022300891695495595,-0.01865012632313415,0.023315589695748862
BAG,IL1V,-0.02136853626797037,-0.035035754237070636,0.02330728762967955
ALN,URX,-0.023434043291406022,0.0032102323315602926,0.023216120847580245
ASH,BWM06D,-0.020804669414339786,-0.04315031399970368,0.023201196408770705
BWM08V,RIA,-0.021225666042165192,-0.03451673653956507,0.023135421334397003
AWB,IL1D,-0.023649472167860505,0.00858526381762102,0.023128572883609522
BWM06D,RMDV,-0.02413394915678348,0.01718769429383916,0.02312793116596921
ALM,ASH,-0.02337857432005796,0.003821868214473157,0.023126302397541057
BWM05D,SMDV,-0.02357186614726708,0.008150218833893929,0.023075584689495353
RIM,RMH,-0.02316628252629737,0.0013106536774164484,0.02305573847622174
BWM07V,IL1V,-0.02066096899128204,-0.04285226944762067,0.023040942877556786
BWM02D,RIP,-0.023147754521990936,0.0012847754253457358,0.023038696909154836
RMG,URB,-0.023270128687774554,0.004104721147997064,0.023002103078665802
ADF,ADL,-0.0247870097386978,0.031218358620890323,0.022989975013273038
AVJ,SMDD,-0.023361477512457113,0.00627410781282236,0.0229711621191193
ADL,RIF,-0.024027894291401158,0.01818787222501108,0.02296573064445767
AVA,AVM,-0.02334349060999345,0.006658537615688407,0.022931558862090935
SMDV,URB,-0.02350741984229339,0.009792881231943303,0.022918752358721383
AWB,PVP,-0.0230213510844165,0.0012809262230363287,0.022912710713061488
AIY,RMG,-0.023817863049413492,0.015481020537492621,0.022908438818617562
PVQ,SDQ,-0.020834052354451352,-0.03729733178575677,0.022900987159057053
IL1D,PVC,-0.022493703966519348,-0.006954936500849525,0.022849611598514282
AVL,URAD,-0.023532812543372725,0.012007299166747306,0.02281942446818393
AIY,AVF,-0.02358978009055666,0.015648961605225494,0.02267126193974694
IL2L/R,SIAV,-0.022518512643041656,-0.003014585075377083,0.022652523866327625
AVM,RIG,-0.0208577156290958,-0.03208763363375707,0.022631286702526916
AIM,AUA,-0.024541912057343213,0.033722008010182956,0.02260430097331409
BWM05V,RIA,-0.02286699496789882,0.00451379448257858,0.022576576444526097
ASH,OLQD,-0.02239438581903245,-0.0032401479644692303,0.02254129401206847
RIB,SMBD,-0.022872830824195375,0.005247947086653503,0.022541067406817265
BAG,OLL,-0.023897557465491496,0.023821289465010973,0.022518417354453004
PVP,PVQ,-0.022800594846850698,0.004411937322278631,0.022516016608232447
ASJ,RMG,-0.022515294241426977,-0.0004003004506867627,0.022502116215370002
AQR,SMDV,-0.02286475395519263,0.006092726407736199,0.022485439001014986
ASH,SIBV,-0.022651184684732862,0.0026800181286408963,0.022464357220463638
ADF,IL1D,-0.022095746740622292,-0.005261508846989279,0.02235693912170253
ADL,URX,-0.022482681583970966,0.001896397414384185,0.022340242302527527
ADL,SIBD,-0.021664051122524026,-0.011820238101734585,0.022295210183808783
ALN,AWB,-0.022843206480107302,0.009196419583311476,0.022289175754507503
AIZ,RMG,-0.022561542084719045,0.004515444480296736,0.02227151520651977
AVD,DVC,-0.022414303793903304,0.0029996702334972787,0.02220985444669527
RIA,RMH,-0.022177333682413543,-0.0011396655997105466,0.02220632089335755
AVF,RIG,-0.022806701452839695,0.010075235163854784,0.022203247913336922
AVM,RMF,-0.01985647308088839,-0.041183689646922816,0.02214377564767373
BWM01D,IL2L/R,-0.022913578949514703,0.01310055547125335,0.022139618611485917
AWA,RIC,-0.022611220232989743,0.009986413688405386,0.022013077782777488
ALN,RID,-0.019730135673224247,-0.040921657181900384,0.02200288520857979
PVT,RIM,-0.02242275317720934,0.007366686232738686,0.021972410503554085
AIZ,ASI,-0.022477939858094032,0.008786636683808562,0.021947560927902527
AWB,BWM06D,-0.019662658003759832,-0.04078170385856852,0.021927634665960212
AIB,ALA,-0.021808356114399255,-0.0023482295642250177,0.021905975476753298
AIA,IL2L/R,-0.021367804471438646,-0.009248342421740741,0.02185462578220134
RIH,SMBD,-0.02199826933523927,0.0025100235326527107,0.02182204895903312
BWM04V,IL1L/R,-0.021739232130548177,-0.00105255298501152,0.021764009533579664
BDU,RIC,-0.021742461283089737,-0.0003848872919797084,0.02172964139791524
AVM,SMBV,-0.02152581160627145,-0.003721252394356751,0.02170118568083964
AIA,AVB,-0.022444260947878738,0.012625594142550139,0.021697787262317584
ASH,RIB,-0.021923304567845203,0.0036981638248912334,0.021680306207337713
CEPV,PVT,-0.022570892945666363,0.015222272136138163,0.02167801534785469
SMDD,URYV,-0.021863507069175416,0.00315419237515919,0.0216512312672359
AIZ,OLQV,-0.021246431236796037,-0.007698293085322134,0.021646171300410823
RIA,RIC,-0.021345184047169466,-0.005647874602653994,0.02162932095111334
AIB,PVC,-0.021138307606845787,-0.00823730257476369,0.021568567512211718
ADE,ASI,-0.021317125150314135,-0.004514631185079364,0.021537500568941246
SAAV,URAD,-0.021941047255779736,0.0065765400736560176,0.02153595701311043
AVA,RMDL/R,-0.02164748162783761,0.003112079299385821,0.021437919641028855
AVF,SDQ,-0.021755140793317338,0.005109675577616211,0.021432935613292844
AFD,OLQD,-0.021346261248385255,-0.0020345635131116657,0.021426953027565865
AWA,SIBV,-0.02268525613683717,0.02216593001361571,0.02140124227696992
IL1L/R,URAD,-0.021096522456799816,-0.005407701769895162,0.02136753115678288
BDU,PVC,-0.020859773180196696,-0.00934856690449279,0.021353043418608008
AIM,DVC,-0.021211509773239424,-0.002609133541894366,0.02132476583065381
RIH,RMF,-0.02059883038573534,-0.013258835303100557,0.021312677826470464
RIM,URB,-0.022562534994106088,0.02163232103433235,0.02130876006268762
AIN,AWA,-0.023274744678933132,0.03473672808772192,0.021282011057185683
PVT,RIR,-0.02149979210596133,0.003629725858028382,0.02126131889505876
ALA,AWB,-0.021072555370454563,-0.0033248209986225285,0.021226327831322174
PVQ,RIM,-0.019329923193230576,-0.03229241573963383,0.021117447862559383
PVQ,SMBV,-0.02123997184153131,0.0020112240816533775,0.021093038710797398
ASE,OLQD,-0.021672578184265923,0.009727834105724125,0.02109048375450714
AUA,RMEV,-0.021572574796249782,0.007962092615741398,0.02109005709216415
BWM04V,RIP,-0.023369601917845734,0.040266794094799344,0.02106535367674503
BWM08V,URAV,-0.023371816737979053,0.04032239167089295,0.02106443462448631
BWM02D,RMEV,-0.022747637206675216,0.0302760357078884,0.021006894013014397
AIY,RMEV,-0.021149772504485395,0.0019830602309189624,0.021004568192819865
RMH,SAAD,-0.020717136465429487,-0.00476162165799114,0.020952370179651077
SDQ,URYV,-0.022777126370319135,0.032026007043011256,0.02093780623003498
AVA,PVT,-0.02150321487643791,0.009829841618612285,0.020915645693058843
AIM,BWM06D,-0.01867015602041112,-0.03872318654334952,0.02082080460809367
AVA,URB,-0.02171750252724791,0.016148051946662113,0.020773853690158117
ADL,SAAD,-0.018989658453140903,-0.0322103366515095,0.020773101520982204
AVM,RIB,-0.019069817496496083,-0.030744162661767237,0.02077058212926451
BWM02D,IL1L/R,-0.020978395515181648,0.0031616057882744844,0.02076710638073721
AVB,SMDV,-0.021021914634733182,0.004807718393480276,0.02071787394659488
BAG,URB,-0.021502528220029574,0.014026028605763992,0.02067869853824404
ASJ,AWC,-0.021384128502402046,0.01206859044289819,0.020670697994291415
RIM,RIR,-0.02109282102045095,0.0075616728936866925,0.020633609542020453
DVC,PVC,-0.02129529414830754,0.011183334236440053,0.020631847914836646
RIF,SAAD,-0.02076721344898792,0.0018799042253709274,0.020628424081774132
ASG,BDU,-0.02169913244146183,0.019985923763314987,0.020539425690143383
ASI,SMBV,-0.02086511234791024,0.005423435119479427,0.020526653161006433
AFD,RIG,-0.020396848196880875,-0.0026059135449920242,0.020511215271067033
BWM05D,RIA,-0.02099549038972961,0.008722190090056458,0.020471091693782244
AIA,URB,-0.020621059057013898,0.002125220507052528,0.02046868928037373
IL1D,RIM,-0.020382330524277896,-0.001707765873477535,0.020446151433916496
DVA,PVR,-0.020882270141870336,0.007195542844912852,0.02044400720530522
IL1L/R,RIG,-0.021346771419030637,0.015769577841844903,0.02042502023931757
BWM01V,IL1L/R,-0.022357793043603632,0.034773261666082446,0.020364457019808598
ASJ,RMDD,-0.018504749967712248,-0.032530743080824626,0.020307002379800817
IL2L/R,RIS,-0.018515960781150205,-0.03185643159891193,0.020280229059886946
AUA,AWA,-0.02080201605934649,0.008751350206087746,0.020276282448337173
AIY,AVH,-0.020650605178174426,0.006507296556755059,0.02025146066968188
AIY,SMBD,-0.02029741812040573,0.0002549310530490503,0.020250866285962402
RMDV,URB,-0.020928624210605203,0.012528949780882773,0.02018999626406282
SAAD,URYD,-0.01975227396906673,-0.007835874012203922,0.020162130585609922
RIG,URB,-0.021052990207296677,0.015847061428540022,0.020127342432819422
BWM04V,URB,-0.01980909040006414,-0.005936622616078442,0.02011192167425865
AVA,BDU,-0.021360148260296693,0.021762219622980215,0.020100966906759568
AIN,AVE,-0.020405701524416578,0.005275297596515611,0.020076311827301633
AIA,AVK,-0.021235764399269583,0.02040758104303182,0.020053051759806286
AWA,OLL,-0.02057623396286662,0.00880802819079047,0.020047667324657053
ADA,RIG,-0.021549066600284206,0.026330796916509094,0.02003235695661428
BWM06V,OLQV,-0.020271020192729687,0.004051905457952825,0.02001072586155448
AIZ,OLL,-0.020292559058043214,0.004561999803135078,0.020003510271048484
AIY,RID,-0.020288795333804913,0.006043290450229075,0.01991635011383152
BWM02D,URB,-0.0194758086730032,-0.008368995564074678,0.01991612066158032
AIY,ASI,-0.019972331844544527,0.0006674451873951657,0.01990306955714834
PVT,RMG,-0.01971744199752608,-0.0037782867868365456,0.019898895984770796
AVL,CEPV,-0.021329590425520985,0.025102360990201453,0.019882394644457953
BWM07D,SIBV,-0.020923703276685853,0.01854537376801572,0.019846335152117298
ADF,ASK,-0.020788540298189436,0.016205477203520356,0.01984313182925867
ASJ,RIM,-0.01958664747013258,-0.003478592446280853,0.01975143498683895
ADA,BWM04V,-0.021454379977832016,0.0296497905044062,0.019750948337426966
RMDL/R,URX,-0.01998715076551286,0.003828514364305341,0.01973988452669498
AIM,CEPV,-0.019956274773688065,0.003556227115576418,0.019724388341336715
BWM08V,SMDD,-0.019135971375575836,-0.010711159547715657,0.0197086953635227
AVB,AVF,-0.019411263758626486,-0.005728649633077848,0.019703016428885924
BWM06D,IL1D,-0.02123197505829436,0.027593146256975575,0.019644693264225556
BDU,SAAD,-0.021031645551258325,0.024293365364727783,0.019630471995103344
AIY,CEPD,-0.02028282840292683,0.011103783291903237,0.01962546729195147
ADF,OLQD,-0.019450122660784046,-0.0036153670256150834,0.01962282768853426
ALA,SMBD,-0.019128346854974002,-0.008615759402466021,0.019583103789976325
IL1V,RIM,-0.01966432379189432,0.0010650504930263577,0.01957316338482327
AIZ,URB,-0.019781188788407202,0.0038671691575038044,0.019532072856831808
BWM07V,RIP,-0.017496785018083938,-0.036289534453993716,0.019512270906203413
ADA,BWM06D,-0.01748746259646801,-0.036270199110953485,0.019501874618206284
AVE,AVE,-0.019994395696941603,0.008271658362519651,0.019496951740984952
AVK,AVM,-0.020788787144904532,0.022431777920621915,0.019492813427013977
BWM08D,IL1D,-0.022648905464545906,0.05565334155128619,0.01947947823473398
RIS,SAAV,-0.017584026282695,-0.03349178727183491,0.01944184977046345
AVE,AVL,-0.020193940408482425,0.01282954446860781,0.019439553260834023
BWM02V,URB,-0.02048163488960847,0.017935545661655953,0.019439303713054263
DVC,SIAV,-0.019770321849219605,0.005358979721819428,0.01943722844054286
ASH,SIAV,-0.01878886768479652,-0.011552258877874682,0.019409499442309144
AIM,SAAV,-0.020361088563050907,0.01652548818172681,0.019398340311825545
ALN,AVF,-0.01835697498091015,-0.018990236651508785,0.019397078829983348
RID,RIP,-0.019628913254562126,0.004414870550965075,0.019349201170118516
ADF,SIAV,-0.0191288263508361,-0.004135024885244798,0.019331299808970817
AVL,URB,-0.01971383354925676,0.0062882579519640365,0.019328507783853657
AIZ,AVF,-0.019679886425621882,0.00608259993502236,0.019306193854548463
ASG,AVF,-0.019208859994942946,-0.0020538770029504033,0.019294029803744547
AVF,SMDV,-0.01969921425567589,0.006671231497996912,0.01929234878650084
AIY,SIAV,-0.020283550001533632,0.017095999581089344,0.019288802748861723
ASG,RIB,-0.019402012605827804,0.0019180346061241835,0.019263241997705415
ASH,CEPD,-0.019630729213612415,0.006191548952132453,0.019250980369832943
AVD,PVT,-0.020557362310727426,0.022714368079417315,0.01924584478601758
ADE,BWM02D,-0.019345152313248154,0.0013558916156895828,0.019238122732497472
AIZ,SAAV,-0.01983058797942732,0.00998220512912913,0.019237093463800432
AWB,URYV,-0.01848501672406597,-0.013643158507927038,0.019223856238292918
PVC,PVQ,-0.02072362693129632,0.027031258944559374,0.019168787973739956
BWM02V,RIP,-0.0193877601105594,0.003405791301141831,0.01916524564446593
AVL,PVC,-0.017162503086548875,-0.03559621075714018,0.019139482442470237
PVR,SDQ,-0.01881301680687933,-0.006024258869669268,0.01912236243457834
RIR,SAAD,-0.019521602546945734,0.007282097094549415,0.019080624726822076
AIA,AVM,-0.02008553796846179,0.01734908516311003,0.019076855127532974
ADE,RMDD,-0.01855119853790613,-0.00951571211477329,0.01905754184065562
AIZ,ALA,-0.02048433417154814,0.024853450088455003,0.019052493886852997
BWM06D,OLQD,-0.022032824413799917,0.05278783926301084,0.019025713369224033
AVJ,AVK,-0.01877599380439081,-0.00483307528683574,0.019018329910902375
ADE,RMDV,-0.021119448004589907,0.037156283515226526,0.018993903029652107
BWM01D,RIP,-0.019209973068192235,0.003418807045002117,0.018987007792669378
AVD,SMDV,-0.018958728260632815,-0.0009567809275887003,0.018982524098445395
DVC,SMBD,-0.018843855813431603,-0.0023544269290559625,0.018946526761644836
PVC,URB,-0.01901551698199133,0.0008269358204566429,0.01893879256979703
IL1L/R,URAV,-0.019001836083992404,0.0010639636143298505,0.018911787790817754
AVB,SMDD,-0.019191879646343966,0.005234490048637363,0.01886671308389944
PVP,SMBV,-0.019020089742870908,0.0024800851009345645,0.018850279366339078
ASH,SMDD,-0.019360443333213292,0.008604116114590723,0.018845286369723862
AIZ,IL1D,-0.018685426599085075,-0.0033483315668223885,0.018844309549449663
IL2L/R,PVT,-0.01908014614372309,0.003748952122456187,0.01883879836824824
AIB,ASG,-0.018847824164639846,0.00012977516266758052,0.018810618613688285
AVB,OLQV,-0.019279735692262715,0.008652107813506874,0.01876200463841201
IL2L/R,RIC,-0.01933065583345783,0.00985283822268669,0.01874523822901336
AVB,BWM06V,-0.021677319841427633,0.051936095615841386,0.018718729209210153
AVM,AWC,-0.01700464529533815,-0.030858644305652067,0.018715131715088592
BWM07V,SIBD,-0.018705402777933273,0.0007156115174731627,0.018635438296171994
OLL,RMG,-0.018908931261950875,0.0048699788574582585,0.018604736939127273
PVC,PVT,-0.01667880242627174,-0.03459298234926958,0.018600063440003093
ASH,PVC,-0.01850922133574655,-0.0016522012122966296,0.01857288509279701
PVC,PVR,-0.01858260919582498,0.00014989436902976782,0.01854469157176796
AVJ,CEPV,-0.018427022812600016,-0.0016971858345361706,0.018493349771473207
AVL,OLL,-0.018864185329959936,0.006560710090959673,0.018464867268509818
AVK,PVC,-0.018129734481774594,-0.00639772640091327,0.018461191684034872
AVA,RIP,-0.01934531838552174,0.01586542701977428,0.018421345473409588
BWM05V,RMED,-0.019548813342395326,0.01947951191386751,0.01842103063771198
BWM08V,SAAD,-0.020283183030443484,0.032735331574663754,0.018407881366021176
BWM08D,RMDD,-0.018294888069710045,-0.0019914204895720884,0.018377991187992968
AVD,SDQ,-0.018103935858679775,-0.005009054360651983,0.018357246368855693
ADE,ASJ,-0.018530263637849563,0.0032334232319102046,0.018318814426969435
AWA,BWM06D,-0.016411143351931185,-0.034037839036360006,0.018301572239268864
RIR,URAV,-0.019458833254270943,0.02008243246513214,0.01829724652356265
OLL,RIM,-0.018698511785273368,0.007299249592161367,0.01825787389953975
AVH,URB,-0.019584215379725094,0.023471593089252445,0.018231606876484428
AIY,URAD,-0.01876967890676073,0.009284097998285385,0.01821717347051869
ASH,OLQV,-0.01876967890676073,0.009284097998285385,0.01821717347051869
ASJ,AUA,-0.018970760653633664,0.013162667363498968,0.01819955775234167
AVA,AVF,-0.019371683768620876,0.02061352556904991,0.018180332685260484
AVD,RIS,-0.017953064081363955,-0.004266955424822912,0.018164830876933966
RMG,URYD,-0.019205567058976417,0.018066734633023673,0.018157873688655266
ADA,PVC,-0.01781972777479165,-0.006009124300790818,0.018129796943242866
AWA,IL1L/R,-0.01984763450758448,0.030223759344578868,0.01811443501202928
AVH,AWA,-0.017749713337808896,-0.0068355986182736085,0.018106427278332973
AWC,RMF,-0.020966224917919267,0.05023240280651679,0.01810468681778136
ALA,SMDD,-0.01772235219507879,-0.0067562940221544444,0.018074644383100514
CEPV,RMEV,-0.017190531156737552,-0.01539357891412064,0.018029979592868305
AVH,AWB,-0.017854584876189315,-0.0034652429627386183,0.018021368373164672
BWM02D,PVR,-0.018193649111460847,0.0025774642980609967,0.018019666909226704
ADF,AIN,-0.018349699465753166,0.005905713312867399,0.017988076400957377
BWM07D,RMEL/R,-0.02082989691488958,0.049905778285946,0.017986965300960438
IL1D,IL2L/R,-0.018634568478167173,0.011065927400817294,0.017981953470508252
AVH,RIS,-0.016102762154471793,-0.03339823524180003,0.01795766806138773
RIB,RIR,-0.018472811620572654,0.00895141668718067,0.017939508358213573
ADA,AVM,-0.01770287892661952,-0.0044470392210819035,0.017925182011805908
PVT,SMBD,-0.018290518011829245,0.006499175638993727,0.017895574599202695
BWM02V,IL1L/R,-0.017995215070817933,0.0014704210073152684,0.017883878475823064
BWM03D,OLL,-0.018579309753276665,0.012021390291375389,0.01787298614054293
PVC,SMBV,-0.01829317882083743,0.007021621195950724,0.017868815477971613
PVQ,RMDD,-0.0162463976387869,-0.029012403270954733,0.017854136358540027
PVC,RIA,-0.01816682329617422,0.005214331081133042,0.01784441783051904
ADL,CEPV,-0.01783011390197565,-0.0002553575377127843,0.017816207229997393
AIZ,AVH,-0.01762139034610847,-0.0037654734699151984,0.01780544790550403
ASJ,CEPD,-0.018074029719366197,0.004883335219872238,0.01777040780374862
AVF,RIM,-0.018007734140981734,0.0037525979997247187,0.017767882278575467
RIB,SMBV,-0.018546605185849663,0.013586563472947765,0.017752208137878315
BWM05V,RMDL/R,-0.016044378934312667,-0.0307709161236757,0.017751449208527472
ADA,BWM06V,-0.019129040724926563,0.024078574013548133,0.017742978896873766
AWB,SMDD,-0.019052410301267267,0.022734880240511072,0.0177421251999493
RID,URX,-0.017684527850739578,-0.0013944653414524268,0.01773498830843721
PVQ,SMDD,-0.01775687261170909,0.0013702615289342287,0.01765155347120487
AVH,BWM06D,-0.01582474919106798,-0.03282161725148514,0.0176476302886332
AVD,BWM06D,-0.01579222066883182,-0.03275415086110504,0.0176113547478756
AIN,SMDD,-0.018822883443485677,0.021446783215394595,0.017585487299438544
AIB,RMDD,-0.018027166278884673,0.007505132373409458,0.017576001364497135
RIR,SIBV,-0.017519246538792024,-0.0012459677414347258,0.017561608195456855
BWM02D,IL2D,-0.018906331985128224,0.023693095258374427,0.017542327392362816
AWA,RIM,-0.018318236130077218,0.013615748820211084,0.017522558100676672
AVB,BWM06D,-0.01570933539032271,-0.032582241097849865,0.017518921766231585
AIZ,ASJ,-0.018512992998946997,0.017179963330928062,0.01751632693422363
BWM08V,RMDD,-0.02020625598209943,0.04841161409257359,0.017448440897110094
RMED,SIBV,-0.016001195502741455,-0.025950853815228114,0.017436946093977564
ASG,SMDV,-0.015606779012363518,-0.03236953212259641,0.01740455173609002
AIB,SMBV,-0.017224576776148557,-0.0032640069535802203,0.017381029301333534
BWM04D,RMH,-0.016882610626054232,-0.0085788307464017,0.017338850794011696
PVT,URB,-0.017695209991262905,0.0059623369346525215,0.017331437027788686
BAG,PVP,-0.017824686767253205,0.008312255158112528,0.01732839891005201
AUA,PVC,-0.01780298051669026,0.007970109049572552,0.01732599124431049
AWA,OLQD,-0.017384528930869253,0.0007020735014661301,0.01731742202229123
ALM,RMDV,-0.02004471463216182,0.04802458160619409,0.01730894723240928
AVB,IL1D,-0.01769326697093016,0.0063710844522060755,0.017306483020569603
RIG,RMG,-0.01721752255148772,-0.0017568837833558404,0.017289129392331543
CEPD,SMDV,-0.015751432228351302,-0.027539783588677105,0.01727704192778107
ASK,RMDD,-0.015714912868847318,-0.0277876202808561,0.01725453466585838
AVA,BWM06D,-0.015464393982931002,-0.032074215787282034,0.017245765121040257
ADE,RIF,-0.017374977338222488,0.0020736338389158115,0.017230661419724767
BWM06V,SAAD,-0.017237548635290045,-0.00019209411646198922,0.01722101998649943
RIS,URX,-0.017278568690489635,0.000888585131438724,0.017201128541403387
BDU,DVA,-0.01706735691154749,-0.002797056716199517,0.01719776773016111
ADF,PVQ,-0.018109661107808806,0.01625126202094287,0.01716592433957071
ALM,URYV,-0.01626292485767791,-0.0162873860435056,0.01715416958041221
URB,URX,-0.017057750379877123,-0.0021770349936653006,0.017153266811965148
AVA,BWM07D,-0.0197826898435916,0.047396803607232404,0.017082684433353607
AIA,AVH,-0.017212034066460137,0.002096790463218029,0.01706667282067743
BWM05V,SDQ,-0.01973573073649819,0.04728429557146605,0.017042134456879673
ALN,SIAV,-0.016835868575997927,-0.0040521197256744804,0.017037311520328575
ALA,AVE,-0.016982135850383807,-0.0013368303905287229,0.017030465456454463
AIN,SAAV,-0.0172190551760874,0.0033493789610051666,0.017003157206343742
BDU,SIBV,-0.016835054426984138,-0.0026254173889744834,0.016956169792767588
ASI,RMF,-0.019632724286082547,0.047037505244203776,0.01695318665953955
AIB,CEPD,-0.01782394294027949,0.015529087208195163,0.01692132065327474
AVJ,DVA,-0.01689157675246788,-0.0009493060578599029,0.016918230892779728
BWM06V,SDQ,-0.01953350143245733,0.046799779932640694,0.016867506061478438
IL1L/R,PVQ,-0.01686506253405217,-0.00011010492620256244,0.016844508458806237
AIB,RMDV,-0.017503594545368546,0.011452342970583335,0.016831016931893913
AVJ,RMDD,-0.018039152288776103,0.021228415139696685,0.016815294363056132
BWM05D,RMEV,-0.017275795589250936,0.0077081035478616415,0.01681439452661362
ADE,SIAV,-0.01710749074980523,0.005741719431117422,0.016757071718273522
RMEL/R,URYV,-0.016559014951539237,-0.0037895385361366835,0.016746112736216078
IL2L/R,RMG,-0.016725967695143777,-0.00035196529711752046,0.016719251945109537
AVF,BWM06D,-0.01499198849898941,-0.031094414351301922,0.01671894240642626
AVB,SMBV,-0.016779267605361567,0.0010218990085220246,0.016695113420387955
RID,RIR,-0.016459468982374312,-0.004151293102554071,0.016667092862843867
BWM06D,PVP,-0.014883549526234736,-0.030869504470208375,0.016598012154897607
AVL,RMDL/R,-0.017023065420199053,0.007319166828074435,0.01658396391329157
ADL,OLQV,-0.01682828585571323,0.004110785674505404,0.01657013762326408
AIY,DVC,-0.016588288394118512,-7.164419587506785e-05,0.016566007883454456
FLP,RIF,-0.017833229029378027,0.022526917316165653,0.01653658705987616
AVB,SAAD,-0.016635026756084626,0.002136004906656879,0.01648837290421182
BAG,PVC,-0.016861220765695684,0.006323810186204504,0.016478418432382864
ADL,AVE,-0.016769862110090166,0.0048889081297834956,0.016467995247009364
ADL,SMBD,-0.017523788935808884,0.018387868844946205,0.016460682305547463
AQR,SIAD,-0.01679797136735637,0.006339043281092629,0.016414411685645645
SDQ,SIBD,-0.017906784791640047,0.026003196578992426,0.01641429814592851
AWA,SIAV,-0.014957467138483001,-0.02599448894928607,0.01639733024547106
ALM,AQR,-0.01726476465312637,0.015190069498644635,0.0163821174133394
CEPV,SMDD,-0.017400646439943955,0.017712934965300832,0.01637573654605929
RMDV,URYV,-0.016824126938007444,0.008028547504211076,0.01634540013054003
ADL,AVH,-0.016360727153554286,0.00013547321025668085,0.016327146115602806
AIY,IL2D,-0.016952876570276488,0.010651868230827142,0.016326242402199237
IL2L/R,SAAV,-0.016930085878925204,0.010622141125663525,0.01630516161542257
AIZ,CEPV,-0.016408294915510466,0.0026935927433441075,0.016230606377336847
AVA,IL1D,-0.016347137138631538,0.0016743686173901116,0.01622693188414685
ASH,PVP,-0.015768384116717167,-0.008456617894972212,0.016219510748894893
ASI,RIF,-0.01716195806522538,0.017256627285664315,0.016163118698375
RIG,SMDD,-0.015512953969933891,-0.011873414234472475,0.016156864670465173
BWM08D,SMDD,-0.01811345194119466,0.03447002891298936,0.016143921985459105
RMDD,URYD,-0.016573968669900685,0.0074053599849049625,0.01613072656603993
RIR,SIAV,-0.0172835855784484,0.020087257711866004,0.01612517780954302
BDU,IL1L/R,-0.016523356371878163,0.00701744085962804,0.01610203590533331
CEPV,SIBV,-0.016140541423524404,0.0008816509077748098,0.016065296975083684
BWM06D,PVC,-0.014380197017704212,-0.02982551677864429,0.01603667757270931
BWM01V,RIP,-0.016297815279119336,0.004457424082723709,0.016020991457874834
BWM07V,IL2V,-0.014354005309325443,-0.02977119337565123,0.016007468794704972
IL1L/R,RIF,-0.015617251277959345,-0.007277924020767867,0.01600225262281604
PVQ,SIAD,-0.015031624323951331,-0.017586930050850567,0.01599799164841184
BWM03D,RIV,-0.016640666408952644,0.011055578374794539,0.01599179706104069
BWM05V,RID,-0.018477227600150713,0.04426908245008814,0.015955395893692118
BWM07V,URYV,-0.01846720184993116,0.04424506203032072,0.01594673849024687
IL2L/R,URAD,-0.01614035028293898,0.0034293636361738085,0.015921660038674724
SIBV,URB,-0.015968047204675213,0.00046447803573710386,0.015916564836748404
AVK,BDU,-0.018406379302702475,0.04409933895885361,0.015894217200727843
AVJ,RIS,-0.015571332286157499,-0.005914656859998887,0.01587964924946057
ALA,SMBV,-0.01673014793035446,0.014704833364092746,0.01587566943917676
RIB,RIC,-0.016191642272132864,0.005191895397097959,0.015873633294312538
BWM04V,RMH,-0.015411016946273934,-0.008392072102996645,0.015859076299430012
PVC,SMDV,-0.015491555320322571,-0.006814861956929423,0.015850683870797518
AVB,BWM04V,-0.018238302740028665,0.043696648935655884,0.015749080270234563
BWM05V,RMDD,-0.01642055005844293,0.01166678101838549,0.01573761680854998
RMF,URAD,-0.0166562017503552,0.015988948174478095,0.01572953992179484
BDU,SMDD,-0.014371797980031936,-0.02416775543701941,0.01570973797116644
AVJ,AVJ,-0.015462562760258862,-0.004692841930093879,0.01570225935188136
ALA,SIAD,-0.015040714331841527,-0.011658643548912497,0.015673281734369885
AIN,SAAD,-0.016703733811616803,0.018144073588483974,0.01565565466997963
ADE,ALA,-0.015419822771822628,-0.004531426656694772,0.015650498857423527
AIB,URB,-0.015163442962490673,-0.008951961972136838,0.015643419016764255
ASE,URAD,-0.016262089436616636,0.011168298895385861,0.015607474031346345
ADL,AIZ,-0.016389565107035833,0.013499202517640101,0.015603508578164864
PVT,SIBD,-0.0139613091630812,-0.02895671458344158,0.015569537278633866
AQR,SAAV,-0.015978378272298057,0.007036556788571481,0.015556846015289415
BWM04V,SIAV,-0.016838908922781143,0.02301523629849904,0.015516350013572799
BWM03V,RIP,-0.01583185415661741,0.005493136783292295,0.015497454861018861
AVD,PVQ,-0.015727611834849952,0.003848149792846908,0.015485997042986336
ALN,RIA,-0.014529971717529344,-0.017369676258446678,0.01548490259387001
BWM07D,URYD,-0.017885192619687785,0.04285064209038634,0.015444163759704484
ADL,RID,-0.014619694768955497,-0.014760020254496142,0.015427549570222925
ALA,SIBD,-0.014995837616154096,-0.007830534104228438,0.015412938811858675
AQR,RIH,-0.013807716612490115,-0.028638153079097138,0.015398252128064175
PVP,RIB,-0.01599299920806054,0.010188479728322155,0.01539397828229225
ADF,SIBD,-0.016148979660039194,0.013269509059471794,0.015376237408766652
BWM02V,SIBD,-0.016171489813052414,0.014024316844136976,0.015356213250274765
BWM04D,RMDV,-0.01640738823743768,0.01828505624645631,0.015351841325166524
AIY,AVK,-0.016883060481647005,0.027028637603203617,0.015334461488431763
ALN,AVE,-0.01648865052311117,0.020130276282657997,0.015329081664445481
RMEV,SAAD,-0.013711672881654102,-0.02843895178150669,0.015291144948489307
BWM02V,CEPD,-0.013711672881654102,-0.02843895178150669,0.015291144948489307
ADE,RIH,-0.015074280194993052,-0.004150507007731739,0.015284057169864819
AFD,SMDV,-0.016288226365173127,0.01754976774336496,0.01527426807390549
PVP,SAAV,-0.01565332916399807,0.007234135800986499,0.015221188075318417
ALN,RIC,-0.014898664863114636,-0.006056343919502551,0.015216026423621113
ADL,ALM,-0.015063443423453527,-0.002923588515522397,0.015204157323488699
AVM,RMG,-0.015444838380201246,0.003884853030646279,0.015201605623400342
AIB,IL1D,-0.015558955919530206,0.006927612772892795,0.015144222971408832
DVC,PVP,-0.01526710962883577,0.001900867202836158,0.015135864897033327
FLP,RIC,-0.014272244777627764,-0.015200738837666946,0.015105464910268075
BWM02V,URAD,-0.014057744912371191,-0.01887264010489692,0.015098047580751048
AIZ,URYV,-0.014324793261924372,-0.014007299649941674,0.01509073478491693
AVL,PVP,-0.017415026894508967,0.04139487053211091,0.015056709448334557
AVB,RIA,-0.015461499942570104,0.0068645806634996314,0.01505047054295766
BWM07V,SMDD,-0.01740543188370236,0.04170119651136016,0.01502988231864922
PVT,SIAV,-0.015194308760738157,0.002693997432979721,0.015018523209160526
ALN,RMDV,-0.014932930154181281,-0.0018360209957414438,0.01501261682450156
ASK,SIBD,-0.015545988173721607,0.009747706533563176,0.014972493589981243
BAG,IL2V,-0.014962401376994403,-0.0004076810266535767,0.01496162022138541
ASK,RIM,-0.015233698881415255,0.0046285773264953325,0.014948926499916032
ALM,SAAV,-0.01730598898844801,0.04146294400809748,0.014944011710951275
AVK,RIR,-0.015781875776767245,0.014489228203628407,0.014941040955986898
AWA,PVP,-0.013738782095821828,-0.021274598058234697,0.014914830282132602
PVR,RID,-0.016716280358280673,0.03169667972796223,0.014905117071583434
AVD,AVK,-0.01620006962524471,0.02290399028102298,0.014884787702335436
PVP,PVP,-0.01570005747800223,0.014038692112345319,0.014884719375111731
AUA,AVB,-0.01487793021252723,-0.0003679870151858183,0.014875048128671782
PVC,RMDD,-0.017203359742999864,0.041217057415863394,0.014855389636426271
RID,URAV,-0.015766224690905467,0.016021695379150405,0.014839130857462022
RIF,URX,-0.015243602107706514,0.006843461466807234,0.014834107456698855
ADE,AVJ,-0.015153727079502743,0.005375044731892944,0.014827052551486293
ALN,SDQ,-0.014884901877126345,0.0011877586758604851,0.014794414223026485
AVM,BDU,-0.014824928912876725,0.0005045005381347697,0.014773006475961692
PVQ,RIF,-0.014818102388768547,0.0005417365403093245,0.014764094249702153
AIA,SIBD,-0.01347450508597515,-0.02326330764029662,0.014762944556306092
AVJ,PVR,-0.014493504702346794,-0.005121631166794523,0.014758881027074648
ADL,RIM,-0.01703513268467987,0.04081400682427778,0.014710122750418714
RMDD,SDQ,-0.01611223690547803,0.024767312438815053,0.014692182055604837
DVC,SMDD,-0.01464617452536956,-0.0010811264779761929,0.014683812595696488
ADL,SMDD,-0.013770440604957414,-0.01652223396263145,0.014678862056633659
AIA,URAD,-0.015568742449815919,0.015398063283900698,0.0146770747902197
ALA,OLQD,-0.014582182807855974,-0.0017763800897531345,0.014659067862073672
BWM01V,IL2L/R,-0.016971700422172428,0.04066203120760489,0.014655347927991861
AFD,RMF,-0.016939506939327328,0.04058489972569288,0.014627548315674147
DVC,URAD,-0.016355331040894053,0.030435577354292098,0.014615745286243837
AIB,IL1L/R,-0.013946136283669558,-0.012128544885908437,0.014606897304903896
BWM07D,RMDL/R,-0.013921571699689658,-0.012396658835412326,0.014597467542551368
RIM,RMEV,-0.015484754761429971,0.015456156553478113,0.014589949457109879
BWM03V,SDQ,-0.01689060179732064,0.04046772923829194,0.01458531790541782
ASK,URX,-0.014546105318690753,-0.0007453879894474628,0.014564998753043725
IL1V,RIV,-0.015329492542493845,0.013153772754924237,0.014564566663581307
PVR,URB,-0.01462989354589157,0.0011156500576284156,0.014543870411587716
ADF,RMF,-0.01684093840591279,0.04034874208196297,0.01454243273408783
ADE,AWA,-0.015534723094104006,0.01735837264736399,0.014532736386747845
RMF,SIBV,-0.01473103991805412,0.003531959155189808,0.014508808767671003
AVB,AWB,-0.014746148556303608,0.004329029810845237,0.014479015272190478
IL1L/R,URYD,-0.01356118121564164,-0.016559399801702762,0.01447202720071873
RMF,URX,-0.016886042838145935,0.04301978240897876,0.014437075695463502
AVD,URAD,-0.014495787586233336,0.0009160859712473066,0.014421213418457373
RMDV,SMBD,-0.014950680167499177,0.009033586209003911,0.014418337675075606
AIZ,AVL,-0.015359121883230811,0.016352645690805655,0.014414040060690856
RIV,RMG,-0.014349661425458024,-0.0015214148566769993,0.014412559802699312
ALM,AVA,-0.013899128125194013,-0.008345671995138762,0.01434697331403554
SAAV,URYV,-0.015198095391732273,0.015137024066046409,0.014321713216984297
AVJ,PVQ,-0.014707098604455649,0.006494244170828225,0.014318117307410777
OLQD,RIF,-0.01426718565722322,-0.0011894737679587178,0.014311525297967335
AVJ,FLP,-0.014591825575626657,0.004576866836636094,0.014310982912432765
BWM07D,RMDV,-0.014563049278921906,0.004087438201800502,0.014309808992867224
PVQ,RIS,-0.012961580672230749,-0.023895478607288145,0.014286427480638434
ASE,RID,-0.016487586133435966,0.03916727663444544,0.014256162074766598
RIR,RMG,-0.01650715030438006,0.03954902833121122,0.014254201110826602
SIAV,URB,-0.01436247999128108,0.001683893740243619,0.014244886739531799
IL1L/R,SMBD,-0.01464218878456209,0.007434766714435449,0.014200355391608136
AVD,RMDD,-0.015579668309280915,0.024075539490480833,0.01419940778197922
PVP,SMDV,-0.014844936461585521,0.011136708020620186,0.014194347805040707
AIN,AIZ,-0.014791822550090674,0.010239470455591489,0.014191836100999314
IL2V,RIP,-0.014390055116139666,0.0035551282795724965,0.014167060365754158
ASK,SAAD,-0.015066282276765442,0.015716826137680023,0.014157464096605014
BWM03V,RIH,-0.015027376764975814,0.01513791373360873,0.014151215313103954
AIZ,PVQ,-0.015160977314619161,0.017612773585840975,0.014145259729539453
AVK,OLL,-0.014364764683929518,0.0037675680677647693,0.014129848869014704
BWM08D,SIBV,-0.014355440313323385,0.0037902693708014913,0.01411926111852815
ALN,ASJ,-0.013835501029919546,-0.005402873576022956,0.014117756197398294
RIS,SIAV,-0.01472812729393379,0.010599200896244597,0.01410798766821936
RIS,SIAD,-0.013997350032401448,-0.001934929534439849,0.014084089767471103
AUA,RIH,-0.01430345074633972,0.0037342826993932527,0.014070506290255531
ASH,URB,-0.014660817749874542,0.010106912959112927,0.014068502617212498
RIF,SMDV,-0.01507159604580635,0.01740887630843214,0.014067500454967335
DVC,IL1L/R,-0.014586780798102852,0.008865860502191607,0.014064459174261782
AIA,ASG,-0.014196859697256823,0.0020766772895298383,0.01405741393665372
ALM,SMBV,-0.01348724009992314,-0.010336019360306438,0.014047802944829605
OLQD,SMDV,-0.015009266792109052,0.01680329785695222,0.0140393664889416
ASH,ASK,-0.014105365030002318,0.0008623210720058672,0.014034437370041083
RIP,URAV,-0.014178179992223698,0.002411157734274823,0.014019931318480148
AVA,SIBV,-0.014457222165229119,0.007361901199078175,0.014019784799647323
RIM,SMBV,-0.014123640952861113,0.001550838595984875,0.014013918096796973
AVD,SAAV,-0.013958759474732145,-0.0011899287269139679,0.014003613994475424
AVL,IL1L/R,-0.015032942286528947,0.01797109132380736,0.013997253129017388
ADE,ALN,-0.01375328888717502,-0.004520338908804143,0.013985984347933881
OLQD,SIBD,-0.01619629084717257,0.038804248690060085,0.013985768756450922
AQR,RIB,-0.014061397145563313,0.0011754908761649435,0.013972906559285287
BWM02D,CEPD,-0.014206414965193606,0.003789101443399371,0.013970537931332539
AVL,RIM,-0.014039453706772814,0.001181068874583475,0.013950683866915071
ALM,RMDL/R,-0.014350371451570254,0.0070576474188930845,0.01393023425237224
ASG,PVQ,-0.01473806618726635,0.014415349220830743,0.013903046856966703
AVF,RMEV,-0.016071474098975542,0.038505203668985535,0.01387798740122041
BDU,SMDV,-0.014517580280706157,0.011034583400241639,0.01387326092813124
ASG,AUA,-0.014460049859837426,0.01012486799605336,0.013867042271415702
BWM08D,IL2D,-0.01605019013641498,0.03845421000728218,0.013859608342619782
AIB,IL1V,-0.013836712715239764,-0.0007603741076340672,0.013857575250770759
BDU,SMBV,-0.013985261259737659,0.002027781063840624,0.013848904209239584
RIR,SMDD,-0.014285446317966154,0.007715022363938157,0.013828399354151769
PVP,PVT,-0.014915787121347338,0.019236472610970085,0.013809037939740176
AIB,OLL,-0.01301477781375525,-0.014358528858257143,0.013802573007706166
ASE,URB,-0.014608693861291652,0.014304746732138577,0.013780107105778172
DVA,SMDD,-0.014207592172330297,0.007202277921643765,0.013779538209205133
ALA,PVR,-0.012335054018778008,-0.025583749662790232,0.013755950902310786
ADA,RMEV,-0.015897105907310805,0.0380874397045791,0.013727417543583576
AVA,RMG,-0.013618781829357461,-0.0023044922816611887,0.013726929909990622
AVA,BWM05D,-0.01585198932231605,0.03797934611693596,0.013688458615840712
ADL,AIN,-0.013857839733433375,0.002749418844071739,0.013681053811042329
ASI,ASI,-0.013207948607465225,-0.008491603498607569,0.013665106738284243
URB,URYD,-0.014522498591591663,0.014844130504791084,0.01366367917295669
ASH,AVH,-0.013584935513932356,-0.0015586025020613095,0.013651140800773696
RIM,URX,-0.013187020261940671,-0.007910553040368947,0.01361149619946353
ADA,SDQ,-0.013416647296011096,-0.0031547478941375442,0.01357298871271154
ASE,IL1D,-0.01389314176538433,0.00534008670432804,0.013570435203216014
ALA,AWC,-0.014308004794084178,0.01308696268863346,0.013548460988647112
IL2D,RMG,-0.01568888083703397,0.037588558973998876,0.01354761170348927
ALN,RMDD,-0.013230579387513574,-0.005756672129915675,0.013533714384684923
BWM05D,SIAD,-0.012122677471659583,-0.0251432661101885,0.013519110321757514
ADF,ADF,-0.013924403986080771,0.0068843363346024035,0.013514700593808476
ALA,RMDV,-0.015640711138626005,0.03747315051572989,0.013506016361113744
AIY,CEPV,-0.013796811369980696,0.005465897117636973,0.013467174004991487
AVJ,SIBV,-0.013739606153893729,0.004921819998171013,0.013440693184894704
FLP,RID,-0.012567830640477394,-0.01534643103033767,0.01341195755670827
AVK,IL1V,-0.014115095941267192,0.012190981989404605,0.013406305336572716
ALM,URYD,-0.01200923164448464,-0.024605789025057907,0.013375582413498907
BWM06D,URX,-0.011952999912460434,-0.024791343192677485,0.013329887301735534
RID,RIM,-0.013102569577952297,-0.004208705650611366,0.013318751128643046
FLP,PVP,-0.013393428651629187,0.0011705164706001727,0.01330627775636252
AIB,ASI,-0.013789318684781162,0.008271826662390507,0.013301708499209936
PVR,RIV,-0.013390063120673592,0.0013067685411852277,0.013295246044667872
CEPD,DVC,-0.01498566366722176,0.029660404172890013,0.01329189589912864
AIB,RIA,-0.013184995947305137,-0.0021872680435018306,0.013287231972902682
OLQV,RMED,-0.01398977082919537,0.012129696840933926,0.013284629621745222
RMEV,SIBD,-0.013433435898451092,0.0024477140028481437,0.01327431036860832
BWM04V,RMDD,-0.014367598156758957,0.01926412451210598,0.013260161669840358
ADE,OLL,-0.013488769923356738,0.003791808323984972,0.013253878897301619
SDQ,SIBV,-0.012886776049886882,-0.0067726062549299144,0.013247657457641032
BWM04D,IL2D,-0.015335411227934482,0.03674169083947971,0.013242384768387551
ADE,RIM,-0.014389365501837297,0.020292460098523913,0.01322399520658268
AVJ,IL1D,-0.01320664287692394,0.0002789736572562496,0.013169985599057956
ADA,AVK,-0.013921023993116694,0.012955518704580296,0.01316949486924692
IL2D,RIP,-0.013162263755520398,-0.00031212219059754037,0.013158957863942913
AIZ,URX,-0.013142065477495395,-0.0006460508712015323,0.013157593105574808
BWM08D,RMDL/R,-0.013485747655538635,0.005760034120309502,0.01314004268453399
PVT,URAV,-0.013419762792741973,0.004613417402252159,0.01313872145931947
AVB,RMDD,-0.015171107286553385,0.036348039536087465,0.013100505559646949
ADE,RMEV,-0.015171107286553385,0.036348039536087465,0.013100505559646949
RMH,RMH,-0.012768974700301113,-0.006139573698592822,0.013094400792922104
AQR,RMF,-0.015142884860988559,0.03628042220131693,0.013076135021884922
ASE,AVF,-0.012688226442310225,-0.006991583195895603,0.013061752063866892
ASG,SAAV,-0.013140635241627998,0.0010311148729181061,0.013061734208084772
AVH,PVT,-0.015644881825521213,0.0454851551389111,0.013059073525035877
IL2V,RMH,-0.013366414947527981,0.005563077205141085,0.013031988714084206
BWM08V,IL1V,-0.015085682901989233,0.03614337359781176,0.013026740171018791
AVJ,SIAD,-0.013220174170451635,0.003269342806963246,0.013015126056751598
OLL,RIS,-0.013498842774586533,0.00836243048529384,0.013006592030840987
BDU,RMDL/R,-0.015056694246405164,0.03607392047356936,0.01300170798078556
ADF,CEPV,-0.01379032936199317,0.013736744485270468,0.012995021523096333
AVA,RIG,-0.013181105843139081,0.0029345660066601377,0.01299496893548408
ASK,RIB,-0.013335131114294654,0.005701030189184313,0.012992987219492824
AVH,AVH,-0.013036505694625555,0.0008071664286757303,0.012970379009223314
AIZ,SIAV,-0.013111070993580944,0.002328473510202145,0.01295917053987315
AIN,ASG,-0.01326959393458922,0.005226697445601501,0.012954260774326865
ALN,AVH,-0.01331317229757644,0.006285545695155521,0.01293815274852248
BWM08D,RIP,-0.01496812018156739,0.03586170830277751,0.012925222790421355
AVL,RMDV,-0.01496812018156739,0.03586170830277751,0.012925222790421355
AVF,RMDV,-0.01487702708813881,0.03564346086052648,0.012846562376625174
AVB,BWM02V,-0.014846077817614732,0.03556931035276365,0.01281983716251196
BDU,SAAV,-0.013623786187552521,0.01394010840806995,0.012817292362761894
AQR,PVR,-0.013685129163836176,0.015472125794683647,0.012792279513914121
ASH,AVE,-0.013041991961881274,0.004141322718913533,0.01278813065444993
AUA,AWB,-0.013233509053095404,0.007961103370196189,0.01276427548563332
RIS,SMBD,-0.013049092451465984,0.004769932568714367,0.012759826709959824
PVQ,SIBV,-0.013013195073021,0.0047193647067223675,0.012726833442875077
AFD,BAG,-0.012789818479275246,0.0008772115948326765,0.012720139304795838
ALN,RIF,-0.01137809455848296,-0.02359894998275991,0.012688757574151806
BWM05D,RMDV,-0.013380757818655435,0.011924586167306567,0.012688131227295918
CEPV,SIBD,-0.012972733267582998,0.004700000185276403,0.012687526120459276
ADL,BAG,-0.014686680527047798,0.035187414759380864,0.012682194929033353
BDU,RIG,-0.014653826653605538,0.035108701065763304,0.012653825058360317
AIM,AIN,-0.014653826653605538,0.035108701065763304,0.012653825058360317
AIA,AUA,-0.012981106765911537,0.005482159861079947,0.012651847715100178
AQR,FLP,-0.012248208530860024,-0.007429564352843517,0.012647092198556321
AVD,AVF,-0.012623537408757513,-0.0005722778915062799,0.012635733884369527
AVF,RIF,-0.012538315567137645,-0.00196567773440347,0.012629101042579366
DVA,RIG,-0.013204149721597952,0.01006378712467036,0.012616573484163075
AIM,FLP,-0.01437374864625927,0.03082444710378155,0.012615411444352772
ASI,SMDV,-0.014691350558730783,0.03647616608248647,0.01261429585912367
ASG,AVM,-0.011306911899675677,-0.02345131225693519,0.01260937525785564
AVK,RIF,-0.014587090394332541,0.03494880949392693,0.012596197179318761
BWM07V,RMDD,-0.01342955594691251,0.014491989299960177,0.012592297200944824
AVK,RMG,-0.012265825561359675,-0.005851929403455677,0.012575854321774216
ADE,PVP,-0.01266404790024546,0.0012639666751934268,0.012572792428618314
AVJ,SAAD,-0.012314321326483217,-0.004461829927487446,0.012546005169875422
ASI,CEPD,-0.013142866865121231,0.01044634062291399,0.012533848597640061
RIA,RMED,-0.010546099100001233,-0.0352675900741346,0.012515071581152691
AVA,OLQD,-0.012570485390604133,0.0012102102247139427,0.012482405035655316
ALM,RID,-0.012104076792125844,-0.007010985708517993,0.012479621499406575
CEPD,DVA,-0.014449296049056983,0.03461867180421692,0.012477209451378143
AVD,SMDD,-0.012629027908187781,0.0026155871829349558,0.01246172651738711
AIM,SMBD,-0.012519442319768068,0.0008419597290410736,0.01245217686541633
AVK,PVP,-0.01271241866876224,0.004468410361544331,0.012440663868741951
AUA,RIR,-0.012850724793651385,0.006970932249463005,0.012437848916068688
AFD,SAAV,-0.011966500827263811,-0.008653427839814046,0.012434739630718667
AVJ,SIBD,-0.012741220213922514,0.0051256401217700896,0.012432415143119505
RMH,SIAD,-0.012781889943036914,0.0058743108218763706,0.012430867295446962
RIP,SAAV,-0.01437811035105928,0.03444811994426682,0.012415739407381235
AVK,OLQD,-0.013329529757163082,0.015918889256092573,0.012412089688089612
ADL,AUA,-0.014341915337924666,0.0343614013057669,0.012384484406553325
AIN,AIY,-0.012582026435395882,0.003180943080407156,0.012382967876246053
BWM08V,URX,-0.011593863425711927,-0.014157131053691862,0.01237257316971723
BWM07D,SIAD,-0.011082726137481262,-0.022986335580772097,0.012359365137668991
DVC,SIBD,-0.011082726137481262,-0.022986335580772097,0.012359365137668991
AVK,RIA,-0.012814383345538527,0.008076572615074593,0.012339313280214955
RIC,URB,-0.012516535168973754,0.0030750655135818573,0.012323541817309387
DVC,RIS,-0.012253576195834831,-0.0015283796595483932,0.012320191783277637
ADA,PVR,-0.01287490576665552,0.009921076543827257,0.012295886974652255
CEPD,RMEL/R,-0.011004147085208645,-0.02282335722664234,0.01227173442414583
BDU,SIAV,-0.012483701592785484,0.0034605868623728063,0.012269053979887016
ALN,AVD,-0.012421338679199435,0.002548877374237079,0.012258122770994017
AVL,RIC,-0.011967703202790057,-0.005249508201648611,0.0122442862330225
AFD,RID,-0.013622716029872547,0.02419023351488699,0.012239102139793467
AVH,SMBV,-0.012515414663683338,0.004688022966347533,0.012231607334675418
CEPD,URYD,-0.012385942255734594,0.0029632492605310475,0.012199451754736813
BWM06V,RIA,-0.012703681571597165,0.00898188958922532,0.012177814261102695
BWM02V,IL2V,-0.012184372328536466,0.00016700860957753893,0.012155640766346665
AVM,DVA,-0.011826865521912457,-0.006004012961127822,0.01214615350764494
RIP,URAD,-0.012223664046001318,0.001261387574578448,0.012133252378055633
AQR,IL2V,-0.013709888019950501,0.027804223589388145,0.012122654201619738
RIF,RIG,-0.014036615427233157,0.03362994162951672,0.012120852813827146
AIN,ASH,-0.014036615427233157,0.03362994162951672,0.012120852813827146
BWM01D,IL2D,-0.012411002046349436,0.004849461362173534,0.012118270742047377
AVB,BDU,-0.012098156743788094,-0.0006677031212834096,0.012116559452191509
ALM,RIF,-0.011868168428090228,-0.004284093711005166,0.012090552775644824
ADE,PVQ,-0.011915255123084393,-0.003131118916565565,0.012072647827286485
RMDL/R,SMBV,-0.012120331966350038,0.0007851467892392687,0.012056898417946188
BAG,RMDD,-0.013955516802381355,0.03343563966020376,0.01205082279125309
IL1L/R,RID,-0.013955516802381355,0.03343563966020376,0.01205082279125309
IL2L/R,URAV,-0.012215012685140525,0.00270173989462488,0.01204351732402805
AVE,AVJ,-0.012202355924369971,0.002520406899187038,0.01204109039125892
RIP,SIBD,-0.01317868740788807,0.020656652851884113,0.011994732173909936
AVF,RIR,-0.01075536668818966,-0.022307369587783687,0.011994296569261629
AVJ,RMG,-0.012392636655762948,0.006755986715711314,0.011992589719654062
ADE,AVD,-0.012289407477942684,0.004937388545186577,0.011991918420581225
PVC,RIS,-0.012795877129186888,0.014219759428615855,0.011974951198126456
AVH,AVL,-0.014243208644162463,0.040183159988583586,0.01195814672008478
BWM04V,SMDD,-0.012670247221570521,0.012310375068182092,0.011957026318303815
OLL,RIC,-0.012131438367746878,0.0027814516832520247,0.011955587499776701
ALN,IL2L/R,-0.011284437170778535,-0.012217059815844925,0.011954404235771189
AIM,RIG,-0.013440931808281605,0.026033287098980975,0.011953835227754731
IL1V,SAAV,-0.013829884049956196,0.03313463959699647,0.011942336802687291
AVE,PVR,-0.011145336137148819,-0.013609439626582003,0.011893920239922072
AIM,SMDD,-0.011972023083430887,0.0013189720478318878,0.011878768369938994
AVB,DVC,-0.013163100707566901,0.02250527464176801,0.011875085628897058
ADL,SDQ,-0.011125613914428187,-0.013585357051044075,0.01187287336066185
AUA,RIF,-0.00962843268482287,-0.03987025467576965,0.011858008732293637
OLQV,RIP,-0.012157850015559388,0.005179515955102619,0.011846936939187402
ADE,URX,-0.011693311258061759,-0.003045702105084847,0.011846246739083997
PVR,SMBV,-0.01313552683294503,0.022832666077722205,0.011829122088811041
AVH,AVK,-0.012362574157877181,0.009313028077453473,0.01181860357331164
ADF,RIM,-0.012455293512870285,0.010966408055773614,0.011818084145958047
ASI,PVQ,-0.01315942867276645,0.023684249203658803,0.011805038582745337
ASJ,PVR,-0.01057736691350713,-0.021938185823482503,0.011795792682904281
ASG,PVR,-0.01057736691350713,-0.021938185823482503,0.011795792682904281
ADA,URB,-0.012082596076722175,0.004930419909240409,0.01178582744991515
ALA,IL1D,-0.011771819206679876,-0.0003970865372974214,0.011775502828973312
ALM,AWB,-0.0129347674509298,0.0202319487206753,0.011775111640715999
ADA,DVC,-0.013135035183519213,0.024005487812009754,0.011762596810957003
AVA,RMH,-0.011631693180675015,-0.0023960867632919413,0.011748150546758578
AVB,URX,-0.011841067424316107,0.0014405295379031568,0.011741176290857806
PVT,SIBV,-0.011334348562196906,-0.007360405146895193,0.0117307879742107
DVA,SDQ,-0.011632192623780896,-0.0020192322544890684,0.011727430828424703
IL1V,RIC,-0.011858644905398652,0.0023139008895293914,0.011709551696982672
DVA,FLP,-0.011916689532797294,0.003376410583122961,0.011707680833957627
BWM05D,RMDL/R,-0.010484278848192342,-0.021745114779287512,0.011691981637236223
ALN,SMBV,-0.011235444599092096,-0.008383443956170997,0.011689641953829962
AIZ,AUA,-0.011876107640697749,0.0031110304855407685,0.011682105245626843
PVC,SIAV,-0.012038245977608065,0.006017505043361364,0.011680340598789186
PVP,RIA,-0.012560960445866685,0.015297567560849957,0.011679722393795725
RMG,SMDD,-0.011749156912044034,0.0009286363589524729,0.011678233147764946
AIM,AIY,-0.012260634976824296,0.01001585654258068,0.011677254134503462
RMG,RMH,-0.011593810427855093,-0.0017116915599436177,0.011671793786169138
DVA,RMH,-0.012167129543745521,0.008520532720967151,0.011668089556651294
AVB,RIR,-0.011856093903783695,0.003038772691593094,0.011666191650730814
BWM05V,OLL,-0.013468574750575193,0.03226898856371316,0.011630340163556786
ADE,RIA,-0.011533384335876216,-0.00198321804412859,0.01162675154262061
AVM,SAAV,-0.010388235117356327,-0.02154591348169706,0.011584874457661352
AVE,SIBV,-0.011846936666663935,0.004482976027517898,0.011575734695809891
RIP,URB,-0.011692551982938624,0.0019606897335742446,0.011563609408055186
OLL,RMDL/R,-0.011838750542900634,0.004571925414593006,0.011562553362697186
CEPD,SIBV,-0.011930807238618982,0.006547298524987482,0.011543242866195406
DVC,FLP,-0.011476474081361293,-0.0014361349856882592,0.01153912866991383
ADE,BWM04D,-0.011694104835827949,0.0025929742711259234,0.01152955972804454
IL2V,RIA,-0.01161028765096405,0.0012104930455564239,0.011523714554307951
DVC,RMDL/R,-0.011855954639646504,0.005627632840543196,0.01152028974925347
ASK,RMDV,-0.013321836518752671,0.031917422461714265,0.011503629239594925
AIM,AIM,-0.011447914256382087,-0.001157556754086519,0.011494929116061552
AFD,ASI,-0.011788202632672141,0.005009966386246078,0.011487422233579925
IL2L/R,OLQD,-0.011644349559628413,0.002494680749369659,0.011485417685867088
OLQD,SAAV,-0.010289041856386462,-0.021340179842182744,0.011474254947956381
RIR,SIBD,-0.011391148257727754,-0.0016718932047795501,0.011467212301759946
ASJ,RMDV,-0.013271390994614728,0.031796561415044985,0.011460068683536228
CEPD,URB,-0.011522481963742805,0.0011918586723867906,0.011437097342543435
AVF,SIBV,-0.011406843472683817,-0.0008328091443140243,0.011435638934993443
ASI,AVA,-0.012149505655883856,0.012391043026623368,0.011432568897445736
PVQ,URX,-0.01131218259236479,-0.0024440307252281248,0.01143184623576586
AQR,RIM,-0.011874797096335436,0.007882071866112048,0.011412168662625937
URX,URYD,-0.01154183925071167,0.0020375885697653286,0.01140880605219569
PVT,SMDV,-0.011887013305997998,0.008466585266484439,0.01139145512401478
ALA,URX,-0.011182834267139683,-0.003870191326484582,0.011383001466798824
AIB,OLQD,-0.011960951775577676,0.009943379316071395,0.011382127075828604
IL2L/R,RMEV,-0.011431313215312527,0.0010407227801875216,0.011354582753432523
RIA,URB,-0.01155952822029608,0.00331857791000662,0.011354342297680974
AVK,URAD,-0.01250923085293202,0.020776126534333306,0.011319610760914861
AIM,SIBV,-0.011517993403251632,0.003278453292758756,0.01131513253963931
AIM,RIF,-0.011376249205277623,0.0007810344755401761,0.011314227550461653
SMBV,SMDV,-0.011452397544279918,0.0022897179709170435,0.011305310366764933
ASE,SMBV,-0.011671456432391456,0.0063190584446137016,0.011297154274655141
RIR,RMDV,-0.013061268166962528,0.03129313389965815,0.011278624098123123
ADE,SDQ,-0.011371727070681119,0.0014599676457450305,0.011271486021065176
RIV,RMH,-0.011296403323799992,0.000648758703824334,0.011241955968731008
ADE,AWC,-0.010080329905016377,-0.02090729691298308,0.011241501094474936
ASJ,AVB,-0.0130065108578416,0.031161942365696662,0.011231340243423486
BWM05D,OLQD,-0.0130065108578416,0.031161942365696662,0.011231340243423486
AVE,RIR,-0.011635683139904242,0.007069623020275885,0.011219178036047803
BWM06V,SIAV,-0.010904624066536495,-0.005724402849308042,0.011209631890817048
ASE,ASH,-0.011619814030163586,0.007005157817349974,0.011206963740543547
DVC,RID,-0.012812887412549519,0.02831441844026816,0.011198350578341653
AVJ,SMBD,-0.010144070340273856,-0.018385031164504535,0.011163127081460302
AVE,DVC,-0.011208927946314754,0.0005504642601341435,0.011160153713379379
ASK,AVE,-0.012894105479670846,0.030892633405404712,0.011134276314347895
RIF,SIAD,-0.012894105479670846,0.030892633405404712,0.011134276314347895
AVK,RID,-0.009742258863566439,-0.02485128495168214,0.011126028151937152
BWM01V,IL2V,-0.011572214268525076,0.007655602530190494,0.011122816929608594
AVB,AVL,-0.012943069755875935,0.03199362200300832,0.011121172993082424
BDU,BWM02D,-0.009970313292893317,-0.020679114899428867,0.011118811472483859
ADF,BWM06D,-0.009970313292893317,-0.020679114899428867,0.011118811472483859
AIA,AIY,-0.011556419866628042,0.007677896621560508,0.01110579233897488
ADE,DVA,-0.011335534160779766,0.0037866746856949386,0.011104347902376667
RIP,RMEV,-0.011204632740408052,0.001699534428150759,0.011091168217926146
ADE,DVC,-0.011529084993736179,0.007477336119300274,0.011089793161428475
BWM03D,RMDV,-0.012431522461841326,0.023511716662224427,0.01108800131565317
ALM,RIV,-0.01283638815994638,0.030754350063283642,0.011084436440853067
AWB,RMF,-0.01283638815994638,0.030754350063283642,0.011084436440853067
PVC,RIR,-0.011255182584732145,0.002777213069946115,0.01108096039039751
AQR,SMBD,-0.01112821128086951,0.0010416665639416262,0.01105190849738548
BDU,RMDV,-0.012777611747939106,0.030613529271031822,0.011033682023411179
ADE,AIZ,-0.012777611747939106,0.030613529271031822,0.011033682023411179
SAAD,SIAV,-0.011206184159804117,0.003012384687199499,0.01101879861937355
AVJ,RID,-0.010279635696741608,-0.013073757425093513,0.010999432094910578
AIA,RIA,-0.009856144142821963,-0.02044232023681998,0.010991490974288289
RMED,URX,-0.009856144142821963,-0.02044232023681998,0.010991490974288289
AIA,SAAV,-0.009856144142821963,-0.02044232023681998,0.010991490974288289
BWM06V,RIG,-0.012717736648018407,0.03047007616256467,0.01098197887053118
RMF,SMBD,-0.010395464582234991,-0.010438827338990358,0.010966720464325397
AWB,RIM,-0.011200708227382459,0.00405701160798652,0.01095451482995525
ADF,RIB,-0.011139744489952363,0.0031614590265900827,0.010944070881217478
AIB,URYV,-0.010896401833954458,-0.0010926131468124254,0.010940634992833204
BWM06D,RIF,-0.012656721001680032,0.03032389045024077,0.010929290836692687
SMBD,SMDD,-0.011021716922197429,0.0013946907862698928,0.010925706441300018
ASE,BAG,-0.01106415137303367,0.002407499342582968,0.010911048531090923
AVD,CEPV,-0.010507425558142882,-0.007400194282359342,0.010907417018306598
AIA,SIAV,-0.012212609874503944,0.02320470161066174,0.010886722131124042
RMDD,SMBV,-0.011500417462167798,0.010577484272875658,0.010886620751611365
SDQ,URX,-0.01276298211711037,0.03300692809360917,0.010884317971711119
BWM08V,RIM,-0.010558512994590815,-0.005971530463550363,0.010877984104569227
RMH,SMDV,-0.011315950988139088,0.007463469197898059,0.010877778016270444
ADL,RMF,-0.012594520511762325,0.03017486600370637,0.010875579670553751
BWM08V,RIV,-0.010751432375531621,-0.0024340089545725413,0.010871421284467296
BWM07D,RMDD,-0.011287340920616892,0.007158607991706826,0.01086637820076032
AIZ,SMDD,-0.01116010511136092,0.004925428634376519,0.010865080879809925
SIBD,URAD,-0.009737496644900446,-0.020196237173031237,0.01085917625936237
OLQD,URAV,-0.009737496644900446,-0.020196237173031237,0.01085917625936237
AIB,OLQV,-0.011281643134865255,0.0072188339194634524,0.01085729850041896
AVA,RIS,-0.009773028946628534,-0.0195129025696479,0.010856177809338268
BWM06D,RIA,-0.01071889701196489,-0.002727328431109681,0.010855452555589767
DVC,RIV,-0.011002109789847777,0.0023179054794959337,0.010854149847464165
IL2L/R,RMED,-0.011044536708997948,0.0033295737446777983,0.010839548620326005
AVL,IL1V,-0.011210878184785307,0.006303847640987772,0.010838163079355926
AWB,AWC,-0.010922255570996993,0.0013256727219407047,0.010830288852235106
ASI,BAG,-0.010455936184037578,-0.0068740983940051405,0.010826388085752403
SIAV,URX,-0.01065298150675489,-0.003347518591780788,0.01082456072284683
BWM07V,RIC,-0.011220753944284621,0.006767186335481418,0.010821935408782426
AVJ,URB,-0.011324188858475226,0.008613565523981173,0.010821247938897747
BWM07V,OLL,-0.012531088249254871,0.03002289038703347,0.010820804848126886
ADF,RIH,-0.011322068504504667,0.008617187610425524,0.010818927010987564
AQR,RIV,-0.011065050539724161,0.004685981562737997,0.010783658893266535
AVJ,OLQD,-0.010714167491248882,-0.0012495739047021703,0.010767527231255864
ADA,BWM01D,-0.01246637444058901,0.029867844349095153,0.010764923389100855
RIS,URB,-0.009753524415515689,-0.018226736840115988,0.01076428810419595
RMG,SMDV,-0.010888831633709028,0.0019460977358610211,0.010761985603613461
AVD,SIAV,-0.010680082543235936,-0.0016845754906928457,0.010757988627853592
IL2L/R,RMEL/R,-0.010864542383928236,0.001772274712425811,0.010747521794175095
BWM06D,SIBD,-0.009614005073213173,-0.019940107167382128,0.010721459473169681
ADA,ADE,-0.010965448813057714,0.004243926184620757,0.010709104597707672
AIZ,RIS,-0.012400326232995222,0.029709601261391546,0.010707889654222846
ALM,BDU,-0.010579250948749988,-0.0024929689677521617,0.010702832669976915
BWM06D,SIAD,-0.011583133841728299,0.01568196068799095,0.010681804114316882
SIBV,SMBV,-0.010840737143769026,0.0025256235088561532,0.01068133786030035
ADE,SIBV,-0.010757586393007182,0.0012269896252842139,0.01067143713322298
ASK,URB,-0.011317540340365709,0.011487217477800044,0.01065281222703018
AIB,AQR,-0.01066467151880128,-8.570680110995261e-05,0.010652579547392772
BWM05V,IL2V,-0.012332887435155931,0.02954802649668724,0.010649655121347806
AVE,SIBD,-0.01100338037114826,0.006693562579462965,0.010609051962749276
RMH,SAAV,-0.010736267962148592,0.0020419763611870577,0.010604265608929854
BWM05V,SAAD,-0.008395408452728013,-0.03933239686741493,0.010596656994081046
AIY,SMDV,-0.009485256986875225,-0.019673074789135624,0.010577880665023794
OLL,SDQ,-0.009485256986875225,-0.019673074789135624,0.010577880665023794
AVB,RMG,-0.010775781982648797,0.003238793367890837,0.010576331512333293
AVA,IL1V,-0.010636862316692332,0.000864446912603198,0.010571317123673696
OLL,RIH,-0.010584824387110307,0.00010820116418172945,0.010561941309071622
FLP,RIS,-0.010923395117937171,0.006463572577471765,0.010542142920182143
BWM03V,URAV,-0.010611419332324892,0.0009730744639445415,0.010539798347982384
BDU,IL2D,-0.010555833158555222,0.0007289175812790904,0.010498047330354171
SIAD,URB,-0.01081614778042507,0.00551381562134623,0.010488540708366667
IL2L/R,SMDV,-0.010808165980900676,0.0054338948907448215,0.010485071417368388
RIG,RIV,-0.010410735928212348,-0.001484386451943012,0.010477797864506526
ADF,SIAD,-0.011769818876461535,0.02261996038494813,0.010477556738796788
AVE,SMBD,-0.010652381513413575,0.00282356411459565,0.010476505811880659
PVC,RMF,-0.012121609251465892,0.02904183089548118,0.010467212866620843
AVK,BWM08V,-0.012121609251465892,0.02904183089548118,0.010467212866620843
ASE,RMG,-0.012121609251465892,0.02904183089548118,0.010467212866620843
AVK,SAAD,-0.010505152262511131,0.0010128322778210682,0.010431461332909937
ADA,RMH,-0.010439416465983812,5.053412155888183e-05,0.010420010929599353
AIB,SMBD,-0.010351053683606679,-0.001290450846457327,0.01040729096902917
RID,RMDD,-0.012047968661601818,0.02886539742748952,0.010403622982329072
RMDL/R,SDQ,-0.011651309893789234,0.022239914763132487,0.010380633790647967
AVM,SIAD,-0.009722656445896257,-0.011872222092017883,0.010375685296938676
IL2L/R,RIP,-0.011238973085501753,0.015254960834478382,0.010362231054039217
IL1L/R,OLQD,-0.011972595193913391,0.02868481220508199,0.010338536728975811
ASI,AVD,-0.011972595193913391,0.02868481220508199,0.010338536728975811
AQR,RIG,-0.010144096661017475,-0.0036834112421267684,0.010335395189823
ADE,SMDD,-0.01033414114489256,-0.00012110184379685954,0.010324566378942057
AIY,AVJ,-0.010185518107597323,-0.002636898769598276,0.01031782822122171
DVA,PVQ,-0.011599017009718233,0.022637252591366678,0.010306052200477284
DVA,PVC,-0.010391467087214345,0.0014152636855349493,0.010295298051155118
ASK,RMG,-0.010031782773757816,-0.004812993282104658,0.010286859314481932
AWB,RMG,-0.010512605121559972,0.0043750034328396085,0.010249599104837895
PVC,SIAD,-0.010835163092262677,0.01029344850588204,0.010238414003260041
RMDD,SIBD,-0.011220761374913188,0.017188156167631596,0.010235201844659038
RIC,URX,-0.010413326156832286,0.0030198822848546704,0.010226776200200747
ASI,RIA,-0.010454960377594564,0.003955101235658457,0.010215687924790821
ADF,SIBV,-0.010629219714779963,0.007061016612532481,0.010214795759477502
IL1V,RIB,-0.010577468882397332,0.00633805250339153,0.010203832701388051
RID,URYD,-0.009739378371114058,-0.00826000853380286,0.010188999075099743
RIB,RMDL/R,-0.010244339689973956,0.000745557141607658,0.01018611111879637
ALA,AVD,-0.009953989268764195,-0.0042464673254549055,0.010177291608332433
ALA,ASE,-0.010341242787921784,0.0029300848293195643,0.010159863123392504
RIV,URB,-0.01042113138853501,0.004796156733458244,0.01013455791575102
ADA,AVE,-0.009988880750519537,-0.0027376232448806576,0.010127173972454542
ADE,AVH,-0.01042493021186522,0.005091052715247391,0.010121746926425484
AVK,FLP,-0.01021055018051147,0.0015355667721108895,0.010107894606858606
AFD,PVP,-0.009062459861727159,-0.018796164498230624,0.010106380784575672
ALN,PVP,-0.009062459861727159,-0.018796164498230624,0.010106380784575672
IL2V,RIC,-0.010131880021031194,0.0006248945283605955,0.010080623619725929
AVJ,SMBV,-0.010033922428459551,-0.0010140478721246786,0.010075100227451306
RIM,SMBD,-0.01024239467155831,0.002698624828819884,0.010074203906848362
PVT,SMBV,-0.010673438868234707,0.01037171556642438,0.010072539587031517
AVA,CEPV,-0.011652005399393275,0.027916719915838755,0.010061702065154053
AVJ,RIM,-0.010094565357435612,0.00032481929450488024,0.010060263547641057
OLQD,URAD,-0.010320780274457726,0.004503721743655407,0.01005083121390724
AVF,RIC,-0.009792971372753747,-0.004726606121919558,0.010043562813238769
ALM,BWM08D,-0.009408390166443691,-0.011488475213121647,0.010040311108497008
RMEV,URYV,-0.01065728951954033,0.01076631101880766,0.010034198603361745
ALM,SMDD,-0.010172541458138796,0.0025398814351431736,0.010013399371271693
ASH,AVM,-0.009738903052062332,-0.005061602719096008,0.01000844186881825
AVH,RIC,-0.01050251989926201,0.008691336317144291,0.009996503613702598
DVA,RMDD,-0.011566581014829125,0.027712053977563066,0.009987936676525895
AWC,RIF,-0.011566581014829125,0.027712053977563066,0.009987936676525895
AIB,RMDL/R,-0.011566581014829125,0.027712053977563066,0.009987936676525895
IL2V,RMDD,-0.010030327862383752,0.0006463505223774463,0.009978024499833345
AIM,ALM,-0.009944517278469801,-0.0006848282376893902,0.00996730056161261
BWM03D,RMH,-0.011449991279970031,0.02606578758488697,0.009964223067670384
CEPV,OLQV,-0.010110257007016588,0.002789838166157168,0.009937140190763681
ASE,OLL,-0.010254789454352705,0.0053542760568450355,0.009937055572707637
AFD,ASH,-0.008907291315570177,-0.018474334270784834,0.009933338096698587
ASI,IL1L/R,-0.010217331216327038,0.004795509288441403,0.009931117489776495
RMDD,SIAV,-0.010806610092706108,0.015267325710931102,0.009929857737443993
AVA,RID,-0.009606752667519912,-0.005941588404393065,0.009926047721295985
RIB,RMEV,-0.009944984143010205,0.00018680007647016957,0.009918690633895827
ASJ,SMDD,-0.009826399065905232,-0.0018493189701975744,0.009914935063153116
AIN,PVQ,-0.011478815947237774,0.02750178006106883,0.009912150068850769
AWA,RMF,-0.011478815947237774,0.02750178006106883,0.009912150068850769
BDU,RMF,-0.011478815947237774,0.02750178006106883,0.009912150068850769
BWM07D,SMDD,-0.010251799898853263,0.005792858785767462,0.009909376852451005
ASE,ASI,-0.01020955716422964,0.0051035394095947295,0.009906012480381862
AVM,FLP,-0.009816286865779589,-0.0016778851318869463,0.009895186514821132
ADA,BWM08V,-0.009268066515251853,-0.011317127643557415,0.00989056252357211
PVR,SIBV,-0.01006366348980757,0.0029931652751133686,0.009879172481717284
BWM06V,URAV,-0.011826214122800684,0.03435887832902687,0.00987291595541613
BWM06D,CEPD,-0.009854781753155632,-0.0005414951693252203,0.009869637178513973
BWM07V,SIAV,-0.007360362417225111,-0.044678541233951624,0.0098642615184578
AVM,BWM05V,-0.011388578301692555,0.027285582162921457,0.00983422834864763
AQR,RIS,-0.011388578301692555,0.027285582162921457,0.00983422834864763
OLQV,RIH,-0.00987143757974296,0.0003955702484391034,0.009833506169444816
AVA,OLL,-0.009900879088042687,0.0010681284886783404,0.009825033338951763
AVL,SMDD,-0.00978281504336633,-0.0009009626438768705,0.009818024042814077
AIA,ASI,-0.010064414282355882,0.004286411711619236,0.00980710729754269
BDU,SDQ,-0.009362495499083415,-0.008098097485307208,0.009803597840988186
BWM07V,RMDV,-0.010238785170865737,0.007475355166379386,0.009801651704077539
SMBV,SMDD,-0.009852552232355632,0.0006603013016540555,0.009799745396154984
OLL,RIA,-0.010251768088979022,0.007802145067973505,0.00979621448933474
CEPV,URX,-0.010163879176924573,0.006292178808076826,0.009793481948914533
ALM,IL2L/R,-0.007448177250955328,-0.04185278789105159,0.009792836186598016
AVD,RMF,-0.011683249970541086,0.03341823698691987,0.009783140342807582
RMED,URYD,-0.010142111273695886,0.006141777908305214,0.009780216730038992
ADA,IL1V,-0.010178452685614878,0.006942380278025398,0.009771423477037881
PVQ,RMDV,-0.011295724711060997,0.02706311679374337,0.009754047715993343
RMEL/R,SMBV,-0.008743731298234005,-0.018135099555476743,0.009750937309103142
ASE,RIG,-0.008743731298234005,-0.018135099555476743,0.009750937309103142
AQR,URAD,-0.008743731298234005,-0.018135099555476743,0.009750937309103142
AVL,DVA,-0.008743731298234005,-0.018135099555476743,0.009750937309103142
AVK,RIB,-0.010110818365685621,0.0063546541540480134,0.009736987705103737
BWM06V,URX,-0.009117590439326934,-0.011133383066871274,0.009729979619382977
RIG,SAAD,-0.009720906365706664,9.579921804962426e-05,0.009700092016919664
ASH,RIM,-0.009771661729377117,0.0012532494465506447,0.00968559793327003
IL1V,SDQ,-0.011200098965708444,0.026834009695158475,0.009671473281248765
AVL,FLP,-0.010679920724989668,0.017743992567735994,0.009663923398620641
AVE,RIA,-0.009941590666918602,0.004681396606442094,0.009662239339681453
ADA,ALN,-0.009478936366128442,-0.003489215012583924,0.009660356052693386
AIB,AVH,-0.00900845649092854,-0.011538958101002243,0.00964385423853098
AWB,IL2L/R,-0.010454478290409453,0.014390145834550875,0.009627673155478807
PVP,RIR,-0.009658067454115963,0.0002780145699760306,0.009627093357637147
RMG,SAAV,-0.009740493909938232,0.0017907899870464826,0.009624213940601865
BDU,OLQD,-0.009725563197258938,0.0016067799617349092,0.009619667390297945
SIBV,SMDV,-0.010028993018560988,0.007034959011884423,0.009616988359588833
AWC,RID,-0.01160244994170562,0.03516997563060348,0.009603838815132323
BDU,URAD,-0.0097599325555105,0.002690450813874888,0.009592967359485442
AWC,OLL,-0.009877187123254054,0.005010762467939249,0.00957939338643513
ASI,RIM,-0.009483363189412154,-0.0018815412913166794,0.009574257593345533
AVD,RIF,-0.00948813280250537,-0.0016798269226982535,0.009567662339700108
CEPV,URB,-0.009558079638863196,-0.00035473192494551265,0.009562890234759565
ASG,AVB,-0.009825962840957476,0.004467017863859983,0.009558865290540829
AWA,RMDD,-0.008570820041858617,-0.017776469727812258,0.009558108096556868
AVJ,RIG,-0.008570820041858617,-0.017776469727812258,0.009558108096556868
AIM,PVQ,-0.009624077778081533,0.0009035710620410573,0.009557936345608404
IL1V,RIP,-0.009762171949013528,0.0035138303057243993,0.009548843744591662
AVJ,BDU,-0.009521986395001757,-0.0005891774009862887,0.009540054435163323
AVD,URB,-0.00964841885228503,0.0018173546842992906,0.009530789248187121
RIP,URYD,-0.009549267623730439,0.00015425933169955575,0.009525434018216926
BWM03V,BWM04V,-0.010999832221463604,0.026354196099480653,0.009498539589143293
CEPV,SMBD,-0.010999832221463604,0.026354196099480653,0.009498539589143293
ASE,IL2D,-0.009991625008167738,0.00850725142601107,0.009496783858798808
DVA,SAAV,-0.009821752255045346,0.005503679193268561,0.009496293334047232
AIB,RIR,-0.009676968278648581,0.003197620531480794,0.009481579070238088
BWM07V,RMH,-0.0071397259697069245,-0.04170427778560593,0.009476512513795839
AIZ,SIBD,-0.009566900838581655,0.0013374217571801537,0.009476422631795732
RIF,SIBV,-0.009903702212274752,0.007350341094854039,0.009474139071405655
ALA,ASJ,-0.009482935682257398,-0.0001087699885726792,0.009474016870494619
RMF,SMBV,-0.008548486943008552,-0.01607354848831134,0.009439929360549692
AIZ,BAG,-0.009631932180924495,0.0032340981787532365,0.009434560581345763
AFD,RIM,-0.010639832580485202,0.021299190973706077,0.009423727400093522
OLQD,RMEV,-0.009621842449249648,0.003347182451100731,0.00941811977249156
ASH,PVQ,-0.009530035307920634,0.0017429704687438765,0.00941678161774575
AVA,AVL,-0.010122563802105652,0.01237036878324143,0.009410006464878789
IL2L/R,RID,-0.010894799055016937,0.02610255001890829,0.009407841688522588
AIA,RIM,-0.009479075702637134,0.001263041394498655,0.009392924717385929
RMDV,RMF,-0.00946947536778281,0.0011635318143425693,0.00938894238671193
IL2L/R,OLQV,-0.009519052453359282,0.0020526650610573393,0.009388379179902944
AVD,PVR,-0.009373287025552643,-0.00037594513876834326,0.009379585148061864
ADF,PVP,-0.00971745782280431,0.00573732488324762,0.009379009188567352
SDQ,SMBD,-0.009205156076814155,-0.0032329812932245477,0.009372583115595638
IL2D,RMEV,-0.009397545251174656,0.00026728265707732455,0.00936758867491849
AVB,DVA,-0.009313043033566188,-0.0010744552720382944,0.009358765549648181
AVK,RMH,-0.009267185422645442,-0.001882825380119854,0.009358495053167305
BWM01D,IL1L/R,-0.009552806046116767,0.003258879458798134,0.009354164683922927
AQR,ASE,-0.008387423078553873,-0.017396091823430018,0.009353585309788977
AVM,DVC,-0.008387423078553873,-0.017396091823430018,0.009353585309788977
OLQD,RIH,-0.009531401839142743,0.002960586812565948,0.009349589462771372
RIP,RMED,-0.009486463610225671,0.0027026029171916895,0.009319248013328587
AFD,AWB,-0.009572928005810718,0.004320968455554895,0.009314454997593823
ADA,BWM05D,-0.010786204771382821,0.025842371955410958,0.009314068703490996
ASJ,AVM,-0.010786204771382821,0.025842371955410958,0.009314068703490996
AIM,RMDV,-0.010786204771382821,0.025842371955410958,0.009314068703490996
CEPD,SAAV,-0.010786204771382821,0.025842371955410958,0.009314068703490996
RIV,RMF,-0.009254198492130649,-0.0012115774357622743,0.009307734863734839
ASE,IL1L/R,-0.010021637728286015,0.01243707819402465,0.009305484493920647
BWM08D,CEPD,-0.009206399594682411,-0.0018240808485001205,0.009294498106296557
AVB,AVE,-0.009624788176163112,0.005703313739563219,0.009288401504950895
RIC,RMDV,-0.009598296403188324,0.005329702221720288,0.00928298753264673
SMDD,URX,-0.009558255890717592,0.004625827154655789,0.009282641431099123
RMH,SMBD,-0.009414742655583501,0.002203972737561278,0.009275715642482684
AIM,ASJ,-0.009285086948384022,0.0001449192235465357,0.0092621983026057
BAG,SMBD,-0.009712446149494857,0.00798942456905295,0.009247203526151482
IL1L/R,SMDD,-0.009436174429928895,0.0033262277126928754,0.009233926115291467
ADE,SMDV,-0.009362850329976401,0.002296930939802536,0.009218671727780467
ADA,BWM02V,-0.010673799393212063,0.025573062995118995,0.009217004774415404
IL2L/R,SIBV,-0.009014890816747728,-0.0038413263737908606,0.009216871862761064
BWM01D,IL1D,-0.00956095328327873,0.005980488105975063,0.00920906188383798
ALM,ALN,-0.009548340990280338,0.005790939305563047,0.009207141929957247
AIY,AWB,-0.009324963289288047,0.0018859774013856574,0.00920398306477873
RIP,RMEL/R,-0.009521312373202787,0.005606654632846809,0.009190532130132597
AVA,SMBD,-0.009524226771930511,0.00602970369778732,0.009169622604009687
AVB,SMBD,-0.009151506589919521,-0.0005372588260144551,0.009167239113160062
AIM,URX,-0.009403890850340782,0.004102448001427039,0.009157989537714828
ALA,ALM,-0.009031928137647064,-0.0024513722806599374,0.009155622355457776
DVA,RIB,-0.008980548180411782,-0.0032435826298768547,0.009148928415834997
AVM,PVP,-0.008939212370805319,-0.003921369124329663,0.009145820184177549
CEPV,URYV,-0.009447731218983568,0.005148399675713543,0.009142869229102821
AVL,SAAV,-0.008192186086747991,-0.016991156886325236,0.009135858620509134
OLQV,RIF,-0.008192186086747991,-0.016991156886325236,0.009135858620509134
OLQD,RIM,-0.008192186086747991,-0.016991156886325236,0.009135858620509134
ALM,OLQD,-0.008192186086747991,-0.016991156886325236,0.009135858620509134
IL2D,PVR,-0.009148213879028654,6.764636097746112e-05,0.009129893119522548
AIZ,SDQ,-0.010760616611619511,0.028721442150089156,0.009126418326371953
AQR,AVJ,-0.008891801353497125,-0.004414873744407386,0.009126270598427879
ASH,AVF,-0.00886933079637186,-0.004796267938893668,0.00912530965788558
DVC,SMDV,-0.010557305661480327,0.025293958860746115,0.009116410483478691
AWA,SMBV,-0.009279763079718532,0.0027725048221167747,0.009108939628173747
RIF,URB,-0.00798550366509039,-0.020154633347131995,0.009107620046857787
AVE,AVH,-0.009374424367143051,0.004546246885199413,0.009103582200945625
DVC,SIAD,-0.008871005885842902,-0.004359911190343025,0.00910241351429403
DVC,RIM,-0.009452853785204742,0.005992219902944011,0.009100473320678561
AUA,OLQD,-0.008916577876430354,-0.0035081506845973105,0.009099955796000316
BAG,IL1D,-0.009304945712002615,0.003522957626278302,0.009091828911819694
AIM,ALN,-0.008854980070419256,-0.004424047732467733,0.009090024256815684
SMBV,URB,-0.009383970512527064,0.005120801760752356,0.009080763537172734
IL1D,RIP,-0.00918702279381871,0.0016696707510082186,0.0090784402898741
DVA,SMDV,-0.009236897006973712,0.0027462488613767145,0.009067619867128448
CEPD,IL2L/R,-0.010508534433792365,0.02553614527297027,0.009054080589147669
SMDV,URYV,-0.009267384312008667,0.0037447730187064572,0.009041838030145886
PVC,SMBD,-0.009400143621082593,0.0061895608573904574,0.009036735711382134
AVE,RID,-0.00875701065573582,-0.00511003131073807,0.009030833786762494
AIZ,OLQD,-0.008763647175349772,-0.004883014438424123,0.009024677849118439
AQR,URYV,-0.009565233854289788,0.009418074976064145,0.009019786203000988
ADL,SIAV,-0.01043641491522125,0.025004320039955057,0.009012019296760196
DVC,PVR,-0.01043641491522125,0.025004320039955057,0.009012019296760196
BDU,SIAD,-0.01043641491522125,0.025004320039955057,0.009012019296760196
AVB,RID,-0.008433596643409433,-0.01045534315206867,0.009008894582828542
RMDL/R,SMDV,-0.00914257368208689,0.002392373613570104,0.008993370717071805
BDU,BWM04D,-0.0085448676322966,-0.008167485203946211,0.00899117379220403
ASK,AWB,-0.009249254625859814,0.004503674371351745,0.008981008016597694
ASK,IL1L/R,-0.009673281881154521,0.012108997107098944,0.008976153487629876
IL2D,RMEL/R,-0.009259034003966443,0.005028231940740106,0.008961237257642743
AQR,AVD,-0.009157610580900994,0.003476904193865789,0.008947320488288927
AVA,RIC,-0.008987216727545124,0.0005975276164867989,0.008939316993279317
RIH,URAV,-0.009431261329417153,0.008530053661776789,0.008936025242699007
AVH,AVM,-0.009180783840161117,0.00417800743122346,0.008930982158263667
AVM,RIH,-0.008014247173134675,-0.016191889037035008,0.008913200098108615
AWC,IL1L/R,-0.009184816415761972,0.0046925078397449345,0.008906039970207068
ADF,URYD,-0.01031078216279609,0.024703319976747757,0.008903533308194397
AVB,BWM07D,-0.01031078216279609,0.024703319976747757,0.008903533308194397
AIY,PVR,-0.01031078216279609,0.024703319976747757,0.008903533308194397
ADF,RIV,-0.007983474135377906,-0.01655827395712557,0.008903104767027688
DVC,OLL,-0.009116227923834251,0.0035511022685979646,0.008901825838289718
SIAV,SMBV,-0.008911024467929969,-4.370857298899888e-05,0.008899349681341822
AVD,URX,-0.008801985862714867,-0.0019621959421164403,0.008898502319446496
AIA,AIN,-0.009275775272493281,0.0066724595369415645,0.008885375584064652
AQR,AVB,-0.008798874669683035,-0.0017640713488450976,0.008884240879429734
OLL,SMBV,-0.009047306821213342,0.002683296997469045,0.008881874866210343
IL2D,RMDV,-0.00902433248087425,0.0023680691064941564,0.008876685522333186
DVA,SMBV,-0.009341920547338598,0.008026039703747271,0.00887520412271176
RIB,URX,-0.00881983427309549,-0.0005340883855384868,0.008835914427138599
AIN,RIA,-0.008946020738892448,0.0018097705569421528,0.008829932379696925
BWM04V,CEPV,-0.008872186438920005,0.0007003943172866077,0.008818677385795193
SMBV,SMBV,-0.008972411055075138,0.002860080926711424,0.008797144288570407
ADA,RIH,-0.010180020146536446,0.024390030851105835,0.00879061811429036
AVB,AVK,-0.00935481610832187,0.00994859690566704,0.008779831806784854
AVE,PVP,-0.008796965400762321,0.0001224416409687177,0.008776116647630453
RIF,SDQ,-0.008139886921323454,-0.011400328702433179,0.00876885712707253
AIB,RMG,-0.00882216528169,0.0007064549183735982,0.008768394342870167
RIV,URAV,-0.009492933632567008,0.012667915302346245,0.008764622069115872
RMF,SIAV,-0.010424596412100012,0.02933023359090355,0.008756653845684774
ADL,SIBV,-0.011230074096761515,0.04365461412836862,0.008754335652426204
AIZ,AIZ,-0.009003633390753137,0.004459276233486285,0.008738276202912584
URAD,URX,-0.008568872914018921,-0.003203017430370508,0.008735622220795295
AVD,CEPD,-0.008799403894485257,0.0009567654158650679,0.008731575611574848
BWM04D,URYD,-0.008180866705456667,-0.009989560669231587,0.008730340197081524
BWM06D,URYD,-0.008180866705456667,-0.009989560669231587,0.008730340197081524
AIZ,AWB,-0.008946682745519187,0.0036953326455187573,0.008724428884000138
ASG,AWA,-0.008785397326124357,0.0009160702261468895,0.008719882559008385
SDQ,SIAV,-0.008815534368307844,0.0015338434935149522,0.008715188765324062
AVE,SAAD,-0.008724587244135325,-2.539817390309033e-06,0.0087108902464313
AVA,AVK,-0.008699309345162266,-0.00038017556827686774,0.008706914802448906
BDU,URYD,-0.009064781696679656,0.006284275264268667,0.008696572990642457
AIB,AIB,-0.009224499992774847,0.009170990380886345,0.00869350467506001
ALM,URB,-0.008614891184991577,-0.0014551312436088463,0.008683154726601007
AFD,RIA,-0.009020943488720715,0.005810489583680605,0.008679480293913733
ADE,CEPD,-0.00872305605079593,0.0006090255664899559,0.008674927981119131
RIM,RMDD,-0.010043692143506762,0.024063406330535036,0.008672896597469443
ASH,BAG,-0.010043692143506762,0.024063406330535036,0.008672896597469443
SAAV,URB,-0.010043692143506762,0.024063406330535036,0.008672896597469443
BWM08V,CEPV,-0.008406399142974638,-0.004919499275952752,0.008670050764666683
AIZ,PVT,-0.008810535460037988,0.0022868185746182574,0.008667802372073406
ASG,RIC,-0.009228591291595178,0.009741316509973725,0.008665477912675626
AVM,RIS,-0.008451999582851586,-0.003889006405866467,0.008657558125829782
AIN,CEPD,-0.008767592900103365,0.001784486127196638,0.00865321119617527
SAAV,URX,-0.0077592883731834985,-0.01609329728096248,0.008653094646841048
ADL,RMDD,-0.0077592883731834985,-0.01609329728096248,0.008653094646841048
RMDV,SAAD,-0.009040407483757996,0.006823040245827167,0.008641902886871706
ADL,PVQ,-0.008843840331502036,0.0036184602478749072,0.008626077824972014
RMEL/R,RMEL/R,-0.008563555430346217,-0.001148742648576684,0.008614649541800013
ADE,SMBD,-0.008704357751557028,0.0016372014000447374,0.008598369059766133
SAAV,SIAV,-0.008605170055926434,9.052331803319344e-05,0.008586422677115648
RIV,URYV,-0.008821160122772252,0.003939912351902305,0.008585334595253739
CEPV,SDQ,-0.008703739118719194,0.0020721338814789435,0.008573263024204155
BWM01D,RIH,-0.009901303165007112,0.023722260485195476,0.008549941326688355
RIF,RMDL/R,-0.009901303165007112,0.023722260485195476,0.008549941326688355
BWM02D,SIBV,-0.008010920948215932,-0.00978204189236379,0.008548979917152673
ASH,AVB,-0.008472960156297739,-0.0015327556012282716,0.008545819398261798
ASI,AWC,-0.008644773181689902,0.0016057584494853787,0.00854064937013442
RMDD,RMDL/R,-0.008738830405936985,0.0033074611698497196,0.008538744932115767
AVA,RIR,-0.009161327775816628,0.011058500816646919,0.008524158517875493
AVF,RID,-0.008480969422476836,-0.0008950504531391672,0.008517910688216291
AVD,RIV,-0.008630551431067099,0.001835012997940599,0.008513542260335825
AFD,RIB,-0.008789700049962062,0.004712538184426246,0.008510422599921822
ALM,RIS,-0.007966173440394487,-0.009727401233828053,0.00850122691245059
OLQD,RMED,-0.00878083258370974,0.00481362106343802,0.008495877842534754
SIBD,SMBV,-0.008596484245922641,0.0017896221595210611,0.00848208479678867
ADF,AUA,-0.008611031440376676,0.0021739596907582163,0.008474969222394789
ADE,RIG,-0.008691111214054503,0.003600231851741842,0.008474617314326225
PVP,RIH,-0.007353202391507495,-0.01995403267066404,0.00846502721088712
IL1L/R,IL2L/R,-0.008520274708096935,0.0008686557462168182,0.008457850129609777
RIS,URAD,-0.009337159179079393,0.015376426561679266,0.008456595044551828
RID,SMBD,-0.008404539454729664,-0.0011307495510899555,0.008454872735513095
BWM06D,RIC,-0.00792044239253177,-0.009671559586049164,0.00845242430756959
AVB,RIS,-0.008490038570209116,0.0006154493892933547,0.008441918455027122
ASI,IL2L/R,-0.009123179690936468,0.01195682209442527,0.008435491979170574
PVQ,RMEV,-0.009752289107454619,0.02336524179479628,0.00842126518904333
IL1V,IL2L/R,-0.008672173281663842,0.004246373718544945,0.008419329132672133
AFD,AIZ,-0.00858106635017815,0.002760738723047833,0.008412013733163994
ADE,PVT,-0.009127298126582244,0.012717991629752621,0.008396747087271532
RMH,SMBV,-0.008487972540389915,0.0015287508809671134,0.00838843328955697
PVR,SAAD,-0.007517149303574709,-0.015591084211524636,0.00838306314572244
AVH,RMDD,-0.007517149303574709,-0.015591084211524636,0.00838306314572244
RIF,URYD,-0.008669590508835244,0.004882154709754306,0.008380953523485318
AVA,DVC,-0.008603476035850051,0.0037678279358854417,0.00837768484470385
OLQD,RIP,-0.00856466946468837,0.003098877906955479,0.008376604312055794
AVB,SIAD,-0.008798145946634361,0.007245146661498346,0.008376259427532642
ADA,URAV,-0.008331649146583261,-0.0009413916749637666,0.008371436472630282
RIA,URYV,-0.008584879528318165,0.003590673891414308,0.008369092296387735
OLQD,RMDL/R,-0.008606576562101752,0.003989957355842668,0.008368273705426045
AVJ,RIV,-0.008736735846302088,0.0063090881141388945,0.008367650466812648
BWM04D,CEPD,-0.008600461429072274,0.003991533421902571,0.008362079534336372
OLQV,RIA,-0.008882556077141649,0.009219462967452756,0.008349373997914777
AQR,OLQV,-0.007968253753763649,-0.006955831454877552,0.008347253807344768
RMH,SMDD,-0.008762870740543542,0.0072002683751938345,0.008343567000678356
AIA,ASJ,-0.008486959135601992,0.0023965644745148934,0.008338560224247284
BWM03D,RMEV,-0.00857584424156405,0.004016054091094297,0.008336120788905518
RIC,SAAV,-0.008522718365293398,0.003422615341924898,0.00831649208851045
ALN,IL1L/R,-0.007983350679579879,-0.006107700302725382,0.00831457371419771
ADE,AVE,-0.008333879215312173,0.00017306303616510796,0.008310914884988202
ASJ,IL1L/R,-0.008233798122468154,-0.001578468121835972,0.008309610544326348
SMBD,SMDV,-0.008721794132886079,0.007225992725863487,0.008301107173096834
IL2V,URAD,-0.007776890379298068,-0.009496269901347188,0.008299230525464541
OLQD,RMDV,-0.008802687071007741,0.008787062190385692,0.008293977529001167
ADF,SMBV,-0.008473671277752252,0.00299044191938582,0.008291855843780279
AIB,ASH,-0.008472783232658678,0.0030592816730266306,0.008287093262526567
AVK,BWM06D,-0.009596003254315606,0.0229908008089453,0.008286309733962176
ADA,ASI,-0.009596003254315606,0.0229908008089453,0.008286309733962176
BDU,RMEV,-0.009596003254315606,0.0229908008089453,0.008286309733962176
BWM03V,SAAD,-0.009596003254315606,0.0229908008089453,0.008286309733962176
RIG,URYD,-0.008231496442970825,-0.0011744502057029428,0.008284564741778631
AIM,BDU,-0.008700638902980427,0.00715047718730653,0.008284237319629253
AIB,SMDD,-0.00831267660278839,0.0004326398117836196,0.008275130728290723
DVC,OLQV,-0.008234192892876654,-0.0009075241814608892,0.00827222794474115
ASI,AWB,-0.008376416334760661,0.0016286647339355577,0.008271428510831819
AVE,RIF,-0.008725316999335365,0.0078476414816276,0.008269623217299979
ASK,AVF,-0.008451164021854635,0.003194315867160803,0.008257905398349526
AWC,IL2D,-0.008648853968298011,0.006745927363964505,0.008255312255186609
AVJ,PVP,-0.008079608813289736,-0.0030050022544909623,0.008235985228455088
RIR,SMBV,-0.008506168713528042,0.004580471375716575,0.008234776908399515
AIY,PVC,-0.009105825994934652,0.015365339677964414,0.008226253063697665
IL2L/R,SMBV,-0.008312507300723426,0.0014941023329389461,0.008215197241668994
AVM,RIF,-0.008416607886153034,0.0036283766177409352,0.008198964777535166
AQR,DVC,-0.008058726060716033,-0.0027033655213235357,0.008198152285714041
RIA,RIG,-0.008312993622733276,0.0019059133229349088,0.008192496237705304
OLQV,RMDD,-0.008801002836136723,0.010718192627377048,0.008183565839105884
ALN,SMDD,-0.008165573041546395,-0.0005226278684224158,0.008182045792644997
BWM05V,SMDV,-0.008168160550145078,-0.0004366410816201378,0.008179787807326415
PVQ,SIBD,-0.007864255808515661,-0.005784313723825271,0.008177459848353621
RMG,SIBD,-0.008075018859997535,-0.002024571249526684,0.00817620049153957
ADE,AVA,-0.00806965299859638,-0.0020820524482318588,0.008174079556346678
RIV,SIBV,-0.008059515537383726,-0.0020679639566721147,0.008163164939737542
ADL,ASH,-0.008396115162507971,0.00410028510492861,0.00815193428545459
AVK,SAAV,-0.008193719602409421,0.0006063447705843166,0.008146582169654788
RMDV,SMDV,-0.008710927813989466,0.009792465892880698,0.008145755707249076
ADA,URX,-0.008457909497400206,0.005328538823987107,0.008144475150787714
AVA,BWM04D,-0.009431699312934496,0.02259714950555305,0.008144430525221564
AVH,AWC,-0.009431699312934496,0.02259714950555305,0.008144430525221564
AVK,BWM08D,-0.009431699312934496,0.02259714950555305,0.008144430525221564
ADF,AWC,-0.008475405159903323,0.005778664583759266,0.008136599235028122
IL1V,SIBV,-0.008492987619348316,0.006434559473214476,0.008117224379162936
AWC,URB,-0.00857260389105186,0.007878418825443958,0.008115419477365408
RIR,SMBD,-0.0079755597268252,-0.002474342257929715,0.008102222983158984
RMF,SMDV,-0.008330993051614952,0.0038910031433893083,0.008098698864563705
ALA,AVF,-0.007895839593289641,-0.003764476560174667,0.008095268871881738
ADF,AIB,-0.008513690768155892,0.007200989804870909,0.008094741688521657
AFD,PVC,-0.007253929149209361,-0.015045147523672885,0.00808952219207633
IL1L/R,IL2V,-0.007253929149209361,-0.015045147523672885,0.00808952219207633
AWB,IL2D,-0.007253929149209361,-0.015045147523672885,0.00808952219207633
AWA,RMEV,-0.007253929149209361,-0.015045147523672885,0.00808952219207633
AVJ,BAG,-0.007253929149209361,-0.015045147523672885,0.00808952219207633
BWM06D,SMDV,-0.007253929149209361,-0.015045147523672885,0.00808952219207633
AWA,CEPD,-0.007253929149209361,-0.015045147523672885,0.00808952219207633
PVP,SIAV,-0.008287801155361867,0.0033233619853764457,0.008087535881353162
SIBV,URX,-0.00806054966906018,-0.0006895712374159704,0.00808658857956221
IL1D,SAAD,-0.0059740734322475605,-0.03764278004296023,0.008084031014601003
AIB,URAV,-0.007851552705420307,-0.004292198306137723,0.008080765016476829
PVC,SMDD,-0.00915315044489261,0.01881383267383856,0.008079338923239083
URX,URYV,-0.007979804133501196,-0.001991678829897293,0.008079284835515675
OLQV,SMBD,-0.007961979948339061,-0.002274862246591686,0.008077433248939404
RIA,RIR,-0.008313117357229068,0.003962684109700161,0.00807681561060586
ADA,FLP,-0.00788555066336728,-0.0032841953025081042,0.008057954567605163
AIN,AVD,-0.008390878365217083,0.005885879889945629,0.008046169889804144
ADA,AIZ,-0.007086681997381353,-0.016837912570126845,0.008023479967087604
AIM,RMG,-0.008189644335916799,0.0027761024771080253,0.008020347601123558
AVE,SAAV,-0.00809127694156663,0.0012291652210576415,0.00800923481099473
RIC,RMDL/R,-0.007870837262803462,-0.0024867234984113098,0.00799836375443735
AVF,BWM06V,-0.009258509860778993,0.022182209650783123,0.007994878528918278
ADA,ASG,-0.009258509860778993,0.022182209650783123,0.007994878528918278
AVB,IL2L/R,-0.009258509860778993,0.022182209650783123,0.007994878528918278
PVC,RMG,-0.00806811668061824,0.0010888007193884273,0.007994014355021947
ALN,SMBD,-0.008085672931463858,0.0014934986323156493,0.007988756695303228
ALA,AWA,-0.00798444125526722,-0.00015756332795550783,0.007980646791331881
RIA,SMBD,-0.008320922307237386,0.005868473041669342,0.007977304877624537
AIY,BAG,-0.008076284832532796,0.001694121007901341,0.007968087671754014
IL1L/R,IL1V,-0.008257445806660716,0.005122726366064606,0.007955917498793881
ALM,DVA,-0.00963770963691563,0.029848154606077384,0.007941854365708418
CEPV,RIA,-0.008128480863178623,0.0032428612311204232,0.0079330008267617
RMF,SIAD,-0.009573432332481972,0.02888060948482873,0.00793215556531511
DVA,OLQV,-0.007871310673772577,-0.001152818648710675,0.007923732402485062
OLL,SIBV,-0.007968082001191623,0.0007060702624197609,0.007915687570559507
RIG,RMH,-0.007973706641018676,0.0009208286675956597,0.00790921155749671
RIC,SDQ,-0.007705072155217544,-0.003826757768116182,0.00790831072562272
ASK,IL2L/R,-0.008545165946888329,0.011070758073184339,0.007908283988588997
DVC,SMBV,-0.008280942430652723,0.006468556076164892,0.007903601421799947
CEPD,RIP,-0.008056369049309552,0.0025461997512706445,0.007900228146293854
AIM,ALA,-0.007836030432285724,-0.001297367652283693,0.007896646795830242
RIG,RMDV,-0.007397537759678156,-0.00903304685357434,0.00789439842842929
AUA,RIC,-0.007397537759678156,-0.00903304685357434,0.00789439842842929
AIN,URX,-0.008101124134565334,0.0034656905016044685,0.00789314134331684
BWM01D,RMEL/R,-0.007866845797303935,-0.00016812160644885272,0.007863832349550254
PVC,URYV,-0.007885801302159453,0.0003559986118137643,0.007853247785621279
ASH,SMBV,-0.007734955328903011,-0.0022895080015173813,0.007851593376265474
AVA,URX,-0.008333857032006538,0.008350690365556803,0.007850460629799005
RID,SDQ,-0.007286588357972643,-0.010133638710486486,0.007845592614485768
AVB,AVJ,-0.00769421799941843,-0.0028692261145880408,0.007843561045459831
IL2L/R,OLL,-0.007891104407600992,0.0007006208463072246,0.007839138911414969
AWA,RMDV,-0.00907541862460222,0.02174354638345766,0.007836776176060859
BWM03D,RIH,-0.00907541862460222,0.02174354638345766,0.007836776176060859
ALM,SIAV,-0.00907541862460222,0.02174354638345766,0.007836776176060859
PVP,URYD,-0.00907541862460222,0.02174354638345766,0.007836776176060859
ADA,SIBV,-0.007929901381581735,0.0014954734809149157,0.007833121057532156
DVA,RIS,-0.00733722400280505,-0.008959398430349047,0.007830033656941807
BWM02V,URX,-0.00733722400280505,-0.008959398430349047,0.007830033656941807
AIZ,SIAD,-0.008039670088479433,0.0035089934910650404,0.00782934665699168
AVB,AVH,-0.007924034397184187,0.0016045645600993993,0.007821121129569729
BWM02V,RMEV,-0.008407462466855881,0.01018424860840664,0.007820712868635303
AVH,RIR,-0.007901336895550124,0.0013668413579718897,0.007811844370928506
ALM,AVB,-0.007844623366766732,0.0004944918734735369,0.0078043374643728845
ALN,URB,-0.007834088737386087,0.00032079182131311323,0.007803599532326983
SIAV,SMDD,-0.008041925784879441,0.004190617619092173,0.007793220695420611
ASJ,AVE,-0.007599909419052417,-0.0033845003277847494,0.0077784140037093245
ADA,SMBV,-0.007774824077053885,-0.00026226946379033706,0.0077772574945150184
AIB,SAAD,-0.007807528486924908,0.00045650409048741047,0.007769440288317339
BWM02D,URX,-0.006965604092088694,-0.014447141542373122,0.007767984457128432
PVP,SMDD,-0.006965604092088694,-0.014447141542373122,0.007767984457128432
IL2V,RMDL/R,-0.006965604092088694,-0.014447141542373122,0.007767984457128432
ASI,AVM,-0.006965604092088694,-0.014447141542373122,0.007767984457128432
RMDL/R,URYD,-0.006965604092088694,-0.014447141542373122,0.007767984457128432
AVA,RIV,-0.007739576121653975,-0.0006931819153489376,0.00776632749451528
AIB,IL2L/R,-0.007622354476696989,-0.0026023205729048143,0.0077567837051210784
AVJ,RIF,-0.00771772418568514,-0.0008667036278095162,0.007754280167550407
DVA,RIV,-0.007756438426243597,-7.872646079377504e-05,0.007748566826955072
RMDL/R,SAAV,-0.0077996249360943555,0.0010216010968991146,0.007729732123838074
SIBD,URB,-0.007929254339159421,0.003362074138295827,0.007727378191410956
AVA,PVP,-0.007958750411912774,0.003987275853643166,0.007721626194673427
AWC,IL2L/R,-0.008213821098655396,0.008599013359570374,0.007716633565196846
CEPD,OLQD,-0.007945788082677057,0.004459088922572482,0.007682119523794248
CEPD,RMH,-0.007933583751155653,0.004277025752318624,0.007680185414247658
RIS,RMDL/R,-0.007789736295096368,0.001810813886280465,0.00767542343114913
AVK,IL1D,-0.007898541954622945,0.0037473795423830216,0.007675020339272324
BWM02V,OLL,-0.008881224345835112,0.02127828164114284,0.0076690861597299475
BWM06D,RIP,-0.008881224345835112,0.02127828164114284,0.0076690861597299475
AIM,SMDV,-0.008881224345835112,0.02127828164114284,0.0076690861597299475
RMG,SIAV,-0.007756864364240493,0.001839430376696037,0.007640992426440202
BWM06V,CEPV,-0.007614235062249586,-0.0006069821336555398,0.007636331884578256
OLQD,RMF,-0.009572146692215492,0.03431289359431054,0.0076250133189409725
RIC,SAAD,-0.007961137928157983,0.00594679426528114,0.007613681443812096
IL2D,OLQD,-0.007691822937968261,0.001540395726819188,0.007592890986324785
AVA,SIBD,-0.007732485169770975,0.002350717762910954,0.007587864444117867
RMDD,SMDD,-0.007449510166416298,-0.002576989591807192,0.007582787349071229
SMBD,URAV,-0.007799834516534386,0.0037299974126089445,0.007577448164165327
AVE,URX,-0.007634901481238352,0.0009194821335355337,0.007571019666669953
ADE,AVF,-0.007715764899662236,0.002406355591359681,0.007568038072391974
AIN,SMDV,-0.008540140542915629,0.01719664346957762,0.007558355470807243
IL1L/R,SAAV,-0.007525257022367483,-0.0007475631730911731,0.007555410249736909
AIM,RIC,-0.007503648120842894,-0.001017513817820021,0.007549034894235811
AWB,OLL,-0.008403507167139689,0.015037353090565909,0.00754351525509732
AVD,RMG,-0.007371315423895346,-0.0032243754405860627,0.007541166980458165
AIA,PVP,-0.008308746151538787,0.013477928919370939,0.007536706184551675
SAAD,SAAV,-0.00755043847915642,3.283448800324669e-05,0.007536612348270329
RIA,SMBV,-0.007775885384515006,0.004038494391799219,0.007536167447807231
BWM01V,RMEL/R,-0.007915810960234785,0.006751184674124586,0.007523136081984347
AIB,SIAD,-0.007506361552986989,-0.0005003906067311461,0.007522627981359977
AIB,SIBV,-0.00742292150024282,-0.0019117579322029648,0.007518785740848946
AIB,SIAV,-0.007629095226833241,0.0018316976747870574,0.007513861353028958
IL2D,RMED,-0.0077858546129681095,0.004646703265743089,0.007511876345438554
SAAD,SAAD,-0.00758521794092756,0.0011443666295261152,0.007508753071866253
AVJ,URAD,-0.007349613729890419,-0.0028109188025475136,0.007496220501442141
AVA,SMDD,-0.007469046556143395,-0.0006809778630362071,0.007495539940401924
AVL,RIA,-0.008674492968558151,0.02078297960862259,0.007490570148590092
ASG,RIS,-0.008674492968558151,0.02078297960862259,0.007490570148590092
BWM04V,SAAD,-0.008674492968558151,0.02078297960862259,0.007490570148590092
BWM08V,IL2V,-0.008674492968558151,0.02078297960862259,0.007490570148590092
IL1L/R,RIH,-0.008674492968558151,0.02078297960862259,0.007490570148590092
ADA,AVJ,-0.0077016099377968114,0.0035929949581484043,0.007487093170249605
ASH,RMG,-0.007612657847636398,0.0021955243271709972,0.007476965198435187
RIH,RMDD,-0.00837378775444372,0.01581788152520608,0.007469896211511428
BWM02D,IL1D,-0.00762613123210493,0.0026401349836762053,0.007465383906951683
RIB,SIAV,-0.007311501868888576,-0.0027411765847222985,0.0074542423409844835
AVJ,SIAV,-0.007495171018110642,0.0005713069222385268,0.007451114474543337
RIV,RMDV,-0.00780604764737583,0.006098147668549712,0.007450315402957233
ASE,RIF,-0.007770861875557465,0.005478145138885524,0.007450093992020129
SMBD,URB,-0.007497877779527852,0.0006483906654462777,0.007449476828723786
DVC,IL1D,-0.007607408994361019,0.002689423002475072,0.0074439162622435716
ADA,RMG,-0.007502437637241841,0.0008783943616946452,0.007441079353671441
ADA,RIA,-0.00795569828963686,0.008949464400266529,0.007439188470314326
AIA,AVJ,-0.007935420728018438,0.008670598315591471,0.007434644316602875
IL2V,URX,-0.007451071502455402,0.0002525941704471563,0.007425029677835119
BWM02V,RMDD,-0.007844818063827218,0.007267756334707554,0.00742317081691232
RIG,SAAV,-0.007347839656862492,-0.0014801096922943907,0.007419519532851655
AVD,IL1D,-0.007351339103391132,-0.0013438549013636426,0.0074153417554146915
BWM02V,RMH,-0.007389609141675384,-0.0005266100307296933,0.00740753703206622
AIZ,SMDV,-0.007834128542416838,0.007398822250946854,0.007405118733551616
DVC,OLQD,-0.007507560275329319,0.001664814770743852,0.007401915349188245
AIY,AUA,-0.007487171820062143,0.0013459421487137908,0.007399513000820026
BDU,RMDD,-0.006933247676646447,-0.008466107662464646,0.007398923985324819
RIV,SMBV,-0.007905980467972454,0.008839570587819172,0.007395736964574283
IL1D,RMF,-0.009426273786943514,0.035942467304743465,0.0073876205004572235
IL1D,RMEV,-0.007402978561632818,0.0001107169186982659,0.007385001266922665
DVA,SMBD,-0.007421289421373951,0.00044258869486499166,0.007384597412749229
IL1L/R,SMDV,-0.007719320534994862,0.005737310518783154,0.007384042397429969
RIA,RMG,-0.008023704182666501,0.011251939185301874,0.007377448231620136
AIY,SMBV,-0.0076913434333738834,0.0054180347990832965,0.007374086136700712
OLL,SAAD,-0.007517582890794861,0.0026636918186949392,0.007355681417101402
ADF,AWA,-0.007562280453120939,0.003491961851424798,0.00735367326232729
AVH,RIV,-0.007977836985576858,0.010907091337406381,0.007351070064772917
AIB,ASK,-0.007415813992074017,0.0010338482191004706,0.007345840466885861
ADA,SMDV,-0.0079019508473416,0.009693483600925241,0.0073436351246531665
RIM,SIAD,-0.007504060851540945,0.002869298412521513,0.007330604380186364
OLL,RMEL/R,-0.0075240789746309,0.0033590810336507084,0.007323014088615119
AIB,AVL,-0.007436943203201852,0.001824842824261912,0.007322400098907812
AVA,PVQ,-0.008317771025995338,0.01746817995747361,0.007321050146929083
BWM01D,OLL,-0.006857578286102478,-0.008373708654528413,0.0073181722085584235
RIC,RMDD,-0.007468308296252039,0.002471669304649928,0.007317296599532185
AFD,RMEV,-0.006277696801029689,-0.018570598956408273,0.0073133350389812946
ADF,AVE,-0.007471112514968276,0.002594488623513174,0.007313181166277617
DVA,RIC,-0.007467414773212756,0.0026253646120701787,0.007307750852528218
ASI,RIB,-0.007827458066862306,0.009096296524200447,0.007302884460192593
ADF,ALA,-0.008453493306753282,0.02025349258483328,0.007299733234482914
AVJ,IL1V,-0.008453493306753282,0.02025349258483328,0.007299733234482914
BDU,BWM06V,-0.008453493306753282,0.02025349258483328,0.007299733234482914
ASE,RMDV,-0.008453493306753282,0.02025349258483328,0.007299733234482914
BDU,BWM04V,-0.008453493306753282,0.02025349258483328,0.007299733234482914
BWM04V,IL2V,-0.008453493306753282,0.02025349258483328,0.007299733234482914
RIH,SAAV,-0.008453493306753282,0.02025349258483328,0.007299733234482914
ASE,RIB,-0.0076465330135574005,0.0060121213177668185,0.007295897427515108
RIC,RIG,-0.007188758701288068,-0.0020649228667929172,0.0072936181786820865
ASJ,IL1D,-0.007441200967995833,0.00257282289884836,0.007284536932885242
AUA,CEPV,-0.006951433814226573,-0.006095486015594202,0.007283606088932833
SMBD,URYD,-0.0074458438796413135,0.002719451117450214,0.007280916742486887
IL1D,IL1L/R,-0.007438163247719578,0.0026184493687218,0.007278935084352472
SMDD,URYD,-0.007395381223980624,0.0019188986903053604,0.007275608340616622
BWM01D,BWM06D,-0.00980473967481986,0.044715760813690685,0.007271515598606778
AIY,RIF,-0.007391521292131432,0.0019266948733392625,0.0072713155765447065
BWM03D,IL1D,-0.008416576935368878,0.02019060638207327,0.007266416161228026
DVC,RIC,-0.007281068009497738,0.000122958069506899,0.007262594879877546
AVM,SIBV,-0.007203333500811231,-0.0011196716245058722,0.0072549485500856626
AVD,AVJ,-0.007239002460536706,-0.00041638202628454136,0.007250962997740159
AVA,PVC,-0.007269907847360056,0.00020488650471853315,0.007246839532967321
ALM,ASJ,-0.007430389988684465,0.0030538106415195247,0.007246661629514368
ASI,IL2D,-0.00798179531448445,0.012877700888998403,0.0072440691606025145
AVK,SIBV,-0.007193156915986581,-0.0010354096995521221,0.00724004383570396
ASH,DVA,-0.006779052781289093,-0.008277822078856408,0.007234372484659837
RIC,RIM,-0.00741658773069184,0.003038107244836596,0.007233765428422817
ASE,CEPV,-0.008496932173635577,0.022306339820060184,0.007227519939204883
AIZ,AVB,-0.007339931400291736,0.0018546284115796379,0.007223865143909044
IL2V,RMEL/R,-0.007420509000484216,0.003291328127699387,0.0072234231608811926
ADE,SIBD,-0.007399804633208185,0.0029436370155830754,0.00722232799430603
RIB,SMDV,-0.007310462474566552,0.0015236914356739964,0.00721307599949998
AIZ,AWA,-0.007398598982530255,0.0033542343197309537,0.007198006036883303
AVD,FLP,-0.007182324208742548,-0.00029123997638871656,0.007187328673532068
ADL,ASJ,-0.007310706693302421,0.0020505634079872603,0.007183654897148409
BWM02V,IL1V,-0.007635166524722406,0.007867422930644515,0.007180088299457737
ASH,SMBD,-0.006221609124167123,-0.017131048235392562,0.007176284051325774
AIY,RIV,-0.007469413315817235,0.005198899304570217,0.007164846249128518
ADL,SMBV,-0.007106955548539168,-0.0011215650936307355,0.007158830093868666
IL1V,RIR,-0.00807673660527083,0.016133467022245707,0.007155547594545141
DVA,URX,-0.007268837983378406,0.0018075388907143122,0.00715553582650016
IL1D,URAD,-0.007510703662897787,0.0061061605968304455,0.007154988770043389
IL2V,URAV,-0.007368432354698341,0.00360868487152818,0.007153560710952147
CEPV,RIC,-0.007242085144323069,0.0015678770012311917,0.007142319319116674
DVA,URAV,-0.0071023622754284345,-0.00081780609257344,0.007137141298335051
RMEV,SIAD,-0.007496452074089637,0.00625458955884966,0.007132402663109106
RIH,RMDV,-0.007225005881646714,0.0018075221288213826,0.007111774200328039
ADE,SIAD,-0.0076552283872824934,0.009658677662816351,0.007099263754896099
AVD,AVL,-0.008216108828762473,0.019684749629669342,0.007094747756827711
BWM04D,SMDV,-0.008216108828762473,0.019684749629669342,0.007094747756827711
AIY,SAAV,-0.008216108828762473,0.019684749629669342,0.007094747756827711
BWM08D,SMDV,-0.008216108828762473,0.019684749629669342,0.007094747756827711
BWM03D,SIBV,-0.008216108828762473,0.019684749629669342,0.007094747756827711
RMDD,RMED,-0.008193652843480888,0.019378335260320734,0.007089579710310264
AVB,URAD,-0.0070096146329576,-0.001589010993756383,0.007087962607799453
RIF,SMBV,-0.007077884846630189,-0.00018670452626017936,0.0070771692348939215
ADA,ASK,-0.007216503096006578,0.002338960132348248,0.007073362883909738
AVK,SIBD,-0.007085218915378955,3.5831735104241316e-05,0.007071962015606469
OLQV,RIG,-0.007021731699604967,-0.000997196619596863,0.007066739010330185
AIY,RIS,-0.006988991463775254,-0.001484515985629183,0.007061488679713989
SAAD,SMDD,-0.00737040161087111,0.005407032951467933,0.007054272877725335
AVB,RIF,-0.0070784407886776415,0.0002606840245770598,0.007052534585989132
BWM07D,BWM07D,-0.01136592181310219,0.07650357719159041,0.007040443959945838
AIZ,RMF,-0.009185301870082799,0.03784209879930858,0.007040074228255295
AWA,URB,-0.009009832995858202,0.03490820064430725,0.00703007353908313
OLL,RIB,-0.007224402641370348,0.003288563804699066,0.007027783531573979
IL1V,PVT,-0.007523399966289376,0.008602639413499057,0.0070271035017461445
ADF,SMBD,-0.006953075420317884,-0.0006351386932913151,0.00697780637773581
PVR,RMDD,-0.005570498045911253,-0.025092190482965713,0.00697444900257728
AIN,AIN,-0.006656361014475651,-0.005741131010943382,0.006969049809579598
SMDV,SMDV,-0.006982343132992286,0.0001279175141525861,0.006964064641078543
CEPV,RMEL/R,-0.006523956714345282,-0.007966327254534455,0.006962142716404171
ALM,URX,-0.007422047464905297,0.008007541018947859,0.006959418123630231
IL2V,RIH,-0.00695577913737547,-0.0001674977722521925,0.0069541758098591346
SIAD,SMDD,-0.00699205741309944,0.0005049034082358966,0.006952537744552597
ADF,RIA,-0.007150812296911584,0.0033249145561151682,0.006952263236887456
PVC,PVP,-0.0069796407295863675,0.0004530385883021739,0.006943060948229256
SAAV,SIBD,-0.00701699025969654,0.0011390240521152962,0.006941727590164685
RMDV,RMH,-0.0071940981817163975,0.004379798576063306,0.006936086398353318
BWM02V,SMBV,-0.00689247648973622,-0.0007082004787116924,0.006921417238167932
IL1D,RMEL/R,-0.007033339602110665,0.0017980424611056941,0.006920945707135025
AIY,AWA,-0.007208919126036163,0.004947495547789465,0.006918920292549788
RIM,RIM,-0.007230282131681161,0.005366452441637637,0.006916660513014315
ADA,RIM,-0.007041657990393844,0.002127418665488532,0.006910705743136545
OLQV,RIC,-0.007039097794047917,0.0021952412166892686,0.00690433093563881
BWM03D,URAD,-0.007508573294120358,0.010526703922229432,0.0069039680618237865
AWA,RIB,-0.007205127106917605,0.005180792543502917,0.006901998763904199
BWM01V,URAV,-0.00699832471417061,0.0015581806581918686,0.006899491513032415
RIC,RMH,-0.007012018146407944,0.0018908879830641953,0.006894430511449254
OLQV,RMEV,-0.007260239720227511,0.006294045008146009,0.006894343523267962
ADA,URYV,-0.006876018922563872,-0.0005122626138844584,0.0068939537169342875
AIZ,RIB,-0.007071523504011298,0.0029609018610278572,0.006893595546782505
AIY,ASE,-0.007122736290345283,0.0039104996337018276,0.0068912610588715015
RMDL/R,SMDD,-0.007013352717231847,0.0020297579411823457,0.0068879440484497035
BWM03D,SMDV,-0.007067897658643112,0.003008856706053146,0.006887275409569675
IL2D,RIF,-0.007189290252245717,0.005173923875847989,0.006886573764178608
AWC,BAG,-0.007191055884404399,0.005270629396990344,0.006882891699901589
ASH,AWB,-0.00700902001490589,0.00207369952084713,0.006881144137972665
ALN,SAAD,-0.007106304144967461,0.0038378022650283274,0.006878948123716902
ADA,SAAD,-0.0068364719099484345,-0.0008650826322222867,0.00687433457280571
AVD,RIA,-0.007959714060077665,0.019070460440820124,0.006873346574357871
AIN,RIF,-0.007959714060077665,0.019070460440820124,0.006873346574357871
ADA,BWM03D,-0.007959714060077665,0.019070460440820124,0.006873346574357871
RIP,SMDD,-0.007959714060077665,0.019070460440820124,0.006873346574357871
BWM01V,RIH,-0.007959714060077665,0.019070460440820124,0.006873346574357871
DVA,PVT,-0.007959714060077665,0.019070460440820124,0.006873346574357871
RIF,RMG,-0.00688576876802992,3.73937674097459e-05,0.006872740311818442
IL2D,URAD,-0.006991373998366063,0.0019391092921230454,0.006871104065102445
ADA,PVP,-0.006794303201332339,-0.0014690419771733036,0.006866238008785871
AVK,RIM,-0.006929724013040018,0.0009344492764841126,0.0068661181284192276
ASH,CEPV,-0.006347770141044264,-0.009379242329651242,0.006865788225427207
AFD,AFD,-0.007149406167738413,0.004947006661033479,0.0068595292671488955
ALM,PVR,-0.006616510956660015,-0.004407372174350144,0.006854167175926901
RIA,SIBD,-0.006990445966815722,0.002248719117865255,0.0068527452727763834
IL1L/R,OLL,-0.006999848167896545,0.0024328913514080363,0.006851762948525998
AVF,SMBV,-0.006926136365127454,0.001188168453857058,0.006848250798817529
RMEL/R,URX,-0.0052048360700377005,-0.029162698012459166,0.006838552431301664
IL1D,RIH,-0.007476544672317061,0.011142530671364607,0.006837316815393776
AVE,RMG,-0.0071282794572010335,0.005000496867617723,0.006835424364458055
SAAV,SIBV,-0.007223661798507837,0.0066969529732830565,0.006835138346175868
AVB,AVD,-0.006856068956906424,0.00021803345376882955,0.00683291689981676
BWM05V,RMH,-0.009090230178858374,0.0398836790382874,0.006830204472678579
BWM02V,BWM08V,-0.006875151196414765,0.0006116822991445385,0.006829804913370779
AVH,SMBD,-0.006548557597004923,-0.005174951107582668,0.006829539280459858
AQR,AVL,-0.00681708722129791,-0.00040339077851305063,0.006828985594074515
AVE,RMDD,-0.00706333069171744,0.003975814879467404,0.006828272195180612
RID,URYV,-0.006528025737420942,-0.005449870637239428,0.006824519025840658
AVJ,SMDV,-0.006424830065185841,-0.007187030996111147,0.0068192959148335505
IL2D,RMH,-0.007267861312169851,0.007800097071314504,0.006817156457785325
BWM03V,RMDD,-0.00800796937815636,0.02105929309435923,0.0068095463588432265
CEPV,RMDV,-0.007620126557714251,0.014224968311216887,0.006807117750160769
OLL,URYD,-0.006998128767959743,0.0033419106783183403,0.006798864965541486
AVJ,RIC,-0.007011539762318081,0.003663079635030159,0.006794171628955361
AVB,SDQ,-0.006716997897383317,-0.0014138589220427393,0.006785948316054165
ADL,AWA,-0.007020231247322491,0.003983004577812507,0.006784836312478694
RIB,RIG,-0.007029147586460201,0.004188168450265684,0.006782186986404812
PVR,URYD,-0.006897791497462535,0.0021290271881890628,0.006766976902637549
PVP,RMF,-0.009301310764069464,0.04483160225918664,0.006762362965631354
CEPV,RMED,-0.006334673653248865,-0.00773519592205359,0.006760146329418125
ADA,AUA,-0.006334673653248865,-0.00773519592205359,0.006760146329418125
OLQV,SIBV,-0.006535593301663436,-0.003937711374714817,0.006746934159374232
RIS,SMBV,-0.006903244757931371,0.002653330617888981,0.006742901197706954
RID,SIBD,-0.006517035904787978,-0.0040834498935054045,0.006736611843841027
RMG,SMBV,-0.006919588547033122,0.0030718459303580668,0.006735655026461517
FLP,RIA,-0.006799219038976834,0.001002540406315931,0.006731986382722734
ADE,AQR,-0.0068601792678477345,0.0021282827545096757,0.006729466252607525
CEPV,RMH,-0.006673659500990781,-0.0009881094198340738,0.006718707321526281
BAG,CEPD,-0.00719010030370646,0.008491320790838273,0.0067006002293606036
ADF,AIY,-0.006816824250434879,0.001909849754126284,0.006698478634538403
ADL,ALA,-0.006773321711663028,0.001294915817802777,0.006689668268267076
ADA,AVH,-0.006658893152988568,-0.000666382472239263,0.006685849923851249
AVE,PVC,-0.007006715038425215,0.005622898524822277,0.006679009160802238
BAG,PVT,-0.006562291553245178,-0.002180989985451949,0.006674679837411464
AWC,OLQD,-0.006965420908483151,0.005078534176790351,0.006668430358835529
IL1V,SAAD,-0.007001241363563388,0.005772113541011464,0.0066651427853259846
AVB,SIAV,-0.006833360544516378,0.0028117275285005215,0.006664209483255893
IL2D,RMDD,-0.007081184260800242,0.007309997675376424,0.00665837003134703
BWM01V,RMDD,-0.007255638631639964,0.010435061105241668,0.0066565944807195805
CEPD,IL1D,-0.0068941035392780315,0.004051498992302623,0.006655052182561264
RIF,RMDD,-0.006233156987228528,-0.007611235108284083,0.006651811227290144
IL1L/R,SIAD,-0.006233156987228528,-0.007611235108284083,0.006651811227290144
RID,SIBV,-0.006238137325254892,-0.007449753751105713,0.006647691638747999
AUA,IL1L/R,-0.006889102880327802,0.004210219226143214,0.00664112289205472
IL2V,RMEV,-0.006928326624967058,0.004937606110734753,0.006639329714991705
AIN,IL1L/R,-0.006771111882860703,0.002165782829097993,0.006638428757604761
BWM03V,RID,-0.007680997078548333,0.018402690074909765,0.006632669786755866
CEPV,RIR,-0.007680997078548333,0.018402690074909765,0.006632669786755866
AVD,IL1V,-0.007680997078548333,0.018402690074909765,0.006632669786755866
IL1V,RID,-0.007680997078548333,0.018402690074909765,0.006632669786755866
RMEV,RMG,-0.007680997078548333,0.018402690074909765,0.006632669786755866
ASK,AVM,-0.007680997078548333,0.018402690074909765,0.006632669786755866
IL2D,RIA,-0.007680997078548333,0.018402690074909765,0.006632669786755866
AIM,RIA,-0.007680997078548333,0.018402690074909765,0.006632669786755866
ADA,SIAV,-0.006661994111668275,0.0003437423777001743,0.006632072020113361
IL2V,PVT,-0.006914181928650878,0.00507064798891746,0.0066177166834287225
ASK,CEPV,-0.007054526233638256,0.007595660873374932,0.006615670347386945
ALN,SIAD,-0.006746845809056122,0.002143028821638133,0.006615482316383942
BWM02D,RMH,-0.006370548176269518,-0.004474160271502255,0.006612355000227823
CEPD,RIB,-0.00650697247865391,-0.0019609014318633287,0.006607056678237377
AIZ,ASG,-0.006621482633416711,0.00017469934662665316,0.006601142583779549
ADA,AWA,-0.00697925200135183,0.00652044086870131,0.006601054576981238
SIBD,SMDD,-0.0067822073823156324,0.003140452825862007,0.006594628958353016
AWC,RIB,-0.007091358485183828,0.008672917116686033,0.006591790470261939
ADF,OLQV,-0.006676260314883654,0.0015238777948742056,0.006579869395516232
RIB,SAAD,-0.007413685661091718,0.014732209147096676,0.006572444710520082
AIZ,ASE,-0.006739920638376104,0.0028020191941492928,0.006571464419680259
AWC,URAD,-0.00723403915460671,0.011775072299637136,0.006559581444590551
AIA,AIZ,-0.006733851429358589,0.00301014506736342,0.006553686545225923
AIB,AIY,-0.006776139425847363,0.0038559691217527033,0.006548284287518783
IL2L/R,PVQ,-0.006553176655540357,1.8846645973145446e-05,0.006541720072114534
ADF,ASJ,-0.006871528811183919,0.005681440024687895,0.0065407412690716826
ADF,AWB,-0.006751707601596093,0.0035827863707586557,0.006539272467460867
AVD,BWM08D,-0.006126432110932946,-0.007480914609850851,0.006537918101891781
BWM06D,CEPV,-0.006126432110932946,-0.007480914609850851,0.006537918101891781
AWC,CEPV,-0.006524410666269397,-0.0004164013397124807,0.00653750586313391
ALA,PVQ,-0.006617141576750112,0.0012379041415136716,0.006536945863537266
ALA,URYD,-0.006534939121600432,-0.00012458263163013587,0.0065315870928842595
SIBV,SMDD,-0.006643609202953498,0.0018278578800431458,0.006530154822020562
SIBD,URX,-0.006466212709403328,-0.0012941762087749515,0.00652882235345002
ALA,URAD,-0.0065085258427196625,-0.0004736326345542206,0.006524868581691085
RIV,SMDD,-0.006609269815589923,0.0013295379663178263,0.006523927250101171
BWM08V,RMDL/R,-0.006157884596294956,-0.006623032748841452,0.006521018620423932
RIG,RIM,-0.0064255252673159555,-0.0018596447486223888,0.006520037524714364
ASH,SMDV,-0.0056329129337031195,-0.01573220635323086,0.006509761503715215
ASH,URX,-0.00681522339377054,0.005562169482532036,0.006491240563844195
BWM08V,SIBD,-0.0062257742846182525,-0.0048698682477320105,0.006490090658932032
AIN,SMBD,-0.008042740893350202,0.02735032906885955,0.006490053012015942
ADA,DVA,-0.00658778746620893,0.001580652925252306,0.006488340233368018
PVR,URAD,-0.006382814384761121,-0.0020463495037166073,0.006487906596541159
ASH,RIA,-0.00643645195757957,-0.0010478906988639607,0.0064852419831750874
ALN,OLL,-0.006138973830775802,-0.0062938246234761136,0.00648360216031191
RIM,RMG,-0.00653244090032614,0.0006970753128523342,0.0064828303083805505
AVE,BDU,-0.007313095839742039,0.014544321021365457,0.006482593286502456
BWM04D,IL1D,-0.006902569302526442,0.007265190041010202,0.0064825612572451535
OLL,URYV,-0.006839254339076718,0.006285391049327055,0.006474513211643098
ADF,ASH,-0.006619997357822624,0.002413103140887505,0.006473628856844698
ADA,OLQV,-0.006652057643285544,0.002997622780150102,0.006472727563678523
PVQ,URB,-0.006757273554188925,0.0049919756735188545,0.006465486772289007
RIM,SIBV,-0.006676563583348961,0.003572578895557858,0.00646482237218428
SAAD,SIBD,-0.006753549332745673,0.005536614795149769,0.006431103165625256
BWM01V,IL1V,-0.006744740931287168,0.0054951454666113475,0.00642464362101328
IL1D,PVT,-0.006817746607206674,0.00687085254181537,0.006420075847248761
ADF,SMDD,-0.006013935583450857,-0.007343546415645874,0.006417865668418701
AIB,AWA,-0.006665005497689618,0.0043035813350028275,0.006412124351377136
ALM,RMG,-0.006820380474918601,0.007178625181579827,0.00640537674455769
OLQD,RMG,-0.008824601038584285,0.04276685559142145,0.006402662693294617
RIG,SIBV,-0.00661629921686267,0.0036402236296949947,0.006400844943694634
CEPD,RIC,-0.0065185710371074195,0.002003846802474871,0.006395406148597484
IL1D,URYD,-0.006596145096852784,0.00340192039132417,0.00639414019034509
AVJ,PVC,-0.006349430852284683,-0.0009538781271206826,0.0063930656492306465
ASH,SDQ,-0.005491744938299387,-0.016148486587726524,0.00639225563641483
BWM06D,URAD,-0.009010649326653158,0.04645932038283636,0.006380515772873517
ADF,AIZ,-0.006489485929446976,0.0018035235481151106,0.0063776461547411945
ASJ,OLQD,-0.00652903106426786,0.0025954795497471787,0.006372538366536012
RIA,RIV,-0.006435491185813715,0.0009756734680749568,0.00637034823156184
AIB,RIV,-0.006362323565437841,-0.0003014300796990159,0.006369202557081484
BWM01D,BWM08D,-0.007375697167856824,0.017671230398659594,0.006369038194029686
ADA,BWM07D,-0.007375697167856824,0.017671230398659594,0.006369038194029686
BWM05D,OLL,-0.007375697167856824,0.017671230398659594,0.006369038194029686
ADE,ASE,-0.007375697167856824,0.017671230398659594,0.006369038194029686
BWM04V,RMEV,-0.007375697167856824,0.017671230398659594,0.006369038194029686
AFD,ASJ,-0.007375697167856824,0.017671230398659594,0.006369038194029686
BWM01D,SIBV,-0.007375697167856824,0.017671230398659594,0.006369038194029686
AFD,SMBV,-0.006853087662555943,0.008561677671304304,0.006360160833563401
ASI,ASK,-0.006571539033482979,0.003665914104985063,0.00635470929104094
RMF,SAAV,-0.0062451947336985255,-0.0018924760877995991,0.006341841584895236
AVM,RIM,-0.006339106138409027,-0.00015138403388821782,0.006337573786543694
SAAV,SMDV,-0.006478302116746951,0.002399780213638228,0.006332908522389868
RIA,RIS,-0.006910253559643044,0.010068150692308332,0.006332415778477726
AIY,RMF,-0.009096107664126897,0.048840099683532416,0.006331791445774822
RIC,RMG,-0.006561440864259226,0.003913781136623542,0.006330671266389197
AFD,IL1L/R,-0.006722612467381424,0.006772283833226783,0.006330642420992114
AVF,AWA,-0.00595959078943421,-0.0066534810026159024,0.006324753725943197
RMDV,SIAD,-0.0067169397379718025,0.006963905345905721,0.006314189656654368
PVT,SIAD,-0.006382221599819154,0.0011015119769871653,0.006310077952572503
AUA,URAD,-0.006801268565832787,0.008576430924809735,0.006307593273239762
AVF,SAAD,-0.006996457479337632,0.012048058477821805,0.006307006470554784
IL1D,RID,-0.005895007276755844,-0.007198324451055448,0.006290949460895387
AIB,AVE,-0.006424001022970707,0.00223374233306134,0.006288042143675322
ALN,RIV,-0.00647060027341176,0.003159451206575577,0.006282446476014541
RIH,RIP,-0.006470503918880683,0.003262954709991763,0.006276522626012755
IL1D,PVQ,-0.006786720715708858,0.009142724604157096,0.006261183972137732
SAAV,SMBD,-0.006613364332627795,0.0060861604294762985,0.00626019899525986
AQR,RIR,-0.006481421482404815,0.003752816407994763,0.006259841758953465
AFD,AIN,-0.006391704107895005,0.0021758362855080547,0.006259056796750522
PVQ,SIAV,-0.007134869269234306,0.015356732112198764,0.006258907548094668
BAG,CEPV,-0.006313854531316948,0.0008082571403298003,0.006258330719883359
AVD,SIBD,-0.006373012607674698,0.0018655464280087765,0.006257865468611678
RMDV,SIBV,-0.006371642891827261,0.001847706075531532,0.006257502406549874
RIM,RIV,-0.006324773975134505,0.0010373994429646134,0.0062563312423855435
AVD,AVE,-0.00610701857555264,-0.002653071274712749,0.00624670907488401
ALM,SIBD,-0.006545303817874553,0.005254677960871381,0.006239062131345715
PVP,RIM,-0.006327729140785738,0.0014558469593976787,0.006235721503528737
AIM,OLQD,-0.006527731574407601,0.005028809298599147,0.006234235044034628
IL1V,SMBD,-0.006789079997925013,0.00967228860994602,0.006233723006179682
AFD,IL1D,-0.006268499480143635,0.00044287658721323255,0.006233619957392942
BAG,URAD,-0.0067671776654981836,0.009416205575637417,0.006226273885048199
PVC,RIF,-0.006405404340053077,0.003215791807343287,0.006214181770214847
AIM,SMBV,-0.00611541751332634,-0.0018403435023101613,0.006209334966324578
PVR,RIP,-0.006704786636688027,0.008737939354136049,0.0062021708450231946
AVA,FLP,-0.006092738929446463,-0.0019621980355939927,0.0061935532403791715
AIB,SAAV,-0.0064481189931523625,0.0044270964343324296,0.006188627519823639
ADA,AVF,-0.006292923851246709,0.0019816910162939174,0.006171364368307721
RIA,RIH,-0.006351864211868223,0.0031093471353494137,0.006166719821387903
SAAV,SIAD,-0.006238014803644885,0.0011680927273467997,0.006162351160475292
SIAD,SMBD,-0.0063249500500991785,0.0027775776789322484,0.006158528260136971
CEPD,PVC,-0.005768866904196818,-0.007044295917174389,0.006156336784185672
RIS,RIV,-0.006289612464862703,0.002217391089647183,0.006154787407375617
AVD,SIAD,-0.006312681349690689,0.0026725376866096134,0.006152193180429539
ASE,PVQ,-0.006282646964942048,0.0022944985737499988,0.006143491506828752
AIN,CEPV,-0.006203970227558803,0.00091293707806303,0.006142726841814728
AVE,IL2L/R,-0.006025691331793095,-0.0021344740911747274,0.006136311811264843
AWB,RIB,-0.006398934751252003,0.004502022108495814,0.006135302694144186
IL2D,RIH,-0.006355336890195022,0.003779236871285422,0.006132469602964851
DVA,IL1V,-0.005969402295736378,-0.0029557330224085298,0.006126352127928553
SAAV,SMBV,-0.006125808405002543,-0.0001812004198375777,0.006126293189959614
AIN,URAD,-0.006511690699001064,0.006667360278749603,0.006125962845019564
AIN,BAG,-0.006126836316294743,-7.833861244467956e-05,0.006121527952306889
ADA,AVB,-0.006133336200600917,5.868754312829289e-05,0.00612030242217046
SIAD,SMDV,-0.006131708412295999,0.00011361482490442495,0.006115584597252893
AVB,AWA,-0.006160460596232355,0.0007675171943674476,0.006107473933702923
ADA,CEPV,-0.0061243835390461816,0.00021664668423328646,0.006102470250675891
AVA,SMBV,-0.006475324144066474,0.006484162039788479,0.006099968749877971
RMF,RMH,-0.006088696022080498,-0.00033779252848515197,0.00609805642171764
AVB,SIBV,-0.005981749237263077,-0.0022081235843388995,0.006096586174876833
OLQD,RMEL/R,-0.006155980337888435,0.0008944618673234465,0.00609585330548866
BWM01D,URAD,-0.006234208441745909,0.002291313002725197,0.006095309182690339
AVA,SMDV,-0.006184586516750578,0.0015814116870213374,0.006085736168967858
AIB,AVA,-0.0061279598620201355,0.0005914016682235427,0.0060849407426724145
RIG,RIR,-0.006226868947316399,0.0025286588796762993,0.006074617838466567
ASJ,ASK,-0.0062417884616694395,0.0028453948510403656,0.006071680223130591
DVA,SIBV,-0.0061611869130623245,0.001541891948517114,0.006064598798988554
ADF,URX,-0.006056255359372282,-0.00030283362560702443,0.006063698898627902
IL1D,RMDD,-0.006831686072054405,0.013489174993440937,0.006061355999500025
SIAV,SMDV,-0.0060637120021856325,2.8828760471307382e-05,0.00605246983527641
IL1V,RMED,-0.0058809569856915185,-0.0031225202810511456,0.006047437889534567
AIB,RIB,-0.00615741941148631,0.0019959553506836056,0.006035271744836361
AVH,SAAD,-0.005831100064868788,-0.0037897003759984837,0.006035224882489627
RIR,URX,-0.006304753578842789,0.004617944844004472,0.00603474402413075
RID,SMDV,-0.005831293016779931,-0.0037306955419408204,0.006032095327514964
CEPV,RMDL/R,-0.006153018244770352,0.002009286100089813,0.006030126986936831
AVA,AVD,-0.006330497656298371,0.005209563343638097,0.006027136849145951
RIP,URX,-0.007006214860216975,0.01719398601151088,0.0060270127123991015
RIC,SMDV,-0.006040548409669712,9.32821145117795e-05,0.00602571401407231
RIA,RIM,-0.006229430993059283,0.00357051314944136,0.006018515387392807
AIB,AWB,-0.0061061039914651295,0.0013972315278238162,0.0060177481988538195
AIA,SMBV,-0.005769183120704506,-0.004457289010003565,0.006010993985508036
BWM06V,RIM,-0.005898449059567331,-0.0020790312468963474,0.006006149739201046
RID,SIAD,-0.006471890615320985,0.008547120740520857,0.0059803880989653686
PVT,RIH,-0.005620872700818068,-0.0065309761922909835,0.0059796754575430775
AVH,RID,-0.005035877867473306,-0.01688150543963433,0.00597838351909047
AVA,SIAD,-0.00626927879234946,0.00499437069460336,0.0059781312780050975
ALM,PVC,-0.006312522245320584,0.005767401705218889,0.0059777814915578644
RMG,SIAD,-0.006363707084036062,0.006777159565510736,0.005972031854308129
IL1D,OLQD,-0.006148349616228096,0.0029884862113305002,0.005970333003661859
AIN,RIV,-0.00684713756496846,0.01546124130507385,0.005965748006249045
IL1V,RIA,-0.006096009607266318,0.002164733013122848,0.005964456519890355
IL2V,RMDV,-0.006526742793681083,0.009875241348904489,0.0059603749274029765
RIC,URAD,-0.005981102797308673,0.0004302746698464827,0.00594738871484047
IL1D,RIG,-0.006006333078078441,0.0010481208648924927,0.005937791837332093
RIA,RIB,-0.005977725065807757,0.0006652970297708131,0.005930783671928333
CEPD,RMDL/R,-0.005912392658490151,-0.0004424306195827055,0.0059279242619250435
SAAV,SAAV,-0.005901315210346577,-0.0005748218370996909,0.0059243185247384415
RIP,RMDD,-0.006190125673802195,0.004647635516427018,0.0059186262558773165
AIM,IL1D,-0.006177706344022013,0.004438522394799604,0.005918000506209582
RIB,RIH,-0.006174988824231437,0.004444209957900992,0.005914967065436746
AVK,DVC,-0.005986102105098227,0.0010970373622957365,0.005914838768820863
OLL,SMBD,-0.006191168575599016,0.004905016660322106,0.005905175947539631
AIB,RID,-0.005860806166403206,-0.0008875233877260046,0.005901480050180969
BWM07V,CEPV,-0.005877903480985125,-0.0005571331507310173,0.005899947992317305
AVE,IL1L/R,-0.005929801824129009,0.0005008208779605204,0.005892197096606868
ADF,ASE,-0.005979651524106126,0.0015102470261704934,0.005885133115253495
AVE,RMDV,-0.005979267377253648,0.0017151938259334827,0.0058732102787828
SAAD,SIAD,-0.0060333164350613545,0.0026739993006189744,0.005873189133804212
SIAV,SMBD,-0.005876308137952048,-8.046295366070072e-05,0.005871516800811758
RIB,RIB,-0.0056870380565368405,-0.0034254059814444694,0.005870880216741704
AUA,RIM,-0.005881010760862796,0.00018209038349287573,0.005861429193571379
IL2L/R,RMDD,-0.005504726804916463,-0.006463705938314309,0.005859926230387048
ASE,AVM,-0.0054910309505972425,-0.006705033683171049,0.005859839789278401
BWM02V,OLQV,-0.007185775032627525,0.023376828587200978,0.0058581700490502615
IL1D,RIC,-0.00546339390902318,-0.007089606930790362,0.005853899553002304
AVE,RMED,-0.008827648973711594,0.05257098263598149,0.005853695449669069
AIB,CEPV,-0.008018156559893689,0.03827901215179391,0.00585018047083296
IL1V,URYV,-0.006057930416470626,0.003585232492768494,0.005846458109768244
RIA,RMDV,-0.006062061306307882,0.0037715760863756874,0.005840090580282331
BAG,URX,-0.00616762769259061,0.005663489763595039,0.005838967433128286
AVJ,AVM,-0.0060191519003566325,0.0031695678119418426,0.005831144641080812
AIZ,AVK,-0.0060029887494844085,0.003089522080592429,0.005819514015013744
IL1V,IL2V,-0.0059416247722791655,0.002082871284534018,0.005814925721402453
AVD,SMBV,-0.00579615015098347,-0.00040591416695842983,0.0058098101346085755
AVA,RIA,-0.0059408457824480536,0.002246013176868499,0.005804962446583851
CEPD,RMDD,-0.0061875857970364245,0.006866641163471944,0.005791151791563536
ADF,AFD,-0.005858658113564654,0.0012697701163803473,0.005777871421018657
ALM,SDQ,-0.0055653738584594695,-0.0038488325299162896,0.00577324957264595
RIB,SMDD,-0.00584265041477901,0.001254986252413459,0.00576272150441685
BWM02D,RMDV,-0.00641880275980767,0.011513001306127773,0.005760393889176815
DVC,RIG,-0.005805832603652672,0.0006497475373176371,0.005760039383140416
IL1V,OLQV,-0.005974074902481191,0.0036817827988921015,0.00575729946120472
BWM06V,IL1V,-0.008670865537365941,0.05155883428006562,0.00575414859676844
DVC,SAAD,-0.005964336898705461,0.003644928107059126,0.005749651966995246
RIR,RIS,-0.0060294526852087,0.004811399759139257,0.005748987584826995
AVD,RID,-0.005382738311928243,-0.006547641291324417,0.005742857135978422
AVH,RIA,-0.008588221640250429,0.05029896235528869,0.005742571470821296
RMDD,RMEL/R,-0.005936227689298076,0.003334839819473916,0.005739046520015495
ASJ,URX,-0.005727343870304041,-0.0003118183629675013,0.005735815044415828
RIB,URB,-0.00566827998209026,-0.0009538195317180092,0.005712992004075444
BWM01V,RMED,-0.005903419875024797,0.003226522047989258,0.00571238945974696
RMDL/R,RMG,-0.005724311166027769,0.00011271041540546645,0.005708884535705398
RIV,SMBD,-0.005723090072110049,0.00019517293808705025,0.005703022419264577
AUA,SMBV,-0.0053368360552398875,-0.006516748099562811,0.005695288288613418
BWM02V,URYD,-0.0053368360552398875,-0.006516748099562811,0.005695288288613418
AVL,BAG,-0.0053368360552398875,-0.006516748099562811,0.005695288288613418
ASH,AWA,-0.005780822248093378,0.001450620192843858,0.005689976468143143
ADA,AQR,-0.006069753978983415,0.006653018413679455,0.005685534681247264
BWM01D,RMDV,-0.0065293353132695586,0.014839135089589013,0.0056834768816589045
RMDD,RMH,-0.005893949311762285,0.003607452741998337,0.005681486045656551
ASE,URYD,-0.0062514268736999345,0.010173901612915271,0.005668680016774752
ADE,BWM04V,-0.0056894922290919876,0.0005282473578958278,0.00565072449271956
AIN,RIH,-0.005497596751256227,-0.0027082226327974565,0.00564135922462858
IL2V,SIBD,-0.0056479585340764495,2.7322766148775814e-06,0.005638845218947305
AVK,RMDL/R,-0.0057477379716736315,0.0017815031053786481,0.005638314683866416
AVE,SIAV,-0.005790421353305312,0.0030790859784116994,0.005607871412032429
BWM04D,URAD,-0.006207561380064445,0.010589272532743332,0.00560149711555473
AIB,URYD,-0.005593161217580213,-0.0001824050237682037,0.005594558776027101
AVB,PVP,-0.005652027440391378,0.0009169163013255202,0.00559143556760113
AIA,RIF,-0.005715353459089892,0.0023061121634612726,0.005576444020689297
CEPD,URAD,-0.005664955984301529,0.001471132195099502,0.005573139100271299
RIC,SMBV,-0.005482447962330496,-0.0017090895230073052,0.005569979400813598
ASE,AVD,-0.00615330176894213,0.010321022950393981,0.005562427068570961
RMDL/R,RMDV,-0.00561363740852769,0.0007956650026267805,0.005559933352633054
RMDL/R,RMDL/R,-0.0056449609177728855,0.0015025219601590076,0.005551408386935495
OLL,RMDV,-0.0056379543203837765,0.0014092875367071184,0.005549662363586747
AIY,AIZ,-0.005760347714746456,0.003624889311768683,0.005547114637265245
IL1V,SIAD,-0.005586625695107565,0.0005857945877169303,0.005544781006081833
ADA,BDU,-0.006051340540805795,0.008878330013373872,0.005541856786521629
ADL,ASE,-0.0059259429496300725,0.00665626073577913,0.005541769227106006
AVA,RIM,-0.0055790767580137035,0.0005674687282987378,0.005538275860926494
RIC,SMDD,-0.005781835336973189,0.004205707862112344,0.005535865838152514
AWC,IL1D,-0.0057733780697206685,0.004079492865310221,0.005534528380248808
AVH,FLP,-0.005492454394715539,-0.0009010760186593544,0.005534475668421775
RIA,RMDL/R,-0.005728754632204135,0.003299665852205059,0.005533883012524396
ADA,ADF,-0.005720115542248143,0.0031610138191114356,0.005533064273683374
OLL,RMED,-0.0059845273858723375,0.007954686468383626,0.005527154329439768
SIBD,SIBD,-0.005620707425068389,0.0015250077857825184,0.0055259273289494665
BWM01D,RMEV,-0.005486214331731533,-0.0007730630546797757,0.005521037878258878
RIG,SIAV,-0.005968146741968917,0.007774669116686611,0.005520935344972449
RIP,RMDV,-0.0058887824595777166,0.006377333872391334,0.005520372348787976
BWM01V,RIC,-0.005170292880799236,-0.006313384176763333,0.005517559128278978
OLQV,SDQ,-0.005170292880799236,-0.006313384176763333,0.005517559128278978
RMDV,RMDV,-0.005378477712805762,-0.002472930038230909,0.005509181262418976
SMBD,URYV,-0.005571556087451281,0.0009891980504962534,0.005507022125517391
RMED,RMEV,-0.005474847506930606,-0.0006994185741319572,0.005505542615266829
AIM,ASG,-0.005598348612269231,0.0015275085195667435,0.005503463183410619
RIG,SMBV,-0.005587763257251393,0.0017556132636902507,0.0054800514391642845
AVD,PVC,-0.0054972306218417435,0.0004521387929046394,0.005463053081298019
ADL,AWB,-0.005691946974335502,0.003961649277869655,0.005459861511369708
AVD,RIC,-0.005550550300895442,0.0014619730465077394,0.005459430596604187
AVA,AVA,-0.005313696343888108,-0.0025978791438227406,0.005451537776396251
AVE,RIG,-0.005604661036090687,0.00258021386429302,0.005450494203542113
BAG,SIBV,-0.005460496763981599,7.279731786827695e-05,0.005447735890140374
OLL,SMDV,-0.0056864355364940585,0.0042117009315244544,0.005440279939385262
AQR,DVA,-0.005645570308617367,0.003763600180706554,0.005424709345561378
ADE,RIC,-0.007655840396810026,0.039476888308546704,0.005420993988211342
AIZ,AVA,-0.0058135625389377586,0.006978973949616024,0.005411397083404146
AQR,URYD,-0.006064808646557933,0.011480915551483053,0.005408767876676106
AIB,IL2D,-0.005852813170906723,0.0077309769076100085,0.0054082447706986815
AVF,URX,-0.005479951696811502,0.0011557365409915561,0.0054061862865268226
AVE,RIV,-0.005434617856311635,0.0004239245599086133,0.005402128210384698
ASK,ASK,-0.005604239357329791,0.0034324520938489424,0.005402088878939319
AQR,AVK,-0.005157037562448876,-0.0044185982714687235,0.005397641048331584
ALA,IL1L/R,-0.005323144217983916,-0.0014621027848788748,0.005397022052968418
RMEL/R,URAV,-0.005550110261367542,0.0027549504877419353,0.0053861916148719175
RIA,SIBV,-0.005608801636615288,0.004018297548163193,0.005373658551745828
AVD,IL2L/R,-0.005334177840375885,-0.0008434103921061416,0.005373203393333889
OLQV,RIR,-0.005155827574788168,-0.003979953939529102,0.005371735604458599
AIA,ASK,-0.005439487090016951,0.001343306370766049,0.005355224961350898
ADA,AVD,-0.005422051828777635,0.001120186455681654,0.005350379873851499
AIB,SIBD,-0.005049011092937073,-0.0052794027136730095,0.005338252569244061
BAG,RIR,-0.005418436633098274,0.0013361759748558703,0.005334609366142194
AIB,IL2V,-0.005177053698634302,-0.0027865242992056705,0.00532573334354271
BDU,RIV,-0.004989250143022183,-0.006092315006727677,0.005324356531547943
OLL,RMEV,-0.0055052403143992365,0.0031096989405753166,0.005321419133509646
ASK,AWA,-0.005389528950137324,0.0011144817020692878,0.0053182297866832505
ADA,ALM,-0.005224301409218461,-0.0018128529728566518,0.005318084635409023
AIB,RIG,-0.005545348296119413,0.003963876826046382,0.0053133699661768174
AIB,AIZ,-0.005463201593949464,0.002526300358344937,0.005312294700838687
SMDV,URYD,-0.005592396969136647,0.004929134249720728,0.005305996271538336
AVE,URB,-0.005760908172541422,0.007971703788248357,0.005302931706996873
AQR,PVC,-0.005424037238806954,0.0021486989456137983,0.0052944528956979245
DVA,RIR,-0.005334617078668879,0.0005894090284611288,0.005292968649279088
AIZ,RIM,-0.00547674082867302,0.0031254446908174165,0.005292078310373267
AIB,AWC,-0.005539117376325479,0.004369542856289587,0.005284308361159512
AVA,SIAV,-0.00555265896740217,0.004624316020277976,0.005283483754538396
AFD,AWA,-0.005891689410666782,0.01066739554697379,0.005281727592186
ADA,AVA,-0.005420229063297178,0.002308002405332965,0.005281681359092886
AIB,RIM,-0.005393459827766522,0.001937033659801768,0.005275841566055706
AVK,RIG,-0.00539864337356257,0.0020387214874256127,0.005275291470345159
SAAV,SMDD,-0.0053847560981985934,0.0018077025816967038,0.005274433484257249
AVF,SMDD,-0.005338688846435212,0.0009933272708110147,0.005274291795679613
ASK,OLL,-0.005759335552942759,0.008587575520569319,0.005266685617036422
IL1D,RIB,-0.00550635887444568,0.004189783595530304,0.005261722967742157
IL1V,SIAV,-0.005496251525150285,0.004044829007749355,0.005259793156944302
RMDL/R,RMH,-0.005373078505433322,0.0019131748037011186,0.00525683592110174
RIB,SIBD,-0.005309048628499315,0.0007821449331287113,0.005256588980601337
SIAD,SIBD,-0.0053614334920924125,0.0017774355436684323,0.005252852026825958
BAG,OLQD,-0.005238414371025082,-0.0003178471516242942,0.005248000588617232
ASE,ASE,-0.005535463619792709,0.005004258225946761,0.005244923465815557
ADA,PVQ,-0.005036327372843841,-0.0038373777293219213,0.005244397375119746
AIY,RIB,-0.005365001012524978,0.0019983944323668243,0.005243973046371862
AIA,AWC,-0.005460134962427886,0.004057855523628677,0.0052230004433755205
AIN,RIB,-0.005380414520862193,0.0026624850943576615,0.005221971226299914
IL1V,RMEV,-0.0053539447065128936,0.002220596913301325,0.005220423418499811
RIC,SIAD,-0.005369481018799479,0.0026962315179137443,0.00520915501387116
AVL,RMED,-0.00726095021551735,0.03646484225486345,0.005196320094201495
AWA,IL1D,-0.006469415125340547,0.02255755854244655,0.005189074597002389
RIM,SMDD,-0.005370269429151572,0.003136996446953962,0.005185125400075376
BWM07D,RMEV,-0.006881752598730505,0.02995859520563506,0.005184050927377421
ASI,AWA,-0.005597395826674517,0.007217235127453732,0.005182158253440007
ADA,SIBD,-0.005136826076772385,-0.0008452343846074013,0.005176267390897919
AVF,RMG,-0.005154968943137169,-0.0003325167017793948,0.005165513484513985
ADF,RIR,-0.0052114775604644795,0.0006723528258466379,0.005165354412723704
RIA,RMDD,-0.005329020257590666,0.002867109112328718,0.005159137365714041
AFD,AIA,-0.005721198058503839,0.009917278307731415,0.00515374120138477
ADE,ADE,-0.004846277866700871,-0.005584125962683887,0.005152998042785269
ASK,AWC,-0.00543921515037445,0.004947768210282517,0.00515200828418355
BDU,CEPD,-0.00512356943840906,-0.0006078212223223459,0.005149664500807222
RMDL/R,SIAV,-0.004958707935256938,-0.003393015903778144,0.0051418817742192235
RMED,RMEL/R,-0.005160710548190822,0.00023789711474581727,0.005139129473304323
RIH,URAD,-0.005589989005115091,0.008104061054490129,0.00512483144532404
AVE,URYV,-0.005295281193528036,0.0028823650364467614,0.005124592855005247
AVJ,CEPD,-0.0051904909382586096,0.0010610719944201463,0.005122514686562002
AVD,SMBD,-0.005139356749473516,0.00022544166193091535,0.005118510838832982
BAG,OLQV,-0.0053777541382006655,0.004455798933362538,0.005118344545606257
AQR,PVT,-0.005195866600590473,0.0012601487234402678,0.005116673030096637
BWM02D,URYD,-0.004790940261179323,-0.005850161128990487,0.005112727031243725
PVT,RIA,-0.004790940261179323,-0.005850161128990487,0.005112727031243725
RMG,SAAD,-0.0050430105468245515,-0.0012348897603734698,0.005104539790106948
SIBV,SMBD,-0.005215637829506026,0.0018699190979743687,0.005102080460533455
ASE,ASG,-0.005287947411441337,0.0031854508015006686,0.005100205803619434
AIA,PVQ,-0.005386970115442425,0.00501673724708874,0.005095962902639121
DVA,DVC,-0.0054615850508616635,0.006391944608870572,0.005093029971373652
AIZ,PVP,-0.0051870921972966815,0.0016044507041294194,0.005088527010138232
ADA,RIR,-0.006006961052555935,0.01615543207295551,0.005087818653568583
IL1V,RIG,-0.005213668291859894,0.0021077561158376738,0.0050867229014792785
AVE,RMDL/R,-0.005256633090696037,0.0029318478310856925,0.005083219987400269
IL1D,IL2D,-0.005296373990449381,0.003727472880273137,0.005078101071986467
AVH,RMF,-0.008177015663606313,0.05482580682385189,0.005077138913838564
ADA,RMDD,-0.005622115143709789,0.00952872499013943,0.0050766925213670796
AIM,CEPD,-0.005122067062766509,0.000787515771913208,0.0050696016286880105
BWM04V,RMEL/R,-0.005559000152786039,0.008589370025097154,0.005066566975649214
RMG,URX,-0.005367503248878425,0.00530988819203562,0.005060021382616904
IL2V,RMED,-0.005114884738445956,0.0008472891812139849,0.0050590652232755835
ADF,AIA,-0.005339962547996341,0.004849928860540882,0.00505842186284988
AVA,SAAV,-0.005024606705325913,-0.0007260683635677654,0.005057516526684815
PVQ,RMG,-0.004941774523261368,-0.002191107356573204,0.005057303115435813
AIM,ASK,-0.005281906459785198,0.003872701776359715,0.005055479541861646
AIY,AVM,-0.004941862977218825,-0.002137340357827301,0.0050543641386995445
RMDD,SIAD,-0.005061274749523238,4.226473471484907e-05,0.005050866272844117
BWM02V,URAV,-0.005176019081977619,0.0021900896188724885,0.005044497720079107
RIV,SAAV,-0.005120959826235036,0.001230535386012124,0.0050435524276080945
ALN,SIBD,-0.005280243680629155,0.00406514469607803,0.005042984118308382
OLL,RMDD,-0.005121501195622086,0.0013268661746590113,0.00503866914152524
SAAV,SDQ,-0.005633077611959721,0.01043055746626272,0.00503686093659914
RIG,RIH,-0.005117008140682671,0.0013229402802433974,0.00503440425708343
BAG,DVA,-0.005147350260540498,0.0018710765033543564,0.005033836051190614
CEPD,RMDV,-0.00501363739772343,-0.00044078654473723235,0.005030502148058001
SIBD,SMBD,-0.005102179669801126,0.0011438540794572376,0.0050296825559882335
AVK,AVK,-0.004951101162566906,-0.0013882852268123152,0.005021412962840688
RIG,SIAD,-0.005139155245528035,0.0019608631898030476,0.005020598697733844
RIB,URYD,-0.00539939418061284,0.006583383381935511,0.005020159011080183
ADE,SAAD,-0.0053691595044336364,0.00607259377153806,0.005018731731196963
AVA,AVH,-0.005434243302956881,0.007231164821146413,0.005018480246326049
AVA,SAAD,-0.004896447468200489,-0.0019629623028426632,0.004999202513060868
ALM,AVJ,-0.004973874921142055,-0.0005452320896455299,0.004996683436449685
RMDV,URYD,-0.004764764156715215,-0.004197461173220256,0.004993539038746735
BWM03D,CEPD,-0.004962070473688151,-0.0004419999688482444,0.004979085346216235
DVA,SIAV,-0.004971690947220136,-0.0002258762164771767,0.004976521953844107
OLQV,URAV,-0.005231482574828459,0.00449424098988795,0.004970140579196184
RID,SMBV,-0.005077553563707349,0.0018057543537590363,0.004967827964496335
AVJ,URX,-0.005287449449743018,0.005561457079537851,0.004965930271334913
RMH,URB,-0.005160315519854826,0.0035025450617457723,0.004954922741634321
IL1V,RMDV,-0.0056761307207631425,0.012685556516009989,0.004952880564679711
AIA,AWA,-0.005256610980335139,0.0053279999969556855,0.004948285260049415
BWM03V,PVR,-0.007099087193903493,0.03800388475264051,0.004948059782921599
SIBD,URYV,-0.004992615596794893,0.0006721881715378369,0.004946848905141674
RIC,RIV,-0.00497156274033016,0.00030769331672886617,0.004946351918022011
AIN,AVJ,-0.005319052533040386,0.006587394905799345,0.0049397189468426165
RIC,SMBD,-0.005060489040517641,0.002005085688316663,0.0049395673845770705
RIG,SMDV,-0.005181948292986821,0.004309698599034674,0.004931075326354379
AVB,RIB,-0.004831386013834556,-0.0018945330402527012,0.0049303914344226854
DVA,RID,-0.004641651723141486,-0.005241537537901926,0.004929407446201521
RIA,SMDD,-0.005065837393904686,0.0025058428297067173,0.004916712686255097
AVK,URYD,-0.005026246837753746,0.0019081475100597763,0.00491083749602423
ALN,RMDL/R,-0.00472876182335563,-0.0033242865146053393,0.004908430699813309
RIM,RMDL/R,-0.005047457952415524,0.00249574831122033,0.00489893076097409
PVC,RID,-0.00458178262636388,-0.005552565321951098,0.004887145390531353
OLL,SIAV,-0.004892206373641236,1.981164667632672e-06,0.00488433421483432
IL1L/R,RMDD,-0.0049608873851824786,0.001424337740460789,0.004872822089348413
SIAD,SIBV,-0.005141515094334962,0.004642731993961797,0.0048719551971061455
ASE,ASK,-0.005022266988572511,0.0025589784574727307,0.004870219655843794
SIAD,URYV,-0.004938324619649864,0.0012597264433672096,0.00485956336951074
IL1D,RIA,-0.004725969078305781,-0.002434687229940102,0.004855554498017402
RMDV,SMDD,-0.005286157970754922,0.007721846684010553,0.0048430025347735856
RIM,SIAV,-0.005109497234144195,0.004767305529089729,0.004832974154779475
RIA,URX,-0.005051517356162079,0.003802456925524331,0.004829410966700886
AUA,RIA,-0.0049666275795167405,0.0023000821995861676,0.004829245371318001
AVD,AVH,-0.0051179491316390175,0.0050732596024938275,0.004824186244939334
OLQV,RID,-0.004697822881943216,-0.002370085891069394,0.004823815644858275
AIZ,SMBV,-0.004952573047389963,0.0021890178012962066,0.004821466490195938
AVE,AVK,-0.004818054148119376,-0.00012557807629091472,0.004817481698133017
AIZ,SMBD,-0.004896515406284069,0.0014687010378102356,0.004806054399547096
AFD,AIM,-0.006917997770560484,0.037326921792263545,0.004805373263513137
ASE,AWB,-0.0049298452525862665,0.002126604883661932,0.0048022888380928296
BAG,RIA,-0.004899013143613009,0.0019294830452899646,0.004782604362103609
DVA,SIBD,-0.004706153656238582,-0.00145121015482672,0.004780396939260541
ASI,URX,-0.005053563856342463,0.0047543443028546725,0.004777859272552708
ASJ,IL2L/R,-0.0047419531078651605,-0.0007193085539070017,0.004774930705190191
AVE,SIAD,-0.005090305801381027,0.0056147326071048715,0.004766099737511484
RMDV,RMEL/R,-0.00553014278502844,0.013510000795254993,0.004760704805073031
ALN,SAAV,-0.004933410705301378,0.002939334030057813,0.004760088834574344
AVL,DVC,-0.004949274299254987,0.003249725194717617,0.004758451038428953
AIM,IL2D,-0.005354162053321571,0.010564233206708087,0.0047508613654919105
FLP,SMDV,-0.005135014787308655,0.00684344101672836,0.004741556755893585
AIB,FLP,-0.004866939665540711,0.002156493568122771,0.004737800190770592
BWM05V,CEPV,-0.004742720308673987,-3.96004406239303e-05,0.004737426488314994
RIM,SAAD,-0.004824641719760683,0.0014246119632942884,0.004736777113530275
RIG,URYV,-0.004710138414323336,-0.00058750029940005,0.00473574516448918
RIM,SIBD,-0.0049037661758609226,0.002862620290691137,0.004734810611677934
FLP,FLP,-0.004746785370007863,0.00016146157258975497,0.0047301645306929195
ASE,AUA,-0.004931726835688763,0.003523460823456594,0.0047255190341516495
AFD,AIY,-0.004871965481652235,0.002533058088032489,0.004721615992658489
AIZ,ASH,-0.0046981908647574545,-0.0004424686863705949,0.004715650725763361
ADE,CEPV,-0.0048364397017104915,0.0020255040937042037,0.004714723824680988
ADE,AIM,-0.003988883958862885,-0.0129762050555064,0.004713166934576537
ADL,AVF,-0.004675525167836443,-0.0006788854485395103,0.004706332163750548
OLQV,PVC,-0.004628651865633485,-0.0013995247033231643,0.004700108000201211
ALA,IL2D,-0.004686825733157458,-0.0003326057965743058,0.004698117916498714
RIB,SAAV,-0.004807041075322319,0.0018613683235659843,0.004694613313849713
ADA,SMBD,-0.004623913986194182,-0.0013487344126729122,0.004692517946384605
AVD,DVA,-0.004683329894858078,-0.0002930343978965839,0.004692399600637044
BAG,SMDV,-0.004867947648931667,0.0033183201999643533,0.004673391233707625
AIN,SIBD,-0.005218095097990019,0.009575816573558769,0.00467066194265612
SMDD,SMDV,-0.004810602446161978,0.0023559555171633086,0.004670321859678341
ALN,AVA,-0.004702427871124599,0.0007666939025449401,0.004651800471597595
CEPV,OLL,-0.004875622803508505,0.00392160093307803,0.004647087170026477
OLQV,RMH,-0.004804519458697695,0.0027003043408988263,0.004644860348653949
RIC,SIBD,-0.004779650428977241,0.002321312819008459,0.004641369460487269
AVB,PVR,-0.004798536967648117,0.002866346882772277,0.004629538509233002
URAD,URYD,-0.004789591275165226,0.002829143706869928,0.004622701690459511
BWM06V,SMDD,-0.005460502894432929,0.014848405857908472,0.0046158179943576755
IL1V,SIBD,-0.004831464300672284,0.003760460631204781,0.004612071540183905
RMEL/R,URAD,-0.004690673300153832,0.0013121213553540841,0.004609354868021333
BAG,URYV,-0.004963471520654714,0.00621037553283318,0.004605929651872447
AVB,SIBD,-0.004640981730055336,0.00052611614019393,0.004603997264118346
OLQD,RMH,-0.005003999401860717,0.007025715421896,0.004600486447625516
ASE,AWA,-0.004797670194889336,0.0034078554873924996,0.004598184078660288
IL2V,SIAV,-0.004721576415325222,0.0022167510122007086,0.0045892748057864965
AIZ,SAAD,-0.004870474536594346,0.004998354899705417,0.00458132164915928
CEPD,URX,-0.004846371680320361,0.004590818874673389,0.004580202885179006
AVB,AVB,-0.004565801131009815,-0.0003732292944569889,0.004579572558612255
AVK,SMDD,-0.00481237092803097,0.004021254428000036,0.004578324754428351
AWC,SAAV,-0.004597138934218575,0.0002191313723296764,0.0045775084490472595
AUA,URX,-0.004769566835062497,0.003397551922930551,0.004570705430399628
ASE,AWC,-0.004808322991646639,0.004168662268633583,0.004565983606736782
AVH,PVP,-0.0046342838854762335,0.0011288035919289436,0.0045633764055176855
SIBD,SMDV,-0.004687580871818636,0.0021045740598989444,0.004561649187239315
AIA,ASH,-0.004761718014483217,0.003450286857069098,0.004559899879431569
IL2V,OLQV,-0.004619632236883627,0.0009618287229874961,0.0045581493313000005
RIC,RIP,-0.004909997341893486,0.0061618261680687365,0.004555273817709946
ASG,ASK,-0.0048980202856912305,0.006024528938728722,0.0045510461270086644
RMH,URYD,-0.005261041740975121,0.012519260987130642,0.004547813132087931
BAG,RIG,-0.004581035679988596,0.0005046733099842765,0.004545353622184482
ADE,AVK,-0.004424772982167369,-0.0019179810560989087,0.004525743635854009
AIA,SIBV,-0.005574635976618177,0.01875568114430958,0.004509775285419874
IL1D,URX,-0.004625537206116246,0.0019427061410569298,0.0045088177338016575
RIG,URX,-0.004629257911631474,0.002077803493679435,0.0045049260326252664
AVF,AVJ,-0.004655623516480064,0.002653238477657115,0.0044988505937340805
RIA,SMDV,-0.00465171156671482,0.0026434566753196086,0.004495495602954615
AIA,AVF,-0.004705866910831473,0.003898373406539196,0.004478908364502294
URAV,URYV,-0.0047803923772064705,0.005222557408229335,0.0044787589190086905
RMG,SMBD,-0.004809856898873762,0.0057929718204797,0.0044760601587012444
RIB,RMED,-0.004709528070401785,0.0040145089167236995,0.004476024837046676
OLL,OLL,-0.004654236446933082,0.0031690935070173287,0.0044684210874262114
ALM,SMBD,-0.004360873597240173,-0.002005556665496552,0.004466876462053091
AQR,SIAV,-0.004627328768303822,0.002894078196277469,0.004457040520705922
RIS,SMDD,-0.004619815488946455,0.003078133976001643,0.004439176106206842
BWM06D,RMDL/R,-0.004391777323634073,-0.0009545569313354179,0.004438555807532115
AIZ,RIA,-0.004591544800206037,0.0025989924073644656,0.004437927790859406
AIA,URYD,-0.005053313397417923,0.010983648473260768,0.004426875247495478
AIB,DVC,-0.004642715578646566,0.003707216863760953,0.004426620064718607
AIM,AVE,-0.004553621940635649,0.0021839402148606554,0.004423434135903334
AVE,SMDV,-0.004531949095991278,0.0018641604767377672,0.0044198005097633615
SIBV,URAV,-0.004345889870346527,-0.0012540957334786216,0.004409606341770746
AVE,OLL,-0.0044973157560669426,0.0015215224920099343,0.004404513955714073
SAAD,SDQ,-0.004620572991436091,0.003745974035254972,0.004402330423827868
AVE,URYD,-0.004619930415764521,0.0037754151187710952,0.004400031220401225
RIA,RIA,-0.004518190718573887,0.001979358367439652,0.004399577869914131
DVC,PVT,-0.0044290746935589645,0.000555597908607106,0.00439076644248029
BWM08V,SIAV,-0.0051688409830694965,0.013682508333036403,0.0043902633010402745
RMDL/R,SIAD,-0.004540111414557703,0.0025948782812815507,0.004386807636331069
IL1L/R,RIA,-0.004591682562717638,0.0035853761192389897,0.004382528109605163
RIB,RIS,-0.004409144246893071,0.00046466210614541593,0.004375987649964221
BWM01V,SMDD,-0.004667815599815944,0.005235284791512525,0.004365644123569229
AIA,RMG,-0.005032654135965089,0.011704836345450281,0.004365643086452653
IL2L/R,SMDD,-0.004006172264029596,-0.006304376648809887,0.004354778022202917
DVC,RIR,-0.005122035728340525,0.013505396792503342,0.0043535043605294
AVA,AVB,-0.004446621295162992,0.001598132173927959,0.004349586490561578
BWM03V,CEPV,-0.004431863126156059,0.0014043195330613965,0.004345764135461331
PVQ,RIC,-0.004152795317101176,-0.0035202944524240234,0.004344413867973984
AIB,ASE,-0.004516121293934631,0.002963125160838165,0.0043421218454679925
AVK,BAG,-0.0024624051818123685,-0.03336088544088417,0.004336846140083323
FLP,PVC,-0.004343336294348987,3.2981606481832936e-05,0.004334589374881616
DVA,SIAD,-0.0044023468779418925,0.0012007433002240245,0.004327756840272425
AFD,AUA,-0.004474459491145845,0.0025239178171274097,0.004325255207073608
IL1V,RMEL/R,-0.004565510730829776,0.004178879933363556,0.00432298123008234
RIC,SIBV,-0.004334083717567237,0.00011620559841321056,0.004320665642420268
ASJ,PVQ,-0.004437255863273336,0.0019552161498323528,0.004320130703707565
AVA,AVE,-0.004621179303577185,0.005368655034418558,0.004311572545996909
ADF,ASG,-0.004708714586726594,0.0069696204281263115,0.004308828414624595
SAAD,SMBD,-0.004460128150431001,0.0025799986714909046,0.004307789031056107
IL1V,URAV,-0.004403611169592304,0.0016119498042047478,0.004305866606744472
ASJ,URAD,-0.004579914009705838,0.004747243577707762,0.004305360585134966
PVP,SIAD,-0.004738478987516493,0.007622070056675766,0.00430181015716976
AVE,IL2D,-0.004168898972550739,-0.0023081442037504608,0.004292243221749901
ADE,ALM,-0.004565906685999882,0.004913426428254927,0.004282018743099216
RIC,RIC,-0.004285225967813933,4.279226422503398e-05,0.004276018851952475
ASJ,AVF,-0.004330745220376177,0.0008787332563368821,0.00427439917921145
RIM,SAAV,-0.004350731279797678,0.0014014639154308313,0.004264921772623476
ALA,AVJ,-0.004096372801296661,-0.00305870824865724,0.004262091764486986
AVB,AVM,-0.004468194074728851,0.0037129229367611075,0.004252054133972557
AWA,URYD,-0.004463580646077887,0.0037111461390003453,0.00424754806430114
AVL,OLQV,-0.0044041292955067654,0.002691031755160731,0.004245627415447138
RIG,SMBD,-0.004447350198985156,0.003479900787171992,0.004244363373300762
AIY,ASH,-0.005056937725884875,0.014438444975592362,0.004235975396143122
AIY,ASG,-0.004377939859129797,0.0024652764414591364,0.0042321904228996175
AIM,AVF,-0.004219141401620493,-0.00034452104814167216,0.004231846357450329
RIH,RMED,-0.004583434827413462,0.006179217119858076,0.004228250158352155
OLQV,SIAV,-0.004530931203916656,0.005715396167805799,0.0042019447393894524
IL2D,RIM,-0.004724070502082667,0.00914720191299657,0.004201553694804712
OLQD,RIG,-0.00417885592011447,-0.0005129679814778349,0.004201108996746088
ADF,AQR,-0.004618828289913933,0.007299138888576529,0.004200531540153885
RIC,SIAV,-0.004232449955868095,0.0005678568436879176,0.0041937633892657755
CEPD,RIA,-0.00435225994328852,0.0027222451558256743,0.004192082909281379
OLL,RMH,-0.004242262549528986,0.0008268043422279762,0.0041889806694063135
AVF,SIAV,-0.004210521802620257,0.00026555894595963175,0.004188890564167222
IL2D,SAAD,-0.003654338893645381,-0.00957598623866962,0.004187707070061227
RIF,URAD,-0.004279821185653442,0.0015423202396946164,0.004186193407801119
CEPD,RMG,-0.004447931672784882,0.004581348471971715,0.004182928151915632
OLQV,RMEL/R,-0.004649027941790707,0.008213300402439398,0.004179212450057191
ADE,PVR,-0.004349240812661851,0.0029321935075053763,0.0041772476622135854
AVB,RIM,-0.004288307385957325,0.0019347622486152868,0.004172570140443126
AVK,PVT,-0.004213404062262188,0.0007123720838243493,0.0041666109405496645
ADA,IL2V,-0.004247089119603422,0.001368961900346614,0.004163274011598699
BAG,BAG,-0.004328026030353688,0.0028271076321177107,0.004161983275361811
IL2V,SAAV,-0.006368649501303126,0.03908111990612678,0.00415812828580508
SIAD,SMBV,-0.00420820041532111,0.0008124636401736966,0.004155780005786224
OLQV,RIS,-0.00417728779596666,0.0006149124134017055,0.004136039323361957
SIAD,URAV,-0.004166032091047776,0.0004484409458622549,0.004134174462310325
AIB,PVT,-0.004535450290137002,0.007036939314120579,0.004132048656749663
RIA,SIAV,-0.004255009651416345,0.0021406996657680247,0.004127730152214027
IL2L/R,SAAD,-0.004212503021750807,0.0014854720949688224,0.0041221828029765276
PVT,SAAD,-0.004037041597443777,-0.0015092008929093064,0.004115611410498318
RIC,URYV,-0.004007204225322766,-0.0019788604531795688,0.004112265023219647
RIV,RMDD,-0.004214623316835754,0.001853014645564368,0.004103605664760621
ASH,SIAD,-0.0025555883272970524,-0.027525231881348672,0.004101311558505203
AIA,AIB,-0.004174009199866664,0.0013184594345028472,0.004093153504625785
RMEL/R,RMEV,-0.004178940901645652,0.001552456227703886,0.0040849024569425026
ASK,PVQ,-0.00418625733868807,0.0018572302337646718,0.0040750473302193545
AIN,AUA,-0.004175492848151203,0.0017957595265957892,0.004067760954637477
BWM06V,RIV,-0.003871560560231084,-0.003572592039913844,0.004066569796640737
AVL,RIR,-0.003970109912125255,-0.0018171038401431651,0.004066122029400933
CEPV,SMDV,-0.004053796855794219,-0.00030403418291568397,0.004064484533812501
ASI,URB,-0.004550480535275788,0.008610773045664412,0.004058442121374005
SIAV,SIBV,-0.0040916262475322205,0.0004835980052249859,0.004057907171698777
ALA,OLL,-0.004200751166204414,0.002550175988686756,0.004050502634689935
AIB,DVA,-0.004023691315058442,-0.0003778305505505942,0.004038581771599487
AVD,OLQD,-0.0038404564364788495,-0.003591684589299089,0.0040365899985392775
ADA,ASH,-0.00419285794165473,0.00268021930816471,0.004035299988524677
AWB,URYD,-0.004783780935045669,0.013161078947644041,0.004035172576946962
IL1L/R,SIBD,-0.004351710041589645,0.005511910990951317,0.004034464883388762
AUA,CEPD,-0.004519605064618936,0.00855709969081294,0.004030637646999525
AVD,AVM,-0.004202746918345138,0.003128738238545498,0.004019919924321921
ADA,PVT,-0.006604853673114038,0.0457341845868222,0.004019364439639868
PVP,PVR,-0.005958444224576869,0.03461781164983322,0.003999875276694735
SIBD,SIBV,-0.003991420893713219,-7.46137956873184e-05,0.003989290263245261
IL2L/R,RIH,-0.004247619996832879,0.004478439481584447,0.003988728409590262
RMDD,SMDV,-0.0038928016077853286,-0.0017849913770738304,0.003987128304769845
RIM,URYV,-0.004375226910306062,0.006828524885683324,0.003983813982621557
BWM03V,SMDD,-0.004530130138406565,0.009635716373890447,0.00398041572572449
BDU,RIF,-0.0039849215452149546,0.00020315521260182466,0.00396716175327671
BWM06D,SIBV,-0.004117570771235116,0.0026080009768388217,0.0039641984196538
AVL,SMDV,-0.004244536606516752,0.0049214396532399765,0.003960707284225591
AIB,SMDV,-0.004173433311107978,0.0036704548390984223,0.0039601520741155164
AUA,RIB,-0.0040974389032407245,0.002333666940418771,0.0039595445565709575
AVK,SMDV,-0.004023071245339903,0.0011114788768259289,0.003954108793653112
ASK,AVD,-0.004174794233276186,0.003940797435536624,0.003946289501662704
OLL,SMDD,-0.004045823481206273,0.001731516380174762,0.003941914423068143
AUA,DVA,-0.00434169720431266,0.007086083813331354,0.003935835899846297
RIV,SIBD,-0.003950830032615581,0.00019213719765697718,0.003933744677708971
AIB,BAG,-0.004096178943141188,0.002771551518786989,0.003933631996601618
AVE,SMBV,-0.004150509469396424,0.0038331701870816543,0.003928103092368278
AVH,BDU,-0.00402286148568582,0.0017094707351043173,0.003920230107896751
AIA,ASE,-0.004064749865023269,0.0026533627380412104,0.003908907261441514
AVJ,URYD,-0.0038122620081810555,-0.0016513679370693884,0.0038991929493891633
FLP,SAAV,-0.0034813269209761177,-0.007381029922197793,0.0038913850038769246
AWA,AWB,-0.003907163376289796,0.0003507481578955645,0.0038812168790523637
AVE,RIM,-0.004066634102365772,0.003210116228966795,0.0038794411308107927
RMH,SIAV,-0.004367278306434439,0.00860900873435667,0.0038756298477082354
AVA,RIB,-0.0038241050627952455,-0.0010001352183838927,0.0038743502915140763
AVL,URYD,-0.004131322614285951,0.004476507806625961,0.0038727242728529773
AIZ,AVE,-0.004058904679213766,0.0031958518072227886,0.0038725271112270135
SAAD,SIBV,-0.004072927427676515,0.0035676648212526565,0.0038655931016331967
ADE,IL1L/R,-0.004024573731909947,0.0027339301622076946,0.0038642586024065085
PVT,RIG,-0.003923561786304094,0.0010260379844502666,0.0038595678419250357
AIN,AVH,-0.004392971904017376,0.009517224084566704,0.0038501466434230918
ALM,AVD,-0.003984657610425586,0.0023473415680840917,0.003846172236604774
AWA,URYV,-0.0024942857236865223,-0.02407151486354767,0.003845648549217858
OLQV,RIM,-0.005949700805285972,0.037239524852947486,0.0038435331147634298
AWB,AWB,-0.003874944731304736,0.00044933369722663776,0.003843498595307849
ADF,AVH,-0.003828801399090665,-0.00029748223644695854,0.0038394770922369273
ADL,AIA,-0.004038289865338675,0.003583285274787421,0.0038301309935374972
AQR,AVA,-0.003873119559758131,0.0009658338336175322,0.0038125953599452986
RIB,RIM,-0.003907729713166471,0.0015799582979969572,0.0038125730234412894
RIV,SAAD,-0.003850363315114698,0.0005957329561180369,0.003810713327568918
AWA,IL2L/R,-0.0044436026186499234,0.011155508554877182,0.003808455277415208
AFD,URB,-0.004262906834323214,0.007987807091046092,0.003806400001978616
RIB,URYV,-0.004028895539951038,0.0038873933666073745,0.0038036291065761756
RMDD,RMDD,-0.003768796010511692,-0.0006855319801618538,0.0038014155957584194
AVK,RIC,-0.0035807960955143037,-0.004017169949388985,0.0038012980368600006
RIM,SMDV,-0.00394514509007637,0.002498362333761504,0.003798219341495938
AQR,AUA,-0.004605817660419204,0.014221655628530828,0.0037977770323831587
ASJ,OLL,-0.003892672587599317,0.0015980799893501583,0.0037965194618693123
AIM,RMDD,-0.0021643671443773464,-0.02891510946013067,0.003788966471593637
AVK,CEPV,-0.0038097269460720482,0.0003481006956474996,0.003784084076710448
ADL,ASK,-0.003978026959817649,0.003352374533208033,0.0037829648538853454
ASJ,ASJ,-0.004272637783653345,0.00873610520134008,0.0037739834316198283
BWM07D,CEPD,-0.003646698520797686,-0.0023584443957049297,0.0037737032434584203
AWB,RIA,-0.005178230092738468,0.024815674637285796,0.003772797112448054
AQR,PVP,-0.003878591628880466,0.0017915448269694473,0.0037715680200391924
IL1L/R,RIB,-0.003708129953927517,-0.0011458620167519456,0.003766764139882584
BWM03V,RMED,-0.00436528075448708,0.010565235665589166,0.0037634923078831207
IL2V,SMBD,-0.004119536641035002,0.006258232794342092,0.003760638974923872
RIB,URAV,-0.003929213684945866,0.0029944824220136074,0.003754379725252601
RIV,SMDV,-0.0040285991572412035,0.004795506427985304,0.0037522029097172473
ALN,RMG,-0.0036809023635084055,-0.0013650181992707418,0.003751919083481548
AVB,PVC,-0.0038089754606820507,0.0009094358420803817,0.0037517284394915
SIAV,URAV,-0.00369671460517085,-0.001024640596329709,0.0037485416638330985
OLL,PVT,-0.0039834081523690825,0.004111620922937516,0.0037455889963030646
BDU,BWM08D,-0.002815658626199026,-0.01655167591674812,0.003743115578830981
SIAV,SIBD,-0.0037229252624223267,-0.00040885966490370124,0.003740039889958992
RMDD,SAAD,-0.003645710375593262,-0.0013857062417898503,0.0037179477383294914
ADL,URAD,-0.003988215207011634,0.004826134740571865,0.0037101585287274853
AVL,RIH,-0.0040000723098983565,0.005169670938545772,0.0037026544032845547
IL1V,RIH,-0.004111778091214401,0.007462190423728883,0.003685105252768354
ASJ,SIBD,-0.003938581561698321,0.0045279122550563105,0.0036773946998779647
AVE,RMH,-0.004233114995219493,0.009757563307742995,0.0036770112894742315
AIB,RMH,-0.0037860686643621127,0.002037200014526974,0.0036653604877004385
AVM,RMDL/R,-0.0054221142341457675,0.03109534072763951,0.0036627248405406523
OLQD,RIC,-0.0039072083665734995,0.004319192865374335,0.003657822983153149
ASK,IL2D,-0.003993272213163353,0.006016837587100863,0.0036481663285912467
BDU,RMG,-0.0038617620060983435,0.0037736249012049767,0.0036431663056779805
BDU,IL1D,-0.0038102170404815034,0.0029863000455576977,0.003636032547210635
RMH,SDQ,-0.004082884146050234,0.007864375836045847,0.003633612545499158
ASK,OLQD,-0.004006486627274063,0.006643757779458483,0.003626061744239456
AVL,RIB,-0.003749648361734729,0.0021581536555987137,0.0036221878006882143
AVL,OLQD,-0.004638761268003406,0.018048050212211994,0.003615227538420659
IL2D,URX,-0.003721360554449129,0.0018111958679706051,0.0036134799348661634
AVE,RIB,-0.0036618700734175327,0.0008391110903180281,0.0036088159646813977
ALA,URB,-0.003909993655923903,0.005297705439407327,0.0036055098044705395
RMDD,RMDV,-0.0037922145553590395,0.0033616062246034557,0.0035969274276178346
ASK,AVH,-0.004496729716454993,0.015942774649067345,0.0035919564667383596
CEPV,IL1V,-0.003843460519347311,0.004451209768666606,0.003586743197277019
OLL,URX,-0.002911047663602527,-0.012018254680866813,0.0035831041159097026
RIC,URAV,-0.003639377682736821,0.0010073473435118605,0.0035768869011880595
SAAD,SMDV,-0.003653446716087433,0.001302596411378488,0.00357430994991483
IL2V,RIV,-0.003734327881670365,0.002753856177204685,0.0035733512635062773
ADE,SAAV,-0.0038391950863053124,0.00482707547835764,0.003561321834641771
PVT,URYD,-0.003764811856726396,0.003566423535693831,0.0035580361901873204
AIY,RIA,-0.0036240419242734205,0.0011482455366647259,0.0035536423559090467
AWA,AWA,-0.001752899806539637,-0.03202208992967394,0.003553086893221786
RMDV,SIBD,-0.003028069310444355,-0.009261972313054602,0.003544750750868006
PVT,RMDL/R,-0.0038938464576570068,0.006128252061329721,0.0035426252276546
AIY,URX,-0.003659529577363264,0.0020133860791979263,0.0035403629491989083
CEPV,RMDD,-0.003351921154589619,-0.0032838797259158634,0.003531499084054972
AVF,PVQ,-0.0034857901924494603,-0.0008050997007408364,0.00352559084187096
AFD,AIB,-0.003830035442992412,0.005331088342657575,0.003523798844149377
IL1D,OLL,-0.003677018134890407,0.002795199562433147,0.003513804635608238
AVE,FLP,-0.004410192077528337,0.01591404928093563,0.003507173453855436
BWM03V,SMDV,-0.003536651678612345,0.00047235726363905277,0.003504445868111495
RIP,SIAV,-0.00395098596773855,0.0078411692304144,0.0035032302219105255
SMBV,URX,-0.00335657301839004,-0.0026504484604126764,0.0035004789337009044
AVK,SMBD,-0.0038009262283435147,0.0052425326906511485,0.0034997218324324345
PVT,RIV,-0.003693011687487967,0.0033379660091433622,0.003499212963113479
DVA,SAAD,-0.003987261316128399,0.00857930486700259,0.0034978881293131203
PVC,SIBV,-0.003889384340967225,0.0070584386805382085,0.003485797078167366
AFD,RIV,-0.004003800032244999,0.00913015201908324,0.003483385780507646
FLP,RIG,-0.0025475056496366308,-0.01657199179437376,0.003476531841702699
AVB,RIV,-0.003558574338455624,0.00161908719151347,0.003461768413035774
ALN,RMH,-0.0034704769577798317,0.00011746915515824909,0.0034583576973575792
AQR,AVH,-0.0036551970712181926,0.003563090416212052,0.003448782956499493
ADA,RIC,-0.0035657568130196705,0.0020288317606555377,0.0034458692868778134
RMG,SIBV,-0.003472953832565008,0.0005128936269190295,0.0034385667129874353
PVC,URYD,-0.004116216421791886,0.011979981820797451,0.0034351673805627153
SMDD,SMDD,-0.003694771158224152,0.0047012161954553865,0.0034242133746593163
AIA,PVC,-0.006134992953137018,0.04825300953098294,0.0034084294649271963
RMDL/R,SIBV,-0.003489971251843283,0.001482227747881852,0.0034009798699752235
AIZ,DVA,-0.003565186949056584,0.0028172282176710355,0.003400910551324036
ALM,RIC,-0.0037022781217113804,0.0053965989360242154,0.003392555686777293
AUA,AWC,-0.004102385164328954,0.01249532742313707,0.0033923421095355243
BWM01D,CEPD,-0.003767300368342367,0.006600912660404772,0.0033896672578119773
ADL,AWC,-0.0035427780580299466,0.0026341198865741755,0.0033888469165885902
AVE,RIC,-0.0036743291307071405,0.0052190855724480335,0.003374645722091281
PVT,RIC,-0.003890406085092042,0.009088399769661429,0.0033725225260303033
PVC,RIC,-0.0036343276716129936,0.004595758357967385,0.003369803455744445
ADE,SMBV,-0.0035361181312517634,0.002885636885217762,0.0033680361729388555
CEPV,RIB,-0.003672796750958003,0.005357848498108799,0.003365302882765779
AVA,AWA,-0.003830709925084414,0.008196696336533364,0.0033631274219668157
AVD,RIM,-0.003455471652905563,0.0015595316487433588,0.003362182489316573
BWM08V,SMDV,-0.003728659586098333,0.006496790679524745,0.003356950243264688
BWM05D,SIBV,-0.005591972810183477,0.039566314590364846,0.003355365312665535
AIB,AVB,-0.0035458298380858454,0.0034948602331781094,0.0033434308386449778
AVK,SIAV,-0.00364386289163866,0.0052397862514316626,0.0033430622838269406
RIB,SIBV,-0.0033341985812798385,-0.0002447078957011739,0.0033426874735645647
CEPV,RIP,-0.00368795509973013,0.006124447761714857,0.003337274676400509
AQR,RMG,-0.00484289379145567,0.026638539406183843,0.003335358412191702
AVH,RIF,-0.0033026159448914017,-0.0006087054822684363,0.003331649412007273
AIB,RIS,-0.0031032887108655306,-0.0041137470572197195,0.003329985797792553
AVH,OLQV,-0.003455303957185485,0.002241774706262276,0.003323602131775396
IL1V,RMF,-0.005588679908696296,0.04008322861879703,0.0033229733719280286
AIY,RIM,-0.0031862107552174264,-0.0023111870916704153,0.003311285190125384
BWM04V,BWM08V,-0.0032481273051878437,-0.0010192261112557533,0.003300361110983354
AVK,AVL,-0.003316004956964894,0.0003330260723306281,0.003291994049056836
RMDD,URYV,-0.0031641744103823293,-0.0022976292708246867,0.0032885204441648313
RID,RIV,-0.0027554635211415384,-0.009398477528311088,0.003280263174535392
AVE,CEPD,-0.0033842433541280826,0.0018113156318803262,0.0032768907675948798
ASI,IL1D,-0.003624089092726249,0.006186196962026148,0.0032700332621523006
AVD,RIG,-0.003459709174462364,0.0032810710661158133,0.003269483948613181
AVK,RIV,-0.0033524867962226655,0.0016845160003454477,0.0032523238964020686
PVT,RIB,-0.003412607305567813,0.002884682928083496,0.0032447749866014353
SIAD,SIAV,-0.003377044047205061,0.002272226906222131,0.0032437517903027907
AVD,SIBV,-0.003334714476655529,0.0015588364006065207,0.003241656017921046
RIA,SAAV,-0.003194095654623497,-0.00087220691494437,0.0032381374215274955
AVL,RIS,-0.003235835407488873,0.000276921880575998,0.003215110557651434
AVH,DVA,-0.003221233811494228,0.00023833118795520779,0.0032027049300147404
CEPD,SMDD,-0.003369089562461916,0.0028864415161620185,0.0032012272612984
CEPD,RIM,-0.003425444177624394,0.004076998639498976,0.0031904595004594665
BWM01D,SMDV,-0.0033246526498744854,0.0024561892351034594,0.003181085710593051
CEPV,PVQ,-0.003064997028538169,-0.0021362183577306863,0.0031804123296448614
AIZ,RIR,-0.0033016927909054242,0.0021852283760032134,0.0031734184196838626
IL1L/R,RMDV,-0.0033132726476356664,0.0023914578853387928,0.003173368386521775
AVB,RMH,-0.004216014367336012,0.018483044022955048,0.003168659413047155
ASE,IL2L/R,-0.003506119539986619,0.006126417628583863,0.003155616655154822
BDU,RIM,-0.003537783099735323,0.006849581202947774,0.003146513074815379
AVF,AVF,-0.0029834022335602957,-0.002915133351321801,0.0031428029026811174
ADA,AIB,-0.003410471785750016,0.004985443495688201,0.003124361893969499
RIS,SMDV,-0.0031933453460407037,0.0013402375890781359,0.003112819104343115
ASE,ASJ,-0.003313547617969364,0.0035792039032839953,0.003106768217320189
RIF,RIR,-0.002473779303557161,-0.011106678416310576,0.0030952041279458413
AFD,CEPD,-0.00334489788825245,0.004341945807282176,0.0030951234311678744
RMH,SIBD,-0.003183781515568665,0.001525627531515725,0.0030928322730317693
IL1L/R,URX,-0.0028931129843168053,-0.003498645959926716,0.0030855109021885358
AIZ,DVC,-0.0032508864564923805,0.0030543278612178964,0.0030737590116541287
AVL,SIAD,-0.0031533138254850597,0.0013450912215055978,0.003072577808330782
CEPD,IL2D,-0.0033104338274269943,0.004327397530670366,0.003061533165766935
AVH,RIM,-0.003332787203771569,0.004729221609076545,0.003061226829784126
AWA,PVQ,-0.0030622663932222995,-4.973154178914018e-05,0.003060208733088928
AVA,AWB,-0.0034740459239483825,0.0072732412897119495,0.0030590233020989822
ADA,SIAD,-0.0030346829156079405,-0.000510497877870141,0.003058611941932635
AVE,BAG,-0.003135951539744627,0.0013932182550545577,0.003052533326273617
BWM01V,SMDV,-0.0032027790499960613,0.002778499670499394,0.0030412581149410357
BAG,RIB,-0.003143090247498107,0.002050278041244514,0.0030226656976633424
AQR,RIA,-0.0035900714477488395,0.009989514430782711,0.0030219280686890884
IL2D,IL2L/R,-0.0031525730980917406,0.002383901629329336,0.0030133492046027616
RIF,RIM,-0.0031927440239514437,0.0031216249406696987,0.0030119197253466066
ASJ,SMBD,-0.003265300992729377,0.004416373044519006,0.0030114622600387457
IL2L/R,URB,-0.0031543223957963534,0.0026726767558561243,0.0029988365687276196
BWM02D,URAD,-0.0031389328727357097,0.002547661112827241,0.0029905103235364334
CEPD,RIS,-0.0030704825483210876,0.0015348979362495364,0.00297919107464864
AVA,BWM06V,-0.004537888748860409,0.027713128103998345,0.0029703336978818017
CEPV,RIS,-0.00304760556711895,0.001288278202735883,0.00297023603034285
RIC,RIS,-0.0027120564596983285,-0.004602485639670535,0.0029668920427707046
AIB,AIN,-0.0031011442011768136,0.0023046729774052572,0.0029664627705620304
AVH,SIAV,-0.003034804931392144,0.0013651760248235528,0.002953126055174406
ALM,AVM,-0.003181514023737171,0.003980320426002818,0.0029523596562396046
ASI,CEPV,-0.0029940473221500476,0.000736578031898198,0.0029478256034275482
RIV,RIV,-0.0030448199427388642,0.001989003190294052,0.0029280012927389003
SAAD,SMBV,-0.0030741642454044167,0.0025760848809180206,0.0029242440717773
RIM,RIS,-0.0031085436984334474,0.0032060186803983012,0.0029231012740313367
SDQ,URB,-0.0033351028553730774,0.007349930897858966,0.002915982719771708
SIBV,SIBV,-0.002851035199176464,-0.0010757144969102273,0.002907079435674707
ADL,IL2D,-0.003159071453782774,0.004453034154630934,0.0029033370727191594
BWM01V,SDQ,-0.005030544168319943,0.037649671111950195,0.002902741731916149
AIY,AVD,-0.003277298658074997,0.006949791066513156,0.002880799641560197
IL2D,URB,-0.0031727755877491923,0.0051743415387281045,0.0028764070667232798
ALM,SIBV,-0.0027012197045794507,-0.003138329914388079,0.0028736348372693293
AWC,RIA,-0.0030336395099485208,0.002784986206490444,0.0028720216674501206
ASG,CEPV,-0.0031087986712697827,0.004193197880051974,0.002867773828124091
BAG,RIV,-0.0030850597694103248,0.0038592427710168278,0.0028628755505118973
AVD,RMDV,-0.0017580583584217175,-0.0196342583424845,0.0028607543405906053
AVK,SIAD,-0.002878264167869636,0.00023325130220948982,0.002860565363720162
ASK,IL1D,-0.003499156878853918,0.011632641077040767,0.0028386433221936833
ASE,SAAV,-0.0027942152956854454,-0.0007851813337140596,0.002833991523903014
AVK,SDQ,-0.0030191525779983126,0.0032107533481964367,0.0028335853764976625
AUA,BAG,-0.003176506049265647,0.006034913120952825,0.0028316780957218274
RIB,RIV,-0.0029063044898679185,0.0012982145173180803,0.0028285996489971366
AIZ,AWC,-0.003037070091221791,0.003663579189191648,0.0028259786172319013
ALN,SMDV,-0.002763460595872257,-0.0007410193198802904,0.0028007991184203244
ASE,AVA,-0.003178795392260954,0.006647834922768465,0.0027994539345599944
IL1D,PVR,-0.0028212624536140337,0.0006814217028311926,0.002778420342280469
OLQV,SMBV,-0.002709118018510625,-0.0011567370488140107,0.002769949264902338
SIBV,URYV,-0.0029396515662190085,0.0029906675704164196,0.0027666021609976726
RIC,RIF,-0.0028013083716917045,0.0006526769510505125,0.0027601163548564805
OLL,RIG,-0.0029441133181546506,0.0032341036958748104,0.0027573504379788854
ASJ,URB,-0.0030578623114084465,0.005254726351581508,0.002757150103313476
ADE,URB,-0.002740760637591182,-0.00034939771064754373,0.002756085355428946
AVF,SMBD,-0.0046664866725499516,0.033811114907671566,0.002755387337098543
AVK,DVA,-0.0007352086121077892,-0.035850140385721985,0.0027525441585169773
AWA,URAD,-0.0032374513576692823,0.008728177271640136,0.002740885517157106
ADF,RIS,-0.004607365897965943,0.03308682781882294,0.0027371405167886972
BWM01D,SMBD,-0.0028953594407125833,0.0027931305815833223,0.002733502394966943
OLQV,RIB,-0.003010999951382631,0.004862798745538775,0.002732429124996785
BWM02V,SDQ,-0.00504830946504892,0.04102190075293257,0.0027306092509473386
ADA,RIV,-0.002878173966076197,0.0028718840038850233,0.0027119100591700943
PVR,SMBD,-0.002665941440345424,-0.0007295855080755339,0.0027027908917039273
RIV,URYD,-0.002918182020794778,0.0038087541482810594,0.0026991052287407883
SIBD,URAV,-0.002508942626399045,-0.003447919978027327,0.002699093892577692
ADA,SAAV,-0.003012799886716042,0.005515903449187926,0.0026974538794483183
AVH,URAV,-0.0049186983305641255,0.0393447822300835,0.002695631993071938
BWM06D,SAAV,-0.002373382124156451,-0.005694537988361236,0.0026902417325182153
RIV,SIAV,-0.002864827257501087,0.003110548940367416,0.002685146762009961
IL1L/R,RMG,-0.0028599283096787014,0.0030557075407555046,0.002683343368802636
RMDV,RMG,-0.002689517616450004,0.0003089651364159883,0.0026678552427321163
ASK,URAD,-0.003181875025326977,0.009252926897049972,0.00265585190941569
ADE,IL2L/R,-0.002920740722591421,0.004989074227606567,0.0026352032773900177
AIB,AVK,-0.002832259002095489,0.0035318314890420417,0.0026289103303575954
ADL,AIB,-0.0027978926928995743,0.0030631984518977207,0.002620984393123941
AWB,SMBV,-0.003022973628509056,0.007076048227296125,0.0026197692858252984
AIM,SIBD,-0.0026383807190898017,0.00071451390402245,0.002593965497801626
AIY,IL1L/R,-0.005078461263015088,0.04403444108576212,0.0025910955240944725
AFD,ASE,-0.002855729579421072,0.0046341925368378525,0.0025902764771480857
AVD,OLL,-0.002621138854415811,0.0006556809609252707,0.002580063506941084
OLQD,SIAD,-0.0029581278548117566,0.006639959358339239,0.0025795798715383136
PVT,SMDD,-0.00418970699017133,0.028499039274496096,0.0025784544230435667
AQR,BAG,-0.002861374751457238,0.004983220107828344,0.002576261089393323
BWM08D,SIAD,-0.0060616184133737904,0.061802009540441113,0.0025723101176541156
BWM02V,CEPV,-0.0031686449337002954,0.010524459321633041,0.0025710506022549374
PVQ,URAD,-0.0032236781881734,0.011603595079024004,0.0025652370314915656
ASH,RIF,-0.002698421371919648,0.0023523686114855034,0.0025616933401185543
AIA,RIR,-0.0028183760280480617,0.004805017197742933,0.002543364090155104
AIB,RIC,-0.0024868189651232266,-0.0009656587246672649,0.002537244399174937
AVH,SIBD,-0.0026814027818561096,0.002512913123065545,0.0025356624688939186
ASI,SAAV,-0.002334395254290551,-0.003639625145883255,0.0025356171525078458
AIN,URB,-0.0028226139894945374,0.005057696166780354,0.0025333685237411306
CEPV,SIAV,-0.002976295179427476,0.007795761822844594,0.002532642219435051
IL1V,OLL,-0.002697435356638603,0.0033112245501880143,0.0025067215840445215
RIG,RMF,-0.0031837454643624933,0.012094724398356784,0.002497715170002226
ASJ,AWA,-0.0026783583884171193,0.003246024644203918,0.0024913458853830853
AIA,AWB,-0.002742328196072418,0.0046028611385798175,0.0024788190639697676
DVA,PVP,-0.002618592198017676,0.0024128049798385035,0.0024785879992116713
AVA,AVJ,-0.0027442488597613484,0.004683246560851593,0.0024762106701002084
AVM,RIC,-0.002730763165171064,0.004500266999375878,0.002473048826515188
AIA,OLQD,-0.002961031793776343,0.00872169372372808,0.0024652694923991306
AVH,URX,-0.0024927708421014503,0.00047571687894756853,0.0024620318027278507
ALM,SAAD,-0.00240316709027649,-0.0008508190793906463,0.002447259306051208
CEPD,OLL,-0.002610262772644031,0.002864308602911654,0.0024448503834212324
PVC,URX,-0.0019813693244218967,-0.008005055941842093,0.0024289419051412957
PVT,RMH,-0.0023078970094387295,-0.002168342289618975,0.002426322016337495
RIM,URYD,-0.002647377569065259,0.004149397814928813,0.002409550801470881
DVA,RIA,-0.004918639020445433,0.04448127694130133,0.002406368220802478
AVK,RIS,-0.002325390073067367,-0.0011662505815841521,0.002387365684062549
AUA,IL1D,-0.002571450878309881,0.003325185459127522,0.002380150904315119
RIB,RMDV,-0.002301044298529894,-0.0014052412883962888,0.002376514632633803
AVK,RIH,-0.004834664511949517,0.04359362181188996,0.0023725053463274593
AIM,URAD,-0.0030423564606099143,0.011853982868204308,0.0023701051356736277
OLL,SIBD,-0.0028292677220936057,0.008123149197362626,0.0023674148170836364
AVD,SAAD,-0.0024794650749326535,0.002021811058891925,0.0023616960493129486
OLQD,URYD,-0.002585387868683331,0.004174587956336111,0.0023462411341025153
AVH,SIAD,-0.0023101243330880144,-0.0006792226289429503,0.0023447025994785585
OLQD,SMBD,-0.0023662199321227793,0.0003310083833033616,0.0023438292922155234
PVR,RMF,-0.004441138147742344,0.03713874121592053,0.0023430380317171623
ASG,BAG,-0.0042685394409757325,0.03428055480513483,0.0023316400924114976
ALN,RIM,-0.002578364130078369,0.004758443749415724,0.002306355193803915
RIA,SAAD,-0.0025701552420984907,0.00474545672849545,0.0022988905473612462
AIY,AWC,-0.0024711987767143118,0.0031303800634155375,0.002291026133423979
AIY,OLL,-0.0038055164361265317,0.026792072976193074,0.0022909821358026005
FLP,SIAV,-0.002963750288105356,0.012328582228365036,0.0022649018747643098
BWM05D,SMDD,-0.0023346538313254546,0.0012205919128089415,0.0022622262655380377
AIZ,AVD,-0.0025357404458153736,0.004794993053573033,0.0022617412569493423
AVL,SIAV,-0.0033305247277523597,0.018896873625213417,0.002261274234406246
ADA,OLL,-0.002161513164266565,-0.0018317146575948823,0.0022612169428683267
BWM06D,RIM,-0.001986351598679655,-0.004654104836879241,0.002245244743715641
RMEV,SMDV,-0.002366171230699663,0.0021479679964817775,0.0022414788010807945
AVE,CEPV,-0.0023831752697457804,0.002567796900362023,0.0022348178721244873
SMBD,SMBV,-0.002181955529520823,-0.000820308307759566,0.002224680783251036
OLQV,SIBD,-0.0023159137813170767,0.0016083962263446034,0.0022216810576720304
RIS,SIBD,-0.0036211787503320518,0.024948297041963458,0.002210748598576531
DVA,RIM,-0.0024581157566992205,0.004351049827998147,0.0022092354294235717
ADL,AVJ,-0.002109546430118119,-0.0015795066874464594,0.0021951323586322105
AIN,OLL,-0.002192346539130002,0.0003214571618617152,0.0021707694890815135
IL1D,RIF,-0.002360581738379184,0.003365685157059046,0.0021673359806787013
SMBD,SMBD,-0.0023743778123710003,0.0036791963445815734,0.0021634582749453274
RIR,URYV,-0.002057558060601343,-0.001721210939894792,0.0021512049578963845
BWM01V,CEPV,-0.0024596718967057193,0.005449772889539812,0.0021489267349587573
AVL,RIV,-0.002264532520297135,0.002068007286899923,0.002144503420135881
IL2L/R,IL2V,-0.0021023298092752124,-0.0007323397964995517,0.0021402284069244977
AIB,AUA,-0.0025093013941784666,0.006747430079248204,0.0021254143758769814
AVE,DVA,-0.0022820823215943297,0.002720881654756245,0.0021252660249998
PVP,URYV,-0.001993070200554406,-0.002338250623818374,0.0021215611215634365
OLQV,URB,-0.0021939978837072797,0.0018012373046744647,0.0020891008578849597
ASJ,AVD,-0.00218412505276093,0.0016351842962429842,0.0020885931162540005
AWC,SIBD,-0.0021997419831661924,0.0019207877519235776,0.002088104691916197
AVA,DVA,-0.0023736960823954214,0.005084715841863384,0.002083641432306466
PVC,RIV,-0.0024793049122545925,0.007182853496349052,0.0020709494523586105
AUA,RIG,-0.002516685859323149,0.008100778128370633,0.0020565883874771357
RIV,SIAD,-0.0021105902177757973,0.001046148306611835,0.002048339939889213
AVE,RIS,-0.0022928916985904867,0.004416135038542401,0.0020406089202106674
AIA,AIM,-0.0021359660768392073,0.001894723225116566,0.002025897488532526
CEPV,IL2V,-0.0021264009774339455,0.0019639355808641467,0.002012450638621433
AWA,AWC,-0.0023604066564463584,0.006210048839348563,0.0020070124792172218
AUA,SIBD,-0.002181557127106965,0.003115750534653582,0.0020026676477164825
OLL,PVQ,-0.002355963783314351,0.006290051630084735,0.001998072186779384
ADF,SAAV,-0.004040212491698277,0.03617817444108545,0.0019968320042463984
AQR,SIBV,-0.002066392205480732,0.0011954996512811781,0.001995802980402357
AVH,PVC,-0.002096925979474273,0.0019162139136602633,0.0019857093122669137
ASI,URAD,-0.002823036236173657,0.014863060570313731,0.001981710088748128
PVR,RMDV,-0.003646686127491104,0.02972329384511603,0.001967364689636101
AIM,AWA,-0.002059552747520908,0.001627512067594927,0.0019646503989278505
AVH,IL1D,-0.0021838841942912997,0.003920501371730077,0.0019596804328754123
CEPV,RIM,-0.001974240496158702,0.0006017997697598243,0.0019372250572325057
ALM,IL1L/R,-0.0016679521154586495,-0.004630381961899108,0.0019260146546139297
AFD,AWC,-0.0022583691724270684,0.005946834186697934,0.0019199568643452117
BWM01D,BWM05D,-0.0021822158663107757,0.004716661817314521,0.0019131878331791476
OLQV,PVT,-0.0011819211471701075,-0.012926778945103752,0.0019078739864583254
RIB,SIAD,-0.0016876067643143344,-0.0038711274891873437,0.001902889155943794
AVE,SMDD,-0.001986138959355255,0.001550978377961949,0.0018956622119193822
ADL,RMG,-0.0019443899621413138,0.0009709529335356553,0.0018866371221607616
RIV,RMDL/R,-0.0018811336778623829,-4.8822456101415365e-05,0.0018808984887594244
IL1L/R,URB,-0.0018532209031742746,-0.00045135335755480037,0.0018756940422676514
OLQD,PVQ,-0.002392603722327233,0.009190674334978954,0.0018713377048316297
ALM,AVE,-0.0016217561333920427,-0.004355421965449109,0.0018644106409470324
AIZ,RIG,-0.002074734117932484,0.0037499137067194812,0.0018603082501860609
AIM,DVA,-0.0031275086136191535,0.02252869514195643,0.0018540945443195629
AVL,RIG,-0.0019892872621562543,0.0026016614197422205,0.0018396479938355532
CEPV,RMG,-0.0014610381652626697,-0.006753030441078203,0.0018389422711131832
ADL,URYV,-0.0017053041663699121,-0.002041757184033799,0.0018175578472146062
RMDL/R,SIBD,-0.00183653122779637,0.00031994597435935327,0.0018156037008953446
RIH,SIAV,-0.0035047627826258264,0.029931908370061103,0.0018139206746680837
BWM06V,RMDL/R,-0.001860925537288437,0.0011613276889058458,0.001792586262277006
AWB,SIBV,-0.0019451965790212894,0.002661130056037313,0.0017922789380285706
ASJ,SDQ,-0.0033982059496908026,0.02853864595766317,0.0017859789478459488
AVA,RIF,-0.0033945262433962326,0.028528621909329328,0.0017828694715126736
AVH,SIBV,-0.002290332974130154,0.008959865455461149,0.001782224625213548
BWM02D,RMEL/R,-0.0018579163006522427,0.001436838390067595,0.0017740694791737114
RIA,SIAD,-0.0019226747527590982,0.002591781346537551,0.0017736974396929915
SDQ,SIAD,-0.0025443212354511217,0.013757611932020708,0.0017656782615557438
RID,SAAV,-0.001929447983003784,0.0029600838675236173,0.0017597230663084248
BWM04V,IL1V,-0.0026503816830696293,0.015880708307688556,0.0017520319102383422
BWM07V,SMDV,-0.0030437524632115297,0.02294881992646346,0.0017468166047263283
AWC,AWC,-0.001954845557107048,0.0037269566346239775,0.0017419024432656892
IL1L/R,SAAD,-0.0019045160045259202,0.0029452498517871296,0.0017356658505290293
AIY,RIH,-0.0019662333569756634,0.004071684739400829,0.0017338626502983998
AWB,SMBD,-0.0020934599925374426,0.006474067924425957,0.0017256239809404382
RMEV,URAD,-0.0019399599957220129,0.0037653875817846277,0.00172487668391927
ADE,FLP,-0.001541855639088289,-0.003049228050726564,0.0017110931155856473
AVM,PVC,-0.001915646107004195,0.003653427772320774,0.0017069051359616795
AIM,SIAD,-0.0014070006691995452,-0.005159822274505926,0.0016952867024017289
BWM07V,PVR,2.1028735240063466e-05,-0.030256373949471706,0.0016825557203507236
IL1D,SMDV,-0.0016527284627679206,-0.00036953396534528674,0.0016709128984729953
BAG,IL2L/R,-0.002025922317840168,0.00662457082413298,0.0016497195462458964
ADF,DVA,-0.0017150699064175442,0.0012553349054850687,0.0016416690347387686
RIH,RIR,-0.0018153506711455385,0.0030421719994411325,0.0016411848695355225
BWM03V,IL1V,-0.0023671000387768862,0.012929490604100029,0.001635364634399047
PVP,SMBD,-0.0017874591399355388,0.0028488198934844295,0.0016242240560654388
RIM,SDQ,-0.0023003640235143667,0.012252832344505629,0.0016068329659803403
ALM,CEPD,-0.0014583209017527468,-0.0026486725598951336,0.0016051380648974478
AIY,SIBD,-0.0016866652100163122,0.0014468177600471973,0.001602528170603907
AIB,RIF,-0.002254192620129873,0.011569348860791768,0.001599217573921966
ASJ,RIB,-0.0013487549374719924,-0.004317953357622013,0.0015897328848483731
OLQV,URX,-0.0013906065087023263,-0.0031699849706601124,0.0015668829974558485
AVF,AVH,-0.0013089673947325902,-0.004587369193111667,0.0015651776134670953
AVF,BDU,-0.0016947042027705903,0.0022848754864356253,0.0015633685134501776
RMDD,RMEV,-0.0005561895697523674,-0.017636257423970673,0.0015482969080791256
BWM08V,RMG,-0.0013444269292244592,-0.003622582690474786,0.001546259679080687
IL2D,PVQ,-0.0020802120310271554,0.009898963593690925,0.001519562137252968
SIAV,URYV,-0.0015286628714819596,0.00015511465658936345,0.0015175043646506346
BWM05D,CEPD,-0.001417851359252156,-0.0016830884079122716,0.0015103665906875889
CEPD,PVQ,-0.0011586505971662572,-0.006244664225013682,0.001508411398989517
ADL,OLL,-0.001491582976394159,-0.00028560852360802415,0.0015052977130471808
ADE,RIS,-0.0013757708494817082,-0.002307080284774483,0.0015034859947746454
DVC,URAV,-0.001816042927710508,0.0055302264860606345,0.00150178891911394
ALA,AVH,-0.0013021603196833487,-0.003519639677720635,0.0014982640274421146
CEPV,URAV,-0.0015510018075352392,0.00109840927821076,0.0014866967214939737
AVF,IL1L/R,-0.0025108857637207546,0.018198916349434352,0.0014822331804073092
AIN,RID,-0.002760677765524234,0.022649048052013968,0.0014810692726357378
AVD,BAG,-0.0013364302366574373,-0.0024815932523732835,0.001474033545121727
BWM05D,RIP,-0.00357191195736302,0.037272569385399475,0.001467655668898655
AVL,URYV,-0.0014491935257240041,-0.00018228820644004647,0.0014571581714445142
DVA,URYV,-0.0011104844674098284,-0.0061538586987001645,0.0014552089731902172
AVB,RIG,-0.0016509889638452527,0.0036826286744744492,0.0014410237001417463
RIH,RMEL/R,-0.0017226244228394953,0.005209342681997452,0.001426585607612677
AVF,SAAV,-0.00037240504731622507,-0.018664374263849266,0.0014226908890133346
AVD,PVP,-0.0018633640821258835,0.007841062659684457,0.0014189259758705221
RIH,RMEV,-0.0017298012977912983,0.005624838677955808,0.0014103570631086352
ADA,RMF,-0.0030560811032054633,0.029188746410071933,0.0014077936466991175
AVL,PVT,-0.0014772274013605904,0.00127822488907603,0.0014029150295571278
AQR,AWA,-0.0027012073223198103,0.02322053632112781,0.0013895161645900338
ALN,SIBV,-0.0006472593608573966,-0.013115850447018953,0.0013847058037803027
ALM,CEPV,-0.00131623572404811,-0.0012446661170924117,0.0013842272766719517
AFD,URX,-0.0012556938288518467,-0.002063275898214664,0.0013698723231807134
ALM,ASK,-0.0014318531283999227,0.0011109520652787127,0.001367030842940189
SIAD,URX,-0.0015867175009414035,0.00428069001609097,0.0013431810214038493
ALM,BWM04V,-0.0010108940245099085,-0.005913327463004073,0.0013422336721071355
AQR,SAAD,-0.003217020977192525,0.03326058926520374,0.0013392176871272927
ADA,CEPD,-0.001544531052447924,0.00361717520765717,0.0013384199490201689
RMH,SIBV,-0.0017222919957701973,0.006814626984176796,0.0013358699811660798
BWM02V,BWM04V,-0.0013125460719493843,-0.0003531479547011928,0.001330347550358342
AUA,SMDV,-0.0014604831596065667,0.002432864500714604,0.0013211866651706874
AWC,RIM,-0.0015016642175814496,0.003271909239261653,0.0013150609266617548
BAG,SAAV,-0.0015202579880580097,0.0037129083469038867,0.0013087952428042788
BWM02V,BWM06V,-0.001476659256793014,0.003168698273420769,0.0012959068090980727
AVB,BAG,-0.0015377496181989032,0.004285800769096905,0.00129400306226213
RID,RMG,-0.0012743607384503456,-0.00038022248863511413,0.0012937471922448874
ASE,SMDV,-0.0025776380627951538,0.022798194804988698,0.0012899223895618474
OLQD,URX,0.0008616120176750902,-0.038024701494930715,0.0012806928163423235
BAG,SIBD,-0.0015855537472721575,0.0054305982014721185,0.0012772748270734892
RMED,SMDD,-0.0014972795181587637,0.004072445741061921,0.0012656098756391849
BWM04V,RMDL/R,-0.0012353902113897471,-0.0005582885140037912,0.0012648642922012787
BWM04V,SMBV,-0.0012778008104545576,0.0002805949393709566,0.0012599752253151398
OLQV,RMDV,-0.0007796587780238799,-0.008322669545889652,0.001247020534539294
RIH,SIAD,0.00045576479965488625,-0.03006693859051105,0.001237843342274591
RMDL/R,SAAD,-0.001442975751185205,0.003774011641707094,0.001228195248122407
AVD,AVD,-0.001049187634403072,-0.0031613862389519754,0.001225521581300574
AQR,SIBD,-0.0012411782244976773,0.000387009449534714,0.0012174191852692589
ASJ,IL2D,-0.0013800939651694264,0.0032051050259783226,0.0011974448598153166
RIC,RID,-0.0010389716287013539,-0.0028120106130337017,0.0011956505798921104
BWM01V,SMBV,-0.0014345216355131233,0.004395754571471299,0.0011847480071858422
SAAD,URB,-0.0014283273790262993,0.004292036837969644,0.0011844032870844256
SIBD,URYD,-0.0016268936299874558,0.007936102854737545,0.0011774795106020601
ASH,RIC,-0.0013462094425581777,0.003339196992284115,0.0011560641916352917
IL1L/R,RIV,-0.0013277084047033383,0.0031932154406171327,0.0011458118294118832
AUA,AVE,-0.0014739744366543315,0.005816524210894444,0.00114414338730195
BWM04D,RIA,-0.001222147027995944,0.001470729249567674,0.0011374005541890475
ASG,AWC,-0.0013630391813111958,0.003985720867945911,0.0011364654335244467
BWM02V,RMEL/R,-0.0011294642140464053,-0.00010830146308015555,0.0011337703128584953
OLQV,RMDL/R,-0.0013343655181486955,0.003600041634534361,0.0011295524913607136
AIN,RIR,-0.0025481564963497827,0.025331864236906174,0.0011178321833315663
BWM02D,RMED,-0.002629750099343252,0.02686796862639698,0.001112807723092348
BWM03D,BWM05D,-0.0011354785145713696,0.00045004905202069206,0.0011083377751531537
OLQD,SAAD,0.0007818978808934605,-0.03345154518434547,0.0011027940795492951
IL1L/R,SDQ,-0.00143998395506738,0.005955007869939923,0.001102409658912091
ADF,RMEV,-0.0007627784649995635,-0.005809058333840237,0.0010886409475968433
ASJ,SIAD,-0.0006184407254726089,-0.007611876058586101,0.0010460377979607796
AVA,RMDV,-0.0007241421420775315,-0.005719228964303162,0.0010450081727047607
IL1L/R,RMDL/R,-0.0012674529365495485,0.00430262210699989,0.0010231880515105683
ADL,AVA,-0.0015401825120007033,0.009164886170635647,0.001021720682076675
DVC,IL1V,-0.001162906946774332,0.002682638552340457,0.0010100192568618994
AVH,AVJ,-0.0011105351522577892,0.0018161356402881853,0.0010065180125029692
PVP,RID,-7.960551960728029e-05,-0.015583399841982369,0.0009568850366816001
BWM04V,CEPD,-0.0012994417706923345,0.0061908705530435435,0.0009488104365785449
AVF,IL1D,-0.0011144362053726916,0.0030134454044994665,0.0009429996979755113
ALM,SIAD,-0.001137318443830463,0.003436343231872388,0.0009420348514327017
BWM04D,RIM,-0.0012435926672496448,0.005364553240332186,0.0009395747944602633
BWM02D,BWM04D,-0.0008514267368477234,-0.001349540477062024,0.0009260604587609402
FLP,RIV,-0.0004078842076289575,-0.00897809334124082,0.0009127386175487298
BWM04D,RMEL/R,-0.0017186148727797448,0.014367264288287714,0.0009069559444700628
AIN,ASE,-0.0010853025744626099,0.0031613609605724213,0.0009055840633850711
AIZ,RIC,-0.0010959459190013371,0.0034004242857166695,0.0009027503325792219
ALA,ASK,-0.0010107290701495712,0.0019830509906449433,0.0008974722738919411
SDQ,SMDV,-0.0009690961466599246,0.001256968637073859,0.0008967866436849521
ASI,AVH,-0.0023876535514326964,0.026472794425113935,0.0008933450569496284
AFD,URYD,-0.0012649939470174324,0.006773639035395429,0.0008816051344297563
RMED,URAV,-0.0010305535951632841,0.0026473510474952014,0.000879862683464442
AVL,IL1D,-0.0012178927964524812,0.0061767869015590384,0.0008681837893728706
RMDD,URB,0.0003437345650461485,-0.021500427210506608,0.0008673680748726725
BWM06V,BWM08V,-0.00047665854270126764,-0.006911902642124376,0.000865069311542783
AVM,PVR,-0.0009733633945844251,0.0019366147871519124,0.0008627804104944136
PVP,RIG,-0.0010545779462375986,0.0034864934693691024,0.0008566019541560576
BWM04D,CEPV,-1.8538673663212742e-05,-0.014868422720480131,0.0008556590798931232
ADA,ADL,-0.0009030179452213544,0.0009358368641432349,0.0008488942267164191
ASI,OLL,-0.001322223282647077,0.008382830972365689,0.0008481399442464698
BWM06V,SMDV,-0.0007271596481505672,-0.00198123165221472,0.0008375571585771253
RIH,SMDV,-0.0021550309645600395,0.02353087399694282,0.0008267330043515316
AIZ,RMED,-0.002045204825846601,0.02164883794557717,0.0008230470077997022
OLQD,RMDD,-0.0006287251899530518,-0.0034201460997082874,0.000820295308274013
BWM03D,BWM07D,-0.0010849906170302959,0.004686161039459633,0.0008194204477529558
AIM,SAAD,-0.0006891740663039974,-0.002258752874470616,0.000815257354283027
ASG,ASI,-0.0011229711557352543,0.005795890100438004,0.0007948586907675428
RIH,URYD,-0.000948701484490575,0.002743343553453203,0.0007927356664869402
RIR,RIV,-0.0009985474500107787,0.003658611499839765,0.0007909694282278063
BWM05D,BWM07D,-0.000803375373654227,0.00024007787681371866,0.0007885836473539605
BWM04V,SDQ,-0.0037142016850885175,0.051875179631588456,0.0007875361371927513
OLL,OLQV,-0.0009058595298008203,0.002088312883969809,0.0007868424378514038
AVK,SMBV,-0.0008406247668383192,0.0010728718108408979,0.0007788844254545783
AVJ,OLQV,-0.0009580530146294586,0.003237774524875887,0.0007742339824751083
AWC,URYD,-0.0009554999741885871,0.0032148237930877226,0.0007729772071109724
RMDD,SIBV,-0.0008928411139824105,0.002388093320932146,0.0007569658731696495
ADL,AVD,-0.0007192358034930171,-0.0006859047920114757,0.0007567139620432852
IL1D,RMED,-0.0011551925000789782,0.007137146588608616,0.000751510984030855
ADA,SMDD,-0.0011337716949072292,0.006893603852413529,0.0007438365589198392
SAAD,URYV,-0.0008326625164598178,0.0016653047565396335,0.0007375785352346775
CEPD,RIH,-0.0007687373339520693,0.0006760616528484684,0.0007294529786802622
AFD,OLL,-0.0012186755566048458,0.00875813581757551,0.000723625361078544
BWM06V,SAAV,-0.0008080814657680923,0.001504031015525977,0.0007221168145464092
IL2L/R,RIV,-0.0008087395795706385,0.0018694584917481306,0.0007021989014206975
CEPD,SMBD,-0.0007181906622013093,0.0003471149816766429,0.0006975074624557807
IL1V,RMDD,-0.0002367135255445096,-0.008126317210851792,0.0006938811703904697
BWM04V,OLQV,-0.0021964757624183093,0.02693967962461109,0.0006761830914302239
AQR,RID,-0.000628588360550042,-0.0007907164515958898,0.0006721116176583239
ASJ,CEPV,-0.0005017332995361878,-0.003028925835865858,0.0006714776509691036
PVT,RIS,-0.0006547474863965831,0.00019744065671030073,0.0006425921724030216
PVC,SAAD,-0.0012283099364446316,0.01038017873551882,0.0006419171559747552
AUA,IL2D,-0.000848876983353259,0.004144897772590658,0.00061415658550881
AIN,IL2D,-0.0010261266290832417,0.00736813114206224,0.000609644527557477
AIN,RIG,-0.0007336663246809565,0.0025125717369499354,0.000591034969061868
AVA,SDQ,-0.0012449805696457571,0.01172473069396254,0.0005828578587746344
RMEV,SMDD,-0.0008181723152599882,0.00461847134183195,0.000556836597833984
BWM04D,SMBD,-0.00044669471792414193,-0.0019316121928046966,0.0005547433680245345
CEPV,SMBV,-0.0006867915622507254,0.0024428143205579927,0.0005481621779232994
BWM06D,SMDD,-0.0003412432637936562,-0.003648631846714797,0.0005461340537822146
IL2L/R,RMH,-0.0003701275913987697,-0.003019929033435728,0.0005395741569404902
BWM01D,BWM03D,-0.00066556644420038,0.00235791072790014,0.0005317511310008139
PVC,RIM,-0.001029173539710721,0.009184651404378727,0.0005104094749937854
BWM02V,RIA,-0.0019469646707457077,0.025650977860317958,0.0004996267076049287
BAG,URYD,-0.0009086760408087148,0.007295042437479197,0.0004964954309499132
PVR,RIC,-0.0008214332938322488,0.005869762696117905,0.0004896398514271391
BWM01D,PVR,-0.002490474275831584,0.03565448177920306,0.00047903809742369063
OLQD,SIBV,-0.0007081641696181854,0.004182357418378711,0.0004715578643038518
AVD,RIR,-6.702289136062916e-05,-0.006869134714238602,0.0004536754739269758
IL2D,URYD,-0.0006680205818259042,0.0038218811681015505,0.0004517741668845849
RMDD,URX,-4.771841572253778e-05,-0.00674177031085779,0.00042723051194197727
RMDV,RMEV,-0.0016323360294044757,0.021375007955803195,0.00042625084347553034
OLQV,URYV,-0.0005462497779333007,0.0026368746668708745,0.00039691698855875523
RIG,RIG,-0.0005660382394738374,0.003223528979486357,0.0003836431481451806
IL2V,RIB,-0.0010104330267336943,0.011359847259062838,0.0003692267349578346
AIN,AWC,-0.0005265952639753907,0.0027842195041980953,0.0003689975676715438
BWM02V,BWM06D,-0.0004802330730211197,0.0021482074085544833,0.0003585188675930964
AFD,SIBD,-0.00031635705075266744,-0.00032729316945352016,0.00033428308050596214
BWM01V,BWM03V,-0.0003357362639925547,0.0001345828647259264,0.0003276261415847175
ASH,AVD,-0.0004083211035477334,0.0014793229554326648,0.000324381760262319
RMG,URAD,-0.002430424137474481,0.03769008161916687,0.00030447105891495143
BAG,RIH,-0.0001026170850431828,-0.003338777214941363,0.0002904403963803954
AIN,IL1D,-0.0007024348997575595,0.007298922740216325,0.00029036297854962486
ASJ,AWB,-0.0002718534820370077,-0.0002923926047076928,0.00028788507171737817
SMBV,URYV,-0.0005668954889557824,0.005090392247218946,0.0002793874016574136
OLL,OLQD,-0.0003864666151943636,0.0021103596563580274,0.00026703212861225583
ADL,URB,-0.00013812479916481676,-0.0022118065278141186,0.0002624389671424184
IL1D,RMDV,0.00017637803471256814,-0.007750229489844871,0.0002602697100684973
OLQV,PVR,-0.0010059014943417082,0.013491696931121894,0.00024467099354615306
RIG,URAV,1.7966353275357448e-05,-0.004567207355567213,0.0002392136192504374
ADF,AVB,-0.0003748529460739794,0.002403206198115309,0.00023894848741780108
AVE,OLQV,-0.00017156869532506495,-0.0011723681253062994,0.00023730540063459984
IL2D,RIC,-0.0003503118626528499,0.0024297714956546556,0.00021295060484956483
IL2V,SIAD,-0.0003593545377122114,0.0026286629392353105,0.00021078057633923937
RIS,URYD,-0.0006373507685777892,0.0077234218998146805,0.00020148114409255
SIAD,URYD,-0.0007128825606363259,0.00932109951966479,0.00018693767743225756
AWC,URX,-0.0011929573926525979,0.017896393758447336,0.00018342866144180667
PVT,RID,-0.002453055230588064,0.04041999569005318,0.00017336151119280244
BWM03D,RIA,-0.0011635972958451818,0.01782341392051994,0.00015822418685691416
OLL,URB,-0.0002116121938463584,0.0009945308015493375,0.0001552805709502718
ASJ,URYD,-0.0003970778059137435,0.004505857765259376,0.00014275066045066668
AWB,DVA,-0.0002688639616854413,0.002236188411927717,0.00014253138417988592
RID,SIAV,-0.0001409633007695038,-1.6252456650444646e-06,0.0001408311953006869
PVQ,SAAV,0.0010920740521628994,-0.02184453519350673,0.00013959030754930044
SIBV,URYD,-0.00047424899648305284,0.006218618985524414,0.00012336433903420148
BWM06V,SIBD,3.460996878054881e-05,-0.0023481399024112464,9.765430933596541e-05
AVB,URYD,-0.0003037816537982309,0.004174285690899185,6.827129864904149e-05
BWM07D,RIP,-0.001396230953255023,0.02381956345215837,5.28823587219304e-05
OLQD,RIB,-0.0005503198044474758,0.008884644266841706,4.920692002351203e-05
ASH,SIBD,-0.0005716195849337311,0.009375761507627256,4.28211084697152e-05
RID,RIG,-0.0011989269194339453,0.02083497022870532,2.393547633174077e-05
AIY,RIR,-9.26770891468967e-05,0.0017460843121009542,-5.781239375129277e-06
ASH,SAAD,-0.0010786619616210038,0.019425261592216792,-1.676664373109163e-05
BWM08D,RMG,-9.429203841777455e-05,0.0030476548342248575,-7.745231593369295e-05
AIA,RIC,-7.478018518941672e-05,0.0027632662239991087,-8.092103632629487e-05
ADA,ASJ,-0.0013468788470463273,0.0255585059903434,-9.430066251386384e-05
AIY,AVB,-0.00036366724055942283,0.008692303755696892,-0.00012632003681225173
ASE,RIA,-0.00026173080428731676,0.007191356007447403,-0.00014358559471473742
RIS,SAAD,-0.0007924509018466505,0.016685471599408783,-0.00014826288746008797
AVL,URAV,0.0008013303435771295,-0.01152878649888338,-0.00015094382201389918
SAAV,URYD,-8.343718339767366e-05,0.004445506258170661,-0.00016699440352861437
AVA,RIH,0.0011174770977319228,-0.01658047058243829,-0.00018215967655799874
AIN,OLQD,-0.0001594879672073754,0.0060800475193441795,-0.00018309526757912347
BWM06V,RMDV,0.0011450429246266218,-0.016994364398230835,-0.00018637794951830577
AVA,BAG,0.00015385881984351644,0.0007069904317781642,-0.0001934210512159577
AVF,SIAD,1.928472675988691e-05,0.0031902651153797703,-0.0001988784233066415
AVH,URYV,0.00021391100580126618,0.0003255052908485221,-0.00023189888341230364
OLL,SIAD,0.001057609919018547,-0.014589410388938233,-0.00023449187071228523
ASK,SDQ,0.00013071327730905982,0.0019172782423624284,-0.0002384561185697716
AIZ,RIH,-0.00020588667312181427,0.00800669018695532,-0.0002452476128795829
ASJ,AVJ,0.0002384497369393561,0.00017880833090524583,-0.0002481390809388568
ADL,IL1D,-0.00010769539680541995,0.006583285351003556,-0.00026313991829597216
BWM05V,BWM07V,0.00024321474324260383,0.0005290158070525196,-0.0002726145663770553
IL2D,PVT,-0.00023264386879313912,0.00939664862607344,-0.0002967929089519506
DVA,RMG,-0.0003785735027980754,0.012189245413948079,-0.000308328786757026
BWM04V,BWM06V,0.00040693441947172105,-0.00166383167440136,-0.00031260872006090855
BWM02V,RMDV,0.0006629131380158456,-0.006071438312744221,-0.0003200160408107447
ASK,SAAV,0.0010549277307867406,-0.012780762551851286,-0.00033364781905852707
RMEV,URAV,-5.537970908460099e-05,0.007043566761435322,-0.00034128824352760626
AQR,IL1V,-0.002288422461245828,0.04702022801749843,-0.00036262875370232314
BAG,IL2D,7.961964868093314e-05,0.005357414222296944,-0.0003811365271059263
PVT,URYV,0.0002872043025624332,0.0018438424306834891,-0.0003905641780018279
AVF,RMDD,0.0016845414920526533,-0.02292207863744045,-0.0003912674171839359
RIS,URYV,0.00029024703434568335,0.002517399145040677,-0.00043152593609528986
SMDD,URB,0.00034485238784063535,0.0016878103921930429,-0.0004393356064964136
BWM04D,URX,0.001933186087190188,-0.026372505852633978,-0.0004452451594118764
BWM06D,RMDD,0.0012783759203014405,-0.014631091200822571,-0.0004525608749448133
AUA,RMF,-0.001429370626717316,0.03339315253154234,-0.0004530607009589859
AIB,AVD,0.0003477224893012116,0.001959420839676477,-0.0004574938757415628
BWM04D,RMDL/R,0.00040869585850126025,0.0010851929399250289,-0.00046914810318028177
RMED,SMDV,0.00033322169452512456,0.002515988506125403,-0.000474353000215373
AIY,AQR,-2.372275452138229e-05,0.008969883788582659,-0.00048135409312281217
ADL,IL2L/R,0.00019981790333883988,0.005071051309396046,-0.00048502076704589063
ADF,AVM,0.0014597121967523164,-0.017133820966855343,-0.0004926961098405786
RMDV,SIAV,0.0014651846950421348,-0.01713166143956988,-0.0004982815167437377
BWM02V,RMDL/R,0.000496833375346187,0.0003722185303262926,-0.0005170025835510308
BWM05D,RMDD,0.0012939404796208857,-0.013167574581237882,-0.00055050240070255
AIM,ASH,0.0005732015262443448,-0.00012725197980453654,-0.0005651274648426835
RMF,URAV,-0.0009128601342144251,0.02636005895385591,-0.0005727614200584042
AVL,SMBD,4.8946252118355796e-05,0.009317513570556832,-0.0005734807271595248
AFD,IL2D,0.0002597645392096468,0.005630503871797063,-0.0005763716554368948
ADL,OLQD,0.0004431909085732051,0.0027315385391974228,-0.0005962840698697887
AIN,ASI,0.0005447006686189878,0.0009825262868894031,-0.0005991566355593982
ASE,CEPD,-6.781173651054574e-06,0.010863909184791685,-0.0006049097683846289
ADE,RIV,0.00023134074129999477,0.006669759122559275,-0.0006065070445531384
AWA,PVC,0.0020947117663349412,-0.02628047652601347,-0.0006116962146223645
CEPV,RIV,4.880349284910669e-06,0.010941237747737824,-0.0006209066901406634
BWM06D,BWM08D,0.0005967869496764434,0.0007251444370603437,-0.0006366686955317721
AVK,URYV,0.00034376926605759263,0.005503545564791607,-0.0006530948791409846
PVP,SIBD,-0.00025917128988253707,0.016239767353911323,-0.0006556016704428161
AVK,CEPD,0.000509475136627283,0.0027201146693635503,-0.0006618199416965255
CEPD,RIF,0.00034520413689039,0.006014067798522402,-0.0006832718538478677
AUA,SAAV,0.0012405403823509637,-0.009766889089125964,-0.0006886587840617802
ADF,RIF,0.00028435808043776167,0.007206606859950791,-0.0006896668890605777
ADA,IL2L/R,0.0004680176358272325,0.004382864265787914,-0.0007140474512746364
PVP,SIBV,0.0001949216789503834,0.009420788269498114,-0.0007250393557926198
AUA,AVA,0.0007203601562045032,0.0006284807802719486,-0.0007546033367901851
BWM02D,BWM04V,0.000571418351223449,0.003285387075682459,-0.0007554919213619324
AVF,AVM,-0.0013399536536325871,0.03719463580757283,-0.0007563740692329778
RIH,URYV,0.0005524638333143527,0.003744525386622985,-0.0007624187374836157
RMDV,RMED,0.0015608373852376638,-0.014131437767371455,-0.0007627066896884275
OLL,URAV,0.0011740933273785808,-0.007089602340438243,-0.0007730587539507062
ALM,AVH,0.0007313545100389629,0.000773992929805208,-0.0007737731479265996
PVP,RIF,0.0005573554958518447,0.004501307451719788,-0.0008099124030790602
OLQD,SMDD,-0.00011441373238803285,0.016646190325045163,-0.0008230127840991008
SAAD,URAV,0.0007840376798550524,0.0008715176847196212,-0.0008318637669156875
IL1L/R,SMBV,0.0006825581287445877,0.002699476070027647,-0.000833466335445667
AVH,CEPD,0.0007814268156897512,0.0010789018647108018,-0.0008409335773703426
ADA,URYD,0.0005543090045903701,0.005131009842642542,-0.0008423254292469723
CEPV,PVR,0.0004846556085699624,0.006561920810312542,-0.0008533483581790657
ASH,AVA,0.00029720063597792393,0.010051617996185046,-0.0008626742236111805
FLP,SIBV,0.0007219805005316468,0.0025866725189708467,-0.0008664748936416131
BWM03V,BWM05V,0.0008723567743698283,9.030108350790986e-05,-0.0008760572370884186
AVA,IL2V,0.0008277670046034525,0.0011560136484711104,-0.0008915419480867062
AIM,SDQ,0.002502687649134988,-0.028469225128903278,-0.0008957898887811786
RMED,URAD,0.0006081026622515339,0.00528054567981823,-0.0009044531999655595
AVE,OLQD,0.000914844700620468,2.9551866079250464e-05,-0.0009150573474879512
BWM04D,SIBV,0.0010419005908178167,-0.0021713782848896777,-0.0009179907900734759
ALA,IL2L/R,0.0005541328287747567,0.006514752053395243,-0.0009200595813900375
AFD,ASG,-0.00021884298606038687,0.020532019367640406,-0.0009375364215283847
PVP,URX,0.000768076187685705,0.003040384945763768,-0.0009380432259925833
AIY,AIY,0.0007818739279080976,0.0028080271204709837,-0.0009387364326106397
BWM01V,BWM05V,0.0007432200656044047,0.003908961326599414,-0.0009621307496966914
AUA,RIV,0.0005645438900610214,0.007244048145099831,-0.0009715163233834815
BAG,RIM,0.001144147062004995,-0.002914975439725166,-0.0009782076642301468
BWM01V,BWM01V,0.0009212779714550458,0.0010418792098589914,-0.000978478365325923
IL2D,RIB,0.0004097204278547873,0.010216367387420619,-0.0009842915520695997
AWA,RIR,0.0008318765010429553,0.002902228480312835,-0.000993963587185528
AQR,RIF,0.0009218645429125519,0.0016386233254388025,-0.0010126630123921353
BWM03V,BWM07V,0.00043712753468890637,0.011345794539082237,-0.0010752463076099384
AFD,RIR,0.0007498201198111992,0.006132021845565611,-0.0010938872557070775
SIAD,SIAD,0.0008127400848835333,0.005099691065176665,-0.0010985831862605072
BWM04V,SIBD,0.0007171436461510438,0.006806280977170958,-0.0010992260193093046
BWM04D,BWM04V,0.0011738921679154554,-0.0011446793592512178,-0.0011075801140977626
ASI,OLQD,0.0009377313563788188,0.0030561549324734133,-0.0011083171784252957
BWM02D,RMDD,0.0014334291801049732,-0.00552520413326961,-0.0011200648977998096
ADA,AIM,0.0011650748220331487,-0.0004031123584329289,-0.0011405298510890618
AIB,PVP,0.0008083904548139342,0.006708417562264773,-0.0011848179917274629
AUA,AVD,0.0015545825961948182,-0.006479014064524989,-0.0011873229304781396
OLQD,PVR,0.0014277175236409952,-0.004017982485183838,-0.0011992247211523289
OLQD,PVT,0.0006890274953750721,0.009277109029454458,-0.001210271663623748
BWM03D,SMDD,0.001142510321535854,0.0017586436587352157,-0.0012397163857448882
FLP,RIH,0.0016686177668497405,-0.00720402890295588,-0.0012603560598568966
AVF,SIBD,0.0013367593534468595,-0.0012644646896220343,-0.0012634445616610539
AIN,ALM,0.0008746942985398108,0.00713247825671706,-0.0012748929165877737
ASH,ASH,0.0010253616128096863,0.004786472684809042,-0.0012932320195707349
AVA,URYD,0.0012693181549700782,0.0005867922633084559,-0.001300343286697685
RIM,RMDV,0.0024118946858008904,-0.01944814762289403,-0.0013130625726649236
AVA,URYV,0.0012685329572349898,0.0009857260874910423,-0.0013220208547145872
BWM04V,SAAV,0.001878230904008061,-0.009621685095543758,-0.0013335132711177681
ASK,URYD,0.0009095872711711501,0.007919955061130102,-0.0013540685333235573
RIG,RIS,0.0011176166167995811,0.004456639070175506,-0.0013667697668614406
BWM07V,RMED,-0.0016374524609060802,0.05348690238083903,-0.0013766649315300067
AVM,AWA,0.002083788506315231,-0.012446290379375424,-0.0013797085701382627
AVF,CEPV,0.0018665454513243597,-0.007761374028980222,-0.0014265890770983143
PVC,SIBD,0.0007040226945680433,0.013310381150989049,-0.0014523319250440774
BWM05V,IL1V,-0.0014208458439988491,0.051038039367810206,-0.0014550474637156296
ASJ,AVH,0.0013414999558525164,0.002919395269937533,-0.0015037451721911209
AVB,RIP,0.0010603246109203495,0.008294440205842243,-0.0015256517199910085
AVB,URYV,0.00136561738571654,0.0031901735399345495,-0.0015430702099312472
AVD,OLQV,0.0015172969313500444,0.0009088148268864485,-0.0015660598072149469
AVA,URAV,0.0012940345895616464,0.005342964697208868,-0.0015928114513488302
BWM01D,BWM02D,0.0014448385634419627,0.003686376398005453,-0.001650103861111721
BWM02D,BWM02V,0.0015167345618670636,0.002513036491740184,-0.0016558222259449983
ALN,BWM06D,0.0017087870739958659,-0.0008340295798614508,-0.00165911729130555
AIN,IL2L/R,0.001550464263363615,0.0021568218098529227,-0.001669442154367479
ADL,RIC,0.0006504738565985763,0.018321885620008,-0.0016810351540018967
AIZ,RID,0.0017221753679884982,-0.00041215599413317117,-0.0016962374648041786
BWM06D,IL2D,0.0004768691172014039,0.021814825154942832,-0.0017043718385242222
AWB,RIF,0.0013654831265633245,0.006255885584618054,-0.0017155476315520726
DVC,RIB,0.0014710248271767607,0.004513956763357388,-0.0017228445664721835
ASE,OLQV,0.0018520919123077239,-0.0022269735507477752,-0.0017237666588490379
RMDD,RMG,0.0010128503723312544,0.012670113862784197,-0.0017246201734884596
AWB,PVQ,0.0016374494313398276,0.0017560832914239322,-0.001733726204456782
AVH,OLQD,0.001550949930240963,0.00333189276544543,-0.0017360880990385276
AVJ,URYV,0.0016279763589515102,0.002390283850552125,-0.0017599761084213196
ADE,AIY,-6.5702794773198e-05,0.03258278861894679,-0.0017689386890165108
AIM,URYD,0.001449252171047032,0.006447604632721696,-0.0018099783167320742
AVA,BWM08V,0.00040910312596885407,0.025792105421316994,-0.0018606496369499108
AVL,SIBV,0.0015246462698335877,0.006313778800516444,-0.0018777179033176393
ASE,URX,0.002124735351796164,-0.0042277870808759815,-0.0018833240432919963
SAAD,URX,0.001966376289259994,-0.0013096412368911717,-0.0018895191079975212
RIC,URYD,0.002125426335151837,-0.0037620583507175496,-0.0019102362627397406
BWM01D,BWM01D,0.002147086603195319,-0.003845596284318996,-0.0019271586612644507
AVK,OLQV,0.0017574460289758052,0.0033178005390153815,-0.0019414631816417462
ADA,RIF,0.0017372024049850652,0.003716256657624143,-0.0019436862940456375
AQR,IL1D,0.0025889309170619873,-0.011293742680901926,-0.0019489425642432994
PVQ,RID,0.0026754312669682446,-0.012792454094654501,-0.0019509224366717466
BWM05V,RMDV,0.0028510983779594487,-0.015843146930081858,-0.001954545055054173
ALM,OLL,0.0031582804101374278,-0.021154744059363514,-0.0019621762969102134
CEPD,SIAD,0.001140444799640602,0.014723411588468823,-0.0019676208135455298
AVD,URYD,0.0018135313569611429,0.0030568047673570184,-0.0019827644669653754
CEPD,PVR,0.001987776321394628,0.000246635066956505,-0.001998509579304341
PVC,URAV,0.0006511459558763043,0.024487487610096975,-0.002028853470956449
AWA,RIH,2.0655588991935436e-05,0.035821746500963265,-0.0020375259603991978
AVD,RIB,0.0024829109474692147,-0.007645983999812419,-0.002048473725259839
BWM08D,SMBD,0.0021062889166004626,-0.0008213971810023562,-0.002056699821245688
BWM04V,RIA,0.0012834430581235372,0.014030432357003322,-0.002071374814797497
BWM04D,BWM06D,0.002107815371169179,-0.00043472462937302174,-0.0020799950173855625
RMDL/R,URB,0.0021916515588613177,-0.0017773891001895972,-0.0020881010013889104
AUA,URYD,0.001529610440563439,0.010118939080219555,-0.0020969194680778257
ADE,RMH,0.001732493043364325,0.0066885314409819,-0.002106334990898362
IL1L/R,SIBV,0.0023725906217608194,-0.00455621780634171,-0.0021122942126253937
AVL,SIBD,0.0016581415840559329,0.008462432437282197,-0.0021319789768840984
AVH,SAAV,0.0019149628068529094,0.004218622832407131,-0.0021494498731044792
RMEV,SMBD,0.0004966623883454803,0.029443955630740367,-0.0021536833199616513
AFD,DVA,0.002878636742173432,-0.012656070880669446,-0.0021614844661217254
BWM02D,BWM06D,0.0021862623814259017,-0.00033942439349755676,-0.00216368335804246
RMDV,SMBV,0.0026767592553737546,-0.008462737762078103,-0.0021960281257006947
IL2V,SIBV,0.0018521233120443038,0.007202637025980914,-0.002254721624127909
RIG,RMED,0.001723122513618181,0.009889672041221724,-0.002277215946085266
AQR,URX,0.0021174478022175547,0.003266025829062549,-0.0022979787595761416
DVA,URYD,0.0021838964738806034,0.002503972663704183,-0.0023214154761136193
ASE,RIV,0.0017366093364869202,0.010461135436434017,-0.002322856978098246
ASH,RIS,0.001355037036184963,0.018011308940891157,-0.0023669939994303514
BWM01D,BWM04D,0.0017495791725996442,0.011138539967259635,-0.0023739467399208755
AFD,ASK,0.001251047832709282,0.020083277295357548,-0.0023798296035162235
ADE,AVL,0.002230588290304674,0.0030603940704554237,-0.002399361905652489
AVJ,SDQ,0.002895379235265666,-0.008363066027460689,-0.00241991320893314
AIM,AVB,0.0020938626892853104,0.005936279592030668,-0.0024247766943412802
SDQ,SMDD,0.0020542277467803945,0.007140431012992697,-0.0024530030166979946
AIA,FLP,-0.0008627470805607748,0.058917450187067975,-0.0024559022651133057
AIY,URYD,0.0011011271385599076,0.024413571810341043,-0.002473959092918896
BWM06D,PVR,0.0015688228347802771,0.01652337654076047,-0.0024966643051551655
RIM,URAV,0.002645755289457976,-0.002539561438786108,-0.002498571121437379
AVK,IL2D,0.0016702515867104309,0.015102297062981012,-0.002517919877184434
ADA,IL2D,0.001688462878972649,0.014933722042291458,-0.0025266108535888466
RIF,SIBD,0.0009408556270635167,0.02824255422230099,-0.002529528370705245
CEPV,RIF,0.0019630246557789726,0.010331996689874215,-0.002541642118082962
BWM04V,URAV,0.0010792390066553424,0.026125429989268947,-0.002548489931575691
AVB,URAV,0.0022910517260008112,0.004936875908504394,-0.002565382625785406
AIM,AVJ,0.0022947097534552203,0.005014254811041133,-0.002573391582489888
ADL,IL1L/R,0.002412348390524417,0.0031938333773891187,-0.0025883468259991597
ASI,ASJ,0.002462290565887126,0.002528700268758092,-0.002600760205604689
AIM,OLL,0.003166795550086829,-0.008997477476272574,-0.0026551791473296018
BWM03D,SMBD,0.0025089465764749834,0.002906971988290839,-0.002668640368383795
AWB,OLQD,0.0038440672582597635,-0.020737503639365374,-0.0026703675191529887
RID,URAD,0.002412732333449926,0.00494850478875721,-0.002687524959705881
AVF,AWB,0.0027458915534218265,-0.0009487999743029716,-0.002688114571779885
RIV,URX,0.0012918643569144847,0.025183986703516188,-0.0027077710846013375
RID,RMF,0.0007780021245222161,0.0346772954117102,-0.0027292340698390513
AVH,URAD,0.0024552794509167066,0.00563573020310177,-0.0027686980376070212
AWC,CEPD,0.000576910755157083,0.039124290512764205,-0.0027788447523743104
AVF,OLL,0.002359894272569092,0.0075513081197444406,-0.0027813186304071875
BWM01D,RMDD,0.003312620714976134,-0.009221472564256532,-0.002788161195204478
AQR,BDU,0.004882196848600773,-0.03686741500223287,-0.0027986737889529635
RMF,SAAD,0.0016709066433789415,0.020205180854470383,-0.0028058860259346937
ASJ,SAAV,0.0032789505442143863,-0.007168308651485337,-0.002870145520484433
RMDV,SDQ,0.0022179030912343758,0.012194306587585302,-0.0029009714981471997
ASI,RID,0.0005393823985562231,0.042055429548931024,-0.002906410413751789
AVK,IL2V,0.002919379440546637,0.0009370056353860297,-0.0029675054147109566
RMDD,SMBD,0.0035395718668534614,-0.010059418563452887,-0.002967572722809601
BWM08V,SMBV,0.0024108319157785055,0.010026346708349615,-0.0029715297334943587
ADA,ASE,0.0023578847420114234,0.011591458888328817,-0.003006788431526982
AVB,SAAV,0.0022660586524221385,0.013356480914798446,-0.0030144855872038154
BWM01V,BWM02V,0.0029854907731883037,0.0007489616535672511,-0.003022924268682636
BWM04D,RMDD,0.00400446304441339,-0.017086865184073742,-0.003036053957353736
ASE,RIC,0.0019624916298919097,0.019220704282160928,-0.0030415786190673556
CEPD,IL1L/R,0.002865104397231422,0.003323961874753589,-0.003047711354824931
IL1L/R,RMH,0.0031118063572253647,-3.9726019794772625e-05,-0.003104633303421431
RIS,SIBV,0.0028368738016012925,0.00517094305593749,-0.0031235177395726376
BWM02D,SMBD,0.004096263925510562,-0.01710955736918196,-0.003126431554796497
BWM01V,RMDV,0.0038733399699323085,-0.012724343812292836,-0.0031507657442760026
ADL,URYD,0.0029704889936036866,0.0033324782088264403,-0.003153408279968218
BWM07V,RIV,0.0030376971518309135,0.002210173385676214,-0.0031573197139658365
BDU,BDU,0.0036767760798757827,-0.009039081234499926,-0.0031620082312980883
BWM05V,RIV,0.0032642743967387366,-0.0015003261649342674,-0.003174622031605326
RMDV,SAAV,0.004064281370414108,-0.015123991894582543,-0.003206294764626903
AWA,RIF,0.0027900024961270867,0.007557788018436508,-0.003211109407501104
ALM,RMDD,0.0056112946004355044,-0.04227984557110766,-0.003221874143159507
ADA,AWB,0.003003472246816385,0.004019204072903766,-0.0032250045383617944
ASH,URYD,0.0030385061822047156,0.0038245105785417854,-0.0032490209004966486
BWM04V,RMDV,0.004015556860420042,-0.013431680325148259,-0.0032529312464565896
AVJ,SAAV,0.0018926735573684744,0.024318436248254003,-0.003258893363923912
AVH,SDQ,0.003473201685494696,-0.0035205186467146357,-0.0032694732295361286
DVC,URYV,0.003110432985803145,0.003194568709152035,-0.003285365436787992
IL1V,PVC,0.0019427481342023222,0.023959490710556045,-0.0032886784816942615
RIB,RMF,0.0012410855424748767,0.03655061466122622,-0.003297058021553699
IL2V,URYV,0.002985341839866342,0.005777285079449979,-0.0033058896653227433
RIH,RIV,0.002393222701918649,0.016597699346305395,-0.003323941071113938
AIN,AVA,0.0031549406822693224,0.0037055406199211767,-0.0033585722283438796
AVH,SMDV,0.002509088007940914,0.015164418936249202,-0.003358923336454952
BWM06D,RMG,0.0032019221829370933,0.0031297134744759005,-0.00337305790162534
AVF,OLQD,0.003269497469020624,0.0019607509423940793,-0.0033747088712843243
BWM03V,SMBV,0.0033243433143960014,0.001171754728052372,-0.003385044169283042
OLQD,RID,0.00322987323928075,0.0029652477001380195,-0.003391704558208197
AVE,AVF,0.0026781693919325725,0.013501748125875094,-0.0034341216935340475
AVB,FLP,0.002899964220669897,0.009812767986050021,-0.0034478608076673094
ASE,RMF,0.0008673612721489291,0.04631953309005563,-0.003473954560276131
AVH,OLL,0.0031465570636389035,0.005911635617164695,-0.0034744136058229656
BWM02V,PVR,0.001957359709739697,0.027049623174090716,-0.003477253310583672
RIB,RID,0.0026443239950686504,0.014891088038175564,-0.003478555207122271
BWM04D,SMDD,0.003353397503345128,0.002326921073262502,-0.003479092610473359
RMF,SIBD,0.001271910991538119,0.03954901293742498,-0.0034966560133364083
RIA,RIF,0.0027194809781953128,0.0140027293880109,-0.003503574932712472
BWM01V,BWM07V,0.0021725612241070384,0.02440064503447011,-0.0035429657120973667
ASI,URYD,0.0030713905619017346,0.008510233449927775,-0.0035456774699046305
AVB,CEPV,0.0033702867037195814,0.003308299560078175,-0.003551210430812282
BWM04D,BWM08D,0.0033286846683688144,0.004378424352828781,-0.003569926562241081
ADL,ADL,0.0036274542281757006,-1.8396694136655346e-06,-0.003621596339466876
FLP,RIM,0.0036043914282339524,0.00046764511504575156,-0.003625003937163379
BWM06V,RMG,0.003963811100741247,-0.004453275248436982,-0.0037067865694559244
BWM07D,SMBD,0.0036594654393548092,0.0010790860967996576,-0.003714417079818717
BWM07V,SMBV,0.003696252729396349,0.0007243044265680815,-0.0037311704305772668
BWM02V,RMED,0.0038448544534969574,-0.0009766252186256704,-0.0037837674944337187
BWM01D,SMDD,0.003992692206197159,-0.0031704469130647943,-0.0038078500664573247
RIP,SMBV,0.004074573731909204,-0.0036664403998613302,-0.0038616753464657673
RIV,SDQ,0.0028586954849481043,0.018231893613503854,-0.003880686934487103
ADF,URYV,0.0037385263779832214,0.002819615564799,-0.0038913511560161496
SMBD,URAD,0.004057153539495067,-0.0027601413022336715,-0.0038953109391943216
BWM06V,SMBV,0.0038755938503977237,0.0013084795849865538,-0.003943118384030801
ALM,IL2D,0.005183578778951396,-0.020977821572953508,-0.00399422331318584
ADL,ASI,0.0039038285721556872,0.0017949913056409228,-0.003998700811559083
ADF,BDU,0.0019337336398164591,0.03698365658627681,-0.004012989294834923
RIH,SMBV,0.002998958888317264,0.018513428545198236,-0.004036579342627342
BWM08V,RMDV,0.005226310752610843,-0.02084056239403841,-0.004044615723856219
ALA,RIF,0.0029248122762122013,0.020640690854208867,-0.004082323462048893
FLP,SMBD,0.003951290104718009,0.002674817415804457,-0.004095624674219231
RIR,RMEV,0.0037609196111524903,0.006256048786503697,-0.004107193372933201
AWA,IL2D,0.0030861244429583757,0.018486414589733796,-0.004122085634313517
IL1D,RIS,0.003893027822783036,0.004969080123825181,-0.004166630695751659
AVJ,RIH,0.0031669133454103613,0.0180277886986981,-0.004176923964754866
AWB,RIH,0.0019520127136314104,0.03996906146141774,-0.0041993292351234415
BWM01D,RMED,0.003891825861132147,0.006447217394909252,-0.004248655496964382
AVH,DVC,0.0019230865934071752,0.0418240293047044,-0.004274890878627396
AVF,URYD,0.004126202524953823,0.002831580939767406,-0.004279086021003563
BAG,SIAD,0.0037538511180940956,0.01030978340908703,-0.004328377060310417
BWM02D,BWM08D,0.003711502639045909,0.01112260236418739,-0.004331860616417699
AWB,SIAD,0.004812661007029255,-0.008384793776312774,-0.004332930199177634
AFD,URYV,0.005386933912482181,-0.018381390180118615,-0.0043434450087480835
AIM,AVD,0.004167051365678081,0.003603559106653887,-0.004363335424561183
AIB,RMED,0.0032430538341733962,0.02006567227840223,-0.004367684412599604
BWM03D,RMDD,0.005378906309576892,-0.0175251637446203,-0.0043836390064097485
RMED,SMBD,0.0041676286295977754,0.004791186789911269,-0.0044307798133972716
RMF,SMDD,0.0019791462990709162,0.04367864006939698,-0.00443528342827831
AIY,FLP,0.0028528356197920364,0.028244943304320945,-0.004438609863271275
BWM05D,RMED,0.004299619954124714,0.0038942292810764515,-0.004512059573793111
BWM05V,RIP,0.0030782071570253466,0.025765237118127907,-0.004524006821635577
AVJ,OLL,0.00452418204805069,0.00021268405419855733,-0.00452898017775242
AIZ,RIF,0.003966401605253291,0.010566555561438316,-0.004555047641261119
BWM04V,RIM,0.004198012462906379,0.007037708520425155,-0.004587603326914895
AFD,RIH,0.003363671336974805,0.022540437385015613,-0.004627449442531957
AVF,IL2L/R,0.004534673709112513,0.0023676512774033834,-0.004660788200864774
RIP,SMBD,0.004616060167767458,0.001649881041856132,-0.004701632308808678
RIH,RIS,0.0038682653362476956,0.015023104567735967,-0.0047079880261659225
PVQ,URYD,0.0041461827099815865,0.010348640679582525,-0.004722274103107595
ALM,BWM06V,0.002947690553463893,0.03174342105030616,-0.004730292180286732
BWM04V,BWM06D,0.005894390493840596,-0.01889082971579078,-0.004821413180938582
AIM,AVH,0.004784686384778523,0.0009453275255557522,-0.00483032193732354
AFD,AQR,0.0029055314425351112,0.03431368932064929,-0.00483291601070537
AVF,IL2D,0.004383943607892686,0.008224534428642348,-0.0048400624229517995
BWM03V,RMDV,0.006127187412094786,-0.022335834938090156,-0.004859873665002064
FLP,SMDD,0.005847578235999431,-0.016522891024296483,-0.004907999306511916
BDU,PVQ,0.004894315396301072,0.0005886076884769581,-0.0049196923328791355
BAG,SAAD,0.0051135004170825,-0.00085981915946674,-0.005056977611561217
RIM,RMED,0.004240267329342665,0.014732141138211554,-0.005063017535976478
BWM04V,RMG,0.0051945659983389835,-0.0017090235052154715,-0.005090101101407843
CEPD,SIBD,0.0051731674662384135,-0.0010627864689046736,-0.00510512216357873
AVD,RIP,0.004919826323061057,0.0034463360862179372,-0.0051060639736438705
BWM02D,BWM03D,0.004720579699212941,0.008524071076423912,-0.00519302957522269
BAG,RID,0.003908097139076477,0.02390937110973426,-0.00524808788368508
DVC,RMEL/R,0.004261993701379744,0.018641847147569106,-0.005304841041501422
BWM04D,RIC,0.004932644640200915,0.007250543025992153,-0.005333053548881499
ADF,PVC,0.005107329756072424,0.004392837160308163,-0.00534656164412804
IL2V,PVR,0.00423889125734374,0.020065469616395833,-0.005361930706919673
BWM05V,RMEV,0.005248945370514348,0.003975354857401619,-0.005464446739289399
IL1D,SMDD,0.005483103380629503,0.0003194903438325872,-0.005492393960903329
IL1V,RMDL/R,0.005111633358854804,0.007513640309585314,-0.005526571730476677
RIP,RIR,0.005111633358854804,0.007513640309585314,-0.005526571730476677
CEPD,SAAD,0.0065957071513477565,-0.018700415931904094,-0.005532338358727853
AVM,BWM04V,0.004428297738333056,0.020813304964091752,-0.005593142756307427
AVA,IL2L/R,0.0042510240225935355,0.02419855117500182,-0.0056067527332071725
BWM05V,SMBV,0.005672273958046022,-0.0008238801544027276,-0.005616888263360194
AVH,URYD,0.00512062228864245,0.009383453708448576,-0.005640824140843821
IL1V,IL1V,0.007905911401089538,-0.03937695250383678,-0.005676295072568506
PVT,RMED,0.004534056621112585,0.020506614796136025,-0.005681466026625313
RIS,URAV,0.006427927833531662,-0.012969378057839754,-0.005687504832998116
AVF,URAD,0.005025637635620458,0.01216103388453499,-0.005702378691086101
CEPD,SMBV,0.0052762870188673506,0.007755666349040578,-0.0057045912007441454
AVL,SAAD,0.0038900633001207594,0.03235434125843772,-0.005705567195951741
BWM06V,RMEL/R,0.0033807999512399343,0.041430368592181924,-0.005708127211040552
PVC,RMH,0.004651275280552983,0.01959176160447248,-0.0057469889598397595
BWM03D,BWM03D,0.005609297386812954,0.0027344287081530745,-0.005754358170670576
AIM,AIZ,0.005200655117421104,0.010000788322356046,-0.005755488342779079
BWM04V,PVR,0.004146574910112526,0.02904319702792447,-0.0057752416451812205
AVB,RIC,0.0053925261257063315,0.007379894368213416,-0.005799488496360281
BDU,CEPV,0.005547104664710412,0.004763416318460656,-0.0058065039710304646
RMDV,URAD,0.004815773394231412,0.017818699316568022,-0.0058113958491917165
RIG,RMEL/R,0.004643518191860868,0.021081738092538133,-0.005823135626342627
IL1V,SMBV,0.00610215250606867,-0.00437352257717731,-0.005846226262532024
AIA,AVD,0.005559758417532493,0.005775283602363157,-0.005876109700018549
BWM01V,RMEV,0.005114041210855624,0.013820645641386945,-0.005884084602771162
BWM08V,SAAV,0.006630079835414453,-0.012797256008487863,-0.005899027295192628
IL2V,SMBV,0.00560371078518837,0.005452914406455313,-0.0059018417101788885
AVE,SDQ,0.004948390105061832,0.01892549707714713,-0.006006119190077126
AIN,SIAD,0.004861563696009266,0.020593916524209412,-0.006013368995633477
AIA,RIG,0.005570655841976392,0.008188361986603446,-0.006022855501392773
ASH,AVJ,0.005894240331052432,0.0034620014952485485,-0.00607981427109487
BAG,DVC,0.006178790955264141,-0.000756150080758675,-0.006126415227438209
AVJ,IL2D,0.0060760957921695774,0.0019228870139334812,-0.0061747231416164694
RIA,SDQ,0.005192243169080577,0.01770099436260961,-0.006180641176972315
BWM08D,PVR,0.005494154196890088,0.013012205231440494,-0.006218076279650882
BWM03V,BWM03V,0.006281987977303833,-0.000628042124412383,-0.00623666152019818
AVJ,IL2L/R,0.00524348133633786,0.018377582818498994,-0.006269892615886472
ASG,ASJ,0.005828559880796654,0.008542421045720465,-0.006300285318535081
AWC,SMDV,0.005828125512669012,0.008566819195953278,-0.006301225349856192
RID,RIF,0.006834660802588811,-0.009159223788806407,-0.006308119042602631
BWM05D,SMBD,0.0061365340948439755,0.0038797967299656435,-0.006345247169786385
AIN,ASJ,0.005255667447962737,0.019531375631184723,-0.006347022402740632
BWM05V,BWM05V,0.004893735874797295,0.026468094276320034,-0.006376229108977297
IL2D,RIG,0.006033725729711653,0.006482531756312363,-0.0063891459593821915
FLP,SIAD,0.006064743796993186,0.005976030915826216,-0.006391596862022742
AVB,URB,0.0055916346010173945,0.014453262907724333,-0.006396539179824034
CEPV,IL2L/R,0.005945704519086992,0.008739649737614244,-0.006428348867399071
IL2V,OLL,0.005945704519086992,0.008739649737614244,-0.006428348867399071
OLQV,SMDD,0.005945704519086992,0.008739649737614244,-0.006428348867399071
ASH,RID,0.00615017793937962,0.005796054181166767,-0.006466762090828769
RIS,RMDV,0.00448687735444991,0.035409684214946675,-0.00647346215933873
ADA,AIA,0.006411947524175068,0.0022792093390521426,-0.006530104432497976
ALN,DVA,0.006056924717998412,0.008903133405380301,-0.006548597399328121
IL1D,RMG,0.006056924717998412,0.008903133405380301,-0.006548597399328121
AVK,RMEL/R,0.005587404518944373,0.01753508849156197,-0.006565834530511098
AIB,ALN,0.004680033101064664,0.03394908087995568,-0.006584073871243385
AVF,AVK,0.0034358432529952463,0.05631260954223102,-0.006601011030824394
AUA,OLQV,0.006304249625847527,0.0056186451435721076,-0.00661060055380733
AVD,IL2D,0.006736858345800504,-0.0012093991772115867,-0.006658077663264907
BWM04D,RMED,0.006162438747951743,0.00905822951909331,-0.006662676562321805
ASI,RIV,0.006351757987201915,0.00594966767816273,-0.006676671403047182
BWM06D,SMBD,0.00631254156076732,0.007065832287445151,-0.00670036157912545
AVF,CEPD,0.0061781001244455855,0.009898846780064575,-0.006725643104036484
AIY,URB,0.004916080530020852,0.03265529384747107,-0.006746901629743597
CEPD,RIV,0.006386742788706959,0.00664198189256355,-0.006750580680412411
BWM06V,RMEV,0.006262803657343309,0.009205756889687293,-0.006771188623347158
ADL,SMDV,0.006262803657343309,0.009205756889687293,-0.006771188623347158
PVT,RMEL/R,0.0057420108291623894,0.02004025398933942,-0.006861246110512729
PVQ,PVQ,0.0063584987064084515,0.00934641998651095,-0.0068746517467329245
ASG,OLQV,0.0063584987064084515,0.00934641998651095,-0.0068746517467329245
AIN,SDQ,0.005785017483706374,0.019683208537493287,-0.0068840815001857646
BWM04V,SMDV,0.006795718586898667,0.0017723652443664942,-0.006884729424421006
AUA,RID,0.0058609495437713455,0.018391952273133935,-0.006887190376279693
BWM03V,RMEV,0.006628099254594438,0.0051414304276342845,-0.006907067415243217
RIH,SAAD,0.007052511532917291,-0.0018613357091494059,-0.006936523569970796
AIM,AWC,0.00635960647238813,0.011190381245620376,-0.006979579919705168
RIH,SMDD,0.006537487425062342,0.00960951727010411,-0.007068169928328102
DVA,IL2V,0.007124559581204954,0.00031008196482404463,-0.007130716556219962
AQR,RIC,0.006205731147606629,0.017064031116516457,-0.00715665793885388
ASG,RIR,0.006621461231073334,0.009732951196111441,-0.007158960333237904
AVE,RMF,0.0049413934039477594,0.039684875468001354,-0.007167967034287601
AWA,BWM05D,0.007343145306463345,-0.0024749445767210973,-0.0071921477479606685
FLP,SDQ,0.006566743111500145,0.011310002817666932,-0.007193123131579874
DVC,RMED,0.00631698645618913,0.01584909915365211,-0.007199331383373036
BWM02V,BWM04D,0.006536483454251385,0.012165349184375956,-0.007211070790798046
AQR,BWM06D,0.007344433922374088,-0.0019383813921319878,-0.007223644906195205
AIN,RIS,0.007344433922374088,-0.0019383813921319878,-0.007223644906195205
ADA,ALA,0.006702141085074891,0.009851543309559374,-0.007246189398595574
BWM07V,SAAD,0.00819774466874158,-0.016037312866786523,-0.007281777551888972
AIB,AIM,0.007410556694655246,-0.001917024016357186,-0.007290865289525354
BWM04D,PVR,0.0063601541394075044,0.018748882040160827,-0.007405699601985313
ALA,RIV,0.006854586563318654,0.010075624422177158,-0.007411009684276183
ALN,DVC,0.006369665991510442,0.018949961034115097,-0.007426517891777656
AVE,RIH,0.00662336826066358,0.014456233320613406,-0.0074268034240649395
ASE,RIR,0.0070688744123207975,0.007206690829212966,-0.0074634255254376536
AVM,RMDD,0.0076109381838589275,-0.0020087185899127966,-0.007485766149479803
RIH,RMH,0.007647097808204878,-0.0025773891783693707,-0.00748985005530344
OLQV,URAD,0.006996509908183932,0.010284238947122241,-0.007564453699244201
AVB,PVT,0.005792839699836336,0.03213837393186517,-0.007593165383423065
BWM01D,RMG,0.007063960953955507,0.010383385904827073,-0.007637380103894591
IL2V,RIM,0.007325494137921035,0.0059474747381970785,-0.007648739424275548
AIN,URYD,0.006910238828180041,0.013684768465194747,-0.0076697824618692885
AVB,IL1L/R,0.007924584701737881,-0.0026709137722046865,-0.007761630968402814
BWM06V,PVR,0.005505829026399518,0.04049301422850796,-0.007777008624210965
BWM03D,RMED,0.007268457221310892,0.009548208037558051,-0.007794528224195205
ADA,AIY,0.007313609046440246,0.010750346099195288,-0.007907293455192284
PVR,RIM,0.008083081189820615,-0.0021333290400651662,-0.00795014413368643
AVJ,BWM07D,0.008083081189820615,-0.0021333290400651662,-0.00795014413368643
RMF,URYD,0.0056625370138504065,0.04142873551610472,-0.007986152756856895
AIY,RIG,0.007890772440881304,0.0020693614147054675,-0.007994768206319043
ASK,BWM05D,0.008179847899157988,-0.002756948058566323,-0.008011645172649368
AWC,RMEV,0.00742792026410058,0.010918373285918808,-0.008030883920244633
OLQD,RIS,0.006045750941353281,0.035651925967289534,-0.008043502021091973
PVR,RMDL/R,0.0070195461741983526,0.019206626520317818,-0.008089818417094058
RMEV,SAAV,0.007482778784205949,0.0109990103658991,-0.008090195597179547
RMEV,SMBV,0.007272708041016298,0.01532514817213311,-0.008124036416040755
SIAV,URYD,0.008294397168253408,-0.0021891006576988253,-0.008157984738876361
AWC,OLQV,0.007588292814159277,0.011154106479612106,-0.008204274760173227
IL2V,RIG,0.008074585627487994,0.0026727899069365216,-0.008212265168545223
DVC,RIA,0.0078275585070359,0.00760429787843109,-0.008243292920957962
ALN,RIG,0.007953494768496012,0.0054409513994696755,-0.008247224617268569
AVA,IL2D,0.007650983434632217,0.011283464307301497,-0.00827414928013711
ADE,RMDL/R,0.00770909048965408,0.010297111905126104,-0.008276628696322503
CEPV,RIH,0.007513558210742786,0.01378767043841185,-0.008277938565836158
IL2L/R,URX,0.008354125653133539,-0.00030957375132050554,-0.008323443123208091
BWM03V,RIA,0.006589375731938071,0.03112448731262643,-0.008331352107899231
ASE,AVE,0.008492070064697075,-0.0022412715218178367,-0.008352406640765645
DVC,URX,0.008265233654926185,0.0018900929154000963,-0.008358541893355605
ALN,BWM08D,0.007711303136233104,0.01341588596564772,-0.008454436897836625
ASK,AVJ,0.007911435803164486,0.009871004991460612,-0.008454661554726172
AVB,IL2D,0.008350852808352684,0.0023345912916643923,-0.008469052208310165
RMDD,URAV,0.008513820428705077,-0.00038566723190373137,-0.008478600213722872
AVD,URYV,0.008278065494697076,0.004345682769087926,-0.008509612601914912
AVM,CEPV,0.005913557096049019,0.04655721865072394,-0.008525528113960852
BWM05V,URAV,0.005439593870500137,0.05496583097080798,-0.008525754203529032
AFD,RIS,0.008677755208685918,-0.002290278515645747,-0.00853503794478554
BWM07V,BWM07V,0.005378995778558009,0.05628764801858631,-0.008539675661486478
BWM02D,RMDL/R,0.008233490590161699,0.005678707358410411,-0.008540162857372698
AFD,IL2L/R,0.008357205353029012,0.003993218625308775,-0.00856878182189906
IL2V,SAAD,0.008394955075272714,0.003819108246854561,-0.008596668571964028
AIM,AWB,0.008274365499794094,0.006661869840639061,-0.008636328783780945
ASK,BDU,0.00788691733946877,0.01429212380429371,-0.008679108106257858
AQR,RMDD,0.008852823819195043,-0.0023364835384622152,-0.008707227318385366
AWA,RID,0.008852823819195043,-0.0023364835384622152,-0.008707227318385366
RIH,URX,0.00842961165630282,0.005209013735400226,-0.00870952724142849
AIY,AVE,0.007801049305525934,0.017027175555821176,-0.008747370298590598
AVD,AWA,0.008432641798641897,0.006074135155062662,-0.008761262265273477
AVM,BWM06V,0.0076366479060905705,0.020492115530485362,-0.008778319239877841
AVL,IL2V,0.00899520753693514,-0.003246450188594377,-0.008798150521253177
AVH,IL2D,0.00829892622358999,0.009530432189055018,-0.00882236172231359
AVF,RIH,0.008167178671052265,0.012005016512403353,-0.008830151850190947
AVJ,RMH,0.009035365221861755,-0.003045292884897483,-0.008849570438871383
ASI,OLQV,0.008205629745526721,0.012061536126161971,-0.008871724202172896
BWM01V,RMG,0.008205629745526721,0.012061536126161971,-0.008871724202172896
AVB,IL1V,0.008331331850968656,0.011606146135655105,-0.008971586682569047
RMH,URAD,0.00811926417614203,0.01563816259914575,-0.008986873566247559
AVM,BWM01V,0.008146749612090958,0.015366178496880465,-0.008999001642561824
DVC,IL2V,0.00874915646786001,0.004953866500225587,-0.009014199374179984
AQR,IL2D,0.009045222640511946,-0.00017393112813996777,-0.00902108101396299
AIZ,IL2V,0.009217648404181825,-0.0031067298788125326,-0.009028105320655688
ASK,RMDL/R,0.009217648404181825,-0.0031067298788125326,-0.009028105320655688
AWA,BWM01D,0.009217648404181825,-0.0031067298788125326,-0.009028105320655688
PVQ,SMDV,0.009217648404181825,-0.0031067298788125326,-0.009028105320655688
BWM01D,PVQ,0.009217648404181825,-0.0031067298788125326,-0.009028105320655688
ASE,BWM01D,0.009217648404181825,-0.0031067298788125326,-0.009028105320655688
PVC,SAAV,0.007266778546445981,0.03157731095694313,-0.009033176069714006
DVC,URYD,0.008657463733615778,0.007067764272323794,-0.009041672730035076
AVL,RID,0.008422363974391474,0.012380115907641036,-0.00910605189709563
ADE,BWM06V,0.008456365948372907,0.012430095744686634,-0.009142813991517108
ASH,IL2D,0.008993335924302884,0.0033321406524452943,-0.00916668203408885
AIB,RIH,0.009390073502959864,-0.0031648442896407766,-0.00919698483128948
AVK,PVQ,0.008555124397245224,0.012575261763112768,-0.009249589187108553
RMG,URAV,0.008555124397245224,0.012575261763112768,-0.009249589187108553
ADA,IL1L/R,0.009790443990684327,-0.00926574664873549,-0.009253215758844644
AVJ,RIR,0.008665236549084715,0.011098043214411964,-0.00927635353715163
IL2L/R,RIB,0.009607723836090635,-0.005045232405151845,-0.009308416763608296
ASK,RIV,0.009553652306227987,-0.0032199771319200406,-0.009357199953343978
BWM06V,CEPD,0.008679833645084086,0.01275857311699087,-0.009384421745559044
IL1V,PVR,0.00822191965730399,0.021549708634870813,-0.00942220915196607
AQR,RMH,0.0072556425511950025,0.038953881078559925,-0.009437387221897348
AVB,RMDV,0.010787398985186984,-0.023559893884682676,-0.009443773382907063
RIS,SDQ,0.009023848360779104,0.007759129341089443,-0.009446402685853065
RIM,RIP,0.008739463112647785,0.012846223059714085,-0.00944889165304371
FLP,SMBV,0.0072572877473081445,0.03944499730073441,-0.00946668155459188
AVL,IL2D,0.008540703722707564,0.01686426023366598,-0.00947667862222081
AVF,URB,0.008619219301368528,0.01568161102098425,-0.009488481916483356
IL2V,RMF,0.007054469513688984,0.04360960482071717,-0.00949866859716437
ASJ,BWM04D,0.009709248408240652,-0.0032724194727377074,-0.009509596522930699
AWC,SMBD,0.009709248408240652,-0.0032724194727377074,-0.009509596522930699
RMDL/R,RMEL/R,0.009092615164143626,0.008734655272373252,-0.009569986293076177
AIB,BDU,0.00888138645751306,0.013054837584659165,-0.009602335668011726
AUA,URYV,0.009620461570138015,0.00019077519727880474,-0.009615941809140749
ASE,RIH,0.008908632850413488,0.01309488732641789,-0.009631793795030973
BWM01D,URX,0.009857604807969522,-0.0033224217335683158,-0.009654902260686752
RIB,RIF,0.009857604807969522,-0.0033224217335683158,-0.009654902260686752
ALN,FLP,0.009857604807969522,-0.0033224217335683158,-0.009654902260686752
BWM03V,BWM08V,0.008988271412269119,0.013211948834266319,-0.009717897041040337
ADE,RMF,0.009321113294172968,0.007319457509071267,-0.009718440833650402
AIN,ASK,0.008799705654701149,0.0171173844150475,-0.009749521566184355
AIM,ASE,0.009677202828059122,0.0018011229355321446,-0.009763261874976689
BWM03D,PVR,0.009195020654046319,0.010775884370483631,-0.009787158442977962
BWM03V,RIB,0.009999365367733071,-0.0033702009227218974,-0.00979374778914928
ASI,RMDL/R,0.009999365367733071,-0.0033702009227218974,-0.00979374778914928
ASG,RMDL/R,0.009999365367733071,-0.0033702009227218974,-0.00979374778914928
RIS,RMDD,0.008739326980937661,0.019381527963819714,-0.009816718727787986
AIA,ALA,0.009240954790785473,0.010722072029293794,-0.009829989870081381
ASK,SMDV,0.01013509170150252,-0.0034159463274036268,-0.00992668317378612
ADL,RIV,0.009186697181901318,0.013503616830873767,-0.009932430082058966
RIF,SIAV,0.010109941218859745,-0.002854490916180243,-0.009933184703191668
DVA,RMDV,0.011493631605385187,-0.02738080707805588,-0.009933753472318677
AIZ,URYD,0.009225797918295394,0.013484346631644993,-0.009970383805230089
PVQ,RIH,0.00923345084421953,0.013572340500423795,-0.009982978986944032
AFD,AVE,0.010313578745897547,-0.002722013614477922,-0.010143958181104215
OLQV,RMF,0.007891547153017962,0.040331046914397005,-0.010149822847751594
ADF,AVF,0.009748213946981995,0.008359446574057095,-0.010203419381895
ADE,RMEL/R,0.00952640736851807,0.012673722005845454,-0.010224875084640157
SMDV,URX,0.010417414684427678,-0.0027494185381532832,-0.010246086399067773
AIY,RIC,0.010417414684427678,-0.0027494185381532832,-0.010246086399067773
PVC,RMDV,0.010419197343170329,-0.002252767502265593,-0.010275829607791448
IL1L/R,SIAV,0.01080597184554958,-0.008794106929903523,-0.010293687803944377
RMH,URAV,0.009979636415699695,0.005871312315194032,-0.010294383139871488
RIA,RMF,0.00795904278034699,0.04175225603385848,-0.01029723098595638
BWM05D,BWM05D,0.009702600405141329,0.011467672017555115,-0.010332883334680102
AIY,RIP,0.010517845545517275,-0.0027759247759912725,-0.010344865540633004
AWB,RIC,0.01108566842557418,-0.012613951571726987,-0.01035786864001457
PVC,RIP,0.010492803763648834,-0.0016136921534317477,-0.01038530168339746
AQR,OLL,0.010615087580871346,-0.0028015894022722925,-0.01044050830095706
ASH,URYV,0.010102126137015537,0.006436704755973416,-0.010448512338443822
RIF,RIH,0.00970629469573373,0.014267378343214747,-0.010494206079979036
BAG,RMDV,0.012701782650884407,-0.03710545282851671,-0.01059245276308662
ADE,BWM07V,0.01080077272486019,-0.002850596396100208,-0.010623139604976954
AUA,PVT,0.010846716008671934,-0.0036557932385278906,-0.010623674305596855
RMDL/R,URYV,0.008072990497289377,0.04635435784587838,-0.010670114110429665
AWA,DVA,0.009050890969654415,0.029458599050299336,-0.01069516662685917
BWM02V,RIM,0.009980978463452764,0.014671138723631558,-0.010791187384959981
BWM02V,RMG,0.011266718522394708,-0.005933179549087951,-0.010914784886162368
AIN,OLQV,0.011463491919924126,-0.008418765596661194,-0.010971298011682921
PVR,RIS,0.009976619758050321,0.01804840794687115,-0.010976988938102429
AVH,PVR,0.009985570166062954,0.01805025819524073,-0.010986029324044431
BWM05V,BWM06V,0.010179958326715345,0.014963621187933433,-0.01100631949832569
AIA,AVA,0.010338005979273214,0.01227538612547297,-0.011012758385545721
AFD,SMBD,0.0112458722216264,-0.003790325440096426,-0.011014622644254696
DVA,RIF,0.01085496820696019,0.003257704384305732,-0.01102117011931915
RIR,RMDD,0.012525465773904265,-0.026301262653819366,-0.011024733354572418
AIZ,IL2L/R,0.010672086590788804,0.006754871582306621,-0.011035482676988093
RIC,RIH,0.011221001490670901,-0.002961505368622187,-0.011036457147985632
RMED,SDQ,0.010223266717709609,0.015027280619170628,-0.011053143460953353
AQR,RMDV,0.01133831601273076,-0.003821482832453062,-0.011105165507871866
CEPD,URAV,0.011298546565265834,-0.0029819714700583208,-0.011112726890353624
FLP,RMF,0.01438620546891505,-0.05766510432494949,-0.01111661549698305
AVL,SDQ,0.010244492757716689,0.01617383281308158,-0.011138891161063535
RMDD,URAD,0.011280197696335006,-0.0013009281109360575,-0.011189056383812691
RIP,SIAD,0.011520055121631631,-0.0030404331661394134,-0.011330592442931598
AFD,AVJ,0.011600580502724509,-0.003909876844839725,-0.011362037036672793
AQR,SMDD,0.011590468954722627,-0.003059017153040905,-0.01139984822657803
RIP,SDQ,0.013227619472402426,-0.030995154500520917,-0.011461488911776913
RIB,RMEL/R,0.0116426036280583,-0.0026549410078054846,-0.011474651250344706
ALM,RMF,0.008990964465615566,0.04482721226166591,-0.011500647662921665
AIN,RIM,0.010943835503353632,0.010589280069558829,-0.011522692564666053
ADE,BWM02V,0.009809693287642956,0.031921826142512655,-0.011591454470842115
BWM06D,SDQ,0.011842906207811378,-0.003991550659611846,-0.011599379783054167
AWC,DVA,0.011842906207811378,-0.003991550659611846,-0.011599379783054167
ALM,IL2V,0.011842906207811378,-0.003991550659611846,-0.011599379783054167
FLP,RIR,0.011842906207811378,-0.003991550659611846,-0.011599379783054167
PVR,URAV,0.010845954877377561,0.014654012673600876,-0.011653827405326946
ALN,BWM02D,0.011919755408005293,-0.004017452027936653,-0.011674648728314007
BWM01V,RMH,0.011994796222845168,-0.004042743895381682,-0.011748146474161513
OLL,URAD,0.010778308164195848,0.018866938889517956,-0.011823492072681008
BWM02V,BWM03V,0.01232779155450604,-0.00805470776279963,-0.01185472445605295
RMEV,RMH,0.009790656485899921,0.03733043843878111,-0.01187697369831842
RMG,RMG,0.011038202180971488,0.016225162297415028,-0.011934231554962317
ALN,AVK,0.010362380242533867,0.028492585040324456,-0.011950185124186857
AWC,RIV,0.011670748753763173,0.005468141148620252,-0.011960112731307036
AVF,FLP,0.012217726970705433,-0.003224566367466091,-0.012016790147482347
IL2L/R,RIM,0.012411355412064121,-0.004183141621861825,-0.01215613993058902
ALM,RIP,0.01341369370095001,-0.021848404724670333,-0.012162265422970822
AFD,OLQV,0.012366553304885765,-0.003124472082613984,-0.0121710160913711
BWM08V,PVR,0.0109773881053743,0.021533596369990544,-0.01217239935858109
AUA,AUA,0.011498343696145137,0.012581490403060966,-0.012188490290877837
AVM,BWM04D,0.012436596262071812,-0.0032823314949323844,-0.012232059841295622
AVH,IL1L/R,0.012538935924070346,-0.004226141546704274,-0.012281096996507573
IL2D,RMF,0.010420665947164238,0.033969890196739884,-0.0123167718739038
IL1D,SMBD,0.012328036631927379,0.0008565427926175115,-0.012356707082202397
IL2L/R,RMF,0.010154852891780397,0.039545641919775,-0.012365316911580933
DVC,RMF,0.009693866978176324,0.0484108267142099,-0.012404206526437693
RIG,RMEV,0.012731609591245313,-0.005318874087389686,-0.012411939944929616
AQR,CEPD,0.012640863061691546,-0.0033362426564457347,-0.012432967200824417
ALA,SDQ,0.012485011178632632,-0.00026020330460618525,-0.012450555484146728
ASE,DVA,0.011615643554159618,0.015440680441669512,-0.012466587552197823
RIC,RMF,0.010107947600668939,0.04225904191867291,-0.012471260961739216
BWM04D,RMG,0.011783094618556107,0.013832931628742344,-0.012543250497172405
BWM06V,BWM08D,0.011613094073412579,0.01707020156245083,-0.012555790469265391
URAD,URAD,0.012832354590058744,-0.0033867821015903196,-0.012621309395483594
OLL,SAAV,0.01130253479559039,0.025572091535490227,-0.012724413188698328
ALA,BDU,0.012968504419718968,-0.003422715476326164,-0.012755220059518341
URAV,URAV,0.013057223008436578,-0.004400825793726832,-0.012788726510980166
SMDD,URAD,0.011975108997306397,0.016597319164999645,-0.01289060600974317
ALA,RMDL/R,0.013161792622083007,-0.004436070091283666,-0.012891145853088284
RMF,URYV,0.010560237830277526,0.04225561061781633,-0.01292264051815267
AVF,BWM01D,0.01321281911044924,-0.0044532681345445,-0.012941123080566885
AVH,RMDV,0.01326445955082788,-0.0035008255015658075,-0.013046307813577154
PVC,RIH,0.011670269335758992,0.024892262765642315,-0.013053287389615082
AVB,CEPD,0.012678157576011906,0.007714344994235575,-0.013092393459985798
BAG,RMH,0.013344019006845169,-0.0035218232490766468,-0.013124558808177042
AUA,SIBV,0.011732650767934089,0.02578490371213229,-0.013165829009075144
PVT,RMEV,0.014129267268630969,-0.015887466206327958,-0.013212327798312318
AVK,URAV,0.015114423863992057,-0.03212475695478107,-0.013281699229821595
RIS,RMEV,0.013088263689388775,0.004188477565416465,-0.013303329014235787
IL1L/R,RIM,0.013638662403711112,-0.004596794989210424,-0.01335820973142231
ALA,BWM01D,0.013638662403711112,-0.004596794989210424,-0.01335820973142231
ADL,RIA,0.011408554824734869,0.035622399958562784,-0.01339613634531901
CEPV,IL1L/R,0.0128149844696732,0.011849236267279269,-0.013461813703658622
AVL,SMBV,0.01199639887815516,0.026848656823584425,-0.013489052152264433
RMEL/R,RMG,0.01318159402583532,0.0061796433966906485,-0.013508621650872576
AIA,AIA,0.012626029130206719,0.016450864814646745,-0.013532247626683229
AVH,IL2V,0.012539553622955382,0.018432013595504122,-0.013557455650721308
FLP,SAAD,0.01385277551423694,-0.004668959989300284,-0.013567920020597953
ADL,BWM05D,0.013934551468827093,-0.004696521878228307,-0.0136480144110937
AQR,AVF,0.01388274869702766,-0.0036640076049951503,-0.013654428369729979
AVB,RMF,0.011804596003916822,0.03332709842043888,-0.013662314904987326
AIZ,IL2D,0.012846906135951578,0.016085180479212164,-0.013732184805394575
ALN,AQR,0.013979990732381735,-0.003689672231276165,-0.01375007113005404
ASK,BWM01D,0.01405341320757602,-0.004736583214810789,-0.013764431988437477
ASJ,BWM01D,0.014168003528560454,-0.004775204906419635,-0.01387666598144874
AIZ,RIP,0.013607237579717393,0.007267375497555308,-0.01399483352954236
BWM05V,PVR,0.010515175607216475,0.06259279271499028,-0.014022711937216244
BWM06D,BWM06V,0.013005975655747624,0.019117611943592936,-0.014061739631972768
AIZ,FLP,0.014326562913889267,-0.0016619137524196033,-0.014210264196654984
BWM07D,URAD,0.014452133738343418,-0.0038142826814285425,-0.01421444911426066
PVT,SAAV,0.012574838400932667,0.031205028753594752,-0.014311854704726932
ASG,RID,0.01324178500393383,0.02130116868947519,-0.014420117616857008
BWM07V,RMEV,0.011712341074868148,0.04868169822709695,-0.014434729790324482
AIN,URYV,0.015492429576176376,-0.018303050061460786,-0.014437320960879069
AVA,RMF,0.011992369117612239,0.0444656999991031,-0.014476936581305281
AUA,RIS,0.015833526574500902,-0.021974093444387065,-0.014571182901936007
IL1D,IL1V,0.0140361485443843,0.010737032246277277,-0.014618419223501527
PVT,SDQ,0.012399690863970143,0.041013889984070594,-0.01468926190480701
RID,RMDV,0.01620516763459677,-0.02583990135444472,-0.014724574454473146
AVE,RMEV,0.014339655214647275,0.007809294370401141,-0.014756601447204868
AUA,IL2L/R,0.01469011066252183,0.0035956141092274518,-0.014869254433331864
IL2V,SMDD,0.015186989303575168,-0.00511864538217991,-0.014874698287921744
AWB,SIAV,0.014710593108616603,0.0035826950973059483,-0.014888976997251963
AIM,PVP,0.014242786684405602,0.012098942395484204,-0.0149014103878463
BWM03V,BWM06V,0.01388509844548403,0.020409843206344997,-0.015012225477941872
IL2L/R,RIG,0.014315870015724205,0.013490543154984552,-0.015052730300747715
ADF,RMG,0.013538152442687386,0.027603427298849795,-0.015070856502661056
AUA,AVK,0.015423326110213883,-0.005198300689743445,-0.015106175285950195
RMF,RMF,0.01280523976812113,0.042035643536232695,-0.015151696162358348
ASI,RIH,0.014691598843620333,0.009367434102110923,-0.01519571608518533
RMDV,URAV,0.014882834441748235,0.006572486138250471,-0.01522928192136491
BWM01V,PVR,0.01312517709378528,0.03816646173441826,-0.015253276036023264
RMEL/R,RMH,0.015354207886704415,-0.0007781658304129904,-0.01528603742682557
RIS,RMEL/R,0.015565740719087421,-0.00044425060075991256,-0.015516035421510284
BWM02D,BWM05D,0.013292676307695834,0.04000217156618895,-0.015523867119281736
BWM01V,BWM06V,0.012392789837777841,0.05767893496150513,-0.015620678435389113
ASI,AVJ,0.014428670285572258,0.022270168196404098,-0.015659678544126948
BDU,BWM03D,0.0159223041868852,-0.004202297751185555,-0.015660440647998177
IL2L/R,SDQ,0.01736403941922639,-0.026791865014467058,-0.01582800865308301
AIA,BDU,0.01524640127994769,0.012521627033340449,-0.01592723171112022
FLP,RIP,0.016212687833861848,-0.004278937321209351,-0.015946048548415803
IL2D,RIS,0.015005436586697956,0.01731665352231332,-0.015956627837443674
AIB,SDQ,0.013918441720105288,0.03670457135057322,-0.015962972196249987
PVC,PVC,0.013067326316276266,0.05206695858931705,-0.015978168866004165
AFD,RIP,0.01566595575354794,0.008646426040434217,-0.016127931804126864
RMF,SDQ,0.013576148185439119,0.046514403539341304,-0.016173553214610253
DVC,RIH,0.01532425468230496,0.0169899250183177,-0.01625654410423692
IL2D,SMBD,0.016347409477667493,0.002946180850524284,-0.016487358630907698
AIM,IL2L/R,0.019336581907083834,-0.047264117858238655,-0.01664475488923031
OLQV,RMG,0.016276422837313065,0.00920102542521191,-0.016768656585349997
AVL,RMEV,0.017763643746665014,-0.016962774912439874,-0.016780394940249858
ADF,AVA,0.015402897092893782,0.027831606575338143,-0.016945490446027594
ALA,SAAV,0.017517077670994287,-0.00897010563570781,-0.01698423824960965
OLL,RMF,0.01432247371511117,0.04777069209730521,-0.016989428746089573
AVM,BWM08V,0.017344893883892123,-0.004577755060280048,-0.017059633959151017
AVM,RID,0.014315529441731097,0.05066666086584753,-0.017145549752150206
ADE,URAV,0.01752055326821778,-0.004624116003210308,-0.01723240439050364
ADL,BWM01D,0.017659043419022497,-0.005951830164864553,-0.01729591939920797
IL1L/R,RIC,0.01720886179503347,0.0020385248777907102,-0.01729633985960056
BWM07D,IL1D,0.017696179727165258,-0.004670468256302641,-0.017405142437979866
CEPV,SAAD,0.01778344916736657,-0.005291580705888616,-0.01745730240307073
IL2D,SMDD,0.016311891308567375,0.021474357968879098,-0.017495104973766402
RMDD,RMF,0.01468752454044402,0.05089154794835746,-0.01752961676127143
AIM,RIH,0.0169007295735163,0.012614657159010426,-0.01758417366491785
RIS,RMED,0.015063454472507846,0.04683470326149345,-0.017676534271442657
AVJ,AWC,0.016951895328091885,0.017368528109816227,-0.017902919610014764
BWM04D,SAAV,0.015690403218701673,0.040590444961886026,-0.01795091253657456
DVC,RMEV,0.017811058246218158,0.003851604788147155,-0.01799966445834555
BWM02V,BWM08D,0.018459153486854653,-0.00673157961234549,-0.01805085731990029
AIM,IL2V,0.01779728263304412,0.007433642551022031,-0.018187593304221157
AVJ,IL1L/R,0.018106583050117087,0.004428469670708313,-0.01832720019317842
ALN,OLQD,0.017417878606485082,0.017095306875550574,-0.01835278027494583
ADF,ALM,0.01791939846800869,0.00827153387666381,-0.018356691952701152
AIY,IL2L/R,0.01796312196781847,0.00961228352650914,-0.018475835493699747
RID,RIS,0.01793785635010798,0.010761822520887872,-0.018515333455243158
AVJ,AWB,0.01832959634876708,0.005657795213800477,-0.018619075512796072
AIN,FLP,0.019107304612455973,-0.006439954263840081,-0.018714399906687957
DVC,IL2D,0.01769838650841553,0.019752067354069706,-0.018782429111121938
BDU,BWM05D,0.01921298698920785,-0.005070791957662,-0.01889700378058856
AQR,RIP,0.01836466773091565,0.010826451565576312,-0.018945106641687293
IL1V,RMH,0.017700753388272743,0.02328572987104717,-0.018983751129048168
DVC,IL2L/R,0.018679656892967998,0.00621521395846005,-0.018999965583802254
AVE,IL2V,0.01666546335954193,0.042506862573044424,-0.0190323276563232
BWM04V,RIV,0.017068730890551616,0.035415096716968325,-0.019035661577030908
CEPV,RIG,0.01840399002024319,0.013037476683996319,-0.01910885583514919
RIR,SMDV,0.01770170864448845,0.026017323317453316,-0.019138504165918793
ASJ,AVA,0.018799713989241,0.0069837642641215605,-0.019163104591289497
AIM,IL1L/R,0.020408228394635873,-0.020679833592870688,-0.01921149961968965
AIB,RMF,0.016328626767042914,0.05207613444912757,-0.019234812482607614
RIH,RMG,0.018768007304226918,0.009518912378064794,-0.0192741868658197
PVR,SMDD,0.019269743828447653,0.004449865270835804,-0.019489720479895008
RIH,RIM,0.020868917702740953,-0.022041435554255997,-0.019594794659842353
AQR,IL2L/R,0.019278663661695894,0.008189182429902004,-0.019709164209386624
ALM,FLP,0.02018034401178933,-0.006801613053248845,-0.019765374329405106
CEPV,DVC,0.019337908402810907,0.008553400214434086,-0.019788821841920774
RIR,SDQ,0.017878907708619354,0.03478103840717834,-0.019808853254465048
RIM,RMF,0.016982595545920284,0.05236369871347469,-0.01990393483922869
BWM04D,SIAD,0.01852307408551121,0.025570473833503377,-0.019933407299887965
BWM02D,BWM08V,0.019272269913938354,0.012723290184738388,-0.019958068440500742
RIG,SIBD,0.02054259816856694,-0.008209416814004215,-0.020047789027678096
AVH,BWM04D,0.020646570587364847,-0.006443097519421335,-0.020251047133604077
IL1V,PVP,0.018566793801443642,0.03161912249703527,-0.020317620020661564
ADF,RID,0.020789092451407736,-0.0069909332581622385,-0.02036249763720429
CEPD,SIAV,0.0196980395185407,0.0124193217356209,-0.02036604803610933
ADF,AIM,0.019048055131309763,0.02453281388779453,-0.02039913128113893
RID,RIH,0.019864654648134902,0.01113088512926241,-0.020459854886912283
BWM05D,PVR,0.019775747593859725,0.012788443406749513,-0.02046441582188374
ADE,IL1D,0.018363058904502346,0.03837854751629931,-0.020494790134200844
ASE,BDU,0.020177075306998624,0.0077413100811425705,-0.020580933736342386
AVM,SMDD,0.020296494863927487,0.006462303949709106,-0.020628150854107404
PVT,RMF,0.018063055731797836,0.04830784937990111,-0.020754321034057402
IL2D,PVC,0.020980305677349428,-0.0026888048039883537,-0.020795634040300128
AVH,RIH,0.020286817977534947,0.010229977364208,-0.020830623931393958
PVP,RIC,0.017986791908153818,0.052090263357974204,-0.020891142753223707
AVL,RMF,0.018594418341223325,0.04140184041490038,-0.020896005665997815
IL2V,SMDV,0.02073785945795074,0.005526821042287385,-0.021016143989341245
BWM04D,BWM06V,0.01847373480635642,0.046136151285976916,-0.02104207362156962
CEPD,CEPD,0.02014744851558445,0.019991726572894192,-0.02124109986157423
AVH,CEPV,0.02109442975708032,0.005141026940783044,-0.021350426950509708
AIY,DVA,0.020885238718948783,0.010212629837448807,-0.021427118652213813
RIF,RIF,0.020548229526136857,0.019138440729271136,-0.02159320180515003
IL1D,URB,0.021389070107899408,0.012204465343096526,-0.022042298860021382
IL2D,SIBV,0.021829669669613708,0.00511791899706493,-0.022083199469476476
RMED,RMH,0.021700276717836784,0.007842435954025038,-0.022107412638726162
BWM07D,RMG,0.022550802070416653,-0.005951725561555223,-0.02217992403884607
AWB,URB,0.02259964040481705,-0.006787188236837736,-0.022181645113903695
BAG,RMF,0.01944997787563739,0.04963169537241837,-0.02221358073295153
AVJ,AWA,0.022025076089362196,0.004520656522611349,-0.02224466772013101
RIS,RMF,0.020489738632212928,0.03261167355832727,-0.022293398913836915
BWM02D,BWM07D,0.02273007858319397,-0.0059990411559341485,-0.02235625211014631
AIM,RID,0.02124475721842643,0.021024863766283455,-0.02239483750757191
IL2D,SMDV,0.021607407022804788,0.014966606099319692,-0.02241580865032317
ASG,RIP,0.021822773653390876,0.011269502192993677,-0.022422672363959627
BDU,IL2L/R,0.022404277011621187,0.0022582847805243684,-0.022495886812056273
RIV,RMEV,0.022040706652055316,0.011747731357381087,-0.022667185805949383
BWM01D,BWM07D,0.019967701803684307,0.04956897617837039,-0.02272695205080045
BWM07D,PVR,0.022399333046338992,0.007759027032162165,-0.02280066379371791
ALN,BWM04D,0.021194004691621984,0.031332944899033245,-0.022924550402328697
AIA,RIH,0.022316733343727333,0.011546323010962171,-0.022931434560215583
AVK,RMF,0.020016133540922347,0.05349153094275073,-0.022996161992931516
ALN,BWM07D,0.023550117712840053,-0.006215470169596274,-0.023162804602054884
SMDV,URAV,0.02268772149232519,0.00911950744421843,-0.02316519508202768
AIB,RMEV,0.02383705350732611,-0.004099082124224565,-0.02356844607214573
AVB,IL2V,0.02317971955145119,0.012280740417132917,-0.02383440234031457
IL2L/R,RIA,0.021978402243462192,0.03530807678921449,-0.02393151897667604
BWM06V,RMF,0.021141225278086512,0.051789317369705955,-0.02402362775275455
BAG,SIAV,0.021785855508844272,0.041753511830113006,-0.024102180652019755
ASH,BDU,0.02324741118115408,0.0170929775346085,-0.024172934186543052
IL1V,SMDD,0.02297746073259886,0.022369460031724884,-0.02420049837719208
FLP,SIBD,0.022749368525052254,0.026594342732606642,-0.02421064526473413
AVJ,RIP,0.0237610022980391,0.012325938328130982,-0.024417307803186322
AFD,RIF,0.02414712472198501,0.007295046290093775,-0.0245195589963527
DVC,SDQ,0.025014625448691513,-0.0038698662109354553,-0.024757055750098976
AVB,RIH,0.023308919679775233,0.028397836707172903,-0.024870852490832252
RIH,SIBV,0.024878606902272133,0.003150450371407325,-0.02501652400022571
AIM,RIR,0.023202141597981188,0.03346764086150507,-0.025049693412848226
AIM,PVC,0.023723679193182946,0.026901294263672593,-0.02520069292366336
CEPV,RMF,0.022748344724892827,0.047154903925141343,-0.025367262356273755
ADA,AWC,0.02409177434378765,0.024205390115638423,-0.02541641430685793
PVP,URAV,0.023233289077646078,0.040062878545581236,-0.025452128920858755
AVE,RMEL/R,0.02614381215770869,-0.0061696834256111934,-0.025754962585086718
AVD,RIH,0.02540311252304483,0.00742051852064324,-0.02578061896989914
ADE,RIR,0.025294959594230143,0.009373154122593076,-0.025782578557269634
ADE,URAD,0.02632661733464699,-0.007608890528546969,-0.02585644483742031
BWM04V,BWM08D,0.025604410418952717,0.0065097174813439984,-0.02593031591477103
BWM02D,RMG,0.023883255999606397,0.037263498429684204,-0.025943448838230403
AVM,RIP,0.025444647293071204,0.00988344537686138,-0.025960760178315483
URAV,URB,0.0256569675604906,0.008346599056338316,-0.02608621323440755
AVD,IL1L/R,0.02436063302131253,0.032805792751861095,-0.026169082483223485
AVD,AWB,0.02697467894454414,-0.0134934805719348,-0.02617215319101353
IL1D,IL1D,0.02673344641940531,-0.008757856522645983,-0.026197937322775786
BWM08V,RMF,0.02334114695748105,0.051715996296034,-0.0262159313887898
BWM05D,URAD,0.02332491138626128,0.056096016112275764,-0.0264463336607007
AIM,URB,0.028398124363162584,-0.033815947826870855,-0.026449106911414548
IL1V,RIS,0.02632046577804522,0.0036679779968812835,-0.02648523443518072
BWM01V,BWM08V,0.02286910315648642,0.0667896881668702,-0.026593343664078686
AIM,AVA,0.026517369364045737,0.0026002917146704255,-0.0266217107938244
IL2V,RID,0.02498925141589114,0.03137612617148595,-0.026716207918549208
ALN,CEPD,0.023622697185458744,0.05596225121899203,-0.026736115594085806
BWM04D,BWM07D,0.02729152417182029,-0.007202921719592026,-0.026842678639328828
RMF,RMG,0.02398086488277096,0.05151284097017668,-0.026843196083782838
RMDL/R,RMF,0.023885308690515274,0.05324370969939834,-0.026845246090955274
CEPD,RMEV,0.027352037116741446,-0.008060865266134101,-0.02685479004505733
IL2V,RIS,0.027539355710734386,-0.008450268057698461,-0.02701988660545327
BWM04D,RIF,0.02760578962363434,-0.008279810985190377,-0.027095812526522847
AIZ,AVJ,0.025219729269418522,0.035647194272502084,-0.027186797844670457
SDQ,SDQ,0.023709085622320183,0.06317766205872143,-0.027228622581225072
RMF,URB,0.024496963797123676,0.049251964181867065,-0.027231180175280912
ALN,RMF,0.024200366396094058,0.054843684149284165,-0.027249888775213785
ADA,ADA,0.02466684122467514,0.05019797905842591,-0.02745405242600942
BWM07D,BWM08D,0.027961642725769814,-0.007379782911240991,-0.027501776199460405
ALA,AVA,0.02730588897614593,0.009269728296533214,-0.02778449468413221
AIN,ALA,0.027124818068683696,0.012660196157080417,-0.027794607491984192
BWM07D,RMED,0.025505871823811466,0.04190578486911784,-0.027824869387734017
AIB,AVJ,0.02638255633368605,0.027251703046767155,-0.0278750816028429
AVK,IL1L/R,0.02776008240444586,0.0038981279614066044,-0.027935525701787242
BWM02V,RMF,0.025217719793280143,0.050088564083773934,-0.02799789663710645
BWM06D,RMEL/R,0.027441520099672077,0.012042842688052958,-0.02807604773920996
AVL,RMDD,0.02886306471693,-0.012878455666481414,-0.028092171662085358
RMED,URB,0.027876088436721753,0.006106435133895988,-0.028175683962248683
RMEV,URB,0.027978589574521658,0.005487624454567897,-0.02824318106115552
AIA,RID,0.026705835185588417,0.03236854386818061,-0.028485945596671818
ADL,AIM,0.027878798901617784,0.015576155721892972,-0.02871157209188997
DVA,IL2D,0.02679919085555537,0.03638033513964393,-0.028805032568878473
IL2V,PVC,0.02699879008556796,0.033344113575467176,-0.02883336413089805
ASJ,BDU,0.026101284660869063,0.050106471955350715,-0.028881068169419568
PVP,RIP,0.028319751996361078,0.01108597326718051,-0.028899011021587376
SMBV,URAV,0.03009650530171493,-0.01996421431660958,-0.028924699944278043
BWM05D,IL1D,0.026727663514308466,0.0440821302591767,-0.029167259602783543
BWM02D,BWM06V,0.028140424552113026,0.019504659605639782,-0.029193972711689106
AWC,RIH,0.029140759428377544,0.00834882099015223,-0.029564603792259583
IL1L/R,RMF,0.027040680898872935,0.04797161782734867,-0.029698773663089796
CEPD,RMF,0.02685203832403004,0.05315509074403571,-0.029802279947241137
BWM06D,BWM07D,0.030357772931222073,-0.008012182120283462,-0.029858498846316302
RIH,SIBD,0.028464456669418135,0.027238164943461717,-0.029952917127887828
BWM04V,RMF,0.027022218548691725,0.05694487992877642,-0.030185570027965108
ADL,IL2V,0.030431240289953438,0.004310885189596156,-0.030625686103822918
IL2V,RIR,0.02990275594462772,0.015250903162155315,-0.030714005509101406
BWM01V,BWM04V,0.027752180755845884,0.055697619895719044,-0.030844148707451998
RIV,RMED,0.028538499025962488,0.04315419745824841,-0.030922976334906482
ALA,RIP,0.030858911666576887,0.002995709944992312,-0.030978629593603597
AVL,RMEL/R,0.031841694340880355,-0.00981882629110474,-0.031238345212127743
IL2L/R,URYD,0.031152595989795296,0.0025612000696330376,-0.031247383449386507
ASE,AVJ,0.02994459710548539,0.025818787163278394,-0.03135079311640348
ALA,ASI,0.030391197258111978,0.02099001779971715,-0.03152480639093799
ADL,RIP,0.031386036615439025,0.00781988386096758,-0.03177653803810591
RMEL/R,RMF,0.030043349773162448,0.0399295286233907,-0.03224387855415191
ADF,AVJ,0.030515118604220643,0.03430697633233768,-0.032398327526766815
RIG,SDQ,0.0330450824907293,-0.010110781418671149,-0.03242338619661533
IL1V,SMDV,0.030948279076491825,0.02792536992907306,-0.032471491697996055
IL2D,RIV,0.032708622549740475,0.010759344158117207,-0.033262528931247023
IL2L/R,RIF,0.03419400097278626,-0.01033603488428454,-0.03355779948174732
ASH,RIH,0.033272504210188306,0.010597813615292545,-0.033816421298667576
IL2D,SAAV,0.03319359207612129,0.016308494159031132,-0.03405916778819118
ADE,IL1V,0.0340776931657499,0.005098172053688875,-0.034310681834663244
IL1V,URAD,0.03309371507355663,0.026547810314014455,-0.034535962399680285
BWM02D,RMF,0.03105015247306638,0.06585563589361687,-0.03470882444477754
AUA,DVC,0.034604184887594376,0.0050956735592566785,-0.03483619769651546
BWM01V,RIV,0.034967456795062,0.005681526286210172,-0.03523187911670562
IL2V,PVP,0.03371608534238327,0.031238328572480198,-0.03542143974302436
BWM06D,RMF,0.03248064225096339,0.060936934636779676,-0.03586010306535685
ALN,PVT,0.03576324731042341,0.005927019441946535,-0.036040229468517225
AIN,RMF,0.03351156181097251,0.04660931386677333,-0.03608268668653137
IL2V,URB,0.03686086313738021,-0.01110485309113778,-0.03617714370164784
IL1L/R,RIS,0.0344174038177599,0.03229781857150075,-0.0361812990943948
AVJ,IL2V,0.036207260274383375,0.010838750228270633,-0.03676008756152066
RMEL/R,SMDD,0.03636529618302216,0.008085199318660204,-0.03676283718815681
DVA,RIH,0.037418083162282775,0.003555069197296171,-0.03755889022877008
AWC,RIR,0.03685229534574855,0.020373601927075775,-0.03794094849829837
ADL,SAAV,0.03849613970851692,-0.008493255056249076,-0.03795686928794563
ADF,AVD,0.038246333736612445,-8.14969454549495e-05,-0.03818107416592156
AWA,BDU,0.035823797300471354,0.044346777799416585,-0.03826386467948743
BWM02V,BWM05V,0.03894476259105024,-0.010609987548278835,-0.038285600268738
SMDV,URAD,0.03755234066599763,0.014751690661665793,-0.038323347932456814
IL1D,URAV,0.03778049974408437,0.01737625723315964,-0.03869891834513023
BWM04D,RMF,0.03488938833307434,0.06875775461596453,-0.03870537057268503
IL1D,RMH,0.03748458690941995,0.03141147527018388,-0.03919371208548669
RMEL/R,SMDV,0.03979995173267394,0.004020231257454138,-0.03996317081662385
AIM,AQR,0.04020067222818364,0.00565226178098046,-0.04045514528326198
BWM08D,RMF,0.036851595227190566,0.0681759512567683,-0.04063170699243636
BWM03V,RIV,0.0378474909923873,0.051925232866947134,-0.040711044529765254
RMEL/R,URB,0.04278965735710464,-0.02176653619930599,-0.04149623887518017
ASH,RIP,0.04198180934008119,0.012777699698155742,-0.04263464670519655
IL2D,SIAD,0.04259066569728308,0.004877763447018181,-0.042797740197231905
RIF,RIP,0.0439318297036138,-0.015802717015208256,-0.04297238549923157
RIP,RMG,0.041324834996312364,0.03059204918113362,-0.04298173144063777
ADF,IL2L/R,0.042554420216595244,0.010784486035628291,-0.04309412358390241
URAD,URAV,0.04438955618689209,-0.019967926336290555,-0.0431948684561783
IL2D,RID,0.04448912783176359,0.007066056478138208,-0.04481640013796241
DVA,IL2L/R,0.045368053057639565,0.00659516190265562,-0.045667417916639155
IL2L/R,PVP,0.04672935069118654,0.0032242254804118746,-0.04683675931164582
AVD,IL2V,0.0455598990912274,0.02710688833215995,-0.047013849301991435
URB,URYV,0.046142609583924674,0.02178495199471664,-0.04729598979019534
AIB,RIP,0.04716464281279387,0.005997056415104511,-0.047427482046439394
ASE,RIP,0.04800890548491257,0.0067521727907646914,-0.048312921424669114
AVH,IL2L/R,0.04784285366538997,0.009932960363112468,-0.048326223682620545
ADF,RIP,0.048146890171128,0.00952993179829451,-0.048607085818808654
AIM,OLQV,0.0491856881535223,0.005993857616673357,-0.04944514125498962
AIM,RIP,0.04911335865775273,0.007341387023440487,-0.04944879762434316
IL2D,SIBD,0.049368933306967865,0.008020720834219192,-0.04974221597600397
ALA,ASG,0.04999046802880596,0.002854462611336529,-0.050071884386748804
IL2L/R,URYV,0.05019652651810898,0.00788901529442087,-0.05056108082608987
AIM,URYV,0.050653950519164104,0.006251652812453555,-0.05092558935313407
BDU,RIP,0.052377540881838255,-0.022579167576306063,-0.051023158639818975
SMDD,URAV,0.052979063840824306,0.007576020311643836,-0.053321581319972784
AWB,RIP,0.05329594963504482,0.010156685420518896,-0.05378326587722905
ASJ,RIP,0.053571234026414595,0.008759797108213193,-0.053979463354137606
AVH,RIP,0.05819860486099041,0.009949557612579088,-0.058666481818167394
IL2L/R,RIR,0.05925537959617523,0.008047927535445207,-0.059614511026809675
URAD,URB,0.06141387614423194,0.008705951572243686,-0.06180663280877132
IL1V,URB,0.06246924111081667,0.009098967486340004,-0.06288245194625351
AWA,RIP,0.06306669193443931,0.009656439276817877,-0.06351034284287743
AIA,RIP,0.06346251890455454,0.008628460708271538,-0.0638476627273662
ASK,RIP,0.0687807222652267,0.009672494582816257,-0.06921621286113533
PVQ,RIP,0.07118105500098325,0.009551802759037355,-0.07160594248039598
AVF,RIP,0.07327179280627254,0.009198281700934789,-0.07367345909813708
