pre,post,PC1_loading,PC2_loading,separation_axis_loading
BWM06V,BWM08V,0.09319504706488946,0.7060537416341388,0.3360382239371406
BWM07D,BWM07D,0.33113353042187493,-0.2768710210878268,0.21231679568110512
BWM05D,BWM07D,0.22773640949329835,-0.10147652464795219,0.17736434203242482
RIP,URAV,0.1571653665623021,0.01850151266294903,0.1536025526167632
IL2V,RIP,0.16000333885793167,0.0005345588688813823,0.14992667610105329
BWM04V,BWM08V,0.10923841408883807,0.08317619397848612,0.13154252640417327
BWM03D,BWM05D,0.12527228005529922,0.008296753345073302,0.12015928962897209
BWM05V,BWM07V,0.14342723715216152,-0.06309251498355795,0.11199104508764726
ASI,AWC,0.11148930341231238,0.018716315505509392,0.11093254612749545
BWM06V,BWM07V,0.04902052200244122,0.18366007033935336,0.11059969435024139
IL2V,URAV,0.12305750277001161,-0.018277743776714307,0.10872141836544516
ALM,BDU,0.08784845180323282,0.062244552622046284,0.1041482707708252
BWM08D,CEPD,0.07936663545651616,0.07319740194433773,0.10007052754075392
BWM08V,CEPV,0.07705102680595999,0.07818980070017394,0.09966286069921503
IL2D,URAD,0.10219734675653468,0.01085301924765894,0.09946559345782101
AIA,ASG,0.09855478907441664,0.018138500811603734,0.09862421919672937
RIP,URAD,0.09526054620139451,0.025835394017126763,0.0982538001168361
BWM01D,URAD,0.1043127920061345,-3.513879676775956e-05,0.09760819948273383
IL2L/R,RMEL/R,0.09595122292370821,0.016386497514420225,0.09557025761751752
BWM01V,URAV,0.09572552222915862,0.013722525887317295,0.094420220046441
IL1L/R,RMEL/R,0.09016997780955138,0.020731104486696333,0.09169100306498679
AVH,AWB,0.07340503092299515,0.04970621754423404,0.08621280529369074
BWM04V,BWM07V,0.0381023362337576,0.14272524585778948,0.08595602554707688
BWM07V,BWM08V,0.036712277993290784,0.1375183104376065,0.08282015794839585
AIM,ASJ,0.07702658579925926,0.02870802009133126,0.08220199246631563
IL2D,RIP,0.07348336545022931,0.037872006714811605,0.08211559109009094
BWM07V,CEPV,0.06846744222269541,0.045109361954501125,0.07997199952427982
IL1D,URAD,0.09974326273805559,-0.03917575497372451,0.07953818911713784
ADF,AWB,0.0899154945223588,-0.015873050264889534,0.07855308656553826
IL2L/R,URAD,0.07998950892530829,0.003652264114529556,0.07614486843099029
AVF,RIF,0.06059860113886024,0.04191792642075357,0.0714832840032521
IL1V,RIP,0.07651156557277634,-0.004531194536484053,0.07000610060323316
AWA,AWB,0.06563390568196553,0.022899710155471244,0.06949329144429137
AVJ,BDU,0.060977850923217884,0.03514211671338973,0.06945032327778367
AVJ,PVC,0.05973919072553173,0.034036626921069395,0.06790154122668467
IL1V,IL2V,0.07151107092398994,0.0024895699302745983,0.06780061850878158
AIA,ASK,0.06797289378726469,0.009324628947642596,0.06689819372664654
BWM06D,BWM08D,0.12677245351017333,-0.14783238804817259,0.06654136682150373
AVB,AVJ,0.05269250041640035,0.04831249844700158,0.06633792759721686
IL1D,URYD,0.07579673238632796,-0.013514213443410741,0.06617140004201032
AIM,ASG,0.06741676425836772,0.005692734677423016,0.06509781806840148
PVC,PVP,0.06048069877930129,0.020704270099336335,0.06389698922133041
RIC,URB,0.06367227301000847,0.0024439722223424535,0.0604486511287326
BWM01V,BWM03V,0.06075819471568993,0.008971874059108539,0.06002203998337951
IL2L/R,OLQD,0.06262678910946796,0.003974896342888153,0.060009757179453296
AVM,BDU,0.05775032485100282,0.01601975733942111,0.05969090241705969
BWM07D,CEPD,0.042846632453970544,0.05206744250292817,0.05844701238304455
AFD,AIN,0.06232539665019819,-0.0017350810939675456,0.057715433512546814
IL1V,URYV,0.06764541117080206,-0.01605522915543645,0.05764754300080674
IL1L/R,IL2L/R,0.054802218638455136,0.017258653962020684,0.057368535167221964
ADE,ALN,0.0459441566453212,0.039169639363301985,0.05680046792821953
BWM02D,BWM04D,0.050926749838108305,0.024639162516573013,0.05634268094383817
ASJ,PVQ,0.06009399541677439,-0.0015357219047519505,0.05569744495505987
ADF,AWA,0.06227527097386154,-0.0077097651468468415,0.05556297064958439
URB,URX,0.05258417292371794,0.01799829728735333,0.05555344815523545
BWM06D,CEPD,0.0468283137920442,0.031037925924175657,0.05476218477867044
BDU,RIF,0.051312611866020943,0.017609922589543206,0.05422659628891648
AVD,AVJ,0.04850338533210784,0.023538016498146803,0.05368673033919259
AVH,PVP,0.05428225256013072,0.008182720814173932,0.05368345583896065
IL2L/R,URAV,0.057012666212055876,0.0008599329130968428,0.05365805764506734
IL1D,OLQD,0.05978960797464773,-0.008021575927523322,0.053126889885069646
IL1D,IL2D,0.0649519560061738,-0.022939438611724164,0.05270080594002794
IL2D,OLQD,0.052516598801573305,0.01001345313253051,0.05267625082057296
ASJ,ASK,0.05765151457456559,-0.005757575069409092,0.051923828393978515
FLP,FLP,0.03157403918259408,0.06251494745267398,0.05157944546512669
IL1D,RIP,0.05109358498765616,0.010397152792599767,0.0514797512930639
ALM,SDQ,0.0365343515231201,0.048447598118660055,0.05126401895995938
AFD,AIY,0.05654195889713979,-0.005404967300437785,0.05100971986076121
IL2D,RMEL/R,0.05897169130170262,-0.015206728564358443,0.04982930962662719
RMG,RMH,0.04229865338157617,0.028930025233767837,0.04978027525300568
AIY,ASE,0.05666210852708176,-0.00922516937782563,0.04977587451469785
ADF,AUA,0.051189228643960354,0.004941339809157176,0.04964656252222639
ASE,AWA,0.05804482528954245,-0.01335361118402348,0.049614968524242485
ASH,AVH,0.04426705227346164,0.021332636936908032,0.04894497692010084
AFD,AUA,0.05430806510021532,-0.007685818609334177,0.04811534160712061
CEPD,URB,0.046354560561707364,0.013235663813615047,0.04804508658537638
AVF,AVF,0.03216633619154466,0.049511599136806944,0.04755120177269829
ADE,ADE,0.029240404356521706,0.0567384920121261,0.04735983069336463
ASK,PVQ,0.050601789822997505,-0.0020880076886967457,0.0466195814303929
BWM01D,BWM03D,0.08179484978993741,-0.0881904540059575,0.045467870503497
BDU,SDQ,0.027781208137641455,0.05383536257782211,0.044971150576137736
IL1V,OLQV,0.052764991414269734,-0.0128097791351154,0.04486551668647882
BWM02V,URAV,0.04857648396084548,-0.002711023018795851,0.044504651137821705
ALA,ASJ,0.04069391946492183,0.01813198729613993,0.04447313043788535
BWM02V,BWM04V,0.04620178686161516,0.0016382634349496833,0.04381504590126887
ADF,AIZ,0.04458213063623934,0.004176989591137985,0.04319397775234326
RIC,RMH,0.04395855464234081,0.005425135058936607,0.04305026940279943
CEPD,URYD,0.044351894773606466,0.003366915208203125,0.04269303242682682
OLQD,URAD,0.047642252238543924,-0.006575028813055387,0.04226863152264705
AVB,PVC,0.04208405736103037,0.006683918848811224,0.0417396419619822
BWM02V,IL1L/R,0.04396397540933003,0.0013528692572677065,0.0416202252550364
AVD,PVC,0.03865012615061275,0.012152259857049433,0.04045312675273324
AVB,PVP,0.03912799575122126,0.010656458282436176,0.04037319943947722
ASH,AVF,0.029230002324738776,0.03619104976629477,0.04010892166370446
IL2V,RMEL/R,0.0441939193861122,-0.0064479812139828984,0.039086300346639416
BWM07D,RMDV,0.04187704923360628,-0.0006666545462314228,0.03895548094875286
FLP,PVC,0.03677202939920538,0.0123774307740229,0.03877487272776175
RMH,RMH,0.02772853951439413,0.03444552685075927,0.03808864151972102
AVJ,RIF,0.03332960650362322,0.019481559868450262,0.038056882696729584
PVP,RIR,0.03479889416502109,0.01275045556491605,0.03705978297900436
AIY,AUA,0.03690101327369493,0.006925630185787988,0.036974299244381316
SIBV,URB,0.03425824376396938,0.013498182202195423,0.03681732629025585
AVA,FLP,0.027234121787030996,0.03185880358175348,0.03671434979643421
AIZ,AWB,0.040469804064195015,-0.0040080133838554825,0.03646098145534556
SIAD,SMBD,0.03976010344054318,-0.0028254799076721858,0.03621355133750754
OLQV,RIP,0.04137214000399832,-0.0072938360236224405,0.036147463055149015
SIAV,SIBD,0.0319314086755762,0.016786989885179786,0.035798786551590044
BWM02D,IL1L/R,0.03848323787350613,-0.001437725627461457,0.03550766522799399
IL1V,URAV,0.03620473185614908,0.004597675788576437,0.035502287809108246
ALN,SIAD,0.03611486666830209,0.004562184005338469,0.03540568019526577
RMEL/R,URAD,0.035596800821817286,0.004801869285617808,0.03500531904788391
ALA,PVQ,0.03488858011137521,0.006465455061311172,0.034928802715734966
ADL,ASH,0.039358391360607606,-0.006212226776569436,0.03464407943908554
BWM04V,CEPV,0.034211560224882705,0.007129054104133408,0.03452907774346772
IL2L/R,OLQV,0.035088177159875014,0.0042984310343793025,0.03435190833967279
SIBD,SIBV,0.0322604233934484,0.01124281510192367,0.03415285707480025
BWM07D,RMDD,0.04208993391461664,-0.015530800988416055,0.03391639779059047
AIN,AUA,0.03593361427723898,0.0007139072737588566,0.033879875480928745
AIM,PVQ,0.03234810487518811,0.010170366438927348,0.03385696907805633
BWM06V,CEPV,0.03031771560868936,0.015447851207553202,0.03381669116938227
ALN,SMDD,0.029929557049725948,0.016360522338758416,0.033775071668677104
RMEL/R,URAV,0.04024846360994932,-0.011452545257486452,0.03363029547165921
BWM08V,RMG,0.01671485018659523,0.050312076108432864,0.03337310715766077
ADA,URB,0.03779574780289088,-0.00588319980618027,0.033297640807245676
ADL,AWA,0.03868430984813263,-0.008528782691575153,0.033196860636264335
AVF,PVQ,0.02354505182996627,0.02969965822041612,0.032501043206595734
BDU,PVR,0.020032841315539198,0.0387939671393163,0.0324191069323217
AVJ,AVJ,0.025026252672493466,0.025336006536088265,0.03234941214124198
AVM,FLP,0.028126030903061587,0.016724777165229666,0.03221561905605685
SAAV,SMDD,0.03394699534772981,0.0012507380423624444,0.03220989435113183
CEPV,URB,0.02980495759289247,0.011894535607229745,0.03208459661678026
ASJ,AVF,0.031037080355237542,0.008547478676791596,0.03205812776992259
AVB,AVH,0.03245567565346624,0.004536007926919784,0.03197202057605711
AFD,BAG,0.03133339158079071,0.00679950337214769,0.031719420836914695
BWM05V,RMDD,0.04235594101159318,-0.02269363672279572,0.03164106669811489
AIZ,AWA,0.035159288709169345,-0.003592691755092608,0.03163752784337501
AIM,AVF,0.028780330259575885,0.013166707905494271,0.03157403381514276
ALM,PVR,0.021262884722667175,0.033101430322334584,0.03156411583225098
IL2V,OLQV,0.03123644359031648,0.006502641774903059,0.031524074844166305
ADA,URX,0.03612713042908344,-0.006817146880275402,0.03140693936195355
SIAV,SMBV,0.028664048783101085,0.01191807028160863,0.03102517696445579
AVJ,AVM,0.03400423561740942,-0.00249348724951396,0.03094395077276243
AVK,AVK,0.025030728345618907,0.0208888179243562,0.03078635606845787
AUA,URX,0.03670261809765585,-0.01034055732796649,0.030703812810224544
SIAD,SIBD,0.03278136747711414,2.486932508440688e-05,0.030687036191589412
RMF,RMH,0.025919887222851955,0.018164834096766978,0.030658504971924936
IL1L/R,OLL,0.0326735730264183,-1.0091314765207402e-05,0.0305738367520777
BWM03D,URAD,0.04431787498007549,-0.031009916633149497,0.030546371849757368
SIBD,SMBD,0.030485866571508275,0.0055370136518363465,0.03048135188535298
ASE,ASI,0.03518128837210957,-0.007112031873150213,0.030417856860578494
AIA,ASI,0.03401003624807579,-0.004698302153603506,0.030172375053546092
BWM05D,RMDV,0.04109803187345596,-0.023523381406316473,0.03017144663414794
ASE,AWC,0.03756808313697862,-0.014330787272168976,0.030107547070127742
BWM01D,IL1D,0.03605208112483531,-0.010548470628067186,0.030021739939859838
IL2L/R,OLL,0.02851654423574101,0.009334796956246314,0.029976757936005058
ADL,AVH,0.029587761904514755,0.0064148441162199905,0.02995022369219315
ADA,ASH,0.03347044721617721,-0.004405491502772892,0.029770593586931772
IL1L/R,URAV,0.028759691993922375,0.00787399413205229,0.029689501404809995
ALM,RIF,0.023792565143676624,0.020413014956876006,0.02945994860121271
ASH,ASK,0.02806801590461048,0.008494444685833257,0.02926085443702327
AVA,SAAV,0.024647078871150932,0.01744514794432447,0.02921372755251746
ALN,RMG,0.02324455779806747,0.02108531585773759,0.02918402598611556
AVD,RID,0.0164866930530396,0.03900550184021986,0.02917501002056511
SIAD,SMDV,0.027377071930511303,0.009993441764924236,0.029142503343707524
ASH,AWA,0.03020645785981423,0.0024418003222454795,0.029129077003917255
BWM05V,CEPV,0.026308189164938024,0.012767142767199102,0.029119681726912445
PVR,RIP,0.03901302194623639,-0.02111000778422267,0.029070703855360945
RIM,SAAD,0.029516537359287276,0.003716003813181174,0.028932463665184847
AIN,AIN,0.018715264039863153,0.03213808614084351,0.028840443814193942
CEPV,OLQV,0.029948371377371098,0.0014764362816365542,0.02854734181317047
AQR,PVP,0.03115911730655394,-0.00182021386617497,0.02851863154585722
RIG,SAAD,0.02584061548311375,0.011778119218736066,0.028333561127258825
PVR,SDQ,0.02120267819291964,0.02333145917250467,0.028064712453153003
AVH,AWA,0.0232419705610332,0.01788523698559116,0.02805385711708532
SIBV,SMBD,0.029199124094980735,0.0019336800088875774,0.028007301027705187
AVF,RMG,0.024570938142542176,0.01394508296384019,0.02790900519403593
SMDD,SMDV,0.03046534169238962,-0.001799765092055143,0.02787657165502666
BWM04D,CEPD,0.031109594598898293,-0.0038205039204174474,0.02776735887097783
AVH,RIR,0.027585428383598634,0.005132875754614593,0.02762456869706194
RMF,SAAV,0.022053464245517126,0.019803858202713697,0.02761774566741708
AQR,PVC,0.029269303013387236,0.0001451828271313215,0.027442688939660558
ASH,AWB,0.028097272840972496,0.002945325522089873,0.02733265574121263
AVD,BDU,0.023552774649997943,0.014923047346571638,0.02730080901350795
AIY,AWA,0.03232450190910951,-0.008400782228066374,0.027290176473256225
BWM01D,RIP,0.026568371682851553,0.006791717910824937,0.02725735810217364
IL1V,RMDV,0.041543317462403,-0.03301944782834005,0.02724163285482908
AVB,AVD,0.02435290141347958,0.011118127078111693,0.026708702224187482
ASH,AVB,0.022256679948318342,0.01584450344488624,0.02641259813656672
BWM08V,RIV,0.028741963579407802,-0.0014941215183409485,0.026371469827244705
ALM,AVD,0.029005281139356933,-0.002318923889872976,0.02632722357391928
AIM,RIF,0.025601931844556385,0.006637695590092982,0.026298641033058883
AVJ,RID,0.014538252253449766,0.03593276175979683,0.026268700009552972
URAD,URYD,0.030734359597556604,-0.007100603141975869,0.026260249366646757
ADA,AVB,0.02364237636723576,0.01151536090853277,0.026183751207227293
BWM08D,URB,0.014287527054837592,0.03526075954614666,0.02579723819637245
ASH,RIF,0.031187278274737443,-0.009630049961804658,0.025792702414491442
CEPD,OLQD,0.029785537557028265,-0.006020191672764226,0.025753049650794422
AVJ,PVR,0.019484065426338525,0.020959008728504598,0.02562027659158254
AIA,AIB,0.026514187174849636,0.0020064033573185566,0.025520245414992187
RIV,RMH,0.023895093696305457,0.008918455475717199,0.02550507361199783
RMDV,URYV,0.0317087298759096,-0.012097245342295466,0.025411229824020484
AIA,AWC,0.030867909927576234,-0.009926724118746719,0.02538927154625024
ASE,AWB,0.027095396624951466,-0.00046798254606666723,0.02519216286630015
SIAV,SIBV,0.024864583958332014,0.005287623349653972,0.025132815598004437
AIA,PVQ,0.03088450792744799,-0.011020163718755907,0.025019462975994215
ALN,SMBD,0.02505016268303782,0.0044189364723176685,0.025000352414858592
PVC,PVC,0.030782062858747215,-0.010963042698227943,0.02494372045074028
ASK,RIF,0.025510978944129632,0.003018117647672217,0.024937938925745768
AQR,AVB,0.020903623852441107,0.014514069199301559,0.024677486055687148
BWM01V,RIP,0.026626808904459905,-0.0011141802843863946,0.024525909365506405
AIA,ASJ,0.026076045738778177,0.00030998676434798735,0.024512374717383247
RIM,SAAV,0.025393350677979185,0.001886642521647367,0.024429111211190072
ADF,AFD,0.02366577853655617,0.00573912927607146,0.024170036097996866
BWM03V,URAV,0.023175145616287876,0.006926297700439317,0.024129252762241357
RIV,SMDD,0.02401823296782601,0.004659424862524604,0.024119377469571164
BWM04D,RMH,0.01453109084138565,0.029304251294888783,0.02392602846552799
AIN,BAG,0.021741684488551433,0.01003132323374782,0.02388200527279018
AVE,OLL,0.024396891151279302,0.0029397546740687684,0.02386770958318678
SAAD,SAAD,0.023616848123040608,0.005000913495188695,0.0238640883978471
ADA,FLP,0.01583397496591214,0.025535722366698092,0.023817249293875856
BWM07V,RMDD,0.03363985526202412,-0.022500184822368263,0.02355233812536897
ADF,AVH,0.022159529353206576,0.007609306745869774,0.023419494461806155
PVQ,RIF,0.021185865550061175,0.00995325830289879,0.02333433396245809
ADL,AWB,0.02875589796990448,-0.010703652420462449,0.023138956959496214
DVC,RIG,0.022037492712923455,0.006935561567846696,0.02306785092301576
ADL,ASE,0.030513576389767812,-0.015945869763510277,0.022936448523070467
URX,URYD,0.02296980119841404,0.003980532524953708,0.022898957953491783
DVA,PVC,0.023293263010192248,0.002942010046298859,0.022835679759522616
AIY,AIZ,0.02693279540016999,-0.006940441398668614,0.02275901831363287
IL1D,RMDD,0.036190898585074766,-0.03160348924663616,0.022731600964138267
AIN,AIY,0.02423043259756475,0.0001473325058333155,0.02272784589175392
ASH,PVP,0.017048421706246677,0.019110606671630198,0.022689492221517202
ADA,RIP,0.029232847771188394,-0.013268367477392667,0.02268147044397121
RID,SIBV,0.014368624615666101,0.025937757755863745,0.022587591078561963
AVK,PVT,0.0226776688167973,0.0037742952939178015,0.02255288681977855
RMH,URB,0.026401056837056677,-0.006421822007489786,0.022444161477414425
RIP,RMEL/R,0.02762730598393819,-0.009690035754780427,0.022439981157008
AIB,ASG,0.019797254889366112,0.010644654951964046,0.02227846669456212
RIR,URX,0.027330398055435405,-0.00939244870658298,0.022266994798281876
IL1L/R,URAD,0.02153915641045849,0.005922492915527587,0.02224446749131828
AVA,RMH,0.019141184564723517,0.01227602277567261,0.022239401022007714
AIM,URX,0.02495581789207745,-0.003505825994473207,0.02211927542381169
ADL,PVQ,0.02447940961393947,-0.002344848405539613,0.022082574168941056
ADF,URX,0.020645011439575495,0.007618995540511227,0.0220055552161859
ASH,PVQ,0.022047294754086656,0.0036039853674735534,0.021902935200590324
AIY,AWB,0.021885152854436832,0.003571270544379643,0.021739666437947863
ADF,SMBV,0.023475426861405833,-0.0007257188730722099,0.02171360353756488
BDU,PVC,0.016671859415595555,0.01732761154065339,0.021708738692077335
AVK,DVC,0.02161858899214217,0.004136435574766813,0.021689375226159883
ADF,RIR,0.021543965646361737,0.004317555802982244,0.02168336837917482
SIBD,SMBV,0.021707647249568595,0.0038785315764636456,0.021681831353903547
ADL,ASK,0.02785579732695891,-0.012797763407116665,0.02155861169207872
AIM,ALM,0.01949427204721421,0.009087690419452439,0.02144622810423539
AIY,BAG,0.02183980089579031,0.002826880080927542,0.02143489158116423
AIA,ASH,0.024763740494378378,-0.005319874777674563,0.021300227426623075
AWB,PVP,0.022466117363531213,0.000704363436906533,0.02127302530558593
ALN,SAAV,0.02322126807718816,-0.001524264603013679,0.02119433291132294
RMDD,URYD,0.026013361970462372,-0.010089830288589525,0.02078868749334209
RMDL/R,RMG,0.01918024292696136,0.007768880055703568,0.020687580404802106
AIM,ASK,0.02571918548919554,-0.009718421656902655,0.020644272989945204
ADA,ALM,0.017355406986597748,0.012382188271322245,0.020605604422889646
BWM02V,RIP,0.021244606643608208,0.001770680797921586,0.020505664370967135
BWM04V,RMH,0.013881029413710753,0.021261642941940016,0.020483356599042612
RIG,RMF,0.028750205591909096,-0.01841221173844545,0.020417037547260257
AUA,RIB,0.02329946496111304,-0.004313295606726829,0.02028462382489963
SIAV,URB,0.019604543439459336,0.0051935219583902955,0.02017707158684435
RMED,RMEL/R,0.019113044512724595,0.006128492901909979,0.020046600272821433
AFD,ASE,0.02948653287740418,-0.021493979278339015,0.020020072369472355
RIA,RMDV,0.023587981089865418,-0.005870063588755492,0.020006005731068338
AVD,URB,0.020252683607449945,0.0029179842330223815,0.019981702374142412
ASK,AVF,0.02133473102698055,-5.951408371618665e-05,0.019945023354046573
CEPV,RIC,0.019895243599237156,0.0036880837720040674,0.01991858666580629
AIB,ASE,0.023259786545254155,-0.005435573212625484,0.019851986392095438
CEPD,URAD,0.020723206427682758,0.0009676509772565246,0.01973471699406704
BWM02D,URAD,0.02327723359704924,-0.005857863045463855,0.019719493932481725
ADE,AVA,0.01613633440514455,0.012996673501802706,0.01968129394199585
SIBV,SIBV,0.016870943755165933,0.01090668865626265,0.01963223760660733
RIC,SDQ,0.013819104116353165,0.01895368545759619,0.019612051194199304
ADA,AVJ,0.02181369709857183,-0.0023235519889644187,0.019595386124499584
AFD,AWA,0.03148731121791988,-0.028078905996147513,0.01957188023449956
ALN,RMH,0.017945821627547053,0.007633468503809649,0.019484632948265704
RIA,RMDL/R,0.022214583795713096,-0.0037636627898102303,0.019463040883885212
AVA,PVC,0.0184100145565354,0.006310861431415764,0.019452942290978728
BWM08V,OLQV,0.024880058029999524,-0.010959430544696523,0.01942163295456217
AVB,RID,0.011241712058585282,0.025071310634268804,0.0193559395083208
IL1D,RMEL/R,0.02007577823770385,0.001187435257139051,0.019206279411434286
IL2L/R,RMEV,0.019267631050752115,0.003160920827668278,0.019145459951086626
RMDL/R,RMH,0.02034555223426955,0.00029092712115547813,0.01914280537696403
ADE,AVM,0.009406941539246531,0.029221082673929057,0.019101310385731898
RIC,SIBV,0.017406579053043287,0.007927087798565989,0.01908346068818125
ALM,URB,0.016730015862325955,0.009715427800581761,0.019080535822715003
AVH,PVC,0.02147551981655142,-0.0031664383962645266,0.01898186101842148
AVK,AVL,0.018569657129927662,0.004399284165269641,0.01892867934490018
RIA,RMDD,0.021441335055057777,-0.0034029100909647777,0.018866533819615883
AIM,RMG,0.020032790924104274,0.00021232664384850233,0.018822409548306707
SIAV,SMBD,0.01746323975223701,0.006998873616531016,0.01880937207970192
IL1D,IL1L/R,0.02008490252523712,-3.200135674524993e-05,0.018785073690818818
BWM07D,RIC,0.015589428507135133,0.011899097207040023,0.018782675362580013
IL1V,RMEL/R,0.023587733407799242,-0.009390575606763268,0.01876510169425129
AVJ,FLP,0.020112716978857196,-0.00021043246508628915,0.018748222359301087
ASG,AWA,0.018260791845878335,0.004609934218217874,0.018713865078313928
SAAV,SMDV,0.019920152249609857,0.0001538488322999262,0.01869638892323862
SDQ,SIBV,0.012377424533205363,0.020053115550679863,0.018650315715056785
PVC,RID,0.009967259837717225,0.026430642530900036,0.018642295514578543
RMH,SAAV,0.01787452668344099,0.00539088054637586,0.018627596043087252
RMDD,RMDV,0.02433260718719465,-0.011783073436026425,0.018619041931631063
AVA,RIC,0.01719897240614658,0.006966734885372746,0.018550732772143946
AIY,ASI,0.020445056803512197,-0.0016795712280769804,0.018541498070176077
ASE,ASH,0.02260246695911959,-0.007489417770569223,0.01851303690213688
AVK,SAAD,0.01778525823224709,0.0052872445672820755,0.01850753201951737
AVB,BDU,0.016537385703152843,0.00839933305390783,0.018436455725657053
IL2L/R,RMED,0.01977967193531954,-0.0008344190778443685,0.018216643243476865
ADA,AVA,0.01973611805735821,-0.000913423096148431,0.018148041574556663
ADL,ALA,0.018161990252237838,0.003265687843500644,0.01814767297133042
ALN,SAAD,0.021137210459722302,-0.0050268205562179185,0.01800963414574007
RMDV,URYD,0.013257389974203658,0.015883358068910874,0.018004352362005416
RIV,SAAV,0.018042740814790532,0.0031722158862131276,0.018003133325771102
AVD,FLP,0.016826050461757325,0.0063850080253425945,0.01799672792920068
SIAD,SIBV,0.023233449425548905,-0.010663738696181375,0.017984868359497704
ALM,AVF,0.01603857154625811,0.008188289567382507,0.01789526874531063
SIBD,URB,0.019933322106228543,-0.00217622001214332,0.017887568608472584
SIAD,SIAV,0.020359288662054675,-0.0033497089504324687,0.017872655085160383
AIB,AWC,0.022004041204703836,-0.007902426513530613,0.0178074538576703
ADA,RIM,0.018718242176249754,0.0008209684821486834,0.01780668891048588
OLQV,URAV,0.0220511806538454,-0.008512574395449668,0.01763654535916267
AVF,AWA,0.008423315346439926,0.027591131323779744,0.017606373799688966
RIC,URX,0.018337038274924774,0.001241966505546834,0.017598306168257385
AVF,BDU,0.024501749402216118,-0.015220488202832066,0.017565945052720522
BWM08D,SIBV,0.018014753058966416,0.0018956870821002316,0.01752707649446894
AFD,ASI,0.02058776411479565,-0.004956727761195492,0.017520139220178046
ASE,ASG,0.019850152973474613,-0.003046637466413333,0.01750298926650312
ALM,PVC,0.02173172637245093,-0.008873738632116927,0.01721030696319914
ADF,ASH,0.018581621934295627,-0.0005403974034262173,0.017199071289884876
OLQD,RIP,0.018419900969658756,-0.0004611216874032636,0.01707566331669015
SAAD,SAAV,0.01539351276700562,0.007498113253735699,0.01704836712653405
AUA,AWB,0.021293379080883454,-0.008207743830965734,0.017034786790233864
AIZ,AVE,0.020096081558849975,-0.00508723340622921,0.017014008848982312
IL1L/R,RMDD,0.017817196277208434,0.0008803701775029102,0.01698438369780283
ADA,AVD,0.017077213051721572,0.0028050883367314343,0.016970168882984
BWM06V,RMDD,0.026426639327406527,-0.022069885114973677,0.016953530552131203
RIC,SIAV,0.015146599095742199,0.007742386879400175,0.016903379319389022
AVK,RIM,0.01646553425622235,0.004186232174637017,0.016884464745241013
ALM,AVJ,0.014138433337069371,0.009916635543187613,0.01672612493336523
ADA,SDQ,0.015413500517756565,0.006438751299080634,0.016693740223263902
AVB,RIF,0.015543998858211424,0.0058004034271459445,0.01659090468140845
ADA,RIC,0.01807483289283995,-0.0009326655128719667,0.01658655524307923
SAAV,SAAV,0.014433886479286338,0.008721859837677768,0.016581569390359707
AIB,ASK,0.01607371434404318,0.004215266328932121,0.016528014119453698
AIA,AWA,0.022119898346603092,-0.011869357118869266,0.016517882449881678
IL1L/R,IL1V,0.02000727378168169,-0.006461519613980172,0.016446582992086616
BWM03D,RMDV,0.025145298061508885,-0.020240041626472863,0.016399253621577403
AVM,SDQ,0.00956282764801897,0.020924356870329196,0.016323326169612885
AIN,RIB,0.01807085299545614,-0.0017119112795838322,0.016308214771628693
BWM04V,BWM06V,-0.003693987941651522,0.05605853322663749,0.016298725342525976
BWM08V,SIBD,0.010588079864976462,0.018100279118776406,0.016287562971501513
ADF,AIY,0.016896883420435563,0.0013297713600123248,0.016281488275602333
CEPD,IL1D,0.019614088270341935,-0.006161755826890512,0.01618426286903176
BWM03D,RMEV,0.017761620821859687,-0.0012916124779908634,0.01616693998128975
RMF,SAAD,0.029997158021829427,-0.0339694454322005,0.01610142873113817
PVC,SIAV,0.019249628632492213,-0.005458064956782068,0.016091174635569867
AFD,AIZ,0.016887579561361884,0.0006923019981085536,0.01604812917168516
AFD,AWB,0.01786483200074371,-0.0019117095295849082,0.01604499970767338
AIA,ASE,0.01867703679690419,-0.004153056944049118,0.016015218613345504
BWM02V,BWM07V,0.007094267641543981,0.02657398977082279,0.016004138089939324
AVK,RIG,0.01706469110748311,-0.000203067428517147,0.015898338761172207
ADL,SMBV,0.013678723107925854,0.008669844294092533,0.01585652275953013
BWM01V,IL1V,0.020152935612741934,-0.008676914354188815,0.01580216718254637
RIV,RMF,0.013306313734579292,0.009466715602830075,0.0157888327536512
AVJ,PVP,0.012069673085301675,0.012519885606156736,0.01570750414928499
AVA,SMDD,0.013667630187588042,0.008149602611784988,0.01566280186503749
URAV,URYV,0.022217028170278458,-0.014668334932120773,0.015622386277004898
RMEL/R,RMEL/R,0.013157281637824345,0.009326043696048019,0.015599787312010203
RMH,SMDD,0.019779327934447668,-0.00830147814876301,0.015584836774427235
AIM,BDU,0.019730099613859603,-0.008210258629426924,0.015570913600891727
AVD,AVE,0.012095400514018851,0.011949596828087819,0.015530604167248352
BWM08V,RMH,0.012116442654464838,0.011842548826135129,0.015512571296728445
AIB,ASI,0.019292875371257047,-0.007297289298564378,0.015483481325100938
ALM,AVB,0.015035447043841393,0.004005501988243475,0.015482433512908175
ASI,AWB,0.015807964799457813,0.0018424166349386684,0.015443092032749283
AWB,URX,0.01263884241285092,0.009960813188343689,0.015338309333108247
RMDL/R,RMDL/R,0.015773717987041476,0.0014273428091719706,0.015264765150375533
ASI,ASK,0.017445290571674887,-0.003056182796809981,0.015249047426140252
RMG,SIBD,0.013151684361527687,0.008342059015631405,0.01524778068394545
ADE,RIG,0.01776564443925903,-0.00392146172512758,0.015243913861796021
ADA,ADE,0.01767101508746186,-0.0036801177397021646,0.01524040809980306
AVE,URYV,0.0173412707193218,-0.0028465230656992743,0.015225587687631902
SIAD,SMDD,0.014208019299766426,0.005402144680393687,0.015200283834999382
OLQV,RIH,0.014609901434443281,0.0042594449806360865,0.015173681542460658
RMEL/R,RMEV,0.0165051235506627,-0.00080234992812643,0.015163475768580693
BWM01D,BWM05D,0.04223724297190897,-0.06918963804048835,0.015144214289684184
SAAD,SMDV,0.01576867666775631,0.000884496268669663,0.015068741381867956
DVA,SIBV,0.015117762894250694,0.0024014645533230812,0.014994185619659178
DVA,SIAV,0.013631274443947877,0.006010054076364586,0.014874775003102437
BWM04D,RMDV,0.02192713441579772,-0.016038274403836372,0.014868306999957068
IL2V,RIH,0.01396334078410392,0.0050973355615184885,0.014863884194544808
RIC,RIC,0.010525220530934225,0.014173827419758726,0.014845005951294779
RIA,SMDD,0.016354190572655903,-0.001379845262252886,0.01481870938544296
BWM07D,SMDD,0.01768093042020687,-0.00492039422238889,0.014812598445626959
AWB,RIR,0.015089570394008808,0.0018850955141192832,0.014785826940039498
AQR,RIR,0.017077742275330467,-0.0034080219739886716,0.014781086763906496
AIY,AWC,0.018400081382504964,-0.007163881575904782,0.014694979264624765
BWM06D,RMDV,0.021810112298830238,-0.01627059064079463,0.014676921328710499
AVB,SDQ,0.011993490860432384,0.009745291529753657,0.014658407931194857
OLQD,RMDV,0.01933461781592777,-0.010027458365532845,0.014560400220657526
ADL,AWC,0.016901913047604192,-0.003635910794746945,0.014536227041060421
RMEL/R,URYD,0.011762790793873481,0.009718927675351902,0.014433217525701921
IL1D,OLL,0.016992153003005116,-0.004192800951892128,0.014424422611697992
RIA,RIA,0.015520849419027321,-0.00035831403286045946,0.014398831726607117
AIZ,SMBV,0.01588931352704294,-0.001380518154746753,0.014383419489060738
ALN,SIBD,0.016810034636054405,-0.003929367163160129,0.01434682543234654
AIZ,AUA,0.01486282436910662,0.0011956971167471735,0.014330675279997663
BWM04V,IL1L/R,0.01461886930557805,0.001800703862798648,0.014315583111117483
AWC,AWC,0.021989125426039213,-0.018063876549714013,0.014212473560802094
BWM03V,RMDD,0.022589790468512397,-0.01968255253786381,0.014204161249541186
RIV,RIV,0.017228785903870558,-0.005521269111704899,0.014177705567749686
RIC,RIV,0.013045013393674277,0.005561939661621977,0.014168204558022682
RMDD,RMDL/R,0.015287860925826376,-0.0005442341745048831,0.014115270087802978
FLP,RMF,0.0023916322349462815,0.03361375640547438,0.014084102615596408
BWM08D,OLQD,0.019399084899868402,-0.011595736637933162,0.0140680506261812
BWM03D,BWM07D,0.060041517624807646,-0.11958293271315809,0.01404702780349097
SMBD,SMBV,0.01170953590737656,0.008738735564015837,0.014037947320011056
AIA,AIM,0.01700257545811702,-0.005418933195785542,0.014002072151109839
IL2D,RMEV,0.01342740471412654,0.004043390785544167,0.013990907961706914
ADL,PVP,0.011990287484754251,0.007835526055771704,0.013982384950362914
AIB,SIAD,0.012239914316835302,0.007029168232520102,0.013931826389043942
OLQD,RIH,0.014883049751148722,5.521236472352326e-06,0.013930170307479504
BAG,BAG,0.01683626867331333,-0.0051859975191127766,0.013928524244305518
BWM01V,RMED,0.01561363620760087,-0.0019572511445303414,0.01392218042365833
BWM01D,IL2D,0.014522884441762,0.0008892046766293969,0.013904532520467854
SAAV,SMBD,0.017412034419606797,-0.006796662049599135,0.013899733393839578
AVK,RMDL/R,0.014210393160821497,0.0016657113918686914,0.013885739812969597
OLL,RMDV,0.014369122599375006,0.0012197669379325642,0.013877129555954756
FLP,RMH,0.0061473964226409425,0.023040432254123947,0.013872743952886601
AIA,AIZ,0.015137891191521908,-0.0009497178369565017,0.013832024204898045
BWM02D,RMEL/R,0.015472206697489777,-0.0018983673629564643,0.013810575730984457
DVC,PVT,0.013640855217325191,0.00290091607461701,0.013788042197617527
DVC,RMF,0.016775082462248653,-0.005546122654332635,0.013744350868423329
AUA,RIR,0.016293767393837758,-0.004351038252192116,0.01371507728484839
AVE,URYD,0.016454988910330398,-0.0048356188422379,0.01369518337082879
AVD,AVH,0.018780033003889963,-0.011029929408081784,0.013688111643944524
AIZ,ASE,0.014755069605231293,-0.0005763428984665918,0.013605344592874706
PVC,SIBV,0.01882494707696716,-0.011402835909752957,0.013598727353504658
CEPV,RMDL/R,0.014285401100426297,0.0003414102042029458,0.013489235384081285
AVK,PVP,0.015004168170480833,-0.0015693918716106242,0.013488499371363679
AVH,SMBV,0.014713925966579404,-0.0009338439484620243,0.013440852714232066
AVD,SIBV,0.013647622174570615,0.0017256085022940226,0.01338018200512969
ASH,URX,0.016809444844680995,-0.006910675629019678,0.013295623276011768
RMH,SIAD,0.015246830866861502,-0.002780190579192359,0.013288893459387314
AVD,SIBD,0.013968231183471931,0.0005520897918746734,0.01326665967846983
RIP,RIP,0.005947942952074632,0.021822394232051467,0.013256834705397073
AVK,RMF,0.019847034637637307,-0.015098993362688513,0.013252670789259374
ALN,RIV,0.014938155939563994,-0.0023518892512239538,0.013150960354972624
BDU,FLP,0.012151413891941219,0.0050281258460608035,0.013143811489361902
DVA,FLP,0.014059485150162402,-9.033600845578269e-05,0.013125660381213846
BWM06D,RMH,0.006235060573777859,0.02065758198280375,0.013115037903810446
ADE,PVC,0.0070236087127070424,0.01849738674274419,0.013091716886214116
BWM08D,RMH,0.006895220321367269,0.01877209957974811,0.013068377501523804
AVA,RIM,0.012191315510603542,0.004658281232893253,0.013050815367188644
ASH,SMBV,0.010648031570453985,0.008671710765540581,0.013020923644682072
RIV,SAAD,0.012771535259088775,0.0029028354968811516,0.012975170072961324
ALM,URX,0.017666805360357564,-0.01011827447180096,0.012967581898994779
ASH,PVC,0.011036034078673226,0.0074085510364124574,0.012938880562678662
AWC,BAG,0.015357121970484586,-0.004078953099388873,0.012934408739909902
ADL,AIA,0.01603379704128393,-0.0059657060157699195,0.012902756372082732
RIV,SIBD,0.011858457963491342,0.004970627260211479,0.012849386993122726
OLQD,URB,0.012383848881100494,0.0035706816253632642,0.012847713082768088
AVA,PVP,0.01573768107951161,-0.005343965568279564,0.01284474686301145
SAAD,SIAD,0.014089078674651747,-0.0010159030746178259,0.01282717397490732
RMEL/R,URYV,0.009866298930566708,0.010102866015135695,0.012793700146635457
ALM,RID,0.008530490425349615,0.01362029806388363,0.012783177543187836
SAAD,SDQ,0.015271658708666409,-0.004290547874769825,0.012779859759724087
BWM06D,URB,0.006914827910072904,0.017733205546539024,0.012720607975807539
AIB,SAAD,0.011813652772312886,0.004572675955148219,0.01266721329637417
OLL,RMDD,0.013002618826952687,0.0014054810663505376,0.012663742091197498
BWM08V,RMDL/R,0.008039861829667663,0.014549047440332604,0.012651328166287747
ALA,AVE,0.011197784015606194,0.006068285811188468,0.01261792725448915
RMH,SMDV,0.015712548387402193,-0.006027751850776129,0.012580251768990209
BWM08D,RMDL/R,0.014568823793059753,-0.003037619447771835,0.012563662935654231
CEPD,RIC,0.012860842106226109,0.001438483989431225,0.012542691726680714
BWM02V,IL1V,0.0166765561004684,-0.008773280300067264,0.012514854972647706
BAG,RIG,0.01192914330913296,0.003822015104781668,0.012510752288455362
ADA,PVC,0.008909175450753396,0.011834669447335801,0.012508290205848245
AIY,RIB,0.01320844537390874,0.0003390126018978564,0.012480527034475419
IL2L/R,RMDL/R,0.011124644922717813,0.005694418186641757,0.012417724812185841
ADF,PVP,0.014862321426711273,-0.004319317532224305,0.012386644812135219
AVD,AVM,0.015366481989275618,-0.0056799911940145905,0.012378942516652905
RIF,RMG,0.011380030092157906,0.004835433380245711,0.012354008757121034
AIB,AIZ,0.013576656661136841,-0.0010116594088912195,0.012349122024366872
IL2V,RMED,0.01234965337245436,0.002078602157947455,0.01228988402224776
IL2D,RMED,0.01435465585829079,-0.00335149308432244,0.012252622014511463
CEPV,URYV,0.015240089951933062,-0.005741649109583088,0.012238930170400997
RIC,SIAD,0.013198790939968017,-0.0003317918712297855,0.012235092138874084
AVA,RIV,0.010674791022064128,0.006337187784141542,0.012223251388283255
BWM03D,CEPD,0.01091591562035067,0.005658314036416035,0.012209663030415738
RIM,SMDD,0.014110660642891477,-0.002871580411819767,0.012193407561507087
OLL,RIB,0.013546931826715874,-0.001408329675837863,0.012181512654680784
BWM04V,RMDD,0.018309571690246818,-0.014103749649788895,0.012164580370925566
RID,URB,0.010350095529355863,0.006973965820821453,0.012143795307671661
ASE,ASK,0.013348557684280823,-0.0010313703651378364,0.01212871039921766
ADF,ASE,0.012574751436868908,0.0009272941637525775,0.012094805608681564
AFD,AWC,0.017439633368405674,-0.012310358567894848,0.011982466460067306
AIB,AVA,0.011575972620114372,0.003050105882412286,0.011908208923786372
AVA,SAAD,0.008898564124741295,0.010094263753731809,0.011885019027438468
ASG,ASH,0.013195845529396889,-0.0013770854372148686,0.01186396123131996
AIB,ASH,0.012628349899177898,7.311664570157071e-05,0.011843942663480395
BWM04D,IL1L/R,0.013420684612962747,-0.0020552886148973775,0.011835368476591628
PVQ,RMG,0.008995384093247946,0.009663546768757686,0.01182383746504114
RMG,URB,0.012538683648792437,0.00025361200138099537,0.011823637779750606
CEPV,OLL,0.014802569808945402,-0.005825170541529179,0.011800045232504938
ADA,SIBV,0.011889136115557582,0.0018273377577181335,0.011770362645698388
BWM05D,RMEV,0.014843342273809505,-0.006027826284760615,0.011766783525496783
IL1L/R,RMDV,0.014184148113152242,-0.004347381074768333,0.011742089908937782
IL2L/R,URB,0.016728396009480232,-0.011120036490343458,0.011736342996575761
AVH,AVJ,0.017326104473394215,-0.012763702261014998,0.011716457076340057
IL2D,RIH,0.013491153635362895,-0.0027121493136235135,0.011669830659706141
SDQ,SMBD,0.009448163222722844,0.007852368939623317,0.011609286848443949
AVE,RIB,0.011309357715789885,0.002802976511490147,0.011571607289264322
CEPD,IL2D,0.017592185243500154,-0.01395788344990484,0.011544623067007018
BWM02D,CEPD,0.012267255785877283,0.0001822010306541112,0.011544457313902454
RIC,SIBD,0.012602277072775853,-0.0007288844777780399,0.011536907368637404
RMED,URYV,0.008689913087597747,0.00953305639315434,0.01149197758399082
RIM,RMDL/R,0.012858648836736649,-0.0015394223365591956,0.011491187920133197
AIA,RIF,0.012865700925609324,-0.0015733138126345209,0.011485843802837938
AVE,AVK,0.010233127754434196,0.005387720366539853,0.011475318987493053
RIM,SIAD,0.012315664233333289,-0.00015701890870412487,0.011470214779274996
RIF,SDQ,0.005120443779241094,0.018876992196735668,0.011444427586339914
IL1V,RMDD,0.0002604617734835307,0.03170505504205776,0.011417007732031673
OLQV,RMDD,0.016107597445920135,-0.010398186630319032,0.011409760769271917
ADA,AVH,0.009935686601848565,0.005971627983491978,0.011402736545226378
BWM02D,IL1D,0.012059163227976651,0.0002845094821839054,0.011385769749406
PVR,RIV,0.010924577821733209,0.0032533644184268673,0.011370235333562573
BWM05D,CEPD,0.00592523532379527,0.016486355902834114,0.011355097580242682
SAAV,SIBD,0.01120648495511457,0.0024546901264773094,0.011352593896050698
AQR,DVA,0.013450673638142254,-0.0035747011775874144,0.011327973654679573
RIA,SMDV,0.013172102016576292,-0.0028781194661219255,0.011312757917727094
AIB,RIM,0.012026648472993562,0.00016243723331651132,0.01131232120580379
SMDD,URYD,0.011505710479390804,0.0015095100603477153,0.011299529326455253
BWM08D,RMG,0.026337155695715236,-0.03797861182543073,0.01126335449871878
AQR,AVH,0.013665515712387399,-0.004336478909737515,0.01126057253786541
BWM05V,RMED,0.016133446510347652,-0.0109366988906812,0.011244173059651856
RIG,RIV,0.010093538280621062,0.005040604080686098,0.011222356807122252
IL1D,IL2L/R,0.014285846359020587,-0.006100909074373438,0.011219298594204244
RIV,SMDV,0.015488900972543202,-0.009306656218155152,0.011215425799037972
DVA,SDQ,0.008897730748084141,0.008135009643358415,0.011193773586533161
AVH,RIF,0.008087176425593248,0.01025554086533831,0.011182522138360641
CEPV,RIA,0.012166196974777407,-0.0006304577415739847,0.011163490887982823
BWM03V,BWM07V,0.07776539356873176,-0.17489842828729943,0.011139955754282395
AVB,SIBV,0.008384831201855509,0.009329158589342546,0.011134612167586638
ADL,PVC,0.007425568663099632,0.01186752525580697,0.011131443320364922
AIB,SMDD,0.010544896784719298,0.003581733142814397,0.011130634038301905
BAG,RIB,0.014476146859548122,-0.007065222241111588,0.011057554365985366
OLQV,SIBD,0.012748550281706024,-0.002528654031434666,0.01103953520172459
SAAV,SIAD,0.01101983384621396,0.0020031786911045746,0.011018799179921273
AWA,PVQ,0.010515537341538091,0.0031670514177074313,0.010957019156110939
AIZ,SMBD,0.011122857945425306,0.0014602626877504808,0.010923883390618642
CEPD,RMH,0.013118594188081105,-0.003842292856799742,0.010922896194084184
ADA,SIAV,0.010077515694131145,0.0042043921959541595,0.010912670678941508
ADE,IL1L/R,0.012276200176384533,-0.0017248273318022152,0.010880767348916501
AVE,PVP,0.009908363343793053,0.004408420930381193,0.010826272598290798
BWM02V,BWM08V,0.00987473119244885,0.004481849494297229,0.010820675264388626
RIV,SIAV,0.01333512047421276,-0.004796007780919231,0.010789430183246811
AVA,SMDV,0.010825912679183581,0.0015616544977176696,0.010681720446133205
AVB,AVM,0.01230347337270531,-0.0024981056459706524,0.010633777926887678
BWM01D,OLQD,0.010395827843915828,0.00253522750342826,0.010622327036670022
BWM07V,OLQV,0.004699802337065377,0.017604706439138952,0.010602403151150915
AVB,AVB,0.009505958873421639,0.004804956233471586,0.010589428446941277
AVF,AVJ,0.011281243647935564,6.77147620083592e-05,0.01058135660690026
ADE,SDQ,0.010647763503306998,0.0017287816017858128,0.01057389813943709
ALM,SMBD,0.00906420170736006,0.005933173485416653,0.010573610104314157
BDU,RID,0.008149353767471659,0.008251951785278095,0.010534620755024572
FLP,PVR,0.010128364185121789,0.0029309851724714647,0.010511492492752472
RMH,SIAV,0.015541096905358393,-0.011499450486821557,0.010491505103084244
BWM06D,RMDL/R,0.008939702934199158,0.0059319374856966044,0.010456662994523991
BWM06V,RMDL/R,0.010328754346191236,0.0021789601907898433,0.010434003618930343
ADE,URB,0.007271204925178144,0.01029783098813928,0.0104338030272086
AVD,SDQ,0.0071890579018832725,0.010509274239199753,0.010431441396421185
PVC,URB,0.010528543039398824,0.0014406687927856188,0.010360791750334282
ASE,BAG,0.01046066370960786,0.001595182292419947,0.010351719713320854
ALM,AVM,0.014803541997885033,-0.009963703407168296,0.010342484568176546
SMDV,SMDV,0.009638147160083257,0.0035706873867760365,0.010278164465214958
AVD,RIC,0.00990355707641347,0.002858138517010761,0.010275435863625126
AVE,BAG,0.01124046671827866,-0.0007414542964270857,0.01025803448417117
RIG,SAAV,0.008421150971351373,0.006698715132816863,0.01024160082695627
AVA,SIAD,0.013071644162922889,-0.0057532852475923124,0.010205500758545186
ADE,BDU,0.009735090115041468,0.0031070072143562937,0.010205481361593506
ADA,SIBD,0.009139118099775752,0.004609661736062919,0.010177298209350987
RMDL/R,SIAV,0.007219986033680374,0.009693197301088356,0.010172789659043228
AIZ,AVH,0.007996999981674946,0.007621750353411574,0.010169950431595385
BWM03V,RMED,0.016904129593984196,-0.016062171958808037,0.010159132316247479
AVM,PVC,0.015998246080320577,-0.013706379654345005,0.010141576474355922
SAAV,SIAV,0.009484037011881804,0.0035577126408764667,0.010129368824163862
AVA,SIBD,0.010487475642058135,0.0007378630343770634,0.010074681545464866
CEPD,RMDD,0.013673925581409159,-0.007759212029164257,0.010062229125753117
ASG,ASK,0.015138237393700304,-0.01173907620921379,0.01003004404186884
ALM,ALN,0.012003930287132926,-0.0035162784379620315,0.009994635328983946
OLL,RMDL/R,0.01118766692275341,-0.0014883742093393848,0.009945398198588192
ADF,RIA,0.011077107182809744,-0.0012294502402584442,0.009933179470868279
CEPD,URX,0.01423716584391966,-0.009797988475940754,0.009870844399778464
RMEV,URYD,0.00907793787203811,0.0037422543932282464,0.009814357870286335
BWM02D,RIP,0.008295583731694691,0.005713296455921551,0.009776815575632536
OLL,SAAD,0.010514156081970424,-0.00018699277567091907,0.009773719599642346
SIAV,SMDV,0.008841252352570576,0.00406813844643428,0.009707702555937482
AQR,AVA,0.00988998093351008,0.0012636706585496872,0.009700820385950477
AVB,DVA,0.008502360487696212,0.004922375047592887,0.009691595978614962
BDU,SIBV,0.008361182843294502,0.005284927510483993,0.009687243615340718
CEPD,RMDL/R,0.00894106648635032,0.003719968452817261,0.009678413654488105
ALA,AVF,0.00697102813472366,0.00892475090494281,0.009668993633960923
ASK,AWA,0.009992853910646462,0.0008292057033006565,0.009643982668772364
ASI,AWA,0.013307326738874761,-0.008029352438800635,0.009623948667271716
SIBV,SMBV,0.009930192108777955,0.0009193237452766489,0.0096170996674529
ALN,AVH,0.011175085088011431,-0.002428917050730904,0.009602164552566673
AVA,AVB,0.009982482663947719,0.000647191744695432,0.009570132807575842
BWM01D,RMEV,0.007991168980886521,0.005900478372774607,0.009557895854188175
ADA,PVP,0.007107521332992583,0.008167818736744973,0.009529977766870737
RIV,RMG,0.008338221055473233,0.004833999622503821,0.00950684234673221
RMH,SIBD,0.010397778718954025,-0.0006565613487919894,0.009499326642359052
RMDL/R,RMDV,0.009396527428387388,0.0019348939618749116,0.009475571939414609
RMDD,SIAV,0.01368060317687349,-0.009512218035235723,0.00945069718750222
BAG,RIA,0.01024935779819293,-0.00040697059834147813,0.009448386583474095
ADF,AIA,0.011949047489795587,-0.004932858719418428,0.009444053029795613
IL1V,RMEV,0.010142198582917554,-0.00014041033352734742,0.00944204134468851
RIA,URX,0.012091886432503592,-0.005472731973594455,0.009387470056981564
AQR,AVD,0.00991120320523963,0.00028091152769134137,0.009374344591066416
AQR,FLP,0.006668154080751294,0.008891268189662516,0.009373750803279289
AVM,SIBV,0.008131310019803528,0.00500508774894155,0.00937349931699933
RID,SDQ,0.005423109692388659,0.012182936183446402,0.009368607263218198
PVC,PVR,0.007975577619119895,0.005312010495847235,0.009335921356725969
RMDL/R,SIAD,0.0105302730820112,-0.0015718412913284642,0.009300764759996798
AVJ,PVQ,0.010814664888615917,-0.0023394610869288133,0.009296392581933106
OLL,RMEL/R,0.010550393702338448,-0.0016704126988849664,0.009284856747024785
RIG,RMH,0.009023879911321413,0.0023825978893210155,0.00928460813772633
AVD,AVF,0.008121230978526635,0.004766071365304683,0.009279834550797592
AVH,BDU,0.00973653880298442,0.0004489735807847407,0.009270112979276067
AVB,AVF,0.00777664070598984,0.0056426407642618005,0.009266265504214584
BWM08V,RIM,0.006499765329319193,0.009012142096521267,0.009258762536661356
RMF,SMBV,0.004139882315544291,0.015221648861809933,0.009238585771393155
ALM,SIBD,0.01140960603211025,-0.004168126124247911,0.00920872083558195
BWM06V,RIV,0.008169455884050885,0.004427096190122114,0.009205506507351108
CEPD,RMDV,0.008323289197343181,0.00397347539139677,0.009189608997594807
ADA,RMG,0.008509119130039109,0.0034156430524617367,0.00916692991378358
AVB,PVR,0.010507699241749912,-0.0019272435882071392,0.009154390957127527
ASH,RMG,0.009620132304142891,0.00027728401325468206,0.009100669023797223
RIC,SMBV,0.007335656912240247,0.006279637908014869,0.009078058839103169
RIC,SAAV,0.009760060699292533,-0.00018364836235125264,0.0090691819781758
CEPV,RMH,0.007614937447298612,0.005491532915441865,0.00906168406586375
RIG,URX,0.00994791739632033,-0.0007763590575387488,0.009036108064429144
OLL,URYV,0.012465549916833744,-0.007553755188746787,0.009003782604118878
AIZ,BAG,0.009729969376030132,-0.00031850653884624744,0.008993495470515379
AVJ,URB,0.011217959111697796,-0.004277280133402192,0.00899090183262082
PVT,RIG,0.009011572343940604,0.0015741622870389645,0.008988187398407068
OLQV,RIC,0.009265466003464748,0.0008884403550325203,0.00898413551459976
RMDD,URYV,0.006555514456837584,0.00805985269924886,0.008975336433135087
BWM03V,URYV,0.00758304882522083,0.0053198546475598345,0.00897133970707386
FLP,RIS,0.009326053815124673,0.0006699621023689001,0.00896384184741281
RMEV,URAD,0.011675694082253283,-0.005601527938784637,0.00895258931386378
RMDV,RMH,0.01051806596890011,-0.002558235868239427,0.008941723073079007
RMDV,SIBV,0.009216147968348415,0.0008836212044033998,0.008936283159777283
RMED,RMEV,0.008086767714179616,0.003825437669683652,0.008916091264741776
RIM,SMDV,0.010404552046396178,-0.002422883042269201,0.008883191680436851
RMED,URYD,0.010856450424817591,-0.0036491513390777964,0.008873946215436142
AIY,AVJ,0.007065496925860193,0.006400895609028756,0.008867963746418519
AWB,RIB,0.010484368869724146,-0.0026962180385538253,0.008861561184522
AIB,AIY,0.010111624953484017,-0.001748251492112567,0.008846805940434585
RMG,URX,0.011434755212493916,-0.00536357127124063,0.008810966818921347
OLQV,RMEL/R,0.01461235297400795,-0.013816200665683906,0.008805893341586676
ADL,AIB,0.011335004715058345,-0.005159103963262346,0.008789672659438193
IL2L/R,RIH,0.011152235456943738,-0.004774723713326764,0.008754089384984075
BWM04V,URB,0.006051019144588342,0.008750762816035972,0.008746692446987135
IL2V,RMEV,0.010513832586270177,-0.003130661952524436,0.00873603120855949
BWM02V,RMEL/R,0.007205820935237135,0.0055809935245990944,0.008710341541855916
AVD,SIAV,0.00784985097529219,0.0038550060109852594,0.00870479422063809
AIB,AVE,0.00947258416858001,-0.0006148051505304969,0.008648203547405009
BWM03D,URYD,0.00803753561258331,0.0031906500137073904,0.00864631058966354
BWM07D,RIA,0.010776056582965533,-0.004087790898066132,0.008644128018391753
RIH,RIP,0.009736511425103955,-0.0013950040838006936,0.008620246682136375
IL2L/R,RMG,0.007556153036589558,0.004336960369966482,0.008599785248749905
BWM08V,URB,0.004765685259525733,0.011645900114388114,0.00856410183983659
ALN,AVJ,0.007985541043121294,0.0028647309846707527,0.008482793821162285
RIC,SMDD,0.00990156676553121,-0.00223493411159916,0.008478711068390458
ALM,BWM06D,0.004392727583978191,0.012366860019424379,0.008469146584884527
OLQD,RMEV,0.009373408001018943,-0.0009036592400205514,0.008453594272119943
AVB,RIM,0.00911478688288594,-0.0002358587627638482,0.008446906244751943
RMDV,SMBD,0.010923824825767047,-0.005045291461233749,0.008444981044687879
ADF,RIB,0.00891936781345425,0.00025812823579526015,0.008438111492469327
SDQ,SIAV,0.00717872150733765,0.004859614007857564,0.008430757564831144
ASJ,RMG,0.008675327517438063,0.0008687763284366674,0.008424927639949679
AIA,AIY,0.010665523894029688,-0.004453682453949644,0.00841174183993507
BWM03V,BWM05V,0.016941801703287695,-0.02114780269790261,0.008402148004738475
IL2V,RIC,0.008036710667477643,0.0024935910444739344,0.008399886314036634
ASJ,RIF,0.008370276396011607,0.001562156751531864,0.008383803027176721
AIZ,RIA,0.009615388487496684,-0.0018048418666061726,0.008362462477405864
CEPV,RMDV,0.012998381114675512,-0.010821491578464506,0.008350838936206976
SMBD,URB,0.00793581518470798,0.002594929453079967,0.008341176718507065
AWB,AWC,0.008188053181495797,0.001839385413768693,0.00831096921186609
RIM,SIBD,0.009442054404566894,-0.001576988778764166,0.008280546942716668
RIV,SMBD,0.0075308728297335805,0.0033954105769217332,0.008244313035062633
AUA,RIA,0.009007055951353267,-0.0005841098231923495,0.008223358806480167
BWM04V,RMDL/R,0.007543536273825309,0.003296539115354564,0.008221320519802183
ADF,ADL,0.013836602016585643,-0.013452675190084298,0.008208021751827799
ALN,RMDV,0.007112336861350618,0.004256160329045718,0.008155967253942346
RIM,RMF,0.01564024021705204,-0.018478817413694934,0.008124672097542083
AVE,PVC,0.011038537005513226,-0.006271344313824362,0.008120257557935023
RMG,SIBV,0.007397628713662102,0.003380502999737311,0.008114363607651701
IL1V,OLL,0.011153275759485583,-0.006618540881177938,0.008105278832050387
AIZ,URX,0.007211259947657581,0.003814543066989386,0.008092912490091028
DVA,SMBD,0.007578892059168249,0.002724481328880817,0.008052807764565417
AVH,AVH,0.007586286701006991,0.002646941566112218,0.008032402024282879
AIZ,RIM,0.009164439781572898,-0.001577540038891543,0.008020548473490057
AIZ,RIB,0.00867017894742683,-0.0003393300296511221,0.007994357663113927
RIB,URYD,0.011458291144306824,-0.007746800794261776,0.007993113056939793
AVM,SIAV,0.005967142484962182,0.006833504530635868,0.007992531233770242
AVD,BAG,0.005661501655765202,0.007612431634673859,0.007981002460971205
IL1L/R,URB,0.007326714371497859,0.003172613993566899,0.007974736117295433
AIB,RIV,0.007149612357383683,0.003606079806682475,0.007961754866899125
ASG,ASI,0.02535457211985199,-0.04475370561081307,0.007956181419325118
RIP,RMEV,0.008013432021519336,0.0012607224657409663,0.00794362288540083
RIG,RIM,0.006273501598483076,0.0058732792499206,0.007940840475652196
ALM,RMG,0.009296429523275291,-0.002184466226140135,0.00793018204441935
RIP,RMED,0.008192375508901324,0.0006673611510604826,0.00790197830444756
RIG,RIR,0.00850517531503128,-0.00016591184629166642,0.007901054599413242
AWB,SMBV,0.012483971256882534,-0.01073681610502708,0.007899271841898373
SAAD,SMBD,0.008909891343790007,-0.0012839511745933823,0.007885795013661661
AVA,AVH,0.011708350825660525,-0.00872305452593616,0.007883086143022562
SMDV,URYV,0.008726061350519019,-0.0008203145420805995,0.007877149991235594
OLQD,RMH,0.011183928487712652,-0.007428296448995495,0.00784859708923201
SAAV,SMBV,0.006840883438735511,0.004102909309865865,0.007847921416679367
AIB,RIG,0.00962374339767289,-0.0033495472374715824,0.00782590798135396
DVA,SIAD,0.008176958923816648,0.00047226921858621563,0.007818797948878057
RMH,SAAD,0.00626147213747448,0.005548554745634303,0.007815145811028417
ADF,ADF,0.008627510841036398,-0.0007514226438420964,0.0078092003727151795
ALN,RIC,0.004863270243636788,0.009149749458079438,0.00777575168500812
ASE,PVQ,0.00808044233633525,0.0005704164055250738,0.0077630616934584
RMG,SAAD,0.006169698973907009,0.005623299463097713,0.007755601342694486
BWM02V,RMH,0.006713142215825295,0.004174774051767871,0.007753701488210048
OLL,URYD,0.008744818860669133,-0.001240607152790794,0.007746587763176379
BWM01V,RMDD,0.010959451492172869,-0.007174618852524824,0.007727920604483252
ADE,AVD,0.008766381694640392,-0.001370095174318785,0.0077211340388339995
AVK,RMG,0.005628541170568094,0.006907126053450004,0.007701598098918558
RMG,SIAD,0.00986185557360785,-0.004346984067347984,0.007697234869336686
RMH,SDQ,0.010117337906671985,-0.00505056472750419,0.007688376099347043
AVE,SAAD,0.007233247969383868,0.002593814866291649,0.007683290056822313
ADA,RID,0.005627411050904011,0.006812062251828327,0.007667038815642364
AVA,RID,0.005610024295377339,0.006835075120157071,0.0076588775322580585
AUA,BAG,0.013514466417186077,-0.014165102100324995,0.007655484721056622
AIN,ASG,0.008685679100678079,-0.0013643111892664224,0.0076476472851192655
AVJ,SMBV,0.00677919883813684,0.003691511095545795,0.007645212354425219
OLQD,URYD,0.015080184914387266,-0.018384319490673127,0.0076338495049709095
ALN,RMDD,0.004770849543970677,0.00895344442230846,0.007620079917373079
DVA,RID,0.004637981215638011,0.009246659162775075,0.007599068308012917
AVJ,RIC,0.008336603445565832,-0.0005797402907870239,0.007597459200216638
OLQV,RMEV,0.009387575108294514,-0.003374046116491807,0.007596257408562406
AVB,SIAV,0.00810549001519533,2.7325482593184747e-05,0.0075951104336639905
ADA,DVA,0.007753964054302092,0.0009429355238405532,0.007588809067443823
ADE,ALM,0.0097005411077475,-0.004236408771130368,0.007585237677460291
RIA,RIV,0.007465007311719467,0.0016918121459560478,0.007582303846381663
AIM,AIY,0.009862390476327072,-0.004723145098838079,0.007565171626766213
BWM01D,RMDV,0.012020064861857962,-0.010474123741940535,0.007557703517228638
BDU,RMG,0.01072994247020077,-0.00713224924967497,0.00752806735752379
AIN,AVJ,0.009940742711418754,-0.005038245756176536,0.007527451764889726
ADE,OLL,0.007510061849289755,0.0013721580835492004,0.007511817831182591
OLQV,RIG,0.006442396133737001,0.0042068450525244,0.007511627397889591
AIZ,ASG,0.007081610043233039,0.0023959369355315216,0.0074716458485910575
OLQD,RIC,0.00912377007501548,-0.003067754970943489,0.007457317654055805
BWM08V,RIC,0.0033162937390947326,0.01233119928651028,0.007449204294329192
BWM03D,IL1D,0.012410209238138754,-0.011856169825001539,0.007435767860726616
BWM04D,RMEL/R,0.01595096356103574,-0.021273736883272196,0.007430496518437718
AVL,PVT,0.008848080810823514,-0.0024137150626843697,0.007429807095386465
CEPV,SIBD,0.008145947063314693,-0.00055205090284087,0.0074287925032670106
RIM,RIV,0.0071603130401366455,0.0020466997360283797,0.007422224103070149
BWM02V,RMDD,0.009609178990306373,-0.004508028342570089,0.007404014798890956
ADE,SMDV,0.007644687873031843,0.0006915419715271414,0.00739794930642426
ASE,AUA,0.008552583006066691,-0.0017213244817404925,0.007397274071545246
RIB,URX,0.006820817500352266,0.0028577202781394926,0.007390322702734319
AVD,PVR,0.006227279539184069,0.004433061472557527,0.007390033135320989
ADE,AVH,0.008178246192454146,-0.0007762956009662939,0.0073799928528145795
ADE,AVF,0.007700595751774938,0.0004472622869047166,0.007364183202705319
RMDD,SIAD,0.006686026825291043,0.0031271724484742526,0.007359137849786541
OLQD,RMED,0.00854745516132308,-0.0018456922895612857,0.007348646441637898
OLQV,SMBV,0.006233568217897002,0.004212206924991727,0.007318086471620285
BWM02D,RMH,0.004068654529077527,0.009949206694863271,0.007313853388017309
AVD,SIAD,0.007810193052067781,-2.7814127221160468e-05,0.007299326424830814
AVM,RIF,0.007964524737273741,-0.0004968473259650764,0.007278463792272519
RIB,URYV,0.009519354301883106,-0.004745322846963977,0.007236327296029007
AVF,SMBV,0.007249017158369532,0.001204235827894326,0.007208342624932532
AIA,AWB,0.01065549969027382,-0.007849689026241424,0.007205565764671467
CEPV,IL1V,0.010776793091487546,-0.008192964568604811,0.007198102989252118
RMDD,RMED,0.011380806157015028,-0.009828913355111307,0.007186836758834448
SAAD,SMDD,0.008824941241880758,-0.0031184755466112137,0.007159785685705046
AWA,SMBV,0.007574437840989479,0.00017690018710995746,0.007150840010909058
RIC,RMG,0.008108347771928632,-0.0012445149810193846,0.007149572444089419
AVE,IL1L/R,0.0067663577646636325,0.002280933771248361,0.007136090100242917
BWM06V,RIM,0.005978111737657803,0.004309541293675724,0.007113320698520522
BWM03D,RMEL/R,0.006395943929319937,0.0031637749501029614,0.007100564460254624
AIZ,RIR,0.008019572505075736,-0.0011847184634964755,0.007087565610097646
AIZ,SIBD,0.006787092957907916,0.0020833876710646643,0.007085877318797304
ADL,AVJ,0.004993610408140606,0.006837327374580878,0.007082803530465227
AVJ,RIS,0.005167037200803086,0.006359962158521012,0.007076874648129967
RIS,RMDL/R,0.007207371783743291,0.0009117463425962743,0.007066292083704359
AVB,AVE,0.009177863404475715,-0.0043933649279909275,0.0070407791696317275
CEPV,SDQ,0.007053774459040807,0.001227131782850968,0.007033694581609242
OLL,SMDV,0.008507872332536654,-0.0026749723497860385,0.007019354444691646
AVE,CEPD,0.007777292357427254,-0.0007515956113271433,0.007013466879366828
RMG,SIAV,0.0071995823127099035,0.0007625068935693146,0.007006408508836353
SDQ,SDQ,0.04522114450368387,-0.100212486561631,0.007003845118154651
SIBD,SMDD,0.007914278009795854,-0.0011613120110805526,0.00699727503047676
AVA,SMBD,0.008563135236635768,-0.0029007663258565973,0.006991499338545245
AUA,AWA,0.008903886209967331,-0.003968183738587345,0.00693421818198254
AVD,RIV,0.006947692801788838,0.0011968768027825257,0.006923756383981433
AVD,DVA,0.0059600234364343046,0.003810410706612816,0.006920493025951841
AVB,SIBD,0.006609167413580836,0.0020383756676445363,0.006903503835156511
AIB,AWA,0.008358210512377945,-0.0026285894160249586,0.006895640133226355
BWM08D,RIM,0.006188447663986351,0.003079098154304201,0.006876539005022973
RMG,SMDD,0.006430456525394948,0.002434326704825376,0.006875796254465871
ADA,AVF,0.007181813718641827,0.0004243244237076211,0.006870600151903688
RMDD,RMH,0.007973793697746203,-0.0016886554458001013,0.0068671300881887765
ASG,PVQ,0.010080842868207096,-0.007349417544726354,0.006844078067766407
ASH,ASJ,0.006870166074552971,0.0011404771564057674,0.006831327463056761
CEPD,RIP,0.007122063449630151,0.0004505766297800645,0.006823934778109476
DVA,SIBD,0.005791063225672484,0.003982990165935416,0.00682319164221677
CEPD,SIBV,0.008195116651984925,-0.0024953418316549488,0.006789967700730612
SMBV,SMDV,0.006852360550709443,0.0010625270092725705,0.006787193654479883
RMDV,SIAD,0.008960962266511075,-0.004538295966814323,0.006786717868303105
BWM04D,URB,0.004858525151305027,0.0063536548909796835,0.006785932494672776
RIP,URYV,0.008998885334454358,-0.004655755398421456,0.00678081380844478
BWM03V,CEPV,0.006861121012922144,0.001000249479731622,0.006773444710991715
PVP,SMBV,0.006718428239183508,0.0012972909220873216,0.006744587522958582
IL2D,PVR,0.005916579614820511,0.0034019141230974526,0.00673587707246306
RMDL/R,SIBV,0.007437524713933163,-0.0006574248356672671,0.006728684053924929
ADE,RMF,0.0024558544003338506,0.012540662999260651,0.006717784241807799
RIB,RIS,0.0063441369403439635,0.0022072214282775086,0.006714979795019001
AIA,AIN,0.00827927907995659,-0.0029417097621934167,0.006711425057001974
ASG,RIC,0.008071645570904831,-0.0025100273971091444,0.006669242556886211
AVE,SIBV,0.007424290211796006,-0.0008599315566134868,0.006644932725583087
ADA,PVQ,0.005094478151933007,0.005309845949968341,0.00663889662067137
RIC,SMBD,0.00679923521001323,0.0007705894883315754,0.006634594165934599
OLQD,RMEL/R,0.006422732363097613,0.0017671917656755351,0.006633460982961409
AIB,SMBD,0.005853652108513343,0.003276088897665453,0.006632644318369132
AVA,AVD,0.009186840606212984,-0.005643383308516891,0.006608658404412603
ALN,RMDL/R,0.004390995483120625,0.007063836390260442,0.0065986740889037165
AVE,SIAD,0.008313860310576857,-0.0034063441596881086,0.006580044777830705
IL1L/R,RIA,0.007767235683764006,-0.0019566913906698077,0.006579364644717943
SMBV,URB,0.00757067057736843,-0.0014783117498391688,0.006563997152631135
CEPV,SMDV,0.006076914050743172,0.002459612344000712,0.006553846345752206
BWM04V,RMEL/R,0.012995690989016598,-0.015982588223582783,0.006529486713043192
BWM02D,RMDV,0.009876667235967649,-0.0077163892967803994,0.006523675954213542
IL1L/R,RMED,0.006372784365030587,0.00148598565708437,0.0064876168772138735
BWM05D,RIC,0.005774564912871868,0.003051686262262639,0.0064795486972351836
AVJ,SIBV,0.007610887353465892,-0.0018323068444863722,0.006476881536461288
RMDV,SAAD,0.008111194231715186,-0.0032774536872018137,0.006435803390440971
AVA,RIG,0.006410862083872679,0.0012320173547277465,0.00643375012180742
PVR,SIBV,0.00688957393326717,-6.446207499218952e-05,0.006424854626939428
RIF,RIM,0.007889046703683756,-0.002759216475008237,0.006410541026515526
FLP,SIAV,0.01174838742022473,-0.01312478101651562,0.006369330990491954
ASE,AVF,0.00448098026212505,0.006154149945717899,0.006362301052119548
RIC,SMDV,0.005820644305409973,0.002594342514864435,0.006361498228798355
AVE,RIG,0.007426108971056618,-0.0016704180771437913,0.006361009266327286
ADE,SIBD,0.006840012484167312,-0.0002177530621907549,0.006324451151599358
AVJ,SIBD,0.007101399460802968,-0.000920525082399346,0.006321403186307781
AWA,URX,0.004361166729422817,0.006278773996874687,0.006294093248345661
RIV,RMDV,0.007669607585942514,-0.002508773741273467,0.0062934392075693155
DVC,RIV,0.006496737901314482,0.0005989923286476407,0.0062910306614325
BAG,RIR,0.006335680069438444,0.0009834645598599593,0.0062757983274335126
AVL,RIS,0.00509983054164128,0.004254581152453516,0.006272017180195088
IL1V,IL2L/R,0.006984685342878543,-0.0007649282406293973,0.0062670111505442935
BWM07D,RIV,0.006711037416170408,-6.042667906793657e-05,0.006259194281496913
PVR,SIAV,0.0065605708934057564,0.0003138129769819582,0.0062502676821165086
OLQV,RMH,0.007115314810138526,-0.0011805103535304602,0.006242803748635065
AVE,SIAV,0.007851353507774947,-0.0031357159148849875,0.006242582957721412
AVF,SIBV,0.004868716567386208,0.004762779016165587,0.006234825622958983
BWM07V,RMDV,0.010655888626293216,-0.01069097185952159,0.006204626320684959
DVA,URB,0.006806990518285423,-0.0005037572773059244,0.006192756272424558
AVE,SMBD,0.0064729365877830595,0.00036669685446878844,0.0061868925103760585
AVJ,RIM,0.0059179262149319945,0.0018095590843947077,0.006175971550052504
RMH,SMBD,0.006399006662374674,0.0005201797393206276,0.006171794853508861
AVD,RIF,0.005199806055954301,0.003529957969812248,0.006110212517433239
ADE,SAAD,0.008582391978682987,-0.005483848143602842,0.006099210483471495
RIB,SMDV,0.006183390432358121,0.0008805675011832929,0.006097016660201199
AVK,RMH,0.005236141498158036,0.003367001828096905,0.006086789079490577
AVE,DVC,0.005722506811232848,0.0020665649558573394,0.006083661386735291
AVJ,RMG,0.008016847820769304,-0.004049987691517146,0.006075259196757771
ADE,SIBV,0.00590798214458127,0.001535112960323775,0.006069947214267527
ADF,AIN,0.006733301974589441,-0.0006584263639765735,0.006069287921928167
AIB,AQR,0.005747648212153427,0.001847565915642579,0.00603001184875302
RMG,SMBV,0.0063750605157304255,0.00014538396400105608,0.006017302281724602
BWM05V,SMDV,0.005347009186237177,0.002844652441159478,0.006006461603516286
BWM06V,RMH,0.0050908851518596775,0.00345968146277156,0.005983513141304856
ASG,SMBV,0.00519545370701458,0.00317887111487027,0.005982412017706688
IL2V,RMH,0.00687084651597715,-0.0012950156290237587,0.00597366628544993
BWM06V,RMDV,-0.0006143621176963727,0.01852194722824684,0.005952417106259131
AVA,SIAV,0.0072493846221774036,-0.0023783364138348045,0.005946143474051491
ASG,AWC,0.012876351062874816,-0.017331173794833715,0.005942544727756235
PVC,RIR,0.006111025377193264,0.000621955313812908,0.005938156047382274
RIG,URYV,0.004968142230350929,0.0036504975134188204,0.005935890768603358
RMDD,SMBV,0.007977071545555096,-0.004356632323248062,0.00592996939272321
IL1D,RMEV,0.0053830472331226715,0.0024827846991183956,0.005912660926478665
PVR,SIBD,0.004616023698479138,0.0045013185967717854,0.0059062024129167235
RIV,SMBV,0.007754580369828471,-0.0038382205147109295,0.005904446957817111
AVH,URX,0.0062193820743178425,0.00021699476894676404,0.00589684796235539
ALN,URB,0.004381925349765531,0.0050522796380104585,0.005881288220305778
RMDD,SIBD,0.008866115518734513,-0.006865381876343254,0.005877862000564876
AIB,PVQ,0.006084790978483856,0.0004935990978856991,0.005868370394281911
BWM08D,SAAV,0.0057321538108745535,0.0014032001127404082,0.0058589114553690745
ADL,ASG,0.007353792334523057,-0.002912597518111869,0.005855572626028098
BWM05D,URYD,0.005165437052211953,0.002895749595601416,0.005854545541133817
ASK,AWC,0.007295678807684168,-0.0027986878978937197,0.005841330552432314
IL2L/R,SMBV,0.005886775207873547,0.000902345049357937,0.005827105526988656
RIB,SMDD,0.0057772655758502565,0.001177406293634158,0.00582155651388711
BWM05V,SIBD,0.006361452128606734,-0.00040751418692234527,0.005809718754826841
RMDL/R,SMDV,0.005973258249850824,0.0005978046249585261,0.005800716395867568
AQR,BAG,0.008626226081505277,-0.006463830335690129,0.005794874480666343
BWM03D,RIP,0.009366574349514474,-0.008438974533796896,0.005791660155018743
BWM07V,SMDV,0.009364175084752494,-0.008432864152043655,0.005791568190161862
RIF,SMBV,0.005141375118939174,0.002777088296966735,0.005790209587990424
ALA,URX,0.004534976256152066,0.004364334442563929,0.0057820796657565956
ALN,SDQ,0.004979085752422541,0.003165022279378714,0.005775044692916713
CEPD,OLL,0.008163458868607065,-0.0053036866307569,0.005770645274518981
BWM08D,RMDV,0.006639337460930965,-0.0012845500861352595,0.005760697930211554
DVA,RIR,0.005716805005057579,0.0011467031153808659,0.0057541546216760345
ADA,BDU,0.008416765190543326,-0.00612717149192587,0.005717494363314311
BWM05V,URYV,0.005152097446168207,0.002537146961838879,0.005715685709694784
BWM05D,RMEL/R,0.008196172139707327,-0.005604363902953287,0.005695297406423208
ADF,RIG,0.004557734922852367,0.0040547010485541875,0.005694259584227747
ASK,ASK,0.007480915209224535,-0.0037125466758228735,0.005692627868042107
IL1L/R,OLQV,0.008536668678912607,-0.006561344405701469,0.0056766974803780955
ADF,BAG,0.005916694282797343,0.00035309920191517154,0.005661544065825659
BWM08D,RMDD,0.0038165476862243304,0.005928056858793111,0.005660817270912918
ADF,SMBD,0.004921584939754098,0.002971660497963515,0.005653089759024462
IL2L/R,IL2V,0.004025550545185482,0.005339925199291339,0.005649146591778114
AVE,CEPV,0.0069496340177991715,-0.002430865248231093,0.005647111618007633
PVR,URYV,0.006390874664479958,-0.0009579040544875469,0.0056432894432533205
ADF,SIAV,0.003967086160542767,0.005437341858639476,0.005628763845083817
IL2L/R,SIAV,0.005108499080859944,0.002323539432309148,0.005599606455143607
AVE,RMDD,0.006389137569650554,-0.0010805178132089503,0.005598453177714447
RIG,URYD,0.004899075334417364,0.002858591379736837,0.005592177297856525
RIM,SIBV,0.006373622296472021,-0.0010976646398279774,0.005577890535081524
URX,URYV,0.004401814909824128,0.004079755253411665,0.00555717206609348
AQR,AVJ,0.0033420615056469994,0.006892134061413808,0.005556524654638333
PVR,URB,0.005222722339811104,0.00189200619042473,0.005554424012328601
SAAV,SDQ,0.008479926286136818,-0.006780434409955976,0.005546385363896454
RIA,RIB,0.0052454623686917215,0.0018077590987705364,0.005546015426379283
FLP,RIF,0.009187369746985748,-0.008665119233476725,0.005544256255224755
SIAD,URB,0.00647866634429834,-0.0014750615121212635,0.005543196105691384
IL1L/R,RMEV,0.005968784611306199,-0.00012550283221186262,0.005541627215710406
ADA,RMH,0.004860241306055847,0.002814765037465415,0.005540389726378878
ADE,AIN,0.006786695905144402,-0.0023273162419526223,0.005531118792728791
ADA,SMBD,0.00464117053047415,0.0033187764269469234,0.005512993368249082
ALA,ALN,0.003559289442576951,0.006190091078367043,0.005512407603916021
ASH,RIM,0.005392527079120417,0.0013202897997432303,0.005511854922182355
ADE,BWM04D,0.004386299106834859,0.00397676037484485,0.005506355005829442
SAAD,SIBD,0.006703845675619719,-0.002197603977799599,0.005499296053198568
ADE,IL2L/R,0.006380248157317057,-0.0013634850574373947,0.005490412889357728
AIM,ASI,0.005645158840333732,0.0005468336123097906,0.005475703454027798
RMG,SAAV,0.005390545946596351,0.001218360076298232,0.005474079586664772
SAAD,SMBV,0.007206425290381053,-0.003623120117384768,0.005467262939870046
AVE,URX,0.004955116767390424,0.0022606994792226617,0.005433918834892032
AIZ,ASI,0.006431334349939082,-0.0016932452841369183,0.00542201002904914
RIV,SIBV,0.004515261015282799,0.003382017063298766,0.005417448391788211
SMBD,SMDD,0.005380240991357163,0.0010635645701294104,0.0054098838853337125
DVA,PVP,0.007560881560686133,-0.0047324115948060245,0.005408050872579492
URAD,URX,0.0037051013434566296,0.0053905692160463245,0.005367103457904494
RID,SIBD,0.004367815131117704,0.003606019144273828,0.005358403050268958
AVA,RMG,0.004711839255750166,0.0026795362638519582,0.005353852138287952
ALA,ASE,0.005615609608421604,0.0002633563472073304,0.005348149043472582
ASH,RIR,0.006226664820450793,-0.001388930005921718,0.005337715607377834
RMH,SMBV,0.005348535662505846,0.0009427437744121653,0.005337633866622413
AIZ,ASH,0.0047608258418693275,0.0024897695141087002,0.005332819815550622
AIB,AWB,0.005597297197198526,0.00019319390016334009,0.005306285349405477
ADA,SMBV,0.004844493032706043,0.0021787744470639315,0.005301520788422231
ADE,SIAV,0.006086461654224288,-0.0011198574017930547,0.005301331738922756
BWM08V,SIAV,0.00577060058795619,-0.0003415695011309475,0.005280013147293693
OLL,RMED,0.007607072551025005,-0.005223954059298975,0.0052780527888856
BAG,IL2V,0.004227121078098481,0.003731236789372224,0.005270863510255186
OLQV,SIAV,0.0075092243716070265,-0.004987010375501371,0.005269983982785246
AVM,RMG,0.005293163523540136,0.0008798274723250714,0.0052636416511178796
ADA,SAAD,0.004382898578427344,0.003288225111052143,0.005260524243858089
AVK,PVC,0.0036607636990776643,0.0051942240468254375,0.0052564158234751825
IL2L/R,RIC,0.0063940516784238045,-0.0020691495933278193,0.005254645878829072
AVA,AVA,0.003918710764762969,0.004494020503586899,0.005251053798692565
AWB,RMG,0.0058323866275256,-0.0006128995808853236,0.005242215193890295
ADL,AVB,0.003918715915319905,0.004460333106325484,0.005239186760809247
AVE,RIM,0.006185005676522082,-0.0015754101913941887,0.005233011176671463
AIN,AVD,0.006407053109865649,-0.0021792628861640817,0.00522800790603499
AVB,URX,0.0054842563641095115,0.00024203911406540804,0.005217710336022467
RMDL/R,SMDD,0.0053809913605460365,0.0003515764653726676,0.005159672646242024
AIB,FLP,0.005032238683567983,0.0012766253341881411,0.005159293003615458
ADL,AIY,0.006780831305634576,-0.00336736675098242,0.005159103695934398
AVE,RMDV,0.005304978227854223,0.000533507980162689,0.005152651081902675
DVC,FLP,0.00442594773248647,0.0027723706234520783,0.005119018029568836
BWM06D,SIBV,0.00554209607117095,-0.00022172218660720255,0.00510840407101534
ADE,AVJ,0.005615097966573349,-0.0004636692505923458,0.005091457358251242
AQR,RIG,0.0036879176685172257,0.004624750268765818,0.005081138078285219
CEPD,RMG,0.006770790112723702,-0.0035791868363372506,0.005075058663877565
AVM,RIS,0.0038953589373533822,0.003888063963474135,0.005015653487359974
BWM05D,SMDD,0.00486870256352186,0.0012972533462210598,0.005013518145984045
ASK,RMG,0.003881580356516006,0.003901716974919709,0.005007570365415809
ADA,ASK,0.005528746172023819,-0.0004960292048276498,0.004999241430731553
AVH,DVA,0.004039909726960387,0.003446558428532909,0.00499533854590481
AIN,RID,0.013738756133631302,-0.022311978300013476,0.0049943245298975205
AIZ,AIZ,0.005788539509114245,-0.00120023163053761,0.0049941979734770894
AVE,AVJ,0.005083252550922835,0.0006668085129215679,0.004992127029097093
AVF,RID,0.004352959248568608,0.002602203755657253,0.004990743215443311
AIB,SIBV,0.004268776184544464,0.002760225641427765,0.004967649812638619
AVE,RMG,0.005821232377278768,-0.0013833550793023617,0.004960258441632289
RMDV,URB,0.006673363045779441,-0.003672006950410219,0.004951171087699041
BWM02V,BWM06V,0.022870789447720197,-0.046695297033782494,0.00494750536956981
CEPV,RMDD,0.0033761079511055716,0.005052409041191227,0.004940044852307992
IL1D,RMDV,-0.003351139878243853,0.0229138649478857,0.004938984358200357
ADF,SIBV,0.005811045955206324,-0.0014672826221443734,0.004921148421113992
RMDV,SMDV,0.0068176039961437415,-0.004160850020918417,0.0049138838481950185
ADA,PVR,0.0068257961823518535,-0.004201914803417764,0.004907078722600792
DVC,PVP,0.005011052392331466,0.0006091529377936053,0.004904240344761121
ALA,AWA,0.004592804533334386,0.0016811214658720478,0.004890600314388007
AVD,SAAV,0.004314547393418348,0.002417199390682567,0.004889597840527568
BWM01V,CEPV,0.006977326902879558,-0.004660676015783591,0.004887214797669536
AIB,DVC,0.0059070139049553876,-0.0018372334778630657,0.004880584241533256
RMDV,RMDV,0.0035195288791913604,0.004483084245279264,0.004873627437670573
ADE,SMDD,0.004386718653370546,0.0021664516436031953,0.004868772311666558
ALM,CEPV,0.0038920321972667725,0.0034606347481430087,0.004861908800519032
AIM,RIC,0.004288143608016697,0.0024050255669506382,0.0048605977885720405
AVE,SIBD,0.005876571668798406,-0.0018158693412316507,0.0048596240210651434
CEPD,RIA,0.005870072237058258,-0.0018106923882146232,0.004855365984405092
BDU,PVP,0.004807243488152619,0.0010038190020429114,0.004852592076136108
AIZ,DVA,0.005953337250888063,-0.0020472251518278118,0.004849932024368182
IL2D,URX,0.006501489419468541,-0.0035688604113158265,0.0048266741740834495
AVH,AVM,0.005897058133780055,-0.0020152907459352366,0.004808517587921712
OLQD,SMBD,0.005161005162749109,-0.00011200378391072563,0.004790428260667915
ASI,BAG,0.0038503570725325134,0.003348862083268464,0.004783517274187679
PVP,URX,0.007256037092339601,-0.005702769849581369,0.004780797441156849
ALN,SIAV,0.0036698292865028842,0.0038123562075003327,0.004777912383509272
ALN,SMDV,0.003996748085342881,0.002931992679007794,0.0047736065750550805
AVF,URX,0.004114838933302649,0.0026011000870459515,0.00476751061267782
ADL,RIF,0.006317262528708686,-0.003267746394936926,0.004760382724832908
IL1V,RMED,0.0031260127280441233,0.005164078273173455,0.004745348168012037
ADA,ADF,0.005414087230977048,-0.000925115145336817,0.004740723233197426
ALM,CEPD,0.0023827289908029026,0.007098215845554232,0.004731364104877866
ADL,OLQV,0.0046590344612731675,0.0010463025206644365,0.004728863151270805
ADE,SMBD,0.004955243710092287,0.00025744081446213944,0.004728064351290395
BWM06V,RIP,0.007054538871054789,-0.00532090050457424,0.004726801889972457
RMDV,RMEV,0.009250949988390614,-0.011206489760856747,0.004708146893843749
BWM04D,IL2L/R,0.00402004835646098,0.0026809125128201784,0.004706928237326709
ADA,OLQV,0.005162888427098566,-0.0003840751523917514,0.0046963093678523
IL1V,RIC,0.004794967398178863,0.0005805106124382365,0.004691924417103824
AIB,RIB,0.004840531486572815,0.0004278643593116112,0.0046807708926446525
RIS,SMDD,0.005539465553211073,-0.0014307137364941579,0.004679878647464983
RMEV,SMDV,0.005323323857115799,-0.0009402474589761866,0.00465044998709627
ALA,OLQD,0.003761698287449496,0.003147209941464463,0.004629481688006036
ADL,AVD,0.003978461665468517,0.0025499122521439746,0.004621843427220637
AWA,BAG,0.00545095420305735,-0.0013856078839393864,0.004612941625393601
ADA,AVE,0.0037049579751729945,0.003247336926129476,0.004611667557820935
ALM,SIAD,0.007904766916988864,-0.007930323745626819,0.004602890154136376
RIC,RMDL/R,0.003635513637830031,0.003404038980986267,0.004601902190740172
ADA,AQR,0.005797766848174155,-0.002351185253747606,0.004597222951220519
ASE,ASJ,0.0057369979155657705,-0.0022059062811578566,0.004591550780112463
AVH,FLP,0.003699783019044985,0.0032032963999632045,0.004591304172627974
AVA,DVC,0.005346744109560401,-0.0011809733180477532,0.004587532919945105
RMDL/R,SMBD,0.0035899061388964607,0.0034510661226010413,0.004575793600437594
AIM,CEPV,0.004638366294905557,0.0006389529352554479,0.0045659658924678305
ALA,ASK,0.008235651816157895,-0.008947219873284541,0.004554180213033157
AVK,SMBD,0.006608093133384955,-0.004634092980678697,0.004551037490914031
AWB,OLQV,0.0037899795615056607,0.0028207973490290204,0.0045409167114655365
AIM,SMBV,0.003657043053545971,0.0031725753723336916,0.004540479726197789
ADA,SAAV,0.006779209864387174,-0.005124664484433493,0.004538292689287173
RIM,SMBD,0.004727602979760113,0.000258226744199223,0.004515304931449148
AVH,RIV,0.006138459672790846,-0.003506834863341661,0.004508793252338679
AIB,RMF,0.011057517650425256,-0.01661181099878405,0.004493911357704288
AVH,RID,0.0007732898808822177,0.010695197730001707,0.004492800077917905
AVE,SMDV,0.0047691534282820755,6.143387088605285e-05,0.004484837444710677
AQR,SIAD,0.005327391532537077,-0.0014395879812054723,0.004478282886052206
AIZ,SIAD,0.004891470020237944,-0.00030408194943654066,0.004470494466301906
RIP,SIBV,0.004547387738610464,0.0006047837061571837,0.004468782423101747
AIZ,AWC,0.0059704128061848815,-0.003196066462571839,0.004461046119579287
ALM,ASJ,0.004939082617163878,-0.0004620713737157284,0.004459375027872484
IL1V,URX,0.0040225586271434,0.0019566413261111696,0.0044540352819448115
CEPV,SIBV,0.00397493347005764,0.0020685746679160134,0.004448912229422394
ADA,AVM,0.0030266560632176004,0.004570501022279026,0.004443181741208904
OLL,SMDD,0.004853875644207655,-0.0003040288300920065,0.004435330685313767
CEPD,SMDD,0.005494546295887236,-0.0020507627945779336,0.004419328190531496
RIG,RMG,0.0037860083379881375,0.0024290623444928197,0.004399147972231573
AFD,RIB,0.005362273424808563,-0.0017571864791518109,0.004399001260254811
RIA,SMBV,0.004994466613070152,-0.0007805922780490432,0.004398955121437308
ASJ,SMBV,0.005162849820104259,-0.0012366971475553134,0.00439579863646547
DVC,SAAD,0.004465682675020588,0.0005704393410990245,0.004380215783468611
RIA,SIAV,0.004976807524986068,-0.0008275400038955986,0.004365883993062331
RIB,SIBD,0.004143815490014815,0.0013527211551171295,0.004354683901683797
RID,SIAV,0.0036514734761738847,0.002630673700232437,0.004344294573494877
FLP,PVP,0.0038452416737376274,0.002111040494470099,0.004342506323379368
ADE,SIAD,0.006844405450706902,-0.005861649120200602,0.004339583082239625
RIH,URAV,0.006206164816490186,-0.004257182062020987,0.0043077230680320065
SIAV,SMDD,0.004753215354807119,-0.0005192532940037889,0.004265280498649119
AVK,RIS,0.002883413216898465,0.004436189103027122,0.004261795478170987
RIB,RMDL/R,0.004105603325430519,0.0011863325106018,0.004260285817689911
ASG,SAAV,0.003808731157072057,0.0019647042829190474,0.004256767444634692
CEPV,RIP,0.007044221487605408,-0.006689336207731849,0.004234892649653549
AVD,SMBD,0.004071560483609897,0.0012018068549114538,0.0042338803530664795
RMDD,SMDD,0.0030217739891358147,0.0039641254432998,0.004224918577772378
AIM,ALA,0.003435762926460281,0.002850099636959005,0.0042197514102653485
AVK,SIAD,0.0032347549607972424,0.0033762056764408883,0.004217045468282612
RMED,URAV,0.00645460238533116,-0.005175842628672389,0.004216474656623242
RIM,RIM,0.0052070271090222916,-0.0019009075358487576,0.004203065715741209
RMDD,RMEV,-8.115065140407264e-05,0.01213712757248214,0.004201330378258812
AIN,ALN,0.005225026549105806,-0.001980652576483155,0.004191807253272484
AIB,AIN,0.00443980132730336,7.013110826640619e-05,0.004179680011923795
AIY,RMEV,0.004026729033511815,0.0011669146852089686,0.004179628639300104
ADF,SIBD,0.0061937227189229685,-0.004603294242380435,0.004174104956435917
AVJ,URX,0.005551421593405253,-0.002906897596203901,0.004170842083396826
CEPV,URX,0.005314020858987801,-0.002278665677194695,0.004170068589228432
BWM08V,SMBV,0.007611272375490864,-0.008383691722126711,0.004168452300168391
AVL,RMDL/R,0.004893159418309523,-0.0011743978455101035,0.004165365328585624
RIA,RIG,0.0042672549158641266,0.00048393605383415927,0.004164033364165698
RIP,RMH,0.005312151243715199,-0.002294267262767936,0.004162820726613879
BWM03V,RIP,0.004822802669091073,-0.001003858295797303,0.004159622590988511
AVK,SMDV,0.004109261138911432,0.0008706921780557087,0.004152473382317645
BWM04V,IL2L/R,0.004245366730269221,0.0005062004936504428,0.004151395685387355
AVA,AVK,0.0035709179692321753,0.00227243194887569,0.004142658270908697
AIB,AVL,0.004265741688979845,0.000414837906998918,0.004138266171860484
RIA,RIR,0.004670718748952451,-0.0006737752579792059,0.004133621016948356
AVA,AVJ,0.006032163605056513,-0.004362866764538244,0.004107640336699445
RIC,RIM,0.0043597979047582495,6.792936026979674e-05,0.004104033302434578
IL2D,RMH,0.005850113311676166,-0.0038962148052157177,0.004101723475833003
ADL,AIZ,0.0057321977673648675,-0.0035880823772568918,0.004099962530191143
RMG,SMDV,0.003990745322425399,0.0010235739239856099,0.004095438402782776
AVH,SIAV,0.004437192441307609,-0.0001666305702238005,0.004093800737766958
ASH,ASI,0.004707947322212342,-0.000910099074543939,0.0040851777294369325
ALA,AVD,0.0031524966894136944,0.00316484443470761,0.004065578161857616
ADL,AVA,0.006050401525297364,-0.004547045572949913,0.004059801295291437
BWM07V,URAV,0.0017979914848948147,0.00673498798492223,0.0040561345388611635
ADA,AWA,0.0048741095462077775,-0.001460956801331981,0.004046550663039022
BWM07V,RIA,0.004808992449659947,-0.0012943544106369517,0.004044323923257858
AQR,DVC,0.00318150023203589,0.0030075568781378725,0.004037290883843514
OLQD,SIAD,0.005591080990859127,-0.0033925102692175563,0.004036821174845586
ADE,RIF,0.004103850692375953,0.0005488040859131943,0.004033972674833434
ALN,AVF,0.002805954364238738,0.0039913414775769995,0.004032536175593105
BWM01D,RMEL/R,0.0034619272227998012,0.0022219079403315188,0.004022854559465255
RIB,RIM,0.004374389168179251,-0.0002129949222130191,0.004018687247268518
BWM06V,SIBD,0.002179363593104231,0.005614272320529232,0.004018085492563878
ASE,AVH,0.0034893570821630665,0.0021121199131540736,0.00400983398342168
BWM01V,OLQV,0.004429935328821838,-0.00039160539834179494,0.004007725277819266
BWM01D,CEPD,0.007946495356240285,-0.009751382698664185,0.0040001776600257066
AVD,RMG,0.002712498012227809,0.004106705259779156,0.003985731168008097
AVH,RIG,0.005062602631503956,-0.0021763943557932754,0.003970821837500392
RIA,SMBD,0.004840789106492451,-0.0015962036792444734,0.003967705220356263
BWM01V,URYV,0.0028471753439998416,0.003680901844286919,0.0039617098247809995
BWM08D,IL1D,0.00619984257078199,-0.005259075857383271,0.00394872658615107
AVD,URX,0.0025939798862413374,0.004313544483437251,0.003947709313744421
RMF,SDQ,0.0067756717791909865,-0.006799937431132105,0.0039445945569664435
DVA,SAAV,0.0046790690697205255,-0.0012536673832096487,0.003937074419943494
PVC,RIF,0.004599613336684971,-0.0010465903904106173,0.003935692695375523
RMDL/R,SMBV,0.003674907403047166,0.0013850580145861463,0.003927254623624558
AIN,URX,0.004226719532796961,-0.00010795343778586592,0.003917509314754302
RMF,RMF,0.004787831045835852,-0.0016092314248633975,0.003913553555576647
AIB,SAAV,0.0049513864341144825,-0.0020679096763030987,0.0039049720897631024
BWM03D,IL2D,0.005086244838500103,-0.00246881815239127,0.0038898934888396642
RIP,URB,0.004234510056645476,-0.00021066754277816242,0.003888602307115342
AIZ,AVK,0.0043789596233476365,-0.0006080746661745006,0.0038837334657268164
BWM07V,RMDL/R,0.0017155846327823218,0.006438997646500561,0.0038747038371269773
AVA,RIA,0.004136362665924927,5.4063379261114805e-06,0.0038728987073600686
SIBD,SMDV,0.0042433887063239575,-0.0002847837799063449,0.0038707918608750316
BAG,CEPV,0.0036333876382244456,0.0013321428267256802,0.003869750597386553
AVD,SMBV,0.0034787463157473944,0.0016737615475160782,0.003845421009925378
BWM04D,OLQD,0.005507894192309609,-0.0037511319568242435,0.0038325884974572686
ADF,ASI,0.004232506486669414,-0.00037938889081039814,0.0038272677739572
RIG,SMBD,0.004741651365903546,-0.001754191453479842,0.0038192508247657077
AIY,AVH,0.004065538320512308,3.3881758824323536e-05,0.0038166532054428725
AFD,AIB,0.005576896171152,-0.004012591386475317,0.003805022083148746
ALA,SIAD,0.0025633088142166076,0.003974374126354608,0.0037994780962999106
RIC,SAAD,0.004697886146004438,-0.0017037425267595247,0.003796072201349862
BWM01D,URYD,0.003327297302594741,0.0019218437019816504,0.003791115478556713
PVC,SDQ,0.002101796665855682,0.005160081114065332,0.0037854322547232486
BWM06V,SAAD,0.003444120607784982,0.0015936738632656184,0.003784792825009784
RMDD,RMDD,0.0033043230700681723,0.0019474652674081735,0.0037786445212582387
BWM01D,SMBD,0.004500353794832406,-0.0012375854697439426,0.0037754921276434393
ALN,SMBV,0.0022833731936313982,0.004643040085363205,0.003773148009419988
IL2V,RIA,0.0034035412227882197,0.0016658952278936524,0.003772268526643797
BAG,URX,0.006231364816370321,-0.005861598323207619,0.003765890100601767
ALA,ALM,0.003291027263364333,0.0019081836480650282,0.003752358378356006
ASE,ASE,0.004858014784029562,-0.0022539002286707977,0.003752045332440018
ASH,BWM06D,0.0016625850718283792,0.006227777259651634,0.0037506677814064136
AVB,RIV,0.004065523684075675,-0.0002182323104096398,0.0037277913726722687
AIB,RMG,0.0036862245705583854,0.0007865324120180498,0.0037269178653930733
AIM,AIM,0.0030997180079865056,0.0023288981577601754,0.003721587637251885
DVA,SMDV,0.003929858987267874,0.00010456668969633573,0.0037145886576935468
CEPV,IL2V,0.005329933803275209,-0.0036379082183849196,0.0037059466491157077
PVR,RMG,0.002591487955847882,0.003629467568661893,0.00370430003616386
IL1L/R,RMDL/R,0.007340683711180628,-0.008984706674601724,0.0037034181603341726
IL1D,RMED,0.006894172496966979,-0.007813620921906215,0.0036982581596425057
AIY,ASG,0.0034578505191268224,0.0013094761327041898,0.0036974870741507807
ALA,SMBV,0.0030427272946625746,0.0023960851760222823,0.003691930716481847
AVB,SMBV,0.0035294536321608502,0.0010879903065059448,0.0036864421130145576
ADF,RIM,0.004987460756814182,-0.002827915872157365,0.0036708964156477587
AWA,AWA,0.001005209292958279,0.007711436693597734,0.0036583261316615193
CEPD,RIB,0.00295849532007152,0.002521342394070323,0.0036572448643448826
AIZ,PVP,0.003379075877551641,0.0013675868021961102,0.003644245159387543
IL2L/R,SIBV,0.002696841006948529,0.003171450646485513,0.0036414832770528295
BWM03V,RMEL/R,0.004829108300094711,-0.0025411922986036365,0.0036237480495358776
PVT,URAV,0.003966986802008683,-0.00028077513239120795,0.0036135352763017993
DVA,SMBV,0.0047964455779335195,-0.0024991990878359964,0.0036079797412479605
RMDV,SIAV,-0.0015345295542932428,0.014309466638673222,0.0036067526252397237
PVC,SMBV,0.004068339089551936,-0.0005714441732286984,0.0036059498993454755
OLL,RIA,0.004646790260123267,-0.0021121279456614243,0.00360433427918398
BWM03V,SMDV,0.0036222907829699382,0.0005832576084945704,0.0035954491930938687
BDU,URAD,0.0036969571946788094,0.00036605728020745835,0.0035887812668530194
AVE,IL2L/R,0.00319707348535016,0.001689944107004041,0.0035875218947177216
ALA,SIBD,0.0025393821546064533,0.0034363795638251114,0.0035874904778756826
PVP,SIAV,0.0035984833370735565,0.0006142658622264127,0.0035840968133965035
AVM,RID,0.007427251795000704,-0.00955479711922917,0.003583525483511874
BWM07V,IL1V,0.001585454836537372,0.005938859757915215,0.0035766677296916825
PVC,SIAD,0.004757808221401887,-0.002490279240843,0.0035749646375545473
BWM03V,OLQV,0.0040809643330604675,-0.0006955885894082422,0.003574015130563034
BWM04V,PVR,0.007445632842783795,-0.009634738882096223,0.003572554819257441
OLL,OLL,0.00407353005090305,-0.000684373225452954,0.0035710102301688214
SAAD,SIAV,0.0036334336677402834,0.00047179922280298826,0.003566597881621305
BWM06V,IL1L/R,0.004626034867353083,-0.002168222508620452,0.0035651420309803106
BWM06V,URB,0.0033466664042316524,0.00121613490886585,0.0035605413907683786
AUA,AVH,0.004179517056128559,-0.001000142476416981,0.00355891660320543
AIB,SIBD,0.0023189113187817557,0.003911830243718452,0.0035487187311911157
ADF,AIB,0.00428574635398341,-0.0013409668123358287,0.0035382200008098894
BAG,PVP,0.004236796906320477,-0.0012168383564516942,0.0035361553278107083
AWB,RIG,0.0023919635174155757,0.003654306088968997,0.003526329533815371
AVD,PVQ,0.0037653817722504593,-1.0085551576706024e-05,0.003520258636527503
PVC,RIC,0.005130139999872477,-0.0036349013233956304,0.0035200303265257647
CEPV,SIAV,0.005187818531100458,-0.0037906782108735938,0.0035191107657618465
AVB,SIAD,0.0045836452754724425,-0.002205966916913524,0.0035121703531294257
PVC,RIV,0.0037651436072743166,-4.2471322761503905e-05,0.0035086226022974557
ADL,ASJ,0.0033034486749845457,0.0011187613935882265,0.003485780665544893
ADE,DVA,0.003880890568115206,-0.0004304435804647094,0.003480217540859942
AVJ,SIAD,0.0035027649813225378,0.0005535309525074293,0.003473115550970912
BDU,IL2D,0.002829684179670668,0.0023238452811382916,0.0034670971895504623
ADA,SMDV,0.0051131123168170894,-0.0037556426813148123,0.0034615443010169306
SAAV,SIBV,0.004433591675963068,-0.001985787925769644,0.003449337290362333
RIH,RMED,0.004532433043654408,-0.0022868448196118126,0.003435741273480216
AVD,SMDV,0.0034560218991458703,0.0005458948135402391,0.0034266802106938162
PVP,RID,-0.0012980895231085063,0.013162863631841474,0.00342394662826941
BWM02D,IL2L/R,0.0029086154647301504,0.001978994205788858,0.0034194348110438903
ADE,ALA,0.002728750482427607,0.0024415270292464687,0.0034141114274242523
AVK,RIV,0.003442150474544162,0.0005403548506567661,0.0034117463584032296
ALM,SAAD,0.0021698125037476986,0.0039079778476332,0.0034078277497652555
RMF,SMDD,0.004618240183528369,-0.00259512744094604,0.0034074008061296154
AVK,SMDD,0.004071654688508115,-0.0011514795648627492,0.003404641095305092
RMDV,RMEL/R,0.005485074861055937,-0.004913225837584221,0.003401696800389381
BWM06V,OLQV,0.0035143658374209843,0.00031593585640562934,0.003400240683169437
PVQ,SMBV,0.0027551972106969686,0.0023065701331003332,0.0033913009706402993
ASJ,ASJ,0.006129784663770344,-0.006662549162236662,0.0033885618013103007
BDU,RIM,0.004400001718400742,-0.0020836495076148633,0.003383414664368394
RIC,RMDD,0.0035761565533385534,9.860958956028658e-05,0.0033814787218015676
RMH,SIBV,0.006491282982763405,-0.007648282797489766,0.0033794833197383386
RMEV,URYV,0.004637939719482612,-0.002741660651863986,0.003374196387194003
BAG,IL1D,0.0037058718312110704,-0.0002678003776912005,0.0033737446565492157
AIM,AVM,0.0021954077471278708,0.003735861158495216,0.0033711248618132593
AVE,IL1D,0.003621613022208107,-5.239980561370863e-05,0.0033708013312830614
ALM,SIBV,0.0021162148848691384,0.0039258140317279915,0.0033639543906621005
BWM06D,OLQD,0.005234354378797658,-0.004367235415598762,0.003359475162637625
AVE,RMDL/R,0.0038884425882279804,-0.000828147792843762,0.00334712914600514
ADA,OLQD,0.0037452863093185304,-0.0004505459960973332,0.003346228660463802
FLP,PVT,0.0016160248217807808,0.005193214070858754,0.00334250167205495
AVM,PVP,0.002298067912938101,0.0032868182923644668,0.0033089505490604145
AVD,CEPD,0.003232931826914261,0.0007925469423314409,0.003304825808659789
PVC,SMBD,0.0040521818350652584,-0.001396828855147699,0.003299953383828079
RIA,RIH,0.0037683966333146184,-0.0006456429305219933,0.003299101749246833
AIY,RIA,0.003379446530148152,0.0003828642413873237,0.0032975635482465067
RIG,SIAD,0.003502690866570548,5.4460919317061804e-05,0.0032971677008791
OLQD,SIBV,0.007203245930705019,-0.009780022903670572,0.003294518393514764
OLQV,URB,0.003799657428080549,-0.0007972929231709008,0.00327491365656932
OLL,RMEV,0.0036154310831805394,-0.00031412120332104,0.0032727821184112965
PVQ,SIBV,0.0035785251427209236,-0.00022651555455124184,0.0032691172071488755
AUA,AVE,0.006334136790109801,-0.007572019211984569,0.003259295110787528
AVH,AVK,0.0041009022185727155,-0.0016654852455554555,0.003250870245680839
AVA,SDQ,0.009418630986475818,-0.015791961294782317,0.003249093051379952
RIM,RMH,0.003048932678092478,0.0011113819097281184,0.003244992574175681
ASI,ASI,0.001973554401052825,0.003964168961482511,0.0032439630748159302
ADL,AVF,0.0021026091175490778,0.0036053019467459195,0.0032382690569734544
RIC,RMDV,0.0038032543570470866,-0.0009159447733076433,0.0032364654352923694
AIM,ALN,0.002095564301472491,0.0036185524484885984,0.0032363458442632963
AWB,SIBD,0.0039654895704196134,-0.0013951875585211564,0.00321940129306272
PVR,URAD,0.0025090551062955887,0.0024673693105232222,0.0032176177959955246
RIS,SMDV,0.0031147190311770195,0.0007913044303684837,0.0031937591030903084
AVB,SMBD,0.0025818264321516944,0.0022019328328853104,0.003192177344246519
ADL,AFD,0.004878452329799331,-0.003925749049360517,0.0031819913740391715
AIA,AVF,0.003982218705348316,-0.0015472178884869336,0.0031814797866466103
ASK,AWB,0.0035482609770991313,-0.0004063096279435735,0.00317743297661244
ALN,OLL,0.001412260822958475,0.005257170582819667,0.0031743492662556203
AVJ,DVA,0.00291290959819123,0.0012699075698911265,0.003173562499012192
RIC,RIP,0.004117194536489056,-0.0019347328693378194,0.0031712311133320283
AWA,AWC,0.005220886164882926,-0.004879548884499617,0.003166325363092734
AIY,RIS,0.002717485056842268,0.0017636882450123574,0.003164689914917288
BWM05V,RMEL/R,0.004717349011116187,-0.0035482890824149117,0.003164245262259682
RMDV,SMDD,0.00430756240915979,-0.0024632439706388383,0.0031631320060187683
ADA,URAV,0.0026811107225578677,0.0018413975619932324,0.0031580349140501477
AIB,AVB,0.00403919593889018,-0.0017776752530516725,0.003153585590638802
SIAD,URYV,0.0032883557483116077,0.0002144974532012146,0.0031529821633981743
IL2L/R,RIP,0.004689149171997511,-0.003518727170688605,0.003148272575332484
FLP,RIV,0.0010343409472372996,0.006185700668895482,0.0031479004769568737
AVJ,RIV,0.0038750644173154887,-0.0013590086552599018,0.003147527280453774
ALN,AVA,0.0029779735726328574,0.0010095991940706956,0.0031427163694996703
AIM,SIAV,0.004423751448369601,-0.002849083544644301,0.003135892245593641
AVA,RMDD,0.00296414770234562,0.0010230721964715388,0.0031345255545428565
AVM,PVQ,0.0022433993775545567,0.002811805190903307,0.0030903887570173185
BWM06D,RIM,0.001320912583151392,0.005245962197610432,0.0030849115176153972
RIA,SIAD,0.004426270536492153,-0.003015328498227256,0.0030796629306703138
BWM01V,IL2V,0.004081052704444595,-0.002102656456899691,0.0030782296062265555
ADA,RIV,0.003519961147171513,-0.0006196737733397574,0.0030757565482749647
PVT,SMBD,0.0035359164517954197,-0.0006647908520511283,0.003074788416984663
RIH,URAD,0.004667269674660962,-0.00369267269240942,0.0030664961953080143
ADF,ASG,0.0037874634445977198,-0.0013752283927658986,0.003059830329281043
AQR,SMBD,0.0026487540288150876,0.00164292103502842,0.003057808472849934
AIM,AWA,0.0034041149163142968,-0.00038421412141822304,0.0030503213682212277
PVT,RMF,0.005790522709366212,-0.0067433080130159615,0.0030426048451644015
BWM03D,OLQD,0.0038847100151735885,-0.001689663195719714,0.003040027288181443
AQR,SDQ,0.002248384593863261,0.0026436216434163017,0.0030357841706902763
RIM,SIAV,0.003832229637369396,-0.0015648331584837132,0.00303490545860797
ADE,ASJ,0.003023996963363642,0.0005495686464110335,0.0030236666302162598
AVB,BWM06V,0.0047129690437730815,-0.00394065967841525,0.0030218700119051412
AIB,ALA,0.0024411918515776197,0.0020856818985490215,0.003019596928952079
AVA,CEPD,0.0027794041824866955,0.0011858037230544748,0.003018982909188637
CEPV,RID,0.0026238596896263557,0.0015701214011039318,0.003008855738319979
AVB,RIR,0.0032956547054757064,-0.000214902056017756,0.0030084871238748485
AIB,URX,0.003053528791267107,0.0003951716735340392,0.0029968924228938893
AVD,RIG,0.003809433709614727,-0.0016125410293441956,0.0029967591610327534
IL1D,PVR,0.002630643724149533,0.0014850325605875517,0.0029852181754230008
BWM05D,RMDD,-0.007608745585377927,0.028661080969095663,0.0029799166882392386
RMG,SMBD,0.00396837612819922,-0.002112822066698102,0.002969199332102291
ASJ,AVE,0.002190786389801704,0.0025916017158195133,0.0029635487217319263
ASJ,URX,0.0027519323859998756,0.0011013757134030013,0.0029635200903660444
AVB,AVK,0.004377010096180855,-0.003216480256694683,0.0029626744214557976
AVM,RIM,0.002677005088463703,0.0012802373743734388,0.002956432844511215
ADE,SAAV,0.005389430199060966,-0.005929446509320493,0.0029540594311599122
RIR,SMBV,0.0032036412025905157,-0.00012553435835227622,0.0029538710554362596
AVF,DVA,0.002635631106066376,0.001373354874968397,0.002950528984657426
PVP,SMBD,0.001978225497001335,0.0031142614062030114,0.0029488164967801686
RIH,URYD,0.004479918568514203,-0.0035745688888462403,0.002932785888969048
ASI,IL1L/R,0.0031342957816684258,-9.265327508305932e-06,0.0029299491579567035
PVP,SDQ,0.0018396229493060684,0.003420119205837896,0.0029268941194928863
AQR,SIBV,0.004264822418732228,-0.0030258898374118707,0.00292485060360468
ASK,SIBD,0.003684396853774376,-0.001489540285866349,0.002923091063691738
AVE,PVT,0.0034632107169847394,-0.0009190960523219698,0.00291712681674503
AWC,IL2D,0.0037235119747489145,-0.0016146110889698662,0.002915620238418802
AIB,DVA,0.002785588111130015,0.0008518950899277635,0.002907096549070021
AIN,AVH,0.005756194194164344,-0.007041033245939468,0.0029055566060833438
ADL,ALM,0.0024266267565876964,0.0017962050607148066,0.0029039510207640594
AIB,URYV,0.0025918525567844106,0.001344469398909734,0.002899379456221362
AVA,RIR,0.004386255883205611,-0.0034377187863037124,0.002893359832109066
RIR,SIAD,0.0018917626619539148,0.0031806158895342747,0.00289128484880265
RMF,URYD,0.004321448186317936,-0.0032937784316822206,0.00288343625886602
AIA,URX,0.002932290413724668,0.00038413617182055375,0.00287954307090482
AIB,RIR,0.003104469976422354,-7.492990807350772e-05,0.0028788958182078507
RIB,RIG,0.003370138406652108,-0.0007821423674854298,0.0028782897629192976
IL2V,RMDD,0.0026878323397213325,0.0010273802754846549,0.0028774554829462235
BWM01V,RMEL/R,0.0036639246168895124,-0.001592607739675334,0.0028676099741756765
RMDL/R,SIBD,0.0029284874895066193,0.0003603524542487429,0.0028676024460522237
AIN,RIV,0.004707319192445391,-0.004368176714125521,0.002865920304520352
ASE,RIF,0.0033750590940818345,-0.0008377808400889472,0.0028632870724913132
AIY,URX,0.0030957685534350305,-9.877111811152282e-05,0.002862350697747243
AIA,AVH,0.0028695180534034225,0.0004842945835603531,0.0028560949552818796
AVD,OLQD,0.0018360137584821357,0.003194410057446823,0.002843973764421143
AFD,URX,0.0013642809146714127,0.004443957276581145,0.0028428610302567965
IL2D,IL2L/R,0.0033439904506720615,-0.0008225330189672195,0.0028395851663620174
AVF,AVM,0.0030406951417886858,-8.406227050263453e-05,0.002815994113378007
SAAD,SIBV,0.0033293863721391586,-0.0008552301319757059,0.0028143951460566415
ADE,BWM04V,0.0012256529747375806,0.004652270729326286,0.0027865390480771423
DVA,RIC,0.0030365553319191435,-0.0001706601222588917,0.002781601733290261
RMDD,SDQ,0.004722664049416172,-0.004652225599607886,0.002780178346970929
AVM,PVR,0.002669587343982286,0.0007904171916240565,0.002776872259206
SMBV,SMBV,0.002617128833524953,0.0009136610888770591,0.0027712119186069995
AIB,RMH,0.0029475180929547833,3.364204191742584e-05,0.002770275322190435
ADE,AVK,0.0023729937550176212,0.0015590609348904814,0.0027701863147304635
AVD,IL1D,0.002326184456957365,0.0016643496820365046,0.0027634851417817257
ADA,URAD,0.004063118145313287,-0.002958056198971529,0.0027599921287098043
AIY,SMBV,0.003495955245377749,-0.0014586598162360795,0.0027576216282085286
AVA,SIBV,0.0032835950212400837,-0.0009139052020877451,0.0027508637240658655
AIZ,RIG,0.0046875568629311795,-0.004656989364436966,0.0027456446594334755
AVM,RMF,0.0012152297071405368,0.00455205574958042,0.002741467481460976
RMF,SMBD,0.001380592739189311,0.004099018129025805,0.0027365655181668435
ADF,OLQV,0.0025667823164961224,0.0009349878042394396,0.002731611192883954
OLL,RMG,0.0028784533803468803,9.760006758914976e-05,0.002728181074936445
ALM,AQR,0.003841536355333465,-0.002488000673255894,0.002718279381898062
AIN,AIZ,0.0034035224086694047,-0.0013272985296550865,0.0027174121917040595
BWM03D,RIC,0.0019096719215244728,0.0026292400372791755,0.00271373342432175
BWM06D,SAAV,0.0010520608539295528,0.004875600582522479,0.0027027879858073224
BWM05V,PVR,0.005147520895734299,-0.0060011007872879316,0.002702418010984096
ADE,SMBV,0.003084309682077222,-0.0005223641978218304,0.002702347500162277
FLP,RIG,-0.0007896849858320583,0.009764561786734703,0.0027021305061008753
RIC,RID,0.0014227229881715337,0.003885938885712198,0.002700901115209989
RID,SMBD,0.002842535969906542,0.00011299586514937534,0.0026999936241865587
ALM,PVQ,0.002089580840996081,0.0021115334911223586,0.002699654019844068
DVC,SIAV,0.0016543720361162678,0.0032562026016904355,0.0026957617666136073
RID,SIAD,0.003368903797461916,-0.001303025931739925,0.002693568510357394
SDQ,SMBV,0.001914094345458337,0.0025453301450395504,0.002688301236504668
RMDD,SAAV,0.003749389963776014,-0.0023346360376930463,0.0026860922675890943
RMDV,RMF,0.002549951117632976,0.0008358211694538513,0.0026809122469934454
ALN,URX,0.002069160734672402,0.0020841912013015145,0.0026709082065650516
ADE,AQR,0.002934807081228893,-0.00021740177315997218,0.0026699088236484918
AVL,SMDV,0.0034309659196148125,-0.0015376120054894221,0.0026689779723643157
RMF,URX,0.0038186028228614018,-0.0025720949013465734,0.0026671813025807346
AQR,SMBV,0.0029358563340365343,-0.00023055043427789662,0.0026662570096193656
AWA,RIB,0.0031860043099922308,-0.0008984517084034363,0.0026649799689628007
AVD,URAD,0.002411493869392959,0.001148617110663216,0.0026615709348741775
AVE,RMF,0.0034382132914222616,-0.0015922892512555426,0.002656491445686155
ASI,AUA,0.0037015861353765053,-0.0023152308051175687,0.002648193949324739
BAG,SIBV,0.002520293262332227,0.0008160244236983502,0.002646180478097867
BWM03V,IL2V,0.0030559623492365053,-0.0006127787702065174,0.002643955576000517
AVL,SIAD,0.00278182532007279,9.388601492583935e-05,0.002636443329874576
RIA,RIM,0.0030279057145468865,-0.0005598541514393484,0.002636350214881727
RMF,SMDV,0.003049942368355973,-0.0006235503417503507,0.0026345257724083313
ASI,IL2L/R,0.00337771023120649,-0.0015098464415894345,0.002628923844115774
AIB,AVK,0.004239367696065385,-0.003798268735993682,0.0026288329985981055
ALN,RID,0.0011619748802658239,0.004361984346094441,0.00262464570137638
OLQV,RMDV,-0.0011497987030202011,0.010494025535591547,0.0026221920630357404
AVE,FLP,0.012805916141113463,-0.026570200230089575,0.0026206806858511678
URAV,URX,0.001796634710195239,0.002665362741556236,0.002620678229631375
AVB,RIS,0.002452040616347168,0.0009230561374356548,0.002620025902850014
BWM01V,IL1L/R,0.0037867324264266723,-0.00265038706898988,0.0026097644239965775
IL1D,RIH,0.0038124317854940424,-0.002736630269487946,0.0026034218581852467
AVE,SMDD,0.0028308073790764944,-0.00014381341634742319,0.0025985146970082646
ALN,RIA,0.001725978983350934,0.002790049743289799,0.002598496686878225
AVE,SAAV,0.002658854363615123,0.000291569387367717,0.0025910276815126576
AVH,RIC,0.004042420898606479,-0.0033843635105182336,0.0025903867166196374
PVC,SAAV,0.0032744182319676823,-0.001366045002674682,0.0025829359814327955
AIB,PVT,0.0043530317621244315,-0.0042317307259482585,0.0025824475232074213
AIB,IL2V,0.0019474437097339523,0.002145545693558179,0.002578622049610015
CEPV,RIS,0.002738725808386281,3.153529181984568e-05,0.002574135705728523
AWB,BWM06D,0.0011398134770782187,0.00426955863677148,0.0025713340975621287
AUA,DVA,0.0037966990276971668,-0.002787064629882448,0.0025709247425687557
AWA,RMG,0.002461595393274697,0.0007435532929258637,0.0025657086548868217
ALM,URYV,0.001442464944026731,0.003445482911843034,0.0025641543554413143
AVH,PVQ,0.002064963939335693,0.0017824998530222302,0.002560660872099212
AVE,IL1V,0.0035386504337004574,-0.002142939633390616,0.002556428974888082
ADL,SIBD,0.0023952872249643196,0.000863222310576846,0.0025458273520976775
RMDV,RMG,0.002862898870813571,-0.00040183606959294033,0.002537616958453305
ALM,RMH,0.001634354721150003,0.002835820351593416,0.0025288807304868375
AVB,RMG,0.0027084571394203664,-2.1160733807000777e-05,0.002527238194417815
BDU,URX,0.0038716205848201663,-0.003142760073433517,0.0025156881907642927
ALN,ASJ,0.001792164785469946,0.0023750829481341703,0.0025141968623890146
ASJ,IL1L/R,0.0018776622248179173,0.002089397957016821,0.0024935302495112137
AIM,FLP,0.0041156086921958525,-0.0038595197272725673,0.0024914281681848427
IL2V,SIBD,0.0023965532983268594,0.0006908331651235817,0.002486260120166365
AVH,RMG,0.0025018205914283625,0.00040262589256335926,0.002483206138536366
AIN,ASK,0.0031177503270515103,-0.001235454306748516,0.0024823409253345685
AVK,SAAV,0.0023402424827051417,0.0008210537838669434,0.0024794533033257924
AIB,SIAV,0.0025337290779651163,0.00030660941713004454,0.0024792301286048514
IL2V,PVT,0.003394543874122403,-0.001980333436103493,0.002478872049452785
RIA,SIBD,0.002557832124394025,0.00022455113433695546,0.0024728684790059777
OLL,RIG,0.0033616890426052797,-0.0019166151151504417,0.0024705801558045663
SIBD,SIBD,0.003021191074210484,-0.0010156962839799237,0.0024694219136475654
ASG,AWB,0.002825594309384059,-0.0005062873124622899,0.002465895761239327
SIBD,URX,0.0021204343199594192,0.0013537506347341894,0.002461475978818889
RMDV,SIBD,0.000390647211875912,0.00593838474400602,0.0024583458394018213
ASK,SIAD,0.001774035001704061,0.002260456729108369,0.0024568344927168293
FLP,RMG,0.0029374013293332136,-0.0008324128510034474,0.00245559908011021
ASH,AVE,0.002642426014565069,-7.207544369675993e-05,0.002447500332951454
OLQV,RMED,0.004283132669785132,-0.004449973079660984,0.0024401215005971423
AUA,AVB,0.002131659268130678,0.0012613347710635414,0.002439412287680191
RIV,RMDD,0.0028967718277502752,-0.0007734040629733354,0.00243837160398611
CEPV,PVC,0.002377659815324598,0.0005888914063326583,0.0024326532081772128
ADE,RID,0.001425670427342137,0.0031038291863012767,0.0024280342700537267
BAG,URAV,0.0021067879961400864,0.0012878342779183384,0.0024254753933691943
RMH,URX,0.0019151523740338241,0.0017932501776100076,0.002424249047532607
RIB,RMEV,0.002250987512257578,0.0008782812750841921,0.0024160921843852483
IL2D,RMDV,0.0024565398456323846,0.0003117021062871464,0.0024087877147872063
SIBV,SMDV,0.0030295316984893677,-0.0012195436600623082,0.0024053890913823713
AVK,FLP,0.002322800454618231,0.0006111496490699975,0.002389157443053651
AVE,DVA,0.003421900945192174,-0.0023235899745041966,0.002383506146197061
PVP,RIM,0.0023273785703513254,0.0005793451908656592,0.0023822335619562746
AWC,RMF,0.0037527526893476274,-0.0032087788751214014,0.0023811804429377478
SIBV,URYV,0.003088484137496879,-0.0014961154164004444,0.0023630920956026146
RIG,SMBV,0.0026538822740137177,-0.00035432360275549236,0.0023587538500743207
OLQV,RMF,0.0034271253282683687,-0.0024177351710195465,0.002355217419068178
AIZ,SIBV,0.003041698173057773,-0.0013948979598593534,0.002354977985828803
AWC,IL2L/R,0.0032589194324275468,-0.001979419808431658,0.002352270596183366
RIC,URAD,0.0022321472445389727,0.000735477011899014,0.0023481346185952575
DVC,OLQV,0.0019244249806346324,0.001551527000378995,0.0023477405124108165
AIN,RIA,0.0023309574167281644,0.000470597473029309,0.002347258757652924
ALM,ASH,0.001897993146935453,0.0016011776724052817,0.0023405019332593023
IL1L/R,PVR,0.0015731826759681918,0.002457668942853899,0.0023383679285627398
RIF,URX,0.0027009813554901463,-0.0005519856712047802,0.0023331727073903907
OLQD,RIG,0.0019211802121683764,0.0014982133063539621,0.0023259155035331184
AVL,SMDD,0.0022452129464472746,0.0006331098965827366,0.002324286642334764
ADA,CEPV,0.002009209211113411,0.001252531142753135,0.002321715531729547
AVK,OLL,0.002455343243940656,6.636853140507658e-05,0.002321209276578706
RIS,RMG,0.001901967482038949,0.00153259533433697,0.0023200520246732894
BWM07D,RMEL/R,0.0036174342372803747,-0.0030246490281967456,0.0023194330240975023
AVE,AVM,0.002321073843402189,0.00041606977911773786,0.0023187930291744385
AVB,RIB,0.001832771459499249,0.001709636651137786,0.00231768685072065
BAG,OLQD,0.002012149952768455,0.0012306681693948123,0.002316762825606313
IL1L/R,SMDV,0.002906497615928726,-0.0011820643819009994,0.0023034564503612957
AVE,AVL,0.0031914378622564885,-0.0019440704296455036,0.0023015758813571268
BWM08V,URAV,0.003700954841389143,-0.0033243646809710662,0.0022919718204949904
ASI,IL2D,0.003328974789620461,-0.0023748053576485052,0.0022784927493864223
AVJ,SAAD,0.002128945738372802,0.0008044985850495113,0.0022758780881172516
BWM04V,RIP,0.0036111159746868736,-0.0031325334213063564,0.002275500308314455
AUA,CEPV,0.0013862359511017882,0.0027744101442541253,0.0022750383512046544
BWM06V,SMDV,0.0015534818215473334,0.0023298859165226398,0.0022748986579854114
AVM,SMBD,0.0019968929701264866,0.0010997047754740068,0.002256331528161086
ADF,AWC,0.002732250913068023,-0.0008685172273623299,0.0022508865005571445
OLQV,RIA,0.0031175020453222935,-0.0018941893634406729,0.002249962140810764
AVJ,URAD,0.0015126320374862696,0.002347378648141453,0.0022428342567415976
ASJ,AWA,0.0042860988105227005,-0.005018929828963089,0.002242389909325689
RMDD,URB,-0.0001520402370388694,0.006755949528511515,0.002238594622182866
AFD,RID,0.004859243415730083,-0.006556891887877336,0.00223676733333376
AIB,IL1V,0.0020385709503000157,0.0009270560948059533,0.0022344921051957243
OLQV,SIBV,0.0017924028751211492,0.0015704599197054162,0.0022308605092986413
IL2L/R,SIBD,0.002899584941627221,-0.0013860522621597976,0.0022250993926833393
IL1V,RIA,0.0023441890426153357,7.16019794142757e-05,0.0022190305286896197
OLQV,PVT,0.0002400061222879453,0.005631231435635391,0.0022091245125668087
BWM05V,OLQV,0.003084498121870537,-0.001924548254151814,0.0022083767401531555
IL1D,RIG,0.0021220968398063342,0.0005997507681538563,0.002197312903501022
ASI,SIBD,0.002548996499087715,-0.0005439942741972423,0.0021937547392604758
AVE,RID,0.0015998374409861727,0.0019714875456505127,0.0021919762770308978
BWM06V,RIC,0.0019441201289409889,0.001053167078038873,0.002190543876036192
AUA,PVP,0.0029644013263294793,-0.0016565704639155314,0.0021904234878914273
IL2V,RMDV,0.00331273466481813,-0.002583152631572536,0.002189870341185508
RIV,RMDL/R,0.0019856706725110427,0.0009215319175967964,0.002183038867094637
AVA,BDU,0.0032945266235789917,-0.0026151806846977763,0.002161543356190232
AIZ,DVC,0.0025072310174320783,-0.0005279746661557937,0.0021603142401140185
AVE,RIF,0.0028259099928795452,-0.001376639341601875,0.0021594683061532324
RID,RMEV,0.001559277651046129,0.001980947761146254,0.002157352506634676
AIB,URAV,0.0016414914395541976,0.001755445596027845,0.0021548220830340174
ADE,CEPD,0.001896903941000655,0.0010745108856429965,0.0021538786759973698
OLQD,RMDL/R,0.0025085507094147865,-0.0005585011334769166,0.002150791360019997
SIBD,URYV,0.0019884990091811163,0.0008058568918739278,0.002144920432689555
RID,URYV,0.0015570141609621937,0.0019461696151216535,0.00214297797979177
AVL,RIM,0.001992127491535145,0.0007893248375284636,0.0021424900273144623
PVC,RIG,0.0009808483596315224,0.003463946304201332,0.0021386596096159534
ADF,RIH,0.0028409908873329413,-0.0014839361266617832,0.0021357689603719384
BWM07D,SIBV,0.0039060049775367237,-0.004312290817703259,0.0021357094574430626
PVC,SIBD,0.0061716789663001995,-0.01033977288255625,0.002131868967143322
AQR,AVK,0.0013692219077138207,0.002410017064773928,0.0021306991915963293
SAAD,URYD,0.002072420208760723,0.0005387918970700046,0.0021293406224486672
ASH,SIBV,0.0020606838283281524,0.0005688416310141569,0.002128947092162974
AVA,RMDL/R,0.002031881770701939,0.0006407201436657872,0.002127323718942875
ALM,SMDD,0.002221296295123784,0.00010696496417766273,0.0021164843472276118
AIB,PVP,0.004342431568616212,-0.005527072532019752,0.0021160328154915704
AVH,BAG,0.0016889592448282185,0.0015153503953750137,0.0021146320447628366
AVA,URX,0.002758939218177428,-0.0013307590462921298,0.002112962842635861
AVE,RIV,0.0018592063631026289,0.001033366887302335,0.002104099937144642
RIB,SIBV,0.0019013666454572125,0.0009143470574911528,0.0021016113485683905
IL1V,SIBV,0.0026793671929083987,-0.0011526618478681174,0.0021012594464211725
ASG,RMG,0.002379623196558718,-0.0003728328015376673,0.002095567049602029
ALN,SIBV,-0.0024335008222548943,0.01240622577168702,0.002094729282898928
ALA,IL1L/R,0.0015018769665345847,0.0019423107023565456,0.0020900181948236836
DVC,SMBD,0.0019921402219333557,0.0006378417706309665,0.0020891174231420263
ASG,RIF,0.001321787281369051,0.0023945532784837467,0.0020808581129882426
ADE,PVR,0.0022332229475084623,-2.8366012245828154e-05,0.0020799535225452755
BWM04D,IL1D,0.003366632765065631,-0.003051440329790129,0.0020752801851590856
AIA,SMBV,0.0014445006984193174,0.002030125261082801,0.0020672698565625818
ADA,URYV,0.001448991931127077,0.001997523574249811,0.0020599837131491357
AVD,RIM,0.002097715284449555,0.00027409151348503494,0.0020597291780804754
RIA,SAAV,0.0017886061106553428,0.0010628147804481727,0.002048406862782952
AVE,AVE,0.0024251977315972585,-0.0006327164815567434,0.0020466314978676544
BWM04V,RIC,0.001089487620761118,0.0029117449123323654,0.0020457264538730857
PVR,RIC,0.0037041420751353317,-0.004031847234418388,0.0020456289207500217
ALA,IL1D,0.0015875778883306846,0.0015582979105628956,0.002034890069372621
ASH,AWC,0.0029284795562257555,-0.0020094764803268482,0.002032437814735006
PVP,SIAD,0.0030615285654038405,-0.0023667167507713544,0.002031055119816776
FLP,PVQ,0.004296800511396959,-0.0056531386981052215,0.0020289019426613544
AVA,PVT,0.0024779625175287445,-0.000825589559949121,0.002028040274865242
ASE,IL2L/R,0.002809856711633247,-0.001710693342189953,0.002026720139733668
ALA,AVJ,0.0006849508156737941,0.003926172141627885,0.00202463957211168
AVK,URYD,0.0019616298552931955,0.0005034661516069819,0.002013208815177927
ADA,SIAD,0.001833065978625598,0.0008345737217068728,0.0020095794091842772
RMDD,SMDV,0.0015038319734667295,0.0017025167809334844,0.002007341415938122
ADE,RMDV,0.0030532771999148577,-0.0024187510877296484,0.0020049955745552006
ALN,IL2L/R,0.0009609212057641813,0.003117708176208132,0.0019979922615720774
PVC,RMG,0.001581518771762844,0.0014640582532524996,0.0019960084487397702
BWM08V,SAAD,0.002811512245996577,-0.0018060883161819183,0.0019946510869987316
IL2D,RMDD,0.00268186174354013,-0.0014621223080886626,0.0019945362414838237
AVA,AVE,0.0027158966565416854,-0.0015837090681291327,0.0019835389501832875
ADA,RMF,0.0033304760823892657,-0.003216816033373817,0.0019831626861872356
OLQV,PVR,0.001828522342947226,0.0007676466312274995,0.0019817413318770805
RIM,RMG,0.0018478946217299354,0.0007123582655577059,0.0019803864699507326
RID,RIV,5.504166734909146e-05,0.005468012440998434,0.001978506086421607
ASK,AVD,0.0024605277693422636,-0.0009255851555551,0.0019764843643767464
BWM05V,SAAD,0.0008106754687888531,0.0034326730447646787,0.0019683831106864463
OLL,SMBV,0.0020925474768903976,2.0494581035109655e-05,0.001965522197517442
ALM,PVP,0.0034981969508047894,-0.003717579092626048,0.0019636482532719183
IL2L/R,SMDV,0.0022604035864338136,-0.00043627753347264816,0.0019616372856638043
RIS,RIV,0.0021348544808135438,-0.00010370693966288256,0.00196134482520644
ASK,SMBV,0.001301213499621788,0.0020976079242949848,0.001956957008506718
AQR,AUA,0.0028926000313317583,-0.00213087067839017,0.0019560793222863702
ADL,AQR,0.0019862681467006623,0.0002735132491381749,0.0019552281674098965
RIM,SMBV,0.0018985034582584077,0.0005063902641903843,0.0019551627991227574
AVD,CEPV,0.001103932317428184,0.002608704120551376,0.0019524491018767683
AIM,AVE,0.0023821170828573486,-0.0007872854868146081,0.0019518426563055096
IL1L/R,RMG,0.001795195165856602,0.0007678874575160889,0.0019506371370434739
ADA,ALN,0.0012186638286897412,0.00229227755410601,0.0019483073291648371
AVB,AWA,0.001837642379755237,0.0006387702463660126,0.0019448586290206158
AIB,URYD,0.001759861111941468,0.0008307780603112609,0.001939733377854071
RMF,URYV,0.003206994704118143,-0.0030122858161189545,0.0019396822755460737
RMDD,SIBV,0.0031672558261095583,-0.002908576775827917,0.001939041210005438
ASI,RIB,0.0027618990677639767,-0.0018354441990142368,0.0019378754742622377
RMDD,SAAD,0.0013446428679051636,0.0019060200545688727,0.0019300822070718484
SMBD,URX,0.0019964356157817324,0.00017268497477294304,0.001929210201761216
AFD,CEPV,0.0020473074765326852,3.209051419499246e-05,0.0019272711300720932
ADE,AVE,0.001408744739075588,0.001716362760651652,0.001923234018680184
BWM02V,CEPV,0.004138820501260055,-0.005533903842805266,0.0019230770201793931
AVL,OLQV,0.0021757764227198807,-0.00032354662977462765,0.0019221671687894998
BWM06D,IL1D,0.0029619891676702158,-0.0024132337118467125,0.0019215085371949334
AVE,IL2D,0.0013710196908215475,0.0018044381650071306,0.0019189680973707584
RIA,RMH,0.00167571521984259,0.0009922708922718247,0.0019178979668322104
AUA,RMEV,0.0018371083226065336,0.0005587127140576811,0.0019161455637893485
SMBD,SMDV,0.002429096465460785,-0.0010280981785423461,0.0019109426774398526
AVJ,OLQD,0.0015211596238130342,0.0013827004715736555,0.0019108501599681812
BWM08V,RMDD,0.0029774683602202777,-0.002489553697871084,0.0019090985460712567
RIB,RMED,0.0024860577932130715,-0.001196516202582197,0.0019048970317081817
CEPV,SMBV,0.002924244238473613,-0.0023630703989996034,0.0019038633175785624
AQR,AVE,0.0007616880032837389,0.0033765334267893375,0.0019027541463808092
AWC,IL1L/R,0.0021014597236705,-0.0001961141669171594,0.0018975270589402418
RIA,RMG,0.003003491021703313,-0.0026142101866453763,0.0018895212203325232
AWC,CEPV,0.0015244680051124896,0.0013087742553134427,0.0018878937728101699
AIM,SIBV,0.002018589686195154,-6.728950656361198e-06,0.0018867152731432077
BWM01V,SMBV,0.003600001205712295,-0.004227190156889761,0.0018793279540204211
AWB,URYV,0.001423843095800583,0.0015482686309074055,0.001878125274038106
BWM02V,SMBV,0.0015817595662798026,0.0011248007496355485,0.0018766752289954855
AIA,AVJ,0.002732012724167081,-0.0019333425651790067,0.001875405892846605
PVP,RMF,0.0029657233755016714,-0.0025550161345580307,0.0018750372860132924
AVA,RMF,0.003625229934869427,-0.0043207581826133525,0.0018699635920994813
ASE,IL1D,0.0020520833003109962,-0.0001432776449052529,0.001869938638297885
AVA,OLQV,0.00228050743292165,-0.000754036750242749,0.0018684690634136864
AIZ,AQR,0.0022266669182926606,-0.0006135997662106415,0.0018675744391460913
AIB,AIB,0.00287413304583633,-0.0023368920978373967,0.001866192578170698
ASJ,IL2L/R,0.0013364260136555079,0.0017431231280162442,0.0018649856028125275
AQR,SIAV,0.0020480424472334555,-0.00015092145523776845,0.0018634632531201543
AVE,AVH,0.001992477678856687,-4.728010999343836e-06,0.001862983643178501
PVT,SDQ,0.0032380788925017007,-0.003319749983222478,0.001860418052656654
AIM,PVR,0.001304333811632279,0.001810135822332813,0.001858568390171064
SMDD,SMDD,0.0024675071832751575,-0.001280637867805739,0.0018578910184182708
AWC,OLQD,0.002463352154621371,-0.0012708457180204925,0.0018574534319432806
RIB,SIAV,0.001441534330386594,0.0014397290788306272,0.0018564308349057162
RIS,SIAD,0.001327939127701686,0.0017334125688122574,0.0018536210729143152
BDU,CEPD,0.0016334679785403247,0.0009210285951450484,0.001853254434151324
AIM,BWM06D,0.0008210085045420553,0.003075366296260961,0.0018521338838079092
ADE,RMG,0.0020405318891685634,-0.00017155092573845857,0.001849164454371936
AIY,AVK,0.002699629571162157,-0.0019227471411748262,0.001848834247123262
ADE,RIA,0.0016046754067844916,0.0009740437402873002,0.0018449922527851363
BWM04V,SMBV,0.0016779369092052752,0.0007726740792634649,0.0018425884736503373
AVA,AWB,0.0025816721915519645,-0.0016368095471085459,0.0018392124144758592
AIZ,AVB,0.0018340467319215303,0.0003383157903211608,0.0018356097715283802
AVF,PVP,0.0020260740982803232,-0.0001759412800241572,0.0018340869906233457
AIN,CEPV,0.0017154687239254584,0.0006266281687181804,0.0018262440305903765
BDU,URB,0.0012862022198158291,0.0017536148687445669,0.0018216813470537006
AWB,RIA,0.003321483933431144,-0.003654282487367515,0.0018205788081665877
AVF,PVC,0.0014360642090579898,0.0013412111417215517,0.0018165927033577764
OLL,SIBV,0.0016960628242697947,0.0006493783159165682,0.001816100555498906
ALM,RMDV,0.0028310354900455107,-0.002367116630762671,0.0018152084536415232
AVA,RIB,0.0014614027433216723,0.0012691161963445587,0.0018148984827015043
AQR,RIA,0.0027339713281045877,-0.0021161860250108674,0.0018128025315633073
AVF,SMDV,0.001823797653153818,0.0002985810176523739,0.0018120151962178234
BWM04V,OLQV,0.0037017386688768844,-0.004690302649154616,0.0018113318234709152
AIB,ASJ,0.00216185492697385,-0.0006025359714981281,0.001810819493737278
AVM,DVA,0.0012494016261167262,0.0017991869577872,0.0018033018744893245
RMED,SMDD,0.004298300605443563,-0.006301508554229447,0.0018018121921626977
DVA,RIB,0.0013682550325446734,0.0014682904262574945,0.0017979181601281299
AFD,OLQD,0.0013655474128783757,0.001421631486537762,0.0017789410573856247
AFD,AVH,0.0011335076025958376,0.002016303770406103,0.0017713577230894575
AIY,BDU,0.0018102556413832423,0.00020946252916924138,0.001767935510725562
AVL,RIB,0.0018882767656213128,5.945409550934247e-07,0.0017673434950543963
AWC,OLL,0.002065836231905528,-0.00047415510205300903,0.0017662039142849184
OLL,RIS,0.0022083559729189233,-0.0008589120739938105,0.0017639871263747818
ASG,SIBV,0.0013662816024507065,0.0013668797579009973,0.0017603329543619945
BWM04V,IL1V,0.002885007169345238,-0.0026683100666086736,0.0017595732535897518
AVE,RIR,0.002605200648431983,-0.0019293070129980765,0.0017581516513866097
PVR,URX,0.0016449866624436917,0.0006098994298892043,0.0017543883448920658
AIY,ASH,0.002615316819248239,-0.0019749828226219347,0.0017515220934232738
AVJ,URYD,0.001141164835630224,0.0019350942424140622,0.0017499044564772517
RIF,RIR,0.0006278254843451847,0.0032971004543709027,0.001749486437626474
IL2V,URX,0.0017746022092397452,0.00023185167088460393,0.0017424596441955372
AQR,RIB,0.0018811490164648752,-5.236050228331878e-05,0.0017420110119320445
RIA,RMF,0.0029763384068417563,-0.002982851444078925,0.0017341968206664262
AVA,RIF,0.0028255696259002977,-0.002584658364574698,0.0017334288390510638
PVP,SAAD,0.001899918723346839,-0.00017800620868605114,0.0017152974338223452
AVD,AVD,0.0011112677940898548,0.0019162447713654285,0.0017152826777804152
RIG,SIBV,0.00208185640368679,-0.0006666136485324715,0.0017133715218083355
AVJ,CEPV,0.0015519023090852285,0.0007261973754228887,0.001708260681090386
AVH,SAAD,0.0011925332041704192,0.0016709174900550595,0.0017048781015179945
BDU,RIC,0.0014129422982951166,0.001083171465730886,0.0017040177907593481
RIB,RIH,0.002124210967686677,-0.0008064821257114071,0.0017037174279218319
ADA,IL1V,0.002111921548146445,-0.0007800669382217678,0.0017015254794697536
AWB,PVC,0.0009991959752599655,0.002167353921789833,0.0016988948395710096
ALA,AVH,0.00028570531838690606,0.004045851262420667,0.0016931841653868276
IL1V,RIH,0.003141167971144979,-0.003540458136701724,0.001691944172094799
BWM05D,SMDV,0.0018647161721392993,-0.00016076464805029817,0.0016884294502371164
AIB,RIA,0.001530631870506691,0.000717651701517852,0.001685343250157899
ALM,IL2L/R,0.000739688139087908,0.0028150682754930316,0.0016842983818522537
RMF,SIBV,0.0016483239648429904,0.0003887984496555645,0.0016795928051088857
IL1V,RMF,0.002384173176619786,-0.001571027005828338,0.0016775665766591557
AVE,PVQ,0.0011865933558772997,0.0016010753025935656,0.0016747060694585186
AVA,BWM07D,0.0026086744649653076,-0.002181193677005449,0.001672634609581557
RIH,RMEV,0.0030643467541269192,-0.0034012748550957188,0.0016691013569110982
ASE,OLL,0.0019586002933711616,-0.0004762638668937007,0.0016651045650352084
RID,RMH,0.0023227914795887006,-0.001454510720451806,0.0016611846242587072
AVJ,SIAV,0.001516521157917424,0.0006778951632189901,0.001658127114479262
RIV,URB,0.001899698404169596,-0.00034182937381336425,0.0016573579272411846
BWM07V,SIAV,0.00036242112822259067,0.003725853045859775,0.0016522069026459806
AIA,CEPV,0.001970246804316709,-0.0005441039422415519,0.0016520962048512879
RIA,URYV,0.001775017437484713,-2.7425217156439687e-05,0.0016514758315645686
ADE,CEPV,0.0016012238381576378,0.0004268591560494597,0.0016489274635514846
BWM05V,SDQ,0.00257071038751259,-0.002149450733681045,0.001648292733766441
AFD,AFD,0.0024503404458090412,-0.001832321403380178,0.001647405473458678
DVA,URYV,0.0007334611292178951,0.0027150181614922293,0.0016432119619036827
RIS,SMBV,0.001880577119481342,-0.00034340063426462964,0.0016389096408694214
RMEV,SIAD,0.0020590651769879496,-0.0008179942234861395,0.0016386940726529414
ADE,BWM06D,0.0008345832829399144,0.002432657372543626,0.0016383391467645581
BWM02V,IL2L/R,0.0019270402442033326,-0.00047647890933162103,0.001635493473847654
ALN,IL1L/R,0.0009289851658449171,0.002171303149975052,0.0016345801766009197
RMEV,SIAV,0.001972717716122767,-0.0006014660211910765,0.0016341934843464002
RMG,SDQ,0.0012133519559882383,0.0014100716418565058,0.0016324358990174406
BWM02D,IL2D,0.00211798520985639,-0.001007874078154851,0.0016269180547101767
RID,SMDV,0.0013218449238724264,0.001105229647348859,0.0016265383653051707
OLQD,RIA,0.0017457924029327986,-2.5571182676514916e-05,0.0016247791200914188
FLP,RIC,0.0008946919740380927,0.002227264237565102,0.0016222084554016608
BDU,IL1L/R,0.0018016637153770061,-0.00018372002307410847,0.00162133237732024
BWM07V,PVR,0.0007013195266881094,0.0027277012970086376,0.0016176021054504519
AVA,DVA,0.0026220252141451145,-0.0023863358205060475,0.0016128341944470382
AUA,AWC,0.0027923920783053755,-0.0028469973191253073,0.0016099282918573164
RIH,RIR,0.002106366357550518,-0.0010274423656389485,0.0016091485043051269
AIA,RMG,0.002785105250616793,-0.002831817067680416,0.0016084586616502894
ASE,OLQD,0.001988912980624737,-0.0007254861980133081,0.0016056434846030954
AVA,AVM,0.0009353346649483949,0.00206837199327737,0.0016042481017414035
AIA,IL1D,0.001811437605260267,-0.00026011929946825874,0.001603555165512777
ADF,RIC,0.0019660699165476177,-0.0006778299678379251,0.001601060570674202
AUA,RIH,0.0016137544734617793,0.00023518266737842811,0.0015931050134502466
RIG,RIH,0.0015930954802026236,0.0002751087037087943,0.0015878418343087967
RIG,URAD,0.0014500662666697272,0.0006446093714759312,0.001584205323574193
ADA,CEPD,0.0023246293422492154,-0.0016916406462464573,0.0015793370417275247
AQR,AVM,0.0009602618962929962,0.0019242036284238965,0.0015767693954772538
ASI,RMF,0.0024617434152763118,-0.0020740853276965815,0.0015728762675443352
DVC,RMH,0.0014199835103108007,0.0006889779713813955,0.001571688579530111
AVD,SMDD,0.0015199052782092822,0.0004194162159433569,0.0015702029282550856
ALA,SMDD,0.0012079567039056907,0.0012476454319624987,0.0015701457628511846
ALA,AWB,0.0012647831976359946,0.0010960879282625698,0.0015699157905849043
DVC,RIM,0.0019063294469488952,-0.0006099290146419013,0.0015690819043782053
RIA,SIBV,0.0019027962333536467,-0.0006036637793113115,0.0015679833117423173
SMDV,URB,0.001815271472043161,-0.00037130217587165627,0.0015679608405450881
AVB,AWB,0.0016354171199070699,8.771684450663892e-05,0.0015614090971799673
AVL,URYD,0.0019451978393506305,-0.0007565571438497222,0.0015537831094748272
AIY,RIF,0.0017264175352314272,-0.0001761179378323482,0.0015535927011743056
ASJ,AWB,0.0019869998450727025,-0.0008731560299385544,0.0015518124002732836
BWM03V,OLL,0.002265192241384679,-0.001613916999069454,0.0015511039210743343
AUA,OLQD,0.0011818229267925673,0.0012612409053508866,0.0015504798177270968
BWM06V,SDQ,0.002413430638065618,-0.00201794425419423,0.0015474478196752458
BAG,SMDV,0.0018322124966703183,-0.0004900800987934659,0.0015419561920386184
ASH,RMEV,0.0011963187816108592,0.0011963021049873235,0.0015411604465670433
AVA,SMBV,0.001942655625748372,-0.000800269416391775,0.0015359992433175492
ASI,CEPV,0.0016722414803029587,-8.632624662011655e-05,0.0015345360318397199
SIAV,URX,0.0011443426764719412,0.0013106641765236416,0.0015328214965623693
AQR,AWB,0.001646654100683718,-2.5618717162316347e-05,0.0015319843047903311
CEPD,RIS,0.0016693486175009282,-8.879480397691804e-05,0.0015309588109293742
DVA,PVR,0.0018027008837653111,-0.0004457264294526071,0.001529968687902932
RIR,URYV,0.0012025380697715776,0.0011464256437096099,0.001529403649360653
AIB,IL2L/R,0.0013368745813311168,0.00078315095187381,0.0015270992516456176
AVF,RIC,0.001041920433014292,0.0015491678522953976,0.0015210218370500593
AVE,RIA,0.001700396394476948,-0.0002005689742264772,0.00152062410269654
ALN,AVD,0.0014165060684319184,0.0005464028825824843,0.0015181889981531673
OLQD,RMF,0.0018593915071234606,-0.0006321926919791587,0.0015173092810373376
ADA,IL2V,0.001627541609278588,-4.7034674575569e-05,0.0015065507294074164
RIB,URAV,0.0019086950418102872,-0.0007955250750557312,0.001505889372731425
OLQV,RIV,0.001453621703377546,0.0004070537106130964,0.0015038150894290875
ASK,AVH,0.002495645940602396,-0.0023625600817322235,0.0015029416760682117
AWC,SIBD,0.0018523740432387931,-0.0006730456273610777,0.0014963449412206831
PVC,RIS,0.002392223078648469,-0.0021169303258164046,0.0014927169122709327
AFD,AIA,0.002842469897926947,-0.0033156596977904273,0.0014916309040620642
AVH,SMDD,0.0015132429032072672,0.00021320445196520947,0.0014912963875752733
RIB,RMF,0.0019142915478335969,-0.00086762815747919,0.0014857168102243505
IL1L/R,URYD,0.0007655467571628249,0.002182157555584661,0.001485452421112789
AIM,SAAV,0.002098450210991362,-0.001367389964481418,0.0014819384556149268
ADL,SIAD,0.0009593440044990424,0.0016418846811193722,0.0014764176809818872
SIBV,URAV,0.0012598470835801974,0.0008397688014030495,0.0014749663039943758
PVC,URYD,0.0020992609125578387,-0.001390624987266208,0.0014745088352824587
RIB,SIAD,0.0006730289826347351,0.0023908081594709823,0.001472401213208827
ALN,PVC,0.0012504340504567676,0.000843942690820982,0.0014676280965677888
AVF,IL1L/R,0.0024771220383043796,-0.0024147801868368477,0.0014672031637569126
AVF,RIM,0.0016797522357706067,-0.0003082542804255649,0.0014633547323923053
AIM,RIS,0.000957355605281304,0.0015944518388542658,0.001457840924060825
PVC,URAD,0.0007785671000584084,0.002059548202374457,0.0014544283793257984
AVL,OLL,0.0016011724611748484,-0.00013494809459292745,0.0014508915163424741
ALM,BWM04D,0.0010065582921177168,0.0014316535751466492,0.0014465148681318837
ADA,IL1D,0.0014660944667242491,0.00020752197588498757,0.0014451701936958508
AVE,SMBV,0.001892010179022219,-0.0009235200821547178,0.0014451678975470508
AVB,OLQD,0.001183632415100832,0.0009461468573734526,0.0014411301543535344
AVK,RIC,0.0005454337277053709,0.0026389084631356662,0.0014404254931767132
IL2V,RIV,0.0016640937847113499,-0.00035556793572502415,0.0014320269316589521
RMEV,SIBV,0.001776500885621129,-0.0006601336867946113,0.001429889770567578
BDU,RIS,0.0007829252732001915,0.0019731781950725483,0.00142806908757782
BWM04V,SDQ,0.002333332494357585,-0.002144106807462585,0.0014280271355174747
BWM06D,IL1L/R,0.0019221861677623422,-0.0010575623174799177,0.0014261697875971877
OLQV,RIR,0.0008758216312072412,0.0017128769951600916,0.001423272278071585
AVL,RMH,0.0008210862362642755,0.0018580054092313695,0.0014231935030518733
SMBD,URYV,0.001265353472963354,0.0006779884951453634,0.0014231060366652242
AVB,RIG,0.002266881484583536,-0.001984462379762631,0.0014220999872492448
AVL,RMG,0.001151669514548906,0.0009720018227973473,0.0014203294519864076
AIN,AWA,0.0024665171083423725,-0.0025511859235300594,0.0014092075162524902
BWM03V,SIBD,0.0016105227648807693,-0.00028005005050819816,0.0014085062144100857
ALM,IL1L/R,0.0007131081615815223,0.00208697964301569,0.0014028361538966504
AUA,RIM,0.0013155352337157113,0.00048501922403808393,0.0014020636034991294
AVH,OLQV,0.0015213564146087043,-7.208221288766597e-05,0.0013983508041035834
PVP,RIA,0.0019884703133059376,-0.0013197011148789095,0.001395820485509929
AVE,RIS,0.002745113829975001,-0.003339388587428582,0.0013921583791913562
AWC,PVQ,0.0018568067350871512,-0.0009809753472271323,0.0013919749875910417
AVJ,IL1D,0.0012762983408981792,0.0005509366385844854,0.0013885740789875132
SMBV,SMDD,0.0013248519901865941,0.00041560366700091816,0.0013863197353774788
AIA,IL2D,0.0015521269563950433,-0.00021418878856510078,0.001377067129630039
BWM01V,SIBD,0.0018719726192416482,-0.0010635914875241302,0.001377052945322185
ADA,AIB,0.0023213847083352885,-0.002260650491842945,0.0013757744175675222
AQR,URYV,0.0017859555101578353,-0.0008574630443024285,0.001369196510495418
DVA,OLQV,0.0011961922892212804,0.0007064773781924004,0.0013684217401595555
PVR,RIF,0.0008523860482444688,0.0015989566199421286,0.0013611932520106484
RIV,SIAD,0.0014180141075022022,9.262323606245334e-05,0.0013596826943334018
BWM05D,RIV,0.0017720978605172445,-0.0008655242857613732,0.0013533870194853048
AVF,SAAD,0.0012553101327311405,0.0004991089346196299,0.0013506676459147664
AVJ,SMDD,0.001364499327503663,0.00020241851413683656,0.001348294388633537
AWB,BAG,0.0014216226591726097,4.839953747671224e-05,0.0013474747569032768
IL1L/R,URX,-0.000576206022340258,0.005350527984753331,0.0013463532410428341
AVD,RMH,0.0016421698416796593,-0.0005466690264949495,0.0013441631213432944
AIB,BAG,0.0014815302988709354,-0.00012875902665163648,0.001341106126757692
AIB,OLQD,0.0017098700251298104,-0.0007480768800296896,0.0013365413513133733
AVA,URAD,0.0014805104304402945,-0.0001546121813852521,0.0013310407147532645
ADA,ADL,0.001628472271890662,-0.0005739488779321839,0.001321730562912949
AVB,RMEV,0.0012357349918372229,0.000461321488829569,0.0013190315861857306
AVE,BDU,0.0022580060154926713,-0.0022571119486183944,0.0013177088247992858
AVL,IL2L/R,0.0011573403071823756,0.0006627006634093275,0.0013166348561709442
IL1L/R,SDQ,0.0017125523246825669,-0.0008179240417545084,0.0013144365583937312
AVK,SIBV,0.0009673647198624328,0.0011584085206551413,0.0013135408102727673
AIZ,PVT,0.001430760851359971,-7.306762420524802e-05,0.001313220147113753
AWC,IL1D,0.001523970456183528,-0.00032312114266699584,0.0013123278984751218
AQR,ASH,0.0010522055619206667,0.0009280029030514104,0.0013117408633726163
BWM02V,IL2V,0.0011722991389036205,0.0006073936356396623,0.001311143116054073
RMDD,RMEL/R,0.0017613805389211572,-0.0009622867828248044,0.0013092569618268536
AIY,IL1D,0.0013483854213801342,0.00013414837221201282,0.0013091550259796622
AVB,SMDV,0.0013460694239561502,0.00013878059203806264,0.0013086200637695677
RIH,SMBD,0.0016641545382986426,-0.0007114779873365455,0.001306656656409105
ADE,PVP,0.0016643562934963458,-0.0007174663460761127,0.0013047350958198202
BAG,DVA,0.0013824337321875825,2.7000496647070768e-05,0.0013032587155144496
ADL,SIBV,0.002033855914245076,-0.0017164951276668343,0.001298459215785784
AVE,URB,0.0018810306590605185,-0.0013169852555883447,0.0012962307475556714
BWM03D,SMDV,0.001336031724799124,0.00012622558025261396,0.0012948017929298825
OLL,SIAV,0.0011840132696659732,0.000510773614862567,0.0012880556266127736
PVC,URX,0.00028989717330445933,0.0028750214047065124,0.001284492079153542
IL2L/R,RMH,0.00046410376602498763,0.002409238908331691,0.0012833748631929703
AIZ,SMDD,0.0014090323276465357,-0.00010281658234991486,0.0012824017183724063
RIB,SMBD,0.001330957961230095,0.00010439647213836697,0.0012823606883891846
RIG,RIG,0.002572961200574124,-0.0031949893473255282,0.0012819383271771964
AQR,URAV,0.00140076182888371,-8.546765765698856e-05,0.0012807757921562463
AIB,IL1D,0.001549007353773833,-0.00048480146458118725,0.0012787803912063286
ALA,URAD,0.0010962733263936042,0.0007168341979239229,0.0012785629716232532
DVA,RMF,0.0016734615313515606,-0.0008220965730274022,0.0012763831912103293
AUA,OLL,0.0011418130664472735,0.0005793302761948495,0.0012727230069143041
AIY,RIM,0.0008330674313648738,0.0013980449158642726,0.0012723102403840128
CEPV,RIB,0.002613882006397126,-0.0033329860927118543,0.0012716020797478571
AQR,RIV,0.0015471089252891744,-0.0005008698174302384,0.0012713410693009084
DVA,URX,0.0012646625152586413,0.0002491046193645966,0.0012713153925870625
BAG,IL1L/R,0.0017306013937644553,-0.0009925885970995208,0.001269773722789965
AVA,AVF,0.003257896464530284,-0.005057339602982144,0.0012666160193816303
SMBD,SMBD,0.001792265711636429,-0.0011727491364066586,0.0012639911373492894
AVH,DVC,0.002201633849072249,-0.0022668130030948502,0.001261534454287646
AVA,RIP,0.0017782648342485326,-0.0011441710946000557,0.001260959746764899
AVM,RIC,0.0016733274285914352,-0.0008666901815374967,0.001260542349273563
BWM03V,SMDD,0.0026716476515989576,-0.003524556663004019,0.0012581499048975478
BWM07V,RIP,0.0005570516993239413,0.0020866264014296715,0.0012566670401619427
AIA,AVB,0.0016344884224747704,-0.0007759989540092075,0.0012561557849408952
RIB,RIB,0.0008348069711046243,0.0013465811411603778,0.0012558017049574114
ADL,RIR,0.0018009333716898456,-0.0012247752438861105,0.0012537680741484154
BWM06D,RMDD,-0.004780575114712765,0.01625137575230909,0.001253310739456282
BWM05V,SIAV,0.0006706408137937101,0.001774730689649894,0.0012530528909320555
ADA,BWM06D,0.0005553376940952523,0.002080206012502195,0.0012528003723460597
RMH,URYV,0.0009191524303904912,0.0011056998595777513,0.0012498464023244869
IL2L/R,SMBD,0.0013174086649995426,4.7553716549433724e-05,0.0012496485556882614
AVF,SIAV,0.001279014895966648,0.00014860766519288868,0.001249330616036346
AVA,URB,0.0016930673396726948,-0.0009546875010937117,0.0012480044917341413
BDU,SMBV,0.0012254797670447095,0.00028545230409871545,0.001247455798265248
OLL,RMH,0.0010187987379316583,0.000833352224690787,0.0012471211843238339
BWM08V,RIP,0.001719869597129997,-0.0010375067276480843,0.001243900718660025
RIP,RIV,0.001130927647639346,0.0005249155436274546,0.001243359515545476
AIM,AVK,0.0016144115449604859,-0.0007594144088352563,0.0012432115438379063
IL1V,SIAD,0.0012016628213577637,0.0003280864124263535,0.0012401916240715606
ASK,RIM,0.0013772877131617836,-0.0001560086877554712,0.00123394812645165
DVC,OLL,0.0012991893538037236,4.3131879798085924e-05,0.0012310397979481864
AVB,PVQ,0.0012775275630404611,9.366585990233711e-05,0.0012285765273805497
RIM,RIS,0.0018646326120042463,-0.0014665288786855314,0.001228183686947832
AVM,RIG,0.0006267042813247618,0.0018192399653295245,0.0012276207385999102
BAG,RIV,0.0016250089070540376,-0.0008345590447972441,0.0012266471251085851
CEPV,PVQ,0.0008734047235636152,0.0011586112844681833,0.0012256802938466849
RIH,RMF,0.0007015809086738719,0.0016085837710379859,0.0012234557758266363
RID,SAAV,0.0014032857723074246,-0.00025646573643737,0.0012228759605731427
ADA,RIA,0.0018934408328429586,-0.0015584988859134131,0.0012227323352684424
AIY,AVM,0.0009496216666382162,0.0009388374916302085,0.001219556503372494
BAG,URYV,0.00195120725989597,-0.001730832770454093,0.0012160601395520775
AUA,CEPD,0.0020274643463008097,-0.0019463910223570774,0.0012114595260885254
AVA,AWA,0.0012254819424760736,0.0001794510120423607,0.0012101016597171098
IL1L/R,RIB,0.0010166403386730775,0.0007336789064337579,0.0012099751399237148
BWM06D,RIA,0.0009948764486075795,0.0007855066015702211,0.0012078722415326199
BWM05D,RMH,0.0014700053613246192,-0.00047735266697120294,0.0012074718372183546
AWC,URB,0.0016063468592867477,-0.000849881873970819,0.0012037823892722382
BWM04D,SMBD,0.0007727388501934431,0.0013568172035420707,0.0012013228931976657
DVC,OLQD,0.001177220115207732,0.00027183594317456666,0.0011974936795380172
AVD,DVC,0.0012258546935009396,0.00011454612807177634,0.0011875772080254699
AIY,PVQ,0.0015105506812296094,-0.0006467849024400994,0.0011857059353569343
ASK,CEPV,0.0019036252098232022,-0.0016927603707416429,0.001184947913374806
BDU,OLQD,0.001049348193602154,0.0005753844445411985,0.001184799677313264
RID,SMBV,0.001313211729616655,-0.00012869065676169387,0.0011836101652178547
PVT,RIR,0.0009437180185552191,0.0008520396340294188,0.001183442959935417
OLQV,RIB,0.002282214205678784,-0.002714606623278019,0.0011791371169656293
ADL,DVA,0.0012371836002603395,5.406167226622861e-05,0.001176863831479932
PVQ,SIAD,0.0006616280311535818,0.001571680658666907,0.001173060967564434
AVD,RIR,0.0004622422241004538,0.00209526113862183,0.0011709830756581373
AIM,SMDD,0.0011267309392147195,0.00032804675187789607,0.0011700530357621815
DVA,RMH,0.0014376314403371023,-0.0005075136301580939,0.001166545773206586
BWM06V,PVR,0.010684043425833277,-0.025063919444172706,0.0011657692554995736
AVK,RIB,0.0014929689941465987,-0.0006590883967765111,0.0011649163006068868
PVC,URYV,0.0010335956531109152,0.000556539767148165,0.0011634166455610972
AIY,SIBD,0.001254135743085522,-2.9730076829216774e-05,0.0011631991509099637
RIA,URAV,0.0009517367345958409,0.0007654501596407908,0.001160432025252037
AWA,SIBD,0.001045039574731042,0.000517602860452471,0.001160404529520395
ADL,IL2D,0.0013548441725960002,-0.0003087707281617367,0.001159109211935481
SIAV,URAV,0.0009276902299545926,0.0008228577004786092,0.001158159360966246
FLP,SMDV,0.001164167155033756,0.0001873992095734581,0.0011555215791147985
SMDV,URYD,0.0012681405822755128,-9.181197859689105e-05,0.0011544270719496157
ASJ,AVD,0.0012641396316497662,-8.185334246957008e-05,0.0011541923504530005
RIB,SAAD,0.001930514715748588,-0.0018545971164862676,0.0011530790342581777
AFD,RIA,0.001392998160201952,-0.00043126821891068966,0.0011516457823043291
AUA,SIBD,0.0016132966013276998,-0.0010325418842322474,0.0011459146084860548
ASJ,OLQD,0.001125633018136166,0.0002597373225373469,0.001144952459091158
AWC,RIB,0.00185325863959865,-0.001680582671530008,0.001142104193829995
ADF,AQR,0.0015155001359183405,-0.0007879743416403595,0.001140580941382564
AIA,IL2L/R,0.0010155277721062067,0.0005298164708389323,0.0011370902911058774
BWM08V,SMDV,0.0014481542570222985,-0.0006280091375445935,0.001133929380103286
PVT,RIM,0.0012246404547303635,-3.493151467370768e-05,0.0011337630875770017
BWM05V,RIA,0.001131924245598881,0.0002056025184968372,0.0011317622929247011
AVL,PVC,0.0005041989611846162,0.0018637984717062893,0.0011286777452526547
AIA,AUA,0.0011912426592535887,3.8363017233487774e-05,0.0011283378398443216
AQR,SMDV,0.001166930104482032,0.00010178545375403026,0.001127935918019171
PVR,RMH,0.0014008910816644459,-0.0005289161209839139,0.0011246199958919805
AIB,OLL,0.0008049395331005705,0.0010524270052353385,0.0011241868407469993
OLQV,RIS,0.0011018989000605337,0.00026184382567381924,0.0011234833662858595
PVR,SMDV,0.0011267733043431637,0.0001937928131981304,0.0011227799242830053
SIBD,URAV,0.0005844185212509357,0.0016308070450451663,0.0011216417243915986
ASH,AUA,0.0007876736282329584,0.0010836356438805965,0.0011190269462709802
BWM06V,SIAV,0.0012687920564723204,-0.00019710429580971567,0.0011179304278250988
BWM04V,CEPD,0.0018193307563233736,-0.0016599321327714614,0.0011176304678991965
ASJ,IL1D,0.001152959049905783,0.00010913197550633284,0.0011174501850827797
AWA,PVP,-0.0005795049042441386,0.004705323311620442,0.0011158878437821458
BWM07V,URYV,0.0017334696224565653,-0.0014369014476684747,0.0011158765620391032
AVD,AVK,0.001867018793091017,-0.0017950806338821845,0.001114631055012451
AIN,AWB,0.001520427366915894,-0.0008763204102323879,0.0011140578108745892
PVQ,URX,0.0008616286721203335,0.0008713925286147897,0.001113440273718172
BWM05V,RID,0.0017355006835528036,-0.0014511059805441657,0.0011127714658338843
AVA,IL1L/R,0.0013888989731818489,-0.0005336610759554334,0.0011117250624798265
ALA,CEPD,0.0007644717524788961,0.0011170414546976812,0.0011090862151880644
ASE,IL1L/R,0.0017831079944351706,-0.0015921453046789434,0.001107620506708231
AVK,SIAV,0.003936487016588843,-0.007316624417084879,0.0011054713681179276
IL1L/R,PVQ,0.0010962446501438308,0.00022532589535856506,0.0011053224928883562
OLQD,RIF,0.0009242935251529681,0.0006818027810603951,0.0011052710635692773
DVA,RIM,0.0014713683259224323,-0.0007739523064855061,0.0011042219566463542
RIP,RMDV,0.0015355083008921535,-0.0009551413917253277,0.0011003937296140884
BWM04V,OLL,0.001177940204033879,-7.718917882144143e-06,0.001099648959060936
BWM05D,RIA,0.0012589462337846604,-0.00022671222753782976,0.0010982820623829106
RIV,URYV,0.001262173696499766,-0.00023710616297765614,0.0010976395143542988
AVH,SMBD,0.000674532473160755,0.0013228330678898453,0.001097440534691702
AVK,BDU,0.001700964616557464,-0.0014065222593648103,0.0010961629256505338
OLQD,RMDD,-8.355218965704737e-05,0.00332748911245553,0.0010944566896221313
ALA,SMBD,0.0009049073160740222,0.0006996853870793852,0.0010934306337174995
ASE,IL2D,0.0014528801902570201,-0.000760318072360139,0.0010917248049962377
AIM,IL2D,0.001451605931638373,-0.000758492657252855,0.001091175595707558
RID,URYD,0.00042612339266244313,0.0019377397715005871,0.0010816689654801906
AVM,SMDV,0.0005213419210804011,0.0016836507207536244,0.001081234585723026
AIY,SMBD,0.0006939757753438164,0.0012176413956789664,0.0010785655934162919
AIB,RIS,0.000671720225367652,0.0012707951936004147,0.0010764699127834274
ASE,URB,0.0016637039743377787,-0.0013639752273505266,0.001076286851334467
ALA,URYD,0.000847839477860432,0.0008019655509042158,0.0010760687972212453
SDQ,URB,0.0013596993116079148,-0.0005580346784744176,0.0010758091505174306
AWB,RIM,0.0011925028803435253,-0.00012161635024539407,0.0010731384912812199
ASI,RIM,0.0008314911709578522,0.0008300915940034361,0.001070681286988625
DVC,URAV,0.0013980399008316478,-0.000685005642664985,0.0010669438433286123
BDU,BWM06D,0.0015471055879023282,-0.0010983545707770467,0.0010607768837690025
RMDV,RMED,-0.0025447716509290497,0.009767639919587739,0.0010607265685307003
RIP,RMDD,0.0014056496233862171,-0.0007298185330676403,0.0010582727422923388
SIAD,URAV,0.001011657294479615,0.000301141106378697,0.0010528800806866708
BWM02D,URAV,0.0006193401961717069,0.0013353262519037786,0.0010501918833880346
AIB,PVC,0.0009759799762805911,0.00038688439412044027,0.001049708649962812
AWA,RIC,0.0012579019692781342,-0.0003630913635963422,0.001049243088219704
ADA,AIZ,-1.1374575229445357e-05,0.0029968977478652616,0.0010454992231688253
BWM06V,RIA,0.0012802362527769924,-0.0004356621422261501,0.0010445696655804985
ADE,URX,0.0005955358968339279,0.0013813420726880032,0.0010441313017664773
AIZ,SMDV,0.00142260338427248,-0.000816319813500617,0.001043654703415302
AIZ,RIH,0.003168805592293519,-0.00545429939040379,0.0010433472219398437
AIA,AVE,0.0011842161938769246,-0.00018450335497401858,0.0010432212758925512
CEPD,SIAD,0.00236732161669783,-0.0033274984013619635,0.001042793754578637
AVA,IL1V,0.0010278413901268263,0.00022925142231924664,0.001042691062996939
AWC,URAD,0.0018491906995089652,-0.001952215641080881,0.0010425703945898142
RIF,RIS,0.0007738178758301312,0.0008988671404688593,0.001040945392701094
AUA,AVM,0.00043716580960993193,0.001790513380307369,0.0010401185414787434
RIC,URAV,0.0010536642590263019,0.00013835115601776229,0.001034822875276138
BWM07V,RMED,0.0018210940345731626,-0.0019036634951463353,0.0010333866575359019
ALM,OLQV,0.0005262106247716912,0.0015337035992590837,0.0010329477051262699
PVP,RMG,0.0007635771058904344,0.0009033071223589384,0.0010329263263867574
AVB,BWM04V,0.0016107615719224459,-0.001346807738192554,0.0010327910167270739
SMBV,URX,0.0005223166976928733,0.0015399451152645753,0.0010315031816711061
BWM08V,PVR,0.0026326392359738732,-0.0040677178433937535,0.0010302273232687667
RIG,URB,0.0012513888996251892,-0.00040491248047452025,0.001028409583908987
AVK,RID,0.000435180291115689,0.001760876293699476,0.001027815926214006
CEPD,RIG,0.00120225330939915,-0.00028129660518678523,0.0010259900705813104
SMDD,URX,0.0010582759853560407,6.655935060713379e-05,0.0010138384097173484
ASK,URB,0.0016227260992400894,-0.001436111001672222,0.0010125163759195173
ASH,OLQD,0.0006583948472184609,0.0011131261448972416,0.0010084348922634275
AVF,SDQ,0.00099894458608139,0.00020525239880543925,0.0010071905849771507
AIB,AUA,0.0019546500499409095,-0.0023331678575182206,0.0010070116764595155
IL1D,RMF,0.0014149630921532182,-0.0009344669755243024,0.0009948680457130548
AIN,URAD,0.0012543347107092581,-0.0005183830510517692,0.000991177964747928
AVM,SMBV,0.0007351586168909353,0.0008576667259552682,0.0009902467878958525
BWM02V,URAD,0.0005886096968066175,0.0012327309462587801,0.0009852770432734307
AIA,FLP,0.002167374966928295,-0.0029694531521530583,0.0009818543256823041
BWM01V,SMDD,0.0017123373272744135,-0.0017623422880315345,0.0009814106117406304
BWM04V,URX,0.000571325883366404,0.0012590956843953486,0.0009783933383356856
OLQD,RMG,0.0016022288755167472,-0.0014786645633223432,0.000978337751240238
ASG,AVB,0.0010444020043890317,1.189726268262435e-06,0.0009778174478408033
AQR,PVT,0.0010681503118194391,-7.31626958875132e-05,0.0009738394587800041
AVM,SIBD,0.000599858164154488,0.0011664466652904504,0.0009724444573626496
IL2V,SIAV,0.0011520196694519058,-0.00030367144748197724,0.0009710940075405921
AIY,PVP,0.0013989097594112377,-0.0009676507373880692,0.0009681502472955589
AVD,RMF,0.0014810600698499966,-0.0011966726216517058,0.0009643200252479052
PVT,SIAD,0.0007689694311429864,0.0006882051370949538,0.0009621680895117727
PVC,PVT,0.000426204089561506,0.0015954797295761886,0.0009611277873509424
ASH,IL2L/R,0.0009626236161111003,0.00016789865463486174,0.0009600358702161271
ALM,AVE,0.0003723957175209117,0.0017332532815034995,0.0009593246169393851
BDU,IL1D,0.0011011630761364696,-0.00021069489504413474,0.000956266223787795
AVA,OLQD,0.0008512629269524637,0.0004390456641197498,0.0009513751298905001
AFD,IL1D,0.0009480878537028589,0.0001789722256997403,0.0009503351169554486
BWM04D,RIM,0.0013377580008996348,-0.000858213431290813,0.0009494887612706372
BWM07D,URYD,0.0014516812859762408,-0.0011804456418300301,0.0009425446330702837
AVH,SIBD,0.001048080427799248,-0.00011456809057451378,0.0009404653860608197
RIS,URYD,0.0016789424348469854,-0.0017912151242665956,0.0009399830288944753
AVL,URAD,0.0010863855444308416,-0.0002207494607116875,0.0009388933936842666
RMDL/R,SAAV,0.0008665671866090759,0.00035983755576990395,0.0009377836184823927
IL2V,RMF,0.0024325890082597945,-0.0038161203602152718,0.0009316774440940853
OLQV,RID,0.0007757827671980603,0.0005801827840069988,0.0009304758930829556
AVB,URAD,0.0005469393380026867,0.0011801710008671812,0.0009277572763095566
AVM,RIH,0.0002678477543755587,0.0019180102911941822,0.0009265946197769888
ALM,AVA,0.0005833383712342644,0.0010771633110773216,0.0009255199301636474
DVA,SAAD,0.001362639185136398,-0.0009979821543853401,0.0009235174505661211
FLP,RID,0.00047493299558107305,0.0013537757361086532,0.0009215509850330452
RIP,SIBD,0.0011942875394235452,-0.0005596940208826494,0.0009204246325545964
ASG,SIAV,0.0004855499430336413,0.00132179144026069,0.0009202151361088558
IL2D,RIF,0.0011112788199983286,-0.0003404119108616539,0.0009200190993792869
BWM02V,RMEV,0.0012314675480197355,-0.0006658041461195907,0.0009178248212753959
ADA,DVC,0.001478152333955371,-0.001324709340557721,0.0009164771027152122
BWM07V,SIBD,-9.960433933075926e-05,0.002860333421735198,0.0009148028902418771
AIB,AVF,0.0008109803649817624,0.0004416069093809456,0.0009145795188824525
AIZ,SAAD,0.001121854891220387,-0.0003857583260210184,0.000913936019522525
PVR,SMBV,0.0012923752294393377,-0.0008396188851853024,0.0009135704805265756
AIM,AUA,0.0013549814709144174,-0.0010162165944243497,0.0009099249750338728
ALN,PVQ,0.0008393802229962406,0.00034702478301003276,0.0009078254596904072
RID,RMG,0.0007131597585160025,0.0006754063024742544,0.0009054284296136029
AVE,OLQV,0.0005193955536393221,0.0011880865933912214,0.0009047701225500264
RMF,SIBD,0.0015104561143608,-0.001448963278016242,0.0009029197934825895
ADL,URYV,0.0006156506598852376,0.0009233026978857458,0.0009015368223707075
RMF,URAV,0.0008805230155477886,0.00020516019267971568,0.000896333880694002
ADE,RIC,0.0014095648730811103,-0.00120887192387188,0.0008931124319963517
AVB,RIA,0.0010381748999146944,-0.00023365021500648773,0.0008892293268841437
AWA,RIA,0.0010901616790328192,-0.0003776987650858977,0.00088711638161573
RIH,RMEL/R,0.0031564517142635105,-0.005869642047357511,0.0008854139886732521
DVC,URB,0.0008514642396185613,0.0002455423427451516,0.0008833705488676452
IL1V,RIG,0.0009343737874778963,2.3521089588549453e-05,0.0008827179647225668
AQR,SAAV,0.0009690055606742655,-7.352028830150002e-05,0.0008809293400408194
AWA,BWM06D,0.0003890791869124145,0.0014574282865370313,0.0008777335942054183
RIS,SIAV,0.001247882195872092,-0.0008316932155161789,0.0008747250115323213
AIB,IL2D,0.0012058780785798653,-0.0007202167495472054,0.0008747013710798387
DVA,RIV,0.0008386796484359682,0.0002505550207318745,0.0008731726859299863
AWB,DVA,0.0009031846769944771,7.115490764834555e-05,0.0008703165484465928
ADL,RID,0.0006107295133241117,0.0008470698717131641,0.000870065996411022
AIZ,RMF,0.001281793884079121,-0.0009388609309821648,0.0008686938516904195
AVJ,CEPD,0.0008343592864891833,0.0002490783225180019,0.0008686090908884142
AVB,OLQV,0.0009655798430989208,-0.00011031041632707105,0.0008647581011618653
BAG,OLQV,0.0011397359049651386,-0.000576166513533875,0.0008635676583155112
AUA,URAD,0.0012293727627608654,-0.0008148525625172402,0.0008633379106906506
IL1D,SAAD,0.0002998117269450833,0.0016527519391269306,0.0008630275927668322
AIZ,ASK,0.0008953097406636333,6.908634826817624e-05,0.0008622178442501489
AIB,RID,0.000750174729990642,0.0004521968378531488,0.000861406904806117
BWM05V,SMDD,0.0008404284642081271,0.00021243387150935821,0.0008613749386869467
AIZ,IL1L/R,0.0005985215189562574,0.0008503633489306279,0.0008598018708527887
AIB,SMDV,0.0011816620892678307,-0.0007036643840783627,0.0008578722232410305
ADE,PVT,0.002620572508598433,-0.004536017713219228,0.0008539000376236197
AVE,URAV,0.0010474801691683386,-0.00036075662647764764,0.0008531437334952165
RID,SAAD,0.0008610561816273758,0.00013045443555078295,0.0008517887071497515
ALA,URB,0.001375670137501682,-0.00123820631365372,0.0008510544163275301
CEPV,RIV,0.0019551062008506394,-0.002779358294996909,0.0008501955002932676
DVA,URAV,0.0006070094503119357,0.0007952821243214721,0.000848333948191916
AVB,DVC,0.0019159333886542129,-0.0026812490972070295,0.0008481107303106475
AIA,RIM,0.0008359880766202003,0.00018518583953331427,0.0008476168795550072
BWM02D,OLQD,0.0007224665343083623,0.0004794906459755109,0.000845095011892349
ASI,URB,0.001184897976246847,-0.0007566076970878064,0.0008422426288704919
OLL,RMF,0.0040487818468151445,-0.008385459403556146,0.0008338911498731557
ADL,URB,0.0005812623278274484,0.0008191327234061802,0.0008326438856986801
AVL,FLP,0.0008963983313998572,-2.8206962524154246e-05,0.000828949222764497
RID,RIM,0.0006457827004572468,0.0006244116930345738,0.0008244028259766805
AWA,OLQD,0.000718261308586505,0.00042878959293869354,0.000823291891293159
IL1V,PVT,0.0013889534260459234,-0.0013596578381266879,0.0008206844841108143
AWA,RIM,0.001116248331150295,-0.0006359157534630701,0.0008205305590748565
IL1V,SIAV,0.0008969334256121583,-5.35480585065554e-05,0.0008205194703227135
AVL,RIR,0.0003477829302695365,0.0013990346551116346,0.0008185080652461015
ASJ,URAD,0.0008284346997032755,0.00011566599872071764,0.0008160484341113268
AIZ,AVD,0.0012035746442368399,-0.0008823134265584072,0.0008154208279225095
FLP,RIA,0.0007807801617402559,0.00023226323198952088,0.0008125414990379859
PVC,SMDV,0.0007950843736217636,0.00019034473505924414,0.0008111554212316608
RID,RIR,0.0005496163388744116,0.0008366507398351644,0.0008092017188281066
BWM04V,RIA,0.0015171106137452542,-0.0017469409424574393,0.0008041363350342793
AVH,RIS,0.00037842138535294046,0.0012758156511378988,0.0008037569934276426
AUA,IL1D,0.0012341255667302552,-0.0010131731094340129,0.0007978951688592355
BWM07V,SMDD,0.0012419676766674747,-0.0010384477173269189,0.000796327080237373
CEPD,SMBD,0.000325134673897878,0.0013912671827889529,0.0007945754586332997
AIY,SIBV,0.0008283989218786886,5.418231313408362e-05,0.0007943473357090755
AIY,SIAV,0.001588344554617114,-0.0019669679381673854,0.0007932599960717715
OLL,RIV,0.000976962432602321,-0.00034384406727794157,0.000793110273517117
ASK,SMDD,0.0008988148032884277,-0.0001382868561101599,0.0007924171410414126
AIY,OLQD,0.0005868594817769979,0.0006832723840295129,0.0007900030787962607
RID,RIG,0.0032934477794612795,-0.006505026673812235,0.0007897035932413914
ADE,RIH,0.0005899260312843352,0.0006690657775360026,0.0007878663082559843
RIR,RMF,0.0010975943437658577,-0.0006802298579750437,0.000787456480305424
ALN,AVB,0.0005115076036947213,0.0008692818494906162,0.000785037466700521
ASJ,AWC,0.0009558844106757361,-0.0003165085152061475,0.0007830179052504727
AVF,SMDD,0.0007615993958155111,0.00019652098689344543,0.0007819952672440876
ADE,BWM02D,0.000531461556287914,0.0008072196212547492,0.0007818397677155578
AVK,BWM06V,0.0008112915047039039,5.143817776568716e-05,0.0007773703810394622
BWM05V,RMH,0.001228626354700124,-0.0010610023934692115,0.0007758931250491528
RIB,SMBV,0.0010502281912908222,-0.0005873413056836767,0.0007758641950779602
BWM03V,PVR,0.0019070872900968884,-0.002863280642013803,0.0007756819734585561
ALN,ASH,0.0006942543240269482,0.0003476396076343904,0.0007722268152298887
ALM,SAAV,0.0012040035992147572,-0.001006704774002515,0.0007719852044222569
ADL,RIG,0.0005761063936250303,0.0006575129005502045,0.0007708618947504591
IL2L/R,SAAD,0.0010831972818639423,-0.0006971425870278307,0.0007680228087642818
PVQ,SIBD,0.0004666737281584228,0.0009334815875349061,0.0007657047045027192
PVT,RIB,0.0008615359185076532,-0.00012043581075070634,0.0007638208215024444
AVB,BAG,0.0014548852772317059,-0.0017006325152592438,0.0007622227441227379
OLL,RIC,0.0007734394171197588,9.922088735098691e-05,0.0007587859235905129
AVJ,AVK,0.0005225679025223452,0.0007646536088221894,0.0007585158957051664
RID,RIP,0.0006832624180085575,0.00033489250573620936,0.0007574478599251827
BWM02D,URB,0.00038193818520182644,0.001133042685503136,0.0007567332024657479
AIZ,IL1D,0.0008205718309318223,-4.132701701038303e-05,0.000753363716959712
AVB,IL1D,0.0010155757196239695,-0.0005609408732483373,0.0007527387009607977
IL1V,SAAD,0.0009106674136526741,-0.0002829021950486948,0.0007525450996339917
AVB,SAAD,0.0007170781574976988,0.00022296864527933722,0.0007496507822947654
ASH,URB,0.000959838315081905,-0.0004266012661338942,0.0007479200906502971
ADF,DVA,0.0006187597926879369,0.00047857817019454467,0.0007477200303355632
PVC,RMDD,0.00116603952176204,-0.0009749618306781114,0.0007476433286071412
PVT,RMH,0.0005991882420995367,0.0005277350487445196,0.0007467275924189161
AVK,IL1D,0.0007865933533337169,2.5772070223614185e-05,0.000745211689089942
BDU,SMBD,0.0007078884203061847,0.00022921546784119098,0.0007432520726382434
AWA,RIG,0.0003854540943379585,0.0010843489681744236,0.0007428632757721695
AVF,AVH,-0.0017569161582127876,0.006772724945369418,0.0007425917199090623
BWM05V,RIC,0.0007298090363807868,0.00016907207657022966,0.0007425710874488903
ASE,SIBD,0.0006186219610122824,0.00046281623140277607,0.0007420363379063397
OLL,OLQV,0.0018824223033987032,-0.0028963999751674047,0.000740927709040118
AFD,AVM,0.0003513034812342797,0.001164052560636965,0.0007389921402811034
IL1D,RIB,0.0010268697882991696,-0.0006300408027573834,0.000738956521230535
DVC,SIAD,-0.0002437722868971515,0.0027423394057033285,0.0007383015081791617
AQR,RIM,0.0009312665566561263,-0.0003797038966315003,0.000737708576022532
ADE,PVQ,0.0005664843207858067,0.000588729065089149,0.0007376168484525584
DVC,IL1D,0.0007899844811932997,-9.744598371161714e-06,0.0007358687424396445
PVT,RMG,0.0007228701006729779,0.0001666313625761872,0.0007352171826410089
PVT,SMDV,0.0009077388787642502,-0.0003276570808742946,0.0007340322668186156
ALM,SMBV,0.0005963717930434523,0.0004872814227298564,0.0007298354720284624
BAG,SMBD,0.0009481466127105482,-0.00045129339179463636,0.0007282766595559353
ADE,ADL,0.00035826341892988204,0.001111949439685204,0.0007271437735044882
IL1V,PVR,0.0032053273527065385,-0.006449249242818307,0.000726893211836312
RMEV,URAV,0.00618941517206528,-0.014379960919099967,0.0007246547621936665
SMDD,URYV,0.0006581139063361471,0.00030543639805765175,0.000723532057422282
AVH,BWM06D,0.0003205189777648525,0.001200612729437995,0.0007230668815701023
BWM01D,RIC,0.000701145804327087,0.0001881261489200398,0.0007224616433009901
AIB,URB,0.0006855494921156768,0.00022838728773314542,0.0007220544421217574
ADL,RIM,0.001096287420209943,-0.0008742614895874093,0.0007178542411713675
AVD,BWM06D,0.0003170909673074743,0.0011877719515830428,0.0007153335459383364
SDQ,URX,0.0011199567917696788,-0.0009472953554360697,0.0007142670560382399
AVB,BWM06D,0.0003356381393445417,0.0011329964759996612,0.0007133872610125765
AIZ,PVC,0.0005578406276949698,0.0005294140020621506,0.0007086243269802865
PVP,PVT,0.0011053596077878552,-0.0009246807390567096,0.0007085760297050501
ASH,RIA,0.0006260326250988734,0.0003453279365019648,0.000707567232112945
AIM,IL1D,0.0008196133142829689,-0.0001719621990358795,0.0007064292303620128
RIS,SAAV,0.0003266021038159937,0.0011360593933114277,0.0007060103444253591
AIA,URAD,0.001018631660644689,-0.0007022363741953699,0.0007058042946077828
SAAD,URB,0.001767931820465658,-0.0026961344878980347,0.0007043584370324133
ADA,AVK,0.0011006019500022692,-0.000924721065344309,0.0007041093889726692
ALM,AWB,0.0008021084731825905,-0.00013289690137417647,0.0007038145130643012
IL1V,SIBD,0.0009532832330383902,-0.0005367989104121692,0.0007029505301207753
PVC,SAAD,0.0010181620198695153,-0.0007162349945655438,0.0007004314957165382
ASE,SMBV,0.000808734788589954,-0.00016139422130563376,0.000699972905640872
ADL,URX,0.0008016847617949288,-0.0001458113123346098,0.0006988667858390574
AIY,RIV,0.0008348644693300262,-0.0002351193511710115,0.0006984445779919875
AIN,AWC,0.0025783383687190526,-0.004871927156626414,0.0006959967699401609
BWM01V,IL2L/R,0.0010846879272205022,-0.0009069412378401034,0.0006954821661461776
AIZ,RIC,0.0008770725484940381,-0.0003594946923337739,0.0006941133709658111
ASK,IL1L/R,0.0012480947301806637,-0.0013569181209111324,0.0006898281180306682
AFD,ASK,0.0010978754135999463,-0.0009641965991524167,0.0006876461047358037
OLQD,URX,0.0002649071625224903,0.0012360324851426266,0.0006835052167432379
SDQ,URYV,0.0009854298350798838,-0.0006777449604470142,0.0006833636181446373
PVP,RIS,0.00048700796824877084,0.0006452593667532939,0.0006831612998534312
SMBD,URAV,0.0007649902045898729,-9.631395544558623e-05,0.0006819698602106873
DVA,RMEV,0.0005461059145440454,0.0004793085189894215,0.0006799846610729507
PVR,URYD,0.0007342587684915683,-2.304026546644299e-05,0.0006790325660533234
BWM03V,SDQ,0.0010575707290399895,-0.0008842677068941009,0.0006780951119925231
DVA,RIP,0.0005184660944833018,0.0005454528911834949,0.0006774281793685373
AVK,IL1V,0.0011650561736772352,-0.001172963563509112,0.0006769447928177001
ASG,SMDV,0.0003036603494279974,0.0011126129671916079,0.0006762776107943556
RIC,URYV,-0.00011492209379803775,0.0022186965435287993,0.0006743470290524605
RIV,URAD,0.00044022078002409724,0.0007438077661332397,0.0006741054358485982
AVE,URAD,0.0007873768657263198,-0.00017813004047083657,0.0006740872938871581
ADE,RMDD,-1.6984986901878802e-06,0.0019143562400782239,0.000673053430348093
RIS,SIBD,0.0009944716291249746,-0.0007370962211375197,0.0006709092111435692
SIBV,URAD,0.0007581653531308131,-0.000109779042378484,0.0006708375943401582
ADF,RMF,0.0010424312029783038,-0.000867440312764336,0.000669857048512314
BWM04D,RIA,0.0007429814368992161,-7.342530799370494e-05,0.000669439313844885
ADF,AVE,0.0007146612193247999,-3.86161676382164e-06,0.0006674510962514678
IL1D,RIA,0.0005574101840794598,0.0004092207804382464,0.0006658639115656957
ADA,RIG,0.0009749990159238572,-0.000701807156675927,0.0006651221730076633
BDU,BWM04D,0.0002344412051873037,0.0012624881744301715,0.0006643171234500606
DVC,PVC,0.0005271844626082302,0.0004830964133656843,0.0006636120199924689
IL1V,RIB,0.000870422320550225,-0.00042864658592701267,0.0006635198019612524
AVL,RIV,0.0004885128998488615,0.0005792449051554625,0.0006613053644898312
AIZ,SIAV,0.0006411636020233933,0.0001714949142574368,0.0006604665577820022
ALA,RMDD,0.000297773694864222,0.0010759253081908096,0.0006578394282180234
AIB,ALN,0.0010194126405688488,-0.0008475230817276178,0.0006553343268995088
AFD,RMF,0.0010546249127410421,-0.0009439172719698134,0.0006543170361401347
AIM,SMBD,0.000615451388330574,0.00022030574970198947,0.0006536054624011122
AVA,BWM06D,0.00030079518687068995,0.0010521804433933995,0.0006522990899287541
BWM01V,SMDV,0.00085791156461764,-0.000437466194164686,0.0006487035365191671
RIA,SAAD,0.0013051625148744826,-0.0016317689540306282,0.000646373853089886
AIN,RMEV,0.0006345276191618327,0.00014705069908524352,0.0006456418621870626
AWA,IL2L/R,0.001286627077777076,-0.0015936335206634682,0.0006424669621499752
DVC,SIBV,0.0004609720756984885,0.0005922757460677976,0.0006401236582170415
RIF,URAD,0.0006177251331315613,0.00017132348173405916,0.0006384713738513023
PVC,SMDD,0.0007144673370164382,-8.89861278700091e-05,0.0006372707154894122
AVL,URB,0.0007491949591208061,-0.00018451648969132378,0.0006361042913746519
IL1V,RIV,0.0008937224832786528,-0.0005736749229752904,0.0006342153471081496
ALN,AWA,0.0007111651211371876,-9.076847804036427e-05,0.0006335522315866149
AFD,URAD,0.0005774204492176214,0.00026189194772574287,0.0006326698998964433
SMBD,URYD,0.0006372554411984392,9.770796982199314e-05,0.0006308056884059437
PVT,SMBV,0.0008581805155895888,-0.0004900313861353517,0.0006304306051063706
ASG,BDU,0.0007641224903918612,-0.00024315407424952443,0.0006294095292364221
RIR,RMG,0.0009485390884178687,-0.0007459818371668343,0.000624792080611741
IL1V,IL1V,2.0258860822950056e-06,0.0017672410370914028,0.0006246936481770153
AIZ,PVQ,0.0007753578329892842,-0.00028943405263579354,0.0006236144257623353
AVB,RMF,0.0010610911930252417,-0.0010562648767078507,0.0006207757768711576
ALM,RIC,0.0013669863762615832,-0.0018690986138633985,0.0006205934661234183
RIF,SMBD,0.00042493979245837604,0.0006294530935642311,0.0006195047936059831
ASJ,CEPD,0.000668140372119594,-2.2471258913960373e-05,0.00061735653433702
AWA,OLL,0.0006724337941859335,-3.758435684289179e-05,0.0006160484672255978
AVL,PVP,0.0010110514278963629,-0.0009432107905048545,0.0006137879902665421
AIA,IL1L/R,0.00036764790608460434,0.0007645492431707193,0.0006134980445622875
AVK,RIA,0.0007636455667184006,-0.0002911336073131836,0.0006120546181867748
AVK,IL2L/R,0.000605306976364267,0.00012351445330027706,0.0006100014099891045
BAG,URAD,0.0008669701245009511,-0.00057357976436425,0.0006092128266294792
CEPV,RMEV,0.00040567152213038984,0.0006498667551531439,0.0006086667115993388
AIB,IL1L/R,0.0004632756328906805,0.0004804865207444031,0.0006028835160883443
AFD,SIBD,0.0008418827092723881,-0.0005265969206145811,0.000602292238614542
AUA,URB,0.0006078333005744953,9.33507143720625e-05,0.0006017355803770274
RIC,RMEV,0.0002928534753386092,0.0009297449756404034,0.0006017190981364647
AIA,OLQD,0.0011060904539288265,-0.001231618950553319,0.0006010911429480692
DVA,IL1V,0.0003395926420033005,0.0008015594341961519,0.0006002855237427919
BWM05V,IL1V,0.0011399972986726927,-0.0013277646207318693,0.0005989397562954337
SMBV,URYV,0.0004948005598524044,0.0003854278913867035,0.0005988861108038468
AIZ,AVA,0.0006757529432206563,-9.73184862418401e-05,0.0005981036250145735
AVB,SAAV,0.0015460611384772345,-0.0024105883329438174,0.0005973519338253746
CEPD,RMED,0.0006474967296315726,-2.7860002620509073e-05,0.0005961382287468387
RIF,SIBV,0.000819835267407642,-0.0004930184533559124,0.0005934927247498384
AWA,SAAV,0.0012116373221149031,-0.0015352717816813181,0.0005928555931583379
AVA,RMDV,0.00015428183255596488,0.001271886580123861,0.0005926125073995444
BDU,SIAV,0.0007406722716477874,-0.00029388411096332285,0.0005895858679933124
ASG,AVJ,0.0003945294826216312,0.0006228178607760227,0.000588707125007101
BWM08V,SMDD,0.0004922699249390142,0.00036204475772320575,0.0005882773220214078
DVA,RIA,0.0011231960490561388,-0.0013148644154750623,0.000587762587256262
AVA,PVQ,0.0008178219251641781,-0.0005061100789259293,0.0005869948971379533
CEPD,PVT,0.0004174362814747578,0.0005555968713066087,0.0005864548201524292
AIN,CEPD,0.0007013467130106554,-0.00019874192871432254,0.0005863125378515843
BWM04D,OLL,0.0008233811222139026,-0.0005321647590687634,0.0005830154492182412
AWB,SAAV,0.00032215976481520144,0.0007976435462553846,0.0005825910488277268
BWM08V,RIA,0.0003036916410868438,0.0008403039599006493,0.0005803418121129105
RMDL/R,SAAD,0.0007453207748371282,-0.0003365158270420594,0.0005789121982193653
AVA,PVR,0.0009269819495434309,-0.0008197030272021525,0.000578637679764573
ADF,PVQ,0.0008252268828852395,-0.0005528758614341858,0.0005774439445192052
BWM08V,URX,0.0002973985186614814,0.0008477214728489901,0.000577066450151645
BWM02D,RMEV,0.0008417857665809165,-0.0005996240393259911,0.000576465849909219
ALN,ASK,0.0005408096281029378,0.0001990035994032454,0.0005762452171933293
PVT,SIBV,0.00040605983890251745,0.0005437038809937352,0.0005716169978689329
IL1V,RIM,0.000695355082913287,-0.00022630841923464184,0.0005709905277466631
AWA,SMDD,0.0005363744536434038,0.00019407777648076358,0.0005703586609913199
OLQV,PVC,0.00040004255671789474,0.0005485552768969397,0.0005676954479797852
AIM,URAD,0.001179786817043178,-0.0015340764205150925,0.0005634697241080117
ASJ,SMDD,0.0004226559362540293,0.00047328538100463403,0.0005623320134012506
RIB,RIR,0.000696352189677871,-0.0002561631116666067,0.0005614024997878215
BWM07D,RMDL/R,0.0001874966861847092,0.0010916324436959233,0.0005601726543049861
AIZ,RMEV,0.0004358859684300606,0.00043047720294663743,0.00055962713541432
ASE,URAD,0.0007431219774796612,-0.0003854014865947155,0.0005596265504044328
DVC,RMDL/R,0.0007778868177320016,-0.00047897896140784664,0.0005591831783831698
AIA,RIS,0.0006462768633389474,-0.00012993521397572534,0.0005590240485150122
RIR,RIS,0.0006325209238632345,-9.764879912935818e-05,0.0005575287586060632
CEPV,RMG,-0.0011285650397928756,0.004575451166265274,0.0005562842168756706
AVF,RMEV,0.0008326514268809915,-0.0006333775231494709,0.0005560223779674272
AIA,SIAV,0.000948643939724223,-0.0009440184375983242,0.000555099642775673
BWM01V,OLL,0.0007214883921129822,-0.00034274992147386433,0.0005544118145802858
RIR,SAAD,0.0006153596789530495,-6.255269309165734e-05,0.0005538368014910626
AWA,OLQV,0.0003172960066720789,0.0007163891983396791,0.0005494042827692494
IL1L/R,SAAV,0.0004990948292625133,0.00023277610621264176,0.0005491084917405428
AVF,BWM06D,0.00024338874247384514,0.0009116952277015791,0.0005490668298553718
OLQD,SIBD,0.0008459569473291463,-0.0007104799090751901,0.0005413024396725211
ADL,AIN,0.0005934765220489969,-4.479344871389188e-05,0.0005396161418510906
AIN,SMDD,0.0010576915925875406,-0.0012823141981899207,0.0005379316846397836
AVK,URB,0.0007880816692739219,-0.0005691454944872474,0.0005369481687729818
PVT,URAD,0.0005105052483760299,0.00016645670361022392,0.0005364150902448111
IL1L/R,SIBD,0.0008400379588954576,-0.0007103875493379027,0.0005357957339110612
BWM01D,IL1L/R,0.000754057245023883,-0.00048376206283878495,0.000535196772472794
AIN,SAAD,0.0007963324232268336,-0.0005970296398381648,0.0005348428740501684
BWM04D,CEPV,-0.0006786440917979892,0.0033127613909873415,0.00053235280166844
ASH,RIC,0.0006594182029261873,-0.00024262172712913348,0.0005316101731685034
ASI,RIA,0.0004780965958907709,0.0002377888857072619,0.0005312239703335526
BWM06D,PVP,0.00023481871633039995,0.0008795932830641995,0.0005297334907759572
ASG,CEPV,0.0010548317754451523,-0.0013080312774563017,0.0005261923209093108
AIZ,SAAV,0.0007171360572468952,-0.0004128845578740333,0.0005256223860438116
AIN,ASJ,0.0011689379676087198,-0.0016136922709906873,0.0005252592684400123
PVT,URYD,0.0007619695400693715,-0.0005379623530073317,0.0005235005958299634
DVC,SAAV,0.0005955537865038659,-0.00010036680444330566,0.000521975396845729
BWM08D,IL2D,0.0008135159454153766,-0.0006802059283800778,0.0005216116246096332
AFD,ASG,0.0007161960175399771,-0.0004219451078844866,0.0005215496042082535
BWM05V,RMDL/R,0.00022218898373499413,0.0008827299856777446,0.0005190194343737756
IL2L/R,RMDV,0.0005917396220775743,-9.900436564205056e-05,0.000518886071330663
AFD,AIM,0.0008490887611997996,-0.0007855267171423042,0.0005177859023088072
AIZ,RIV,0.0004872441413923299,0.00017260091409207815,0.0005168116007193256
BWM04D,RMDL/R,0.0015856031609318214,-0.0027510388744486323,0.0005143781220524609
ASE,SIAD,0.00044692335539466335,0.00026647685972520143,0.0005121606546976593
AVE,PVR,0.0002788433182651156,0.0007056036107249815,0.000509617559405324
ALN,RIM,0.0015590526296790945,-0.0026956221409957437,0.0005090604922143222
DVC,RMG,0.00044576126209785197,0.0002599230273745029,0.0005087634636643175
RMDL/R,URX,0.00046361126849859543,0.00020408889937619258,0.0005057916576256609
BAG,OLL,0.0006087997654285047,-0.00018640950036901723,0.0005040490604279531
AIY,ASK,0.0005200357814394117,4.886820717718326e-05,0.0005038945405199731
BDU,DVA,0.0003983112872663791,0.00037101430208103263,0.0005035075996174749
AWA,URB,0.0007377514809874425,-0.0005330686911784128,0.000502560838762682
BAG,IL1V,0.00022744562905796119,0.000812356227089016,0.0004991382502405616
ASK,IL2D,0.0005866482787862766,-0.00014208807095769348,0.0004989381303497989
AVA,AVL,0.0005557594538400476,-6.394007429748596e-05,0.0004975713109901482
ADA,RMEV,0.0007755518679626592,-0.0006484629850556742,0.000497269748794517
AUA,IL1L/R,0.0005896163843457152,-0.00015519989667271483,0.0004970950459237973
BAG,SIBD,0.0014629988851269091,-0.00247739410667568,0.0004960753708566282
RMEV,SIBD,0.0005125766470818816,4.642349853875286e-05,0.0004960524027540781
RIS,RMH,0.0003175549331527504,0.0005634965823712113,0.0004957653372844547
ASE,URX,0.0002465606001345055,0.0007500830385928817,0.0004950810497541848
AQR,PVR,0.0005393803114702584,-2.8178413829130987e-05,0.0004948458301256999
OLL,RIM,0.00057717207118757,-0.00012976132827138742,0.0004944139683666416
ALA,ASH,0.0002603011777726246,0.000710896392748897,0.000494130236096557
ADA,BWM04V,0.0007031448174880346,-0.0004657622737770665,0.0004938939921216294
OLQD,RID,0.0002482376656784789,0.0007377207173541902,0.0004922938869616208
AIM,CEPD,0.0002905216199001318,0.0006239769972170299,0.0004917804027634268
AVA,BWM05D,0.000764704988690454,-0.000639393572677273,0.0004903149271330552
PVQ,URB,0.0006364898888648045,-0.00029908109170393576,0.0004902558472683761
BWM08D,RIA,0.00045154832548720947,0.00019047604803056314,0.0004897052770533848
AVL,URX,0.0004791425403745022,0.00011216368900509522,0.00048793092941450784
AUA,RMF,0.0007807419022782608,-0.0006914445309021052,0.00048697958373973706
AVB,RMH,0.0015012251909540199,-0.0026070950606898926,0.00048614102976041044
AVD,SAAD,0.00038988146758007233,0.0003426990550777925,0.0004856399513887855
ALM,IL1D,0.00024708869777813173,0.0007218021561547995,0.0004856087322800063
RIC,RIS,7.275928924892208e-05,0.0011835520668758506,0.00048518987833961016
BDU,BWM08D,0.00024990521910337414,0.0007123438992381241,0.00048491135164834025
ADE,AVB,0.00042971303994617497,0.00023420817908520616,0.00048468258605388175
AIA,AVK,0.0006386512196291362,-0.00032531434905672785,0.00048303359106050545
AVF,SAAV,0.0002217975303716229,0.0007804280104840316,0.00048260060566642274
ADE,RIS,0.0004112084575184489,0.00027725816245912976,0.0004825365188754799
AIN,SAAV,0.0004812254181615809,8.948618202625165e-05,0.00048188834407667826
IL2L/R,PVQ,0.00023737317229929615,0.0007333225118030743,0.0004805764250788145
RIB,RIV,0.0005038987520531981,1.9688601277792837e-05,0.00047850952942418256
OLL,SMBD,0.0005143613217298142,-9.151117953732283e-06,0.00047813739479396543
AIA,OLL,0.00039680339857667724,0.0002994002241151996,0.0004768587575948533
RIB,RMDD,0.0007019793428080054,-0.0005145702041375054,0.00047560276668441137
ALM,RIM,0.0003681561995376503,0.00036940276139365235,0.0004747191909102308
AIB,SMBV,0.00025505656212459896,0.0006684705986461538,0.00047427071207789773
SIAD,URX,0.0009407109715319595,-0.0011563498431814395,0.00047284738622455183
ALM,BWM02D,0.0002941442053205384,0.0005551161344401316,0.0004709031554961354
AIZ,AVF,0.0005244103504845286,-6.00725709203613e-05,0.00046959637229076166
ASE,RIM,0.000596061338081679,-0.00025124144880298607,0.0004692802841693581
ADL,SDQ,0.0002408945082479146,0.0006897286459092783,0.00046850882814828836
PVT,SIAV,0.0003147080377668148,0.0004890372023881589,0.00046686067298446783
RID,SMDD,0.0002615387801057207,0.0006294495390200873,0.00046658555500186407
IL2D,RMG,0.0007267409112377366,-0.0006076506293528694,0.00046597305131793905
AVB,SMDD,0.0003056559008005569,0.0005060471730747327,0.0004643838031188645
AUA,RIG,0.001042588534720678,-0.0014520695511713562,0.0004639736677882003
BWM04V,SIBD,0.0016150903628483623,-0.0029731171715210313,0.00046371041085128744
AFD,SAAV,0.00028912793590770667,0.0005474628617005963,0.0004635115973538665
ADE,ASK,0.0005400446039697567,-0.00012017010791666638,0.00046304848704696155
AIA,URYD,0.0009337214713752814,-0.0011713877333787476,0.0004610067592857876
ALA,RMDV,0.0007158940319655314,-0.0005985812169744683,0.00045901822965647716
AVE,RMED,0.0009466931902358118,-0.0012154489399373962,0.00045761855729212263
RIM,URB,0.0006642433742117783,-0.00046900575831262655,0.00045634523483168755
AQR,AVL,0.0003865411110768835,0.0002667270521919121,0.00045574041693938124
ASE,SAAV,0.0002714880545912464,0.0005703066199288668,0.00045505383101437485
PVT,RIH,0.00023992524599671293,0.00064933139909158,0.0004533652566342181
ADL,AVE,0.0004482767278146096,9.576100968318614e-05,0.00045326481125993666
RIB,RMG,0.0004455743740737344,9.649802176419941e-05,0.0004509955598221438
AUA,IL2D,0.001459926189594771,-0.0025993219122442362,0.00045023092878697916
CEPV,RIM,0.00048465942222977395,-1.4250645594598935e-05,0.00044854388992164346
BWM06D,PVC,0.00019882460652792986,0.0007447651155872054,0.00044853346664241637
AVD,AWC,0.0005053354238440078,-7.372518973244226e-05,0.0004469338488280868
AVL,SIAV,0.0012494953439291967,-0.0020559624754234148,0.00044478694558158137
BWM07V,IL2V,0.0001971106012992408,0.0007383447266597298,0.00044466679882653354
PVQ,SDQ,0.00020134871734562085,0.0007258702195606918,0.00044423684610794335
AFD,URB,0.0007428873357361278,-0.0007171405828646953,0.00044249797642232464
SIAV,URYV,0.000351282399729046,0.0003172824008374124,0.0004405600696351593
OLQD,PVC,0.0004403988922038158,7.398610100327335e-05,0.0004382186310659083
BWM04D,RIP,0.0005024891831608805,-0.00010507833660342773,0.0004332209701964612
AIA,BAG,0.0004173593365885959,0.00011942189706053087,0.00043266932294039497
ASK,AVB,0.000504554438058953,-0.00011219819158652388,0.0004326446027344921
AIN,IL1L/R,0.0003754437600497812,0.00022651173551106036,0.00043118264076536146
IL2D,RMF,0.0008174270235469273,-0.0009566921134183756,0.000427834614461867
ASH,URAD,0.0004102958339343485,0.00012357544791514758,0.0004275227437973386
OLQV,URX,-0.00018709129720572622,0.0017073679058677174,0.0004266092811617628
ASJ,CEPV,4.33112205518309e-05,0.0010852896560986887,0.00042300216035351385
RMDL/R,SDQ,0.0007750865654220633,-0.0008604225549854036,0.00042213710774142814
DVC,SMBV,0.0005653957474115834,-0.0003039263446348904,0.000422015238028363
PVT,RMDL/R,0.0006613586938028174,-0.0005605979212072569,0.000421367403714224
CEPD,IL2L/R,0.0006691018657067375,-0.0005826442887451482,0.0004208443965231991
BWM05V,URAV,0.0013780276387529002,-0.0024654506338470223,0.00042076450116788764
OLL,SIBD,0.0008578183703719202,-0.0010867829234683466,0.0004197890255832145
AWA,SIBV,0.0004844656232570302,-9.707202859759321e-05,0.00041917523815277635
BWM04D,IL2D,0.0006508127563323013,-0.0005441647427040622,0.00041728929968770656
SAAD,URYV,0.000739769296749868,-0.0007814724061871683,0.0004169086407926792
AIM,SIAD,-0.00016967745276815535,0.0016267442769245786,0.00041449316660601587
PVC,PVQ,0.000894455029514974,-0.001206963519177733,0.00041172211466043664
RIM,URYV,0.0007565539205743796,-0.0008430572769030724,0.00041091316872503785
RID,URX,0.00029637949548311134,0.00037869620404191285,0.000410822461282407
AIN,AVE,0.0005618947016610293,-0.0003284078105154046,0.0004101112293796472
AFD,CEPD,0.0005093831424190069,-0.00019111303376988817,0.0004093529481360254
RIP,URYD,0.0003737259084548938,0.00016687107441617417,0.0004085568871560715
AVB,RMDD,0.0006234141342017532,-0.000497695338786431,0.00040802483815096985
PVT,RIC,0.00039777424548733325,0.0001001712183555467,0.00040755653875633777
IL2L/R,SAAV,0.0005064698778965473,-0.00019160597304243083,0.00040645286677966423
ASH,SIAV,0.0002862105370510223,0.00039210781679640996,0.00040603231375399877
AWA,SIAD,0.0002735797353591508,0.0004218629267417185,0.0004046979148300265
AIB,URAD,0.0005650602904477221,-0.0003522685093515731,0.0004046649219545607
IL2L/R,RMDD,0.00021467601441241052,0.0005762293087782334,0.0004039738085099492
IL1D,PVC,0.00024103550475965474,0.0005052797044456237,0.00040363867672115524
AVD,RMDV,8.189624638200841e-05,0.0009269291488619905,0.00040330354230416423
AWA,IL1L/R,0.000600268147816974,-0.0004508062220768882,0.0004028880956275408
RIA,RMEV,0.00034376970932280346,0.00022898462038182033,0.00040241212084522103
AIZ,URYV,0.00027156460902938765,0.00041751415003621567,0.00040127950632725507
IL2L/R,RMF,0.0011504411147661485,-0.001919806421467318,0.00040007064914169215
ASE,PVP,0.0003557203887641549,0.0001814749446755952,0.0003968531009908898
ADE,RMEV,0.0006182721185156863,-0.000516956505568859,0.0003964248347033213
ASE,RIB,0.0005218662509713083,-0.0002670631975342689,0.00039426941738197305
AQR,RMF,0.0006128486788795837,-0.0005124217993796584,0.0003929474238725903
PVT,SIBD,0.00017843833183085102,0.0006408588319259573,0.0003928372103134063
BWM02D,PVR,0.0002479556457416554,0.00045477149415186117,0.0003923151327606441
BWM06V,IL1V,0.00084445135022013,-0.001131987318683137,0.0003913489780258599
OLQD,SMDV,0.0007426790728588827,-0.0008637100695089365,0.0003906501636711005
BWM03V,RMDV,-0.01313370518787989,0.03598345370835089,0.00038990730828418154
ALA,SAAD,0.0003130527341985525,0.0002741265593090461,0.00038957438076927983
AVK,DVA,-0.00029225344368698697,0.0018798261224452137,0.00038897025598408987
AVL,CEPD,0.0004534362064857019,-0.00010294307567600223,0.00038806749010904663
AIZ,AVL,0.0005987475696113681,-0.0004889897633021642,0.0003880087153488159
PVP,SAAV,0.0004435376170230954,-8.166432967114998e-05,0.0003863028416288879
AIB,RIF,0.0016327552899215703,-0.003239841996833834,0.00038624489320405683
BWM08V,IL1V,0.0006020017996073786,-0.0005033523870012575,0.00038599260221112844
AVM,RIB,0.00019255547118329202,0.0005764954060839412,0.0003833661893995242
ASI,AVA,0.00047704836892681926,-0.0001803907981283053,0.00038287126812665533
AVL,RIC,0.0003744920382676418,9.135748927336835e-05,0.00038266193864408055
AIY,RMF,0.0007420079595136302,-0.0008866129686503812,0.0003819508390800322
RIH,RMDV,0.0003986945896049032,2.1250862028659762e-05,0.0003806053223383492
SIBV,SMDD,0.0004914865726921051,-0.000233175826505171,0.00037778108502026133
ADL,SMDD,0.00020875292960567074,0.0005161920120385308,0.00037727282997551724
AVL,IL1V,0.0007964291703282672,-0.0010445671234722387,0.0003772156358747836
AQR,OLQV,0.00024082513936622056,0.00042543920065976653,0.00037530502028437144
PVR,SAAV,0.0004240674798495181,-6.477635835483196e-05,0.00037403334646051036
AVL,RMDV,0.0005803080410629688,-0.0004852135622444554,0.0003720829588882051
BWM08D,RIP,0.0005803080410629688,-0.0004852135622444554,0.0003720829588882051
AIY,RMG,0.00043515305797578625,-0.00010265344861241136,0.00037105936902966677
AQR,RIH,0.00017800277398116377,0.0005784847494916951,0.00037044819292857573
IL1D,PVT,0.0005625757227603155,-0.00044439733671917063,0.00036987240700400855
BWM07D,RMH,0.00030124089759413686,0.0002494432408892452,0.00036982162646022744
AIN,SMDV,0.0007390507065867668,-0.0009232625735585867,0.0003662675324964687
DVA,RMG,0.0007721751378503422,-0.0010123920815659213,0.0003658565111245596
AVH,RIA,0.000742390517769215,-0.0009364874994310506,0.00036473244893791206
BDU,RMDL/R,0.0005744860578154837,-0.0004929418302948921,0.00036391094837148367
PVT,URX,0.00028393434539232516,0.0002785840629847753,0.00036389496810401137
AVF,RMDV,0.0005640377221546611,-0.00047160944367685383,0.00036165072639601233
PVP,RIH,0.00013459964348620673,0.0006672094292857874,0.0003610972806863273
AIA,AVM,0.0004407647471833216,-0.00014778134795811714,0.0003604074058256468
AIM,SIBD,0.000562782082606311,-0.0004726877786991109,0.0003600956239869604
BWM02V,CEPD,0.00015940248626808174,0.0005970961702552596,0.00035960010687710977
RMEV,SAAD,0.00015940248626808174,0.0005970961702552596,0.00035960010687710977
ASE,URYD,0.0009818138713968236,-0.0015895458504085564,0.0003586496571854866
AVB,BWM02V,0.0005586142825185586,-0.0004670747374876533,0.0003581733155652814
AVH,RMF,0.0009679865370915914,-0.001554715425910641,0.00035798409345655136
ASK,IL2L/R,0.0014109301772369217,-0.0027312268773745443,0.00035789331478270237
AIY,AVA,0.0003227230808797278,0.00015603236809902502,0.0003570064617577562
PVP,RIV,0.0004532652561585067,-0.00019304153617433496,0.00035615568845981653
CEPV,SMDD,0.0006431870397073152,-0.0007002715685870943,0.0003551388244668977
ALM,DVA,0.0004942070641715489,-0.00030531042837024253,0.0003549059114455723
RIV,URAV,0.000518425919294498,-0.00037126568458851485,0.000354327547762625
PVC,RIM,0.000714471082455018,-0.0008940129459695375,0.000353572752084016
RIC,RMF,0.0015442443899149714,-0.003114111263713923,0.0003477215036179577
ADF,IL1D,0.00022016565358335405,0.00040124205097897197,0.0003474435715097432
RIG,SMDV,0.0004528423379581415,-0.0002220400434031732,0.00034554046785724164
IL1L/R,RIG,0.00030196377175861874,0.00017786969686372085,0.0003452747168953126
ADL,BAG,0.0005337586700312893,-0.0004379546554173238,0.00034517459943559395
ADE,RIM,0.00040094102101409426,-9.264909179518437e-05,0.00034256787235357637
AIN,OLL,0.0003489345321167813,4.371683208772326e-05,0.00034195491925261646
PVQ,PVR,0.00023679979859289415,0.000340824083657875,0.0003417185059046703
ADL,OLL,0.00020548923541911394,0.0004188153057141644,0.0003399017557010715
RIB,URAD,0.000360391815866059,5.72664167270134e-06,0.00033928894268921785
FLP,RIH,-4.4746820799152775e-05,0.0010764461724103393,0.00033747694751852395
AIM,AIN,0.0005260736447019436,-0.00043986650035245014,0.00033730885058089617
BDU,RIG,0.0005260736447019436,-0.00043986650035245014,0.00033730885058089617
AVL,OLQD,0.0009281804688420962,-0.0015122882272819668,0.0003356836646782207
ASJ,RIM,0.0003287442496668385,7.570914047292244e-05,0.0003343344362233497
AVD,OLL,0.00021846309761073033,0.0003577800673308366,0.0003305336994906028
AVK,RIF,0.0005152267654297384,-0.0004307970879740491,0.00033035402891943427
AVL,RIG,0.0013412352200242806,-0.0026265052141408616,0.00032957486954426484
SAAV,URYV,0.0005501358817616888,-0.0005339257751727056,0.0003266797108142984
AVH,SIAD,-0.00048028240082395444,0.0021980505241224525,0.00032515057542978945
BWM01D,IL2L/R,0.0004119254499222324,-0.00017164617065036574,0.00032500803926985506
RIP,SAAV,0.0004895421485278798,-0.0003779072951289426,0.0003249562351985807
AIN,OLQD,0.0012961028400392336,-0.002525634877064018,0.0003228859289462672
AIN,SMBD,0.0004359456292169636,-0.0002416526518192574,0.00032281604376179873
IL2L/R,PVT,0.0003472993690027031,-7.900678551225056e-06,0.00032223400728898676
RIG,RMDL/R,0.0003946152158177508,-0.00013550229266154278,0.0003215458992679278
ALA,RMG,0.0003734865214963963,-8.434420205653352e-05,0.00031980146853449883
AFD,IL2D,0.000497692884930583,-0.0004175202300942459,0.0003186239681579274
PVT,URB,0.00039931218778374957,-0.00015975184080399817,0.00031739569347683406
RIM,URX,0.00011565615092799613,0.0005925315984815136,0.00031705171501312564
ADF,AVB,0.0004497607219945078,-0.0003002536046491615,0.00031509312133316055
AVE,RMH,0.0005319640438072544,-0.0005219797721206108,0.0003138836110900106
AIZ,OLQV,0.00022088609424101682,0.0003006177771682102,0.00031265654587285177
PVQ,SMDD,0.00025328927096288073,0.00021409563626118312,0.00031248941080904775
AIZ,ALA,0.0004296043542371259,-0.00025498636894675185,0.00031218262677367174
OLL,PVT,0.0005228872219581357,-0.0005033840440880003,0.000311942480627523
RIF,URB,0.00012877236084426395,0.0005429759693854306,0.0003118624313455533
ASK,URX,0.00016447811204414856,0.00043936542195522515,0.0003087638262884349
ASH,CEPV,0.0001585261574403148,0.00045002579633317323,0.00030695056917751887
ADL,AUA,0.000477262687977021,-0.0003990541446496456,0.00030601215310431816
CEPV,PVR,0.005884331007728237,-0.014759161327044525,0.0003055083941940831
IL2L/R,RIV,0.0005718065699078543,-0.0006557078023475363,0.0003040426095439128
ADA,SMDD,0.000840015265190039,-0.0013706884684135945,0.00030307623537405504
AWB,IL1D,0.0003472318295910671,-6.869745971195262e-05,0.0003007452586386187
AQR,IL1V,0.000962715509830983,-0.0017039231431408158,0.0003004685737499215
AIB,RMED,0.0006404242368028155,-0.0008503703386208847,0.0002996565953573747
AVJ,SMDV,0.00015665037974536462,0.0004342051506930195,0.0002996197399985309
RIS,SAAD,0.0013612893836569067,-0.0027665723112499487,0.0002989810660449121
ASJ,SIBD,0.0006454076665478569,-0.0008666581723346391,0.00029858027682734875
BWM06V,SMDD,0.0003360111146389331,-4.5942976171214874e-05,0.0002982633741805048
CEPD,DVA,0.00047144070472953596,-0.0004067824127000821,0.00029784014258759685
ASJ,URB,0.0008094260062990296,-0.001305525060725705,0.00029741383261043845
AVK,SIBD,-3.214878365218991e-05,0.0009278605749594534,0.00029690334137518403
AVH,SMDV,0.0007958777197261812,-0.0012728442871319922,0.00029625185051858496
ASI,SMDV,0.0004952188394637283,-0.0004767431458046785,0.00029543775312599056
ALN,AWB,0.00032959431571022977,-3.847465362584393e-05,0.0002948901761423322
AFD,RIV,0.0006686456599665746,-0.000939633336037378,0.00029461007607555173
ASK,SMBD,0.0002536130986485506,0.00016141784749781085,0.0002942281549719097
ADE,ASI,0.00019246014597429386,0.00032231170111098555,0.0002936994790725345
ASJ,SAAD,0.0002981219324113132,4.1305351809431405e-05,0.0002935523769404612
ADA,RMDV,0.0003740035135701466,-0.0001616528928741326,0.000293040748189386
BAG,CEPD,0.0003733540481334674,-0.0001669681239240492,0.00029055979577938745
RIB,URB,0.0003328685843357616,-6.156534782114208e-05,0.00028981693539557835
AUA,RIF,-3.30603017403414e-05,0.0009085485478260468,0.0002892445032391082
AVE,RIC,0.00036714880426871394,-0.00015673905421421927,0.00028835750210125797
AFD,URYD,0.0005905994983007013,-0.000750942270265865,0.00028806806204739825
AVJ,RMDD,0.00041385411047404144,-0.00028279676113829273,0.00028764211493708877
PVP,PVQ,0.000270941480912044,9.545181702609319e-05,0.0002871975811882418
IL1V,SMBD,0.0005764751237088487,-0.0007317487972089986,0.00028161385843804466
BAG,URB,0.0003575172730998398,-0.00015350251031240547,0.0002804844821930932
RIB,RMDV,0.00022730174594320094,0.00018592003549961224,0.0002782396886094847
RIF,RIG,0.0004338751708882009,-0.0003627764951360414,0.0002781928664584711
AIN,ASH,0.0004338751708882009,-0.0003627764951360414,0.0002781928664584711
IL1D,RIC,4.787829498301447e-05,0.0006585953878608371,0.000276903863196357
AIZ,RMG,0.0002617700942275195,8.99749115062958e-05,0.00027668445709052295
AIY,IL2D,0.00040967164192610327,-0.0003034131761150089,0.0002764624923499739
AVF,SMBD,0.00047059542927555356,-0.00046555175945004867,0.00027633804683073357
AVF,RIG,0.00033358667247038225,-0.00010237002308309919,0.0002761088790935621
RIA,RIC,0.00021351654011045063,0.00021304242900250985,0.000274897144549629
AVL,SAAD,0.0008031854654209235,-0.001355511075359248,0.0002739579613595065
AIB,AVH,0.00013874427056090097,0.00040624253736309593,0.0002730080281179949
IL1V,SAAV,0.0004118999883937555,-0.0003208417974076111,0.0002724058157524653
IL2D,RIC,0.0008572327221892878,-0.001504935881583452,0.0002718786437948168
BAG,RMDD,0.0004230282916159958,-0.00035370708275764046,0.0002712380447970092
IL1L/R,RID,0.0004230282916159958,-0.00035370708275764046,0.0002712380447970092
AVD,PVT,0.00036371956553362994,-0.0001978720983357948,0.00027065247028727697
AQR,IL2V,0.001383142241497624,-0.0029065529089018394,0.0002701010446324529
DVC,URAD,0.0003589717143327463,-0.00019352164516684767,0.00026774237231599435
PVQ,RIM,0.00011890916234400292,0.0004439552192694786,0.00026773586385785603
BDU,SAAD,0.0005308888121930093,-0.0006524769525548858,0.0002668885308781995
ASI,OLL,0.0004360627556455651,-0.0004033951485474745,0.00026592558732840545
ADF,ASK,0.0003622447598187268,-0.00020864182278992167,0.0002654768961266408
AVJ,SMBD,7.155591215329253e-05,0.0005630870965226953,0.00026540412745778045
AVK,AVM,0.00036000725040272126,-0.00020471275887633117,0.00026476758561610455
AIM,DVC,0.00018675018534167586,0.00025223551282313797,0.0002636601213790668
PVQ,SMBD,0.0002601077033416937,5.698312407442353e-05,0.00026350200079763175
ASE,RID,0.0005846792585407145,-0.000806675979543212,0.0002628863838112696
AIB,RIC,9.450994686909997e-05,0.0004912829279939914,0.00026158085870489774
ASG,AVD,0.0002584293300305179,5.373368631540912e-05,0.00026078616157756436
AVA,AWC,0.00033572099792908883,-0.00015622518477272556,0.00025912704729234745
AIY,AVB,0.0009050021284599441,-0.0016689378738939421,0.00025878705077813616
BAG,RIH,2.092316308837022e-05,0.0006714058843653215,0.00025619262185776757
BWM07V,RIC,0.00015176973382121417,0.0003220379612951569,0.00025552309957652906
ADE,DVC,0.0007698721208988313,-0.0013201410255184345,0.00025524668719541753
ASH,RIS,0.0007759022301681729,-0.0013407170682216145,0.00025363868003313856
AVK,URX,0.0002209808325149122,0.00013149532298752204,0.00025314434875815827
ADL,SAAD,0.00012101736480417004,0.0003955995416500222,0.00025266767160719183
AVL,URAV,-4.449160090815822e-05,0.0008324221023607255,0.0002517186747714726
BWM02V,URB,0.00034853410031000586,-0.00021306477718356558,0.0002510871427026021
CEPD,DVC,0.0002936813625935538,-6.838715651301057e-05,0.00025073968785564325
AFD,RIG,0.0001740824050882419,0.00024537168276867887,0.0002493861461142757
SAAV,URAD,0.000257510863032567,2.0292832634657624e-05,0.0002481416460442608
ADA,BWM06V,0.0003457606494053396,-0.00021406341123308886,0.00024813969205955526
RIR,URAV,0.00027803018629657205,-4.205505546035129e-05,0.0002453723761663194
ALM,ASK,0.0002142730776686071,0.00012655528051787936,0.00024512599889808367
PVT,SAAD,0.0003919254512042841,-0.00034988800116725154,0.0002434765055501126
BWM03D,OLL,0.0001967062666760485,0.0001638923212332008,0.00024184422814514157
RIM,RMEV,0.00046112740406991645,-0.0005423486223015716,0.00024041327464045827
AWB,SMDD,0.00030871282555803566,-0.00013761077132623276,0.00024041154085534678
ASH,IL1D,0.00017054749887832386,0.00022301805140834266,0.00023820032469506341
SDQ,SIBD,0.0021044070338058583,-0.0049154980011213364,0.00023711569198485842
ASH,RIB,0.00021775350893031147,9.3338502780245e-05,0.00023667713652949916
BWM04D,PVR,0.0006965383294848327,-0.0011812531996414225,0.0002355634388149508
IL2L/R,RIS,0.00011778278136987494,0.00035099561149726997,0.00023392162351258377
BWM05V,OLL,0.0003633704556188683,-0.0003038253146764347,0.00023298652565896953
RIM,URYD,0.0003521761619770187,-0.00028021039725458283,0.00023083259505345908
AVK,URAD,0.00014860323518670542,0.00025962025987083146,0.00023056297361407382
RMEL/R,URX,5.675041014535319e-05,0.0005006256837414793,0.00022953629641224728
ALA,PVR,0.00010112630849265398,0.00037880294672107883,0.00022813340113709115
DVC,RIC,0.0002057924865677928,9.850688848253851e-05,0.0002273048795171589
AVE,IL2V,0.0005681868168967361,-0.000873166551559887,0.0002240199132439317
ASK,RMDV,0.0003471001367105607,-0.0002902211961088332,0.00022255429316677682
RIA,RIS,0.0003345350754314453,-0.00025812510254492654,0.0002221064088242059
IL1D,RIM,0.00016418669341868286,0.00019256632973757947,0.00022151603238950695
AIN,RIH,8.425043874659707e-06,0.0006040819966399069,0.00022077054629700326
AVM,SIAD,0.00012023049855976459,0.00030573973218346443,0.00022026357184973838
AFD,RMEV,5.111919859402631e-05,0.0004889707348852836,0.0002201590074132113
AVM,AWC,9.926977559391174e-05,0.00035969875311975697,0.00021966341893794625
ASJ,RMDV,0.00034167669707445823,-0.00028568648991963264,0.00021907688233604596
RMG,URYD,0.0002416063336111761,-3.1095124762516846e-05,0.00021514771939763302
ASI,RIF,0.0002853917954034575,-0.00014906991689884766,0.00021454833081064982
RIM,RIR,0.00023085687684927948,-7.691125922505568e-06,0.0002133357567352731
ASE,RMF,0.0005701029114371387,-0.0009094680999037269,0.00021301996295746534
BWM05D,SIAD,9.427028757789779e-05,0.0003531213910111751,0.00021266672987355957
ADF,AVM,-7.622389261178766e-05,0.0008043350605667785,0.0002121239518885584
BWM06D,URX,9.478223612493864e-05,0.0003499766020395647,0.00021203757148582802
AIA,RIC,0.00026962683252345455,-0.00011599309868941787,0.00021145145479870548
BWM02V,RMED,0.00019393073108890687,8.403633713711124e-05,0.00021110451509554143
AIY,CEPD,0.00024991599743338764,-6.561139047749817e-05,0.00021076031342178152
ASJ,SIAD,-0.00038298454553640913,0.0016147362762967098,0.00021063906651743155
ASJ,AUA,0.0001620574591455609,0.0001610685494895531,0.0002084231898685073
ADA,RMDL/R,0.00017375224165794303,0.00012977500051558716,0.00020833945506265733
AIA,URB,0.00018130128417709644,0.00010757459225509307,0.00020758048703094613
BWM06V,URX,0.0001392743844546508,0.000217049689270272,0.00020683021843525323
RIR,RMDV,0.00031998293853004823,-0.0002675476651628306,0.00020516723901312244
ASK,URAD,0.0004017544210649175,-0.00048519766927391795,0.00020499008492454429
ADF,OLQD,0.00014077892964558373,0.00020428476556690558,0.00020373972125070045
RIS,RMDV,0.0004916277999989119,-0.0007279303850399033,0.0002035555886430033
ASJ,SMBD,0.00025092788653236306,-8.970411326208636e-05,0.00020321670923997042
OLQD,OLQV,0.0003714968732274761,-0.0004110276663812362,0.0002028121484512724
RIF,SIAD,0.00030534159198259027,-0.00023539155323351913,0.00020279742514040113
ALM,BWM08D,0.00010403294188918742,0.00029654135171903816,0.0002018635491024765
ASJ,AVB,0.00031455949889394564,-0.00026301295897363,0.00020168982818239152
AIM,OLQD,0.00038357506511792384,-0.00044694331681824486,0.00020145833924036882
ASJ,RMDD,6.971571285608478e-05,0.00037786673275633833,0.00019840802543757207
AIZ,OLL,0.00018896594502444542,5.8697577881650576e-05,0.00019752855184790882
DVC,SMDD,0.00021360488528313976,-7.2439668566604134e-06,0.00019734815474637904
AIY,AVF,0.0003776953474818149,-0.0004448209409851775,0.0001967037877841183
ASE,SMDD,0.00018043301645492257,7.900986954208909e-05,0.0001967013594605228
FLP,SMDD,0.00010064056334932261,0.0002868715250325477,0.00019528104206652615
ASK,AVE,0.00030371261962174067,-0.00025394354659522906,0.00019473500652092976
RMDV,URX,0.00013517733042191476,0.00019296471591379887,0.00019450816744089218
AVM,RMDL/R,0.0003292356433567234,-0.0003256689744997803,0.00019334366193062268
RIA,RMED,7.061598110570089e-05,0.00036043892431848393,0.0001931087602203692
AWB,RMF,0.0002982891799856381,-0.0002494088404060284,0.00019125759569019884
PVQ,RIC,0.00015433195329738462,0.0001307450158345534,0.00019050692486764523
ADA,BWM08V,9.724818480945779e-05,0.00027720169834605734,0.00018869853503057583
OLQD,SMDD,0.0007058173389612732,-0.0013408765716261578,0.00018799388882018159
BWM06V,SAAV,0.00012686691593312747,0.00019611325496667322,0.00018784049368962652
BDU,RMDV,0.00029286574034953565,-0.000244874134216828,0.000187780184859468
AIZ,ASJ,0.00020790365015662516,-2.1629760069676407e-05,0.00018694295101507314
AIA,SIBV,0.00030513154794949377,-0.0002813383363200821,0.0001864086383992251
BWM06V,RIG,0.0002874423007134331,-0.00024033942802762745,0.00018430277402873709
AVA,BWM06V,0.0002874423007134331,-0.00024033942802762745,0.00018430277402873709
ASG,AVF,0.00013591833790955197,0.0001612277258128496,0.00018401712518613397
ASH,SMBD,9.101562534520132e-05,0.000278130154054291,0.00018319302607880291
ADE,AIZ,0.00028734266481058744,-0.00024340517158753675,0.00018312912410723943
BWM06D,RIF,0.00028201886107733057,-0.00023580472183842692,0.00018082536319800617
BDU,SMDV,0.00029838045940159326,-0.00027932881131332085,0.0001807988489803094
AUA,SMDV,0.0002692122678795321,-0.0002038857461442189,0.00018008902392658318
RIR,SIAV,0.00021761389179960036,-7.181708742785976e-05,0.00017834359135871406
ADL,RMF,0.00027659542144122814,-0.00023127001564922638,0.00017734795236727538
AVA,BWM08V,0.00027659542144122814,-0.00023127001564922638,0.00017734795236727538
AIZ,URB,0.00016758924234758403,5.621148083528584e-05,0.00017664714450388294
IL2V,SMBD,0.00046065155919062357,-0.0007228680519433118,0.00017635066427723446
PVP,RIG,0.0016943578111282916,-0.00399986240296143,0.00017605464275862606
RMED,SIBV,8.728484069494314e-05,0.0002672179252973549,0.00017585598549761775
IL1L/R,SMDD,0.00020685233107883003,-5.447772697925585e-05,0.00017438304723125023
PVQ,RIS,0.00010274805081965622,0.00022064028894584176,0.00017391261144676602
BWM07V,OLL,0.00027117198180512554,-0.00022673530946002585,0.0001738705415365444
PVC,RMF,0.0002488084796081049,-0.00017051759226535164,0.00017275359766001004
PVR,RID,0.0006152739991141095,-0.001145362034230187,0.00017216113202563315
AWB,OLQD,0.00010441407016510529,0.00021091570400386922,0.00017204468222216436
AIB,CEPV,0.0002914848924261052,-0.00028586649832227804,0.00017204170630086868
ASE,AVA,0.0003006028174639945,-0.00031172452548191795,0.00017146197838304041
ALN,ASE,0.00016901819223616674,3.72642604150702e-05,0.00017130718355324201
ADA,BWM01D,0.0002657485421690231,-0.0002222006032708254,0.00017039313070581357
ADL,SMBD,0.0001992768798775418,-4.7179387153028735e-05,0.00016986562647592534
BWM04V,SIAV,0.00021956634587549952,-0.00010111376068914176,0.00016984627310272641
IL2L/R,SMDD,0.00010914515259732097,0.00019144770565081558,0.00016961147618113235
ASJ,RIB,-3.438339288188664e-05,0.0005699349348469765,0.0001686746443240621
AIZ,OLQD,0.00014879023114740882,8.196071673989516e-05,0.00016812853899214082
RIR,SMDD,0.00020349817949637852,-6.358239934450887e-05,0.00016803548210985345
AIY,AVD,0.00045328263515258293,-0.0007286143241572707,0.00016742943727965972
ALN,RIF,7.370222483362917e-05,0.00027607672388146415,0.0001662667160829647
PVQ,RMDD,7.58212828568192e-05,0.00026983947033194523,0.00016605173972366965
ASH,SIAD,8.436593373785297e-05,0.0002469287710084371,0.00016597419117981725
AIY,URAD,0.00018692978688172754,-2.5504656691334986e-05,0.00016594910857347357
AQR,SIBD,0.0005995041585303686,-0.0011244263198379738,0.00016478101516943298
ASI,SMBV,0.00018427487070549428,-2.1891973001736617e-05,0.0001647376737934462
ADA,ASJ,0.00024205497531968955,-0.00017533764875813317,0.0001647347179743005
BWM05V,IL2V,0.000254901662896818,-0.00021313119089242435,0.0001634383090443517
AIB,CEPD,0.00017468016405509704,-6.843798596950397e-07,0.00016323233730529077
RMED,URAD,0.003028033423815612,-0.0075781051429121785,0.00016315074553075804
BWM05D,OLQD,0.00029259820151422526,-0.0003156363264114706,0.0001625923329314415
AIN,RIG,0.00018793461847898635,-3.794606502015456e-05,0.0001625049678701117
ASG,AVM,7.198821960494014e-05,0.0002696563349539883,0.00016240004826708184
AFD,SMDV,0.00023243584642143418,-0.00015967654851362857,0.00016125187293439337
AWC,SAAV,0.00020356082420951193,-8.309396123121398e-05,0.00016121799062496483
ALM,RMDD,-0.0005898854414718734,0.002023820840472292,0.0001611784323188194
IL1L/R,SAAD,0.00028818723497243845,-0.00030843287255113755,0.00016100293965963983
BWM03D,RIV,0.00013679607594350947,9.309086087646312e-05,0.00016082627264396736
ASE,RMG,0.00024034534921719958,-0.0001931066833973469,0.00015687274436804202
AIA,PVP,0.0001820369089346581,-4.2970717798969464e-05,0.0001552148769589467
ASH,OLQV,0.00018127582264861947,-4.162103450215224e-05,0.0001549782635135563
RIS,URAD,0.00018451841366873685,-5.108212243498271e-05,0.00015467862030029588
IL1L/R,OLQD,0.00023176005563823777,-0.00017759071989461895,0.00015430626073054712
DVC,SIBD,7.226964355497547e-05,0.00024586046198236006,0.00015427745565016403
BWM07D,SIAD,7.226964355497547e-05,0.00024586046198236006,0.00015427745565016403
AVA,CEPV,0.0002163391056265164,-0.00013696745279322568,0.00015419078986725563
DVA,DVC,0.00021535530291176468,-0.00013655244129008793,0.00015341635844134689
AVK,BWM08V,0.0002386313439885105,-0.0001995270723248228,0.00015300607655215908
ASG,RIB,0.00012723119210475954,9.306693396420469e-05,0.00015186659380381123
ADA,RMDD,0.00031951624397095894,-0.000420525902872406,0.00015081905069237598
AVD,IL2L/R,8.162494834360925e-05,0.00021090377996572568,0.0001507133991386748
AVL,URYV,-2.518993511310317e-05,0.0004942495980892063,0.00015060583935907443
PVT,SMDD,0.000273549587592072,-0.0003026483703393246,0.00014934290419704691
AFD,SMBV,0.00013439634170641209,6.26118593665527e-05,0.00014783931444636291
RIM,SDQ,0.0028851233908738154,-0.007243083470881349,0.00014747494217280218
ADF,SIAD,0.00038492557986296753,-0.0006079211197694629,0.00014599163043877553
AVL,SMBD,0.0009265778703162737,-0.0020478487265441912,0.00014544569667576174
RID,RMDD,0.0002276848288134599,-0.00019352340350633107,0.00014487760496919972
AIB,RMDD,0.00015325835621849085,-1.5196951182953205e-06,0.00014289047457710478
AIM,ASH,0.0007596373089606165,-0.001613578298489661,0.00014225754521008242
ASK,RMDD,6.495403910261745e-05,0.00022812002340177735,0.0001411792340244728
ALM,RIV,0.00025255570873624575,-0.000270261393716768,0.00014110946565696765
AVH,URB,0.00036307347789438964,-0.0005681174938072623,0.00013956874779179064
PVP,SMDV,0.00038446693378132166,-0.0006283520717168024,0.00013836228718162942
ADL,CEPV,0.00011164084075786987,9.513815379981511e-05,0.00013800636838069117
RIS,SIBV,9.107212852567167e-05,0.00014810738921099833,0.00013742426393518244
PVP,RIB,0.00011799801482743993,7.642639315125851e-05,0.000137361439302806
AQR,RIS,0.0001966764081783441,-0.00013303316091211448,0.0001371760503391127
IL1L/R,RIF,-3.421021582057824e-05,0.00047755501043317787,0.0001362808762235005
AFD,AVA,0.00019998936874426955,-0.0001445925266285049,0.00013620280289644313
BWM04D,URX,6.0537763468670926e-05,0.00022473977465850784,0.00013585504376398548
AVF,RIR,5.9990183004116764e-05,0.00022471361246165683,0.0001353333735559015
PVC,RIA,0.0001376068816097641,1.845248798308013e-05,0.0001352815694846271
ASI,IL1D,0.0003336014512189945,-0.0005037923158670137,0.00013465649838122817
ASE,AVB,0.00011834131270588813,6.609728357597221e-05,0.000134042606082363
CEPD,RMEL/R,4.856297207333956e-05,0.00024838166713195834,0.00013298019474686478
AVL,SIBD,0.00022229431967076048,-0.00021304888015264876,0.000132951904129904
RMF,URAD,0.00015187813994927617,-2.6939628859688865e-05,0.00013264050539441296
AVJ,SAAV,0.00021166318266116965,-0.00018909035342160635,0.00013144609292059823
ASG,PVR,6.19856121828412e-05,0.00020733812841750458,0.00013107744875486663
ASJ,IL2D,0.00021848503438437402,-0.00020921631844397236,0.00013073764678359288
AVB,AVL,0.0002584804080276015,-0.0003154530567411301,0.00013072796019497463
AUA,RID,0.0007225519963198488,-0.0015488671163666709,0.00013035647447863136
AUA,PVC,0.0001470211796033154,-2.0833186294425082e-05,0.00013024713071328812
ASK,SAAV,-0.00016706802992457113,0.000812390377839054,0.00012994673341523374
AIZ,RIS,0.00022919817991566617,-0.00024017465872483714,0.00012985338383906278
DVA,RMDD,0.0002006672665357929,-0.00016778412900041918,0.00012866420073704283
AWC,RIF,0.0002006672665357929,-0.00016778412900041918,0.00012866420073704283
AQR,RMG,0.0001824850529138966,-0.00011979172945394864,0.00012856158968899673
ASJ,PVR,5.656217254673868e-05,0.00021187283460670503,0.0001276000379241357
ASI,AVD,0.00020569216256051295,-0.0001845818094292568,0.00012744701188178336
RIS,URX,0.00010704640553635686,7.590314921423841e-05,0.00012692803514112645
DVA,SMDD,0.00010903477721336467,7.017897962585466e-05,0.00012677157381854075
OLQV,SAAD,0.00026285736006693863,-0.00033917656684082466,0.00012646364777547025
ASK,RIB,0.00019016405416124907,-0.00014633914558967432,0.00012639230318591295
AWA,RMF,0.0001952438268996904,-0.00016324942281121868,0.00012518678990631197
BDU,RMF,0.0001952438268996904,-0.00016324942281121868,0.00012518678990631197
RIS,SMBD,0.00025657090151379717,-0.0003273922061162085,0.00012473345366226734
OLQD,URAV,8.623764780604635e-05,0.0001242320736732936,0.00012448598204291958
RIF,SAAD,0.00011541539590595668,4.6270403651158975e-05,0.00012431716287817884
CEPD,SMDV,5.751480580579379e-05,0.00019924135432656127,0.00012404006395704174
BWM05D,RMDL/R,5.4848167318049634e-05,0.0002054524456792291,0.0001237333701082528
AVL,IL1L/R,0.00014574785908664066,-3.674026653043434e-05,0.00012344964731804279
AVM,SAAV,5.4264954935982185e-05,0.0002022553323139167,0.00012206087130435338
AVM,BWM05V,0.00018982038726358787,-0.0001587147166220181,0.00012170937907558106
AVA,IL1D,0.00010155170206522776,7.409595306651601e-05,0.00012114896711876457
PVQ,RMDV,0.00018439694762748535,-0.00015418001043281763,0.00011823196824485016
RMED,URX,5.361047871888814e-05,0.0001927163166116813,0.00011808671530882292
ASI,URAD,0.0006866265611734008,-0.0014909878752731886,0.00011713320801985238
ALM,OLL,-2.688385249170553e-05,0.00040165545298617695,0.00011638926661955166
ASK,IL1D,0.0006578675746137791,-0.001418926679854388,0.00011561452231346128
IL1V,SDQ,0.00017897350799138284,-0.00014964530424361707,0.00011475455741411929
ASG,AUA,9.762847615273456e-05,6.602534117242377e-05,0.00011463325252902373
BWM04D,URYD,5.767043517770171e-05,0.00016438705367033643,0.00011190261961115546
BWM06D,URYD,5.767043517770171e-05,0.00016438705367033643,0.00011190261961115546
AIY,DVC,9.22239353422196e-05,7.21056215408366e-05,0.00011171820763981489
OLL,SIAD,-0.0001394994364604216,0.0006871396259152305,0.0001116067343362971
AVD,RIS,7.291326127859885e-05,0.00012140119892149314,0.00011101878885339072
ASH,SMDV,3.4275263395049315e-05,0.00022067010479675034,0.00010984321761943739
IL1L/R,SMBD,0.00017244730160585734,-0.00014678091025321325,0.00010965648926295058
AIA,SIBD,7.779125050706671e-05,0.00010326835953054752,0.00010919359140524496
AIB,OLQV,0.00012506619198918365,-2.4595740156976772e-05,0.00010837469915770619
ADE,AWC,4.799214640329342e-05,0.00017977088996932547,0.00010826669884472121
AVD,RMDD,0.0002723728883298067,-0.0004162794053773312,0.0001081967055376845
RIG,RMEL/R,0.00016812662871917787,-0.00014057589186521603,0.00010779973575265756
RIG,SMDD,3.033853108474602e-05,0.00022394074943024155,0.00010731166307004863
SAAV,URB,0.00013402323885003037,-5.141384390881139e-05,0.00010730607129781313
BAG,SAAV,0.0003141095464784675,-0.0005309268826736422,0.00010685254189214997
ASK,SAAD,0.00012343525624264985,-2.496950630740614e-05,0.00010671667659540428
BDU,SAAV,0.00010320971089440678,2.655653151696153e-05,0.00010594712230109691
BWM03V,BWM04V,0.00016606431483162583,-0.0001408909558697244,0.00010575869757168581
DVC,IL1L/R,9.041976745291636e-05,5.779775609722553e-05,0.00010498751669077896
AIA,RIA,4.682572163915851e-05,0.0001733766632387006,0.00010492170123692228
AWA,SIAV,4.801325862141817e-05,0.00017004762124683687,0.000104859855708639
BDU,BWM02D,4.627814117460437e-05,0.00017335050104184954,0.0001044000310288383
ADF,BWM06D,4.627814117460437e-05,0.00017335050104184954,0.0001044000310288383
IL2L/R,RID,0.00016270318908307533,-0.00013604118567601555,0.00010432232492192664
ASH,CEPD,0.0001281302774511141,-4.508246179173404e-05,0.00010402243192704733
PVR,RIS,2.6700109859489465e-05,0.00022368878884089318,0.00010381787147884492
ASI,SAAV,-9.305362289739209e-05,0.0005416267315989534,0.00010379225219518864
BWM02D,SIBV,5.314726379121531e-05,0.00015149395142168256,0.0001031259435632217
RIF,SMDV,0.00013288518615371447,-6.108422941644988e-05,0.00010283306641988082
AVL,RMED,0.00021385799972749756,-0.0002764189087410542,0.00010272443141283373
ADA,BWM02V,0.00015411789550411352,-0.00012052522217328757,0.00010175584128443176
ALM,RIS,5.201647094459371e-05,0.00014827067585951908,0.00010093177455123825
ADA,BWM05D,0.00015727974944697282,-0.000131506479486815,0.00010084491409119576
ASJ,AVM,0.00015727974944697282,-0.000131506479486815,0.00010084491409119576
CEPD,SAAV,0.00015727974944697282,-0.000131506479486815,0.00010084491409119576
AIM,RMDV,0.00015727974944697282,-0.000131506479486815,0.00010084491409119576
RIB,RIC,0.00010305045013242787,1.224734985386663e-05,0.00010075534526354156
AIY,CEPV,0.0001234629966562531,-4.38180954484762e-05,0.00010010015994936343
AUA,RIC,4.986178100389039e-05,0.0001513369782405765,9.999592231471781e-05
ASH,BAG,0.00013330913777380302,-7.219629771423236e-05,9.931378818622494e-05
AIB,RMDL/R,0.00017760930982426053,-0.00019131541946301123,9.879281251662505e-05
ADA,PVT,0.0003603515074076458,-0.0006786814690658758,9.805728514244538e-05
AWC,RIM,0.00020495934944807833,-0.00026664963315265795,9.783949020656937e-05
DVA,RIS,4.8730988157268796e-05,0.00014811370267841308,9.78017533027344e-05
BWM03V,RIH,0.00011571459899579082,-3.0052302410993985e-05,9.770009914489102e-05
BWM06D,IL2D,0.00015185630981087034,-0.00012697177329761453,9.736750326046488e-05
AFD,IL1L/R,0.000299902002594571,-0.0005210251613159739,9.704597580768717e-05
SIBD,URAD,4.2850130717226266e-05,0.00016050972318689777,9.666669539707251e-05
BDU,SMDD,4.935421158304855e-05,0.0001431331215004491,9.662977491207365e-05
ASH,SDQ,1.598497404779929e-05,0.00023030791821291698,9.612283102531837e-05
AIN,PVQ,0.00017877285386490015,-0.00020271694838959917,9.586366846809946e-05
AWA,RIR,0.0003506884137995959,-0.0006610036579756557,9.524400995621105e-05
ASI,PVQ,0.0002079387129820641,-0.0002826864669550506,9.497613224822025e-05
AIY,SMDV,5.627277082672789e-05,0.000119466184472444,9.476394940507433e-05
AIZ,CEPV,8.516864262177214e-05,4.029257871111438e-05,9.390423653328807e-05
BWM06D,RIC,4.814051592550707e-05,0.00013846947936762554,9.385041863288607e-05
CEPV,SMBD,0.00015989114220178274,-0.00016030965465440634,9.31381750335513e-05
BWM06D,SIBD,4.1136125488537226e-05,0.00015408933425942184,9.280002758118962e-05
RMED,SMDV,0.0007589852648815843,-0.0017522030846875084,9.27942334358538e-05
IL2V,URAD,4.74932995581073e-05,0.00013537757361086527,9.21550985033045e-05
IL2V,SAAV,0.00022312475927058092,-0.0003326121723447239,9.159347467270102e-05
AQR,URB,8.62209117836729e-05,3.072684199087989e-05,9.151791248769171e-05
RIR,SIBD,-2.1343748479534345e-05,0.00031629193060425393,9.149077652829297e-05
DVC,PVR,0.00014100943053866528,-0.00011790236091921346,9.041268159900308e-05
ADL,SIAV,0.00014100943053866528,-0.00011790236091921346,9.041268159900308e-05
ASK,OLL,0.0004722319733997605,-0.0009976029072611896,9.036815272052835e-05
AFD,PVP,5.5874227215345437e-05,0.00010720321023280685,9.006934971908395e-05
OLQD,SAAV,1.8281703626982786e-05,0.00020142544360002466,8.809366996311612e-05
AIA,SAAV,3.7459442275141804e-05,0.0001504196248873469,8.806597150583261e-05
PVT,RMEL/R,0.00014081015873297403,-0.00012403384803903202,8.806538175600787e-05
AFD,OLL,0.00022895873944671257,-0.0003592957704874516,8.764954258046236e-05
AWC,URYD,0.00039528560244206417,-0.0008026592047647647,8.705887908615384e-05
ADF,URYD,0.00013558599090256277,-0.00011336765473001292,8.69352707682722e-05
AIY,PVR,0.00013558599090256277,-0.00011336765473001292,8.69352707682722e-05
AVK,OLQD,0.0005944179370887665,-0.0013322192464131498,8.679228821052095e-05
AVK,RIR,0.0001427245881994377,-0.00013579725122030782,8.571142092986484e-05
AVH,AWC,0.00011161537922939296,-5.4057472957430274e-05,8.540414486330138e-05
RMEL/R,SMBV,5.254585266081297e-05,9.74281759377643e-05,8.350966400881576e-05
BDU,SIAD,0.0001362019544786482,-0.00012479534585345183,8.348445651166262e-05
ADA,RIH,0.0001301625512664603,-0.00010883294854081243,8.345785993754134e-05
AWA,URYV,1.1779752818080023e-05,0.00020523007428157914,8.334965237732229e-05
IL2D,URYD,0.010440233167425905,-0.02748875757936801,8.305756181036916e-05
RIM,RMDD,0.0001254219599152708,-9.803538542639018e-05,8.282659783220745e-05
AVM,DVC,5.9964721475639896e-05,7.551798570441145e-05,8.273115003851174e-05
AVB,BWM07D,0.00013006291536361468,-0.00011189869210072174,8.228421001604373e-05
ASH,DVA,5.994582265005233e-05,7.397241152519915e-05,8.216878409698969e-05
AUA,SAAV,-5.305432452791201e-06,0.0002468350774604311,8.202269162951891e-05
ADF,CEPV,9.234246714020505e-05,-1.5162915413206376e-05,8.107461660190008e-05
ADF,RIV,6.196015065436428e-05,5.8142501660259096e-05,7.84752252374768e-05
AIB,RMDV,0.00012402296383282854,-0.00010920559704894557,7.758083305920327e-05
BWM01D,OLL,5.02297362244689e-05,8.626509946576366e-05,7.740813144751135e-05
ALN,PVP,3.428010457378102e-05,0.00012840777854951818,7.7333356317658e-05
AFD,ASH,4.311407090876015e-05,0.00010372074656391341,7.69005603987441e-05
RIG,RMDV,3.957774963175608e-05,0.00011281464467572109,7.679591541942043e-05
ASE,RIG,4.1698973388607936e-05,0.00010649758831616536,7.655484234735399e-05
ALM,SIAV,0.00010014965565760722,-5.1356125112803175e-05,7.562599580212467e-05
RIH,SMDV,0.00014178327255593817,-0.0001619610274057209,7.561005527692424e-05
PVQ,SAAV,4.0667816444831943e-05,0.00010634005631391119,7.553432325686814e-05
IL2D,RIM,9.520040259411271e-05,-3.956518805878037e-05,7.514953605863942e-05
BWM02V,URX,3.844695678513448e-05,0.00010959136911355755,7.460174640743696e-05
AWA,RMDD,3.366126027420027e-05,0.00012203971401574436,7.451002891794309e-05
AWC,RIA,0.00010187967898838855,-6.11859176633278e-05,7.378088790320509e-05
BWM01D,RIH,0.00011344428779644418,-9.218924861015259e-05,7.367760715876227e-05
RIR,SMBD,7.118466720474343e-05,1.948518185903594e-05,7.34846204282485e-05
AVL,DVA,3.6275533752505424e-05,0.00011103229450536587,7.30774315166231e-05
DVC,RMEL/R,0.00011389223235815271,-9.522882997321088e-05,7.302562744534863e-05
PVQ,RMEV,0.00011389223235815271,-9.522882997321088e-05,7.302562744534863e-05
ASE,CEPV,0.00041222215262527127,-0.0008877104017915076,7.293576109972531e-05
AWB,RIH,0.00026961824998466264,-0.0005099154480440001,7.262028494203682e-05
OLL,SDQ,1.846061095067727e-05,0.00015676807141127436,7.252328576837623e-05
ASH,SAAD,0.0001021807167538449,-6.556065798849404e-05,7.252089959690522e-05
OLQD,RIM,4.7403836974745804e-05,7.816700915533656e-05,7.190966056116705e-05
RIF,RMDL/R,0.00011379259645530711,-9.829457353312014e-05,7.185197752385106e-05
RIM,RMDV,-3.476152436171169e-05,0.00029260694581948593,7.058693751096559e-05
AIZ,SDQ,0.0001529799588897099,-0.00020628016607604016,7.046979985677468e-05
BDU,RMEV,0.00010846879272205023,-9.069412378401035e-05,6.954821661461777e-05
BWM03V,SAAD,0.00010846879272205023,-9.069412378401035e-05,6.954821661461777e-05
AVK,BWM06D,0.00010846879272205023,-9.069412378401035e-05,6.954821661461777e-05
ADE,AWA,9.086253163252706e-05,-4.5951720817702416e-05,6.883926850452224e-05
IL1V,RIR,8.475912443500679e-05,-2.988411589651083e-05,6.878985060471883e-05
AQR,AWA,9.005893522664367e-05,-4.555705258034481e-05,6.822631299370984e-05
AVJ,RIG,3.723980598745385e-05,9.349927845895939e-05,6.780098762510235e-05
AWA,DVA,0.00020701148929340527,-0.0003596866748000114,6.697256334592736e-05
ADL,URAD,0.00013298478344937005,-0.00016339050874456234,6.687226808242274e-05
AVA,BWM04D,0.00010304535308594769,-8.615941759480983e-05,6.607080578388685e-05
AVK,BWM08D,0.00010304535308594769,-8.615941759480983e-05,6.607080578388685e-05
AVA,RIS,3.983250226465383e-05,8.124895351339941e-05,6.591018197033387e-05
BWM01D,SMDV,0.00013939564227771452,-0.0001863753905242241,6.477167854442367e-05
ADL,RMG,4.266559001058657e-05,6.880981737958734e-05,6.417780600658461e-05
AVL,RIA,8.649361022760482e-05,-4.875942605558004e-05,6.376116590861202e-05
AVF,BWM06V,9.76219134498452e-05,-8.162471140560934e-05,6.259339495315598e-05
AVL,SAAV,3.113351806643828e-05,9.177112772293813e-05,6.14774280689744e-05
ADF,ALA,7.97547089741957e-05,-3.8382134554218265e-05,6.111168694798861e-05
RIF,RMDD,2.8092412244549327e-05,9.609485987388621e-05,6.015516204762577e-05
RMDD,RMF,0.0015890717282557075,-0.004050909784506489,5.953347824442661e-05
ADL,ALN,5.8706668394481665e-05,1.1992997328294727e-05,5.916681120134678e-05
AIM,DVA,8.418467030533734e-05,-5.5778520685298846e-05,5.9126740220068044e-05
PVP,URYD,9.219847381374268e-05,-7.709000521640882e-05,5.911598412242508e-05
AWA,RMDV,9.219847381374268e-05,-7.709000521640882e-05,5.911598412242508e-05
BWM03D,RIH,9.219847381374268e-05,-7.709000521640882e-05,5.911598412242508e-05
AIN,RIR,0.00010426322552171053,-0.00011094284557496765,5.847655692830075e-05
ASI,AVM,2.731718790648492e-05,9.321336933423024e-05,5.841419926667996e-05
ADE,BWM02V,0.0003089429039121335,-0.0006550732477146469,5.826664243583857e-05
OLQV,RIF,2.571007843033576e-05,9.630583391213864e-05,5.80000172382435e-05
ALM,OLQD,2.571007843033576e-05,9.630583391213864e-05,5.80000172382435e-05
ASH,SMDD,0.00010521559614576295,-0.00011644207561153793,5.742983091607419e-05
AIN,RIF,7.193729654798632e-05,-2.873491856050257e-05,5.719560123230224e-05
BWM08V,SAAV,2.9400614012161664e-05,8.380516461624991e-05,5.704839431156945e-05
SIBV,URX,0.00016133624483082466,-0.00026968102130520594,5.594673615964305e-05
BWM06D,RIP,8.677503417764018e-05,-7.25552990272083e-05,5.5638573291694205e-05
BWM02V,OLL,8.677503417764018e-05,-7.25552990272083e-05,5.5638573291694205e-05
AIM,SMDV,8.677503417764018e-05,-7.25552990272083e-05,5.5638573291694205e-05
FLP,SIAD,0.00024039659296984492,-0.00048079095092644564,5.553718470999146e-05
AQR,URAD,7.75988780814871e-06,0.00013580491608967637,5.512139297268357e-05
OLQV,RIM,0.0001729481059758322,-0.00030432553049236264,5.460447974532895e-05
BWM03D,RMH,0.00011572513840404022,-0.0001533722973921478,5.4250461554091615e-05
BDU,RMDD,2.582356670161185e-05,8.320119880408427e-05,5.348798815771005e-05
CEPD,PVC,3.7791014911631274e-05,5.080906828196559e-05,5.327227231569351e-05
PVQ,SAAD,5.957130472658447e-05,-8.605762278021088e-06,5.271671738832842e-05
ADE,ASE,6.328073913399792e-05,-1.9560857394697513e-05,5.2327460403176394e-05
BWM08V,IL2V,8.135159454153767e-05,-6.802059283800777e-05,5.216116246096332e-05
IL1L/R,RIH,8.135159454153767e-05,-6.802059283800777e-05,5.216116246096332e-05
ASG,RIS,8.135159454153767e-05,-6.802059283800777e-05,5.216116246096332e-05
AUA,SMBV,2.8693772785628594e-05,6.946982075630398e-05,5.133494706593011e-05
AVH,PVT,0.0007434265443969069,-0.0018294686503437534,5.100433910591129e-05
BDU,BWM04V,7.002401951360606e-05,-4.1286794607797066e-05,5.0981633573424165e-05
AVH,RMDD,2.2829648437511813e-05,8.349121825403784e-05,5.0788351814561684e-05
PVR,SAAD,2.2829648437511813e-05,8.349121825403784e-05,5.0788351814561684e-05
CEPV,RMED,1.1938378995395471e-05,0.000112086970887453,5.067331313803573e-05
IL1L/R,PVT,5.424750099332757e-05,-1.005312528911273e-06,5.041295647909512e-05
RID,URAV,8.189191515639753e-05,-7.444154058663179e-05,5.040399680309844e-05
ADL,RMDD,2.2282067972957664e-05,8.346505605718681e-05,5.02666816064777e-05
SAAV,URX,2.2282067972957664e-05,8.346505605718681e-05,5.02666816064777e-05
AIB,AVM,2.334159698455267e-05,8.034642928242742e-05,5.015919342683019e-05
AWC,RID,0.00023433979318089436,-0.00048053489378985866,4.9959197910419946e-05
AWB,IL2D,2.9700936787784582e-05,6.155486582383398e-05,4.9488167636173685e-05
RIP,SMDD,6.850928609060823e-05,-4.1575696415454385e-05,4.946226560053645e-05
AVB,IL2L/R,8.9550066820628e-05,-9.839793824344245e-05,4.912830548122944e-05
AIY,SAAV,7.221872049802168e-05,-5.253079153213081e-05,4.9073008615384437e-05
BDU,BWM06V,7.592815490543517e-05,-6.348588664880726e-05,4.868375163023244e-05
RIH,SAAV,7.592815490543517e-05,-6.348588664880726e-05,4.868375163023244e-05
AVJ,IL1V,7.592815490543517e-05,-6.348588664880726e-05,4.868375163023244e-05
ASE,RMDV,7.592815490543517e-05,-6.348588664880726e-05,4.868375163023244e-05
RIH,RIV,7.544457842621332e-05,-6.361725645421042e-05,4.818490274783056e-05
AVL,IL1D,0.0004792281360599019,-0.0011363346695684548,4.802467565668033e-05
RMDL/R,URYD,2.9117724405717123e-05,5.8357752458521534e-05,4.7815668832274214e-05
PVP,SMDD,2.166322367337692e-05,7.709699152341293e-05,4.744335420676277e-05
RIF,URYD,0.00020495945061740981,-0.0004099328379544152,4.734480047876424e-05
AWA,SMBD,0.00018609680445111525,-0.00036137371383362373,4.680513097211485e-05
AWB,OLL,6.618870719244749e-05,-4.369325527891044e-05,4.654430983641931e-05
BWM02D,URYD,4.9272005918933595e-05,4.898122972309636e-07,4.628356593495061e-05
IL1L/R,IL2V,2.427749715168207e-05,6.608957201303451e-05,4.60107568054428e-05
ALM,RMDL/R,0.00012379981516742958,-0.0001994941294986023,4.555319814624106e-05
AIM,SAAD,-9.048156675118794e-06,0.00015322418555867792,4.5530439457093775e-05
BWM03D,SIBV,7.050471526933264e-05,-5.895118045960673e-05,4.520634079950154e-05
BWM08D,SMDV,7.050471526933264e-05,-5.895118045960673e-05,4.520634079950154e-05
BWM04D,SMDV,7.050471526933264e-05,-5.895118045960673e-05,4.520634079950154e-05
PVT,RIA,2.1591959838350328e-05,7.075508918649004e-05,4.5141697015131803e-05
PVC,RIB,2.0496798909242016e-05,7.070276479278805e-05,4.409835659896384e-05
DVC,SMDV,9.088655732044165e-05,-0.0001162669203812855,4.408180148185133e-05
DVA,PVT,6.528054743892134e-05,-4.828498715058764e-05,4.4076229811765825e-05
AIY,RID,9.656286953937545e-05,-0.00013188596241833393,4.388960391385359e-05
ADE,AIB,5.02435380035763e-05,-1.0596093803700498e-05,4.3285957909378713e-05
BWM04V,SMDD,6.111590862010509e-05,-4.073742061632797e-05,4.283863064438263e-05
AWA,CEPD,1.8854057515579555e-05,7.062427820223502e-05,4.25333459747119e-05
AFD,PVC,1.8854057515579555e-05,7.062427820223502e-05,4.25333459747119e-05
BWM06D,SMDV,1.8854057515579555e-05,7.062427820223502e-05,4.25333459747119e-05
AWA,RMEV,1.8854057515579555e-05,7.062427820223502e-05,4.25333459747119e-05
IL1L/R,SIAD,2.5294134396069518e-05,5.335288412433858e-05,4.247360416403095e-05
ASK,AVM,6.137184122581667e-05,-4.346137915372979e-05,4.2118186953922665e-05
BWM08D,SMDD,0.0008223835999867113,-0.002064724536737917,4.1988786220185356e-05
RIB,SAAV,9.418053572516189e-05,-0.00013167498838008147,4.1734459104471336e-05
ADA,BWM03D,6.508127563323014e-05,-5.4416474270406214e-05,4.172892996877067e-05
BWM01V,RIH,6.508127563323014e-05,-5.4416474270406214e-05,4.172892996877067e-05
AVD,BWM08D,2.1485064085810445e-05,6.124223568110573e-05,4.1689211227685374e-05
BWM06D,CEPV,2.1485064085810445e-05,6.124223568110573e-05,4.1689211227685374e-05
ASK,OLQD,0.00026477406998021884,-0.0005852408315081014,4.15412818361558e-05
ASI,AVH,0.00010607753105375553,-0.00016427196922183326,4.138061849867553e-05
ASI,CEPD,7.10657187960792e-05,-7.256940289353227e-05,4.0932121974045055e-05
ASE,RMDD,1.8782793680552965e-05,6.428237586531215e-05,4.023168878308095e-05
AVD,PVP,0.004662555609563735,-0.012269361997110718,3.955252166017413e-05
ASK,CEPD,4.852953277488723e-05,-1.7016482731176414e-05,3.94192900934958e-05
BWM02V,RIC,2.1944647623412273e-05,5.3301118551784685e-05,3.932076158984495e-05
ADA,ASG,7.278444912158767e-05,-8.232678181817447e-05,3.910196503787332e-05
ADA,AUA,6.796363309328312e-06,9.28258041050253e-05,3.907330969038703e-05
AIN,URB,0.0003861178643353078,-0.0009151985346035605,3.88190388624617e-05
BWM02D,URX,1.714005228689051e-05,6.420388927475909e-05,3.8666678158829e-05
IL2V,RMDL/R,1.714005228689051e-05,6.420388927475909e-05,3.8666678158829e-05
BWM02D,SMBD,-0.00039873692743433,0.001167690383573292,3.835274631108297e-05
IL2D,RIA,5.9657835997127625e-05,-4.98817680812057e-05,3.825151913803977e-05
RMEV,RMG,5.9657835997127625e-05,-4.98817680812057e-05,3.825151913803977e-05
AIM,RIA,5.9657835997127625e-05,-4.98817680812057e-05,3.825151913803977e-05
IL1V,RID,5.9657835997127625e-05,-4.98817680812057e-05,3.825151913803977e-05
BWM03V,RID,5.9657835997127625e-05,-4.98817680812057e-05,3.825151913803977e-05
ASE,SMBD,3.9496294634216875e-05,1.5390621346098244e-06,3.750478616941452e-05
IL1D,RID,1.922347839256724e-05,5.4795684556778775e-05,3.730087320371848e-05
IL2L/R,PVC,1.6556839904823058e-05,6.100677590944667e-05,3.699417935492955e-05
BWM05D,OLL,5.536518920764672e-05,-4.2123786329841724e-05,3.696827731929232e-05
AWC,SMDD,3.5687224323957805e-05,9.428413691376967e-06,3.672039323306894e-05
BWM02D,OLL,5.052496195361164e-05,-3.4391966775328754e-05,3.516336529246088e-05
BWM02V,URYV,5.052496195361164e-05,-3.4391966775328754e-05,3.516336529246088e-05
BWM04V,SAAV,1.809268554594564e-05,5.157240899461537e-05,3.510670419173506e-05
RIS,URAV,-1.118945923037203e-05,0.00012915393511410154,3.50438568290116e-05
BDU,RIR,1.5426047058201456e-05,5.7783500347283203e-05,3.480001034294611e-05
IL2D,RMDL/R,1.5426047058201456e-05,5.7783500347283203e-05,3.480001034294611e-05
ADA,BWM07D,5.423439636102511e-05,-4.534706189200518e-05,3.4774108307308884e-05
AFD,ASJ,5.423439636102511e-05,-4.534706189200518e-05,3.4774108307308884e-05
BWM01D,SIBV,5.423439636102511e-05,-4.534706189200518e-05,3.4774108307308884e-05
ASE,AVM,1.7545105081391483e-05,5.154624679776433e-05,3.4585033983651066e-05
BWM04V,IL2V,6.769266838804003e-05,-8.321964943799748e-05,3.402219091112619e-05
AWB,IL1L/R,2.2844915873028378e-05,3.587331011393033e-05,3.402149637264208e-05
AVK,RMEL/R,6.438382431331086e-05,-7.587667918977124e-05,3.351338051828751e-05
PVP,URAD,1.484283467613401e-05,5.458638698197074e-05,3.3127511539046646e-05
AIZ,URAD,4.248724883920398e-05,-1.8849841075749793e-05,3.3118551863049965e-05
AWC,SMBV,2.1394186435362867e-05,3.5479200697720836e-05,3.2524949725436473e-05
CEPV,RMEL/R,3.915933316504369e-06,8.001118844692445e-05,3.1861644266705203e-05
ADF,IL1L/R,4.88109567249226e-05,-4.081235570280467e-05,3.129669747657799e-05
ASH,RIG,4.88109567249226e-05,-4.081235570280467e-05,3.129669747657799e-05
AVH,RMH,4.88109567249226e-05,-4.081235570280467e-05,3.129669747657799e-05
AVA,BWM01D,4.88109567249226e-05,-4.081235570280467e-05,3.129669747657799e-05
BWM06D,SAAD,1.3712041829512409e-05,5.1363111419807275e-05,3.09333425270632e-05
AWB,RMEV,1.3712041829512409e-05,5.1363111419807275e-05,3.09333425270632e-05
AVJ,BWM06D,1.3712041829512409e-05,5.1363111419807275e-05,3.09333425270632e-05
AVD,AVL,6.226922875193753e-05,-7.868494324879696e-05,3.054478008039531e-05
AUA,SAAD,1.7421476236925863e-05,4.040801630313085e-05,3.0544085541911185e-05
OLQV,SDQ,1.528351938814828e-05,4.5099695673437405e-05,3.019669595968418e-05
AVA,OLL,2.890534796772345e-05,7.884515975609043e-06,2.9829520817492796e-05
RIA,URYD,2.854977945916624e-05,7.542730953101572e-06,2.9376314586455147e-05
BWM02V,URYD,1.4700307006080832e-05,4.190258230812496e-05,2.8524197155784726e-05
AVD,IL1V,5.4167511652197544e-05,-6.303760994066587e-05,2.8477145325302273e-05
AQR,ASE,-6.165194859867718e-06,9.678382432120739e-05,2.833815859784464e-05
RIH,RMH,4.338751708882009e-05,-3.627764951360415e-05,2.7819286645847103e-05
AVK,BWM04D,4.338751708882009e-05,-3.627764951360415e-05,2.7819286645847103e-05
AVA,BWM08D,4.338751708882009e-05,-3.627764951360415e-05,2.7819286645847103e-05
ADF,ALN,4.338751708882009e-05,-3.627764951360415e-05,2.7819286645847103e-05
ADL,RMDV,4.338751708882009e-05,-3.627764951360415e-05,2.7819286645847103e-05
BWM04V,SAAD,6.762578367921246e-05,-0.00010091019748665817,2.772522792911958e-05
AIA,SMDD,2.7966567077098796e-05,4.345617587789119e-06,2.7703815782555693e-05
AVM,AWB,1.254561706537751e-05,4.4968884689182366e-05,2.758834491926428e-05
AVD,RIA,4.525055917068084e-05,-4.2094072628914385e-05,2.751302498382361e-05
DVA,URAD,1.1998036600823356e-05,4.494272249233137e-05,2.7066674711180303e-05
AWA,SMDV,1.1998036600823356e-05,4.494272249233137e-05,2.7066674711180303e-05
ASE,SIAV,1.1998036600823356e-05,4.494272249233137e-05,2.7066674711180303e-05
AIA,BWM06D,1.1998036600823356e-05,4.494272249233137e-05,2.7066674711180303e-05
IL1D,RIF,0.00023686387645785489,-0.0005525868016698624,2.6929359132299236e-05
BWM01V,RIC,1.3569514159459229e-05,3.86793067459615e-05,2.6330028143801282e-05
DVC,RIS,-0.00011593907580687913,0.0003806986899679651,2.5661975864587947e-05
AQR,CEPV,3.0545208637890655e-05,-9.832753091050766e-06,2.512038978542024e-05
BWM01D,BWM08D,4.874407201609504e-05,-5.8502903751465344e-05,2.4999734494571395e-05
RIR,SAAV,3.7964077452717584e-05,-3.174294332440363e-05,2.434187581511622e-05
ASE,DVC,3.7964077452717584e-05,-3.174294332440363e-05,2.434187581511622e-05
PVP,RMDD,3.7964077452717584e-05,-3.174294332440363e-05,2.434187581511622e-05
BDU,RIV,1.2438721312837625e-05,3.545603118379805e-05,2.4135859131817844e-05
AIZ,AVM,9.41651431653624e-06,4.132533751395843e-05,2.337595905199126e-05
ADL,CEPD,4.297232372112958e-05,-4.7862872639297265e-05,2.3347953298751694e-05
RIS,URB,1.2848438917132956e-05,3.185129549950232e-05,2.3248937503850727e-05
ASG,SDQ,1.0284031372134306e-05,3.852233356485546e-05,2.3200006895297404e-05
ADF,IL2D,1.0284031372134306e-05,3.852233356485546e-05,2.3200006895297404e-05
RMDL/R,RMED,1.0284031372134306e-05,3.852233356485546e-05,2.3200006895297404e-05
OLL,RIF,1.0284031372134306e-05,3.852233356485546e-05,2.3200006895297404e-05
AVB,BWM05D,4.064235491635505e-05,-4.285557044333422e-05,2.2932099739478358e-05
ALN,CEPD,0.0015703245300257745,-0.004105202822755033,2.285546816306217e-05
ADA,AIM,-0.0003010841293734342,0.0008641270163050856,2.276110030766107e-05
AIA,PVC,0.0003665198151548332,-0.0009098386545200981,2.2367195101475694e-05
IL2L/R,SDQ,-2.818773158333738e-05,0.0001381459785442458,2.230502022726181e-05
PVR,RMDD,-2.009327433329167e-05,0.00011605153529063963,2.2093819116405997e-05
OLQD,PVP,1.0248399454621008e-05,3.5351382396394024e-05,2.204917829948192e-05
AIA,RIB,2.141233459437469e-05,5.6570482148261764e-06,2.203223593984137e-05
ASH,OLL,2.141233459437469e-05,5.6570482148261764e-06,2.203223593984137e-05
RIS,RMDD,-1.2349028840767971e-05,9.300996952646438e-05,2.1221096398365404e-05
ASG,RMF,3.254063781661507e-05,-2.7208237135203107e-05,2.0864464984385335e-05
AVM,URX,3.254063781661507e-05,-2.7208237135203107e-05,2.0864464984385335e-05
RMED,RMF,3.254063781661507e-05,-2.7208237135203107e-05,2.0864464984385335e-05
ASG,RIM,3.254063781661507e-05,-2.7208237135203107e-05,2.0864464984385335e-05
AUA,RMG,3.254063781661507e-05,-2.7208237135203107e-05,2.0864464984385335e-05
ADL,IL1V,3.254063781661507e-05,-2.7208237135203107e-05,2.0864464984385335e-05
BWM02D,RIA,3.254063781661507e-05,-2.7208237135203107e-05,2.0864464984385335e-05
AIY,SAAD,3.254063781661507e-05,-2.7208237135203107e-05,2.0864464984385335e-05
BWM08D,RIC,1.3922201944521177e-05,2.122533611125614e-05,2.0509092718514432e-05
AIZ,RMED,4.977727568117286e-05,-7.422047085729851e-05,2.0427586521076166e-05
AVJ,BAG,-2.0676486715359117e-05,0.00011285442192532721,2.0421320312506546e-05
AQR,OLQD,9.66518707255356e-06,3.2154269031081555e-05,2.0376679495582457e-05
CEPD,RID,1.017713561959442e-05,2.9009480059471128e-05,1.974752110785096e-05
AIY,URYD,0.00038959658442588776,-0.0009789447726746515,1.9609613369292685e-05
ADA,AVL,3.521891528025253e-05,-3.8320864254133705e-05,1.9454688908747462e-05
RMDL/R,URAD,8.570026143445255e-06,3.2101944637379545e-05,1.93333390794145e-05
RIC,RMEL/R,8.570026143445255e-06,3.2101944637379545e-05,1.93333390794145e-05
BWM06D,RIR,8.570026143445255e-06,3.2101944637379545e-05,1.93333390794145e-05
AVM,RMH,8.570026143445255e-06,3.2101944637379545e-05,1.93333390794145e-05
RIF,SAAV,8.570026143445255e-06,3.2101944637379545e-05,1.93333390794145e-05
ADF,SMDD,1.1620605207565658e-05,2.2956479530205588e-05,1.896523188910772e-05
ASJ,AVJ,-4.155400670857037e-06,6.301509567509722e-05,1.8318493819476453e-05
ASK,PVP,2.7117198180512556e-05,-2.267353094600259e-05,1.7387054153654442e-05
BWM05D,IL2D,2.7117198180512556e-05,-2.267353094600259e-05,1.7387054153654442e-05
AWA,CEPV,2.7117198180512556e-05,-2.267353094600259e-05,1.7387054153654442e-05
ASE,PVT,2.7117198180512556e-05,-2.267353094600259e-05,1.7387054153654442e-05
CEPV,SAAV,2.7117198180512556e-05,-2.267353094600259e-05,1.7387054153654442e-05
AVA,BWM03D,2.7117198180512556e-05,-2.267353094600259e-05,1.7387054153654442e-05
AVJ,URAV,2.7117198180512556e-05,-2.267353094600259e-05,1.7387054153654442e-05
AVJ,RMF,2.7117198180512556e-05,-2.267353094600259e-05,1.7387054153654442e-05
AIY,PVT,6.507712255893271e-06,3.178688063287121e-05,1.7292300898442806e-05
ADA,ASI,6.160452862603628e-05,-0.0001147699526569134,1.7205917569403134e-05
ALN,AVE,0.00020962647847497004,-0.000509986443300417,1.645227857594854e-05
AIM,PVT,6.856020914756204e-06,2.5681555709903638e-05,1.54666712635316e-05
AIA,RIV,6.856020914756204e-06,2.5681555709903638e-05,1.54666712635316e-05
ASE,BWM06D,6.856020914756204e-06,2.5681555709903638e-05,1.54666712635316e-05
RIR,URAD,6.856020914756204e-06,2.5681555709903638e-05,1.54666712635316e-05
ASK,AUA,1.798432413699658e-05,-7.183729640125642e-06,1.429890030807556e-05
AWA,SAAD,2.1693758544410045e-05,-1.8138824756802074e-05,1.3909643322923551e-05
BAG,SMBV,2.1693758544410045e-05,-1.8138824756802074e-05,1.3909643322923551e-05
BDU,URYV,2.1693758544410045e-05,-1.8138824756802074e-05,1.3909643322923551e-05
AVB,BWM08D,2.1693758544410045e-05,-1.8138824756802074e-05,1.3909643322923551e-05
RIF,RMDV,2.1693758544410045e-05,-1.8138824756802074e-05,1.3909643322923551e-05
ASE,SIBV,2.1693758544410045e-05,-1.8138824756802074e-05,1.3909643322923551e-05
AWB,SAAD,2.1693758544410045e-05,-1.8138824756802074e-05,1.3909643322923551e-05
AIN,AQR,2.1693758544410045e-05,-1.8138824756802074e-05,1.3909643322923551e-05
AVF,RIS,2.1693758544410045e-05,-1.8138824756802074e-05,1.3909643322923551e-05
PVQ,URAD,0.0002545169204092116,-0.000637559766139652,1.3504338231798912e-05
AIY,OLQV,4.793707027204221e-06,2.5366491705395304e-05,1.3425633082559908e-05
BWM03V,RMH,6.784757079729614e-06,1.933965337298075e-05,1.3165014071900641e-05
IL2V,SMDD,8.503141434617681e-06,1.4411396588718877e-05,1.3036376097407895e-05
PVP,URB,2.437203600804752e-05,-2.9251451875732672e-05,1.2499867247285697e-05
AVF,URYV,5.689596150621307e-06,1.9287328979278735e-05,1.2121673655732681e-05
ASI,AVF,5.142015686067153e-06,1.926116678242773e-05,1.1600003447648702e-05
PVR,SIAD,5.142015686067153e-06,1.926116678242773e-05,1.1600003447648702e-05
ASG,DVA,5.142015686067153e-06,1.926116678242773e-05,1.1600003447648702e-05
AIZ,BWM06D,5.142015686067153e-06,1.926116678242773e-05,1.1600003447648702e-05
AIZ,CEPD,1.3108464965448228e-05,-2.6228612540741185e-06,1.1343159685428657e-05
AIY,OLL,6.957570300223677e-05,-0.0001528317485455334,1.1252249055128438e-05
AIA,CEPD,8.851450093480612e-06,8.306071665751302e-06,1.1210746462496688e-05
AWC,SIAD,5.653964233108012e-06,1.6116377810817295e-05,1.0970845059917203e-05
BDU,OLQV,5.653964233108012e-06,1.6116377810817295e-05,1.0970845059917203e-05
ADF,ASJ,0.0004721500816733976,-0.0012238555595637578,1.0557264586884754e-05
AFD,PVQ,1.6270318908307536e-05,-1.3604118567601554e-05,1.0432232492192667e-05
AIB,BWM06V,1.6270318908307536e-05,-1.3604118567601554e-05,1.0432232492192667e-05
AIA,RMF,1.6270318908307536e-05,-1.3604118567601554e-05,1.0432232492192667e-05
BWM07V,RID,1.6270318908307536e-05,-1.3604118567601554e-05,1.0432232492192667e-05
ADL,BDU,1.6270318908307536e-05,-1.3604118567601554e-05,1.0432232492192667e-05
BWM05V,RIH,1.6270318908307536e-05,-1.3604118567601554e-05,1.0432232492192667e-05
AVK,PVR,1.6270318908307536e-05,-1.3604118567601554e-05,1.0432232492192667e-05
BAG,RMG,1.6270318908307536e-05,-1.3604118567601554e-05,1.0432232492192667e-05
RIA,RMEL/R,1.6270318908307536e-05,-1.3604118567601554e-05,1.0432232492192667e-05
AVJ,RMDV,8.815818175967317e-06,5.135120497289854e-06,1.0059917866681208e-05
AVL,BAG,-7.391995149711658e-06,4.777843282528989e-05,9.919954146870804e-06
ADE,AWB,1.1977672118826622e-05,-5.846136816237576e-06,9.148990673445214e-06
PVC,RMDL/R,4.52317138648641e-06,1.2893102248653842e-05,8.776676047933765e-06
BWM08D,URX,4.52317138648641e-06,1.2893102248653842e-05,8.776676047933765e-06
RIB,RIF,1.2616815407814915e-06,2.0808616002271986e-05,8.513953319672162e-06
CEPD,CEPV,3.428010457378102e-06,1.2840777854951819e-05,7.7333356317658e-06
BDU,RMH,3.428010457378102e-06,1.2840777854951819e-05,7.7333356317658e-06
AIA,PVR,7.13744486479156e-06,1.885682738275393e-06,7.344078646613787e-06
AIY,ALA,1.0846879272205022e-05,-9.069412378401037e-06,6.954821661461776e-06
ALN,BDU,1.0846879272205022e-05,-9.069412378401037e-06,6.954821661461776e-06
BWM02D,RIH,1.0846879272205022e-05,-9.069412378401037e-06,6.954821661461776e-06
AIB,BWM08V,1.0846879272205022e-05,-9.069412378401037e-06,6.954821661461776e-06
AWC,RMG,1.0846879272205022e-05,-9.069412378401037e-06,6.954821661461776e-06
ADF,OLL,1.0846879272205022e-05,-9.069412378401037e-06,6.954821661461776e-06
BWM04V,RMEV,2.1095943127336377e-05,-3.6533286116257806e-05,6.867743793937995e-06
ALM,AWA,3.392378539864807e-06,9.669826686490374e-06,6.5825070359503204e-06
BWM07D,SIBD,3.392378539864807e-06,9.669826686490374e-06,6.5825070359503204e-06
AVL,AVM,3.392378539864807e-06,9.669826686490374e-06,6.5825070359503204e-06
ALM,BWM02V,1.3656965698261187e-06,1.2525713850443481e-05,5.692297450794105e-06
BWM02D,RMED,6.544606444671806e-05,-0.00015768566120686876,5.676969107653235e-06
PVP,RMH,1.352515673584249e-05,-2.018203949733163e-05,5.545045585823916e-06
AVF,PVR,-7.99920047339911e-06,3.6508832525253255e-05,5.3801568227290676e-06
OLL,RIH,-2.887179551780658e-05,8.9549220799247e-05,4.538740385216943e-06
ASJ,RIR,2.261585693243205e-06,6.446551124326921e-06,4.3883380239668826e-06
BDU,SIBD,2.261585693243205e-06,6.446551124326921e-06,4.3883380239668826e-06
ADF,RIS,8.614032060417397e-05,-0.000217145426976403,4.089219514143738e-06
RIF,SMDD,1.714005228689051e-06,6.420388927475909e-06,3.8666678158829e-06
BWM06D,RIV,1.714005228689051e-06,6.420388927475909e-06,3.8666678158829e-06
ADF,SMDV,1.714005228689051e-06,6.420388927475909e-06,3.8666678158829e-06
AVD,BWM04D,1.714005228689051e-06,6.420388927475909e-06,3.8666678158829e-06
ADA,RIB,1.714005228689051e-06,6.420388927475909e-06,3.8666678158829e-06
OLQD,RIV,1.714005228689051e-06,6.420388927475909e-06,3.8666678158829e-06
RIP,RMDL/R,1.714005228689051e-06,6.420388927475909e-06,3.8666678158829e-06
ASH,IL1L/R,1.714005228689051e-06,6.420388927475909e-06,3.8666678158829e-06
CEPV,PVP,1.714005228689051e-06,6.420388927475909e-06,3.8666678158829e-06
SAAV,URAV,1.714005228689051e-06,6.420388927475909e-06,3.8666678158829e-06
BWM03D,BWM04D,5.423439636102511e-06,-4.534706189200518e-06,3.477410830730888e-06
ADL,URAV,5.423439636102511e-06,-4.534706189200518e-06,3.477410830730888e-06
OLL,RIR,5.423439636102511e-06,-4.534706189200518e-06,3.477410830730888e-06
AIM,RIB,5.423439636102511e-06,-4.534706189200518e-06,3.477410830730888e-06
AVF,AWC,5.423439636102511e-06,-4.534706189200518e-06,3.477410830730888e-06
BWM07D,SMDV,5.423439636102511e-06,-4.534706189200518e-06,3.477410830730888e-06
AWC,RMDV,5.423439636102511e-06,-4.534706189200518e-06,3.477410830730888e-06
AVK,RMDD,5.423439636102511e-06,-4.534706189200518e-06,3.477410830730888e-06
AIM,AVL,5.423439636102511e-06,-4.534706189200518e-06,3.477410830730888e-06
AVM,BWM03V,5.423439636102511e-06,-4.534706189200518e-06,3.477410830730888e-06
AWA,RIS,6.828482849130593e-07,6.262856925221741e-06,2.8461487253970524e-06
ADF,IL1V,1.1307928466216025e-06,3.2232755621634606e-06,2.1941690119834413e-06
BWM03V,RIC,1.1307928466216025e-06,3.2232755621634606e-06,2.1941690119834413e-06
BWM04V,SIBV,1.1307928466216025e-06,3.2232755621634606e-06,2.1941690119834413e-06
FLP,SAAD,1.1307928466216025e-06,3.2232755621634606e-06,2.1941690119834413e-06
AVK,RMED,8.10171709973998e-06,-1.564733330813112e-05,2.0676347550930265e-06
BWM02V,OLQV,0.0003615617532496177,-0.0009560412406441005,1.444852402640215e-06
RIH,SIAV,5.787706214152327e-05,-0.00015007726345245636,1.2748517904254834e-06
OLQD,PVR,-0.0005914399723405285,0.0015729650887703938,8.364552997737864e-07
BWM07D,RIP,4.109589132337103e-05,-0.0001067897513915178,8.253384514024716e-07
AIY,AVL,1.0779994563377448e-05,-2.6759960427061715e-05,6.578586794551659e-07
AVB,RMDL/R,1.0779994563377448e-05,-2.6759960427061715e-05,6.578586794551659e-07
ASI,AVB,2.4238266590392367e-05,-6.463254797305402e-05,-9.405871672752237e-08
CEPV,DVA,-1.4150975201522158e-06,2.7768417522519534e-06,-3.457180513901221e-07
ASI,SMDD,-3.8090703102590707e-06,7.88935155676714e-06,-7.84392936345579e-07
ASE,URYV,-3.8090703102590707e-06,7.88935155676714e-06,-7.84392936345579e-07
OLQV,SIAD,-1.0311569437759912e-06,-1.5753200225417015e-07,-1.020519090485848e-06
ASH,SIBD,0.00033034037511161553,-0.0008809058502953522,-1.2948650820341437e-06
AVB,BWM03D,2.678277463637469e-06,-1.11126271189306e-05,-1.4097760756378607e-06
RIF,SIBD,0.0007441885071291356,-0.001981456654619896,-1.845046106673218e-06
AVK,IL2V,-4.9516339785041654e-05,0.0001260247143642163,-1.9269309519563424e-06
ASJ,SDQ,5.0187657685978526e-05,-0.000140640462675845,-2.5955912738966527e-06
AVJ,RIA,8.985335593048022e-06,-3.239739063204142e-05,-3.0083641232148777e-06
ASH,PVR,-1.9045351551295356e-05,3.944675778383571e-05,-3.921964681727896e-06
PVP,PVR,0.00034189274832028784,-0.0009197274813784818,-4.164862708357913e-06
IL2D,SIAV,-5.5230755389481235e-06,1.4689626292912297e-06,-4.651060752228481e-06
BDU,BWM07D,-5.5230755389481235e-06,1.4689626292912297e-06,-4.651060752228481e-06
AVB,AWC,-2.7451621724650414e-06,-6.577920929730082e-06,-4.887186906368748e-06
AWC,DVA,-2.7451621724650414e-06,-6.577920929730082e-06,-4.887186906368748e-06
ADF,CEPD,-2.7451621724650414e-06,-6.577920929730082e-06,-4.887186906368748e-06
ALM,BWM01V,-2.7451621724650414e-06,-6.577920929730082e-06,-4.887186906368748e-06
AFD,AVF,-2.7451621724650414e-06,-6.577920929730082e-06,-4.887186906368748e-06
OLQV,SMDV,-2.7451621724650414e-06,-6.577920929730082e-06,-4.887186906368748e-06
BAG,RMEV,-2.7451621724650414e-06,-6.577920929730082e-06,-4.887186906368748e-06
AVD,URAV,1.0281815049149395e-05,-4.208867822660815e-05,-5.210390928032791e-06
BDU,URYD,0.0004307479514383109,-0.0011596944851871578,-5.577542211001953e-06
AVB,IL1L/R,-5.6227114417937316e-06,-1.5967809306180606e-06,-5.824710673726072e-06
BWM04D,URAD,0.004223724519550741,-0.011234214672833098,-6.3264686285106275e-06
AVH,URAV,0.0001453627148335266,-0.00040548583588698476,-6.8613152823717535e-06
ASH,IL2V,-1.1046151077896247e-05,2.9379252585824595e-06,-9.302121504456963e-06
AWB,IL2V,-1.1046151077896247e-05,2.9379252585824595e-06,-9.302121504456963e-06
AUA,RIP,-1.1046151077896247e-05,2.9379252585824595e-06,-9.302121504456963e-06
BAG,RIS,-1.1046151077896247e-05,2.9379252585824595e-06,-9.302121504456963e-06
BAG,RIC,-1.1046151077896247e-05,2.9379252585824595e-06,-9.302121504456963e-06
IL1L/R,RIM,-1.1046151077896247e-05,2.9379252585824595e-06,-9.302121504456963e-06
RIR,RMH,-1.1046151077896247e-05,2.9379252585824595e-06,-9.302121504456963e-06
AIN,AVB,-8.268237711413161e-06,-5.108958300438851e-06,-9.538247658597225e-06
AFD,SMBD,-5.490324344930083e-06,-1.3155841859460163e-05,-9.774373812737497e-06
AIY,SIAD,-5.490324344930083e-06,-1.3155841859460163e-05,-9.774373812737497e-06
ASJ,RIH,-5.490324344930083e-06,-1.3155841859460163e-05,-9.774373812737497e-06
BWM01D,RIA,-5.490324344930083e-06,-1.3155841859460163e-05,-9.774373812737497e-06
BWM02V,SIAV,-5.490324344930083e-06,-1.3155841859460163e-05,-9.774373812737497e-06
RIF,URYV,-5.490324344930083e-06,-1.3155841859460163e-05,-9.774373812737497e-06
CEPD,PVQ,1.9162587294554707e-05,-7.947246896768439e-05,-1.0073879565088706e-05
ASK,AVA,-2.8120468812926144e-06,-2.426846897839076e-05,-1.1184149888375357e-05
PVT,RIS,-0.00016036508039663741,0.0003940269348774934,-1.1216829665314944e-05
AFD,AQR,7.493257635940166e-05,-0.00023304313677726502,-1.2002040301473973e-05
AVH,IL1D,0.00025390133555004116,-0.000709348883654901,-1.2371132016183806e-05
AWB,URAD,-1.3376941765514405e-07,-3.5381096097321356e-05,-1.2593925964013215e-05
AVK,RMEV,2.2245714549384116e-06,-4.3664557070297986e-05,-1.330607967487324e-05
AUA,SMBD,-1.6569226616844363e-05,4.406887887873688e-06,-1.3953182256685438e-05
ADF,IL2V,-1.6569226616844363e-05,4.406887887873688e-06,-1.3953182256685438e-05
BWM08V,IL1L/R,-1.6569226616844363e-05,4.406887887873688e-06,-1.3953182256685438e-05
BWM01V,RMDL/R,-1.6569226616844363e-05,4.406887887873688e-06,-1.3953182256685438e-05
IL2L/R,SIAD,5.3224214124654025e-06,-5.4540606775273265e-05,-1.4239828193791347e-05
ADA,AFD,-1.1013399883878205e-05,-1.168687923016893e-05,-1.4425434564965977e-05
AIN,DVC,-8.235486517395125e-06,-1.9733762789190236e-05,-1.4661560719106243e-05
ADF,BDU,0.0001246200078098503,-0.0003731372181445691,-1.4873214118877508e-05
ALN,AVL,-1.666886251968998e-05,1.3411443279643999e-06,-1.5126832178183035e-05
AQR,BWM06D,-4.532778387022789e-05,7.394208926948669e-05,-1.6361657931567193e-05
BWM02D,IL1V,-2.2092302155792494e-05,5.875850517164919e-06,-1.8604243008913926e-05
RMED,SIAD,-1.6536475422826323e-05,-1.0217916600877702e-05,-1.907649531719445e-05
AIM,RMF,-1.0980648689860166e-05,-2.6311683718920326e-05,-1.9548747625474993e-05
ASH,RMDD,-1.0980648689860166e-05,-2.6311683718920326e-05,-1.9548747625474993e-05
BDU,RIH,-1.0980648689860166e-05,-2.6311683718920326e-05,-1.9548747625474993e-05
CEPV,PVT,0.0002343833188774341,-0.0006787689553568276,-1.9860218939403573e-05
AVA,RIH,-4.6657848522540714e-05,6.458732658750468e-05,-2.090312678654581e-05
AIA,AVA,-1.723104601925035e-05,-1.3882365863029892e-05,-2.101790311135311e-05
OLQD,RIB,0.0015660508111061888,-0.0042202207170714085,-2.1677806672192825e-05
PVQ,SMDV,5.1559008007922185e-06,-7.529689838384323e-05,-2.1710441097295548e-05
AQR,URYD,2.4155598873744742e-05,-0.00012636217664077783,-2.1925712182446813e-05
OLQV,SMBD,-7.123511720079989e-05,0.000125897210320914,-2.2297269632939284e-05
AVM,AWA,-9.597577576038395e-05,0.0001911559424125457,-2.245269674694727e-05
BWM07D,OLQD,-2.761537769474061e-05,7.3448131464561455e-06,-2.3255303761142403e-05
AVM,BWM02V,-2.761537769474061e-05,7.3448131464561455e-06,-2.3255303761142403e-05
ADE,AIM,-3.567008653607674e-05,2.8393812100359484e-05,-2.3375331889979365e-05
AIY,IL1L/R,0.0001928423406672572,-0.000578677669693049,-2.3462712313521796e-05
IL1D,SIBV,-2.945816298947759e-06,-5.964956507571212e-05,-2.377807585238857e-05
BAG,RIM,-0.00015436984553425487,0.00034070367654258945,-2.4398000158761804e-05
ASI,RIP,-1.3725810862325208e-05,-3.2889604648650406e-05,-2.443593453184374e-05
RIB,RMH,-1.3725810862325208e-05,-3.2889604648650406e-05,-2.443593453184374e-05
ADF,SAAV,8.926665871143225e-05,-0.0003073821938535059,-2.4785572824632502e-05
DVA,PVQ,0.00010497424580158135,-0.00034947912487296503,-2.492119164832897e-05
ADL,RIC,-2.606296563292765e-05,-5.070432985512375e-06,-2.6177774256420262e-05
BWM01V,SDQ,9.327704754868439e-05,-0.0003250151573985419,-2.724654710927283e-05
AIM,RMDD,-0.0001802633384785295,0.00040116962721257473,-2.732133713931078e-05
RIG,SIBD,-3.140333578687493e-05,5.510895980734641e-06,-2.7446539833570198e-05
BWM07D,RMF,-3.3138453233688726e-05,8.813775775747376e-06,-2.7906364513370876e-05
ADE,RMED,-3.3138453233688726e-05,8.813775775747376e-06,-2.7906364513370876e-05
AIY,PVC,0.0005861789174201842,-0.0016362795510165818,-2.807279052076647e-05
BWM01D,RMH,-2.7582626500722565e-05,-7.279991342295247e-06,-2.8378616821651412e-05
ADA,RIR,-2.0364813577885973e-05,-2.6578819830952893e-05,-2.8425011525836952e-05
RIA,URB,-2.7160458966933145e-05,-9.649210775563934e-06,-2.881847594619365e-05
RMEV,SDQ,-1.924888640127333e-05,-3.1420642019359165e-05,-2.908699528407222e-05
AFD,AVJ,-1.647097303479025e-05,-3.946752557838047e-05,-2.9323121438212486e-05
IL1D,RMDL/R,-1.647097303479025e-05,-3.946752557838047e-05,-2.9323121438212486e-05
RIH,RMDD,0.00011983309564935994,-0.0004030227740621594,-2.988506272501925e-05
AVH,IL1V,-3.333772503937996e-05,2.6822886559287997e-06,-3.025366435636607e-05
AVK,CEPD,-2.494150240589477e-05,-1.99529710087471e-05,-3.0373050338858508e-05
AVD,RIB,-0.0004123593266676696,0.0010069345508049693,-3.104806095965345e-05
IL2L/R,RIM,-3.343736094222556e-05,-3.8345490398049173e-07,-3.142731427786366e-05
RMDD,URX,-0.0001950302646279874,0.0004263241013053801,-3.227613833103501e-05
BWM01V,RIA,-3.866152877263685e-05,1.0282738405038602e-05,-3.255742526559936e-05
SAAD,URAD,-3.866152877263685e-05,1.0282738405038602e-05,-3.255742526559936e-05
BWM01D,URAV,-3.866152877263685e-05,1.0282738405038602e-05,-3.255742526559936e-05
BWM01V,BWM02D,-3.866152877263685e-05,1.0282738405038602e-05,-3.255742526559936e-05
CEPV,RIR,-6.520816888195731e-06,-7.612862999596512e-05,-3.293114907022905e-05
AQR,IL1D,-8.122891578117773e-05,0.00012157252696245518,-3.317398618980421e-05
BWM02V,RIA,1.5802125946514528e-05,-0.00013743795490822627,-3.364650838185358e-05
AVE,AWA,-1.9216135207255287e-05,-4.6045446508110566e-05,-3.421030834458123e-05
ASG,RIH,-1.9216135207255287e-05,-4.6045446508110566e-05,-3.421030834458123e-05
AWB,BDU,-1.9216135207255287e-05,-4.6045446508110566e-05,-3.421030834458123e-05
BWM03D,RIA,-3.942175327403874e-06,-9.0307000674805e-05,-3.55145750673645e-05
PVR,SMBD,-0.0002042783507420535,0.0004384307119390079,-3.666439128623227e-05
BDU,BWM01D,-4.418460431158499e-05,1.1751701034329838e-05,-3.720848601782785e-05
PVR,RMDV,2.0627750165543373e-05,-0.00016036712245688254,-3.7210997080108255e-05
PVR,RMF,8.54401046426717e-05,-0.0003324859459480949,-3.721350814238867e-05
AWB,IL2L/R,6.167403819061063e-05,-0.00026995274264694866,-3.741737857369992e-05
RIH,SAAD,-4.43838761172762e-05,5.620213914511255e-06,-3.955578586082303e-05
ASH,AVD,0.002080726174778028,-0.00563861015288051,-3.9879637316657485e-05
AWA,URAD,7.484218381007933e-05,-0.00031218604954813393,-3.9977581022672805e-05
ALA,OLL,7.755108241081534e-05,-0.00032435151015092184,-4.172973208802702e-05
AIZ,IL2V,-4.97076798505331e-05,1.3220663663621064e-05,-4.185954677005632e-05
RIR,SIBV,-8.374867052126233e-05,0.00010158497452922058,-4.257594773816079e-05
AVJ,IL1L/R,-1.8476585644319308e-06,-0.00011788604341991132,-4.3273630329620887e-05
AVK,RIH,0.0001813781154981752,-0.0006051207232173726,-4.3510308821398665e-05
OLL,PVQ,5.185071004186691e-05,-0.000262343786071388,-4.3928998048945664e-05
AIZ,BDU,-2.4706459552185375e-05,-5.920128836757071e-05,-4.398468215731873e-05
BDU,IL2L/R,-2.814823904237628e-05,-5.356855945136566e-05,-4.5220609793865065e-05
ALN,DVC,1.577810995630192e-05,-0.0001730442445909609,-4.621708319454974e-05
AVH,BWM04D,-5.523075538948122e-05,1.4689626292912291e-05,-4.6510607522284805e-05
AWA,URYD,0.0002069234269319586,-0.0006833508963249721,-4.717314874035522e-05
ASE,DVA,-2.649852348261488e-05,-6.744451541977447e-05,-4.8566791641250764e-05
AWC,SMDV,-2.3922476961722948e-05,-7.901708925139031e-05,-5.0234330957124235e-05
BWM04D,RIC,-2.4773344261012944e-05,-7.68918364162314e-05,-5.028164513932534e-05
AIN,RIS,-6.075383092842934e-05,1.6158588922203522e-05,-5.116166827451328e-05
CEPD,SMBV,-3.05450925559784e-05,-6.625180530406332e-05,-5.193342633514503e-05
BWM02V,SDQ,0.00011714813940092086,-0.00046347564112614786,-5.3702107675524355e-05
AFD,DVA,-0.00012663522333612647,0.00018272560394954395,-5.41161371789512e-05
AWB,SIAD,-9.83013326926649e-05,0.00010642691239846372,-5.448862163950944e-05
ASE,SMDV,0.00010666650422748217,-0.00044078775228022156,-5.55157969732058e-05
AVM,RMDD,-6.627690646737745e-05,1.7627551551494752e-05,-5.581272902674175e-05
IL1D,PVQ,0.00040104023241196204,-0.0012307719213519497,-5.8427929258026466e-05
IL1V,RMDL/R,-3.29419460695805e-05,-7.893505115676095e-05,-5.864624287642497e-05
RIC,RIG,-0.00012663101088116282,0.0001667707020314198,-5.9734900955703666e-05
AIB,RIH,-5.245422434378964e-05,-4.0297414292272476e-05,-6.329032277944972e-05
RIP,RIR,-3.846502160852862e-05,-7.746608852746974e-05,-6.329730362865346e-05
PVR,RIM,-7.73230575452737e-05,2.0565476810077204e-05,-6.511485053119872e-05
AVJ,BWM07D,-7.73230575452737e-05,2.0565476810077204e-05,-6.511485053119872e-05
SIAV,URYD,-8.284613308422182e-05,2.2034439439368438e-05,-6.97659112834272e-05
AVE,AVF,0.0005971405952082312,-0.0017859947044140696,-7.057584461510963e-05
RIF,SIAV,-3.78092619648582e-05,-0.00010112826404227554,-7.102245948978865e-05
AWC,RIP,-6.617865288532336e-05,-2.6246861914759412e-05,-7.118266820826882e-05
BWM04D,SAAV,0.00015803684436609797,-0.0006259502226950262,-7.269469060142733e-05
BWM05D,RIP,6.65556283379713e-05,-0.000383958966265229,-7.302617978298615e-05
AIA,RIG,-4.117743258697563e-05,-9.86688139459512e-05,-7.330780359553122e-05
ASE,AVE,-8.836920862316998e-05,2.3503402068659676e-05,-7.44169720356557e-05
AVB,PVT,0.0001375166744717498,-0.0005832315548121643,-7.684379450935887e-05
AVF,RMDD,-0.00017187134614303644,0.00023541076836621521,-7.788321942406552e-05
AIY,URB,-1.182430965922671e-05,-0.00019030999023295135,-7.813332737876329e-05
AFD,RIS,-9.389228416211805e-05,2.4972364697950873e-05,-7.906803278788415e-05
IL1D,RMG,-3.588776236852827e-05,-0.0001385846162324731,-8.242431872881356e-05
RIH,SIAD,-0.00029606394054441026,0.0005501132896327708,-8.320312704271348e-05
AQR,RMDD,-9.94153597010662e-05,2.6441327327242127e-05,-8.371909354011264e-05
BWM05D,SIBV,0.0004170308021418754,-0.001351039801356805,-8.584713544460634e-05
OLQV,SMDD,-4.941291910437075e-05,-0.00011840257673514142,-8.796936431463746e-05
PVR,SMDD,-4.6734641640733286e-05,-0.00012951520385407202,-8.937914039027532e-05
AWA,RID,-9.344284119770578e-05,-7.211618034057996e-06,-8.998945994799792e-05
ADF,RMEV,-5.78112115077504e-05,-0.00010742602071038863,-9.196058756061786e-05
ALN,DVA,-5.2158081276835784e-05,-0.0001249804976648715,-9.28565512210062e-05
AWB,URYD,2.0134467624934205e-05,-0.0003188120502539581,-9.351059723983496e-05
IL2V,OLL,-6.0459070182267006e-05,-0.000115464651476559,-9.727148581909444e-05
BWM04D,RMED,-5.490324344930083e-05,-0.00013155841859460162,-9.774373812737497e-05
BWM06V,RMEV,-5.222496598566336e-05,-0.0001426710457135322,-9.915351420301281e-05
AVA,IL2L/R,0.0001688850754879164,-0.0007331163445939184,-0.00010030910498152302
ADL,SMDV,-5.764840562176588e-05,-0.0001381363395243317,-0.00010263092503374372
IL1V,RIS,-7.315234178002473e-05,-0.00010125656709679175,-0.00010414331215742768
PVQ,PVQ,-6.0393567794230926e-05,-0.0001447142604540618,-0.00010751811194011248
ASG,OLQV,-6.0393567794230926e-05,-0.0001447142604540618,-0.00010751811194011248
RIP,URX,-0.00014249376822113484,7.092839847844474e-05,-0.0001083560001984591
ASE,RIV,0.0001769046605614571,-0.0007831823697557567,-0.0001104479083749975
CEPV,SAAD,-0.0001297758995682718,2.720821954396817e-05,-0.00011186158420762377
RMEL/R,RMG,-9.524614233852095e-05,-6.623631521067623e-05,-0.00011247810771964144
OLQD,PVQ,0.0004133806086618014,-0.0014187445951512158,-0.00011312316185225169
RMH,URYD,5.1332683893061996e-05,-0.00046022892746529475,-0.00011415097645603182
RIH,SMDD,-6.5883892139161e-05,-0.0001578701023135219,-0.00011729248575284995
IL2V,SMDV,-4.164562554876863e-05,-0.00022250265028657596,-0.00011738654446957749
AFD,AVE,-0.000133051992448983,1.992638530344306e-05,-0.0001174937076609715
PVC,URAV,-9.531722687416249e-05,-8.201359589436589e-05,-0.00011810474185932823
CEPV,IL2L/R,-8.80744478770076e-05,-0.00010811983833010285,-0.00012052678958023682
AIY,AQR,0.0007631947137298751,-0.002372746957331588,-0.00012195375864142236
ASG,RIR,-6.862905431162603e-05,-0.00016444802324325203,-0.0001221796726592187
ASK,SDQ,-9.209935641364828e-05,-0.00010338109467601706,-0.00012262348702749422
AIY,RIC,-0.00015777671624209245,6.663180781388107e-05,-0.00012417263948297035
RIH,SIBV,-8.437961650460038e-05,-0.00013427228144092255,-0.00012628544729047494
CEPV,URAV,0.0001846264458997735,-0.0008512278030954865,-0.0001272015732788025
DVA,RMDV,-0.00016020713190331343,6.243631443264509e-05,-0.00012792567539159297
AVL,RIH,3.688429938570676e-05,-0.00047080214199145373,-0.00013139855418112597
AVH,CEPV,-7.411937865655614e-05,-0.00017760386510271218,-0.0001319540464719562
SMDV,URX,-0.00016343068047520046,5.051543000306382e-05,-0.00013514348454288753
RIG,URAV,-0.0004453593373449644,0.0007961243399435706,-0.00013622309064784216
ALA,RIV,-7.686454082902115e-05,-0.00018418178603244226,-0.00013684123337832493
RIC,RIF,-0.00010782973635445866,-0.00010486096991151651,-0.00013786620757389405
AUA,AVA,0.0002556544299831788,-0.0010773682152494315,-0.00014042509985955686
CEPD,SIBD,-0.00016784695610914697,4.713518125979428e-05,-0.00014046767480337485
AVF,SIAD,-0.00018502496529586236,9.273695121886842e-05,-0.00014047299397949647
AVK,SMBV,0.0001671619229368809,-0.0008430055519510397,-0.0001406480324651252
FLP,SMBV,0.000897114802998001,-0.0027865387122930733,-0.0001424507046741903
IL2V,PVR,0.00090782849300177,-0.0028192113856851868,-0.0001439386103987738
AIY,RIH,0.0006008527809737465,-0.002004332258663393,-0.00014404668604820988
AIY,RIR,0.0005997205685679011,-0.0020017312138588916,-0.0001441896205714983
RMDL/R,URYV,0.0003229596463328051,-0.0012679178962752464,-0.0001445899426797294
AQR,IL2D,-0.00011982609232274544,-9.65036174264006e-05,-0.00014614769977889578
OLQV,URAD,-8.235486517395126e-05,-0.0001973376278919024,-0.00014661560719106244
AVE,RMEV,-8.235486517395126e-05,-0.0001973376278919024,-0.00014661560719106244
RIR,SMDV,-7.079033970151329e-05,-0.00023064408694192042,-0.00014753061692869367
AQR,OLL,-0.00017673841724633995,4.700680413731935e-05,-0.0001488339440713114
BAG,RMDV,-0.0002984795797321354,0.00036792005651258214,-0.0001496709529761747
BWM07V,RMH,-0.0005606677891841747,0.001063482157444258,-0.00014991368251497783
RMF,SIAD,0.0006407592931492406,-0.002129436516408032,-0.00015078868182146374
ASE,RIA,0.00012680884030773378,-0.0007651140649726586,-0.00015096232526363833
AVL,SIBV,0.000156655083664404,-0.0008451008417541351,-0.00015121920944850288
BWM01D,RMG,-8.51000273464163e-05,-0.0002039155488216325,-0.0001515027940974312
RIV,SDQ,0.011447277715721309,-0.030828968943021392,-0.00015163709587616127
AVB,RIP,0.003101887175180651,-0.008673213642488551,-0.00015366346902162922
AIZ,RIP,-0.00011840223655019523,-0.0001219777506021282,-0.00015379259330825702
ADA,ALA,-0.00010451266971777983,-0.00016221216839723473,-0.00015497322407895833
AVF,OLL,5.480056040275209e-05,-0.0005907747978928444,-0.00015691157156342406
AWC,RMEV,-9.128696900907225e-05,-0.0002048607408351575,-0.00015762590864034628
ADE,BWM07V,-0.0001877845683242361,4.9944729395901745e-05,-0.0001581360655757683
OLL,OLQD,0.0009480183984412886,-0.00297033751541705,-0.00015958582557042223
BWM04V,BWM06D,-0.0016962385805267082,0.004048953804722747,-0.0001605143301192243
BWM02V,SIBD,0.00022583628434684873,-0.0010563799317692961,-0.00016093372379368806
AVJ,OLQV,6.64684215911436e-05,-0.000636747549367084,-0.00016219363418100817
RIH,SMBV,0.0003954863252426113,-0.0015113485399861704,-0.00016250421627931846
ASE,RIC,-0.00014248449212131694,-8.35364572308221e-05,-0.00016278265654107347
RIM,URAV,-0.00023972427889693183,0.00017416427047626666,-0.00016296706098036385
AIY,RIP,-0.00018219599039725193,1.9226157789107794e-05,-0.00016373163094455788
RMEV,SMDD,0.00046918874062570307,-0.001721550163290234,-0.00016760786272952552
ADL,IL1D,9.231194221790143e-05,-0.0007227140494432469,-0.00016830377447622796
DVC,RID,0.00013459280666823655,-0.0008423580868900267,-0.00017089949546501945
AFD,RIM,-6.400106928076364e-07,-0.0004845198728440767,-0.00017134978328909857
RMG,URAD,8.723903252930271e-07,-0.0004887574244327689,-0.00017142777658981628
AIA,RIR,7.172631374827118e-05,-0.0006769184480466575,-0.00017142978779074674
ASJ,AVA,-9.3402398572639e-05,-0.00024133985965948338,-0.00017246131779854405
ADA,AIY,-0.00012483923328965998,-0.00016069203115893975,-0.00017346001739778792
AVL,RMEV,-0.0002651913091628523,0.00020796965416468373,-0.0001748868106574407
AVH,AVL,0.0002902805616605908,-0.0012711020274769108,-0.00017629462124090623
RIV,URX,-0.00017774528586719852,-3.059817767209151e-05,-0.0001771251781393355
DVC,IL1V,-4.242558084454791e-05,-0.0003929660823604428,-0.0001781898963003375
RMEV,SAAV,-9.346928328146657e-05,-0.00025903040770814404,-0.00017875828078055064
PVC,RMH,-0.00013218195242971053,-0.0001599636784300795,-0.00018007498227722333
AWA,PVC,-0.0003216823608418759,0.0003406706761746521,-0.00018098817549543867
RIC,RIH,-0.00021539994601897674,5.728954254235794e-05,-0.0001813913693369107
AVF,IL1D,-0.0001032365777922678,-0.00025022611804838074,-0.00018479621121396522
CEPD,URAV,-0.0002209230215579249,5.8758505171649164e-05,-0.00018604243008913922
AWC,RIV,-0.00015314342013383412,-0.00012142015596021013,-0.00018610844564043998
ASG,BAG,-6.311134731291355e-05,-0.00036502358596649464,-0.00018770127960840462
AUA,RIS,-0.0002421157198646116,0.0001100218033852105,-0.0001878096821482503
DVA,RIG,2.990885915100088e-05,-0.0006154566848072796,-0.00018890454456408436
RID,RIF,-0.0004454582634728554,0.0006378140191979499,-0.00019210619721369136
AWC,OLQV,-0.00010980648689860166,-0.00026311683718920325,-0.00019548747625474993
RID,URAD,-0.00011344019500917187,-0.00025486535734414853,-0.00019598013887515422
OLQD,SAAD,-0.0005515515470632528,0.000903083774347375,-0.00019790868105149732
RIB,RID,0.0013012642437979424,-0.004017226988781849,-0.00019793941997353262
ASE,CEPD,-9.817124590973518e-05,-0.0003033506961631616,-0.00019877760918346926
RIP,SIAD,-0.0002374922481747692,6.316539305952287e-05,-0.0001999956123458246
AWA,IL1D,0.00020377301865938562,-0.0011165954961633953,-0.00020280223023974093
OLL,URAV,-0.0004683684086784743,0.0006656335051191128,-0.00020374260419329623
AQR,SMDD,-0.00024301532371371736,6.463435568881409e-05,-0.00020464667309805313
BWM03V,RIA,-0.00016302864525958322,-0.00015481176552900207,-0.00020712710080461442
IL1D,SMDV,-0.00012204846073818005,-0.000273490821749612,-0.0002105999849346895
AVB,IL1V,-2.1015942468719313e-05,-0.0005460848665013937,-0.0002121147627514374
AVK,CEPV,-0.00024938183189501405,3.961709364649291e-05,-0.00021942113106578352
ASE,AVD,9.857941932326392e-05,-0.0008955150199075454,-0.0002233356010354902
IL2V,RIS,-0.0002456622323041283,1.4182021292829844e-05,-0.00022490379918594893
ADF,ALM,-0.00012902262210585697,-0.00030916228369731383,-0.00022969778459933118
ASJ,OLL,-0.00013408361503107076,-0.00030650172859460765,-0.00023349647572941786
AVK,IL1L/R,-0.00017879099298154133,-0.00018868679611195037,-0.00023381619410630126
IL1D,RIS,-0.00010866013123516619,-0.0003930314065090281,-0.00024019817618246668
ALA,RIF,-0.00025635310055706275,-2.9398209305170566e-06,-0.0002409427427969548
RMEV,SMBD,-0.00018983382140155453,-0.00018452074378649534,-0.00024268239885735692
AVH,OLL,-0.00013205785039884313,-0.00034533159862705417,-0.0002452848038577556
AFD,RIP,-0.00018167197129296335,-0.00021477071403091442,-0.00024570463991270216
AFD,URYV,-0.000323576625899204,0.00016169996121829128,-0.00024583242066345386
AVF,FLP,-0.00029598449340995537,8.577053310605331e-05,-0.00024676894259637104
ASI,RIH,-0.00016778240446054795,-0.000255005131826021,-0.0002468852706834035
BWM08D,SMBD,-0.0011315434565661762,0.002300854580253046,-0.00024809926122174475
ADE,AIY,-9.708256434789856e-05,-0.00044864529624429945,-0.00024896239734998064
AIN,IL2L/R,-1.292847273566315e-05,-0.0006876801591903663,-0.0002544460895184766
PVT,RID,-2.155710001622033e-05,-0.0006652146282112342,-0.0002546040127148125
IL1D,URX,9.531306596366086e-05,-0.0009800388901119823,-0.000256179664492181
AVL,RMEL/R,-0.00029874425861742667,6.399526418217996e-05,-0.0002570255302278259
SIBD,URYD,0.001022686458296744,-0.0034480507092875877,-0.00025806018508877184
AVF,RIH,-0.00014549359514064722,-0.00034862980927569424,-0.00025902090603754365
AIB,RMEV,-0.00021605603737601814,-0.00016232492113393913,-0.000259400238924446
AWB,URB,-0.0002889553266184952,3.12032053127809e-05,-0.00025942093884022833
CEPD,RIH,-0.0001354459337941432,-0.0003792927728618441,-0.0002604238644656916
RID,RMDV,-0.00036312085582733785,0.0002247067398157335,-0.0002606353093372514
ASI,OLQV,-0.00014823875731311229,-0.00035520773020542435,-0.0002639080929439124
BWM01V,RMG,-0.00014823875731311229,-0.00035520773020542435,-0.0002639080929439124
ADF,RID,-0.0003233413560872342,0.0001018272254210367,-0.0002667121417948028
ALM,URYD,-0.00021157138312267817,-0.00019602173481643914,-0.00026707847507984603
AVM,BWM04D,-0.00032033838125899116,8.519983249889134e-05,-0.0002697615236292519
RIA,RIF,-6.82116385090277e-05,-0.0005853575400037038,-0.00027012278781352435
BAG,IL2D,0.0006507231045892618,-0.002499718603437266,-0.00027195611611264625
AQR,IL2L/R,-0.00016400884998588985,-0.0003421499929463637,-0.0002740647428925981
OLQV,RMG,-0.0001911720200746352,-0.00027310884847958953,-0.00027515429560780505
ASH,AVM,-0.0004532300558223479,0.00042216303442494546,-0.00027537747920801516
PVP,URAV,8.518602772777133e-05,-0.0010083859609494302,-0.0002756468609716001
IL1V,PVC,-0.00026307318925094966,-8.519993804630075e-05,-0.000276221191710179
RMED,RMH,-0.0001606316227996294,-0.0003609468165148799,-0.000277528416964453
BWM02V,RMDV,-0.0026701176717185636,0.006298085424495939,-0.00027929203150404297
RIG,RIS,-0.0002067687489641338,-0.0002443633501824498,-0.0002796201417529798
ALA,RIP,-0.00024252405580344678,-0.00015473771164245675,-0.00028149636900568837
ASI,RIV,-0.00014857914172177055,-0.00040547055147123245,-0.000281939883610058
AIN,SIBD,0.001028181905011863,-0.003532378850276402,-0.0002826355861914211
IL2V,RIB,0.0009274050990896982,-0.003271878208372429,-0.00028514336696236996
AQR,CEPD,-0.0003424306834147836,9.107568301605623e-05,-0.0002883657666381658
PVC,RMDV,-0.00029805759508351004,-3.2198047005210724e-05,-0.0002902826396420253
AVJ,RIH,-0.0002658124865226616,-0.00011822927150356621,-0.00029042469691919093
AVL,RID,-0.00016470973034790251,-0.0003946752557838048,-0.00029323121438212487
AQR,SAAD,-5.357097789281414e-06,-0.0008194542074387373,-0.00029379927214460446
BWM06D,SIAD,-9.46677655875874e-06,-0.000809716109593991,-0.0002942134667431408
AVK,PVQ,-0.00014857318085725012,-0.0004436604704487278,-0.00029539290785394546
BWM04D,SMDD,-0.00020533643325093055,-0.00029889469273293657,-0.0002974972402662461
ADE,BWM06V,-0.0001674548925203675,-0.0004012531767135349,-0.0002981184012884936
RMEV,URB,-0.00021186875519007883,-0.0002871278442579454,-0.0002994636958827584
ADA,OLL,-0.00029593279052591025,-7.004243564694725e-05,-0.00030163098586675173
RMEV,RMH,-5.221792991275432e-05,-0.0007205851237003996,-0.0003028110422498411
AVB,RMDV,-0.0003158595471779766,-2.511446344090212e-05,-0.0003044461607477761
AIM,IL2V,-0.00027013943349818735,-0.00014739289849600062,-0.0003047516727668307
URAD,URAD,-0.00036452298557057604,9.695153353322113e-05,-0.0003069700096470797
AVK,URAV,-0.00044104991567489257,0.00029037815169870426,-0.00031042139114151145
RIV,URYD,-2.291682602382399e-05,-0.000821851750285491,-0.00031107737624486116
AIM,RIG,4.0832593448208616e-05,-0.0009943832021720093,-0.00031222004487408366
RMG,URAV,-0.00017569037903776265,-0.0004209869395027252,-0.0003127799620075999
SAAD,URAV,-0.000158923727918999,-0.0004771686714546137,-0.0003168881204004745
RIH,RIS,0.00014675546689399698,-0.0012968172719002703,-0.00031967420541716206
AIM,SDQ,-0.0005238363577520606,0.00048218506398277025,-0.00032030150880627743
SIAD,SMBV,-0.0003301765341954374,-3.33088388330582e-05,-0.00032073243830325616
ALA,BDU,-0.00038109221218742055,0.00010135842142109492,-0.00032092319190376526
OLQD,RIS,0.00011234513418975985,-0.0012159444483915015,-0.00032337634657227874
AVF,SIBD,-0.0005989587080646391,0.0006655521378443163,-0.00032598353021674064
PVQ,SIAV,-2.5554703306391295e-05,-0.0008605581890473604,-0.00032718665064148907
AIY,FLP,0.00147922354316463,-0.004858213119254319,-0.00032777111471224055
ALM,IL2D,-0.00043651426161261746,0.00022611908370007781,-0.000328822418133066
SMBD,URAD,-0.0004376391182050014,0.0002234287320000938,-0.00033082322273165007
IL1V,PVP,-0.0002014845931162716,-0.00040484113416698234,-0.0003312293601202803
DVC,RIR,0.00035609677915251245,-0.0018876314645050623,-0.00033197350284457365
BWM06V,CEPD,-0.00018667102772762284,-0.00044729862322164557,-0.0003323287096330749
AIZ,RID,-0.0006448942180364222,0.0007681123364063935,-0.000332828547611521
AFD,RIF,-0.0002310848903973341,-0.0003331732907660559,-0.0003336740042273396
RMED,URB,-0.00023383005256979916,-0.0003397512116957859,-0.00033856119113370833
AUA,SIBV,-0.000282303990710684,-0.00021309191259690193,-0.0003392889603815153
PVC,RIH,-0.00030530540270410825,-0.0001693940903216003,-0.00034541505558566347
ALA,IL2D,-0.00041657101438548333,0.00012560268678170108,-0.0003455818632513615
RIM,RIP,-0.00019768442761150109,-0.0004589855024518144,-0.0003467541441980409
AVH,RMDV,-0.00041975374096005723,0.00011164115982613338,-0.0003534806171693645
IL1L/R,RIV,0.0003723728164084825,-0.00199663930375174,-0.00035515737724988177
FLP,SIBD,-0.00034016560611730556,-0.0001200679356313199,-0.0003606556445619162
RIR,RMDD,-0.0004415828276118513,0.000148773964499382,-0.0003608231917103357
BAG,RMH,-0.0004307998920379535,0.00011457908508471589,-0.0003627827386738214
RIM,RMED,-3.1785099967433645e-05,-0.0009515893908423285,-0.0003650978632069679
DVC,RMEV,-0.0004002428450066397,2.606336593548148e-05,-0.00036538012636936446
BWM04D,SIBV,-0.0005467923260377052,0.00040189991853128266,-0.0003700782164400728
RIH,RMG,-0.00022252189193975856,-0.00045968757286437954,-0.0003702455741133235
CEPD,RIF,-0.0001505175849033304,-0.0006527379910176532,-0.00037089408828410646
CEPV,RIF,3.7054936739603686e-05,-0.001151127706914986,-0.00037099405923973034
AIB,BDU,-0.00021141023847382625,-0.0004918751071004648,-0.00037119007872988457
RIR,RIV,0.000461527442084605,-0.002283249014668998,-0.00037272731412465397
AVA,URAV,-0.0003774199616199947,-5.619389278975756e-05,-0.00037300993147506846
BWM03V,BWM08V,-0.00020059749271643078,-0.0005332598720162778,-0.0003756555331109384
AVD,AWA,-0.00021728403841215216,-0.0004911304010477487,-0.0003764246001139957
PVT,RIV,1.8025257319780244e-05,-0.0011231020084687706,-0.0003789262806745817
AWA,RIH,-0.0001521878442444736,-0.0006802155160110468,-0.00038214061352640015
ASJ,URYD,-0.00022806605508654865,-0.0004872181843522742,-0.0003851361803867565
CEPD,RIM,8.365858108494536e-05,-0.001318082536502667,-0.000386217241081475
IL2D,PVQ,-4.514756982965165e-05,-0.0009779129664569904,-0.0003868798166171274
BWM08V,RMDV,-0.0007361669218357819,0.0008482780560518845,-0.00038999423465072025
AQR,URX,6.768121043821051e-05,-0.0012923977854889964,-0.0003921179542626843
AVH,PVR,0.00022451431444346772,-0.001711842617071072,-0.00039316408940059087
CEPD,SAAD,-0.000494759216412578,0.000192612998237568,-0.00039513861704304595
BWM02V,PVR,0.000394937659458348,-0.002182563756734154,-0.0003995622773641328
AVL,CEPV,0.0002262199148803744,-0.0017378584762525022,-0.0004007362246396836
AVD,RIH,-0.0002944856299161744,-0.0003674670362398366,-0.0004050927985897487
ASE,RIH,-0.0002528169294189282,-0.0004881702896251563,-0.00040863469090185277
AVJ,RIR,-0.00039737853429455417,-0.00010625346613141801,-0.0004093296743030833
RIP,SMBD,-0.00033547006706142134,-0.00027194845540143904,-0.0004097859339921361
SIAD,URYD,0.0003369562735555922,-0.002072138946382316,-0.00041490877791572047
AQR,RIF,-0.0004948794668042733,0.00013184901105951029,-0.0004166651379818438
AVD,IL1L/R,-0.0002735354642015994,-0.00045718456329478307,-0.00041710426816617195
IL2D,SAAD,-0.000604537360403876,0.0004117919512009494,-0.00042063253053565165
AVB,URAV,-0.0002565935342187645,-0.0005153072950615774,-0.00042173242523629373
ADL,RIV,-0.00023882910900445864,-0.0005722791208865169,-0.0004251852608540811
RIC,URYD,-0.0006952149197390941,0.000628157864748572,-0.0004292426115056634
AUA,AVD,-0.000895383384997078,0.0011571577770274457,-0.0004301430746235284
RIS,RMEV,-0.0005222023983147202,0.00016212263151066202,-0.000431566360482158
RID,RMF,-0.00019041946053250148,-0.0007192347648812858,-0.0004316703412695428
BWM04D,RIF,-0.0005271683011345225,0.0001745913196786288,-0.00043181955388674805
AQR,AVF,-0.0005136460251221754,0.00013661352452408435,-0.0004325486499572487
ASH,URYV,-0.00028795582261175617,-0.0004662048144575752,-0.0004337783341997206
DVC,SDQ,-0.00045204101139501376,-3.153630592031315e-05,-0.00043415401160679546
PVQ,RIH,-0.00024431943334938866,-0.0005854349627459773,-0.00043495963466681856
SIBV,URYD,2.339186426974824e-05,-0.0012965076608600977,-0.0004350142793102198
AVK,BAG,-0.0006612827986270318,0.000506883490287705,-0.00044022601149472243
ADA,IL2L/R,-0.00013906098697405594,-0.0008895108548247652,-0.00044361419444887025
AIM,OLL,-0.00035011516850344814,-0.0003303743311949775,-0.00044408148155070256
AVH,SAAV,-0.00047227579039907814,-9.854588131303504e-06,-0.00044544971693676863
ALN,AQR,-0.0005302152517390196,0.00014102041241195802,-0.000446501832213934
RID,RIS,-0.00025255491986678376,-0.0006051687255351674,-0.00044962119538592476
AQR,RMH,-0.00037158313347597716,-0.00029135888278172345,-0.0004504226351680779
OLQD,PVT,-4.591082771024748e-05,-0.0011602431897364657,-0.00045184954715161535
RIG,SDQ,-0.0005395473975882269,0.0001503787265980164,-0.0004519372859025082
AVH,SIBV,0.00026764691991108244,-0.001995858394889276,-0.00045288935976649757
RIP,SMBV,-0.00037834091499851913,-0.0002806165718170432,-0.0004529611457289633
AFD,RIH,-0.00027173052845802336,-0.0005677348778273839,-0.00045437443499943405
AVJ,AWC,-0.0003088055317721826,-0.0004732059810717474,-0.000455757724109315
PVT,RMEV,-0.0006085891455360797,0.0002987825975699337,-0.00046425027506041036
ALA,SDQ,-0.00041109551912746117,-0.00023737545424036232,-0.0004683756633889919
RIA,SDQ,0.00031364109723530745,-0.002162264515516998,-0.00046848953627836876
AVE,RMEL/R,-0.00046845077783234934,-8.660166666126548e-05,-0.000468916724382462
PVT,RMED,-0.0005402602859453459,8.005031891920793e-05,-0.0004773890447983831
ASE,BDU,-0.0004494920081409202,-0.000165463233243417,-0.000478966055986547
DVC,RMED,-0.0005612565931698365,0.000119649348595375,-0.0004830831386708233
AVM,BWM04V,-0.0005437523003880563,6.731474867280825e-05,-0.000485145201755831
AQR,RIP,-0.00033662871705888986,-0.0004955429911655449,-0.0004896677473967838
CEPD,IL1L/R,-0.00033453962326228316,-0.0005132382499734561,-0.0004939487092593201
RIG,SIAV,0.00045996318355145184,-0.002624958274015617,-0.0004946138125889713
AIN,AVA,-0.00023877626410877305,-0.0007939828061692513,-0.0005032669438363693
IL2V,RID,-0.00023059644064841737,-0.0008189963414443188,-0.0005044269797780602
BWM06D,SMDD,-0.0008142402839442344,0.0007238153347429819,-0.0005069209955640884
AVK,IL2D,0.00010112133029594275,-0.0017175086883003076,-0.0005106375646329926
IL2D,PVT,-7.801055614101886e-05,-0.001244386343308023,-0.0005115430051407646
DVC,RIA,-0.0003503046619879086,-0.0005327689772592206,-0.0005155852099385009
AVE,RIH,-0.0001442405905500496,-0.0010809265157704878,-0.000515918760383045
RMF,SIAV,0.00037703058690629764,-0.0024693754396192375,-0.0005173965240692471
BWM07D,URAD,-0.0006185844603621896,0.00016452381448061763,-0.0005209188042495898
BAG,SIAV,-0.00024124630760465345,-0.000847594204540419,-0.0005244718451038302
IL1D,IL1D,-0.0006292084565344462,0.00017913415485908466,-0.0005257123499441563
AWA,IL2D,-0.0001966430681877254,-0.0009985447402747778,-0.0005359269831604722
RIR,RMEV,-0.0006613894881947877,0.00022578786255091754,-0.000539387453575007
BWM04V,SMDV,-0.0005450940701641827,-9.56675129844229e-05,-0.000543837867188986
PVQ,RID,-0.0015291639677509333,0.002517094742015052,-0.0005440046207151592
AVB,URYD,-0.0004377234751525961,-0.000391633681593105,-0.0005476578162067667
AIN,IL2D,9.810758030984663e-05,-0.0018325764460380709,-0.0005540092765976587
PVR,RMDL/R,2.0876047453959226e-06,-0.001579114530682746,-0.000554545937292418
ADF,RMG,-3.5478449873806794e-05,-0.0014952209035260786,-0.0005601367755606152
AFD,OLQV,-0.0003900296137972142,-0.0005613988441551687,-0.0005628511204530268
AVH,RIH,-0.00043236739354656075,-0.0004654319544662276,-0.0005686527848615395
BWM05V,RIP,-0.0006156819583694333,1.9279968540098156e-05,-0.0005693882516267765
AUA,DVC,-0.00045723622674804474,-0.0004045690633638781,-0.0005704773126132885
IL2D,RIS,-0.000358718561030171,-0.000667146734893462,-0.0005708157075171842
AVL,DVC,2.356317709992972e-05,-0.0016827686368785899,-0.0005709771317205134
AVA,BAG,-0.00023255274565937706,-0.001005400502270038,-0.0005719489235405051
IL2V,SMBV,-0.00012823531068749367,-0.001313328024387273,-0.0005828414862966512
RIF,RIH,-0.00035164276762766965,-0.0007249754430954392,-0.0005845734195311276
IL2L/R,RIA,-0.0004341387142780784,-0.00050610313084855,-0.0005846434948123285
AVH,RIM,-0.0002453448785291385,-0.0010122528513611174,-0.0005863352275189274
ASE,OLQV,-0.0003366513283350497,-0.0007719797288122318,-0.0005871086544024311
RIG,RMEV,-0.0007189254129859603,0.00023407112088632697,-0.0005903130256596649
AVE,OLQD,-0.0009217462523214412,0.0007699543056369249,-0.0005912699483612569
RID,RIH,-0.00033216462286827017,-0.0007959284324973395,-0.0005913496156706186
BWM02D,RMDD,-0.0025291476090682904,0.0050302247585813625,-0.0005941758090462879
ADA,IL1L/R,-0.00041263291441594185,-0.0005947919082962075,-0.0005957724329036286
AVA,IL2V,-0.0004203128456292551,-0.000590176840475822,-0.0006013332491796061
OLQV,PVP,-0.0014816015007620652,0.0022124374491436162,-0.0006068585550305142
OLL,URAD,-0.0007707874695528709,0.00032391665128893223,-0.0006071851780850075
ALN,PVT,-0.00039880317479063746,-0.0006643681885957432,-0.0006073494901347858
AWB,PVQ,0.0006779078409288426,-0.003564676483894199,-0.0006218198318116686
RIG,RMED,-0.0007389636617773239,0.00019553781449083857,-0.0006226453330602384
ADA,ADA,0.000225125593342595,-0.0023648426241056186,-0.0006227173557224421
SMDD,URB,-0.0005739723830104344,-0.00024619766581466927,-0.0006239121848569826
BWM02V,RIM,-0.0003513807580755253,-0.0008419738790054504,-0.0006255599240151998
AVJ,OLL,-0.0005814776439652997,-0.0002315622254252357,-0.000625778232893661
AUA,URYD,1.684274399711262e-05,-0.0018264562774416787,-0.0006279037266217993
AVB,CEPD,-0.0005334870196686339,-0.0003654851445730964,-0.0006280625604831233
BAG,PVT,-0.0008181099118171026,0.0003822558993195241,-0.0006309121620969032
AIB,AVD,-0.00015734662331002672,-0.0013751969062026715,-0.0006318885203733485
AIM,RIH,-0.00038465021608528633,-0.0007746608852746973,-0.0006329730362865346
IL2V,RIM,-0.000516914068628399,-0.0004243469112847746,-0.0006332964696851749
RIH,RIM,-0.0006230456751399769,-0.00014790380400662743,-0.0006351971894962902
ALM,RMF,-0.0003021031506135823,-0.0010083001555396623,-0.0006380591814902784
OLQV,RMDL/R,-0.00013748564131129182,-0.001445629011131967,-0.0006381228741072479
AVA,URYD,-0.0002518338786814148,-0.0011505618432666542,-0.0006411497343799208
IL2D,RIB,-5.1535189978045563e-05,-0.0016900724208407613,-0.000643831491575376
AIN,IL1D,0.00019204036965917294,-0.0023403322800512267,-0.0006450422396470816
BAG,PVC,-0.0009100492539391581,0.000584239048852519,-0.0006457717409326142
AIY,AVE,-0.00012936078767470115,-0.0015037689412853161,-0.0006510085070562504
AVA,URYV,-0.0005883756371017454,-0.0002865049312348984,-0.0006515961770667816
BWM03V,IL1V,0.002265755759049067,-0.007886329617377674,-0.0006588449752495635
RIS,URYV,-0.00040776171264091685,-0.0007955674536810723,-0.0006619695447760726
AVF,AVK,0.00046153900318147214,-0.0031188638379541895,-0.0006671975569554305
ADA,IL2D,0.0024371270248543333,-0.008367546104021933,-0.0006680547473625764
RMDD,RMG,0.002117764836594878,-0.007522225757003222,-0.0006690267775067678
ASI,URX,-0.0007556975921732477,9.205787540732107e-05,-0.0006747733128724548
OLL,SAAV,-0.00022311111031907791,-0.0013337957412694326,-0.0006788435871225983
AIZ,RIF,5.7481414003625796e-05,-0.0020910459994989976,-0.0006831169497027986
ADL,IL2V,-0.0006952852452211208,-9.27819939955815e-05,-0.00068337660293046
AWC,CEPD,-0.00031271971505934516,-0.0011141811473611314,-0.0006853084171190804
DVA,RIH,-0.0006403785733850577,-0.00024546292522103027,-0.000685799140352471
AVF,IL2D,-0.00012755085970716503,-0.0016120060648081292,-0.0006874588046452407
BWM05V,BWM06V,-0.0003870678663175708,-0.0009274868510919413,-0.0006890933537979934
AUA,AUA,-0.00046356264055932606,-0.0007401257258510404,-0.0006946521975823988
PVT,SAAV,-0.0006735414213258741,-0.00018903863048932981,-0.0006969497951739459
RMED,SDQ,-0.000395303352834966,-0.0009472206138811314,-0.0007037549145170996
ALA,AVA,-0.000395303352834966,-0.0009472206138811314,-0.0007037549145170996
AIZ,AVJ,-0.00045605230918303776,-0.0007864076299663411,-0.0007039340120478759
URB,URYD,-0.0005240464661970842,-0.0006222702133110402,-0.0007097219214002297
ADL,RIA,-0.00044732838195909644,-0.0008312710208709698,-0.0007115801874556933
ADA,AWC,-0.0006658255754418998,-0.0002619610493299816,-0.0007154277288655009
CEPV,DVC,-0.0004957204305906399,-0.0007274068316199588,-0.0007202646012085458
ADA,URYD,9.962265767937594e-05,-0.0023105575743897697,-0.0007210378970255547
BWM04D,RMDD,-0.008520551447489479,0.02054926535968804,-0.0007320968416810264
ASJ,BDU,0.00020467974665086875,-0.0026227260843138893,-0.0007327328353189926
ASG,RIP,-0.00041177432586975626,-0.0009866881394595122,-0.0007330780359553123
AVB,RIH,-0.0005160844101663324,-0.0007203147966856116,-0.0007368228040140771
RIS,RMEL/R,-0.000620482670689246,-0.0004524733548911164,-0.0007401327149707108
AWC,RIH,-0.0005588727295172874,-0.0006187025287863883,-0.0007410566020279141
SDQ,SMDD,0.00014320215161674313,-0.0024868607940046316,-0.0007423857032460928
AVF,CEPD,-0.00039187867838636154,-0.0010690632550873806,-0.0007434888137665561
IL1L/R,SMBV,-0.0004974847333433047,-0.0008082051260250181,-0.0007503900391585776
AIM,IL1L/R,-0.0006373941030394804,-0.00043682196201170944,-0.0007504434451927089
BAG,SAAD,-0.0008502726412846611,0.00011307051128324354,-0.0007558757653925476
ASI,URYD,-0.0005503212465311073,-0.000698896769714919,-0.0007613151896870677
SDQ,SMDV,-0.0003663771283987213,-0.0012040745122690742,-0.0007672029682256038
AIN,RIM,-0.0004852795519219251,-0.0009048294509365131,-0.0007730194982299822
AUA,RIV,-9.336745329003416e-06,-0.0021701701294740156,-0.0007735327039632498
AWC,URX,-0.0003819058558240513,-0.001195445913346701,-0.0007786946212318144
AVJ,IL2L/R,-0.00019860893693877767,-0.00169213398710529,-0.0007821962128831709
CEPD,RMEV,-0.0009289552017160848,0.00024605564621328055,-0.0007826448131294477
CEPV,RIG,-0.00048327251944404976,-0.0009405986389417853,-0.0007837467343134652
ALA,IL2L/R,0.0004920629419723734,-0.003544805475513582,-0.0007887390214441016
BWM01V,RIV,-0.0006947312395643968,-0.0004352839843566821,-0.0008035601031651622
IL2L/R,RIG,-0.0005206930012828997,-0.0009028594762074692,-0.0008054667466682121
IL2D,SMDD,-0.0005028201774212122,-0.0009538396407904955,-0.0008067066019940592
ADL,OLQD,-0.0008310193570078015,-8.934004463513862e-05,-0.0008091896783580067
CEPD,SIAV,-0.0006603753461316313,-0.0005582350487685646,-0.0008147378044398216
BWM08D,SIAD,0.000586548542757675,-0.003871134437176517,-0.0008153175512764958
SAAD,URX,-0.0009727795727093183,0.0002672020390628168,-0.0008162053703690272
IL1L/R,SIBV,-0.001221680326536597,0.0009177870346548615,-0.0008198635954239529
ASI,OLQD,-0.0008325835062937062,-0.00014152503724674376,-0.0008290441201095708
PVP,URYV,-0.001134085731370752,0.0006560162166176299,-0.0008301399437732848
BAG,IL2L/R,-0.0004122249800009016,-0.0012758796824465586,-0.0008354144767606607
AVL,RMF,0.00014020835461014088,-0.002743053838329691,-0.0008354730494932847
FLP,SAAV,-0.0012552039561143631,0.0009515473353104922,-0.0008393389594063954
BDU,BWM03D,-0.00099967667254961,0.00026588223590171255,-0.000841841996153355
DVA,URYD,-0.0005630617034115376,-0.0009040795256791192,-0.0008455472363910967
RIV,RMEV,-0.0004776582180089173,-0.0011445582417730338,-0.0008503705217081622
BWM01D,SMDD,-0.0012171046823970183,0.0008187850621885211,-0.000850471029789601
RMDV,URAD,0.001615607895434848,-0.006709587636422526,-0.0008525839479203263
AIA,RIH,-0.0004970708603802806,-0.0011028548613486364,-0.0008538409516896892
BWM02D,BWM08V,-0.0004831485423538474,-0.0011577140836324944,-0.0008601448955208998
AVH,URYV,-0.0006826615350879232,-0.0006631069184630669,-0.0008725523701619849
ADL,IL2L/R,-0.0005197511542481573,-0.0010994011181820536,-0.0008738490444497294
ASK,URYD,-0.000410178464679767,-0.001397441919201125,-0.0008763393010299035
AIN,ASE,0.0018501490100638687,-0.007412651121512248,-0.0008808581891299661
AVH,URAD,-0.00027239085507690816,-0.0018004585374022627,-0.0008894195560292791
CEPV,RIH,-0.00042620348772313716,-0.0014096397580206604,-0.0008956349055311873
SMDV,URAV,-0.0010466911058127342,0.0002140124463550117,-0.0009041197678441226
ADF,URYV,-0.0006058629905487212,-0.0009766000437498896,-0.0009111597309465036
RMDV,SAAV,-0.0015773843403358828,0.001601170611273468,-0.0009119144666755838
ASJ,SAAV,-0.0008985384741097561,-0.0002073403373551066,-0.0009139618638254804
RIP,SDQ,-0.000681752905791869,-0.000789733284518885,-0.000916326741322783
ALA,SAAV,-0.0005260812872679503,-0.0012073827661924505,-0.0009178271429466552
IL2D,PVC,-0.001095147293916241,0.00030124454609756603,-0.0009187255615022067
FLP,RIP,-0.0010990920322506764,0.00029232356322895467,-0.0009255610896934677
AVM,BWM01V,-0.0010838180723708247,0.0002480620090622602,-0.0009268653564162507
IL2L/R,RIF,-0.0011139472536388316,0.0003031508400443041,-0.0009356476041342702
AIZ,FLP,-0.0008905113419412356,-0.00029681434565471807,-0.0009379814679651602
ASE,AVJ,-0.0009410326799947713,-0.00016295447916806865,-0.0009380877162001314
AVJ,URYV,-0.0006917317174821712,-0.0008258146456830406,-0.0009383808809195389
AVL,SMBV,-0.00048603483561832447,-0.0013781414135413898,-0.000940527352117855
BWM04V,RIV,-0.0005664707940862341,-0.001193474353435179,-0.0009507239547018152
AIN,ALM,0.0005870443506044844,-0.004281008603399469,-0.000959298308789999
AVH,CEPD,-0.0007784507322117086,-0.0006717657334307916,-0.0009652476652852284
ALA,AWC,-0.0002817134063964075,-0.0020035512129193424,-0.0009697164032657945
RIH,SIBD,-0.0007097995559661584,-0.0008999897649227857,-0.0009814298084792064
AIB,AVJ,-0.0008791540177395721,-0.00045300428128874004,-0.0009823960522581771
AVK,OLQV,-0.0004650082539500967,-0.001561461081108515,-0.0009854538673357057
BWM01D,PVR,-4.138855546993728e-05,-0.002691691197012598,-0.0009873187375390251
DVA,IL2D,-0.0006764716761186707,-0.0010124348559232834,-0.0009898671351428944
ASH,ASH,-0.0002617185163700062,-0.0021543782158096785,-0.0010041576023556128
ADE,IL1V,-0.0010097744213217747,-0.00020223932603965865,-0.001016263785515598
AIA,RID,-0.0006330157230538799,-0.0012029000972006386,-0.0010163214291131347
AFD,RIR,-0.0003394380911931623,-0.0020100689673477495,-0.0010260346865017184
RMEL/R,SMDV,-0.0009734964092666128,-0.0003330326777245293,-0.0010284064017189417
ADA,ASE,-0.00022015274632346572,-0.002352436107049034,-0.001035056558584378
ASI,RID,-0.0004877664763734845,-0.0016596273499247234,-0.0010413470459234536
RMG,RMG,-0.0005874647049075189,-0.001407675078962237,-0.001045857997962912
ALN,OLQD,-0.001201164810134556,0.00022136500994989448,-0.0010460920441745243
AIY,AIY,-0.0001932622026117415,-0.002472174554536911,-0.0010520885023118038
AVF,CEPV,-0.001779324139483342,0.001731650909307157,-0.0010549158946724741
AIM,AVB,-0.00030571939998955236,-0.0022451674320103994,-0.0010773308495870238
CEPD,CEPD,-0.001219859141905176,0.00017601608756842457,-0.0010795685617221498
AIA,AIA,-0.0004576764997644514,-0.0018628819962657934,-0.0010848169648080483
PVC,RIP,-0.0007772665772679982,-0.0010326532811705217,-0.001091320742805818
AVK,URYV,6.688700235879338e-05,-0.0032775216249706644,-0.0010924435539225825
ASI,AVJ,-0.0004143726226093037,-0.002022905592886371,-0.001100685563829117
BWM01V,RMDV,-0.0063909059363466535,0.013773750504116035,-0.0011268549379915322
AVD,OLQV,-0.0007814705419658552,-0.0011334497544390227,-0.001130776932765706
ADF,AVA,-0.0006123544746809313,-0.0015859010787248116,-0.001131960019489823
ADE,IL1D,-0.0007650754000504282,-0.0011873721900279087,-0.0011344365619573198
PVP,RIP,-0.0006701470820216507,-0.0014587646619666258,-0.0011412404745488845
ASH,IL2D,-0.0010421341384950194,-0.0004724802814411125,-0.001141783733804221
AIZ,IL2D,-0.0010149102573303874,-0.0005453148205841383,-0.0011419742044344045
RIS,RMED,-0.00038074828796481685,-0.002248026038504501,-0.001148553651929563
DVC,RIB,0.00019841094169030987,-0.003787657638111821,-0.001149135839890091
OLL,URX,-0.002949305695862133,0.004546148630322968,-0.0011579730166600074
PVQ,URYD,-0.0005893401477076228,-0.001785204691782061,-0.001180659254918895
RIP,SIAV,-0.0013884355826079794,0.00032607128155801946,-0.0011844486276454689
BWM04D,SIAD,-0.0008381206660557872,-0.0011410543554186017,-0.0011864726122131036
AVJ,SDQ,-0.0015643500271005145,0.000760041567162676,-0.0011961407148168392
IL2D,SIAD,-0.0010428428776146476,-0.0006254127710863926,-0.0011963423160785173
AVL,IL2V,-0.0012535642789940058,-8.388805958357656e-05,-0.0012027047943682144
AVD,AWB,-0.000864399613537739,-0.0011263478497651712,-0.0012058828726743583
AVB,URYV,-0.00016227657905908274,-0.002994065439550746,-0.0012070116103295992
BWM05V,RIV,-0.001155231203849354,-0.0003713595249744921,-0.0012119888201364466
DVA,RIF,-0.001209096778308722,-0.0002679936923996602,-0.0012259712316073927
RMEL/R,SMDD,-0.0009027712785378326,-0.0011045721417613664,-0.0012341187649323004
ASH,AVA,0.0034458595951375503,-0.01265884021548763,-0.0012363430741919419
AWB,SIAV,-0.000964523631297932,-0.0010271113309350541,-0.0012646112288080835
PVP,SIBV,-8.247079801610859e-05,-0.0034175865453571863,-0.0012815798940398928
AVM,SMDD,-0.0007216503715819501,-0.0017240721326162972,-0.0012829372138806214
CEPD,RIV,-0.0010133020592949593,-0.00095467615217709,-0.001284733208081088
PVP,SIBD,-0.0010313472976459703,-0.0009414868976187933,-0.0012969726929242483
RIV,RMED,-0.0007642610297973545,-0.0016866805230816107,-0.001309636907824252
AWB,AWB,-0.00036379637873964446,-0.002753671821608081,-0.0013108851623027014
ADE,RIR,-0.0012854027968441006,-0.000315847909368956,-0.0013142462429921416
ADE,URAD,-0.0015630303775223185,0.000415716424089418,-0.00131625019288066
AIN,SDQ,-0.00022384480909197913,-0.0031623643449045836,-0.0013239405461576879
AIY,RIG,-0.0009735760010833457,-0.0011732366511963787,-0.0013245792231626672
AVM,BWM08V,-0.0015906457552170592,0.00042306123723587403,-0.0013395054966418023
AVM,RIP,-0.0012713494740415952,-0.0004292063496078196,-0.001341043439065388
IL2D,URB,-0.001613388639564872,0.00046142930412655013,-0.0013472679222176725
ALM,BWM06V,-0.0014697493429152407,2.9114137623497792e-05,-0.0013651970794035372
ADE,AVL,-0.0007742334609471904,-0.0018253637892047757,-0.0013678432643241948
IL1V,SMBV,-0.001589761822785999,0.0003227018368126138,-0.0013740461746766307
AIN,SIAD,6.164890428092562e-05,-0.004081398340512611,-0.001380641758814637
BWM06V,BWM08D,-0.0007768808948076069,-0.0018615516231136131,-0.001383073894502356
BWM04V,RIM,-0.0006215772299425766,-0.00228038587160005,-0.0013853361702087623
ASH,URYD,-0.0009320522975164385,-0.0014860239600497519,-0.001395949621561863
PVT,URYV,-0.0010635711213984682,-0.0011492852914456154,-0.0014003599303211041
AVL,RMDD,-0.0012825616278837448,-0.0005787922802435985,-0.0014042522182352124
BAG,URYD,-0.0005128122814580132,-0.0026376121945004575,-0.0014094400614963096
ASJ,AVH,-0.000576849530609437,-0.002478407176767641,-0.0014132631580042933
ADE,URAV,-0.0016845380393791774,0.0004480336019338249,-0.0014185735294296867
ASH,RID,-0.0009911418961835753,-0.0013949194807075266,-0.0014191419623266228
AIM,RIR,-0.000864568427696092,-0.0017431240329460072,-0.0014234004587191128
AWB,RIC,-0.0017084381378838962,0.0004823179593812234,-0.0014288580778701436
RMED,SMBD,-0.001048396288356071,-0.0012993548835327452,-0.0014390450336300429
AVH,SDQ,-0.0022069700688126894,0.001725693403714394,-0.001457225608307971
IL2V,RIR,-0.0015103873922759027,-0.00021541103618506185,-0.0014894017002881226
BWM07D,IL1D,-0.0017839533990802435,0.00047447492926106714,-0.0015022926229697991
AVB,URB,0.0001885371371621654,-0.004766249815599548,-0.0015032442494784454
AIM,PVP,-0.0009549858040187764,-0.0017553693647040154,-0.0015123324964858111
RMEL/R,RMF,-0.0011911314814656623,-0.001188127098339427,-0.0015334249646832905
BDU,BDU,-0.00390236718191408,0.005973104098962137,-0.0015470137776782008
SMBV,URAV,-0.0013103228439336032,-0.0009147054411291401,-0.0015486123856558803
AIZ,URYD,-0.0012032970847260318,-0.0011996739023605546,-0.0015488793185273115
RIH,URYV,-9.275031467162784e-06,-0.004372811130094303,-0.0015497130479310921
BWM06V,URAV,-0.0005264489309884843,-0.003016195841342787,-0.001555619437190113
ASH,RIH,-0.0009895029274601002,-0.0018123089641302764,-0.0015647013899934066
AVL,IL2D,-0.0006373563954701503,-0.0027809907415610484,-0.001576522405808614
FLP,SIBV,-0.0012964542716757098,-0.0010875577941845574,-0.0015965488747899646
IL2V,SIBV,-0.0006879412530539097,-0.002711045118986699,-0.0015992122733766388
BWM02D,BWM05D,-0.0009729811085920513,-0.001989859064818206,-0.0016118103968383343
IL2D,SMDV,-0.001453717767270987,-0.0007172863505346799,-0.0016132348332060483
AIM,IL2L/R,-0.003226900966258173,0.003953150104166313,-0.0016267391638966522
RMDV,SMBV,-0.003277415236245415,0.004085983965121823,-0.0016272003746355304
SIAD,SIAD,0.0017886066156983596,-0.00941743722890966,-0.0016449638902642592
IL2V,URB,-0.0019652804901011053,0.0005378382401272354,-0.001649656616968026
AWB,SIBV,-0.0019147900105633722,0.00038408018826171044,-0.0016565916156573368
AVM,BWM06V,-0.0019523358346255188,0.0004357687320222533,-0.0016735129934170887
AQR,RID,-0.002628764737229514,0.002218633527719145,-0.0016782417168931755
AIN,ASI,-0.0021319650939897227,0.0008174905374489113,-0.001707094585329931
SMDD,URAD,-0.0013686233464314315,-0.0012165403095985032,-0.0017095429708386357
AVF,URAD,-0.00040752696573539976,-0.0037751658669708398,-0.001711797417453421
ALN,AVK,0.0001769941655239752,-0.005329881935845553,-0.0017126776524210093
BWM01V,PVR,0.0019667802600268794,-0.010189865567271646,-0.0017504343723057387
BWM05D,IL1D,-0.0011211373872530123,-0.002000172817572177,-0.0017540963730069282
IL1V,SMDD,-0.0013748512722030887,-0.0013622353873775934,-0.0017667161011762015
AIN,URYD,-0.0005823386680399959,-0.0034942454438197136,-0.001776394185195138
AVH,OLQD,-0.001259014844017043,-0.00175490966457421,-0.001796694485246967
PVR,URAV,-0.0008512655110304002,-0.002870397335304157,-0.001808216133161753
AIM,RID,-0.0020935742592582073,0.0004148483473408221,-0.0018130628410233127
AVF,OLQD,-0.0013026074420174202,-0.0017491659734031853,-0.001835466242683625
AIM,AQR,-0.0018279007060122482,-0.0003792085211860056,-0.0018442691524388317
SAAV,URYD,-0.0008149377631207514,-0.0030735373757666356,-0.001845808077741488
BWM03D,SMDD,-0.001412352579669693,-0.0015014396577801273,-0.0018508688215175594
BWM06V,SMBV,-0.0016081395817938604,-0.0009820722161094555,-0.0018510635177031744
ALM,BWM04V,-0.002882305422801745,0.002339563075695702,-0.001872899368732818
IL2V,SIAD,-0.0010571694086676745,-0.0025219729872353164,-0.0018781211467177694
RIS,SDQ,-0.0011288024936205285,-0.002341912437039686,-0.0018817030174103325
BWM06D,PVR,-0.00034301357986036586,-0.004439998671727091,-0.0018857182551174298
AWB,SMBD,-0.0005033182601024009,-0.004016447878622622,-0.0018864739845749613
IL2L/R,PVP,-0.0019449681826291582,-0.00033774173576679793,-0.0019392127292003172
DVC,URX,-0.0016161840072202189,-0.0012184266411547245,-0.0019418860919300054
BWM02V,BWM05V,-0.0019365380035051315,-0.0005420508175922569,-0.0020033244528797328
BWM07D,RMEV,-0.0020001423166159595,-0.00041696902337596376,-0.0020187678370510898
AVB,CEPV,-0.0014283441967581421,-0.001957628383171752,-0.002026601076737176
BWM06D,RMEL/R,-0.0017447827097969507,-0.001145008898913387,-0.0020363611916316493
IL2D,RID,-0.0015624535524757434,-0.0016299983398988282,-0.002036645714131263
ALN,BWM04D,-0.001957761427771437,-0.0005858282623337268,-0.0020386140001845106
AIN,ALA,-0.0016388736932117307,-0.001456895799079164,-0.002047159615123891
ASG,RID,-0.002771600266000766,0.001511445715037365,-0.002061135387711712
RMEV,SMBV,-0.0012334327293006576,-0.0026058246978412146,-0.0020726266431147088
AIN,URYV,-0.002512205344583201,0.0007508002130840232,-0.0020864429426505054
AVF,URYD,-0.0020085831034457676,-0.0006647242246519492,-0.002113979119448343
AVJ,IL2V,-0.0013252056527612256,-0.00249852079495813,-0.0021206966246333004
AQR,RIC,-0.0003035832173735257,-0.005225410857887853,-0.002125606584025465
BAG,RID,0.004894424422934118,-0.019050300838585697,-0.0021331414882027155
RMDL/R,URB,-0.0025662840008982175,0.0007364814261402599,-0.0021420982900664585
BWM02D,RMF,0.002687853476626911,-0.013232545188520206,-0.002147899922035605
ADL,IL1L/R,-0.002106394383222386,-0.0005046988726664077,-0.0021491203705237055
IL1L/R,RIS,-0.0017203689023628154,-0.0015340191046830465,-0.002150605694568921
BWM01V,RMEV,-0.00025850768108295934,-0.005436145335688601,-0.0021576883306572083
RIB,RMEL/R,-0.0018431500432622577,-0.00125721527293491,-0.002167960670585188
AVH,IL2V,-0.0012190512763801695,-0.002926728379919974,-0.002172258286270719
RIS,RMF,-0.0016226323294602234,-0.0018755462826512844,-0.0021794978596404754
FLP,RIM,-0.002491869100022616,0.00040661892307041413,-0.0021887051437859107
AVB,FLP,0.0009445736498146857,-0.00893257369681647,-0.002263975800774173
BWM05V,RMDV,-0.016254624981712682,0.036687617465373475,-0.002282633147192487
ALA,ASG,-0.0022925289272546726,-0.0004206947439864673,-0.0022937093133168188
DVA,IL2L/R,-0.0019660521100296796,-0.0013352400172698701,-0.002310474820188563
AIM,URYD,-0.0023547059421325568,-0.00032437421422414276,-0.002317952795376849
IL2D,SIBV,-0.0019563383835497234,-0.0014052161704602743,-0.0023260447470563376
BAG,DVC,-0.002276377475703843,-0.0006052906001632399,-0.0023436479383981542
DVC,RIH,-0.0018536246855295248,-0.0017756292128787068,-0.002360458833613671
ADE,RMH,-0.0008736988120216949,-0.004436316987081556,-0.002381059792786061
BWM02V,BWM08D,-0.001936342299562916,-0.001687771409002752,-0.002406907498271295
AIN,OLQV,-0.0018059401573701959,-0.0020660196174527015,-0.0024181707086437087
BWM06V,RMEL/R,-0.0012997980194317247,-0.0034182274037093782,-0.0024210350772495256
ADL,URYD,-0.002339096652379121,-0.000768896371508976,-0.002460000062817598
ADF,AVD,-0.0021902694887092396,-0.0011778566354607371,-0.00246484362339573
BDU,BWM05D,-0.002927230035642505,0.0007785501935243515,-0.0024650621986810946
BWM02V,RMDL/R,-0.001776439745285406,-0.002304830496180394,-0.002474722827175467
OLQV,URYV,0.0018680398204285336,-0.011992619683259166,-0.0024781530823499765
ALM,AVH,-0.002025942862409377,-0.0016668661652660263,-0.0024833924500683004
BWM04V,RMF,0.003632682141890374,-0.01671014574638674,-0.002489236651384143
AIM,PVC,-0.0019926395617832797,-0.0018953854946167645,-0.0025327587851054828
OLL,URB,0.00019971239502783878,-0.0077314858813680365,-0.0025377720319906183
RIR,SDQ,-0.001792230243129554,-0.002448902233941496,-0.0025402729555337638
IL1L/R,SIAV,-0.002766851605754181,9.484677547592568e-05,-0.002555918473404052
IL1D,SMDD,-0.0024422379921441298,-0.0007822255480597057,-0.0025612217158605343
AIM,AIZ,-0.0008328694836146404,-0.00508961298018798,-0.002573079516224492
AIB,RIP,-0.0022906293580016264,-0.0012689334043340483,-0.0025908614708263417
BAG,SIAD,-0.0028342659943408344,0.00016391760117181935,-0.0025946664591696305
AVB,IL2D,-0.0023324013131636404,-0.0012145010113811107,-0.0026107708847536108
BDU,CEPV,-0.0023315003179420575,-0.0012387344696382363,-0.0026184678653245713
AIM,AVJ,-0.0009719005051095452,-0.004864584699082695,-0.0026238882066670762
AUA,OLQV,-0.0017919211763006875,-0.0027182163780213086,-0.002634893372705746
IL1V,SMDV,-0.0023974868845874514,-0.001146432763295773,-0.0026476927799388163
RMH,URAD,-0.0004731232894403877,-0.00629719892835029,-0.002661981230505585
BWM03D,PVR,-0.0031546937379108996,0.0007348495517439942,-0.0026933335691306463
BWM08V,RMF,0.002114645697495107,-0.013273604215957465,-0.002698803147401517
AQR,BDU,-0.0036480946815858452,0.0020223450474420044,-0.00270135083674768
BWM06D,BWM06V,-0.0015290553300630282,-0.0036639019578596547,-0.0027221631068473926
AVM,CEPV,-0.0019022953031249356,-0.0027511173475087266,-0.002749781135213278
AVB,IL2V,-0.002481396956280645,-0.0012549679179165623,-0.002764468722396802
AUA,URYV,-0.0024024546599766394,-0.0014684519712100921,-0.0027658254227671047
BWM06D,URAD,-0.0011919212431322028,-0.004713826731190589,-0.002776664483895749
PVP,PVP,0.00016106419445291846,-0.008329063220338159,-0.002784534439687099
IL2L/R,URYD,-0.001615213652928455,-0.003663286477986943,-0.0028025770215695136
RMDV,SDQ,-0.000975536165413836,-0.005426219777377876,-0.002825217811067364
DVC,URYV,-0.001803402040622017,-0.003231464223003816,-0.002826512607248265
BWM01D,BWM06D,-0.0012561334199715133,-0.0046890545341350415,-0.0028280270844747244
BWM05D,URAD,-0.000712206827616593,-0.006193720376542102,-0.002849259184502034
ADF,RIF,0.0016989984562298009,-0.012697748976087811,-0.002884845899683744
CEPV,RMF,-0.0006647797423222898,-0.006484146877601112,-0.0029072247069462974
AVK,SDQ,-0.0031872059105682803,0.00018269095376365538,-0.0029183474775535275
IL1D,SMBD,-0.0027173182722849292,-0.0011194553881711082,-0.002937498154791791
DVA,IL2V,-0.002574888830064795,-0.0015394767074784221,-0.0029522270432030514
RMDD,SMBD,-0.0049199434267012225,0.004628400153592574,-0.002973197607856238
BWM01V,BWM01V,0.0007170910700373541,-0.01036428217224281,-0.0029814160707652784
IL2V,PVC,-0.002055258926070585,-0.0031021853858333283,-0.0030166520901047877
ADF,PVC,-0.0034738187983924577,0.0006182486363817501,-0.003033076707613354
AIY,DVA,-0.0023893597562394354,-0.0022629130607075016,-0.0030335485996552205
CEPV,IL1L/R,-0.002225982898033728,-0.0027993335747154443,-0.0030696944826708724
IL1L/R,RMF,-0.0011998275182206002,-0.005714906348803254,-0.0031368564450471783
ADL,SAAV,-0.0022747804495394882,-0.0029312441047432236,-0.0031618483292600065
FLP,SMBD,-0.002855086787037517,-0.0014202520343825039,-0.0031724325826972097
SDQ,SIAD,0.0033190715798353757,-0.01783146957935523,-0.0031778959343144843
IL2L/R,RIB,-0.0029044508306545,-0.0013152995203646594,-0.0031816430937011008
BAG,RMF,0.0011809611044184144,-0.012303875391103,-0.00323084250315685
AVD,RIP,-0.0027858972165266064,-0.0017697549519408926,-0.0032308510610831957
RIF,RIF,-0.002711755433182978,-0.0020563014437621546,-0.0032624484090277837
AVF,URB,-0.0019845699419926725,-0.004182306361932964,-0.0033311462458515883
ASE,RIR,-0.002663035529571081,-0.002403122654734225,-0.003339078251742634
ASE,RIP,-0.002941074975030802,-0.0016659631891389865,-0.0033394958489491545
AIM,OLQV,-0.003076930720436328,-0.0013886643306569542,-0.003368912171880353
BWM04V,RMDV,-0.007857354634391227,0.011268405301979693,-0.0033821381365586236
BWM04D,RMF,0.0037258282776592194,-0.01973426000723021,-0.003467801823587558
AIZ,IL2L/R,-0.002693139581033297,-0.0027467796701907965,-0.0034883599801919436
AWC,RIR,-0.0026778310485672864,-0.003034980836294229,-0.0035755992472022444
IL2V,PVP,-0.0020914786029002947,-0.00459534929821203,-0.003576757629771805
AIM,RIP,-0.00293110367523045,-0.002421344064253621,-0.0035963698804370257
IL1V,URAD,-0.004030112928137618,0.0004849813203992733,-0.003600646730671693
AVH,IL2D,-0.002599223382522011,-0.003437224928015674,-0.003643790496052411
AVA,IL2D,-0.0021677147608297333,-0.004599145163282246,-0.003649440550995543
AIM,AWC,-0.002475357201148505,-0.0038025653529179513,-0.0036566214877507305
AIA,AVD,-0.0019795141462514067,-0.005161931329394449,-0.0036716468348638822
AIM,ASE,-0.002807480259268212,-0.0029882740089451805,-0.0036804707182598595
BWM06V,RMF,0.00020699887635322898,-0.011017735725515263,-0.00368906835600089
RIP,RMG,-0.003055066718822848,-0.0023864149658433705,-0.0037000705998779517
BWM07V,RMEV,0.0020229152937269058,-0.016085322371058898,-0.0037755330350037466
AIM,URYV,-0.0034458959921432573,-0.0017728623826232374,-0.0038496025732764594
ADE,RMDL/R,-0.002260705685628869,-0.005004164986131818,-0.0038791996490898212
ADL,ADL,-0.0032682549563505955,-0.0024508291899024153,-0.003922282075195923
DVC,IL2L/R,-0.00318778425563673,-0.002671727934533057,-0.003924821455760233
IL1D,URAV,-0.004400221727648927,0.0003912273318534888,-0.0039800511943323645
AVL,SDQ,-0.002987464633175672,-0.0034252799746180523,-0.004002914497155709
AVD,URYD,-0.0026511251159024346,-0.004320879911992346,-0.004003773475448627
AVH,URYD,-0.0028984120658427552,-0.0036917911478459267,-0.004013496970008649
AIN,RMF,-0.0029168643902912693,-0.0036844213408988636,-0.004028168270011005
ALN,BWM06D,-0.0067272215742288435,0.006409482995853053,-0.004036853686980468
IL2D,SIBD,-0.003159038434651768,-0.0030782046124082597,-0.004041167268514793
PVP,RIC,-0.001774998158886923,-0.006770932822512517,-0.004047283762602312
AIB,AIM,-0.003897469115000147,-0.001173819018476601,-0.004061094591087632
ASK,AVJ,-0.0031572829675100143,-0.0031545029439792377,-0.004066412905249577
IL2D,RIG,-0.0028336916327888306,-0.004058945349285711,-0.004082318399490009
IL2L/R,URYV,-0.0032135278670541692,-0.003245117964903333,-0.004150983262398097
ADE,FLP,-0.016775906253772756,0.03275633980730656,-0.004155902677311081
BWM03V,BWM06V,-0.0023443684952851457,-0.005617544473989489,-0.004173657618038911
BWM02V,RMF,-0.0018098051475462713,-0.007134359244632509,-0.004207933695242072
AIB,SDQ,0.004396236320238634,-0.02362695952978784,-0.004212239703389076
RMDD,URAV,-0.0037349050793754634,-0.0020946584356793035,-0.004233475155123818
IL2V,SAAD,-0.003630199759289532,-0.00241965563768791,-0.004250020285228216
AVJ,IL2D,-0.0037346134931724043,-0.0022248141405810844,-0.0042790707657766845
BWM01D,RMED,-0.0037726385406340233,-0.0021362117885882115,-0.004283431736876425
URB,URYV,-0.004310227948530577,-0.0007992470101490749,-0.0043153689576321
ADA,RIF,-0.0009421743186135017,-0.00991265304819648,-0.004375071214969369
ADL,RIP,-0.0035814657263588583,-0.0035103575540984026,-0.0045887897226364995
RMH,URAV,-0.003476331422192587,-0.003972845737285313,-0.004653386922947242
IL2D,SMBD,-0.003632078453075597,-0.003636101983439475,-0.004680469280874335
BWM06D,RMF,-0.0014030626537015355,-0.009677696788356045,-0.004723589651909935
BWM02V,RMG,-0.004097698066553122,-0.0028441263678448845,-0.004837114907453729
ADF,RIP,-0.0035394161369210757,-0.004378885863271246,-0.004855518017708194
ASI,ASJ,-0.002885265693100297,-0.0061326747735844225,-0.004861391769959584
BWM02V,BWM06D,-0.0033481229630650624,-0.004930271059672962,-0.004870812302490533
BWM03V,SMBV,-0.004062088075864188,-0.003047539373215897,-0.004875474757618864
AIA,ALA,-0.003563808268731604,-0.004752853791434619,-0.005010136218746637
DVC,URYD,-0.003779835556219932,-0.004315445792653689,-0.0050581562081076295
BWM04V,BWM08D,-0.006169541366202318,0.001632255051689578,-0.005198506146289416
BWM02D,BWM03D,-0.002896672649344763,-0.007328961866766098,-0.0052936533689063245
BWM03D,RMDD,-0.016510069956008212,0.02855036351821444,-0.0053893595472841544
RMF,URB,-0.0022677863630746337,-0.009443352124503134,-0.005450250853552944
AVF,IL2L/R,-0.00540800764671282,-0.0011424567785698469,-0.005463671761057231
RIH,URX,-0.004048620472288676,-0.004775372884218919,-0.005471781201649334
AVH,IL2L/R,-0.004173783795243678,-0.004560950468632787,-0.005513349517666686
PVP,RIF,-0.0010058600007528313,-0.013186002040273651,-0.005588240047517587
BWM02D,RMDL/R,-0.004533563753016482,-0.004049201079730828,-0.005669700863435512
BWM04V,URAV,0.0004989506690540451,-0.017437671715670292,-0.005678312125575133
IL2V,RIG,-0.0040977239092548495,-0.005309710464798757,-0.005706041610020686
BWM01D,RMDD,-0.01024847151015095,0.010943494358207864,-0.0057343550646072605
BWM08D,RMF,0.0011935030710122341,-0.019569740410006982,-0.005779686419087237
ASK,BDU,-0.0026970839679077998,-0.009562815187816548,-0.005894107050120299
CEPD,RMF,-0.0020358453775089413,-0.01134114822898755,-0.005901997054477039
BWM03V,RIV,-0.004260556093514919,-0.005439531181565643,-0.005904177697247086
DVC,IL2D,-0.004588165687022954,-0.004613492385878615,-0.005919663077247853
IL1D,IL1V,-0.00466296814475949,-0.00448705349083547,-0.0059451079274950806
BWM02D,RMG,-0.003987713906408933,-0.006462279005446358,-0.006009268818546066
SMDD,URAV,-0.005228238644591567,-0.0032500643712958343,-0.006038183020200327
SMDV,URAD,-0.005022018329247871,-0.0038290853546515983,-0.00604924701263161
BWM06D,SMBD,-0.0034789935891156513,-0.008021466187474605,-0.0060826625261852785
ALA,ASI,-0.004841098147125939,-0.004518001752308856,-0.006122716514453571
AVE,SDQ,-0.0032868321300033847,-0.008651191008041946,-0.006124752089159361
AIM,URB,-0.0058225726156338415,-0.0021267828750301185,-0.0061985289924237205
ALM,RIP,-0.006657605457854879,7.1112343804033406e-06,-0.006227979287909746
BWM02V,BWM03V,-0.007766277636348732,0.0024845275186012347,-0.006392452041093612
AFD,IL2L/R,-0.005251396141000465,-0.0042899302068369945,-0.006426316503210096
BWM01D,BWM04D,-0.0022316133836863864,-0.012494094365685536,-0.006491518088905269
AIM,AVD,-0.00478652336163172,-0.005793657912903027,-0.00652120009125554
ASJ,RIP,-0.004880731526103987,-0.005607984750068357,-0.006543930777941058
ADF,AVF,-0.004236459174842471,-0.00761292778197114,-0.006647558729482025
BWM05D,RMED,-0.006145055462771091,-0.0025898825333456783,-0.006663524966942213
AVD,URYV,-0.005882346945006257,-0.003979542989315085,-0.00690740420734384
AWB,RIF,-0.00043744556822508483,-0.018550807740760237,-0.006946916651983121
BWM01D,BWM01D,-0.010020357156630261,0.006873514264034704,-0.006955187068091009
AWA,RIF,-0.0024304035084723816,-0.013460433340222028,-0.007018104671176239
CEPD,PVR,-0.007078664901418149,-0.0011350702016300132,-0.007024544525557342
BWM01V,BWM05V,0.012082562624687562,-0.052077626113613544,-0.0070454002321610806
ADL,AIM,-0.006176640181570099,-0.003641797141262162,-0.007063791159433599
ALN,BWM08D,-0.006280697914803064,-0.00351975288759232,-0.007118163133114313
BWM05D,PVR,-0.007876481383527303,0.0005781330026021086,-0.007167422794480712
ADA,AIA,-0.00535559822159896,-0.006372141314307922,-0.007257630582921242
ADE,RIV,-0.00487344874302089,-0.0077884678772847625,-0.007305544611583767
BWM07D,RMG,-0.00870436704938224,0.002315085103762978,-0.007330071745512085
AIM,AVH,-0.005837586136217224,-0.005391037205657669,-0.007362943164337198
BWM03D,SMBD,-0.005958199821321869,-0.005361197799430808,-0.007465303074952847
RMDL/R,RMF,0.0016390082300385587,-0.025542855393394702,-0.0074677627878596935
AWA,BDU,-0.006353405896331202,-0.004446542745095327,-0.007512818797626149
ADA,AWB,-0.005887842837664477,-0.005907331018978802,-0.007591924001142679
IL2D,RIV,-0.005889146411793316,-0.006001031420726284,-0.007626165131793867
BWM02D,BWM07D,-0.009229059225582311,0.0024546365535456443,-0.00777192251697379
AVD,IL2V,-0.0066891177676440105,-0.004605614578876574,-0.007883051896756902
BWM03V,RMEV,-0.006540913993039263,-0.005452347235860459,-0.008042755291743161
ALN,RMF,0.0005771778395723901,-0.024953512386018756,-0.008253779415991832
BWM07V,SAAD,-0.01269735560788659,0.010003727869651634,-0.008357315891643713
BWM04D,BWM04V,-0.012789505128689427,0.009929273366845896,-0.008469792233812144
BWM03D,RMED,-0.006642504342644035,-0.006516355928178665,-0.008512797994872975
IL2D,SAAV,-0.0075426570785011434,-0.004270034041653455,-0.008563569455762124
AVJ,AWB,-0.008237024789534851,-0.002566344573920144,-0.008612988490471468
RMDL/R,RMEL/R,-0.006826796009282568,-0.006464563145426733,-0.008667013969607378
AVF,AWB,-0.006925389260142709,-0.006358085837961815,-0.008721758021494212
AVD,IL2D,-0.008044555890137195,-0.003472330723330822,-0.008752148267172088
ADF,AVJ,-0.006831622841670474,-0.006838937130094611,-0.008803465186499828
BWM05V,RMEV,-0.0073328655275066625,-0.005718184510854807,-0.008877583372289142
RMEL/R,URB,-0.008324832445338912,-0.0030925586265410027,-0.00888060720801421
AWB,RIP,-0.006501070921057791,-0.007946775706360478,-0.008884535994438805
AVJ,AWA,-0.008344644258483734,-0.003053067441614818,-0.00888523080510644
ADL,ASI,-0.006657794223841912,-0.00787436007083677,-0.009005684509566767
RMF,RMG,-0.0011588693559665753,-0.022625696046722297,-0.009058098691900407
BWM08D,PVR,-0.006629314780747613,-0.009169030189535647,-0.00943529003202084
DVC,IL2V,-0.007469678031693117,-0.00843392898909699,-0.009962680790614133
RMEL/R,RMH,-0.008554249607599283,-0.005667674967936778,-0.010002809107621894
IL1L/R,RMH,-0.007958661429070528,-0.007410291970646464,-0.01005955093141868
IL1L/R,RIC,-0.009491181403371964,-0.0034924868692022904,-0.01011306849209519
ALN,BWM07D,-0.012062396977062696,0.003208214382372044,-0.010157916682866999
ALN,RIG,-0.008806875094028766,-0.0064769742031193156,-0.010524434474183608
IL1V,RMH,-0.007244954203131972,-0.011820218861565833,-0.010945744857156636
AIM,AVA,-0.008691838599943415,-0.008180006201853229,-0.011016947839742301
IL1D,RMH,-0.008640988130326929,-0.008529080290152606,-0.011092377745369229
AIY,IL2L/R,-0.009285929501218164,-0.0071940735383339074,-0.011225469774236581
AVB,RIC,-0.007607083280710215,-0.011754407908599149,-0.011261448868592584
RIF,RIP,-0.008522297904539568,-0.009676010689248381,-0.011385494661242302
AVH,RIP,-0.008509651287188764,-0.011921622050134337,-0.012165040778545345
IL1D,URB,-0.010379798390671113,-0.007608835897609923,-0.012395328691118309
BWM07D,RMED,-0.009499778792605884,-0.012119137720099309,-0.013161253425007832
IL2L/R,RIR,-0.012013084554425381,-0.005635835565041043,-0.013228521167058407
AIA,BDU,-0.011317579527258127,-0.007883042840888536,-0.01336958022015626
BWM01D,BWM02D,-0.0035669428633734062,-0.028832572713001374,-0.0134990623118586
BWM02D,BWM02V,0.0012295847636062864,-0.04215543293928223,-0.013705398661644646
BWM01V,BWM08V,-0.003921921920793593,-0.028545714123977852,-0.01373017507649653
URAV,URB,-0.011902452815585109,-0.00889353291952453,-0.014273040117680253
BWM01D,BWM07D,-0.006520128247580361,-0.023288601505182555,-0.014309021021298482
URAD,URAV,-0.014211454593758967,-0.003719620486432956,-0.014610556273484
BWM04D,BWM06V,-0.008307919281680197,-0.019483742535933497,-0.014641236295588592
BWM05V,BWM05V,0.00021232177115331985,-0.04220644652973562,-0.014675376756338005
RMDD,URAD,-0.013063763409582136,-0.007885744273354905,-0.015004689325600349
RMDV,URAV,-0.011645358281924447,-0.011818212824229606,-0.015063133131563737
BWM02D,BWM06V,-0.008686808235358993,-0.019973152788044544,-0.015168291811651469
URAD,URB,-0.012919062123210258,-0.009418947674986697,-0.015409591338891445
BWM04V,RMG,-0.01277658146292825,-0.010307967176017353,-0.015589553090658832
IL2V,URYV,-0.00716515037402208,-0.02553514910188257,-0.015704372946563606
ADE,RMEL/R,-0.01561977961732676,-0.003666960322218455,-0.015909971810923806
BWM01V,BWM07V,-0.004479123015560045,-0.033482971142028695,-0.015991579630512776
BWM05V,SMBV,-0.016358632291991335,-0.003226696084440522,-0.01644626864029976
BWM07V,SMBV,-0.012101581709704691,-0.015287048485569794,-0.016712548302791477
BWM02V,BWM04D,-0.005708664277209975,-0.03326163867811351,-0.01706423909859782
BWM01V,BWM04V,-0.0062373216702470615,-0.03199730639978306,-0.017113413936677774
AIM,AWB,-0.012286340828008184,-0.016049740792321344,-0.017154236420827935
BWM07V,RIV,-0.014575228789715082,-0.010742097823081628,-0.017425800861204387
IL1V,URB,-0.01486627952887077,-0.011656030020158747,-0.01802026025813607
ADF,IL2L/R,-0.014688513174298388,-0.013082985046009467,-0.018356775249858
BWM07D,PVR,-0.021950812325929908,0.005654620757129964,-0.01854979460937867
AIA,RIP,-0.01621825993105346,-0.010587565639592601,-0.018908963928621247
BWM02D,BWM04V,-0.010501273134564386,-0.026943483651888728,-0.0193227806686222
ASH,AVJ,-0.01458765694364195,-0.016976810485208375,-0.019634622011986826
ASG,ASJ,-0.007732356403230851,-0.037224999783895076,-0.020354838603658706
BWM01V,BWM02V,-0.01041052723798227,-0.03055158090927205,-0.020509394967300493
AUA,IL2L/R,-0.017008767624743057,-0.013546348266619707,-0.020691468251710515
BDU,PVQ,-0.015843115359822194,-0.01769973601226957,-0.021064304180573343
BWM06D,RMG,-0.010850886525321032,-0.03101620647931876,-0.021085242744418052
BWM04D,RMG,-0.014617839663998405,-0.02359710175135327,-0.021995941379489813
AWA,RIP,-0.018473812577249282,-0.013963237782523574,-0.022209439989493374
BWM02D,BWM08D,-0.01079018870603134,-0.03687066263546883,-0.023091622209553717
BWM01V,BWM06V,-0.013315341733716275,-0.0301789628876844,-0.023096535248626256
FLP,SDQ,-0.015893842937479176,-0.02704338537247316,-0.02440459562788457
BWM07D,SMBD,-0.020770143940583536,-0.015035131599863576,-0.02473619844985506
AVJ,RIP,-0.02090815334315606,-0.014805516588260473,-0.024784434642647433
BWM06V,RMG,-0.02787787384579062,0.00047099473160836745,-0.0259233785643173
ADF,AIM,-0.01954508770718126,-0.02703267712322064,-0.027817820298927546
BWM05D,SMBD,-0.024970743039135924,-0.014234254236149955,-0.02838506807800284
IL2L/R,URX,-0.02517523519827081,-0.01773533482250159,-0.029810265366057548
BWM04D,BWM07D,-0.04092046666806663,0.010883544120418713,-0.03445970911326081
ASH,BDU,-0.028630943967197786,-0.024566298258114405,-0.03545158893008086
ASK,RIP,-0.031023097853921426,-0.022566875142937325,-0.03698565209275349
ASH,RIP,-0.03211121010292006,-0.021572914248780196,-0.03765367208282202
BWM05D,BWM05D,-0.033115809355831145,-0.021889112563938433,-0.03870525327983349
BWM03V,BWM03V,-0.031273899881872416,-0.03163132332175145,-0.04041478820106112
BWM02D,BWM06D,-0.02605822096190045,-0.04606004142599916,-0.04061858207510145
BWM07D,BWM08D,-0.05092827954464064,0.01354530440469443,-0.04288743119629882
BDU,RIP,-0.04578829069203714,-0.024664079362356105,-0.0515426617346754
PVQ,RIP,-0.04712532245007533,-0.023348671427332515,-0.05233034981284646
BWM03D,BWM03D,-0.039440086956795226,-0.05568437218827048,-0.056533665561441356
AVF,RIP,-0.05316726436814218,-0.02495166654286322,-0.058549585099304205
BWM04D,BWM06D,-0.06819951993848054,-0.06662738298978547,-0.08730448423655214
BWM06D,BWM07D,-0.11135624901627203,0.029617224531769775,-0.09377468688643062
BWM04D,BWM08D,-0.054667002775523485,-0.14297883979742834,-0.10154735207290748
BWM07V,BWM07V,-0.19490024875483575,0.037377943515432596,-0.16922392975437414
