,connector_id,x,y,z,pre_skid,pre_node,post_skid,post_node,pre,post,pre_pair,post_pair
0,6374694,8055.0,22945.0,5340.0,1615919,6342547,1615711,6339169,ADAL,AVAR,ADA,AVA
1,6374694,8055.0,22945.0,5340.0,1615919,6342547,1615601,6336613,ADAL,RIML,ADA,RIM
2,6374694,8055.0,22945.0,5340.0,1615919,6342547,1616066,6345304,ADAL,AVBR,ADA,AVB
3,6374698,7657.0,22971.0,5130.0,1615919,6342554,1616008,6344242,ADAL,AVHR,ADA,AVH
4,6374698,7657.0,22971.0,5130.0,1615919,6342554,1616087,6345513,ADAL,AVBL,ADA,AVB
5,6374698,7657.0,22971.0,5130.0,1615919,6342554,1615601,6336620,ADAL,RIML,ADA,RIM
6,6374684,6143.0,20469.0,4380.0,1615919,6342617,1616087,6345537,ADAL,AVBL,ADA,AVB
7,6374684,6143.0,20469.0,4380.0,1615919,6342617,1616337,6349564,ADAL,AVJR,ADA,AVJ
8,6374682,6111.0,18043.0,4680.0,1615919,6342642,1615267,6330918,ADAL,AVAL,ADA,AVA
9,6374682,6111.0,18043.0,4680.0,1615919,6342642,1616337,6349545,ADAL,AVJR,ADA,AVJ
10,6374682,6111.0,18043.0,4680.0,1615919,6342642,1616087,6345551,ADAL,AVBL,ADA,AVB
11,6374692,7334.0,22245.0,4290.0,1615919,6342581,1615711,6339134,ADAL,AVAR,ADA,AVA
12,6374692,7334.0,22245.0,4290.0,1615919,6342581,1616573,6354051,ADAL,RICR,ADA,RIC
13,6374712,10915.0,21274.0,3750.0,1615670,6338190,1616066,6345414,ADAR,AVBR,ADA,AVB
14,6374712,10915.0,21274.0,3750.0,1615670,6338190,1615040,6326271,ADAR,RIPR,ADA,RIP
15,6374699,11741.0,18270.0,4290.0,1615670,6338247,1616066,6345174,ADAR,AVBR,ADA,AVB
16,6374699,11741.0,18270.0,4290.0,1615670,6338247,1615711,6339059,ADAR,AVAR,ADA,AVA
17,6374699,11741.0,18270.0,4290.0,1615670,6338247,1616509,6352829,ADAR,AVJL,ADA,AVJ
18,6374711,11305.0,20792.0,3840.0,1615670,6338193,1616509,6353008,ADAR,AVJL,ADA,AVJ
19,6374711,11305.0,20792.0,3840.0,1615670,6338193,1616066,6345154,ADAR,AVBR,ADA,AVB
20,6374709,9951.0,22501.0,4170.0,1615670,6338156,1617026,6362398,ADAR,RICL,ADA,RIC
21,6374707,9665.0,23420.0,5280.0,1615670,6338119,1616305,6348973,ADAR,RIMR,ADA,RIM
22,6374714,9541.0,23494.0,5790.0,1615670,6338102,1616087,6345721,ADAR,AVBL,ADA,AVB
23,6374714,9541.0,23494.0,5790.0,1615670,6338102,1616305,6348956,ADAR,RIMR,ADA,RIM
24,6374706,9509.0,23576.0,5880.0,1615670,6338099,1615267,6330838,ADAR,AVAL,ADA,AVA
25,6374706,9509.0,23576.0,5880.0,1615670,6338099,1616087,6345724,ADAR,AVBL,ADA,AVB
26,6374706,9509.0,23576.0,5880.0,1615670,6338099,1616305,6348953,ADAR,RIMR,ADA,RIM
27,6375043,7385.0,23776.0,6960.0,1616691,6355998,1615711,6339227,ADEL,AVAR,ADE,AVA
28,6375043,7385.0,23776.0,6960.0,1616691,6355998,1616702,6356187,ADEL,ADER,ADE,ADE
29,6374716,10483.0,23629.0,7320.0,1616691,6356062,1616978,6361299,ADEL,SAADR,ADE,SAAD
30,6374716,10483.0,23629.0,7320.0,1616691,6356062,1616393,6350583,ADEL,RIGR,ADE,RIG
31,6374716,10483.0,23629.0,7320.0,1616691,6356062,1616683,6355872,ADEL,FLPL,ADE,FLP
32,6374720,9528.0,23506.0,6210.0,1616702,6356213,1615670,6338088,ADER,ADAR,ADE,ADA
33,6374720,9528.0,23506.0,6210.0,1616702,6356213,1615267,6330848,ADER,AVAL,ADE,AVA
34,6374719,7421.0,23719.0,7200.0,1616702,6356195,1616691,6355991,ADER,ADEL,ADE,ADE
35,6374719,7421.0,23719.0,7200.0,1616702,6356195,1615711,6339235,ADER,AVAR,ADE,AVA
36,6374724,5963.0,17415.0,5070.0,1616115,6346148,1615831,6341416,ADFL,AIYL,ADF,AIY
37,6374724,5963.0,17415.0,5070.0,1616115,6346148,1616042,6344911,ADFL,AIZL,ADF,AIZ
38,6374725,5023.0,19601.0,4830.0,1616115,6346131,1616821,6358538,ADFL,AWBL,ADF,AWB
39,6374725,5023.0,19601.0,4830.0,1616115,6346131,1616042,6344887,ADFL,AIZL,ADF,AIZ
40,6374729,9259.0,16144.0,4830.0,1616115,6346175,1616411,6351147,ADFL,AIZR,ADF,AIZ
41,6374729,9259.0,16144.0,4830.0,1616115,6346175,1616147,6346695,ADFL,AUAL,ADF,AUA
42,6374726,7293.0,23463.0,4260.0,1616115,6346079,1617141,6364280,ADFL,RIAL,ADF,RIA
43,6374726,7293.0,23463.0,4260.0,1616115,6346079,1616042,6344815,ADFL,AIZL,ADF,AIZ
44,6374733,7039.0,23491.0,4140.0,1616115,6346083,1617141,6364276,ADFL,RIAL,ADF,RIA
45,6374733,7039.0,23491.0,4140.0,1616115,6346083,1616042,6344819,ADFL,AIZL,ADF,AIZ
46,6374733,7039.0,23491.0,4140.0,1616115,6346083,1616147,6346605,ADFL,AUAL,ADF,AUA
47,6374732,6867.0,23283.0,4050.0,1616115,6346085,1617141,6364274,ADFL,RIAL,ADF,RIA
48,6374732,6867.0,23283.0,4050.0,1616115,6346085,1616147,6346608,ADFL,AUAL,ADF,AUA
49,6374731,6675.0,22991.0,3900.0,1616115,6346090,1617141,6364269,ADFL,RIAL,ADF,RIA
50,6374731,6675.0,22991.0,3900.0,1616115,6346090,1617615,6372980,ADFL,URXL,ADF,URX
51,6374722,7862.0,23932.0,5100.0,1616115,6346051,1617141,6364315,ADFL,RIAL,ADF,RIA
52,6374722,7862.0,23932.0,5100.0,1616115,6346051,1615815,6340920,ADFL,SMBVL,ADF,SMBV
53,6374734,7877.0,23854.0,5010.0,1616115,6346054,1614915,6324068,ADFL,SMBDL,ADF,SMBD
54,6374734,7877.0,23854.0,5010.0,1616115,6346054,1617141,6364318,ADFL,RIAL,ADF,RIA
55,6374734,7877.0,23854.0,5010.0,1616115,6346054,1616031,6344621,ADFL,ASHL,ADF,ASH
56,6374734,7877.0,23854.0,5010.0,1616115,6346054,1615815,6340923,ADFL,SMBVL,ADF,SMBV
57,6374741,11871.0,17454.0,4710.0,1616374,6350376,1617433,6369309,ADFR,AIAR,ADF,AIA
58,6374741,11871.0,17454.0,4710.0,1616374,6350376,1617295,6366925,ADFR,ASEL,ADF,ASE
59,6374741,11871.0,17454.0,4710.0,1616374,6350376,1616411,6351125,ADFR,AIZR,ADF,AIZ
60,6374742,12895.0,20096.0,4080.0,1616374,6374743,1616411,6351091,ADFR,AIZR,ADF,AIZ
61,6374744,12639.0,20156.0,4080.0,1616374,6374743,1616411,6351091,ADFR,AIZR,ADF,AIZ
62,6374744,12639.0,20156.0,4080.0,1616374,6374743,1617447,6369527,ADFR,AWAR,ADF,AWA
63,6374738,9549.0,23951.0,4050.0,1616374,6350306,1616411,6351060,ADFR,AIZR,ADF,AIZ
64,6374738,9549.0,23951.0,4050.0,1616374,6350306,1617006,6361859,ADFR,RIAR,ADF,RIA
65,6374746,10237.0,23448.0,3600.0,1616374,6350324,1616411,6351179,ADFR,AIZR,ADF,AIZ
66,6374746,10237.0,23448.0,3600.0,1616374,6350324,1617006,6361843,ADFR,RIAR,ADF,RIA
67,6374748,9597.0,23754.0,3870.0,1616374,6350312,1616489,6352452,ADFR,SMBVR,ADF,SMBV
68,6374761,4956.0,20018.0,5250.0,1617178,6364745,1617361,6368004,ADLL,AIAL,ADL,AIA
69,6374766,5501.0,20654.0,4680.0,1617178,6364764,1617295,6366869,ADLL,ASEL,ADL,ASE
70,6374766,5501.0,20654.0,4680.0,1617178,6364764,1616220,6347897,ADLL,AIBL,ADL,AIB
71,6374759,5446.0,20316.0,4830.0,1617178,6364759,1615919,6342699,ADLL,ADAL,ADL,ADA
72,6374759,5446.0,20316.0,4830.0,1617178,6364759,1617295,6366874,ADLL,ASEL,ADL,ASE
73,6374759,5446.0,20316.0,4830.0,1617178,6364759,1616220,6347902,ADLL,AIBL,ADL,AIB
74,6374760,5337.0,20183.0,4980.0,1617178,6364754,1616220,6347907,ADLL,AIBL,ADL,AIB
75,6374760,5337.0,20183.0,4980.0,1617178,6364754,1615919,6342704,ADLL,ADAL,ADL,ADA
76,6374760,5337.0,20183.0,4980.0,1617178,6364754,1617295,6366879,ADLL,ASEL,ADL,ASE
77,6374755,5596.0,21225.0,4560.0,1617178,6364768,1615383,6332501,ADLL,AVDR,ADL,AVD
78,6374755,5596.0,21225.0,4560.0,1617178,6364768,1616220,6347893,ADLL,AIBL,ADL,AIB
79,6374754,5914.0,21238.0,4290.0,1617178,6364777,1616337,6349572,ADLL,AVJR,ADL,AVJ
80,6374754,5914.0,21238.0,4290.0,1617178,6364777,1615383,6332489,ADLL,AVDR,ADL,AVD
81,6374762,4888.0,19774.0,5250.0,1617178,6364745,1617272,6366529,ADLL,AWCL,ADL,AWC
82,6374762,4888.0,19774.0,5250.0,1617178,6364745,1617361,6368010,ADLL,AIAL,ADL,AIA
83,6374753,7534.0,16642.0,5970.0,1617178,6364832,1617272,6366579,ADLL,AWCL,ADL,AWC
84,6374753,7534.0,16642.0,5970.0,1617178,6364832,1617361,6368055,ADLL,AIAL,ADL,AIA
85,6374753,7534.0,16642.0,5970.0,1617178,6364832,1616207,6347759,ADLL,ASKL,ADL,ASK
86,6374764,5392.0,18326.0,5160.0,1617178,6364795,1616207,6347724,ADLL,ASKL,ADL,ASK
87,6374764,5392.0,18326.0,5160.0,1617178,6364795,1617272,6366547,ADLL,AWCL,ADL,AWC
88,6374752,7850.0,16434.0,6150.0,1617178,6364838,1617361,6368061,ADLL,AIAL,ADL,AIA
89,6374752,7850.0,16434.0,6150.0,1617178,6364838,1616282,6348749,ADLL,AWCR,ADL,AWC
90,6374752,7850.0,16434.0,6150.0,1617178,6364838,1617272,6366585,ADLL,AWCL,ADL,AWC
91,6374763,5410.0,18404.0,5400.0,1617178,6364800,1617216,6365393,ADLL,AVDL,ADL,AVD
92,6374763,5410.0,18404.0,5400.0,1617178,6364800,1616731,6356931,ADLL,SIADR,ADL,SIAD
93,6374763,5410.0,18404.0,5400.0,1617178,6364800,1615338,6331833,ADLL,SIBDR,ADL,SIBD
94,6374778,12520.0,19970.0,4800.0,1617343,6367752,1617433,6369293,ADLR,AIAR,ADL,AIA
95,6374769,9358.0,16464.0,6000.0,1617343,6367733,1617433,6369356,ADLR,AIAR,ADL,AIA
96,6374769,9358.0,16464.0,6000.0,1617343,6367733,1616919,6360705,ADLR,AIBR,ADL,AIB
97,6374774,11874.0,21043.0,4170.0,1617343,6367782,1617523,6371158,ADLR,ASHR,ADL,ASH
98,6374774,11874.0,21043.0,4170.0,1617343,6367782,1616919,6360433,ADLR,AIBR,ADL,AIB
99,6374768,9618.0,16660.0,5970.0,1617343,6367732,1615255,6330607,ADLR,ASKR,ADL,ASK
100,6374770,10876.0,16814.0,5250.0,1617343,6367709,1615255,6330583,ADLR,ASKR,ADL,ASK
101,6374770,10876.0,16814.0,5250.0,1617343,6367709,1617433,6369326,ADLR,AIAR,ADL,AIA
102,6374777,12310.0,20133.0,4680.0,1617343,6367756,1616919,6360710,ADLR,AIBR,ADL,AIB
103,6374777,12310.0,20133.0,4680.0,1617343,6367756,1615255,6330549,ADLR,ASKR,ADL,ASK
104,6374776,12016.0,20463.0,4470.0,1617343,6367763,1615255,6330542,ADLR,ASKR,ADL,ASK
105,6374776,12016.0,20463.0,4470.0,1617343,6367763,1616919,6360443,ADLR,AIBR,ADL,AIB
106,6374776,12016.0,20463.0,4470.0,1617343,6367763,1615670,6338280,ADLR,ADAR,ADL,ADA
107,6374776,12016.0,20463.0,4470.0,1617343,6367763,1614732,6321826,ADLR,ASER,ADL,ASE
108,6374773,12508.0,18218.0,4950.0,1617343,6367747,1616337,6349702,ADLR,AVJR,ADL,AVJ
109,6374773,12508.0,18218.0,4950.0,1617343,6367747,1615383,6332402,ADLR,AVDR,ADL,AVD
110,6374781,8273.0,15678.0,5340.0,1616257,6348375,1615831,6341431,AFDL,AIYL,AFD,AIY
111,6374782,4377.0,20401.0,4560.0,1616257,6348342,1615831,6341378,AFDL,AIYL,AFD,AIY
112,6374780,9633.0,15754.0,5640.0,1616257,6348385,1617397,6368675,AFDL,AIYR,AFD,AIY
113,6374790,8985.0,15746.0,5250.0,1617514,6370954,1615831,6341426,AFDR,AIYL,AFD,AIY
114,6374787,13087.0,20700.0,4020.0,1617514,6370914,1617397,6368618,AFDR,AIYR,AFD,AIY
115,6374789,9989.0,15888.0,5310.0,1617514,6370956,1617397,6368664,AFDR,AIYR,AFD,AIY
116,6374791,10671.0,16540.0,5130.0,1617514,6370951,1617397,6368659,AFDR,AIYR,AFD,AIY
117,6374791,10671.0,16540.0,5130.0,1617514,6370951,1614732,6321849,AFDR,ASER,AFD,ASE
118,6374791,10671.0,16540.0,5130.0,1617514,6370951,1616919,6360468,AFDR,AIBR,AFD,AIB
119,6374786,10701.0,23412.0,3840.0,1617514,6370886,1617272,6366708,AFDR,AWCL,AFD,AWC
120,6374786,10701.0,23412.0,3840.0,1617514,6370886,1617397,6368604,AFDR,AIYR,AFD,AIY
121,6374804,5142.0,20498.0,4980.0,1617361,6367995,1616220,6347907,AIAL,AIBL,AIA,AIB
122,6374804,5142.0,20498.0,4980.0,1617361,6367995,1615919,6342704,AIAL,ADAL,AIA,ADA
123,6374810,5998.0,17532.0,5160.0,1617361,6368027,1616220,6347924,AIAL,AIBL,AIA,AIB
124,6374810,5998.0,17532.0,5160.0,1617361,6368027,1616207,6347724,AIAL,ASKL,AIA,ASK
125,6374802,5558.0,20940.0,4800.0,1617361,6367989,1616207,6347687,AIAL,ASKL,AIA,ASK
126,6374802,5558.0,20940.0,4800.0,1617361,6367989,1616031,6344689,AIAL,ASHL,AIA,ASH
127,6374802,5558.0,20940.0,4800.0,1617361,6367989,1616220,6347901,AIAL,AIBL,AIA,AIB
128,6374807,8074.0,16394.0,5790.0,1617361,6368049,1616220,6348174,AIAL,AIBL,AIA,AIB
129,6374807,8074.0,16394.0,5790.0,1617361,6368049,1617272,6366718,AIAL,AWCL,AIA,AWC
130,6374803,4828.0,20806.0,4890.0,1617361,6367992,1616282,6348813,AIAL,AWCR,AIA,AWC
131,6374803,4828.0,20806.0,4890.0,1617361,6367992,1616220,6347904,AIAL,AIBL,AIA,AIB
132,6374808,7420.0,16648.0,5670.0,1617361,6368045,1617385,6368438,AIAL,PVQL,AIA,PVQ
133,6374808,7420.0,16648.0,5670.0,1617361,6368045,1616220,6348167,AIAL,AIBL,AIA,AIB
134,6374801,5362.0,21236.0,4740.0,1617361,6367987,1616105,6345938,AIAL,ASGL,AIA,ASG
135,6374806,4638.0,20540.0,5190.0,1617361,6368002,1617272,6366527,AIAL,AWCL,AIA,AWC
136,6374809,6854.0,16728.0,5580.0,1617361,6368042,1616282,6348768,AIAL,AWCR,AIA,AWC
137,6374809,6854.0,16728.0,5580.0,1617361,6368042,1617272,6366565,AIAL,AWCL,AIA,AWC
138,6374792,7240.0,23664.0,5100.0,1617361,6367963,1615919,6374795,AIAL,ADAL,AIA,ADA
139,6374792,7240.0,23664.0,5100.0,1617361,6367963,1616220,6347871,AIAL,AIBL,AIA,AIB
140,6374792,7240.0,23664.0,5100.0,1617361,6367963,1615847,6341534,AIAL,RIFL,AIA,RIF
141,6374800,7030.0,23302.0,5010.0,1617361,6367966,1616220,6347874,AIAL,AIBL,AIA,AIB
142,6374800,7030.0,23302.0,5010.0,1617361,6367966,1616207,6374799,AIAL,ASKL,AIA,ASK
143,6374800,7030.0,23302.0,5010.0,1617361,6367966,1615919,6342558,AIAL,ADAL,AIA,ADA
144,6374800,7030.0,23302.0,5010.0,1617361,6367966,1615847,6341537,AIAL,RIFL,AIA,RIF
145,6374819,11902.0,21222.0,4260.0,1617433,6369276,1617523,6371161,AIAR,ASHR,AIA,ASH
146,6374819,11902.0,21222.0,4260.0,1617433,6369276,1615670,6338275,AIAR,ADAR,AIA,ADA
147,6374819,11902.0,21222.0,4260.0,1617433,6369276,1616919,6360436,AIAR,AIBR,AIA,AIB
148,6374823,12554.0,20688.0,4650.0,1617433,6369288,1615255,6330548,AIAR,ASKR,AIA,ASK
149,6374823,12554.0,20688.0,4650.0,1617433,6369288,1616919,6360449,AIAR,AIBR,AIA,AIB
150,6374830,10692.0,16560.0,5280.0,1617433,6369327,1616919,6360473,AIAR,AIBR,AIA,AIB
151,6374830,10692.0,16560.0,5280.0,1617433,6369327,1615255,6330584,AIAR,ASKR,AIA,ASK
152,6374827,9018.0,16450.0,5940.0,1617433,6369354,1617272,6366588,AIAR,AWCL,AIA,AWC
153,6374827,9018.0,16450.0,5940.0,1617433,6369354,1616919,6360703,AIAR,AIBR,AIA,AIB
154,6374829,10266.0,16402.0,5520.0,1617433,6369335,1616919,6360481,AIAR,AIBR,AIA,AIB
155,6374829,10266.0,16402.0,5520.0,1617433,6369335,1617272,6366606,AIAR,AWCL,AIA,AWC
156,6374815,10113.0,23953.0,5100.0,1617433,6369238,1616526,6353123,AIAR,RIFR,AIA,RIF
157,6374815,10113.0,23953.0,5100.0,1617433,6369238,1616919,6360393,AIAR,AIBR,AIA,AIB
158,6374818,10216.0,23964.0,5160.0,1617433,6369236,1615255,6330498,AIAR,ASKR,AIA,ASK
159,6374818,10216.0,23964.0,5160.0,1617433,6369236,1616526,6353121,AIAR,RIFR,AIA,RIF
160,6374839,12650.0,17670.0,3840.0,1616220,6348004,1615564,6335987,AIBL,RIBR,AIB,RIB
161,6374840,12872.0,17856.0,3840.0,1616220,6348006,1615564,6335987,AIBL,RIBR,AIB,RIB
162,6374844,8804.0,15986.0,4950.0,1616220,6347958,1616173,6347219,AIBL,RIBL,AIB,RIB
163,6374844,8804.0,15986.0,4950.0,1616220,6347958,1615564,6335978,AIBL,RIBR,AIB,RIB
164,6374845,12624.0,19886.0,3240.0,1616220,6348135,1616305,6349057,AIBL,RIMR,AIB,RIM
165,6374845,12624.0,19886.0,3240.0,1616220,6348135,1616087,6345628,AIBL,AVBL,AIB,AVB
166,6374847,11832.0,20850.0,3090.0,1616220,6348146,1616305,6349043,AIBL,RIMR,AIB,RIM
167,6374847,11832.0,20850.0,3090.0,1616220,6348146,1616087,6345634,AIBL,AVBL,AIB,AVB
168,6374838,12654.0,19630.0,3390.0,1616220,6348024,1616305,6349066,AIBL,RIMR,AIB,RIM
169,6374838,12654.0,19630.0,3390.0,1616220,6348024,1615564,6336071,AIBL,RIBR,AIB,RIB
170,6374838,12654.0,19630.0,3390.0,1616220,6348024,1616087,6345623,AIBL,AVBL,AIB,AVB
171,6374833,9163.0,22989.0,4020.0,1616220,6348078,1614948,6324593,AIBL,SMDDR,AIB,SMDD
172,6374833,9163.0,22989.0,4020.0,1616220,6348078,1616305,6349015,AIBL,RIMR,AIB,RIM
173,6374836,9268.0,23062.0,3780.0,1616220,6348071,1614948,6324601,AIBL,SMDDR,AIB,SMDD
174,6374836,9268.0,23062.0,3780.0,1616220,6348071,1616305,6349022,AIBL,RIMR,AIB,RIM
175,6374841,10140.0,16025.0,4290.0,1616220,6347983,1616305,6349095,AIBL,RIMR,AIB,RIM
176,6374841,10140.0,16025.0,4290.0,1616220,6347983,1615895,6342453,AIBL,SMDVR,AIB,SMDV
177,6374842,10422.0,16093.0,4260.0,1616220,6347984,1616305,6349094,AIBL,RIMR,AIB,RIM
178,6374842,10422.0,16093.0,4260.0,1616220,6347984,1615895,6342452,AIBL,SMDVR,AIB,SMDV
179,6374846,11156.0,16591.0,4170.0,1616220,6347994,1615895,6342449,AIBL,SMDVR,AIB,SMDV
180,6374846,11156.0,16591.0,4170.0,1616220,6347994,1616305,6349091,AIBL,RIMR,AIB,RIM
181,6374834,8934.0,22847.0,4440.0,1616220,6348093,1615601,6336822,AIBL,RIML,AIB,RIM
182,6374834,8934.0,22847.0,4440.0,1616220,6348093,1614948,6324580,AIBL,SMDDR,AIB,SMDD
183,6374858,4826.0,19332.0,3960.0,1616919,6360672,1615601,6336693,AIBR,RIML,AIB,RIM
184,6374858,4826.0,19332.0,3960.0,1616919,6360672,1616066,6345239,AIBR,AVBR,AIB,AVB
185,6374867,5316.0,20412.0,3600.0,1616919,6360658,1615601,6336681,AIBR,RIML,AIB,RIM
186,6374867,5316.0,20412.0,3600.0,1616919,6360658,1616066,6345390,AIBR,AVBR,AIB,AVB
187,6374868,5550.0,20612.0,3600.0,1616919,6360658,1615601,6336901,AIBR,RIML,AIB,RIM
188,6374868,5550.0,20612.0,3600.0,1616919,6360658,1616066,6345390,AIBR,AVBR,AIB,AVB
189,6374873,4613.0,19798.0,3930.0,1616919,6360668,1616066,6345240,AIBR,AVBR,AIB,AVB
190,6374873,4613.0,19798.0,3930.0,1616919,6360668,1615601,6336692,AIBR,RIML,AIB,RIM
191,6374865,8110.0,23218.0,5400.0,1616919,6360625,1616066,6345306,AIBR,AVBR,AIB,AVB
192,6374865,8110.0,23218.0,5400.0,1616919,6360625,1615601,6336611,AIBR,RIML,AIB,RIM
193,6374865,8110.0,23218.0,5400.0,1616919,6360625,1617328,6367545,AIBR,AVER,AIB,AVE
194,6374869,5354.0,17514.0,4290.0,1616919,6360680,1615357,6332185,AIBR,RIGL,AIB,RIG
195,6374869,5354.0,17514.0,4290.0,1616919,6360680,1616173,6347120,AIBR,RIBL,AIB,RIB
196,6374869,5354.0,17514.0,4290.0,1616919,6360680,1615601,6336887,AIBR,RIML,AIB,RIM
197,6374869,5354.0,17514.0,4290.0,1616919,6360680,1616978,6361529,AIBR,SAADR,AIB,SAAD
198,6374853,7666.0,15980.0,4440.0,1616919,6360682,1616626,6355203,AIBR,SMDVL,AIB,SMDV
199,6374853,7666.0,15980.0,4440.0,1616919,6360682,1616978,6361505,AIBR,SAADR,AIB,SAAD
200,6374853,7666.0,15980.0,4440.0,1616919,6360682,1615601,6336874,AIBR,RIML,AIB,RIM
201,6374861,7906.0,22815.0,3900.0,1616919,6360576,1615756,6339872,AIBR,SMDDL,AIB,SMDD
202,6374861,7906.0,22815.0,3900.0,1616919,6360576,1615601,6336660,AIBR,RIML,AIB,RIM
203,6374862,8012.0,22771.0,4170.0,1616919,6360585,1615756,6339864,AIBR,SMDDL,AIB,SMDD
204,6374862,8012.0,22771.0,4170.0,1616919,6360585,1615601,6336652,AIBR,RIML,AIB,RIM
205,6374864,8138.0,22693.0,4380.0,1616919,6360592,1615601,6336645,AIBR,RIML,AIB,RIM
206,6374864,8138.0,22693.0,4380.0,1616919,6360592,1615756,6339857,AIBR,SMDDL,AIB,SMDD
207,6374878,5458.0,21012.0,5160.0,1615785,6340495,1617361,6368001,AIML,AIAL,AIM,AIA
208,6374881,5964.0,22605.0,4680.0,1615785,6340471,1617361,6367977,AIML,AIAL,AIM,AIA
209,6374880,5346.0,21248.0,5010.0,1615785,6340490,1617361,6367996,AIML,AIAL,AIM,AIA
210,6374880,5346.0,21248.0,5010.0,1615785,6340490,1616105,6345947,AIML,ASGL,AIM,ASG
211,6374882,6472.0,23585.0,4800.0,1615785,6340467,1617361,6367973,AIML,AIAL,AIM,AIA
212,6374882,6472.0,23585.0,4800.0,1615785,6340467,1616105,6345908,AIML,ASGL,AIM,ASG
213,6374883,6662.0,23816.0,5010.0,1615785,6340460,1617361,6367966,AIML,AIAL,AIM,AIA
214,6374883,6662.0,23816.0,5010.0,1615785,6340460,1616105,6345901,AIML,ASGL,AIM,ASG
215,6374884,8268.0,17010.0,5280.0,1615785,6340541,1616031,6344677,AIML,ASHL,AIM,ASH
216,6374884,8268.0,17010.0,5280.0,1615785,6340541,1617385,6368461,AIML,PVQL,AIM,PVQ
217,6374893,10657.0,23611.0,4560.0,1616563,6353693,1617433,6369256,AIMR,AIAR,AIM,AIA
218,6374886,10449.0,23823.0,4620.0,1616563,6353691,1617433,6369254,AIMR,AIAR,AIM,AIA
219,6374886,10449.0,23823.0,4620.0,1616563,6353691,1616434,6351315,AIMR,ASGR,AIM,ASG
220,6374889,10472.0,23918.0,4710.0,1616563,6353688,1617433,6369251,AIMR,AIAR,AIM,AIA
221,6374889,10472.0,23918.0,4710.0,1616563,6353688,1616434,6351312,AIMR,ASGR,AIM,ASG
222,6374885,11991.0,21299.0,4530.0,1616563,6353720,1615255,6330544,AIMR,ASKR,AIM,ASK
223,6374885,11991.0,21299.0,4530.0,1616563,6353720,1617433,6369284,AIMR,AIAR,AIM,AIA
224,6374894,9374.0,15580.0,5160.0,1617102,6363550,1617514,6370952,AINL,AFDR,AIN,AFD
225,6374895,13418.0,19956.0,4170.0,1617102,6363588,1617295,6366951,AINL,ASEL,AIN,ASE
226,6374895,13418.0,19956.0,4170.0,1617102,6363588,1617514,6370920,AINL,AFDR,AIN,AFD
227,6374896,13196.0,20902.0,3660.0,1617102,6363605,1617514,6370904,AINL,AFDR,AIN,AFD
228,6374896,13196.0,20902.0,3660.0,1617102,6363605,1616351,6349864,AINL,AUAR,AIN,AUA
229,6374897,12184.0,21878.0,3450.0,1617102,6363612,1617514,6370898,AINL,AFDR,AIN,AFD
230,6374897,12184.0,21878.0,3450.0,1617102,6363612,1616351,6349858,AINL,AUAR,AIN,AUA
231,6374898,13182.0,20992.0,3420.0,1617102,6363708,1616351,6349943,AINL,AUAR,AIN,AUA
232,6374898,13182.0,20992.0,3420.0,1617102,6363708,1615564,6336076,AINL,RIBR,AIN,RIB
233,6374910,7278.0,15696.0,5550.0,1617085,6363473,1616257,6348399,AINR,AFDL,AIN,AFD
234,6374910,7278.0,15696.0,5550.0,1617085,6363473,1614732,6321941,AINR,ASER,AIN,ASE
235,6374910,7278.0,15696.0,5550.0,1617085,6363473,1614732,6321871,AINR,ASER,AIN,ASE
236,6374907,4158.0,20331.0,4320.0,1617085,6363369,1616147,6346637,AINR,AUAL,AIN,AUA
237,6374907,4158.0,20331.0,4320.0,1617085,6363369,1616257,6348334,AINR,AFDL,AIN,AFD
238,6374914,5007.0,21578.0,4080.0,1617085,6363376,1617632,6373484,AINR,BAGR,AIN,BAG
239,6374914,5007.0,21578.0,4080.0,1617085,6363376,1616257,6348327,AINR,AFDL,AIN,AFD
240,6374903,3848.0,20333.0,4560.0,1617085,6363361,1614732,6321926,AINR,ASER,AIN,ASE
241,6374903,3848.0,20333.0,4560.0,1617085,6363361,1616257,6348342,AINR,AFDL,AIN,AFD
242,6374903,3848.0,20333.0,4560.0,1617085,6363361,1617632,6373507,AINR,BAGR,AIN,BAG
243,6374906,3636.0,20243.0,4560.0,1617085,6363361,1617632,6373507,AINR,BAGR,AIN,BAG
244,6374906,3636.0,20243.0,4560.0,1617085,6363361,1616654,6355387,AINR,CEPshVL,AIN,CEPshV
245,6374909,4338.0,21195.0,4140.0,1617085,6363375,1617632,6373479,AINR,BAGR,AIN,BAG
246,6374909,4338.0,21195.0,4140.0,1617085,6363375,1617241,6365858,AINR,CEPshVL,AIN,CEPshV
247,6374902,8775.0,15577.0,5070.0,1617085,6363318,1615217,6329899,AINR,RID,AIN,RID
248,6374930,6274.0,17008.0,5130.0,1615831,6341418,1616042,6344913,AIYL,AIZL,AIY,AIZ
249,6374930,6274.0,17008.0,5130.0,1615831,6341418,1616115,6346150,AIYL,ADFL,AIY,ADF
250,6374935,4833.0,20109.0,4560.0,1615831,6341378,1616042,6344878,AIYL,AIZL,AIY,AIZ
251,6374935,4833.0,20109.0,4560.0,1615831,6341378,1616115,6346122,AIYL,ADFL,AIY,ADF
252,6374931,4606.0,19996.0,4860.0,1615831,6341388,1617295,6366875,AIYL,ASEL,AIY,ASE
253,6374931,4606.0,19996.0,4860.0,1615831,6341388,1616042,6344888,AIYL,AIZL,AIY,AIZ
254,6374934,8316.0,24428.0,5010.0,1615831,6341318,1617141,6364303,AIYL,RIAL,AIY,RIA
255,6374934,8316.0,24428.0,5010.0,1615831,6341318,1616042,6344791,AIYL,AIZL,AIY,AIZ
256,6374934,8316.0,24428.0,5010.0,1615831,6341318,1616411,6351031,AIYL,AIZR,AIY,AIZ
257,6374933,7480.0,23994.0,4650.0,1615831,6341330,1616042,6344802,AIYL,AIZL,AIY,AIZ
258,6374933,7480.0,23994.0,4650.0,1615831,6341330,1616173,6347032,AIYL,RIBL,AIY,RIB
259,6374933,7480.0,23994.0,4650.0,1615831,6341330,1616821,6358491,AIYL,AWBL,AIY,AWB
260,6374932,7650.0,24300.0,4500.0,1615831,6341335,1617141,6364287,AIYL,RIAL,AIY,RIA
261,6374932,7650.0,24300.0,4500.0,1615831,6341335,1616042,6344807,AIYL,AIZL,AIY,AIZ
262,6374932,7650.0,24300.0,4500.0,1615831,6341335,1616173,6347037,AIYL,RIBL,AIY,RIB
263,6374938,8848.0,24432.0,5160.0,1617397,6368562,1616411,6351013,AIYR,AIZR,AIY,AIZ
264,6374938,8848.0,24432.0,5160.0,1617397,6368562,1617006,6361893,AIYR,RIAR,AIY,RIA
265,6374941,9524.0,24097.0,4380.0,1617397,6368587,1616411,6351050,AIYR,AIZR,AIY,AIZ
266,6374941,9524.0,24097.0,4380.0,1617397,6368587,1615564,6335857,AIYR,RIBR,AIY,RIB
267,6374941,9524.0,24097.0,4380.0,1617397,6368587,1617501,6370651,AIYR,AWBR,AIY,AWB
268,6374944,11604.0,17016.0,4620.0,1617397,6368642,1616411,6351130,AIYR,AIZR,AIY,AIZ
269,6374944,11604.0,17016.0,4620.0,1617397,6368642,1615564,6335967,AIYR,RIBR,AIY,RIB
270,6374944,11604.0,17016.0,4620.0,1617397,6368642,1615798,6340661,AIYR,BAGL,AIY,BAG
271,6374937,9046.0,24390.0,5250.0,1617397,6368559,1617006,6361896,AIYR,RIAR,AIY,RIA
272,6374937,9046.0,24390.0,5250.0,1617397,6368559,1616411,6351010,AIYR,AIZR,AIY,AIZ
273,6374937,9046.0,24390.0,5250.0,1617397,6368559,1615564,6335830,AIYR,RIBR,AIY,RIB
274,6374939,9066.0,24436.0,4950.0,1617397,6368569,1616411,6351033,AIYR,AIZR,AIY,AIZ
275,6374939,9066.0,24436.0,4950.0,1617397,6368569,1617006,6361886,AIYR,RIAR,AIY,RIA
276,6374939,9066.0,24436.0,4950.0,1617397,6368569,1615564,6335840,AIYR,RIBR,AIY,RIB
277,6374966,4866.0,19888.0,5040.0,1616042,6344894,1617361,6374967,AIZL,AIAL,AIZ,AIA
278,6374966,4866.0,19888.0,5040.0,1616042,6344894,1617361,6367997,AIZL,AIAL,AIZ,AIA
279,6374966,4866.0,19888.0,5040.0,1616042,6344894,1616220,6347909,AIZL,AIBL,AIZ,AIB
280,6374956,7704.0,22919.0,3900.0,1616042,6344991,1615601,6336660,AIZL,RIML,AIZ,RIM
281,6374956,7704.0,22919.0,3900.0,1616042,6344991,1616919,6360576,AIZL,AIBR,AIZ,AIB
282,6374965,7682.0,15934.0,4590.0,1616042,6344954,1615601,6336879,AIZL,RIML,AIZ,RIM
283,6374965,7682.0,15934.0,4590.0,1616042,6344954,1616919,6360517,AIZL,AIBR,AIZ,AIB
284,9652675,6579.0,16468.0,4500.0,1616042,6344957,1615601,6336876,AIZL,RIML,AIZ,RIM
285,9652675,6579.0,16468.0,4500.0,1616042,6344957,1616919,6360520,AIZL,AIBR,AIZ,AIB
286,6374953,7683.0,22907.0,4020.0,1616042,6344850,1615601,6336656,AIZL,RIML,AIZ,RIM
287,6374953,7683.0,22907.0,4020.0,1616042,6344850,1616919,6360580,AIZL,AIBR,AIZ,AIB
288,6374953,7683.0,22907.0,4020.0,1616042,6344850,1617328,6367501,AIZL,AVER,AIZ,AVE
289,6374963,7396.0,23823.0,4290.0,1616042,6344814,1617141,6364281,AIZL,RIAL,AIZ,RIA
290,6374963,7396.0,23823.0,4290.0,1616042,6344814,1616173,6347044,AIZL,RIBL,AIZ,RIB
291,6374958,8392.0,23997.0,4500.0,1616042,6344807,1617006,6361872,AIZL,RIAR,AIZ,RIA
292,6374958,8392.0,23997.0,4500.0,1616042,6344807,1614915,6324297,AIZL,SMBDL,AIZ,SMBD
293,6374957,8364.0,23957.0,4290.0,1616042,6344830,1615815,6340946,AIZL,SMBVL,AIZ,SMBV
294,6374957,8364.0,23957.0,4290.0,1616042,6344830,1614915,6324313,AIZL,SMBDL,AIZ,SMBD
295,6374960,8218.0,24031.0,5010.0,1616042,6344791,1617141,6364318,AIZL,RIAL,AIZ,RIA
296,6374960,8218.0,24031.0,5010.0,1616042,6344791,1614915,6324068,AIZL,SMBDL,AIZ,SMBD
297,6374960,8218.0,24031.0,5010.0,1616042,6344791,1615815,6340923,AIZL,SMBVL,AIZ,SMBV
298,6374961,8571.0,23883.0,5100.0,1616042,6344788,1614915,6324065,AIZL,SMBDL,AIZ,SMBD
299,6374961,8571.0,23883.0,5100.0,1616042,6344788,1616489,6352417,AIZL,SMBVR,AIZ,SMBV
300,6374972,9590.0,23264.0,3630.0,1616411,6351178,1616220,6348066,AIZR,AIBL,AIZ,AIB
301,6374972,9590.0,23264.0,3630.0,1616411,6351178,1617190,6365126,AIZR,AVEL,AIZ,AVE
302,6374973,9338.0,23096.0,3960.0,1616411,6351196,1616305,6349017,AIZR,RIMR,AIZ,RIM
303,6374973,9338.0,23096.0,3960.0,1616411,6351196,1616220,6348076,AIZR,AIBL,AIZ,AIB
304,6374973,9338.0,23096.0,3960.0,1616411,6351196,1617190,6365137,AIZR,AVEL,AIZ,AVE
305,6374971,9378.0,16022.0,4680.0,1616411,6351142,1617328,6367348,AIZR,AVER,AIZ,AVE
306,6374971,9378.0,16022.0,4680.0,1616411,6351142,1616220,6347967,AIZR,AIBL,AIZ,AIB
307,9652671,9981.0,16067.0,4410.0,1616411,6351160,1616220,6347979,AIZR,AIBL,AIZ,AIB
308,9652671,9981.0,16067.0,4410.0,1616411,6351160,1616305,6349099,AIZR,RIMR,AIZ,RIM
309,9652672,10683.0,16201.0,4350.0,1616411,6479306,1616220,6347981,AIZR,AIBL,AIZ,AIB
310,9652672,10683.0,16201.0,4350.0,1616411,6479306,1616305,6349097,AIZR,RIMR,AIZ,RIM
311,9652673,11125.0,16523.0,4290.0,1616411,6351163,1616220,6347983,AIZR,AIBL,AIZ,AIB
312,9652673,11125.0,16523.0,4290.0,1616411,6351163,1616305,6349095,AIZR,RIMR,AIZ,RIM
313,6374975,8942.0,24110.0,4680.0,1616411,6351041,1617006,6361878,AIZR,RIAR,AIZ,RIA
314,6374974,8888.0,23904.0,4530.0,1616411,6351046,1617257,6366345,AIZR,SMBDR,AIZ,SMBD
315,6374974,8888.0,23904.0,4530.0,1616411,6351046,1616489,6352432,AIZR,SMBVR,AIZ,SMBV
316,6374976,8962.0,24028.0,5040.0,1616411,6351030,1617257,6366100,AIZR,SMBDR,AIZ,SMBD
317,6374976,8962.0,24028.0,5040.0,1616411,6351030,1616489,6352405,AIZR,SMBVR,AIZ,SMBV
318,6374983,6019.0,19577.0,5460.0,1617313,6367183,1617190,6364896,ALA,AVEL,ALA,AVE
319,6374983,6019.0,19577.0,5460.0,1617313,6367183,1617205,6365286,ALA,CEPshVL,ALA,CEPshV
320,6374986,6263.0,19722.0,5550.0,1617313,6367186,1619240,6374987,ALA,CEPshVL,ALA,CEPshV
321,6374986,6263.0,19722.0,5550.0,1617313,6367186,1617190,6364893,ALA,AVEL,ALA,AVE
322,6374984,11519.0,19476.0,5010.0,1617313,6367081,1617328,6367266,ALA,AVER,ALA,AVE
323,6374984,11519.0,19476.0,5010.0,1617313,6367081,1616251,6348186,ALA,CEPshVR,ALA,CEPshV
324,6374991,6058.0,18704.0,5160.0,1617247,6365909,1615731,6339427,ALML,BDUL,ALM,BDU
325,6374988,6553.0,19940.0,4800.0,1617247,6365924,1616591,6354282,ALML,PVR,ALM,PVR
326,6374988,6553.0,19940.0,4800.0,1617247,6365924,1615731,6339415,ALML,BDUL,ALM,BDU
327,6374992,6750.0,21247.0,4290.0,1617247,6365941,1615529,6335257,ALML,CEPVL,ALM,CEPV
328,6374990,6446.0,19843.0,4620.0,1617247,6365930,1615157,6328818,ALML,URBL,ALM,URB
329,6374990,6446.0,19843.0,4620.0,1617247,6365930,1615529,6335365,ALML,CEPVL,ALM,CEPV
330,6374995,11229.0,19947.0,4320.0,1615371,6332299,1616538,6353315,ALMR,BDUR,ALM,BDU
331,6374999,11520.0,18619.0,4620.0,1615371,6332286,1616538,6353325,ALMR,BDUR,ALM,BDU
332,6374999,11520.0,18619.0,4620.0,1615371,6332286,1616591,6354394,ALMR,PVR,ALM,PVR
333,6374998,11470.0,18534.0,4290.0,1615371,6332300,1615169,6328972,ALMR,CEPDR,ALM,CEPD
334,6375000,11200.0,20220.0,3990.0,1615371,6332367,1615120,6328142,ALMR,CEPVR,ALM,CEPV
335,6375002,4776.0,20767.0,4620.0,1617295,6366867,1616220,6347895,ASEL,AIBL,ASE,AIB
336,6375002,4776.0,20767.0,4620.0,1617295,6366867,1615831,6341380,ASEL,AIYL,ASE,AIY
337,6375003,4660.0,20477.0,4740.0,1617295,6366871,1616220,6347899,ASEL,AIBL,ASE,AIB
338,6375003,4660.0,20477.0,4740.0,1617295,6366871,1615831,6341384,ASEL,AIYL,ASE,AIY
339,6375004,4716.0,20308.0,4800.0,1617295,6366873,1616220,6347901,ASEL,AIBL,ASE,AIB
340,6375004,4716.0,20308.0,4800.0,1617295,6366873,1615831,6341386,ASEL,AIYL,ASE,AIY
341,6375006,7626.0,16504.0,5520.0,1617295,6366988,1615831,6341437,ASEL,AIYL,ASE,AIY
342,6375006,7626.0,16504.0,5520.0,1617295,6366988,1616220,6347936,ASEL,AIBL,ASE,AIB
343,6375007,6693.0,23344.0,4470.0,1617295,6366851,1615831,6341336,ASEL,AIYL,ASE,AIY
344,6375007,6693.0,23344.0,4470.0,1617295,6366851,1616220,6348182,ASEL,AIBL,ASE,AIB
345,6375001,6854.0,23598.0,4560.0,1617295,6366848,1615831,6341333,ASEL,AIYL,ASE,AIY
346,6375001,6854.0,23598.0,4560.0,1617295,6366848,1617272,6366487,ASEL,AWCL,ASE,AWC
347,6375001,6854.0,23598.0,4560.0,1617295,6366848,1616220,6348179,ASEL,AIBL,ASE,AIB
348,6375005,10368.0,16148.0,5340.0,1617295,6366905,1617514,6370957,ASEL,AFDR,ASE,AFD
349,6375005,10368.0,16148.0,5340.0,1617295,6366905,1617397,6368665,ASEL,AIYR,ASE,AIY
350,6375005,10368.0,16148.0,5340.0,1617295,6366905,1616919,6360475,ASEL,AIBR,ASE,AIB
351,6375010,13275.0,20786.0,4350.0,1617295,6366945,1617272,6366712,ASEL,AWCL,ASE,AWC
352,6375010,13275.0,20786.0,4350.0,1617295,6366945,1617397,6368694,ASEL,AIYR,ASE,AIY
353,6375010,13275.0,20786.0,4350.0,1617295,6366945,1615798,6340806,ASEL,BAGL,ASE,BAG
354,6375023,12149.0,20652.0,4170.0,1614732,6321816,1617447,6369530,ASER,AWAR,ASE,AWA
355,6375023,12149.0,20652.0,4170.0,1614732,6321816,1617343,6367782,ASER,ADLR,ASE,ADL
356,6375026,7787.0,16114.0,5640.0,1614732,6321867,1616220,6348166,ASER,AIBL,ASE,AIB
357,6375026,7787.0,16114.0,5640.0,1614732,6321867,1615831,6341441,ASER,AIYL,ASE,AIY
358,6375027,7587.0,15882.0,5610.0,1614732,6321950,1615831,6341440,ASER,AIYL,ASE,AIY
359,6375027,7587.0,15882.0,5610.0,1614732,6321950,1616220,6348171,ASER,AIBL,ASE,AIB
360,6375022,8187.0,15988.0,5730.0,1614732,6321954,1617272,6366720,ASER,AWCL,ASE,AWC
361,6375022,8187.0,15988.0,5730.0,1614732,6321954,1616220,6348173,ASER,AIBL,ASE,AIB
362,6375017,12830.0,20801.0,4290.0,1614732,6321820,1617397,6368693,ASER,AIYR,ASE,AIY
363,6375017,12830.0,20801.0,4290.0,1614732,6321820,1616919,6360437,ASER,AIBR,ASE,AIB
364,6375018,12764.0,20423.0,4440.0,1614732,6321825,1616919,6360442,ASER,AIBR,ASE,AIB
365,6375018,12764.0,20423.0,4440.0,1614732,6321825,1617397,6368697,ASER,AIYR,ASE,AIY
366,6375019,9694.0,16290.0,5430.0,1614732,6321858,1617397,6368668,ASER,AIYR,ASE,AIY
367,6375019,9694.0,16290.0,5430.0,1614732,6321858,1616919,6360478,ASER,AIBR,ASE,AIB
368,6375021,9293.0,15976.0,5700.0,1614732,6321953,1616919,6360695,ASER,AIBR,ASE,AIB
369,6375021,9293.0,15976.0,5700.0,1614732,6321953,1617397,6368677,ASER,AIYR,ASE,AIY
370,6375024,12412.0,21128.0,4080.0,1614732,6321814,1617397,6368620,ASER,AIYR,ASE,AIY
371,6375024,12412.0,21128.0,4080.0,1614732,6321814,1616919,6360431,ASER,AIBR,ASE,AIB
372,6375025,10949.0,23089.0,4020.0,1614732,6321799,1617397,6368711,ASER,AIYR,ASE,AIY
373,6375025,10949.0,23089.0,4020.0,1614732,6321799,1616919,6360719,ASER,AIBR,ASE,AIB
374,6375016,12570.0,20989.0,4170.0,1614732,6321816,1617397,6368622,ASER,AIYR,ASE,AIY
375,6375016,12570.0,20989.0,4170.0,1614732,6321816,1616282,6348663,ASER,AWCR,ASE,AWC
376,6375016,12570.0,20989.0,4170.0,1614732,6321816,1616919,6360433,ASER,AIBR,ASE,AIB
377,6375020,4328.0,20366.0,4770.0,1614732,6321908,1615831,6341385,ASER,AIYL,ASE,AIY
378,6375020,4328.0,20366.0,4770.0,1614732,6321908,1616220,6347900,ASER,AIBL,ASE,AIB
379,6375020,4328.0,20366.0,4770.0,1614732,6321908,1617632,6373514,ASER,BAGR,ASE,BAG
380,6375029,7138.0,24168.0,5130.0,1616105,6345897,1617361,6367962,ASGL,AIAL,ASG,AIA
381,6375033,6941.0,24000.0,4950.0,1616105,6345903,1617361,6367968,ASGL,AIAL,ASG,AIA
382,6375035,7057.0,24142.0,4980.0,1616105,6345902,1617361,6367967,ASGL,AIAL,ASG,AIA
383,6375031,6099.0,22981.0,4680.0,1616105,6345912,1616220,6347885,ASGL,AIBL,ASG,AIB
384,6375031,6099.0,22981.0,4680.0,1616105,6345912,1617361,6367977,ASGL,AIAL,ASG,AIA
385,6375030,5107.0,21242.0,4980.0,1616105,6345946,1617361,6367995,ASGL,AIAL,ASG,AIA
386,6375030,5107.0,21242.0,4980.0,1616105,6345946,1615785,6340489,ASGL,AIML,ASG,AIM
387,6375032,6725.0,23762.0,4800.0,1616105,6345908,1617361,6367973,ASGL,AIAL,ASG,AIA
388,6375032,6725.0,23762.0,4800.0,1616105,6345908,1617272,6366479,ASGL,AWCL,ASG,AWC
389,6375038,10197.0,24385.0,6000.0,1616434,6351270,1616563,6353645,ASGR,AIMR,ASG,AIM
390,6375038,10197.0,24385.0,6000.0,1616434,6351270,1617433,6369209,ASGR,AIAR,ASG,AIA
391,6375040,11983.0,21683.0,4260.0,1616434,6351342,1617433,6369276,ASGR,AIAR,ASG,AIA
392,6375040,11983.0,21683.0,4260.0,1616434,6351342,1616563,6353711,ASGR,AIMR,ASG,AIM
393,6375041,10145.0,24080.0,4710.0,1616434,6351312,1617433,6369251,ASGR,AIAR,ASG,AIA
394,6375041,10145.0,24080.0,4710.0,1616434,6351312,1616282,6348621,ASGR,AWCR,ASG,AWC
395,6375055,7607.0,23720.0,4890.0,1616031,6344625,1616115,6346058,ASHL,ADFL,ASH,ADF
396,6375055,7607.0,23720.0,4890.0,1616031,6344625,1616127,6346276,ASHL,AWAL,ASH,AWA
397,6375045,7746.0,23764.0,5130.0,1616031,6344617,1617141,6364314,ASHL,RIAL,ASH,RIA
398,6375045,7746.0,23764.0,5130.0,1616031,6344617,1616115,6346050,ASHL,ADFL,ASH,ADF
399,6375048,5733.0,20931.0,4740.0,1616031,6344687,1617361,6367987,ASHL,AIAL,ASH,AIA
400,6375057,5825.0,21203.0,4710.0,1616031,6344686,1617361,6367986,ASHL,AIAL,ASH,AIA
401,6375057,5825.0,21203.0,4710.0,1616031,6344686,1616207,6347684,ASHL,ASKL,ASH,ASK
402,6375056,5774.0,20780.0,4800.0,1616031,6344689,1616220,6347901,ASHL,AIBL,ASH,AIB
403,6375056,5774.0,20780.0,4800.0,1616031,6344689,1616207,6347687,ASHL,ASKL,ASH,ASK
404,6375047,6981.0,23029.0,4800.0,1616031,6344628,1617361,6367973,ASHL,AIAL,ASH,AIA
405,6375047,6981.0,23029.0,4800.0,1616031,6344628,1616220,6347881,ASHL,AIBL,ASH,AIB
406,6375054,6387.0,22675.0,4680.0,1616031,6344632,1616220,6347885,ASHL,AIBL,ASH,AIB
407,6375054,6387.0,22675.0,4680.0,1616031,6344632,1617361,6367977,ASHL,AIAL,ASH,AIA
408,6375051,6143.0,18102.0,4800.0,1616031,6344655,1615919,6342646,ASHL,ADAL,ASH,ADA
409,6375051,6143.0,18102.0,4800.0,1616031,6344655,1617247,6366003,ASHL,ALML,ASH,ALM
410,6375051,6143.0,18102.0,4800.0,1616031,6344655,1617216,6365413,ASHL,AVDL,ASH,AVD
411,6375051,6143.0,18102.0,4800.0,1616031,6344655,1615267,6330922,ASHL,AVAL,ASH,AVA
412,6375053,5699.0,20061.0,4470.0,1616031,6344678,1615919,6342622,ASHL,ADAL,ASH,ADA
413,6375053,5699.0,20061.0,4470.0,1616031,6344678,1615383,6332622,ASHL,AVDR,ASH,AVD
414,6375046,7785.0,23477.0,4950.0,1616031,6344623,1614915,6324070,ASHL,SMBDL,ASH,SMBD
415,6375046,7785.0,23477.0,4950.0,1616031,6344623,1617141,6364320,ASHL,RIAL,ASH,RIA
416,6375046,7785.0,23477.0,4950.0,1616031,6344623,1615936,6342815,ASHL,SIBVL,ASH,SIBV
417,6375073,11619.0,21468.0,4230.0,1617523,6371160,1617433,6369275,ASHR,AIAR,ASH,AIA
418,6375061,10235.0,23559.0,4680.0,1617523,6371069,1617433,6369252,ASHR,AIAR,ASH,AIA
419,6375061,10235.0,23559.0,4680.0,1617523,6371069,1616919,6360408,ASHR,AIBR,ASH,AIB
420,6375065,11353.0,21835.0,4080.0,1617523,6371089,1616919,6360431,ASHR,AIBR,ASH,AIB
421,6375065,11353.0,21835.0,4080.0,1617523,6371089,1617433,6369271,ASHR,AIAR,ASH,AIA
422,6375062,9901.0,23545.0,4770.0,1617523,6371066,1617447,6369483,ASHR,AWAR,ASH,AWA
423,6375062,9901.0,23545.0,4770.0,1617523,6371066,1614732,6321775,ASHR,ASER,ASH,ASE
424,6375062,9901.0,23545.0,4770.0,1617523,6371066,1616919,6360405,ASHR,AIBR,ASH,AIB
425,6375074,11969.0,20347.0,3960.0,1617523,6371093,1615711,6375081,ASHR,AVAR,ASH,AVA
426,6375074,11969.0,20347.0,3960.0,1617523,6371093,1615711,6367779,ASHR,AVAR,ASH,AVA
427,6375074,11969.0,20347.0,3960.0,1617523,6371093,1616066,6345410,ASHR,AVBR,ASH,AVB
428,6375066,11117.0,21561.0,3930.0,1617523,6371094,1616066,6345151,ASHR,AVBR,ASH,AVB
429,6375066,11117.0,21561.0,3930.0,1617523,6371094,1617216,6365505,ASHR,AVDL,ASH,AVD
430,6375086,11837.0,20435.0,3960.0,1617523,6371093,1615711,6375081,ASHR,AVAR,ASH,AVA
431,6375086,11837.0,20435.0,3960.0,1617523,6371093,1616066,6345410,ASHR,AVBR,ASH,AVB
432,6375086,11837.0,20435.0,3960.0,1617523,6371093,1617216,6365484,ASHR,AVDL,ASH,AVD
433,6375067,11625.0,20511.0,3900.0,1617523,6371154,1615670,6338195,ASHR,ADAR,ASH,ADA
434,6375067,11625.0,20511.0,3900.0,1617523,6371154,1616066,6345408,ASHR,AVBR,ASH,AVB
435,6375067,11625.0,20511.0,3900.0,1617523,6371154,1617216,6365482,ASHR,AVDL,ASH,AVD
436,6375067,11625.0,20511.0,3900.0,1617523,6371154,1616509,6375068,ASHR,AVJL,ASH,AVJ
437,6375060,11605.0,17921.0,4560.0,1617523,6371118,1616337,6349521,ASHR,AVJR,ASH,AVJ
438,6375060,11605.0,17921.0,4560.0,1617523,6371118,1615383,6332416,ASHR,AVDR,ASH,AVD
439,6375064,9489.0,23949.0,5250.0,1617523,6371050,1617006,6361896,ASHR,RIAR,ASH,RIA
440,6375064,9489.0,23949.0,5250.0,1617523,6371050,1616305,6348974,ASHR,RIMR,ASH,RIM
441,6375089,6211.0,23277.0,4440.0,1616194,6347453,1617272,6366491,ASIL,AWCL,ASI,AWC
442,6375087,4639.0,19746.0,5160.0,1616194,6347500,1617361,6368001,ASIL,AIAL,ASI,AIA
443,6375087,4639.0,19746.0,5160.0,1616194,6347500,1617272,6366526,ASIL,AWCL,ASI,AWC
444,6375094,8229.0,15682.0,6030.0,1616323,6349469,1614732,6321964,ASIR,ASER,ASI,ASE
445,6375093,10443.0,16275.0,5640.0,1616323,6349456,1617433,6369339,ASIR,AIAR,ASI,AIA
446,6375093,10443.0,16275.0,5640.0,1616323,6349456,1617272,6366602,ASIR,AWCL,ASI,AWC
447,6375105,10364.0,24081.0,4170.0,1616323,6375104,1616434,6351355,ASIR,ASGR,ASI,ASG
448,6375105,10364.0,24081.0,4170.0,1616323,6375104,1619858,6375106,ASIR,CEPshVR,ASI,CEPshV
449,6375105,10364.0,24081.0,4170.0,1616323,6375104,1617272,6366687,ASIR,AWCL,ASI,AWC
450,6375100,13311.0,21382.0,4230.0,1616323,6349392,1616254,6348187,ASIR,CEPshVR,ASI,CEPshV
451,6375110,6518.0,23034.0,5160.0,1616160,6346807,1617385,6368378,ASJL,PVQL,ASJ,PVQ
452,6375110,6518.0,23034.0,5160.0,1616160,6346807,1616207,6347665,ASJL,ASKL,ASJ,ASK
453,6375112,6281.0,22859.0,4980.0,1616160,6346813,1617385,6368384,ASJL,PVQL,ASJ,PVQ
454,6375112,6281.0,22859.0,4980.0,1616160,6346813,1616207,6347671,ASJL,ASKL,ASJ,ASK
455,6375113,8235.0,16954.0,5700.0,1616160,6346884,1616127,6346357,ASJL,AWAL,ASJ,AWA
456,6375113,8235.0,16954.0,5700.0,1616160,6346884,1617385,6368439,ASJL,PVQL,ASJ,PVQ
457,6375113,8235.0,16954.0,5700.0,1616160,6346884,1616207,6347755,ASJL,ASKL,ASJ,ASK
458,6375114,5831.0,20474.0,5310.0,1616160,6346848,1617385,6368470,ASJL,PVQL,ASJ,PVQ
459,6375116,9983.0,16891.0,5520.0,1617375,6368260,1615255,6330592,ASJR,ASKR,ASJ,ASK
460,6375116,9983.0,16891.0,5520.0,1617375,6368260,1617447,6369576,ASJR,AWAR,ASJ,AWA
461,6375116,9983.0,16891.0,5520.0,1617375,6368260,1617433,6369335,ASJR,AIAR,ASJ,AIA
462,6375116,9983.0,16891.0,5520.0,1617375,6368260,1616810,6358371,ASJR,PVQR,ASJ,PVQ
463,6375117,11697.0,20255.0,4890.0,1617375,6368222,1616563,6353736,ASJR,AIMR,ASJ,AIM
464,6375117,11697.0,20255.0,4890.0,1617375,6368222,1616810,6358380,ASJR,PVQR,ASJ,PVQ
465,6375118,10789.0,23341.0,4860.0,1617375,6368180,1616810,6358295,ASJR,PVQR,ASJ,PVQ
466,6375118,10789.0,23341.0,4860.0,1617375,6368180,1615255,6330509,ASJR,ASKR,ASJ,ASK
467,6375123,10798.0,23377.0,5040.0,1617375,6368174,1616810,6358289,ASJR,PVQR,ASJ,PVQ
468,6375123,10798.0,23377.0,5040.0,1617375,6368174,1615255,6330503,ASJR,ASKR,ASJ,ASK
469,6375122,11273.0,21184.0,4560.0,1617375,6368211,1616810,6358326,ASJR,PVQR,ASJ,PVQ
470,6375122,11273.0,21184.0,4560.0,1617375,6368211,1617244,6365859,ASJR,CEPshVL,ASJ,CEPshV
471,6375119,11095.0,23128.0,4560.0,1617375,6368189,1616810,6358305,ASJR,PVQR,ASJ,PVQ
472,6375119,11095.0,23128.0,4560.0,1617375,6368189,1616680,6355853,ASJR,CEPshVR,ASJ,CEPshV
473,6375126,8047.0,16762.0,5940.0,1616207,6347758,1617361,6368054,ASKL,AIAL,ASK,AIA
474,6375127,7727.0,16746.0,5880.0,1616207,6347756,1617361,6368052,ASKL,AIAL,ASK,AIA
475,6375129,4969.0,20656.0,5250.0,1616207,6347702,1617361,6368004,ASKL,AIAL,ASK,AIA
476,6375132,8456.0,16705.0,6060.0,1616207,6347762,1617361,6368058,ASKL,AIAL,ASK,AIA
477,6375133,5010.0,20447.0,5190.0,1616207,6347700,1617361,6368002,ASKL,AIAL,ASK,AIA
478,6375128,5456.0,20683.0,4950.0,1616207,6347692,1615919,6342703,ASKL,ADAL,ASK,ADA
479,6375128,5456.0,20683.0,4950.0,1616207,6347692,1617361,6367994,ASKL,AIAL,ASK,AIA
480,6375134,11951.0,21046.0,4380.0,1615255,6330539,1617433,6369280,ASKR,AIAR,ASK,AIA
481,6375135,12385.0,20786.0,4680.0,1615255,6330549,1617433,6369289,ASKR,AIAR,ASK,AIA
482,6375137,8993.0,16684.0,5970.0,1615255,6330607,1617433,6369355,ASKR,AIAR,ASK,AIA
483,6375138,9403.0,16738.0,5880.0,1615255,6330604,1617433,6369352,ASKR,AIAR,ASK,AIA
484,6375140,12314.0,20582.0,4860.0,1615255,6330555,1617433,6369295,ASKR,AIAR,ASK,AIA
485,6375136,12229.0,21104.0,4680.0,1615255,6330549,1616563,6353725,ASKR,AIMR,ASK,AIM
486,6375136,12229.0,21104.0,4680.0,1615255,6330549,1617433,6369289,ASKR,AIAR,ASK,AIA
487,6375145,4628.0,19139.0,4650.0,1616147,6346647,1617141,6364221,AUAL,RIAL,AUA,RIA
488,6375145,4628.0,19139.0,4650.0,1616147,6346647,1615267,6330677,AUAL,AVAL,AUA,AVA
489,6375155,4809.0,18824.0,4860.0,1616147,6346670,1615267,6330670,AUAL,AVAL,AUA,AVA
490,6375155,4809.0,18824.0,4860.0,1616147,6346670,1617141,6364214,AUAL,RIAL,AUA,RIA
491,6375150,5522.0,22045.0,3570.0,1616147,6346709,1617141,6364259,AUAL,RIAL,AUA,RIA
492,6375150,5522.0,22045.0,3570.0,1616147,6346709,1617615,6372987,AUAL,URXL,AUA,URX
493,6375144,7072.0,16028.0,5130.0,1616147,6346681,1616173,6347213,AUAL,RIBL,AUA,RIB
494,6375143,6660.0,16466.0,5040.0,1616147,6346684,1617190,6365280,AUAL,AVEL,AUA,AVE
495,6375143,6660.0,16466.0,5040.0,1616147,6346684,1616173,6347210,AUAL,RIBL,AUA,RIB
496,6375154,7632.0,15856.0,5010.0,1616147,6346685,1616173,6347217,AUAL,RIBL,AUA,RIB
497,6375154,7632.0,15856.0,5010.0,1616147,6346685,1617190,6365279,AUAL,AVEL,AUA,AVE
498,6375146,4392.0,19409.0,4440.0,1616147,6346640,1616173,6347105,AUAL,RIBL,AUA,RIB
499,6375146,4392.0,19409.0,4440.0,1616147,6346640,1617141,6364228,AUAL,RIAL,AUA,RIA
500,6375147,4372.0,19439.0,4380.0,1616147,6346639,1616173,6347103,AUAL,RIBL,AUA,RIB
501,6375147,4372.0,19439.0,4380.0,1616147,6346639,1617141,6364230,AUAL,RIAL,AUA,RIA
502,6375157,4311.0,19873.0,4200.0,1616147,6346633,1616173,6347097,AUAL,RIBL,AUA,RIB
503,6375157,4311.0,19873.0,4200.0,1616147,6346633,1617141,6364236,AUAL,RIAL,AUA,RIA
504,6375151,5658.0,22301.0,3630.0,1616147,6346707,1616173,6347065,AUAL,RIBL,AUA,RIB
505,6375151,5658.0,22301.0,3630.0,1616147,6346707,1617615,6372985,AUAL,URXL,AUA,URX
506,6375151,5658.0,22301.0,3630.0,1616147,6346707,1617141,6364261,AUAL,RIAL,AUA,RIA
507,6375159,12982.0,18922.0,4380.0,1616351,6349891,1615711,6339029,AUAR,AVAR,AUA,AVA
508,6375159,12982.0,18922.0,4380.0,1616351,6349891,1617006,6361777,AUAR,RIAR,AUA,RIA
509,6375160,13140.0,19372.0,3990.0,1616351,6349875,1615711,6339042,AUAR,AVAR,AUA,AVA
510,6375160,13140.0,19372.0,3990.0,1616351,6349875,1617006,6361790,AUAR,RIAR,AUA,RIA
511,6375163,11176.0,22905.0,3090.0,1616351,6375164,1615192,6329482,AUAR,URXR,AUA,URX
512,6375163,11176.0,22905.0,3090.0,1616351,6375164,1617006,6361828,AUAR,RIAR,AUA,RIA
513,6375158,10878.0,16456.0,4800.0,1616351,6349924,1617328,6367345,AUAR,AVER,AUA,AVE
514,6375158,10878.0,16456.0,4800.0,1616351,6349924,1615564,6335973,AUAR,RIBR,AUA,RIB
515,6375166,9954.0,16040.0,4830.0,1616351,6349928,1615564,6335974,AUAR,RIBR,AUA,RIB
516,6375166,9954.0,16040.0,4830.0,1616351,6349928,1617328,6367346,AUAR,AVER,AUA,AVE
517,6375161,13136.0,19504.0,3810.0,1616351,6349869,1615564,6336068,AUAR,RIBR,AUA,RIB
518,6375161,13136.0,19504.0,3810.0,1616351,6349869,1617006,6361796,AUAR,RIAR,AUA,RIA
519,6375162,11274.0,22702.0,3000.0,1616351,6349951,1615192,6329484,AUAR,URXR,AUA,URX
520,6375162,11274.0,22702.0,3000.0,1616351,6349951,1615564,6335901,AUAR,RIBR,AUA,RIB
521,6375162,11274.0,22702.0,3000.0,1616351,6349951,1617006,6361825,AUAR,RIAR,AUA,RIA
522,6375168,10271.0,16119.0,4830.0,1616351,6349928,1615564,6335974,AUAR,RIBR,AUA,RIB
523,6375168,10271.0,16119.0,4830.0,1616351,6349928,1617328,6367346,AUAR,AVER,AUA,AVE
524,6375169,10570.0,16252.0,4830.0,1616351,6349928,1615564,6335974,AUAR,RIBR,AUA,RIB
525,6375169,10570.0,16252.0,4830.0,1616351,6349928,1617328,6367346,AUAR,AVER,AUA,AVE
526,15137496,12537.0,21479.0,3360.0,1616351,6349856,1615564,6335924,AUAR,RIBR,AUA,RIB
527,15137496,12537.0,21479.0,3360.0,1616351,6349856,1615192,6329469,AUAR,URXR,AUA,URX
528,6375173,11512.0,22074.0,3570.0,1615103,6327832,1616374,6350325,AVHL,ADFR,AVH,ADF
529,6375173,11512.0,22074.0,3570.0,1615103,6327832,1616411,6351174,AVHL,AIZR,AVH,AIZ
530,6375173,11512.0,22074.0,3570.0,1615103,6327832,1617514,6370895,AVHL,AFDR,AVH,AFD
531,6375172,10062.0,23041.0,4200.0,1615103,6327874,1616609,6354550,AVHL,DVA,AVH,DVA
532,6375176,12036.0,17950.0,4500.0,1615103,6327787,1616374,6350369,AVHL,ADFR,AVH,ADF
533,6375176,12036.0,17950.0,4500.0,1615103,6327787,1615229,6330360,AVHL,RIR,AVH,RIR
534,6375179,11720.0,21658.0,3450.0,1615103,6327997,1615229,6330324,AVHL,RIR,AVH,RIR
535,6375179,11720.0,21658.0,3450.0,1615103,6327997,1616374,6350330,AVHL,ADFR,AVH,ADF
536,6375179,11720.0,21658.0,3450.0,1615103,6327997,1617653,6373638,AVHL,OLQVR,AVH,OLQV
537,6375177,12314.0,19804.0,4020.0,1615103,6327811,1617523,6371091,AVHL,ASHR,AVH,ASH
538,6375177,12314.0,19804.0,4020.0,1615103,6327811,1615192,6329448,AVHL,URXR,AVH,URX
539,6375181,5474.0,21421.0,3960.0,1616008,6344192,1615229,6330219,AVHR,RIR,AVH,RIR
540,6375181,5474.0,21421.0,3960.0,1616008,6344192,1616115,6346101,AVHR,ADFL,AVH,ADF
541,6375180,5246.0,20465.0,4320.0,1616008,6344180,1616821,6358521,AVHR,AWBL,AVH,AWB
542,6375180,5246.0,20465.0,4320.0,1616008,6344180,1616042,6344866,AVHR,AIZL,AVH,AIZ
543,6375185,5318.0,20833.0,4230.0,1616008,6344183,1616821,6358518,AVHR,AWBL,AVH,AWB
544,6375185,5318.0,20833.0,4230.0,1616008,6344183,1616042,6344863,AVHR,AIZL,AVH,AIZ
545,6375185,5318.0,20833.0,4230.0,1616008,6344183,1616127,6346363,AVHR,AWAL,AVH,AWA
546,6375183,6690.0,22467.0,4350.0,1616008,6344217,1616821,6358502,AVHR,AWBL,AVH,AWB
547,6375182,6390.0,22137.0,4290.0,1616008,6344215,1616022,6344463,AVHR,PVPL,AVH,PVP
548,6375187,9415.0,24489.0,6240.0,1616509,6352998,1616066,6345076,AVJL,AVBR,AVJ,AVB
549,6375187,9415.0,24489.0,6240.0,1616509,6352998,1617397,6368527,AVJL,AIYR,AVJ,AIY
550,6375202,10311.0,17234.0,4620.0,1616337,6375203,1616509,6352815,AVJR,AVJL,AVJ,AVJ
551,6375202,10311.0,17234.0,4620.0,1616337,6375203,1616066,6345186,AVJR,AVBR,AVJ,AVB
552,6375190,8145.0,24330.0,6300.0,1616337,6349639,1615831,6341275,AVJR,AIYL,AVJ,AIY
553,6375190,8145.0,24330.0,6300.0,1616337,6349639,1615815,6340881,AVJR,SMBVL,AVJ,SMBV
554,6375211,7994.0,23069.0,4260.0,1615404,6332761,1617328,6367508,AVKL,AVER,AVK,AVE
555,6375210,8366.0,15728.0,4080.0,1615404,6332862,1616305,6349117,AVKL,RIMR,AVK,RIM
556,6375210,8366.0,15728.0,4080.0,1615404,6332862,1617328,6367367,AVKL,AVER,AVK,AVE
557,6375209,10034.0,15824.0,3960.0,1615404,6333133,1615601,6336727,AVKL,RIML,AVK,RIM
558,6375209,10034.0,15824.0,3960.0,1615404,6333133,1615895,6342459,AVKL,SMDVR,AVK,SMDV
559,6375209,10034.0,15824.0,3960.0,1615404,6333133,1617190,6364985,AVKL,AVEL,AVK,AVE
560,6375205,12484.0,18574.0,2850.0,1615404,6332905,1615601,6336867,AVKL,RIML,AVK,RIM
561,6375205,12484.0,18574.0,2850.0,1615404,6332905,1615544,6335697,AVKL,RMDR,AVK,RMDL/R
562,6375205,12484.0,18574.0,2850.0,1615404,6332905,1615641,6337656,AVKL,SAAVR,AVK,SAAV
563,6375213,5130.0,18484.0,3570.0,1615404,6332833,1616305,6349147,AVKL,RIMR,AVK,RIM
564,6375213,5130.0,18484.0,3570.0,1615404,6332833,1616455,6352017,AVKL,SAAVL,AVK,SAAV
565,6375213,5130.0,18484.0,3570.0,1615404,6332833,1617478,6370132,AVKL,RMGL,AVK,RMG
566,6375204,9076.0,23278.0,3300.0,1615404,6332966,1615601,6336789,AVKL,RIML,AVK,RIM
567,6375204,9076.0,23278.0,3300.0,1615404,6332966,1615503,6334721,AVKL,RIS,AVK,RIS
568,6375225,7379.0,23019.0,3030.0,1615985,6344034,1616305,6349201,AVKR,RIMR,AVK,RIM
569,6375225,7379.0,23019.0,3030.0,1615985,6344034,1617328,6367463,AVKR,AVER,AVK,AVE
570,6375222,5421.0,20897.0,2820.0,1615985,6343864,1615313,6331283,AVKR,RMDL,AVK,RMDL/R
571,6375222,5421.0,20897.0,2820.0,1615985,6343864,1616305,6349183,AVKR,RIMR,AVK,RIM
572,6375223,5319.0,20987.0,2610.0,1615985,6344048,1615313,6331290,AVKR,RMDL,AVK,RMDL/R
573,6375223,5319.0,20987.0,2610.0,1615985,6344048,1615503,6334883,AVKR,RIS,AVK,RIS
574,6375219,12808.0,18500.0,3120.0,1615985,6343764,1616393,6350825,AVKR,RIGR,AVK,RIG
575,6375219,12808.0,18500.0,3120.0,1615985,6343764,1616978,6361447,AVKR,SAADR,AVK,SAAD
576,6375221,8312.0,15754.0,4350.0,1615985,6343808,1617328,6367359,AVKR,AVER,AVK,AVE
577,6375221,8312.0,15754.0,4350.0,1615985,6343808,1616305,6349109,AVKR,RIMR,AVK,RIM
578,6375221,8312.0,15754.0,4350.0,1615985,6343808,1616978,6361508,AVKR,SAADR,AVK,SAAD
579,6375342,12882.0,19908.0,2070.0,1615465,6333971,1615873,6342056,AVL,RMER,AVL,RMEL/R
580,6375342,12882.0,19908.0,2070.0,1615465,6333971,1617632,6373282,AVL,BAGR,AVL,BAG
581,6375343,4725.0,20095.0,2640.0,1615465,6333849,1615620,6337225,AVL,RMEL,AVL,RMEL/R
582,6375343,4725.0,20095.0,2640.0,1615465,6333849,1615503,6334873,AVL,RIS,AVL,RIS
583,6375350,5403.0,21077.0,4290.0,1616127,6346361,1617178,6364777,AWAL,ADLL,AWA,ADL
584,6375353,5403.0,19897.0,4950.0,1616127,6346321,1615815,6340982,AWAL,SMBVL,AWA,SMBV
585,6375353,5403.0,19897.0,4950.0,1616127,6346321,1617178,6364755,AWAL,ADLL,AWA,ADL
586,6375351,5157.0,21059.0,4290.0,1616127,6346361,1616042,6344865,AWAL,AIZL,AWA,AIZ
587,6375357,5240.0,19520.0,5040.0,1616127,6346324,1617295,6367002,AWAL,ASEL,AWA,ASE
588,6375357,5240.0,19520.0,5040.0,1616127,6346324,1616042,6344894,AWAL,AIZL,AWA,AIZ
589,6375352,5251.0,20847.0,4260.0,1616127,6346362,1616821,6358519,AWAL,AWBL,AWA,AWB
590,6375352,5251.0,20847.0,4260.0,1616127,6346362,1616008,6344182,AWAL,AVHR,AWA,AVH
591,6375352,5251.0,20847.0,4260.0,1616127,6346362,1616042,6344864,AWAL,AIZL,AWA,AIZ
592,6375354,8085.0,16647.0,5280.0,1616127,6346345,1616821,6358571,AWAL,AWBL,AWA,AWB
593,6375354,8085.0,16647.0,5280.0,1616127,6346345,1617295,6366990,AWAL,ASEL,AWA,ASE
594,6375355,8679.0,16381.0,5310.0,1616127,6346346,1617501,6370733,AWAL,AWBR,AWA,AWB
595,6375355,8679.0,16381.0,5310.0,1616127,6346346,1616821,6358572,AWAL,AWBL,AWA,AWB
596,6375358,9747.0,16633.0,5160.0,1617447,6369565,1614732,6321850,AWAR,ASER,AWA,ASE
597,6375358,9747.0,16633.0,5160.0,1617447,6369565,1616374,6350392,AWAR,ADFR,AWA,ADF
598,6375360,11855.0,17819.0,4680.0,1617447,6369549,1617433,6369308,AWAR,AIAR,AWA,AIA
599,6375360,11855.0,17819.0,4680.0,1617447,6369549,1617501,6370711,AWAR,AWBR,AWA,AWB
600,6375360,11855.0,17819.0,4680.0,1617447,6369549,1616411,6351124,AWAR,AIZR,AWA,AIZ
601,6375361,12299.0,20027.0,4530.0,1617447,6369542,1614732,6321828,AWAR,ASER,AWA,ASE
602,6375361,12299.0,20027.0,4530.0,1617447,6369542,1617343,6367761,AWAR,ADLR,AWA,ADL
603,6375359,9717.0,16641.0,5490.0,1617447,6369575,1617433,6369334,AWAR,AIAR,AWA,AIA
604,6375359,9717.0,16641.0,5490.0,1617447,6369575,1617375,6368259,AWAR,ASJR,AWA,ASJ
605,6375362,12125.0,20243.0,4290.0,1617447,6369534,1617501,6370694,AWAR,AWBR,AWA,AWB
606,6375362,12125.0,20243.0,4290.0,1617447,6369534,1617343,6367769,AWAR,ADLR,AWA,ADL
607,6375365,11966.0,21337.0,3870.0,1617447,6369521,1617501,6370681,AWAR,AWBR,AWA,AWB
608,6375365,11966.0,21337.0,3870.0,1617447,6369521,1617343,6367802,AWAR,ADLR,AWA,ADL
609,6375363,9614.0,23944.0,4500.0,1617447,6369491,1617397,6368584,AWAR,AIYR,AWA,AIY
610,6375363,9614.0,23944.0,4500.0,1617447,6369491,1617501,6370648,AWAR,AWBR,AWA,AWB
611,6375367,5241.0,19599.0,4860.0,1616821,6358539,1616042,6344888,AWBL,AIZL,AWB,AIZ
612,6375367,5241.0,19599.0,4860.0,1616821,6358539,1616115,6346132,AWBL,ADFL,AWB,ADF
613,6375368,7347.0,23587.0,4470.0,1616821,6358497,1616042,6344808,AWBL,AIZL,AWB,AIZ
614,6375368,7347.0,23587.0,4470.0,1616821,6358497,1616115,6346072,AWBL,ADFL,AWB,ADF
615,6375376,6880.0,16832.0,5220.0,1616821,6358554,1616115,6346154,AWBL,ADFL,AWB,ADF
616,6375376,6880.0,16832.0,5220.0,1616821,6358554,1616042,6344958,AWBL,AIZL,AWB,AIZ
617,6375369,5496.0,19673.0,4680.0,1616821,6358533,1617615,6372940,AWBL,URXL,AWB,URX
618,6375380,12061.0,17984.0,4560.0,1617501,6370738,1616374,6350371,AWBR,ADFR,AWB,ADF
619,6375380,12061.0,17984.0,4560.0,1617501,6370738,1616411,6351120,AWBR,AIZR,AWB,AIZ
620,6375378,12263.0,19939.0,4200.0,1617501,6370691,1616374,6350354,AWBR,ADFR,AWB,ADF
621,6375378,12263.0,19939.0,4200.0,1617501,6370691,1617447,6369531,AWBR,AWAR,AWB,AWA
622,6375377,10309.0,23307.0,3870.0,1617501,6370667,1616489,6352452,AWBR,SMBVR,AWB,SMBV
623,6375377,10309.0,23307.0,3870.0,1617501,6370667,1616374,6350315,AWBR,ADFR,AWB,ADF
624,6375379,8892.0,16488.0,5070.0,1617501,6370726,1616042,6344943,AWBR,AIZL,AWB,AIZ
625,6375400,8220.0,16242.0,5850.0,1617272,6366717,1617361,6368051,AWCL,AIAL,AWC,AIA
626,6375403,4611.0,20182.0,5220.0,1617272,6366528,1617361,6368003,AWCL,AIAL,AWC,AIA
627,6375385,6265.0,23331.0,4650.0,1617272,6366484,1616220,6347886,AWCL,AIBL,AWC,AIB
628,6375385,6265.0,23331.0,4650.0,1617272,6366484,1617361,6368068,AWCL,AIAL,AWC,AIA
629,6375399,7556.0,16406.0,5730.0,1617272,6366720,1614732,6321948,AWCL,ASER,AWC,ASE
630,6375399,7556.0,16406.0,5730.0,1617272,6366720,1617361,6368047,AWCL,AIAL,AWC,AIA
631,6375399,7556.0,16406.0,5730.0,1617272,6366720,1616220,6348173,AWCL,AIBL,AWC,AIB
632,6375390,4690.0,21025.0,4590.0,1617272,6366505,1616220,6347894,AWCL,AIBL,AWC,AIB
633,6375390,4690.0,21025.0,4590.0,1617272,6366505,1615831,6341379,AWCL,AIYL,AWC,AIY
634,6375390,4690.0,21025.0,4590.0,1617272,6366505,1614732,6321915,AWCL,ASER,AWC,ASE
635,6375396,12574.0,18319.0,4680.0,1617272,6366633,1617433,6369308,AWCL,AIAR,AWC,AIA
636,6375396,12574.0,18319.0,4680.0,1617272,6366633,1616919,6360707,AWCL,AIBR,AWC,AIB
637,6375397,10190.0,16120.0,5580.0,1617272,6366604,1617433,6369337,AWCL,AIAR,AWC,AIA
638,6375397,10190.0,16120.0,5580.0,1617272,6366604,1616919,6360483,AWCL,AIBR,AWC,AIB
639,6375391,12554.0,21606.0,4020.0,1617272,6366662,1616282,6375392,AWCL,AWCR,AWC,AWC
640,6375391,12554.0,21606.0,4020.0,1617272,6366662,1617397,6368618,AWCL,AIYR,AWC,AIY
641,6375391,12554.0,21606.0,4020.0,1617272,6366662,1616919,6374946,AWCL,AIBR,AWC,AIB
642,6375395,13110.0,20465.0,4500.0,1617272,6366641,1616919,6360444,AWCL,AIBR,AWC,AIB
643,6375395,13110.0,20465.0,4500.0,1617272,6366641,1617397,6368699,AWCL,AIYR,AWC,AIY
644,6375395,13110.0,20465.0,4500.0,1617272,6366641,1616282,6348678,AWCL,AWCR,AWC,AWC
645,6375401,8576.0,16256.0,5730.0,1617272,6366724,1614732,6321954,AWCL,ASER,AWC,ASE
646,6375401,8576.0,16256.0,5730.0,1617272,6366724,1616919,6360696,AWCL,AIBR,AWC,AIB
647,6375401,8576.0,16256.0,5730.0,1617272,6366724,1617433,6369347,AWCL,AIAR,AWC,AIA
648,6375386,6092.0,22978.0,4500.0,1617272,6366489,1615831,6375389,AWCL,AIYL,AWC,AIY
649,6375386,6092.0,22978.0,4500.0,1617272,6366489,1617295,6366850,AWCL,ASEL,AWC,ASE
650,6375386,6092.0,22978.0,4500.0,1617272,6366489,1616105,6345922,AWCL,ASGL,AWC,ASG
651,6375394,12418.0,21532.0,4260.0,1617272,6366654,1616282,6348666,AWCL,AWCR,AWC,AWC
652,6375394,12418.0,21532.0,4260.0,1617272,6366654,1617433,6369276,AWCL,AIAR,AWC,AIA
653,6375410,4478.0,20082.0,4890.0,1616282,6348795,1616220,6347904,AWCR,AIBL,AWC,AIB
654,6375410,4478.0,20082.0,4890.0,1616282,6348795,1615831,6341389,AWCR,AIYL,AWC,AIY
655,6375406,9704.0,16164.0,5730.0,1616282,6348733,1617397,6368678,AWCR,AIYR,AWC,AIY
656,6375406,9704.0,16164.0,5730.0,1616282,6348733,1616919,6360696,AWCR,AIBR,AWC,AIB
657,6375408,12818.0,21120.0,4230.0,1616282,6348665,1617397,6368624,AWCR,AIYR,AWC,AIY
658,6375408,12818.0,21120.0,4230.0,1616282,6348665,1616919,6360435,AWCR,AIBR,AWC,AIB
659,6375409,10884.0,23476.0,3900.0,1616282,6348648,1617397,6368602,AWCR,AIYR,AWC,AIY
660,6375409,10884.0,23476.0,3900.0,1616282,6348648,1616919,6360723,AWCR,AIBR,AWC,AIB
661,6375411,12993.0,20300.0,4530.0,1616282,6348677,1616919,6360445,AWCR,AIBR,AWC,AIB
662,6375411,12993.0,20300.0,4530.0,1616282,6348677,1617397,6368700,AWCR,AIYR,AWC,AIY
663,6375412,12519.0,21330.0,4080.0,1616282,6348661,1617397,6368620,AWCR,AIYR,AWC,AIY
664,6375412,12519.0,21330.0,4080.0,1616282,6348661,1616919,6360431,AWCR,AIBR,AWC,AIB
665,6375407,9850.0,16224.0,5640.0,1616282,6348731,1617272,6366602,AWCR,AWCL,AWC,AWC
666,6375407,9850.0,16224.0,5640.0,1616282,6348731,1617397,6368675,AWCR,AIYR,AWC,AIY
667,6375415,4643.0,20958.0,4890.0,1616282,6348813,1617361,6367992,AWCR,AIAL,AWC,AIA
668,6375415,4643.0,20958.0,4890.0,1616282,6348813,1617272,6366515,AWCR,AWCL,AWC,AWC
669,6375405,4434.0,20759.0,4770.0,1616282,6348817,1615831,6341384,AWCR,AIYL,AWC,AIY
670,6375405,4434.0,20759.0,4770.0,1616282,6348817,1616220,6347900,AWCR,AIBL,AWC,AIB
671,6375405,4434.0,20759.0,4770.0,1616282,6348817,1617632,6373514,AWCR,BAGR,AWC,BAG
672,6375419,12754.0,20820.0,2940.0,1615798,6340718,1616393,6350761,BAGL,RIGR,BAG,RIG
673,6375419,12754.0,20820.0,2940.0,1615798,6340718,1617006,6362159,BAGL,RIAR,BAG,RIA
674,6375420,12862.0,21640.0,3420.0,1615798,6340763,1617102,6363702,BAGL,AINL,BAG,AIN
675,6375420,12862.0,21640.0,3420.0,1615798,6340763,1615564,6336076,BAGL,RIBR,BAG,RIB
676,6375418,13036.0,21394.0,3270.0,1615798,6340707,1617006,6361812,BAGL,RIAR,BAG,RIA
677,6375418,13036.0,21394.0,3270.0,1615798,6340707,1615564,6335921,BAGL,RIBR,BAG,RIB
678,6375434,10984.0,22788.0,2790.0,1615798,6340749,1617006,6362155,BAGL,RIAR,BAG,RIA
679,6375434,10984.0,22788.0,2790.0,1615798,6340749,1615564,6336079,BAGL,RIBR,BAG,RIB
680,6375437,10994.0,22384.0,2850.0,1615798,6340735,1615564,6335907,BAGL,RIBR,BAG,RIB
681,6375437,10994.0,22384.0,2850.0,1615798,6340735,1617006,6362154,BAGL,RIAR,BAG,RIA
682,6375449,4670.0,20588.0,3630.0,1617632,6375448,1615357,6332209,BAGR,RIGL,BAG,RIG
683,6375449,4670.0,20588.0,3630.0,1617632,6375448,1617141,6364255,BAGR,RIAL,BAG,RIA
684,6375444,4076.0,20470.0,3900.0,1617632,6373418,1617141,6364246,BAGR,RIAL,BAG,RIA
685,6375444,4076.0,20470.0,3900.0,1617632,6373418,1616173,6347087,BAGR,RIBL,BAG,RIB
686,6375464,6696.0,20613.0,4620.0,1615731,6339458,1616591,6354288,BDUL,PVR,BDU,PVR
687,6375464,6696.0,20613.0,4620.0,1615731,6339458,1615301,6331193,BDUL,CEPshVL,BDU,CEPshV
688,6375460,7542.0,23644.0,5820.0,1615731,6339376,1616337,6349622,BDUL,AVJR,BDU,AVJ
689,6375460,7542.0,23644.0,5820.0,1615731,6339376,1615847,6341511,BDUL,RIFL,BDU,RIF
690,6375459,7733.0,24125.0,7380.0,1615731,6339324,1616008,6344316,BDUL,AVHR,BDU,AVH
691,6375459,7733.0,24125.0,7380.0,1615731,6339324,1616337,6349675,BDUL,AVJR,BDU,AVJ
692,6375459,7733.0,24125.0,7380.0,1615731,6339324,1615847,6341459,BDUL,RIFL,BDU,RIF
693,6375466,8977.0,16947.0,4680.0,1615731,6339444,1616509,6352813,BDUL,AVJL,BDU,AVJ
694,6375466,8977.0,16947.0,4680.0,1615731,6339444,1615338,6375467,BDUL,SIBDR,BDU,SIBD
695,6375457,6941.0,17538.0,4980.0,1615731,6339433,1616087,6345561,BDUL,AVBL,BDU,AVB
696,6375457,6941.0,17538.0,4980.0,1615731,6339433,1617553,6371556,BDUL,URADL,BDU,URAD
697,6375469,10905.0,20401.0,4230.0,1616538,6353348,1616591,6354216,BDUR,PVR,BDU,PVR
698,6375469,10905.0,20401.0,4230.0,1616538,6353348,1615870,6341751,BDUR,CEPshVR,BDU,CEPshV
699,6375472,10594.0,22798.0,5010.0,1616538,6353287,1616591,6354184,BDUR,PVR,BDU,PVR
700,6375472,10594.0,22798.0,5010.0,1616538,6353287,1616302,6348881,BDUR,CEPshVR,BDU,CEPshV
701,6375473,9805.0,24383.0,7020.0,1616538,6353223,1616087,6345760,BDUR,AVBL,BDU,AVB
702,6375473,9805.0,24383.0,7020.0,1616538,6353223,1616646,6355242,BDUR,PVCR,BDU,PVC
703,6375476,7258.0,16148.0,3330.0,1617598,6372797,1617328,6367393,CEPDL,AVER,CEPD,AVE
704,6375476,7258.0,16148.0,3330.0,1617598,6372797,1615586,6336461,CEPDL,OLLL,CEPD,OLL
705,6375478,5621.0,17581.0,3180.0,1617598,6372781,1617328,6367398,CEPDL,AVER,CEPD,AVE
706,6375478,5621.0,17581.0,3180.0,1617598,6372781,1615586,6375477,CEPDL,OLLL,CEPD,OLL
707,6375481,5249.0,18607.0,2790.0,1617598,6372770,1615586,6336439,CEPDL,OLLL,CEPD,OLL
708,6375481,5249.0,18607.0,2790.0,1617598,6372770,1617411,6369117,CEPDL,RMDVL,CEPD,RMDV
709,6375481,5249.0,18607.0,2790.0,1617598,6372770,1617328,6367411,CEPDL,AVER,CEPD,AVE
710,6375488,5278.0,18065.0,2880.0,1617598,6372773,1617328,6367406,CEPDL,AVER,CEPD,AVE
711,6375488,5278.0,18065.0,2880.0,1617598,6372773,1617411,6368767,CEPDL,RMDVL,CEPD,RMDV
712,6375488,5278.0,18065.0,2880.0,1617598,6372773,1615586,6336442,CEPDL,OLLL,CEPD,OLL
713,6375482,7218.0,17616.0,4170.0,1617598,6372713,1617553,6371580,CEPDL,URADL,CEPD,URAD
714,6375482,7218.0,17616.0,4170.0,1617598,6372713,1615699,6338879,CEPDL,RIPL,CEPD,RIP
715,6375482,7218.0,17616.0,4170.0,1617598,6372713,1616591,6354259,CEPDL,PVR,CEPD,PVR
716,6375487,6460.0,18150.0,4350.0,1617598,6372700,1617026,6362462,CEPDL,RICL,CEPD,RIC
717,6375487,6460.0,18150.0,4350.0,1617598,6372700,1617564,6371764,CEPDL,OLQDL,CEPD,OLQD
718,6375487,6460.0,18150.0,4350.0,1617598,6372700,1616573,6353995,CEPDL,RICR,CEPD,RIC
719,6375492,10974.0,16468.0,3120.0,1615169,6329085,1615054,6326799,CEPDR,OLLR,CEPD,OLL
720,6375492,10974.0,16468.0,3120.0,1615169,6329085,1617190,6365010,CEPDR,AVEL,CEPD,AVE
721,6375497,12048.0,17546.0,2700.0,1615169,6329072,1615961,6343217,CEPDR,RMDVR,CEPD,RMDV
722,6375497,12048.0,17546.0,2700.0,1615169,6329072,1615054,6326786,CEPDR,OLLR,CEPD,OLL
723,6375497,12048.0,17546.0,2700.0,1615169,6329072,1617190,6365022,CEPDR,AVEL,CEPD,AVE
724,6375509,12337.0,18019.0,2460.0,1615169,6329064,1617190,6365030,CEPDR,AVEL,CEPD,AVE
725,6375509,12337.0,18019.0,2460.0,1615169,6329064,1615961,6343209,CEPDR,RMDVR,CEPD,RMDV
726,6375509,12337.0,18019.0,2460.0,1615169,6329064,1615054,6326778,CEPDR,OLLR,CEPD,OLL
727,6375498,12364.0,18446.0,2370.0,1615169,6329061,1615054,6326775,CEPDR,OLLR,CEPD,OLL
728,6375498,12364.0,18446.0,2370.0,1615169,6329061,1615961,6343206,CEPDR,RMDVR,CEPD,RMDV
729,6375498,12364.0,18446.0,2370.0,1615169,6329061,1617190,6365033,CEPDR,AVEL,CEPD,AVE
730,6375493,10666.0,16398.0,3060.0,1615169,6329083,1615054,6326797,CEPDR,OLLR,CEPD,OLL
731,6375493,10666.0,16398.0,3060.0,1615169,6329083,1615961,6343511,CEPDR,RMDVR,CEPD,RMDV
732,6375507,11560.0,18860.0,3690.0,1615169,6328997,1616443,6375504,CEPDR,URBR,CEPD,URB
733,6375507,11560.0,18860.0,3690.0,1615169,6328997,1617026,6362352,CEPDR,RICL,CEPD,RIC
734,6375490,11235.0,18199.0,3990.0,1615169,6328981,1615024,6325999,CEPDR,IL1DR,CEPD,IL1D
735,6375490,11235.0,18199.0,3990.0,1615169,6328981,1615069,6326995,CEPDR,OLQDR,CEPD,OLQD
736,6375490,11235.0,18199.0,3990.0,1615169,6328981,1616573,6353963,CEPDR,RICR,CEPD,RIC
737,6375508,10546.0,17508.0,3870.0,1615169,6328991,1617026,6362345,CEPDR,RICL,CEPD,RIC
738,6375508,10546.0,17508.0,3870.0,1615169,6328991,1616573,6353955,CEPDR,RICR,CEPD,RIC
739,6375508,10546.0,17508.0,3870.0,1615169,6328991,1615081,6327342,CEPDR,URADR,CEPD,URAD
740,6375519,5822.0,20690.0,2340.0,1615529,6335331,1617119,6364089,CEPVL,RMDDL,CEPV,RMDD
741,6375522,6278.0,21286.0,2400.0,1615529,6335329,1615586,6336495,CEPVL,OLLL,CEPV,OLL
742,6375522,6278.0,21286.0,2400.0,1615529,6335329,1617119,6363830,CEPVL,RMDDL,CEPV,RMDD
743,6375523,7417.0,20682.0,3360.0,1615529,6335387,1616591,6354345,CEPVL,PVR,CEPV,PVR
744,6375523,7417.0,20682.0,3360.0,1615529,6335387,1615699,6338981,CEPVL,RIPL,CEPV,RIP
745,6375523,7417.0,20682.0,3360.0,1615529,6335387,1616365,6350096,CEPVL,OLQVL,CEPV,OLQV
746,6375513,7155.0,21523.0,3990.0,1615529,6335266,1617026,6362289,CEPVL,RICL,CEPV,RIC
747,6375513,7155.0,21523.0,3990.0,1615529,6335266,1616573,6354042,CEPVL,RICR,CEPV,RIC
748,6375518,6810.0,20582.0,3840.0,1615529,6335374,1617026,6362302,CEPVL,RICL,CEPV,RIC
749,6375518,6810.0,20582.0,3840.0,1615529,6335374,1616573,6354033,CEPVL,RICR,CEPV,RIC
750,6375518,6810.0,20582.0,3840.0,1615529,6335374,1616365,6350083,CEPVL,OLQVL,CEPV,OLQV
751,6375515,7432.0,22248.0,2610.0,1615529,6335312,1615586,6336509,CEPVL,OLLL,CEPV,OLL
752,6375515,7432.0,22248.0,2610.0,1615529,6335312,1615895,6342383,CEPVL,SMDVR,CEPV,SMDV
753,6646352,11386.0,21096.0,1740.0,1615120,6328253,1617190,6365063,CEPVR,AVEL,CEPV,AVE
754,6646352,11386.0,21096.0,1740.0,1615120,6328253,1616878,6359686,CEPVR,RMDDR,CEPV,RMDD
755,6646352,11386.0,21096.0,1740.0,1615120,6328253,1615054,6326882,CEPVR,OLLR,CEPV,OLL
756,6646353,11116.0,21460.0,1830.0,1615120,6328250,1617190,6365066,CEPVR,AVEL,CEPV,AVE
757,6646353,11116.0,21460.0,1830.0,1615120,6328250,1616878,6359683,CEPVR,RMDDR,CEPV,RMDD
758,6646353,11116.0,21460.0,1830.0,1615120,6328250,1615054,6326854,CEPVR,OLLR,CEPV,OLL
759,6646354,10906.0,21774.0,2100.0,1615120,6328233,1615054,6326862,CEPVR,OLLR,CEPV,OLL
760,6646354,10906.0,21774.0,2100.0,1615120,6328233,1616626,6355153,CEPVR,SMDVL,CEPV,SMDV
761,6646358,9454.0,22248.0,2370.0,1615120,6328225,1616626,6355144,CEPVR,SMDVL,CEPV,SMDV
762,6646358,9454.0,22248.0,2370.0,1615120,6328225,1614867,6323458,CEPVR,URYVR,CEPV,URYV
763,6646358,9454.0,22248.0,2370.0,1615120,6328225,1615054,6326870,CEPVR,OLLR,CEPV,OLL
764,6646364,10670.0,20776.0,3450.0,1615120,6328160,1616443,6351574,CEPVR,URBR,CEPV,URB
765,6646364,10670.0,20776.0,3450.0,1615120,6328160,1616573,6353935,CEPVR,RICR,CEPV,RIC
766,6646364,10670.0,20776.0,3450.0,1615120,6328160,1617653,6373656,CEPVR,OLQVR,CEPV,OLQV
767,6646365,10294.0,21458.0,3510.0,1615120,6328154,1616573,6353926,CEPVR,RICR,CEPV,RIC
768,6646365,10294.0,21458.0,3510.0,1615120,6328154,1615040,6326265,CEPVR,RIPR,CEPV,RIP
769,6646363,9956.0,20806.0,3150.0,1615120,6328169,1617653,6373666,CEPVR,OLQVR,CEPV,OLQV
770,6646363,9956.0,20806.0,3150.0,1615120,6328169,1617535,6371287,CEPVR,URAVR,CEPV,URAV
771,6646360,10367.0,21779.0,3630.0,1615120,6328148,1615135,6328361,CEPVR,IL1VR,CEPV,IL1V
772,6646360,10367.0,21779.0,3630.0,1615120,6328148,1617026,6362381,CEPVR,RICL,CEPV,RIC
773,6646360,10367.0,21779.0,3630.0,1615120,6328148,1614867,6323402,CEPVR,URYVR,CEPV,URYV
774,6646360,10367.0,21779.0,3630.0,1615120,6328148,1616573,6353922,CEPVR,RICR,CEPV,RIC
775,6646404,8188.0,23066.0,5820.0,1616609,6354732,1615711,6339189,DVA,AVAR,DVA,AVA
776,6646404,8188.0,23066.0,5820.0,1616609,6354732,1615919,6342532,DVA,ADAL,DVA,ADA
777,6646405,6338.0,16974.0,4710.0,1616609,6354632,1616042,6344947,DVA,AIZL,DVA,AIZ
778,6646405,6338.0,16974.0,4710.0,1616609,6354632,1617190,6364953,DVA,AVEL,DVA,AVE
779,6646410,7244.0,16618.0,4860.0,1616609,6354630,1615229,6330281,DVA,RIR,DVA,RIR
780,6646410,7244.0,16618.0,4860.0,1616609,6354630,1616042,6344925,DVA,AIZL,DVA,AIZ
781,6646410,7244.0,16618.0,4860.0,1616609,6354630,1617190,6365274,DVA,AVEL,DVA,AVE
782,6646412,10356.0,22992.0,3360.0,1616609,6354799,1615229,6330316,DVA,RIR,DVA,RIR
783,6646412,10356.0,22992.0,3360.0,1616609,6354799,1617190,6365118,DVA,AVEL,DVA,AVE
784,6646412,10356.0,22992.0,3360.0,1616609,6354799,1616393,6350915,DVA,RIGR,DVA,RIG
785,6646412,10356.0,22992.0,3360.0,1616609,6354799,1616411,6351186,DVA,AIZR,DVA,AIZ
786,6646403,11885.0,17346.0,4140.0,1616609,6354603,1616220,6347995,DVA,AIBL,DVA,AIB
787,6646403,11885.0,17346.0,4140.0,1616609,6354603,1617328,6367324,DVA,AVER,DVA,AVE
788,6646407,10402.0,16482.0,4680.0,1616609,6354620,1616411,6351136,DVA,AIZR,DVA,AIZ
789,6646407,10402.0,16482.0,4680.0,1616609,6354620,1617328,6367341,DVA,AVER,DVA,AVE
790,6646433,8519.0,23009.0,5190.0,1616711,6356317,1615711,6339164,DVC,AVAR,DVC,AVA
791,6646433,8519.0,23009.0,5190.0,1616711,6356317,1616919,6360642,DVC,AIBR,DVC,AIB
792,6646431,8831.0,23153.0,5460.0,1616711,6356308,1615267,6330825,DVC,AVAL,DVC,AVA
793,6646431,8831.0,23153.0,5460.0,1616711,6356308,1615711,6339176,DVC,AVAR,DVC,AVA
794,6646436,8833.0,23222.0,5550.0,1616711,6356300,1615711,6339180,DVC,AVAR,DVC,AVA
795,6646436,8833.0,23222.0,5550.0,1616711,6356300,1615267,6330828,DVC,AVAL,DVC,AVA
796,6646430,5417.0,21577.0,3240.0,1616711,6356377,1615357,6478849,DVC,RIGL,DVC,RIG
797,6646430,5417.0,21577.0,3240.0,1616711,6356377,1616173,6347227,DVC,RIBL,DVC,RIB
798,6646423,11508.0,21924.0,2790.0,1616711,6356572,1616393,6350766,DVC,RIGR,DVC,RIG
799,6646423,11508.0,21924.0,2790.0,1616711,6356572,1614867,6323368,DVC,URYVR,DVC,URYV
800,6646423,11508.0,21924.0,2790.0,1616711,6356572,1615564,6336079,DVC,RIBR,DVC,RIB
801,6646438,4907.0,17668.0,3930.0,1616711,6356433,1615357,6332143,DVC,RIGL,DVC,RIG
802,6646435,12779.0,17637.0,3570.0,1616711,6356512,1616220,6348158,DVC,AIBL,DVC,AIB
803,6646435,12779.0,17637.0,3570.0,1616711,6356512,1616393,6350840,DVC,RIGR,DVC,RIG
804,6646444,9898.0,23564.0,6840.0,1616683,6355888,1616691,6356046,FLPL,ADEL,FLP,ADE
805,6646444,9898.0,23564.0,6840.0,1616683,6355888,1615267,6330869,FLPL,AVAL,FLP,AVA
806,6646445,9058.0,22912.0,5550.0,1616683,6355930,1615711,6339180,FLPL,AVAR,FLP,AVA
807,6646445,9058.0,22912.0,5550.0,1616683,6355930,1615267,6330828,FLPL,AVAL,FLP,AVA
808,6646445,9058.0,22912.0,5550.0,1616683,6355930,1614792,6322480,FLPL,FLPR,FLP,FLP
809,6646441,8859.0,23151.0,5790.0,1616683,6355922,1615711,6339188,FLPL,AVAR,FLP,AVA
810,6646441,8859.0,23151.0,5790.0,1616683,6355922,1616691,6356107,FLPL,ADEL,FLP,ADE
811,6646441,8859.0,23151.0,5790.0,1616683,6355922,1615465,6334114,FLPL,AVL,FLP,AVL
812,6646460,8476.0,23202.0,6120.0,1614792,6322461,1616691,6356096,FLPR,ADEL,FLP,ADE
813,6646460,8476.0,23202.0,6120.0,1614792,6322461,1615711,6339199,FLPR,AVAR,FLP,AVA
814,6646462,8858.0,22904.0,5670.0,1614792,6322476,1616683,6355926,FLPR,FLPL,FLP,FLP
815,6646462,8858.0,22904.0,5670.0,1614792,6322476,1615711,6339184,FLPR,AVAR,FLP,AVA
816,6646700,8942.0,22922.0,5400.0,1614792,6322485,1616683,6355935,FLPR,FLPL,FLP,FLP
817,6646700,8942.0,22922.0,5400.0,1614792,6322485,1615267,6330823,FLPR,AVAL,FLP,AVA
818,6646700,8942.0,22922.0,5400.0,1614792,6322485,1615711,6339178,FLPR,AVAR,FLP,AVA
819,6646456,9398.0,24210.0,6870.0,1614792,6322436,1616657,6355422,FLPR,PVCL,FLP,PVC
820,6646456,9398.0,24210.0,6870.0,1614792,6322436,1617190,6365231,FLPR,AVEL,FLP,AVE
821,6646456,9398.0,24210.0,6870.0,1614792,6322436,1616087,6345755,FLPR,AVBL,FLP,AVB
822,6646459,8608.0,23976.0,6420.0,1614792,6322451,1616066,6345339,FLPR,AVBR,FLP,AVB
823,6646699,8916.0,22892.0,5340.0,1614792,6322486,1616711,6356312,FLPR,DVC,FLP,DVC
824,6646699,8916.0,22892.0,5340.0,1614792,6322486,1615267,6330822,FLPR,AVAL,FLP,AVA
825,6646699,8916.0,22892.0,5340.0,1614792,6322486,1616683,6355937,FLPR,FLPL,FLP,FLP
826,6646704,6754.0,17078.0,2730.0,1616474,6352282,1615620,6646706,IL1DL,RMEL,IL1D,RMEL/R
827,6646704,6754.0,17078.0,2730.0,1616474,6352282,1614801,6322622,IL1DL,BWM-DL01,IL1D,BWM01D
828,6646704,6754.0,17078.0,2730.0,1616474,6352282,1617411,6369113,IL1DL,RMDVL,IL1D,RMDV
829,6646703,6048.0,18006.0,2430.0,1616474,6352292,1615699,6338821,IL1DL,RIPL,IL1D,RIP
830,6646703,6048.0,18006.0,2430.0,1616474,6352292,1614749,6322114,IL1DL,BWM-DL02,IL1D,BWM02D
831,6646703,6048.0,18006.0,2430.0,1616474,6352292,1617411,6369133,IL1DL,RMDVL,IL1D,RMDV
832,6646708,6416.0,17762.0,3000.0,1616474,6352250,1617411,6368770,IL1DL,RMDVL,IL1D,RMDV
833,6646708,6416.0,17762.0,3000.0,1616474,6352250,1614749,6322163,IL1DL,BWM-DL02,IL1D,BWM02D
834,6646708,6416.0,17762.0,3000.0,1616474,6352250,1615699,6338842,IL1DL,RIPL,IL1D,RIP
835,6646707,6712.0,17208.0,2880.0,1616474,6352277,1617411,6369108,IL1DL,RMDVL,IL1D,RMDV
836,6646707,6712.0,17208.0,2880.0,1616474,6352277,1614801,6322617,IL1DL,BWM-DL01,IL1D,BWM01D
837,6646707,6712.0,17208.0,2880.0,1616474,6352277,1615699,6338836,IL1DL,RIPL,IL1D,RIP
838,6646713,11074.0,17728.0,2550.0,1615024,6326073,1615961,6343212,IL1DR,RMDVR,IL1D,RMDV
839,6646713,11074.0,17728.0,2550.0,1615024,6326073,1615005,6325603,IL1DR,BWM-DR02,IL1D,BWM02D
840,6646711,11406.0,17972.0,2220.0,1615024,6326083,1615961,6343545,IL1DR,RMDVR,IL1D,RMDV
841,6646711,11406.0,17972.0,2220.0,1615024,6326083,1615005,6325614,IL1DR,BWM-DR02,IL1D,BWM02D
842,6646711,11406.0,17972.0,2220.0,1615024,6326083,1615873,6341946,IL1DR,RMER,IL1D,RMEL/R
843,6646711,11406.0,17972.0,2220.0,1615024,6326083,1615040,6326334,IL1DR,RIPR,IL1D,RIP
844,6646709,11548.0,18376.0,2010.0,1615024,6326090,1617119,6363991,IL1DR,RMDDL,IL1D,RMDD
845,6646709,11548.0,18376.0,2010.0,1615024,6326090,1615005,6325639,IL1DR,BWM-DR02,IL1D,BWM02D
846,6646709,11548.0,18376.0,2010.0,1615024,6326090,1615961,6343552,IL1DR,RMDVR,IL1D,RMDV
847,6646712,10762.0,17010.0,2520.0,1615024,6326074,1614889,6323717,IL1DR,BWM-DR01,IL1D,BWM01D
848,6646712,10762.0,17010.0,2520.0,1615024,6326074,1615040,6326342,IL1DR,RIPR,IL1D,RIP
849,6646712,10762.0,17010.0,2520.0,1615024,6326074,1615961,6343526,IL1DR,RMDVR,IL1D,RMDV
850,6646715,10806.0,17100.0,2640.0,1615024,6326070,1615040,6326346,IL1DR,RIPR,IL1D,RIP
851,6646715,10806.0,17100.0,2640.0,1615024,6326070,1615961,6343522,IL1DR,RMDVR,IL1D,RMDV
852,6646715,10806.0,17100.0,2640.0,1615024,6326070,1614889,6323713,IL1DR,BWM-DR01,IL1D,BWM01D
853,6646730,6347.0,19221.0,3120.0,1617467,6369909,1615282,6331114,IL1L,BWM-VL02,IL1L/R,BWM02V
854,6646730,6347.0,19221.0,3120.0,1617467,6369909,1614749,6322065,IL1L,BWM-DL02,IL1L/R,BWM02D
855,6646730,6347.0,19221.0,3120.0,1617467,6369909,1615313,6331556,IL1L,RMDL,IL1L/R,RMDL/R
856,6646726,6381.0,20011.0,2250.0,1617467,6369943,1617119,6364091,IL1L,RMDDL,IL1L/R,RMDD
857,6646726,6381.0,20011.0,2250.0,1617467,6369943,1615282,6331067,IL1L,BWM-VL02,IL1L/R,BWM02V
858,6646726,6381.0,20011.0,2250.0,1617467,6369943,1615873,6341832,IL1L,RMER,IL1L/R,RMEL/R
859,6646728,6403.0,19983.0,2670.0,1617467,6369923,1615873,6341846,IL1L,RMER,IL1L/R,RMEL/R
860,6646728,6403.0,19983.0,2670.0,1617467,6369923,1615282,6331047,IL1L,BWM-VL02,IL1L/R,BWM02V
861,6646728,6403.0,19983.0,2670.0,1617467,6369923,1617119,6363840,IL1L,RMDDL,IL1L/R,RMDD
862,6646732,6628.0,19816.0,3660.0,1617467,6369891,1615282,6331018,IL1L,BWM-VL02,IL1L/R,BWM02V
863,6646732,6628.0,19816.0,3660.0,1617467,6369891,1615313,6331255,IL1L,RMDL,IL1L/R,RMDL/R
864,6646729,6223.0,19219.0,2730.0,1617467,6369921,1615873,6342017,IL1L,RMER,IL1L/R,RMEL/R
865,6646729,6223.0,19219.0,2730.0,1617467,6369921,1615282,6331051,IL1L,BWM-VL02,IL1L/R,BWM02V
866,6646729,6223.0,19219.0,2730.0,1617467,6369921,1614749,6322077,IL1L,BWM-DL02,IL1L/R,BWM02D
867,6646729,6223.0,19219.0,2730.0,1617467,6369921,1617411,6369119,IL1L,RMDVL,IL1L/R,RMDV
868,6646731,6584.0,19720.0,3420.0,1617467,6369899,1614749,6322056,IL1L,BWM-DL02,IL1L/R,BWM02D
869,6646731,6584.0,19720.0,3420.0,1617467,6369899,1615282,6331025,IL1L,BWM-VL02,IL1L/R,BWM02V
870,6646731,6584.0,19720.0,3420.0,1617467,6369899,1615873,6341869,IL1L,RMER,IL1L/R,RMEL/R
871,6646731,6584.0,19720.0,3420.0,1617467,6369899,1615873,6342040,IL1L,RMER,IL1L/R,RMEL/R
872,6646724,6485.0,20387.0,1980.0,1617467,6369951,1617119,6364109,IL1L,RMDDL,IL1L/R,RMDD
873,6646724,6485.0,20387.0,1980.0,1617467,6369951,1615282,6331090,IL1L,BWM-VL02,IL1L/R,BWM02V
874,6646724,6485.0,20387.0,1980.0,1617467,6369951,1616943,6360917,IL1L,IL1VL,IL1L/R,IL1V
875,6646733,6156.0,19155.0,2640.0,1617467,6369924,1614749,6322080,IL1L,BWM-DL02,IL1L/R,BWM02D
876,6646733,6156.0,19155.0,2640.0,1617467,6369924,1616878,6359895,IL1L,RMDDR,IL1L/R,RMDD
877,6646733,6156.0,19155.0,2640.0,1617467,6369924,1617411,6369123,IL1L,RMDVL,IL1L/R,RMDV
878,6646737,10914.0,19986.0,2100.0,1616671,6355810,1616878,6359715,IL1R,RMDDR,IL1L/R,RMDD
879,6646737,10914.0,19986.0,2100.0,1616671,6355810,1614935,6324444,IL1R,BWM-VR02,IL1L/R,BWM02V
880,6646737,10914.0,19986.0,2100.0,1616671,6355810,1615620,6337030,IL1R,RMEL,IL1L/R,RMEL/R
881,6646742,10911.0,19858.0,2700.0,1616671,6355790,1615544,6335486,IL1R,RMDR,IL1L/R,RMDL/R
882,6646742,10911.0,19858.0,2700.0,1616671,6355790,1614935,6324419,IL1R,BWM-VR02,IL1L/R,BWM02V
883,6646739,10958.0,19828.0,2520.0,1616671,6355796,1615620,6337042,IL1R,RMEL,IL1L/R,RMEL/R
884,6646739,10958.0,19828.0,2520.0,1616671,6355796,1615544,6335707,IL1R,RMDR,IL1L/R,RMDL/R
885,6646739,10958.0,19828.0,2520.0,1616671,6355796,1614935,6324430,IL1R,BWM-VR02,IL1L/R,BWM02V
886,6646738,11400.0,19244.0,2280.0,1616671,6355804,1615005,6325612,IL1R,BWM-DR02,IL1L/R,BWM02D
887,6646738,11400.0,19244.0,2280.0,1616671,6355804,1615961,6343538,IL1R,RMDVR,IL1L/R,RMDV
888,6646740,11472.0,18624.0,1980.0,1616671,6355836,1615961,6343552,IL1R,RMDVR,IL1L/R,RMDV
889,6646740,11472.0,18624.0,1980.0,1616671,6355836,1615005,6325640,IL1R,BWM-DR02,IL1L/R,BWM02D
890,6646740,11472.0,18624.0,1980.0,1616671,6355836,1615024,6326091,IL1R,IL1DR,IL1L/R,IL1D
891,6646740,11472.0,18624.0,1980.0,1616671,6355836,1617119,6364005,IL1R,RMDDL,IL1L/R,RMDD
892,6646736,10932.0,20094.0,1740.0,1616671,6355820,1616878,6359686,IL1R,RMDDR,IL1L/R,RMDD
893,6646736,10932.0,20094.0,1740.0,1616671,6355820,1614935,6324456,IL1R,BWM-VR02,IL1L/R,BWM02V
894,6646736,10932.0,20094.0,1740.0,1616671,6355820,1617535,6371354,IL1R,URAVR,IL1L/R,URAV
895,6646750,6978.0,20804.0,2340.0,1616943,6360904,1615282,6331065,IL1VL,BWM-VL02,IL1V,BWM02V
896,6646750,6978.0,20804.0,2340.0,1616943,6360904,1617119,6364089,IL1VL,RMDDL,IL1V,RMDD
897,6646750,6978.0,20804.0,2340.0,1616943,6360904,1615699,6338948,IL1VL,RIPL,IL1V,RIP
898,6646747,7604.0,21248.0,2280.0,1616943,6360905,1617119,6364090,IL1VL,RMDDL,IL1V,RMDD
899,6646747,7604.0,21248.0,2280.0,1616943,6360905,1617667,6373897,IL1VL,BWM-VL01,IL1V,BWM01V
900,6646747,7604.0,21248.0,2280.0,1616943,6360905,1615699,6338946,IL1VL,RIPL,IL1V,RIP
901,6646747,7604.0,21248.0,2280.0,1616943,6360905,1615620,6337086,IL1VL,RMEL,IL1V,RMEL/R
902,6646745,6759.0,20769.0,2100.0,1616943,6360913,1615282,6331086,IL1VL,BWM-VL02,IL1V,BWM02V
903,6646745,6759.0,20769.0,2100.0,1616943,6360913,1615699,6338941,IL1VL,RIPL,IL1V,RIP
904,6646745,6759.0,20769.0,2100.0,1616943,6360913,1617119,6364106,IL1VL,RMDDL,IL1V,RMDD
905,6646745,6759.0,20769.0,2100.0,1616943,6360913,1615620,6337096,IL1VL,RMEL,IL1V,RMEL/R
906,6646754,10050.0,21004.0,2040.0,1615135,6328414,1614935,6324446,IL1VR,BWM-VR02,IL1V,BWM02V
907,6646754,10050.0,21004.0,2040.0,1615135,6328414,1616878,6359668,IL1VR,RMDDR,IL1V,RMDD
908,6646754,10050.0,21004.0,2040.0,1615135,6328414,1615040,6326217,IL1VR,RIPR,IL1V,RIP
909,6646756,9686.0,21260.0,2280.0,1615135,6328407,1616878,6359628,IL1VR,RMDDR,IL1V,RMDD
910,6646756,9686.0,21260.0,2280.0,1615135,6328407,1615856,6341682,IL1VR,BWM-VR01,IL1V,BWM01V
911,6646756,9686.0,21260.0,2280.0,1615135,6328407,1615040,6326225,IL1VR,RIPR,IL1V,RIP
912,6646753,10568.0,20922.0,1650.0,1615135,6328427,1614935,6324459,IL1VR,BWM-VR02,IL1V,BWM02V
913,6646753,10568.0,20922.0,1650.0,1615135,6328427,1616878,6359693,IL1VR,RMDDR,IL1V,RMDD
914,6646753,10568.0,20922.0,1650.0,1615135,6328427,1615873,6341905,IL1VR,RMER,IL1V,RMEL/R
915,6646755,9438.0,21372.0,2010.0,1615135,6328415,1615040,6326216,IL1VR,RIPR,IL1V,RIP
916,6646755,9438.0,21372.0,2010.0,1615135,6328415,1615856,6341691,IL1VR,BWM-VR01,IL1V,BWM01V
917,6646755,9438.0,21372.0,2010.0,1615135,6328415,1616878,6359672,IL1VR,RMDDR,IL1V,RMDD
918,6646755,9438.0,21372.0,2010.0,1615135,6328415,1615873,6341893,IL1VR,RMER,IL1V,RMEL/R
919,6646761,6477.0,17228.0,1830.0,1617590,6372440,1615699,6338705,IL2DL,RIPL,IL2D,RIP
920,6646761,6477.0,17228.0,1830.0,1617590,6372440,1615040,6326465,IL2DL,RIPR,IL2D,RIP
921,6646763,6433.0,17598.0,2010.0,1617590,6646764,1615699,6338808,IL2DL,RIPL,IL2D,RIP
922,6646763,6433.0,17598.0,2010.0,1617590,6646764,1615426,6646762,IL2DL,RMEV,IL2D,RMEV
923,6646765,6319.0,17412.0,2190.0,1617590,6372429,1615873,6341983,IL2DL,RMER,IL2D,RMEL/R
924,6646765,6319.0,17412.0,2190.0,1617590,6372429,1617553,6478332,IL2DL,URADL,IL2D,URAD
925,6646765,6319.0,17412.0,2190.0,1617590,6372429,1615699,6338814,IL2DL,RIPL,IL2D,RIP
926,6646757,5950.0,17760.0,2280.0,1617590,6372426,1617553,6371635,IL2DL,URADL,IL2D,URAD
927,6646757,5950.0,17760.0,2280.0,1617590,6372426,1615699,6338817,IL2DL,RIPL,IL2D,RIP
928,6646757,5950.0,17760.0,2280.0,1617590,6372426,1615620,6337101,IL2DL,RMEL,IL2D,RMEL/R
929,6646757,5950.0,17760.0,2280.0,1617590,6372426,1616954,6360990,IL2DL,RMED,IL2D,RMED
930,6646759,5830.0,17728.0,2400.0,1617590,6372422,1616474,6352293,IL2DL,IL1DL,IL2D,IL1D
931,6646759,5830.0,17728.0,2400.0,1617590,6372422,1615699,6338820,IL2DL,RIPL,IL2D,RIP
932,6646759,5830.0,17728.0,2400.0,1617590,6372422,1615620,6337107,IL2DL,RMEL,IL2D,RMEL/R
933,6646766,11206.0,17532.0,1050.0,1616903,6360260,1615040,6326299,IL2DR,RIPR,IL2D,RIP
934,6646766,11206.0,17532.0,1050.0,1616903,6360260,1615699,6338758,IL2DR,RIPL,IL2D,RIP
935,6646770,11604.0,17566.0,1950.0,1616903,6360232,1616954,6361130,IL2DR,RMED,IL2D,RMED
936,6646770,11604.0,17566.0,1950.0,1616903,6360232,1615873,6341935,IL2DR,RMER,IL2D,RMEL/R
937,6646770,11604.0,17566.0,1950.0,1616903,6360232,1615040,6326327,IL2DR,RIPR,IL2D,RIP
938,6646767,11220.0,17636.0,1770.0,1616903,6360238,1615426,6333397,IL2DR,RMEV,IL2D,RMEV
939,6646767,11220.0,17636.0,1770.0,1616903,6360238,1615040,6326431,IL2DR,RIPR,IL2D,RIP
940,6646774,10738.0,17432.0,1860.0,1616903,6360235,1652768,6646775,IL2DR,GLRDR,IL2D,GLRD
941,6646774,10738.0,17432.0,1860.0,1616903,6360235,1615040,6326428,IL2DR,RIPR,IL2D,RIP
942,6646774,10738.0,17432.0,1860.0,1616903,6360235,1615426,6333400,IL2DR,RMEV,IL2D,RMEV
943,6646774,10738.0,17432.0,1860.0,1616903,6360235,1615620,6337142,IL2DR,RMEL,IL2D,RMEL/R
944,6646769,10934.0,17412.0,1950.0,1616903,6360232,1615081,6327396,IL2DR,URADR,IL2D,URAD
945,6646769,10934.0,17412.0,1950.0,1616903,6360232,1615040,6326427,IL2DR,RIPR,IL2D,RIP
946,6646769,10934.0,17412.0,1950.0,1616903,6360232,1615620,6337139,IL2DR,RMEL,IL2D,RMEL/R
947,6646769,10934.0,17412.0,1950.0,1616903,6360232,1615426,6333403,IL2DR,RMEV,IL2D,RMEV
948,6646781,5836.0,19827.0,1350.0,1617492,6370523,1615620,6478038,IL2L,RMEL,IL2L/R,RMEL/R
949,6646781,5836.0,19827.0,1350.0,1617492,6370523,1616365,6350167,IL2L,OLQVL,IL2L/R,OLQV
950,6646721,5989.0,19197.0,1470.0,1617492,6370519,1616777,6358022,IL2L,RIH,IL2L/R,RIH
951,6646721,5989.0,19197.0,1470.0,1617492,6370519,1617564,6371867,IL2L,OLQDL,IL2L/R,OLQD
952,6646723,5927.0,18613.0,1740.0,1617492,6370510,1616777,6358032,IL2L,RIH,IL2L/R,RIH
953,6646723,5927.0,18613.0,1740.0,1617492,6370510,1617564,6371858,IL2L,OLQDL,IL2L/R,OLQD
954,6646785,5830.0,18001.0,1830.0,1617492,6370507,1616777,6358035,IL2L,RIH,IL2L/R,RIH
955,6646785,5830.0,18001.0,1830.0,1617492,6370507,1617564,6371855,IL2L,OLQDL,IL2L/R,OLQD
956,6646718,6109.0,19575.0,1140.0,1617492,6370530,1616365,6350174,IL2L,OLQVL,IL2L/R,OLQV
957,6646718,6109.0,19575.0,1140.0,1617492,6370530,1616777,6358012,IL2L,RIH,IL2L/R,RIH
958,6646782,6298.0,20037.0,1080.0,1617492,6370532,1616365,6350176,IL2L,OLQVL,IL2L/R,OLQV
959,6646782,6298.0,20037.0,1080.0,1617492,6370532,1616777,6358004,IL2L,RIH,IL2L/R,RIH
960,6646783,6304.0,20423.0,1260.0,1617492,6370526,1616365,6350170,IL2L,OLQVL,IL2L/R,OLQV
961,6646783,6304.0,20423.0,1260.0,1617492,6370526,1616777,6357975,IL2L,RIH,IL2L/R,RIH
962,6646817,11554.0,19582.0,3360.0,1616847,6359055,1615338,6331690,IL2R,SIBDR,IL2L/R,SIBD
963,6646817,11554.0,19582.0,3360.0,1616847,6359055,1615313,6331532,IL2R,RMDL,IL2L/R,RMDL/R
964,6646817,11554.0,19582.0,3360.0,1616847,6359055,1615054,6326721,IL2R,OLLR,IL2L/R,OLL
965,6646816,11382.0,18084.0,1230.0,1616847,6359136,1615069,6327083,IL2R,OLQDR,IL2L/R,OLQD
966,6646789,11406.0,19634.0,660.0,1616847,6359158,1615873,6341910,IL2R,RMER,IL2L/R,RMEL/R
967,6646789,11406.0,19634.0,660.0,1616847,6359158,1616777,6357806,IL2R,RIH,IL2L/R,RIH
968,6646797,11262.0,19174.0,870.0,1616847,6359151,1615069,6327095,IL2R,OLQDR,IL2L/R,OLQD
969,6646797,11262.0,19174.0,870.0,1616847,6359151,1616777,6357819,IL2R,RIH,IL2L/R,RIH
970,6646800,11556.0,18938.0,1170.0,1616847,6359138,1616777,6646810,IL2R,RIH,IL2L/R,RIH
971,6646800,11556.0,18938.0,1170.0,1616847,6359138,1615069,6327085,IL2R,OLQDR,IL2L/R,OLQD
972,6646828,11429.0,18707.0,1110.0,1616847,6359140,1616777,6357835,IL2R,RIH,IL2L/R,RIH
973,6646828,11429.0,18707.0,1110.0,1616847,6359140,1615069,6327087,IL2R,OLQDR,IL2L/R,OLQD
974,6646828,11429.0,18707.0,1110.0,1616847,6359140,1615081,6327423,IL2R,URADR,IL2L/R,URAD
975,6646799,10716.0,20708.0,870.0,1616847,6359151,1617653,6373737,IL2R,OLQVR,IL2L/R,OLQV
976,6646799,10716.0,20708.0,870.0,1616847,6359151,1616777,6357799,IL2R,RIH,IL2L/R,RIH
977,6646827,11295.0,20041.0,780.0,1616847,6359154,1617653,6373743,IL2R,OLQVR,IL2L/R,OLQV
978,6646827,11295.0,20041.0,780.0,1616847,6359154,1616777,6646796,IL2R,RIH,IL2L/R,RIH
979,6646790,11498.0,19728.0,750.0,1616847,6359155,1615873,6341909,IL2R,RMER,IL2L/R,RMEL/R
980,6646790,11498.0,19728.0,750.0,1616847,6359155,1617653,6373742,IL2R,OLQVR,IL2L/R,OLQV
981,6646832,6605.0,21019.0,1530.0,1617232,6365833,1615699,6338924,IL2VL,RIPL,IL2V,RIP
982,6646832,6605.0,21019.0,1530.0,1617232,6365833,1616954,6361090,IL2VL,RMED,IL2V,RMED
983,6646832,6605.0,21019.0,1530.0,1617232,6365833,1616777,6357968,IL2VL,RIH,IL2V,RIH
984,6646834,6841.0,21191.0,1770.0,1617232,6365821,1615426,6333210,IL2VL,RMEV,IL2V,RMEV
985,6646834,6841.0,21191.0,1770.0,1617232,6365821,1615620,6336931,IL2VL,RMEL,IL2V,RMEL/R
986,6646834,6841.0,21191.0,1770.0,1617232,6365821,1615699,6338931,IL2VL,RIPL,IL2V,RIP
987,6646829,6779.0,20423.0,1170.0,1617232,6365845,1615873,6341875,IL2VL,RMER,IL2V,RMEL/R
988,6646829,6779.0,20423.0,1170.0,1617232,6365845,1615699,6338915,IL2VL,RIPL,IL2V,RIP
989,6646830,6847.0,20935.0,1440.0,1617232,6365836,1615699,6338922,IL2VL,RIPL,IL2V,RIP
990,6646830,6847.0,20935.0,1440.0,1617232,6365836,1615873,6341881,IL2VL,RMER,IL2V,RMEL/R
991,6646837,7150.0,21384.0,1740.0,1617232,6365822,1615426,6333206,IL2VL,RMEV,IL2V,RMEV
992,6646837,7150.0,21384.0,1740.0,1617232,6365822,1615620,6336933,IL2VL,RMEL,IL2V,RMEL/R
993,6646843,10806.0,22538.0,2970.0,1615015,6325745,1617006,6361824,IL2VR,RIAR,IL2V,RIA
994,6646843,10806.0,22538.0,2970.0,1615015,6325745,1615135,6328342,IL2VR,IL1VR,IL2V,IL1V
995,6646845,10194.0,20626.0,870.0,1615015,6325846,1615040,6326185,IL2VR,RIPR,IL2V,RIP
996,6646845,10194.0,20626.0,870.0,1615015,6325846,1617535,6371370,IL2VR,URAVR,IL2V,URAV
997,6646845,10194.0,20626.0,870.0,1615015,6325846,1615040,6326284,IL2VR,RIPR,IL2V,RIP
998,6646846,10168.0,20926.0,1050.0,1615015,6325840,1615620,6336964,IL2VR,RMEL,IL2V,RMEL/R
999,6646846,10168.0,20926.0,1050.0,1615015,6325840,1615040,6326189,IL2VR,RIPR,IL2V,RIP
1000,6646847,10102.0,21238.0,1230.0,1615015,6325834,1615873,6341894,IL2VR,RMER,IL2V,RMEL/R
1001,6646847,10102.0,21238.0,1230.0,1615015,6325834,1615426,6333348,IL2VR,RMEV,IL2V,RMEV
1002,6646847,10102.0,21238.0,1230.0,1615015,6325834,1615040,6326194,IL2VR,RIPR,IL2V,RIP
1003,6646848,9434.0,21392.0,1620.0,1615015,6325822,1616954,6361173,IL2VR,RMED,IL2V,RMED
1004,6646848,9434.0,21392.0,1620.0,1615015,6325822,1615873,6341776,IL2VR,RMER,IL2V,RMEL/R
1005,6646848,9434.0,21392.0,1620.0,1615015,6325822,1615620,6337070,IL2VR,RMEL,IL2V,RMEL/R
1006,6646872,6057.0,16923.0,3240.0,1615586,6336453,1617328,6367396,OLLL,AVER,OLL,AVE
1007,6646869,5307.0,19857.0,2460.0,1615586,6336428,1616173,6347268,OLLL,RIBL,OLL,RIB
1008,6646869,5307.0,19857.0,2460.0,1615586,6336428,1617328,6367425,OLLL,AVER,OLL,AVE
1009,6646881,7495.0,22605.0,2520.0,1615586,6336506,1617328,6367446,OLLL,AVER,OLL,AVE
1010,6646881,7495.0,22605.0,2520.0,1615586,6336506,1616173,6347303,OLLL,RIBL,OLL,RIB
1011,6646886,5537.0,20281.0,2250.0,1615586,6336487,1617328,6367431,OLLL,AVER,OLL,AVE
1012,6646886,5537.0,20281.0,2250.0,1615586,6336487,1616173,6347262,OLLL,RIBL,OLL,RIB
1013,6646889,5785.0,20797.0,2130.0,1615586,6336519,1616173,6347279,OLLL,RIBL,OLL,RIB
1014,6646889,5785.0,20797.0,2130.0,1615586,6336519,1617328,6367434,OLLL,AVER,OLL,AVE
1015,6646870,5199.0,19313.0,2670.0,1615586,6336435,1616173,6347174,OLLL,RIBL,OLL,RIB
1016,6646870,5199.0,19313.0,2670.0,1615586,6336435,1616173,6347275,OLLL,RIBL,OLL,RIB
1017,6646870,5199.0,19313.0,2670.0,1615586,6336435,1617328,6367418,OLLL,AVER,OLL,AVE
1018,6646880,7769.0,22551.0,2700.0,1615586,6336511,1615895,6342380,OLLL,SMDVR,OLL,SMDV
1019,6646880,7769.0,22551.0,2700.0,1615586,6336511,1616173,6347309,OLLL,RIBL,OLL,RIB
1020,6646880,7769.0,22551.0,2700.0,1615586,6336511,1617328,6367452,OLLL,AVER,OLL,AVE
1021,6646884,6439.0,21739.0,2280.0,1615586,6336491,1617119,6364090,OLLL,RMDDL,OLL,RMDD
1022,6646884,6439.0,21739.0,2280.0,1615586,6336491,1617328,6367438,OLLL,AVER,OLL,AVE
1023,6646885,5809.0,20599.0,2250.0,1615586,6336487,1617119,6364091,OLLL,RMDDL,OLL,RMDD
1024,6646885,5809.0,20599.0,2250.0,1615586,6336487,1617328,6367431,OLLL,AVER,OLL,AVE
1025,6646873,5791.0,17247.0,3120.0,1615586,6336450,1617411,6368774,OLLL,RMDVL,OLL,RMDV
1026,6646873,5791.0,17247.0,3120.0,1615586,6336450,1617328,6367400,OLLL,AVER,OLL,AVE
1027,6646874,7554.0,15962.0,3480.0,1615586,6336466,1614948,6324709,OLLL,SMDDR,OLL,SMDD
1028,6646874,7554.0,15962.0,3480.0,1615586,6336466,1617328,6367387,OLLL,AVER,OLL,AVE
1029,6646877,7696.0,15862.0,3570.0,1615586,6336469,1616173,6347182,OLLL,RIBL,OLL,RIB
1030,6646877,7696.0,15862.0,3570.0,1615586,6336469,1614948,6324706,OLLL,SMDDR,OLL,SMDD
1031,6646877,7696.0,15862.0,3570.0,1615586,6336469,1617328,6367384,OLLL,AVER,OLL,AVE
1032,6646890,6587.0,21705.0,2490.0,1615586,6336516,1617328,6367445,OLLL,AVER,OLL,AVE
1033,6646890,6587.0,21705.0,2490.0,1615586,6336516,1615895,6342391,OLLL,SMDVR,OLL,SMDV
1034,6646883,7449.0,22351.0,2520.0,1615586,6336506,1615529,6335335,OLLL,CEPVL,OLL,CEPV
1035,6646883,7449.0,22351.0,2520.0,1615586,6336506,1615895,6342387,OLLL,SMDVR,OLL,SMDV
1036,6646883,7449.0,22351.0,2520.0,1615586,6336506,1617328,6367446,OLLL,AVER,OLL,AVE
1037,6646879,8003.0,22413.0,2760.0,1615586,6336513,1615895,6342378,OLLL,SMDVR,OLL,SMDV
1038,6646879,8003.0,22413.0,2760.0,1615586,6336513,1616173,6347311,OLLL,RIBL,OLL,RIB
1039,6646875,8084.0,15956.0,3540.0,1615586,6336468,1616173,15137494,OLLL,RIBL,OLL,RIB
1040,6646875,8084.0,15956.0,3540.0,1615586,6336468,1614948,6324707,OLLL,SMDDR,OLL,SMDD
1041,6646875,8084.0,15956.0,3540.0,1615586,6336468,1616626,6355169,OLLL,SMDVL,OLL,SMDV
1042,6646896,12108.0,19640.0,2040.0,1615054,6326766,1615564,6336057,OLLR,RIBR,OLL,RIB
1043,6646896,12108.0,19640.0,2040.0,1615054,6326766,1617190,6365047,OLLR,AVEL,OLL,AVE
1044,6646904,11846.0,20466.0,1650.0,1615054,6326846,1615564,6336156,OLLR,RIBR,OLL,RIB
1045,6646904,11846.0,20466.0,1650.0,1615054,6326846,1617190,6365060,OLLR,AVEL,OLL,AVE
1046,6646898,12276.0,19200.0,2160.0,1615054,6326770,1615961,6343543,OLLR,RMDVR,OLL,RMDV
1047,6646898,12276.0,19200.0,2160.0,1615054,6326770,1617190,6365043,OLLR,AVEL,OLL,AVE
1048,6646898,12276.0,19200.0,2160.0,1615054,6326770,1615564,6336054,OLLR,RIBR,OLL,RIB
1049,6646902,9168.0,22558.0,2490.0,1615054,6326874,1616626,6355140,OLLR,SMDVL,OLL,SMDV
1050,6646902,9168.0,22558.0,2490.0,1615054,6326874,1617190,6365086,OLLR,AVEL,OLL,AVE
1051,6646902,9168.0,22558.0,2490.0,1615054,6326874,1615564,6336092,OLLR,RIBR,OLL,RIB
1052,6646913,11510.0,20847.0,1680.0,1615054,6326880,1617190,6365059,OLLR,AVEL,OLL,AVE
1053,6646913,11510.0,20847.0,1680.0,1615054,6326880,1616878,6359688,OLLR,RMDDR,OLL,RMDD
1054,6646899,12332.0,17892.0,2400.0,1615054,6326776,1615961,6343207,OLLR,RMDVR,OLL,RMDV
1055,6646899,12332.0,17892.0,2400.0,1615054,6326776,1617190,6365032,OLLR,AVEL,OLL,AVE
1056,6646912,11292.0,16643.0,3000.0,1615054,6326794,1615961,6343226,OLLR,RMDVR,OLL,RMDV
1057,6646912,11292.0,16643.0,3000.0,1615054,6326794,1617190,6365013,OLLR,AVEL,OLL,AVE
1058,6646900,10758.0,16042.0,3420.0,1615054,6326808,1615756,6339966,OLLR,SMDDL,OLL,SMDD
1059,6646900,10758.0,16042.0,3420.0,1615054,6326808,1617190,6365002,OLLR,AVEL,OLL,AVE
1060,6646906,10496.0,15874.0,3540.0,1615054,6326826,1615564,15137495,OLLR,RIBR,OLL,RIB
1061,6646906,10496.0,15874.0,3540.0,1615054,6326826,1615756,6339963,OLLR,SMDDL,OLL,SMDD
1062,6646906,10496.0,15874.0,3540.0,1615054,6326826,1617190,6364998,OLLR,AVEL,OLL,AVE
1063,6646908,11365.0,16881.0,3030.0,1615054,6326795,1617190,6365012,OLLR,AVEL,OLL,AVE
1064,6646908,11365.0,16881.0,3030.0,1615054,6326795,1615756,6340064,OLLR,SMDDL,OLL,SMDD
1065,6646908,11365.0,16881.0,3030.0,1615054,6326795,1615169,6329081,OLLR,CEPDR,OLL,CEPD
1066,6646903,10670.0,21874.0,2100.0,1615054,6326862,1617190,6365075,OLLR,AVEL,OLL,AVE
1067,6646903,10670.0,21874.0,2100.0,1615054,6326862,1616626,6355153,OLLR,SMDVL,OLL,SMDV
1068,6646911,10783.0,21783.0,2040.0,1615054,6326860,1615120,6328235,OLLR,CEPVR,OLL,CEPV
1069,6646911,10783.0,21783.0,2040.0,1615054,6326860,1616626,6355155,OLLR,SMDVL,OLL,SMDV
1070,6646911,10783.0,21783.0,2040.0,1615054,6326860,1617190,6365073,OLLR,AVEL,OLL,AVE
1071,6646901,8786.0,22532.0,2700.0,1615054,6326879,1614948,6324837,OLLR,SMDDR,OLL,SMDD
1072,6646901,8786.0,22532.0,2700.0,1615054,6326879,1615564,6336099,OLLR,RIBR,OLL,RIB
1073,6646895,11344.0,19540.0,2790.0,1615054,6326739,1616550,6353568,OLLR,RMGR,OLL,RMG
1074,6646895,11344.0,19540.0,2790.0,1615054,6326739,1617411,6368837,OLLR,RMDVL,OLL,RMDV
1075,6646895,11344.0,19540.0,2790.0,1615054,6326739,1615313,6331489,OLLR,RMDL,OLL,RMDL/R
1076,6646915,5650.0,18096.0,1950.0,1617564,6371852,1617492,6370503,OLQDL,IL2L,OLQD,IL2L/R
1077,6646918,6408.0,17885.0,4320.0,1617564,6371765,1616573,6353994,OLQDL,RICR,OLQD,RIC
1078,6646916,6518.0,17758.0,3690.0,1617564,6371782,1616878,6359795,OLQDL,RMDDR,OLQD,RMDD
1079,6646916,6518.0,17758.0,3690.0,1617564,6371782,1615936,6342886,OLQDL,SIBVL,OLQD,SIBV
1080,6646920,11592.0,18066.0,1440.0,1615069,6327077,1616847,6359130,OLQDR,IL2R,OLQD,IL2L/R
1081,6646926,11350.0,18086.0,3780.0,1615069,6327001,1617026,6362348,OLQDR,RICL,OLQD,RIC
1082,6646926,11350.0,18086.0,3780.0,1615069,6327001,1616573,6353948,OLQDR,RICR,OLQD,RIC
1083,6646923,11182.0,17758.0,3210.0,1615069,6327016,1617119,6363921,OLQDR,RMDDL,OLQD,RMDD
1084,6646923,11182.0,17758.0,3210.0,1615069,6327016,1617707,6374668,OLQDR,SIBVR,OLQD,SIBV
1085,6646928,6085.0,20293.0,1350.0,1616365,6350167,1617492,6370523,OLQVL,IL2L,OLQV,IL2L/R
1086,6646930,6822.0,21112.0,3660.0,1616365,6350088,1617026,6362468,OLQVL,RICL,OLQV,RIC
1087,6646929,7007.0,21039.0,3240.0,1616365,6350100,1615484,6334512,OLQVL,SIBDL,OLQV,SIBD
1088,6646929,7007.0,21039.0,3240.0,1616365,6350100,1615961,6343310,OLQVL,RMDVR,OLQV,RMDV
1089,6646933,10868.0,20676.0,960.0,1617653,6373734,1616847,6359145,OLQVR,IL2R,OLQV,IL2L/R
1090,6646935,10666.0,21142.0,3240.0,1617653,6373663,1616573,6354076,OLQVR,RICR,OLQV,RIC
1091,6646934,10322.0,21064.0,2850.0,1617653,6373676,1615338,6331941,OLQVR,SIBDR,OLQV,SIBD
1092,6646934,10322.0,21064.0,2850.0,1617653,6373676,1617411,6368927,OLQVR,RMDVL,OLQV,RMDV
1093,6646949,8151.0,23943.0,6150.0,1616657,6355446,1617328,6367569,PVCL,AVER,PVC,AVE
1094,6646949,8151.0,23943.0,6150.0,1616657,6355446,1616066,6345330,PVCL,AVBR,PVC,AVB
1095,6646944,5880.0,21116.0,4080.0,1616657,6355558,1615217,6329944,PVCL,RID,PVC,RID
1096,6646944,5880.0,21116.0,4080.0,1616657,6355558,1616066,6345264,PVCL,AVBR,PVC,AVB
1097,6646951,6733.0,22025.0,4560.0,1616657,6355499,1616066,6345278,PVCL,AVBR,PVC,AVB
1098,6646951,6733.0,22025.0,4560.0,1616657,6355499,1615217,6329959,PVCL,RID,PVC,RID
1099,6646936,5598.0,20598.0,4200.0,1616657,6355516,1615267,6330932,PVCL,AVAL,PVC,AVA
1100,6646936,5598.0,20598.0,4200.0,1616657,6355516,1616008,6344184,PVCL,AVHR,PVC,AVH
1101,6646941,8305.0,23937.0,6270.0,1616657,6355442,1615660,6337726,PVCL,SIAVL,PVC,SIAV
1102,6646941,8305.0,23937.0,6270.0,1616657,6355442,1617328,6367573,PVCL,AVER,PVC,AVE
1103,6646941,8305.0,23937.0,6270.0,1616657,6355442,1616066,6345334,PVCL,AVBR,PVC,AVB
1104,6646941,8305.0,23937.0,6270.0,1616657,6355442,1616337,6349638,PVCL,AVJR,PVC,AVJ
1105,6646950,5343.0,18561.0,4560.0,1616657,6355528,1615217,6329927,PVCL,RID,PVC,RID
1106,6646950,5343.0,18561.0,4560.0,1616657,6355528,1616087,6345544,PVCL,AVBL,PVC,AVB
1107,6646961,10587.0,22583.0,4290.0,1616646,6355332,1617216,6365516,PVCR,AVDL,PVC,AVD
1108,6646961,10587.0,22583.0,4290.0,1616646,6355332,1616087,6345672,PVCR,AVBL,PVC,AVB
1109,6646963,9500.0,24010.0,6630.0,1616646,6355255,1617190,6365223,PVCR,AVEL,PVC,AVE
1110,6646963,9500.0,24010.0,6630.0,1616646,6355255,1616087,6345747,PVCR,AVBL,PVC,AVB
1111,6646962,10936.0,22009.0,3990.0,1616646,6355341,1616066,6345416,PVCR,AVBR,PVC,AVB
1112,6646962,10936.0,22009.0,3990.0,1616646,6355341,1617216,6365507,PVCR,AVDL,PVC,AVD
1113,6646966,5311.0,20415.0,4140.0,1616022,6344487,1615267,6646968,PVPL,AVAL,PVP,AVA
1114,6646966,5311.0,20415.0,4140.0,1616022,6344487,1616657,6355514,PVPL,PVCL,PVP,PVC
1115,6646966,5311.0,20415.0,4140.0,1616022,6344487,1616008,6344186,PVPL,AVHR,PVP,AVH
1116,6646977,11945.0,20689.0,3690.0,1616764,6357528,1616646,6355358,PVPR,PVCR,PVP,PVC
1117,6646977,11945.0,20689.0,3690.0,1616764,6357528,1615711,6339291,PVPR,AVAR,PVP,AVA
1118,6646973,10299.0,22947.0,4650.0,1616764,6357479,1616066,6345127,PVPR,AVBR,PVP,AVB
1119,6646973,10299.0,22947.0,4650.0,1616764,6357479,1616646,6355320,PVPR,PVCR,PVP,PVC
1120,6646974,12497.0,20517.0,3420.0,1616764,6357519,1616087,6345622,PVPR,AVBL,PVP,AVB
1121,6646974,12497.0,20517.0,3420.0,1616764,6357519,1615192,6329468,PVPR,URXR,PVP,URX
1122,6646974,12497.0,20517.0,3420.0,1616764,6357519,1616393,6350742,PVPR,RIGR,PVP,RIG
1123,6646980,5694.0,20816.0,5010.0,1617385,6368405,1617361,6367996,PVQL,AIAL,PVQ,AIA
1124,6646980,5694.0,20816.0,5010.0,1617385,6368405,1616207,6347694,PVQL,ASKL,PVQ,ASK
1125,6646980,5694.0,20816.0,5010.0,1617385,6368405,1616160,6346838,PVQL,ASJL,PVQ,ASJ
1126,6646981,7584.0,16862.0,5790.0,1617385,6368441,1617361,6368049,PVQL,AIAL,PVQ,AIA
1127,6646981,7584.0,16862.0,5790.0,1617385,6368441,1616207,6347752,PVQL,ASKL,PVQ,ASK
1128,6646982,8962.0,16744.0,5610.0,1617385,6368455,1616127,6346355,PVQL,AWAL,PVQ,AWA
1129,6646982,8962.0,16744.0,5610.0,1617385,6368455,1617433,6369338,PVQL,AIAR,PVQ,AIA
1130,6646978,6991.0,23949.0,5640.0,1617385,6368363,1617361,6367947,PVQL,AIAL,PVQ,AIA
1131,6646978,6991.0,23949.0,5640.0,1617385,6368363,1615785,6340440,PVQL,AIML,PVQ,AIM
1132,6646979,6014.0,22186.0,4770.0,1617385,6368391,1615529,6335412,PVQL,CEPVL,PVQ,CEPV
1133,6646979,6014.0,22186.0,4770.0,1617385,6368391,1615304,6331194,PVQL,CEPshVL,PVQ,CEPshV
1134,6646983,10265.0,24131.0,5760.0,1616810,6358265,1616563,6353653,PVQR,AIMR,PVQ,AIM
1135,6646983,10265.0,24131.0,5760.0,1616810,6358265,1617433,6369216,PVQR,AIAR,PVQ,AIA
1136,6646985,10164.0,16792.0,5490.0,1616810,6358370,1617433,6369334,PVQR,AIAR,PVQ,AIA
1137,6646985,10164.0,16792.0,5490.0,1616810,6358370,1615255,6330591,PVQR,ASKR,PVQ,ASK
1138,6646987,11124.0,23252.0,4770.0,1616810,6358298,1617375,6368182,PVQR,ASJR,PVQ,ASJ
1139,6646987,11124.0,23252.0,4770.0,1616810,6358298,1615933,6342718,PVQR,CEPshVR,PVQ,CEPshV
1140,6646995,10730.0,21386.0,3840.0,1616591,6354415,1616066,6345154,PVR,AVBR,PVR,AVB
1141,6646995,10730.0,21386.0,3840.0,1616591,6354415,1615040,6326274,PVR,RIPR,PVR,RIP
1142,6646991,10877.0,17662.0,4530.0,1616591,6354228,1616337,6349700,PVR,AVJR,PVR,AVJ
1143,6646991,10877.0,17662.0,4530.0,1616591,6354228,1615081,6327321,PVR,URADR,PVR,URAD
1144,6646991,10877.0,17662.0,4530.0,1616591,6354228,1616066,6345183,PVR,AVBR,PVR,AVB
1145,6646990,10501.0,17408.0,4530.0,1616591,6354228,1616066,6345183,PVR,AVBR,PVR,AVB
1146,6646990,10501.0,17408.0,4530.0,1616591,6354228,1616509,6352819,PVR,AVJL,PVR,AVJ
1147,6646992,7243.0,17424.0,4860.0,1616591,6354265,1616337,6349538,PVR,AVJR,PVR,AVJ
1148,6646992,7243.0,17424.0,4860.0,1616591,6354265,1616087,6345557,PVR,AVBL,PVR,AVB
1149,6646996,6918.0,17911.0,4650.0,1616591,6354243,1615699,6338894,PVR,RIPL,PVR,RIP
1150,6646996,6918.0,17911.0,4650.0,1616591,6354243,1616474,6352187,PVR,IL1DL,PVR,IL1D
1151,6647005,8542.0,23245.0,3960.0,1615684,6338422,1616919,6360578,PVT,AIBR,PVT,AIB
1152,6647005,8542.0,23245.0,3960.0,1615684,6338422,1615229,6330174,PVT,RIR,PVT,RIR
1153,6647005,8542.0,23245.0,3960.0,1615684,6338422,1616220,6348076,PVT,AIBL,PVT,AIB
1154,6647000,12211.0,21175.0,2280.0,1615684,6338613,1615985,6344086,PVT,AVKR,PVT,AVK
1155,6647000,12211.0,21175.0,2280.0,1615684,6338613,1615404,6332929,PVT,AVKL,PVT,AVK
1156,6646999,12527.0,17657.0,3390.0,1615684,6338566,1615601,6336745,PVT,RIML,PVT,RIM
1157,6646999,12527.0,17657.0,3390.0,1615684,6338566,1615985,6343772,PVT,AVKR,PVT,AVK
1158,6646999,12527.0,17657.0,3390.0,1615684,6338566,1615404,6332888,PVT,AVKL,PVT,AVK
1159,6647008,10782.0,15878.0,4170.0,1615684,6338542,1615985,6344074,PVT,AVKR,PVT,AVK
1160,6647008,10782.0,15878.0,4170.0,1615684,6338542,1616220,6347987,PVT,AIBL,PVT,AIB
1161,6647002,8564.0,23313.0,4200.0,1615684,6338415,1616489,6352442,PVT,SMBVR,PVT,SMBV
1162,6647002,8564.0,23313.0,4200.0,1615684,6338415,1614915,6324308,PVT,SMBDL,PVT,SMBD
1163,6647002,8564.0,23313.0,4200.0,1615684,6338415,1653873,6647003,PVT,CEPshVR,PVT,CEPshV
1164,6647006,6643.0,22941.0,3180.0,1615684,6338447,1653903,6647007,PVT,CEPshVL,PVT,CEPshV
1165,6647006,6643.0,22941.0,3180.0,1615684,6338447,1615357,6332234,PVT,RIGL,PVT,RIG
1166,6647006,6643.0,22941.0,3180.0,1615684,6338447,1616777,6357714,PVT,RIH,PVT,RIH
1167,6646998,4545.0,18381.0,3540.0,1615684,6338493,1615586,6336276,PVT,OLLL,PVT,OLL
1168,6646998,4545.0,18381.0,3540.0,1615684,6338493,1615157,6328724,PVT,URBL,PVT,URB
1169,6647037,5848.0,18446.0,3300.0,1617141,6364420,1616878,6359875,RIAL,RMDDR,RIA,RMDD
1170,6647037,5848.0,18446.0,3300.0,1617141,6364420,1617006,6362087,RIAL,RIAR,RIA,RIA
1171,6647037,5848.0,18446.0,3300.0,1617141,6364420,1615313,6331547,RIAL,RMDL,RIA,RMDL/R
1172,6647042,5992.0,20554.0,2790.0,1617141,6364389,1617006,6362109,RIAL,RIAR,RIA,RIA
1173,6647042,5992.0,20554.0,2790.0,1617141,6364389,1615313,6331284,RIAL,RMDL,RIA,RMDL/R
1174,6647017,9648.0,22104.0,3360.0,1617141,6364530,1614948,6324614,RIAL,SMDDR,RIA,SMDD
1175,6647017,9648.0,22104.0,3360.0,1617141,6364530,1617006,6361957,RIAL,RIAR,RIA,RIA
1176,6647021,9738.0,22144.0,3090.0,1617141,6364521,1617006,6361965,RIAL,RIAR,RIA,RIA
1177,6647021,9738.0,22144.0,3090.0,1617141,6364521,1614948,6324623,RIAL,SMDDR,RIA,SMDD
1178,6647051,7492.0,21990.0,3180.0,1617141,6364376,1615895,6342216,RIAL,SMDVR,RIA,SMDV
1179,6647051,7492.0,21990.0,3180.0,1617141,6364376,1617006,6362122,RIAL,RIAR,RIA,RIA
1180,6647051,7492.0,21990.0,3180.0,1617141,6364376,1615756,6340074,RIAL,SMDDL,RIA,SMDD
1181,6647016,9676.0,22012.0,3690.0,1617141,6364538,1617006,6361951,RIAL,RIAR,RIA,RIA
1182,6647016,9676.0,22012.0,3690.0,1617141,6364538,1614948,6324604,RIAL,SMDDR,RIA,SMDD
1183,6647016,9676.0,22012.0,3690.0,1617141,6364538,1617041,6362771,RIAL,RIVL,RIA,RIV
1184,6647047,7366.0,21772.0,2850.0,1617141,6364387,1615961,6343402,RIAL,RMDVR,RIA,RMDV
1185,6647047,7366.0,21772.0,2850.0,1617141,6364387,1617119,6363814,RIAL,RMDDL,RIA,RMDD
1186,6647045,7152.0,21430.0,2760.0,1617141,6364390,1615961,6343444,RIAL,RMDVR,RIA,RMDV
1187,6647045,7152.0,21430.0,2760.0,1617141,6364390,1617119,6364134,RIAL,RMDDL,RIA,RMDD
1188,6647049,7554.0,21880.0,2940.0,1617141,6364384,1615961,6343399,RIAL,RMDVR,RIA,RMDV
1189,6647049,7554.0,21880.0,2940.0,1617141,6364384,1617119,6363811,RIAL,RMDDL,RIA,RMDD
1190,6647050,7590.0,21814.0,3060.0,1617141,6364380,1615961,6343302,RIAL,RMDVR,RIA,RMDV
1191,6647050,7590.0,21814.0,3060.0,1617141,6364380,1617119,6363807,RIAL,RMDDL,RIA,RMDD
1192,6647053,7696.0,21904.0,3300.0,1617141,6364372,1615961,6343318,RIAL,RMDVR,RIA,RMDV
1193,6647053,7696.0,21904.0,3300.0,1617141,6364372,1617119,6363799,RIAL,RMDDL,RIA,RMDD
1194,6647058,6766.0,21144.0,2640.0,1617141,6364394,1615961,6343408,RIAL,RMDVR,RIA,RMDV
1195,6647058,6766.0,21144.0,2640.0,1617141,6364394,1617119,6364130,RIAL,RMDDL,RIA,RMDD
1196,6647059,6082.0,20430.0,2550.0,1617141,6364397,1615961,6343411,RIAL,RMDVR,RIA,RMDV
1197,6647059,6082.0,20430.0,2550.0,1617141,6364397,1617119,6363836,RIAL,RMDDL,RIA,RMDD
1198,6647034,6646.0,16912.0,3570.0,1617141,6364432,1616878,6359799,RIAL,RMDDR,RIA,RMDD
1199,6647040,5838.0,18980.0,3000.0,1617141,6364409,1617006,6362099,RIAL,RIAR,RIA,RIA
1200,6647040,5838.0,18980.0,3000.0,1617141,6364409,1616878,6359883,RIAL,RMDDR,RIA,RMDD
1201,6647040,5838.0,18980.0,3000.0,1617141,6364409,1617467,6369912,RIAL,IL1L,RIA,IL1L/R
1202,6647018,9684.0,21936.0,3300.0,1617141,6364528,1617411,6368945,RIAL,RMDVL,RIA,RMDV
1203,6647018,9684.0,21936.0,3300.0,1617141,6364528,1616878,6359595,RIAL,RMDDR,RIA,RMDD
1204,6647035,6224.0,17584.0,3330.0,1617141,6364422,1616878,6359874,RIAL,RMDDR,RIA,RMDD
1205,6647035,6224.0,17584.0,3330.0,1617141,6364422,1617411,6369093,RIAL,RMDVL,RIA,RMDV
1206,6647039,6014.0,17744.0,3120.0,1617141,6364413,1617411,6368774,RIAL,RMDVL,RIA,RMDV
1207,6647039,6014.0,17744.0,3120.0,1617141,6364413,1616878,6359879,RIAL,RMDDR,RIA,RMDD
1208,6647064,7493.0,16509.0,3630.0,1617141,6364434,1616878,6359797,RIAL,RMDDR,RIA,RMDD
1209,6647064,7493.0,16509.0,3630.0,1617141,6364434,1617411,6368792,RIAL,RMDVL,RIA,RMDV
1210,6647067,5809.0,18017.0,3000.0,1617141,6364409,1617411,6368770,RIAL,RMDVL,RIA,RMDV
1211,6647067,5809.0,18017.0,3000.0,1617141,6364409,1616878,6359883,RIAL,RMDDR,RIA,RMDD
1212,15137497,5805.0,18277.0,3000.0,1617141,6364409,1616878,6359883,RIAL,RMDDR,RIA,RMDD
1213,6647057,11854.0,19266.0,2760.0,1617141,6364487,1615961,6343193,RIAL,RMDVR,RIA,RMDV
1214,6647057,11854.0,19266.0,2760.0,1617141,6364487,1615313,6331490,RIAL,RMDL,RIA,RMDL/R
1215,6647061,8214.0,16532.0,3960.0,1617141,6364450,1615313,6331341,RIAL,RMDL,RIA,RMDL/R
1216,6647061,8214.0,16532.0,3960.0,1617141,6364450,1615895,6342146,RIAL,SMDVR,RIA,SMDV
1217,6647061,8214.0,16532.0,3960.0,1617141,6364450,1615756,6339942,RIAL,SMDDL,RIA,SMDD
1218,6647024,11184.0,20424.0,2460.0,1617141,6364499,1615544,6335709,RIAL,RMDR,RIA,RMDL/R
1219,6647062,11470.0,20528.0,2340.0,1617141,6364560,1615544,6335719,RIAL,RMDR,RIA,RMDL/R
1220,6647060,5678.0,20328.0,2550.0,1617141,6364397,1615544,6335659,RIAL,RMDR,RIA,RMDL/R
1221,6647060,5678.0,20328.0,2550.0,1617141,6364397,1617119,6363836,RIAL,RMDDL,RIA,RMDD
1222,6647027,11070.0,16932.0,3540.0,1617141,6364460,1617119,6363911,RIAL,RMDDL,RIA,RMDD
1223,6647027,11070.0,16932.0,3540.0,1617141,6364460,1615544,6335517,RIAL,RMDR,RIA,RMDL/R
1224,6647027,11070.0,16932.0,3540.0,1617141,6364460,1615741,6339659,RIAL,SIADL,RIA,SIAD
1225,6647066,11898.0,17507.0,3030.0,1617141,6364477,1615756,6340064,RIAL,SMDDL,RIA,SMDD
1226,6647066,11898.0,17507.0,3030.0,1617141,6364477,1615544,6478710,RIAL,RMDR,RIA,RMDL/R
1227,6647023,10678.0,21096.0,2640.0,1617141,6364506,1617411,6368919,RIAL,RMDVL,RIA,RMDV
1228,6647023,10678.0,21096.0,2640.0,1617141,6364506,1615313,6331455,RIAL,RMDL,RIA,RMDL/R
1229,6647020,9890.0,21954.0,3210.0,1617141,6364525,1617411,6368943,RIAL,RMDVL,RIA,RMDV
1230,6647020,9890.0,21954.0,3210.0,1617141,6364525,1616750,6357208,RIAL,SIAVR,RIA,SIAV
1231,6647022,9910.0,21962.0,3030.0,1617141,6364519,1617411,6368938,RIAL,RMDVL,RIA,RMDV
1232,6647022,9910.0,21962.0,3030.0,1617141,6364519,1616750,6357202,RIAL,SIAVR,RIA,SIAV
1233,6647063,7236.0,16394.0,3810.0,1617141,6364440,1614948,6324724,RIAL,SMDDR,RIA,SMDD
1234,15137498,6862.0,16476.0,3780.0,1617141,6364439,1614948,6324723,RIAL,SMDDR,RIA,SMDD
1235,15137498,6862.0,16476.0,3780.0,1617141,6364439,1616626,6355190,RIAL,SMDVL,RIA,SMDV
1236,6647030,9304.0,16534.0,3810.0,1617141,6364445,1617006,6647032,RIAL,RIAR,RIA,RIA
1237,6647030,9304.0,16534.0,3810.0,1617141,6364445,1614948,6324698,RIAL,SMDDR,RIA,SMDD
1238,6647030,9304.0,16534.0,3810.0,1617141,6364445,1616626,6354902,RIAL,SMDVL,RIA,SMDV
1239,6647048,6872.0,21686.0,2880.0,1617141,6364386,1617006,6362107,RIAL,RIAR,RIA,RIA
1240,6647048,6872.0,21686.0,2880.0,1617141,6364386,1615895,6342206,RIAL,SMDVR,RIA,SMDV
1241,6647028,11238.0,16712.0,3690.0,1617141,6364455,1615756,6339956,RIAL,SMDDL,RIA,SMDD
1242,6647028,11238.0,16712.0,3690.0,1617141,6364455,1615895,6342407,RIAL,SMDVR,RIA,SMDV
1243,6647055,8230.0,22386.0,3510.0,1617141,6364366,1615756,6339885,RIAL,SMDDL,RIA,SMDD
1244,6647055,8230.0,22386.0,3510.0,1617141,6364366,1615895,6342227,RIAL,SMDVR,RIA,SMDV
1245,6647107,10944.0,20962.0,2070.0,1617006,6361998,1615120,6328234,RIAR,CEPVR,RIA,CEPV
1246,6647115,10865.0,16836.0,3330.0,1617006,6362041,1617119,6363917,RIAR,RMDDL,RIA,RMDD
1247,6647115,10865.0,16836.0,3330.0,1617006,6362041,1617141,6364466,RIAR,RIAL,RIA,RIA
1248,6647096,11652.0,20312.0,2280.0,1617006,6362004,1617141,6364562,RIAR,RIAL,RIA,RIA
1249,6647096,11652.0,20312.0,2280.0,1617006,6362004,1615544,6335721,RIAR,RMDR,RIA,RMDL/R
1250,6647119,11142.0,20802.0,2340.0,1617006,6361990,1617141,6364560,RIAR,RIAL,RIA,RIA
1251,6647119,11142.0,20802.0,2340.0,1617006,6361990,1615544,6335719,RIAR,RMDR,RIA,RMDL/R
1252,6647098,10232.0,21646.0,2490.0,1617006,6361982,1617141,6364501,RIAR,RIAL,RIA,RIA
1253,6647098,10232.0,21646.0,2490.0,1617006,6361982,1616626,6355140,RIAR,SMDVL,RIA,SMDV
1254,6647111,7074.0,16520.0,3870.0,1617006,6362067,1616626,6355187,RIAR,SMDVL,RIA,SMDV
1255,6647111,7074.0,16520.0,3870.0,1617006,6362067,1617141,6364441,RIAR,RIAL,RIA,RIA
1256,6647090,11660.0,17850.0,2820.0,1617006,6362025,1617141,6364484,RIAR,RIAL,RIA,RIA
1257,6647090,11660.0,17850.0,2820.0,1617006,6362025,1617119,6363964,RIAR,RMDDL,RIA,RMDD
1258,6647122,11307.0,17149.0,3060.0,1617006,6362032,1617119,6363926,RIAR,RMDDL,RIA,RMDD
1259,6647081,6020.0,17574.0,3540.0,1617006,6362079,1616878,6359800,RIAR,RMDDR,RIA,RMDD
1260,6647081,6020.0,17574.0,3540.0,1617006,6362079,1615313,6331328,RIAR,RMDL,RIA,RMDL/R
1261,6647082,6536.0,17134.0,3750.0,1617006,6362072,1616878,6359793,RIAR,RMDDR,RIA,RMDD
1262,6647082,6536.0,17134.0,3750.0,1617006,6362072,1615313,6331334,RIAR,RMDL,RIA,RMDL/R
1263,6647127,6832.0,16891.0,3870.0,1617006,6362067,1616878,6359791,RIAR,RMDDR,RIA,RMDD
1264,6647127,6832.0,16891.0,3870.0,1617006,6362067,1615313,6331338,RIAR,RMDL,RIA,RMDL/R
1265,6647127,6832.0,16891.0,3870.0,1617006,6362067,1616731,6356868,RIAR,SIADR,RIA,SIAD
1266,6647110,7182.0,16618.0,3840.0,1617006,6362066,1616731,6356865,RIAR,SIADR,RIA,SIAD
1267,6647110,7182.0,16618.0,3840.0,1617006,6362066,1616878,6359790,RIAR,RMDDR,RIA,RMDD
1268,6647103,9342.0,22050.0,3330.0,1617006,6361958,1616878,6359594,RIAR,RMDDR,RIA,RMDD
1269,6647103,9342.0,22050.0,3330.0,1617006,6361958,1616626,6354991,RIAR,SMDVL,RIA,SMDV
1270,6647077,5801.0,19971.0,2940.0,1617006,6362104,1615313,6331279,RIAR,RMDL,RIA,RMDL/R
1271,6647105,11462.0,20564.0,1980.0,1617006,6362001,1616878,6359711,RIAR,RMDDR,RIA,RMDD
1272,6647105,11462.0,20564.0,1980.0,1617006,6362001,1615313,6331512,RIAR,RMDL,RIA,RMDL/R
1273,6647126,6037.0,20642.0,2850.0,1617006,6362108,1615313,6331282,RIAR,RMDL,RIA,RMDL/R
1274,6647109,11624.0,20404.0,2220.0,1617006,6361994,1615544,6335723,RIAR,RMDR,RIA,RMDL/R
1275,6647109,11624.0,20404.0,2220.0,1617006,6361994,1615313,6331506,RIAR,RMDL,RIA,RMDL/R
1276,6647080,5889.0,19389.0,3210.0,1617006,6362094,1615961,6343291,RIAR,RMDVR,RIA,RMDV
1277,6647080,5889.0,19389.0,3210.0,1617006,6362094,1615313,6331270,RIAR,RMDL,RIA,RMDL/R
1278,6647080,5889.0,19389.0,3210.0,1617006,6362094,1615544,6335641,RIAR,RMDR,RIA,RMDL/R
1279,6647093,12142.0,18776.0,2460.0,1617006,6362011,1615961,6343203,RIAR,RMDVR,RIA,RMDV
1280,6647093,12142.0,18776.0,2460.0,1617006,6362011,1615313,6331479,RIAR,RMDL,RIA,RMDL/R
1281,6647083,6298.0,17148.0,3750.0,1617006,6362072,1616731,6356875,RIAR,SIADR,RIA,SIAD
1282,6647083,6298.0,17148.0,3750.0,1617006,6362072,1614948,6324722,RIAR,SMDDR,RIA,SMDD
1283,6647083,6298.0,17148.0,3750.0,1617006,6362072,1615313,6331334,RIAR,RMDL,RIA,RMDL/R
1284,6647091,11856.0,17850.0,2880.0,1617006,6362027,1615544,6335497,RIAR,RMDR,RIA,RMDL/R
1285,6647091,11856.0,17850.0,2880.0,1617006,6362027,1615169,6329077,RIAR,CEPDR,RIA,CEPD
1286,6647100,9922.0,21680.0,2640.0,1617006,6361977,1617411,6368919,RIAR,RMDVL,RIA,RMDV
1287,6647113,10906.0,20686.0,2430.0,1617006,6361986,1617411,6368853,RIAR,RMDVL,RIA,RMDV
1288,6647113,10906.0,20686.0,2430.0,1617006,6361986,1615544,6335710,RIAR,RMDR,RIA,RMDL/R
1289,6647113,10906.0,20686.0,2430.0,1617006,6361986,1617141,6364498,RIAR,RIAL,RIA,RIA
1290,6647074,9299.0,21925.0,4020.0,1617006,6361942,1616878,6359575,RIAR,RMDDR,RIA,RMDD
1291,6647074,9299.0,21925.0,4020.0,1617006,6361942,1617411,6368968,RIAR,RMDVL,RIA,RMDV
1292,6647097,10208.0,21464.0,2340.0,1617006,6361990,1617411,6369060,RIAR,RMDVL,RIA,RMDV
1293,6647097,10208.0,21464.0,2340.0,1617006,6361990,1616878,6359630,RIAR,RMDDR,RIA,RMDD
1294,6647099,9756.0,21788.0,2580.0,1617006,6361979,1617411,6368917,RIAR,RMDVL,RIA,RMDV
1295,6647099,9756.0,21788.0,2580.0,1617006,6361979,1616878,6359617,RIAR,RMDDR,RIA,RMDD
1296,6647106,11102.0,20832.0,1980.0,1617006,6362001,1617411,6369072,RIAR,RMDVL,RIA,RMDV
1297,6647106,11102.0,20832.0,1980.0,1617006,6362001,1616878,6359711,RIAR,RMDDR,RIA,RMDD
1298,6647108,10772.0,21034.0,2100.0,1617006,6361997,1617411,6369068,RIAR,RMDVL,RIA,RMDV
1299,6647108,10772.0,21034.0,2100.0,1617006,6361997,1616878,6359666,RIAR,RMDDR,RIA,RMDD
1300,6647132,9750.0,21825.0,2730.0,1617006,6478530,1617411,6368922,RIAR,RMDVL,RIA,RMDV
1301,6647132,9750.0,21825.0,2730.0,1617006,6478530,1616878,6359613,RIAR,RMDDR,RIA,RMDD
1302,6647079,5559.0,18960.0,3240.0,1617006,6362093,1615544,6335625,RIAR,RMDR,RIA,RMDL/R
1303,6647079,5559.0,18960.0,3240.0,1617006,6362093,1617411,6368758,RIAR,RMDVL,RIA,RMDV
1304,6647089,10148.0,16616.0,3540.0,1617006,6362048,1617119,6363911,RIAR,RMDDL,RIA,RMDD
1305,6647089,10148.0,16616.0,3540.0,1617006,6362048,1615961,6343244,RIAR,RMDVR,RIA,RMDV
1306,6647092,11774.0,17738.0,2640.0,1617006,6362019,1615961,6343215,RIAR,RMDVR,RIA,RMDV
1307,6647092,11774.0,17738.0,2640.0,1617006,6362019,1617119,6363970,RIAR,RMDDL,RIA,RMDD
1308,6647114,11998.0,18344.0,2460.0,1617006,6362011,1617119,6363976,RIAR,RMDDL,RIA,RMDD
1309,6647114,11998.0,18344.0,2460.0,1617006,6362011,1615961,6343209,RIAR,RMDVR,RIA,RMDV
1310,6647084,6350.0,16976.0,3900.0,1617006,6479230,1616626,6355186,RIAR,SMDVL,RIA,SMDV
1311,6647084,6350.0,16976.0,3900.0,1617006,6479230,1616731,6356870,RIAR,SIADR,RIA,SIAD
1312,6647125,7434.0,22095.0,3330.0,1617006,6362127,1617141,6364371,RIAR,RIAL,RIA,RIA
1313,6647125,7434.0,22095.0,3330.0,1617006,6362127,1615756,6340070,RIAR,SMDDL,RIA,SMDD
1314,6647075,7744.0,22026.0,3690.0,1617006,6362138,1616859,6359415,RIAR,RIVR,RIA,RIV
1315,6647075,7744.0,22026.0,3690.0,1617006,6362138,1617141,6364360,RIAR,RIAL,RIA,RIA
1316,6647075,7744.0,22026.0,3690.0,1617006,6362138,1615756,6339879,RIAR,SMDDL,RIA,SMDD
1317,6647116,11021.0,16708.0,3330.0,1617006,6362041,1615756,6340056,RIAR,SMDDL,RIA,SMDD
1318,6647116,11021.0,16708.0,3330.0,1617006,6362041,1617141,6364466,RIAR,RIAL,RIA,RIA
1319,6647076,7055.0,22027.0,3090.0,1617006,6362119,1615895,6342213,RIAR,SMDVR,RIA,SMDV
1320,6647076,7055.0,22027.0,3090.0,1617006,6362119,1615756,6340077,RIAR,SMDDL,RIA,SMDD
1321,6647085,9462.0,16460.0,3690.0,1617006,6362053,1616626,6355164,RIAR,SMDVL,RIA,SMDV
1322,6647085,9462.0,16460.0,3690.0,1617006,6362053,1615756,6339951,RIAR,SMDDL,RIA,SMDD
1323,6647085,9462.0,16460.0,3690.0,1617006,6362053,1615895,6342416,RIAR,SMDVR,RIA,SMDV
1324,6647102,9538.0,22144.0,3060.0,1617006,6361966,1616626,6354983,RIAR,SMDVL,RIA,SMDV
1325,6647102,9538.0,22144.0,3060.0,1617006,6361966,1614948,6324624,RIAR,SMDDR,RIA,SMDD
1326,6647104,9092.0,22234.0,3510.0,1617006,6361954,1614948,6324610,RIAR,SMDDR,RIA,SMDD
1327,6647104,9092.0,22234.0,3510.0,1617006,6361954,1616626,6354996,RIAR,SMDVL,RIA,SMDV
1328,6647120,8043.0,16383.0,3780.0,1617006,6362059,1616626,6354897,RIAR,SMDVL,RIA,SMDV
1329,6647120,8043.0,16383.0,3780.0,1617006,6362059,1614948,6324723,RIAR,SMDDR,RIA,SMDD
1330,6647129,6304.0,16769.0,3870.0,1617006,6362067,1616626,6355187,RIAR,SMDVL,RIA,SMDV
1331,6647129,6304.0,16769.0,3870.0,1617006,6362067,1614948,6324726,RIAR,SMDDR,RIA,SMDD
1332,6647139,5279.0,17454.0,4440.0,1616173,6347116,1617190,6364944,RIBL,AVEL,RIB,AVE
1333,6647139,5279.0,17454.0,4440.0,1616173,6347116,1615383,6332461,RIBL,AVDR,RIB,AVD
1334,6647143,6697.0,16188.0,5070.0,1616173,6347211,1616147,6346683,RIBL,AUAL,RIB,AUA
1335,6647143,6697.0,16188.0,5070.0,1616173,6347211,1617190,6365281,RIBL,AVEL,RIB,AVE
1336,6647141,5493.0,21886.0,3420.0,1616173,6347072,1617632,6373435,RIBL,BAGR,RIB,BAG
1337,6647141,5493.0,21886.0,3420.0,1616173,6347072,1617141,6364571,RIBL,RIAL,RIB,RIA
1338,6647144,4551.0,19168.0,4440.0,1616173,6347105,1615267,6330684,RIBL,AVAL,RIB,AVA
1339,6647144,4551.0,19168.0,4440.0,1616173,6347105,1617632,6373399,RIBL,BAGR,RIB,BAG
1340,6647144,4551.0,19168.0,4440.0,1616173,6347105,1617141,6364228,RIBL,RIAL,RIB,RIA
1341,6647138,4929.0,17950.0,3000.0,1616173,6347162,1617598,6372776,RIBL,CEPDL,RIB,CEPD
1342,6647138,4929.0,17950.0,3000.0,1616173,6347162,1615503,6334860,RIBL,RIS,RIB,RIS
1343,6647152,11981.0,20640.0,1620.0,1615564,6336157,1615054,6326883,RIBR,OLLR,RIB,OLL
1344,6647152,11981.0,20640.0,1620.0,1615564,6336157,1617190,6365266,RIBR,AVEL,RIB,AVE
1345,6647153,9221.0,22806.0,2670.0,1615564,6336098,1616626,6354970,RIBR,SMDVL,RIB,SMDV
1346,6647153,9221.0,22806.0,2670.0,1615564,6336098,1617190,6365092,RIBR,AVEL,RIB,AVE
1347,6647153,9221.0,22806.0,2670.0,1615564,6336098,1615503,6334739,RIBR,RIS,RIB,RIS
1348,6647158,12497.0,17545.0,3930.0,1615564,6335984,1616220,6348001,RIBR,AIBL,RIB,AIB
1349,6647158,12497.0,17545.0,3930.0,1615564,6335984,1617328,6367318,RIBR,AVER,RIB,AVE
1350,6647157,12631.0,17771.0,3930.0,1615564,6335984,1616220,6348001,RIBR,AIBL,RIB,AIB
1351,6647157,12631.0,17771.0,3930.0,1615564,6335984,1617328,6367318,RIBR,AVER,RIB,AVE
1352,6647157,12631.0,17771.0,3930.0,1615564,6335984,1617216,6365461,RIBR,AVDL,RIB,AVD
1353,6647150,12441.0,17314.0,3960.0,1615564,6335947,1616393,6350853,RIBR,RIGR,RIB,RIG
1354,6647150,12441.0,17314.0,3960.0,1615564,6335947,1616220,6348000,RIBR,AIBL,RIB,AIB
1355,6647150,12441.0,17314.0,3960.0,1615564,6335947,1617328,6367319,RIBR,AVER,RIB,AVE
1356,6647154,12821.0,19336.0,3750.0,1615564,6336066,1615711,6339288,RIBR,AVAR,RIB,AVA
1357,6647154,12821.0,19336.0,3750.0,1615564,6336066,1615798,6340690,RIBR,BAGL,RIB,BAG
1358,6647147,11197.0,22386.0,2820.0,1615564,6336078,1615798,6340736,RIBR,BAGL,RIB,BAG
1359,6647147,11197.0,22386.0,2820.0,1615564,6336078,1617006,6362155,RIBR,RIAR,RIB,RIA
1360,6647155,12967.0,19526.0,3750.0,1615564,6336066,1615798,6340690,RIBR,BAGL,RIB,BAG
1361,6647155,12967.0,19526.0,3750.0,1615564,6336066,1617006,6361798,RIBR,RIAR,RIB,RIA
1362,6647169,10055.0,22317.0,4170.0,1617026,6362398,1614948,6324863,RICL,SMDDR,RIC,SMDD
1363,6647169,10055.0,22317.0,4170.0,1617026,6362398,1615267,6330784,RICL,AVAL,RIC,AVA
1364,6647164,6231.0,21260.0,3660.0,1617026,6362468,1615711,6339263,RICL,AVAR,RIC,AVA
1365,6647164,6231.0,21260.0,3660.0,1617026,6362468,1616919,6360552,RICL,AIBR,RIC,AIB
1366,6647167,11357.0,17506.0,3960.0,1617026,6362342,1616573,6353966,RICL,RICR,RIC,RIC
1367,6647167,11357.0,17506.0,3960.0,1617026,6362342,1615711,6339066,RICL,AVAR,RIC,AVA
1368,6647163,6837.0,21698.0,3600.0,1617026,6362470,1615756,6339882,RICL,SMDDL,RIC,SMDD
1369,6647163,6837.0,21698.0,3600.0,1617026,6362470,1615711,6339113,RICL,AVAR,RIC,AVA
1370,6647162,6573.0,21530.0,3660.0,1617026,6362468,1614969,6325022,RICL,URYVL,RIC,URYV
1371,6647162,6573.0,21530.0,3660.0,1617026,6362468,1615711,6339115,RICL,AVAR,RIC,AVA
1372,6647166,6345.0,18118.0,4500.0,1617026,6362450,1617598,6372695,RICL,CEPDL,RIC,CEPD
1373,6647160,10983.0,20711.0,3810.0,1617026,6362435,1615120,6328136,RICL,CEPVR,RIC,CEPV
1374,6647171,7249.0,21947.0,4170.0,1616573,6354047,1615919,6342585,RICR,ADAL,RIC,ADA
1375,6647171,7249.0,21947.0,4170.0,1616573,6354047,1615756,6339864,RICR,SMDDL,RIC,SMDD
1376,6647171,7249.0,21947.0,4170.0,1616573,6354047,1615711,6339130,RICR,AVAR,RIC,AVA
1377,6647176,11529.0,18176.0,4050.0,1616573,6353965,1615711,6339052,RICR,AVAR,RIC,AVA
1378,6647176,11529.0,18176.0,4050.0,1616573,6353965,1615670,6338210,RICR,ADAR,RIC,ADA
1379,6647170,10825.0,21835.0,3060.0,1616573,6354078,1615267,6330749,RICR,AVAL,RIC,AVA
1380,6647170,10825.0,21835.0,3060.0,1616573,6354078,1614948,6324624,RICR,SMDDR,RIC,SMDD
1381,6647170,10825.0,21835.0,3060.0,1616573,6354078,1616455,6351738,RICR,SAAVL,RIC,SAAV
1382,6647179,6263.0,20536.0,4710.0,1615847,6341551,1615919,6342695,RIFL,ADAL,RIF,ADA
1383,6647179,6263.0,20536.0,4710.0,1615847,6341551,1616031,6344686,RIFL,ASHL,RIF,ASH
1384,6647179,6263.0,20536.0,4710.0,1615847,6341551,1615919,6342688,RIFL,ADAL,RIF,ADA
1385,6647180,6767.0,22572.0,4950.0,1615847,6341539,1616087,6345519,RIFL,AVBL,RIF,AVB
1386,6647180,6767.0,22572.0,4950.0,1615847,6341539,1616337,6349594,RIFL,AVJR,RIF,AVJ
1387,6647177,7320.0,23190.0,5250.0,1615847,6341529,1615601,6336616,RIFL,RIML,RIF,RIM
1388,6647177,7320.0,23190.0,5250.0,1615847,6341529,1616087,6345509,RIFL,AVBL,RIF,AVB
1389,6647177,7320.0,23190.0,5250.0,1615847,6341529,1616337,6349604,RIFL,AVJR,RIF,AVJ
1390,6647182,7712.0,23999.0,6030.0,1615847,6341504,1616337,6349695,RIFL,AVJR,RIF,AVJ
1391,6647182,7712.0,23999.0,6030.0,1615847,6341504,1615601,6336913,RIFL,RIML,RIF,RIM
1392,6647182,7712.0,23999.0,6030.0,1615847,6341504,1616087,6345481,RIFL,AVBL,RIF,AVB
1393,6647182,7712.0,23999.0,6030.0,1615847,6341504,1616337,6349629,RIFL,AVJR,RIF,AVJ
1394,6647188,9071.0,17084.0,5040.0,1616526,6353173,1617523,6371143,RIFR,ASHR,RIF,ASH
1395,6647188,9071.0,17084.0,5040.0,1616526,6353173,1616087,6345791,RIFR,AVBL,RIF,AVB
1396,6647184,9363.0,17059.0,4950.0,1616526,6353170,1616066,6345197,RIFR,AVBR,RIF,AVB
1397,6647184,9363.0,17059.0,4950.0,1616526,6353170,1617523,6371146,RIFR,ASHR,RIF,ASH
1398,6647184,9363.0,17059.0,4950.0,1616526,6353170,1616087,6345567,RIFR,AVBL,RIF,AVB
1399,6647185,10193.0,23416.0,5100.0,1616526,6353123,1616509,6352905,RIFR,AVJL,RIF,AVJ
1400,6647185,10193.0,23416.0,5100.0,1616526,6353123,1615670,6338125,RIFR,ADAR,RIF,ADA
1401,6647185,10193.0,23416.0,5100.0,1616526,6353123,1616066,6345112,RIFR,AVBR,RIF,AVB
1402,6647183,9671.0,24159.0,6090.0,1616526,6353090,1616305,6348942,RIFR,RIMR,RIF,RIM
1403,6647183,9671.0,24159.0,6090.0,1616526,6353090,1616509,6352936,RIFR,AVJL,RIF,AVJ
1404,6647183,9671.0,24159.0,6090.0,1616526,6353090,1616066,6345082,RIFR,AVBR,RIF,AVB
1405,6647186,9919.0,23798.0,5640.0,1616526,6353105,1616509,6352922,RIFR,AVJL,RIF,AVJ
1406,6647186,9919.0,23798.0,5640.0,1616526,6353105,1616066,6345095,RIFR,AVBR,RIF,AVB
1407,6647186,9919.0,23798.0,5640.0,1616526,6353105,1616305,6348961,RIFR,RIMR,RIF,RIM
1408,6647199,5247.0,17294.0,4350.0,1615357,6332187,1616173,6347118,RIGL,RIBL,RIG,RIB
1409,6647199,5247.0,17294.0,4350.0,1615357,6332187,1617575,6372017,RIGL,URYDL,RIG,URYD
1410,6647199,5247.0,17294.0,4350.0,1615357,6332187,1616919,6360678,RIGL,AIBR,RIG,AIB
1411,6647201,6309.0,16235.0,4650.0,1615357,6332167,1616042,6344952,RIGL,AIZL,RIG,AIZ
1412,6647192,4682.0,19211.0,3180.0,1615357,6332119,1617478,6370145,RIGL,RMGL,RIG,RMG
1413,6647192,4682.0,19211.0,3180.0,1615357,6332119,1615404,6332822,RIGL,AVKL,RIG,AVK
1414,6647194,4768.0,20161.0,2970.0,1615357,6332193,1617478,6370172,RIGL,RMGL,RIG,RMG
1415,6647194,4768.0,20161.0,2970.0,1615357,6332193,1615404,6333158,RIGL,AVKL,RIG,AVK
1416,6647195,4660.0,19761.0,2970.0,1615357,6332193,1615404,6332815,RIGL,AVKL,RIG,AVK
1417,6647195,4660.0,19761.0,2970.0,1615357,6332193,1617478,6370172,RIGL,RMGL,RIG,RMG
1418,6647190,5433.0,21516.0,3330.0,1615357,6332112,1617632,6373437,RIGL,BAGR,RIG,BAG
1419,6647190,5433.0,21516.0,3330.0,1615357,6332112,1616173,6347224,RIGL,RIBL,RIG,RIB
1420,6647191,5181.0,21430.0,3330.0,1615357,6332112,1616173,6347224,RIGL,RIBL,RIG,RIB
1421,6647191,5181.0,21430.0,3330.0,1615357,6332112,1616365,6350044,RIGL,OLQVL,RIG,OLQV
1422,6647204,5081.0,17546.0,4260.0,1615357,6479287,1616173,6347120,RIGL,RIBL,RIG,RIB
1423,6647204,5081.0,17546.0,4260.0,1615357,6479287,1616978,6361528,RIGL,SAADR,RIG,SAAD
1424,6647204,5081.0,17546.0,4260.0,1615357,6479287,1615601,6336886,RIGL,RIML,RIG,RIM
1425,6647197,4758.0,19807.0,3090.0,1615357,6332189,1617478,6370168,RIGL,RMGL,RIG,RMG
1426,6647209,12729.0,19186.0,2640.0,1616393,6350779,1616550,6353549,RIGR,RMGR,RIG,RMG
1427,6647209,12729.0,19186.0,2640.0,1616393,6350779,1615985,6343751,RIGR,AVKR,RIG,AVK
1428,6647214,12637.0,20286.0,2400.0,1616393,6350891,1616550,6353556,RIGR,RMGR,RIG,RMG
1429,6647214,12637.0,20286.0,2400.0,1616393,6350891,1615985,6344078,RIGR,AVKR,RIG,AVK
1430,6647225,12779.0,19895.0,2490.0,1616393,6350888,1616550,6353554,RIGR,RMGR,RIG,RMG
1431,6647225,12779.0,19895.0,2490.0,1616393,6350888,1615985,6343746,RIGR,AVKR,RIG,AVK
1432,6647224,9668.0,15563.0,4710.0,1616393,6647220,1617328,6367348,RIGR,AVER,RIG,AVE
1433,6647224,9668.0,15563.0,4710.0,1616393,6647220,1615798,6340816,RIGR,BAGL,RIG,BAG
1434,6647224,9668.0,15563.0,4710.0,1616393,6647220,1617216,6365435,RIGR,AVDL,RIG,AVD
1435,6647213,12351.0,21234.0,2940.0,1616393,6350761,1615798,6340731,RIGR,BAGL,RIG,BAG
1436,6647213,12351.0,21234.0,2940.0,1616393,6350761,1617006,6362159,RIGR,RIAR,RIG,RIA
1437,6647210,11615.0,21884.0,2880.0,1616393,6350763,1615798,6340734,RIGR,BAGL,RIG,BAG
1438,6647210,11615.0,21884.0,2880.0,1616393,6350763,1615564,6335908,RIGR,RIBR,RIG,RIB
1439,6647212,11899.0,21826.0,2880.0,1616393,6350763,1615564,6335908,RIGR,RIBR,RIG,RIB
1440,6647212,11899.0,21826.0,2880.0,1616393,6350763,1614867,6323371,RIGR,URYVR,RIG,URYV
1441,6647212,11899.0,21826.0,2880.0,1616393,6350763,1617653,6373621,RIGR,OLQVR,RIG,OLQV
1442,6647236,6817.0,23320.0,3690.0,1616777,6358082,1616042,6344998,RIH,AIZL,RIH,AIZ
1443,6647236,6817.0,23320.0,3690.0,1616777,6358082,1617141,6364567,RIH,RIAL,RIH,RIA
1444,6647237,7319.0,23880.0,3810.0,1616777,6357691,1617141,6364266,RIH,RIAL,RIH,RIA
1445,6647237,7319.0,23880.0,3810.0,1616777,6357691,1616042,6344994,RIH,AIZL,RIH,AIZ
1446,6647239,7877.0,24261.0,3990.0,1616777,6357685,1617141,6364272,RIH,RIAL,RIH,RIA
1447,6647239,7877.0,24261.0,3990.0,1616777,6357685,1616042,6344851,RIH,AIZL,RIH,AIZ
1448,6647240,8191.0,24440.0,4500.0,1616777,6357670,1616042,6344807,RIH,AIZL,RIH,AIZ
1449,6647240,8191.0,24440.0,4500.0,1616777,6357670,1617141,6364287,RIH,RIAL,RIH,RIA
1450,6647256,9557.0,24153.0,3720.0,1616777,6358097,1616411,6351072,RIH,AIZR,RIH,AIZ
1451,6647256,9557.0,24153.0,3720.0,1616777,6358097,1615564,6335878,RIH,RIBR,RIH,RIB
1452,6647231,7801.0,21003.0,1440.0,1616777,6357767,1655143,6647232,RIH,GLRVL,RIH,GLRV
1453,6647231,7801.0,21003.0,1440.0,1616777,6357767,1617232,6365836,RIH,IL2VL,RIH,IL2V
1454,6647231,7801.0,21003.0,1440.0,1616777,6357767,1617667,6373928,RIH,BWM-VL01,RIH,BWM01V
1455,6647242,5871.0,17302.0,2100.0,1616777,6358044,1617564,6371881,RIH,OLQDL,RIH,OLQD
1456,6647242,5871.0,17302.0,2100.0,1616777,6358044,1617598,6372593,RIH,CEPDL,RIH,CEPD
1457,6647248,9149.0,21146.0,960.0,1616777,6357781,1615015,6325843,RIH,IL2VR,RIH,IL2V
1458,6647248,9149.0,21146.0,960.0,1616777,6357781,1615307,6331195,RIH,GLRVR,RIH,GLRV
1459,6647250,6551.0,16926.0,2130.0,1616777,6358051,1617564,6371880,RIH,OLQDL,RIH,OLQD
1460,6647250,6551.0,16926.0,2130.0,1616777,6358051,1615699,6338715,RIH,RIPL,RIH,RIP
1461,6647227,11821.0,17117.0,1950.0,1616777,6357860,1615069,6327145,RIH,OLQDR,RIH,OLQD
1462,6647227,11821.0,17117.0,1950.0,1616777,6357860,1615169,6329203,RIH,CEPDR,RIH,CEPD
1463,6647255,11527.0,17039.0,1800.0,1616777,6357856,1615069,6327150,RIH,OLQDR,RIH,OLQD
1464,6647255,11527.0,17039.0,1800.0,1616777,6357856,1615169,6329207,RIH,CEPDR,RIH,CEPD
1465,6647230,11227.0,20117.0,570.0,1616777,6357809,1617632,6373247,RIH,BAGR,RIH,BAG
1466,6647230,11227.0,20117.0,570.0,1616777,6357809,1617653,6373552,RIH,OLQVR,RIH,OLQV
1467,6647233,6365.0,22440.0,3360.0,1616777,6357709,1617141,6364572,RIH,RIAL,RIH,RIA
1468,6647233,6365.0,22440.0,3360.0,1616777,6357709,1617632,6373440,RIH,BAGR,RIH,BAG
1469,6647235,6371.0,23070.0,3660.0,1616777,6357696,1615229,6330208,RIH,RIR,RIH,RIR
1470,6647235,6371.0,23070.0,3660.0,1616777,6357696,1617141,6364262,RIH,RIAL,RIH,RIA
1471,6647235,6371.0,23070.0,3660.0,1616777,6357696,1616173,6347064,RIH,RIBL,RIH,RIB
1472,6647235,6371.0,23070.0,3660.0,1616777,6357696,1617632,6373450,RIH,BAGR,RIH,BAG
1473,6647241,8471.0,24554.0,4890.0,1616777,6357658,1616411,6351035,RIH,AIZR,RIH,AIZ
1474,6647241,8471.0,24554.0,4890.0,1616777,6357658,1617006,6361884,RIH,RIAR,RIH,RIA
1475,6647245,9315.0,24307.0,3990.0,1616777,6358088,1616411,6351062,RIH,AIZR,RIH,AIZ
1476,6647245,9315.0,24307.0,3990.0,1616777,6358088,1617006,6361857,RIH,RIAR,RIH,RIA
1477,6647244,9605.0,24086.0,3600.0,1616777,6358101,1616411,6351179,RIH,AIZR,RIH,AIZ
1478,6647244,9605.0,24086.0,3600.0,1616777,6358101,1617006,6361843,RIH,RIAR,RIH,RIA
1479,6647244,9605.0,24086.0,3600.0,1616777,6358101,1615564,6335882,RIH,RIBR,RIH,RIB
1480,6647249,6293.0,19242.0,690.0,1616777,6358078,1616365,6349969,RIH,OLQVL,RIH,OLQV
1481,6647249,6293.0,19242.0,690.0,1616777,6358078,1615699,6338901,RIH,RIPL,RIH,RIP
1482,6647252,5761.0,18108.0,1560.0,1616777,6358067,1615620,6336916,RIH,RMEL,RIH,RMEL/R
1483,6647252,5761.0,18108.0,1560.0,1616777,6358067,1615699,6338897,RIH,RIPL,RIH,RIP
1484,6647228,11933.0,17645.0,1140.0,1616777,6357836,1615040,6326301,RIH,RIPR,RIH,RIP
1485,6647228,11933.0,17645.0,1140.0,1616777,6357836,1615034,6326139,RIH,CEPshDR,RIH,CEPshD
1486,6647226,10885.0,16789.0,1950.0,1616777,6357860,1615069,6327145,RIH,OLQDR,RIH,OLQD
1487,6647226,10885.0,16789.0,1950.0,1616777,6357860,1615040,6326439,RIH,RIPR,RIH,RIP
1488,6647254,11091.0,16887.0,1830.0,1616777,6357857,1615069,6327149,RIH,OLQDR,RIH,OLQD
1489,6647254,11091.0,16887.0,1830.0,1616777,6357857,1615040,6478187,RIH,RIPR,RIH,RIP
1490,6647247,10861.0,19264.0,120.0,1616777,6357953,1617653,6373761,RIH,OLQVR,RIH,OLQV
1491,6647247,10861.0,19264.0,120.0,1616777,6357953,1615040,6326160,RIH,RIPR,RIH,RIP
1492,6647274,7687.0,23422.0,5490.0,1615601,6336608,1616066,6345309,RIML,AVBR,RIM,AVB
1493,6647274,7687.0,23422.0,5490.0,1615601,6336608,1616008,6344254,RIML,AVHR,RIM,AVH
1494,6647274,7687.0,23422.0,5490.0,1615601,6336608,1616087,6345501,RIML,AVBL,RIM,AVB
1495,6647288,4423.0,19387.0,4050.0,1615601,6336889,1616919,6360674,RIML,AIBR,RIM,AIB
1496,6647288,4423.0,19387.0,4050.0,1615601,6336889,1616066,6345236,RIML,AVBR,RIM,AVB
1497,6647288,4423.0,19387.0,4050.0,1615601,6336889,1616173,6347092,RIML,RIBL,RIM,RIB
1498,6647278,4901.0,20425.0,3630.0,1615601,6336682,1616919,6360657,RIML,AIBR,RIM,AIB
1499,6647278,4901.0,20425.0,3630.0,1615601,6336682,1616066,6345389,RIML,AVBR,RIM,AVB
1500,6647278,4901.0,20425.0,3630.0,1615601,6336682,1615357,6332209,RIML,RIGL,RIM,RIG
1501,6647290,9467.0,16003.0,3840.0,1615601,6336869,1615503,6334822,RIML,RIS,RIM,RIS
1502,6647290,9467.0,16003.0,3840.0,1615601,6336869,1616173,6347190,RIML,RIBL,RIM,RIB
1503,6647282,11221.0,21309.0,2490.0,1615601,6336855,1615544,6335714,RIML,RMDR,RIM,RMDL/R
1504,6647283,11249.0,20909.0,2610.0,1615601,6336852,1614853,6323254,RIML,BWM-VR04,RIM,BWM04V
1505,6647283,11249.0,20909.0,2610.0,1615601,6336852,1615544,6335737,RIML,RMDR,RIM,RMDL/R
1506,6647291,5253.0,17708.0,4290.0,1615601,6336887,1616978,6361529,RIML,SAADR,RIM,SAAD
1507,6647276,7679.0,22639.0,4020.0,1615601,6336656,1615756,6339868,RIML,SMDDL,RIM,SMDD
1508,6647276,7679.0,22639.0,4020.0,1615601,6336656,1615641,6337450,RIML,SAAVR,RIM,SAAV
1509,6647277,7549.0,22680.0,3780.0,1615601,6336664,1615756,6339876,RIML,SMDDL,RIM,SMDD
1510,6647277,7549.0,22680.0,3780.0,1615601,6336664,1615641,6337444,RIML,SAAVR,RIM,SAAV
1511,6647279,11981.0,18213.0,3270.0,1615601,6336749,1615544,6335507,RIML,RMDR,RIM,RMDL/R
1512,6647279,11981.0,18213.0,3270.0,1615601,6336749,1614899,6323852,RIML,BWM-DR06,RIM,BWM06D
1513,6647279,11981.0,18213.0,3270.0,1615601,6336749,1614995,6325499,RIML,BWM-DR04,RIM,BWM04D
1514,6647279,11981.0,18213.0,3270.0,1615601,6336749,1615313,6331371,RIML,RMDL,RIM,RMDL/R
1515,6647279,11981.0,18213.0,3270.0,1615601,6336749,1615756,6340055,RIML,SMDDL,RIM,SMDD
1516,6647287,9055.0,22683.0,2880.0,1615601,6336842,1614948,6324832,RIML,SMDDR,RIM,SMDD
1517,6647287,9055.0,22683.0,2880.0,1615601,6336842,1615564,6336104,RIML,RIBR,RIM,RIB
1518,6647285,9455.0,22639.0,2850.0,1615601,6336843,1614948,6324852,RIML,SMDDR,RIM,SMDD
1519,6647285,9455.0,22639.0,2850.0,1615601,6336843,1616626,6354976,RIML,SMDVL,RIM,SMDV
1520,6647300,12893.0,19738.0,3330.0,1616305,6349060,1616220,6348026,RIMR,AIBL,RIM,AIB
1521,6647300,12893.0,19738.0,3330.0,1616305,6349060,1616087,6345625,RIMR,AVBL,RIM,AVB
1522,6647302,9569.0,23618.0,5700.0,1616305,6348959,1616066,6345093,RIMR,AVBR,RIM,AVB
1523,6647302,9569.0,23618.0,5700.0,1616305,6348959,1616087,6345718,RIMR,AVBL,RIM,AVB
1524,6647302,9569.0,23618.0,5700.0,1616305,6348959,1615670,6338105,RIMR,ADAR,RIM,ADA
1525,6647303,5907.0,20646.0,3120.0,1616305,6349174,1615313,6331302,RIMR,RMDL,RIM,RMDL/R
1526,6647303,5907.0,20646.0,3120.0,1616305,6349174,1615205,6329878,RIMR,BWM-VL04,RIM,BWM04V
1527,6647293,8271.0,22878.0,3090.0,1616305,6349199,1615564,6336109,RIMR,RIBR,RIM,RIB
1528,6647293,8271.0,22878.0,3090.0,1616305,6349199,1615756,6340086,RIMR,SMDDL,RIM,SMDD
1529,6647293,8271.0,22878.0,3090.0,1616305,6349199,1616173,6347321,RIMR,RIBL,RIM,RIB
1530,6647292,7925.0,22688.0,3060.0,1616305,6349200,1615895,6342212,RIMR,SMDVR,RIM,SMDV
1531,6647292,7925.0,22688.0,3060.0,1616305,6349200,1615756,6340087,RIMR,SMDDL,RIM,SMDD
1532,6647292,7925.0,22688.0,3060.0,1616305,6349200,1616173,6347320,RIMR,RIBL,RIM,RIB
1533,6647296,13113.0,20232.0,3330.0,1616305,6349060,1615564,6336074,RIMR,RIBR,RIM,RIB
1534,6647296,13113.0,20232.0,3330.0,1616305,6349060,1616220,6348145,RIMR,AIBL,RIM,AIB
1535,6647298,12931.0,19580.0,3390.0,1616305,6349066,1616220,6348024,RIMR,AIBL,RIM,AIB
1536,6647298,12931.0,19580.0,3390.0,1616305,6349066,1615564,6336071,RIMR,RIBR,RIM,RIB
1537,6647297,13077.0,20060.0,3360.0,1616305,6349061,1616220,6348145,RIMR,AIBL,RIM,AIB
1538,6647297,13077.0,20060.0,3360.0,1616305,6349061,1616087,6345624,RIMR,AVBL,RIM,AVB
1539,6647297,13077.0,20060.0,3360.0,1616305,6349061,1615564,6335926,RIMR,RIBR,RIM,RIB
1540,6647304,5811.0,18128.0,3540.0,1616305,6349148,1615313,6331328,RIMR,RMDL,RIM,RMDL/R
1541,6647304,5811.0,18128.0,3540.0,1616305,6349148,1614774,6322275,RIMR,BWM-DL04,RIM,BWM04D
1542,6647301,9383.0,22858.0,3900.0,1616305,6349019,1614948,6324597,RIMR,SMDDR,RIM,SMDD
1543,6647301,9383.0,22858.0,3900.0,1616305,6349019,1616455,6351760,RIMR,SAAVL,RIM,SAAV
1544,6647305,5803.0,17752.0,3750.0,1616305,6349142,1614948,6324722,RIMR,SMDDR,RIM,SMDD
1545,6647305,5803.0,17752.0,3750.0,1616305,6349142,1615313,6331334,RIMR,RMDL,RIM,RMDL/R
1546,6647294,5377.0,20314.0,3330.0,1616305,6349167,1617699,6374254,RIMR,BWM-VL06,RIM,BWM06V
1547,6647294,5377.0,20314.0,3330.0,1616305,6349167,1615205,6329836,RIMR,BWM-VL04,RIM,BWM04V
1548,6647294,5377.0,20314.0,3330.0,1616305,6349167,1617478,6370140,RIMR,RMGL,RIM,RMG
1549,6647294,5377.0,20314.0,3330.0,1616305,6349167,1615895,6342396,RIMR,SMDVR,RIM,SMDV
1550,6647295,10223.0,16486.0,4200.0,1616305,6349092,1615895,6342450,RIMR,SMDVR,RIM,SMDV
1551,6647295,10223.0,16486.0,4200.0,1616305,6349092,1615641,6337369,RIMR,SAAVR,RIM,SAAV
1552,6647295,10223.0,16486.0,4200.0,1616305,6349092,1616455,6351980,RIMR,SAAVL,RIM,SAAV
1553,7182657,10949.0,17359.0,960.0,1615699,6338760,1615040,6477926,RIPL,RIPR,RIP,RIP
1554,7182657,10949.0,17359.0,960.0,1615699,6338760,1616777,6357822,RIPL,RIH,RIP,RIH
1555,7182657,10949.0,17359.0,960.0,1615699,6338760,1616903,6360263,RIPL,IL2DR,RIP,IL2D
1556,6647306,7967.0,23948.0,3840.0,1615229,6330187,1616042,6344993,RIR,AIZL,RIR,AIZ
1557,6647307,6611.0,16858.0,4920.0,1615229,6330274,1616042,6344923,RIR,AIZL,RIR,AIZ
1558,6647311,6435.0,22512.0,3840.0,1615229,6330213,1616042,6344993,RIR,AIZL,RIR,AIZ
1559,6647311,6435.0,22512.0,3840.0,1615229,6330213,1616609,6354663,RIR,DVA,RIR,DVA
1560,6647311,6435.0,22512.0,3840.0,1615229,6330213,1616115,6346092,RIR,ADFL,RIR,ADF
1561,6647308,5759.0,17664.0,4890.0,1615229,6330273,1615831,6341410,RIR,AIYL,RIR,AIY
1562,6647308,5759.0,17664.0,4890.0,1615229,6330273,1616042,6344903,RIR,AIZL,RIR,AIZ
1563,6647321,9713.0,23882.0,3300.0,1615229,6330310,1616393,6350714,RIR,RIGR,RIR,RIG
1564,6647321,9713.0,23882.0,3300.0,1615229,6330310,1616411,6351188,RIR,AIZR,RIR,AIZ
1565,6647316,11175.0,17054.0,4620.0,1615229,6330364,1616609,6354618,RIR,DVA,RIR,DVA
1566,6647316,11175.0,17054.0,4620.0,1615229,6330364,1616411,6351130,RIR,AIZR,RIR,AIZ
1567,6647314,10105.0,16416.0,4800.0,1615229,6330370,1616609,6354623,RIR,DVA,RIR,DVA
1568,6647314,10105.0,16416.0,4800.0,1615229,6330370,1616351,6349929,RIR,AUAR,RIR,AUA
1569,6647318,12719.0,19686.0,3840.0,1615229,6330338,1615798,6340687,RIR,BAGL,RIR,BAG
1570,6647318,12719.0,19686.0,3840.0,1615229,6330338,1617006,6361795,RIR,RIAR,RIR,RIA
1571,6647317,12755.0,19652.0,3900.0,1615229,6330340,1615192,6329452,RIR,URXR,RIR,URX
1572,6647317,12755.0,19652.0,3900.0,1615229,6330340,1617006,6361793,RIR,RIAR,RIR,RIA
1573,6647324,12821.0,19938.0,3780.0,1615229,6330336,1615192,6329456,RIR,URXR,RIR,URX
1574,6647324,12821.0,19938.0,3780.0,1615229,6330336,1617006,6361797,RIR,RIAR,RIR,RIA
1575,6647322,10605.0,22990.0,3150.0,1615229,6330393,1615192,6329480,RIR,URXR,RIR,URX
1576,6647322,10605.0,22990.0,3150.0,1615229,6330393,1614867,6323417,RIR,URYVR,RIR,URYV
1577,6647322,10605.0,22990.0,3150.0,1615229,6330393,1617006,6361830,RIR,RIAR,RIR,RIA
1578,6647323,5173.0,21212.0,3750.0,1615229,6330290,1617615,6372972,RIR,URXL,RIR,URX
1579,6647309,4881.0,19504.0,4380.0,1615229,6330250,1617141,6364230,RIR,RIAL,RIR,RIA
1580,6647309,4881.0,19504.0,4380.0,1615229,6330250,1617615,6372949,RIR,URXL,RIR,URX
1581,6647310,4745.0,19828.0,4200.0,1615229,6330244,1617615,6372953,RIR,URXL,RIR,URX
1582,6647310,4745.0,19828.0,4200.0,1615229,6330244,1617141,6364236,RIR,RIAL,RIR,RIA
1583,6647313,6253.0,22520.0,3750.0,1615229,6330210,1617141,6364264,RIR,RIAL,RIR,RIA
1584,6647313,6253.0,22520.0,3750.0,1615229,6330210,1617615,6372974,RIR,URXL,RIR,URX
1585,6647325,4996.0,18923.0,4710.0,1615229,6330261,1617615,6372934,RIR,URXL,RIR,URX
1586,6647325,4996.0,18923.0,4710.0,1615229,6330261,1615267,6330675,RIR,AVAL,RIR,AVA
1587,6647325,4996.0,18923.0,4710.0,1615229,6330261,1617141,6364219,RIR,RIAL,RIR,RIA
1588,6647327,12636.4,18379.9,2400.0,1615503,6334778,1615169,6329062,RIS,CEPDR,RIS,CEPD
1589,6647327,12636.4,18379.9,2400.0,1615503,6334778,1617190,6365032,RIS,AVEL,RIS,AVE
1590,6647327,12636.4,18379.9,2400.0,1615503,6334778,1615564,6336047,RIS,RIBR,RIS,RIB
1591,6647334,11429.0,21638.0,1830.0,1615503,6334975,1615120,6328250,RIS,CEPVR,RIS,CEPV
1592,6647334,11429.0,21638.0,1830.0,1615503,6334975,1617190,6365066,RIS,AVEL,RIS,AVE
1593,6647334,11429.0,21638.0,1830.0,1615503,6334975,1615564,6336139,RIS,RIBR,RIS,RIB
1594,6647335,12267.0,20264.0,1860.0,1615503,6334974,1615313,6331516,RIS,RMDL,RIS,RMDL/R
1595,6647335,12267.0,20264.0,1860.0,1615503,6334974,1617190,6365053,RIS,AVEL,RIS,AVE
1596,6647335,12267.0,20264.0,1860.0,1615503,6334974,1615564,6336063,RIS,RIBR,RIS,RIB
1597,6647331,7194.0,22711.0,2610.0,1615503,6334923,1615895,6342383,RIS,SMDVR,RIS,SMDV
1598,6647331,7194.0,22711.0,2610.0,1615503,6334923,1617328,6367449,RIS,AVER,RIS,AVE
1599,6647332,5712.0,21347.0,2280.0,1615503,6334942,1616173,6347256,RIS,RIBL,RIS,RIB
1600,6647332,5712.0,21347.0,2280.0,1615503,6334942,1617328,6367438,RIS,AVER,RIS,AVE
1601,6647332,5712.0,21347.0,2280.0,1615503,6334942,1615529,6335333,RIS,CEPVL,RIS,CEPV
1602,6647338,7645.0,15772.0,3780.0,1615503,6334967,1616305,6349125,RIS,RIMR,RIS,RIM
1603,6647338,7645.0,15772.0,3780.0,1615503,6334967,1614948,6324723,RIS,SMDDR,RIS,SMDD
1604,6647338,7645.0,15772.0,3780.0,1615503,6334967,1616173,6347192,RIS,RIBL,RIS,RIB
1605,6647330,4828.0,18283.0,2940.0,1615503,6334862,1617328,6367404,RIS,AVER,RIS,AVE
1606,6647330,4828.0,18283.0,2940.0,1615503,6334862,1617598,6372775,RIS,CEPDL,RIS,CEPD
1607,6647330,4828.0,18283.0,2940.0,1615503,6334862,1616173,6347163,RIS,RIBL,RIS,RIB
1608,6647333,5042.0,20101.0,2490.0,1615503,6334878,1616173,6347269,RIS,RIBL,RIS,RIB
1609,6647333,5042.0,20101.0,2490.0,1615503,6334878,1615544,6335661,RIS,RMDR,RIS,RMDL/R
1610,6647339,4989.0,19340.0,2790.0,1615503,6334868,1616173,6347170,RIS,RIBL,RIS,RIB
1611,6647339,4989.0,19340.0,2790.0,1615503,6334868,1615544,6335636,RIS,RMDR,RIS,RMDL/R
1612,6647326,9595.0,22836.0,2730.0,1615503,6334738,1617190,6365093,RIS,AVEL,RIS,AVE
1613,6647326,9595.0,22836.0,2730.0,1615503,6334738,1615601,6336847,RIS,RIML,RIS,RIM
1614,6647340,5059.0,19592.0,2760.0,1615503,6334869,1615544,6335653,RIS,RMDR,RIS,RMDL/R
1615,6647348,8891.0,21537.0,4200.0,1617041,6362690,1616774,6357577,RIVL,GLRVL,RIV,GLRV
1616,6647349,8983.0,21598.0,4290.0,1617041,6362693,1655783,6647350,RIVL,GLRVR,RIV,GLRV
1617,6647345,9713.0,22110.0,5250.0,1617041,6362725,1615310,6331196,RIVL,GLRVR,RIV,GLRV
1618,6647345,9713.0,22110.0,5250.0,1617041,6362725,1616978,6361338,RIVL,SAADR,RIV,SAAD
1619,6647346,9629.0,22078.0,3750.0,1617041,6362770,1617006,6361949,RIVL,RIAR,RIV,RIA
1620,6647346,9629.0,22078.0,3750.0,1617041,6362770,1617411,6368959,RIVL,RMDVL,RIV,RMDV
1621,6647346,9629.0,22078.0,3750.0,1617041,6362770,1617141,6364540,RIVL,RIAL,RIV,RIA
1622,6647347,8971.0,21659.0,4080.0,1617041,6362823,1616878,6359573,RIVL,RMDDR,RIV,RMDD
1623,6647347,8971.0,21659.0,4080.0,1617041,6362823,1617006,6361940,RIVL,RIAR,RIV,RIA
1624,6647343,9289.0,22130.0,4560.0,1617041,6362702,1616978,6361361,RIVL,SAADR,RIV,SAAD
1625,6647356,8299.0,21539.0,4200.0,1616859,6359336,1616774,6357577,RIVR,GLRVL,RIV,GLRV
1626,6647356,8299.0,21539.0,4200.0,1616859,6359336,1615145,6328481,RIVR,BWM-VL03,RIV,BWM03V
1627,6647357,8563.0,21683.0,4080.0,1616859,6359333,1617550,6371397,RIVR,GLRVL,RIV,GLRV
1628,6647361,7337.0,21904.0,3690.0,1616859,6359415,1615756,6339879,RIVR,SMDDL,RIV,SMDD
1629,6647361,7337.0,21904.0,3690.0,1616859,6359415,1617006,6362138,RIVR,RIAR,RIV,RIA
1630,6647353,8147.0,22027.0,3990.0,1616859,6359330,1617141,6364351,RIVR,RIAL,RIV,RIA
1631,6647353,8147.0,22027.0,3990.0,1616859,6359330,1617119,6363779,RIVR,RMDDL,RIV,RMDD
1632,6647358,8389.0,21935.0,4440.0,1616859,6359344,1617067,6362971,RIVR,SAADL,RIV,SAAD
1633,6647365,8391.0,22316.0,5100.0,1616859,6359364,1616777,6358181,RIVR,RIH,RIV,RIH
1634,6647365,8391.0,22316.0,5100.0,1616859,6359364,1617067,6362948,RIVR,SAADL,RIV,SAAD
1635,6647364,8328.0,22208.0,4470.0,1616859,6359345,1615895,6342258,RIVR,SMDVR,RIV,SMDV
1636,6647364,8328.0,22208.0,4470.0,1616859,6359345,1617119,6363764,RIVR,RMDDL,RIV,RMDD
1637,6647352,8419.0,22453.0,3990.0,1616859,6359328,1617141,6364351,RIVR,RIAL,RIV,RIA
1638,6647352,8419.0,22453.0,3990.0,1616859,6359328,1617119,6363779,RIVR,RMDDL,RIV,RMDD
1639,6647352,8419.0,22453.0,3990.0,1616859,6359328,1615895,6342243,RIVR,SMDVR,RIV,SMDV
1640,6647387,10435.0,16978.0,2790.0,1617119,6363942,1614877,6323604,RMDDL,BWM-DR03,RMDD,BWM03D
1641,6647387,10435.0,16978.0,2790.0,1617119,6363942,1614889,6323708,RMDDL,BWM-DR01,RMDD,BWM01D
1642,6647387,10435.0,16978.0,2790.0,1617119,6363942,1615961,6343517,RMDDL,RMDVR,RMDD,RMDV
1643,6647399,10414.0,16908.0,2670.0,1617119,6363950,1614889,6323712,RMDDL,BWM-DR01,RMDD,BWM01D
1644,6647399,10414.0,16908.0,2670.0,1617119,6363950,1614877,6323607,RMDDL,BWM-DR03,RMDD,BWM03D
1645,6647399,10414.0,16908.0,2670.0,1617119,6363950,1615961,6343521,RMDDL,RMDVR,RMDD,RMDV
1646,6647393,11277.0,18304.0,2160.0,1617119,6363986,1615005,6325616,RMDDL,BWM-DR02,RMDD,BWM02D
1647,6647393,11277.0,18304.0,2160.0,1617119,6363986,1615961,6343547,RMDDL,RMDVR,RMDD,RMDV
1648,6647395,11197.0,18012.0,2460.0,1617119,6363976,1615005,6325606,RMDDL,BWM-DR02,RMDD,BWM02D
1649,6647395,11197.0,18012.0,2460.0,1617119,6363976,1614995,6325485,RMDDL,BWM-DR04,RMDD,BWM04D
1650,6647395,11197.0,18012.0,2460.0,1617119,6363976,1615961,6343209,RMDDL,RMDVR,RMDD,RMDV
1651,6647396,11303.0,18948.0,2520.0,1617119,6363974,1615961,6343556,RMDDL,RMDVR,RMDD,RMDV
1652,6647396,11303.0,18948.0,2520.0,1617119,6363974,1615005,6325604,RMDDL,BWM-DR02,RMDD,BWM02D
1653,6647396,11303.0,18948.0,2520.0,1617119,6363974,1614995,6325483,RMDDL,BWM-DR04,RMDD,BWM04D
1654,6647397,11331.0,18922.0,2310.0,1617119,6363981,1615961,6343537,RMDDL,RMDVR,RMDD,RMDV
1655,6647397,11331.0,18922.0,2310.0,1617119,6363981,1615005,6325611,RMDDL,BWM-DR02,RMDD,BWM02D
1656,6647397,11331.0,18922.0,2310.0,1617119,6363981,1614995,6325490,RMDDL,BWM-DR04,RMDD,BWM04D
1657,7124893,7035.0,17106.0,3000.0,1616878,6359816,1617411,6369105,RMDDR,RMDVL,RMDD,RMDV
1658,7124893,7035.0,17106.0,3000.0,1616878,6359816,1617679,6374076,RMDDR,BWM-DL03,RMDD,BWM03D
1659,7124893,7035.0,17106.0,3000.0,1616878,6359816,1614801,6322613,RMDDR,BWM-DL01,RMDD,BWM01D
1660,7124896,7517.0,16682.0,3240.0,1616878,6359810,1617411,6368778,RMDDR,RMDVL,RMDD,RMDV
1661,7124896,7517.0,16682.0,3240.0,1616878,6359810,1617679,6374067,RMDDR,BWM-DL03,RMDD,BWM03D
1662,7124896,7517.0,16682.0,3240.0,1616878,6359810,1614811,6322742,RMDDR,BWM-DL05,RMDD,BWM05D
1663,7124900,7041.0,16924.0,2730.0,1616878,6359835,1614801,6322622,RMDDR,BWM-DL01,RMDD,BWM01D
1664,7124900,7041.0,16924.0,2730.0,1616878,6359835,1617411,6369113,RMDDR,RMDVL,RMDD,RMDV
1665,7124891,6438.0,17983.0,3090.0,1616878,6359880,1617411,7124892,RMDDR,RMDVL,RMDD,RMDV
1666,7124891,6438.0,17983.0,3090.0,1616878,6359880,1614749,6322165,RMDDR,BWM-DL02,RMDD,BWM02D
1667,7124889,6342.0,18141.0,2820.0,1616878,6359888,1617411,6369116,RMDDR,RMDVL,RMDD,RMDV
1668,7124889,6342.0,18141.0,2820.0,1616878,6359888,1614749,6322146,RMDDR,BWM-DL02,RMDD,BWM02D
1669,7124889,6342.0,18141.0,2820.0,1616878,6359888,1614774,6322303,RMDDR,BWM-DL04,RMDD,BWM04D
1670,7124890,6204.0,18897.0,2820.0,1616878,6359888,1617411,6369116,RMDDR,RMDVL,RMDD,RMDV
1671,7124890,6204.0,18897.0,2820.0,1616878,6359888,1614774,6322303,RMDDR,BWM-DL04,RMDD,BWM04D
1672,7124890,6204.0,18897.0,2820.0,1616878,6359888,1614749,6322075,RMDDR,BWM-DL02,RMDD,BWM02D
1673,7124928,11771.0,19690.0,2490.0,1615313,6331497,1617006,6362014,RMDL,RIAR,RMDL/R,RIA
1674,7124928,11771.0,19690.0,2490.0,1615313,6331497,1617141,6364495,RMDL,RIAL,RMDL/R,RIA
1675,7124935,12145.0,18822.0,2640.0,1615313,6331474,1617006,6362019,RMDL,RIAR,RMDL/R,RIA
1676,7124935,12145.0,18822.0,2640.0,1615313,6331474,1617141,6364490,RMDL,RIAL,RMDL/R,RIA
1677,7124926,11797.0,20042.0,2250.0,1615313,6331505,1617006,6361993,RMDL,RIAR,RMDL/R,RIA
1678,7124926,11797.0,20042.0,2250.0,1615313,6331505,1616878,6359719,RMDL,RMDDR,RMDL/R,RMDD
1679,7124926,11797.0,20042.0,2250.0,1615313,6331505,1616671,6355805,RMDL,IL1R,RMDL/R,IL1L/R
1680,7124925,11793.0,20498.0,2130.0,1615313,6331509,1615544,6335725,RMDL,RMDR,RMDL/R,RMDL/R
1681,7124925,11793.0,20498.0,2130.0,1615313,6331509,1617006,6361996,RMDL,RIAR,RMDL/R,RIA
1682,7124920,11777.0,20408.0,1920.0,1615313,6331514,1616878,6359709,RMDL,RMDDR,RMDL/R,RMDD
1683,7124920,11777.0,20408.0,1920.0,1615313,6331514,1617190,6365051,RMDL,AVEL,RMDL/R,AVE
1684,7124942,11711.0,18228.0,3060.0,1615313,6331375,1614995,6325466,RMDL,BWM-DR04,RMDL/R,BWM04D
1685,7124942,11711.0,18228.0,3060.0,1615313,6331375,1615544,6335501,RMDL,RMDR,RMDL/R,RMDL/R
1686,7124931,11131.0,19862.0,2970.0,1615313,6331463,1615544,6335480,RMDL,RMDR,RMDL/R,RMDL/R
1687,7124931,11131.0,19862.0,2970.0,1615313,6331463,1614935,6324414,RMDL,BWM-VR02,RMDL/R,BWM02V
1688,7124931,11131.0,19862.0,2970.0,1615313,6331463,1615054,6326734,RMDL,OLLR,RMDL/R,OLL
1689,7124931,11131.0,19862.0,2970.0,1615313,6331463,1616847,6359068,RMDL,IL2R,RMDL/R,IL2L/R
1690,7124931,11131.0,19862.0,2970.0,1615313,6331463,1616671,6355782,RMDL,IL1R,RMDL/R,IL1L/R
1691,7124940,10929.0,20856.0,2640.0,1615313,6331455,1614853,6323253,RMDL,BWM-VR04,RMDL/R,BWM04V
1692,7124940,10929.0,20856.0,2640.0,1615313,6331455,1615544,6335738,RMDL,RMDR,RMDL/R,RMDL/R
1693,7124919,10989.0,20026.0,3180.0,1615313,6331384,1614935,6324409,RMDL,BWM-VR02,RMDL/R,BWM02V
1694,7124919,10989.0,20026.0,3180.0,1615313,6331384,1614853,6323216,RMDL,BWM-VR04,RMDL/R,BWM04V
1695,7124919,10989.0,20026.0,3180.0,1615313,6331384,1615544,6335473,RMDL,RMDR,RMDL/R,RMDL/R
1696,7124959,6623.0,19806.0,3810.0,1615544,6335666,1617467,6369886,RMDR,IL1L,RMDL/R,IL1L/R
1697,7124959,6623.0,19806.0,3810.0,1615544,6335666,1615313,6331250,RMDR,RMDL,RMDL/R,RMDL/R
1698,7124959,6623.0,19806.0,3810.0,1615544,6335666,1615282,6331014,RMDR,BWM-VL02,RMDL/R,BWM02V
1699,7124959,6623.0,19806.0,3810.0,1615544,6335666,1614749,6322045,RMDR,BWM-DL02,RMDL/R,BWM02D
1700,7124965,6369.0,19162.0,3570.0,1615544,6335557,1614774,6322264,RMDR,BWM-DL04,RMDL/R,BWM04D
1701,7124965,6369.0,19162.0,3570.0,1615544,6335557,1614749,6322051,RMDR,BWM-DL02,RMDL/R,BWM02D
1702,7124965,6369.0,19162.0,3570.0,1615544,6335557,1614774,6322268,RMDR,BWM-DL04,RMDL/R,BWM04D
1703,7124965,6369.0,19162.0,3570.0,1615544,6335557,1615313,6331319,RMDR,RMDL,RMDL/R,RMDL/R
1704,7124962,6609.0,20082.0,3600.0,1615544,6335556,1615282,6331020,RMDR,BWM-VL02,RMDL/R,BWM02V
1705,7124962,6609.0,20082.0,3600.0,1615544,6335556,1615205,6329823,RMDR,BWM-VL04,RMDL/R,BWM04V
1706,7124962,6609.0,20082.0,3600.0,1615544,6335556,1615313,6331257,RMDR,RMDL,RMDL/R,RMDL/R
1707,7124973,5523.0,19814.0,2790.0,1615544,6335652,1617141,6364389,RMDR,RIAL,RMDL/R,RIA
1708,7124973,5523.0,19814.0,2790.0,1615544,6335652,1617119,6363844,RMDR,RMDDL,RMDL/R,RMDD
1709,7124973,5523.0,19814.0,2790.0,1615544,6335652,1617467,6369919,RMDR,IL1L,RMDL/R,IL1L/R
1710,7124977,5579.0,19526.0,3030.0,1615544,6335646,1617141,6364410,RMDR,RIAL,RMDL/R,RIA
1711,7124977,5579.0,19526.0,3030.0,1615544,6335646,1617006,6362101,RMDR,RIAR,RMDL/R,RIA
1712,7124988,5883.0,18946.0,3390.0,1615544,6335619,1617119,6363864,RMDR,RMDDL,RMDL/R,RMDD
1713,7124988,5883.0,18946.0,3390.0,1615544,6335619,1616878,6359926,RMDR,RMDDR,RMDL/R,RMDD
1714,7124992,6143.0,19482.0,3390.0,1615544,6335619,1615313,6331264,RMDR,RMDL,RMDL/R,RMDL/R
1715,7124992,6143.0,19482.0,3390.0,1615544,6335619,1617492,6370453,RMDR,IL2L,RMDL/R,IL2L/R
1716,7124992,6143.0,19482.0,3390.0,1615544,6335619,1615586,6336396,RMDR,OLLL,RMDL/R,OLL
1717,7124969,5527.0,20362.0,2550.0,1615544,6335659,1615529,6335316,RMDR,CEPVL,RMDL/R,CEPV
1718,7124969,5527.0,20362.0,2550.0,1615544,6335659,1617141,6364397,RMDR,RIAL,RMDL/R,RIA
1719,7124969,5527.0,20362.0,2550.0,1615544,6335659,1615313,6331293,RMDR,RMDL,RMDL/R,RMDL/R
1720,7124997,5339.0,18778.0,3240.0,1615544,6335625,1615313,6331549,RMDR,RMDL,RMDL/R,RMDL/R
1721,7124997,5339.0,18778.0,3240.0,1615544,6335625,1617006,6362093,RMDR,RIAR,RMDL/R,RIA
1722,7125001,6349.0,20959.0,3120.0,1615544,6478735,1617006,6362115,RMDR,RIAR,RMDL/R,RIA
1723,7125001,6349.0,20959.0,3120.0,1615544,6478735,1617478,6370151,RMDR,RMGL,RMDL/R,RMG
1724,7125001,6349.0,20959.0,3120.0,1615544,6478735,1615313,6331302,RMDR,RMDL,RMDL/R,RMDL/R
1725,7124995,5235.0,19266.0,2880.0,1615544,6335634,1617411,6368767,RMDR,RMDVL,RMDL/R,RMDV
1726,7124995,5235.0,19266.0,2880.0,1615544,6335634,1617478,6370175,RMDR,RMGL,RMDL/R,RMG
1727,7125026,9427.0,21440.0,2670.0,1617411,6368920,1617209,6365348,RMDVL,BWM-VR05,RMDV,BWM05V
1728,7125026,9427.0,21440.0,2670.0,1617411,6368920,1616138,6346456,RMDVL,BWM-VR03,RMDV,BWM03V
1729,7125026,9427.0,21440.0,2670.0,1617411,6368920,1615856,6341672,RMDVL,BWM-VR01,RMDV,BWM01V
1730,7125029,10559.0,20318.0,1980.0,1617411,6369072,1614935,6324448,RMDVL,BWM-VR02,RMDV,BWM02V
1731,7125029,10559.0,20318.0,1980.0,1617411,6369072,1614853,6323248,RMDVL,BWM-VR04,RMDV,BWM04V
1732,7125017,10129.0,20688.0,2310.0,1617411,6369061,1616878,6359650,RMDVL,RMDDR,RMDV,RMDD
1733,7125017,10129.0,20688.0,2310.0,1617411,6369061,1614935,6324437,RMDVL,BWM-VR02,RMDV,BWM02V
1734,7125028,10557.0,20674.0,1770.0,1617411,6369078,1616878,6359685,RMDVL,RMDDR,RMDV,RMDD
1735,7125028,10557.0,20674.0,1770.0,1617411,6369078,1614935,6324455,RMDVL,BWM-VR02,RMDV,BWM02V
1736,7125030,10217.0,20754.0,2100.0,1617411,6369068,1616878,6359666,RMDVL,RMDDR,RMDV,RMDD
1737,7125030,10217.0,20754.0,2100.0,1617411,6369068,1614935,6324444,RMDVL,BWM-VR02,RMDV,BWM02V
1738,7125030,10217.0,20754.0,2100.0,1617411,6369068,1614853,6323244,RMDVL,BWM-VR04,RMDV,BWM04V
1739,7125023,9973.0,20624.0,2520.0,1617411,6368856,1614935,6324430,RMDVL,BWM-VR02,RMDV,BWM02V
1740,7125023,9973.0,20624.0,2520.0,1617411,6368856,1614768,6322181,RMDVL,GLRVL,RMDV,GLRV
1741,7125023,9973.0,20624.0,2520.0,1617411,6368856,1616878,6359657,RMDVL,RMDDR,RMDV,RMDD
1742,7125021,9563.0,21204.0,2580.0,1617411,6368917,1616138,6346459,RMDVL,BWM-VR03,RMDV,BWM03V
1743,7125021,9563.0,21204.0,2580.0,1617411,6368917,1615856,6341661,RMDVL,BWM-VR01,RMDV,BWM01V
1744,7125021,9563.0,21204.0,2580.0,1617411,6368917,1616878,6359638,RMDVL,RMDDR,RMDV,RMDD
1745,7125032,9337.0,21376.0,2220.0,1617411,6369046,1616878,6359662,RMDVL,RMDDR,RMDV,RMDD
1746,7125032,9337.0,21376.0,2220.0,1617411,6369046,1615856,6341684,RMDVL,BWM-VR01,RMDV,BWM01V
1747,7125032,9337.0,21376.0,2220.0,1617411,6369046,1616138,6346469,RMDVL,BWM-VR03,RMDV,BWM03V
1748,7125060,6381.0,20528.0,2430.0,1615961,6343415,1617119,6363832,RMDVR,RMDDL,RMDV,RMDD
1749,7125051,7737.0,21132.0,3150.0,1615961,7125052,1615145,6328511,RMDVR,BWM-VL03,RMDV,BWM03V
1750,7125051,7737.0,21132.0,3150.0,1615961,7125052,1617667,6373859,RMDVR,BWM-VL01,RMDV,BWM01V
1751,7125051,7737.0,21132.0,3150.0,1615961,7125052,1617119,6364147,RMDVR,RMDDL,RMDV,RMDD
1752,7125067,7723.0,21296.0,2670.0,1615961,6343447,1615145,6328534,RMDVR,BWM-VL03,RMDV,BWM03V
1753,7125067,7723.0,21296.0,2670.0,1615961,6343447,1617667,6373873,RMDVR,BWM-VL01,RMDV,BWM01V
1754,7125067,7723.0,21296.0,2670.0,1615961,6343447,1617119,6364131,RMDVR,RMDDL,RMDV,RMDD
1755,7125058,6911.0,20546.0,2430.0,1615961,6343415,1617119,6363829,RMDVR,RMDDL,RMDV,RMDD
1756,7125058,6911.0,20546.0,2430.0,1615961,6343415,1615282,6331062,RMDVR,BWM-VL02,RMDV,BWM02V
1757,7125058,6911.0,20546.0,2430.0,1615961,6343415,1615205,6329867,RMDVR,BWM-VL04,RMDV,BWM04V
1758,7125062,7085.0,20612.0,2700.0,1615961,6343406,1615282,6331046,RMDVR,BWM-VL02,RMDV,BWM02V
1759,7125062,7085.0,20612.0,2700.0,1615961,6343406,1681901,7125064,RMDVR,GLRVL,RMDV,GLRV
1760,7125062,7085.0,20612.0,2700.0,1615961,6343406,1617119,6364125,RMDVR,RMDDL,RMDV,RMDD
1761,7125076,8459.0,21912.0,2970.0,1616954,6361058,1615856,6341649,RMED,BWM-VR01,RMED,BWM01V
1762,7125076,8459.0,21912.0,2970.0,1616954,6361058,1615756,6340090,RMED,SMDDL,RMED,SMDD
1763,7125076,8459.0,21912.0,2970.0,1616954,6361058,1617667,6373934,RMED,BWM-VL01,RMED,BWM01V
1764,7125075,8821.0,22022.0,2790.0,1616954,6361217,1615856,6341741,RMED,BWM-VR01,RMED,BWM01V
1765,7125075,8821.0,22022.0,2790.0,1616954,6361217,1614948,6324834,RMED,SMDDR,RMED,SMDD
1766,7125075,8821.0,22022.0,2790.0,1616954,6361217,1617667,6373855,RMED,BWM-VL01,RMED,BWM01V
1767,7125073,8687.0,21928.0,2670.0,1616954,6361213,1615961,6343447,RMED,RMDVR,RMED,RMDV
1768,7125073,8687.0,21928.0,2670.0,1616954,6361213,1617411,6368863,RMED,RMDVL,RMED,RMDV
1769,7125073,8687.0,21928.0,2670.0,1616954,6361213,1615856,6341745,RMED,BWM-VR01,RMED,BWM01V
1770,7125079,8169.0,21648.0,1950.0,1616954,6361024,1617411,6369042,RMED,RMDVL,RMED,RMDV
1771,7125079,8169.0,21648.0,1950.0,1616954,6361024,1617667,6373905,RMED,BWM-VL01,RMED,BWM01V
1772,7125079,8169.0,21648.0,1950.0,1616954,6361024,1615145,6328574,RMED,BWM-VL03,RMED,BWM03V
1773,7125079,8169.0,21648.0,1950.0,1616954,6361024,1615873,6341787,RMED,RMER,RMED,RMEL/R
1774,7125077,8249.0,21888.0,2820.0,1616954,6361053,1615756,6340095,RMED,SMDDL,RMED,SMDD
1775,7125077,8249.0,21888.0,2820.0,1616954,6361053,1615961,6343493,RMED,RMDVR,RMED,RMDV
1776,7125077,8249.0,21888.0,2820.0,1616954,6361053,1615961,6343442,RMED,RMDVR,RMED,RMDV
1777,7125077,8249.0,21888.0,2820.0,1616954,6361053,1615426,6333188,RMED,RMEV,RMED,RMEV
1778,7125077,8249.0,21888.0,2820.0,1616954,6361053,1617411,6368868,RMED,RMDVL,RMED,RMDV
1779,7125078,8565.0,21696.0,2130.0,1616954,6361030,1615961,6343480,RMED,RMDVR,RMED,RMDV
1780,7125078,8565.0,21696.0,2130.0,1616954,6361030,1617411,6369049,RMED,RMDVL,RMED,RMDV
1781,7125078,8565.0,21696.0,2130.0,1616954,6361030,1615426,6333311,RMED,RMEV,RMED,RMEV
1782,7125086,11113.0,19316.0,2340.0,1615620,6337010,1615005,6325610,RMEL,BWM-DR02,RMEL/R,BWM02D
1783,7125086,11113.0,19316.0,2340.0,1615620,6337010,1614935,6324489,RMEL,BWM-VR02,RMEL/R,BWM02V
1784,7125087,10877.0,19752.0,1980.0,1615620,6336997,1614935,6324448,RMEL,BWM-VR02,RMEL/R,BWM02V
1785,7125087,10877.0,19752.0,1980.0,1615620,6336997,1615005,6325623,RMEL,BWM-DR02,RMEL/R,BWM02D
1786,7125088,10937.0,19610.0,1620.0,1615620,6336987,1614935,6324460,RMEL,BWM-VR02,RMEL/R,BWM02V
1787,7125088,10937.0,19610.0,1620.0,1615620,6336987,1615005,6325634,RMEL,BWM-DR02,RMEL/R,BWM02D
1788,7125099,10993.0,19538.0,1950.0,1615620,6337167,1614935,6324449,RMEL,BWM-VR02,RMEL/R,BWM02V
1789,7125099,10993.0,19538.0,1950.0,1615620,6337167,1615005,6325624,RMEL,BWM-DR02,RMEL/R,BWM02D
1790,7125107,11093.0,19086.0,1770.0,1615620,6337161,1614935,6324455,RMEL,BWM-VR02,RMEL/R,BWM02V
1791,7125107,11093.0,19086.0,1770.0,1615620,6337161,1615005,6325653,RMEL,BWM-DR02,RMEL/R,BWM02D
1792,7125118,6327.0,19154.0,2400.0,1615873,6342006,1615282,6331063,RMER,BWM-VL02,RMEL/R,BWM02V
1793,7125118,6327.0,19154.0,2400.0,1615873,6342006,1614749,6322089,RMER,BWM-DL02,RMEL/R,BWM02D
1794,7125123,6411.0,19186.0,2220.0,1615873,6342000,1615282,6331068,RMER,BWM-VL02,RMEL/R,BWM02V
1795,7125123,6411.0,19186.0,2220.0,1615873,6342000,1614749,6322094,RMER,BWM-DL02,RMEL/R,BWM02D
1796,7125126,6233.0,18952.0,2220.0,1615873,6342000,1615282,6331068,RMER,BWM-VL02,RMEL/R,BWM02V
1797,7125126,6233.0,18952.0,2220.0,1615873,6342000,1614749,6322120,RMER,BWM-DL02,RMEL/R,BWM02D
1798,7125131,6597.0,19662.0,2760.0,1615873,6341848,1615282,6331044,RMER,BWM-VL02,RMEL/R,BWM02V
1799,7125131,6597.0,19662.0,2760.0,1615873,6341848,1614749,6322076,RMER,BWM-DL02,RMEL/R,BWM02D
1800,7125136,6463.0,19604.0,1860.0,1615873,6341821,1615282,6331105,RMER,BWM-VL02,RMEL/R,BWM02V
1801,7125136,6463.0,19604.0,1860.0,1615873,6341821,1614749,6322105,RMER,BWM-DL02,RMEL/R,BWM02D
1802,7125129,6303.0,18720.0,2040.0,1615873,6341995,1615282,6331088,RMER,BWM-VL02,RMEL/R,BWM02V
1803,7125129,6303.0,18720.0,2040.0,1615873,6341995,1614762,6322179,RMER,GLRVL,RMEL/R,GLRV
1804,7125129,6303.0,18720.0,2040.0,1615873,6341995,1614749,6322125,RMER,BWM-DL02,RMEL/R,BWM02D
1805,7125132,6541.0,19866.0,1920.0,1615873,6341823,1617467,6369953,RMER,IL1L,RMEL/R,IL1L/R
1806,7125132,6541.0,19866.0,1920.0,1615873,6341823,1615282,6331092,RMER,BWM-VL02,RMEL/R,BWM02V
1807,7125132,6541.0,19866.0,1920.0,1615873,6341823,1614749,6322103,RMER,BWM-DL02,RMEL/R,BWM02D
1808,7125170,7871.0,16638.0,2760.0,1615426,6333252,1614801,6322621,RMEV,BWM-DL01,RMEV,BWM01D
1809,7125170,7871.0,16638.0,2760.0,1615426,6333252,1616878,6359834,RMEV,RMDDR,RMEV,RMDD
1810,7125144,8925.0,16440.0,3270.0,1615426,6333446,1614889,6323765,RMEV,BWM-DR01,RMEV,BWM01D
1811,7125144,8925.0,16440.0,3270.0,1615426,6333446,1614889,6323766,RMEV,BWM-DR01,RMEV,BWM01D
1812,7125144,8925.0,16440.0,3270.0,1615426,6333446,1617679,6374055,RMEV,BWM-DL03,RMEV,BWM03D
1813,7125167,8119.0,16266.0,3150.0,1615426,6333265,1617119,6363937,RMEV,RMDDL,RMEV,RMDD
1814,7125167,8119.0,16266.0,3150.0,1615426,6333265,1614889,6323760,RMEV,BWM-DR01,RMEV,BWM01D
1815,7125167,8119.0,16266.0,3150.0,1615426,6333265,1617679,6374070,RMEV,BWM-DL03,RMEV,BWM03D
1816,7125167,8119.0,16266.0,3150.0,1615426,6333265,1617598,6372803,RMEV,CEPDL,RMEV,CEPD
1817,7125167,8119.0,16266.0,3150.0,1615426,6333265,1616626,6355181,RMEV,SMDVL,RMEV,SMDV
1818,7125159,8581.0,16414.0,3360.0,1615426,6333272,1617679,6374046,RMEV,BWM-DL03,RMEV,BWM03D
1819,7125159,8581.0,16414.0,3360.0,1615426,6333272,1616626,6355174,RMEV,SMDVL,RMEV,SMDV
1820,7125159,8581.0,16414.0,3360.0,1615426,6333272,1616954,6361253,RMEV,RMED,RMEV,RMED
1821,7125159,8581.0,16414.0,3360.0,1615426,6333272,1614889,6323769,RMEV,BWM-DR01,RMEV,BWM01D
1822,7125152,9087.0,16518.0,2700.0,1615426,6333428,1614801,6322647,RMEV,BWM-DL01,RMEV,BWM01D
1823,7125152,9087.0,16518.0,2700.0,1615426,6333428,1617119,6363946,RMEV,RMDDL,RMEV,RMDD
1824,7125152,9087.0,16518.0,2700.0,1615426,6333428,1614889,6323711,RMEV,BWM-DR01,RMEV,BWM01D
1825,7125149,9641.0,16292.0,3210.0,1615426,6333444,1614889,6323762,RMEV,BWM-DR01,RMEV,BWM01D
1826,7125149,9641.0,16292.0,3210.0,1615426,6333444,1614877,6323579,RMEV,BWM-DR03,RMEV,BWM03D
1827,7125149,9641.0,16292.0,3210.0,1615426,6333444,1615895,6342429,RMEV,SMDVR,RMEV,SMDV
1828,7125172,8369.0,16584.0,2760.0,1615426,6333252,1614801,6322621,RMEV,BWM-DL01,RMEV,BWM01D
1829,7125172,8369.0,16584.0,2760.0,1615426,6333252,1614877,6323600,RMEV,BWM-DR03,RMEV,BWM03D
1830,7125180,6047.0,18738.0,3690.0,1617478,6370128,1614784,6479090,RMGL,BWM-DL06,RMG,BWM06D
1831,7125180,6047.0,18738.0,3690.0,1617478,6370128,1615313,6331323,RMGL,RMDL,RMG,RMDL/R
1832,7125180,6047.0,18738.0,3690.0,1617478,6370128,1615961,6343275,RMGL,RMDVR,RMG,RMDV
1833,7125183,5547.0,19860.0,3060.0,1617478,6370169,1615313,6331275,RMGL,RMDL,RMG,RMDL/R
1834,7125183,5547.0,19860.0,3060.0,1617478,6370169,1617006,6362099,RMGL,RIAR,RMG,RIA
1835,7125183,5547.0,19860.0,3060.0,1617478,6370169,1615544,6335645,RMGL,RMDR,RMG,RMDL/R
1836,7125181,5571.0,18854.0,3540.0,1617478,6370133,1615544,6335616,RMGL,RMDR,RMG,RMDL/R
1837,7125181,5571.0,18854.0,3540.0,1617478,6370133,1617411,6368748,RMGL,RMDVL,RMG,RMDV
1838,7125182,5435.0,19215.0,3540.0,1617478,6370133,1615544,6335616,RMGL,RMDR,RMG,RMDL/R
1839,7125182,5435.0,19215.0,3540.0,1617478,6370133,1617411,6368748,RMGL,RMDVL,RMG,RMDV
1840,7125188,11807.0,20398.0,2520.0,1616550,6353553,1617458,6369651,RMGR,BWM-VR06,RMG,BWM06V
1841,7125188,11807.0,20398.0,2520.0,1616550,6353553,1615985,6344081,RMGR,AVKR,RMG,AVK
1842,7125188,11807.0,20398.0,2520.0,1616550,6353553,1615544,6335713,RMGR,RMDR,RMG,RMDL/R
1843,7125189,12075.0,19530.0,2610.0,1616550,6353550,1615313,6331493,RMGR,RMDL,RMG,RMDL/R
1844,7125189,12075.0,19530.0,2610.0,1616550,6353550,1615961,6343198,RMGR,RMDVR,RMG,RMDV
1845,7125190,12353.0,19168.0,2610.0,1616550,6353550,1615313,6331475,RMGR,RMDL,RMG,RMDL/R
1846,7125190,12353.0,19168.0,2610.0,1616550,6353550,1615961,6343198,RMGR,RMDVR,RMG,RMDV
1847,7125195,12725.0,18886.0,3330.0,1617067,6363131,1616305,6349060,SAADL,RIMR,SAAD,RIM
1848,7125195,12725.0,18886.0,3330.0,1617067,6363131,1615601,6336747,SAADL,RIML,SAAD,RIM
1849,7125195,12725.0,18886.0,3330.0,1617067,6363131,1615267,6330729,SAADL,AVAL,SAAD,AVA
1850,7125192,11353.0,16978.0,3990.0,1617067,6363109,1616305,6349088,SAADL,RIMR,SAAD,RIM
1851,7125192,11353.0,16978.0,3990.0,1617067,6363109,1615895,6342444,SAADL,SMDVR,SAAD,SMDV
1852,7125192,11353.0,16978.0,3990.0,1617067,6363109,1615267,6330709,SAADL,AVAL,SAAD,AVA
1853,7125193,10647.0,16292.0,4050.0,1617067,6363103,1615895,6342456,SAADL,SMDVR,SAAD,SMDV
1854,7125193,10647.0,16292.0,4050.0,1617067,6363103,1615601,6336872,SAADL,RIML,SAAD,RIM
1855,7125194,10315.0,16178.0,4050.0,1617067,6363103,1615601,6336724,SAADL,RIML,SAAD,RIM
1856,7125194,10315.0,16178.0,4050.0,1617067,6363103,1615895,6342456,SAADL,SMDVR,SAAD,SMDV
1857,7125696,8437.0,15986.0,4410.0,1616978,6361506,1616305,6349099,SAADR,RIMR,SAAD,RIM
1858,7125696,8437.0,15986.0,4410.0,1616978,6361506,1615601,6336713,SAADR,RIML,SAAD,RIM
1859,7125700,5067.0,18308.0,3960.0,1616978,6361536,1615601,6336693,SAADR,RIML,SAAD,RIM
1860,7125700,5067.0,18308.0,3960.0,1616978,6361536,1616305,6349135,SAADR,RIMR,SAAD,RIM
1861,7125700,5067.0,18308.0,3960.0,1616978,6361536,1615711,6339090,SAADR,AVAR,SAAD,AVA
1862,7125692,6901.0,16296.0,4140.0,1616978,6361520,1616626,6354883,SAADR,SMDVL,SAAD,SMDV
1863,7125692,6901.0,16296.0,4140.0,1616978,6361520,1616305,6349116,SAADR,RIMR,SAAD,RIM
1864,7125702,6553.0,16340.0,4260.0,1616978,6361512,1616626,6355210,SAADR,SMDVL,SAAD,SMDV
1865,7125702,6553.0,16340.0,4260.0,1616978,6361512,1616305,6349112,SAADR,RIMR,SAAD,RIM
1866,7125701,6119.0,16994.0,4320.0,1616978,6361514,1616626,6355206,SAADR,SMDVL,SAAD,SMDV
1867,7125701,6119.0,16994.0,4320.0,1616978,6361514,1615711,6339078,SAADR,AVAR,SAAD,AVA
1868,7125708,12673.0,19958.0,2880.0,1616455,6351727,1615267,6330905,SAAVL,AVAL,SAAV,AVA
1869,7125708,12673.0,19958.0,2880.0,1616455,6351727,1615601,6336764,SAAVL,RIML,SAAV,RIM
1870,7125710,9903.0,22526.0,3690.0,1616455,6351755,1616305,6349025,SAAVL,RIMR,SAAV,RIM
1871,7125710,9903.0,22526.0,3690.0,1616455,6351755,1615267,6330769,SAAVL,AVAL,SAAV,AVA
1872,7125711,9567.0,22557.0,3930.0,1616455,6351761,1616305,6349018,SAAVL,RIMR,SAAV,RIM
1873,7125711,9567.0,22557.0,3930.0,1616455,6351761,1615267,6330777,SAAVL,AVAL,SAAV,AVA
1874,7125715,11769.0,21341.0,2970.0,1616455,6351958,1616393,6350728,SAAVL,RIGR,SAAV,RIG
1875,7125715,11769.0,21341.0,2970.0,1616455,6351958,1616087,6345637,SAAVL,AVBL,SAAV,AVB
1876,7125706,12937.0,19266.0,3060.0,1616455,6351721,1616305,6349052,SAAVL,RIMR,SAAV,RIM
1877,7125706,12937.0,19266.0,3060.0,1616455,6351721,1615054,6326618,SAAVL,OLLR,SAAV,OLL
1878,7125706,12937.0,19266.0,3060.0,1616455,6351721,1615601,6336758,SAAVL,RIML,SAAV,RIM
1879,7125712,9323.0,22611.0,4230.0,1616455,6351770,1616305,6349008,SAAVL,RIMR,SAAV,RIM
1880,7125712,9323.0,22611.0,4230.0,1616455,6351770,1614948,6324587,SAAVL,SMDDR,SAAV,SMDD
1881,7125723,7293.0,22211.0,3780.0,1615641,6337444,1615756,6339876,SAAVR,SMDDL,SAAV,SMDD
1882,7125723,7293.0,22211.0,3780.0,1615641,6337444,1615601,6336664,SAAVR,RIML,SAAV,RIM
1883,7125723,7293.0,22211.0,3780.0,1615641,6337444,1615711,6339118,SAAVR,AVAR,SAAV,AVA
1884,7125725,4755.0,20144.0,3450.0,1615641,6337421,1615711,6339106,SAAVR,AVAR,SAAV,AVA
1885,7125725,4755.0,20144.0,3450.0,1615641,6337421,1615601,6336895,SAAVR,RIML,SAAV,RIM
1886,15137499,4712.0,20036.0,3450.0,1615641,6337421,1615601,6336895,SAAVR,RIML,SAAV,RIM
1887,15137499,4712.0,20036.0,3450.0,1615641,6337421,1615711,6339106,SAAVR,AVAR,SAAV,AVA
1888,7125734,10923.0,18316.0,3090.0,1614915,6324264,1614908,6323962,SMBDL,BWM-DR08,SMBD,BWM08D
1889,7125734,10923.0,18316.0,3090.0,1614915,6324264,1614995,6325465,SMBDL,BWM-DR04,SMBD,BWM04D
1890,7125734,10923.0,18316.0,3090.0,1614915,6324264,1615005,6325594,SMBDL,BWM-DR02,SMBD,BWM02D
1891,7125732,10287.0,17388.0,3390.0,1614915,6324175,1614889,6323689,SMBDL,BWM-DR01,SMBD,BWM01D
1892,7125732,10287.0,17388.0,3390.0,1614915,6324175,1614877,6323573,SMBDL,BWM-DR03,SMBD,BWM03D
1893,7125732,10287.0,17388.0,3390.0,1614915,6324175,1616954,6360958,SMBDL,RMED,SMBD,RMED
1894,7125730,9843.0,17198.0,3780.0,1614915,6324163,1614846,6323091,SMBDL,BWM-DR05,SMBD,BWM05D
1895,7125730,9843.0,17198.0,3780.0,1614915,6324163,1614889,6323676,SMBDL,BWM-DR01,SMBD,BWM01D
1896,7125730,9843.0,17198.0,3780.0,1614915,6324163,1614877,6323622,SMBDL,BWM-DR03,SMBD,BWM03D
1897,7125730,9843.0,17198.0,3780.0,1614915,6324163,1616954,6360971,SMBDL,RMED,SMBD,RMED
1898,7125731,10155.0,17172.0,3540.0,1614915,6324171,1614877,6323568,SMBDL,BWM-DR03,SMBD,BWM03D
1899,7125731,10155.0,17172.0,3540.0,1614915,6324171,1614846,6323099,SMBDL,BWM-DR05,SMBD,BWM05D
1900,7125731,10155.0,17172.0,3540.0,1614915,6324171,1616954,6360963,SMBDL,RMED,SMBD,RMED
1901,7125733,12143.0,18534.0,5400.0,1614915,6324247,1615641,6337299,SMBDL,SAAVR,SMBD,SAAV
1902,7125746,12659.0,18393.0,5370.0,1614915,6324246,1615756,6340038,SMBDL,SMDDL,SMBD,SMDD
1903,7125746,12659.0,18393.0,5370.0,1614915,6324246,1615641,6479461,SMBDL,SAAVR,SMBD,SAAV
1904,7125737,11817.0,18666.0,4260.0,1614915,6324209,1615670,6338246,SMBDL,ADAR,SMBD,ADA
1905,7125737,11817.0,18666.0,4260.0,1614915,6324209,1616066,6345173,SMBDL,AVBR,SMBD,AVB
1906,7125737,11817.0,18666.0,4260.0,1614915,6324209,1615484,6334430,SMBDL,SIBDL,SMBD,SIBD
1907,7125757,7709.0,17242.0,3600.0,1617257,6366327,1616954,6361265,SMBDR,RMED,SMBD,RMED
1908,7125757,7709.0,17242.0,3600.0,1617257,6366327,1614801,6322593,SMBDR,BWM-DL01,SMBD,BWM01D
1909,7125757,7709.0,17242.0,3600.0,1617257,6366327,1617679,6374037,SMBDR,BWM-DL03,SMBD,BWM03D
1910,7125761,7827.0,17096.0,3690.0,1617257,6366323,1616954,6361264,SMBDR,RMED,SMBD,RMED
1911,7125761,7827.0,17096.0,3690.0,1617257,6366323,1614811,6322726,SMBDR,BWM-DL05,SMBD,BWM05D
1912,7125761,7827.0,17096.0,3690.0,1617257,6366323,1617679,6374034,SMBDR,BWM-DL03,SMBD,BWM03D
1913,7125753,6757.0,18060.0,3330.0,1617257,6366319,1617664,6373763,SMBDR,GLRDL,SMBD,GLRD
1914,7125753,6757.0,18060.0,3330.0,1617257,6366319,1614749,6322173,SMBDR,BWM-DL02,SMBD,BWM02D
1915,7125753,6757.0,18060.0,3330.0,1617257,6366319,1614774,6322286,SMBDR,BWM-DL04,SMBD,BWM04D
1916,7125754,6825.0,18164.0,3570.0,1617257,6366311,1614774,6322276,SMBDR,BWM-DL04,SMBD,BWM04D
1917,7125754,6825.0,18164.0,3570.0,1617257,6366311,1617691,6374197,SMBDR,BWM-DL08,SMBD,BWM08D
1918,7125754,6825.0,18164.0,3570.0,1617257,6366311,1614771,6322182,SMBDR,GLRDL,SMBD,GLRD
1919,7125749,5013.0,18311.0,6270.0,1617257,6366293,1616455,6351622,SMBDR,SAAVL,SMBD,SAAV
1920,7125750,4925.0,18039.0,6450.0,1617257,6366299,1616455,6351621,SMBDR,SAAVL,SMBD,SAAV
1921,7125786,7025.0,20502.0,3240.0,1615815,6341196,1615282,6331030,SMBVL,BWM-VL02,SMBV,BWM02V
1922,7125786,7025.0,20502.0,3240.0,1615815,6341196,1615205,6329841,SMBVL,BWM-VL04,SMBV,BWM04V
1923,7125787,7123.0,20252.0,3390.0,1615815,6341194,1615205,6329834,SMBVL,BWM-VL04,SMBV,BWM04V
1924,7125787,7123.0,20252.0,3390.0,1615815,6341194,1615282,6331026,SMBVL,BWM-VL02,SMBV,BWM02V
1925,7125781,7819.0,21264.0,3450.0,1615815,6341043,1617667,6373833,SMBVL,BWM-VL01,SMBV,BWM01V
1926,7125781,7819.0,21264.0,3450.0,1615815,6341043,1615145,6328503,SMBVL,BWM-VL03,SMBV,BWM03V
1927,7125781,7819.0,21264.0,3450.0,1615815,6341043,1617411,6368906,SMBVL,RMDVL,SMBV,RMDV
1928,7125782,7777.0,21284.0,3810.0,1615815,6341053,1617667,6373824,SMBVL,BWM-VL01,SMBV,BWM01V
1929,7125782,7777.0,21284.0,3810.0,1615815,6341053,1617411,6368916,SMBVL,RMDVL,SMBV,RMDV
1930,7125782,7777.0,21284.0,3810.0,1615815,6341053,1615145,6328492,SMBVL,BWM-VL03,SMBV,BWM03V
1931,7125782,7777.0,21284.0,3810.0,1615815,6341053,1617165,6364625,SMBVL,BWM-VL05,SMBV,BWM05V
1932,7125788,7118.0,24918.0,7290.0,1615815,6341167,1614729,6321672,SMBVL,hyp,SMBV,hyp
1933,7125788,7118.0,24918.0,7290.0,1615815,6341167,1615426,6333640,SMBVL,RMEV,SMBV,RMEV
1934,7125779,7421.0,23169.0,6390.0,1615815,6341137,1617067,6362914,SMBVL,SAADL,SMBV,SAAD
1935,7125780,7679.0,23059.0,6390.0,1615815,6341137,1617067,6362914,SMBVL,SAADL,SMBV,SAAD
1936,7125783,8102.0,22025.0,4590.0,1615815,6341078,1617067,6362965,SMBVL,SAADL,SMBV,SAAD
1937,7125810,9613.0,21430.0,3090.0,1616489,6352719,1616138,6346445,SMBVR,BWM-VR03,SMBV,BWM03V
1938,7125810,9613.0,21430.0,3090.0,1616489,6352719,1615426,6333492,SMBVR,RMEV,SMBV,RMEV
1939,7125805,9632.0,21256.0,3330.0,1616489,6352570,1616138,6346438,SMBVR,BWM-VR03,SMBV,BWM03V
1940,7125805,9632.0,21256.0,3330.0,1616489,6352570,1615426,6333500,SMBVR,RMEV,SMBV,RMEV
1941,7125805,9632.0,21256.0,3330.0,1616489,6352570,1615856,6341637,SMBVR,BWM-VR01,SMBV,BWM01V
1942,7125808,9627.0,21558.0,3330.0,1616489,6352570,1616138,6346438,SMBVR,BWM-VR03,SMBV,BWM03V
1943,7125808,9627.0,21558.0,3330.0,1616489,6352570,1615426,6333500,SMBVR,RMEV,SMBV,RMEV
1944,7125808,9627.0,21558.0,3330.0,1616489,6352570,1616871,6359517,SMBVR,BWM-VR07,SMBV,BWM07V
1945,7125801,9771.0,21438.0,3630.0,1616489,6352579,1615426,6333507,SMBVR,RMEV,SMBV,RMEV
1946,7125801,9771.0,21438.0,3630.0,1616489,6352579,1616138,6346432,SMBVR,BWM-VR03,SMBV,BWM03V
1947,7125801,9771.0,21438.0,3630.0,1616489,6352579,1617209,6365320,SMBVR,BWM-VR05,SMBV,BWM05V
1948,7125822,10391.0,20551.0,3060.0,1616489,6352554,1614935,6324412,SMBVR,BWM-VR02,SMBV,BWM02V
1949,7125822,10391.0,20551.0,3060.0,1616489,6352554,1614853,6478718,SMBVR,BWM-VR04,SMBV,BWM04V
1950,7125822,10391.0,20551.0,3060.0,1616489,6352554,1686294,7125823,SMBVR,GLRL,SMBV,GLRL/R
1951,7125798,10203.0,23241.0,6390.0,1616489,6352666,1616978,6361325,SMBVR,SAADR,SMBV,SAAD
1952,7125799,10255.0,23107.0,6210.0,1616489,6352660,1616978,6361326,SMBVR,SAADR,SMBV,SAAD
1953,7182543,10853.0,16449.0,3510.0,1615756,6339964,1617006,6362047,SMDDL,RIAR,SMDD,RIA
1954,7182543,10853.0,16449.0,3510.0,1615756,6339964,1617141,6364461,SMDDL,RIAL,SMDD,RIA
1955,7182544,11345.0,16832.0,3240.0,1615756,6340059,1617006,6362038,SMDDL,RIAR,SMDD,RIA
1956,7182544,11345.0,16832.0,3240.0,1615756,6340059,1617141,6364469,SMDDL,RIAL,SMDD,RIA
1957,7182545,11797.0,17350.0,3240.0,1615756,6340059,1615544,6335506,SMDDL,RMDR,SMDD,RMDL/R
1958,7182545,11797.0,17350.0,3240.0,1615756,6340059,1617141,6364469,SMDDL,RIAL,SMDD,RIA
1959,7182546,11023.0,16425.0,3720.0,1615756,6339957,1615895,6342406,SMDDL,SMDVR,SMDD,SMDV
1960,7182546,11023.0,16425.0,3720.0,1615756,6339957,1617141,6364453,SMDDL,RIAL,SMDD,RIA
1961,7182549,11651.0,16775.0,3600.0,1615756,6339961,1617141,6364458,SMDDL,RIAL,SMDD,RIA
1962,7182549,11651.0,16775.0,3600.0,1615756,6339961,1615895,6342410,SMDDL,SMDVR,SMDD,SMDV
1963,7182547,9057.0,16495.0,3390.0,1615756,6339968,1614877,6323616,SMDDL,BWM-DR03,SMDD,BWM03D
1964,7182547,9057.0,16495.0,3390.0,1615756,6339968,1614889,6323769,SMDDL,BWM-DR01,SMDD,BWM01D
1965,7182547,9057.0,16495.0,3390.0,1615756,6339968,1617679,6374047,SMDDL,BWM-DL03,SMDD,BWM03D
1966,7182547,9057.0,16495.0,3390.0,1615756,6339968,1615426,6333450,SMDDL,RMEV,SMDD,RMEV
1967,7182547,9057.0,16495.0,3390.0,1615756,6339968,1615895,6342423,SMDDL,SMDVR,SMDD,SMDV
1968,7182555,6279.0,16855.0,3630.0,1614948,6324704,1617141,6364434,SMDDR,RIAL,SMDD,RIA
1969,7182555,6279.0,16855.0,3630.0,1614948,6324704,1617006,6362076,SMDDR,RIAR,SMDD,RIA
1970,7182550,6940.0,16304.0,3840.0,1614948,6324725,1616626,6355188,SMDDR,SMDVL,SMDD,SMDV
1971,7182550,6940.0,16304.0,3840.0,1614948,6324725,1617006,6362066,SMDDR,RIAR,SMDD,RIA
1972,7182550,6940.0,16304.0,3840.0,1614948,6324725,1617141,6364441,SMDDR,RIAL,SMDD,RIA
1973,7182556,6531.0,16507.0,3720.0,1614948,6324702,1617141,6364437,SMDDR,RIAL,SMDD,RIA
1974,7182556,6531.0,16507.0,3720.0,1614948,6324702,1616626,6355191,SMDDR,SMDVL,SMDD,SMDV
1975,7182551,7791.0,16467.0,3330.0,1614948,6324718,1617598,6372797,SMDDR,CEPDL,SMDD,CEPD
1976,7182551,7791.0,16467.0,3330.0,1614948,6324718,1617679,6374052,SMDDR,BWM-DL03,SMDD,BWM03D
1977,7182551,7791.0,16467.0,3330.0,1614948,6324718,1614811,6322739,SMDDR,BWM-DL05,SMDD,BWM05D
1978,7182551,7791.0,16467.0,3330.0,1614948,6324718,1617411,6368782,SMDDR,RMDVL,SMDD,RMDV
1979,7182553,8089.0,16415.0,3330.0,1614948,6324718,1616626,6355175,SMDDR,SMDVL,SMDD,SMDV
1980,7182553,8089.0,16415.0,3330.0,1614948,6324718,1616954,6361253,SMDDR,RMED,SMDD,RMED
1981,7182553,8089.0,16415.0,3330.0,1614948,6324718,1614889,6323767,SMDDR,BWM-DR01,SMDD,BWM01D
1982,7182553,8089.0,16415.0,3330.0,1614948,6324718,1617679,6374052,SMDDR,BWM-DL03,SMDD,BWM03D
1983,7182553,8089.0,16415.0,3330.0,1614948,6324718,1614811,6322739,SMDDR,BWM-DL05,SMDD,BWM05D
1984,7182557,10285.0,21911.0,2580.0,1616626,6354967,1617141,6364504,SMDVL,RIAL,SMDV,RIA
1985,7182557,10285.0,21911.0,2580.0,1616626,6354967,1617006,6361979,SMDVL,RIAR,SMDV,RIA
1986,7182560,10573.0,21653.0,2370.0,1616626,6355144,1617006,6361989,SMDVL,RIAR,SMDV,RIA
1987,7182560,10573.0,21653.0,2370.0,1616626,6355144,1617141,6364553,SMDVL,RIAL,SMDV,RIA
1988,7182562,9173.0,22142.0,3240.0,1616626,6354988,1614948,6324618,SMDVL,SMDDR,SMDV,SMDD
1989,7182562,9173.0,22142.0,3240.0,1616626,6354988,1617006,6478844,SMDVL,RIAR,SMDV,RIA
1990,7182559,9179.0,21999.0,2940.0,1616626,6354979,1615856,6341650,SMDVL,BWM-VR01,SMDV,BWM01V
1991,7182559,9179.0,21999.0,2940.0,1616626,6354979,1616138,6346448,SMDVL,BWM-VR03,SMDV,BWM03V
1992,7182559,9179.0,21999.0,2940.0,1616626,6354979,1614948,6324830,SMDVL,SMDDR,SMDV,SMDD
1993,7182564,6526.0,21624.0,2880.0,1615895,6342205,1617006,6362107,SMDVR,RIAR,SMDV,RIA
1994,7182564,6526.0,21624.0,2880.0,1615895,6342205,1617141,6364386,SMDVR,RIAL,SMDV,RIA
1995,7182565,7294.0,22118.0,3000.0,1615895,6342210,1617006,6362116,SMDVR,RIAR,SMDV,RIA
1996,7182565,7294.0,22118.0,3000.0,1615895,6342210,1617141,6364382,SMDVR,RIAL,SMDV,RIA
1997,7182566,8095.0,21993.0,3090.0,1615895,6342213,1615145,6328513,SMDVR,BWM-VL03,SMDV,BWM03V
1998,7182566,8095.0,21993.0,3090.0,1615895,6342213,1617667,6373861,SMDVR,BWM-VL01,SMDV,BWM01V
1999,7182566,8095.0,21993.0,3090.0,1615895,6342213,1615756,6340107,SMDVR,SMDDL,SMDV,SMDD
2000,7182568,6733.0,17237.0,2550.0,1617553,6371628,1616954,7182569,URADL,RMED,URAD,RMED
2001,7182568,6733.0,17237.0,2550.0,1617553,6371628,1615620,6337112,URADL,RMEL,URAD,RMEL/R
2002,7182568,6733.0,17237.0,2550.0,1617553,6371628,1614801,6322628,URADL,BWM-DL01,URAD,BWM01D
2003,7182568,6733.0,17237.0,2550.0,1617553,6371628,1614749,6322132,URADL,BWM-DL02,URAD,BWM02D
2004,7182578,6697.0,17849.0,2790.0,1617553,6371622,1614749,6322145,URADL,BWM-DL02,URAD,BWM02D
2005,7182578,6697.0,17849.0,2790.0,1617553,6371622,1615699,6338833,URADL,RIPL,URAD,RIP
2006,7182579,6873.0,17491.0,2790.0,1617553,6371622,1614801,6322620,URADL,BWM-DL01,URAD,BWM01D
2007,7182579,6873.0,17491.0,2790.0,1617553,6371622,1614749,6322145,URADL,BWM-DL02,URAD,BWM02D
2008,7182579,6873.0,17491.0,2790.0,1617553,6371622,1615699,6338833,URADL,RIPL,URAD,RIP
2009,7182567,6329.0,18021.0,2400.0,1617553,6371631,1615620,6337105,URADL,RMEL,URAD,RMEL/R
2010,7182567,6329.0,18021.0,2400.0,1617553,6371631,1614801,6322633,URADL,BWM-DL01,URAD,BWM01D
2011,7182567,6329.0,18021.0,2400.0,1617553,6371631,1614749,6322115,URADL,BWM-DL02,URAD,BWM02D
2012,7182567,6329.0,18021.0,2400.0,1617553,6371631,1615699,6338820,URADL,RIPL,URAD,RIP
2013,7182584,10705.0,17214.0,2400.0,1615081,6327384,1615005,6325608,URADR,BWM-DR02,URAD,BWM02D
2014,7182584,10705.0,17214.0,2400.0,1615081,6327384,1616954,6361102,URADR,RMED,URAD,RMED
2015,7182584,10705.0,17214.0,2400.0,1615081,6327384,1614889,6323721,URADR,BWM-DR01,URAD,BWM01D
2016,7182584,10705.0,17214.0,2400.0,1615081,6327384,1615873,6341958,URADR,RMER,URAD,RMEL/R
2017,7182581,11135.0,17943.0,2100.0,1615081,6327391,1615024,6326087,URADR,IL1DR,URAD,IL1D
2018,7182581,11135.0,17943.0,2100.0,1615081,6327391,1615040,6326331,URADR,RIPR,URAD,RIP
2019,7182581,11135.0,17943.0,2100.0,1615081,6327391,1615873,6341942,URADR,RMER,URAD,RMEL/R
2020,7182581,11135.0,17943.0,2100.0,1615081,6327391,1615005,6325636,URADR,BWM-DR02,URAD,BWM02D
2021,7182585,10717.0,17424.0,2490.0,1615081,6327381,1615024,6326075,URADR,IL1DR,URAD,IL1D
2022,7182585,10717.0,17424.0,2490.0,1615081,6327381,1615873,6341960,URADR,RMER,URAD,RMEL/R
2023,7182585,10717.0,17424.0,2490.0,1615081,6327381,1615040,6326341,URADR,RIPR,URAD,RIP
2024,7182585,10717.0,17424.0,2490.0,1615081,6327381,1614889,6323718,URADR,BWM-DR01,URAD,BWM01D
2025,7182588,7712.0,21098.0,1980.0,1614980,6325303,1615282,6331090,URAVL,BWM-VL02,URAV,BWM02V
2026,7182588,7712.0,21098.0,1980.0,1614980,6325303,1617667,6373904,URAVL,BWM-VL01,URAV,BWM01V
2027,7182588,7712.0,21098.0,1980.0,1614980,6325303,1615426,6333203,URAVL,RMEV,URAV,RMEV
2028,7182589,7332.0,20605.0,2280.0,1614980,6325293,1615282,6331066,URAVL,BWM-VL02,URAV,BWM02V
2029,7182589,7332.0,20605.0,2280.0,1614980,6325293,1615699,6338946,URAVL,RIPL,URAV,RIP
2030,7182590,7682.0,20801.0,2520.0,1614980,6325285,1617667,6373890,URAVL,BWM-VL01,URAV,BWM01V
2031,7182590,7682.0,20801.0,2520.0,1614980,6325285,1615282,6331078,URAVL,BWM-VL02,URAV,BWM02V
2032,7182590,7682.0,20801.0,2520.0,1614980,6325285,1615699,6338954,URAVL,RIPL,URAV,RIP
2033,7182587,6868.0,20630.0,1920.0,1614980,6325305,1615282,6331092,URAVL,BWM-VL02,URAV,BWM02V
2034,7182587,6868.0,20630.0,1920.0,1614980,6325305,1615699,6338936,URAVL,RIPL,URAV,RIP
2035,7182587,6868.0,20630.0,1920.0,1614980,6325305,1615620,6337091,URAVL,RMEL,URAV,RMEL/R
2036,7182592,9465.0,21001.0,2040.0,1617535,6371321,1615873,6341893,URAVR,RMER,URAV,RMEL/R
2037,7182592,9465.0,21001.0,2040.0,1617535,6371321,1615040,6326217,URAVR,RIPR,URAV,RIP
2038,7182592,9465.0,21001.0,2040.0,1617535,6371321,1615856,6341690,URAVR,BWM-VR01,URAV,BWM01V
2039,7182593,10069.0,20851.0,1740.0,1617535,6371331,1615873,6341907,URAVR,RMER,URAV,RMEL/R
2040,7182593,10069.0,20851.0,1740.0,1617535,6371331,1615040,6326208,URAVR,RIPR,URAV,RIP
2041,7182593,10069.0,20851.0,1740.0,1617535,6371331,1614935,6324456,URAVR,BWM-VR02,URAV,BWM02V
2042,7182593,10069.0,20851.0,1740.0,1617535,6371331,1615856,6341700,URAVR,BWM-VR01,URAV,BWM01V
2043,7182598,6095.0,19837.0,4470.0,1615157,6328823,1617615,6372997,URBL,URXL,URB,URX
2044,7182598,6095.0,19837.0,4470.0,1615157,6328823,1615919,6342622,URBL,ADAL,URB,ADA
2045,7182600,6391.0,18633.0,4650.0,1615157,6328817,1617598,6372690,URBL,CEPDL,URB,CEPD
2046,7182600,6391.0,18633.0,4650.0,1615157,6328817,1615459,6333662,URBL,CEPshDL,URB,CEPshD
2047,7182596,6217.0,19351.0,4440.0,1615157,6328824,1617615,6372998,URBL,URXL,URB,URX
2048,7182596,6217.0,19351.0,4440.0,1615157,6328824,1617467,6369865,URBL,IL1L,URB,IL1L/R
2049,7182599,6155.0,19607.0,4500.0,1615157,6328822,1617615,6372996,URBL,URXL,URB,URX
2050,7182599,6155.0,19607.0,4500.0,1615157,6328822,1617467,6369863,URBL,IL1L,URB,IL1L/R
2051,6647366,11305.0,19297.0,3570.0,1616443,6351570,1615169,6329001,URBR,CEPDR,URB,CEPD
2052,6647366,11305.0,19297.0,3570.0,1616443,6351570,1614995,6325451,URBR,BWM-DR04,URB,BWM04D
2053,6647375,11265.0,19840.0,4020.0,1616443,6351541,1615120,6328143,URBR,CEPVR,URB,CEPV
2054,6647367,11293.0,19413.0,3630.0,1616443,6351568,1616847,6359048,URBR,IL2R,URB,IL2L/R
2055,6647367,11293.0,19413.0,3630.0,1616443,6351568,1616671,6355761,URBR,IL1R,URB,IL1L/R
2056,6647373,11415.0,19647.0,3840.0,1616443,6351562,1616573,6354069,URBR,RICR,URB,RIC
2057,6647373,11415.0,19647.0,3840.0,1616443,6351562,1616671,6355755,URBR,IL1R,URB,IL1L/R
2058,6647376,11487.0,19592.0,4080.0,1616443,6351539,1615192,6329446,URBR,URXR,URB,URX
2059,6647376,11487.0,19592.0,4080.0,1616443,6351539,1616671,6355747,URBR,IL1R,URB,IL1L/R
2060,7182605,5859.0,19452.0,4350.0,1617615,6373001,1617026,6362463,URXL,RICL,URX,RIC
2061,7182605,5859.0,19452.0,4350.0,1617615,6373001,1615919,6342626,URXL,ADAL,URX,ADA
2062,7182601,4521.0,20620.0,3990.0,1617615,6372959,1616147,6346626,URXL,AUAL,URX,AUA
2063,7182601,4521.0,20620.0,3990.0,1617615,6372959,1617141,6364243,URXL,RIAL,URX,RIA
2064,7182604,4685.0,19704.0,4440.0,1617615,6372947,1616147,6346640,URXL,AUAL,URX,AUA
2065,7182604,4685.0,19704.0,4440.0,1617615,6372947,1617141,6364228,URXL,RIAL,URX,RIA
2066,7182606,5831.0,22193.0,3660.0,1617615,6479047,1616147,6346706,URXL,AUAL,URX,AUA
2067,7182606,5831.0,22193.0,3660.0,1617615,6479047,1617141,6364262,URXL,RIAL,URX,RIA
2068,7182611,4311.0,20000.0,4110.0,1617615,7182610,1616147,7182612,URXL,AUAL,URX,AUA
2069,7182611,4311.0,20000.0,4110.0,1617615,7182610,1617141,6364239,URXL,RIAL,URX,RIA
2070,7182617,4973.0,19078.0,4770.0,1617615,6372932,1616147,6346651,URXL,AUAL,URX,AUA
2071,7182617,4973.0,19078.0,4770.0,1617615,6372932,1617141,6364217,URXL,RIAL,URX,RIA
2072,7182613,5011.0,19125.0,4710.0,1617615,6372934,1615229,6330261,URXL,RIR,URX,RIR
2073,7182613,5011.0,19125.0,4710.0,1617615,6372934,1617141,6364219,URXL,RIAL,URX,RIA
2074,7182607,5797.0,21575.0,3720.0,1617615,6372973,1616022,6344481,URXL,PVPL,URX,PVP
2075,7182607,5797.0,21575.0,3720.0,1617615,6372973,1615357,6332213,URXL,RIGL,URX,RIG
2076,7182614,5449.0,18735.0,4800.0,1617615,6372931,1615229,6330264,URXL,RIR,URX,RIR
2077,7182614,5449.0,18735.0,4800.0,1617615,6372931,1616008,6344163,URXL,AVHR,URX,AVH
2078,7182621,12537.0,21232.0,3360.0,1615192,6329469,1616351,6349856,URXR,AUAR,URX,AUA
2079,7182621,12537.0,21232.0,3360.0,1615192,6329469,1617006,6361809,URXR,RIAR,URX,RIA
2080,7182622,12941.0,20510.0,3480.0,1615192,6329466,1616351,6349859,URXR,AUAR,URX,AUA
2081,7182622,12941.0,20510.0,3480.0,1615192,6329466,1617006,6361806,URXR,RIAR,URX,RIA
2082,7182623,12965.0,19683.0,3990.0,1615192,6329449,1617006,6361790,URXR,RIAR,URX,RIA
2083,7182623,12965.0,19683.0,3990.0,1615192,6329449,1616351,6349875,URXR,AUAR,URX,AUA
2084,7182625,11085.0,22739.0,3120.0,1615192,6329481,1616351,6349948,URXR,AUAR,URX,AUA
2085,7182625,11085.0,22739.0,3120.0,1615192,6329481,1617006,6361829,URXR,RIAR,URX,RIA
2086,7182624,12647.0,19469.0,4110.0,1615192,6329445,1615229,6330347,URXR,RIR,URX,RIR
2087,7182624,12647.0,19469.0,4110.0,1615192,6329445,1617006,6361786,URXR,RIAR,URX,RIA
2088,6647319,12953.0,19882.0,3840.0,1615192,6329454,1615229,6330338,URXR,RIR,URX,RIR
2089,6647319,12953.0,19882.0,3840.0,1615192,6329454,1617006,6361795,URXR,RIAR,URX,RIA
2090,7182618,11297.0,22090.0,3120.0,1615192,6329481,1616393,6350747,URXR,RIGR,URX,RIG
2091,7182620,12369.0,21103.0,3060.0,1615192,6329492,1616087,6345635,URXR,AVBL,URX,AVB
2092,7182620,12369.0,21103.0,3060.0,1615192,6329492,1616393,6350731,URXR,RIGR,URX,RIG
2093,7182637,5185.0,17559.0,3000.0,1617575,6372059,1617328,6367403,URYDL,AVER,URYD,AVE
2094,7182637,5185.0,17559.0,3000.0,1617575,6372059,1616173,6347162,URYDL,RIBL,URYD,RIB
2095,7182634,5590.0,17099.0,3090.0,1617575,6372056,1617411,6368773,URYDL,RMDVL,URYD,RMDV
2096,7182634,5590.0,17099.0,3090.0,1617575,6372056,1617328,6367401,URYDL,AVER,URYD,AVE
2097,7182635,6244.0,16545.0,3240.0,1617575,6372052,1617411,6368778,URYDL,RMDVL,URYD,RMDV
2098,7182635,6244.0,16545.0,3240.0,1617575,6372052,1617328,6367396,URYDL,AVER,URYD,AVE
2099,7182630,7072.0,16238.0,3000.0,1617575,6372059,1616878,6359816,URYDL,RMDDR,URYD,RMDD
2100,7182630,7072.0,16238.0,3000.0,1617575,6372059,1617411,6369105,URYDL,RMDVL,URYD,RMDV
2101,7182632,6421.0,16271.0,3420.0,1617575,6372046,1617328,6367631,URYDL,AVER,URYD,AVE
2102,7182632,6421.0,16271.0,3420.0,1617575,6372046,1614948,6324715,URYDL,SMDDR,URYD,SMDD
2103,7182636,5815.0,16748.0,3450.0,1617575,6372045,1614948,6324711,URYDL,SMDDR,URYD,SMDD
2104,7182636,5815.0,16748.0,3450.0,1617575,6372045,1617328,6367632,URYDL,AVER,URYD,AVE
2105,7182633,5641.0,16801.0,3690.0,1617575,6372037,1614948,6324703,URYDL,SMDDR,URYD,SMDD
2106,7182633,5641.0,16801.0,3690.0,1617575,6372037,1616173,6347178,URYDL,RIBL,URYD,RIB
2107,7182638,10553.0,16439.0,2640.0,1615090,6327629,1617119,6478500,URYDR,RMDDL,URYD,RMDD
2108,7182638,10553.0,16439.0,2640.0,1615090,6327629,1615961,6343522,URYDR,RMDVR,URYD,RMDV
2109,7182639,11731.0,16483.0,3210.0,1615090,6327598,1617190,6365008,URYDR,AVEL,URYD,AVE
2110,7182639,11731.0,16483.0,3210.0,1615090,6327598,1615756,6340060,URYDR,SMDDL,URYD,SMDD
2111,7182640,11941.0,16944.0,3000.0,1615090,6327605,1615756,6340065,URYDR,SMDDL,URYD,SMDD
2112,7182640,11941.0,16944.0,3000.0,1615090,6327605,1617190,6365013,URYDR,AVEL,URYD,AVE
2113,7182641,12305.0,17168.0,3120.0,1615090,6327601,1615756,6340063,URYDR,SMDDL,URYD,SMDD
2114,7182641,12305.0,17168.0,3120.0,1615090,6327601,1615564,6336026,URYDR,RIBR,URYD,RIB
2115,7182646,6323.0,22014.0,2250.0,1614969,6325068,1617328,6367431,URYVL,AVER,URYV,AVE
2116,7182646,6323.0,22014.0,2250.0,1614969,6325068,1617119,6364091,URYVL,RMDDL,URYV,RMDD
2117,7182645,7565.0,22124.0,2250.0,1614969,6325071,1617119,6364091,URYVL,RMDDL,URYV,RMDD
2118,7182645,7565.0,22124.0,2250.0,1614969,6325071,1615961,6343476,URYVL,RMDVR,URYV,RMDV
2119,7182644,6361.0,22013.0,2490.0,1614969,6325060,1617328,6367445,URYVL,AVER,URYV,AVE
2120,7182644,6361.0,22013.0,2490.0,1614969,6325060,1615895,6342391,URYVL,SMDVR,URYV,SMDV
2121,7182650,10057.0,22326.0,1950.0,1614867,6323468,1616878,6359679,URYVR,RMDDR,URYV,RMDD
2122,7182650,10057.0,22326.0,1950.0,1614867,6323468,1617190,6365070,URYVR,AVEL,URYV,AVE
2123,7182653,10889.0,22294.0,2040.0,1614867,6323465,1617190,6365073,URYVR,AVEL,URYV,AVE
2124,7182653,10889.0,22294.0,2040.0,1614867,6323465,1616626,6355155,URYVR,SMDVL,URYV,SMDV
2125,7182652,9449.0,22124.0,1980.0,1614867,6323467,1617411,6369054,URYVR,RMDVL,URYV,RMDV
2126,7182652,9449.0,22124.0,1980.0,1614867,6323467,1616878,6359673,URYVR,RMDDR,URYV,RMDD
2127,7182655,10205.0,22668.0,2400.0,1614867,6323440,1616626,6355143,URYVR,SMDVL,URYV,SMDV
2128,7182655,10205.0,22668.0,2400.0,1614867,6323440,1615564,6336121,URYVR,RIBR,URYV,RIB
