,connector_id,x,y,z,pre_skid,pre_node,post_skid,post_node,pre,post,pre_pair,post_pair
0,4976800,17116.0,8136.0,9000.0,1514235,4878556,1515817,4962446,ADAL,AVBL,ADA,AVB
1,4976800,17116.0,8136.0,9000.0,1514235,4878556,1513618,4859453,ADAL,AVEL,ADA,AVE
2,4976830,15976.0,10588.0,7680.0,1514235,4878508,1513035,4833618,ADAL,RIPL,ADA,RIP
3,4976830,15976.0,10588.0,7680.0,1514235,4878508,1515817,4962402,ADAL,AVBL,ADA,AVB
4,4976817,13806.0,13902.0,3990.0,1514235,4878298,1515238,4932917,ADAL,RIML,ADA,RIM
5,4976817,13806.0,13902.0,3990.0,1514235,4878298,1515238,4933416,ADAL,RIML,ADA,RIM
6,4976817,13806.0,13902.0,3990.0,1514235,4878298,1515912,4967970,ADAL,RIAL,ADA,RIA
7,4976817,13806.0,13902.0,3990.0,1514235,4878298,1514783,4908682,ADAL,AVBR,ADA,AVB
8,4976790,15204.0,6356.0,10140.0,1514235,4878613,1514783,4908463,ADAL,AVBR,ADA,AVB
9,4976790,15204.0,6356.0,10140.0,1514235,4878613,1513035,4976791,ADAL,RIPL,ADA,RIP
10,4976807,14272.0,13676.0,4710.0,1514235,4878684,1514783,4908658,ADAL,AVBR,ADA,AVB
11,4976807,14272.0,13676.0,4710.0,1514235,4878684,1513153,4839579,ADAL,SIBVL,ADA,SIBV
12,4976820,16436.0,7096.0,9510.0,1514235,4878663,1515817,4962464,ADAL,AVBL,ADA,AVB
13,4976820,16436.0,7096.0,9510.0,1514235,4878663,1515674,4950616,ADAL,AVAL,ADA,AVA
14,4976820,16436.0,7096.0,9510.0,1514235,4878663,1514982,4919935,ADAL,AVJR,ADA,AVJ
15,4976829,15958.0,6748.0,9660.0,1514235,4878658,1515817,4962469,ADAL,AVBL,ADA,AVB
16,4976829,15958.0,6748.0,9660.0,1514235,4878658,1514982,4919940,ADAL,AVJR,ADA,AVJ
17,4976804,16594.0,9642.0,8280.0,1514235,4878530,1514982,4919895,ADAL,AVJR,ADA,AVJ
18,4976804,16594.0,9642.0,8280.0,1514235,4878530,1515817,4962422,ADAL,AVBL,ADA,AVB
19,4976804,16594.0,9642.0,8280.0,1514235,4878530,1514993,4920500,ADAL,ASHL,ADA,ASH
20,4976833,14422.0,13900.0,4320.0,1514235,4878707,1515817,4962291,ADAL,AVBL,ADA,AVB
21,4976833,14422.0,13900.0,4320.0,1514235,4878707,1515238,4933389,ADAL,RIML,ADA,RIM
22,4976867,14128.0,13894.0,3990.0,1514235,4878298,1515817,4962280,ADAL,AVBL,ADA,AVB
23,4976867,14128.0,13894.0,3990.0,1514235,4878298,1515238,4932917,ADAL,RIML,ADA,RIM
24,4976834,14606.0,13732.0,4350.0,1514235,4878706,1515238,4933390,ADAL,RIML,ADA,RIM
25,4976834,14606.0,13732.0,4350.0,1514235,4878706,1514982,4919768,ADAL,AVJR,ADA,AVJ
26,4976834,14606.0,13732.0,4350.0,1514235,4878706,1515817,4962292,ADAL,AVBL,ADA,AVB
27,5049072,15366.0,6484.0,10380.0,1514235,4878621,1513035,4833748,ADAL,RIPL,ADA,RIP
28,5049072,15366.0,6484.0,10380.0,1514235,4878621,1513330,4845334,ADAL,IL2DL,ADA,IL2D
29,4976806,15830.0,10638.0,7920.0,1514235,4878466,1512571,4812932,ADAL,OLQVL,ADA,OLQV
30,4976806,15830.0,10638.0,7920.0,1514235,4878466,1513035,4833611,ADAL,RIPL,ADA,RIP
31,4976903,7918.0,10846.0,7740.0,1512459,4805813,1513068,4835409,ADAR,AIBR,ADA,AIB
32,4976903,7918.0,10846.0,7740.0,1512459,4805813,1514916,4917274,ADAR,AIAR,ADA,AIA
33,4976884,11322.0,13302.0,7020.0,1512459,4805683,1515467,4941987,ADAR,RICL,ADA,RIC
34,4976884,11322.0,13302.0,7020.0,1512459,4805683,1515674,4950821,ADAR,AVAL,ADA,AVA
35,4976870,8040.0,7326.0,9450.0,1512459,4805857,1515817,4962532,ADAR,AVBL,ADA,AVB
36,4976870,8040.0,7326.0,9450.0,1512459,4805857,1514206,4876259,ADAR,AVJL,ADA,AVJ
37,4976904,8722.0,10276.0,8400.0,1512459,4805792,1513116,4837037,ADAR,ASHR,ADA,ASH
38,4976904,8722.0,10276.0,8400.0,1512459,4805792,1514783,4908392,ADAR,AVBR,ADA,AVB
39,4976871,8138.0,9388.0,8970.0,1512459,4805828,1513959,4865995,ADAR,AVER,ADA,AVE
40,4976871,8138.0,9388.0,8970.0,1512459,4805828,1514783,4908408,ADAR,AVBR,ADA,AVB
41,4976869,8248.0,7202.0,9240.0,1512459,4805864,1514783,4908421,ADAR,AVBR,ADA,AVB
42,4976869,8248.0,7202.0,9240.0,1512459,4805864,1514206,4876115,ADAR,AVJL,ADA,AVJ
43,4976918,9182.0,10610.0,8550.0,1512459,4805787,1514783,4908397,ADAR,AVBR,ADA,AVB
44,4976918,9182.0,10610.0,8550.0,1512459,4805787,1512656,4816774,ADAR,RICR,ADA,RIC
45,4976872,8556.0,9964.0,8880.0,1512459,4805825,1512656,4816781,ADAR,RICR,ADA,RIC
46,4976872,8556.0,9964.0,8880.0,1512459,4805825,1514783,4908405,ADAR,AVBR,ADA,AVB
47,4976872,8556.0,9964.0,8880.0,1512459,4805825,1514206,4876102,ADAR,AVJL,ADA,AVJ
48,4976877,10080.0,11812.0,9090.0,1512459,4805752,1512656,4816729,ADAR,RICR,ADA,RIC
49,4976877,10080.0,11812.0,9090.0,1512459,4805752,1513275,4843714,ADAR,OLQVR,ADA,OLQV
50,4976877,10080.0,11812.0,9090.0,1512459,4805752,1513301,4844421,ADAR,URAVR,ADA,URAV
51,4976883,11400.0,13256.0,7650.0,1512459,4805701,1514476,4892743,ADAR,AIBL,ADA,AIB
52,4976883,11400.0,13256.0,7650.0,1512459,4805701,1513201,4841591,ADAR,RIMR,ADA,RIM
53,4976894,11966.0,15010.0,3600.0,1512459,4805553,1513201,4841467,ADAR,RIMR,ADA,RIM
54,4976894,11966.0,15010.0,3600.0,1512459,4805553,1515817,4962779,ADAR,AVBL,ADA,AVB
55,4976896,11842.0,15430.0,3180.0,1512459,4805540,1514783,4908222,ADAR,AVBR,ADA,AVB
56,4976896,11842.0,15430.0,3180.0,1512459,4805540,1513201,4841380,ADAR,RIMR,ADA,RIM
57,4976897,12062.0,15436.0,2850.0,1512459,4805529,1514783,4908211,ADAR,AVBR,ADA,AVB
58,4976897,12062.0,15436.0,2850.0,1512459,4805529,1513201,4841369,ADAR,RIMR,ADA,RIM
59,4976899,12144.0,15448.0,2640.0,1512459,4805523,1513201,4841361,ADAR,RIMR,ADA,RIM
60,4976899,12144.0,15448.0,2640.0,1512459,4805523,1514783,4908204,ADAR,AVBR,ADA,AVB
61,4976963,13530.0,14362.0,1800.0,1515027,4921903,1513572,4858046,ADEL,ADER,ADE,ADE
62,4976987,16190.0,7852.0,8670.0,1512807,4823561,1515317,4935595,ADEL,URBL,ADE,URB
63,4976987,16190.0,7852.0,8670.0,1512807,4823561,1513922,4865048,ADEL,CEPVL,ADE,CEPV
64,4976987,16190.0,7852.0,8670.0,1512807,4823561,1512399,4804673,ADEL,CEPshVL,ADE,CEPshV
65,4976960,11402.0,16078.0,120.0,1515027,4922009,1515554,4944944,ADEL,RIGR,ADE,RIG
66,4976960,11402.0,16078.0,120.0,1515027,4922009,1514882,4915436,ADEL,PVCL,ADE,PVC
67,5049074,13188.0,14844.0,2340.0,1515027,4922118,1512791,4822743,ADEL,RIGL,ADE,RIG
68,4976964,14128.0,14900.0,1110.0,1515027,4921881,1512870,4827289,ADEL,AVAR,ADE,AVA
69,4976964,14128.0,14900.0,1110.0,1515027,4921881,1512791,4822784,ADEL,RIGL,ADE,RIG
70,4976966,15156.0,16118.0,-1650.0,1515027,4921791,1512870,4827375,ADEL,AVAR,ADE,AVA
71,4976966,15156.0,16118.0,-1650.0,1515027,4921791,1512791,4822875,ADEL,RIGL,ADE,RIG
72,4976961,11234.0,15794.0,510.0,1515027,4921997,1515554,4944932,ADEL,RIGR,ADE,RIG
73,4976986,16210.0,7632.0,8070.0,1512807,4823580,1512402,4804674,ADEL,CEPshVL,ADE,CEPshV
74,4976986,16210.0,7632.0,8070.0,1512807,4823580,1513558,4856648,ADEL,SDQL,ADE,SDQ
75,4976992,16696.0,7250.0,7740.0,1512807,4976994,1513558,4856637,ADEL,SDQL,ADE,SDQ
76,4976992,16696.0,7250.0,7740.0,1512807,4976994,1514383,4886219,ADEL,SMBDR,ADE,SMBD
77,4977011,11370.0,16526.0,-150.0,1513572,4857927,1515027,4922018,ADER,ADEL,ADE,ADE
78,4977011,11370.0,16526.0,-150.0,1513572,4857927,1512906,4829537,ADER,FLPR,ADE,FLP
79,4977011,11370.0,16526.0,-150.0,1513572,4857927,1512459,4805413,ADER,ADAR,ADE,ADA
80,4977030,6834.0,7442.0,7080.0,1513552,4856525,1513511,4854614,ADER,AVDR,ADE,AVD
81,4977032,8982.0,9322.0,8790.0,1513552,4856593,1514042,4871357,ADER,CEPVR,ADE,CEPV
82,4977027,8356.0,8652.0,8070.0,1513552,4856569,1513959,4865968,ADER,AVER,ADE,AVE
83,4977027,8356.0,8652.0,8070.0,1513552,4856569,1513608,4859143,ADER,IL1R,ADE,IL1L/R
84,4977027,8356.0,8652.0,8070.0,1513552,4856569,1512396,4804672,ADER,CEPshVR,ADE,CEPshV
85,4977012,11598.0,16818.0,-630.0,1513572,4857911,1515674,4951076,ADER,AVAL,ADE,AVA
86,4977012,11598.0,16818.0,-630.0,1513572,4857911,1512906,4829503,ADER,FLPR,ADE,FLP
87,4977039,8904.0,9190.0,8730.0,1513552,4856591,1517067,4977040,ADER,CEPshVL,ADE,CEPshV
88,4977039,8904.0,9190.0,8730.0,1513552,4856591,1513468,4977038,ADER,PVR,ADE,PVR
89,4977008,15066.0,15644.0,-900.0,1513572,4858133,1512870,4827356,ADER,AVAR,ADE,AVA
90,4977008,15066.0,15644.0,-900.0,1513572,4858133,1512791,4822850,ADER,RIGL,ADE,RIG
91,4977009,13548.0,14896.0,1800.0,1513572,4858046,1515732,4956742,ADER,AVKL,ADE,AVK
92,4977009,13548.0,14896.0,1800.0,1513572,4858046,1512791,4822761,ADER,RIGL,ADE,RIG
93,4977010,11222.0,15576.0,1110.0,1513572,4857969,1515554,4944914,ADER,RIGR,ADE,RIG
94,4977029,8110.0,8274.0,7830.0,1513552,4856561,1512393,4804671,ADER,CEPshDR,ADE,CEPshD
95,4977029,8110.0,8274.0,7830.0,1513552,4856561,1514461,4891883,ADER,SDQR,ADE,SDQ
96,4977042,11648.0,5264.0,10050.0,1515259,4933957,1514893,4977043,ADFL,AIZR,ADF,AIZ
97,4977042,11648.0,5264.0,10050.0,1515259,4933957,1512821,4824175,ADFL,AUAR,ADF,AUA
98,4977042,11648.0,5264.0,10050.0,1515259,4933957,1514476,4892549,ADFL,AIBL,ADF,AIB
99,4977064,17714.0,9178.0,7920.0,1515259,4933884,1513992,4868929,ADFL,AIZL,ADF,AIZ
100,4977065,17642.0,8396.0,8220.0,1515259,4933886,1513992,4868957,ADFL,AIZL,ADF,AIZ
101,4977047,14762.0,5264.0,9420.0,1515259,4933931,1515794,4961561,ADFL,RIR,ADF,RIR
102,4977047,14762.0,5264.0,9420.0,1515259,4933931,1514655,4901269,ADFL,ASER,ADF,ASE
103,4977047,14762.0,5264.0,9420.0,1515259,4933931,1513992,4869003,ADFL,AIZL,ADF,AIZ
104,4977048,17790.0,10738.0,8040.0,1515259,4933869,1515008,4920961,ADFL,AUAL,ADF,AUA
105,4977048,17790.0,10738.0,8040.0,1515259,4933869,1513992,4868925,ADFL,AIZL,ADF,AIZ
106,4977055,14946.0,14388.0,5640.0,1515259,4933790,1515912,4967812,ADFL,RIAL,ADF,RIA
107,4977055,14946.0,14388.0,5640.0,1515259,4933790,1515008,4920877,ADFL,AUAL,ADF,AUA
108,4977057,14676.0,14625.0,5190.0,1515259,4933775,1515912,4967827,ADFL,RIAL,ADF,RIA
109,4977057,14676.0,14625.0,5190.0,1515259,4933775,1515008,4920862,ADFL,AUAL,ADF,AUA
110,4977054,14674.0,14112.0,5820.0,1515259,4933796,1513992,4868688,ADFL,AIZL,ADF,AIZ
111,4977054,14674.0,14112.0,5820.0,1515259,4933796,1515912,4967806,ADFL,RIAL,ADF,RIA
112,4977058,14406.0,14868.0,4710.0,1515259,4933759,1513992,4868616,ADFL,AIZL,ADF,AIZ
113,4977058,14406.0,14868.0,4710.0,1515259,4933759,1515912,4967843,ADFL,RIAL,ADF,RIA
114,4977050,15678.0,13296.0,6900.0,1515259,4933832,1515912,4967771,ADFL,RIAL,ADF,RIA
115,4977050,15678.0,13296.0,6900.0,1515259,4933832,1515794,4961464,ADFL,RIR,ADF,RIR
116,4977051,15280.0,13618.0,6540.0,1515259,4933820,1515794,4961452,ADFL,RIR,ADF,RIR
117,4977051,15280.0,13618.0,6540.0,1515259,4933820,1515912,4967782,ADFL,RIAL,ADF,RIA
118,4977059,14264.0,15078.0,3540.0,1515259,4933720,1514993,4920341,ADFL,ASHL,ADF,ASH
119,4977059,14264.0,15078.0,3540.0,1515259,4933720,1515912,4967956,ADFL,RIAL,ADF,RIA
120,4977059,14264.0,15078.0,3540.0,1515259,4933720,1513153,4839539,ADFL,SIBVL,ADF,SIBV
121,4977061,14182.0,15438.0,3060.0,1515259,4933704,1514866,4914502,ADFL,SMBDL,ADF,SMBD
122,4977061,14182.0,15438.0,3060.0,1515259,4933704,1515912,4967940,ADFL,RIAL,ADF,RIA
123,4977049,16878.0,11638.0,7650.0,1515259,4933856,1512791,4822532,ADFL,RIGL,ADF,RIG
124,4977074,7486.0,10178.0,8310.0,1515649,4950013,1514893,4916712,ADFR,AIZR,ADF,AIZ
125,4977076,7514.0,10350.0,8370.0,1515649,4950011,1514893,4916710,ADFR,AIZR,ADF,AIZ
126,4977101,8694.0,12426.0,8430.0,1515649,4949989,1514893,4916695,ADFR,AIZR,ADF,AIZ
127,4977073,7236.0,7548.0,8460.0,1515649,4950029,1512976,4831475,ADFR,AIYR,ADF,AIY
128,4977073,7236.0,7548.0,8460.0,1515649,4950029,1514893,4916739,ADFR,AIZR,ADF,AIZ
129,4977073,7236.0,7548.0,8460.0,1515649,4950029,1514728,4905705,ADFR,AFDR,ADF,AFD
130,4977086,12242.0,14888.0,5910.0,1515649,4949908,1514893,4916561,ADFR,AIZR,ADF,AIZ
131,4977086,12242.0,14888.0,5910.0,1515649,4949908,1513587,4858394,ADFR,RIAR,ADF,RIA
132,4977086,12242.0,14888.0,5910.0,1515649,4949908,1514893,4916572,ADFR,AIZR,ADF,AIZ
133,4977086,12242.0,14888.0,5910.0,1515649,4949908,1514520,4893899,ADFR,SMBVR,ADF,SMBV
134,4977099,7872.0,6328.0,8730.0,1515649,4950051,1514423,4977098,ADFR,AVHL,ADF,AVH
135,4977099,7872.0,6328.0,8730.0,1515649,4950051,1514893,4916751,ADFR,AIZR,ADF,AIZ
136,4977079,9696.0,13150.0,8310.0,1515649,4949985,1515554,4944637,ADFR,RIGR,ADF,RIG
137,4977079,9696.0,13150.0,8310.0,1515649,4949985,1512852,4825390,ADFR,DVA,ADF,DVA
138,4977079,9696.0,13150.0,8310.0,1515649,4949985,1514893,4916683,ADFR,AIZR,ADF,AIZ
139,4977081,11282.0,14302.0,7440.0,1515649,4949957,1514893,4916622,ADFR,AIZR,ADF,AIZ
140,4977081,11282.0,14302.0,7440.0,1515649,4949957,1515554,4944685,ADFR,RIGR,ADF,RIG
141,4977081,11282.0,14302.0,7440.0,1515649,4949957,1513587,4858344,ADFR,RIAR,ADF,RIA
142,4977083,11566.0,14438.0,6570.0,1515649,4949928,1514520,4893920,ADFR,SMBVR,ADF,SMBV
143,4977083,11566.0,14438.0,6570.0,1515649,4949928,1513587,4858372,ADFR,RIAR,ADF,RIA
144,4977083,11566.0,14438.0,6570.0,1515649,4949928,1514893,4916594,ADFR,AIZR,ADF,AIZ
145,4977083,11566.0,14438.0,6570.0,1515649,4949928,1514383,4885868,ADFR,SMBDR,ADF,SMBD
146,4977071,11254.0,5172.0,9930.0,1515649,4950089,1512821,4824171,ADFR,AUAR,ADF,AUA
147,4977071,11254.0,5172.0,9930.0,1515649,4950089,1515794,4961803,ADFR,RIR,ADF,RIR
148,4977082,11302.0,14446.0,7290.0,1515649,4949952,1513587,4858349,ADFR,RIAR,ADF,RIA
149,4977082,11302.0,14446.0,7290.0,1515649,4949952,1512821,4824032,ADFR,AUAR,ADF,AUA
150,4977104,11442.0,14588.0,7020.0,1515649,4949943,1512821,4824023,ADFR,AUAR,ADF,AUA
151,4977104,11442.0,14588.0,7020.0,1515649,4949943,1513587,4858358,ADFR,RIAR,ADF,RIA
152,4977109,11505.0,14606.0,6960.0,1515649,4949941,1513587,4858360,ADFR,RIAR,ADF,RIA
153,4977109,11505.0,14606.0,6960.0,1515649,4949941,1512821,4824021,ADFR,AUAR,ADF,AUA
154,4977087,12184.0,14948.0,4290.0,1515649,4949858,1513587,4858504,ADFR,RIAR,ADF,RIA
155,4977087,12184.0,14948.0,4290.0,1515649,4949858,1514383,4885741,ADFR,SMBDR,ADF,SMBD
156,4977088,12482.0,15432.0,3690.0,1515649,4949838,1514520,4893783,ADFR,SMBVR,ADF,SMBV
157,4977088,12482.0,15432.0,3690.0,1515649,4949838,1514383,4885721,ADFR,SMBDR,ADF,SMBD
158,4977088,12482.0,15432.0,3690.0,1515649,4949838,1513587,4858484,ADFR,RIAR,ADF,RIA
159,4977084,11830.0,14606.0,6330.0,1515649,4949920,1514520,4893913,ADFR,SMBVR,ADF,SMBV
160,4977084,11830.0,14606.0,6330.0,1515649,4949920,1513587,4858380,ADFR,RIAR,ADF,RIA
161,4977085,12078.0,14750.0,6090.0,1515649,4949913,1514520,4893905,ADFR,SMBVR,ADF,SMBV
162,4977085,12078.0,14750.0,6090.0,1515649,4949913,1513587,4858388,ADFR,RIAR,ADF,RIA
163,4977089,12470.0,15586.0,3450.0,1515649,4949830,1513587,4858469,ADFR,RIAR,ADF,RIA
164,4977089,12470.0,15586.0,3450.0,1515649,4949830,1514520,4893775,ADFR,SMBVR,ADF,SMBV
165,4977106,12428.0,15612.0,3390.0,1515649,4949828,1513587,4858471,ADFR,RIAR,ADF,RIA
166,4977106,12428.0,15612.0,3390.0,1515649,4949828,1514520,4893773,ADFR,SMBVR,ADF,SMBV
167,4977077,8624.0,12242.0,8640.0,1515649,4949996,1515554,4944419,ADFR,RIGR,ADF,RIG
168,4977077,8624.0,12242.0,8640.0,1515649,4949996,1513275,4843678,ADFR,OLQVR,ADF,OLQV
169,4977110,16962.0,9754.0,7260.0,1515779,4960525,1514235,4878489,ADLL,ADAL,ADL,ADA
170,4977129,17122.0,10230.0,7200.0,1515779,4960555,1514476,4892420,ADLL,AIBL,ADL,AIB
171,4977129,17122.0,10230.0,7200.0,1515779,4960555,1515172,4929844,ADLL,AIAL,ADL,AIA
172,4977114,14134.0,5016.0,8550.0,1515779,4960695,1515158,4929404,ADLL,ASKL,ADL,ASK
173,4977114,14134.0,5016.0,8550.0,1515779,4960695,1515340,4936640,ADLL,AWCL,ADL,AWC
174,4977114,14134.0,5016.0,8550.0,1515779,4960695,1515172,4929969,ADLL,AIAL,ADL,AIA
175,4977117,17402.0,8660.0,7230.0,1515779,4960628,1515062,4925356,ADLL,PVQL,ADL,PVQ
176,4977117,17402.0,8660.0,7230.0,1515779,4960628,1515172,4929868,ADLL,AIAL,ADL,AIA
177,4977117,17402.0,8660.0,7230.0,1515779,4960628,1515340,4936570,ADLL,AWCL,ADL,AWC
178,4977127,16346.0,11602.0,6870.0,1515779,4960566,1515096,4926702,ADLL,ASEL,ADL,ASE
179,4977127,16346.0,11602.0,6870.0,1515779,4960566,1514476,4892402,ADLL,AIBL,ADL,AIB
180,4977120,15066.0,13346.0,5340.0,1515779,4960615,1514993,4920401,ADLL,ASHL,ADL,ASH
181,4977132,16770.0,10514.0,7740.0,1515779,4960542,1515674,4951766,ADLL,AVAL,ADL,AVA
182,4977132,16770.0,10514.0,7740.0,1515779,4960542,1514235,4977135,ADLL,ADAL,ADL,ADA
183,4977132,16770.0,10514.0,7740.0,1515779,4960542,1514993,4920476,ADLL,ASHL,ADL,ASH
184,4977125,15622.0,12788.0,6180.0,1515779,4960589,1514993,4920426,ADLL,ASHL,ADL,ASH
185,4977125,15622.0,12788.0,6180.0,1515779,4960589,1513511,4854875,ADLL,AVDR,ADL,AVD
186,4977125,15622.0,12788.0,6180.0,1515779,4960589,1515190,4930357,ADLL,SMBVL,ADL,SMBV
187,4977111,12996.0,4808.0,8070.0,1515779,4960713,1515158,4929432,ADLL,ASKL,ADL,ASK
188,4977116,17234.0,8180.0,7410.0,1515779,4960634,1515158,4929336,ADLL,ASKL,ADL,ASK
189,4977116,17234.0,8180.0,7410.0,1515779,4960634,1514476,4892427,ADLL,AIBL,ADL,AIB
190,4977121,15176.0,13138.0,5580.0,1515779,4960607,1513511,4854894,ADLL,AVDR,ADL,AVD
191,4977122,15456.0,13072.0,5850.0,1515779,4960598,1513511,4854886,ADLL,AVDR,ADL,AVD
192,4977122,15456.0,13072.0,5850.0,1515779,4960598,1514476,4892361,ADLL,AIBL,ADL,AIB
193,4977124,15510.0,12888.0,6000.0,1515779,4960594,1513511,4854881,ADLL,AVDR,ADL,AVD
194,4977124,15510.0,12888.0,6000.0,1515779,4960594,1514476,4892373,ADLL,AIBL,ADL,AIB
195,4977126,15812.0,12086.0,6630.0,1515779,4960574,1513511,4854860,ADLL,AVDR,ADL,AVD
196,4977126,15812.0,12086.0,6630.0,1515779,4960574,1514982,4919842,ADLL,AVJR,ADL,AVJ
197,4977128,16180.0,11574.0,7080.0,1515779,4960559,1513511,4854847,ADLL,AVDR,ADL,AVD
198,4977128,16180.0,11574.0,7080.0,1515779,4960559,1514982,4919855,ADLL,AVJR,ADL,AVJ
199,4977131,16710.0,10810.0,7800.0,1515779,4960544,1515674,4951764,ADLL,AVAL,ADL,AVA
200,4977131,16710.0,10810.0,7800.0,1515779,4960544,1513511,4854824,ADLL,AVDR,ADL,AVD
201,4977131,16710.0,10810.0,7800.0,1515779,4960544,1514982,4919879,ADLL,AVJR,ADL,AVJ
202,4977147,16588.0,10938.0,7680.0,1515779,4960540,1512571,4812916,ADLL,OLQVL,ADL,OLQV
203,4977147,16588.0,10938.0,7680.0,1515779,4960540,1513511,4854828,ADLL,AVDR,ADL,AVD
204,4977142,16772.0,6340.0,8130.0,1515779,4960728,1514206,4876212,ADLL,AVJL,ADL,AVJ
205,4977142,16772.0,6340.0,8130.0,1515779,4960728,1515158,4929368,ADLL,ASKL,ADL,ASK
206,4977138,17096.0,6336.0,8130.0,1515779,4960728,1514371,4884798,ADLL,AVDL,ADL,AVD
207,4977138,17096.0,6336.0,8130.0,1515779,4960728,1514206,4876240,ADLL,AVJL,ADL,AVJ
208,4977113,13870.0,4884.0,8400.0,1515779,4960700,1515340,4936646,ADLL,AWCL,ADL,AWC
209,4977149,10286.0,5328.0,8220.0,1513864,4862962,1514695,4903400,ADLR,AWCR,ADL,AWC
210,4977149,10286.0,5328.0,8220.0,1513864,4862962,1514916,4917382,ADLR,AIAR,ADL,AIA
211,4977152,9694.0,5548.0,8580.0,1513864,4977153,1515891,4967346,ADLR,ASKR,ADL,ASK
212,4977152,9694.0,5548.0,8580.0,1513864,4977153,1514695,4977151,ADLR,AWCR,ADL,AWC
213,4977152,9694.0,5548.0,8580.0,1513864,4977153,1514916,4917350,ADLR,AIAR,ADL,AIA
214,4977168,11432.0,4740.0,8220.0,1513864,4862996,1514695,4903408,ADLR,AWCR,ADL,AWC
215,4977168,11432.0,4740.0,8220.0,1513864,4862996,1514916,4917382,ADLR,AIAR,ADL,AIA
216,4977168,11432.0,4740.0,8220.0,1513864,4862996,1515891,4967371,ADLR,ASKR,ADL,ASK
217,4977155,9978.0,13662.0,6810.0,1513864,4862854,1514916,4917224,ADLR,AIAR,ADL,AIA
218,4977155,9978.0,13662.0,6810.0,1513864,4862854,1513068,4835378,ADLR,AIBR,ADL,AIB
219,4977154,7144.0,9434.0,7560.0,1513864,4862793,1512459,4805819,ADLR,ADAR,ADL,ADA
220,4977154,7144.0,9434.0,7560.0,1513864,4862793,1514916,4917268,ADLR,AIAR,ADL,AIA
221,4977154,7144.0,9434.0,7560.0,1513864,4862793,1514695,4903349,ADLR,AWCR,ADL,AWC
222,4977154,7144.0,9434.0,7560.0,1513864,4862793,1513068,4835418,ADLR,AIBR,ADL,AIB
223,4977161,7888.0,10800.0,7860.0,1513864,4862803,1513068,4835422,ADLR,AIBR,ADL,AIB
224,4977161,7888.0,10800.0,7860.0,1513864,4862803,1514655,4900990,ADLR,ASER,ADL,ASE
225,4977162,7700.0,10372.0,7890.0,1513864,4862804,1513068,4835424,ADLR,AIBR,ADL,AIB
226,4977162,7700.0,10372.0,7890.0,1513864,4862804,1514655,4900991,ADLR,ASER,ADL,ASE
227,4977167,8926.0,12296.0,7830.0,1513864,4862810,1513068,4835421,ADLR,AIBR,ADL,AIB
228,4977167,8926.0,12296.0,7830.0,1513864,4862810,1514655,4900981,ADLR,ASER,ADL,ASE
229,5049076,10374.0,14094.0,6510.0,1513864,4862864,1514655,4900937,ADLR,ASER,ADL,ASE
230,5049076,10374.0,14094.0,6510.0,1513864,4862864,1513068,4835368,ADLR,AIBR,ADL,AIB
231,4977160,8328.0,11316.0,7890.0,1513864,4862804,1513116,4837015,ADLR,ASHR,ADL,ASH
232,4977160,8328.0,11316.0,7890.0,1513864,4862804,1513068,4835426,ADLR,AIBR,ADL,AIB
233,4977156,9510.0,13180.0,7380.0,1513864,4862835,1513068,4835397,ADLR,AIBR,ADL,AIB
234,4977156,9510.0,13180.0,7380.0,1513864,4862835,1514371,4884594,ADLR,AVDL,ADL,AVD
235,4977157,9304.0,12682.0,7590.0,1513864,4862828,1513116,4837005,ADLR,ASHR,ADL,ASH
236,4977157,9304.0,12682.0,7590.0,1513864,4862828,1514371,4884601,ADLR,AVDL,ADL,AVD
237,4977164,8880.0,11440.0,8490.0,1513864,4862902,1513116,4837040,ADLR,ASHR,ADL,ASH
238,4977164,8880.0,11440.0,8490.0,1513864,4862902,1514371,4884632,ADLR,AVDL,ADL,AVD
239,4977164,8880.0,11440.0,8490.0,1513864,4862902,1514206,4876083,ADLR,AVJL,ADL,AVJ
240,4977159,9116.0,11632.0,8340.0,1513864,4862897,1513275,4843689,ADLR,OLQVR,ADL,OLQV
241,4977159,9116.0,11632.0,8340.0,1513864,4862897,1512580,4813452,ADLR,URBR,ADL,URB
242,4977158,9200.0,12488.0,7860.0,1513864,4862809,1514371,4884610,ADLR,AVDL,ADL,AVD
243,4977158,9200.0,12488.0,7860.0,1513864,4862809,1514206,4876062,ADLR,AVJL,ADL,AVJ
244,4977165,7214.0,7049.0,7320.0,1513864,4863015,1513511,4854618,ADLR,AVDR,ADL,AVD
245,4977165,7214.0,7049.0,7320.0,1513864,4863015,1514982,4920039,ADLR,AVJR,ADL,AVJ
246,4977170,12860.0,4190.0,9390.0,1514404,4887408,1514960,4918916,AFDL,AIYL,AFD,AIY
247,4977174,18496.0,10170.0,7770.0,1514404,4887425,1514960,4918837,AFDL,AIYL,AFD,AIY
248,4977175,18456.0,9770.0,7860.0,1514404,4887422,1514960,4918840,AFDL,AIYL,AFD,AIY
249,4977177,17908.0,11344.0,7650.0,1514404,4887318,1514960,4918827,AFDL,AIYL,AFD,AIY
250,4977182,15512.0,14300.0,5700.0,1514404,4887255,1514960,4918742,AFDL,AIYL,AFD,AIY
251,4977185,16816.0,5938.0,9540.0,1514404,4887416,1514960,4918899,AFDL,AIYL,AFD,AIY
252,4977178,16836.0,12278.0,7110.0,1514404,4887300,1513992,4868851,AFDL,AIZL,AFD,AIZ
253,4977178,16836.0,12278.0,7110.0,1514404,4887300,1514960,4918795,AFDL,AIYL,AFD,AIY
254,4977178,16836.0,12278.0,7110.0,1514404,4887300,1512952,4830796,AFDL,BAGR,AFD,BAG
255,4977181,16032.0,13354.0,6510.0,1514404,4887281,1514960,4918769,AFDL,AIYL,AFD,AIY
256,4977181,16032.0,13354.0,6510.0,1514404,4887281,1514655,4901212,AFDL,ASER,AFD,ASE
257,4977188,11326.0,4336.0,9360.0,1514728,4905757,1512976,4831417,AFDR,AIYR,AFD,AIY
258,4977190,6974.0,11136.0,8430.0,1514728,4905692,1512976,4831485,AFDR,AIYR,AFD,AIY
259,4977191,10220.0,13958.0,7620.0,1514728,4905640,1512976,4831546,AFDR,AIYR,AFD,AIY
260,4977192,10838.0,14606.0,7110.0,1514728,4905624,1512976,4831570,AFDR,AIYR,AFD,AIY
261,4977193,11050.0,14814.0,6690.0,1514728,4905610,1512976,4831584,AFDR,AIYR,AFD,AIY
262,4977194,11790.0,15370.0,6150.0,1514728,4905592,1512821,4823994,AFDR,AUAR,AFD,AUA
263,4977194,11790.0,15370.0,6150.0,1514728,4905592,1512976,4831601,AFDR,AIYR,AFD,AIY
264,15137541,11514.0,15074.0,6240.0,1514728,4905595,1515649,4949917,AFDR,ADFR,AFD,ADF
265,15137541,11514.0,15074.0,6240.0,1514728,4905595,1512976,4831598,AFDR,AIYR,AFD,AIY
266,4977195,7464.0,6604.0,8910.0,1514728,4905720,1512976,4831460,AFDR,AIYR,AFD,AIY
267,4977219,14448.0,5056.0,9150.0,1515172,4929946,1514476,4892495,AIAL,AIBL,AIA,AIB
268,4977219,14448.0,5056.0,9150.0,1515172,4929946,1515259,4933927,AIAL,ADFL,AIA,ADF
269,4977198,12068.0,4688.0,8940.0,1515172,4929990,1514476,4892512,AIAL,AIBL,AIA,AIB
270,4977198,12068.0,4688.0,8940.0,1515172,4929990,1514960,4918930,AIAL,AIYL,AIA,AIY
271,4977212,16102.0,12424.0,6210.0,1515172,4929811,1514476,4892380,AIAL,AIBL,AIA,AIB
272,4977212,16102.0,12424.0,6210.0,1515172,4929811,1515087,4926318,AIAL,ASGL,AIA,ASG
273,4977212,16102.0,12424.0,6210.0,1515172,4929811,1513992,4868830,AIAL,AIZL,AIA,AIZ
274,4977206,17770.0,9264.0,7350.0,1515172,4929871,1514476,4892425,AIAL,AIBL,AIA,AIB
275,4977206,17770.0,9264.0,7350.0,1515172,4929871,1515340,4936566,AIAL,AWCL,AIA,AWC
276,4977206,17770.0,9264.0,7350.0,1515172,4929871,1513992,4869124,AIAL,AIZL,AIA,AIZ
277,4977208,16956.0,10874.0,6960.0,1515172,4929836,1514993,4920451,AIAL,ASHL,AIA,ASH
278,4977208,16956.0,10874.0,6960.0,1515172,4929836,1514476,4892404,AIAL,AIBL,AIA,AIB
279,4977207,17604.0,9566.0,7050.0,1515172,4929862,1514476,4892417,AIAL,AIBL,AIA,AIB
280,4977207,17604.0,9566.0,7050.0,1515172,4929862,1515158,4929324,AIAL,ASKL,AIA,ASK
281,4977225,13642.0,4930.0,8700.0,1515172,4929963,1514476,4892505,AIAL,AIBL,AIA,AIB
282,4977225,13642.0,4930.0,8700.0,1515172,4929963,1515340,4936636,AIAL,AWCL,AIA,AWC
283,4977215,15034.0,14804.0,3690.0,1515172,4929730,1515973,4971142,AIAL,RIFL,AIA,RIF
284,4977215,15034.0,14804.0,3690.0,1515172,4929730,1514476,4892292,AIAL,AIBL,AIA,AIB
285,4977214,15028.0,14674.0,3930.0,1515172,4929738,1515973,4971150,AIAL,RIFL,AIA,RIF
286,4977214,15028.0,14674.0,3930.0,1515172,4929738,1514993,4920354,AIAL,ASHL,AIA,ASH
287,4977203,17726.0,8228.0,7770.0,1515172,4929891,1514476,4892439,AIAL,AIBL,AIA,AIB
288,4977203,17726.0,8228.0,7770.0,1515172,4929891,1514695,4903491,AIAL,AWCR,AIA,AWC
289,4977201,16496.0,6236.0,8940.0,1515172,4929930,1513992,4901110,AIAL,AIZL,AIA,AIZ
290,4977201,16496.0,6236.0,8940.0,1515172,4929930,1514695,4903451,AIAL,AWCR,AIA,AWC
291,4977201,16496.0,6236.0,8940.0,1515172,4929930,1514476,4892478,AIAL,AIBL,AIA,AIB
292,4977209,17732.0,10538.0,7020.0,1515172,4929838,1514476,4892418,AIAL,AIBL,AIA,AIB
293,4977209,17732.0,10538.0,7020.0,1515172,4929838,1514695,4903517,AIAL,AWCR,AIA,AWC
294,4977209,17732.0,10538.0,7020.0,1515172,4929838,1515340,4936530,AIAL,AWCL,AIA,AWC
295,4977233,7350.0,10248.0,7680.0,1514916,4917279,1513068,4835414,AIAR,AIBR,AIA,AIB
296,4977233,7350.0,10248.0,7680.0,1514916,4917279,1515891,4967292,AIAR,ASKR,AIA,ASK
297,4977233,7350.0,10248.0,7680.0,1514916,4917279,1513068,4835936,AIAR,AIBR,AIA,AIB
298,4977233,7350.0,10248.0,7680.0,1514916,4917279,1512459,4805815,AIAR,ADAR,AIA,ADA
299,4977247,7512.0,6517.0,8310.0,1514916,4917325,1514655,4901022,AIAR,ASER,AIA,ASE
300,4977247,7512.0,6517.0,8310.0,1514916,4917325,1513068,4977246,AIAR,AIBR,AIA,AIB
301,4977228,10924.0,4920.0,8550.0,1514916,4917371,1514695,4903668,AIAR,AWCR,AIA,AWC
302,4977228,10924.0,4920.0,8550.0,1514916,4917371,1513068,4835466,AIAR,AIBR,AIA,AIB
303,4977230,7214.0,6696.0,7980.0,1514916,4917389,1514695,4903366,AIAR,AWCR,AIA,AWC
304,4977230,7214.0,6696.0,7980.0,1514916,4917389,1513068,4835441,AIAR,AIBR,AIA,AIB
305,4977231,6922.0,9264.0,7680.0,1514916,4917279,1514695,4903355,AIAR,AWCR,AIA,AWC
306,4977231,6922.0,9264.0,7680.0,1514916,4917279,1513068,4835414,AIAR,AIBR,AIA,AIB
307,4977235,11604.0,15700.0,4590.0,1514916,4917152,1514695,4903231,AIAR,AWCR,AIA,AWC
308,4977235,11604.0,15700.0,4590.0,1514916,4917152,1513068,4835292,AIAR,AIBR,AIA,AIB
309,5049079,7442.0,10980.0,7620.0,1514916,4917270,1514695,4903340,AIAR,AWCR,AIA,AWC
310,5049079,7442.0,10980.0,7620.0,1514916,4917270,1513068,4835938,AIAR,AIBR,AIA,AIB
311,4977236,11412.0,15652.0,4290.0,1514916,4917142,1514678,4902081,AIAR,RIFR,AIA,RIF
312,4977236,11412.0,15652.0,4290.0,1514916,4917142,1513068,4835270,AIAR,AIBR,AIA,AIB
313,4977239,10571.0,4764.0,8430.0,1514916,4917375,1513068,4835467,AIAR,AIBR,AIA,AIB
314,4977239,10571.0,4764.0,8430.0,1514916,4917375,1515340,4936682,AIAR,AWCL,AIA,AWC
315,4977239,10571.0,4764.0,8430.0,1514916,4917375,1514269,4879636,AIAR,ASIR,AIA,ASI
316,4977239,10571.0,4764.0,8430.0,1514916,4917375,1514695,4903664,AIAR,AWCR,AIA,AWC
317,4977263,9142.0,11810.0,9300.0,1514476,4892690,1513201,4841644,AIBL,RIMR,AIB,RIM
318,4977263,9142.0,11810.0,9300.0,1514476,4892690,1515817,4962593,AIBL,AVBL,AIB,AVB
319,4977264,8794.0,11344.0,9510.0,1514476,4892684,1515817,4962586,AIBL,AVBL,AIB,AVB
320,4977264,8794.0,11344.0,9510.0,1514476,4892684,1513201,4841651,AIBL,RIMR,AIB,RIM
321,4977265,8486.0,11032.0,9600.0,1514476,4892681,1515817,4962579,AIBL,AVBL,AIB,AVB
322,4977265,8486.0,11032.0,9600.0,1514476,4892681,1513201,4841654,AIBL,RIMR,AIB,RIM
323,4977266,8090.0,10762.0,9720.0,1514476,4892677,1513201,4841658,AIBL,RIMR,AIB,RIM
324,4977266,8090.0,10762.0,9720.0,1514476,4892677,1515817,4962583,AIBL,AVBL,AIB,AVB
325,4977267,7246.0,10604.0,9720.0,1514476,4892671,1513201,4841679,AIBL,RIMR,AIB,RIM
326,4977267,7246.0,10604.0,9720.0,1514476,4892671,1515817,4962573,AIBL,AVBL,AIB,AVB
327,4977267,7246.0,10604.0,9720.0,1514476,4892671,1513225,4842666,AIBL,RIBR,AIB,RIB
328,4977268,7108.0,9332.0,9720.0,1514476,4892657,1515817,4962573,AIBL,AVBL,AIB,AVB
329,4977268,7108.0,9332.0,9720.0,1514476,4892657,1513201,4841679,AIBL,RIMR,AIB,RIM
330,4977268,7108.0,9332.0,9720.0,1514476,4892657,1513225,4842672,AIBL,RIBR,AIB,RIB
331,4977276,7195.0,6596.0,9750.0,1514476,4892604,1513225,4842697,AIBL,RIBR,AIB,RIB
332,4977276,7195.0,6596.0,9750.0,1514476,4892604,1513959,4867258,AIBL,AVER,AIB,AVE
333,5049080,13016.0,13446.0,7560.0,1514476,4892764,1515238,4933350,AIBL,RIML,AIB,RIM
334,5049080,13016.0,13446.0,7560.0,1514476,4892764,1513225,4842618,AIBL,RIBR,AIB,RIB
335,4977269,7076.0,8968.0,9840.0,1514476,4892653,1513201,4841675,AIBL,RIMR,AIB,RIM
336,4977269,7076.0,8968.0,9840.0,1514476,4892653,1513225,4842676,AIBL,RIBR,AIB,RIB
337,4977296,6948.0,10759.0,9720.0,1514476,4892671,1513201,4841679,AIBL,RIMR,AIB,RIM
338,4977296,6948.0,10759.0,9720.0,1514476,4892671,1513225,4842666,AIBL,RIBR,AIB,RIB
339,4977255,12450.0,13812.0,5790.0,1514476,4892819,1513201,4841537,AIBL,RIMR,AIB,RIM
340,4977255,12450.0,13812.0,5790.0,1514476,4892819,1514505,4893069,AIBL,SMDDR,AIB,SMDD
341,4977258,12502.0,13896.0,6600.0,1514476,4892793,1513201,4841560,AIBL,RIMR,AIB,RIM
342,4977258,12502.0,13896.0,6600.0,1514476,4892793,1514505,4893094,AIBL,SMDDR,AIB,SMDD
343,4977285,12416.0,13764.0,6870.0,1514476,4892784,1513201,4841569,AIBL,RIMR,AIB,RIM
344,4977285,12416.0,13764.0,6870.0,1514476,4892784,1514505,4893103,AIBL,SMDDR,AIB,SMDD
345,4977274,11094.0,5134.0,10740.0,1514476,4892570,1513201,4841754,AIBL,RIMR,AIB,RIM
346,4977274,11094.0,5134.0,10740.0,1514476,4892570,1515222,4931924,AIBL,SMDVR,AIB,SMDV
347,4977290,9729.0,5869.0,10560.0,1514476,4977289,1513201,4841748,AIBL,RIMR,AIB,RIM
348,4977290,9729.0,5869.0,10560.0,1514476,4977289,1515222,4931898,AIBL,SMDVR,AIB,SMDV
349,4977309,18168.0,10070.0,9240.0,1513068,4835628,1514783,4908517,AIBR,AVBR,AIB,AVB
350,4977309,18168.0,10070.0,9240.0,1513068,4835628,1515756,4959864,AIBR,RIBL,AIB,RIB
351,4977314,16970.0,6112.0,10470.0,1513068,4835577,1513618,4859502,AIBR,AVEL,AIB,AVE
352,4977314,16970.0,6112.0,10470.0,1513068,4835577,1515756,4959919,AIBR,RIBL,AIB,RIB
353,4977321,12722.0,4920.0,10170.0,1513068,4835517,1513225,4842889,AIBR,RIBR,AIB,RIB
354,4977321,12722.0,4920.0,10170.0,1513068,4835517,1515756,4960102,AIBR,RIBL,AIB,RIB
355,4977297,13466.0,14052.0,3960.0,1513068,4835891,1514783,4908683,AIBR,AVBR,AIB,AVB
356,4977297,13466.0,14052.0,3960.0,1513068,4835891,1515238,4933417,AIBR,RIML,AIB,RIM
357,4977311,18188.0,9886.0,9360.0,1513068,4835624,1515238,4933108,AIBR,RIML,AIB,RIM
358,4977311,18188.0,9886.0,9360.0,1513068,4835624,1515756,4959868,AIBR,RIBL,AIB,RIB
359,4977311,18188.0,9886.0,9360.0,1513068,4835624,1514783,4908513,AIBR,AVBR,AIB,AVB
360,4977312,17936.0,9650.0,9510.0,1513068,4835619,1515238,4933103,AIBR,RIML,AIB,RIM
361,4977312,17936.0,9650.0,9510.0,1513068,4835619,1514783,4908503,AIBR,AVBR,AIB,AVB
362,4977312,17936.0,9650.0,9510.0,1513068,4835619,1514866,4914713,AIBR,SMBDL,AIB,SMBD
363,4977306,16088.0,12006.0,8400.0,1513068,4835656,1514094,4872767,AIBR,SAADL,AIB,SAAD
364,4977306,16088.0,12006.0,8400.0,1513068,4835656,1515238,4933060,AIBR,RIML,AIB,RIM
365,4977315,17328.0,6672.0,10620.0,1513068,4835572,1512996,4832465,AIBR,SAADR,AIB,SAAD
366,4977315,17328.0,6672.0,10620.0,1513068,4835572,1515238,4933151,AIBR,RIML,AIB,RIM
367,4977318,14576.0,5180.0,11100.0,1513068,4835548,1515238,4933190,AIBR,RIML,AIB,RIM
368,4977318,14576.0,5180.0,11100.0,1513068,4835548,1515935,4969194,AIBR,SMDVL,AIB,SMDV
369,4977319,14120.0,5036.0,11100.0,1513068,4835548,1515238,4933190,AIBR,RIML,AIB,RIM
370,4977319,14120.0,5036.0,11100.0,1513068,4835548,1515935,4969194,AIBR,SMDVL,AIB,SMDV
371,4977320,13444.0,5076.0,11010.0,1513068,4835545,1515238,4933187,AIBR,RIML,AIB,RIM
372,4977320,13444.0,5076.0,11010.0,1513068,4835545,1515935,4969852,AIBR,SMDVL,AIB,SMDV
373,4977302,13570.0,13322.0,7440.0,1513068,4835729,1514284,4879877,AIBR,SMDDL,AIB,SMDD
374,4977302,13570.0,13322.0,7440.0,1513068,4835729,1513201,4841968,AIBR,RIMR,AIB,RIM
375,4977300,13618.0,13446.0,6030.0,1513068,4835785,1514284,4879833,AIBR,SMDDL,AIB,SMDD
376,4977300,13618.0,13446.0,6030.0,1513068,4835785,1515238,4932982,AIBR,RIML,AIB,RIM
377,4977301,14252.0,13162.0,7200.0,1513068,4835748,1514284,4879869,AIBR,SMDDL,AIB,SMDD
378,4977301,14252.0,13162.0,7200.0,1513068,4835748,1515238,4933021,AIBR,RIML,AIB,RIM
379,4977333,13920.0,13216.0,6840.0,1513068,4835759,1514284,4879858,AIBR,SMDDL,AIB,SMDD
380,4977333,13920.0,13216.0,6840.0,1513068,4835759,1515238,4933009,AIBR,RIML,AIB,RIM
381,4977299,13484.0,13430.0,5640.0,1513068,4835798,1514284,4880275,AIBR,SMDDL,AIB,SMDD
382,4977299,13484.0,13430.0,5640.0,1513068,4835798,1513992,4868682,AIBR,AIZL,AIB,AIZ
383,4977299,13484.0,13430.0,5640.0,1513068,4835798,1515238,4932971,AIBR,RIML,AIB,RIM
384,4977299,13484.0,13430.0,5640.0,1513068,4835798,1512870,4827115,AIBR,AVAR,AIB,AVA
385,4977346,16180.0,6760.0,9120.0,1515146,4928846,1514371,4884760,AIML,AVDL,AIM,AVD
386,4977346,16180.0,6760.0,9120.0,1515146,4928846,1514166,4875083,AIML,ALML,AIM,ALM
387,4977344,15490.0,15318.0,2430.0,1515146,4928557,1515172,4929689,AIML,AIAL,AIM,AIA
388,4977344,15490.0,15318.0,2430.0,1515146,4928557,1515087,4926195,AIML,ASGL,AIM,ASG
389,4977345,15270.0,15426.0,1770.0,1515146,4928535,1515172,4929667,AIML,AIAL,AIM,AIA
390,4977345,15270.0,15426.0,1770.0,1515146,4928535,1515087,4926174,AIML,ASGL,AIM,ASG
391,4977341,16898.0,10972.0,6390.0,1515146,4928700,1515158,4929295,AIML,ASKL,AIM,ASK
392,4977341,16898.0,10972.0,6390.0,1515146,4928700,1515172,4929997,AIML,AIAL,AIM,AIA
393,4977341,16898.0,10972.0,6390.0,1515146,4928700,1515087,4926332,AIML,ASGL,AIM,ASG
394,4977342,16058.0,13018.0,5550.0,1515146,4928660,1515158,4929259,AIML,ASKL,AIM,ASK
395,4977342,16058.0,13018.0,5550.0,1515146,4928660,1515172,4929789,AIML,AIAL,AIM,AIA
396,4977342,16058.0,13018.0,5550.0,1515146,4928660,1515087,4926297,AIML,ASGL,AIM,ASG
397,4977339,16246.0,8664.0,7620.0,1515146,4928751,1512380,4804656,AIML,CEPshVL,AIM,CEPshV
398,4977339,16246.0,8664.0,7620.0,1515146,4928751,1513618,4859410,AIML,AVEL,AIM,AVE
399,4977336,13564.0,5912.0,8820.0,1515146,4928818,1511972,4802316,AIML,AVFR,AIM,AVF
400,4977338,16986.0,7896.0,8220.0,1515146,4928771,1511972,4802284,AIML,AVFR,AIM,AVF
401,4977338,16986.0,7896.0,8220.0,1515146,4928771,1516008,4973718,AIML,AVFL,AIM,AVF
402,4977349,12242.0,6048.0,8640.0,1515146,4928836,1512374,4977350,AIML,CEPshDR,AIM,CEPshD
403,4977349,12242.0,6048.0,8640.0,1515146,4928836,1511972,4802472,AIML,AVFR,AIM,AVF
404,4977335,13496.0,6060.0,8730.0,1515146,4928821,1512383,4804657,AIML,CEPshDL,AIM,CEPshD
405,4977343,16174.0,13184.0,5370.0,1515146,4928654,1515993,4972595,AIML,ASIL,AIM,ASI
406,4977343,16174.0,13184.0,5370.0,1515146,4928654,1512377,4804655,AIML,CEPshVL,AIM,CEPshV
407,4977362,10080.0,14784.0,5940.0,1514839,4912981,1514916,4917195,AIMR,AIAR,AIM,AIA
408,4977362,10080.0,14784.0,5940.0,1514839,4912981,1513068,4835340,AIMR,AIBR,AIM,AIB
409,4977363,10686.0,15388.0,4950.0,1514839,4912948,1514916,4917162,AIMR,AIAR,AIM,AIA
410,4977363,10686.0,15388.0,4950.0,1514839,4912948,1514644,4900468,AIMR,ASGR,AIM,ASG
411,4977364,10794.0,15496.0,4710.0,1514839,4912940,1514644,4900461,AIMR,ASGR,AIM,ASG
412,4977364,10794.0,15496.0,4710.0,1514839,4912940,1514916,4917156,AIMR,AIAR,AIM,AIA
413,4977365,8112.0,7470.0,8760.0,1514839,4913091,1514157,4874840,AIMR,ALMR,AIM,ALM
414,4977365,8112.0,7470.0,8760.0,1514839,4913091,1512592,4814142,AIMR,URXR,AIM,URX
415,4977365,8112.0,7470.0,8760.0,1514839,4913091,1515128,4928172,AIMR,SIBDL,AIM,SIBD
416,4977359,9364.0,13540.0,6870.0,1514839,4913012,1515891,4967263,AIMR,ASKR,AIM,ASK
417,4977359,9364.0,13540.0,6870.0,1514839,4913012,1514916,4917226,AIMR,AIAR,AIM,AIA
418,4977361,9408.0,13700.0,6750.0,1514839,4913008,1515891,4967260,AIMR,ASKR,AIM,ASK
419,4977361,9408.0,13700.0,6750.0,1514839,4913008,1514916,4917222,AIMR,AIAR,AIM,AIA
420,4977358,8454.0,11916.0,7320.0,1514839,4913028,1514644,4900554,AIMR,ASGR,AIM,ASG
421,4977358,8454.0,11916.0,7320.0,1514839,4913028,1514916,4917256,AIMR,AIAR,AIM,AIA
422,4977358,8454.0,11916.0,7320.0,1514839,4913028,1515891,4967396,AIMR,ASKR,AIM,ASK
423,4977366,9861.0,6175.0,8670.0,1514839,4913106,1511972,4802325,AIMR,AVFR,AIM,AVF
424,4977366,9861.0,6175.0,8670.0,1514839,4913106,1516008,4973781,AIMR,AVFL,AIM,AVF
425,4977353,11408.0,6102.0,8460.0,1514839,4913124,1512371,4804653,AIMR,CEPshDR,AIM,CEPshD
426,4977354,11480.0,6242.0,8520.0,1514839,4913119,1512368,4804652,AIMR,CEPshDR,AIM,CEPshD
427,4977356,11588.0,6194.0,8550.0,1514839,4913118,1512365,4804651,AIMR,CEPshDR,AIM,CEPshD
428,4977357,8274.0,7216.0,8400.0,1514839,4913079,1514157,4874853,AIMR,ALMR,AIM,ALM
429,4977357,8274.0,7216.0,8400.0,1514839,4913079,1512362,4804650,AIMR,CEPshDR,AIM,CEPshD
430,4977357,8274.0,7216.0,8400.0,1514839,4913079,1513511,4854653,AIMR,AVDR,AIM,AVD
431,5049086,7943.0,7526.0,8400.0,1514839,4913079,1515128,4928184,AIMR,SIBDL,AIM,SIBD
432,5049086,7943.0,7526.0,8400.0,1514839,4913079,1514284,4880230,AIMR,SMDDL,AIM,SMDD
433,4977375,6634.0,10584.0,8880.0,1514932,4917645,1512821,4824085,AINL,AUAR,AIN,AUA
434,4977375,6634.0,10584.0,8880.0,1514932,4917645,1514728,4905681,AINL,AFDR,AIN,AFD
435,4977376,8670.0,12864.0,8610.0,1514932,4917596,1514728,4905672,AINL,AFDR,AIN,AFD
436,4977376,8670.0,12864.0,8610.0,1514932,4917596,1512821,4824074,AINL,AUAR,AIN,AUA
437,4977378,9050.0,13256.0,8460.0,1514932,4917591,1512821,4824069,AINL,AUAR,AIN,AUA
438,4977378,9050.0,13256.0,8460.0,1514932,4917591,1514728,4905667,AINL,AFDR,AIN,AFD
439,4977372,9618.0,4804.0,9600.0,1514932,4917726,1513015,4833002,AINL,BAGL,AIN,BAG
440,4977372,9618.0,4804.0,9600.0,1514932,4917726,1512952,4830588,AINL,BAGR,AIN,BAG
441,4977379,9792.0,13930.0,8100.0,1514932,4917579,1512356,4804648,AINL,CEPshVR,AIN,CEPshV
442,4977379,9792.0,13930.0,8100.0,1514932,4917579,1514042,4871201,AINL,CEPVR,AIN,CEPV
443,4977374,6890.0,6846.0,8760.0,1514932,4917684,1512821,4824123,AINL,AUAR,AIN,AUA
444,4977374,6890.0,6846.0,8760.0,1514932,4917684,1513437,4851291,AINL,IL2R,AIN,IL2L/R
445,4977374,6890.0,6846.0,8760.0,1514932,4917684,1512359,4804649,AINL,CEPshDR,AIN,CEPshD
446,4977386,14055.0,4397.0,9960.0,1514932,4917743,1518763,4977387,AINL,CEPshDR,AIN,CEPshD
447,4977386,14055.0,4397.0,9960.0,1514932,4917743,1515690,4953690,AINL,RID,AIN,RID
448,4977371,12030.0,4470.0,9840.0,1514932,4917739,1515008,4921065,AINL,AUAL,AIN,AUA
449,4977371,12030.0,4470.0,9840.0,1514932,4917739,1513225,4842871,AINL,RIBR,AIN,RIB
450,4977380,6786.0,10764.0,9510.0,1514932,4917641,1513015,4833136,AINL,BAGL,AIN,BAG
451,4977380,6786.0,10764.0,9510.0,1514932,4917641,1513225,4842659,AINL,RIBR,AIN,RIB
452,4977384,6622.0,10464.0,9330.0,1514932,4917635,1513201,4841692,AINL,RIMR,AIN,RIM
453,4977384,6622.0,10464.0,9330.0,1514932,4917635,1513225,4842653,AINL,RIBR,AIN,RIB
454,4977401,12288.0,3900.0,9630.0,1514944,4918137,1514728,4905752,AINR,AFDR,AIN,AFD
455,4977401,12288.0,3900.0,9630.0,1514944,4918137,1514404,4887399,AINR,AFDL,AIN,AFD
456,4977395,17582.0,11744.0,7800.0,1514944,4918037,1514404,4887323,AINR,AFDL,AIN,AFD
457,4977395,17582.0,11744.0,7800.0,1514944,4918037,1515008,4920944,AINR,AUAL,AIN,AUA
458,4977408,18677.0,10118.0,8340.0,1514944,4918267,1514404,4887340,AINR,AFDL,AIN,AFD
459,4977408,18677.0,10118.0,8340.0,1514944,4918267,1515008,4920978,AINR,AUAL,AIN,AUA
460,4977396,17954.0,11588.0,7740.0,1514944,4918035,1512952,4830762,AINR,BAGR,AIN,BAG
461,4977396,17954.0,11588.0,7740.0,1514944,4918035,1514404,4887321,AINR,AFDL,AIN,AFD
462,4977409,18746.0,10576.0,8010.0,1514944,4918043,1514404,4887331,AINR,AFDL,AIN,AFD
463,4977409,18746.0,10576.0,8010.0,1514944,4918043,1518893,4977410,AINR,CEPshVR,AIN,CEPshV
464,4977409,18746.0,10576.0,8010.0,1514944,4918043,1512952,4830753,AINR,BAGR,AIN,BAG
465,4977391,13588.0,4188.0,9510.0,1514944,4918119,1514404,4887395,AINR,AFDL,AIN,AFD
466,4977391,13588.0,4188.0,9510.0,1514944,4918119,1518788,4977392,AINR,CEPshDR,AIN,CEPshD
467,4977393,18822.0,9046.0,8280.0,1514944,4918059,1515008,4920976,AINR,AUAL,AIN,AUA
468,4977393,18822.0,9046.0,8280.0,1514944,4918059,1512353,4804647,AINR,CEPshVL,AIN,CEPshV
469,4977399,15226.0,14940.0,5580.0,1514944,4917963,1515756,4959727,AINR,RIBL,AIN,RIB
470,4977399,15226.0,14940.0,5580.0,1514944,4917963,1512347,4804645,AINR,CEPshVL,AIN,CEPshV
471,4977400,18734.0,10050.0,9210.0,1514944,4918295,1515756,4959863,AINR,RIBL,AIN,RIB
472,4977413,15462.0,13908.0,5850.0,1514960,4918747,1513992,4868710,AIYL,AIZL,AIY,AIZ
473,4977423,15116.0,5130.0,9750.0,1514960,4918940,1513992,4869014,AIYL,AIZL,AIY,AIZ
474,4977425,17994.0,10526.0,7440.0,1514960,4918817,1513992,4868905,AIYL,AIZL,AIY,AIZ
475,4977411,17932.0,9786.0,7830.0,1514960,4918839,1515117,4927490,AIYL,AWAL,AIY,AWA
476,4977411,17932.0,9786.0,7830.0,1514960,4918839,1513992,4869109,AIYL,AIZL,AIY,AIZ
477,4977412,17462.0,11106.0,7590.0,1514960,4918811,1515117,4927401,AIYL,AWAL,AIY,AWA
478,4977412,17462.0,11106.0,7590.0,1514960,4918811,1513992,4868874,AIYL,AIZL,AIY,AIZ
479,4977421,15620.0,5394.0,9750.0,1514960,4918940,1512952,4830652,AIYL,BAGR,AIY,BAG
480,4977421,15620.0,5394.0,9750.0,1514960,4918940,1513992,4869014,AIYL,AIZL,AIY,AIZ
481,4977419,13704.0,15962.0,2520.0,1514960,4918607,1513992,4869133,AIYL,AIZL,AIY,AIZ
482,4977419,13704.0,15962.0,2520.0,1514960,4918607,1515912,4968465,AIYL,RIAL,AIY,RIA
483,4977420,14066.0,16008.0,2460.0,1514960,4918605,1515912,4968467,AIYL,RIAL,AIY,RIA
484,4977420,14066.0,16008.0,2460.0,1514960,4918605,1513992,4868546,AIYL,AIZL,AIY,AIZ
485,4977426,14294.0,15542.0,5100.0,1514960,4918691,1515912,4967830,AIYL,RIAL,AIY,RIA
486,4977426,14294.0,15542.0,5100.0,1514960,4918691,1513992,4868651,AIYL,AIZL,AIY,AIZ
487,4977414,14478.0,15390.0,4740.0,1514960,4918680,1513992,4868617,AIYL,AIZL,AIY,AIZ
488,4977414,14478.0,15390.0,4740.0,1514960,4918680,1515756,4959700,AIYL,RIBL,AIY,RIB
489,4977414,14478.0,15390.0,4740.0,1514960,4918680,1515912,4967846,AIYL,RIAL,AIY,RIA
490,4977418,14176.0,16153.0,3120.0,1514960,4918627,1515912,4967904,AIYL,RIAL,AIY,RIA
491,4977418,14176.0,16153.0,3120.0,1514960,4918627,1515756,4959648,AIYL,RIBL,AIY,RIB
492,4977418,14176.0,16153.0,3120.0,1514960,4918627,1513992,4868567,AIYL,AIZL,AIY,AIZ
493,4977417,14334.0,15604.0,3480.0,1514960,4918639,1515756,4959659,AIYL,RIBL,AIY,RIB
494,4977417,14334.0,15604.0,3480.0,1514960,4918639,1513992,4868578,AIYL,AIZL,AIY,AIZ
495,4977438,7216.0,10764.0,8340.0,1512976,4831482,1514893,4916711,AIYR,AIZR,AIY,AIZ
496,4977442,6748.0,9196.0,8160.0,1512976,4831494,1514893,4916717,AIYR,AIZR,AIY,AIZ
497,4977443,7752.0,11710.0,8490.0,1512976,4831487,1514893,4916697,AIYR,AIZR,AIY,AIZ
498,4977449,10410.0,14170.0,7410.0,1512976,4831553,1514728,4905634,AIYR,AFDR,AIY,AFD
499,4977449,10410.0,14170.0,7410.0,1512976,4831553,1514893,4916870,AIYR,AIZR,AIY,AIZ
500,4977431,13276.0,16072.0,3240.0,1512976,4831691,1515912,4967900,AIYR,RIAL,AIY,RIA
501,4977431,13276.0,16072.0,3240.0,1512976,4831691,1513587,4858476,AIYR,RIAR,AIY,RIA
502,4977431,13276.0,16072.0,3240.0,1512976,4831691,1514893,4916896,AIYR,AIZR,AIY,AIZ
503,4977433,13100.0,16114.0,3450.0,1512976,4831684,1513587,4858469,AIYR,RIAR,AIY,RIA
504,4977433,13100.0,16114.0,3450.0,1512976,4831684,1514893,4916469,AIYR,AIZR,AIY,AIZ
505,4977433,13100.0,16114.0,3450.0,1512976,4831684,1513225,4842248,AIYR,RIBR,AIY,RIB
506,4977437,13014.0,15838.0,4710.0,1512976,4831645,1514893,4916509,AIYR,AIZR,AIY,AIZ
507,4977437,13014.0,15838.0,4710.0,1512976,4831645,1513225,4842289,AIYR,RIBR,AIY,RIB
508,4977437,13014.0,15838.0,4710.0,1512976,4831645,1513587,4858434,AIYR,RIAR,AIY,RIA
509,4977445,8690.0,5952.0,9330.0,1512976,4831445,1513225,4842908,AIYR,RIBR,AIY,RIB
510,4977445,8690.0,5952.0,9330.0,1512976,4831445,1514893,4916781,AIYR,AIZR,AIY,AIZ
511,4977436,12748.0,16202.0,4200.0,1512976,4831660,1514893,4916494,AIYR,AIZR,AIY,AIZ
512,4977436,12748.0,16202.0,4200.0,1512976,4831660,1514222,4877322,AIYR,AWBR,AIY,AWB
513,4977436,12748.0,16202.0,4200.0,1512976,4831660,1513225,4842273,AIYR,RIBR,AIY,RIB
514,4977440,7416.0,6680.0,9210.0,1512976,4831450,1512952,4830564,AIYR,BAGR,AIY,BAG
515,4977440,7416.0,6680.0,9210.0,1512976,4831450,1513015,4833017,AIYR,BAGL,AIY,BAG
516,4977430,13484.0,16142.0,3090.0,1512976,4831696,1514893,4916900,AIYR,AIZR,AIY,AIZ
517,4977430,13484.0,16142.0,3090.0,1512976,4831696,1513992,4868566,AIYR,AIZL,AIY,AIZ
518,4977430,13484.0,16142.0,3090.0,1512976,4831696,1515912,4967905,AIYR,RIAL,AIY,RIA
519,4977441,7408.0,6428.0,9210.0,1512976,4831450,1513225,4842918,AIYR,RIBR,AIY,RIB
520,5030207,17605.0,9123.0,7560.0,1513992,4869118,1515172,5030208,AIZL,AIAL,AIZ,AIA
521,5030179,17806.0,10722.0,7320.0,1513992,4868909,1515172,4929852,AIZL,AIAL,AIZ,AIA
522,5030179,17806.0,10722.0,7320.0,1513992,4868909,1514476,4892942,AIZL,AIBL,AIZ,AIB
523,5030151,17814.0,9440.0,7440.0,1513992,4869121,1515096,4926721,AIZL,ASEL,AIZ,ASE
524,5030151,17814.0,9440.0,7440.0,1513992,4869121,1515172,4929874,AIZL,AIAL,AIZ,AIA
525,5030202,17910.0,9014.0,7710.0,1513992,4869113,1515172,4929889,AIZL,AIAL,AIZ,AIA
526,5030202,17910.0,9014.0,7710.0,1513992,4869113,1514695,4903493,AIZL,AWCR,AIZ,AWC
527,5030198,13136.0,4988.0,10380.0,1513992,4869046,1513068,4835524,AIZL,AIBR,AIZ,AIB
528,5030198,13136.0,4988.0,10380.0,1513992,4869046,1513618,4860697,AIZL,AVEL,AIZ,AVE
529,5030184,13654.0,13902.0,5160.0,1513992,4868659,1513068,4835851,AIZL,AIBR,AIZ,AIB
530,5030184,13654.0,13902.0,5160.0,1513992,4868659,1513959,4866415,AIZL,AVER,AIZ,AVE
531,5030212,14057.0,13406.0,6570.0,1513992,4868735,1513068,4835767,AIZL,AIBR,AIZ,AIB
532,5030212,14057.0,13406.0,6570.0,1513992,4868735,1513959,4866370,AIZL,AVER,AIZ,AVE
533,5030154,15316.0,13900.0,6150.0,1513992,4868700,1515259,4933807,AIZL,ADFL,AIZ,ADF
534,5030154,15316.0,13900.0,6150.0,1513992,4868700,1515912,4967795,AIZL,RIAL,AIZ,RIA
535,5030154,15316.0,13900.0,6150.0,1513992,4868700,1515008,4920891,AIZL,AUAL,AIZ,AUA
536,5030162,14048.0,15328.0,4380.0,1513992,4868605,1515912,4967857,AIZL,RIAL,AIZ,RIA
537,5030165,13572.0,15622.0,3480.0,1513992,4868578,1515912,4967892,AIZL,RIAL,AIZ,RIA
538,5030156,14078.0,14264.0,5400.0,1513992,4868674,1515190,4930332,AIZL,SMBVL,AIZ,SMBV
539,5030156,14078.0,14264.0,5400.0,1513992,4868674,1514866,4914581,AIZL,SMBDL,AIZ,SMBD
540,5030156,14078.0,14264.0,5400.0,1513992,4868674,1515912,4967820,AIZL,RIAL,AIZ,RIA
541,5030172,13828.0,15630.0,2610.0,1513992,4869130,1514866,4914487,AIZL,SMBDL,AIZ,SMBD
542,5030172,13828.0,15630.0,2610.0,1513992,4869130,1515912,4967925,AIZL,RIAL,AIZ,RIA
543,5030172,13828.0,15630.0,2610.0,1513992,4869130,1515190,4930159,AIZL,SMBVL,AIZ,SMBV
544,5030163,13536.0,15442.0,3780.0,1513992,4868587,1515912,4967882,AIZL,RIAL,AIZ,RIA
545,5030163,13536.0,15442.0,3780.0,1513992,4868587,1514893,4916480,AIZL,AIZR,AIZ,AIZ
546,5030163,13536.0,15442.0,3780.0,1513992,4868587,1514383,4885724,AIZL,SMBDR,AIZ,SMBD
547,5030163,13536.0,15442.0,3780.0,1513992,4868587,1515190,4930215,AIZL,SMBVL,AIZ,SMBV
548,5030163,13536.0,15442.0,3780.0,1513992,4868587,1514866,4915024,AIZL,SMBDL,AIZ,SMBD
549,5030159,13962.0,15110.0,4860.0,1513992,4868644,1515190,4930299,AIZL,SMBVL,AIZ,SMBV
550,5030159,13962.0,15110.0,4860.0,1513992,4868644,1515912,4967838,AIZL,RIAL,AIZ,RIA
551,5030145,14156.0,5082.0,10980.0,1513992,4869101,1515238,4933186,AIZL,RIML,AIZ,RIM
552,5030146,14360.0,5106.0,10980.0,1513992,4869101,1513068,4835544,AIZL,AIBR,AIZ,AIB
553,5030146,14360.0,5106.0,10980.0,1513992,4869101,1515238,4933186,AIZL,RIML,AIZ,RIM
554,5030136,13172.0,5050.0,10530.0,1513992,4869086,1513068,4835529,AIZL,AIBR,AIZ,AIB
555,5030136,13172.0,5050.0,10530.0,1513992,4869086,1515238,4933169,AIZL,RIML,AIZ,RIM
556,5030138,13400.0,4974.0,10740.0,1513992,4869093,1513068,4835536,AIZL,AIBR,AIZ,AIB
557,5030138,13400.0,4974.0,10740.0,1513992,4869093,1515238,4933162,AIZL,RIML,AIZ,RIM
558,5030144,13952.0,5026.0,10980.0,1513992,4869101,1515238,4933186,AIZL,RIML,AIZ,RIM
559,5030144,13952.0,5026.0,10980.0,1513992,4869101,1513068,4835544,AIZL,AIBR,AIZ,AIB
560,5030147,14576.0,5138.0,10980.0,1513992,4869101,1513068,4835553,AIZL,AIBR,AIZ,AIB
561,5030147,14576.0,5138.0,10980.0,1513992,4869101,1515238,4933186,AIZL,RIML,AIZ,RIM
562,5030148,14868.0,5250.0,10980.0,1513992,4869101,1513068,4835553,AIZL,AIBR,AIZ,AIB
563,5030148,14868.0,5250.0,10980.0,1513992,4869101,1515238,4933186,AIZL,RIML,AIZ,RIM
564,5030174,14662.0,12962.0,7290.0,1513992,4868759,1513068,4835745,AIZL,AIBR,AIZ,AIB
565,5030174,14662.0,12962.0,7290.0,1513992,4868759,1515238,4933024,AIZL,RIML,AIZ,RIM
566,5030175,14038.0,13342.0,6600.0,1513992,4868736,1513068,4835766,AIZL,AIBR,AIZ,AIB
567,5030175,14038.0,13342.0,6600.0,1513992,4868736,1515238,4933001,AIZL,RIML,AIZ,RIM
568,5030199,14300.0,13208.0,6990.0,1513992,4868749,1513068,4835755,AIZL,AIBR,AIZ,AIB
569,5030199,14300.0,13208.0,6990.0,1513992,4868749,1515238,4933014,AIZL,RIML,AIZ,RIM
570,5030200,14992.0,5348.0,10920.0,1513992,4869099,1515238,4933184,AIZL,RIML,AIZ,RIM
571,5030200,14992.0,5348.0,10920.0,1513992,4869099,1513068,4835555,AIZL,AIBR,AIZ,AIB
572,5030153,13998.0,13502.0,6300.0,1513992,4868726,1515238,4932991,AIZL,RIML,AIZ,RIM
573,5030153,13998.0,13502.0,6300.0,1513992,4868726,1513959,4866379,AIZL,AVER,AIZ,AVE
574,5030153,13998.0,13502.0,6300.0,1513992,4868726,1513068,4835776,AIZL,AIBR,AIZ,AIB
575,5030210,13980.0,13547.0,6030.0,1513992,4868695,1513959,4866388,AIZL,AVER,AIZ,AVE
576,5030210,13980.0,13547.0,6030.0,1513992,4868695,1513068,4835785,AIZL,AIBR,AIZ,AIB
577,5030210,13980.0,13547.0,6030.0,1513992,4868695,1515238,4932982,AIZL,RIML,AIZ,RIM
578,5030167,13666.0,15600.0,3210.0,1513992,4868570,1515190,4930196,AIZL,SMBVL,AIZ,SMBV
579,5030167,13666.0,15600.0,3210.0,1513992,4868570,1514866,4915043,AIZL,SMBDL,AIZ,SMBD
580,5030170,13620.0,15618.0,2580.0,1513992,4869131,1515190,4930168,AIZL,SMBVL,AIZ,SMBV
581,5030170,13620.0,15618.0,2580.0,1513992,4869131,1514866,4914486,AIZL,SMBDL,AIZ,SMBD
582,5030157,13926.0,14620.0,5400.0,1513992,4868674,1515190,4930317,AIZL,SMBVL,AIZ,SMBV
583,5030160,13578.0,15308.0,4710.0,1513992,4868616,1513587,4858434,AIZL,RIAR,AIZ,RIA
584,5030160,13578.0,15308.0,4710.0,1513992,4868616,1514383,4885773,AIZL,SMBDR,AIZ,SMBD
585,5030160,13578.0,15308.0,4710.0,1513992,4868616,1515190,4930246,AIZL,SMBVL,AIZ,SMBV
586,5030294,10734.0,5344.0,10530.0,1514893,4916821,1514476,4892564,AIZR,AIBL,AIZ,AIB
587,5030297,10290.0,5724.0,10380.0,1514893,4916816,1514476,4892581,AIZR,AIBL,AIZ,AIB
588,5030297,10290.0,5724.0,10380.0,1514893,4916816,1515674,4950691,AIZR,AVAL,AIZ,AVA
589,5030255,11796.0,13686.0,7380.0,1514893,4916620,1514476,4892756,AIZR,AIBL,AIZ,AIB
590,5030255,11796.0,13686.0,7380.0,1514893,4916620,1513201,4841582,AIZR,RIMR,AIZ,RIM
591,5030257,11960.0,13718.0,7290.0,1514893,4916617,1513201,4841580,AIZR,RIMR,AIZ,RIM
592,5030257,11960.0,13718.0,7290.0,1514893,4916617,1514476,4892770,AIZR,AIBL,AIZ,AIB
593,5030291,10934.0,5268.0,10560.0,1514893,4916822,1513201,4841748,AIZR,RIMR,AIZ,RIM
594,5030291,10934.0,5268.0,10560.0,1514893,4916822,1514476,4892565,AIZR,AIBL,AIZ,AIB
595,5030292,10806.0,5316.0,10560.0,1514893,4916822,1514476,4892565,AIZR,AIBL,AIZ,AIB
596,5030292,10806.0,5316.0,10560.0,1514893,4916822,1513201,4841748,AIZR,RIMR,AIZ,RIM
597,5030295,10062.0,5304.0,10470.0,1514893,4916819,1513201,4841740,AIZR,RIMR,AIZ,RIM
598,5030295,10062.0,5304.0,10470.0,1514893,4916819,1514476,4892577,AIZR,AIBL,AIZ,AIB
599,5030296,9406.0,5828.0,10350.0,1514893,4916815,1513201,4841736,AIZR,RIMR,AIZ,RIM
600,5030296,9406.0,5828.0,10350.0,1514893,4916815,1514476,4892582,AIZR,AIBL,AIZ,AIB
601,5030252,7134.0,9730.0,7950.0,1514893,4916726,1514655,4900999,AIZR,ASER,AIZ,ASE
602,5030252,7134.0,9730.0,7950.0,1514893,4916726,1513068,4835931,AIZR,AIBR,AIZ,AIB
603,5030252,7134.0,9730.0,7950.0,1514893,4916726,1514916,4917288,AIZR,AIAR,AIZ,AIA
604,5030251,7186.0,10374.0,7920.0,1514893,4916727,1514655,4900988,AIZR,ASER,AIZ,ASE
605,5030251,7186.0,10374.0,7920.0,1514893,4916727,1514916,4917287,AIZR,AIAR,AIZ,AIA
606,5030251,7186.0,10374.0,7920.0,1514893,4916727,1513068,4835425,AIZR,AIBR,AIZ,AIB
607,5030254,11652.0,13682.0,7620.0,1514893,4916659,1514476,4892744,AIZR,AIBL,AIZ,AIB
608,5030254,11652.0,13682.0,7620.0,1514893,4916659,1513618,4859781,AIZR,AVEL,AIZ,AVE
609,5030256,11984.0,13774.0,7350.0,1514893,4916619,1513618,4859789,AIZR,AVEL,AIZ,AVE
610,5030256,11984.0,13774.0,7350.0,1514893,4916619,1514476,4892757,AIZR,AIBL,AIZ,AIB
611,5030305,12368.0,13948.0,6480.0,1514893,4916591,1513201,4841558,AIZR,RIMR,AIZ,RIM
612,5030305,12368.0,13948.0,6480.0,1514893,4916591,1514476,4892797,AIZR,AIBL,AIZ,AIB
613,5030305,12368.0,13948.0,6480.0,1514893,4916591,1513618,4859817,AIZR,AVEL,AIZ,AVE
614,5030275,13342.0,15448.0,4050.0,1514893,4916489,1515190,4930224,AIZR,SMBVL,AIZ,SMBV
615,5030275,13342.0,15448.0,4050.0,1514893,4916489,1515912,4967874,AIZR,RIAL,AIZ,RIA
616,5030279,13284.0,15682.0,3600.0,1514893,4916885,1513587,4858464,AIZR,RIAR,AIZ,RIA
617,5030265,12722.0,15320.0,5580.0,1514893,4916538,1513587,4858405,AIZR,RIAR,AIZ,RIA
618,5030265,12722.0,15320.0,5580.0,1514893,4916538,1512976,4831620,AIZR,AIYR,AIZ,AIY
619,5030265,12722.0,15320.0,5580.0,1514893,4916538,1513225,4842317,AIZR,RIBR,AIZ,RIB
620,5030258,12020.0,14294.0,6420.0,1514893,4916589,1514520,4893916,AIZR,SMBVR,AIZ,SMBV
621,5030258,12020.0,14294.0,6420.0,1514893,4916589,1514383,4885863,AIZR,SMBDR,AIZ,SMBD
622,5030258,12020.0,14294.0,6420.0,1514893,4916589,1513587,4858377,AIZR,RIAR,AIZ,RIA
623,5030280,13000.0,15510.0,3600.0,1514893,4916885,1514520,4893780,AIZR,SMBVR,AIZ,SMBV
624,5030280,13000.0,15510.0,3600.0,1514893,4916885,1514383,4885718,AIZR,SMBDR,AIZ,SMBD
625,5030280,13000.0,15510.0,3600.0,1514893,4916885,1513587,4858464,AIZR,RIAR,AIZ,RIA
626,5030259,12388.0,14452.0,6210.0,1514893,4916582,1514520,4893909,AIZR,SMBVR,AIZ,SMBV
627,5030259,12388.0,14452.0,6210.0,1514893,4916582,1513587,4858384,AIZR,RIAR,AIZ,RIA
628,5030285,12768.0,15898.0,3570.0,1514893,4916473,1513587,4858465,AIZR,RIAR,AIZ,RIA
629,5030285,12768.0,15898.0,3570.0,1514893,4916473,1514520,4893779,AIZR,SMBVR,AIZ,SMBV
630,5030260,12812.0,14650.0,5640.0,1514893,4916551,1514383,4885837,AIZR,SMBDR,AIZ,SMBD
631,5030260,12812.0,14650.0,5640.0,1514893,4916551,1514520,4893891,AIZR,SMBVR,AIZ,SMBV
632,5030264,12916.0,14690.0,5580.0,1514893,4916540,1514383,4885835,AIZR,SMBDR,AIZ,SMBD
633,5030264,12916.0,14690.0,5580.0,1514893,4916540,1514520,4893842,AIZR,SMBVR,AIZ,SMBV
634,5030266,12910.0,15206.0,5340.0,1514893,4916530,1514383,4885814,AIZR,SMBDR,AIZ,SMBD
635,5030266,12910.0,15206.0,5340.0,1514893,4916530,1514520,4893870,AIZR,SMBVR,AIZ,SMBV
636,5030271,12825.0,15233.0,4740.0,1514893,4916510,1514520,4893816,AIZR,SMBVR,AIZ,SMBV
637,5030271,12825.0,15233.0,4740.0,1514893,4916510,1514383,4885793,AIZR,SMBDR,AIZ,SMBD
638,5030277,12926.0,15576.0,3780.0,1514893,4916480,1514383,4885724,AIZR,SMBDR,AIZ,SMBD
639,5030277,12926.0,15576.0,3780.0,1514893,4916480,1514520,4893785,AIZR,SMBVR,AIZ,SMBV
640,5030306,8210.0,8954.0,7800.0,1513912,4864299,1522480,5030307,ALA,CEPshVR,ALA,CEPshV
641,5030306,8210.0,8954.0,7800.0,1513912,4864299,1514611,4899038,ALA,ASJR,ALA,ASJ
642,5030313,16328.0,8364.0,6900.0,1513912,4864489,1513618,4859387,ALA,AVEL,ALA,AVE
643,5030314,16252.0,7996.0,7410.0,1513912,4864472,1513618,4859403,ALA,AVEL,ALA,AVE
644,5030314,16252.0,7996.0,7410.0,1513912,4864472,1512420,4804680,ALA,CEPshDL,ALA,CEPshD
645,5030308,8298.0,9078.0,7680.0,1513912,4864295,1513959,4865955,ALA,AVER,ALA,AVE
646,5030308,8298.0,9078.0,7680.0,1513912,4864295,1512426,4804682,ALA,CEPshVR,ALA,CEPshV
647,5030315,8206.0,9246.0,7470.0,1513912,4864307,1513959,4865948,ALA,AVER,ALA,AVE
648,5030315,8206.0,9246.0,7470.0,1513912,4864307,1512417,4804679,ALA,CEPshVR,ALA,CEPshV
649,5030322,16048.0,7156.0,8940.0,1514166,4875077,1514362,4884351,ALML,BDUL,ALM,BDU
650,5030322,16048.0,7156.0,8940.0,1514166,4875077,1515146,4928842,ALML,AIML,ALM,AIM
651,5030329,15314.0,11872.0,6270.0,1514166,4874979,1515817,5030330,ALML,AVBL,ALM,AVB
652,5030329,15314.0,11872.0,6270.0,1514166,4874979,1514362,4884263,ALML,BDUL,ALM,BDU
653,5030325,15930.0,9680.0,7890.0,1514166,4875030,1514362,4884316,ALML,BDUL,ALM,BDU
654,5030325,15930.0,9680.0,7890.0,1514166,4875030,1513558,4856669,ALML,SDQL,ALM,SDQ
655,5030318,15690.0,6948.0,9420.0,1514166,4875093,1513286,4843960,ALML,CEPDL,ALM,CEPD
656,5030319,15954.0,7236.0,9390.0,1514166,4875092,1513286,4843959,ALML,CEPDL,ALM,CEPD
657,5030321,16050.0,7280.0,9240.0,1514166,4875087,1513286,4844190,ALML,CEPDL,ALM,CEPD
658,5030337,16252.0,8862.0,8520.0,1514166,4875050,1513468,4852266,ALML,PVR,ALM,PVR
659,5030337,16252.0,8862.0,8520.0,1514166,4875050,1513922,5030336,ALML,CEPVL,ALM,CEPV
660,5030326,15480.0,11352.0,7140.0,1514166,4875005,1513922,4864800,ALML,CEPVL,ALM,CEPV
661,5030326,15480.0,11352.0,7140.0,1514166,4875005,1515690,4952063,ALML,RID,ALM,RID
662,5030324,16456.0,8708.0,8250.0,1514166,4875041,1513618,4859428,ALML,AVEL,ALM,AVE
663,5030324,16456.0,8708.0,8250.0,1514166,4875041,1515605,4946946,ALML,IL2L,ALM,IL2L/R
664,5030324,16456.0,8708.0,8250.0,1514166,4875041,1513045,4834012,ALML,RMGL,ALM,RMG
665,5030371,8592.0,7356.0,9030.0,1514157,4874849,1512616,4814244,ALMR,CEPDR,ALM,CEPD
666,5030371,8592.0,7356.0,9030.0,1514157,4874849,1512459,4805870,ALMR,ADAR,ALM,ADA
667,5030369,10210.0,13150.0,5880.0,1514157,4874732,1513131,4837912,ALMR,BDUR,ALM,BDU
668,5030396,10250.0,13424.0,5730.0,1514157,4874727,1513131,4837908,ALMR,BDUR,ALM,BDU
669,5030400,8531.0,7824.0,8670.0,1514157,4874837,1513131,4838004,ALMR,BDUR,ALM,BDU
670,5030368,10134.0,13050.0,6150.0,1514157,4874741,1516008,4973877,ALMR,AVFL,ALM,AVF
671,5030368,10134.0,13050.0,6150.0,1514157,4874741,1513131,4837921,ALMR,BDUR,ALM,BDU
672,5030399,8508.0,7636.0,8610.0,1514157,4874835,1513131,4838002,ALMR,BDUR,ALM,BDU
673,5030399,8508.0,7636.0,8610.0,1514157,4874835,1514678,4902243,ALMR,RIFR,ALM,RIF
674,5030360,8864.0,9516.0,8250.0,1514157,4874812,1514461,4891862,ALMR,SDQR,ALM,SDQ
675,5030360,8864.0,9516.0,8250.0,1514157,4874812,1513131,4837990,ALMR,BDUR,ALM,BDU
676,5030386,8524.0,7628.0,8970.0,1514157,4874847,1512616,4814494,ALMR,CEPDR,ALM,CEPD
677,5030361,10012.0,12936.0,6690.0,1514157,4874759,1514042,5030363,ALMR,CEPVR,ALM,CEPV
678,5030388,8948.0,9856.0,8670.0,1514157,4874826,1514042,4871353,ALMR,CEPVR,ALM,CEPV
679,5030389,8760.0,9544.0,8670.0,1514157,4874826,1514042,4871353,ALMR,CEPVR,ALM,CEPV
680,5030364,10366.0,13178.0,6390.0,1514157,4874749,1514415,4888292,ALMR,PVCR,ALM,PVC
681,5030366,10438.0,13282.0,6150.0,1514157,4874741,1514415,4888285,ALMR,PVCR,ALM,PVC
682,5030407,18708.0,6740.0,7110.0,1513462,4851872,1515912,4967652,ALNL,RIAL,ALN,RIA
683,5030403,18539.0,6599.0,6990.0,1513462,4851876,1515629,5030405,ALNL,SAAVL,ALN,SAAV
684,5030403,18539.0,6599.0,6990.0,1513462,4851876,1514383,5030404,ALNL,SMBDR,ALN,SMBD
685,5030409,6896.0,7954.0,6660.0,1513541,4856350,1513099,4835956,ALNR,SAAVR,ALN,SAAV
686,5030409,6896.0,7954.0,6660.0,1513541,4856350,1514866,4914967,ALNR,SMBDL,ALN,SMBD
687,5030408,8048.0,7552.0,10410.0,1513541,4856450,1513099,4836569,ALNR,SAAVR,ALN,SAAV
688,5030408,8048.0,7552.0,10410.0,1513541,4856450,1515935,4969322,ALNR,SMDVL,ALN,SMDV
689,5049094,17916.0,8188.0,9450.0,1515391,4939017,1514783,4908497,AQR,AVBR,AQR,AVB
690,5049094,17916.0,8188.0,9450.0,1515391,4939017,1515674,4950583,AQR,AVAL,AQR,AVA
691,5030423,16864.0,10604.0,8370.0,1515391,4938945,1514882,4915210,AQR,PVCL,AQR,PVC
692,5030423,16864.0,10604.0,8370.0,1515391,4938945,1514783,4908546,AQR,AVBR,AQR,AVB
693,5030423,16864.0,10604.0,8370.0,1515391,4938945,1515674,4951747,AQR,AVAL,AQR,AVA
694,5030421,18172.0,8392.0,9210.0,1515391,4938984,1512952,4830677,AQR,BAGR,AQR,BAG
695,5030421,18172.0,8392.0,9210.0,1515391,4938984,1515674,4950575,AQR,AVAL,AQR,AVA
696,5030422,17910.0,9350.0,8940.0,1515391,4938975,1515054,4924397,AQR,PVPL,AQR,PVP
697,5030422,17910.0,9350.0,8940.0,1515391,4938975,1515674,4951724,AQR,AVAL,AQR,AVA
698,5030432,12714.0,14598.0,2760.0,1515391,4938756,1515674,4950963,AQR,AVAL,AQR,AVA
699,5030432,12714.0,14598.0,2760.0,1515391,4938756,1512870,4827213,AQR,AVAR,AQR,AVA
700,5030428,13328.0,14070.0,3720.0,1515391,4938788,1512870,4827184,AQR,AVAR,AQR,AVA
701,5030428,13328.0,14070.0,3720.0,1515391,4938788,1514783,4908691,AQR,AVBR,AQR,AVB
702,5030431,12838.0,14562.0,2760.0,1515391,4938756,1514882,4915349,AQR,PVCL,AQR,PVC
703,5030431,12838.0,14562.0,2760.0,1515391,4938756,1512870,4827213,AQR,AVAR,AQR,AVA
704,5030444,12984.0,14680.0,2460.0,1515391,4938746,1514882,4915359,AQR,PVCL,AQR,PVC
705,5030444,12984.0,14680.0,2460.0,1515391,4938746,1512870,4827223,AQR,AVAR,AQR,AVA
706,5030412,7404.0,9296.0,9270.0,1515391,4938591,1512870,4826830,AQR,AVAR,AQR,AVA
707,5030412,7404.0,9296.0,9270.0,1515391,4938591,1515817,4962556,AQR,AVBL,AQR,AVB
708,5030461,7620.0,9632.0,9540.0,1515391,4938579,1515817,4962569,AQR,AVBL,AQR,AVB
709,5030461,7620.0,9632.0,9540.0,1515391,4938579,1512870,4826839,AQR,AVAR,AQR,AVA
710,5049092,7426.0,9464.0,9450.0,1515391,4938576,1515817,4962562,AQR,AVBL,AQR,AVB
711,5049092,7426.0,9464.0,9450.0,1515391,4938576,1512870,4826836,AQR,AVAR,AQR,AVA
712,5030410,10414.0,6260.0,9930.0,1515391,4938646,1515817,4962514,AQR,AVBL,AQR,AVB
713,5030410,10414.0,6260.0,9930.0,1515391,4938646,1515817,4962519,AQR,AVBL,AQR,AVB
714,5030417,10944.0,13696.0,5880.0,1515391,4938461,1514371,4884544,AQR,AVDL,AQR,AVD
715,5030417,10944.0,13696.0,5880.0,1515391,4938461,1515817,4962705,AQR,AVBL,AQR,AVB
716,5030416,9748.0,12614.0,8100.0,1515391,4938530,1514415,4888346,AQR,PVCR,AQR,PVC
717,5030416,9748.0,12614.0,8100.0,1515391,4938530,1515817,4962633,AQR,AVBL,AQR,AVB
718,5049091,7288.0,8916.0,9090.0,1515391,4938597,1515817,4962550,AQR,AVBL,AQR,AVB
719,5049091,7288.0,8916.0,9090.0,1515391,4938597,1514415,4888383,AQR,PVCR,AQR,PVC
720,5030449,7728.0,10408.0,9540.0,1515391,4938579,1513225,4842660,AQR,RIBR,AQR,RIB
721,5030449,7728.0,10408.0,9540.0,1515391,4938579,1515817,4962569,AQR,AVBL,AQR,AVB
722,5030449,7728.0,10408.0,9540.0,1515391,4938579,1515554,4944449,AQR,RIGR,AQR,RIG
723,5030425,16300.0,11336.0,7890.0,1515391,4938930,1514783,4908561,AQR,AVBR,AQR,AVB
724,5030425,16300.0,11336.0,7890.0,1515391,4938930,1514882,4915194,AQR,PVCL,AQR,PVC
725,5049096,17948.0,9854.0,8640.0,1515391,4938961,1512952,4830727,AQR,BAGR,AQR,BAG
726,5049096,17948.0,9854.0,8640.0,1515391,4938961,1515912,4967709,AQR,RIAL,AQR,RIA
727,5049096,17948.0,9854.0,8640.0,1515391,4938961,1512791,4823478,AQR,RIGL,AQR,RIG
728,5030411,7244.0,9380.0,9030.0,1515391,4938599,1513015,4833046,AQR,BAGL,AQR,BAG
729,5030411,7244.0,9380.0,9030.0,1515391,4938599,1513587,4858270,AQR,RIAR,AQR,RIA
730,5030411,7244.0,9380.0,9030.0,1515391,4938599,1515794,4961827,AQR,RIR,AQR,RIR
731,5030493,6624.0,10522.0,8280.0,1515096,4926866,1512976,4831501,ASEL,AIYR,ASE,AIY
732,5030493,6624.0,10522.0,8280.0,1515096,4926866,1514728,4905697,ASEL,AFDR,ASE,AFD
733,5030501,10392.0,4530.0,9240.0,1515096,4926807,1512976,4831421,ASEL,AIYR,ASE,AIY
734,5030501,10392.0,4530.0,9240.0,1515096,4926807,1514728,4905740,ASEL,AFDR,ASE,AFD
735,5030504,16040.0,5938.0,8970.0,1515096,4926780,1515172,4929940,ASEL,AIAL,ASE,AIA
736,5030504,16040.0,5938.0,8970.0,1515096,4926780,1514476,4892479,ASEL,AIBL,ASE,AIB
737,5030505,17466.0,8342.0,7740.0,1515096,4926739,1513992,4869112,ASEL,AIZL,ASE,AIZ
738,5030505,17466.0,8342.0,7740.0,1515096,4926739,1515172,4929890,ASEL,AIAL,ASE,AIA
739,5030505,17466.0,8342.0,7740.0,1515096,4926739,1514476,4892438,ASEL,AIBL,ASE,AIB
740,5030492,6292.0,10226.0,8400.0,1515096,4926870,1514728,4905693,ASEL,AFDR,ASE,AFD
741,5030492,6292.0,10226.0,8400.0,1515096,4926870,1514932,4917661,ASEL,AINL,ASE,AIN
742,5030502,13032.0,4806.0,9120.0,1515096,4926792,1514960,4918925,ASEL,AIYL,ASE,AIY
743,5030507,17828.0,9866.0,7350.0,1515096,4926718,1514960,4918820,ASEL,AIYL,ASE,AIY
744,5030513,16032.0,12940.0,6450.0,1515096,4926688,1514960,4918767,ASEL,AIYL,ASE,AIY
745,5030520,13485.0,4882.0,9030.0,1515096,4926789,1514960,4918927,ASEL,AIYL,ASE,AIY
746,5030503,13772.0,4994.0,9150.0,1515096,4926793,1514960,4918924,ASEL,AIYL,ASE,AIY
747,5030503,13772.0,4994.0,9150.0,1515096,4926793,1514476,4892495,ASEL,AIBL,ASE,AIB
748,5030509,17772.0,10294.0,7350.0,1515096,4926718,1514476,4892943,ASEL,AIBL,ASE,AIB
749,5030509,17772.0,10294.0,7350.0,1515096,4926718,1514960,4918820,ASEL,AIYL,ASE,AIY
750,5030510,17320.0,11066.0,7200.0,1515096,4926713,1514476,4892420,ASEL,AIBL,ASE,AIB
751,5030510,17320.0,11066.0,7200.0,1515096,4926713,1514960,4918798,ASEL,AIYL,ASE,AIY
752,5030512,17144.0,11376.0,7110.0,1515096,4926710,1514960,4918795,ASEL,AIYL,ASE,AIY
753,5030512,17144.0,11376.0,7110.0,1515096,4926710,1514476,4892410,ASEL,AIBL,ASE,AIB
754,5030515,15802.0,13272.0,6000.0,1515096,4926673,1514960,4918752,ASEL,AIYL,ASE,AIY
755,5030515,15802.0,13272.0,6000.0,1515096,4926673,1514476,4892366,ASEL,AIBL,ASE,AIB
756,5030515,15802.0,13272.0,6000.0,1515096,4926673,1515340,4936496,ASEL,AWCL,ASE,AWC
757,5030516,15484.0,13940.0,5190.0,1515096,4926646,1515340,4936470,ASEL,AWCL,ASE,AWC
758,5030516,15484.0,13940.0,5190.0,1515096,4926646,1514476,4892340,ASEL,AIBL,ASE,AIB
759,5030516,15484.0,13940.0,5190.0,1515096,4926646,1514960,4918729,ASEL,AIYL,ASE,AIY
760,5030519,15378.0,14198.0,5130.0,1515096,4926644,1514960,4918719,ASEL,AIYL,ASE,AIY
761,5030519,15378.0,14198.0,5130.0,1515096,4926644,1515340,4936468,ASEL,AWCL,ASE,AWC
762,5030495,6720.0,10958.0,8220.0,1515096,4926864,1512976,4831503,ASEL,AIYR,ASE,AIY
763,5030499,10688.0,4418.0,9270.0,1515096,4926808,1512976,4831420,ASEL,AIYR,ASE,AIY
764,5030498,9740.0,4978.0,8880.0,1515096,4926828,1513068,4835474,ASEL,AIBR,ASE,AIB
765,5030498,9740.0,4978.0,8880.0,1515096,4926828,1512976,4832072,ASEL,AIYR,ASE,AIY
766,5030496,7646.0,11990.0,8100.0,1515096,4926887,1512976,4831507,ASEL,AIYR,ASE,AIY
767,5030496,7646.0,11990.0,8100.0,1515096,4926887,1514695,4903719,ASEL,AWCR,ASE,AWC
768,5030496,7646.0,11990.0,8100.0,1515096,4926887,1513068,4835433,ASEL,AIBR,ASE,AIB
769,5030496,7646.0,11990.0,8100.0,1515096,4926887,1513015,4833195,ASEL,BAGL,ASE,BAG
770,5030536,18178.0,10602.0,7320.0,1514655,4901166,1514476,4892942,ASER,AIBL,ASE,AIB
771,5030536,18178.0,10602.0,7320.0,1514655,4901166,1514960,4918821,ASER,AIYL,ASE,AIY
772,5030543,14034.0,4690.0,9210.0,1514655,4901086,1514960,4918922,ASER,AIYL,ASE,AIY
773,5030543,14034.0,4690.0,9210.0,1514655,4901086,1514476,4892497,ASER,AIBL,ASE,AIB
774,5030547,12210.0,4270.0,9030.0,1514655,4901279,1514960,4918927,ASER,AIYL,ASE,AIY
775,5030547,12210.0,4270.0,9030.0,1514655,4901279,1514476,4892515,ASER,AIBL,ASE,AIB
776,5030547,12210.0,4270.0,9030.0,1514655,4901279,1515096,4926819,ASER,ASEL,ASE,ASE
777,5030523,16056.0,13734.0,6060.0,1514655,4901226,1514695,4903550,ASER,AWCR,ASE,AWC
778,5030523,16056.0,13734.0,6060.0,1514655,4901226,1514960,4918754,ASER,AIYL,ASE,AIY
779,5030523,16056.0,13734.0,6060.0,1514655,4901226,1514476,4892368,ASER,AIBL,ASE,AIB
780,5030534,17546.0,11720.0,7170.0,1514655,4901190,1514695,4903512,ASER,AWCR,ASE,AWC
781,5030534,17546.0,11720.0,7170.0,1514655,4901190,1514960,4918797,ASER,AIYL,ASE,AIY
782,5030534,17546.0,11720.0,7170.0,1514655,4901190,1514476,4892412,ASER,AIBL,ASE,AIB
783,5030535,18290.0,10246.0,7320.0,1514655,4901166,1514476,4892942,ASER,AIBL,ASE,AIB
784,5030535,18290.0,10246.0,7320.0,1514655,4901166,1514960,4918824,ASER,AIYL,ASE,AIY
785,5030535,18290.0,10246.0,7320.0,1514655,4901166,1514695,4903506,ASER,AWCR,ASE,AWC
786,5030555,7214.0,8904.0,7980.0,1514655,4901000,1514916,4917306,ASER,AIAR,ASE,AIA
787,5030555,7214.0,8904.0,7980.0,1514655,4901000,1513068,4835935,ASER,AIBR,ASE,AIB
788,5030533,16348.0,13404.0,6480.0,1514655,4901213,1514404,4887280,ASER,AFDL,ASE,AFD
789,5030533,16348.0,13404.0,6480.0,1514655,4901213,1514960,4918768,ASER,AIYL,ASE,AIY
790,5030542,17086.0,6410.0,9330.0,1514655,4901096,1514404,4887386,ASER,AFDL,ASE,AFD
791,5030542,17086.0,6410.0,9330.0,1514655,4901096,1514960,4918892,ASER,AIYL,ASE,AIY
792,5030548,10746.0,4960.0,8970.0,1514655,4901050,1513068,4835477,ASER,AIBR,ASE,AIB
793,5030548,10746.0,4960.0,8970.0,1514655,4901050,1512976,4831429,ASER,AIYR,ASE,AIY
794,5030559,7494.0,11004.0,7980.0,1514655,4900986,1512976,4831510,ASER,AIYR,ASE,AIY
795,5030560,7378.0,10712.0,7980.0,1514655,4900986,1513068,4835424,ASER,AIBR,ASE,AIB
796,5030560,7378.0,10712.0,7980.0,1514655,4900986,1512976,4831510,ASER,AIYR,ASE,AIY
797,5049100,10648.0,14562.0,6780.0,1514655,4900946,1512976,4831581,ASER,AIYR,ASE,AIY
798,5049100,10648.0,14562.0,6780.0,1514655,4900946,1514728,4905613,ASER,AFDR,ASE,AFD
799,5030549,10298.0,5248.0,8940.0,1514655,4901049,1513068,4835476,ASER,AIBR,ASE,AIB
800,5030549,10298.0,5248.0,8940.0,1514655,4901049,1512976,4831430,ASER,AIYR,ASE,AIY
801,5030556,7886.0,11588.0,8160.0,1514655,4901297,1513068,5030557,ASER,AIBR,ASE,AIB
802,5030556,7886.0,11588.0,8160.0,1514655,4901297,1512976,4831505,ASER,AIYR,ASE,AIY
803,5030558,7662.0,11348.0,8040.0,1514655,4901293,1512976,4831509,ASER,AIYR,ASE,AIY
804,5030558,7662.0,11348.0,8040.0,1514655,4901293,1513068,4835431,ASER,AIBR,ASE,AIB
805,5030570,11122.0,15104.0,5940.0,1514655,4900919,1513068,4835340,ASER,AIBR,ASE,AIB
806,5030570,11122.0,15104.0,5940.0,1514655,4900919,1512976,4831608,ASER,AIYR,ASE,AIY
807,5030572,11272.0,15298.0,5700.0,1514655,4900911,1513068,4835332,ASER,AIBR,ASE,AIB
808,5030572,11272.0,15298.0,5700.0,1514655,4900911,1512976,4832053,ASER,AIYR,ASE,AIY
809,5030539,17904.0,8084.0,7860.0,1514655,4901148,1513992,4869108,ASER,AIZL,ASE,AIZ
810,5030539,17904.0,8084.0,7860.0,1514655,4901148,1515172,4929894,ASER,AIAL,ASE,AIA
811,5030539,17904.0,8084.0,7860.0,1514655,4901148,1514695,4903488,ASER,AWCR,ASE,AWC
812,5030568,10984.0,14920.0,6180.0,1514655,4900926,1512976,4831600,ASER,AIYR,ASE,AIY
813,5030568,10984.0,14920.0,6180.0,1514655,4900926,1514695,4903282,ASER,AWCR,ASE,AWC
814,5030568,10984.0,14920.0,6180.0,1514655,4900926,1513068,4835349,ASER,AIBR,ASE,AIB
815,5030574,11292.0,15402.0,5490.0,1514655,4900904,1514695,4903260,ASER,AWCR,ASE,AWC
816,5030574,11292.0,15402.0,5490.0,1514655,4900904,1513068,4835325,ASER,AIBR,ASE,AIB
817,5030574,11292.0,15402.0,5490.0,1514655,4900904,1512976,4832060,ASER,AIYR,ASE,AIY
818,5030561,9826.0,13886.0,7380.0,1514655,4900966,1512976,5030565,ASER,AIYR,ASE,AIY
819,5030561,9826.0,13886.0,7380.0,1514655,4900966,1515340,4936767,ASER,AWCL,ASE,AWC
820,5030561,9826.0,13886.0,7380.0,1514655,4900966,1514695,4903321,ASER,AWCR,ASE,AWC
821,5030561,9826.0,13886.0,7380.0,1514655,4900966,1514893,4916632,ASER,AIZR,ASE,AIZ
822,5030566,10250.0,14230.0,7170.0,1514655,4900959,1512976,4831564,ASER,AIYR,ASE,AIY
823,5030566,10250.0,14230.0,7170.0,1514655,4900959,1514695,4903314,ASER,AWCR,ASE,AWC
824,5030566,10250.0,14230.0,7170.0,1514655,4900959,1514893,4916878,ASER,AIZR,ASE,AIZ
825,5030580,16992.0,11198.0,6540.0,1515087,4926337,1515172,4929823,ASGL,AIAL,ASG,AIA
826,5030581,16836.0,11390.0,6540.0,1515087,4926337,1515172,4929822,ASGL,AIAL,ASG,AIA
827,5030584,15434.0,15164.0,3660.0,1515087,4926233,1515172,4929729,ASGL,AIAL,ASG,AIA
828,5030585,15488.0,15334.0,3540.0,1515087,4926229,1515172,4929725,ASGL,AIAL,ASG,AIA
829,5030587,15520.0,15142.0,3420.0,1515087,4926226,1515172,4929721,ASGL,AIAL,ASG,AIA
830,5030589,15532.0,15522.0,3210.0,1515087,4926219,1515172,4929714,ASGL,AIAL,ASG,AIA
831,5030583,15618.0,13830.0,4890.0,1515087,4926273,1514476,4892331,ASGL,AIBL,ASG,AIB
832,5030583,15618.0,13830.0,4890.0,1515087,4926273,1515172,4929769,ASGL,AIAL,ASG,AIA
833,5030582,15824.0,13562.0,5040.0,1515087,4926278,1515172,4929774,ASGL,AIAL,ASG,AIA
834,5030582,15824.0,13562.0,5040.0,1515087,4926278,1515146,4928643,ASGL,AIML,ASG,AIM
835,5030592,8350.0,12084.0,7530.0,1514644,4900564,1514916,4917248,ASGR,AIAR,ASG,AIA
836,5030595,9710.0,14362.0,6390.0,1514644,4900516,1514916,4917210,ASGR,AIAR,ASG,AIA
837,5030596,9880.0,14458.0,6270.0,1514644,4900512,1514916,4917206,ASGR,AIAR,ASG,AIA
838,5030597,10758.0,15352.0,5250.0,1514644,4900478,1514916,4917172,ASGR,AIAR,ASG,AIA
839,5030603,11174.0,15750.0,4500.0,1514644,4900454,1514916,4917149,ASGR,AIAR,ASG,AIA
840,5030604,11328.0,15826.0,4230.0,1514644,4900445,1514916,4917140,ASGR,AIAR,ASG,AIA
841,5030593,9286.0,13426.0,7200.0,1514644,4900543,1514916,4917237,ASGR,AIAR,ASG,AIA
842,5030593,9286.0,13426.0,7200.0,1514644,4900543,1513068,4835391,ASGR,AIBR,ASG,AIB
843,5030594,9608.0,14160.0,6600.0,1514644,4900523,1514839,4913003,ASGR,AIMR,ASG,AIM
844,5030594,9608.0,14160.0,6600.0,1514644,4900523,1514916,4917217,ASGR,AIAR,ASG,AIA
845,5030605,11550.0,16196.0,2490.0,1514644,4900391,1514655,4900806,ASGR,ASER,ASG,ASE
846,5030605,11550.0,16196.0,2490.0,1514644,4900391,1514916,4917079,ASGR,AIAR,ASG,AIA
847,5030617,16560.0,10222.0,7830.0,1514993,4920479,1514235,5030619,ASHL,ADAL,ASH,ADA
848,5030617,16560.0,10222.0,7830.0,1514993,4920479,1515817,4962407,ASHL,AVBL,ASH,AVB
849,5030617,16560.0,10222.0,7830.0,1514993,4920479,1513511,4854823,ASHL,AVDR,ASH,AVD
850,5030617,16560.0,10222.0,7830.0,1514993,4920479,1515674,4951763,ASHL,AVAL,ASH,AVA
851,5030621,16394.0,10434.0,7560.0,1514993,4920470,1513511,15137539,ASHL,AVDR,ASH,AVD
852,5030621,16394.0,10434.0,7560.0,1514993,4920470,1514235,4878512,ASHL,ADAL,ASH,ADA
853,5030621,16394.0,10434.0,7560.0,1514993,4920470,1515779,4960536,ASHL,ADLL,ASH,ADL
854,5030621,16394.0,10434.0,7560.0,1514993,4920470,1515817,4962398,ASHL,AVBL,ASH,AVB
855,5030635,14472.0,14896.0,3600.0,1514993,4920343,1515238,4932904,ASHL,RIML,ASH,RIM
856,5030635,14472.0,14896.0,3600.0,1514993,4920343,1515912,4967958,ASHL,RIAL,ASH,RIA
857,5030635,14472.0,14896.0,3600.0,1514993,4920343,1515259,4933722,ASHL,ADFL,ASH,ADF
858,5030637,14428.0,15454.0,2640.0,1514993,4920311,1515238,4932873,ASHL,RIML,ASH,RIM
859,5030637,14428.0,15454.0,2640.0,1514993,4920311,1515912,4967926,ASHL,RIAL,ASH,RIA
860,5030637,14428.0,15454.0,2640.0,1514993,4920311,1515259,4933690,ASHL,ADFL,ASH,ADF
861,5030631,15312.0,13452.0,4830.0,1514993,4920384,1515172,4929767,ASHL,AIAL,ASH,AIA
862,5030629,15322.0,13306.0,5130.0,1514993,4920394,1515158,4929246,ASHL,ASKL,ASH,ASK
863,5030629,15322.0,13306.0,5130.0,1514993,4920394,1515172,4929777,ASHL,AIAL,ASH,AIA
864,5030624,16592.0,10960.0,6870.0,1514993,4920449,1515172,4929834,ASHL,AIAL,ASH,AIA
865,5030624,16592.0,10960.0,6870.0,1514993,4920449,1514476,4892402,ASHL,AIBL,ASH,AIB
866,5030633,15100.0,14044.0,4560.0,1514993,4920375,1514476,4892320,ASHL,AIBL,ASH,AIB
867,5030633,15100.0,14044.0,4560.0,1514993,4920375,1515172,4929758,ASHL,AIAL,ASH,AIA
868,5049102,15650.0,12568.0,5910.0,1514993,4920418,1514476,4892370,ASHL,AIBL,ASH,AIB
869,5049102,15650.0,12568.0,5910.0,1514993,4920418,1515172,4929801,ASHL,AIAL,ASH,AIA
870,5030634,14798.0,14750.0,3900.0,1514993,4920353,1515973,4971149,ASHL,RIFL,ASH,RIF
871,5030634,14798.0,14750.0,3900.0,1514993,4920353,1515172,4929737,ASHL,AIAL,ASH,AIA
872,5030634,14798.0,14750.0,3900.0,1514993,4920353,1514476,4892298,ASHL,AIBL,ASH,AIB
873,5030616,16890.0,9984.0,8100.0,1514993,4920494,1515674,4951754,ASHL,AVAL,ASH,AVA
874,5030616,16890.0,9984.0,8100.0,1514993,4920494,1515817,4962416,ASHL,AVBL,ASH,AVB
875,5030640,16138.0,6488.0,9330.0,1514993,4920534,1514371,4884753,ASHL,AVDL,ASH,AVD
876,5030640,16138.0,6488.0,9330.0,1514993,4920534,1515674,4950622,ASHL,AVAL,ASH,AVA
877,5030622,16090.0,11212.0,6960.0,1514993,4920451,1513511,4854851,ASHL,AVDR,ASH,AVD
878,5030622,16090.0,11212.0,6960.0,1514993,4920451,1515817,4962378,ASHL,AVBL,ASH,AVB
879,5030626,15530.0,12548.0,5820.0,1514993,4920415,1513511,4854887,ASHL,AVDR,ASH,AVD
880,5030626,15530.0,12548.0,5820.0,1514993,4920415,1515817,4962341,ASHL,AVBL,ASH,AVB
881,5030628,15206.0,12922.0,5430.0,1514993,4920404,1513511,4854899,ASHL,AVDR,ASH,AVD
882,5030628,15206.0,12922.0,5430.0,1514993,4920404,1515817,4962328,ASHL,AVBL,ASH,AVB
883,5030627,15550.0,12736.0,5700.0,1514993,4920412,1513511,4854891,ASHL,AVDR,ASH,AVD
884,5030627,15550.0,12736.0,5700.0,1514993,4920412,1515172,4929794,ASHL,AIAL,ASH,AIA
885,5030614,17124.0,8710.0,8700.0,1514993,4920513,1514235,4878544,ASHL,ADAL,ASH,ADA
886,5030614,17124.0,8710.0,8700.0,1514993,4920513,1512720,4819084,ASHL,URXL,ASH,URX
887,5030614,17124.0,8710.0,8700.0,1514993,4920513,1513618,4859443,ASHL,AVEL,ASH,AVE
888,5030615,17236.0,9474.0,8370.0,1514993,4920502,1515674,4951743,ASHL,AVAL,ASH,AVA
889,5030615,17236.0,9474.0,8370.0,1514993,4920502,1515705,4954795,ASHL,AVHR,ASH,AVH
890,5030613,12736.0,5552.0,9300.0,1514993,4920559,1515039,4923365,ASHL,AWBL,ASH,AWB
891,5030613,12736.0,5552.0,9300.0,1514993,4920559,1515117,4927466,ASHL,AWAL,ASH,AWA
892,5030636,14516.0,15070.0,3300.0,1514993,4920333,1515912,4967948,ASHL,RIAL,ASH,RIA
893,5030636,14516.0,15070.0,3300.0,1514993,4920333,1515238,4932894,ASHL,RIML,ASH,RIM
894,5030670,8464.0,10340.0,8490.0,1513116,4837040,1514783,4908395,ASHR,AVBR,ASH,AVB
895,5030670,8464.0,10340.0,8490.0,1513116,4837040,1512459,4805789,ASHR,ADAR,ASH,ADA
896,9652964,8012.0,9358.0,8850.0,1513116,4837052,1512459,4805824,ASHR,ADAR,ASH,ADA
897,9652964,8012.0,9358.0,8850.0,1513116,4837052,1513959,4865991,ASHR,AVER,ASH,AVE
898,5030708,7712.0,10004.0,8310.0,1513116,4837030,1515649,4950013,ASHR,ADFR,ASH,ADF
899,5030722,7450.0,7799.0,8610.0,1513116,5030720,1514423,4888816,ASHR,AVHL,ASH,AVH
900,5030722,7450.0,7799.0,8610.0,1513116,5030720,1515649,4950034,ASHR,ADFR,ASH,ADF
901,5030685,10020.0,13956.0,6360.0,1513116,4836965,1514916,4917209,ASHR,AIAR,ASH,AIA
902,5030678,8334.0,11098.0,7800.0,1513116,4837012,1513068,4835420,ASHR,AIBR,ASH,AIB
903,5030678,8334.0,11098.0,7800.0,1513116,4837012,1514916,4917276,ASHR,AIAR,ASH,AIA
904,5030679,8658.0,11678.0,7800.0,1513116,4837012,1513068,4835420,ASHR,AIBR,ASH,AIB
905,5030679,8658.0,11678.0,7800.0,1513116,4837012,1514916,4917276,ASHR,AIAR,ASH,AIA
906,5030680,8854.0,11902.0,7650.0,1513116,4837007,1514916,4917271,ASHR,AIAR,ASH,AIA
907,5030680,8854.0,11902.0,7650.0,1513116,4837007,1513068,4835406,ASHR,AIBR,ASH,AIB
908,5030681,8958.0,12182.0,7560.0,1513116,4837004,1514916,4917268,ASHR,AIAR,ASH,AIA
909,5030681,8958.0,12182.0,7560.0,1513116,4837004,1513068,4835403,ASHR,AIBR,ASH,AIB
910,5030686,10814.0,14840.0,5580.0,1513116,4836939,1514916,4917183,ASHR,AIAR,ASH,AIA
911,5030686,10814.0,14840.0,5580.0,1513116,4836939,1513068,4835328,ASHR,AIBR,ASH,AIB
912,5030688,11040.0,14952.0,5160.0,1513116,4836925,1513068,5030689,ASHR,AIBR,ASH,AIB
913,5030688,11040.0,14952.0,5160.0,1513116,4836925,1514916,4917169,ASHR,AIAR,ASH,AIA
914,5030693,11344.0,15146.0,4770.0,1513116,4836913,1514916,4917157,ASHR,AIAR,ASH,AIA
915,5030693,11344.0,15146.0,4770.0,1513116,4836913,1513068,4835303,ASHR,AIBR,ASH,AIB
916,5030683,9322.0,12718.0,7290.0,1513116,4836995,1514371,4884591,ASHR,AVDL,ASH,AVD
917,5030683,9322.0,12718.0,7290.0,1513116,4836995,1514916,4917240,ASHR,AIAR,ASH,AIA
918,5030656,7698.0,8480.0,8940.0,1513116,4837055,1514783,4908410,ASHR,AVBR,ASH,AVB
919,5049103,9004.0,11084.0,8340.0,1513116,4837035,1513864,4862897,ASHR,ADLR,ASH,ADL
920,5049103,9004.0,11084.0,8340.0,1513116,4837035,1514371,4884631,ASHR,AVDL,ASH,AVD
921,5049103,9004.0,11084.0,8340.0,1513116,4837035,1514783,4908390,ASHR,AVBR,ASH,AVB
922,5030682,9514.0,12618.0,7290.0,1513116,4836995,1514371,4884591,ASHR,AVDL,ASH,AVD
923,5030682,9514.0,12618.0,7290.0,1513116,4836995,1514783,4908357,ASHR,AVBR,ASH,AVB
924,5030727,9580.0,13040.0,6900.0,1513116,4836982,1514371,4884578,ASHR,AVDL,ASH,AVD
925,5030727,9580.0,13040.0,6900.0,1513116,4836982,1514783,4908344,ASHR,AVBR,ASH,AVB
926,5030723,8728.0,10846.0,8700.0,1513116,4837047,1514783,5030724,ASHR,AVBR,ASH,AVB
927,5030723,8728.0,10846.0,8700.0,1513116,4837047,1514206,4876090,ASHR,AVJL,ASH,AVJ
928,5030723,8728.0,10846.0,8700.0,1513116,4837047,1514371,4884639,ASHR,AVDL,ASH,AVD
929,5030706,8428.0,6716.0,9060.0,1513116,4837067,1514783,4908415,ASHR,AVBR,ASH,AVB
930,5030706,8428.0,6716.0,9060.0,1513116,4837067,1512870,4826864,ASHR,AVAR,ASH,AVA
931,5030706,8428.0,6716.0,9060.0,1513116,4837067,1513511,4854675,ASHR,AVDR,ASH,AVD
932,5030654,11380.0,5678.0,9120.0,1513116,4837095,1514222,4877270,ASHR,AWBR,ASH,AWB
933,5030654,11380.0,5678.0,9120.0,1513116,4837095,1514801,4909965,ASHR,AWAR,ASH,AWA
934,5030700,12258.0,15270.0,3630.0,1513116,4836875,1515649,4949836,ASHR,ADFR,ASH,ADF
935,5030700,12258.0,15270.0,3630.0,1513116,4836875,1513587,4858482,ASHR,RIAR,ASH,RIA
936,5030699,12216.0,15166.0,3810.0,1513116,4836881,1515649,4949842,ASHR,ADFR,ASH,ADF
937,5030699,12216.0,15166.0,3810.0,1513116,4836881,1514383,4885725,ASHR,SMBDR,ASH,SMBD
938,5030699,12216.0,15166.0,3810.0,1513116,4836881,1513587,4858488,ASHR,RIAR,ASH,RIA
939,5030736,14178.0,4648.0,8850.0,1515993,4972751,1514476,4892500,ASIL,AIBL,ASI,AIB
940,5030736,14178.0,4648.0,8850.0,1515993,4972751,1515172,4929958,ASIL,AIAL,ASI,AIA
941,5030737,17906.0,8268.0,7590.0,1515993,4972683,1514695,4903497,ASIL,AWCR,ASI,AWC
942,5030737,17906.0,8268.0,7590.0,1515993,4972683,1515172,4929885,ASIL,AIAL,ASI,AIA
943,5030737,17906.0,8268.0,7590.0,1515993,4972683,1514476,4892433,ASIL,AIBL,ASI,AIB
944,5030743,17526.0,11088.0,6510.0,1515993,4972634,1515087,4926336,ASIL,ASGL,ASI,ASG
945,5030743,17526.0,11088.0,6510.0,1515993,4972634,1515172,4929993,ASIL,AIAL,ASI,AIA
946,5030739,18372.0,10534.0,6990.0,1515993,4972658,1524028,5030740,ASIL,CEPshVR,ASI,CEPshV
947,5030739,18372.0,10534.0,6990.0,1515993,4972658,1514655,4901175,ASIL,ASER,ASI,ASE
948,5030753,15986.0,14241.0,5070.0,1515993,4972585,1515340,4936466,ASIL,AWCL,ASI,AWC
949,5030749,16272.0,5399.0,8790.0,1515993,4972723,1524073,5030750,ASIL,CEPshDL,ASI,CEPshD
950,5030749,16272.0,5399.0,8790.0,1515993,4972723,1515340,4936619,ASIL,AWCL,ASI,AWC
951,5031305,16622.0,5674.0,8760.0,1515993,4972722,1514695,4903457,ASIL,AWCR,ASI,AWC
952,5031305,16622.0,5674.0,8760.0,1515993,4972722,1515340,4936618,ASIL,AWCL,ASI,AWC
953,5030754,15653.0,15060.0,4560.0,1515993,4972568,1524100,5030755,ASIL,CEPshVL,ASI,CEPshV
954,5030754,15653.0,15060.0,4560.0,1515993,4972568,1514695,4903600,ASIL,AWCR,ASI,AWC
955,5030759,11454.0,15476.0,6270.0,1514269,4879464,1512976,4831597,ASIR,AIYR,ASI,AIY
956,5030759,11454.0,15476.0,6270.0,1514269,4879464,1514728,4905596,ASIR,AFDR,ASI,AFD
957,5030761,11644.0,15576.0,6090.0,1514269,4879453,1512976,4831603,ASIR,AIYR,ASI,AIY
958,5030761,11644.0,15576.0,6090.0,1514269,4879453,1514728,4905590,ASIR,AFDR,ASI,AFD
959,5030758,7550.0,11760.0,7500.0,1514269,4879645,1514916,4917250,ASIR,AIAR,ASI,AIA
960,5030758,7550.0,11760.0,7500.0,1514269,4879645,1514695,4903344,ASIR,AWCR,ASI,AWC
961,5030760,10478.0,15228.0,6090.0,1514269,4879460,1513797,4861412,ASIR,CEPshVR,ASI,CEPshV
962,5030760,10478.0,15228.0,6090.0,1514269,4879460,1514695,4903279,ASIR,AWCR,ASI,AWC
963,5030762,11378.0,15736.0,5850.0,1514269,4879445,1514695,4903272,ASIR,AWCR,ASI,AWC
964,5030762,11378.0,15736.0,5850.0,1514269,4879445,1513794,4861411,ASIR,CEPshVR,ASI,CEPshV
965,5030757,6662.0,6614.0,7800.0,1514269,4879576,1513800,4861413,ASIR,CEPshDR,ASI,CEPshD
966,5030756,10578.0,4056.0,8460.0,1514269,4879637,1515340,4936681,ASIR,AWCL,ASI,AWC
967,5030756,10578.0,4056.0,8460.0,1514269,4879637,1513803,4861414,ASIR,CEPshDR,ASI,CEPshD
968,5030763,6782.0,6778.0,7680.0,1514269,4879580,1524158,5030764,ASIR,CEPshDR,ASI,CEPshD
969,5030763,6782.0,6778.0,7680.0,1514269,4879580,1514695,4903691,ASIR,AWCR,ASI,AWC
970,5030774,16560.0,9054.0,6690.0,1515073,4925874,1515062,4925338,ASJL,PVQL,ASJ,PVQ
971,5030769,13398.0,5420.0,8340.0,1515073,4925973,1515158,4929423,ASJL,ASKL,ASJ,ASK
972,5030769,13398.0,5420.0,8340.0,1515073,4925973,1515062,4925442,ASJL,PVQL,ASJ,PVQ
973,5030779,15682.0,13062.0,4890.0,1515073,4925807,1515158,4929238,ASJL,ASKL,ASJ,ASK
974,5030779,15682.0,13062.0,4890.0,1515073,4925807,1515062,4925261,ASJL,PVQL,ASJ,PVQ
975,5030780,15558.0,14190.0,3690.0,1515073,4925767,1515062,4925221,ASJL,PVQL,ASJ,PVQ
976,5030780,15558.0,14190.0,3690.0,1515073,4925767,1515158,4929199,ASJL,ASKL,ASJ,ASK
977,5030781,15426.0,14300.0,3480.0,1515073,4925760,1515062,4925214,ASJL,PVQL,ASJ,PVQ
978,5030781,15426.0,14300.0,3480.0,1515073,4925760,1515158,4929192,ASJL,ASKL,ASJ,ASK
979,5030771,13156.0,5458.0,8430.0,1515073,4925971,1515158,4929413,ASJL,ASKL,ASJ,ASK
980,5030771,13156.0,5458.0,8430.0,1515073,4925971,1515172,4929973,ASJL,AIAL,ASJ,AIA
981,5030771,13156.0,5458.0,8430.0,1515073,4925971,1515062,4925439,ASJL,PVQL,ASJ,PVQ
982,5030772,16790.0,8144.0,7590.0,1515073,4925904,1515062,4925376,ASJL,PVQL,ASJ,PVQ
983,5030772,16790.0,8144.0,7590.0,1515073,4925904,1511972,4802264,ASJL,AVFR,ASJ,AVF
984,5030775,16290.0,10416.0,6450.0,1515073,4925857,1515062,4925329,ASJL,PVQL,ASJ,PVQ
985,5030775,16290.0,10416.0,6450.0,1515073,4925857,1513788,4861409,ASJL,CEPshVL,ASJ,CEPshV
986,5030777,16282.0,10584.0,6390.0,1515073,4925855,1515062,4925327,ASJL,PVQL,ASJ,PVQ
987,5030777,16282.0,10584.0,6390.0,1515073,4925855,1513785,4861408,ASJL,CEPshVL,ASJ,CEPshV
988,5030778,16134.0,12372.0,5610.0,1515073,4925829,1515062,4925285,ASJL,PVQL,ASJ,PVQ
989,5030778,16134.0,12372.0,5610.0,1515073,4925829,1513782,4861407,ASJL,CEPshVL,ASJ,CEPshV
990,5030784,12102.0,5600.0,8340.0,1514611,4899092,1515158,4929423,ASJR,ASKL,ASJ,ASK
991,5030784,12102.0,5600.0,8340.0,1514611,4899092,1515891,4967357,ASJR,ASKR,ASJ,ASK
992,5030783,11730.0,5892.0,8340.0,1514611,4899092,1514629,4900123,ASJR,PVQR,ASJ,PVQ
993,5030785,8448.0,10854.0,7290.0,1514611,4899015,1514629,4900144,ASJR,PVQR,ASJ,PVQ
994,5030789,9440.0,13640.0,6300.0,1514611,4899139,1515891,4967245,ASJR,ASKR,ASJ,ASK
995,5030789,9440.0,13640.0,6300.0,1514611,4899139,1514629,4899982,ASJR,PVQR,ASJ,PVQ
996,5030790,10196.0,14680.0,5040.0,1514611,4898939,1514629,4899942,ASJR,PVQR,ASJ,PVQ
997,5030790,10196.0,14680.0,5040.0,1514611,4898939,1515891,4967203,ASJR,ASKR,ASJ,ASK
998,5030787,9162.0,13160.0,6480.0,1514611,4898986,1524285,5030788,ASJR,CEPshVR,ASJ,CEPshV
999,5030787,9162.0,13160.0,6480.0,1514611,4898986,1514629,4899992,ASJR,PVQR,ASJ,PVQ
1000,5030794,8216.0,9740.0,7140.0,1514611,4899122,1514629,4900148,ASJR,PVQR,ASJ,PVQ
1001,5030794,8216.0,9740.0,7140.0,1514611,4899122,1513779,4861406,ASJR,CEPshVR,ASJ,CEPshV
1002,5030797,12418.0,5060.0,8430.0,1515158,4929413,1515172,4929973,ASKL,AIAL,ASK,AIA
1003,5030798,13242.0,5096.0,8340.0,1515158,4929423,1515172,4929976,ASKL,AIAL,ASK,AIA
1004,5030799,12970.0,5080.0,8370.0,1515158,4929411,1515172,4929975,ASKL,AIAL,ASK,AIA
1005,5030801,17322.0,9526.0,7140.0,1515158,4929327,1515172,4929865,ASKL,AIAL,ASK,AIA
1006,5030807,17238.0,10181.0,6750.0,1515158,4929314,1515172,4929830,ASKL,AIAL,ASK,AIA
1007,5030809,17222.0,10612.0,6480.0,1515158,4929292,1515172,4929994,ASKL,AIAL,ASK,AIA
1008,5030814,15208.0,14144.0,3810.0,1515158,4929203,1515172,4929734,ASKL,AIAL,ASK,AIA
1009,5030800,12110.0,5028.0,8580.0,1515158,4929418,1514916,4917350,ASKL,AIAR,ASK,AIA
1010,5030800,12110.0,5028.0,8580.0,1515158,4929418,1515172,4929968,ASKL,AIAL,ASK,AIA
1011,5030810,16958.0,10760.0,6420.0,1515158,4929294,1515172,4929996,ASKL,AIAL,ASK,AIA
1012,5030810,16958.0,10760.0,6420.0,1515158,4929294,1515146,4928701,ASKL,AIML,ASK,AIM
1013,5030811,15868.0,12632.0,5730.0,1515158,4929265,1515146,4928666,ASKL,AIML,ASK,AIM
1014,5030811,15868.0,12632.0,5730.0,1515158,4929265,1515172,4929795,ASKL,AIAL,ASK,AIA
1015,5030813,15538.0,13126.0,5160.0,1515158,4929247,1514993,4920395,ASKL,ASHL,ASK,ASH
1016,5030813,15538.0,13126.0,5160.0,1515158,4929247,1515172,4929778,ASKL,AIAL,ASK,AIA
1017,5030816,11576.0,5136.0,8520.0,1515891,4967363,1514916,4917372,ASKR,AIAR,ASK,AIA
1018,5030818,11020.0,5096.0,8340.0,1515891,4967357,1514916,4917378,ASKR,AIAR,ASK,AIA
1019,5030820,8004.0,11224.0,7500.0,1515891,4967286,1514916,4917250,ASKR,AIAR,ASK,AIA
1020,5030821,7488.0,11080.0,7410.0,1515891,4967283,1514916,4917253,ASKR,AIAR,ASK,AIA
1021,5030823,7700.0,11360.0,7230.0,1515891,4967399,1514916,4917259,ASKR,AIAR,ASK,AIA
1022,5030830,10620.0,15076.0,4620.0,1515891,4967190,1514916,4917153,ASKR,AIAR,ASK,AIA
1023,5030834,8266.0,11598.0,7470.0,1515891,4967285,1514916,4917251,ASKR,AIAR,ASK,AIA
1024,5030825,9494.0,13334.0,6870.0,1515891,4967263,1514916,4917226,ASKR,AIAR,ASK,AIA
1025,5030825,9494.0,13334.0,6870.0,1515891,4967263,1514839,4913012,ASKR,AIMR,ASK,AIM
1026,5030826,9542.0,13598.0,6690.0,1515891,4967258,1514839,4913006,ASKR,AIMR,ASK,AIM
1027,5030826,9542.0,13598.0,6690.0,1515891,4967258,1514916,4917220,ASKR,AIAR,ASK,AIA
1028,5030817,11784.0,5172.0,8520.0,1515891,4967363,1514916,4917372,ASKR,AIAR,ASK,AIA
1029,5030817,11784.0,5172.0,8520.0,1515891,4967363,1515158,4929416,ASKR,ASKL,ASK,ASK
1030,5030836,17924.0,7482.0,8700.0,1515008,4921014,1515912,4967705,AUAL,RIAL,AUA,RIA
1031,5030836,17924.0,7482.0,8700.0,1515008,4921014,1515674,4950557,AUAL,AVAL,AUA,AVA
1032,5030838,18556.0,8774.0,8700.0,1515008,4920989,1515912,4967705,AUAL,RIAL,AUA,RIA
1033,5030838,18556.0,8774.0,8700.0,1515008,4920989,1515674,4951802,AUAL,AVAL,AUA,AVA
1034,5030835,16130.0,5440.0,10320.0,1515008,4921104,1513511,4855732,AUAL,AVDR,AUA,AVD
1035,5030835,16130.0,5440.0,10320.0,1515008,4921104,1515756,4959914,AUAL,RIBL,AUA,RIB
1036,5030835,16130.0,5440.0,10320.0,1515008,4921104,1512852,4826310,AUAL,DVA,AUA,DVA
1037,5030837,18604.0,9302.0,8970.0,1515008,4920995,1515674,4950567,AUAL,AVAL,AUA,AVA
1038,5030837,18604.0,9302.0,8970.0,1515008,4920995,1515756,4959855,AUAL,RIBL,AUA,RIB
1039,5030837,18604.0,9302.0,8970.0,1515008,4920995,1515912,4968500,AUAL,RIAL,AUA,RIA
1040,5030840,13816.0,4810.0,9990.0,1515008,4921076,1513618,4860712,AUAL,AVEL,AUA,AVE
1041,5030840,13816.0,4810.0,9990.0,1515008,4921076,1515756,4960085,AUAL,RIBL,AUA,RIB
1042,5030841,13152.0,4718.0,9990.0,1515008,4921076,1515756,4960089,AUAL,RIBL,AUA,RIB
1043,5030841,13152.0,4718.0,9990.0,1515008,4921076,1513618,4860710,AUAL,AVEL,AUA,AVE
1044,5030839,16850.0,12534.0,7860.0,1515008,4920946,1515912,4967739,AUAL,RIAL,AUA,RIA
1045,5030839,16850.0,12534.0,7860.0,1515008,4920946,1515756,4959803,AUAL,RIBL,AUA,RIB
1046,5030843,17080.0,12362.0,8100.0,1515008,4920954,1515912,4967731,AUAL,RIAL,AUA,RIA
1047,5030843,17080.0,12362.0,8100.0,1515008,4920954,1515756,4959811,AUAL,RIBL,AUA,RIB
1048,5030845,18357.0,10195.0,8460.0,1515008,4920981,1515756,5030846,AUAL,RIBL,AUA,RIB
1049,5030845,18357.0,10195.0,8460.0,1515008,4920981,1515912,4967719,AUAL,RIAL,AUA,RIA
1050,5030845,18357.0,10195.0,8460.0,1515008,4920981,1512720,4818941,AUAL,URXL,AUA,URX
1051,5030859,6924.0,8656.0,8580.0,1512821,4824114,1512870,4826793,AUAR,AVAR,AUA,AVA
1052,5030859,6924.0,8656.0,8580.0,1512821,4824114,1513587,4858253,AUAR,RIAR,AUA,RIA
1053,5030861,6668.0,9944.0,9090.0,1512821,4824098,1512870,4826811,AUAR,AVAR,AUA,AVA
1054,5030861,6668.0,9944.0,9090.0,1512821,4824098,1513587,4858272,AUAR,RIAR,AUA,RIA
1055,5030869,6663.0,9325.0,8670.0,1512821,4824109,1512870,4826797,AUAR,AVAR,AUA,AVA
1056,5030869,6663.0,9325.0,8670.0,1512821,4824109,1513587,4858258,AUAR,RIAR,AUA,RIA
1057,5030862,7108.0,10544.0,9030.0,1512821,4824090,1513587,4858270,AUAR,RIAR,AUA,RIA
1058,5030862,7108.0,10544.0,9030.0,1512821,4824090,1512592,4813913,AUAR,URXR,AUA,URX
1059,5030847,12112.0,5040.0,10080.0,1512821,4824176,1513225,4842883,AUAR,RIBR,AUA,RIB
1060,5030848,10546.0,5154.0,9780.0,1512821,4824166,1513959,5030852,AUAR,AVER,AUA,AVE
1061,5030848,10546.0,5154.0,9780.0,1512821,4824166,1513225,4842868,AUAR,RIBR,AUA,RIB
1062,5030858,9702.0,5466.0,9540.0,1512821,4824158,1513959,4867253,AUAR,AVER,AUA,AVE
1063,5030858,9702.0,5466.0,9540.0,1512821,4824158,1513225,4842860,AUAR,RIBR,AUA,RIB
1064,5030866,10018.0,13734.0,8460.0,1512821,4824069,1513587,4858310,AUAR,RIAR,AUA,RIA
1065,5030866,10018.0,13734.0,8460.0,1512821,4824069,1513225,4842408,AUAR,RIBR,AUA,RIB
1066,5030867,10280.0,13932.0,8280.0,1512821,4824064,1513225,4842403,AUAR,RIBR,AUA,RIB
1067,5030867,10280.0,13932.0,8280.0,1512821,4824064,1513587,4858316,AUAR,RIAR,AUA,RIA
1068,5030863,9826.0,13570.0,8640.0,1512821,4824075,1512592,4813955,AUAR,URXR,AUA,URX
1069,5030863,9826.0,13570.0,8640.0,1512821,4824075,1513587,4858304,AUAR,RIAR,AUA,RIA
1070,5030863,9826.0,13570.0,8640.0,1512821,4824075,1513225,4842414,AUAR,RIBR,AUA,RIB
1071,5031056,9980.0,13350.0,6420.0,1516008,4973868,1511972,4802445,AVFL,AVFR,AVF,AVF
1072,5031056,9980.0,13350.0,6420.0,1516008,4973868,1513116,4836967,AVFL,ASHR,AVF,ASH
1073,5031056,9980.0,13350.0,6420.0,1516008,4973868,1514783,4908328,AVFL,AVBR,AVF,AVB
1074,5031030,12544.0,5832.0,8760.0,1516008,4973918,1511972,4802468,AVFL,AVFR,AVF,AVF
1075,5031030,12544.0,5832.0,8760.0,1516008,4973918,1514629,4900109,AVFL,PVQR,AVF,PVQ
1076,5031032,15866.0,11430.0,6660.0,1511972,4802232,1515062,4925318,AVFR,PVQL,AVF,PVQ
1077,5031032,15866.0,11430.0,6660.0,1511972,4802232,1515817,4962368,AVFR,AVBL,AVF,AVB
1078,5031032,15866.0,11430.0,6660.0,1511972,4802232,1514166,4874992,AVFR,ALML,AVF,ALM
1079,5031032,15866.0,11430.0,6660.0,1511972,4802232,1514362,4884276,AVFR,BDUL,AVF,BDU
1080,5031033,15146.0,12620.0,4950.0,1511972,4802175,1515973,4971184,AVFR,RIFL,AVF,RIF
1081,5031033,15146.0,12620.0,4950.0,1511972,4802175,1512344,4804644,AVFR,CEPshVL,AVF,CEPshV
1082,5031046,16551.0,10179.0,7050.0,1511972,4802244,1515062,5031045,AVFR,PVQL,AVF,PVQ
1083,5031036,12920.0,5860.0,8730.0,1511972,4802469,1515062,4925430,AVFR,PVQL,AVF,PVQ
1084,5031036,12920.0,5860.0,8730.0,1511972,4802469,1514629,4900108,AVFR,PVQR,AVF,PVQ
1085,5031034,15088.0,13402.0,4140.0,1511972,4802148,1516008,4973572,AVFR,AVFL,AVF,AVF
1086,5031034,15088.0,13402.0,4140.0,1511972,4802148,1515062,4925236,AVFR,PVQL,AVF,PVQ
1087,5031034,15088.0,13402.0,4140.0,1511972,4802148,1513045,4834152,AVFR,RMGL,AVF,RMG
1088,5031041,9703.0,12787.0,6810.0,1511972,4802408,1514157,4874763,AVFR,ALMR,AVF,ALM
1089,5031041,9703.0,12787.0,6810.0,1511972,4802408,1514629,4900003,AVFR,PVQR,AVF,PVQ
1090,5031037,9351.0,12767.0,6690.0,1511972,4802412,1514629,4900006,AVFR,PVQR,AVF,PVQ
1091,5031037,9351.0,12767.0,6690.0,1511972,4802412,1525345,5031038,AVFR,CEPshVR,AVF,CEPshV
1092,5031061,10268.0,13652.0,7680.0,1514423,4888626,1515649,4949964,AVHL,ADFR,AVH,ADF
1093,5031061,10268.0,13652.0,7680.0,1514423,4888626,1514222,4877163,AVHL,AWBR,AVH,AWB
1094,5031061,10268.0,13652.0,7680.0,1514423,4888626,1514893,4916662,AVHL,AIZR,AVH,AIZ
1095,5031060,10238.0,5794.0,9180.0,1514423,4888693,1514655,4901057,AVHL,ASER,AVH,ASE
1096,5031060,10238.0,5794.0,9180.0,1514423,4888693,1515649,4950068,AVHL,ADFR,AVH,ADF
1097,5031404,11448.0,14516.0,6000.0,1514423,4888548,1515649,4949911,AVHL,ADFR,AVH,ADF
1098,5031404,11448.0,14516.0,6000.0,1514423,4888548,1514222,4877107,AVHL,AWBR,AVH,AWB
1099,5031067,7624.0,9710.0,8490.0,1514423,4888674,1512592,4813876,AVHL,URXR,AVH,URX
1100,5031067,7624.0,9710.0,8490.0,1514423,4888674,1515649,4950007,AVHL,ADFR,AVH,ADF
1101,5031066,13066.0,5950.0,9960.0,1514423,4888724,1514783,4908457,AVHL,AVBR,AVH,AVB
1102,5031066,13066.0,5950.0,9960.0,1514423,4888724,1514206,4876146,AVHL,AVJL,AVH,AVJ
1103,5031401,8572.0,11006.0,8760.0,1514423,4888666,1515794,4961834,AVHL,RIR,AVH,RIR
1104,5031401,8572.0,11006.0,8760.0,1514423,4888666,1514222,4877199,AVHL,AWBR,AVH,AWB
1105,5031064,10320.0,13576.0,7410.0,1514423,4888617,1514520,4893946,AVHL,SMBVR,AVH,SMBV
1106,5031064,10320.0,13576.0,7410.0,1514423,4888617,1514222,4877154,AVHL,AWBR,AVH,AWB
1107,5031402,10960.0,14068.0,6360.0,1514423,4888582,1514520,4893914,AVHL,SMBVR,AVH,SMBV
1108,5031402,10960.0,14068.0,6360.0,1514423,4888582,1514222,4877119,AVHL,AWBR,AVH,AWB
1109,5031065,11386.0,14324.0,6030.0,1514423,4888549,1512852,4825467,AVHL,DVA,AVH,DVA
1110,5031399,14186.0,5918.0,9480.0,1514423,4888738,1515054,4924417,AVHL,PVPL,AVH,PVP
1111,5031399,14186.0,5918.0,9480.0,1514423,4888738,1515973,4971344,AVHL,RIFL,AVH,RIF
1112,5031406,7344.0,8164.0,8580.0,1514423,4888817,1515794,4961749,AVHL,RIR,AVH,RIR
1113,5031077,14156.0,13794.0,4350.0,1515705,4954641,1515238,4932929,AVHR,RIML,AVH,RIM
1114,5031077,14156.0,13794.0,4350.0,1515705,4954641,1514235,4878328,AVHR,ADAL,AVH,ADA
1115,5031079,10811.0,6027.0,8850.0,1515705,4954863,1511972,4802456,AVHR,AVFR,AVH,AVF
1116,5031079,10811.0,6027.0,8850.0,1515705,4954863,1514839,4913112,AVHR,AIMR,AVH,AIM
1117,5031409,17382.0,9106.0,8370.0,1515705,4954795,1512720,4818979,AVHR,URXL,AVH,URX
1118,5031409,17382.0,9106.0,8370.0,1515705,4954795,1513992,4868945,AVHR,AIZL,AVH,AIZ
1119,5031407,11968.0,5566.0,9780.0,1515705,4954924,1512837,4825272,AVHR,PVPR,AVH,PVP
1120,5031407,11968.0,5566.0,9780.0,1515705,4954924,1514783,4908451,AVHR,AVBR,AVH,AVB
1121,5031073,17324.0,10716.0,8070.0,1515705,4954785,1515259,4933870,AVHR,ADFL,AVH,ADF
1122,5031073,17324.0,10716.0,8070.0,1515705,4954785,1515039,4923301,AVHR,AWBL,AVH,AWB
1123,5031074,16436.0,11848.0,7380.0,1515705,4954761,1515259,4933847,AVHR,ADFL,AVH,ADF
1124,5031074,16436.0,11848.0,7380.0,1515705,4954761,1513992,4868860,AVHR,AIZL,AVH,AIZ
1125,5031074,16436.0,11848.0,7380.0,1515705,4954761,1515039,4923278,AVHR,AWBL,AVH,AWB
1126,5031072,13866.0,5406.0,9390.0,1515705,4954829,1515096,4926915,AVHR,ASEL,AVH,ASE
1127,5031072,13866.0,5406.0,9390.0,1515705,4954829,1515039,4923374,AVHR,AWBL,AVH,AWB
1128,5031072,13866.0,5406.0,9390.0,1515705,4954829,1515259,4933930,AVHR,ADFL,AVH,ADF
1129,5031071,11940.0,5602.0,9420.0,1515705,4954844,1514222,4877261,AVHR,AWBR,AVH,AWB
1130,5031071,11940.0,5602.0,9420.0,1515705,4954844,1515039,4923371,AVHR,AWBL,AVH,AWB
1131,5031075,14820.0,13330.0,5760.0,1515705,4954685,1515779,4960601,AVHR,ADLL,AVH,ADL
1132,5031075,14820.0,13330.0,5760.0,1515705,4954685,1515039,4923221,AVHR,AWBL,AVH,AWB
1133,5031075,14820.0,13330.0,5760.0,1515705,4954685,1515190,4930344,AVHR,SMBVL,AVH,SMBV
1134,5031078,14366.0,14762.0,2190.0,1515705,4954569,1514982,4919696,AVHR,AVJR,AVH,AVJ
1135,5031078,14366.0,14762.0,2190.0,1515705,4954569,1514362,4884130,AVHR,BDUL,AVH,BDU
1136,5031076,14696.0,13278.0,5880.0,1515705,4954689,1514866,4914596,AVHR,SMBDL,AVH,SMBD
1137,5031076,14696.0,13278.0,5880.0,1515705,4954689,1515745,4958725,AVHR,SIAVL,AVH,SIAV
1138,5031076,14696.0,13278.0,5880.0,1515705,4954689,1512852,4826455,AVHR,DVA,AVH,DVA
1139,5031070,14834.0,16298.0,-1590.0,1515705,4953888,1514783,4908863,AVHR,AVBR,AVH,AVB
1140,5031070,14834.0,16298.0,-1590.0,1515705,4953888,1515054,4923456,AVHR,PVPL,AVH,PVP
1141,5031408,17564.0,7842.0,8880.0,1515705,4954812,1515794,4961539,AVHR,RIR,AVH,RIR
1142,5031083,12196.0,6316.0,9990.0,1514206,4876145,1514882,4915286,AVJL,PVCL,AVJ,PVC
1143,5031083,12196.0,6316.0,9990.0,1514206,4876145,1515817,4962497,AVJL,AVBL,AVJ,AVB
1144,5031082,12104.0,15906.0,1740.0,1514206,4876382,1514783,4908174,AVJL,AVBR,AVJ,AVB
1145,5031082,12104.0,15906.0,1740.0,1514206,4876382,1514415,4888139,AVJL,PVCR,AVJ,PVC
1146,5031081,12862.0,16274.0,1590.0,1514206,4877073,1514678,4901998,AVJL,RIFR,AVJ,RIF
1147,5031081,12862.0,16274.0,1590.0,1514206,4877073,1514783,4909473,AVJL,AVBR,AVJ,AVB
1148,5031091,14228.0,15800.0,1050.0,1514982,4919659,1515817,4962183,AVJR,AVBL,AVJ,AVB
1149,5031091,14228.0,15800.0,1050.0,1514982,4919659,1515489,4943193,AVJR,RIS,AVJ,RIS
1150,5031091,14228.0,15800.0,1050.0,1514982,4919659,1515489,4943199,AVJR,RIS,AVJ,RIS
1151,5031088,14754.0,13046.0,5430.0,1514982,4919804,1514783,4908636,AVJR,AVBR,AVJ,AVB
1152,5031088,14754.0,13046.0,5430.0,1514982,4919804,1514882,4915116,AVJR,PVCL,AVJ,PVC
1153,5031089,14534.0,13030.0,5040.0,1514982,4919791,1514783,4908648,AVJR,AVBR,AVJ,AVB
1154,5031089,14534.0,13030.0,5040.0,1514982,4919791,1514882,4915103,AVJR,PVCL,AVJ,PVC
1155,5031090,14454.0,15744.0,990.0,1514982,4919657,1515817,4962181,AVJR,AVBL,AVJ,AVB
1156,5031090,14454.0,15744.0,990.0,1514982,4919657,1514993,4920256,AVJR,ASHL,AVJ,ASH
1157,5031090,14454.0,15744.0,990.0,1514982,4919657,1515973,4971036,AVJR,RIFL,AVJ,RIF
1158,5031100,11930.0,13572.0,8070.0,1515732,4957246,1515238,4933338,AVKL,RIML,AVK,RIM
1159,5031100,11930.0,13572.0,8070.0,1515732,4957246,1513618,4859750,AVKL,AVEL,AVK,AVE
1160,5031110,14466.0,13442.0,7230.0,1515732,4956917,1513068,4835747,AVKL,AIBR,AVK,AIB
1161,5031110,14466.0,13442.0,7230.0,1515732,4956917,1513959,4866348,AVKL,AVER,AVK,AVE
1162,5031098,12390.0,14334.0,4020.0,1515732,4957376,1514545,4894642,AVKL,PVT,AVK,PVT
1163,5031098,12390.0,14334.0,4020.0,1515732,4957376,1515554,4944820,AVKL,RIGR,AVK,RIG
1164,5031098,12390.0,14334.0,4020.0,1515732,4957376,1514031,4870284,AVKL,AVL,AVK,AVL
1165,5031112,7394.0,6854.0,10530.0,1515732,4957117,1515554,4944531,AVKL,RIGR,AVK,RIG
1166,5031112,7394.0,6854.0,10530.0,1515732,4957117,1512996,4832385,AVKL,SAADR,AVK,SAAD
1167,5031101,9320.0,12356.0,9840.0,1515732,4957188,1512996,4832346,AVKL,SAADR,AVK,SAAD
1168,5031101,9320.0,12356.0,9840.0,1515732,4957188,1515238,4933285,AVKL,RIML,AVK,RIM
1169,5031111,13508.0,4702.0,12000.0,1515732,4958115,1513201,4842005,AVKL,RIMR,AVK,RIM
1170,5031111,13508.0,4702.0,12000.0,1515732,4958115,1513959,4866109,AVKL,AVER,AVK,AVE
1171,5031109,17596.0,11238.0,10440.0,1515732,4957022,1515366,4937001,AVKL,RMDL,AVK,RMDL/R
1172,5031109,17596.0,11238.0,10440.0,1515732,4957022,1513201,4841861,AVKL,RIMR,AVK,RIM
1173,5031117,16982.0,6448.0,11790.0,1515732,5031118,1513201,4841983,AVKL,RIMR,AVK,RIM
1174,5031117,16982.0,6448.0,11790.0,1515732,5031118,1515489,4942286,AVKL,RIS,AVK,RIS
1175,5031117,16982.0,6448.0,11790.0,1515732,5031118,1515366,4937095,AVKL,RMDL,AVK,RMDL/R
1176,5031102,8180.0,10944.0,10770.0,1515732,4957160,1513377,4847793,AVKL,RMGR,AVK,RMG
1177,5031102,8180.0,10944.0,10770.0,1515732,4957160,1512996,4832828,AVKL,SAADR,AVK,SAAD
1178,5031108,10184.0,5066.0,10860.0,1515732,4957096,1512996,4832410,AVKL,SAADR,AVK,SAAD
1179,5031108,10184.0,5066.0,10860.0,1515732,4957096,1514094,4872903,AVKL,SAADL,AVK,SAAD
1180,5031128,12440.0,13750.0,7350.0,1515718,4956190,1514476,4892757,AVKR,AIBL,AVK,AIB
1181,5031128,12440.0,13750.0,7350.0,1515718,4956190,1513618,4859789,AVKR,AVEL,AVK,AVE
1182,5031142,11258.0,4910.0,11460.0,1515718,4956663,1515238,4933383,AVKR,RIML,AVK,RIM
1183,5031142,11258.0,4910.0,11460.0,1515718,4956663,1513618,4859548,AVKR,AVEL,AVK,AVE
1184,5031131,9084.0,12182.0,10350.0,1515718,4956093,1515238,4933268,AVKR,RIML,AVK,RIM
1185,5031131,9084.0,12182.0,10350.0,1515718,4956093,1512886,4828603,AVKR,RMDR,AVK,RMDL/R
1186,5031131,9084.0,12182.0,10350.0,1515718,4956093,1515732,4957174,AVKR,AVKL,AVK,AVK
1187,5031138,14008.0,14700.0,1980.0,1515718,4955684,1513959,4866520,AVKR,AVER,AVK,AVE
1188,5031138,14008.0,14700.0,1980.0,1515718,4955684,1515054,4924147,AVKR,PVPL,AVK,PVP
1189,5031136,15468.0,12546.0,8280.0,1515718,4955890,1513201,4841937,AVKR,RIMR,AVK,RIM
1190,5031136,15468.0,12546.0,8280.0,1515718,4955890,1514094,4872763,AVKR,SAADL,AVK,SAAD
1191,5031132,7552.0,6754.0,11190.0,1515718,4956042,1512886,4828180,AVKR,RMDR,AVK,RMDL/R
1192,5031132,7552.0,6754.0,11190.0,1515718,4956042,1515238,4933219,AVKR,RIML,AVK,RIM
1193,5031139,12930.0,4682.0,11130.0,1515718,4956006,1514094,4872875,AVKR,SAADL,AVK,SAAD
1194,5031139,12930.0,4682.0,11130.0,1515718,4956006,1513959,4866080,AVKR,AVER,AVK,AVE
1195,5031133,18098.0,8090.0,11130.0,1515718,4955981,1513201,4841802,AVKR,RIMR,AVK,RIM
1196,5031133,18098.0,8090.0,11130.0,1515718,4955981,1513045,4833867,AVKR,RMGL,AVK,RMG
1197,5031133,18098.0,8090.0,11130.0,1515718,4955981,1515366,4937076,AVKR,RMDL,AVK,RMDL/R
1198,5031133,18098.0,8090.0,11130.0,1515718,4955981,1515629,4948911,AVKR,SAAVL,AVK,SAAV
1199,5031126,11074.0,15002.0,1590.0,1515718,4956372,1515489,4942721,AVKR,RIS,AVK,RIS
1200,5031126,11074.0,15002.0,1590.0,1515718,4956372,1514562,4895873,AVKR,SIADR,AVK,SIAD
1201,5031151,7576.0,9482.0,11730.0,1514031,4870039,1512756,4820170,AVL,RMER,AVL,RMEL/R
1202,5031151,7576.0,9482.0,11730.0,1514031,4870039,1515489,4942382,AVL,RIS,AVL,RIS
1203,5031152,7672.0,10166.0,11880.0,1514031,4870044,1512756,4820169,AVL,RMER,AVL,RMEL/R
1204,5031152,7672.0,10166.0,11880.0,1514031,4870044,1515489,4942387,AVL,RIS,AVL,RIS
1205,5031162,12983.0,15209.0,1770.0,1514850,4914124,1513572,4858047,AVM,ADER,AVM,ADE
1206,5031158,12912.0,15840.0,1710.0,1514850,4913931,1514783,4908173,AVM,AVBR,AVM,AVB
1207,5031158,12912.0,15840.0,1710.0,1514850,4913931,1515817,4962841,AVM,AVBL,AVM,AVB
1208,5031159,12792.0,15824.0,1560.0,1514850,4913927,1512837,4824533,AVM,PVPR,AVM,PVP
1209,5031159,12792.0,15824.0,1560.0,1514850,4913927,1515489,4943151,AVM,RIS,AVM,RIS
1210,5031159,12792.0,15824.0,1560.0,1514850,4913927,1515817,4962845,AVM,AVBL,AVM,AVB
1211,5031154,11118.0,14706.0,3660.0,1514850,4914005,1513468,4852581,AVM,PVR,AVM,PVR
1212,5031154,11118.0,14706.0,3660.0,1514850,4914005,1514371,4884470,AVM,AVDL,AVM,AVD
1213,5031164,11075.0,14605.0,3870.0,1514850,4914012,1515817,4962771,AVM,AVBL,AVM,AVB
1214,5031164,11075.0,14605.0,3870.0,1514850,4914012,1514371,4884477,AVM,AVDL,AVM,AVD
1215,5031164,11075.0,14605.0,3870.0,1514850,4914012,1513468,4852574,AVM,PVR,AVM,PVR
1216,5031165,11352.0,15014.0,3210.0,1514850,4913990,1515817,4962791,AVM,AVBL,AVM,AVB
1217,5031165,11352.0,15014.0,3210.0,1514850,4913990,1514371,4884456,AVM,AVDL,AVM,AVD
1218,5031165,11352.0,15014.0,3210.0,1514850,4913990,1513468,4852596,AVM,PVR,AVM,PVR
1219,5031161,12668.0,15964.0,1560.0,1514850,4913927,1515817,4962845,AVM,AVBL,AVM,AVB
1220,5031161,12668.0,15964.0,1560.0,1514850,4913927,1515489,4943151,AVM,RIS,AVM,RIS
1221,5031157,12166.0,16246.0,810.0,1514850,4913902,1514206,4876412,AVM,AVJL,AVM,AVJ
1222,5031157,12166.0,16246.0,810.0,1514850,4913902,1513131,4837746,AVM,BDUR,AVM,BDU
1223,5031155,11812.0,15630.0,2130.0,1514850,4913955,1514415,4888152,AVM,PVCR,AVM,PVC
1224,5031156,12314.0,15890.0,1500.0,1514850,4913925,1514415,4888131,AVM,PVCR,AVM,PVC
1225,5031156,12314.0,15890.0,1500.0,1514850,4913925,1514423,4888837,AVM,AVHL,AVM,AVH
1226,5031186,15034.0,14480.0,5190.0,1515117,4927315,1515008,4920862,AWAL,AUAL,AWA,AUA
1227,5031186,15034.0,14480.0,5190.0,1515117,4927315,1514404,4887238,AWAL,AFDL,AWA,AFD
1228,5031167,12368.0,5230.0,8730.0,1515117,4927478,1515172,4929983,AWAL,AIAL,AWA,AIA
1229,5031189,15148.0,16170.0,660.0,1515117,4927165,1515172,4929631,AWAL,AIAL,AWA,AIA
1230,5031189,15148.0,16170.0,660.0,1515117,4927165,1513992,4868489,AWAL,AIZL,AWA,AIZ
1231,5031190,16180.0,6226.0,9060.0,1515117,4927450,1515096,4926783,AWAL,ASEL,AWA,ASE
1232,5031190,16180.0,6226.0,9060.0,1515117,4927450,1515172,4929934,AWAL,AIAL,AWA,AIA
1233,5031181,17642.0,10044.0,8070.0,1515117,4927498,1513992,4869125,AWAL,AIZL,AWA,AIZ
1234,5031183,15946.0,13082.0,6570.0,1515117,4927358,1514404,4887283,AWAL,AFDL,AWA,AFD
1235,5031183,15946.0,13082.0,6570.0,1515117,4927358,1513992,4868804,AWAL,AIZL,AWA,AIZ
1236,5031171,12348.0,5304.0,9270.0,1515117,4927465,1515039,4923356,AWAL,AWBL,AWA,AWB
1237,5031171,12348.0,5304.0,9270.0,1515117,4927465,1514893,4916853,AWAL,AIZR,AWA,AIZ
1238,5031173,16976.0,7016.0,8700.0,1515117,4927438,1515039,4923330,AWAL,AWBL,AWA,AWB
1239,5031173,16976.0,7016.0,8700.0,1515117,4927438,1513992,4868974,AWAL,AIZL,AWA,AIZ
1240,5031180,17338.0,8804.0,7740.0,1515117,4927407,1513992,4869112,AWAL,AIZL,AWA,AIZ
1241,5031180,17338.0,8804.0,7740.0,1515117,4927407,1515039,4923394,AWAL,AWBL,AWA,AWB
1242,5031182,17602.0,10264.0,7950.0,1515117,4927494,1515039,4923297,AWAL,AWBL,AWA,AWB
1243,5031182,17602.0,10264.0,7950.0,1515117,4927494,1513992,4868922,AWAL,AIZL,AWA,AIZ
1244,5031185,15372.0,13550.0,6090.0,1515117,4927343,1515039,4923232,AWAL,AWBL,AWA,AWB
1245,5031185,15372.0,13550.0,6090.0,1515117,4927343,1513992,4868702,AWAL,AIZL,AWA,AIZ
1246,5031191,16892.0,11460.0,7470.0,1515117,4927388,1513992,4868863,AWAL,AIZL,AWA,AIZ
1247,5031191,16892.0,11460.0,7470.0,1515117,4927388,1515039,4923281,AWAL,AWBL,AWA,AWB
1248,5031187,14806.0,14946.0,4740.0,1515117,4927300,1514960,4918680,AWAL,AIYL,AWA,AIY
1249,5031187,14806.0,14946.0,4740.0,1515117,4927300,1515756,4959700,AWAL,RIBL,AWA,RIB
1250,5031195,11548.0,5384.0,8760.0,1514801,4909951,1514916,4917356,AWAR,AIAR,AWA,AIA
1251,5031203,12426.0,15742.0,4200.0,1514801,4909752,1514893,4916494,AWAR,AIZR,AWA,AIZ
1252,5031207,8065.0,11081.0,8130.0,1514801,5031206,1513864,4862884,AWAR,ADLR,AWA,ADL
1253,5031207,8065.0,11081.0,8130.0,1514801,5031206,1514655,4901296,AWAR,ASER,AWA,ASE
1254,5031201,10752.0,14366.0,6750.0,1514801,4909834,1514655,4900945,AWAR,ASER,AWA,ASE
1255,5031201,10752.0,14366.0,6750.0,1514801,4909834,1514728,4905612,AWAR,AFDR,AWA,AFD
1256,5031196,7386.0,7318.0,8280.0,1514801,4909926,1514893,4916733,AWAR,AIZR,AWA,AIZ
1257,5031196,7386.0,7318.0,8280.0,1514801,4909926,1514655,4901016,AWAR,ASER,AWA,ASE
1258,5031200,10626.0,14208.0,7110.0,1514801,4909845,1514655,4900957,AWAR,ASER,AWA,ASE
1259,5031200,10626.0,14208.0,7110.0,1514801,4909845,1514893,4916880,AWAR,AIZR,AWA,AIZ
1260,5031200,10626.0,14208.0,7110.0,1514801,4909845,1514728,4905624,AWAR,AFDR,AWA,AFD
1261,5049109,8270.0,11396.0,8730.0,1514801,4909899,1515649,4949999,AWAR,ADFR,AWA,ADF
1262,5049109,8270.0,11396.0,8730.0,1514801,4909899,1514222,4877198,AWAR,AWBR,AWA,AWB
1263,5031198,8298.0,11340.0,8430.0,1514801,4909889,1513864,4862900,AWAR,ADLR,AWA,ADL
1264,5031198,8298.0,11340.0,8430.0,1514801,4909889,1514222,4877202,AWAR,AWBR,AWA,AWB
1265,5031199,9238.0,12952.0,8040.0,1514801,4909876,1514893,4916674,AWAR,AIZR,AWA,AIZ
1266,5031199,9238.0,12952.0,8040.0,1514801,4909876,1514222,4877175,AWAR,AWBR,AWA,AWB
1267,5031204,11992.0,16670.0,1740.0,1514801,4909672,1514655,4900785,AWAR,ASER,AWA,ASE
1268,5031204,11992.0,16670.0,1740.0,1514801,4909672,1514222,4877402,AWAR,AWBR,AWA,AWB
1269,5031202,11222.0,14826.0,6180.0,1514801,4909815,1514222,4877113,AWAR,AWBR,AWA,AWB
1270,5031202,11222.0,14826.0,6180.0,1514801,4909815,1514728,4905593,AWAR,AFDR,AWA,AFD
1271,5031202,11222.0,14826.0,6180.0,1514801,4909815,1512976,4831600,AWAR,AIYR,AWA,AIY
1272,5031202,11222.0,14826.0,6180.0,1514801,4909815,1514655,4900926,AWAR,ASER,AWA,ASE
1273,5031194,11856.0,5372.0,9120.0,1514801,4909965,1515117,4927460,AWAR,AWAL,AWA,AWA
1274,5031194,11856.0,5372.0,9120.0,1514801,4909965,1514222,4877270,AWAR,AWBR,AWA,AWB
1275,5031266,16530.0,6546.0,9210.0,1515039,4923347,1515259,4933918,AWBL,ADFL,AWB,ADF
1276,5031266,16530.0,6546.0,9210.0,1515039,4923347,1513992,4868990,AWBL,AIZL,AWB,AIZ
1277,5031267,17388.0,8884.0,8040.0,1515039,4923384,1515259,4933880,AWBL,ADFL,AWB,ADF
1278,5031267,17388.0,8884.0,8040.0,1515039,4923384,1513992,4868934,AWBL,AIZL,AWB,AIZ
1279,5031270,17502.0,9224.0,7860.0,1515039,4923390,1513992,4869108,AWBL,AIZL,AWB,AIZ
1280,5031270,17502.0,9224.0,7860.0,1515039,4923390,1515259,5031268,AWBL,ADFL,AWB,ADF
1281,5031271,17456.0,10668.0,7890.0,1515039,4923295,1515259,4933864,AWBL,ADFL,AWB,ADF
1282,5031271,17456.0,10668.0,7890.0,1515039,4923295,1513992,4868920,AWBL,AIZL,AWB,AIZ
1283,5031272,15058.0,13720.0,5970.0,1515039,4923228,1513992,4868706,AWBL,AIZL,AWB,AIZ
1284,5031272,15058.0,13720.0,5970.0,1515039,4923228,1515259,4933801,AWBL,ADFL,AWB,ADF
1285,5031210,13094.0,5198.0,9510.0,1515039,4923378,1515096,4926919,AWBL,ASEL,AWB,ASE
1286,5031210,13094.0,5198.0,9510.0,1515039,4923378,1515259,4933934,AWBL,ADFL,AWB,ADF
1287,5031274,14442.0,15060.0,4290.0,1515039,4923172,1513992,4868602,AWBL,AIZL,AWB,AIZ
1288,5031276,16257.0,12637.0,6960.0,1515039,4923261,1513992,5031277,AWBL,AIZL,AWB,AIZ
1289,5031283,8506.0,11690.0,8580.0,1514222,4877193,1515649,4949994,AWBR,ADFR,AWB,ADF
1290,5031281,10984.0,5622.0,9360.0,1514222,4877259,1514655,4901063,AWBR,ASER,AWB,ASE
1291,5031281,10984.0,5622.0,9360.0,1514222,4877259,1515649,4950074,AWBR,ADFR,AWB,ADF
1292,5031289,11156.0,14256.0,6720.0,1514222,4877131,1514520,4893924,AWBR,SMBVR,AWB,SMBV
1293,5031289,11156.0,14256.0,6720.0,1514222,4877131,1515649,4949933,AWBR,ADFR,AWB,ADF
1294,5031289,11156.0,14256.0,6720.0,1514222,4877131,1514423,4888573,AWBR,AVHL,AWB,AVH
1295,5031285,7854.0,6648.0,8580.0,1514222,4877278,1514893,4916746,AWBR,AIZR,AWB,AIZ
1296,5031285,7854.0,6648.0,8580.0,1514222,4877278,1515649,4950043,AWBR,ADFR,AWB,ADF
1297,5031290,12224.0,15166.0,5490.0,1514222,4877092,1515649,4949897,AWBR,ADFR,AWB,ADF
1298,5031290,12224.0,15166.0,5490.0,1514222,4877092,1514893,4916535,AWBR,AIZR,AWB,AIZ
1299,5031282,7628.0,9592.0,8220.0,1514222,4877215,1515649,4950016,AWBR,ADFR,AWB,ADF
1300,5031282,7628.0,9592.0,8220.0,1514222,4877215,1514893,4916715,AWBR,AIZR,AWB,AIZ
1301,5031282,7628.0,9592.0,8220.0,1514222,4877215,1514916,4917297,AWBR,AIAR,AWB,AIA
1302,5031282,7628.0,9592.0,8220.0,1514222,4877215,1513116,4837033,AWBR,ASHR,AWB,ASH
1303,5031287,11110.0,14032.0,7110.0,1514222,4877144,1514383,4885885,AWBR,SMBDR,AWB,SMBD
1304,5031287,11110.0,14032.0,7110.0,1514222,4877144,1514893,4916611,AWBR,AIZR,AWB,AIZ
1305,5031287,11110.0,14032.0,7110.0,1514222,4877144,1513587,4858355,AWBR,RIAR,AWB,RIA
1306,5031287,11110.0,14032.0,7110.0,1514222,4877144,1515554,4944696,AWBR,RIGR,AWB,RIG
1307,5031280,11896.0,5338.0,9510.0,1514222,4877264,1514893,4916845,AWBR,AIZR,AWB,AIZ
1308,5031280,11896.0,5338.0,9510.0,1514222,4877264,1515705,4954841,AWBR,AVHR,AWB,AVH
1309,5031307,17628.0,8538.0,7260.0,1515340,4936571,1515779,4960629,AWCL,ADLL,AWC,ADL
1310,5031307,17628.0,8538.0,7260.0,1515340,4936571,1514476,4892422,AWCL,AIBL,AWC,AIB
1311,5031307,17628.0,8538.0,7260.0,1515340,4936571,1515172,4929869,AWCL,AIAL,AWC,AIA
1312,5031301,13038.0,4414.0,8880.0,1515340,4936657,1514960,4918932,AWCL,AIYL,AWC,AIY
1313,5031301,13038.0,4414.0,8880.0,1515340,4936657,1514476,4892499,AWCL,AIBL,AWC,AIB
1314,5031302,13470.0,4554.0,8880.0,1515340,4936657,1514960,4918932,AWCL,AIYL,AWC,AIY
1315,5031302,13470.0,4554.0,8880.0,1515340,4936657,1514476,4892499,AWCL,AIBL,AWC,AIB
1316,5031311,16012.0,13608.0,5790.0,1515340,4936489,1514960,4918745,AWCL,AIYL,AWC,AIY
1317,5031311,16012.0,13608.0,5790.0,1515340,4936489,1514476,4892359,AWCL,AIBL,AWC,AIB
1318,5031306,17614.0,7950.0,7560.0,1515340,4936581,1514476,4892432,AWCL,AIBL,AWC,AIB
1319,5031306,17614.0,7950.0,7560.0,1515340,4936581,1515993,4972682,AWCL,ASIL,AWC,ASI
1320,5031296,7330.0,6290.0,8040.0,1515340,4936713,1514695,4903375,AWCL,AWCR,AWC,AWC
1321,5031296,7330.0,6290.0,8040.0,1515340,4936713,1513068,4835447,AWCL,AIBR,AWC,AIB
1322,5031296,7330.0,6290.0,8040.0,1515340,4936713,1514916,4917387,AWCL,AIAR,AWC,AIA
1323,5031312,14756.0,15622.0,3570.0,1515340,4936418,1514960,4918642,AWCL,AIYL,AWC,AIY
1324,5031294,7284.0,11632.0,7920.0,1515340,4936733,1512976,4831512,AWCL,AIYR,AWC,AIY
1325,5031294,7284.0,11632.0,7920.0,1515340,4936733,1513068,4835427,AWCL,AIBR,AWC,AIB
1326,5031299,10406.0,4594.0,8880.0,1515340,4936665,1513068,4835474,AWCL,AIBR,AWC,AIB
1327,5031299,10406.0,4594.0,8880.0,1515340,4936665,1512976,4832073,AWCL,AIYR,AWC,AIY
1328,5031291,10960.0,15212.0,6390.0,1515340,4936798,1514695,4903289,AWCL,AWCR,AWC,AWC
1329,5031291,10960.0,15212.0,6390.0,1515340,4936798,1512976,4831594,AWCL,AIYR,AWC,AIY
1330,5031292,9208.0,13500.0,7620.0,1515340,4936759,1514695,4903329,AWCL,AWCR,AWC,AWC
1331,5031292,9208.0,13500.0,7620.0,1515340,4936759,1512976,4831546,AWCL,AIYR,AWC,AIY
1332,5031295,6602.0,9802.0,7920.0,1515340,4936732,1512976,4831500,AWCL,AIYR,AWC,AIY
1333,5031295,6602.0,9802.0,7920.0,1515340,4936732,1514916,4917287,AWCL,AIAR,AWC,AIA
1334,5031295,6602.0,9802.0,7920.0,1515340,4936732,1514695,4903708,AWCL,AWCR,AWC,AWC
1335,5031293,7128.0,11436.0,7890.0,1515340,4936748,1514695,4903712,AWCL,AWCR,AWC,AWC
1336,5031293,7128.0,11436.0,7890.0,1515340,4936748,1513068,4835426,AWCL,AIBR,AWC,AIB
1337,5031293,7128.0,11436.0,7890.0,1515340,4936748,1512976,4831513,AWCL,AIYR,AWC,AIY
1338,5031297,6784.0,10880.0,7860.0,1515340,4936735,1512976,4831514,AWCL,AIYR,AWC,AIY
1339,5031297,6784.0,10880.0,7860.0,1515340,4936735,1513068,4835423,AWCL,AIBR,AWC,AIB
1340,5031297,6784.0,10880.0,7860.0,1515340,4936735,1514695,4903706,AWCL,AWCR,AWC,AWC
1341,5031300,10654.0,4490.0,8790.0,1515340,4936662,1513068,4835471,AWCL,AIBR,AWC,AIB
1342,5031300,10654.0,4490.0,8790.0,1515340,4936662,1514695,4903682,AWCL,AWCR,AWC,AWC
1343,5031300,10654.0,4490.0,8790.0,1515340,4936662,1512976,4832076,AWCL,AIYR,AWC,AIY
1344,5031309,17398.0,11430.0,7020.0,1515340,4936530,1514960,4918792,AWCL,AIYL,AWC,AIY
1345,5031309,17398.0,11430.0,7020.0,1515340,4936530,1514695,4903517,AWCL,AWCR,AWC,AWC
1346,5031298,10074.0,4798.0,8460.0,1515340,4936681,1514916,4917374,AWCL,AIAR,AWC,AIA
1347,5031298,10074.0,4798.0,8460.0,1515340,4936681,1514695,4903392,AWCL,AWCR,AWC,AWC
1348,5031303,16162.0,5618.0,8880.0,1515340,4936622,1514695,4903453,AWCL,AWCR,AWC,AWC
1349,5031303,16162.0,5618.0,8880.0,1515340,4936622,1514476,4892476,AWCL,AIBL,AWC,AIB
1350,5031308,18090.0,9648.0,7230.0,1515340,4936562,1514476,4892421,AWCL,AIBL,AWC,AIB
1351,5031308,18090.0,9648.0,7230.0,1515340,4936562,1514695,4903509,AWCL,AWCR,AWC,AWC
1352,5031310,16292.0,13054.0,6210.0,1515340,4936503,1514960,4918759,AWCL,AIYL,AWC,AIY
1353,5031310,16292.0,13054.0,6210.0,1515340,4936503,1513992,4868797,AWCL,AIZL,AWC,AIZ
1354,5031310,16292.0,13054.0,6210.0,1515340,4936503,1514695,4903545,AWCL,AWCR,AWC,AWC
1355,5031319,17932.0,8348.0,7650.0,1514695,4903495,1515172,4929887,AWCR,AIAL,AWC,AIA
1356,5031330,6942.0,10152.0,7890.0,1514695,4903707,1514893,4916728,AWCR,AIZR,AWC,AIZ
1357,5031330,6942.0,10152.0,7890.0,1514695,4903707,1514916,4917286,AWCR,AIAR,AWC,AIA
1358,5031340,11392.0,15780.0,4980.0,1514695,4903243,1514916,4917163,AWCR,AIAR,AWC,AIA
1359,5031329,7974.0,11848.0,7530.0,1514695,4903343,1514916,4917249,AWCR,AIAR,AWC,AIA
1360,5031329,7974.0,11848.0,7530.0,1514695,4903343,1514644,4900564,AWCR,ASGR,AWC,ASG
1361,5031321,16708.0,6070.0,8820.0,1514695,4903455,1514476,4892474,AWCR,AIBL,AWC,AIB
1362,5031321,16708.0,6070.0,8820.0,1514695,4903455,1515172,4929926,AWCR,AIAL,AWC,AIA
1363,5031326,12260.0,4450.0,8700.0,1514695,4903673,1514476,4892505,AWCR,AIBL,AWC,AIB
1364,5031326,12260.0,4450.0,8700.0,1514695,4903673,1515172,4929982,AWCR,AIAL,AWC,AIA
1365,5031317,17740.0,11210.0,7140.0,1514695,4903513,1514960,4918796,AWCR,AIYL,AWC,AIY
1366,5031317,17740.0,11210.0,7140.0,1514695,4903513,1514476,4892414,AWCR,AIBL,AWC,AIB
1367,5031317,17740.0,11210.0,7140.0,1514695,4903513,1513992,4868889,AWCR,AIZL,AWC,AIZ
1368,5031316,16238.0,13484.0,6030.0,1514695,4903551,1515340,4936497,AWCR,AWCL,AWC,AWC
1369,5031316,16238.0,13484.0,6030.0,1514695,4903551,1514655,4901227,AWCR,ASER,AWC,ASE
1370,5031316,16238.0,13484.0,6030.0,1514695,4903551,1514960,4918753,AWCR,AIYL,AWC,AIY
1371,5031316,16238.0,13484.0,6030.0,1514695,4903551,1514476,4892367,AWCR,AIBL,AWC,AIB
1372,5031318,18096.0,10112.0,7140.0,1514695,4903513,1515340,4936559,AWCR,AWCL,AWC,AWC
1373,5031318,18096.0,10112.0,7140.0,1514695,4903513,1514476,4892414,AWCR,AIBL,AWC,AIB
1374,5031328,7008.0,7040.0,8040.0,1514695,4903368,1513068,4835447,AWCR,AIBR,AWC,AIB
1375,5031328,7008.0,7040.0,8040.0,1514695,4903368,1514916,4917387,AWCR,AIAR,AWC,AIA
1376,5031315,15192.0,15490.0,4140.0,1514695,4903614,1514960,4918661,AWCR,AIYL,AWC,AIY
1377,5031315,15192.0,15490.0,4140.0,1514695,4903614,1514476,4892289,AWCR,AIBL,AWC,AIB
1378,5031315,15192.0,15490.0,4140.0,1514695,4903614,1514944,4917915,AWCR,AINR,AWC,AIN
1379,5031322,15832.0,5546.0,9030.0,1514695,4903448,1515172,4929942,AWCR,AIAL,AWC,AIA
1380,5031322,15832.0,5546.0,9030.0,1514695,4903448,1513992,4868997,AWCR,AIZL,AWC,AIZ
1381,5031335,9950.0,14426.0,6690.0,1514695,4903298,1514655,4900943,AWCR,ASER,AWC,ASE
1382,5031335,9950.0,14426.0,6690.0,1514695,4903298,1513068,4835374,AWCR,AIBR,AWC,AIB
1383,5031331,7854.0,11928.0,8070.0,1514695,4903718,1514655,4901294,AWCR,ASER,AWC,ASE
1384,5031331,7854.0,11928.0,8070.0,1514695,4903718,1513068,4835432,AWCR,AIBR,AWC,AIB
1385,5031331,7854.0,11928.0,8070.0,1514695,4903718,1515096,4926888,AWCR,ASEL,AWC,ASE
1386,5031332,8178.0,12176.0,8040.0,1514695,4903717,1514655,4901293,AWCR,ASER,AWC,ASE
1387,5031332,8178.0,12176.0,8040.0,1514695,4903717,1512976,4831531,AWCR,AIYR,AWC,AIY
1388,5031334,10500.0,14766.0,6780.0,1514695,4903301,1514655,4900946,AWCR,ASER,AWC,ASE
1389,5031334,10500.0,14766.0,6780.0,1514695,4903301,1512976,4831581,AWCR,AIYR,AWC,AIY
1390,5031336,10798.0,15076.0,6300.0,1514695,4903286,1515340,5031339,AWCR,AWCL,AWC,AWC
1391,5031336,10798.0,15076.0,6300.0,1514695,4903286,1514655,4900930,AWCR,ASER,AWC,ASE
1392,5031336,10798.0,15076.0,6300.0,1514695,4903286,1512976,5031338,AWCR,AIYR,AWC,AIY
1393,5031336,10798.0,15076.0,6300.0,1514695,4903286,1513068,4835353,AWCR,AIBR,AWC,AIB
1394,5031323,13484.0,4566.0,8370.0,1514695,4903419,1515172,4929975,AWCR,AIAL,AWC,AIA
1395,5031323,13484.0,4566.0,8370.0,1514695,4903419,1515779,4960701,AWCR,ADLL,AWC,ADL
1396,5031323,13484.0,4566.0,8370.0,1514695,4903419,1515340,4936647,AWCR,AWCL,AWC,AWC
1397,5031327,9940.0,5070.0,8430.0,1514695,4903393,1515340,4936682,AWCR,AWCL,AWC,AWC
1398,5031327,9940.0,5070.0,8430.0,1514695,4903393,1514916,4917375,AWCR,AIAR,AWC,AIA
1399,5031341,6797.0,9813.0,7800.0,1514695,4903704,1514269,4879552,AWCR,ASIR,AWC,ASI
1400,5031341,6797.0,9813.0,7800.0,1514695,4903704,1514916,4917283,AWCR,AIAR,AWC,AIA
1401,5031341,6797.0,9813.0,7800.0,1514695,4903704,1515340,4936737,AWCR,AWCL,AWC,AWC
1402,5031324,10984.0,4542.0,8700.0,1514695,4903679,1513068,4835468,AWCR,AIBR,AWC,AIB
1403,5031324,10984.0,4542.0,8700.0,1514695,4903679,1515340,4936673,AWCR,AWCL,AWC,AWC
1404,5031345,7720.0,11278.0,9660.0,1513015,4833141,1515554,4944457,BAGL,RIGR,BAG,RIG
1405,5031345,7720.0,11278.0,9660.0,1513015,4833141,1513587,4858982,BAGL,RIAR,BAG,RIA
1406,5031348,9648.0,12910.0,9180.0,1513015,4833081,1515554,4944432,BAGL,RIGR,BAG,RIG
1407,5031348,9648.0,12910.0,9180.0,1513015,4833081,1513587,4858285,BAGL,RIAR,BAG,RIA
1408,5031378,8987.0,12619.0,9240.0,1513015,4833079,1515554,4813920,BAGL,RIGR,BAG,RIG
1409,5031378,8987.0,12619.0,9240.0,1513015,4833079,1513587,4858279,BAGL,RIAR,BAG,RIA
1410,5031343,7288.0,11572.0,9060.0,1513015,4833162,1514932,4917626,BAGL,AINL,BAG,AIN
1411,5031343,7288.0,11572.0,9060.0,1513015,4833162,1513225,4842643,BAGL,RIBR,BAG,RIB
1412,5031349,9486.0,5220.0,9630.0,1513015,4833001,1513959,4867250,BAGL,AVER,BAG,AVE
1413,5031349,9486.0,5220.0,9630.0,1513015,4833001,1513225,4842863,BAGL,RIBR,BAG,RIB
1414,5031375,9672.0,5102.0,9810.0,1513015,4832995,1513225,4842869,BAGL,RIBR,BAG,RIB
1415,5031375,9672.0,5102.0,9810.0,1513015,4832995,1513959,4867244,BAGL,AVER,BAG,AVE
1416,5031377,10040.0,4994.0,9900.0,1513015,4832992,1513225,4842895,BAGL,RIBR,BAG,RIB
1417,5031377,10040.0,4994.0,9900.0,1513015,4832992,1513959,5030849,BAGL,AVER,BAG,AVE
1418,5031380,10607.0,4848.0,10020.0,1513015,4832988,1513959,4866037,BAGL,AVER,BAG,AVE
1419,5031380,10607.0,4848.0,10020.0,1513015,4832988,1513225,4842881,BAGL,RIBR,BAG,RIB
1420,5031344,7404.0,11622.0,9240.0,1513015,4833157,1513587,4858277,BAGL,RIAR,BAG,RIA
1421,5031344,7404.0,11622.0,9240.0,1513015,4833157,1513225,4842650,BAGL,RIBR,BAG,RIB
1422,5031347,9832.0,13466.0,9060.0,1513015,4833095,1513225,4842428,BAGL,RIBR,BAG,RIB
1423,5031347,9832.0,13466.0,9060.0,1513015,4833095,1513587,4858292,BAGL,RIAR,BAG,RIA
1424,5031383,10945.0,14252.0,8160.0,1513015,4833126,1513587,4858320,BAGL,RIAR,BAG,RIA
1425,5031383,10945.0,14252.0,8160.0,1513015,4833126,1513225,4842399,BAGL,RIBR,BAG,RIB
1426,5049113,18228.0,7980.0,8730.0,1512952,4830688,1515912,4967706,BAGR,RIAL,BAG,RIA
1427,5049113,18228.0,7980.0,8730.0,1512952,4830688,1515674,4951801,BAGR,AVAL,BAG,AVA
1428,5031391,18344.0,10956.0,9000.0,1512952,4830698,1512791,4822487,BAGR,RIGL,BAG,RIG
1429,5031391,18344.0,10956.0,9000.0,1512952,4830698,1515912,4968492,BAGR,RIAL,BAG,RIA
1430,5031411,14448.0,4780.0,10050.0,1512952,4830639,1515756,4960087,BAGR,RIBL,BAG,RIB
1431,5031411,14448.0,4780.0,10050.0,1512952,4830639,1513618,4860708,BAGR,AVEL,BAG,AVE
1432,15137542,14656.0,4864.0,10050.0,1512952,4830639,1515756,4960087,BAGR,RIBL,BAG,RIB
1433,15137542,14656.0,4864.0,10050.0,1512952,4830639,1513618,4860708,BAGR,AVEL,BAG,AVE
1434,15137543,14802.0,4958.0,10050.0,1512952,4830639,1515756,4960087,BAGR,RIBL,BAG,RIB
1435,15137543,14802.0,4958.0,10050.0,1512952,4830639,1513618,4860708,BAGR,AVEL,BAG,AVE
1436,15137544,14890.0,4986.0,10050.0,1512952,4830639,1513618,4860708,BAGR,AVEL,BAG,AVE
1437,15137544,14890.0,4986.0,10050.0,1512952,4830639,1515756,5031397,BAGR,RIBL,BAG,RIB
1438,5031412,14310.0,4702.0,10080.0,1512952,4830638,1515756,4960099,BAGR,RIBL,BAG,RIB
1439,5031412,14310.0,4702.0,10080.0,1512952,4830638,1513618,4860707,BAGR,AVEL,BAG,AVE
1440,5031413,14062.0,4590.0,10110.0,1512952,4830637,1515756,4960100,BAGR,RIBL,BAG,RIB
1441,5031413,14062.0,4590.0,10110.0,1512952,4830637,1513618,4860706,BAGR,AVEL,BAG,AVE
1442,5031414,13722.0,4462.0,10140.0,1512952,4830636,1515756,4960101,BAGR,RIBL,BAG,RIB
1443,5031414,13722.0,4462.0,10140.0,1512952,4830636,1513618,4860705,BAGR,AVEL,BAG,AVE
1444,15137545,13548.0,4460.0,10140.0,1512952,4830636,1515756,4960101,BAGR,RIBL,BAG,RIB
1445,15137545,13548.0,4460.0,10140.0,1512952,4830636,1513618,4860705,BAGR,AVEL,BAG,AVE
1446,15137546,13454.0,4466.0,10140.0,1512952,4830636,1515756,4960101,BAGR,RIBL,BAG,RIB
1447,15137546,13454.0,4466.0,10140.0,1512952,4830636,1513618,4860705,BAGR,AVEL,BAG,AVE
1448,15137547,13316.0,4496.0,10140.0,1512952,4830636,1515756,4960101,BAGR,RIBL,BAG,RIB
1449,15137547,13316.0,4496.0,10140.0,1512952,4830636,1513618,4860705,BAGR,AVEL,BAG,AVE
1450,15137548,13186.0,4500.0,10170.0,1512952,4830635,1513618,4860704,BAGR,AVEL,BAG,AVE
1451,15137548,13186.0,4500.0,10170.0,1512952,4830635,1515756,4960102,BAGR,RIBL,BAG,RIB
1452,5031384,18446.0,10912.0,8400.0,1512952,4830740,1515912,4967721,BAGR,RIAL,BAG,RIA
1453,5031384,18446.0,10912.0,8400.0,1512952,4830740,1515756,4959838,BAGR,RIBL,BAG,RIB
1454,5031389,16724.0,12658.0,8280.0,1512952,4830840,1515912,4967725,BAGR,RIAL,BAG,RIA
1455,5031389,16724.0,12658.0,8280.0,1512952,4830840,1515756,4959817,BAGR,RIBL,BAG,RIB
1456,5031387,16820.0,12028.0,8430.0,1512952,4830835,1512791,4822506,BAGR,RIGL,BAG,RIG
1457,5031422,14426.0,6276.0,9510.0,1514362,4884370,1514423,4888737,BDUL,AVHL,BDU,AVH
1458,5031422,14426.0,6276.0,9510.0,1514362,4884370,1515817,4962464,BDUL,AVBL,BDU,AVB
1459,5031426,14560.0,14604.0,2430.0,1514362,4884138,1513511,4854997,BDUL,AVDR,BDU,AVD
1460,5031426,14560.0,14604.0,2430.0,1514362,4884138,1514596,4898411,BDUL,SIBVR,BDU,SIBV
1461,5031426,14560.0,14604.0,2430.0,1514362,4884138,1511972,4802095,BDUL,AVFR,BDU,AVF
1462,5031424,15646.0,6714.0,8850.0,1514362,4884348,1515973,4971314,BDUL,RIFL,BDU,RIF
1463,5031424,15646.0,6714.0,8850.0,1514362,4884348,1514206,4876188,BDUL,AVJL,BDU,AVJ
1464,5031427,13577.0,6289.0,9600.0,1514362,4884373,1527136,5031428,BDUL,CEPshDL,BDU,CEPshD
1465,5031427,13577.0,6289.0,9600.0,1514362,4884373,1514982,4919957,BDUL,AVJR,BDU,AVJ
1466,5031421,11802.0,6332.0,9720.0,1514362,4884384,1514882,4915295,BDUL,PVCL,BDU,PVC
1467,5031421,11802.0,6332.0,9720.0,1514362,4884384,1513770,4861403,BDUL,CEPshDR,BDU,CEPshD
1468,5031419,15081.0,12091.0,5820.0,1514362,4884249,1514166,4874965,BDUL,ALML,BDU,ALM
1469,5031419,15081.0,12091.0,5820.0,1514362,4884249,1513558,4856742,BDUL,SDQL,BDU,SDQ
1470,5031425,14984.0,12264.0,5610.0,1514362,4884242,1513558,4856749,BDUL,SDQL,BDU,SDQ
1471,5031425,14984.0,12264.0,5610.0,1514362,4884242,1514166,4874958,BDUL,ALML,BDU,ALM
1472,5031429,15997.0,9013.0,7980.0,1514362,4884319,1514166,4875033,BDUL,ALML,BDU,ALM
1473,5031429,15997.0,9013.0,7980.0,1514362,4884319,1513558,4856666,BDUL,SDQL,BDU,SDQ
1474,5031434,8660.0,7188.0,8730.0,1513131,4838006,1514678,4902247,BDUR,RIFR,BDU,RIF
1475,5031434,8660.0,7188.0,8730.0,1513131,4838006,1514157,4874839,BDUR,ALMR,BDU,ALM
1476,5031434,8660.0,7188.0,8730.0,1513131,4838006,1513511,4854664,BDUR,AVDR,BDU,AVD
1477,5031442,12598.0,17096.0,-840.0,1513131,4837691,1514850,4913172,BDUR,AVM,BDU,AVM
1478,5031441,12300.0,16440.0,150.0,1513131,4837724,1514850,4913880,BDUR,AVM,BDU,AVM
1479,5031441,12300.0,16440.0,150.0,1513131,4837724,1514206,4876432,BDUR,AVJL,BDU,AVJ
1480,5031438,10562.0,13994.0,4950.0,1513131,4837882,1514415,4888245,BDUR,PVCR,BDU,PVC
1481,5031438,10562.0,13994.0,4950.0,1513131,4837882,1514206,4876275,BDUR,AVJL,BDU,AVJ
1482,5031438,10562.0,13994.0,4950.0,1513131,4837882,1514850,5031437,BDUR,AVM,BDU,AVM
1483,5031710,10351.0,13797.0,4920.0,1513131,4837881,1527242,5031712,BDUR,CEPshVR,BDU,CEPshV
1484,5031432,9512.0,6560.0,9330.0,1513131,4838025,1514882,4915311,BDUR,PVCL,BDU,PVC
1485,5031439,10520.0,14514.0,4230.0,1513131,4837859,1527185,5031440,BDUR,CEPshVR,BDU,CEPshV
1486,5031439,10520.0,14514.0,4230.0,1513131,4837859,1513377,4847503,BDUR,RMGR,BDU,RMG
1487,5049114,8470.0,8382.0,8400.0,1513131,4837995,1514866,4914912,BDUR,SMBDL,BDU,SMBD
1488,5049114,8470.0,8382.0,8400.0,1513131,4837995,1512580,4813273,BDUR,URBR,BDU,URB
1489,5032394,16974.0,6614.0,12630.0,1513286,4844133,1513959,4866163,CEPDL,AVER,CEPD,AVE
1490,5032394,16974.0,6614.0,12630.0,1513286,4844133,1515756,4960038,CEPDL,RIBL,CEPD,RIB
1491,5032394,16974.0,6614.0,12630.0,1513286,4844133,1515277,4934252,CEPDL,OLQDL,CEPD,OLQD
1492,5032399,15150.0,7160.0,11010.0,1513286,4844012,1513340,4845942,CEPDL,IL1DL,CEPD,IL1D
1493,5032399,15150.0,7160.0,11010.0,1513286,4844012,1515277,4934156,CEPDL,OLQDL,CEPD,OLQD
1494,5032400,15160.0,7086.0,10560.0,1513286,4843997,1513340,4845928,CEPDL,IL1DL,CEPD,IL1D
1495,5032400,15160.0,7086.0,10560.0,1513286,4843997,1515277,4934146,CEPDL,OLQDL,CEPD,OLQD
1496,5032392,14514.0,5670.0,12900.0,1513286,4844147,1512693,4818160,CEPDL,OLLL,CEPD,OLL
1497,5032392,14514.0,5670.0,12900.0,1513286,4844147,1513959,4866139,CEPDL,AVER,CEPD,AVE
1498,5032402,16412.0,6310.0,12690.0,1513286,4844135,1512924,4829846,CEPDL,RMDVL,CEPD,RMDV
1499,5032402,16412.0,6310.0,12690.0,1513286,4844135,1512693,4818195,CEPDL,OLLL,CEPD,OLL
1500,5032409,17472.0,7870.0,12330.0,1513286,4844172,1513959,4866173,CEPDL,AVER,CEPD,AVE
1501,5032409,17472.0,7870.0,12330.0,1513286,4844172,1512693,4818136,CEPDL,OLLL,CEPD,OLL
1502,5032409,17472.0,7870.0,12330.0,1513286,4844172,1512924,4829811,CEPDL,RMDVL,CEPD,RMDV
1503,5032411,17184.0,7100.0,12600.0,1513286,4844132,1512693,4818145,CEPDL,OLLL,CEPD,OLL
1504,5032411,17184.0,7100.0,12600.0,1513286,4844132,1513959,4866164,CEPDL,AVER,CEPD,AVE
1505,5032411,17184.0,7100.0,12600.0,1513286,4844132,1512924,4829821,CEPDL,RMDVL,CEPD,RMDV
1506,5032391,14122.0,5754.0,13140.0,1513286,4844155,1513340,5032390,CEPDL,IL1DL,CEPD,IL1D
1507,5032391,14122.0,5754.0,13140.0,1513286,4844155,1512924,4830357,CEPDL,RMDVL,CEPD,RMDV
1508,5032391,14122.0,5754.0,13140.0,1513286,4844155,1512693,4818177,CEPDL,OLLL,CEPD,OLL
1509,5032398,14824.0,6627.0,11070.0,1513286,4844014,1513174,4841112,CEPDL,RMHL,CEPD,RMH
1510,5032398,14824.0,6627.0,11070.0,1513286,4844014,1512656,4816918,CEPDL,RICR,CEPD,RIC
1511,5032398,14824.0,6627.0,11070.0,1513286,4844014,1515277,4934158,CEPDL,OLQDL,CEPD,OLQD
1512,5032398,14824.0,6627.0,11070.0,1513286,4844014,1513035,4833729,CEPDL,RIPL,CEPD,RIP
1513,5032398,14824.0,6627.0,11070.0,1513286,4844014,1515415,4939318,CEPDL,URADL,CEPD,URAD
1514,5032396,15660.0,7186.0,10200.0,1513286,4843985,1515317,4935500,CEPDL,URBL,CEPD,URB
1515,5032396,15660.0,7186.0,10200.0,1513286,4843985,1515467,4941795,CEPDL,RICL,CEPD,RIC
1516,5032396,15660.0,7186.0,10200.0,1513286,4843985,1515277,4934135,CEPDL,OLQDL,CEPD,OLQD
1517,5032403,16700.0,6530.0,12690.0,1513286,4844135,1512693,4818148,CEPDL,OLLL,CEPD,OLL
1518,5032403,16700.0,6530.0,12690.0,1513286,4844135,1513959,4866161,CEPDL,AVER,CEPD,AVE
1519,5032403,16700.0,6530.0,12690.0,1513286,4844135,1512924,4829846,CEPDL,RMDVL,CEPD,RMDV
1520,5032395,16260.0,7450.0,10230.0,1513286,4843986,1512656,4816946,CEPDL,RICR,CEPD,RIC
1521,5032395,16260.0,7450.0,10230.0,1513286,4843986,1513174,4840775,CEPDL,RMHL,CEPD,RMH
1522,5032395,16260.0,7450.0,10230.0,1513286,4843986,1515467,4941796,CEPDL,RICL,CEPD,RIC
1523,5032395,16260.0,7450.0,10230.0,1513286,4843986,1515317,4935501,CEPDL,URBL,CEPD,URB
1524,5032419,8086.0,6842.0,12180.0,1512616,4814429,1513225,4842822,CEPDR,RIBR,CEPD,RIB
1525,5032419,8086.0,6842.0,12180.0,1512616,4814429,1513618,4859594,CEPDR,AVEL,CEPD,AVE
1526,5032423,9514.0,7344.0,10290.0,1512616,4814283,1513500,4854309,CEPDR,OLQDR,CEPD,OLQD
1527,5032423,9514.0,7344.0,10290.0,1512616,4814283,1512707,4818415,CEPDR,IL1DR,CEPD,IL1D
1528,5032426,9032.0,7256.0,9630.0,1512616,4814261,1512870,4826873,CEPDR,AVAR,CEPD,AVA
1529,5032426,9032.0,7256.0,9630.0,1512616,4814261,1513450,4851661,CEPDR,URYDR,CEPD,URYD
1530,5032426,9032.0,7256.0,9630.0,1512616,4814261,1512656,4816811,CEPDR,RICR,CEPD,RIC
1531,5032426,9032.0,7256.0,9630.0,1512616,4814261,1513500,4854290,CEPDR,OLQDR,CEPD,OLQD
1532,5032426,9032.0,7256.0,9630.0,1512616,4814261,1512707,4818431,CEPDR,IL1DR,CEPD,IL1D
1533,5032418,10366.0,5562.0,12390.0,1512616,4814471,1513618,4859579,CEPDR,AVEL,CEPD,AVE
1534,5032418,10366.0,5562.0,12390.0,1512616,4814471,1512741,4819901,CEPDR,OLLR,CEPD,OLL
1535,5032417,10898.0,5814.0,12780.0,1512616,4814484,1512532,4811544,CEPDR,RMDVR,CEPD,RMDV
1536,5032417,10898.0,5814.0,12780.0,1512616,4814484,1512741,4819920,CEPDR,OLLR,CEPD,OLL
1537,5032422,8498.0,6626.0,12210.0,1512616,4814428,1512532,4811477,CEPDR,RMDVR,CEPD,RMDV
1538,5032422,8498.0,6626.0,12210.0,1512616,4814428,1512741,4819893,CEPDR,OLLR,CEPD,OLL
1539,5032422,8498.0,6626.0,12210.0,1512616,4814428,1513618,4859586,CEPDR,AVEL,CEPD,AVE
1540,15137549,8182.0,6938.0,12240.0,1512616,4814427,1512741,4819891,CEPDR,OLLR,CEPD,OLL
1541,15137549,8182.0,6938.0,12240.0,1512616,4814427,1512532,4811478,CEPDR,RMDVR,CEPD,RMDV
1542,15137549,8182.0,6938.0,12240.0,1512616,4814427,1513618,4859592,CEPDR,AVEL,CEPD,AVE
1543,15137550,8136.0,7200.0,12300.0,1512616,4814425,1512532,4811517,CEPDR,RMDVR,CEPD,RMDV
1544,15137550,8136.0,7200.0,12300.0,1512616,4814425,1513618,4859590,CEPDR,AVEL,CEPD,AVE
1545,5032435,8083.0,7595.0,12180.0,1512616,4814429,1512741,4819853,CEPDR,OLLR,CEPD,OLL
1546,5032435,8083.0,7595.0,12180.0,1512616,4814429,1512532,4811476,CEPDR,RMDVR,CEPD,RMDV
1547,5032435,8083.0,7595.0,12180.0,1512616,4814429,1513618,4859602,CEPDR,AVEL,CEPD,AVE
1548,5032433,10004.0,6638.0,10860.0,1512616,4814302,1512924,4829927,CEPDR,RMDVL,CEPD,RMDV
1549,5032433,10004.0,6638.0,10860.0,1512616,4814302,1513500,4854327,CEPDR,OLQDR,CEPD,OLQD
1550,5032433,10004.0,6638.0,10860.0,1512616,4814302,1515588,4946836,CEPDR,RIPR,CEPD,RIP
1551,5032433,10004.0,6638.0,10860.0,1512616,4814302,1513481,4853682,CEPDR,URADR,CEPD,URAD
1552,5032428,10076.0,6726.0,11040.0,1512616,4814308,1514866,4914839,CEPDR,SMBDL,CEPD,SMBD
1553,5032428,10076.0,6726.0,11040.0,1512616,4814308,1514596,4898055,CEPDR,SIBVR,CEPD,SIBV
1554,5032428,10076.0,6726.0,11040.0,1512616,4814308,1513500,4854332,CEPDR,OLQDR,CEPD,OLQD
1555,5032428,10076.0,6726.0,11040.0,1512616,4814308,1513481,4853688,CEPDR,URADR,CEPD,URAD
1556,5032429,10592.0,6706.0,10860.0,1512616,4814302,1515467,4942071,CEPDR,RICL,CEPD,RIC
1557,5032429,10592.0,6706.0,10860.0,1512616,4814302,1512656,4816874,CEPDR,RICR,CEPD,RIC
1558,5032425,8640.0,7824.0,9930.0,1512616,4814270,1512580,4813195,CEPDR,URBR,CEPD,URB
1559,5032425,8640.0,7824.0,9930.0,1512616,4814270,1515467,4941866,CEPDR,RICL,CEPD,RIC
1560,5032425,8640.0,7824.0,9930.0,1512616,4814270,1512580,4813168,CEPDR,URBR,CEPD,URB
1561,5032425,8640.0,7824.0,9930.0,1512616,4814270,1512656,4816838,CEPDR,RICR,CEPD,RIC
1562,5032442,14882.0,12452.0,9390.0,1513922,4864873,1512693,4818296,CEPVL,OLLL,CEPV,OLL
1563,5032442,14882.0,12452.0,9390.0,1513922,4864873,1513959,4866269,CEPVL,AVER,CEPV,AVE
1564,5032440,16766.0,11448.0,10950.0,1513922,4864923,1514175,4875415,CEPVL,RMDDL,CEPV,RMDD
1565,5032440,16766.0,11448.0,10950.0,1513922,4864923,1512693,4818227,CEPVL,OLLL,CEPV,OLL
1566,5032440,16766.0,11448.0,10950.0,1513922,4864923,1513959,4866219,CEPVL,AVER,CEPV,AVE
1567,5032439,17410.0,10976.0,11370.0,1513922,4864935,1514175,4875429,CEPVL,RMDDL,CEPV,RMDD
1568,5032439,17410.0,10976.0,11370.0,1513922,4864935,1513959,4866205,CEPVL,AVER,CEPV,AVE
1569,5032457,14536.0,12366.0,9780.0,1513922,4864885,1512693,4818266,CEPVL,OLLL,CEPV,OLL
1570,5049118,16493.0,11602.0,10650.0,1513922,4864914,1514175,4875388,CEPVL,RMDDL,CEPV,RMDD
1571,5049118,16493.0,11602.0,10650.0,1513922,4864914,1512693,4818237,CEPVL,OLLL,CEPV,OLL
1572,5032454,14970.0,10850.0,8520.0,1513922,4864965,1512571,4813129,CEPVL,OLQVL,CEPV,OLQV
1573,5032454,14970.0,10850.0,8520.0,1513922,4864965,1513947,4865447,CEPVL,IL1VL,CEPV,IL1V
1574,5032458,15293.0,10569.0,9120.0,1513922,4864985,1515622,4948421,CEPVL,URAVL,CEPV,URAV
1575,5032458,15293.0,10569.0,9120.0,1513922,4864985,1512571,4812971,CEPVL,OLQVL,CEPV,OLQV
1576,5032464,15167.0,10655.0,9690.0,1513922,4865003,1512571,4812987,CEPVL,OLQVL,CEPV,OLQV
1577,5032464,15167.0,10655.0,9690.0,1513922,4865003,1515622,4948439,CEPVL,URAVL,CEPV,URAV
1578,5049119,15453.0,10502.0,8670.0,1513922,4864970,1512571,4812956,CEPVL,OLQVL,CEPV,OLQV
1579,5049119,15453.0,10502.0,8670.0,1513922,4864970,1515622,4948406,CEPVL,URAVL,CEPV,URAV
1580,5032456,15084.0,10986.0,8220.0,1513922,4864951,1515467,4941666,CEPVL,RICL,CEPV,RIC
1581,5032456,15084.0,10986.0,8220.0,1513922,4864951,1513947,4865437,CEPVL,IL1VL,CEPV,IL1V
1582,5032451,15826.0,10466.0,8880.0,1513922,4864977,1513174,5032452,CEPVL,RMHL,CEPV,RMH
1583,5032451,15826.0,10466.0,8880.0,1513922,4864977,1512571,4812963,CEPVL,OLQVL,CEPV,OLQV
1584,5032451,15826.0,10466.0,8880.0,1513922,4864977,1515467,4941687,CEPVL,RICL,CEPV,RIC
1585,5032450,16078.0,10270.0,8880.0,1513922,4864977,1513174,4840718,CEPVL,RMHL,CEPV,RMH
1586,5032450,16078.0,10270.0,8880.0,1513922,4864977,1512656,4816999,CEPVL,RICR,CEPV,RIC
1587,5032450,16078.0,10270.0,8880.0,1513922,4864977,1515467,4941687,CEPVL,RICL,CEPV,RIC
1588,5032444,15120.0,11372.0,7680.0,1513922,4864818,1515467,4941648,CEPVL,RICL,CEPV,RIC
1589,5032444,15120.0,11372.0,7680.0,1513922,4864818,1514298,4880472,CEPVL,RMHR,CEPV,RMH
1590,5032444,15120.0,11372.0,7680.0,1513922,4864818,1512656,4817054,CEPVL,RICR,CEPV,RIC
1591,5032441,14348.0,12302.0,9630.0,1513922,4864881,1515306,4934988,CEPVL,URYVL,CEPV,URYV
1592,5032441,14348.0,12302.0,9630.0,1513922,4864881,1514175,4875303,CEPVL,RMDDL,CEPV,RMDD
1593,5032455,15614.0,10466.0,8610.0,1513922,4864968,1513174,4840710,CEPVL,RMHL,CEPV,RMH
1594,5032455,15614.0,10466.0,8610.0,1513922,4864968,1512571,4812954,CEPVL,OLQVL,CEPV,OLQV
1595,5032470,9736.0,12106.0,11190.0,1514042,4871540,1513618,4859650,CEPVR,AVEL,CEPV,AVE
1596,5032470,9736.0,12106.0,11190.0,1514042,4871540,1512741,4819789,CEPVR,OLLR,CEPV,OLL
1597,5032471,10822.0,12488.0,10350.0,1514042,4871514,1512741,4819814,CEPVR,OLLR,CEPV,OLL
1598,5032471,10822.0,12488.0,10350.0,1514042,4871514,1513618,4859677,CEPVR,AVEL,CEPV,AVE
1599,5032473,11586.0,12754.0,9810.0,1514042,4871497,1512741,4819835,CEPVR,OLLR,CEPV,OLL
1600,5032473,11586.0,12754.0,9810.0,1514042,4871497,1513618,4859695,CEPVR,AVEL,CEPV,AVE
1601,5032487,11827.0,12779.0,9630.0,1514042,4871491,1512741,4819841,CEPVR,OLLR,CEPV,OLL
1602,5032487,11827.0,12779.0,9630.0,1514042,4871491,1513618,4859700,CEPVR,AVEL,CEPV,AVE
1603,5032468,9052.0,11326.0,11820.0,1514042,4871558,1514065,4872003,CEPVR,RMDDR,CEPV,RMDD
1604,5032468,9052.0,11326.0,11820.0,1514042,4871558,1512741,4819768,CEPVR,OLLR,CEPV,OLL
1605,5032468,9052.0,11326.0,11820.0,1514042,4871558,1513618,4859629,CEPVR,AVEL,CEPV,AVE
1606,5032469,9392.0,11578.0,11640.0,1514042,4871552,1514065,4871997,CEPVR,RMDDR,CEPV,RMDD
1607,5032469,9392.0,11578.0,11640.0,1514042,4871552,1512741,4819774,CEPVR,OLLR,CEPV,OLL
1608,5032469,9392.0,11578.0,11640.0,1514042,4871552,1513618,4859635,CEPVR,AVEL,CEPV,AVE
1609,5032488,10852.0,11598.0,8970.0,1514042,4871363,1514520,4894164,CEPVR,SMBVR,CEPV,SMBV
1610,5032488,10852.0,11598.0,8970.0,1514042,4871363,1513138,4838258,CEPVR,IL1VR,CEPV,IL1V
1611,5032488,10852.0,11598.0,8970.0,1514042,4871363,1513275,4843740,CEPVR,OLQVR,CEPV,OLQV
1612,5032476,12010.0,12590.0,9810.0,1514042,4871497,1514065,4871940,CEPVR,RMDDR,CEPV,RMDD
1613,5032476,12010.0,12590.0,9810.0,1514042,4871497,1513138,5032475,CEPVR,IL1VR,CEPV,IL1V
1614,5032476,12010.0,12590.0,9810.0,1514042,4871497,1512741,4819835,CEPVR,OLLR,CEPV,OLL
1615,5032476,12010.0,12590.0,9810.0,1514042,4871497,1513526,4856327,CEPVR,URYVR,CEPV,URYV
1616,5032482,10292.0,11488.0,8670.0,1514042,4871353,1513275,4843700,CEPVR,OLQVR,CEPV,OLQV
1617,5032482,10292.0,11488.0,8670.0,1514042,4871353,1513301,4844410,CEPVR,URAVR,CEPV,URAV
1618,5032482,10292.0,11488.0,8670.0,1514042,4871353,1515588,4946645,CEPVR,RIPR,CEPV,RIP
1619,5032482,10292.0,11488.0,8670.0,1514042,4871353,1513468,4853358,CEPVR,PVR,CEPV,PVR
1620,5032489,10603.0,11447.0,9270.0,1514042,4871373,1513275,4843720,CEPVR,OLQVR,CEPV,OLQV
1621,5032489,10603.0,11447.0,9270.0,1514042,4871373,1513301,4844427,CEPVR,URAVR,CEPV,URAV
1622,5032489,10603.0,11447.0,9270.0,1514042,4871373,1515588,4946625,CEPVR,RIPR,CEPV,RIP
1623,5032489,10603.0,11447.0,9270.0,1514042,4871373,1513468,4853378,CEPVR,PVR,CEPV,PVR
1624,5032479,10034.0,11192.0,9090.0,1514042,4871367,1512656,4816757,CEPVR,RICR,CEPV,RIC
1625,5032479,10034.0,11192.0,9090.0,1514042,4871367,1513275,4843714,CEPVR,OLQVR,CEPV,OLQV
1626,5032477,10746.0,12202.0,7890.0,1514042,4871328,1515467,4941960,CEPVR,RICL,CEPV,RIC
1627,5032477,10746.0,12202.0,7890.0,1514042,4871328,1512656,4816691,CEPVR,RICR,CEPV,RIC
1628,5032481,9674.0,10780.0,8970.0,1514042,4871363,1515467,4942066,CEPVR,RICL,CEPV,RIC
1629,5032481,9674.0,10780.0,8970.0,1514042,4871363,1512656,4816761,CEPVR,RICR,CEPV,RIC
1630,5032483,9044.0,9584.0,8880.0,1514042,4871360,1527898,5032484,CEPVR,CEPshVR,CEPV,CEPshV
1631,5032483,9044.0,9584.0,8880.0,1514042,4871360,1513552,4856596,CEPVR,ADER,CEPV,ADE
1632,5032483,9044.0,9584.0,8880.0,1514042,4871360,1513174,4841055,CEPVR,RMHL,CEPV,RMH
1633,5032560,10934.0,13532.0,7920.0,1512852,4825408,1513618,4859757,DVA,AVEL,DVA,AVE
1634,5032560,10934.0,13532.0,7920.0,1512852,4825408,1514893,4916863,DVA,AIZR,DVA,AIZ
1635,5032592,9872.0,5629.0,9720.0,1512852,4825314,1513959,4867247,DVA,AVER,DVA,AVE
1636,5032592,9872.0,5629.0,9720.0,1512852,4825314,1514893,4916794,DVA,AIZR,DVA,AIZ
1637,5032580,13968.0,14404.0,2160.0,1512852,4826577,1512870,4827255,DVA,AVAR,DVA,AVA
1638,5032580,13968.0,14404.0,2160.0,1512852,4826577,1514235,4878235,DVA,ADAL,DVA,ADA
1639,5032580,13968.0,14404.0,2160.0,1512852,4826577,1515391,4939058,DVA,AQR,DVA,AQR
1640,5032580,13968.0,14404.0,2160.0,1512852,4826577,1515054,4924153,DVA,PVPL,DVA,PVP
1641,5032577,13714.0,5110.0,10200.0,1512852,4826731,1513618,4860703,DVA,AVEL,DVA,AVE
1642,5032576,14398.0,5250.0,10110.0,1512852,4826734,1513992,4869036,DVA,AIZL,DVA,AIZ
1643,5032576,14398.0,5250.0,10110.0,1512852,4826734,1515008,4921080,DVA,AUAL,DVA,AUA
1644,5032576,14398.0,5250.0,10110.0,1512852,4826734,1513618,4860706,DVA,AVEL,DVA,AVE
1645,5032561,10560.0,13312.0,8130.0,1512852,4825402,1515794,4961697,DVA,RIR,DVA,RIR
1646,5032561,10560.0,13312.0,8130.0,1512852,4825402,1513618,4859764,DVA,AVEL,DVA,AVE
1647,5032561,10560.0,13312.0,8130.0,1512852,4825402,1514562,4896090,DVA,SIADR,DVA,SIAD
1648,5032591,10540.0,5462.0,9990.0,1512852,4826280,1513959,4866036,DVA,AVER,DVA,AVE
1649,5032582,14556.0,13444.0,6810.0,1512852,4826427,1513959,4866362,DVA,AVER,DVA,AVE
1650,5032582,14556.0,13444.0,6810.0,1512852,4826427,1513992,4868743,DVA,AIZL,DVA,AIZ
1651,5032586,15102.0,12830.0,7290.0,1512852,4826412,1513992,4868759,DVA,AIZL,DVA,AIZ
1652,5032586,15102.0,12830.0,7290.0,1512852,4826412,1513959,4866339,DVA,AVER,DVA,AVE
1653,5032553,16026.0,11090.0,7920.0,1512852,4826392,1514596,4898233,DVA,SIBVR,DVA,SIBV
1654,5032553,16026.0,11090.0,7920.0,1512852,4826392,1513035,4833611,DVA,RIPL,DVA,RIP
1655,5032553,16026.0,11090.0,7920.0,1512852,4826392,1512571,4812932,DVA,OLQVL,DVA,OLQV
1656,5032559,11320.0,14148.0,5550.0,1512852,4825483,1515391,4938450,DVA,AQR,DVA,AQR
1657,5032559,11320.0,14148.0,5550.0,1512852,4825483,1512837,4824377,DVA,PVPR,DVA,PVP
1658,5032585,15354.0,12778.0,7290.0,1512852,4826412,1515794,4961476,DVA,RIR,DVA,RIR
1659,5032585,15354.0,12778.0,7290.0,1512852,4826412,1513959,4866339,DVA,AVER,DVA,AVE
1660,5032587,15634.0,12686.0,7440.0,1512852,4826408,1512720,4819023,DVA,URXL,DVA,URX
1661,5032587,15634.0,12686.0,7440.0,1512852,4826408,1515794,4961481,DVA,RIR,DVA,RIR
1662,5032573,9554.0,11858.0,8280.0,1512852,4825391,1513275,4843691,DVA,OLQVR,DVA,OLQV
1663,5032573,9554.0,11858.0,8280.0,1512852,4825391,1515588,4946658,DVA,RIPR,DVA,RIP
1664,5032573,9554.0,11858.0,8280.0,1512852,4825391,1513153,4840011,DVA,SIBVL,DVA,SIBV
1665,5032574,8250.0,6300.0,9750.0,1512852,4825331,1513959,4867258,DVA,AVER,DVA,AVE
1666,5032574,8250.0,6300.0,9750.0,1512852,4825331,1513450,4851687,DVA,URYDR,DVA,URYD
1667,5032618,13174.0,13966.0,4470.0,1514577,4897185,1512870,4827160,DVC,AVAR,DVC,AVA
1668,5032618,13174.0,13966.0,4470.0,1514577,4897185,1513068,4835874,DVC,AIBR,DVC,AIB
1669,5032615,13066.0,13786.0,5100.0,1514577,4897203,1512870,4827132,DVC,AVAR,DVC,AVA
1670,5032615,13066.0,13786.0,5100.0,1514577,4897203,1513068,4835815,DVC,AIBR,DVC,AIB
1671,5032615,13066.0,13786.0,5100.0,1514577,4897203,1512870,4827140,DVC,AVAR,DVC,AVA
1672,5032621,12442.0,14598.0,3330.0,1514577,4897150,1514476,4892920,DVC,AIBL,DVC,AIB
1673,5032621,12442.0,14598.0,3330.0,1514577,4897150,1515674,4950944,DVC,AVAL,DVC,AVA
1674,5032621,12442.0,14598.0,3330.0,1514577,4897150,1513618,4859918,DVC,AVEL,DVC,AVE
1675,5032593,11602.0,13738.0,8010.0,1514577,4897621,1515554,4944668,DVC,RIGR,DVC,RIG
1676,5032593,11602.0,13738.0,8010.0,1514577,4897621,1513618,4859760,DVC,AVEL,DVC,AVE
1677,5032632,17103.0,12389.0,9330.0,1514577,4897339,1528650,5032633,DVC,CEPshVL,DVC,CEPshV
1678,5032632,17103.0,12389.0,9330.0,1514577,4897339,1515756,4960141,DVC,RIBL,DVC,RIB
1679,5032596,9658.0,12790.0,9750.0,1514577,4897558,1513225,5032595,DVC,RIBR,DVC,RIB
1680,5032597,9274.0,12918.0,9960.0,1514577,4897551,1528468,5032598,DVC,CEPshVR,DVC,CEPshV
1681,5032597,9274.0,12918.0,9960.0,1514577,4897551,1513225,4842453,DVC,RIBR,DVC,RIB
1682,5032603,7758.0,6038.0,10320.0,1514577,4897691,1513225,4842715,DVC,RIBR,DVC,RIB
1683,5032603,7758.0,6038.0,10320.0,1514577,4897691,1512592,4813631,DVC,URXR,DVC,URX
1684,5032603,7758.0,6038.0,10320.0,1514577,4897691,1513450,4851713,DVC,URYDR,DVC,URYD
1685,5032612,15406.0,12894.0,8010.0,1514577,4897295,1512791,4822560,DVC,RIGL,DVC,RIG
1686,5032612,15406.0,12894.0,8010.0,1514577,4897295,1513068,4835694,DVC,AIBR,DVC,AIB
1687,5032606,16732.0,5916.0,10890.0,1514577,4897724,1515756,4959933,DVC,RIBL,DVC,RIB
1688,5032606,16732.0,5916.0,10890.0,1514577,4897724,1512791,4823505,DVC,RIGL,DVC,RIG
1689,5032606,16732.0,5916.0,10890.0,1514577,4897724,1513068,4835915,DVC,AIBR,DVC,AIB
1690,5032605,12842.0,4458.0,10800.0,1514577,4897710,1513511,4855757,DVC,AVDR,DVC,AVD
1691,5032605,12842.0,4458.0,10800.0,1514577,4897710,1512791,4822400,DVC,RIGL,DVC,RIG
1692,5032607,18560.0,9708.0,10740.0,1514577,4897393,1512791,4822429,DVC,RIGL,DVC,RIG
1693,5032607,18560.0,9708.0,10740.0,1514577,4897393,1515718,4955968,DVC,AVKR,DVC,AVK
1694,5032609,17386.0,11986.0,8940.0,1514577,4897326,1528545,5032610,DVC,CEPshVL,DVC,CEPshV
1695,5032609,17386.0,11986.0,8940.0,1514577,4897326,1515756,4960128,DVC,RIBL,DVC,RIB
1696,5032609,17386.0,11986.0,8940.0,1514577,4897326,1512791,4822489,DVC,RIGL,DVC,RIG
1697,5032601,7570.0,6182.0,10140.0,1514577,4897695,1514476,4892614,DVC,AIBL,DVC,AIB
1698,5032601,7570.0,6182.0,10140.0,1514577,4897695,1515554,4944609,DVC,RIGR,DVC,RIG
1699,5032628,6905.0,7027.0,10470.0,1514577,4897472,1515554,4944533,DVC,RIGR,DVC,RIG
1700,5032628,6905.0,7027.0,10470.0,1514577,4897472,1514476,4892623,DVC,AIBL,DVC,AIB
1701,5032594,8942.0,12690.0,9750.0,1514577,4897558,1515554,4944474,DVC,RIGR,DVC,RIG
1702,5032594,8942.0,12690.0,9750.0,1514577,4897558,1513526,4855914,DVC,URYVR,DVC,URYV
1703,5032594,8942.0,12690.0,9750.0,1514577,4897558,1513225,5032595,DVC,RIBR,DVC,RIB
1704,5032616,13020.0,14104.0,4680.0,1514577,4897191,1515554,4944794,DVC,RIGR,DVC,RIG
1705,5032616,13020.0,14104.0,4680.0,1514577,4897191,1514545,4894664,DVC,PVT,DVC,PVT
1706,5032616,13020.0,14104.0,4680.0,1514577,4897191,1512791,4822667,DVC,RIGL,DVC,RIG
1707,5032641,13306.0,13536.0,3360.0,1514739,4906823,1512852,4826538,FLPL,DVA,FLP,DVA
1708,5032641,13306.0,13536.0,3360.0,1514739,4906823,1512906,4829652,FLPL,FLPR,FLP,FLP
1709,5032641,13306.0,13536.0,3360.0,1514739,4906823,1514235,4878275,FLPL,ADAL,FLP,ADA
1710,5032644,13032.0,14090.0,2280.0,1514739,4906787,1515027,4922116,FLPL,ADEL,FLP,ADE
1711,5032644,13032.0,14090.0,2280.0,1514739,4906787,1513572,4858035,FLPL,ADER,FLP,ADE
1712,5032644,13032.0,14090.0,2280.0,1514739,4906787,1512870,4827251,FLPL,AVAR,FLP,AVA
1713,5032644,13032.0,14090.0,2280.0,1514739,4906787,1513572,4858045,FLPL,ADER,FLP,ADE
1714,5032645,11820.0,15650.0,1260.0,1514739,4906753,1515674,4951013,FLPL,AVAL,FLP,AVA
1715,5032645,11820.0,15650.0,1260.0,1514739,4906753,1514371,4884863,FLPL,AVDL,FLP,AVD
1716,5032650,12194.0,16856.0,-630.0,1514739,4906691,1515674,4951077,FLPL,AVAL,FLP,AVA
1717,5032650,12194.0,16856.0,-630.0,1514739,4906691,1514371,4884925,FLPL,AVDL,FLP,AVD
1718,5049124,12760.0,13594.0,4170.0,1514739,4906855,1512870,4827170,FLPL,AVAR,FLP,AVA
1719,5049124,12760.0,13594.0,4170.0,1514739,4906855,1512906,4829679,FLPL,FLPR,FLP,FLP
1720,5032642,12756.0,14132.0,2640.0,1514739,4906799,1514882,4915353,FLPL,PVCL,FLP,PVC
1721,5032642,12756.0,14132.0,2640.0,1514739,4906799,1512906,4829628,FLPL,FLPR,FLP,FLP
1722,5032642,12756.0,14132.0,2640.0,1514739,4906799,1512870,4827244,FLPL,AVAR,FLP,AVA
1723,5032648,12060.0,16620.0,-330.0,1514739,4906701,1512906,4829531,FLPL,FLPR,FLP,FLP
1724,5032648,12060.0,16620.0,-330.0,1514739,4906701,1515674,4951066,FLPL,AVAL,FLP,AVA
1725,5032648,12060.0,16620.0,-330.0,1514739,4906701,1514371,5032649,FLPL,AVDL,FLP,AVD
1726,5032696,11874.0,16572.0,-450.0,1512906,4829527,1515674,4951070,FLPR,AVAL,FLP,AVA
1727,5032696,11874.0,16572.0,-450.0,1512906,4829527,1514371,4884919,FLPR,AVDL,FLP,AVD
1728,5032707,12460.0,14223.0,2790.0,1512906,4829633,1515674,4950962,FLPR,AVAL,FLP,AVA
1729,5032707,12460.0,14223.0,2790.0,1512906,4829633,1512870,4827212,FLPR,AVAR,FLP,AVA
1730,5032673,13170.0,13636.0,3540.0,1512906,4829658,1514235,4878281,FLPR,ADAL,FLP,ADA
1731,5032673,13170.0,13636.0,3540.0,1512906,4829658,1512870,5032674,FLPR,AVAR,FLP,AVA
1732,5032673,13170.0,13636.0,3540.0,1512906,4829658,1514783,4908697,FLPR,AVBR,FLP,AVB
1733,5032672,13194.0,13638.0,4080.0,1512906,4829676,1512870,4827172,FLPR,AVAR,FLP,AVA
1734,5032672,13194.0,13638.0,4080.0,1512906,4829676,1513068,4835887,FLPR,AIBR,FLP,AIB
1735,5032672,13194.0,13638.0,4080.0,1512906,4829676,1514739,4906846,FLPR,FLPL,FLP,FLP
1736,5032695,11880.0,15666.0,1050.0,1512906,4829576,1514371,4884870,FLPR,AVDL,FLP,AVD
1737,5032695,11880.0,15666.0,1050.0,1512906,4829576,1515674,4951020,FLPR,AVAL,FLP,AVA
1738,5032695,11880.0,15666.0,1050.0,1512906,4829576,1514739,4906746,FLPR,FLPL,FLP,FLP
1739,5032694,12396.0,14440.0,2490.0,1512906,4829623,1514739,4906794,FLPR,FLPL,FLP,FLP
1740,5032694,12396.0,14440.0,2490.0,1512906,4829623,1512870,4827239,FLPR,AVAR,FLP,AVA
1741,5032717,16770.0,7662.0,13110.0,1513340,4846068,1515425,4939674,IL1DL,BWM-DL02,IL1D,BWM02D
1742,5032717,16770.0,7662.0,13110.0,1513340,4846068,1515612,4947984,IL1DL,IL1L,IL1D,IL1L/R
1743,5032717,16770.0,7662.0,13110.0,1513340,4846068,1515415,4939408,IL1DL,URADL,IL1D,URAD
1744,5032718,15806.0,7222.0,12900.0,1513340,4846061,1515425,4939663,IL1DL,BWM-DL02,IL1D,BWM02D
1745,5032718,15806.0,7222.0,12900.0,1513340,4846061,1513354,4846275,IL1DL,BWM-DL01,IL1D,BWM01D
1746,5032718,15806.0,7222.0,12900.0,1513340,4846061,1513035,4833670,IL1DL,RIPL,IL1D,RIP
1747,5032724,15152.0,6657.0,13200.0,1513340,4846071,1512924,4830359,IL1DL,RMDVL,IL1D,RMDV
1748,5032724,15152.0,6657.0,13200.0,1513340,4846071,1513354,4846285,IL1DL,BWM-DL01,IL1D,BWM01D
1749,5032724,15152.0,6657.0,13200.0,1513340,4846071,1513035,4833660,IL1DL,RIPL,IL1D,RIP
1750,5032715,16230.0,7234.0,13200.0,1513340,4846071,1513035,4833660,IL1DL,RIPL,IL1D,RIP
1751,5032715,16230.0,7234.0,13200.0,1513340,4846071,1515425,4939677,IL1DL,BWM-DL02,IL1D,BWM02D
1752,5032721,15620.0,7192.0,12540.0,1513340,4845992,1515425,4939643,IL1DL,BWM-DL02,IL1D,BWM02D
1753,5032721,15620.0,7192.0,12540.0,1513340,4845992,1512924,4829832,IL1DL,RMDVL,IL1D,RMDV
1754,5032720,15876.0,7318.0,12780.0,1513340,4846032,1512924,4829850,IL1DL,RMDVL,IL1D,RMDV
1755,5032720,15876.0,7318.0,12780.0,1513340,4846032,1515425,4939659,IL1DL,BWM-DL02,IL1D,BWM02D
1756,5032720,15876.0,7318.0,12780.0,1513340,4846032,1515330,4936193,IL1DL,BWM-DL04,IL1D,BWM04D
1757,5032716,16442.0,7346.0,13140.0,1513340,4846069,1512674,4817308,IL1DL,RMEL,IL1D,RMEL/R
1758,5032716,16442.0,7346.0,13140.0,1513340,4846069,1515425,4939675,IL1DL,BWM-DL02,IL1D,BWM02D
1759,5032714,15180.0,6446.0,13710.0,1513340,4846110,1512924,4830376,IL1DL,RMDVL,IL1D,RMDV
1760,5032714,15180.0,6446.0,13710.0,1513340,4846110,1513354,4846338,IL1DL,BWM-DL01,IL1D,BWM01D
1761,5032714,15180.0,6446.0,13710.0,1513340,4846110,1513035,4833648,IL1DL,RIPL,IL1D,RIP
1762,5032714,15180.0,6446.0,13710.0,1513340,4846110,1512674,4817325,IL1DL,RMEL,IL1D,RMEL/R
1763,5032802,9614.0,7238.0,12120.0,1512707,4818356,1512532,4811486,IL1DR,RMDVR,IL1D,RMDV
1764,5032802,9614.0,7238.0,12120.0,1512707,4818356,1515451,4940895,IL1DR,BWM-DR04,IL1D,BWM04D
1765,5032802,9614.0,7238.0,12120.0,1512707,4818356,1513254,4843104,IL1DR,BWM-DR02,IL1D,BWM02D
1766,5032808,9260.0,7388.0,12690.0,1512707,4818339,1515588,4946776,IL1DR,RIPR,IL1D,RIP
1767,5032808,9260.0,7388.0,12690.0,1512707,4818339,1513254,4843140,IL1DR,BWM-DR02,IL1D,BWM02D
1768,5032808,9260.0,7388.0,12690.0,1512707,4818339,1512532,4811533,IL1DR,RMDVR,IL1D,RMDV
1769,5032809,10044.0,6368.0,13230.0,1512707,5032810,1515588,4946758,IL1DR,RIPR,IL1D,RIP
1770,5032809,10044.0,6368.0,13230.0,1512707,5032810,1515517,4943624,IL1DR,BWM-DR01,IL1D,BWM01D
1771,5032809,10044.0,6368.0,13230.0,1512707,5032810,1512532,4811558,IL1DR,RMDVR,IL1D,RMDV
1772,5032742,16516.0,9744.0,11790.0,1515612,4947928,1511914,4800428,IL1L,BWM-VL02,IL1L/R,BWM02V
1773,5032742,16516.0,9744.0,11790.0,1515612,4947928,1515425,4939719,IL1L,BWM-DL02,IL1L/R,BWM02D
1774,5032742,16516.0,9744.0,11790.0,1515612,4947928,1511914,4800396,IL1L,BWM-VL02,IL1L/R,BWM02V
1775,5032742,16516.0,9744.0,11790.0,1515612,4947928,1514175,4875443,IL1L,RMDDL,IL1L/R,RMDD
1776,5032744,16644.0,9608.0,11310.0,1515612,4947915,1515425,5032752,IL1L,BWM-DL02,IL1L/R,BWM02D
1777,5032744,16644.0,9608.0,11310.0,1515612,4947915,1511914,4800373,IL1L,BWM-VL02,IL1L/R,BWM02V
1778,5032744,16644.0,9608.0,11310.0,1515612,4947915,1514175,4875462,IL1L,RMDDL,IL1L/R,RMDD
1779,5032747,16544.0,9574.0,11190.0,1515612,4947911,1515425,5032748,IL1L,BWM-DL02,IL1L/R,BWM02D
1780,5032747,16544.0,9574.0,11190.0,1515612,4947911,1514175,4875466,IL1L,RMDDL,IL1L/R,RMDD
1781,5032747,16544.0,9574.0,11190.0,1515612,4947911,1511914,4800360,IL1L,BWM-VL02,IL1L/R,BWM02V
1782,5032746,16318.0,9300.0,10260.0,1515612,4947882,1513636,4860977,IL1L,BWM-VL04,IL1L/R,BWM04V
1783,5032746,16318.0,9300.0,10260.0,1515612,4947882,1515425,4939541,IL1L,BWM-DL02,IL1L/R,BWM02D
1784,5032746,16318.0,9300.0,10260.0,1515612,4947882,1515366,4936969,IL1L,RMDL,IL1L/R,RMDL/R
1785,5032760,16446.0,9251.0,9990.0,1515612,4947873,1512886,4828420,IL1L,RMDR,IL1L/R,RMDL/R
1786,5032760,16446.0,9251.0,9990.0,1515612,4947873,1515425,4939550,IL1L,BWM-DL02,IL1L/R,BWM02D
1787,5032760,16446.0,9251.0,9990.0,1515612,4947873,1515366,5032761,IL1L,RMDL,IL1L/R,RMDL/R
1788,5032729,16964.0,8100.0,12480.0,1515612,4947964,1515425,4939652,IL1L,BWM-DL02,IL1L/R,BWM02D
1789,5032729,16964.0,8100.0,12480.0,1515612,4947964,1512924,4829817,IL1L,RMDVL,IL1L/R,RMDV
1790,5032741,16784.0,8560.0,12450.0,1515612,4947963,1515425,4939640,IL1L,BWM-DL02,IL1L/R,BWM02D
1791,5032741,16784.0,8560.0,12450.0,1515612,4947963,1511914,4800449,IL1L,BWM-VL02,IL1L/R,BWM02V
1792,5032741,16784.0,8560.0,12450.0,1515612,4947963,1512924,4830405,IL1L,RMDVL,IL1L/R,RMDV
1793,5032758,16750.0,8577.0,12000.0,1515612,4947950,1515425,4939628,IL1L,BWM-DL02,IL1L/R,BWM02D
1794,5032758,16750.0,8577.0,12000.0,1515612,4947950,1511914,4800435,IL1L,BWM-VL02,IL1L/R,BWM02V
1795,5032758,16750.0,8577.0,12000.0,1515612,4947950,1512924,4829801,IL1L,RMDVL,IL1L/R,RMDV
1796,5032757,16524.0,9873.0,11970.0,1515612,4947934,1511914,4800434,IL1L,BWM-VL02,IL1L/R,BWM02V
1797,5032757,16524.0,9873.0,11970.0,1515612,4947934,1512532,4811711,IL1L,RMDVR,IL1L/R,RMDV
1798,5032757,16524.0,9873.0,11970.0,1515612,4947934,1514175,4875454,IL1L,RMDDL,IL1L/R,RMDD
1799,5032745,16506.0,9524.0,10800.0,1515612,4947899,1513636,4860995,IL1L,BWM-VL04,IL1L/R,BWM04V
1800,5032745,16506.0,9524.0,10800.0,1515612,4947899,1515366,4936984,IL1L,RMDL,IL1L/R,RMDL/R
1801,5032745,16506.0,9524.0,10800.0,1515612,4947899,1511914,4800480,IL1L,BWM-VL02,IL1L/R,BWM02V
1802,5032727,16600.0,7960.0,13020.0,1515612,4947981,1515425,4939671,IL1L,BWM-DL02,IL1L/R,BWM02D
1803,5032727,16600.0,7960.0,13020.0,1515612,4947981,1513354,5032728,IL1L,BWM-DL01,IL1L/R,BWM01D
1804,5032727,16600.0,7960.0,13020.0,1515612,4947981,1514065,4872341,IL1L,RMDDR,IL1L/R,RMDD
1805,5032759,16660.0,8601.0,11100.0,1515612,4947994,1514065,4872150,IL1L,RMDDR,IL1L/R,RMDD
1806,5032759,16660.0,8601.0,11100.0,1515612,4947994,1511914,4800288,IL1L,BWM-VL02,IL1L/R,BWM02V
1807,5049132,16537.0,10324.0,12150.0,1515612,4947940,1515622,4948519,IL1L,URAVL,IL1L/R,URAV
1808,5032774,8880.0,7945.0,12810.0,1513608,4859325,1512532,5032778,IL1R,RMDVR,IL1L/R,RMDV
1809,5032774,8880.0,7945.0,12810.0,1513608,4859325,1513254,4843163,IL1R,BWM-DR02,IL1L/R,BWM02D
1810,5032774,8880.0,7945.0,12810.0,1513608,4859325,1512707,4818335,IL1R,IL1DR,IL1L/R,IL1D
1811,5032774,8880.0,7945.0,12810.0,1513608,4859325,1514175,4875605,IL1R,RMDDL,IL1L/R,RMDD
1812,5032767,9578.0,10090.0,12000.0,1513608,4859272,1514065,4872456,IL1R,RMDDR,IL1L/R,RMDD
1813,5032767,9578.0,10090.0,12000.0,1513608,4859272,1513254,4843250,IL1R,BWM-DR02,IL1L/R,BWM02D
1814,5032767,9578.0,10090.0,12000.0,1513608,4859272,1513851,4862636,IL1R,BWM-VR02,IL1L/R,BWM02V
1815,5032769,9760.0,10212.0,12240.0,1513608,4859284,1513254,4843205,IL1R,BWM-DR02,IL1L/R,BWM02D
1816,5032769,9760.0,10212.0,12240.0,1513608,4859284,1513851,4862644,IL1R,BWM-VR02,IL1L/R,BWM02V
1817,5032769,9760.0,10212.0,12240.0,1513608,4859284,1514065,4872487,IL1R,RMDDR,IL1L/R,RMDD
1818,5032768,9490.0,10038.0,11460.0,1513608,4859256,1513851,4862541,IL1R,BWM-VR02,IL1L/R,BWM02V
1819,5032768,9490.0,10038.0,11460.0,1513608,4859256,1514065,4872018,IL1R,RMDDR,IL1L/R,RMDD
1820,5032768,9490.0,10038.0,11460.0,1513608,4859256,1513174,4840914,IL1R,RMHL,IL1L/R,RMH
1821,5032770,10112.0,11024.0,12150.0,1513608,4859281,1513851,4862641,IL1R,BWM-VR02,IL1L/R,BWM02V
1822,5032770,10112.0,11024.0,12150.0,1513608,4859281,1514065,4872484,IL1R,RMDDR,IL1L/R,RMDD
1823,5032770,10112.0,11024.0,12150.0,1513608,4859281,1513301,4844520,IL1R,URAVR,IL1L/R,URAV
1824,5032772,8714.0,9246.0,11280.0,1513608,4859247,1512924,4829968,IL1R,RMDVL,IL1L/R,RMDV
1825,5032772,8714.0,9246.0,11280.0,1513608,4859247,1512741,4819497,IL1R,OLLR,IL1L/R,OLL
1826,5032773,8778.0,9074.0,11310.0,1513608,4859246,1514298,4880702,IL1R,RMHR,IL1L/R,RMH
1827,5032766,9012.0,8784.0,12030.0,1513608,4859301,1512532,4811471,IL1R,RMDVR,IL1L/R,RMDV
1828,5032766,9012.0,8784.0,12030.0,1513608,4859301,1515451,4940892,IL1R,BWM-DR04,IL1L/R,BWM04D
1829,5032766,9012.0,8784.0,12030.0,1513608,4859301,1513254,4843098,IL1R,BWM-DR02,IL1L/R,BWM02D
1830,5032766,9012.0,8784.0,12030.0,1513608,4859301,1514298,4880724,IL1R,RMHR,IL1L/R,RMH
1831,5032765,9064.0,8564.0,12540.0,1513608,4859316,1512532,4811514,IL1R,RMDVR,IL1L/R,RMDV
1832,5032765,9064.0,8564.0,12540.0,1513608,4859316,1515451,4940909,IL1R,BWM-DR04,IL1L/R,BWM04D
1833,5032765,9064.0,8564.0,12540.0,1513608,4859316,1513254,4843184,IL1R,BWM-DR02,IL1L/R,BWM02D
1834,5032765,9064.0,8564.0,12540.0,1513608,4859316,1513851,4862657,IL1R,BWM-VR02,IL1L/R,BWM02V
1835,5032765,9064.0,8564.0,12540.0,1513608,4859316,1514298,4880741,IL1R,RMHR,IL1L/R,RMH
1836,5032784,15916.0,11078.0,11220.0,1513947,4865581,1511914,5032785,IL1VL,BWM-VL02,IL1V,BWM02V
1837,5032784,15916.0,11078.0,11220.0,1513947,4865581,1513035,4833506,IL1VL,RIPL,IL1V,RIP
1838,5032787,14640.0,11220.0,9660.0,1513947,4865482,1511952,4800906,IL1VL,BWM-VL01,IL1V,BWM01V
1839,5032787,14640.0,11220.0,9660.0,1513947,4865482,1514175,4875319,IL1VL,RMDDL,IL1V,RMDD
1840,5032781,16352.0,10626.0,11910.0,1513947,4865603,1511914,4800432,IL1VL,BWM-VL02,IL1V,BWM02V
1841,5032781,16352.0,10626.0,11910.0,1513947,4865603,1514175,4875447,IL1VL,RMDDL,IL1V,RMDD
1842,5032782,16296.0,10746.0,11700.0,1513947,4865596,1511914,5032783,IL1VL,BWM-VL02,IL1V,BWM02V
1843,5032782,16296.0,10746.0,11700.0,1513947,4865596,1514175,4875440,IL1VL,RMDDL,IL1V,RMDD
1844,5032786,14836.0,11864.0,10680.0,1513947,4865531,1515622,4948472,IL1VL,URAVL,IL1V,URAV
1845,5032786,14836.0,11864.0,10680.0,1513947,4865531,1513035,4833523,IL1VL,RIPL,IL1V,RIP
1846,5032786,14836.0,11864.0,10680.0,1513947,4865531,1511952,4800951,IL1VL,BWM-VL01,IL1V,BWM01V
1847,5032786,14836.0,11864.0,10680.0,1513947,4865531,1514175,4875371,IL1VL,RMDDL,IL1V,RMDD
1848,5032792,11328.0,11716.0,9990.0,1513138,4838225,1514065,4871945,IL1VR,RMDDR,IL1V,RMDD
1849,5032792,11328.0,11716.0,9990.0,1513138,4838225,1514124,4874003,IL1VR,BWM-VR01,IL1V,BWM01V
1850,5032793,11834.0,12030.0,10890.0,1513138,4838139,1515588,4946572,IL1VR,RIPR,IL1V,RIP
1851,5032793,11834.0,12030.0,10890.0,1513138,4838139,1512756,4820386,IL1VR,RMER,IL1V,RMEL/R
1852,5032793,11834.0,12030.0,10890.0,1513138,4838139,1514124,4874031,IL1VR,BWM-VR01,IL1V,BWM01V
1853,5032793,11834.0,12030.0,10890.0,1513138,4838139,1514065,4872541,IL1VR,RMDDR,IL1V,RMDD
1854,5032797,10638.0,11614.0,11250.0,1513138,4838151,1513851,4862534,IL1VR,BWM-VR02,IL1V,BWM02V
1855,5032797,10638.0,11614.0,11250.0,1513138,4838151,1515588,4946563,IL1VR,RIPR,IL1V,RIP
1856,5032797,10638.0,11614.0,11250.0,1513138,4838151,1514065,4871985,IL1VR,RMDDR,IL1V,RMDD
1857,15137551,10834.0,11522.0,10830.0,1513138,4838137,1515588,4946574,IL1VR,RIPR,IL1V,RIP
1858,15137551,10834.0,11522.0,10830.0,1513138,4838137,1513851,4862521,IL1VR,BWM-VR02,IL1V,BWM02V
1859,15137551,10834.0,11522.0,10830.0,1513138,4838137,1514065,4871973,IL1VR,RMDDR,IL1V,RMDD
1860,5032795,10442.0,11426.0,11700.0,1513138,5032796,1513851,4862611,IL1VR,BWM-VR02,IL1V,BWM02V
1861,5032795,10442.0,11426.0,11700.0,1513138,5032796,1514065,4871999,IL1VR,RMDDR,IL1V,RMDD
1862,5032795,10442.0,11426.0,11700.0,1513138,5032796,1512756,4820396,IL1VR,RMER,IL1V,RMEL/R
1863,5032795,10442.0,11426.0,11700.0,1513138,5032796,1515588,4946551,IL1VR,RIPR,IL1V,RIP
1864,5032822,15194.0,6516.0,14400.0,1513330,4845479,1514749,4907717,IL2DL,RIH,IL2D,RIH
1865,5032821,15180.0,6720.0,10680.0,1513330,4845342,1515467,4941810,IL2DL,RICL,IL2D,RIC
1866,5032821,15180.0,6720.0,10680.0,1513330,4845342,1513035,4833740,IL2DL,RIPL,IL2D,RIP
1867,5032814,16942.0,7120.0,14070.0,1513330,4845455,1512674,4817467,IL2DL,RMEL,IL2D,RMEL/R
1868,5032814,16942.0,7120.0,14070.0,1513330,4845455,1513035,4833633,IL2DL,RIPL,IL2D,RIP
1869,5032818,15978.0,6732.0,13710.0,1513330,4845439,1513340,4846110,IL2DL,IL1DL,IL2D,IL1D
1870,5032818,15978.0,6732.0,13710.0,1513330,4845439,1512674,4817316,IL2DL,RMEL,IL2D,RMEL/R
1871,5032818,15978.0,6732.0,13710.0,1513330,4845439,1513035,4833648,IL2DL,RIPL,IL2D,RIP
1872,5032815,15766.0,6616.0,14010.0,1513330,4845447,1512674,4817332,IL2DL,RMEL,IL2D,RMEL/R
1873,5032815,15766.0,6616.0,14010.0,1513330,4845447,1515434,4940118,IL2DL,RMED,IL2D,RMED
1874,5032815,15766.0,6616.0,14010.0,1513330,4845447,1513035,5032816,IL2DL,RIPL,IL2D,RIP
1875,5032819,16114.0,7076.0,13410.0,1513330,4845429,1513035,5032820,IL2DL,RIPL,IL2D,RIP
1876,5032819,16114.0,7076.0,13410.0,1513330,4845429,1515415,4939431,IL2DL,URADL,IL2D,URAD
1877,5032819,16114.0,7076.0,13410.0,1513330,4845429,1512674,4817303,IL2DL,RMEL,IL2D,RMEL/R
1878,5032819,16114.0,7076.0,13410.0,1513330,4845429,1513340,4846078,IL2DL,IL1DL,IL2D,IL1D
1879,5032811,15682.0,7100.0,14310.0,1513330,4845483,1513035,4833627,IL2DL,RIPL,IL2D,RIP
1880,5032811,15682.0,7100.0,14310.0,1513330,4845483,1512756,4820151,IL2DL,RMER,IL2D,RMEL/R
1881,5032823,15719.0,6706.0,14220.0,1513330,4845473,1512756,4819993,IL2DL,RMER,IL2D,RMEL/R
1882,5032823,15719.0,6706.0,14220.0,1513330,4845473,1513035,4833637,IL2DL,RIPL,IL2D,RIP
1883,5032813,16418.0,7220.0,14190.0,1513330,4845469,1513035,4833631,IL2DL,RIPL,IL2D,RIP
1884,5032813,16418.0,7220.0,14190.0,1513330,4845469,1515415,4939464,IL2DL,URADL,IL2D,URAD
1885,5032813,16418.0,7220.0,14190.0,1513330,4845469,1512756,4819997,IL2DL,RMER,IL2D,RMEL/R
1886,5032824,9854.0,6864.0,14460.0,1513490,4854039,1513035,4833297,IL2DR,RIPL,IL2D,RIP
1887,5032824,9854.0,6864.0,14460.0,1513490,4854039,1515588,4946310,IL2DR,RIPR,IL2D,RIP
1888,5032824,9854.0,6864.0,14460.0,1513490,4854039,1514749,4907462,IL2DR,RIH,IL2D,RIH
1889,5032824,9854.0,6864.0,14460.0,1513490,4854039,1513268,4843478,IL2DR,GLRDR,IL2D,GLRD
1890,5032825,9384.0,7354.0,13890.0,1513490,4853993,1515588,4946737,IL2DR,RIPR,IL2D,RIP
1891,5032825,9384.0,7354.0,13890.0,1513490,4853993,1513481,4853781,IL2DR,URADR,IL2D,URAD
1892,5032825,9384.0,7354.0,13890.0,1513490,4853993,1515588,4946704,IL2DR,RIPR,IL2D,RIP
1893,5032833,9102.0,7734.0,13890.0,1513490,4854022,1515588,4946737,IL2DR,RIPR,IL2D,RIP
1894,5032833,9102.0,7734.0,13890.0,1513490,4854022,1515588,4946704,IL2DR,RIPR,IL2D,RIP
1895,5032833,9102.0,7734.0,13890.0,1513490,4854022,1513481,4853781,IL2DR,URADR,IL2D,URAD
1896,5032828,9120.0,7172.0,13350.0,1513490,4853964,1515588,4946754,IL2DR,RIPR,IL2D,RIP
1897,5032828,9120.0,7172.0,13350.0,1513490,4853964,1512756,5032829,IL2DR,RMER,IL2D,RMEL/R
1898,5032828,9120.0,7172.0,13350.0,1513490,4853964,1512674,4817387,IL2DR,RMEL,IL2D,RMEL/R
1899,5032835,9186.0,8186.0,14070.0,1513490,4854018,1512756,5032836,IL2DR,RMER,IL2D,RMEL/R
1900,5032835,9186.0,8186.0,14070.0,1513490,4854018,1515588,4946717,IL2DR,RIPR,IL2D,RIP
1901,5032831,9776.0,6956.0,12300.0,1513490,4853930,1515588,4946789,IL2DR,RIPR,IL2D,RIP
1902,5032831,9776.0,6956.0,12300.0,1513490,4853930,1513481,4853729,IL2DR,URADR,IL2D,URAD
1903,5032831,9776.0,6956.0,12300.0,1513490,4853930,1512707,4818689,IL2DR,IL1DR,IL2D,IL1D
1904,5032827,9454.0,7012.0,13470.0,1513490,4853968,1513481,4853767,IL2DR,URADR,IL2D,URAD
1905,5032827,9454.0,7012.0,13470.0,1513490,4853968,1515588,4946876,IL2DR,RIPR,IL2D,RIP
1906,5032827,9454.0,7012.0,13470.0,1513490,4853968,1512674,4817380,IL2DR,RMEL,IL2D,RMEL/R
1907,5032826,9438.0,6988.0,13680.0,1513490,4853986,1512633,4816075,IL2DR,RMEV,IL2D,RMEV
1908,5032826,9438.0,6988.0,13680.0,1513490,4853986,1512674,4817375,IL2DR,RMEL,IL2D,RMEL/R
1909,5032847,16534.0,8928.0,10650.0,1515605,4947017,1512886,4828283,IL2L,RMDR,IL2L/R,RMDL/R
1910,5032847,16534.0,8928.0,10650.0,1515605,4947017,1512693,4818078,IL2L,OLLL,IL2L/R,OLL
1911,5032843,16814.0,7786.0,13950.0,1515605,4947122,1515277,4934287,IL2L,OLQDL,IL2L/R,OLQD
1912,5032843,16814.0,7786.0,13950.0,1515605,4947122,1514749,4907646,IL2L,RIH,IL2L/R,RIH
1913,5032844,17150.0,9534.0,13620.0,1515605,4947126,1514749,4907611,IL2L,RIH,IL2L/R,RIH
1914,5032844,17150.0,9534.0,13620.0,1515605,4947126,1512571,4813112,IL2L,OLQVL,IL2L/R,OLQV
1915,5032845,16886.0,10076.0,13200.0,1515605,4947098,1512571,4813101,IL2L,OLQVL,IL2L/R,OLQV
1916,5032845,16886.0,10076.0,13200.0,1515605,4947098,1514749,4907599,IL2L,RIH,IL2L/R,RIH
1917,5032846,16954.0,10540.0,12810.0,1515605,4947085,1514749,4907586,IL2L,RIH,IL2L/R,RIH
1918,5032846,16954.0,10540.0,12810.0,1515605,4947085,1512571,4813088,IL2L,OLQVL,IL2L/R,OLQV
1919,5032853,16444.0,8638.0,9660.0,1515605,5032854,1512807,4823528,IL2L,ADEL,IL2L/R,ADE
1920,5032853,16444.0,8638.0,9660.0,1515605,5032854,1512886,5032855,IL2L,RMDR,IL2L/R,RMDL/R
1921,5032849,16648.0,8920.0,9900.0,1515605,4946996,1512886,4828423,IL2L,RMDR,IL2L/R,RMDL/R
1922,5032849,16648.0,8920.0,9900.0,1515605,4946996,1515612,4947870,IL2L,IL1L,IL2L/R,IL1L/R
1923,5032867,16528.0,10671.0,12720.0,1515605,4947083,1515573,4945743,IL2L,IL2VL,IL2L/R,IL2V
1924,5032867,16528.0,10671.0,12720.0,1515605,4947083,1515622,5032862,IL2L,URAVL,IL2L/R,URAV
1925,5032869,9504.0,9468.0,13830.0,1513437,4851250,1514749,4907383,IL2R,RIH,IL2L/R,RIH
1926,5032869,9504.0,9468.0,13830.0,1513437,4851250,1513500,4854463,IL2R,OLQDR,IL2L/R,OLQD
1927,5032870,9292.0,9160.0,13620.0,1513437,4851243,1514749,4907486,IL2R,RIH,IL2L/R,RIH
1928,5032870,9292.0,9160.0,13620.0,1513437,4851243,1513500,4854456,IL2R,OLQDR,IL2L/R,OLQD
1929,5032877,9244.0,8540.0,13530.0,1513437,4851235,1513500,4854445,IL2R,OLQDR,IL2L/R,OLQD
1930,5032877,9244.0,8540.0,13530.0,1513437,4851235,1514749,4907489,IL2R,RIH,IL2L/R,RIH
1931,5032879,9408.0,10264.0,13530.0,1513437,4851233,1513500,4854453,IL2R,OLQDR,IL2L/R,OLQD
1932,5032879,9408.0,10264.0,13530.0,1513437,4851233,1514749,4907361,IL2R,RIH,IL2L/R,RIH
1933,5032879,9408.0,10264.0,13530.0,1513437,4851233,1513275,4843876,IL2R,OLQVR,IL2L/R,OLQV
1934,5032872,9784.0,11064.0,13140.0,1513437,4851220,1513275,4843865,IL2R,OLQVR,IL2L/R,OLQV
1935,5032872,9784.0,11064.0,13140.0,1513437,4851220,1514749,4907341,IL2R,RIH,IL2L/R,RIH
1936,5032873,8862.0,9452.0,10770.0,1513437,4851143,1515366,4937197,IL2R,RMDL,IL2L/R,RMDL/R
1937,5032874,8754.0,9440.0,10410.0,1513437,4851134,1515366,4937275,IL2R,RMDL,IL2L/R,RMDL/R
1938,5032880,9088.0,9372.0,10560.0,1513437,4851137,1514298,4880779,IL2R,RMHR,IL2L/R,RMH
1939,5032880,9088.0,9372.0,10560.0,1513437,4851137,1513174,4840985,IL2R,RMHL,IL2L/R,RMH
1940,5032890,15870.0,11540.0,11610.0,1515573,4945708,1513035,4833495,IL2VL,RIPL,IL2V,RIP
1941,5032890,15870.0,11540.0,11610.0,1515573,4945708,1513947,4865593,IL2VL,IL1VL,IL2V,IL1V
1942,5032890,15870.0,11540.0,11610.0,1515573,4945708,1512674,4817525,IL2VL,RMEL,IL2V,RMEL/R
1943,5032885,15998.0,11456.0,11880.0,1515573,4945717,1513035,4833487,IL2VL,RIPL,IL2V,RIP
1944,5032885,15998.0,11456.0,11880.0,1515573,4945717,1512674,4817511,IL2VL,RMEL,IL2V,RMEL/R
1945,5032885,15998.0,11456.0,11880.0,1515573,4945717,1512633,4815878,IL2VL,RMEV,IL2V,RMEV
1946,5032887,15148.0,11192.0,10320.0,1515573,4945671,1515622,4948460,IL2VL,URAVL,IL2V,URAV
1947,5032887,15148.0,11192.0,10320.0,1515573,4945671,1513035,4833535,IL2VL,RIPL,IL2V,RIP
1948,5032891,15440.0,10938.0,8280.0,1515573,4945610,1513035,4833600,IL2VL,RIPL,IL2V,RIP
1949,5032891,15440.0,10938.0,8280.0,1515573,4945610,1515622,4948393,IL2VL,URAVL,IL2V,URAV
1950,5032886,15338.0,11736.0,11370.0,1515573,4945700,1515622,4948494,IL2VL,URAVL,IL2V,URAV
1951,5032886,15338.0,11736.0,11370.0,1515573,4945700,1513035,4833503,IL2VL,RIPL,IL2V,RIP
1952,5032886,15338.0,11736.0,11370.0,1515573,4945700,1512674,4817532,IL2VL,RMEL,IL2V,RMEL/R
1953,5032883,16248.0,11076.0,12330.0,1515573,4945731,1513035,4833472,IL2VL,RIPL,IL2V,RIP
1954,5032883,16248.0,11076.0,12330.0,1515573,4945731,1512756,4820267,IL2VL,RMER,IL2V,RMEL/R
1955,5032883,16248.0,11076.0,12330.0,1515573,4945731,1515434,4940188,IL2VL,RMED,IL2V,RMED
1956,5032884,15804.0,11280.0,12270.0,1515573,4945729,1515434,4940190,IL2VL,RMED,IL2V,RMED
1957,5032884,15804.0,11280.0,12270.0,1515573,4945729,1515622,4948523,IL2VL,URAVL,IL2V,URAV
1958,5032884,15804.0,11280.0,12270.0,1515573,4945729,1512756,4820265,IL2VL,RMER,IL2V,RMEL/R
1959,5032884,15804.0,11280.0,12270.0,1515573,4945729,1513035,4833474,IL2VL,RIPL,IL2V,RIP
1960,5032895,15593.0,11737.0,11610.0,1515573,4945708,1512633,4815865,IL2VL,RMEV,IL2V,RMEV
1961,5032895,15593.0,11737.0,11610.0,1515573,4945708,1512674,4817525,IL2VL,RMEL,IL2V,RMEL/R
1962,5032893,16285.0,11206.0,12150.0,1515573,4945725,1512633,4815890,IL2VL,RMEV,IL2V,RMEV
1963,5032893,16285.0,11206.0,12150.0,1515573,4945725,1514749,4907566,IL2VL,RIH,IL2V,RIH
1964,5032893,16285.0,11206.0,12150.0,1515573,4945725,1512674,4817502,IL2VL,RMEL,IL2V,RMEL/R
1965,5032882,16236.0,12122.0,8190.0,1515573,4945769,1515912,4967728,IL2VL,RIAL,IL2V,RIA
1966,5032882,16236.0,12122.0,8190.0,1515573,4945769,1512720,4819001,IL2VL,URXL,IL2V,URX
1967,5032897,10432.0,13462.0,9240.0,1515581,4946139,1513015,4833079,IL2VR,BAGL,IL2V,BAG
1968,5032897,10432.0,13462.0,9240.0,1515581,4946139,1514042,4871166,IL2VR,CEPVR,IL2V,CEPV
1969,5032896,10152.0,13282.0,9240.0,1515581,4946139,1513015,4833079,IL2VR,BAGL,IL2V,BAG
1970,5032896,10152.0,13282.0,9240.0,1515581,4946139,1513587,4858290,IL2VR,RIAR,IL2V,RIA
1971,5032902,10696.0,11704.0,12360.0,1515581,4946074,1512756,4820181,IL2VR,RMER,IL2V,RMEL/R
1972,5032902,10696.0,11704.0,12360.0,1515581,4946074,1515434,4939936,IL2VR,RMED,IL2V,RMED
1973,5032902,10696.0,11704.0,12360.0,1515581,4946074,1515588,4946533,IL2VR,RIPR,IL2V,RIP
1974,5032902,10696.0,11704.0,12360.0,1515581,4946074,1514749,4907318,IL2VR,RIH,IL2V,RIH
1975,5032904,11316.0,11818.0,12150.0,1515581,4946068,1515588,4946538,IL2VR,RIPR,IL2V,RIP
1976,5032904,11316.0,11818.0,12150.0,1515581,4946068,1512674,4817587,IL2VR,RMEL,IL2V,RMEL/R
1977,5032905,11090.0,11926.0,11970.0,1515581,4946063,1515588,4946544,IL2VR,RIPR,IL2V,RIP
1978,5032905,11090.0,11926.0,11970.0,1515581,4946063,1512756,4820194,IL2VR,RMER,IL2V,RMEL/R
1979,5032905,11090.0,11926.0,11970.0,1515581,4946063,1512633,4814792,IL2VR,RMEV,IL2V,RMEV
1980,5032899,10434.0,11272.0,13050.0,1515581,4946095,1512674,4817675,IL2VR,RMEL,IL2V,RMEL/R
1981,5032899,10434.0,11272.0,13050.0,1515581,4946095,1513301,4844548,IL2VR,URAVR,IL2V,URAV
1982,5032899,10434.0,11272.0,13050.0,1515581,4946095,1515588,4946511,IL2VR,RIPR,IL2V,RIP
1983,5032907,11634.0,11990.0,11370.0,1515581,4946043,1512756,4820212,IL2VR,RMER,IL2V,RMEL/R
1984,5032907,11634.0,11990.0,11370.0,1515581,4946043,1512633,4814815,IL2VR,RMEV,IL2V,RMEV
1985,5032907,11634.0,11990.0,11370.0,1515581,4946043,1513301,4844495,IL2VR,URAVR,IL2V,URAV
1986,5032937,15232.0,5780.0,12900.0,1512693,4818155,1513959,4866139,OLLL,AVER,OLL,AVE
1987,5032921,17144.0,11140.0,11430.0,1512693,4818213,1514175,4875431,OLLL,RMDDL,OLL,RMDD
1988,5032921,17144.0,11140.0,11430.0,1512693,4818213,1513922,4864937,OLLL,CEPVL,OLL,CEPV
1989,5032921,17144.0,11140.0,11430.0,1512693,4818213,1513959,4866203,OLLL,AVER,OLL,AVE
1990,5032916,15420.0,12310.0,9930.0,1512693,4818257,1513959,4866251,OLLL,AVER,OLL,AVE
1991,5032916,15420.0,12310.0,9930.0,1512693,4818257,1514175,4875348,OLLL,RMDDL,OLL,RMDD
1992,5032918,15666.0,12226.0,10170.0,1512693,4818249,1514175,4875354,OLLL,RMDDL,OLL,RMDD
1993,5032918,15666.0,12226.0,10170.0,1512693,4818249,1513959,4866243,OLLL,AVER,OLL,AVE
1994,5032920,16266.0,11842.0,10680.0,1512693,4818236,1514175,4875389,OLLL,RMDDL,OLL,RMDD
1995,5032920,16266.0,11842.0,10680.0,1512693,4818236,1513959,4866228,OLLL,AVER,OLL,AVE
1996,5032925,17576.0,10552.0,11820.0,1512693,4818203,1513959,4866190,OLLL,AVER,OLL,AVE
1997,5032925,17576.0,10552.0,11820.0,1512693,4818203,1514175,4875444,OLLL,RMDDL,OLL,RMDD
1998,5032935,16216.0,6256.0,12930.0,1512693,4818156,1512924,4830353,OLLL,RMDVL,OLL,RMDV
1999,5032935,16216.0,6256.0,12930.0,1512693,4818156,1513959,4866154,OLLL,AVER,OLL,AVE
2000,5032936,15736.0,6000.0,12900.0,1512693,4818155,1512924,4830353,OLLL,RMDVL,OLL,RMDV
2001,5032936,15736.0,6000.0,12900.0,1512693,4818155,1513959,4866153,OLLL,AVER,OLL,AVE
2002,5032941,17372.0,7544.0,12600.0,1512693,4818145,1512924,4829821,OLLL,RMDVL,OLL,RMDV
2003,5032941,17372.0,7544.0,12600.0,1512693,4818145,1513959,4866164,OLLL,AVER,OLL,AVE
2004,5032947,17776.0,9136.0,12090.0,1512693,4818122,1512924,4829804,OLLL,RMDVL,OLL,RMDV
2005,5032947,17776.0,9136.0,12090.0,1512693,4818122,1513959,4866181,OLLL,AVER,OLL,AVE
2006,5032943,17672.0,8256.0,12330.0,1512693,4818136,1513286,4844172,OLLL,CEPDL,OLL,CEPD
2007,5032943,17672.0,8256.0,12330.0,1512693,4818136,1512924,4829811,OLLL,RMDVL,OLL,RMDV
2008,5032943,17672.0,8256.0,12330.0,1512693,4818136,1513959,4866173,OLLL,AVER,OLL,AVE
2009,5032953,15468.0,5900.0,12690.0,1512693,4818195,1514505,4893373,OLLL,SMDDR,OLL,SMDD
2010,5032953,15468.0,5900.0,12690.0,1512693,4818195,1513286,4844140,OLLL,CEPDL,OLL,CEPD
2011,5032953,15468.0,5900.0,12690.0,1512693,4818195,1513959,4866148,OLLL,AVER,OLL,AVE
2012,5032958,13944.0,5248.0,12870.0,1512693,5032957,1513959,4866138,OLLL,AVER,OLL,AVE
2013,5032958,13944.0,5248.0,12870.0,1512693,5032957,1513286,4844146,OLLL,CEPDL,OLL,CEPD
2014,5032958,13944.0,5248.0,12870.0,1512693,5032957,1514505,4893380,OLLL,SMDDR,OLL,SMDD
2015,5032913,14720.0,12526.0,9810.0,1512693,4818265,1514175,4875309,OLLL,RMDDL,OLL,RMDD
2016,5032913,14720.0,12526.0,9810.0,1512693,4818265,1513922,4864886,OLLL,CEPVL,OLL,CEPV
2017,5032915,15292.0,12146.0,9840.0,1512693,4818264,1514175,4875310,OLLL,RMDDL,OLL,RMDD
2018,5032915,15292.0,12146.0,9840.0,1512693,4818264,1513922,4864890,OLLL,CEPVL,OLL,CEPV
2019,5032919,16254.0,11750.0,10590.0,1512693,4818239,1514175,4875386,OLLL,RMDDL,OLL,RMDD
2020,5032919,16254.0,11750.0,10590.0,1512693,4818239,1513922,4864912,OLLL,CEPVL,OLL,CEPV
2021,5032922,17168.0,11286.0,11490.0,1512693,4818211,1513959,4866201,OLLL,AVER,OLL,AVE
2022,5032922,17168.0,11286.0,11490.0,1512693,4818211,1515756,4960199,OLLL,RIBL,OLL,RIB
2023,5032928,17720.0,9436.0,11970.0,1512693,4818199,1513959,4866185,OLLL,AVER,OLL,AVE
2024,5032928,17720.0,9436.0,11970.0,1512693,4818199,1515756,4960067,OLLL,RIBL,OLL,RIB
2025,5032939,17396.0,7408.0,12780.0,1512693,4818151,1513959,4866158,OLLL,AVER,OLL,AVE
2026,5032939,17396.0,7408.0,12780.0,1512693,4818151,1515756,4960043,OLLL,RIBL,OLL,RIB
2027,5032942,17572.0,7856.0,12540.0,1512693,4818143,1513959,4866166,OLLL,AVER,OLL,AVE
2028,5032942,17572.0,7856.0,12540.0,1512693,4818143,1515756,4960048,OLLL,RIBL,OLL,RIB
2029,5032946,17784.0,8556.0,12270.0,1512693,4818128,1515756,4960057,OLLL,RIBL,OLL,RIB
2030,5032946,17784.0,8556.0,12270.0,1512693,4818128,1513959,4866175,OLLL,AVER,OLL,AVE
2031,5032946,17784.0,8556.0,12270.0,1512693,4818128,1512924,4829809,OLLL,RMDVL,OLL,RMDV
2032,5032923,17588.0,10984.0,11610.0,1512693,4818207,1515756,4960204,OLLL,RIBL,OLL,RIB
2033,5032923,17588.0,10984.0,11610.0,1512693,4818207,1515306,4935232,OLLL,URYVL,OLL,URYV
2034,5032923,17588.0,10984.0,11610.0,1512693,4818207,1513959,4866197,OLLL,AVER,OLL,AVE
2035,5032926,17816.0,10020.0,11970.0,1512693,4818199,1515756,4960067,OLLL,RIBL,OLL,RIB
2036,5032926,17816.0,10020.0,11970.0,1512693,4818199,1515756,5032927,OLLL,RIBL,OLL,RIB
2037,5032944,17824.0,8916.0,12210.0,1512693,4818126,1512924,4829807,OLLL,RMDVL,OLL,RMDV
2038,5032944,17824.0,8916.0,12210.0,1512693,4818126,1515756,4960059,OLLL,RIBL,OLL,RIB
2039,5032911,14318.0,12944.0,9060.0,1512693,4818307,1512633,5067164,OLLL,RMEV,OLL,RMEV
2040,5032911,14318.0,12944.0,9060.0,1512693,4818307,1515756,4960229,OLLL,RIBL,OLL,RIB
2041,5032934,13196.0,4940.0,12810.0,1512693,4818163,1514505,4893378,OLLL,SMDDR,OLL,SMDD
2042,5032934,13196.0,4940.0,12810.0,1512693,4818163,1515756,4959995,OLLL,RIBL,OLL,RIB
2043,5032932,12496.0,5112.0,12660.0,1512693,4818168,1515756,4960001,OLLL,RIBL,OLL,RIB
2044,5032932,12496.0,5112.0,12660.0,1512693,4818168,1515935,4969260,OLLL,SMDVL,OLL,SMDV
2045,5032929,16968.0,8962.0,10830.0,1512693,4818083,1512886,4828330,OLLL,RMDR,OLL,RMDL/R
2046,5032959,16154.0,6346.0,12720.0,1512693,4818194,1513286,4844136,OLLL,CEPDL,OLL,CEPD
2047,5032959,16154.0,6346.0,12720.0,1512693,4818194,1512924,4829847,OLLL,RMDVL,OLL,RMDV
2048,5032933,13008.0,5040.0,12840.0,1512693,4818162,1514505,4893379,OLLL,SMDDR,OLL,SMDD
2049,5032910,14250.0,12732.0,9030.0,1512693,4818308,1515222,4932130,OLLL,SMDVR,OLL,SMDV
2050,5032914,15392.0,12178.0,9780.0,1512693,4818266,1515222,4932576,OLLL,SMDVR,OLL,SMDV
2051,5032914,15392.0,12178.0,9780.0,1512693,4818266,1513959,4866256,OLLL,AVER,OLL,AVE
2052,5032912,14494.0,12756.0,9120.0,1512693,4818305,1515756,4960227,OLLL,RIBL,OLL,RIB
2053,5032912,14494.0,12756.0,9120.0,1512693,4818305,1513959,4866276,OLLL,AVER,OLL,AVE
2054,5032912,14494.0,12756.0,9120.0,1512693,4818305,1515222,4932117,OLLL,SMDVR,OLL,SMDV
2055,5032992,9080.0,6010.0,12330.0,1512741,4819895,1513618,4859587,OLLR,AVEL,OLL,AVE
2056,5032994,8148.0,7438.0,12390.0,1512741,4819860,1512616,4814489,OLLR,CEPDR,OLL,CEPD
2057,5032994,8148.0,7438.0,12390.0,1512741,4819860,1513618,4860688,OLLR,AVEL,OLL,AVE
2058,5032996,7940.0,7806.0,12300.0,1512741,4819857,1513225,4842829,OLLR,RIBR,OLL,RIB
2059,5032996,7940.0,7806.0,12300.0,1512741,4819857,1513618,4859598,OLLR,AVEL,OLL,AVE
2060,5032999,8700.0,10650.0,12150.0,1512741,4819852,1513225,4842527,OLLR,RIBR,OLL,RIB
2061,5032999,8700.0,10650.0,12150.0,1512741,4819852,1513618,4860684,OLLR,AVEL,OLL,AVE
2062,5033002,10644.0,5234.0,12300.0,1512741,4819904,1514284,4880087,OLLR,SMDDL,OLL,SMDD
2063,5033002,10644.0,5234.0,12300.0,1512741,4819904,1513225,4842788,OLLR,RIBR,OLL,RIB
2064,5033002,10644.0,5234.0,12300.0,1512741,4819904,1513618,4859576,OLLR,AVEL,OLL,AVE
2065,5032982,8312.0,9334.0,12030.0,1512741,4819753,1513618,4859607,OLLR,AVEL,OLL,AVE
2066,5032982,8312.0,9334.0,12030.0,1512741,4819753,1513225,4842838,OLLR,RIBR,OLL,RIB
2067,5032982,8312.0,9334.0,12030.0,1512741,4819753,1513225,4842531,OLLR,RIBR,OLL,RIB
2068,5032983,8160.0,8974.0,12120.0,1512741,4819758,1513225,4842835,OLLR,RIBR,OLL,RIB
2069,5032983,8160.0,8974.0,12120.0,1512741,4819758,1513618,4859604,OLLR,AVEL,OLL,AVE
2070,5032983,8160.0,8974.0,12120.0,1512741,4819758,1512532,4811474,OLLR,RMDVR,OLL,RMDV
2071,5032973,10398.0,12440.0,10860.0,1512741,4819797,1514065,4871974,OLLR,RMDDR,OLL,RMDD
2072,5032973,10398.0,12440.0,10860.0,1512741,4819797,1513618,4859661,OLLR,AVEL,OLL,AVE
2073,5032978,9618.0,11676.0,11700.0,1512741,4819772,1513618,4859633,OLLR,AVEL,OLL,AVE
2074,5032978,9618.0,11676.0,11700.0,1512741,4819772,1514065,4871999,OLLR,RMDDR,OLL,RMDD
2075,5032981,8562.0,10122.0,12090.0,1512741,4819751,1514065,4872459,OLLR,RMDDR,OLL,RMDD
2076,5032981,8562.0,10122.0,12090.0,1512741,4819751,1513225,4842529,OLLR,RIBR,OLL,RIB
2077,5032981,8562.0,10122.0,12090.0,1512741,4819751,1513618,4859621,OLLR,AVEL,OLL,AVE
2078,5032987,9328.0,5822.0,12360.0,1512741,4819896,1512532,5032988,OLLR,RMDVR,OLL,RMDV
2079,5032987,9328.0,5822.0,12360.0,1512741,4819896,1513618,4859588,OLLR,AVEL,OLL,AVE
2080,5032995,8324.0,6874.0,12360.0,1512741,4819888,1512532,4811519,OLLR,RMDVR,OLL,RMDV
2081,5032995,8324.0,6874.0,12360.0,1512741,4819888,1513618,4859596,OLLR,AVEL,OLL,AVE
2082,5033003,9692.0,5710.0,12270.0,1512741,4819891,1513618,4859584,OLLR,AVEL,OLL,AVE
2083,5033003,9692.0,5710.0,12270.0,1512741,4819891,1514284,4880119,OLLR,SMDDL,OLL,SMDD
2084,5032976,9810.0,11848.0,11490.0,1512741,4819779,1514042,4871548,OLLR,CEPVR,OLL,CEPV
2085,5032976,9810.0,11848.0,11490.0,1512741,4819779,1513618,4859640,OLLR,AVEL,OLL,AVE
2086,5032980,9422.0,11504.0,11850.0,1512741,4819767,1514065,4872004,OLLR,RMDDR,OLL,RMDD
2087,5032980,9422.0,11504.0,11850.0,1512741,4819767,1514042,4871559,OLLR,CEPVR,OLL,CEPV
2088,5032980,9422.0,11504.0,11850.0,1512741,4819767,1513618,4859628,OLLR,AVEL,OLL,AVE
2089,5032974,10118.0,12104.0,10860.0,1512741,4819797,1514065,4871974,OLLR,RMDDR,OLL,RMDD
2090,5032974,10118.0,12104.0,10860.0,1512741,4819797,1514042,4871530,OLLR,CEPVR,OLL,CEPV
2091,5032967,12253.0,12846.0,9450.0,1512741,4819847,1515935,4969400,OLLR,SMDVL,OLL,SMDV
2092,5032967,12253.0,12846.0,9450.0,1512741,4819847,1514042,4871486,OLLR,CEPVR,OLL,CEPV
2093,5032968,11848.0,12840.0,9750.0,1512741,4819837,1515935,4969390,OLLR,SMDVL,OLL,SMDV
2094,5032968,11848.0,12840.0,9750.0,1512741,4819837,1514042,4871495,OLLR,CEPVR,OLL,CEPV
2095,5032968,11848.0,12840.0,9750.0,1512741,4819837,1513618,4859697,OLLR,AVEL,OLL,AVE
2096,5032969,11346.0,12776.0,9990.0,1512741,4819829,1513618,4859689,OLLR,AVEL,OLL,AVE
2097,5032969,11346.0,12776.0,9990.0,1512741,4819829,1515935,4969383,OLLR,SMDVL,OLL,SMDV
2098,5032969,11346.0,12776.0,9990.0,1512741,4819829,1514042,4871502,OLLR,CEPVR,OLL,CEPV
2099,5032998,8032.0,8242.0,12240.0,1512741,4819855,1513225,4842831,OLLR,RIBR,OLL,RIB
2100,5032998,8032.0,8242.0,12240.0,1512741,4819855,1512532,4811478,OLLR,RMDVR,OLL,RMDV
2101,5032997,8264.0,9578.0,12270.0,1512741,4819856,1512756,4820166,OLLR,RMER,OLL,RMEL/R
2102,5032997,8264.0,9578.0,12270.0,1512741,4819856,1513225,4842541,OLLR,RIBR,OLL,RIB
2103,5032966,8536.0,9054.0,10530.0,1512741,4819521,1515366,4937190,OLLR,RMDL,OLL,RMDL/R
2104,5033000,8392.0,6702.0,12300.0,1512741,4819890,1512532,4811517,OLLR,RMDVR,OLL,RMDV
2105,5032984,10716.0,5602.0,12750.0,1512741,4819914,1512532,4811543,OLLR,RMDVR,OLL,RMDV
2106,5032984,10716.0,5602.0,12750.0,1512741,4819914,1512616,4814483,OLLR,CEPDR,OLL,CEPD
2107,5032993,8192.0,7470.0,12420.0,1512741,4819886,1512532,4811521,OLLR,RMDVR,OLL,RMDV
2108,5032993,8192.0,7470.0,12420.0,1512741,4819886,1512616,4814490,OLLR,CEPDR,OLL,CEPD
2109,5032986,11240.0,5386.0,12510.0,1512741,4819907,1514284,4880094,OLLR,SMDDL,OLL,SMDD
2110,5033001,10964.0,5242.0,12330.0,1512741,4819903,1514284,4880088,OLLR,SMDDL,OLL,SMDD
2111,5032971,10280.0,12316.0,10620.0,1512741,4819805,1513618,5032972,OLLR,AVEL,OLL,AVE
2112,5032971,10280.0,12316.0,10620.0,1512741,4819805,1515935,4969366,OLLR,SMDVL,OLL,SMDV
2113,5033007,17188.0,8510.0,13560.0,1515277,4934300,1515605,4947110,OLQDL,IL2L,OLQD,IL2L/R
2114,5033016,16800.0,7380.0,13650.0,1515277,4934259,1515605,5033017,OLQDL,IL2L,OLQD,IL2L/R
2115,5033016,16800.0,7380.0,13650.0,1515277,4934259,1515415,4939448,OLQDL,URADL,OLQD,URAD
2116,5033016,16800.0,7380.0,13650.0,1515277,4934259,1515434,4940136,OLQDL,RMED,OLQD,RMED
2117,5033014,15636.0,6910.0,10410.0,1515277,4934142,1515467,4941802,OLQDL,RICL,OLQD,RIC
2118,5033013,15622.0,6854.0,11070.0,1515277,4934158,1512656,4816918,OLQDL,RICR,OLQD,RIC
2119,5033011,15118.0,6538.0,11880.0,1515277,4934180,1514065,4872121,OLQDL,RMDDR,OLQD,RMDD
2120,5033011,15118.0,6538.0,11880.0,1515277,4934180,1513153,4839846,OLQDL,SIBVL,OLQD,SIBV
2121,5033012,15574.0,6682.0,11790.0,1515277,4934178,1513153,4839843,OLQDL,SIBVL,OLQD,SIBV
2122,5033012,15574.0,6682.0,11790.0,1515277,4934178,1514065,4872124,OLQDL,RMDDR,OLQD,RMDD
2123,5033023,9228.0,9984.0,13650.0,1513500,4854457,1513437,4851244,OLQDR,IL2R,OLQD,IL2L/R
2124,5033024,8960.0,9316.0,13650.0,1513500,4854457,1513437,4851244,OLQDR,IL2R,OLQD,IL2L/R
2125,5033028,8996.0,7106.0,9990.0,1513500,4854301,1515467,4941864,OLQDR,RICL,OLQD,RIC
2126,5033028,8996.0,7106.0,9990.0,1513500,4854301,1512656,4816845,OLQDR,RICR,OLQD,RIC
2127,5033026,9254.0,6922.0,11340.0,1513500,4854342,1514175,4875759,OLQDR,RMDDL,OLQD,RMDD
2128,5033026,9254.0,6922.0,11340.0,1513500,4854342,1514596,4898065,OLQDR,SIBVR,OLQD,SIBV
2129,5033031,17314.0,9964.0,13200.0,1512571,4813101,1515605,4947098,OLQVL,IL2L,OLQV,IL2L/R
2130,5033039,15752.0,10700.0,9090.0,1512571,4812970,1515467,4941694,OLQVL,RICL,OLQV,RIC
2131,5033034,15772.0,10970.0,10380.0,1512571,4813010,1512532,4811743,OLQVL,RMDVR,OLQV,RMDV
2132,5033034,15772.0,10970.0,10380.0,1512571,4813010,1515128,4927975,OLQVL,SIBDL,OLQV,SIBD
2133,5033035,15436.0,11198.0,9480.0,1512571,4812980,1512532,4811876,OLQVL,RMDVR,OLQV,RMDV
2134,5033035,15436.0,11198.0,9480.0,1512571,4812980,1515128,5033036,OLQVL,SIBDL,OLQV,SIBD
2135,5033041,15084.0,11244.0,8910.0,1512571,4812964,1512532,4811894,OLQVL,RMDVR,OLQV,RMDV
2136,5033041,15084.0,11244.0,8910.0,1512571,4812964,1515128,4928000,OLQVL,SIBDL,OLQV,SIBD
2137,5033050,9194.0,10598.0,13200.0,1513275,4843867,1513437,4851222,OLQVR,IL2R,OLQV,IL2L/R
2138,5033054,9526.0,11154.0,12960.0,1513275,4843859,1513437,4851214,OLQVR,IL2R,OLQV,IL2L/R
2139,5033060,9802.0,11376.0,8730.0,1513275,4843702,1512656,4816769,OLQVR,RICR,OLQV,RIC
2140,5033058,10248.0,11436.0,10020.0,1513275,4843759,1514322,4881520,OLQVR,SIBDR,OLQV,SIBD
2141,5033058,10248.0,11436.0,10020.0,1513275,4843759,1512924,4830291,OLQVR,RMDVL,OLQV,RMDV
2142,5033059,10434.0,11626.0,9870.0,1513275,4843755,1514322,4881286,OLQVR,SIBDR,OLQV,SIBD
2143,5033059,10434.0,11626.0,9870.0,1513275,4843755,1512924,4830011,OLQVR,RMDVL,OLQV,RMDV
2144,5033066,10854.0,11862.0,9240.0,1513275,4843731,1512924,4830139,OLQVR,RMDVL,OLQV,RMDV
2145,5033066,10854.0,11862.0,9240.0,1513275,4843731,1514322,4881583,OLQVR,SIBDR,OLQV,SIBD
2146,5033068,10591.0,11843.0,9600.0,1513275,4843747,1512924,4830128,OLQVR,RMDVL,OLQV,RMDV
2147,5033068,10591.0,11843.0,9600.0,1513275,4843747,1514322,4881571,OLQVR,SIBDR,OLQV,SIBD
2148,5033082,17254.0,9652.0,8760.0,1514882,4915222,1515817,4962438,PVCL,AVBL,PVC,AVB
2149,5033082,17254.0,9652.0,8760.0,1514882,4915222,1515674,4951730,PVCL,AVAL,PVC,AVA
2150,5033080,17596.0,9266.0,9150.0,1514882,4915235,1514783,4908520,PVCL,AVBR,PVC,AVB
2151,5033080,17596.0,9266.0,9150.0,1514882,4915235,1515674,4951718,PVCL,AVAL,PVC,AVA
2152,5033081,17596.0,9518.0,9030.0,1514882,4915231,1515674,4951721,PVCL,AVAL,PVC,AVA
2153,5033081,17596.0,9518.0,9030.0,1514882,4915231,1514783,4908524,PVCL,AVBR,PVC,AVB
2154,5033083,16732.0,10846.0,8100.0,1514882,4915201,1514783,4908554,PVCL,AVBR,PVC,AVB
2155,5033083,16732.0,10846.0,8100.0,1514882,4915201,1515674,4951754,PVCL,AVAL,PVC,AVA
2156,5033072,13382.0,14426.0,3030.0,1514882,4915340,1512870,4827204,PVCL,AVAR,PVC,AVA
2157,5033073,13876.0,14378.0,3120.0,1514882,4915337,1513959,4866482,PVCL,AVER,PVC,AVE
2158,5033073,13876.0,14378.0,3120.0,1514882,4915337,1514783,4908711,PVCL,AVBR,PVC,AVB
2159,5033074,14868.0,5976.0,9960.0,1514882,4915268,1515690,4951964,PVCL,RID,PVC,RID
2160,5033074,14868.0,5976.0,9960.0,1514882,4915268,1512852,4826739,PVCL,DVA,PVC,DVA
2161,5033074,14868.0,5976.0,9960.0,1514882,4915268,1514783,4908479,PVCL,AVBR,PVC,AVB
2162,5033071,11386.0,16544.0,-1200.0,1514882,4915479,1515674,4951098,PVCL,AVAL,PVC,AVA
2163,5033071,11386.0,16544.0,-1200.0,1514882,4915479,1515027,4922051,PVCL,ADEL,PVC,ADE
2164,5033071,11386.0,16544.0,-1200.0,1514882,4915479,1514347,4883207,PVCL,VB1,PVC,VB1
2165,5033085,7772.0,9014.0,9330.0,1514415,4888404,1513959,4866007,PVCR,AVER,PVC,AVE
2166,5033085,7772.0,9014.0,9330.0,1514415,4888404,1512459,5033086,PVCR,ADAR,PVC,ADA
2167,5033088,10632.0,13448.0,6300.0,1514415,4888289,1515391,4938472,PVCR,AQR,PVC,AQR
2168,5033088,10632.0,13448.0,6300.0,1514415,4888289,1515817,4962691,PVCR,AVBL,PVC,AVB
2169,5033088,10632.0,13448.0,6300.0,1514415,4888289,1514371,4884558,PVCR,AVDL,PVC,AVD
2170,5033084,7864.0,9354.0,9330.0,1514415,4888404,1515391,4938589,PVCR,AQR,PVC,AQR
2171,5033084,7864.0,9354.0,9330.0,1514415,4888404,1512870,4826833,PVCR,AVAR,PVC,AVA
2172,5033087,7636.0,8990.0,9300.0,1514415,4888403,1512870,4826831,PVCR,AVAR,PVC,AVA
2173,5033087,7636.0,8990.0,9300.0,1514415,4888403,1513959,4866006,PVCR,AVER,PVC,AVE
2174,5033089,11994.0,16030.0,510.0,1514415,4888098,1515674,4951038,PVCR,AVAL,PVC,AVA
2175,5033089,11994.0,16030.0,510.0,1514415,4888098,1514371,4884888,PVCR,AVDL,PVC,AVD
2176,5033104,17204.0,10510.0,8370.0,1515054,4924360,1515391,4938945,PVPL,AQR,PVP,AQR
2177,5033104,17204.0,10510.0,8370.0,1515054,4924360,1514783,4908546,PVPL,AVBR,PVP,AVB
2178,5033104,17204.0,10510.0,8370.0,1515054,4924360,1515674,4951747,PVPL,AVAL,PVP,AVA
2179,5033105,13408.0,14180.0,3570.0,1515054,4924198,1515391,4938783,PVPL,AQR,PVP,AQR
2180,5033105,13408.0,14180.0,3570.0,1515054,4924198,1512870,4827189,PVPL,AVAR,PVP,AVA
2181,5033105,13408.0,14180.0,3570.0,1515054,4924198,1514783,4908696,PVPL,AVBR,PVP,AVB
2182,5033097,13898.0,5754.0,9840.0,1515054,4924429,1514882,4915264,PVPL,PVCL,PVP,PVC
2183,5033097,13898.0,5754.0,9840.0,1515054,4924429,1515391,4938675,PVPL,AQR,PVP,AQR
2184,5033097,13898.0,5754.0,9840.0,1515054,4924429,1515817,4962475,PVPL,AVBL,PVP,AVB
2185,5033106,17446.0,9226.0,8700.0,1515054,4924389,1515817,4962436,PVPL,AVBL,PVP,AVB
2186,5033106,17446.0,9226.0,8700.0,1515054,4924389,1515674,4951732,PVPL,AVAL,PVP,AVA
2187,5033099,14114.0,5762.0,9810.0,1515054,4924428,1514882,4915263,PVPL,PVCL,PVP,PVC
2188,5033099,14114.0,5762.0,9810.0,1515054,4924428,1515817,4962474,PVPL,AVBL,PVP,AVB
2189,5033094,15182.0,16454.0,-2520.0,1515054,4923486,1512870,4827404,PVPL,AVAR,PVP,AVA
2190,5033094,15182.0,16454.0,-2520.0,1515054,4923486,1514094,4873271,PVPL,SAADL,PVP,SAAD
2191,5033094,15182.0,16454.0,-2520.0,1515054,4923486,1511972,4801935,PVPL,AVFR,PVP,AVF
2192,5033103,17788.0,8970.0,9090.0,1515054,4924402,1515674,4951716,PVPL,AVAL,PVP,AVA
2193,5033103,17788.0,8970.0,9090.0,1515054,4924402,1514882,4915233,PVPL,PVCL,PVP,PVC
2194,5033096,17210.0,11212.0,8700.0,1515054,4924371,1512791,4822497,PVPL,RIGL,PVP,RIG
2195,5033096,17210.0,11212.0,8700.0,1515054,4924371,1512720,4818949,PVPL,URXL,PVP,URX
2196,5033115,8000.0,10178.0,9150.0,1512837,4825234,1515391,4938595,PVPR,AQR,PVP,AQR
2197,5033115,8000.0,10178.0,9150.0,1512837,4825234,1514415,4888381,PVPR,PVCR,PVP,PVC
2198,5033121,9798.0,12930.0,7740.0,1512837,4824305,1514206,4876058,PVPR,AVJL,PVP,AVJ
2199,5033121,9798.0,12930.0,7740.0,1512837,4824305,1514415,4888335,PVPR,PVCR,PVP,PVC
2200,5033121,9798.0,12930.0,7740.0,1512837,4824305,1515391,4938518,PVPR,AQR,PVP,AQR
2201,5033112,8392.0,11190.0,9390.0,1512837,4825242,1515817,4962590,PVPR,AVBL,PVP,AVB
2202,5033112,8392.0,11190.0,9390.0,1512837,4825242,1512592,5033114,PVPR,URXR,PVP,URX
2203,5033112,8392.0,11190.0,9390.0,1512837,4825242,1515391,4938573,PVPR,AQR,PVP,AQR
2204,5033118,12542.0,15620.0,1290.0,1512837,4824542,1515817,4962854,PVPR,AVBL,PVP,AVB
2205,5033118,12542.0,15620.0,1290.0,1512837,4824542,1515489,4943142,PVPR,RIS,PVP,RIS
2206,5033111,10378.0,5918.0,9630.0,1512837,4825267,1515391,4938636,PVPR,AQR,PVP,AQR
2207,5033111,10378.0,5918.0,9630.0,1512837,4825267,1514783,4908437,PVPR,AVBR,PVP,AVB
2208,5033123,7872.0,6934.0,9000.0,1512837,4824243,1513116,4837065,PVPR,ASHR,PVP,ASH
2209,5033123,7872.0,6934.0,9000.0,1512837,4824243,1514783,4908413,PVPR,AVBR,PVP,AVB
2210,5033122,8008.0,10034.0,8970.0,1512837,4824251,1514783,4908408,PVPR,AVBR,PVP,AVB
2211,5033122,8008.0,10034.0,8970.0,1512837,4824251,1514415,4888375,PVPR,PVCR,PVP,PVC
2212,5033120,10416.0,13612.0,6540.0,1512837,4824344,1514415,4888296,PVPR,PVCR,PVP,PVC
2213,5033120,10416.0,13612.0,6540.0,1512837,4824344,1514206,4876018,PVPR,AVJL,PVP,AVJ
2214,5033120,10416.0,13612.0,6540.0,1512837,4824344,1514783,4908332,PVPR,AVBR,PVP,AVB
2215,5033125,8181.0,10442.0,9150.0,1512837,4825234,1514415,4888381,PVPR,PVCR,PVP,PVC
2216,5033119,11632.0,14558.0,5220.0,1512837,4824388,1512852,4825494,PVPR,DVA,PVP,DVA
2217,5033119,11632.0,14558.0,5220.0,1512837,4824388,1514383,4885806,PVPR,SMBDR,PVP,SMBD
2218,5033126,13400.0,5214.0,8490.0,1515062,4925437,1515172,4929971,PVQL,AIAL,PVQ,AIA
2219,5033128,13726.0,5134.0,8580.0,1515062,4925435,1515172,4929968,PVQL,AIAL,PVQ,AIA
2220,5033129,13536.0,5152.0,8700.0,1515062,4925431,1515172,4929963,PVQL,AIAL,PVQ,AIA
2221,5033139,15180.0,15062.0,2370.0,1515062,4925179,1515146,4928555,PVQL,AIML,PVQ,AIM
2222,5033139,15180.0,15062.0,2370.0,1515062,4925179,1515172,4929687,PVQL,AIAL,PVQ,AIA
2223,5033139,15180.0,15062.0,2370.0,1515062,4925179,1515073,4925723,PVQL,ASJL,PVQ,ASJ
2224,5033131,17282.0,9618.0,6450.0,1515062,4925446,1515158,4929293,PVQL,ASKL,PVQ,ASK
2225,5033131,17282.0,9618.0,6450.0,1515062,4925446,1515172,4929995,PVQL,AIAL,PVQ,AIA
2226,5033140,16658.0,10189.0,6900.0,1515062,4925345,1515172,5033141,PVQL,AIAL,PVQ,AIA
2227,5033140,16658.0,10189.0,6900.0,1515062,4925345,1515158,4929319,PVQL,ASKL,PVQ,ASK
2228,5033133,15498.0,13786.0,4080.0,1515062,4925234,1515158,4929212,PVQL,ASKL,PVQ,ASK
2229,5033133,15498.0,13786.0,4080.0,1515062,4925234,1515073,4925780,PVQL,ASJL,PVQ,ASJ
2230,5033135,15118.0,14062.0,3450.0,1515062,4925213,1516008,5033138,PVQL,AVFL,PVQ,AVF
2231,5033135,15118.0,14062.0,3450.0,1515062,4925213,1515158,4929191,PVQL,ASKL,PVQ,ASK
2232,5033130,17092.0,8584.0,7530.0,1515062,4925374,1515117,4927392,PVQL,AWAL,PVQ,AWA
2233,5033130,17092.0,8584.0,7530.0,1515062,4925374,1515158,4929340,PVQL,ASKL,PVQ,ASK
2234,5033143,11378.0,15802.0,2910.0,1514629,4899173,1514839,4912881,PVQR,AIMR,PVQ,AIM
2235,5033143,11378.0,15802.0,2910.0,1514629,4899173,1514916,4917093,PVQR,AIAR,PVQ,AIA
2236,5033145,10772.0,5524.0,8400.0,1514629,4900121,1514916,4917376,PVQR,AIAR,PVQ,AIA
2237,5033145,10772.0,5524.0,8400.0,1514629,4900121,1515891,4967352,PVQR,ASKR,PVQ,ASK
2238,5033147,11260.0,5424.0,8460.0,1514629,4900119,1514916,4917374,PVQR,AIAR,PVQ,AIA
2239,5033147,11260.0,5424.0,8460.0,1514629,4900119,1515891,4967361,PVQR,ASKR,PVQ,ASK
2240,5033148,8356.0,11034.0,7560.0,1514629,4900135,1514916,4917268,PVQR,AIAR,PVQ,AIA
2241,5033148,8356.0,11034.0,7560.0,1514629,4900135,1515891,4967288,PVQR,ASKR,PVQ,ASK
2242,5033150,7520.0,10468.0,7080.0,1514629,4900149,1515891,4967404,PVQR,ASKR,PVQ,ASK
2243,5033150,7520.0,10468.0,7080.0,1514629,4900149,1514916,4917264,PVQR,AIAR,PVQ,AIA
2244,5033153,7630.0,10374.0,7380.0,1514629,4900142,1515891,4967282,PVQR,ASKR,PVQ,ASK
2245,5033153,7630.0,10374.0,7380.0,1514629,4900142,1514916,4917254,PVQR,AIAR,PVQ,AIA
2246,5033151,7336.0,10156.0,7140.0,1514629,4900148,1531065,5033152,PVQR,CEPshVR,PVQ,CEPshV
2247,5033151,7336.0,10156.0,7140.0,1514629,4900148,1514916,4917262,PVQR,AIAR,PVQ,AIA
2248,5033157,9850.0,14095.0,5760.0,1514629,4899966,1513116,4836945,PVQR,ASHR,PVQ,ASH
2249,5033157,9850.0,14095.0,5760.0,1514629,4899966,1515891,4967227,PVQR,ASKR,PVQ,ASK
2250,5033154,9326.0,13100.0,6300.0,1514629,4899985,1531078,5033155,PVQR,CEPshVR,PVQ,CEPshV
2251,5033154,9326.0,13100.0,6300.0,1514629,4899985,1514611,4899139,PVQR,ASJR,PVQ,ASJ
2252,5034124,9918.0,6650.0,9990.0,1513468,4852083,1514019,4869596,PVR,RIVR,PVR,RIV
2253,5034124,9918.0,6650.0,9990.0,1513468,4852083,1515817,4962521,PVR,AVBL,PVR,AVB
2254,5034122,11688.0,6490.0,10140.0,1513468,4852136,1514206,4876250,PVR,AVJL,PVR,AVJ
2255,5034122,11688.0,6490.0,10140.0,1513468,4852136,1515817,4962502,PVR,AVBL,PVR,AVB
2256,5033159,15676.0,10554.0,7530.0,1513468,4852343,1513035,4833623,PVR,RIPL,PVR,RIP
2257,5033159,15676.0,10554.0,7530.0,1513468,4852343,1515817,4962397,PVR,AVBL,PVR,AVB
2258,5034114,15692.0,10806.0,7500.0,1513468,4852344,1515817,4962396,PVR,AVBL,PVR,AVB
2259,5034114,15692.0,10806.0,7500.0,1513468,4852344,1513035,4833624,PVR,RIPL,PVR,RIP
2260,5034125,9972.0,11994.0,7860.0,1513468,4852444,1514783,4908374,PVR,AVBR,PVR,AVB
2261,5034125,9972.0,11994.0,7860.0,1513468,4852444,1515588,4946675,PVR,RIPR,PVR,RIP
2262,5034126,9800.0,11738.0,7860.0,1513468,4852444,1514783,4908374,PVR,AVBR,PVR,AVB
2263,5034126,9800.0,11738.0,7860.0,1513468,4852444,1515588,4946675,PVR,RIPR,PVR,RIP
2264,5034127,9736.0,11130.0,8250.0,1513468,4852431,1514783,4908387,PVR,AVBR,PVR,AVB
2265,5034127,9736.0,11130.0,8250.0,1513468,4852431,1515588,4946680,PVR,RIPR,PVR,RIP
2266,5034118,14754.0,6472.0,9900.0,1513468,4852220,1514783,4908481,PVR,AVBR,PVR,AVB
2267,5034118,14754.0,6472.0,9900.0,1513468,4852220,1515415,4939284,PVR,URADL,PVR,URAD
2268,5034119,14590.0,6540.0,9930.0,1513468,4852219,1514206,4876147,PVR,AVJL,PVR,AVJ
2269,5034119,14590.0,6540.0,9930.0,1513468,4852219,1514783,4908480,PVR,AVBR,PVR,AVB
2270,5034120,13662.0,6372.0,9960.0,1513468,4852218,1514783,4908479,PVR,AVBR,PVR,AVB
2271,5034120,13662.0,6372.0,9960.0,1513468,4852218,1514206,4876146,PVR,AVJL,PVR,AVJ
2272,5034121,13036.0,6350.0,10050.0,1513468,4852215,1514206,4876247,PVR,AVJL,PVR,AVJ
2273,5034121,13036.0,6350.0,10050.0,1513468,4852215,1514783,4908460,PVR,AVBR,PVR,AVB
2274,5034143,14074.0,6467.0,9990.0,1513468,4852217,1514206,4876145,PVR,AVJL,PVR,AVJ
2275,5034143,14074.0,6467.0,9990.0,1513468,4852217,1514783,4908478,PVR,AVBR,PVR,AVB
2276,5034115,15748.0,11050.0,7500.0,1513468,4852344,1513035,4833624,PVR,RIPL,PVR,RIP
2277,5034117,15704.0,11130.0,7620.0,1513468,4852340,1513035,4833620,PVR,RIPL,PVR,RIP
2278,5034117,15704.0,11130.0,7620.0,1513468,4852340,1514783,4908570,PVR,AVBR,PVR,AVB
2279,5034132,15076.0,6765.0,9810.0,1513468,4852223,1513035,4833763,PVR,RIPL,PVR,RIP
2280,5034132,15076.0,6765.0,9810.0,1513468,4852223,1513340,4845911,PVR,IL1DL,PVR,IL1D
2281,5034131,15256.0,10799.0,7920.0,1513468,4852330,1513035,4833611,PVR,RIPL,PVR,RIP
2282,5034131,15256.0,10799.0,7920.0,1513468,4852330,1513947,4865427,PVR,IL1VL,PVR,IL1V
2283,5034140,15152.0,10763.0,8130.0,1513468,4852281,1513922,4864948,PVR,CEPVL,PVR,CEPV
2284,5034140,15152.0,10763.0,8130.0,1513468,4852281,1513947,4865434,PVR,IL1VL,PVR,IL1V
2285,5034140,15152.0,10763.0,8130.0,1513468,4852281,1513035,4833604,PVR,RIPL,PVR,RIP
2286,5034137,9512.0,6958.0,9840.0,1513468,5034138,1515588,4946868,PVR,RIPR,PVR,RIP
2287,5034137,9512.0,6958.0,9840.0,1513468,5034138,1512707,4818427,PVR,IL1DR,PVR,IL1D
2288,5034139,9648.0,7046.0,10020.0,1513468,4852084,1515588,4946862,PVR,RIPR,PVR,RIP
2289,5034139,9648.0,7046.0,10020.0,1513468,4852084,1512707,4818422,PVR,IL1DR,PVR,IL1D
2290,5034128,10236.0,11900.0,8310.0,1513468,4852429,1515588,4946657,PVR,RIPR,PVR,RIP
2291,5034128,10236.0,11900.0,8310.0,1513468,4852429,1513138,4838279,PVR,IL1VR,PVR,IL1V
2292,5034130,10238.0,11941.0,8190.0,1513468,4852433,1513526,4855855,PVR,URYVR,PVR,URYV
2293,5034130,10238.0,11941.0,8190.0,1513468,4852433,1515588,4946661,PVR,RIPR,PVR,RIP
2294,5034130,10238.0,11941.0,8190.0,1513468,4852433,1513153,4840014,PVR,SIBVL,PVR,SIBV
2295,5034130,10238.0,11941.0,8190.0,1513468,4852433,1513138,4838574,PVR,IL1VR,PVR,IL1V
2296,5034150,7046.0,6884.0,10530.0,1514545,4895105,1514577,4897460,PVT,DVC,PVT,DVC
2297,5034150,7046.0,6884.0,10530.0,1514545,4895105,1515732,4957117,PVT,AVKL,PVT,AVK
2298,5034150,7046.0,6884.0,10530.0,1514545,4895105,1514476,4892625,PVT,AIBL,PVT,AIB
2299,5034161,12344.0,14454.0,3480.0,1514545,4894624,1515732,4957393,PVT,AVKL,PVT,AVK
2300,5034161,12344.0,14454.0,3480.0,1514545,4894624,1514577,4897155,PVT,DVC,PVT,DVC
2301,5034161,12344.0,14454.0,3480.0,1514545,4894624,1514476,4892917,PVT,AIBL,PVT,AIB
2302,5034159,13436.0,13748.0,6030.0,1514545,4894707,1513068,4835785,PVT,AIBR,PVT,AIB
2303,5034159,13436.0,13748.0,6030.0,1514545,4894707,1515732,4956877,PVT,AVKL,PVT,AVK
2304,5034155,17576.0,11728.0,10020.0,1514545,4894832,1515732,4957008,PVT,AVKL,PVT,AVK
2305,5034155,17576.0,11728.0,10020.0,1514545,4894832,1514031,4869905,PVT,AVL,PVT,AVL
2306,5034153,14262.0,4702.0,11370.0,1514545,4894914,1513068,4835925,PVT,AIBR,PVT,AIB
2307,5034153,14262.0,4702.0,11370.0,1514545,4894914,1515718,4955999,PVT,AVKR,PVT,AVK
2308,5034152,13930.0,4474.0,11250.0,1514545,4894918,1515718,4956003,PVT,AVKR,PVT,AVK
2309,5034152,13930.0,4474.0,11250.0,1514545,4894918,1513068,4835921,PVT,AIBR,PVT,AIB
2310,5034148,8262.0,11472.0,10980.0,1514545,4895001,1515732,4957154,PVT,AVKL,PVT,AVK
2311,5034148,8262.0,11472.0,10980.0,1514545,4895001,1515718,4956072,PVT,AVKR,PVT,AVK
2312,5034149,9586.0,4910.0,11040.0,1514545,4894941,1515718,4956022,PVT,AVKR,PVT,AVK
2313,5034149,9586.0,4910.0,11040.0,1514545,4894941,1515732,4957090,PVT,AVKL,PVT,AVK
2314,5034151,11802.0,4586.0,11370.0,1514545,4894926,1515718,4956012,PVT,AVKR,PVT,AVK
2315,5034151,11802.0,4586.0,11370.0,1514545,4894926,1515732,4957079,PVT,AVKL,PVT,AVK
2316,5034172,11948.0,13833.0,8400.0,1514545,4895081,1515732,4957236,PVT,AVKL,PVT,AVK
2317,5034172,11948.0,13833.0,8400.0,1514545,4895081,1515718,4956156,PVT,AVKR,PVT,AVK
2318,5034162,11464.0,15412.0,360.0,1514545,4895173,1514383,4885611,PVT,SMBDR,PVT,SMBD
2319,5034162,11464.0,15412.0,360.0,1514545,4895173,1515718,4956410,PVT,AVKR,PVT,AVK
2320,5034162,11464.0,15412.0,360.0,1514545,4895173,1514031,4870401,PVT,AVL,PVT,AVL
2321,5034154,18418.0,10998.0,10260.0,1514545,4894839,1512791,4822445,PVT,RIGL,PVT,RIG
2322,5034154,18418.0,10998.0,10260.0,1514545,4894839,1515718,4955953,PVT,AVKR,PVT,AVK
2323,5034154,18418.0,10998.0,10260.0,1514545,4894839,1514577,4897377,PVT,DVC,PVT,DVC
2324,5034158,15062.0,13580.0,7680.0,1514545,4894757,1512791,4822570,PVT,RIGL,PVT,RIG
2325,5034158,15062.0,13580.0,7680.0,1514545,4894757,1514577,4897284,PVT,DVC,PVT,DVC
2326,5034145,10302.0,13098.0,9420.0,1514545,4895051,1513301,4844618,PVT,URAVR,PVT,URAV
2327,5034145,10302.0,13098.0,9420.0,1514545,4895051,1515581,4946144,PVT,IL2VR,PVT,IL2V
2328,5034160,12716.0,14408.0,4140.0,1514545,4894646,1515554,4944816,PVT,RIGR,PVT,RIG
2329,5034160,12716.0,14408.0,4140.0,1514545,4894646,1515732,4957372,PVT,AVKL,PVT,AVK
2330,5034144,11500.0,13744.0,8640.0,1514545,4895075,1515554,4944649,PVT,RIGR,PVT,RIG
2331,5034144,11500.0,13744.0,8640.0,1514545,4895075,1514749,4907208,PVT,RIH,PVT,RIH
2332,5034156,16268.0,12448.0,9150.0,1514545,4894805,1513947,4865677,PVT,IL1VL,PVT,IL1V
2333,5034156,16268.0,12448.0,9150.0,1514545,4894805,1515622,4948040,PVT,URAVL,PVT,URAV
2334,5034156,16268.0,12448.0,9150.0,1514545,4894805,1515573,4945799,PVT,IL2VL,PVT,IL2V
2335,5034156,16268.0,12448.0,9150.0,1514545,4894805,1515306,4935040,PVT,URYVL,PVT,URYV
2336,5034374,16018.0,6440.0,12480.0,1515912,4968456,1513286,4844128,RIAL,CEPDL,RIA,CEPD
2337,5034390,17350.0,10290.0,11250.0,1515912,4968199,1513587,4858788,RIAL,RIAR,RIA,RIA
2338,5034390,17350.0,10290.0,11250.0,1515912,4968199,1514175,4875464,RIAL,RMDDL,RIA,RMDD
2339,5034381,16920.0,7410.0,12000.0,1515912,4968224,1513587,4858764,RIAL,RIAR,RIA,RIA
2340,5034381,16920.0,7410.0,12000.0,1515912,4968224,1515366,4937102,RIAL,RMDL,RIA,RMDL/R
2341,5034395,17012.0,10654.0,10860.0,1515912,4968186,1515366,4936987,RIAL,RMDL,RIA,RMDL/R
2342,5034395,17012.0,10654.0,10860.0,1515912,4968186,1513587,4858802,RIAL,RIAR,RIA,RIA
2343,5034401,16338.0,11424.0,10350.0,1515912,4968170,1513587,4858816,RIAL,RIAR,RIA,RIA
2344,5034401,16338.0,11424.0,10350.0,1515912,4968170,1515366,4937004,RIAL,RMDL,RIA,RMDL/R
2345,5034401,16338.0,11424.0,10350.0,1515912,4968170,1513922,4864904,RIAL,CEPVL,RIA,CEPV
2346,5034280,9490.0,11194.0,11010.0,1515912,4968316,1512886,4828157,RIAL,RMDR,RIA,RMDL/R
2347,5034280,9490.0,11194.0,11010.0,1515912,4968316,1513587,4858704,RIAL,RIAR,RIA,RIA
2348,5034294,9042.0,10710.0,11310.0,1515912,4968285,1513587,4858712,RIAL,RIAR,RIA,RIA
2349,5034294,9042.0,10710.0,11310.0,1515912,4968285,1512886,4828570,RIAL,RMDR,RIA,RMDL/R
2350,5034302,8810.0,6674.0,11670.0,1515912,4968449,1513587,4858957,RIAL,RIAR,RIA,RIA
2351,5034302,8810.0,6674.0,11670.0,1515912,4968449,1512886,4828556,RIAL,RMDR,RIA,RMDL/R
2352,5034393,17268.0,10354.0,11100.0,1515912,4968194,1512886,4828373,RIAL,RMDR,RIA,RMDL/R
2353,5034393,17268.0,10354.0,11100.0,1515912,4968194,1513587,4858793,RIAL,RIAR,RIA,RIA
2354,5034283,9182.0,10522.0,11550.0,1515912,4968293,1513587,4858720,RIAL,RIAR,RIA,RIA
2355,5034283,9182.0,10522.0,11550.0,1515912,4968293,1512924,4830305,RIAL,RMDVL,RIA,RMDV
2356,5034389,17236.0,8654.0,11550.0,1515912,4968209,1512924,4829789,RIAL,RMDVL,RIA,RMDV
2357,5034389,17236.0,8654.0,11550.0,1515912,4968209,1513587,4858779,RIAL,RIAR,RIA,RIA
2358,5034410,14700.0,11858.0,8940.0,1515912,4968128,1512532,4811893,RIAL,RMDVR,RIA,RMDV
2359,5034410,14700.0,11858.0,8940.0,1515912,4968128,1513587,4858857,RIAL,RIAR,RIA,RIA
2360,5034411,14220.0,12010.0,8520.0,1515912,4968116,1513587,4858868,RIAL,RIAR,RIA,RIA
2361,5034411,14220.0,12010.0,8520.0,1515912,4968116,1514175,4875272,RIAL,RMDDL,RIA,RMDD
2362,5034411,14220.0,12010.0,8520.0,1515912,4968116,1512532,4811902,RIAL,RMDVR,RIA,RMDV
2363,5034316,11370.0,5906.0,11700.0,1515912,4968264,1513587,4858949,RIAL,RIAR,RIA,RIA
2364,5034316,11370.0,5906.0,11700.0,1515912,4968264,1515209,4931580,RIAL,SIADL,RIA,SIAD
2365,5034316,11370.0,5906.0,11700.0,1515912,4968264,1515222,4931949,RIAL,SMDVR,RIA,SMDV
2366,5034417,14110.0,12330.0,8220.0,1515912,4968106,1514284,4879903,RIAL,SMDDL,RIA,SMDD
2367,5034417,14110.0,12330.0,8220.0,1515912,4968106,1513587,4858878,RIAL,RIAR,RIA,RIA
2368,5034419,13828.0,12342.0,7920.0,1515912,4968096,1514284,4879893,RIAL,SMDDL,RIA,SMDD
2369,5034419,13828.0,12342.0,7920.0,1515912,4968096,1513587,4858888,RIAL,RIAR,RIA,RIA
2370,5034186,12000.0,12394.0,7500.0,1515912,4968424,1514505,4893123,RIAL,SMDDR,RIA,SMDD
2371,5034186,12000.0,12394.0,7500.0,1515912,4968424,1513587,4858597,RIAL,RIAR,RIA,RIA
2372,5034195,11880.0,12466.0,7740.0,1515912,5034193,1513587,4858604,RIAL,RIAR,RIA,RIA
2373,5034195,11880.0,12466.0,7740.0,1515912,5034193,1514505,4893131,RIAL,SMDDR,RIA,SMDD
2374,5034246,11718.0,12664.0,8340.0,1515912,4968398,1515935,4969440,RIAL,SMDVL,RIA,SMDV
2375,5034246,11718.0,12664.0,8340.0,1515912,4968398,1513587,4858624,RIAL,RIAR,RIA,RIA
2376,5034246,11718.0,12664.0,8340.0,1515912,4968398,1514505,4893191,RIAL,SMDDR,RIA,SMDD
2377,5034278,10768.0,12340.0,9810.0,1515912,4968356,1515935,5037651,RIAL,SMDVL,RIA,SMDV
2378,5034278,10768.0,12340.0,9810.0,1515912,4968356,1513587,4858666,RIAL,RIAR,RIA,RIA
2379,5034309,10058.0,5814.0,11580.0,1515912,4968274,1515222,4931943,RIAL,SMDVR,RIA,SMDV
2380,5034309,10058.0,5814.0,11580.0,1515912,4968274,1513587,4858953,RIAL,RIAR,RIA,RIA
2381,5034408,14848.0,11974.0,9120.0,1515912,4968134,1513587,4858851,RIAL,RIAR,RIA,RIA
2382,5034408,14848.0,11974.0,9120.0,1515912,4968134,1515222,4932117,RIAL,SMDVR,RIA,SMDV
2383,5034434,10426.0,5876.0,11520.0,1515912,4968276,1513587,4858954,RIAL,RIAR,RIA,RIA
2384,5034434,10426.0,5876.0,11520.0,1515912,4968276,1515222,4931941,RIAL,SMDVR,RIA,SMDV
2385,5034423,13124.0,13084.0,5280.0,1515912,4968013,1514019,4869245,RIAL,RIVR,RIA,RIV
2386,5034423,13124.0,13084.0,5280.0,1515912,4968013,1513827,4861462,RIAL,RIVL,RIA,RIV
2387,5034418,13804.0,12210.0,8130.0,1515912,4968103,1513587,4858881,RIAL,RIAR,RIA,RIA
2388,5034418,13804.0,12210.0,8130.0,1515912,4968103,1514175,4875260,RIAL,RMDDL,RIA,RMDD
2389,5034399,16536.0,11058.0,10860.0,1515912,4968186,1513922,4864920,RIAL,CEPVL,RIA,CEPV
2390,5034399,16536.0,11058.0,10860.0,1515912,4968186,1514175,4875412,RIAL,RMDDL,RIA,RMDD
2391,5034308,10322.0,6146.0,11610.0,1515912,4968273,1514175,4875750,RIAL,RMDDL,RIA,RMDD
2392,5034308,10322.0,6146.0,11610.0,1515912,4968273,1515209,4931590,RIAL,SIADL,RIA,SIAD
2393,5034315,8902.0,6650.0,11310.0,1515912,4968436,1515209,4931600,RIAL,SIADL,RIA,SIAD
2394,5034315,8902.0,6650.0,11310.0,1515912,4968436,1514175,4875760,RIAL,RMDDL,RIA,RMDD
2395,5034403,15322.0,11796.0,9780.0,1515912,4968151,1514175,4875308,RIAL,RMDDL,RIA,RMDD
2396,5034403,15322.0,11796.0,9780.0,1515912,4968151,1515222,4932576,RIAL,SMDVR,RIA,SMDV
2397,5034403,15322.0,11796.0,9780.0,1515912,4968151,1513922,4864888,RIAL,CEPVL,RIA,CEPV
2398,5034286,8658.0,10214.0,11400.0,1515912,4968288,1515366,4937218,RIAL,RMDL,RIA,RMDL/R
2399,5034293,8474.0,9662.0,11370.0,1515912,4968287,1515366,4937217,RIAL,RMDL,RIA,RMDL/R
2400,5034297,8246.0,9066.0,11130.0,1515912,5034296,1515366,4937209,RIAL,RMDL,RIA,RMDL/R
2401,5034386,17100.0,7714.0,11850.0,1515912,4968219,1515366,4937097,RIAL,RMDL,RIA,RMDL/R
2402,5034387,17340.0,8058.0,11730.0,1515912,4968215,1515366,4937093,RIAL,RMDL,RIA,RMDL/R
2403,5034388,17352.0,8146.0,11640.0,1515912,4968212,1515366,4937090,RIAL,RMDL,RIA,RMDL/R
2404,5034379,16590.0,7028.0,12240.0,1515912,4968232,1513286,4844175,RIAL,CEPDL,RIA,CEPD
2405,5034379,16590.0,7028.0,12240.0,1515912,4968232,1515366,4937110,RIAL,RMDL,RIA,RMDL/R
2406,5034298,8250.0,8926.0,11040.0,1515912,4968304,1515366,4937206,RIAL,RMDL,RIA,RMDL/R
2407,5034298,8250.0,8926.0,11040.0,1515912,4968304,1512532,4811439,RIAL,RMDVR,RIA,RMDV
2408,5034299,8326.0,8766.0,11040.0,1515912,4968304,1514175,4875792,RIAL,RMDDL,RIA,RMDD
2409,5034299,8326.0,8766.0,11040.0,1515912,4968304,1515366,4937244,RIAL,RMDL,RIA,RMDL/R
2410,5034299,8326.0,8766.0,11040.0,1515912,4968304,1512532,4811439,RIAL,RMDVR,RIA,RMDV
2411,5034291,8790.0,10478.0,11370.0,1515912,4968287,1512886,4828572,RIAL,RMDR,RIA,RMDL/R
2412,5034301,8642.0,7038.0,11700.0,1515912,4968450,1512886,4828557,RIAL,RMDR,RIA,RMDL/R
2413,5034303,8666.0,6954.0,11640.0,1515912,4968448,1512886,4828202,RIAL,RMDR,RIA,RMDL/R
2414,5034436,8626.0,6844.0,11370.0,1515912,4968434,1512886,4828211,RIAL,RMDR,RIA,RMDL/R
2415,5034437,8334.0,7719.0,11550.0,1515912,4968275,1512886,4828199,RIAL,RMDR,RIA,RMDL/R
2416,5034391,17316.0,10526.0,11100.0,1515912,4968194,1512886,4828373,RIAL,RMDR,RIA,RMDL/R
2417,5034391,17316.0,10526.0,11100.0,1515912,4968194,1513922,4864926,RIAL,CEPVL,RIA,CEPV
2418,5034391,17316.0,10526.0,11100.0,1515912,4968194,1515366,4937033,RIAL,RMDL,RIA,RMDL/R
2419,5034282,9238.0,10694.0,11100.0,1515912,4968313,1512886,4828160,RIAL,RMDR,RIA,RMDL/R
2420,5034282,9238.0,10694.0,11100.0,1515912,4968313,1513174,4840902,RIAL,RMHL,RIA,RMH
2421,5034361,12870.0,5966.0,11910.0,1515912,4968257,1515222,4931998,RIAL,SMDVR,RIA,SMDV
2422,5034361,12870.0,5966.0,11910.0,1515912,4968257,1512886,4828551,RIAL,RMDR,RIA,RMDL/R
2423,5034371,14634.0,5956.0,12690.0,1515912,4968463,1513286,4844140,RIAL,CEPDL,RIA,CEPD
2424,5034371,14634.0,5956.0,12690.0,1515912,4968463,1512924,4829864,RIAL,RMDVL,RIA,RMDV
2425,5034269,11578.0,12388.0,8730.0,1515912,4968387,1512924,4830153,RIAL,RMDVL,RIA,RMDV
2426,5034269,11578.0,12388.0,8730.0,1515912,4968387,1514065,4871910,RIAL,RMDDR,RIA,RMDD
2427,5034370,14202.0,5984.0,12360.0,1515912,4968236,1514065,4872320,RIAL,RMDDR,RIA,RMDD
2428,5034370,14202.0,5984.0,12360.0,1515912,4968236,1512924,4829874,RIAL,RMDVL,RIA,RMDV
2429,5034372,15310.0,6280.0,12570.0,1515912,4968459,1514065,4872368,RIAL,RMDDR,RIA,RMDD
2430,5034372,15310.0,6280.0,12570.0,1515912,4968459,1512924,4829822,RIAL,RMDVL,RIA,RMDV
2431,5034373,15802.0,6520.0,12450.0,1515912,4968455,1512924,4829835,RIAL,RMDVL,RIA,RMDV
2432,5034373,15802.0,6520.0,12450.0,1515912,4968455,1514065,4872323,RIAL,RMDDR,RIA,RMDD
2433,5034375,16846.0,7408.0,12390.0,1515912,4968453,1514065,4872321,RIAL,RMDDR,RIA,RMDD
2434,5034375,16846.0,7408.0,12390.0,1515912,4968453,1512924,4829814,RIAL,RMDVL,RIA,RMDV
2435,5034380,17098.0,7960.0,12060.0,1515912,4968226,1514065,4872276,RIAL,RMDDR,RIA,RMDD
2436,5034380,17098.0,7960.0,12060.0,1515912,4968226,1512924,4829803,RIAL,RMDVL,RIA,RMDV
2437,5034383,17084.0,8210.0,11880.0,1515912,4968220,1514065,4872121,RIAL,RMDDR,RIA,RMDD
2438,5034383,17084.0,8210.0,11880.0,1515912,4968220,1512924,4829798,RIAL,RMDVL,RIA,RMDV
2439,5034240,11614.0,12339.0,8100.0,1515912,4968406,1514436,4890134,RIAL,SIAVR,RIA,SIAV
2440,5034240,11614.0,12339.0,8100.0,1515912,4968406,1512924,4830173,RIAL,RMDVL,RIA,RMDV
2441,5034251,11530.0,12372.0,8490.0,1515912,4968393,1514436,4890122,RIAL,SIAVR,RIA,SIAV
2442,5034251,11530.0,12372.0,8490.0,1515912,4968393,1512924,4830161,RIAL,RMDVL,RIA,RMDV
2443,5034267,11474.0,12364.0,8580.0,1515912,5034268,1514436,4890119,RIAL,SIAVR,RIA,SIAV
2444,5034267,11474.0,12364.0,8580.0,1515912,5034268,1512924,4830158,RIAL,RMDVL,RIA,RMDV
2445,5034273,10886.0,12303.0,9480.0,1515912,4968366,1512924,4830132,RIAL,RMDVL,RIA,RMDV
2446,5034273,10886.0,12303.0,9480.0,1515912,4968366,1514436,4890092,RIAL,SIAVR,RIA,SIAV
2447,5034279,10220.0,12034.0,10230.0,1515912,4968342,1512924,4829998,RIAL,RMDVL,RIA,RMDV
2448,5034279,10220.0,12034.0,10230.0,1515912,4968342,1514436,4890072,RIAL,SIAVR,RIA,SIAV
2449,15137552,9942.0,11726.0,10380.0,1515912,4968337,1512924,4829994,RIAL,RMDVL,RIA,RMDV
2450,15137552,9942.0,11726.0,10380.0,1515912,4968337,1515366,4937334,RIAL,RMDL,RIA,RMDL/R
2451,5034300,10612.0,12252.0,9720.0,1515912,4968359,1512924,4830124,RIAL,RMDVL,RIA,RMDV
2452,5034300,10612.0,12252.0,9720.0,1515912,4968359,1514436,4890084,RIAL,SIAVR,RIA,SIAV
2453,5034394,16992.0,10454.0,11040.0,1515912,4968192,1512532,4811687,RIAL,RMDVR,RIA,RMDV
2454,5034394,16992.0,10454.0,11040.0,1515912,4968192,1514175,4875475,RIAL,RMDDL,RIA,RMDD
2455,5034397,16222.0,10900.0,10770.0,1515912,4968183,1514175,4875409,RIAL,RMDDL,RIA,RMDD
2456,5034397,16222.0,10900.0,10770.0,1515912,4968183,1512532,4811726,RIAL,RMDVR,RIA,RMDV
2457,5034398,16206.0,11140.0,10680.0,1515912,4968180,1514175,4875389,RIAL,RMDDL,RIA,RMDD
2458,5034398,16206.0,11140.0,10680.0,1515912,4968180,1512532,4811675,RIAL,RMDVR,RIA,RMDV
2459,5034400,15982.0,11484.0,10350.0,1515912,4968170,1514175,4875378,RIAL,RMDDL,RIA,RMDD
2460,5034400,15982.0,11484.0,10350.0,1515912,4968170,1512532,4811744,RIAL,RMDVR,RIA,RMDV
2461,5034402,15652.0,11668.0,10080.0,1515912,4968161,1512532,4811753,RIAL,RMDVR,RIA,RMDV
2462,5034402,15652.0,11668.0,10080.0,1515912,4968161,1514175,4875351,RIAL,RMDDL,RIA,RMDD
2463,5034405,15198.0,11668.0,9810.0,1515912,4968152,1512532,4811784,RIAL,RMDVR,RIA,RMDV
2464,5034405,15198.0,11668.0,9810.0,1515912,4968152,1514175,4875309,RIAL,RMDDL,RIA,RMDD
2465,5034406,15034.0,11780.0,9720.0,1515912,4968150,1512532,4811858,RIAL,RMDVR,RIA,RMDV
2466,5034406,15034.0,11780.0,9720.0,1515912,4968150,1514175,4875306,RIAL,RMDDL,RIA,RMDD
2467,5034313,9810.0,6014.0,11250.0,1515912,4968445,1515209,4931601,RIAL,SIADL,RIA,SIAD
2468,5034313,9810.0,6014.0,11250.0,1515912,4968445,1515222,4931932,RIAL,SMDVR,RIA,SMDV
2469,5034312,9426.0,6074.0,11220.0,1515912,4968446,1514284,4880146,RIAL,SMDDL,RIA,SMDD
2470,5034312,9426.0,6074.0,11220.0,1515912,4968446,1515222,4931931,RIAL,SMDVR,RIA,SMDV
2471,5034312,9426.0,6074.0,11220.0,1515912,4968446,1515209,4931602,RIAL,SIADL,RIA,SIAD
2472,5034421,13486.0,12464.0,7140.0,1515912,4968072,1514284,4879867,RIAL,SMDDL,RIA,SMDD
2473,5034421,13486.0,12464.0,7140.0,1515912,4968072,1514019,4869303,RIAL,RIVR,RIA,RIV
2474,5034422,13478.0,12572.0,6960.0,1515912,4968067,1514019,4869297,RIAL,RIVR,RIA,RIV
2475,5034422,13478.0,12572.0,6960.0,1515912,4968067,1514284,4879861,RIAL,SMDDL,RIA,SMDD
2476,5034376,14726.0,5744.0,12390.0,1515912,4968453,1514505,4893363,RIAL,SMDDR,RIA,SMDD
2477,5034377,15614.0,6212.0,12330.0,1515912,4968235,1514505,4893395,RIAL,SMDDR,RIA,SMDD
2478,5034228,11546.0,12483.0,8010.0,1515912,4968408,1513827,4861876,RIAL,RIVL,RIA,RIV
2479,5034228,11546.0,12483.0,8010.0,1515912,4968408,1514505,4893140,RIAL,SMDDR,RIA,SMDD
2480,5034271,11082.0,12468.0,9210.0,1515912,4968374,1514505,4893224,RIAL,SMDDR,RIA,SMDD
2481,5034271,11082.0,12468.0,9210.0,1515912,4968374,1513827,4861913,RIAL,RIVL,RIA,RIV
2482,5034265,11594.0,12604.0,8610.0,1515912,4968390,1515935,4969432,RIAL,SMDVL,RIA,SMDV
2483,5034265,11594.0,12604.0,8610.0,1515912,4968390,1514505,4893199,RIAL,SMDDR,RIA,SMDD
2484,5034270,11374.0,12604.0,8910.0,1515912,4968384,1515935,4969423,RIAL,SMDVL,RIA,SMDV
2485,5034270,11374.0,12604.0,8910.0,1515912,4968384,1514505,4893209,RIAL,SMDDR,RIA,SMDD
2486,5034364,13962.0,5520.0,12180.0,1515912,4968242,1514505,4893400,RIAL,SMDDR,RIA,SMDD
2487,5034364,13962.0,5520.0,12180.0,1515912,4968242,1515935,4969229,RIAL,SMDVL,RIA,SMDV
2488,5034369,14534.0,5692.0,12300.0,1515912,4968238,1514505,4893396,RIAL,SMDDR,RIA,SMDD
2489,5034369,14534.0,5692.0,12300.0,1515912,4968238,1515935,4969238,RIAL,SMDVL,RIA,SMDV
2490,5034368,13330.0,5668.0,12210.0,1515912,4968241,1514505,4893399,RIAL,SMDDR,RIA,SMDD
2491,5034368,13330.0,5668.0,12210.0,1515912,4968241,1514562,4896245,RIAL,SIADR,RIA,SIAD
2492,5034368,13330.0,5668.0,12210.0,1515912,4968241,1515935,4969246,RIAL,SMDVL,RIA,SMDV
2493,5034360,11534.0,5886.0,11460.0,1515912,4968272,1515222,4931939,RIAL,SMDVR,RIA,SMDV
2494,5034360,11534.0,5886.0,11460.0,1515912,4968272,1514505,4893331,RIAL,SMDDR,RIA,SMDD
2495,5034362,13798.0,5568.0,12030.0,1515912,4968247,1515935,4969224,RIAL,SMDVL,RIA,SMDV
2496,5034362,13798.0,5568.0,12030.0,1515912,4968247,1514562,4896250,RIAL,SIADR,RIA,SIAD
2497,5034407,14892.0,12066.0,9330.0,1515912,4968138,1515222,4932110,RIAL,SMDVR,RIA,SMDV
2498,5034407,14892.0,12066.0,9330.0,1515912,4968138,1513922,4864871,RIAL,CEPVL,RIA,CEPV
2499,5034311,9650.0,5818.0,11460.0,1515912,4968432,1515222,4931939,RIAL,SMDVR,RIA,SMDV
2500,5034311,9650.0,5818.0,11460.0,1515912,4968432,1514284,4880140,RIAL,SMDDL,RIA,SMDD
2501,5034359,11706.0,5850.0,11850.0,1515912,4968259,1514284,4880071,RIAL,SMDDL,RIA,SMDD
2502,5034359,11706.0,5850.0,11850.0,1515912,4968259,1515222,4931954,RIAL,SMDVR,RIA,SMDV
2503,5034414,13794.0,12414.0,8220.0,1515912,4968106,1514284,4879903,RIAL,SMDDL,RIA,SMDD
2504,5034414,13794.0,12414.0,8220.0,1515912,4968106,1515222,4932157,RIAL,SMDVR,RIA,SMDV
2505,5034420,13378.0,12482.0,7560.0,1515912,4968084,1514284,4879881,RIAL,SMDDL,RIA,SMDD
2506,5034420,13378.0,12482.0,7560.0,1515912,4968084,1515222,4932178,RIAL,SMDVR,RIA,SMDV
2507,5034443,14116.0,11926.0,7920.0,1513587,4858888,1512532,4811921,RIAR,RMDVR,RIA,RMDV
2508,5034443,14116.0,11926.0,7920.0,1513587,4858888,1513922,4864826,RIAR,CEPVL,RIA,CEPV
2509,5034441,13082.0,11972.0,7380.0,1513587,4858905,1513899,4863673,RIAR,GLRVL,RIA,GLRV
2510,5034444,14100.0,11968.0,8220.0,1513587,4858878,1514175,4875263,RIAR,RMDDL,RIA,RMDD
2511,5034444,14100.0,11968.0,8220.0,1513587,4858878,1515912,4968106,RIAR,RIAL,RIA,RIA
2512,5034871,8936.0,10900.0,11370.0,1513587,4858714,1515912,4968287,RIAR,RIAL,RIA,RIA
2513,5034871,8936.0,10900.0,11370.0,1513587,4858714,1512886,4828572,RIAR,RMDR,RIA,RMDL/R
2514,5036359,9188.0,11132.0,11250.0,1513587,4858710,1515912,4968298,RIAR,RIAL,RIA,RIA
2515,5036359,9188.0,11132.0,11250.0,1513587,4858710,1512886,4828568,RIAR,RMDR,RIA,RMDL/R
2516,5036387,9676.0,11336.0,11070.0,1513587,4858706,1512886,4828159,RIAR,RMDR,RIA,RMDL/R
2517,5036387,9676.0,11336.0,11070.0,1513587,4858706,1515912,4968314,RIAR,RIAL,RIA,RIA
2518,5036373,11992.0,12614.0,8160.0,1513587,4858618,1515912,4968404,RIAR,RIAL,RIA,RIA
2519,5036373,11992.0,12614.0,8160.0,1513587,4858618,1514505,4893145,RIAR,SMDDR,RIA,SMDD
2520,5036375,12130.0,12590.0,7800.0,1513587,4858606,1514505,4893133,RIAR,SMDDR,RIA,SMDD
2521,5036375,12130.0,12590.0,7800.0,1513587,4858606,1515912,4968415,RIAR,RIAL,RIA,RIA
2522,5034593,14184.0,5702.0,12090.0,1513587,4858918,1515935,4969226,RIAR,SMDVL,RIA,SMDV
2523,5034593,14184.0,5702.0,12090.0,1513587,4858918,1515912,4968245,RIAR,RIAL,RIA,RIA
2524,5034674,13036.0,5838.0,12180.0,1513587,4858753,1515935,4969245,RIAR,SMDVL,RIA,SMDV
2525,5034674,13036.0,5838.0,12180.0,1513587,4858753,1515912,4968242,RIAR,RIAL,RIA,RIA
2526,5036367,11008.0,12352.0,9870.0,1513587,4858668,1515912,4968354,RIAR,RIAL,RIA,RIA
2527,5036367,11008.0,12352.0,9870.0,1513587,4858668,1515935,4969387,RIAR,SMDVL,RIA,SMDV
2528,5036370,11318.0,12490.0,9360.0,1513587,4858652,1515912,4968370,RIAR,RIAL,RIA,RIA
2529,5036370,11318.0,12490.0,9360.0,1513587,4858652,1515935,4969403,RIAR,SMDVL,RIA,SMDV
2530,5036404,8494.0,7262.0,11820.0,1513587,4858735,1514175,4875556,RIAR,RMDDL,RIA,RMDD
2531,5034588,16248.0,6890.0,11970.0,1513587,4858765,1514065,4872273,RIAR,RMDDR,RIA,RMDD
2532,5034592,14080.0,6010.0,12210.0,1513587,4858926,1514065,4872315,RIAR,RMDDR,RIA,RMDD
2533,5036360,10070.0,11608.0,11010.0,1513587,4858704,1514065,4871979,RIAR,RMDDR,RIA,RMDD
2534,5034861,9400.0,10908.0,11730.0,1513587,4858965,1514065,4872008,RIAR,RMDDR,RIA,RMDD
2535,5034861,9400.0,10908.0,11730.0,1513587,4858965,1512924,4830316,RIAR,RMDVL,RIA,RMDV
2536,5036361,10372.0,11736.0,10710.0,1513587,4858694,1512924,4829984,RIAR,RMDVL,RIA,RMDV
2537,5036361,10372.0,11736.0,10710.0,1513587,4858694,1514065,4871969,RIAR,RMDDR,RIA,RMDD
2538,5036364,10720.0,12124.0,10290.0,1513587,5036363,1512924,4829996,RIAR,RMDVL,RIA,RMDV
2539,5036364,10720.0,12124.0,10290.0,1513587,5036363,1514065,4871955,RIAR,RMDDR,RIA,RMDD
2540,5036368,11464.0,12276.0,9630.0,1513587,4858661,1512924,4830127,RIAR,RMDVL,RIA,RMDV
2541,5036368,11464.0,12276.0,9630.0,1513587,4858661,1514065,4871935,RIAR,RMDDR,RIA,RMDD
2542,5036371,11564.0,12334.0,9090.0,1513587,4858644,1512924,4830144,RIAR,RMDVL,RIA,RMDV
2543,5036371,11564.0,12334.0,9090.0,1513587,4858644,1514065,4871921,RIAR,RMDDR,RIA,RMDD
2544,5034601,14968.0,6042.0,11970.0,1513587,4858763,1514562,4896399,RIAR,SIADR,RIA,SIAD
2545,5034601,14968.0,6042.0,11970.0,1513587,4858763,1514065,4872273,RIAR,RMDDR,RIA,RMDD
2546,5034602,14532.0,5986.0,11970.0,1513587,4858763,1514562,4896399,RIAR,SIADR,RIA,SIAD
2547,5034602,14532.0,5986.0,11970.0,1513587,4858763,1514065,4872273,RIAR,RMDDR,RIA,RMDD
2548,5034503,16560.0,11158.0,10320.0,1513587,4858817,1515366,4937005,RIAR,RMDL,RIA,RMDL/R
2549,5034567,17292.0,8214.0,11520.0,1513587,4858780,1515366,4937086,RIAR,RMDL,RIA,RMDL/R
2550,5034587,16816.0,7418.0,11850.0,1513587,4858769,1515366,4937097,RIAR,RMDL,RIA,RMDL/R
2551,5034590,16612.0,7058.0,12060.0,1513587,4858917,1515366,4937104,RIAR,RMDL,RIA,RMDL/R
2552,5034863,8596.0,10300.0,11490.0,1513587,4858718,1515912,4968291,RIAR,RIAL,RIA,RIA
2553,5034863,8596.0,10300.0,11490.0,1513587,4858718,1515366,4937221,RIAR,RMDL,RIA,RMDL/R
2554,5036384,16964.0,10697.0,10710.0,1513587,4858807,1515366,4936992,RIAR,RMDL,RIA,RMDL/R
2555,5034565,17236.0,8498.0,11190.0,1513587,4858790,1515366,4937072,RIAR,RMDL,RIA,RMDL/R
2556,5034565,17236.0,8498.0,11190.0,1513587,4858790,1514065,4872147,RIAR,RMDDR,RIA,RMDD
2557,5034555,17000.0,9910.0,10830.0,1513587,4858912,1512886,4828330,RIAR,RMDR,RIA,RMDL/R
2558,5034555,17000.0,9910.0,10830.0,1513587,4858912,1515366,4936985,RIAR,RMDL,RIA,RMDL/R
2559,5034858,8224.0,7840.0,11670.0,1513587,4858730,1512886,4828556,RIAR,RMDR,RIA,RMDL/R
2560,5034858,8224.0,7840.0,11670.0,1513587,4858730,1515366,4937264,RIAR,RMDL,RIA,RMDL/R
2561,5034564,17132.0,9972.0,10950.0,1513587,4858798,1512886,4828334,RIAR,RMDR,RIA,RMDL/R
2562,5034854,8329.0,7786.0,11670.0,1513587,4858730,1514175,4875770,RIAR,RMDDL,RIA,RMDD
2563,5034854,8329.0,7786.0,11670.0,1513587,4858730,1515912,4968449,RIAR,RIAL,RIA,RIA
2564,15137553,8489.0,7110.0,11730.0,1513587,4858732,1515912,4968451,RIAR,RIAL,RIA,RIA
2565,15137553,8489.0,7110.0,11730.0,1513587,4858732,1512886,4828558,RIAR,RMDR,RIA,RMDL/R
2566,5034584,17424.0,8678.0,11190.0,1513587,4858790,1512886,4828343,RIAR,RMDR,RIA,RMDL/R
2567,5034584,17424.0,8678.0,11190.0,1513587,4858790,1512924,4829777,RIAR,RMDVL,RIA,RMDV
2568,5034569,17304.0,8610.0,11460.0,1513587,4858782,1512924,4829786,RIAR,RMDVL,RIA,RMDV
2569,5036400,11614.0,6073.0,12240.0,1513587,5036396,1512616,4814463,RIAR,CEPDR,RIA,CEPD
2570,5036400,11614.0,6073.0,12240.0,1513587,5036396,1512532,5036393,RIAR,RMDVR,RIA,RMDV
2571,5036406,8572.0,7305.0,12120.0,1513587,4858745,1512616,4814431,RIAR,CEPDR,RIA,CEPD
2572,5036406,8572.0,7305.0,12120.0,1513587,4858745,1512532,4811474,RIAR,RMDVR,RIA,RMDV
2573,5036407,8360.0,8702.0,11490.0,1513587,4858723,1515912,4968278,RIAR,RIAL,RIA,RIA
2574,5036407,8360.0,8702.0,11490.0,1513587,4858723,1512532,4811454,RIAR,RMDVR,RIA,RMDV
2575,5034448,14294.0,11968.0,8370.0,1513587,4858873,1514175,4875268,RIAR,RMDDL,RIA,RMDD
2576,5034448,14294.0,11968.0,8370.0,1513587,4858873,1512532,4811906,RIAR,RMDVR,RIA,RMDV
2577,5034702,10364.0,5962.0,12210.0,1513587,4858748,1512532,4811577,RIAR,RMDVR,RIA,RMDV
2578,5034702,10364.0,5962.0,12210.0,1513587,4858748,1514175,4875645,RIAR,RMDDL,RIA,RMDD
2579,5034703,9468.0,6354.0,12210.0,1513587,4858748,1514175,4875645,RIAR,RMDDL,RIA,RMDD
2580,5034703,9468.0,6354.0,12210.0,1513587,4858748,1512532,4811483,RIAR,RMDVR,RIA,RMDV
2581,5034724,8804.0,7102.0,12180.0,1513587,4858747,1512532,4811476,RIAR,RMDVR,RIA,RMDV
2582,5034724,8804.0,7102.0,12180.0,1513587,4858747,1514175,4875568,RIAR,RMDDL,RIA,RMDD
2583,5034745,8422.0,7694.0,12030.0,1513587,4858742,1514175,4875563,RIAR,RMDDL,RIA,RMDD
2584,5034745,8422.0,7694.0,12030.0,1513587,4858742,1512532,4811471,RIAR,RMDVR,RIA,RMDV
2585,5036385,9000.0,6752.0,12120.0,1513587,4858745,1514175,4875566,RIAR,RMDDL,RIA,RMDD
2586,5036385,9000.0,6752.0,12120.0,1513587,4858745,1512532,4811486,RIAR,RMDVR,RIA,RMDV
2587,5036386,9376.0,6456.0,12120.0,1513587,4858745,1514175,4875642,RIAR,RMDDL,RIA,RMDD
2588,5036386,9376.0,6456.0,12120.0,1513587,4858745,1512532,4811486,RIAR,RMDVR,RIA,RMDV
2589,5034868,8284.0,9180.0,11370.0,1513587,4858726,1515912,4968282,RIAR,RIAL,RIA,RIA
2590,5034868,8284.0,9180.0,11370.0,1513587,4858726,1515366,4937217,RIAR,RMDL,RIA,RMDL/R
2591,5034868,8284.0,9180.0,11370.0,1513587,4858726,1512532,4811450,RIAR,RMDVR,RIA,RMDV
2592,5034474,14900.0,11910.0,8730.0,1513587,4858861,1512532,4811897,RIAR,RMDVR,RIA,RMDV
2593,5034474,14900.0,11910.0,8730.0,1513587,4858861,1515745,4958983,RIAR,SIAVL,RIA,SIAV
2594,5034476,15180.0,11806.0,9060.0,1513587,4858853,1512532,4811889,RIAR,RMDVR,RIA,RMDV
2595,5034476,15180.0,11806.0,9060.0,1513587,4858853,1515745,4958975,RIAR,SIAVL,RIA,SIAV
2596,5034488,15748.0,11610.0,9660.0,1513587,5034487,1512532,4811860,RIAR,RMDVR,RIA,RMDV
2597,5034488,15748.0,11610.0,9660.0,1513587,5034487,1515745,4958959,RIAR,SIAVL,RIA,SIAV
2598,5036383,16524.0,10795.0,10380.0,1513587,4858815,1512532,4811743,RIAR,RMDVR,RIA,RMDV
2599,5036383,16524.0,10795.0,10380.0,1513587,4858815,1515745,4958935,RIAR,SIAVL,RIA,SIAV
2600,5034495,16452.0,11286.0,10050.0,1513587,4858826,1515745,4958946,RIAR,SIAVL,RIA,SIAV
2601,5034495,16452.0,11286.0,10050.0,1513587,4858826,1515366,4937014,RIAR,RMDL,RIA,RMDL/R
2602,5034547,16840.0,10606.0,10470.0,1513587,4858812,1515745,4958932,RIAR,SIAVL,RIA,SIAV
2603,5034547,16840.0,10606.0,10470.0,1513587,4858812,1512886,4828404,RIAR,RMDR,RIA,RMDL/R
2604,5034764,9042.0,6238.0,11940.0,1513587,4858739,1514284,4880075,RIAR,SMDDL,RIA,SMDD
2605,5034764,9042.0,6238.0,11940.0,1513587,4858739,1512616,4814437,RIAR,CEPDR,RIA,CEPD
2606,5034445,14204.0,12244.0,8130.0,1513587,4858881,1515912,4968103,RIAR,RIAL,RIA,RIA
2607,5034445,14204.0,12244.0,8130.0,1513587,4858881,1514284,4879900,RIAR,SMDDL,RIA,SMDD
2608,5034796,10270.0,5708.0,11640.0,1513587,4858951,1515222,4931945,RIAR,SMDVR,RIA,SMDV
2609,5034796,10270.0,5708.0,11640.0,1513587,4858951,1514284,4880134,RIAR,SMDDL,RIA,SMDD
2610,5034796,10270.0,5708.0,11640.0,1513587,4858951,1515912,4968266,RIAR,RIAL,RIA,RIA
2611,5034442,13890.0,12120.0,7710.0,1513587,4858894,1514284,4879886,RIAR,SMDDL,RIA,SMDD
2612,5034442,13890.0,12120.0,7710.0,1513587,4858894,1514019,4869322,RIAR,RIVR,RIA,RIV
2613,5034451,14976.0,12018.0,8520.0,1513587,4858868,1514284,4879946,RIAR,SMDDL,RIA,SMDD
2614,5034451,14976.0,12018.0,8520.0,1513587,4858868,1514019,4869349,RIAR,RIVR,RIA,RIV
2615,5036388,12182.0,12569.0,7530.0,1513587,4858598,1514505,4893124,RIAR,SMDDR,RIA,SMDD
2616,5034605,14848.0,5602.0,11790.0,1513587,4858934,1515935,4969217,RIAR,SMDVL,RIA,SMDV
2617,5036403,14911.0,5581.0,11880.0,1513587,4858931,1515935,4969220,RIAR,SMDVL,RIA,SMDV
2618,5034606,14324.0,5622.0,11790.0,1513587,4858934,1514562,4896257,RIAR,SIADR,RIA,SIAD
2619,5034606,14324.0,5622.0,11790.0,1513587,4858934,1515935,4969217,RIAR,SMDVL,RIA,SMDV
2620,5034638,13436.0,5790.0,11850.0,1513587,4858941,1515935,4969219,RIAR,SMDVL,RIA,SMDV
2621,5034638,13436.0,5790.0,11850.0,1513587,4858941,1514562,4896255,RIAR,SIADR,RIA,SIAD
2622,5034661,13332.0,5738.0,12000.0,1513587,4858758,1515935,4969239,RIAR,SMDVL,RIA,SMDV
2623,5034661,13332.0,5738.0,12000.0,1513587,4858758,1514562,4896251,RIAR,SIADR,RIA,SIAD
2624,5034620,15420.0,5850.0,11760.0,1513587,4858935,1515935,4969216,RIAR,SMDVL,RIA,SMDV
2625,5034620,15420.0,5850.0,11760.0,1513587,4858935,1514562,4896258,RIAR,SIADR,RIA,SIAD
2626,5034620,15420.0,5850.0,11760.0,1513587,4858935,1514505,4893414,RIAR,SMDDR,RIA,SMDD
2627,5036372,12336.0,12578.0,8250.0,1513587,4858621,1514505,4893148,RIAR,SMDDR,RIA,SMDD
2628,5036372,12336.0,12578.0,8250.0,1513587,4858621,1515935,4969443,RIAR,SMDVL,RIA,SMDV
2629,5034652,13136.0,5846.0,11970.0,1513587,4858759,1515222,4931958,RIAR,SMDVR,RIA,SMDV
2630,5034477,15076.0,11902.0,9090.0,1513587,4858852,1515912,4968133,RIAR,RIAL,RIA,RIA
2631,5034477,15076.0,11902.0,9090.0,1513587,4858852,1515222,4932128,RIAR,SMDVR,RIA,SMDV
2632,5034809,11398.0,5680.0,11850.0,1513587,4858945,1515912,4968259,RIAR,RIAL,RIA,RIA
2633,5034809,11398.0,5680.0,11850.0,1513587,4858945,1515222,4931954,RIAR,SMDVR,RIA,SMDV
2634,5034496,16452.0,11502.0,10140.0,1513587,4858823,1515912,4968163,RIAR,RIAL,RIA,RIA
2635,5034496,16452.0,11502.0,10140.0,1513587,4858823,1515222,4932586,RIAR,SMDVR,RIA,SMDV
2636,5034496,16452.0,11502.0,10140.0,1513587,4858823,1515366,4937011,RIAR,RMDL,RIA,RMDL/R
2637,5034486,15534.0,11700.0,9360.0,1513587,4858845,1515222,4932109,RIAR,SMDVR,RIA,SMDV
2638,5034486,15534.0,11700.0,9360.0,1513587,4858845,1515745,4958968,RIAR,SIAVL,RIA,SIAV
2639,5034439,12860.0,12148.0,7380.0,1513587,4858905,1514284,4879875,RIAR,SMDDL,RIA,SMDD
2640,5034439,12860.0,12148.0,7380.0,1513587,4858905,1515222,4932184,RIAR,SMDVR,RIA,SMDV
2641,5034446,14652.0,12184.0,8370.0,1513587,4858873,1515222,4932152,RIAR,SMDVR,RIA,SMDV
2642,5034446,14652.0,12184.0,8370.0,1513587,4858873,1514284,4879941,RIAR,SMDDL,RIA,SMDD
2643,5034461,15020.0,12050.0,8610.0,1513587,4858865,1515222,4932144,RIAR,SMDVR,RIA,SMDV
2644,5034461,15020.0,12050.0,8610.0,1513587,4858865,1514284,4879949,RIAR,SMDDL,RIA,SMDD
2645,5034782,10574.0,5588.0,11640.0,1513587,4858951,1514284,4880129,RIAR,SMDDL,RIA,SMDD
2646,5034782,10574.0,5588.0,11640.0,1513587,4858951,1515222,4931945,RIAR,SMDVR,RIA,SMDV
2647,5036382,14412.0,12221.0,8280.0,1513587,4858876,1514284,4879905,RIAR,SMDDL,RIA,SMDD
2648,5036382,14412.0,12221.0,8280.0,1513587,4858876,1515222,5036381,RIAR,SMDVR,RIA,SMDV
2649,5034642,13200.0,5834.0,11850.0,1513587,4858941,1515935,4969219,RIAR,SMDVL,RIA,SMDV
2650,5034642,13200.0,5834.0,11850.0,1513587,4858941,1515222,4932000,RIAR,SMDVR,RIA,SMDV
2651,5036420,12950.0,4730.0,10170.0,1515756,4960102,1513068,4835517,RIBL,AIBR,RIB,AIB
2652,5036420,12950.0,4730.0,10170.0,1515756,4960102,1513992,4869053,RIBL,AIZL,RIB,AIZ
2653,5036415,16542.0,5774.0,10650.0,1515756,4959925,1513618,4860716,RIBL,AVEL,RIB,AVE
2654,5036415,16542.0,5774.0,10650.0,1515756,4959925,1513068,4835571,RIBL,AIBR,RIB,AIB
2655,5036416,16878.0,5950.0,10380.0,1515756,4959916,1512852,4826312,RIBL,DVA,RIB,DVA
2656,5036416,16878.0,5950.0,10380.0,1515756,4959916,1513068,4835580,RIBL,AIBR,RIB,AIB
2657,5036416,16878.0,5950.0,10380.0,1515756,4959916,1513618,4859499,RIBL,AVEL,RIB,AVE
2658,5036408,18028.0,9468.0,11790.0,1515756,4960073,1512886,4828394,RIBL,RMDR,RIB,RMDL/R
2659,5036408,18028.0,9468.0,11790.0,1515756,4960073,1513959,4866191,RIBL,AVER,RIB,AVE
2660,5036427,17070.0,11954.0,10950.0,1515756,4960181,1513959,4866219,RIBL,AVER,RIB,AVE
2661,5036426,17262.0,11758.0,11130.0,1515756,4960186,1513959,4866213,RIBL,AVER,RIB,AVE
2662,5036426,17262.0,11758.0,11130.0,1515756,4960186,1515489,4942226,RIBL,RIS,RIB,RIS
2663,5036413,13712.0,4874.0,12660.0,1515756,4959990,1514505,4893372,RIBL,SMDDR,RIB,SMDD
2664,5036413,13712.0,4874.0,12660.0,1515756,4959990,1513959,4866131,RIBL,AVER,RIB,AVE
2665,5036430,15630.0,12598.0,9270.0,1515756,4960139,1515222,4932112,RIBL,SMDVR,RIB,SMDV
2666,5036430,15630.0,12598.0,9270.0,1515756,4960139,1513959,4866273,RIBL,AVER,RIB,AVE
2667,5036422,18478.0,9450.0,9030.0,1515756,4959857,1512952,4830679,RIBL,BAGR,RIB,BAG
2668,5036422,18478.0,9450.0,9030.0,1515756,4959857,1515674,4950569,RIBL,AVAL,RIB,AVA
2669,5036422,18478.0,9450.0,9030.0,1515756,4959857,1515008,4920997,RIBL,AUAL,RIB,AUA
2670,5031417,16977.0,12585.0,8220.0,1515756,4959815,1512952,4830842,RIBL,BAGR,RIB,BAG
2671,5031417,16977.0,12585.0,8220.0,1515756,4959815,1515912,4967727,RIBL,RIAL,RIB,RIA
2672,5036423,17056.0,12408.0,8310.0,1515756,4959818,1512952,4830839,RIBL,BAGR,RIB,BAG
2673,5036423,17056.0,12408.0,8310.0,1515756,4959818,1515912,4967724,RIBL,RIAL,RIB,RIA
2674,5036432,13856.0,12904.0,8430.0,1515756,4960250,1514284,4879910,RIBL,SMDDL,RIB,SMDD
2675,5036432,13856.0,12904.0,8430.0,1515756,4960250,1515222,4932150,RIBL,SMDVR,RIB,SMDV
2676,5036453,7276.0,6630.0,9690.0,1513225,4842695,1514371,4884683,RIBR,AVDL,RIB,AVD
2677,5036453,7276.0,6630.0,9690.0,1513225,4842695,1514476,4892606,RIBR,AIBL,RIB,AIB
2678,5036449,7696.0,7984.0,12000.0,1513225,4842839,1513618,4859608,RIBR,AVEL,RIB,AVE
2679,5036468,8074.0,9652.0,11910.0,1513225,4842535,1515366,4937235,RIBR,RMDL,RIB,RMDL/R
2680,5036468,8074.0,9652.0,11910.0,1513225,4842535,1513618,4859611,RIBR,AVEL,RIB,AVE
2681,5036469,9870.0,12538.0,11190.0,1513225,4842493,1513618,4859650,RIBR,AVEL,RIB,AVE
2682,5036480,10862.0,4994.0,12000.0,1513225,4842772,1514284,4880077,RIBR,SMDDL,RIB,SMDD
2683,5036480,10862.0,4994.0,12000.0,1513225,4842772,1513618,4859566,RIBR,AVEL,RIB,AVE
2684,5036466,11638.0,13282.0,9330.0,1513225,4842565,1515935,4969410,RIBR,SMDVL,RIB,SMDV
2685,5036466,11638.0,13282.0,9330.0,1513225,4842565,1513618,4859710,RIBR,AVEL,RIB,AVE
2686,5036470,10184.0,12766.0,10440.0,1513225,4842468,1515935,4969361,RIBR,SMDVL,RIB,SMDV
2687,5036470,10184.0,12766.0,10440.0,1513225,4842468,1513526,4856233,RIBR,URYVR,RIB,URYV
2688,5036470,10184.0,12766.0,10440.0,1513225,4842468,1513618,4859674,RIBR,AVEL,RIB,AVE
2689,5036452,7362.0,6470.0,9720.0,1513225,4842696,1513959,4867259,RIBR,AVER,RIB,AVE
2690,5036452,7362.0,6470.0,9720.0,1513225,4842696,1514476,4892605,RIBR,AIBL,RIB,AIB
2691,5036474,9006.0,5524.0,9510.0,1513225,4842859,1513959,4867254,RIBR,AVER,RIB,AVE
2692,5036474,9006.0,5524.0,9510.0,1513225,4842859,1514893,4916787,RIBR,AIZR,RIB,AIZ
2693,5036479,11132.0,4844.0,10080.0,1513225,4842883,1513015,4832986,RIBR,BAGL,RIB,BAG
2694,5036479,11132.0,4844.0,10080.0,1513225,4842883,1513959,4866039,RIBR,AVER,RIB,AVE
2695,5036451,7726.0,6054.0,9870.0,1513225,4842701,1514476,4892600,RIBR,AIBL,RIB,AIB
2696,5036451,7726.0,6054.0,9870.0,1513225,4842701,1513450,4851698,RIBR,URYDR,RIB,URYD
2697,5036451,7726.0,6054.0,9870.0,1513225,4842701,1513959,4866030,RIBR,AVER,RIB,AVE
2698,5036458,6788.0,9860.0,9210.0,1513225,4842925,1513587,4858276,RIBR,RIAR,RIB,RIA
2699,5036458,6788.0,9860.0,9210.0,1513225,4842925,1513015,4833052,RIBR,BAGL,RIB,BAG
2700,5036459,9356.0,13316.0,8970.0,1513225,4842425,1513587,4858295,RIBR,RIAR,RIB,RIA
2701,5036459,9356.0,13316.0,8970.0,1513225,4842425,1513015,4833094,RIBR,BAGL,RIB,BAG
2702,5036460,11808.0,14862.0,7080.0,1513225,4842365,1513587,4858356,RIBR,RIAR,RIB,RIA
2703,5036460,11808.0,14862.0,7080.0,1513225,4842365,1512821,4824025,RIBR,AUAR,RIB,AUA
2704,5036498,16124.0,7102.0,9960.0,1515467,4941788,1515674,4950629,RICL,AVAL,RIC,AVA
2705,5036495,11200.0,6226.0,10890.0,1515467,4942072,1512870,4826902,RICL,AVAR,RIC,AVA
2706,5036495,11200.0,6226.0,10890.0,1515467,4942072,1515674,4950674,RICL,AVAL,RIC,AVA
2707,5036489,9580.0,11636.0,9480.0,1515467,4941909,1514383,4885960,RICL,SMBDR,RIC,SMBD
2708,5036489,9580.0,11636.0,9480.0,1515467,4941909,1515674,4950739,RICL,AVAL,RIC,AVA
2709,5036490,9626.0,11790.0,9330.0,1515467,4941905,1514383,4885956,RICL,SMBDR,RIC,SMBD
2710,5036490,9626.0,11790.0,9330.0,1515467,4941905,1515674,4950744,RICL,AVAL,RIC,AVA
2711,5036486,11100.0,12712.0,7200.0,1515467,4941981,1514505,4893113,RICL,SMDDR,RIC,SMDD
2712,5036486,11100.0,12712.0,7200.0,1515467,4941981,1515674,4950815,RICL,AVAL,RIC,AVA
2713,5036487,10958.0,12680.0,7560.0,1515467,4941971,1514505,4893125,RICL,SMDDR,RIC,SMDD
2714,5036487,10958.0,12680.0,7560.0,1515467,4941971,1515674,4950803,RICL,AVAL,RIC,AVA
2715,5036488,10794.0,12578.0,7830.0,1515467,4941962,1514505,4893134,RICL,SMDDR,RIC,SMDD
2716,5036488,10794.0,12578.0,7830.0,1515467,4941962,1515674,4950794,RICL,AVAL,RIC,AVA
2717,5036499,16708.0,10636.0,9120.0,1515467,4941695,1512870,4827003,RICL,AVAR,RIC,AVA
2718,5036499,16708.0,10636.0,9120.0,1515467,4941695,1513068,4835632,RICL,AIBR,RIC,AIB
2719,5036492,16300.0,9460.0,9420.0,1515467,4941749,1512886,4828439,RICL,RMDR,RIC,RMDL/R
2720,5036492,16300.0,9460.0,9420.0,1515467,4941749,1515366,5036493,RICL,RMDL,RIC,RMDL/R
2721,5036492,16300.0,9460.0,9420.0,1515467,4941749,1513636,4860950,RICL,BWM-VL04,RIC,BWM04V
2722,5036492,16300.0,9460.0,9420.0,1515467,4941749,1513922,4865074,RICL,CEPVL,RIC,CEPV
2723,5036497,12524.0,5776.0,10830.0,1515467,4941828,1515238,4933181,RICL,RIML,RIC,RIM
2724,5036501,16584.0,10676.0,9570.0,1515467,4941734,1513201,4841891,RICL,RIMR,RIC,RIM
2725,5036494,8344.0,7346.0,9930.0,1515467,4941866,1512870,4826882,RICL,AVAR,RIC,AVA
2726,5036494,8344.0,7346.0,9930.0,1515467,4941866,1513174,4840839,RICL,RMHL,RIC,RMH
2727,5036500,11936.0,6044.0,10620.0,1515467,4941818,1514383,4886033,RICL,SMBDR,RIC,SMBD
2728,5036500,11936.0,6044.0,10620.0,1515467,4941818,1514596,4898642,RICL,SIBVR,RIC,SIBV
2729,5036503,14352.0,12572.0,6300.0,1512656,4817097,1515238,4932991,RICR,RIML,RIC,RIM
2730,5036503,14352.0,12572.0,6300.0,1512656,4817097,1513174,4840634,RICR,RMHL,RIC,RMH
2731,5036503,14352.0,12572.0,6300.0,1512656,4817097,1514235,4878393,RICR,ADAL,RIC,ADA
2732,5036515,10232.0,12264.0,9090.0,1512656,4816729,1514505,4893215,RICR,SMDDR,RIC,SMDD
2733,5036515,10232.0,12264.0,9090.0,1512656,4816729,1515674,4950752,RICR,AVAL,RIC,AVA
2734,5036513,8398.0,7252.0,9600.0,1512656,4816812,1512459,4805849,RICR,ADAR,RIC,ADA
2735,5036513,8398.0,7252.0,9600.0,1512656,4816812,1512870,4826872,RICR,AVAR,RIC,AVA
2736,5036512,11606.0,6342.0,11010.0,1512656,4816879,1512870,4826906,RICR,AVAR,RIC,AVA
2737,5036512,11606.0,6342.0,11010.0,1512656,4816879,1515674,4950670,RICR,AVAL,RIC,AVA
2738,5036512,11606.0,6342.0,11010.0,1512656,4816879,1514298,4880600,RICR,RMHR,RIC,RMH
2739,5036508,16034.0,6428.0,11010.0,1512656,4816920,1512870,4826944,RICR,AVAR,RIC,AVA
2740,5036508,16034.0,6428.0,11010.0,1512656,4816920,1515935,4969191,RICR,SMDVL,RIC,SMDV
2741,5036508,16034.0,6428.0,11010.0,1512656,4816920,1512996,4832448,RICR,SAADR,RIC,SAAD
2742,5036504,16014.0,11468.0,8580.0,1512656,4817025,1514284,4879948,RICR,SMDDL,RIC,SMDD
2743,5036504,16014.0,11468.0,8580.0,1512656,4817025,1513099,4836203,RICR,SAAVR,RIC,SAAV
2744,5036504,16014.0,11468.0,8580.0,1512656,4817025,1512870,4827020,RICR,AVAR,RIC,AVA
2745,5036505,16174.0,11460.0,8730.0,1512656,4817020,1512870,4827015,RICR,AVAR,RIC,AVA
2746,5036505,16174.0,11460.0,8730.0,1512656,4817020,1514284,4879953,RICR,SMDDL,RIC,SMDD
2747,5036505,16174.0,11460.0,8730.0,1512656,4817020,1513099,4836198,RICR,SAAVR,RIC,SAAV
2748,5036506,16554.0,11194.0,8970.0,1512656,4817001,1514284,4879961,RICR,SMDDL,RIC,SMDD
2749,5036506,16554.0,11194.0,8970.0,1512656,4817001,1512870,4827008,RICR,AVAR,RIC,AVA
2750,5036507,16374.0,11356.0,8880.0,1512656,4816999,1512870,4827011,RICR,AVAR,RIC,AVA
2751,5036507,16374.0,11356.0,8880.0,1512656,4816999,1514284,4879958,RICR,SMDDL,RIC,SMDD
2752,5036517,16006.0,6524.0,10830.0,1512656,4816926,1512870,4826938,RICR,AVAR,RIC,AVA
2753,5036517,16006.0,6524.0,10830.0,1512656,4816926,1515935,4969185,RICR,SMDVL,RIC,SMDV
2754,5036514,10376.0,12504.0,9180.0,1512656,4816732,1514505,4893223,RICR,SMDDR,RIC,SMDD
2755,5036514,10376.0,12504.0,9180.0,1512656,4816732,1515238,4933305,RICR,RIML,RIC,RIM
2756,5036511,15890.0,6042.0,11280.0,1512656,4816903,1515935,4969200,RICR,SMDVL,RIC,SMDV
2757,5036511,15890.0,6042.0,11280.0,1512656,4816903,1513201,4841796,RICR,RIMR,RIC,RIM
2758,5036510,15690.0,6378.0,10950.0,1512656,4816922,1515222,4932030,RICR,SMDVR,RIC,SMDV
2759,5036510,15690.0,6378.0,10950.0,1512656,4816922,1515935,4969189,RICR,SMDVL,RIC,SMDV
2760,5036542,12984.0,6034.0,9420.0,1515973,4971341,1514993,4920563,RIFL,ASHL,RIF,ASH
2761,5036542,12984.0,6034.0,9420.0,1515973,4971341,1515817,4962481,RIFL,AVBL,RIF,AVB
2762,5036544,16160.0,10008.0,7560.0,1515973,4971271,1514993,4920470,RIFL,ASHL,RIF,ASH
2763,5036544,16160.0,10008.0,7560.0,1515973,4971271,1515817,4962398,RIFL,AVBL,RIF,AVB
2764,5036544,16160.0,10008.0,7560.0,1515973,4971271,1513558,4856680,RIFL,SDQL,RIF,SDQ
2765,5036550,13906.0,5798.0,9510.0,1515973,5036549,1514423,4888737,RIFL,AVHL,RIF,AVH
2766,5036550,13906.0,5798.0,9510.0,1515973,5036549,1515817,4962478,RIFL,AVBL,RIF,AVB
2767,5036555,15044.0,5912.0,9420.0,1515973,4971341,1515817,4962461,RIFL,AVBL,RIF,AVB
2768,5036555,15044.0,5912.0,9420.0,1515973,4971341,1514423,4888740,RIFL,AVHL,RIF,AVH
2769,5036548,14522.0,15376.0,1650.0,1515973,4971066,1514982,4919679,RIFL,AVJR,RIF,AVJ
2770,5036548,14522.0,15376.0,1650.0,1515973,4971066,1515817,4962203,RIFL,AVBL,RIF,AVB
2771,5036546,14734.0,13850.0,4050.0,1515973,4971154,1515238,4932919,RIFL,RIML,RIF,RIM
2772,5036546,14734.0,13850.0,4050.0,1515973,4971154,1515817,4962282,RIFL,AVBL,RIF,AVB
2773,5036553,14453.0,15544.0,1710.0,1515973,4971068,1515238,4932844,RIFL,RIML,RIF,RIM
2774,5036553,14453.0,15544.0,1710.0,1515973,4971068,1515817,4962205,RIFL,AVBL,RIF,AVB
2775,5036545,14944.0,13212.0,4770.0,1515973,4971178,1515817,4962306,RIFL,AVBL,RIF,AVB
2776,5036545,14944.0,13212.0,4770.0,1515973,4971178,1514235,4878682,RIFL,ADAL,RIF,ADA
2777,5036545,14944.0,13212.0,4770.0,1515973,4971178,1514166,4875153,RIFL,ALML,RIF,ALM
2778,5036545,14944.0,13212.0,4770.0,1515973,4971178,1515238,4933404,RIFL,RIML,RIF,RIM
2779,5036547,14634.0,15034.0,2280.0,1515973,4971096,1514982,4919699,RIFL,AVJR,RIF,AVJ
2780,5036547,14634.0,15034.0,2280.0,1515973,4971096,1515817,4962223,RIFL,AVBL,RIF,AVB
2781,5036547,14634.0,15034.0,2280.0,1515973,4971096,1515238,4932862,RIFL,RIML,RIF,RIM
2782,5036552,16044.0,10337.0,7260.0,1515973,4971261,1515817,4962388,RIFL,AVBL,RIF,AVB
2783,5036552,16044.0,10337.0,7260.0,1515973,4971261,1513558,4856690,RIFL,SDQL,RIF,SDQ
2784,5036539,9212.0,11104.0,8070.0,1514678,4902210,1514783,4908381,RIFR,AVBR,RIF,AVB
2785,5036539,9212.0,11104.0,8070.0,1514678,4902210,1514157,4874805,RIFR,ALMR,RIF,ALM
2786,5036531,10282.0,14032.0,5460.0,1514678,4902118,1514783,4908296,RIFR,AVBR,RIF,AVB
2787,5036531,10282.0,14032.0,5460.0,1514678,4902118,1514206,4875982,RIFR,AVJL,RIF,AVJ
2788,5036533,11248.0,15200.0,3720.0,1514678,4902062,1514206,4876316,RIFR,AVJL,RIF,AVJ
2789,5036533,11248.0,15200.0,3720.0,1514678,4902062,1514783,4908239,RIFR,AVBR,RIF,AVB
2790,5036533,11248.0,15200.0,3720.0,1514678,4902062,1513201,4841398,RIFR,RIMR,RIF,RIM
2791,5036536,11862.0,15706.0,2760.0,1514678,4902033,1513201,4841365,RIFR,RIMR,RIF,RIM
2792,5036536,11862.0,15706.0,2760.0,1514678,4902033,1514783,4908208,RIFR,AVBR,RIF,AVB
2793,5036536,11862.0,15706.0,2760.0,1514678,4902033,1514206,4876348,RIFR,AVJL,RIF,AVJ
2794,5036532,10914.0,14812.0,4620.0,1514678,4902091,1513201,4841428,RIFR,RIMR,RIF,RIM
2795,5036532,10914.0,14812.0,4620.0,1514678,4902091,1514783,4908268,RIFR,AVBR,RIF,AVB
2796,5036535,11688.0,15620.0,2940.0,1514678,4902038,1514783,4908214,RIFR,AVBR,RIF,AVB
2797,5036535,11688.0,15620.0,2940.0,1514678,4902038,1513201,4841372,RIFR,RIMR,RIF,RIM
2798,5036537,12282.0,15992.0,2100.0,1514678,4902014,1513201,4841344,RIFR,RIMR,RIF,RIM
2799,5036537,12282.0,15992.0,2100.0,1514678,4902014,1514783,4908186,RIFR,AVBR,RIF,AVB
2800,5036541,10830.0,6303.0,9390.0,1514678,4902269,1514982,4919970,RIFR,AVJR,RIF,AVJ
2801,5036530,10016.0,6130.0,9270.0,1514678,4902265,1514783,4908425,RIFR,AVBR,RIF,AVB
2802,5036530,10016.0,6130.0,9270.0,1514678,4902265,1514982,4919974,RIFR,AVJR,RIF,AVJ
2803,5036530,10016.0,6130.0,9270.0,1514678,4902265,1512837,4825308,RIFR,PVPR,RIF,PVP
2804,5036584,16056.0,5696.0,10800.0,1512791,4823508,1515288,4934701,RIGL,URYDL,RIG,URYD
2805,5036584,16056.0,5696.0,10800.0,1512791,4823508,1515756,4959930,RIGL,RIBL,RIG,RIB
2806,5036584,16056.0,5696.0,10800.0,1512791,4823508,1513068,4835560,RIGL,AIBR,RIG,AIB
2807,5036581,14886.0,4882.0,10740.0,1512791,4823510,1513992,4869093,RIGL,AIZL,RIG,AIZ
2808,5036582,15146.0,5070.0,10740.0,1512791,4823510,1513992,4869093,RIGL,AIZL,RIG,AIZ
2809,5036561,15562.0,12938.0,7770.0,1512791,4822567,1515306,4935350,RIGL,URYVL,RIG,URYV
2810,5036561,15562.0,12938.0,7770.0,1512791,4822567,1513068,4835701,RIGL,AIBR,RIG,AIB
2811,5036561,15562.0,12938.0,7770.0,1512791,4822567,1513992,4868775,RIGL,AIZL,RIG,AIZ
2812,5036571,13242.0,4458.0,10620.0,1512791,4823514,1513992,4869089,RIGL,AIZL,RIG,AIZ
2813,5036571,13242.0,4458.0,10620.0,1512791,4823514,1513618,5036572,RIGL,AVEL,RIG,AVE
2814,5036579,14466.0,4694.0,10680.0,1512791,4823512,1513618,4860717,RIGL,AVEL,RIG,AVE
2815,5036579,14466.0,4694.0,10680.0,1512791,4823512,1513992,4869091,RIGL,AIZL,RIG,AIZ
2816,5036580,14718.0,4738.0,10680.0,1512791,4823512,1513618,4860717,RIGL,AVEL,RIG,AVE
2817,5036580,14718.0,4738.0,10680.0,1512791,4823512,1513992,4869091,RIGL,AIZL,RIG,AIZ
2818,5036577,14002.0,4502.0,10590.0,1512791,4823515,1513992,4869088,RIGL,AIZL,RIG,AIZ
2819,5036577,14002.0,4502.0,10590.0,1512791,4823515,1512952,5036578,RIGL,BAGR,RIG,BAG
2820,5036577,14002.0,4502.0,10590.0,1512791,4823515,1513618,5036576,RIGL,AVEL,RIG,AVE
2821,5036587,18319.0,8483.0,10920.0,1512791,4822423,1513045,4833860,RIGL,RMGL,RIG,RMG
2822,5036587,18319.0,8483.0,10920.0,1512791,4822423,1515718,4955974,RIGL,AVKR,RIG,AVK
2823,5036566,17882.0,10344.0,8970.0,1512791,4822488,1512952,4830697,RIGL,BAGR,RIG,BAG
2824,5036566,17882.0,10344.0,8970.0,1512791,4822488,1515912,4968491,RIGL,RIAL,RIG,RIA
2825,5036567,18372.0,9642.0,10650.0,1512791,4822432,1513045,4833843,RIGL,RMGL,RIG,RMG
2826,5036567,18372.0,9642.0,10650.0,1512791,4822432,1515718,5036568,RIGL,AVKR,RIG,AVK
2827,5036567,18372.0,9642.0,10650.0,1512791,4822432,1514577,4897390,RIGL,DVC,RIG,DVC
2828,15137554,18383.0,8880.0,10860.0,1512791,4822425,1513045,4833858,RIGL,RMGL,RIG,RMG
2829,15137554,18383.0,8880.0,10860.0,1512791,4822425,1515718,4955972,RIGL,AVKR,RIG,AVK
2830,5036563,17176.0,11844.0,8790.0,1512791,4822494,1512952,4830828,RIGL,BAGR,RIG,BAG
2831,5036563,17176.0,11844.0,8790.0,1512791,4822494,1515756,4960123,RIGL,RIBL,RIG,RIB
2832,5036560,15366.0,13366.0,7410.0,1512791,4822579,1513959,4866335,RIGL,AVER,RIG,AVE
2833,5036560,15366.0,13366.0,7410.0,1512791,4822579,1515794,4961480,RIGL,RIR,RIG,RIR
2834,5036565,17596.0,11736.0,8790.0,1512791,4822494,1515756,4960123,RIGL,RIBL,RIG,RIB
2835,5036565,17596.0,11736.0,8790.0,1512791,4822494,1512571,4812880,RIGL,OLQVL,RIG,OLQV
2836,5036565,17596.0,11736.0,8790.0,1512791,4822494,1515306,4935148,RIGL,URYVL,RIG,URYV
2837,5036606,11502.0,4738.0,10500.0,1515554,4944583,1514893,4916820,RIGR,AIZR,RIG,AIZ
2838,5036606,11502.0,4738.0,10500.0,1515554,4944583,1514476,4892563,RIGR,AIBL,RIG,AIB
2839,5036604,10098.0,4886.0,10380.0,1515554,4944552,1514893,4916816,RIGR,AIZR,RIG,AIZ
2840,5036604,10098.0,4886.0,10380.0,1515554,4944552,1513959,4866055,RIGR,AVER,RIG,AVE
2841,5036608,9162.0,5215.0,10290.0,1515554,5036609,1514893,4916813,RIGR,AIZR,RIG,AIZ
2842,5036608,9162.0,5215.0,10290.0,1515554,5036609,1513959,4866046,RIGR,AVER,RIG,AVE
2843,5036599,7228.0,8240.0,10980.0,1515554,4944514,1514298,4880663,RIGR,RMHR,RIG,RMH
2844,5036599,7228.0,8240.0,10980.0,1515554,4944514,1515732,4957134,RIGR,AVKL,RIG,AVK
2845,5036603,7676.0,10360.0,11100.0,1515554,4944518,1513377,4847813,RIGR,RMGR,RIG,RMG
2846,5036603,7676.0,10360.0,11100.0,1515554,4944518,1515732,4957151,RIGR,AVKL,RIG,AVK
2847,5036603,7676.0,10360.0,11100.0,1515554,4944518,1514298,4880684,RIGR,RMHR,RIG,RMH
2848,5036600,7164.0,8856.0,11040.0,1515554,4944516,1514298,4880665,RIGR,RMHR,RIG,RMH
2849,5036600,7164.0,8856.0,11040.0,1515554,4944516,1515732,4957132,RIGR,AVKL,RIG,AVK
2850,5036600,7164.0,8856.0,11040.0,1515554,4944516,1513174,4840872,RIGR,RMHL,RIG,RMH
2851,5036602,7276.0,9876.0,11250.0,1515554,4944523,1513174,4840878,RIGR,RMHL,RIG,RMH
2852,5036602,7276.0,9876.0,11250.0,1515554,4944523,1515732,4957140,RIGR,AVKL,RIG,AVK
2853,5036602,7276.0,9876.0,11250.0,1515554,4944523,1514298,4880679,RIGR,RMHR,RIG,RMH
2854,5036610,7705.0,10685.0,9510.0,1515554,4944450,1513225,4842659,RIGR,RIBR,RIG,RIB
2855,5036610,7705.0,10685.0,9510.0,1515554,4944450,1513015,4833136,RIGR,BAGL,RIG,BAG
2856,5036597,8610.0,12378.0,9690.0,1515554,4944458,1513526,4855912,RIGR,URYVR,RIG,URYV
2857,5036597,8610.0,12378.0,9690.0,1515554,4944458,1513275,4843644,RIGR,OLQVR,RIG,OLQV
2858,5036605,7066.0,9522.0,10590.0,1515554,4944613,1515238,4933258,RIGR,RIML,RIG,RIM
2859,5036595,10964.0,13652.0,8340.0,1515554,4944658,1515794,4961851,RIGR,RIR,RIG,RIR
2860,5036601,7192.0,9172.0,11160.0,1515554,4944520,1514298,4880676,RIGR,RMHR,RIG,RMH
2861,5036601,7192.0,9172.0,11160.0,1515554,4944520,1513174,4840876,RIGR,RMHL,RIG,RMH
2862,5036622,10844.0,13688.0,9060.0,1514749,5036623,1513587,4858292,RIH,RIAR,RIH,RIA
2863,5036622,10844.0,13688.0,9060.0,1514749,5036623,1513015,4833095,RIH,BAGL,RIH,BAG
2864,5036624,10936.0,13878.0,8760.0,1514749,4907212,1513587,4858300,RIH,RIAR,RIH,RIA
2865,5036624,10936.0,13878.0,8760.0,1514749,4907212,1513015,4833106,RIH,BAGL,RIH,BAG
2866,5036655,16594.0,8061.0,13920.0,1514749,4907645,1513330,4845465,RIH,IL2DL,RIH,IL2D
2867,5036656,10176.0,6599.0,14130.0,1514749,4907451,1513268,4843467,RIH,GLRDR,RIH,GLRD
2868,5036656,10176.0,6599.0,14130.0,1514749,4907451,1513490,4854008,RIH,IL2DR,RIH,IL2D
2869,5036657,16984.0,9737.0,13680.0,1514749,4907613,1513975,5036658,RIH,GLRL,RIH,GLRL/R
2870,5036657,16984.0,9737.0,13680.0,1514749,4907613,1515605,4947128,RIH,IL2L,RIH,IL2L/R
2871,5036654,14704.0,11745.0,11850.0,1514749,4907545,1513899,4863817,RIH,GLRVL,RIH,GLRV
2872,5036654,14704.0,11745.0,11850.0,1514749,4907545,1515573,4945716,RIH,IL2VL,RIH,IL2V
2873,5036616,15334.0,6104.0,14910.0,1514749,4907733,1515277,5036617,RIH,OLQDL,RIH,OLQD
2874,5036616,15334.0,6104.0,14910.0,1514749,4907733,1513286,4844399,RIH,CEPDL,RIH,CEPD
2875,5036614,14682.0,6032.0,15270.0,1514749,4907745,1513035,4833271,RIH,RIPL,RIH,RIP
2876,5036614,14682.0,6032.0,15270.0,1514749,4907745,1515277,5036615,RIH,OLQDL,RIH,OLQD
2877,5036614,14682.0,6032.0,15270.0,1514749,4907745,1515588,4946326,RIH,RIPR,RIH,RIP
2878,5036441,14478.0,14631.0,5970.0,1514749,4907796,1513992,4868693,RIH,AIZL,RIH,AIZ
2879,5036441,14478.0,14631.0,5970.0,1514749,4907796,1515912,4967801,RIH,RIAL,RIH,RIA
2880,5036639,13906.0,15740.0,4860.0,1514749,4907084,1513992,4868644,RIH,AIZL,RIH,AIZ
2881,5036639,13906.0,15740.0,4860.0,1514749,4907084,1515912,4967838,RIH,RIAL,RIH,RIA
2882,5036641,13728.0,15850.0,4470.0,1514749,4907071,1515912,4967854,RIH,RIAL,RIH,RIA
2883,5036641,13728.0,15850.0,4470.0,1514749,4907071,1513992,4868608,RIH,AIZL,RIH,AIZ
2884,5036641,13728.0,15850.0,4470.0,1514749,4907071,1514893,4916503,RIH,AIZR,RIH,AIZ
2885,5036641,13728.0,15850.0,4470.0,1514749,4907071,1513587,4858441,RIH,RIAR,RIH,RIA
2886,5036649,15586.0,13732.0,7020.0,1514749,4907838,1512952,4830881,RIH,BAGR,RIH,BAG
2887,5036649,15586.0,13732.0,7020.0,1514749,4907838,1515912,4967767,RIH,RIAL,RIH,RIA
2888,5036440,14518.0,14743.0,5910.0,1514749,4907794,1515756,4959738,RIH,RIBL,RIH,RIB
2889,5036440,14518.0,14743.0,5910.0,1514749,4907794,1515912,4967803,RIH,RIAL,RIH,RIA
2890,5036442,14682.0,14587.0,6090.0,1514749,4907800,1515756,4959744,RIH,RIBL,RIH,RIB
2891,5036442,14682.0,14587.0,6090.0,1514749,4907800,1515912,4967797,RIH,RIAL,RIH,RIA
2892,5036648,15992.0,13566.0,7170.0,1514749,4907843,1515912,4967762,RIH,RIAL,RIH,RIA
2893,5036648,15992.0,13566.0,7170.0,1514749,4907843,1515008,4920923,RIH,AUAL,RIH,AUA
2894,5036648,15992.0,13566.0,7170.0,1514749,4907843,1515756,4959780,RIH,RIBL,RIH,RIB
2895,5036650,15174.0,14198.0,6450.0,1514749,4907820,1515912,4967785,RIH,RIAL,RIH,RIA
2896,5036650,15174.0,14198.0,6450.0,1514749,4907820,1515008,4920900,RIH,AUAL,RIH,AUA
2897,5036650,15174.0,14198.0,6450.0,1514749,4907820,1515756,4959756,RIH,RIBL,RIH,RIB
2898,5036636,12222.0,14998.0,6630.0,1514749,4907142,1515649,4949930,RIH,ADFR,RIH,ADF
2899,5036636,12222.0,14998.0,6630.0,1514749,4907142,1513587,4858370,RIH,RIAR,RIH,RIA
2900,5036637,12698.0,14800.0,6480.0,1514749,4907137,1514893,4916591,RIH,AIZR,RIH,AIZ
2901,5036637,12698.0,14800.0,6480.0,1514749,4907137,1513587,4858375,RIH,RIAR,RIH,RIA
2902,5036638,13276.0,15432.0,5430.0,1514749,4907102,1514893,4916533,RIH,AIZR,RIH,AIZ
2903,5036638,13276.0,15432.0,5430.0,1514749,4907102,1513587,4858410,RIH,RIAR,RIH,RIA
2904,5036633,11790.0,14456.0,7500.0,1514749,4907170,1515794,4961657,RIH,RIR,RIH,RIR
2905,5036633,11790.0,14456.0,7500.0,1514749,4907170,1513587,4858342,RIH,RIAR,RIH,RIA
2906,5036633,11790.0,14456.0,7500.0,1514749,4907170,1514893,4916625,RIH,AIZR,RIH,AIZ
2907,5036626,11346.0,14376.0,7950.0,1514749,4907185,1513587,4858327,RIH,RIAR,RIH,RIA
2908,5036626,11346.0,14376.0,7950.0,1514749,4907185,1513225,4842392,RIH,RIBR,RIH,RIB
2909,5036634,12156.0,14772.0,7170.0,1514749,4907160,1513225,4842368,RIH,RIBR,RIH,RIB
2910,5036634,12156.0,14772.0,7170.0,1514749,4907160,1513587,4858353,RIH,RIAR,RIH,RIA
2911,5036635,12304.0,14820.0,6990.0,1514749,4907154,1514893,4916607,RIH,AIZR,RIH,AIZ
2912,5036635,12304.0,14820.0,6990.0,1514749,4907154,1513587,4858359,RIH,RIAR,RIH,RIA
2913,5036635,12304.0,14820.0,6990.0,1514749,4907154,1513225,4842362,RIH,RIBR,RIH,RIB
2914,5036621,11424.0,13626.0,9600.0,1514749,4907237,1513526,4856199,RIH,URYVR,RIH,URYV
2915,5036621,11424.0,13626.0,9600.0,1514749,4907237,1513225,4842558,RIH,RIBR,RIH,RIB
2916,5036613,15162.0,6196.0,15300.0,1514749,4907746,1513035,4833270,RIH,RIPL,RIH,RIP
2917,5036611,13966.0,5832.0,15180.0,1514749,4907742,1515277,4934463,RIH,OLQDL,RIH,OLQD
2918,5036611,13966.0,5832.0,15180.0,1514749,4907742,1513035,4833274,RIH,RIPL,RIH,RIP
2919,5036645,10680.0,6012.0,14430.0,1514749,4907477,1513500,4854605,RIH,OLQDR,RIH,OLQD
2920,5036645,10680.0,6012.0,14430.0,1514749,4907477,1513035,4833293,RIH,RIPL,RIH,RIP
2921,5036618,16970.0,9964.0,13890.0,1514749,4907619,1512571,4812732,RIH,OLQVL,RIH,OLQV
2922,5036618,16970.0,9964.0,13890.0,1514749,4907619,1513035,4833423,RIH,RIPL,RIH,RIP
2923,5036652,16658.0,10483.0,13410.0,1514749,4907604,1512571,5036653,RIH,OLQVL,RIH,OLQV
2924,5036652,16658.0,10483.0,13410.0,1514749,4907604,1513035,4833437,RIH,RIPL,RIH,RIP
2925,5036642,10064.0,6488.0,14400.0,1514749,4907460,1515588,4946311,RIH,RIPR,RIH,RIP
2926,5036642,10064.0,6488.0,14400.0,1514749,4907460,1513035,5036644,RIH,RIPL,RIH,RIP
2927,5036642,10064.0,6488.0,14400.0,1514749,4907460,1513500,4854604,RIH,OLQDR,RIH,OLQD
2928,5036612,14438.0,5924.0,15180.0,1514749,4907742,1515588,4946324,RIH,RIPR,RIH,RIP
2929,5036619,11792.0,11794.0,12180.0,1514749,4907517,1534261,5036620,RIH,GLRVR,RIH,GLRV
2930,5036619,11792.0,11794.0,12180.0,1514749,4907517,1515581,4946069,RIH,IL2VR,RIH,IL2V
2931,5036619,11792.0,11794.0,12180.0,1514749,4907517,1515588,4946685,RIH,RIPR,RIH,RIP
2932,5036646,9468.0,9910.0,14220.0,1514749,4907496,1513275,4843499,RIH,OLQVR,RIH,OLQV
2933,5036646,9468.0,9910.0,14220.0,1514749,4907496,1515588,4946475,RIH,RIPR,RIH,RIP
2934,5036677,18594.0,9874.0,9330.0,1515238,4933109,1515756,4959867,RIML,RIBL,RIM,RIB
2935,5036677,18594.0,9874.0,9330.0,1515238,4933109,1513068,4835625,RIML,AIBR,RIM,AIB
2936,5036679,18288.0,9678.0,9390.0,1515238,4933107,1513068,4835623,RIML,AIBR,RIM,AIB
2937,5036679,18288.0,9678.0,9390.0,1515238,4933107,1515756,4959869,RIML,RIBL,RIM,RIB
2938,5036679,18288.0,9678.0,9390.0,1515238,4933107,1514783,4908512,RIML,AVBR,RIM,AVB
2939,5036687,14314.0,14874.0,2820.0,1515238,4932878,1514783,4908721,RIML,AVBR,RIM,AVB
2940,5036687,14314.0,14874.0,2820.0,1515238,4932878,1515817,4962241,RIML,AVBL,RIM,AVB
2941,5036659,12414.0,13198.0,8340.0,1515238,4933333,1515935,4969440,RIML,SMDVL,RIM,SMDV
2942,5036659,12414.0,13198.0,8340.0,1515238,4933333,1514505,4893152,RIML,SMDDR,RIM,SMDD
2943,5036659,12414.0,13198.0,8340.0,1515238,4933333,1513225,4842594,RIML,RIBR,RIM,RIB
2944,5036664,8148.0,7210.0,11190.0,1515238,4933219,1515451,4940857,RIML,BWM-DR04,RIM,BWM04D
2945,5036664,8148.0,7210.0,11190.0,1515238,4933219,1511934,4800631,RIML,BWM-DR06,RIM,BWM06D
2946,5036664,8148.0,7210.0,11190.0,1515238,4933219,1512886,4828177,RIML,RMDR,RIM,RMDL/R
2947,5036670,8468.0,6678.0,11100.0,1515238,4933216,1514284,4880149,RIML,SMDDL,RIM,SMDD
2948,5036670,8468.0,6678.0,11100.0,1515238,4933216,1512886,5036669,RIML,RMDR,RIM,RMDL/R
2949,5036681,16998.0,11296.0,8910.0,1515238,4933077,1512791,4822490,RIML,RIGL,RIM,RIG
2950,5036681,16998.0,11296.0,8910.0,1515238,4933077,1513099,4836192,RIML,SAAVR,RIM,SAAV
2951,5036684,14780.0,12526.0,7740.0,1515238,4933038,1514284,4879887,RIML,SMDDL,RIM,SMDD
2952,5036684,14780.0,12526.0,7740.0,1515238,4933038,1513099,4836230,RIML,SAAVR,RIM,SAAV
2953,5036686,13956.0,12896.0,6720.0,1515238,4933005,1514284,4879854,RIML,SMDDL,RIM,SMDD
2954,5036686,13956.0,12896.0,6720.0,1515238,4933005,1513099,4836261,RIML,SAAVR,RIM,SAAV
2955,5036676,10958.0,5272.0,11580.0,1515238,4933387,1515222,4931943,RIML,SMDVR,RIM,SMDV
2956,5036676,10958.0,5272.0,11580.0,1515238,4933387,1514284,4880131,RIML,SMDDL,RIM,SMDD
2957,5036662,11244.0,13036.0,8640.0,1515238,4933323,1515629,4949059,RIML,SAAVL,RIM,SAAV
2958,5036662,11244.0,13036.0,8640.0,1515238,4933323,1514505,4893200,RIML,SMDDR,RIM,SMDD
2959,5036660,11672.0,13190.0,8610.0,1515238,4933324,1514505,4893199,RIML,SMDDR,RIM,SMDD
2960,5036660,11672.0,13190.0,8610.0,1515238,4933324,1515935,4969432,RIML,SMDVL,RIM,SMDV
2961,5036691,8960.0,11135.0,10200.0,1515238,4933273,1513827,4861948,RIML,RIVL,RIM,RIV
2962,5036691,8960.0,11135.0,10200.0,1515238,4933273,1515366,4937323,RIML,RMDL,RIM,RMDL/R
2963,5036691,8960.0,11135.0,10200.0,1515238,4933273,1515935,4969352,RIML,SMDVL,RIM,SMDV
2964,5036663,9348.0,11708.0,10440.0,1515238,4933265,1514150,4874683,RIML,BWM-VR06,RIM,BWM06V
2965,5036663,9348.0,11708.0,10440.0,1515238,4933265,1513838,4862204,RIML,BWM-VR04,RIM,BWM04V
2966,5036663,9348.0,11708.0,10440.0,1515238,4933265,1515935,4969361,RIML,SMDVL,RIM,SMDV
2967,5036663,9348.0,11708.0,10440.0,1515238,4933265,1512886,4828609,RIML,RMDR,RIM,RMDL/R
2968,5036672,12984.0,5360.0,11130.0,1515238,4933191,1515629,4948938,RIML,SAAVL,RIM,SAAV
2969,5036672,12984.0,5360.0,11130.0,1515238,4933191,1515935,4969848,RIML,SMDVL,RIM,SMDV
2970,5036710,6958.0,9722.0,9840.0,1513201,4841675,1514476,4892653,RIMR,AIBL,RIM,AIB
2971,5036710,6958.0,9722.0,9840.0,1513201,4841675,1515817,4962576,RIMR,AVBL,RIM,AVB
2972,5036711,8150.0,11070.0,9720.0,1513201,4841658,1514476,4892677,RIMR,AIBL,RIM,AIB
2973,5036711,8150.0,11070.0,9720.0,1513201,4841658,1515817,4962583,RIMR,AVBL,RIM,AVB
2974,5036715,12898.0,15846.0,1980.0,1513201,4841341,1515817,4962832,RIMR,AVBL,RIM,AVB
2975,5036715,12898.0,15846.0,1980.0,1513201,4841341,1514783,4908182,RIMR,AVBR,RIM,AVB
2976,5036704,12582.0,5070.0,12210.0,1513201,4842012,1513225,4842779,RIMR,RIBR,RIM,RIB
2977,5036704,12582.0,5070.0,12210.0,1513201,4842012,1515756,4960016,RIMR,RIBL,RIM,RIB
2978,5036692,13574.0,13238.0,7890.0,1513201,4841956,1512633,5036693,RIMR,RMEV,RIM,RMEV
2979,5036692,13574.0,13238.0,7890.0,1513201,4841956,1513225,4842607,RIMR,RIBR,RIM,RIB
2980,5036692,13574.0,13238.0,7890.0,1513201,4841956,1515756,4960266,RIMR,RIBL,RIM,RIB
2981,5036702,12798.0,5050.0,12330.0,1513201,4842015,1513225,4842789,RIMR,RIBR,RIM,RIB
2982,5036702,12798.0,5050.0,12330.0,1513201,4842015,1514505,4893395,RIMR,SMDDR,RIM,SMDD
2983,5036702,12798.0,5050.0,12330.0,1513201,4842015,1515756,4960012,RIMR,RIBL,RIM,RIB
2984,5036702,12798.0,5050.0,12330.0,1513201,4842015,1514562,4896248,RIMR,SIADR,RIM,SIAD
2985,5036694,14128.0,12974.0,8340.0,1513201,4841940,1515222,5036378,RIMR,SMDVR,RIM,SMDV
2986,5036694,14128.0,12974.0,8340.0,1513201,4841940,1515756,4960253,RIMR,RIBL,RIM,RIB
2987,5036708,6890.0,10190.0,9690.0,1513201,4841680,1515817,5036709,RIMR,AVBL,RIM,AVB
2988,5036708,6890.0,10190.0,9690.0,1513201,4841680,1513225,4842665,RIMR,RIBR,RIM,RIB
2989,5036698,17166.0,7590.0,11400.0,1513201,5036699,1515366,4937082,RIMR,RMDL,RIM,RMDL/R
2990,5036698,17166.0,7590.0,11400.0,1513201,5036699,1515298,4934948,RIMR,BWM-DL06,RIM,BWM06D
2991,5036696,17670.0,10690.0,10800.0,1513201,4841873,1512886,4828329,RIMR,RMDR,RIM,RMDL/R
2992,5036696,17670.0,10690.0,10800.0,1513201,4841873,1515366,4936989,RIMR,RMDL,RIM,RMDL/R
2993,5036719,17315.0,10667.0,10470.0,1513201,4841862,1512886,4828404,RIMR,RMDR,RIM,RMDL/R
2994,5036719,17315.0,10667.0,10470.0,1513201,4841862,1515366,4937000,RIMR,RMDL,RIM,RMDL/R
2995,5036697,16910.0,7374.0,11430.0,1513201,4841970,1515366,4937083,RIMR,RMDL,RIM,RMDL/R
2996,5036697,16910.0,7374.0,11430.0,1513201,4841970,1514505,4893435,RIMR,SMDDR,RIM,SMDD
2997,5036697,16910.0,7374.0,11430.0,1513201,4841970,1512886,4828258,RIMR,RMDR,RIM,RMDL/R
2998,5036697,16910.0,7374.0,11430.0,1513201,4841970,1515330,4936138,RIMR,BWM-DL04,RIM,BWM04D
2999,5036697,16910.0,7374.0,11430.0,1513201,4841970,1515298,4934949,RIMR,BWM-DL06,RIM,BWM06D
3000,5036717,6846.0,8598.0,9930.0,1513201,4841672,1514476,4892641,RIMR,AIBL,RIM,AIB
3001,5036717,6846.0,8598.0,9930.0,1513201,4841672,1514094,4873082,RIMR,SAADL,RIM,SAAD
3002,5036718,15084.0,12412.0,8190.0,1513201,4841946,1514284,4879902,RIMR,SMDDL,RIM,SMDD
3003,5036718,15084.0,12412.0,8190.0,1513201,4841946,1513099,4836216,RIMR,SAAVR,RIM,SAAV
3004,5036701,13302.0,5218.0,11490.0,1513201,4841784,1512996,4832435,RIMR,SAADR,RIM,SAAD
3005,5036701,13302.0,5218.0,11490.0,1513201,4841784,1515935,4969207,RIMR,SMDVL,RIM,SMDV
3006,5036701,13302.0,5218.0,11490.0,1513201,4841784,1515209,4931544,RIMR,SIADL,RIM,SIAD
3007,5036712,12052.0,13638.0,6210.0,1513201,4841550,1514505,4893081,RIMR,SMDDR,RIM,SMDD
3008,5036712,12052.0,13638.0,6210.0,1513201,4841550,1515629,4949128,RIMR,SAAVL,RIM,SAAV
3009,5036713,12146.0,13620.0,5910.0,1513201,4841541,1515629,4949136,RIMR,SAAVL,RIM,SAAV
3010,5036713,12146.0,13620.0,5910.0,1513201,4841541,1514505,4893072,RIMR,SMDDR,RIM,SMDD
3011,5036706,10370.0,5730.0,10920.0,1513201,4841760,1514094,4872891,RIMR,SAADL,RIM,SAAD
3012,5036706,10370.0,5730.0,10920.0,1513201,4841760,1515222,4931918,RIMR,SMDVR,RIM,SMDV
3013,5036707,11294.0,5326.0,10830.0,1513201,4841757,1514094,4872886,RIMR,SAADL,RIM,SAAD
3014,5036707,11294.0,5326.0,10830.0,1513201,4841757,1515222,4931921,RIMR,SMDVR,RIM,SMDV
3015,5036695,17160.0,10738.0,9570.0,1513201,4841891,1515222,4932087,RIMR,SMDVR,RIM,SMDV
3016,5036695,17160.0,10738.0,9570.0,1513201,4841891,1513099,4836170,RIMR,SAAVR,RIM,SAAV
3017,5036705,11386.0,5658.0,11040.0,1513201,4841764,1515629,4948943,RIMR,SAAVL,RIM,SAAV
3018,5036705,11386.0,5658.0,11040.0,1513201,4841764,1515674,4950664,RIMR,AVAL,RIM,AVA
3019,5036705,11386.0,5658.0,11040.0,1513201,4841764,1515222,4931925,RIMR,SMDVR,RIM,SMDV
3020,5036705,11386.0,5658.0,11040.0,1513201,4841764,1514505,4893318,RIMR,SMDDR,RIM,SMDD
3021,5036751,13126.0,5148.0,10020.0,1515794,4961584,1515008,4921077,RIR,AUAL,RIR,AUA
3022,5036751,13126.0,5148.0,10020.0,1515794,4961584,1513992,4869058,RIR,AIZL,RIR,AIZ
3023,5036760,14536.0,14110.0,6300.0,1515794,4961444,1513959,4866379,RIR,AVER,RIR,AVE
3024,5036760,14536.0,14110.0,6300.0,1515794,4961444,1513992,4868726,RIR,AIZL,RIR,AIZ
3025,5036739,9374.0,5858.0,9390.0,1515794,4961784,1514893,4916783,RIR,AIZR,RIR,AIZ
3026,5036749,10922.0,13956.0,7830.0,1515794,4961865,1514893,4916860,RIR,AIZR,RIR,AIZ
3027,5036750,12114.0,14438.0,7380.0,1515794,4961653,1514893,4916620,RIR,AIZR,RIR,AIZ
3028,5036750,12114.0,14438.0,7380.0,1515794,4961653,1513587,4858346,RIR,RIAR,RIR,RIA
3029,5036762,12966.0,14864.0,6210.0,1515794,4961418,1514893,4916582,RIR,AIZR,RIR,AIZ
3030,5036762,12966.0,14864.0,6210.0,1515794,4961418,1513587,4858384,RIR,RIAR,RIR,RIA
3031,5036762,12966.0,14864.0,6210.0,1515794,4961418,1514749,4907128,RIR,RIH,RIR,RIH
3032,5036752,14844.0,5408.0,9810.0,1515794,4961573,1513992,4869016,RIR,AIZL,RIR,AIZ
3033,5036752,14844.0,5408.0,9810.0,1515794,4961573,1512852,4826744,RIR,DVA,RIR,DVA
3034,5036759,15366.0,13178.0,7230.0,1515794,4961474,1513959,4866341,RIR,AVER,RIR,AVE
3035,5036759,15366.0,13178.0,7230.0,1515794,4961474,1513992,4868757,RIR,AIZL,RIR,AIZ
3036,5036759,15366.0,13178.0,7230.0,1515794,4961474,1512852,4826414,RIR,DVA,RIR,DVA
3037,5036759,15366.0,13178.0,7230.0,1515794,4961474,1512791,4822585,RIR,RIGL,RIR,RIG
3038,5036736,11206.0,5446.0,10200.0,1515794,4961812,1514893,4916810,RIR,AIZR,RIR,AIZ
3039,5036736,11206.0,5446.0,10200.0,1515794,4961812,1512852,4826287,RIR,DVA,RIR,DVA
3040,5036754,18024.0,9140.0,8670.0,1515794,4961532,1515912,4967708,RIR,RIAL,RIR,RIA
3041,5036754,18024.0,9140.0,8670.0,1515794,4961532,1512720,4818925,RIR,URXL,RIR,URX
3042,5036755,17836.0,8252.0,8700.0,1515794,4961533,1512720,4818919,RIR,URXL,RIR,URX
3043,5036755,17836.0,8252.0,8700.0,1515794,4961533,1515912,4967705,RIR,RIAL,RIR,RIA
3044,5036756,17824.0,8748.0,8640.0,1515794,4961531,1512720,4818924,RIR,URXL,RIR,URX
3045,5036756,17824.0,8748.0,8640.0,1515794,4961531,1515912,4967703,RIR,RIAL,RIR,RIA
3046,5036758,15930.0,13034.0,7350.0,1515794,4961478,1515912,4967756,RIR,RIAL,RIR,RIA
3047,5036758,15930.0,13034.0,7350.0,1515794,4961478,1512720,4819026,RIR,URXL,RIR,URX
3048,5036764,15802.0,13193.0,7170.0,1515794,4961472,1512720,4819032,RIR,URXL,RIR,URX
3049,5036764,15802.0,13193.0,7170.0,1515794,4961472,1515912,4967762,RIR,RIAL,RIR,RIA
3050,5036745,7294.0,9526.0,8940.0,1515794,4961824,1513587,4858267,RIR,RIAR,RIR,RIA
3051,5036745,7294.0,9526.0,8940.0,1515794,4961824,1515391,4938602,RIR,AQR,RIR,AQR
3052,5036741,7250.0,9384.0,8730.0,1515794,4961743,1512592,4813903,RIR,URXR,RIR,URX
3053,5036741,7250.0,9384.0,8730.0,1515794,4961743,1513587,4858260,RIR,RIAR,RIR,RIA
3054,5036742,7198.0,9576.0,8820.0,1515794,4961740,1512592,4813906,RIR,URXR,RIR,URX
3055,5036742,7198.0,9576.0,8820.0,1515794,4961740,1513587,4858263,RIR,RIAR,RIR,RIA
3056,5036743,7398.0,10174.0,9030.0,1515794,4961827,1512592,4813913,RIR,URXR,RIR,URX
3057,5036743,7398.0,10174.0,9030.0,1515794,4961827,1513587,4858270,RIR,RIAR,RIR,RIA
3058,5036744,7246.0,9954.0,8970.0,1515794,4961825,1513587,4858268,RIR,RIAR,RIR,RIA
3059,5036744,7246.0,9954.0,8970.0,1515794,4961825,1512592,4813936,RIR,URXR,RIR,URX
3060,5036747,10700.0,13744.0,8250.0,1515794,4961848,1513587,4858317,RIR,RIAR,RIR,RIA
3061,5036747,10700.0,13744.0,8250.0,1515794,4961848,1512592,4813967,RIR,URXR,RIR,URX
3062,5036772,8438.0,10856.0,12000.0,1515489,4942391,1513618,4859619,RIS,AVEL,RIS,AVE
3063,5036771,8958.0,11712.0,11670.0,1515489,4942403,1514042,4871553,RIS,CEPVR,RIS,CEPV
3064,5036771,8958.0,11712.0,11670.0,1515489,4942403,1513618,4859634,RIS,AVEL,RIS,AVE
3065,5036771,8958.0,11712.0,11670.0,1515489,4942403,1513225,4842508,RIS,RIBR,RIS,RIB
3066,5036770,9598.0,12312.0,11190.0,1515489,4942419,1512741,4819789,RIS,OLLR,RIS,OLL
3067,5036770,9598.0,12312.0,11190.0,1515489,4942419,1513225,4842493,RIS,RIBR,RIS,RIB
3068,5036770,9598.0,12312.0,11190.0,1515489,4942419,1513618,4859650,RIS,AVEL,RIS,AVE
3069,5036770,9598.0,12312.0,11190.0,1515489,4942419,1514042,4871540,RIS,CEPVR,RIS,CEPV
3070,5036775,7618.0,7650.0,11970.0,1515489,4943263,1513618,4859608,RIS,AVEL,RIS,AVE
3071,5036775,7618.0,7650.0,11970.0,1515489,4943263,1512616,4814436,RIS,CEPDR,RIS,CEPD
3072,5036775,7618.0,7650.0,11970.0,1515489,4943263,1515366,4937274,RIS,RMDL,RIS,RMDL/R
3073,5036775,7618.0,7650.0,11970.0,1515489,4943263,1513225,4842840,RIS,RIBR,RIS,RIB
3074,5036778,10468.0,4966.0,11910.0,1515489,4942337,1514284,4880120,RIS,SMDDL,RIS,SMDD
3075,5036778,10468.0,4966.0,11910.0,1515489,4942337,1513618,4859563,RIS,AVEL,RIS,AVE
3076,5036782,17550.0,11544.0,11130.0,1515489,4942226,1513922,4864927,RIS,CEPVL,RIS,CEPV
3077,5036782,17550.0,11544.0,11130.0,1515489,4942226,1513959,4866213,RIS,AVER,RIS,AVE
3078,5036781,17766.0,7306.0,12540.0,1515489,4942273,1513286,4844130,RIS,CEPDL,RIS,CEPD
3079,5036781,17766.0,7306.0,12540.0,1515489,4942273,1513959,4866166,RIS,AVER,RIS,AVE
3080,5036781,17766.0,7306.0,12540.0,1515489,4942273,1515756,4960048,RIS,RIBL,RIS,RIB
3081,5036783,17262.0,11728.0,10950.0,1515489,4942220,1515756,4960181,RIS,RIBL,RIS,RIB
3082,5036783,17262.0,11728.0,10950.0,1515489,4942220,1513959,4866219,RIS,AVER,RIS,AVE
3083,5036783,17262.0,11728.0,10950.0,1515489,4942220,1513922,4864923,RIS,CEPVL,RIS,CEPV
3084,5036780,13508.0,4722.0,12540.0,1515489,4942312,1514505,4893368,RIS,SMDDR,RIS,SMDD
3085,5036780,13508.0,4722.0,12540.0,1515489,4942312,1513959,4866127,RIS,AVER,RIS,AVE
3086,5036766,12532.0,13634.0,8130.0,1515489,4942515,1515238,4933337,RIS,RIML,RIS,RIM
3087,5036766,12532.0,13634.0,8130.0,1515489,4942515,1513618,4859749,RIS,AVEL,RIS,AVE
3088,5036766,12532.0,13634.0,8130.0,1515489,4942515,1515718,4956165,RIS,AVKR,RIS,AVK
3089,5036767,12116.0,13390.0,8550.0,1515489,4942502,1515238,4933326,RIS,RIML,RIS,RIM
3090,5036767,12116.0,13390.0,8550.0,1515489,4942502,1515718,4956152,RIS,AVKR,RIS,AVK
3091,5036769,9598.0,12356.0,10350.0,1515489,4942445,1515366,4937328,RIS,RMDL,RIS,RMDL/R
3092,5036769,9598.0,12356.0,10350.0,1515489,4942445,1515718,4956093,RIS,AVKR,RIS,AVK
3093,5036769,9598.0,12356.0,10350.0,1515489,4942445,1515238,4933268,RIS,RIML,RIS,RIM
3094,5036779,13032.0,4502.0,12000.0,1515489,4942330,1513201,4842005,RIS,RIMR,RIS,RIM
3095,5036779,13032.0,4502.0,12000.0,1515489,4942330,1513959,4866109,RIS,AVER,RIS,AVE
3096,5036779,13032.0,4502.0,12000.0,1515489,4942330,1515732,4958115,RIS,AVKL,RIS,AVK
3097,5036785,14898.0,13124.0,8190.0,1515489,4942092,1515732,4956949,RIS,AVKL,RIS,AVK
3098,5036785,14898.0,13124.0,8190.0,1515489,4942092,1513201,4841946,RIS,RIMR,RIS,RIM
3099,5036785,14898.0,13124.0,8190.0,1515489,4942092,1513959,4866306,RIS,AVER,RIS,AVE
3100,5036777,12178.0,4714.0,11670.0,1515489,4942345,1514031,4869988,RIS,AVL,RIS,AVL
3101,5036777,12178.0,4714.0,11670.0,1515489,4942345,1515732,4957069,RIS,AVKL,RIS,AVK
3102,5036777,12178.0,4714.0,11670.0,1515489,4942345,1513201,4841994,RIS,RIMR,RIS,RIM
3103,5036786,17846.0,7591.0,12030.0,1515489,4942256,1515366,4937103,RIS,RMDL,RIS,RMDL/R
3104,5036786,17846.0,7591.0,12030.0,1515489,4942256,1513286,4844182,RIS,CEPDL,RIS,CEPD
3105,5036784,17830.0,11296.0,10800.0,1515489,4942216,1515366,4936989,RIS,RMDL,RIS,RMDL/R
3106,5036784,17830.0,11296.0,10800.0,1515489,4942216,1513201,4841873,RIS,RIMR,RIS,RIM
3107,5036784,17830.0,11296.0,10800.0,1515489,4942216,1514031,4869931,RIS,AVL,RIS,AVL
3108,5036802,12666.0,12434.0,7290.0,1513827,4861852,1514284,4879872,RIVL,SMDDL,RIV,SMDD
3109,5036802,12666.0,12434.0,7290.0,1513827,4861852,1515912,4968431,RIVL,RIAL,RIV,RIA
3110,5036797,12150.0,12468.0,7320.0,1513827,4861853,1513587,4858593,RIVL,RIAR,RIV,RIA
3111,5036797,12150.0,12468.0,7320.0,1513827,4861853,1514065,4871867,RIVL,RMDDR,RIV,RMDD
3112,5036810,12306.0,12574.0,7110.0,1513827,4861847,1513587,4858586,RIVL,RIAR,RIV,RIA
3113,5036810,12306.0,12574.0,7110.0,1513827,4861847,1514065,4871860,RIVL,RMDDR,RIV,RMDD
3114,5036790,12380.0,13106.0,5610.0,1513827,4861476,1512996,4832191,RIVL,SAADR,RIV,SAAD
3115,5036790,12380.0,13106.0,5610.0,1513827,4861476,1514065,4871815,RIVL,RMDDR,RIV,RMDD
3116,5036790,12380.0,13106.0,5610.0,1513827,4861476,1513587,4858544,RIVL,RIAR,RIV,RIA
3117,5036800,11606.0,12494.0,7230.0,1513827,4861850,1514436,4890159,RIVL,SIAVR,RIV,SIAV
3118,5036800,11606.0,12494.0,7230.0,1513827,4861850,1512924,4830199,RIVL,RMDVL,RIV,RMDV
3119,5036807,12524.0,12568.0,6540.0,1513827,4861830,1512996,4832220,RIVL,SAADR,RIV,SAAD
3120,5036792,12418.0,13034.0,5100.0,1513827,4861456,1512996,4832175,RIVL,SAADR,RIV,SAAD
3121,5036792,12418.0,13034.0,5100.0,1513827,4861456,1515489,4942607,RIVL,RIS,RIV,RIS
3122,5036805,11916.0,12706.0,6630.0,1513827,4861833,1512996,4832223,RIVL,SAADR,RIV,SAAD
3123,5036805,11916.0,12706.0,6630.0,1513827,4861833,1515935,4969495,RIVL,SMDVL,RIV,SMDV
3124,5036803,12502.0,12266.0,7230.0,1513827,4861850,1514284,4879870,RIVL,SMDDL,RIV,SMDD
3125,5036803,12502.0,12266.0,7230.0,1513827,4861850,1513893,4863300,RIVL,GLRVR,RIV,GLRV
3126,5036803,12502.0,12266.0,7230.0,1513827,4861850,1515935,4969476,RIVL,SMDVL,RIV,SMDV
3127,5036789,12500.0,13153.0,5790.0,1513827,4861481,1513587,4858550,RIVL,RIAR,RIV,RIA
3128,5036789,12500.0,13153.0,5790.0,1513827,4861481,1514505,4893069,RIVL,SMDDR,RIV,SMDD
3129,5036811,13192.0,12152.0,6720.0,1514019,4869290,1514094,4872711,RIVR,SAADL,RIV,SAAD
3130,5036811,13192.0,12152.0,6720.0,1514019,4869290,1514253,4878907,RIVR,BWM-VL05,RIV,BWM05V
3131,5036830,13728.0,12004.0,7050.0,1514019,4869300,1514253,4878910,RIVR,BWM-VL05,RIV,BWM05V
3132,5036830,13728.0,12004.0,7050.0,1514019,4869300,1514094,5036828,RIVR,SAADL,RIV,SAAD
3133,5036818,16732.0,10570.0,9990.0,1514019,4869392,1513201,5036819,RIVR,RIMR,RIV,RIM
3134,5036818,16732.0,10570.0,9990.0,1514019,4869392,1513649,4861263,RIVR,BWM-VL08,RIV,BWM08V
3135,5036818,16732.0,10570.0,9990.0,1514019,4869392,1513885,4863192,RIVR,BWM-VL06,RIV,BWM06V
3136,5036814,12880.0,12168.0,6720.0,1514019,4869290,1513899,5036815,RIVR,GLRVL,RIV,GLRV
3137,5036825,13354.0,11906.0,7380.0,1514019,4869311,1511965,4801369,RIVR,BWM-VL07,RIV,BWM07V
3138,5036825,13354.0,11906.0,7380.0,1514019,4869311,1513899,4863673,RIVR,GLRVL,RIV,GLRV
3139,5036817,13074.0,12952.0,4650.0,1514019,4869196,1514094,4872642,RIVR,SAADL,RIV,SAAD
3140,5036822,15312.0,11686.0,8460.0,1514019,4869347,1512886,4828503,RIVR,RMDR,RIV,RMDL/R
3141,5036822,15312.0,11686.0,8460.0,1514019,4869347,1515745,4958988,RIVR,SIAVL,RIV,SIAV
3142,5036826,13643.0,12230.0,7230.0,1514019,4869306,1514284,4879870,RIVR,SMDDL,RIV,SMDD
3143,5036826,13643.0,12230.0,7230.0,1514019,4869306,1515912,4968075,RIVR,RIAL,RIV,RIA
3144,5036823,15032.0,11944.0,8340.0,1514019,4869343,1513587,4858874,RIVR,RIAR,RIV,RIA
3145,5036823,15032.0,11944.0,8340.0,1514019,4869343,1514284,4879940,RIVR,SMDDL,RIV,SMDD
3146,5036820,15368.0,11902.0,8700.0,1514019,4869353,1515745,5036821,RIVR,SIAVL,RIV,SIAV
3147,5036820,15368.0,11902.0,8700.0,1514019,4869353,1513587,4858862,RIVR,RIAR,RIV,RIA
3148,5036820,15368.0,11902.0,8700.0,1514019,4869353,1514284,4879952,RIVR,SMDDL,RIV,SMDD
3149,5036833,13101.0,12912.0,6540.0,1514019,4869284,1514284,4879848,RIVR,SMDDL,RIV,SMDD
3150,5036833,13101.0,12912.0,6540.0,1514019,4869284,1514175,4875208,RIVR,RMDDL,RIV,RMDD
3151,5036869,10178.0,6700.0,12180.0,1514175,4875644,1515517,4943588,RMDDL,BWM-DR01,RMDD,BWM01D
3152,5036869,10178.0,6700.0,12180.0,1514175,4875644,1512532,4811482,RMDDL,RMDVR,RMDD,RMDV
3153,5036853,11020.0,6168.0,13050.0,1514175,4875666,1515517,4943702,RMDDL,BWM-DR01,RMDD,BWM01D
3154,5036853,11020.0,6168.0,13050.0,1514175,4875666,1515544,4944359,RMDDL,BWM-DR05,RMDD,BWM05D
3155,5036853,11020.0,6168.0,13050.0,1514175,4875666,1512532,4811553,RMDDL,RMDVR,RMDD,RMDV
3156,5036840,12942.0,6054.0,13320.0,1514175,4875725,1514065,4872429,RMDDL,RMDDR,RMDD,RMDD
3157,5036840,12942.0,6054.0,13320.0,1514175,4875725,1515517,4943661,RMDDL,BWM-DR01,RMDD,BWM01D
3158,5036840,12942.0,6054.0,13320.0,1514175,4875725,1515536,4944114,RMDDL,BWM-DR03,RMDD,BWM03D
3159,5036849,10426.0,6284.0,13230.0,1514175,4875671,1515536,4944144,RMDDL,BWM-DR03,RMDD,BWM03D
3160,5036849,10426.0,6284.0,13230.0,1514175,4875671,1512532,4811558,RMDDL,RMDVR,RMDD,RMDV
3161,5036849,10426.0,6284.0,13230.0,1514175,4875671,1515517,4943624,RMDDL,BWM-DR01,RMDD,BWM01D
3162,5036859,10294.0,6532.0,12840.0,1514175,4875661,1512532,4811546,RMDDL,RMDVR,RMDD,RMDV
3163,5036859,10294.0,6532.0,12840.0,1514175,4875661,1515536,4944085,RMDDL,BWM-DR03,RMDD,BWM03D
3164,5036859,10294.0,6532.0,12840.0,1514175,4875661,1515517,4943610,RMDDL,BWM-DR01,RMDD,BWM01D
3165,5036870,8886.0,8484.0,11940.0,1514175,4875560,1515451,4940890,RMDDL,BWM-DR04,RMDD,BWM04D
3166,5036870,8886.0,8484.0,11940.0,1514175,4875560,1513254,4843095,RMDDL,BWM-DR02,RMDD,BWM02D
3167,5036870,8886.0,8484.0,11940.0,1514175,4875560,1512532,4811468,RMDDL,RMDVR,RMDD,RMDV
3168,5036872,9306.0,7512.0,12330.0,1514175,4875573,1512532,4811518,RMDDL,RMDVR,RMDD,RMDV
3169,5036872,9306.0,7512.0,12330.0,1514175,4875573,1513254,4843111,RMDDL,BWM-DR02,RMDD,BWM02D
3170,5036872,9306.0,7512.0,12330.0,1514175,4875573,1515451,4940902,RMDDL,BWM-DR04,RMDD,BWM04D
3171,5036880,9357.0,7387.0,11970.0,1514175,4875561,1513254,5036882,RMDDL,BWM-DR02,RMDD,BWM02D
3172,5036880,9357.0,7387.0,11970.0,1514175,4875561,1515451,5036881,RMDDL,BWM-DR04,RMDD,BWM04D
3173,5036880,9357.0,7387.0,11970.0,1514175,4875561,1512532,4811491,RMDDL,RMDVR,RMDD,RMDV
3174,5036871,8986.0,8332.0,12390.0,1514175,4875619,1515451,4940904,RMDDL,BWM-DR04,RMDD,BWM04D
3175,5036871,8986.0,8332.0,12390.0,1514175,4875619,1512532,4811501,RMDDL,RMDVR,RMDD,RMDV
3176,5036871,8986.0,8332.0,12390.0,1514175,4875619,1513608,4859311,RMDDL,IL1R,RMDD,IL1L/R
3177,5036878,10852.0,6181.0,12810.0,1514175,5036879,1512532,4811545,RMDDL,RMDVR,RMDD,RMDV
3178,5036878,10852.0,6181.0,12810.0,1514175,5036879,1515544,4944352,RMDDL,BWM-DR05,RMDD,BWM05D
3179,5036910,13146.0,6260.0,13680.0,1514065,4872418,1511943,4800826,RMDDR,BWM-DL03,RMDD,BWM03D
3180,5036910,13146.0,6260.0,13680.0,1514065,4872418,1513322,4845277,RMDDR,BWM-DL05,RMDD,BWM05D
3181,5036913,14412.0,6436.0,13890.0,1514065,4872411,1511943,4800848,RMDDR,BWM-DL03,RMDD,BWM03D
3182,5036913,14412.0,6436.0,13890.0,1514065,4872411,1512756,4820162,RMDDR,RMER,RMDD,RMEL/R
3183,5036912,11402.0,6322.0,13530.0,1514065,4872448,1515544,4944377,RMDDR,BWM-DR05,RMDD,BWM05D
3184,5036912,11402.0,6322.0,13530.0,1514065,4872448,1515536,4944154,RMDDR,BWM-DR03,RMDD,BWM03D
3185,5036912,11402.0,6322.0,13530.0,1514065,4872448,1514175,4875680,RMDDR,RMDDL,RMDD,RMDD
3186,5036891,14730.0,6462.0,13620.0,1514065,4872402,1511943,4800824,RMDDR,BWM-DL03,RMDD,BWM03D
3187,5036891,14730.0,6462.0,13620.0,1514065,4872402,1513354,4846330,RMDDR,BWM-DL01,RMDD,BWM01D
3188,5036891,14730.0,6462.0,13620.0,1514065,4872402,1512924,4830373,RMDDR,RMDVL,RMDD,RMDV
3189,5036894,14826.0,6642.0,13110.0,1514065,4872383,1512924,4830356,RMDDR,RMDVL,RMDD,RMDV
3190,5036894,14826.0,6642.0,13110.0,1514065,4872383,1511943,4800805,RMDDR,BWM-DL03,RMDD,BWM03D
3191,5036894,14826.0,6642.0,13110.0,1514065,4872383,1513354,4846282,RMDDR,BWM-DL01,RMDD,BWM01D
3192,5036895,14874.0,6750.0,12630.0,1514065,4872370,1512924,4829844,RMDDR,RMDVL,RMDD,RMDV
3193,5036895,14874.0,6750.0,12630.0,1514065,4872370,1511943,4800789,RMDDR,BWM-DL03,RMDD,BWM03D
3194,5036895,14874.0,6750.0,12630.0,1514065,4872370,1513354,4846266,RMDDR,BWM-DL01,RMDD,BWM01D
3195,5036896,15646.0,7322.0,12270.0,1514065,4872317,1515425,5036897,RMDDR,BWM-DL02,RMDD,BWM02D
3196,5036896,15646.0,7322.0,12270.0,1514065,4872317,1513354,4846254,RMDDR,BWM-DL01,RMDD,BWM01D
3197,5036896,15646.0,7322.0,12270.0,1514065,4872317,1512924,4829841,RMDDR,RMDVL,RMDD,RMDV
3198,5036889,16648.0,8352.0,11730.0,1514065,4872132,1515330,4936148,RMDDR,BWM-DL04,RMDD,BWM04D
3199,5036889,16648.0,8352.0,11730.0,1514065,4872132,1515425,4939619,RMDDR,BWM-DL02,RMDD,BWM02D
3200,5036889,16648.0,8352.0,11730.0,1514065,4872132,1512924,4829794,RMDDR,RMDVL,RMDD,RMDV
3201,5036904,16458.0,7584.0,12810.0,1514065,4872334,1515425,5036905,RMDDR,BWM-DL02,RMDD,BWM02D
3202,5036904,16458.0,7584.0,12810.0,1514065,4872334,1512924,4829851,RMDDR,RMDVL,RMDD,RMDV
3203,5036904,16458.0,7584.0,12810.0,1514065,4872334,1515330,4936202,RMDDR,BWM-DL04,RMDD,BWM04D
3204,5036908,15966.0,7336.0,12540.0,1514065,4872326,1515425,4939643,RMDDR,BWM-DL02,RMDD,BWM02D
3205,5036908,15966.0,7336.0,12540.0,1514065,4872326,1515330,4936173,RMDDR,BWM-DL04,RMDD,BWM04D
3206,5036908,15966.0,7336.0,12540.0,1514065,4872326,1512924,4829832,RMDDR,RMDVL,RMDD,RMDV
3207,5036909,16622.0,7832.0,12420.0,1514065,4872322,1515330,4936170,RMDDR,BWM-DL04,RMDD,BWM04D
3208,5036909,16622.0,7832.0,12420.0,1514065,4872322,1512924,4829815,RMDDR,RMDVL,RMDD,RMDV
3209,5036909,16622.0,7832.0,12420.0,1514065,4872322,1515425,4939654,RMDDR,BWM-DL02,RMDD,BWM02D
3210,5036902,16586.0,8256.0,12120.0,1514065,4872280,1512924,4829805,RMDDR,RMDVL,RMDD,RMDV
3211,5036902,16586.0,8256.0,12120.0,1514065,4872280,1515330,4936161,RMDDR,BWM-DL04,RMDD,BWM04D
3212,5036996,8280.0,9782.0,11400.0,1515366,4937218,1513587,5036997,RMDL,RIAR,RMDL/R,RIA
3213,5036996,8280.0,9782.0,11400.0,1515366,4937218,1515912,4968288,RMDL,RIAL,RMDL/R,RIA
3214,5037004,8229.0,9563.0,11370.0,1515366,4937217,1515912,4968287,RMDL,RIAL,RMDL/R,RIA
3215,5037004,8229.0,9563.0,11370.0,1515366,4937217,1513587,4858726,RMDL,RIAR,RMDL/R,RIA
3216,5036998,8408.0,9346.0,11070.0,1515366,4937207,1515912,5036999,RMDL,RIAL,RMDL/R,RIA
3217,5036998,8408.0,9346.0,11070.0,1515366,4937207,1512924,4829961,RMDL,RMDVL,RMDL/R,RMDV
3218,5036994,8112.0,9294.0,11610.0,1515366,4937225,1513377,4847838,RMDL,RMGR,RMDL/R,RMG
3219,5036994,8112.0,9294.0,11610.0,1515366,4937225,1513608,4859259,RMDL,IL1R,RMDL/R,IL1L/R
3220,5036994,8112.0,9294.0,11610.0,1515366,4937225,1513587,4858728,RMDL,RIAR,RMDL/R,RIA
3221,5036994,8112.0,9294.0,11610.0,1515366,4937225,1512532,4811457,RMDL,RMDVR,RMDL/R,RMDV
3222,5036991,8588.0,9640.0,10830.0,1515366,4937199,1513437,4851145,RMDL,IL2R,RMDL/R,IL2L/R
3223,5036991,8588.0,9640.0,10830.0,1515366,4937199,1513174,4840937,RMDL,RMHL,RMDL/R,RMH
3224,5036991,8588.0,9640.0,10830.0,1515366,4937199,1513608,4859231,RMDL,IL1R,RMDL/R,IL1L/R
3225,5036991,8588.0,9640.0,10830.0,1515366,4937199,1512886,4828146,RMDL,RMDR,RMDL/R,RMDL/R
3226,5037002,8680.0,7118.0,11190.0,1515366,4937159,1515451,4940857,RMDL,BWM-DR04,RMDL/R,BWM04D
3227,5037002,8680.0,7118.0,11190.0,1515366,4937159,1512886,4828177,RMDL,RMDR,RMDL/R,RMDL/R
3228,5037002,8680.0,7118.0,11190.0,1515366,4937159,1515912,4968440,RMDL,RIAL,RMDL/R,RIA
3229,5037005,9633.0,11365.0,10470.0,1515366,4937337,1515912,4968334,RMDL,RIAL,RMDL/R,RIA
3230,5037005,9633.0,11365.0,10470.0,1515366,4937337,1513838,4862203,RMDL,BWM-VR04,RMDL/R,BWM04V
3231,5037005,9633.0,11365.0,10470.0,1515366,4937337,1512886,4828608,RMDL,RMDR,RMDL/R,RMDL/R
3232,5036988,8044.0,8130.0,11550.0,1515366,4937261,1513587,4858721,RMDL,RIAR,RMDL/R,RIA
3233,5036988,8044.0,8130.0,11550.0,1515366,4937261,1515912,4968275,RMDL,RIAL,RMDL/R,RIA
3234,5036988,8044.0,8130.0,11550.0,1515366,4937261,1512886,4828199,RMDL,RMDR,RMDL/R,RMDL/R
3235,5036995,8432.0,10350.0,11370.0,1515366,4937217,1513587,4858714,RMDL,RIAR,RMDL/R,RIA
3236,5036995,8432.0,10350.0,11370.0,1515366,4937217,1515912,4968287,RMDL,RIAL,RMDL/R,RIA
3237,5036995,8432.0,10350.0,11370.0,1515366,4937217,1512886,4828572,RMDL,RMDR,RMDL/R,RMDL/R
3238,5036990,8084.0,8282.0,11280.0,1515366,4937252,1515912,4968297,RMDL,RIAL,RMDL/R,RIA
3239,5036990,8084.0,8282.0,11280.0,1515366,4937252,1514175,4875784,RMDL,RMDDL,RMDL/R,RMDD
3240,5036990,8084.0,8282.0,11280.0,1515366,4937252,1512886,4828171,RMDL,RMDR,RMDL/R,RMDL/R
3241,5037001,9356.0,9930.0,10200.0,1515366,4937303,1512886,4828129,RMDL,RMDR,RMDL/R,RMDL/R
3242,5037001,9356.0,9930.0,10200.0,1515366,4937303,1513838,4862048,RMDL,BWM-VR04,RMDL/R,BWM04V
3243,5037001,9356.0,9930.0,10200.0,1515366,4937303,1513851,4862711,RMDL,BWM-VR02,RMDL/R,BWM02V
3244,5037001,9356.0,9930.0,10200.0,1515366,4937303,1513174,4841014,RMDL,RMHL,RMDL/R,RMH
3245,5036922,16598.0,8522.0,10800.0,1512886,4828329,1515330,4936121,RMDR,BWM-DL04,RMDL/R,BWM04D
3246,5036922,16598.0,8522.0,10800.0,1512886,4828329,1511914,4800296,RMDR,BWM-VL02,RMDL/R,BWM02V
3247,5036922,16598.0,8522.0,10800.0,1512886,4828329,1515366,4937059,RMDR,RMDL,RMDL/R,RMDL/R
3248,5036922,16598.0,8522.0,10800.0,1512886,4828329,1514065,4872160,RMDR,RMDDR,RMDL/R,RMDD
3249,5036983,16376.0,9210.0,9840.0,1512886,4828425,1515366,4936957,RMDR,RMDL,RMDL/R,RMDL/R
3250,5036983,16376.0,9210.0,9840.0,1512886,4828425,1515425,4939555,RMDR,BWM-DL02,RMDL/R,BWM02D
3251,5036983,16376.0,9210.0,9840.0,1512886,4828425,1511914,4800243,RMDR,BWM-VL02,RMDL/R,BWM02V
3252,5036983,16376.0,9210.0,9840.0,1512886,4828425,1513636,4861079,RMDR,BWM-VL04,RMDL/R,BWM04V
3253,5036981,16506.0,8702.0,10440.0,1512886,4828290,1515605,4947011,RMDR,IL2L,RMDL/R,IL2L/R
3254,5036981,16506.0,8702.0,10440.0,1512886,4828290,1513636,4861098,RMDR,BWM-VL04,RMDL/R,BWM04V
3255,5036981,16506.0,8702.0,10440.0,1512886,4828290,1512756,4820116,RMDR,RMER,RMDL/R,RMEL/R
3256,5036984,17790.0,10630.0,11280.0,1512886,4828379,1515912,4968200,RMDR,RIAL,RMDL/R,RIA
3257,5036984,17790.0,10630.0,11280.0,1512886,4828379,1513922,4864932,RMDR,CEPVL,RMDL/R,CEPV
3258,5036925,17190.0,9382.0,11100.0,1512886,4828373,1515612,4947908,RMDR,IL1L,RMDL/R,IL1L/R
3259,5036925,17190.0,9382.0,11100.0,1512886,4828373,1513587,4858793,RMDR,RIAR,RMDL/R,RIA
3260,5036976,17674.0,9786.0,11250.0,1512886,4828378,1513587,4858788,RMDR,RIAR,RMDL/R,RIA
3261,5036976,17674.0,9786.0,11250.0,1512886,4828378,1515912,4968199,RMDR,RIAL,RMDL/R,RIA
3262,5036919,16902.0,10498.0,10320.0,1512886,4828447,1513587,4858817,RMDR,RIAR,RMDL/R,RIA
3263,5036919,16902.0,10498.0,10320.0,1512886,4828447,1515366,4937005,RMDR,RMDL,RMDL/R,RMDL/R
3264,5036920,17304.0,10414.0,10710.0,1512886,4828396,1513587,4858807,RMDR,RIAR,RMDL/R,RIA
3265,5036920,17304.0,10414.0,10710.0,1512886,4828396,1515366,4936992,RMDR,RMDL,RMDL/R,RMDL/R
3266,5036985,16314.0,7000.0,11670.0,1512886,4828253,1513587,4858775,RMDR,RIAR,RMDL/R,RIA
3267,5036985,16314.0,7000.0,11670.0,1512886,4828253,1515366,4937091,RMDR,RMDL,RMDL/R,RMDL/R
3268,5036975,17502.0,10178.0,11100.0,1512886,4828373,1515366,4937033,RMDR,RMDL,RMDL/R,RMDL/R
3269,5036975,17502.0,10178.0,11100.0,1512886,4828373,1513587,4858793,RMDR,RIAR,RMDL/R,RIA
3270,5036975,17502.0,10178.0,11100.0,1512886,4828373,1515912,4968194,RMDR,RIAL,RMDL/R,RIA
3271,5036924,17474.0,8358.0,11190.0,1512886,4828343,1513587,4858790,RMDR,RIAR,RMDL/R,RIA
3272,5036924,17474.0,8358.0,11190.0,1512886,4828343,1514065,4872147,RMDR,RMDDR,RMDL/R,RMDD
3273,5036924,17474.0,8358.0,11190.0,1512886,4828343,1515366,4937072,RMDR,RMDL,RMDL/R,RMDL/R
3274,5036923,17642.0,8418.0,11580.0,1512886,4828356,1515366,4937088,RMDR,RMDL,RMDL/R,RMDL/R
3275,5036923,17642.0,8418.0,11580.0,1512886,4828356,1513587,4858778,RMDR,RIAR,RMDL/R,RIA
3276,5036923,17642.0,8418.0,11580.0,1512886,4828356,1515912,4968210,RMDR,RIAL,RMDL/R,RIA
3277,5036923,17642.0,8418.0,11580.0,1512886,4828356,1512924,4829790,RMDR,RMDVL,RMDL/R,RMDV
3278,5036977,17782.0,9378.0,11430.0,1512886,4828382,1512924,4829785,RMDR,RMDVL,RMDL/R,RMDV
3279,5036977,17782.0,9378.0,11430.0,1512886,4828382,1515912,4968205,RMDR,RIAL,RMDL/R,RIA
3280,5036986,16501.0,11209.0,9900.0,1512886,4828461,1515745,4958951,RMDR,SIAVL,RMDL/R,SIAV
3281,5036986,16501.0,11209.0,9900.0,1512886,4828461,1515366,4937019,RMDR,RMDL,RMDL/R,RMDL/R
3282,5036917,15882.0,11636.0,9360.0,1512886,4828477,1515222,4932109,RMDR,SMDVR,RMDL/R,SMDV
3283,5036917,15882.0,11636.0,9360.0,1512886,4828477,1515745,4958968,RMDR,SIAVL,RMDL/R,SIAV
3284,5036918,16094.0,10550.0,10110.0,1512886,4828454,1511914,4800252,RMDR,BWM-VL02,RMDL/R,BWM02V
3285,5036918,16094.0,10550.0,10110.0,1512886,4828454,1513636,4860972,RMDR,BWM-VL04,RMDL/R,BWM04V
3286,5036918,16094.0,10550.0,10110.0,1512886,4828454,1515128,4927966,RMDR,SIBDL,RMDL/R,SIBD
3287,5037012,13214.0,12000.0,9960.0,1512924,4830014,1511952,4800916,RMDVL,BWM-VL01,RMDV,BWM01V
3288,5037012,13214.0,12000.0,9960.0,1512924,4830014,1514112,4873585,RMDVL,BWM-VR03,RMDV,BWM03V
3289,5037012,13214.0,12000.0,9960.0,1512924,4830014,1514124,4874089,RMDVL,BWM-VR01,RMDV,BWM01V
3290,5037012,13214.0,12000.0,9960.0,1512924,4830014,1514112,4873613,RMDVL,BWM-VR03,RMDV,BWM03V
3291,5037008,11432.0,11772.0,9690.0,1512924,4830125,1514124,4873993,RMDVL,BWM-VR01,RMDV,BWM01V
3292,5037008,11432.0,11772.0,9690.0,1512924,4830125,1514112,4873578,RMDVL,BWM-VR03,RMDV,BWM03V
3293,5037008,11432.0,11772.0,9690.0,1512924,4830125,1514065,4872561,RMDVL,RMDDR,RMDV,RMDD
3294,5037010,12266.0,12036.0,10740.0,1512924,4830051,1514065,4872537,RMDVL,RMDDR,RMDV,RMDD
3295,5037010,12266.0,12036.0,10740.0,1512924,4830051,1514124,4874026,RMDVL,BWM-VR01,RMDV,BWM01V
3296,5037010,12266.0,12036.0,10740.0,1512924,4830051,1514112,4873629,RMDVL,BWM-VR03,RMDV,BWM03V
3297,5037011,11900.0,11980.0,10200.0,1512924,4830032,1514112,4873600,RMDVL,BWM-VR03,RMDV,BWM03V
3298,5037011,11900.0,11980.0,10200.0,1512924,4830032,1514124,4874008,RMDVL,BWM-VR01,RMDV,BWM01V
3299,5037011,11900.0,11980.0,10200.0,1512924,4830032,1514065,4871952,RMDVL,RMDDR,RMDV,RMDD
3300,5037009,10646.0,11338.0,10650.0,1512924,4829986,1513851,4862515,RMDVL,BWM-VR02,RMDV,BWM02V
3301,5037009,10646.0,11338.0,10650.0,1512924,4829986,1513838,4862093,RMDVL,BWM-VR04,RMDV,BWM04V
3302,5037009,10646.0,11338.0,10650.0,1512924,4829986,1514065,4871967,RMDVL,RMDDR,RMDV,RMDD
3303,5037014,9944.0,10468.0,12090.0,1512924,4830327,1513851,4862639,RMDVL,BWM-VR02,RMDV,BWM02V
3304,5037014,9944.0,10468.0,12090.0,1512924,4830327,1513838,4862176,RMDVL,BWM-VR04,RMDV,BWM04V
3305,5037014,9944.0,10468.0,12090.0,1512924,4830327,1514065,4872482,RMDVL,RMDDR,RMDV,RMDD
3306,5037015,10046.0,10740.0,11970.0,1512924,4830323,1514065,4872455,RMDVL,RMDDR,RMDV,RMDD
3307,5037015,10046.0,10740.0,11970.0,1512924,4830323,1513851,4862620,RMDVL,BWM-VR02,RMDV,BWM02V
3308,5037015,10046.0,10740.0,11970.0,1512924,4830323,1513838,4862172,RMDVL,BWM-VR04,RMDV,BWM04V
3309,5037016,10120.0,10988.0,11760.0,1512924,4830317,1513838,4862165,RMDVL,BWM-VR04,RMDV,BWM04V
3310,5037016,10120.0,10988.0,11760.0,1512924,4830317,1513851,4862613,RMDVL,BWM-VR02,RMDV,BWM02V
3311,5037016,10120.0,10988.0,11760.0,1512924,4830317,1514065,4872001,RMDVL,RMDDR,RMDV,RMDD
3312,5037017,9808.0,10432.0,11820.0,1512924,4830319,1514065,4872005,RMDVL,RMDDR,RMDV,RMDD
3313,5037017,9808.0,10432.0,11820.0,1512924,4830319,1513851,4862615,RMDVL,BWM-VR02,RMDV,BWM02V
3314,5037017,9808.0,10432.0,11820.0,1512924,4830319,1513838,4862167,RMDVL,BWM-VR04,RMDV,BWM04V
3315,5037018,10248.0,11144.0,11460.0,1512924,4830302,1513851,4862568,RMDVL,BWM-VR02,RMDV,BWM02V
3316,5037018,10248.0,11144.0,11460.0,1512924,4830302,1513838,4862138,RMDVL,BWM-VR04,RMDV,BWM04V
3317,5037018,10248.0,11144.0,11460.0,1512924,4830302,1514065,4871992,RMDVL,RMDDR,RMDV,RMDD
3318,5037021,10481.0,11352.0,10980.0,1512924,5037022,1513851,4862526,RMDVL,BWM-VR02,RMDV,BWM02V
3319,5037021,10481.0,11352.0,10980.0,1512924,5037022,1513838,4862122,RMDVL,BWM-VR04,RMDV,BWM04V
3320,5037021,10481.0,11352.0,10980.0,1512924,5037022,1514065,4871978,RMDVL,RMDDR,RMDV,RMDD
3321,5037024,12816.0,12087.0,9870.0,1512924,4830093,1512532,4811770,RMDVL,RMDVR,RMDV,RMDV
3322,5037024,12816.0,12087.0,9870.0,1512924,4830093,1512532,5037025,RMDVL,RMDVR,RMDV,RMDV
3323,5037043,13236.0,12142.0,10290.0,1512532,4811796,1514112,4873598,RMDVR,BWM-VR03,RMDV,BWM03V
3324,5037043,13236.0,12142.0,10290.0,1512532,4811796,1511952,4800932,RMDVR,BWM-VL01,RMDV,BWM01V
3325,5037043,13236.0,12142.0,10290.0,1512532,4811796,1514124,4874100,RMDVR,BWM-VR01,RMDV,BWM01V
3326,5037044,14448.0,11938.0,10890.0,1512532,4811842,1513939,4865287,RMDVR,BWM-VL03,RMDV,BWM03V
3327,5037044,14448.0,11938.0,10890.0,1512532,4811842,1511952,4801007,RMDVR,BWM-VL01,RMDV,BWM01V
3328,5037036,16144.0,10182.0,11430.0,1512532,4811698,1513636,4861045,RMDVR,BWM-VL04,RMDV,BWM04V
3329,5037036,16144.0,10182.0,11430.0,1512532,4811698,1513636,4861018,RMDVR,BWM-VL04,RMDV,BWM04V
3330,5037041,15996.0,10250.0,10710.0,1512532,4811676,1513636,4860992,RMDVR,BWM-VL04,RMDV,BWM04V
3331,5037041,15996.0,10250.0,10710.0,1512532,4811676,1513885,4863224,RMDVR,BWM-VL06,RMDV,BWM06V
3332,5037032,16040.0,10398.0,10380.0,1512532,4811743,1513636,4860981,RMDVR,BWM-VL04,RMDV,BWM04V
3333,5037032,16040.0,10398.0,10380.0,1512532,4811743,1515190,4930566,RMDVR,SMBVL,RMDV,SMBV
3334,5037042,13296.0,12046.0,10290.0,1512532,4811796,1514112,4873614,RMDVR,BWM-VR03,RMDV,BWM03V
3335,5037042,13296.0,12046.0,10290.0,1512532,4811796,1514056,4871699,RMDVR,BWM-VR05,RMDV,BWM05V
3336,5037046,12692.0,12186.0,9480.0,1512532,4811866,1512924,4830107,RMDVR,RMDVL,RMDV,RMDV
3337,5037046,12692.0,12186.0,9480.0,1512532,4811866,1514056,4871668,RMDVR,BWM-VR05,RMDV,BWM05V
3338,5037046,12692.0,12186.0,9480.0,1512532,4811866,1514112,4873569,RMDVR,BWM-VR03,RMDV,BWM03V
3339,5037035,16372.0,9934.0,11370.0,1512532,4811696,1511914,4800375,RMDVR,BWM-VL02,RMDV,BWM02V
3340,5037035,16372.0,9934.0,11370.0,1512532,4811696,1514175,4875429,RMDVR,RMDDL,RMDV,RMDD
3341,5037033,16280.0,10270.0,11850.0,1512532,4811708,1514175,4875445,RMDVR,RMDDL,RMDV,RMDD
3342,5037033,16280.0,10270.0,11850.0,1512532,4811708,1511914,4800430,RMDVR,BWM-VL02,RMDV,BWM02V
3343,5037033,16280.0,10270.0,11850.0,1512532,4811708,1513636,4861059,RMDVR,BWM-VL04,RMDV,BWM04V
3344,5037034,16280.0,10382.0,11640.0,1512532,4811704,1514175,4875438,RMDVR,RMDDL,RMDV,RMDD
3345,5037034,16280.0,10382.0,11640.0,1512532,4811704,1513636,4861052,RMDVR,BWM-VL04,RMDV,BWM04V
3346,5037034,16280.0,10382.0,11640.0,1512532,4811704,1511914,4800388,RMDVR,BWM-VL02,RMDV,BWM02V
3347,5037037,16072.0,10574.0,11250.0,1512532,4811693,1514175,4875425,RMDVR,RMDDL,RMDV,RMDD
3348,5037037,16072.0,10574.0,11250.0,1512532,4811693,1511914,4800371,RMDVR,BWM-VL02,RMDV,BWM02V
3349,5037037,16072.0,10574.0,11250.0,1512532,4811693,1513636,4861039,RMDVR,BWM-VL04,RMDV,BWM04V
3350,5037038,16036.0,10606.0,11070.0,1512532,4811688,1514175,4875419,RMDVR,RMDDL,RMDV,RMDD
3351,5037038,16036.0,10606.0,11070.0,1512532,4811688,1513636,4861033,RMDVR,BWM-VL04,RMDV,BWM04V
3352,5037038,16036.0,10606.0,11070.0,1512532,4811688,1511914,4800304,RMDVR,BWM-VL02,RMDV,BWM02V
3353,5037039,16392.0,9926.0,11040.0,1512532,4811687,1513636,4861032,RMDVR,BWM-VL04,RMDV,BWM04V
3354,5037039,16392.0,9926.0,11040.0,1512532,4811687,1511914,4800283,RMDVR,BWM-VL02,RMDV,BWM02V
3355,5037039,16392.0,9926.0,11040.0,1512532,4811687,1514175,4875471,RMDVR,RMDDL,RMDV,RMDD
3356,5037057,16216.0,10437.0,11460.0,1512532,4811699,1513636,4861046,RMDVR,BWM-VL04,RMDV,BWM04V
3357,5037057,16216.0,10437.0,11460.0,1512532,4811699,1514175,4875432,RMDVR,RMDDL,RMDV,RMDD
3358,5037030,14530.0,11376.0,9360.0,1512532,4811880,1511952,4800896,RMDVR,BWM-VL01,RMDV,BWM01V
3359,5037030,14530.0,11376.0,9360.0,1512532,4811880,1513939,4865218,RMDVR,BWM-VL03,RMDV,BWM03V
3360,5037030,14530.0,11376.0,9360.0,1512532,4811880,1514175,4875328,RMDVR,RMDDL,RMDV,RMDD
3361,5037031,14492.0,11562.0,9750.0,1512532,4811764,1514175,4875316,RMDVR,RMDDL,RMDV,RMDD
3362,5037031,14492.0,11562.0,9750.0,1512532,4811764,1513939,4865250,RMDVR,BWM-VL03,RMDV,BWM03V
3363,5037031,14492.0,11562.0,9750.0,1512532,4811764,1511952,4800909,RMDVR,BWM-VL01,RMDV,BWM01V
3364,5037061,14426.0,12001.0,10620.0,1512532,4811835,1513939,4865278,RMDVR,BWM-VL03,RMDV,BWM03V
3365,5037061,14426.0,12001.0,10620.0,1512532,4811835,1511952,4800949,RMDVR,BWM-VL01,RMDV,BWM01V
3366,5037061,14426.0,12001.0,10620.0,1512532,4811835,1514175,4875369,RMDVR,RMDDL,RMDV,RMDD
3367,5037072,13700.0,12079.0,10860.0,1515434,4940236,1511952,4800957,RMED,BWM-VL01,RMED,BWM01V
3368,5037072,13700.0,12079.0,10860.0,1515434,4940236,1513939,4865286,RMED,BWM-VL03,RMED,BWM03V
3369,5037067,12922.0,12432.0,8820.0,1515434,4940052,1514124,4873935,RMED,BWM-VR01,RMED,BWM01V
3370,5037067,12922.0,12432.0,8820.0,1515434,4940052,1511952,4800871,RMED,BWM-VL01,RMED,BWM01V
3371,5037067,12922.0,12432.0,8820.0,1515434,4940052,1514505,4893168,RMED,SMDDR,RMED,SMDD
3372,5037067,12922.0,12432.0,8820.0,1515434,4940052,1513939,4865240,RMED,BWM-VL03,RMED,BWM03V
3373,5037065,13338.0,12364.0,8910.0,1515434,4940300,1514284,4879925,RMED,SMDDL,RMED,SMDD
3374,5037065,13338.0,12364.0,8910.0,1515434,4940300,1511952,4800874,RMED,BWM-VL01,RMED,BWM01V
3375,5037065,13338.0,12364.0,8910.0,1515434,4940300,1514124,4873902,RMED,BWM-VR01,RMED,BWM01V
3376,5037065,13338.0,12364.0,8910.0,1515434,4940300,1514124,4873938,RMED,BWM-VR01,RMED,BWM01V
3377,5037071,13196.0,12590.0,10170.0,1515434,4940008,1512532,4811792,RMED,RMDVR,RMED,RMDV
3378,5037071,13196.0,12590.0,10170.0,1515434,4940008,1511952,4800928,RMED,BWM-VL01,RMED,BWM01V
3379,5037071,13196.0,12590.0,10170.0,1515434,4940008,1514124,4874096,RMED,BWM-VR01,RMED,BWM01V
3380,5037071,13196.0,12590.0,10170.0,1515434,4940008,1514112,4873594,RMED,BWM-VR03,RMED,BWM03V
3381,5037066,13508.0,12498.0,10290.0,1515434,4940254,1512924,4830035,RMED,RMDVL,RMED,RMDV
3382,5037066,13508.0,12498.0,10290.0,1515434,4940254,1512532,4811795,RMED,RMDVR,RMED,RMDV
3383,5037066,13508.0,12498.0,10290.0,1515434,4940254,1511952,4800932,RMED,BWM-VL01,RMED,BWM01V
3384,5037066,13508.0,12498.0,10290.0,1515434,4940254,1514124,4874100,RMED,BWM-VR01,RMED,BWM01V
3385,5037070,12824.0,12466.0,9360.0,1515434,4940034,1514112,4873655,RMED,BWM-VR03,RMED,BWM03V
3386,5037070,12824.0,12466.0,9360.0,1515434,4940034,1514505,4893185,RMED,SMDDR,RMED,SMDD
3387,5037070,12824.0,12466.0,9360.0,1515434,4940034,1511952,4801235,RMED,BWM-VL01,RMED,BWM01V
3388,5037070,12824.0,12466.0,9360.0,1515434,4940034,1512532,4811869,RMED,RMDVR,RMED,RMDV
3389,5037070,12824.0,12466.0,9360.0,1515434,4940034,1514124,4873923,RMED,BWM-VR01,RMED,BWM01V
3390,5037064,13262.0,12392.0,8670.0,1515434,4940307,1514284,4879918,RMED,SMDDL,RMED,SMDD
3391,5037064,13262.0,12392.0,8670.0,1515434,4940307,1514124,4873960,RMED,BWM-VR01,RMED,BWM01V
3392,5037064,13262.0,12392.0,8670.0,1515434,4940307,1511952,4800866,RMED,BWM-VL01,RMED,BWM01V
3393,5037093,9502.0,9604.0,11400.0,1512674,4817663,1513851,4862539,RMEL,BWM-VR02,RMEL/R,BWM02V
3394,5037093,9502.0,9604.0,11400.0,1512674,4817663,1513254,4843281,RMEL,BWM-DR02,RMEL/R,BWM02D
3395,5037101,9260.0,9172.0,12570.0,1512674,5037102,1513254,4843136,RMEL,BWM-DR02,RMEL/R,BWM02D
3396,5037101,9260.0,9172.0,12570.0,1512674,5037102,1513851,4862674,RMEL,BWM-VR02,RMEL/R,BWM02V
3397,5037101,9260.0,9172.0,12570.0,1512674,5037102,1513254,4843216,RMEL,BWM-DR02,RMEL/R,BWM02D
3398,5037095,9596.0,9666.0,12480.0,1512674,4817630,1513851,4862671,RMEL,BWM-VR02,RMEL/R,BWM02V
3399,5037095,9596.0,9666.0,12480.0,1512674,4817630,1513254,4843223,RMEL,BWM-DR02,RMEL/R,BWM02D
3400,5037096,9886.0,9980.0,12750.0,1512674,4817621,1513851,4862680,RMEL,BWM-VR02,RMEL/R,BWM02V
3401,5037096,9886.0,9980.0,12750.0,1512674,4817621,1513254,4843243,RMEL,BWM-DR02,RMEL/R,BWM02D
3402,5037099,9434.0,9440.0,11820.0,1512674,4817443,1513851,4862615,RMEL,BWM-VR02,RMEL/R,BWM02V
3403,5037099,9434.0,9440.0,11820.0,1512674,4817443,1513254,4843256,RMEL,BWM-DR02,RMEL/R,BWM02D
3404,5037103,9252.0,8908.0,12900.0,1512674,4817413,1513851,4862666,RMEL,BWM-VR02,RMEL/R,BWM02V
3405,5037103,9252.0,8908.0,12900.0,1512674,4817413,1513254,4843147,RMEL,BWM-DR02,RMEL/R,BWM02D
3406,5037097,10034.0,10382.0,12960.0,1512674,4817614,1513254,4843248,RMEL,BWM-DR02,RMEL/R,BWM02D
3407,5037097,10034.0,10382.0,12960.0,1512674,4817614,1513893,4863462,RMEL,GLRVR,RMEL/R,GLRV
3408,5037097,10034.0,10382.0,12960.0,1512674,4817614,1513851,4862687,RMEL,BWM-VR02,RMEL/R,BWM02V
3409,5037094,9530.0,9676.0,11610.0,1512674,4817657,1513851,4862608,RMEL,BWM-VR02,RMEL/R,BWM02V
3410,5037094,9530.0,9676.0,11610.0,1512674,4817657,1513254,4843263,RMEL,BWM-DR02,RMEL/R,BWM02D
3411,5037094,9530.0,9676.0,11610.0,1512674,4817657,1513608,4859259,RMEL,IL1R,RMEL/R,IL1L/R
3412,5037112,16260.0,8988.0,10320.0,1512756,4820365,1513636,4861095,RMER,BWM-VL04,RMEL/R,BWM04V
3413,5037112,16260.0,8988.0,10320.0,1512756,4820365,1515425,4939539,RMER,BWM-DL02,RMEL/R,BWM02D
3414,5037113,16168.0,9088.0,10530.0,1512756,4820359,1513636,4860986,RMER,BWM-VL04,RMEL/R,BWM04V
3415,5037113,16168.0,9088.0,10530.0,1512756,4820359,1515425,4939560,RMER,BWM-DL02,RMEL/R,BWM02D
3416,5037107,16436.0,8992.0,11220.0,1512756,4820091,1515425,4939583,RMER,BWM-DL02,RMEL/R,BWM02D
3417,5037107,16436.0,8992.0,11220.0,1512756,4820091,1511914,4800366,RMER,BWM-VL02,RMEL/R,BWM02V
3418,5037108,16380.0,8956.0,11520.0,1512756,4820083,1515425,4939595,RMER,BWM-DL02,RMEL/R,BWM02D
3419,5037108,16380.0,8956.0,11520.0,1512756,4820083,1511914,4800415,RMER,BWM-VL02,RMEL/R,BWM02V
3420,5037114,16332.0,9220.0,11190.0,1512756,4820344,1515425,5032748,RMER,BWM-DL02,RMEL/R,BWM02D
3421,5037114,16332.0,9220.0,11190.0,1512756,4820344,1511914,4800360,RMER,BWM-VL02,RMEL/R,BWM02V
3422,5037116,16526.0,9574.0,12150.0,1512756,4820313,1511914,4800438,RMER,BWM-VL02,RMEL/R,BWM02V
3423,5037116,16526.0,9574.0,12150.0,1512756,4820313,1515425,4939707,RMER,BWM-DL02,RMEL/R,BWM02D
3424,5037117,16562.0,9076.0,13050.0,1512756,4820289,1515425,4939669,RMER,BWM-DL02,RMEL/R,BWM02D
3425,5037117,16562.0,9076.0,13050.0,1512756,4820289,1511914,4800474,RMER,BWM-VL02,RMEL/R,BWM02V
3426,5037118,16398.0,9174.0,12870.0,1512756,4820283,1515425,4939662,RMER,BWM-DL02,RMEL/R,BWM02D
3427,5037118,16398.0,9174.0,12870.0,1512756,4820283,1511914,4800468,RMER,BWM-VL02,RMEL/R,BWM02V
3428,5037109,16516.0,9004.0,11970.0,1512756,4820070,1511914,4800434,RMER,BWM-VL02,RMEL/R,BWM02V
3429,5037109,16516.0,9004.0,11970.0,1512756,4820070,1515425,4939713,RMER,BWM-DL02,RMEL/R,BWM02D
3430,5037109,16516.0,9004.0,11970.0,1512756,4820070,1515425,4939610,RMER,BWM-DL02,RMEL/R,BWM02D
3431,5037115,16376.0,9344.0,11550.0,1512756,4820332,1515425,4939596,RMER,BWM-DL02,RMEL/R,BWM02D
3432,5037115,16376.0,9344.0,11550.0,1512756,4820332,1511914,4800381,RMER,BWM-VL02,RMEL/R,BWM02V
3433,5037115,16376.0,9344.0,11550.0,1512756,4820332,1515425,4939727,RMER,BWM-DL02,RMEL/R,BWM02D
3434,5037111,16762.0,8704.0,12960.0,1512756,4820038,1511914,4800471,RMER,BWM-VL02,RMEL/R,BWM02V
3435,5037111,16762.0,8704.0,12960.0,1512756,4820038,1515425,4939666,RMER,BWM-DL02,RMEL/R,BWM02D
3436,5037111,16762.0,8704.0,12960.0,1512756,4820038,1515415,4939417,RMER,URADL,RMEL/R,URAD
3437,5037110,16598.0,8848.0,12480.0,1512756,4820053,1515612,4947964,RMER,IL1L,RMEL/R,IL1L/R
3438,5037110,16598.0,8848.0,12480.0,1512756,4820053,1511914,4800455,RMER,BWM-VL02,RMEL/R,BWM02V
3439,5037110,16598.0,8848.0,12480.0,1512756,4820053,1515425,4939697,RMER,BWM-DL02,RMEL/R,BWM02D
3440,5037110,16598.0,8848.0,12480.0,1512756,4820053,1511914,4800450,RMER,BWM-VL02,RMEL/R,BWM02V
3441,5037090,13982.0,6308.0,14160.0,1512633,4815967,1511943,4800857,RMEV,BWM-DL03,RMEV,BWM03D
3442,5037090,13982.0,6308.0,14160.0,1512633,4815967,1513354,4846370,RMEV,BWM-DL01,RMEV,BWM01D
3443,5037078,13282.0,5844.0,13260.0,1512633,4816008,1514505,4893393,RMEV,SMDDR,RMEV,SMDD
3444,5037078,13282.0,5844.0,13260.0,1512633,4816008,1514175,4875727,RMEV,RMDDL,RMEV,RMDD
3445,5037078,13282.0,5844.0,13260.0,1512633,4816008,1511943,4800813,RMEV,BWM-DL03,RMEV,BWM03D
3446,5037078,13282.0,5844.0,13260.0,1512633,4816008,1513354,4846324,RMEV,BWM-DL01,RMEV,BWM01D
3447,5037079,14578.0,6468.0,14040.0,1512633,4815978,1513354,4846366,RMEV,BWM-DL01,RMEV,BWM01D
3448,5037079,14578.0,6468.0,14040.0,1512633,4815978,1511943,4800853,RMEV,BWM-DL03,RMEV,BWM03D
3449,5037079,14578.0,6468.0,14040.0,1512633,4815978,1512756,4819986,RMEV,RMER,RMEV,RMEL/R
3450,5037089,12650.0,6172.0,13890.0,1512633,4816085,1514065,4872411,RMEV,RMDDR,RMEV,RMDD
3451,5037089,12650.0,6172.0,13890.0,1512633,4816085,1513354,4846362,RMEV,BWM-DL01,RMEV,BWM01D
3452,5037089,12650.0,6172.0,13890.0,1512633,4816085,1515517,4943694,RMEV,BWM-DR01,RMEV,BWM01D
3453,5037084,12326.0,5864.0,13260.0,1512633,4816106,1514065,4872431,RMEV,RMDDR,RMEV,RMDD
3454,5037084,12326.0,5864.0,13260.0,1512633,4816106,1515536,4944101,RMEV,BWM-DR03,RMEV,BWM03D
3455,5037084,12326.0,5864.0,13260.0,1512633,4816106,1513354,5037086,RMEV,BWM-DL01,RMEV,BWM01D
3456,5037080,12610.0,5864.0,12870.0,1512633,4816119,1514175,4875740,RMEV,RMDDL,RMEV,RMDD
3457,5037080,12610.0,5864.0,12870.0,1512633,4816119,1515517,4943676,RMEV,BWM-DR01,RMEV,BWM01D
3458,5037080,12610.0,5864.0,12870.0,1512633,4816119,1513354,4846315,RMEV,BWM-DL01,RMEV,BWM01D
3459,5037081,12714.0,5780.0,13140.0,1512633,4816110,1515536,4944120,RMEV,BWM-DR03,RMEV,BWM03D
3460,5037081,12714.0,5780.0,13140.0,1512633,4816110,1511943,4800811,RMEV,BWM-DL03,RMEV,BWM03D
3461,5037081,12714.0,5780.0,13140.0,1512633,4816110,1515517,4943667,RMEV,BWM-DR01,RMEV,BWM01D
3462,5037081,12714.0,5780.0,13140.0,1512633,4816110,1514175,4875731,RMEV,RMDDL,RMEV,RMDD
3463,5037082,12374.0,5836.0,13080.0,1512633,4816112,1515536,4944095,RMEV,BWM-DR03,RMEV,BWM03D
3464,5037082,12374.0,5836.0,13080.0,1512633,4816112,1515517,4943651,RMEV,BWM-DR01,RMEV,BWM01D
3465,5037082,12374.0,5836.0,13080.0,1512633,4816112,1515222,4931990,RMEV,SMDVR,RMEV,SMDV
3466,5037088,11726.0,5976.0,13380.0,1512633,4816102,1515517,4943657,RMEV,BWM-DR01,RMEV,BWM01D
3467,5037088,11726.0,5976.0,13380.0,1512633,4816102,1514175,4875675,RMEV,RMDDL,RMEV,RMDD
3468,5037092,12816.0,6090.0,12840.0,1512633,4816038,1515536,4944085,RMEV,BWM-DR03,RMEV,BWM03D
3469,5037092,12816.0,6090.0,12840.0,1512633,4816038,1514175,4875741,RMEV,RMDDL,RMEV,RMDD
3470,5037122,17144.0,7864.0,8970.0,1513045,4833971,1514235,4878557,RMGL,ADAL,RMG,ADA
3471,5037122,17144.0,7864.0,8970.0,1513045,4833971,1515817,4962445,RMGL,AVBL,RMG,AVB
3472,5037122,17144.0,7864.0,8970.0,1513045,4833971,1514993,4920522,RMGL,ASHL,RMG,ASH
3473,5037136,18120.0,10022.0,10560.0,1513045,4833840,1512791,4822435,RMGL,RIGL,RMG,RIG
3474,5037136,18120.0,10022.0,10560.0,1513045,4833840,1515718,4955963,RMGL,AVKR,RMG,AVK
3475,5037133,16972.0,7982.0,11250.0,1513045,4833886,1515366,4937077,RMGL,RMDL,RMG,RMDL/R
3476,5037133,16972.0,7982.0,11250.0,1513045,4833886,1515298,4934944,RMGL,BWM-DL06,RMG,BWM06D
3477,5037133,16972.0,7982.0,11250.0,1513045,4833886,1515271,4934066,RMGL,BWM-DL08,RMG,BWM08D
3478,5037135,16434.0,9730.0,9960.0,1513045,4835045,1513885,4863203,RMGL,BWM-VL06,RMG,BWM06V
3479,5037135,16434.0,9730.0,9960.0,1513045,4835045,1513636,4860967,RMGL,BWM-VL04,RMG,BWM04V
3480,5037135,16434.0,9730.0,9960.0,1513045,4835045,1515366,4936961,RMGL,RMDL,RMG,RMDL/R
3481,5037126,17416.0,8114.0,11130.0,1513045,4833867,1515366,4937070,RMGL,RMDL,RMG,RMDL/R
3482,5037126,17416.0,8114.0,11130.0,1513045,4833867,1512886,4828341,RMGL,RMDR,RMG,RMDL/R
3483,5037124,17392.0,10082.0,10380.0,1513045,4833834,1512886,4828407,RMGL,RMDR,RMG,RMDL/R
3484,5037128,17546.0,8914.0,10890.0,1513045,4833859,1512886,4828332,RMGL,RMDR,RMG,RMDL/R
3485,5037128,17546.0,8914.0,10890.0,1513045,4833859,1512924,4829767,RMGL,RMDVL,RMG,RMDV
3486,5037127,17982.0,8442.0,10950.0,1513045,4833861,1515718,4955975,RMGL,AVKR,RMG,AVK
3487,5037127,17982.0,8442.0,10950.0,1513045,4833861,1512791,4822422,RMGL,RIGL,RMG,RIG
3488,5037127,17982.0,8442.0,10950.0,1513045,4833861,1514094,4872852,RMGL,SAADL,RMG,SAAD
3489,5037131,17256.0,7966.0,9540.0,1513045,4833940,1514783,4908504,RMGL,AVBR,RMG,AVB
3490,5037131,17256.0,7966.0,9540.0,1513045,4833940,1512996,4832499,RMGL,SAADR,RMG,SAAD
3491,5037123,17172.0,9202.0,10350.0,1513045,4833905,1515745,4958908,RMGL,SIAVL,RMG,SIAV
3492,5037123,17172.0,9202.0,10350.0,1513045,4833905,1515366,4936972,RMGL,RMDL,RMG,RMDL/R
3493,5037123,17172.0,9202.0,10350.0,1513045,4833905,1515190,4930519,RMGL,SMBVL,RMG,SMBV
3494,5037162,7801.0,8302.0,8760.0,1513377,4847668,1514094,5037163,RMGR,SAADL,RMG,SAAD
3495,5037162,7801.0,8302.0,8760.0,1513377,4847668,1513541,4856399,RMGR,ALNR,RMG,ALN
3496,5037153,7684.0,8280.0,9060.0,1513377,5037154,1514783,4908415,RMGR,AVBR,RMG,AVB
3497,5037153,7684.0,8280.0,9060.0,1513377,5037154,1514206,5037152,RMGR,AVJL,RMG,AVJ
3498,5037140,9472.0,10624.0,10500.0,1513377,4847907,1514142,4874396,RMGR,BWM-VR08,RMG,BWM08V
3499,5037140,9472.0,10624.0,10500.0,1513377,4847907,1513838,4862200,RMGR,BWM-VR04,RMG,BWM04V
3500,5037141,9314.0,10728.0,10770.0,1513377,4847793,1514150,4874694,RMGR,BWM-VR06,RMG,BWM06V
3501,5037141,9314.0,10728.0,10770.0,1513377,4847793,1514142,4874405,RMGR,BWM-VR08,RMG,BWM08V
3502,5037141,9314.0,10728.0,10770.0,1513377,4847793,1512886,4828588,RMGR,RMDR,RMG,RMDL/R
3503,5037159,7680.0,8030.0,11400.0,1513377,4847831,1515366,4937256,RMGR,RMDL,RMG,RMDL/R
3504,5037159,7680.0,8030.0,11400.0,1513377,4847831,1512886,4828194,RMGR,RMDR,RMG,RMDL/R
3505,5037149,7840.0,8772.0,10380.0,1513377,4847779,1515366,4937276,RMGR,RMDL,RMG,RMDL/R
3506,5037149,7840.0,8772.0,10380.0,1513377,4847779,1512532,4811417,RMGR,RMDVR,RMG,RMDV
3507,5037157,7908.0,8930.0,11040.0,1513377,4847811,1515366,4937206,RMGR,RMDL,RMG,RMDL/R
3508,5037157,7908.0,8930.0,11040.0,1513377,4847811,1512532,4811439,RMGR,RMDVR,RMG,RMDV
3509,5037160,7808.0,8650.0,11340.0,1513377,4847829,1512532,4811449,RMGR,RMDVR,RMG,RMDV
3510,5037160,7808.0,8650.0,11340.0,1513377,4847829,1515366,4937254,RMGR,RMDL,RMG,RMDL/R
3511,5037156,8168.0,7882.0,11160.0,1513377,4847823,1511934,4800629,RMGR,BWM-DR06,RMG,BWM06D
3512,5037156,8168.0,7882.0,11160.0,1513377,4847823,1512886,4828181,RMGR,RMDR,RMG,RMDL/R
3513,5037142,8762.0,10740.0,10770.0,1513377,4847793,1512886,5037143,RMGR,RMDR,RMG,RMDL/R
3514,5037142,8762.0,10740.0,10770.0,1513377,4847793,1514150,4874694,RMGR,BWM-VR06,RMG,BWM06V
3515,5037158,7564.0,8966.0,11040.0,1513377,4847811,1514298,4880665,RMGR,RMHR,RMG,RMH
3516,5037158,7564.0,8966.0,11040.0,1513377,4847811,1513174,4840872,RMGR,RMHL,RMG,RMH
3517,5037139,9214.0,10792.0,10140.0,1513377,4847918,1515366,4937321,RMGR,RMDL,RMG,RMDL/R
3518,5037139,9214.0,10792.0,10140.0,1513377,4847918,1514322,4881525,RMGR,SIBDR,RMG,SIBD
3519,5037150,8128.0,9836.0,10260.0,1513377,4847760,1515366,4937296,RMGR,RMDL,RMG,RMDL/R
3520,5037150,8128.0,9836.0,10260.0,1513377,4847760,1514322,4881301,RMGR,SIBDR,RMG,SIBD
3521,5049175,7892.0,8100.0,10170.0,1513377,4847755,1514596,4898021,RMGR,SIBVR,RMG,SIBV
3522,5037170,9132.0,9066.0,10890.0,1513174,4840996,1514298,4880660,RMHL,RMHR,RMH,RMH
3523,5037170,9132.0,9066.0,10890.0,1513174,4840996,1515451,4940835,RMHL,BWM-DR04,RMH,BWM04D
3524,5037170,9132.0,9066.0,10890.0,1513174,4840996,1513254,4843068,RMHL,BWM-DR02,RMH,BWM02D
3525,5037171,9492.0,10014.0,11280.0,1513174,4840908,1513851,4862535,RMHL,BWM-VR02,RMH,BWM02V
3526,5037171,9492.0,10014.0,11280.0,1513174,4840908,1513254,4843274,RMHL,BWM-DR02,RMH,BWM02D
3527,5037172,9428.0,9898.0,11130.0,1513174,4840903,1513851,4862531,RMHL,BWM-VR02,RMH,BWM02V
3528,5037172,9428.0,9898.0,11130.0,1513174,4840903,1513254,4843279,RMHL,BWM-DR02,RMH,BWM02D
3529,5037173,9536.0,10046.0,10920.0,1513174,4840896,1513851,4862524,RMHL,BWM-VR02,RMH,BWM02V
3530,5037173,9536.0,10046.0,10920.0,1513174,4840896,1513838,4862104,RMHL,BWM-VR04,RMH,BWM04V
3531,5037174,9596.0,10246.0,10920.0,1513174,4840896,1513851,4862524,RMHL,BWM-VR02,RMH,BWM02V
3532,5037174,9596.0,10246.0,10920.0,1513174,4840896,1513838,4862120,RMHL,BWM-VR04,RMH,BWM04V
3533,5037174,9596.0,10246.0,10920.0,1513174,4840896,1513838,4862104,RMHL,BWM-VR04,RMH,BWM04V
3534,5037165,9632.0,10384.0,9720.0,1513174,4841027,1512886,4828101,RMHL,RMDR,RMH,RMDL/R
3535,5037165,9632.0,10384.0,9720.0,1513174,4841027,1513838,4862030,RMHL,BWM-VR04,RMH,BWM04V
3536,5037167,9488.0,10124.0,10380.0,1513174,4841008,1513838,4862083,RMHL,BWM-VR04,RMH,BWM04V
3537,5037167,9488.0,10124.0,10380.0,1513174,4841008,1513851,4862506,RMHL,BWM-VR02,RMH,BWM02V
3538,5037167,9488.0,10124.0,10380.0,1513174,4841008,1512886,4828128,RMHL,RMDR,RMH,RMDL/R
3539,5037166,9298.0,10228.0,9750.0,1513174,4841026,1512886,4828102,RMHL,RMDR,RMH,RMDL/R
3540,5037166,9298.0,10228.0,9750.0,1513174,4841026,1515366,4937354,RMHL,RMDL,RMH,RMDL/R
3541,5037166,9298.0,10228.0,9750.0,1513174,4841026,1513377,4847958,RMHL,RMGR,RMH,RMG
3542,5037179,9034.0,8830.0,11130.0,1514298,4880696,1513254,4843057,RMHR,BWM-DR02,RMH,BWM02D
3543,5037179,9034.0,8830.0,11130.0,1514298,4880696,1513254,4843051,RMHR,BWM-DR02,RMH,BWM02D
3544,5037179,9034.0,8830.0,11130.0,1514298,4880696,1512886,4828164,RMHR,RMDR,RMH,RMDL/R
3545,5037178,8930.0,8690.0,11250.0,1514298,4880700,1515451,4940859,RMHR,BWM-DR04,RMH,BWM04D
3546,5037178,8930.0,8690.0,11250.0,1514298,4880700,1513254,4843061,RMHR,BWM-DR02,RMH,BWM02D
3547,5037176,9270.0,9034.0,11970.0,1514298,4880722,1513851,4862622,RMHR,BWM-VR02,RMH,BWM02V
3548,5037176,9270.0,9034.0,11970.0,1514298,4880722,1513254,4843251,RMHR,BWM-DR02,RMH,BWM02D
3549,5037177,9058.0,8846.0,11700.0,1514298,4880713,1515451,4940882,RMHR,BWM-DR04,RMH,BWM04D
3550,5037177,9058.0,8846.0,11700.0,1514298,4880713,1513254,4843087,RMHR,BWM-DR02,RMH,BWM02D
3551,5037177,9058.0,8846.0,11700.0,1514298,4880713,1514175,4875747,RMHR,RMDDL,RMH,RMDD
3552,5037180,9044.0,8876.0,10680.0,1514298,4880653,1513838,4862068,RMHR,BWM-VR04,RMH,BWM04V
3553,5037180,9044.0,8876.0,10680.0,1514298,4880653,1515451,4940828,RMHR,BWM-DR04,RMH,BWM04D
3554,5037180,9044.0,8876.0,10680.0,1514298,4880653,1513174,4840989,RMHR,RMHL,RMH,RMH
3555,5037194,7348.0,7512.0,10500.0,1514094,4873088,1515674,4950703,SAADL,AVAL,SAAD,AVA
3556,5037194,7348.0,7512.0,10500.0,1514094,4873088,1515238,4933250,SAADL,RIML,SAAD,RIM
3557,5037195,7604.0,7048.0,10500.0,1514094,4873088,1515674,4950703,SAADL,AVAL,SAAD,AVA
3558,5037195,7604.0,7048.0,10500.0,1514094,4873088,1515238,4933250,SAADL,RIML,SAAD,RIM
3559,5037200,7254.0,7717.0,10320.0,1514094,4872933,1513201,4841723,SAADL,RIMR,SAAD,RIM
3560,5037200,7254.0,7717.0,10320.0,1514094,4872933,1515674,4950706,SAADL,AVAL,SAAD,AVA
3561,15137555,7901.0,6624.0,10380.0,1514094,4872923,1515674,4950699,SAADL,AVAL,SAAD,AVA
3562,15137555,7901.0,6624.0,10380.0,1514094,4872923,1513201,4841725,SAADL,RIMR,SAAD,RIM
3563,5037188,6916.0,8328.0,10260.0,1514094,4872935,1515238,5037187,SAADL,RIML,SAAD,RIM
3564,5037188,6916.0,8328.0,10260.0,1514094,4872935,1513201,4841721,SAADL,RIMR,SAAD,RIM
3565,5037188,6916.0,8328.0,10260.0,1514094,4872935,1515674,4950708,SAADL,AVAL,SAAD,AVA
3566,5037193,8472.0,6076.0,10320.0,1514094,4872925,1513201,4841730,SAADL,RIMR,SAAD,RIM
3567,5037193,8472.0,6076.0,10320.0,1514094,4872925,1515222,4931890,SAADL,SMDVR,SAAD,SMDV
3568,5037193,8472.0,6076.0,10320.0,1514094,4872925,1515674,4950697,SAADL,AVAL,SAAD,AVA
3569,5037190,9240.0,5780.0,10650.0,1514094,4872914,1513201,4841751,SAADL,RIMR,SAAD,RIM
3570,5037190,9240.0,5780.0,10650.0,1514094,4872914,1515222,4931901,SAADL,SMDVR,SAAD,SMDV
3571,5037192,10420.0,5386.0,10830.0,1514094,4872904,1513201,4841757,SAADL,RIMR,SAAD,RIM
3572,5037192,10420.0,5386.0,10830.0,1514094,4872904,1515222,4931921,SAADL,SMDVR,SAAD,SMDV
3573,5037207,16158.0,6148.0,10890.0,1512996,4832452,1515238,4933159,SAADR,RIML,SAAD,RIM
3574,5037207,16158.0,6148.0,10890.0,1512996,4832452,1512870,4826940,SAADR,AVAR,SAAD,AVA
3575,5037205,17390.0,7076.0,10830.0,1512996,4832458,1512870,4826938,SAADR,AVAR,SAAD,AVA
3576,5037205,17390.0,7076.0,10830.0,1512996,4832458,1513201,4841812,SAADR,RIMR,SAAD,RIM
3577,5037209,17098.0,6748.0,10980.0,1512996,4832449,1513201,4841807,SAADR,RIMR,SAAD,RIM
3578,5037209,17098.0,6748.0,10980.0,1512996,4832449,1512870,4826943,SAADR,AVAR,SAAD,AVA
3579,5037204,17814.0,7526.0,10710.0,1512996,4832462,1515238,4933154,SAADR,RIML,SAAD,RIM
3580,5037204,17814.0,7526.0,10710.0,1512996,4832462,1513201,4841816,SAADR,RIMR,SAAD,RIM
3581,5037204,17814.0,7526.0,10710.0,1512996,4832462,1512870,4826951,SAADR,AVAR,SAAD,AVA
3582,5037206,17094.0,6696.0,10830.0,1512996,4832458,1515238,4933157,SAADR,RIML,SAAD,RIM
3583,5037206,17094.0,6696.0,10830.0,1512996,4832458,1512870,4826938,SAADR,AVAR,SAAD,AVA
3584,5037210,14266.0,5372.0,11610.0,1512996,4832438,1513201,4841992,SAADR,RIMR,SAAD,RIM
3585,5037222,8778.0,11622.0,9840.0,1515629,4949019,1515238,4933285,SAAVL,RIML,SAAV,RIM
3586,5037222,8778.0,11622.0,9840.0,1515629,4949019,1515674,4950727,SAAVL,AVAL,SAAV,AVA
3587,5037224,7902.0,10934.0,10200.0,1515629,4949007,1515674,4950715,SAAVL,AVAL,SAAV,AVA
3588,5037224,7902.0,10934.0,10200.0,1515629,4949007,1515238,4933273,SAAVL,RIML,SAAV,RIM
3589,5037225,7656.0,10504.0,10320.0,1515629,4949003,1515238,4933269,SAAVL,RIML,SAAV,RIM
3590,5037225,7656.0,10504.0,10320.0,1515629,4949003,1515674,4950711,SAAVL,AVAL,SAAV,AVA
3591,5037226,7520.0,10306.0,10380.0,1515629,4949383,1515238,4933267,SAAVL,RIML,SAAV,RIM
3592,5037226,7520.0,10306.0,10380.0,1515629,4949383,1515674,5037227,SAAVL,AVAL,SAAV,AVA
3593,5037217,11880.0,13302.0,5940.0,1515629,4949135,1513201,4841542,SAAVL,RIMR,SAAV,RIM
3594,5037219,11238.0,12874.0,7950.0,1515629,4949080,1513201,4841600,SAAVL,RIMR,SAAV,RIM
3595,5037219,11238.0,12874.0,7950.0,1515629,4949080,1515674,4950790,SAAVL,AVAL,SAAV,AVA
3596,5037221,9006.0,11862.0,9660.0,1515629,4949025,1513201,4841656,SAAVL,RIMR,SAAV,RIM
3597,5037221,9006.0,11862.0,9660.0,1515629,4949025,1515674,4950733,SAAVL,AVAL,SAAV,AVA
3598,5037228,11918.0,13597.0,4830.0,1515629,4949169,1513201,4841508,SAAVL,RIMR,SAAV,RIM
3599,5037228,11918.0,13597.0,4830.0,1515629,4949169,1515674,4950894,SAAVL,AVAL,SAAV,AVA
3600,5037228,11918.0,13597.0,4830.0,1515629,4949169,1513587,4858521,SAAVL,RIAR,SAAV,RIA
3601,5037223,8476.0,11376.0,9960.0,1515629,4949015,1513201,4841666,SAAVL,RIMR,SAAV,RIM
3602,5037223,8476.0,11376.0,9960.0,1515629,4949015,1515238,4933281,SAAVL,RIML,SAAV,RIM
3603,5037223,8476.0,11376.0,9960.0,1515629,4949015,1515674,4950723,SAAVL,AVAL,SAAV,AVA
3604,15137556,8619.0,11472.0,9870.0,1515629,4949018,1515674,4950726,SAAVL,AVAL,SAAV,AVA
3605,15137556,8619.0,11472.0,9870.0,1515629,4949018,1513201,4841663,SAAVL,RIMR,SAAV,RIM
3606,5037220,11066.0,12782.0,8640.0,1515629,4949059,1515238,4933323,SAAVL,RIML,SAAV,RIM
3607,5037220,11066.0,12782.0,8640.0,1515629,4949059,1514505,4893200,SAAVL,SMDDR,SAAV,SMDD
3608,5037220,11066.0,12782.0,8640.0,1515629,4949059,1513201,4841622,SAAVL,RIMR,SAAV,RIM
3609,5037229,11654.0,12923.0,7290.0,1515629,4949101,1512996,5037230,SAAVL,SAADR,SAAV,SAAD
3610,5037229,11654.0,12923.0,7290.0,1515629,4949101,1515674,4950812,SAAVL,AVAL,SAAV,AVA
3611,5037218,11840.0,13028.0,6960.0,1515629,4949108,1514505,4893105,SAAVL,SMDDR,SAAV,SMDD
3612,5037218,11840.0,13028.0,6960.0,1515629,4949108,1515674,4950823,SAAVL,AVAL,SAAV,AVA
3613,5037218,11840.0,13028.0,6960.0,1515629,4949108,1512996,4832256,SAAVL,SAADR,SAAV,SAAD
3614,5037234,13490.0,13158.0,5220.0,1513099,4836308,1515238,4932958,SAAVR,RIML,SAAV,RIM
3615,5037234,13490.0,13158.0,5220.0,1513099,4836308,1512870,4827128,SAAVR,AVAR,SAAV,AVA
3616,5037237,14920.0,12182.0,7980.0,1513099,4836223,1515238,4933046,SAAVR,RIML,SAAV,RIM
3617,5037237,14920.0,12182.0,7980.0,1513099,4836223,1512870,4827039,SAAVR,AVAR,SAAV,AVA
3618,5037238,15376.0,11994.0,8280.0,1513099,4836213,1515238,4933056,SAAVR,RIML,SAAV,RIM
3619,5037238,15376.0,11994.0,8280.0,1513099,4836213,1512870,4827030,SAAVR,AVAR,SAAV,AVA
3620,5037242,17650.0,10578.0,9510.0,1513099,4836172,1512870,4826991,SAAVR,AVAR,SAAV,AVA
3621,5037242,17650.0,10578.0,9510.0,1513099,4836172,1515238,4933097,SAAVR,RIML,SAAV,RIM
3622,5037251,15172.0,12103.0,8130.0,1513099,4836218,1515238,4933051,SAAVR,RIML,SAAV,RIM
3623,5037251,15172.0,12103.0,8130.0,1513099,4836218,1512870,4827035,SAAVR,AVAR,SAAV,AVA
3624,5037235,14504.0,12286.0,7560.0,1513099,4836236,1512870,4827053,SAAVR,AVAR,SAAV,AVA
3625,5037235,14504.0,12286.0,7560.0,1513099,4836236,1515238,4933032,SAAVR,RIML,SAAV,RIM
3626,5037235,14504.0,12286.0,7560.0,1513099,4836236,1514284,4879881,SAAVR,SMDDL,SAAV,SMDD
3627,5037239,17076.0,11028.0,9090.0,1513099,4836186,1512870,4827004,SAAVR,AVAR,SAAV,AVA
3628,5037239,17076.0,11028.0,9090.0,1513099,4836186,1514284,4879965,SAAVR,SMDDL,SAAV,SMDD
3629,5037239,17076.0,11028.0,9090.0,1513099,4836186,1515238,4933083,SAAVR,RIML,SAAV,RIM
3630,5037243,18208.0,10062.0,9930.0,1513099,4836158,1512870,4826977,SAAVR,AVAR,SAAV,AVA
3631,5037243,18208.0,10062.0,9930.0,1513099,4836158,1513201,4841842,SAAVR,RIMR,SAAV,RIM
3632,15137557,18249.0,9910.0,9960.0,1513099,4836157,1513201,4841841,SAAVR,RIMR,SAAV,RIM
3633,15137557,18249.0,9910.0,9960.0,1513099,4836157,1512870,4826976,SAAVR,AVAR,SAAV,AVA
3634,5037244,18278.0,9544.0,10140.0,1513099,4836151,1512870,4826970,SAAVR,AVAR,SAAV,AVA
3635,5037244,18278.0,9544.0,10140.0,1513099,4836151,1513201,4841835,SAAVR,RIMR,SAAV,RIM
3636,5037245,18296.0,9196.0,10290.0,1513099,4836146,1512870,4826965,SAAVR,AVAR,SAAV,AVA
3637,5037245,18296.0,9196.0,10290.0,1513099,4836146,1513201,4841830,SAAVR,RIMR,SAAV,RIM
3638,5037246,18188.0,8584.0,10470.0,1513099,4836139,1512870,4826959,SAAVR,AVAR,SAAV,AVA
3639,5037246,18188.0,8584.0,10470.0,1513099,4836139,1513201,4841824,SAAVR,RIMR,SAAV,RIM
3640,5037247,18194.0,8880.0,10410.0,1513099,4836137,1512870,4826961,SAAVR,AVAR,SAAV,AVA
3641,5037247,18194.0,8880.0,10410.0,1513099,4836137,1513201,4841826,SAAVR,RIMR,SAAV,RIM
3642,5037260,14614.0,12194.0,5790.0,1513558,4856743,1514298,4880412,SDQL,RMHR,SDQ,RMH
3643,5037260,14614.0,12194.0,5790.0,1513558,4856743,1514596,4898301,SDQL,SIBVR,SDQ,SIBV
3644,5037264,10872.0,13176.0,6390.0,1514461,4891778,1513468,4852491,SDQR,PVR,SDQ,PVR
3645,5037264,10872.0,13176.0,6390.0,1514461,4891778,1515817,4962688,SDQR,AVBL,SDQ,AVB
3646,5037266,11024.0,13400.0,5730.0,1514461,4891757,1515817,4962710,SDQR,AVBL,SDQ,AVB
3647,5037266,11024.0,13400.0,5730.0,1514461,4891757,1513468,4852513,SDQR,PVR,SDQ,PVR
3648,5037263,10890.0,12654.0,6840.0,1514461,4891795,1515467,4941993,SDQR,RICL,SDQ,RIC
3649,5037263,10890.0,12654.0,6840.0,1514461,4891795,1513153,4840059,SDQR,SIBVL,SDQ,SIBV
3650,5037287,10588.0,6758.0,11370.0,1514866,4914814,1515517,4943562,SMBDL,BWM-DR01,SMBD,BWM01D
3651,5037287,10588.0,6758.0,11370.0,1514866,4914814,1515536,4944038,SMBDL,BWM-DR03,SMBD,BWM03D
3652,5037294,10520.0,6794.0,11820.0,1514866,4914805,1515536,4944053,SMBDL,BWM-DR03,SMBD,BWM03D
3653,5037294,10520.0,6794.0,11820.0,1514866,4914805,1515517,4943577,SMBDL,BWM-DR01,SMBD,BWM01D
3654,5037295,10932.0,6578.0,11640.0,1514866,4914800,1515544,4944290,SMBDL,BWM-DR05,SMBD,BWM05D
3655,5037295,10932.0,6578.0,11640.0,1514866,4914800,1515536,4944047,SMBDL,BWM-DR03,SMBD,BWM03D
3656,5037286,9412.0,7526.0,11310.0,1514866,4914832,1513254,4843074,SMBDL,BWM-DR02,SMBD,BWM02D
3657,5037286,9412.0,7526.0,11310.0,1514866,4914832,1515451,4940870,SMBDL,BWM-DR04,SMBD,BWM04D
3658,5037288,12404.0,6414.0,11550.0,1514866,4914785,1515434,4939848,SMBDL,RMED,SMBD,RMED
3659,5037288,12404.0,6414.0,11550.0,1514866,4914785,1514175,4875541,SMBDL,RMDDL,SMBD,RMDD
3660,5037292,12448.0,6482.0,11430.0,1514866,4914781,1515434,4939852,SMBDL,RMED,SMBD,RMED
3661,5037292,12448.0,6482.0,11430.0,1514866,4914781,1512037,4804536,SMBDL,CEPshDR,SMBD,CEPshD
3662,5037278,6608.0,7714.0,5550.0,1514866,5037279,1513099,5037280,SMBDL,SAAVR,SMBD,SAAV
3663,5037281,6664.0,7752.0,5700.0,1514866,4914989,1513099,4835950,SMBDL,SAAVR,SMBD,SAAV
3664,5037283,6796.0,7522.0,5820.0,1514866,4914985,1513099,4835948,SMBDL,SAAVR,SMBD,SAAV
3665,5037296,13574.0,5994.0,10740.0,1514866,4914753,1514235,4878640,SMBDL,ADAL,SMBD,ADA
3666,5037296,13574.0,5994.0,10740.0,1514866,4914753,1513099,4836104,SMBDL,SAAVR,SMBD,SAAV
3667,5037284,8166.0,7626.0,9210.0,1514866,4914891,1514783,4908420,SMBDL,AVBR,SMBD,AVB
3668,5037284,8166.0,7626.0,9210.0,1514866,4914891,1512459,4805865,SMBDL,ADAR,SMBD,ADA
3669,5037284,8166.0,7626.0,9210.0,1514866,4914891,1515128,4928157,SMBDL,SIBDL,SMBD,SIBD
3670,5037305,16520.0,7272.0,9360.0,1514383,4886168,1515817,4962458,SMBDR,AVBL,SMBD,AVB
3671,5037305,16520.0,7272.0,9360.0,1514383,4886168,1514235,4878668,SMBDR,ADAL,SMBD,ADA
3672,5037312,14248.0,6748.0,11610.0,1514383,4886073,1513354,4846233,SMBDR,BWM-DL01,SMBD,BWM01D
3673,5037312,14248.0,6748.0,11610.0,1514383,4886073,1511943,4800756,SMBDR,BWM-DL03,SMBD,BWM03D
3674,5037313,14292.0,6696.0,11850.0,1514383,4886080,1513354,4846240,SMBDR,BWM-DL01,SMBD,BWM01D
3675,5037313,14292.0,6696.0,11850.0,1514383,4886080,1511943,4800764,SMBDR,BWM-DL03,SMBD,BWM03D
3676,5037314,14436.0,6700.0,11910.0,1514383,4886082,1513354,4846242,SMBDR,BWM-DL01,SMBD,BWM01D
3677,5037314,14436.0,6700.0,11910.0,1514383,4886082,1511943,4800766,SMBDR,BWM-DL03,SMBD,BWM03D
3678,5037318,14480.0,6660.0,11310.0,1514383,4886064,1513354,4846225,SMBDR,BWM-DL01,SMBD,BWM01D
3679,5037318,14480.0,6660.0,11310.0,1514383,4886064,1511943,4800747,SMBDR,BWM-DL03,SMBD,BWM03D
3680,5037309,15728.0,7388.0,11670.0,1514383,5037310,1515330,4936146,SMBDR,BWM-DL04,SMBD,BWM04D
3681,5037307,15652.0,7456.0,11490.0,1514383,5037308,1515425,4939592,SMBDR,BWM-DL02,SMBD,BWM02D
3682,5037307,15652.0,7456.0,11490.0,1514383,5037308,1515330,4936140,SMBDR,BWM-DL04,SMBD,BWM04D
3683,5037306,15600.0,7496.0,11280.0,1514383,4886110,1515425,4939585,SMBDR,BWM-DL02,SMBD,BWM02D
3684,5037306,15600.0,7496.0,11280.0,1514383,4886110,1513309,4844853,SMBDR,GLRDL,SMBD,GLRD
3685,5037306,15600.0,7496.0,11280.0,1514383,4886110,1515330,4936133,SMBDR,BWM-DL04,SMBD,BWM04D
3686,5037311,14052.0,6660.0,11610.0,1514383,4886073,1511943,4800756,SMBDR,BWM-DL03,SMBD,BWM03D
3687,5037311,14052.0,6660.0,11610.0,1514383,4886073,1513322,4845209,SMBDR,BWM-DL05,SMBD,BWM05D
3688,5037315,14148.0,6604.0,11910.0,1514383,4886082,1513322,4845217,SMBDR,BWM-DL05,SMBD,BWM05D
3689,5037315,14148.0,6604.0,11910.0,1514383,4886082,1511943,4800766,SMBDR,BWM-DL03,SMBD,BWM03D
3690,5037317,12876.0,6444.0,11760.0,1514383,4886087,1512532,4811592,SMBDR,RMDVR,SMBD,RMDV
3691,5037317,12876.0,6444.0,11760.0,1514383,4886087,1513309,4844869,SMBDR,GLRDL,SMBD,GLRD
3692,5037317,12876.0,6444.0,11760.0,1514383,4886087,1515434,4939842,SMBDR,RMED,SMBD,RMED
3693,5037301,18611.0,6209.0,6420.0,1514383,4886245,1515629,4948775,SMBDR,SAAVL,SMBD,SAAV
3694,5037303,16913.0,6737.0,7200.0,1514383,4886236,1515629,4948780,SMBDR,SAAVL,SMBD,SAAV
3695,5037304,16813.0,6917.0,7350.0,1514383,4886231,1515629,4948782,SMBDR,SAAVL,SMBD,SAAV
3696,5037316,10892.0,6130.0,10500.0,1514383,4886029,1515629,4948961,SMBDR,SAAVL,SMBD,SAAV
3697,5037316,10892.0,6130.0,10500.0,1514383,4886029,1513099,4836070,SMBDR,SAAVR,SMBD,SAAV
3698,5037335,14610.0,11174.0,8700.0,1515190,4931049,1515128,4928007,SMBVL,SIBDL,SMBV,SIBD
3699,5037335,14610.0,11174.0,8700.0,1515190,4931049,1511952,4801029,SMBVL,BWM-VL01,SMBV,BWM01V
3700,5037335,14610.0,11174.0,8700.0,1515190,4931049,1513939,4865197,SMBVL,BWM-VL03,SMBV,BWM03V
3701,5037334,14446.0,11280.0,8340.0,1515190,4930630,1514253,4878951,SMBVL,BWM-VL05,SMBV,BWM05V
3702,5037334,14446.0,11280.0,8340.0,1515190,4930630,1513939,4865185,SMBVL,BWM-VL03,SMBV,BWM03V
3703,5037334,14446.0,11280.0,8340.0,1515190,4930630,1515128,4928019,SMBVL,SIBDL,SMBV,SIBD
3704,5037334,14446.0,11280.0,8340.0,1515190,4930630,1511952,4801041,SMBVL,BWM-VL01,SMBV,BWM01V
3705,5037338,15662.0,10420.0,10380.0,1515190,4930566,1511914,4800261,SMBVL,BWM-VL02,SMBV,BWM02V
3706,5037338,15662.0,10420.0,10380.0,1515190,4930566,1513636,4860981,SMBVL,BWM-VL04,SMBV,BWM04V
3707,5037337,15560.0,10376.0,10050.0,1515190,4930577,1513975,4867381,SMBVL,GLRL,SMBV,GLRL/R
3708,5037337,15560.0,10376.0,10050.0,1515190,4930577,1511914,4800250,SMBVL,BWM-VL02,SMBV,BWM02V
3709,5037337,15560.0,10376.0,10050.0,1515190,4930577,1513636,4860970,SMBVL,BWM-VL04,SMBV,BWM04V
3710,5037340,15634.0,10446.0,10590.0,1515190,4930561,1513975,4867396,SMBVL,GLRL,SMBV,GLRL/R
3711,5037340,15634.0,10446.0,10590.0,1515190,4930561,1511914,4800268,SMBVL,BWM-VL02,SMBV,BWM02V
3712,5037340,15634.0,10446.0,10590.0,1515190,4930561,1513636,4860988,SMBVL,BWM-VL04,SMBV,BWM04V
3713,5037320,16394.0,17388.0,-2970.0,1515190,4930999,1537690,5037321,SMBVL,hyp,SMBV,hyp
3714,5037320,16394.0,17388.0,-2970.0,1515190,4930999,1512633,4815221,SMBVL,RMEV,SMBV,RMEV
3715,5037323,16267.0,17235.0,-2730.0,1515190,4930991,1512633,4815213,SMBVL,RMEV,SMBV,RMEV
3716,5037325,14542.0,13746.0,2190.0,1515190,4930828,1514094,4872586,SMBVL,SAADL,SMBV,SAAD
3717,5037326,14376.0,13534.0,2250.0,1515190,4930826,1514094,4872588,SMBVL,SAADL,SMBV,SAAD
3718,5037328,14340.0,13342.0,2700.0,1515190,4930814,1514094,4872591,SMBVL,SAADL,SMBV,SAAD
3719,5037330,13710.0,12532.0,5880.0,1515190,4930710,1514094,4872683,SMBVL,SAADL,SMBV,SAAD
3720,5037331,13717.0,12535.0,6210.0,1515190,4930700,1514094,4872694,SMBVL,SAADL,SMBV,SAAD
3721,5037332,13784.0,12258.0,6480.0,1515190,4930691,1514094,4872703,SMBVL,SAADL,SMBV,SAAD
3722,5037342,13726.0,12013.0,6630.0,1515190,5037341,1514094,4872708,SMBVL,SAADL,SMBV,SAAD
3723,5037333,13866.0,11942.0,6780.0,1515190,4930682,1514094,4872713,SMBVL,SAADL,SMBV,SAAD
3724,5037333,13866.0,11942.0,6780.0,1515190,4930682,1511965,4801340,SMBVL,BWM-VL07,SMBV,BWM07V
3725,5037329,13868.0,13040.0,3390.0,1515190,4930792,1514094,4872600,SMBVL,SAADL,SMBV,SAAD
3726,5037329,13868.0,13040.0,3390.0,1515190,4930792,1514749,4906921,SMBVL,RIH,SMBV,RIH
3727,5037329,13868.0,13040.0,3390.0,1515190,4930792,1515875,4966205,SMBVL,RMFL,SMBV,RMF
3728,5037329,13868.0,13040.0,3390.0,1515190,4930792,1513099,4836369,SMBVL,SAAVR,SMBV,SAAV
3729,5037376,11208.0,11688.0,8670.0,1514520,4894173,1514124,4873894,SMBVR,BWM-VR01,SMBV,BWM01V
3730,5037376,11208.0,11688.0,8670.0,1514520,4894173,1514112,4873544,SMBVR,BWM-VR03,SMBV,BWM03V
3731,5037388,11124.0,11667.0,8940.0,1514520,4894165,1514042,4871362,SMBVR,CEPVR,SMBV,CEPV
3732,5037388,11124.0,11667.0,8940.0,1514520,4894165,1514124,4873968,SMBVR,BWM-VR01,SMBV,BWM01V
3733,5037388,11124.0,11667.0,8940.0,1514520,4894165,1514112,4873551,SMBVR,BWM-VR03,SMBV,BWM03V
3734,5037377,10968.0,11696.0,8610.0,1514520,4894174,1514124,4873892,SMBVR,BWM-VR01,SMBV,BWM01V
3735,5037377,10968.0,11696.0,8610.0,1514520,4894174,1514112,4873542,SMBVR,BWM-VR03,SMBV,BWM03V
3736,5037377,10968.0,11696.0,8610.0,1514520,4894174,1514042,4871351,SMBVR,CEPVR,SMBV,CEPV
3737,5037377,10968.0,11696.0,8610.0,1514520,4894174,1514112,4873537,SMBVR,BWM-VR03,SMBV,BWM03V
3738,5037379,11568.0,11856.0,8700.0,1514520,5037380,1514112,4873545,SMBVR,BWM-VR03,SMBV,BWM03V
3739,5037379,11568.0,11856.0,8700.0,1514520,5037380,1514056,4871642,SMBVR,BWM-VR05,SMBV,BWM05V
3740,5037379,11568.0,11856.0,8700.0,1514520,5037380,1512633,4815843,SMBVR,RMEV,SMBV,RMEV
3741,5037384,10368.0,11120.0,9690.0,1514520,4894541,1513851,4862482,SMBVR,BWM-VR02,SMBV,BWM02V
3742,5037384,10368.0,11120.0,9690.0,1514520,4894541,1513838,4862029,SMBVR,BWM-VR04,SMBV,BWM04V
3743,5037384,10368.0,11120.0,9690.0,1514520,4894541,1514150,4874614,SMBVR,BWM-VR06,SMBV,BWM06V
3744,5037362,11186.0,14012.0,3450.0,1514520,4894335,1512996,4832079,SMBVR,SAADR,SMBV,SAAD
3745,5037363,11370.0,13734.0,3630.0,1514520,4894330,1512996,4832077,SMBVR,SAADR,SMBV,SAAD
3746,5037366,11482.0,13532.0,3900.0,1514520,4894321,1512996,4832153,SMBVR,SAADR,SMBV,SAAD
3747,5037368,11138.0,13700.0,3900.0,1514520,4894321,1512996,4832153,SMBVR,SAADR,SMBV,SAAD
3748,5037371,11408.0,13246.0,4380.0,1514520,4894305,1512996,4832155,SMBVR,SAADR,SMBV,SAAD
3749,5037372,11784.0,12804.0,5850.0,1514520,4894258,1512996,4832198,SMBVR,SAADR,SMBV,SAAD
3750,5037372,11784.0,12804.0,5850.0,1514520,4894258,1514436,4890203,SMBVR,SIAVR,SMBV,SIAV
3751,5037374,12040.0,12686.0,5940.0,1514520,4894255,1512031,4803775,SMBVR,excgl,SMBV,excgl
3752,5037374,12040.0,12686.0,5940.0,1514520,4894255,1512996,4832201,SMBVR,SAADR,SMBV,SAAD
3753,5037392,8388.0,6916.0,10830.0,1514284,4880157,1515238,4933207,SMDDL,RIML,SMDD,RIM
3754,5037392,8388.0,6916.0,10830.0,1514284,4880157,1511934,4800615,SMDDL,BWM-DR06,SMDD,BWM06D
3755,5037392,8388.0,6916.0,10830.0,1514284,4880157,1515451,4940854,SMDDL,BWM-DR04,SMDD,BWM04D
3756,5037404,11456.0,5940.0,12930.0,1514284,5037405,1515517,4943704,SMDDL,BWM-DR01,SMDD,BWM01D
3757,5037404,11456.0,5940.0,12930.0,1514284,5037405,1515536,4944088,SMDDL,BWM-DR03,SMDD,BWM03D
3758,5037404,11456.0,5940.0,12930.0,1514284,5037405,1515544,5037406,SMDDL,BWM-DR05,SMDD,BWM05D
3759,5037402,11892.0,6000.0,12810.0,1514284,4880104,1515222,5037403,SMDDL,SMDVR,SMDD,SMDV
3760,5037402,11892.0,6000.0,12810.0,1514284,4880104,1515536,4944084,SMDDL,BWM-DR03,SMDD,BWM03D
3761,5037402,11892.0,6000.0,12810.0,1514284,4880104,1515544,4944352,SMDDL,BWM-DR05,SMDD,BWM05D
3762,5037407,10976.0,5624.0,12240.0,1514284,4880085,1513587,5036396,SMDDL,RIAR,SMDD,RIA
3763,5037407,10976.0,5624.0,12240.0,1514284,4880085,1512616,4814455,SMDDL,CEPDR,SMDD,CEPD
3764,5037400,8988.0,6116.0,11610.0,1514284,4880135,1515912,4968273,SMDDL,RIAL,SMDD,RIA
3765,5037400,8988.0,6116.0,11610.0,1514284,4880135,1513587,4858959,SMDDL,RIAR,SMDD,RIA
3766,5037401,9524.0,5796.0,11790.0,1514284,4880124,1515912,4968261,SMDDL,RIAL,SMDD,RIA
3767,5037401,9524.0,5796.0,11790.0,1514284,4880124,1513587,4858734,SMDDL,RIAR,SMDD,RIA
3768,5037414,11705.0,5716.0,11910.0,1514284,4880073,1513587,4858738,SMDDL,RIAR,SMDD,RIA
3769,5037414,11705.0,5716.0,11910.0,1514284,4880073,1515912,4968257,SMDDL,RIAL,SMDD,RIA
3770,5037436,13224.0,6046.0,12840.0,1514505,4893379,1515536,4944085,SMDDR,BWM-DR03,SMDD,BWM03D
3771,5037436,13224.0,6046.0,12840.0,1514505,4893379,1511943,4800796,SMDDR,BWM-DL03,SMDD,BWM03D
3772,5037436,13224.0,6046.0,12840.0,1514505,4893379,1515517,4943677,SMDDR,BWM-DR01,SMDD,BWM01D
3773,5037436,13224.0,6046.0,12840.0,1514505,4893379,1513354,4846313,SMDDR,BWM-DL01,SMDD,BWM01D
3774,5037437,13068.0,6048.0,12540.0,1514505,4893368,1513322,4845239,SMDDR,BWM-DL05,SMDD,BWM05D
3775,5037437,13068.0,6048.0,12540.0,1514505,4893368,1511943,4800786,SMDDR,BWM-DL03,SMDD,BWM03D
3776,5037433,13562.0,5862.0,13020.0,1514505,4893385,1513286,4844151,SMDDR,CEPDL,SMDD,CEPD
3777,5037433,13562.0,5862.0,13020.0,1514505,4893385,1513354,4846307,SMDDR,BWM-DL01,SMDD,BWM01D
3778,5037433,13562.0,5862.0,13020.0,1514505,4893385,1511943,4800802,SMDDR,BWM-DL03,SMDD,BWM03D
3779,5037433,13562.0,5862.0,13020.0,1514505,4893385,1513322,4845255,SMDDR,BWM-DL05,SMDD,BWM05D
3780,5037416,16790.0,7214.0,11160.0,1514505,4893440,1515330,5037417,SMDDR,BWM-DL04,SMDD,BWM04D
3781,5037416,16790.0,7214.0,11160.0,1514505,4893440,1513201,4841801,SMDDR,RIMR,SMDD,RIM
3782,5037416,16790.0,7214.0,11160.0,1514505,4893440,1515298,4934974,SMDDR,BWM-DL06,SMDD,BWM06D
3783,5037454,14383.0,5504.0,12630.0,1514505,4893371,1513286,4844138,SMDDR,CEPDL,SMDD,CEPD
3784,5037454,14383.0,5504.0,12630.0,1514505,4893371,1515912,4968461,SMDDR,RIAL,SMDD,RIA
3785,5037432,15326.0,5818.0,12300.0,1514505,4893396,1515935,4969238,SMDDR,SMDVL,SMDD,SMDV
3786,5037432,15326.0,5818.0,12300.0,1514505,4893396,1515912,4968234,SMDDR,RIAL,SMDD,RIA
3787,5037432,15326.0,5818.0,12300.0,1514505,4893396,1513587,4858929,SMDDR,RIAR,SMDD,RIA
3788,5037428,15930.0,6248.0,12210.0,1514505,4893399,1515912,4968231,SMDDR,RIAL,SMDD,RIA
3789,5037428,15930.0,6248.0,12210.0,1514505,4893399,1515366,4937109,SMDDR,RMDL,SMDD,RMDL/R
3790,5037428,15930.0,6248.0,12210.0,1514505,4893399,1513587,4858923,SMDDR,RIAR,SMDD,RIA
3791,5037425,15312.0,5496.0,11940.0,1514505,4893408,1515935,4969221,SMDDR,SMDVL,SMDD,SMDV
3792,5037425,15312.0,5496.0,11940.0,1514505,4893408,1513587,4858762,SMDDR,RIAR,SMDD,RIA
3793,5037429,14432.0,5456.0,12240.0,1514505,4893398,1515912,4968240,SMDDR,RIAL,SMDD,RIA
3794,5037429,14432.0,5456.0,12240.0,1514505,4893398,1513587,4858927,SMDDR,RIAR,SMDD,RIA
3795,5037429,14432.0,5456.0,12240.0,1514505,4893398,1515935,4969237,SMDDR,SMDVL,SMDD,SMDV
3796,5037453,13142.0,5563.0,12750.0,1514505,4893376,1515935,4969263,SMDDR,SMDVL,SMDD,SMDV
3797,5037453,13142.0,5563.0,12750.0,1514505,4893376,1512633,4816040,SMDDR,RMEV,SMDD,RMEV
3798,5037465,12228.0,12489.0,9060.0,1515935,4969419,1514112,4873555,SMDVL,BWM-VR03,SMDV,BWM03V
3799,5037465,12228.0,12489.0,9060.0,1515935,4969419,1514042,4871475,SMDVL,CEPVR,SMDV,CEPV
3800,5037463,9276.0,11344.0,10260.0,1515935,4969354,1515366,4937325,SMDVL,RMDL,SMDV,RMDL/R
3801,5037463,9276.0,11344.0,10260.0,1515935,4969354,1514150,4874628,SMDVL,BWM-VR06,SMDV,BWM06V
3802,5037463,9276.0,11344.0,10260.0,1515935,4969354,1513838,4862221,SMDVL,BWM-VR04,SMDV,BWM04V
3803,5037457,11868.0,12680.0,8700.0,1515935,4969429,1515912,4968388,SMDVL,RIAL,SMDV,RIA
3804,5037457,11868.0,12680.0,8700.0,1515935,4969429,1513587,4858634,SMDVL,RIAR,SMDV,RIA
3805,5037458,11296.0,12668.0,9240.0,1515935,4969413,1515912,4968373,SMDVL,RIAL,SMDV,RIA
3806,5037458,11296.0,12668.0,9240.0,1515935,4969413,1513587,4858648,SMDVL,RIAR,SMDV,RIA
3807,5037459,10968.0,12586.0,9600.0,1515935,4969395,1515912,4968362,SMDVL,RIAL,SMDV,RIA
3808,5037459,10968.0,12586.0,9600.0,1515935,4969395,1513587,4858660,SMDVL,RIAR,SMDV,RIA
3809,5037460,10686.0,12528.0,10020.0,1515935,4969382,1515912,4968349,SMDVL,RIAL,SMDV,RIA
3810,5037460,10686.0,12528.0,10020.0,1515935,4969382,1513587,4858673,SMDVL,RIAR,SMDV,RIA
3811,5037460,10686.0,12528.0,10020.0,1515935,4969382,1514042,4871503,SMDVL,CEPVR,SMDV,CEPV
3812,5037462,10408.0,12274.0,10320.0,1515935,4969372,1515912,4968339,SMDVL,RIAL,SMDV,RIA
3813,5037462,10408.0,12274.0,10320.0,1515935,4969372,1514042,4871513,SMDVL,CEPVR,SMDV,CEPV
3814,5037462,10408.0,12274.0,10320.0,1515935,4969372,1513587,4858682,SMDVL,RIAR,SMDV,RIA
3815,5037456,12514.0,12388.0,8790.0,1515935,4969426,1514112,4873548,SMDVL,BWM-VR03,SMDV,BWM03V
3816,5037456,12514.0,12388.0,8790.0,1515935,4969426,1514124,4873956,SMDVL,BWM-VR01,SMDV,BWM01V
3817,5037456,12514.0,12388.0,8790.0,1515935,4969426,1514505,4893167,SMDVL,SMDDR,SMDV,SMDD
3818,5037472,13216.0,12474.0,7770.0,1515222,4932171,1514284,4879888,SMDVR,SMDDL,SMDV,SMDD
3819,5037472,13216.0,12474.0,7770.0,1515222,4932171,1515912,4968091,SMDVR,RIAL,SMDV,RIA
3820,5037469,12820.0,12350.0,7410.0,1515222,4932183,1515912,4968427,SMDVR,RIAL,SMDV,RIA
3821,5037469,12820.0,12350.0,7410.0,1515222,4932183,1513587,4858904,SMDVR,RIAR,SMDV,RIA
3822,5037473,14580.0,12288.0,8640.0,1515222,4932143,1515912,4968120,SMDVR,RIAL,SMDV,RIA
3823,5037473,14580.0,12288.0,8640.0,1515222,4932143,1513587,4858864,SMDVR,RIAR,SMDV,RIA
3824,5037475,15914.0,11768.0,9870.0,1515222,4932578,1515912,4968154,SMDVR,RIAL,SMDV,RIA
3825,5037475,15914.0,11768.0,9870.0,1515222,4932578,1513587,4858831,SMDVR,RIAR,SMDV,RIA
3826,5037474,13596.0,12146.0,8700.0,1515222,4932141,1514284,4879919,SMDVR,SMDDL,SMDV,SMDD
3827,5037474,13596.0,12146.0,8700.0,1515222,4932141,1513939,4865197,SMDVR,BWM-VL03,SMDV,BWM03V
3828,5037474,13596.0,12146.0,8700.0,1515222,4932141,1514253,4878961,SMDVR,BWM-VL05,SMDV,BWM05V
3829,5037474,13596.0,12146.0,8700.0,1515222,4932141,1514124,4873959,SMDVR,BWM-VR01,SMDV,BWM01V
3830,5037474,13596.0,12146.0,8700.0,1515222,4932141,1511952,4800867,SMDVR,BWM-VL01,SMDV,BWM01V
3831,5037480,15200.0,7042.0,13140.0,1515415,4939384,1513354,4846283,URADL,BWM-DL01,URAD,BWM01D
3832,5037480,15200.0,7042.0,13140.0,1515415,4939384,1513035,4833662,URADL,RIPL,URAD,RIP
3833,5037481,15488.0,7280.0,12990.0,1515415,4939379,1513354,4846278,URADL,BWM-DL01,URAD,BWM01D
3834,5037481,15488.0,7280.0,12990.0,1515415,4939379,1515425,4939670,URADL,BWM-DL02,URAD,BWM02D
3835,5037481,15488.0,7280.0,12990.0,1515415,4939379,1513035,4833667,URADL,RIPL,URAD,RIP
3836,5037477,15832.0,7328.0,13290.0,1515415,4939389,1512674,4817304,URADL,RMEL,URAD,RMEL/R
3837,5037477,15832.0,7328.0,13290.0,1515415,4939389,1513035,4833657,URADL,RIPL,URAD,RIP
3838,5037477,15832.0,7328.0,13290.0,1515415,4939389,1515425,4939680,URADL,BWM-DL02,URAD,BWM02D
3839,5037478,16460.0,7712.0,13230.0,1515415,4939404,1513354,5037479,URADL,BWM-DL01,URAD,BWM01D
3840,5037478,16460.0,7712.0,13230.0,1515415,4939404,1515425,4939678,URADL,BWM-DL02,URAD,BWM02D
3841,5037478,16460.0,7712.0,13230.0,1515415,4939404,1512674,4817306,URADL,RMEL,URAD,RMEL/R
3842,5037478,16460.0,7712.0,13230.0,1515415,4939404,1515434,4940150,URADL,RMED,URAD,RMED
3843,5037476,15160.0,6692.0,13920.0,1515415,4939455,1512674,4817329,URADL,RMEL,URAD,RMEL/R
3844,5037476,15160.0,6692.0,13920.0,1515415,4939455,1513354,4846363,URADL,BWM-DL01,URAD,BWM01D
3845,5037476,15160.0,6692.0,13920.0,1515415,4939455,1513035,4833644,URADL,RIPL,URAD,RIP
3846,5037476,15160.0,6692.0,13920.0,1515415,4939455,1511943,4800841,URADL,BWM-DL03,URAD,BWM03D
3847,5037476,15160.0,6692.0,13920.0,1515415,4939455,1512633,4815983,URADL,RMEV,URAD,RMEV
3848,5037476,15160.0,6692.0,13920.0,1515415,4939455,1515434,4940121,URADL,RMED,URAD,RMED
3849,5037485,10070.0,6928.0,12930.0,1513481,4853750,1515588,4946768,URADR,RIPR,URAD,RIP
3850,5037485,10070.0,6928.0,12930.0,1513481,4853750,1515517,4943613,URADR,BWM-DR01,URAD,BWM01D
3851,5037485,10070.0,6928.0,12930.0,1513481,4853750,1513254,4843175,URADR,BWM-DR02,URAD,BWM02D
3852,5037488,10012.0,7000.0,12600.0,1513481,4853739,1513254,4843137,URADR,BWM-DR02,URAD,BWM02D
3853,5037488,10012.0,7000.0,12600.0,1513481,4853739,1515517,4943602,URADR,BWM-DR01,URAD,BWM01D
3854,5037488,10012.0,7000.0,12600.0,1513481,4853739,1512707,4818341,URADR,IL1DR,URAD,IL1D
3855,5037488,10012.0,7000.0,12600.0,1513481,4853739,1515588,4946779,URADR,RIPR,URAD,RIP
3856,5037482,10140.0,6670.0,13380.0,1513481,4853764,1515588,4946873,URADR,RIPR,URAD,RIP
3857,5037482,10140.0,6670.0,13380.0,1513481,4853764,1512756,4819960,URADR,RMER,URAD,RMEL/R
3858,5037482,10140.0,6670.0,13380.0,1513481,4853764,1515517,4943629,URADR,BWM-DR01,URAD,BWM01D
3859,5037490,10252.0,6754.0,13800.0,1513481,4853786,1515434,4939862,URADR,RMED,URAD,RMED
3860,5037490,10252.0,6754.0,13800.0,1513481,4853786,1515517,4943720,URADR,BWM-DR01,URAD,BWM01D
3861,5037490,10252.0,6754.0,13800.0,1513481,4853786,1512633,4816079,URADR,RMEV,URAD,RMEV
3862,5037489,9744.0,7376.0,12600.0,1513481,4853739,1513254,4843137,URADR,BWM-DR02,URAD,BWM02D
3863,5037489,9744.0,7376.0,12600.0,1513481,4853739,1515588,4946779,URADR,RIPR,URAD,RIP
3864,5037487,9700.0,7510.0,12810.0,1513481,4853746,1513254,4843171,URADR,BWM-DR02,URAD,BWM02D
3865,5037487,9700.0,7510.0,12810.0,1513481,4853746,1513254,4843163,URADR,BWM-DR02,URAD,BWM02D
3866,5037487,9700.0,7510.0,12810.0,1513481,4853746,1515588,4946772,URADR,RIPR,URAD,RIP
3867,5037484,9202.0,7922.0,13050.0,1513481,4853790,1515517,4943616,URADR,BWM-DR01,URAD,BWM01D
3868,5037484,9202.0,7922.0,13050.0,1513481,4853790,1515588,4946764,URADR,RIPR,URAD,RIP
3869,5037484,9202.0,7922.0,13050.0,1513481,4853790,1512707,4818729,URADR,IL1DR,URAD,IL1D
3870,5037484,9202.0,7922.0,13050.0,1513481,4853790,1512756,4819945,URADR,RMER,URAD,RMEL/R
3871,5037500,14658.0,11306.0,10050.0,1515622,4948451,1513035,4833544,URAVL,RIPL,URAV,RIP
3872,5037500,14658.0,11306.0,10050.0,1515622,4948451,1511952,4800919,URAVL,BWM-VL01,URAV,BWM01V
3873,5037500,14658.0,11306.0,10050.0,1515622,4948451,1511914,4800337,URAVL,BWM-VL02,URAV,BWM02V
3874,5037494,15867.0,10832.0,11850.0,1515622,4948509,1513035,4833488,URAVL,RIPL,URAV,RIP
3875,5037494,15867.0,10832.0,11850.0,1515622,4948509,1511914,4800430,URAVL,BWM-VL02,URAV,BWM02V
3876,5037494,15867.0,10832.0,11850.0,1515622,4948509,1513947,4865601,URAVL,IL1VL,URAV,IL1V
3877,5037494,15867.0,10832.0,11850.0,1515622,4948509,1512674,4817512,URAVL,RMEL,URAV,RMEL/R
3878,5037497,14582.0,11514.0,10470.0,1515622,4948465,1511952,4800945,URAVL,BWM-VL01,URAV,BWM01V
3879,5037497,14582.0,11514.0,10470.0,1515622,4948465,1513035,4833530,URAVL,RIPL,URAV,RIP
3880,5037496,14796.0,11718.0,11070.0,1515622,4948485,1512633,4814832,URAVL,RMEV,URAV,RMEV
3881,5037496,14796.0,11718.0,11070.0,1515622,4948485,1511952,4801012,URAVL,BWM-VL01,URAV,BWM01V
3882,5037496,14796.0,11718.0,11070.0,1515622,4948485,1512674,4817541,URAVL,RMEL,URAV,RMEL/R
3883,5037496,14796.0,11718.0,11070.0,1515622,4948485,1512532,4811848,URAVL,RMDVR,URAV,RMDV
3884,5037496,14796.0,11718.0,11070.0,1515622,4948485,1513939,4865293,URAVL,BWM-VL03,URAV,BWM03V
3885,5037496,14796.0,11718.0,11070.0,1515622,4948485,1511914,4800357,URAVL,BWM-VL02,URAV,BWM02V
3886,5037493,16308.0,10552.0,12180.0,1515622,4948520,1511914,4800439,URAVL,BWM-VL02,URAV,BWM02V
3887,5037493,16308.0,10552.0,12180.0,1515622,4948520,1515612,4947941,URAVL,IL1L,URAV,IL1L/R
3888,5037493,16308.0,10552.0,12180.0,1515622,4948520,1513947,4865612,URAVL,IL1VL,URAV,IL1V
3889,5037493,16308.0,10552.0,12180.0,1515622,4948520,1512633,4815891,URAVL,RMEV,URAV,RMEV
3890,5037502,10008.0,10510.0,12810.0,1513301,4844540,1512674,4817619,URAVR,RMEL,URAV,RMEL/R
3891,5037502,10008.0,10510.0,12810.0,1513301,4844540,1513254,4843245,URAVR,BWM-DR02,URAV,BWM02D
3892,5037502,10008.0,10510.0,12810.0,1513301,4844540,1513851,4862682,URAVR,BWM-VR02,URAV,BWM02V
3893,5037505,11012.0,11348.0,11280.0,1513301,4844492,1513851,4862535,URAVR,BWM-VR02,URAV,BWM02V
3894,5037505,11012.0,11348.0,11280.0,1513301,4844492,1515588,4946562,URAVR,RIPR,URAV,RIP
3895,5037507,11084.0,11396.0,10950.0,1513301,4844481,1513851,4862525,URAVR,BWM-VR02,URAV,BWM02V
3896,5037507,11084.0,11396.0,10950.0,1513301,4844481,1515588,5037508,URAVR,RIPR,URAV,RIP
3897,5037507,11084.0,11396.0,10950.0,1513301,4844481,1513138,4838141,URAVR,IL1VR,URAV,IL1V
3898,5037503,10510.0,11100.0,12090.0,1513301,4844518,1515588,4946540,URAVR,RIPR,URAV,RIP
3899,5037503,10510.0,11100.0,12090.0,1513301,4844518,1513851,4862639,URAVR,BWM-VR02,URAV,BWM02V
3900,5037503,10510.0,11100.0,12090.0,1513301,4844518,1512756,4820190,URAVR,RMER,URAV,RMEL/R
3901,5037503,10510.0,11100.0,12090.0,1513301,4844518,1512633,4814783,URAVR,RMEV,URAV,RMEV
3902,5037506,11828.0,11816.0,11160.0,1513301,4844488,1513851,4862578,URAVR,BWM-VR02,URAV,BWM02V
3903,5037506,11828.0,11816.0,11160.0,1513301,4844488,1515588,4946565,URAVR,RIPR,URAV,RIP
3904,5037506,11828.0,11816.0,11160.0,1513301,4844488,1514124,4874040,URAVR,BWM-VR01,URAV,BWM01V
3905,5037506,11828.0,11816.0,11160.0,1513301,4844488,1512633,4814822,URAVR,RMEV,URAV,RMEV
3906,5037506,11828.0,11816.0,11160.0,1513301,4844488,1512756,4820377,URAVR,RMER,URAV,RMEL/R
3907,5037504,10842.0,11390.0,12000.0,1513301,4844516,1515588,4946543,URAVR,RIPR,URAV,RIP
3908,5037504,10842.0,11390.0,12000.0,1513301,4844516,1512633,4814786,URAVR,RMEV,URAV,RMEV
3909,5037513,16236.0,7802.0,9120.0,1515317,4935582,1515330,4936069,URBL,BWM-DL04,URB,BWM04D
3910,5037513,16236.0,7802.0,9120.0,1515317,4935582,1513286,4844193,URBL,CEPDL,URB,CEPD
3911,5037513,16236.0,7802.0,9120.0,1515317,4935582,1515298,4934892,URBL,BWM-DL06,URB,BWM06D
3912,5037518,16012.0,7398.0,10350.0,1515317,4935505,1513286,4843990,URBL,CEPDL,URB,CEPD
3913,5037514,16146.0,10162.0,8550.0,1515317,4935431,1513922,4864966,URBL,CEPVL,URB,CEPV
3914,5037516,16154.0,10022.0,8340.0,1515317,4935424,1514235,4878532,URBL,ADAL,URB,ADA
3915,5037516,16154.0,10022.0,8340.0,1515317,4935424,1513468,4852272,URBL,PVR,URB,PVR
3916,5037516,16154.0,10022.0,8340.0,1515317,4935424,1513922,4864955,URBL,CEPVL,URB,CEPV
3917,5037517,15986.0,10242.0,8220.0,1515317,4935420,1513468,4852276,URBL,PVR,URB,PVR
3918,5037517,15986.0,10242.0,8220.0,1515317,4935420,1515366,4936912,URBL,RMDL,URB,RMDL/R
3919,5037517,15986.0,10242.0,8220.0,1515317,4935420,1513922,4864959,URBL,CEPVL,URB,CEPV
3920,5037520,16590.0,8274.0,10110.0,1515317,4935543,1515745,4958900,URBL,SIAVL,URB,SIAV
3921,5037520,16590.0,8274.0,10110.0,1515317,4935543,1515366,4937040,URBL,RMDL,URB,RMDL/R
3922,5037509,16370.0,7988.0,8670.0,1515317,4935595,1512720,4819158,URBL,URXL,URB,URX
3923,5037510,16358.0,8444.0,8670.0,1515317,4935595,1512720,4819083,URBL,URXL,URB,URX
3924,5037510,16358.0,8444.0,8670.0,1515317,4935595,1515612,4947830,URBL,IL1L,URB,IL1L/R
3925,5037522,16366.0,8357.0,9090.0,1515317,5037523,1512720,4819172,URBL,URXL,URB,URX
3926,5037522,16366.0,8357.0,9090.0,1515317,5037523,1515605,5037521,URBL,IL2L,URB,IL2L/R
3927,5037530,8612.0,8320.0,9660.0,1512580,4813183,1512616,4814262,URBR,CEPDR,URB,CEPD
3928,5037524,8434.0,8662.0,8730.0,1512580,4813262,1513552,4856591,URBR,ADER,URB,ADE
3929,5037524,8434.0,8662.0,8730.0,1512580,4813262,1514298,4880864,URBR,RMHR,URB,RMH
3930,5037524,8434.0,8662.0,8730.0,1512580,4813262,1512616,4814508,URBR,CEPDR,URB,CEPD
3931,5037525,8364.0,8796.0,8850.0,1512580,4813258,1513608,4859169,URBR,IL1R,URB,IL1L/R
3932,5037525,8364.0,8796.0,8850.0,1512580,4813258,1512592,4814055,URBR,URXR,URB,URX
3933,5037531,8816.0,9096.0,9900.0,1512580,4813157,1513437,4851118,URBR,IL2R,URB,IL2L/R
3934,5037531,8816.0,9096.0,9900.0,1512580,4813157,1512592,4814088,URBR,URXR,URB,URX
3935,5037531,8816.0,9096.0,9900.0,1512580,4813157,1513608,4859200,URBR,IL1R,URB,IL1L/R
3936,5037527,8552.0,9330.0,9330.0,1512580,4813219,1513608,5037528,URBR,IL1R,URB,IL1L/R
3937,5037527,8552.0,9330.0,9330.0,1512580,4813219,1512592,4814069,URBR,URXR,URB,URX
3938,5037527,8552.0,9330.0,9330.0,1512580,4813219,1512656,4816796,URBR,RICR,URB,RIC
3939,5037527,8552.0,9330.0,9330.0,1512580,4813219,1515467,4941887,URBR,RICL,URB,RIC
3940,5037526,8742.0,9540.0,9180.0,1512580,4813224,1512592,4814015,URBR,URXR,URB,URX
3941,5037526,8742.0,9540.0,9180.0,1512580,4813224,1515467,4941892,URBR,RICL,URB,RIC
3942,5037537,8902.0,9760.0,9000.0,1512580,4813236,1515467,4942065,URBR,RICL,URB,RIC
3943,5037537,8902.0,9760.0,9000.0,1512580,4813236,1512592,4814009,URBR,URXR,URB,URX
3944,5037529,9100.0,10270.0,9390.0,1512580,4813418,1513174,4841061,URBR,RMHL,URB,RMH
3945,5037529,9100.0,10270.0,9390.0,1512580,4813418,1513377,4847947,URBR,RMGR,URB,RMG
3946,5037529,9100.0,10270.0,9390.0,1512580,4813418,1512592,4814048,URBR,URXR,URB,URX
3947,5037535,9328.0,10724.0,9300.0,1512580,4813421,1514042,4871391,URBR,CEPVR,URB,CEPV
3948,5037535,9328.0,10724.0,9300.0,1512580,4813421,1512592,4814030,URBR,URXR,URB,URX
3949,5037535,9328.0,10724.0,9300.0,1512580,4813421,1513174,5037534,URBR,RMHL,URB,RMH
3950,5037556,16844.0,8742.0,8790.0,1512720,4819087,1514235,4878547,URXL,ADAL,URX,ADA
3951,5037556,16844.0,8742.0,8790.0,1512720,4819087,1513618,4859446,URXL,AVEL,URX,AVE
3952,5037551,17764.0,8182.0,8610.0,1512720,4818922,1515794,4961530,URXL,RIR,URX,RIR
3953,5037551,17764.0,8182.0,8610.0,1512720,4818922,1515912,4967702,URXL,RIAL,URX,RIA
3954,15137558,17843.0,8280.0,8610.0,1512720,4818922,1515912,4967702,URXL,RIAL,URX,RIA
3955,15137560,17753.0,7916.0,8520.0,1512720,4818937,1515008,4920983,URXL,AUAL,URX,AUA
3956,15137560,17753.0,7916.0,8520.0,1512720,4818937,1515912,4967699,URXL,RIAL,URX,RIA
3957,15137561,17853.0,8226.0,8520.0,1512720,4818937,1515008,4920983,URXL,AUAL,URX,AUA
3958,15137561,17853.0,8226.0,8520.0,1512720,4818937,1515912,4967699,URXL,RIAL,URX,RIA
3959,15137562,17919.0,8396.0,8520.0,1512720,4818937,1515008,4920983,URXL,AUAL,URX,AUA
3960,15137562,17919.0,8396.0,8520.0,1512720,4818937,1515912,4967699,URXL,RIAL,URX,RIA
3961,5037552,17864.0,8414.0,8610.0,1512720,4818922,1515794,4961530,URXL,RIR,URX,RIR
3962,5037552,17864.0,8414.0,8610.0,1512720,4818922,1515912,4967702,URXL,RIAL,URX,RIA
3963,5037540,16302.0,12660.0,7560.0,1512720,4819019,1515008,4920936,URXL,AUAL,URX,AUA
3964,5037540,16302.0,12660.0,7560.0,1512720,4819019,1515912,4967749,URXL,RIAL,URX,RIA
3965,5037542,16682.0,12214.0,7920.0,1512720,4819007,1515008,4920948,URXL,AUAL,URX,AUA
3966,5037542,16682.0,12214.0,7920.0,1512720,4819007,1515912,4967737,URXL,RIAL,URX,RIA
3967,5037543,16880.0,12092.0,8100.0,1512720,4818994,1515008,4920954,URXL,AUAL,URX,AUA
3968,5037543,16880.0,12092.0,8100.0,1512720,4818994,1515912,4967731,URXL,RIAL,URX,RIA
3969,5037545,18092.0,10444.0,8460.0,1512720,4818941,1515008,4920981,URXL,AUAL,URX,AUA
3970,5037545,18092.0,10444.0,8460.0,1512720,4818941,1515912,4967719,URXL,RIAL,URX,RIA
3971,5037549,17976.0,8660.0,8550.0,1512720,4818936,1515008,4920984,URXL,AUAL,URX,AUA
3972,5037549,17976.0,8660.0,8550.0,1512720,4818936,1515912,4967700,URXL,RIAL,URX,RIA
3973,5037550,17797.0,8048.0,8520.0,1512720,4818937,1515008,4920983,URXL,AUAL,URX,AUA
3974,5037550,17797.0,8048.0,8520.0,1512720,4818937,1515912,4967699,URXL,RIAL,URX,RIA
3975,5037553,17685.0,7826.0,8670.0,1512720,4818920,1515912,4967704,URXL,RIAL,URX,RIA
3976,5037553,17685.0,7826.0,8670.0,1512720,4818920,1515008,4921013,URXL,AUAL,URX,AUA
3977,5037563,18238.0,8936.0,8640.0,1512720,4818924,1515912,4967709,URXL,RIAL,URX,RIA
3978,5037563,18238.0,8936.0,8640.0,1512720,4818924,1515008,4920987,URXL,AUAL,URX,AUA
3979,5037589,16506.0,12445.0,7740.0,1512720,4819013,1515008,4920942,URXL,AUAL,URX,AUA
3980,5037589,16506.0,12445.0,7740.0,1512720,4819013,1515912,4967743,URXL,RIAL,URX,RIA
3981,5037548,18271.0,9452.0,8520.0,1512720,4818937,1515008,4920983,URXL,AUAL,URX,AUA
3982,5037548,18271.0,9452.0,8520.0,1512720,4818937,1515912,5037547,URXL,RIAL,URX,RIA
3983,5037548,18271.0,9452.0,8520.0,1512720,4818937,1515794,4961527,URXL,RIR,URX,RIR
3984,15137563,18211.0,9504.0,8520.0,1512720,4818937,1515912,5037547,URXL,RIAL,URX,RIA
3985,15137563,18211.0,9504.0,8520.0,1512720,4818937,1515794,4961527,URXL,RIR,URX,RIR
3986,5037569,16736.0,11772.0,8280.0,1512720,4818991,1515912,4967725,URXL,RIAL,URX,RIA
3987,5037569,16736.0,11772.0,8280.0,1512720,4818991,1512791,5037566,URXL,RIGL,URX,RIG
3988,5037554,16828.0,8616.0,9150.0,1512720,4819098,1514982,4919923,URXL,AVJR,URX,AVJ
3989,5037554,16828.0,8616.0,9150.0,1512720,4819098,1515467,4941762,URXL,RICL,URX,RIC
3990,5037568,17036.0,11836.0,8280.0,1512720,4818991,1512791,4822511,URXL,RIGL,URX,RIG
3991,5037561,17864.0,10740.0,8910.0,1512720,4818974,1512791,4822490,URXL,RIGL,URX,RIG
3992,5037561,17864.0,10740.0,8910.0,1512720,4818974,1512791,4823469,URXL,RIGL,URX,RIG
3993,5037546,17132.0,8172.0,8430.0,1512720,4818977,1513045,4834006,URXL,RMGL,URX,RMG
3994,5037577,9644.0,13220.0,8760.0,1512592,4813951,1512821,4824079,URXR,AUAR,URX,AUA
3995,5037573,6976.0,9380.0,8610.0,1512592,4813899,1513587,4858254,URXR,RIAR,URX,RIA
3996,5037573,6976.0,9380.0,8610.0,1512592,4813899,1512821,4824111,URXR,AUAR,URX,AUA
3997,5037575,9804.0,13192.0,8700.0,1512592,4813953,1512821,4824077,URXR,AUAR,URX,AUA
3998,5037575,9804.0,13192.0,8700.0,1512592,4813953,1513587,4858302,URXR,RIAR,URX,RIA
3999,5037578,7032.0,9776.0,8820.0,1512592,4813906,1512821,4824083,URXR,AUAR,URX,AUA
4000,5037578,7032.0,9776.0,8820.0,1512592,4813906,1513587,4858263,URXR,RIAR,URX,RIA
4001,5037582,7911.0,11610.0,9120.0,1512592,4813916,1512821,4824097,URXR,AUAR,URX,AUA
4002,5037582,7911.0,11610.0,9120.0,1512592,4813916,1513587,4858283,URXR,RIAR,URX,RIA
4003,15137564,7789.0,11444.0,9120.0,1512592,4813916,1513587,4858283,URXR,RIAR,URX,RIA
4004,15137564,7789.0,11444.0,9120.0,1512592,4813916,1512821,4824097,URXR,AUAR,URX,AUA
4005,15137565,8037.0,11746.0,9120.0,1512592,4813916,1512821,4824097,URXR,AUAR,URX,AUA
4006,15137565,8037.0,11746.0,9120.0,1512592,4813916,1513587,4858283,URXR,RIAR,URX,RIA
4007,5037583,8202.0,11900.0,9120.0,1512592,4813916,1512821,4824094,URXR,AUAR,URX,AUA
4008,5037583,8202.0,11900.0,9120.0,1512592,4813916,1513587,4858283,URXR,RIAR,URX,RIA
4009,5037584,7486.0,10724.0,9120.0,1512592,4813916,1513587,4858273,URXR,RIAR,URX,RIA
4010,5037584,7486.0,10724.0,9120.0,1512592,4813916,1512821,4824097,URXR,AUAR,URX,AUA
4011,15137566,7599.0,11130.0,9150.0,1512592,4813917,1513587,4858282,URXR,RIAR,URX,RIA
4012,15137566,7599.0,11130.0,9150.0,1512592,4813917,1512821,4824097,URXR,AUAR,URX,AUA
4013,15137567,7509.0,10922.0,9150.0,1512592,4813917,1512821,4824097,URXR,AUAR,URX,AUA
4014,15137567,7509.0,10922.0,9150.0,1512592,4813917,1513587,4858282,URXR,RIAR,URX,RIA
4015,5037587,7292.0,10348.0,8970.0,1512592,4813911,1513587,4858268,URXR,RIAR,URX,RIA
4016,5037587,7292.0,10348.0,8970.0,1512592,4813911,1512821,4824088,URXR,AUAR,URX,AUA
4017,5037588,10260.0,13588.0,8430.0,1512592,4813962,1512821,4824068,URXR,AUAR,URX,AUA
4018,5037588,10260.0,13588.0,8430.0,1512592,4813962,1513587,4858311,URXR,RIAR,URX,RIA
4019,5037574,7136.0,9268.0,8550.0,1512592,4813874,1515794,4961815,URXR,RIR,URX,RIR
4020,5037574,7136.0,9268.0,8550.0,1512592,4813874,1512821,4824113,URXR,AUAR,URX,AUA
4021,5037574,7136.0,9268.0,8550.0,1512592,4813874,1513587,4858256,URXR,RIAR,URX,RIA
4022,5037585,7140.0,10220.0,8970.0,1512592,4813911,1513587,4858268,URXR,RIAR,URX,RIA
4023,5037585,7140.0,10220.0,8970.0,1512592,4813911,1515794,4961825,URXR,RIR,URX,RIR
4024,5037585,7140.0,10220.0,8970.0,1512592,4813911,1512821,4824088,URXR,AUAR,URX,AUA
4025,5037572,8108.0,9254.0,8580.0,1512592,4813898,1513959,4865982,URXR,AVER,URX,AVE
4026,5037579,8492.0,9660.0,8970.0,1512592,4814008,1512656,4816784,URXR,RICR,URX,RIC
4027,5037579,8492.0,9660.0,8970.0,1512592,4814008,1512459,4805828,URXR,ADAR,URX,ADA
4028,5037571,8374.0,9022.0,9420.0,1512592,4814072,1515467,4941884,URXR,RICL,URX,RIC
4029,5037571,8374.0,9022.0,9420.0,1512592,4814072,1512656,4816799,URXR,RICR,URX,RIC
4030,5037581,8234.0,11560.0,9420.0,1512592,4813929,1515554,4944440,URXR,RIGR,URX,RIG
4031,5037580,7794.0,10820.0,9360.0,1512592,4813928,1512837,4825241,URXR,PVPR,URX,PVP
4032,5037580,7794.0,10820.0,9360.0,1512592,4813928,1515391,4938588,URXR,AQR,URX,AQR
4033,5037580,7794.0,10820.0,9360.0,1512592,4813928,1515554,4944455,URXR,RIGR,URX,RIG
4034,5037576,9756.0,12868.0,8700.0,1512592,4813953,1513301,4844594,URXR,URAVR,URX,URAV
4035,5037576,9756.0,12868.0,8700.0,1512592,4813953,1515554,4944627,URXR,RIGR,URX,RIG
4036,5037597,16178.0,6432.0,13530.0,1515288,4934802,1512924,4830384,URYDL,RMDVL,URYD,RMDV
4037,5037597,16178.0,6432.0,13530.0,1515288,4934802,1513340,4846105,URYDL,IL1DL,URYD,IL1D
4038,5037594,14664.0,5986.0,13680.0,1515288,4934807,1514065,4872404,URYDL,RMDDR,URYD,RMDD
4039,5037593,14962.0,6184.0,13800.0,1515288,4934810,1512924,4830379,URYDL,RMDVL,URYD,RMDV
4040,5037593,14962.0,6184.0,13800.0,1515288,4934810,1513354,4846374,URYDL,BWM-DL01,URYD,BWM01D
4041,5037593,14962.0,6184.0,13800.0,1515288,4934810,1514065,4872408,URYDL,RMDDR,URYD,RMDD
4042,5037596,13962.0,5904.0,13500.0,1515288,4934801,1514065,4872398,URYDL,RMDDR,URYD,RMDD
4043,5037596,13962.0,5904.0,13500.0,1515288,4934801,1514175,4875709,URYDL,RMDDL,URYD,RMDD
4044,5037605,14290.0,5864.0,13410.0,1515288,4934788,1512924,4830366,URYDL,RMDVL,URYD,RMDV
4045,5037605,14290.0,5864.0,13410.0,1515288,4934788,1514065,4872392,URYDL,RMDDR,URYD,RMDD
4046,5037601,15996.0,5732.0,12480.0,1515288,4934753,1514505,4893366,URYDL,SMDDR,URYD,SMDD
4047,5037598,15600.0,5610.0,12690.0,1515288,4934760,1514505,4893373,URYDL,SMDDR,URYD,SMDD
4048,5037598,15600.0,5610.0,12690.0,1515288,4934760,1513959,4866148,URYDL,AVER,URYD,AVE
4049,5037599,15120.0,5358.0,12720.0,1515288,4934761,1513959,4866147,URYDL,AVER,URYD,AVE
4050,5037599,15120.0,5358.0,12720.0,1515288,4934761,1514505,4893374,URYDL,SMDDR,URYD,SMDD
4051,5037604,13818.0,5816.0,13290.0,1515288,4934797,1513340,4846094,URYDL,IL1DL,URYD,IL1D
4052,5037604,13818.0,5816.0,13290.0,1515288,4934797,1514505,4893394,URYDL,SMDDR,URYD,SMDD
4053,5037600,15630.0,5480.0,12510.0,1515288,4934754,1514505,4893367,URYDL,SMDDR,URYD,SMDD
4054,5037600,15630.0,5480.0,12510.0,1515288,4934754,1515756,4959985,URYDL,RIBL,URYD,RIB
4055,5037602,16218.0,5744.0,12180.0,1515288,4934743,1514505,4893400,URYDL,SMDDR,URYD,SMDD
4056,5037602,16218.0,5744.0,12180.0,1515288,4934743,1515756,4960023,URYDL,RIBL,URYD,RIB
4057,5037603,16008.0,5626.0,12090.0,1515288,4934740,1515756,4959971,URYDL,RIBL,URYD,RIB
4058,5037603,16008.0,5626.0,12090.0,1515288,4934740,1514505,4893403,URYDL,SMDDR,URYD,SMDD
4059,5037618,8224.0,6384.0,12210.0,1513450,4851771,1512616,4814428,URYDR,CEPDR,URYD,CEPD
4060,5037618,8224.0,6384.0,12210.0,1513450,4851771,1513618,4859593,URYDR,AVEL,URYD,AVE
4061,5037617,9476.0,5300.0,12210.0,1513450,4851771,1513618,4859586,URYDR,AVEL,URYD,AVE
4062,5037617,9476.0,5300.0,12210.0,1513450,4851771,1514284,4880117,URYDR,SMDDL,URYD,SMDD
4063,5037622,11200.0,5904.0,13050.0,1513450,4851807,1515536,4944130,URYDR,BWM-DR03,URYD,BWM03D
4064,5037622,11200.0,5904.0,13050.0,1513450,4851807,1515517,4943702,URYDR,BWM-DR01,URYD,BWM01D
4065,5037622,11200.0,5904.0,13050.0,1513450,4851807,1514284,4880111,URYDR,SMDDL,URYD,SMDD
4066,5037614,10338.0,5904.0,13380.0,1513450,4851819,1514175,4875675,URYDR,RMDDL,URYD,RMDD
4067,5037615,10692.0,5776.0,13170.0,1513450,4851803,1514175,4875669,URYDR,RMDDL,URYD,RMDD
4068,5037615,10692.0,5776.0,13170.0,1513450,4851803,1512532,4811556,URYDR,RMDVR,URYD,RMDV
4069,5037616,8348.0,6520.0,12540.0,1513450,4851782,1512741,4819870,URYDR,OLLR,URYD,OLL
4070,5037616,8348.0,6520.0,12540.0,1513450,4851782,1512532,4811526,URYDR,RMDVR,URYD,RMDV
4071,5037616,8348.0,6520.0,12540.0,1513450,4851782,1513618,4860693,URYDR,AVEL,URYD,AVE
4072,5037613,10310.0,6312.0,13440.0,1513450,4851821,1514175,4875677,URYDR,RMDDL,URYD,RMDD
4073,5037613,10310.0,6312.0,13440.0,1513450,4851821,1515517,4943631,URYDR,BWM-DR01,URYD,BWM01D
4074,5037613,10310.0,6312.0,13440.0,1513450,4851821,1513481,4853766,URYDR,URADR,URYD,URAD
4075,5037613,10310.0,6312.0,13440.0,1513450,4851821,1512756,4819958,URYDR,RMER,URYD,RMEL/R
4076,5037611,10950.0,6084.0,13740.0,1513450,4851830,1514065,5037612,URYDR,RMDDR,URYD,RMDD
4077,5037611,10950.0,6084.0,13740.0,1513450,4851830,1512633,4816090,URYDR,RMEV,URYD,RMEV
4078,5037620,8678.0,5854.0,11910.0,1513450,4851762,1512616,4814438,URYDR,CEPDR,URYD,CEPD
4079,5037620,8678.0,5854.0,11910.0,1513450,4851762,1514284,4880120,URYDR,SMDDL,URYD,SMDD
4080,5037619,8938.0,5546.0,11970.0,1513450,4851764,1514284,4880076,URYDR,SMDDL,URYD,SMDD
4081,5037619,8938.0,5546.0,11970.0,1513450,4851764,1513225,4842769,URYDR,RIBR,URYD,RIB
4082,5037621,8674.0,5630.0,11730.0,1513450,4851756,1514284,4880126,URYDR,SMDDL,URYD,SMDD
4083,5037621,8674.0,5630.0,11730.0,1513450,4851756,1513225,4842762,URYDR,RIBR,URYD,RIB
4084,5037632,16728.0,12006.0,11100.0,1515306,4935381,1513959,4866214,URYVL,AVER,URYV,AVE
4085,5037632,16728.0,12006.0,11100.0,1515306,4935381,1515756,4960185,URYVL,RIBL,URYV,RIB
4086,5037625,15916.0,12582.0,7890.0,1515306,4935081,1515912,4967738,URYVL,RIAL,URYV,RIA
4087,5037630,14598.0,12532.0,10260.0,1515306,4935008,1512532,4811794,URYVL,RMDVR,URYV,RMDV
4088,5037630,14598.0,12532.0,10260.0,1515306,4935008,1514175,4875358,URYVL,RMDDL,URYV,RMDD
4089,5037633,14714.0,12132.0,10800.0,1515306,4935371,1514175,4875375,URYVL,RMDDL,URYV,RMDD
4090,5037633,14714.0,12132.0,10800.0,1515306,4935371,1511952,4800955,URYVL,BWM-VL01,URYV,BWM01V
4091,5037633,14714.0,12132.0,10800.0,1515306,4935371,1512532,4811840,URYVL,RMDVR,URYV,RMDV
4092,5037634,14470.0,12416.0,10620.0,1515306,4935365,1512532,4811835,URYVL,RMDVR,URYV,RMDV
4093,5037628,15664.0,12558.0,9480.0,1515306,4935029,1513959,4866266,URYVL,AVER,URYV,AVE
4094,5037628,15664.0,12558.0,9480.0,1515306,4935029,1515222,4932105,URYVL,SMDVR,URYV,SMDV
4095,5037629,15884.0,12338.0,9750.0,1515306,4935021,1515756,4960153,URYVL,RIBL,URYV,RIB
4096,5037629,15884.0,12338.0,9750.0,1515306,4935021,1515222,4932575,URYVL,SMDVR,URYV,SMDV
4097,5037629,15884.0,12338.0,9750.0,1515306,4935021,1513959,4866257,URYVL,AVER,URYV,AVE
4098,5037631,13912.0,12230.0,9360.0,1515306,4934983,1512693,4818297,URYVL,OLLL,URYV,OLL
4099,5037631,13912.0,12230.0,9360.0,1515306,4934983,1515222,4932126,URYVL,SMDVR,URYV,SMDV
4100,5037635,10230.0,12566.0,11280.0,1513526,4856261,1513225,4842496,URYVR,RIBR,URYV,RIB
4101,5037635,10230.0,12566.0,11280.0,1513526,4856261,1513618,4859647,URYVR,AVEL,URYV,AVE
4102,5037637,10262.0,12730.0,10890.0,1513526,4856248,1513225,4842483,URYVR,RIBR,URYV,RIB
4103,5037637,10262.0,12730.0,10890.0,1513526,4856248,1513618,4859660,URYVR,AVEL,URYV,AVE
4104,5037640,10486.0,12918.0,10320.0,1513526,4856229,1513225,4842464,URYVR,RIBR,URYV,RIB
4105,5037640,10486.0,12918.0,10320.0,1513526,4856229,1515935,4969372,URYVR,SMDVL,URYV,SMDV
4106,5037640,10486.0,12918.0,10320.0,1513526,4856229,1513618,4859678,URYVR,AVEL,URYV,AVE
4107,5037642,11242.0,13172.0,9960.0,1513526,4856218,1515935,4969384,URYVR,SMDVL,URYV,SMDV
4108,5037642,11242.0,13172.0,9960.0,1513526,4856218,1513618,4859690,URYVR,AVEL,URYV,AVE
4109,5037644,11280.0,13292.0,9750.0,1513526,4856213,1515935,4969390,URYVR,SMDVL,URYV,SMDV
4110,5037644,11280.0,13292.0,9750.0,1513526,4856213,1513618,4859697,URYVR,AVEL,URYV,AVE
4111,5037641,10696.0,13132.0,10050.0,1513526,4856221,1513225,4842456,URYVR,RIBR,URYV,RIB
4112,5037641,10696.0,13132.0,10050.0,1513526,4856221,1515935,4969381,URYVR,SMDVL,URYV,SMDV
4113,5037648,10988.0,13105.0,9810.0,1513526,5037649,1515935,5037651,URYVR,SMDVL,URYV,SMDV
4114,5037648,10988.0,13105.0,9810.0,1513526,5037649,1513225,4842547,URYVR,RIBR,URYV,RIB
4115,5037638,12470.0,12532.0,10800.0,1513526,4856245,1512924,4830053,URYVR,RMDVL,URYV,RMDV
4116,5037647,13134.0,12160.0,10740.0,1513526,4856291,1512924,4830051,URYVR,RMDVL,URYV,RMDV
4117,5037639,12424.0,12706.0,10410.0,1513526,4856296,1514065,4872526,URYVR,RMDDR,URYV,RMDD
4118,5037639,12424.0,12706.0,10410.0,1513526,4856296,1512924,4830039,URYVR,RMDVL,URYV,RMDV
