,connector_id,x,y,z,pre_skid,pre_node,post_skid,post_node,pre,post,pre_pair,post_pair
0,4508780,39693.0,9429.0,8130.0,1432082,4423197,1426196,4333373,ADAL,RIPL,ADA,RIP
1,4508780,39693.0,9429.0,8130.0,1432082,4423197,1423018,4278581,ADAL,AVBL,ADA,AVB
2,4508707,38627.0,6663.0,8010.0,1432082,4423257,1423018,4278622,ADAL,AVBL,ADA,AVB
3,4508707,38627.0,6663.0,8010.0,1432082,4423257,1434461,4464952,ADAL,AVJR,ADA,AVJ
4,4508952,39162.0,5989.0,7590.0,1432082,4423243,1423195,4282160,ADAL,AVBR,ADA,AVB
5,4508952,39162.0,5989.0,7590.0,1432082,4423243,1426538,4339002,ADAL,AVAL,ADA,AVA
6,4507211,39872.0,8813.0,7950.0,1432082,4423203,1423018,4278588,ADAL,AVBL,ADA,AVB
7,4507211,39872.0,8813.0,7950.0,1432082,4423203,1423265,4284208,ADAL,AVDR,ADA,AVD
8,4508070,40216.0,7619.0,7740.0,1432082,4423210,1423265,4284188,ADAL,AVDR,ADA,AVD
9,4508070,40216.0,7619.0,7740.0,1432082,4423210,1434461,4466139,ADAL,AVJR,ADA,AVJ
10,4505592,39596.0,10665.0,9420.0,1432082,4423138,1432287,4424818,ADAL,RIML,ADA,RIM
11,4508626,39288.0,10855.0,8670.0,1432082,4423174,1420916,4244069,ADAL,AIBR,ADA,AIB
12,4508626,39288.0,10855.0,8670.0,1432082,4423174,1432287,4424843,ADAL,RIML,ADA,RIM
13,4508750,39846.0,10833.0,9600.0,1432082,4423132,1432287,4424812,ADAL,RIML,ADA,RIM
14,4508750,39846.0,10833.0,9600.0,1432082,4423132,1423195,4282271,ADAL,AVBR,ADA,AVB
15,4508972,34951.0,12054.0,12570.0,1435183,4478671,1419924,4226331,ADAR,RIMR,ADA,RIM
16,4508972,34951.0,12054.0,12570.0,1435183,4478671,1423195,4283367,ADAR,AVBR,ADA,AVB
17,4508813,36404.0,10770.0,11850.0,1435183,4478649,1419924,4225885,ADAR,RIMR,ADA,RIM
18,4508813,36404.0,10770.0,11850.0,1435183,4478649,1429313,4377721,ADAR,AVEL,ADA,AVE
19,4508573,31957.0,9121.0,12570.0,1435183,4478501,1431222,4408090,ADAR,AVJL,ADA,AVJ
20,4504491,33599.0,5645.0,11640.0,1435183,4478565,1431222,4408058,ADAR,AVJL,ADA,AVJ
21,4509472,32545.0,9689.0,12540.0,1435183,4478500,1423195,4281987,ADAR,AVBR,ADA,AVB
22,4509472,32545.0,9689.0,12540.0,1435183,4478500,1431222,4408091,ADAR,AVJL,ADA,AVJ
23,4508835,36296.0,10617.0,12030.0,1435183,4478465,1431939,4420905,ADAR,RICL,ADA,RIC
24,4497194,33994.0,5334.0,11160.0,1435183,4478581,1423018,4278725,ADAR,AVBL,ADA,AVB
25,4497194,33994.0,5334.0,11160.0,1435183,4478581,1426227,4333997,ADAR,RIPR,ADA,RIP
26,4508954,32846.0,9888.0,12420.0,1435183,4478496,1430218,4390190,ADAR,OLQVR,ADA,OLQV
27,4508954,32846.0,9888.0,12420.0,1435183,4478496,1423195,4281991,ADAR,AVBR,ADA,AVB
28,4508954,32846.0,9888.0,12420.0,1435183,4478496,1426227,4333944,ADAR,RIPR,ADA,RIP
29,4505720,33712.0,5296.0,11040.0,1435183,4478585,1426227,4333993,ADAR,RIPR,ADA,RIP
30,4505720,33712.0,5296.0,11040.0,1435183,4478585,1434794,4472164,ADAR,RICR,ADA,RIC
31,4505720,33712.0,5296.0,11040.0,1435183,4478585,1424441,4303535,ADAR,URADR,ADA,URAD
32,4509202,40033.0,10983.0,9990.0,1432038,4422462,1434361,4464583,ADEL,AVAR,ADE,AVA
33,4509170,42479.0,12352.0,10290.0,1432038,4422435,1434361,4463593,ADEL,AVAR,ADE,AVA
34,4509170,42479.0,12352.0,10290.0,1432038,4422435,1423265,4284295,ADEL,AVDR,ADE,AVD
35,4509167,39179.0,10726.0,10080.0,1432038,4422465,1420804,4241607,ADEL,AVKL,ADE,AVK
36,4509162,42912.0,12393.0,9840.0,1432038,4422580,1432008,4422218,ADEL,SAADL,ADE,SAAD
37,4509162,42912.0,12393.0,9840.0,1432038,4422580,1428546,4367791,ADEL,RIGL,ADE,RIG
38,4509158,39895.0,9238.0,7500.0,1432038,4422551,1420582,4236589,ADEL,RIS,ADE,RIS
39,4509289,37421.0,12797.0,13290.0,1435146,4478085,1434531,4467810,ADER,AQR,ADE,AQR
40,4509304,37443.0,13109.0,13020.0,1435146,4478098,1426538,4339282,ADER,AVAL,ADE,AVA
41,4509281,37201.0,12519.0,13230.0,1435146,4478083,1434531,4467813,ADER,AQR,ADE,AQR
42,4509281,37201.0,12519.0,13230.0,1435146,4478083,1429497,4380159,ADER,RIGR,ADE,RIG
43,4509339,38124.0,11305.0,12030.0,1435146,4478054,1429497,4380198,ADER,RIGR,ADE,RIG
44,4496761,40026.0,11236.0,9360.0,1431605,4414999,1427938,4359960,ADFL,RIAL,ADF,RIA
45,4496761,40026.0,11236.0,9360.0,1431605,4414999,1432082,4423140,ADFL,ADAL,ADF,ADA
46,4509274,36488.0,4123.0,9300.0,1431605,4415155,1427225,4350545,ADFL,AUAL,ADF,AUA
47,4509274,36488.0,4123.0,9300.0,1431605,4415155,1432129,4423877,ADFL,AIZL,ADF,AIZ
48,4509274,36488.0,4123.0,9300.0,1431605,4415155,1432620,4432276,ADFL,ADFR,ADF,ADF
49,4509394,40977.0,6912.0,7020.0,1431605,4415202,1432129,4423912,ADFL,AIZL,ADF,AIZ
50,4509402,40951.0,6524.0,7080.0,1431605,4415200,1427938,4359798,ADFL,RIAL,ADF,RIA
51,4509402,40951.0,6524.0,7080.0,1431605,4415200,1427225,4350452,ADFL,AUAL,ADF,AUA
52,4509402,40951.0,6524.0,7080.0,1431605,4415200,1432129,4423799,ADFL,AIZL,ADF,AIZ
53,4509439,40255.0,11431.0,8100.0,1431605,4415040,1432129,4423733,ADFL,AIZL,ADF,AIZ
54,4509439,40255.0,11431.0,8100.0,1431605,4415040,1427938,4359872,ADFL,RIAL,ADF,RIA
55,4509479,39994.0,11437.0,8670.0,1431605,4415022,1432129,4423939,ADFL,AIZL,ADF,AIZ
56,4509479,39994.0,11437.0,8670.0,1431605,4415022,1423691,4291830,ADFL,SMBVL,ADF,SMBV
57,4509479,39994.0,11437.0,8670.0,1431605,4415022,1427938,4359891,ADFL,RIAL,ADF,RIA
58,4509408,41109.0,9538.0,7290.0,1431605,4415067,1428429,4367322,ADFL,AFDL,ADF,AFD
59,4509408,41109.0,9538.0,7290.0,1431605,4415067,1432129,4423767,ADFL,AIZL,ADF,AIZ
60,4509324,34596.0,4127.0,10110.0,1431605,4415181,1419924,4226050,ADFL,RIMR,ADF,RIM
61,4509324,34596.0,4127.0,10110.0,1431605,4415181,1423522,4290240,ADFL,AIZR,ADF,AIZ
62,4509430,41073.0,10460.0,7740.0,1431605,4415052,1427225,4350404,ADFL,AUAL,ADF,AUA
63,4509430,41073.0,10460.0,7740.0,1431605,4415052,1427938,4359860,ADFL,RIAL,ADF,RIA
64,4496755,40222.0,11361.0,9360.0,1431605,4414999,1427514,4354050,ADFL,ASHL,ADF,ASH
65,4496755,40222.0,11361.0,9360.0,1431605,4414999,1432082,4423140,ADFL,ADAL,ADF,ADA
66,4496748,39988.0,11526.0,8910.0,1431605,4415014,1423691,4291822,ADFL,SMBVL,ADF,SMBV
67,4496748,39988.0,11526.0,8910.0,1431605,4415014,1427938,4359899,ADFL,RIAL,ADF,RIA
68,4496778,40330.0,11635.0,9780.0,1431605,4414985,1427938,4359947,ADFL,RIAL,ADF,RIA
69,4496778,40330.0,11635.0,9780.0,1431605,4414985,1423691,4291766,ADFL,SMBVL,ADF,SMBV
70,4496911,30981.0,10187.0,13440.0,1432620,4432131,1423522,4290116,ADFR,AIZR,ADF,AIZ
71,4503190,33355.0,5381.0,12270.0,1432620,4432180,1428983,4373645,ADFR,AIAR,ADF,AIA
72,4503190,33355.0,5381.0,12270.0,1432620,4432180,1423522,4290171,ADFR,AIZR,ADF,AIZ
73,4496845,34816.0,3847.0,10140.0,1432620,4432249,1436071,4493953,ADFR,AUAR,ADF,AUA
74,4496845,34816.0,3847.0,10140.0,1432620,4432249,1431605,4415182,ADFR,ADFL,ADF,ADF
75,4496845,34816.0,3847.0,10140.0,1432620,4432249,1423522,4290239,ADFR,AIZR,ADF,AIZ
76,5067200,36055.0,11347.0,12270.0,1432620,4432093,1423522,4290035,ADFR,AIZR,ADF,AIZ
77,5067200,36055.0,11347.0,12270.0,1432620,4432093,1427586,4354420,ADFR,RIAR,ADF,RIA
78,4496849,33794.0,4710.0,11400.0,1432620,4432208,1419707,4223522,ADFR,RIR,ADF,RIR
79,4496849,33794.0,4710.0,11400.0,1432620,4432208,1423522,4290198,ADFR,AIZR,ADF,AIZ
80,4496882,36824.0,11433.0,12270.0,1432620,4432093,1427586,4354470,ADFR,RIAR,ADF,RIA
81,4496907,32439.0,11678.0,12960.0,1432620,4432115,1427586,4354398,ADFR,RIAR,ADF,RIA
82,4496938,37110.0,11616.0,12210.0,1432620,4432091,1427586,4354468,ADFR,RIAR,ADF,RIA
83,4496946,33143.0,12025.0,12630.0,1432620,4432104,1427586,4354409,ADFR,RIAR,ADF,RIA
84,4496896,35783.0,11151.0,12270.0,1432620,4432093,1427586,4354420,ADFR,RIAR,ADF,RIA
85,4496896,35783.0,11151.0,12270.0,1432620,4432093,1421515,4253593,ADFR,SMBVR,ADF,SMBV
86,4503187,32979.0,12046.0,12720.0,1432620,4432107,1425750,4325004,ADFR,URXR,ADF,URX
87,4496943,33329.0,11985.0,12420.0,1432620,4432097,1429497,4380253,ADFR,RIGR,ADF,RIG
88,4497540,41135.0,7935.0,7380.0,1422667,4273898,1431482,4411962,ADLL,AIBL,ADL,AIB
89,4497540,41135.0,7935.0,7380.0,1422667,4273898,1432082,4423222,ADLL,ADAL,ADL,ADA
90,4497353,41407.0,7218.0,7320.0,1422667,4273905,1419826,4225524,ADLL,AIAL,ADL,AIA
91,4497353,41407.0,7218.0,7320.0,1422667,4273905,1421261,4248953,ADLL,ASKL,ADL,ASK
92,4497354,41245.0,6820.0,7320.0,1422667,4273905,1421261,4248953,ADLL,ASKL,ADL,ASK
93,4497354,41245.0,6820.0,7320.0,1422667,4273905,1419826,4225524,ADLL,AIAL,ADL,AIA
94,4497572,41254.0,7458.0,7260.0,1422667,4273902,1419826,4225522,ADLL,AIAL,ADL,AIA
95,4497490,36806.0,3825.0,9750.0,1422667,4273861,1419826,4225605,ADLL,AIAL,ADL,AIA
96,4497490,36806.0,3825.0,9750.0,1422667,4273861,1427072,4348645,ADLL,AWCL,ADL,AWC
97,4497490,36806.0,3825.0,9750.0,1422667,4273861,1421261,4249033,ADLL,ASKL,ADL,ASK
98,4497516,37996.0,4979.0,8880.0,1422667,4273832,1419826,4225576,ADLL,AIAL,ADL,AIA
99,4497516,37996.0,4979.0,8880.0,1422667,4273832,1427072,4348616,ADLL,AWCL,ADL,AWC
100,4497342,41155.0,7664.0,7380.0,1422667,4273898,1421261,4248951,ADLL,ASKL,ADL,ASK
101,4497342,41155.0,7664.0,7380.0,1422667,4273898,1432082,4423222,ADLL,ADAL,ADL,ADA
102,4497336,41307.0,8194.0,7350.0,1422667,4273899,1419826,4225501,ADLL,AIAL,ADL,AIA
103,4497336,41307.0,8194.0,7350.0,1422667,4273899,1431482,4411958,ADLL,AIBL,ADL,AIB
104,4497575,41471.0,8247.0,7500.0,1422667,4273919,1427514,4354206,ADLL,ASHL,ADL,ASH
105,4497575,41471.0,8247.0,7500.0,1422667,4273919,1431482,4411952,ADLL,AIBL,ADL,AIB
106,4497575,41471.0,8247.0,7500.0,1422667,4273919,1423265,4284204,ADLL,AVDR,ADL,AVD
107,4497326,40653.0,7745.0,8010.0,1422667,4273776,1429910,4385141,ADLL,ASJL,ADL,ASJ
108,4497352,41273.0,7554.0,7290.0,1422667,4273901,1421261,4249057,ADLL,ASKL,ADL,ASK
109,4497450,40942.0,8545.0,7680.0,1422667,4273925,1426538,4338979,ADLL,AVAL,ADL,AVA
110,4497450,40942.0,8545.0,7680.0,1422667,4273925,1426538,4338964,ADLL,AVAL,ADL,AVA
111,4497831,40851.0,8332.0,7620.0,1422667,4273923,1423265,4284198,ADLL,AVDR,ADL,AVD
112,4497831,40851.0,8332.0,7620.0,1422667,4273923,1426538,4338985,ADLL,AVAL,ADL,AVA
113,4497363,40673.0,5620.0,7410.0,1422667,4273912,1422841,4277326,ADLL,OLLL,ADL,OLL
114,4497363,40673.0,5620.0,7410.0,1422667,4273912,1430060,4386459,ADLL,AVDL,ADL,AVD
115,4497362,40669.0,5514.0,7410.0,1422667,4273912,1430060,4386459,ADLL,AVDL,ADL,AVD
116,4497362,40669.0,5514.0,7410.0,1422667,4273912,1431222,4407922,ADLL,AVJL,ADL,AVJ
117,4497642,31789.0,9475.0,13320.0,1430370,4393260,1420916,15137510,ADLR,AIBR,ADL,AIB
118,4497642,31789.0,9475.0,13320.0,1430370,4393260,1428983,4373579,ADLR,AIAR,ADL,AIA
119,4497674,31103.0,8605.0,13770.0,1430370,4393244,1428983,4373596,ADLR,AIAR,ADL,AIA
120,4497674,31103.0,8605.0,13770.0,1430370,4393244,1423838,4295452,ADLR,AWCR,ADL,AWC
121,4497789,31011.0,9109.0,13890.0,1430370,4393248,1420916,4244162,ADLR,AIBR,ADL,AIB
122,4497689,31123.0,9097.0,13830.0,1430370,4393251,1428983,4373598,ADLR,AIAR,ADL,AIA
123,4497689,31123.0,9097.0,13830.0,1430370,4393251,1420916,4244160,ADLR,AIBR,ADL,AIB
124,4497578,35702.0,3932.0,10590.0,1430370,4393199,1428983,4373704,ADLR,AIAR,ADL,AIA
125,4497578,35702.0,3932.0,10590.0,1430370,4393199,1429400,4379112,ADLR,ASKR,ADL,ASK
126,4497578,35702.0,3932.0,10590.0,1430370,4393199,1420916,4243871,ADLR,AIBR,ADL,AIB
127,4497659,31857.0,9957.0,13350.0,1430370,4393261,1425511,4321001,ADLR,ASHR,ADL,ASH
128,4497659,31857.0,9957.0,13350.0,1430370,4393261,1420916,4243757,ADLR,AIBR,ADL,AIB
129,4497733,35530.0,4276.0,10830.0,1430370,4393191,1429400,4379104,ADLR,ASKR,ADL,ASK
130,4497638,31767.0,9500.0,12990.0,1430370,4393121,1434361,4464638,ADLR,AVAR,ADL,AVA
131,4497638,31767.0,9500.0,12990.0,1430370,4393121,1434361,4464650,ADLR,AVAR,ADL,AVA
132,4497723,31827.0,9655.0,12900.0,1430370,4393216,1425511,4321009,ADLR,ASHR,ADL,ASH
133,4497723,31827.0,9655.0,12900.0,1430370,4393216,1434361,4464635,ADLR,AVAR,ADL,AVA
134,4497723,31827.0,9655.0,12900.0,1430370,4393216,1434361,4464653,ADLR,AVAR,ADL,AVA
135,4497611,31819.0,6754.0,12570.0,1430370,4393135,1434461,4464807,ADLR,AVJR,ADL,AVJ
136,4497611,31819.0,6754.0,12570.0,1430370,4393135,1423265,4283989,ADLR,AVDR,ADL,AVD
137,4497934,40419.0,5456.0,6990.0,1428429,4367471,1431149,4407620,AFDL,AIYL,AFD,AIY
138,4497985,36984.0,3763.0,9120.0,1428429,4367437,1431149,4407689,AFDL,AIYL,AFD,AIY
139,5067205,41655.0,9509.0,7110.0,1428429,4367328,1431149,4407594,AFDL,AIYL,AFD,AIY
140,4497972,40435.0,11615.0,8250.0,1428429,4367290,1432129,4423728,AFDL,AIZL,AFD,AIZ
141,4497972,40435.0,11615.0,8250.0,1428429,4367290,1431149,4407554,AFDL,AIYL,AFD,AIY
142,4497913,42350.0,8720.0,6720.0,1428429,4367352,1431149,4407723,AFDL,AIYL,AFD,AIY
143,4497925,41947.0,9511.0,6990.0,1428429,4367332,1431149,4407598,AFDL,AIYL,AFD,AIY
144,4497925,41947.0,9511.0,6990.0,1428429,4367332,1423730,4293022,AFDL,BAGR,AFD,BAG
145,4498019,34382.0,3758.0,10860.0,1420462,4234687,1419980,4226709,AFDR,AIYR,AFD,AIY
146,4498041,32834.0,5243.0,12360.0,1420462,4234638,1419980,4226660,AFDR,AIYR,AFD,AIY
147,4498071,30277.0,9505.0,13920.0,1420462,4234584,1419980,4226605,AFDR,AIYR,AFD,AIY
148,4498046,32879.0,11740.0,13050.0,1420462,4234555,1419980,4226576,AFDR,AIYR,AFD,AIY
149,4498046,32879.0,11740.0,13050.0,1420462,4234555,1430425,4394196,AFDR,AWAR,AFD,AWA
150,4498055,31051.0,10519.0,13680.0,1420462,4234576,1419980,4226597,AFDR,AIYR,AFD,AIY
151,4503823,41625.0,8382.0,7320.0,1419826,4225502,1431482,4411959,AIAL,AIBL,AIA,AIB
152,4503896,41324.0,11862.0,9060.0,1419826,4225444,1427514,4354060,AIAL,ASHL,AIA,ASH
153,4503896,41324.0,11862.0,9060.0,1419826,4225444,1431482,4411894,AIAL,AIBL,AIA,AIB
154,4503836,41563.0,8048.0,7350.0,1419826,4225501,1421261,4248952,AIAL,ASKL,AIA,ASK
155,4503836,41563.0,8048.0,7350.0,1419826,4225501,1431482,4411962,AIAL,AIBL,AIA,AIB
156,4503829,41525.0,8746.0,7380.0,1419826,4225500,1431482,4411957,AIAL,AIBL,AIA,AIB
157,4503874,37160.0,4385.0,9360.0,1419826,4225592,1426397,4336945,AIAL,AWAL,AIA,AWA
158,4503874,37160.0,4385.0,9360.0,1419826,4225592,1431482,4412049,AIAL,AIBL,AIA,AIB
159,4503841,40227.0,5770.0,7410.0,1419826,4225614,1423838,4295659,AIAL,AWCR,AIA,AWC
160,4503841,40227.0,5770.0,7410.0,1419826,4225614,1427072,4348567,AIAL,AWCL,AIA,AWC
161,4503841,40227.0,5770.0,7410.0,1419826,4225614,1431482,4411986,AIAL,AIBL,AIA,AIB
162,4503861,37918.0,4761.0,8730.0,1419826,4225571,1427072,4348611,AIAL,AWCL,AIA,AWC
163,4503861,37918.0,4761.0,8730.0,1419826,4225571,1423838,4295615,AIAL,AWCR,AIA,AWC
164,4503861,37918.0,4761.0,8730.0,1419826,4225571,1431482,4412028,AIAL,AIBL,AIA,AIB
165,4503851,38156.0,4865.0,8460.0,1419826,4225562,1423838,4295624,AIAL,AWCR,AIA,AWC
166,4503851,38156.0,4865.0,8460.0,1419826,4225562,1431482,4412020,AIAL,AIBL,AIA,AIB
167,4503905,41214.0,12349.0,9600.0,1419826,4225426,1431482,4411876,AIAL,AIBL,AIA,AIB
168,4503905,41214.0,12349.0,9600.0,1419826,4225426,1429073,4374562,AIAL,RIFR,AIA,RIF
169,4503952,31861.0,9809.0,13500.0,1428983,4373587,1420916,4243762,AIAR,AIBR,AIA,AIB
170,4501532,30717.0,8101.0,13470.0,1428983,4373606,1423522,4290131,AIAR,AIZR,AIA,AIZ
171,4501532,30717.0,8101.0,13470.0,1428983,4373606,1420916,4243777,AIAR,AIBR,AIA,AIB
172,4503941,34525.0,4349.0,11220.0,1428983,4373683,1420916,4244153,AIAR,AIBR,AIA,AIB
173,4503941,34525.0,4349.0,11220.0,1428983,4373683,1423522,4290204,AIAR,AIZR,AIA,AIZ
174,4507788,35296.0,4318.0,10890.0,1428983,4373694,1420916,4243861,AIAR,AIBR,AIA,AIB
175,4507788,35296.0,4318.0,10890.0,1428983,4373694,1429400,4379102,AIAR,ASKR,AIA,ASK
176,4498844,35398.0,3533.0,10470.0,1428983,4373707,1429400,4379115,AIAR,ASKR,AIA,ASK
177,4498844,35398.0,3533.0,10470.0,1428983,4373707,1420916,4243874,AIAR,AIBR,AIA,AIB
178,4503989,31059.0,8987.0,13800.0,1428983,4373597,1420916,4244159,AIAR,AIBR,AIA,AIB
179,4503989,31059.0,8987.0,13800.0,1428983,4373597,1423838,4295451,AIAR,AWCR,AIA,AWC
180,4503993,31242.0,9134.0,13830.0,1428983,4373598,1430370,4393251,AIAR,ADLR,AIA,ADL
181,4503993,31242.0,9134.0,13830.0,1428983,4373598,1420916,4244160,AIAR,AIBR,AIA,AIB
182,4501429,35299.0,12638.0,12840.0,1428983,4373561,1430112,4387831,AIAR,RIFL,AIA,RIF
183,4501429,35299.0,12638.0,12840.0,1428983,4373561,1420916,4243740,AIAR,AIBR,AIA,AIB
184,4507441,29793.0,8251.0,13170.0,1431482,4412257,1423018,4278790,AIBL,AVBL,AIB,AVB
185,4507383,32264.0,5375.0,12270.0,1431482,4412144,1422520,4271708,AIBL,RIBR,AIB,RIB
186,4507445,29721.0,8723.0,13350.0,1431482,4412263,1423018,4279917,AIBL,AVBL,AIB,AVB
187,4507445,29721.0,8723.0,13350.0,1431482,4412263,1419924,4225945,AIBL,RIMR,AIB,RIM
188,15137504,29724.0,8815.0,13410.0,1431482,4412265,1419924,4225943,AIBL,RIMR,AIB,RIM
189,15137504,29724.0,8815.0,13410.0,1431482,4412265,1422520,4271671,AIBL,RIBR,AIB,RIB
190,4507410,30215.0,9146.0,13230.0,1431482,4412259,1423018,4279913,AIBL,AVBL,AIB,AVB
191,4507410,30215.0,9146.0,13230.0,1431482,4412259,1419924,4225935,AIBL,RIMR,AIB,RIM
192,4504130,33862.0,3941.0,10020.0,1431482,4412071,1432008,4421716,AIBL,SAADL,AIB,SAAD
193,4504130,33862.0,3941.0,10020.0,1431482,4412071,1419924,4226053,AIBL,RIMR,AIB,RIM
194,4504143,33392.0,4468.0,10740.0,1431482,4412094,1429685,4382966,AIBL,SMDVR,AIB,SMDV
195,4504143,33392.0,4468.0,10740.0,1431482,4412094,1419924,4226030,AIBL,RIMR,AIB,RIM
196,4504164,32984.0,4242.0,11040.0,1431482,4412104,1429685,4382952,AIBL,SMDVR,AIB,SMDV
197,4504164,32984.0,4242.0,11040.0,1431482,4412104,1419924,4226020,AIBL,RIMR,AIB,RIM
198,4504180,32818.0,4608.0,11250.0,1431482,4412111,1429685,4382945,AIBL,SMDVR,AIB,SMDV
199,4504180,32818.0,4608.0,11250.0,1431482,4412111,1419924,4226013,AIBL,RIMR,AIB,RIM
200,4507376,35771.0,10575.0,11610.0,1431482,4412202,1419924,4225893,AIBL,RIMR,AIB,RIM
201,4507376,35771.0,10575.0,11610.0,1431482,4412202,1425912,4328684,AIBL,SMDDR,AIB,SMDD
202,4500794,35800.0,10566.0,11490.0,1431482,4412206,1427461,4352992,AIBL,RIVL,AIB,RIV
203,4500794,35800.0,10566.0,11490.0,1431482,4412206,1432287,4425184,AIBL,RIML,AIB,RIM
204,4500794,35800.0,10566.0,11490.0,1431482,4412206,1425912,4328680,AIBL,SMDDR,AIB,SMDD
205,4507375,36165.0,10667.0,11580.0,1431482,4412203,1425912,4328683,AIBL,SMDDR,AIB,SMDD
206,4507375,36165.0,10667.0,11580.0,1431482,4412203,1419924,4225894,AIBL,RIMR,AIB,RIM
207,4498912,40405.0,8386.0,7020.0,1420916,4244010,1423195,4282185,AIBR,AVBR,AIB,AVB
208,4498587,41032.0,7858.0,6690.0,1420916,4244119,1423195,4283359,AIBR,AVBR,AIB,AVB
209,4498587,41032.0,7858.0,6690.0,1420916,4244119,1432287,4425212,AIBR,RIML,AIB,RIM
210,4498425,41166.0,8381.0,6600.0,1420916,4244122,1423195,4283362,AIBR,AVBR,AIB,AVB
211,4498425,41166.0,8381.0,6600.0,1420916,4244122,1419530,4221357,AIBR,RIBL,AIB,RIB
212,4498752,40775.0,7197.0,6690.0,1420916,4244119,1419530,4221573,AIBR,RIBL,AIB,RIB
213,5392787,39598.0,5607.0,6960.0,1420916,4243990,1419530,4221370,AIBR,RIBL,AIB,RIB
214,4498525,40404.0,7084.0,6840.0,1420916,4244114,1423195,4283354,AIBR,AVBR,AIB,AVB
215,4506415,41134.0,8229.0,6600.0,1420916,4244122,1419530,4221357,AIBR,RIBL,AIB,RIB
216,4506415,41134.0,8229.0,6600.0,1420916,4244122,1423195,4283362,AIBR,AVBR,AIB,AVB
217,4499043,36010.0,4171.0,9180.0,1420916,4243916,1419530,4221444,AIBR,RIBL,AIB,RIB
218,4504729,37858.0,10906.0,9450.0,1420916,4244095,1419924,4226279,AIBR,RIMR,AIB,RIM
219,4504729,37858.0,10906.0,9450.0,1420916,4244095,1419530,4221278,AIBR,RIBL,AIB,RIB
220,4499141,38652.0,10703.0,9510.0,1420916,4244097,1432287,4424815,AIBR,RIML,AIB,RIM
221,4499141,38652.0,10703.0,9510.0,1420916,4244097,1431795,4418071,AIBR,SMDDL,AIB,SMDD
222,4498968,37490.0,4615.0,7920.0,1420916,4243958,1432287,4424958,AIBR,RIML,AIB,RIM
223,4498968,37490.0,4615.0,7920.0,1420916,4243958,1426838,4344303,AIBR,SMDVL,AIB,SMDV
224,4498988,36120.0,4679.0,8790.0,1420916,4243929,1432287,4424987,AIBR,RIML,AIB,RIM
225,4498988,36120.0,4679.0,8790.0,1420916,4243929,1426838,4344339,AIBR,SMDVL,AIB,SMDV
226,4499147,36417.0,4693.0,8460.0,1420916,4243940,1432287,4424976,AIBR,RIML,AIB,RIM
227,4499147,36417.0,4693.0,8460.0,1420916,4243940,1426838,4344901,AIBR,SMDVL,AIB,SMDV
228,4498754,39477.0,5653.0,6870.0,1420916,4243993,1432287,4424923,AIBR,RIML,AIB,RIM
229,4498754,39477.0,5653.0,6870.0,1420916,4243993,1422040,4263798,AIBR,SAADR,AIB,SAAD
230,4499124,38208.0,10771.0,9360.0,1420916,4244092,1419924,4226276,AIBR,RIMR,AIB,RIM
231,4499124,38208.0,10771.0,9360.0,1420916,4244092,1431795,4418076,AIBR,SMDDL,AIB,SMDD
232,4504024,41289.0,11507.0,8130.0,1422320,4267761,1431697,4416499,AIML,ASGL,AIM,ASG
233,4504024,41289.0,11507.0,8130.0,1422320,4267761,1419826,4225475,AIML,AIAL,AIM,AIA
234,4504068,41434.0,12140.0,8670.0,1422320,4267743,1419826,4225457,AIML,AIAL,AIM,AIA
235,4504068,41434.0,12140.0,8670.0,1422320,4267743,1431697,4416481,AIML,ASGL,AIM,ASG
236,4504056,37174.0,4609.0,9780.0,1422320,4267880,1429910,4385131,AIML,ASJL,AIM,ASJ
237,4500433,40523.0,6673.0,7590.0,1422320,4267907,1421261,4248962,AIML,ASKL,AIM,ASK
238,4504005,41909.0,9324.0,7530.0,1422320,4267912,1419826,4225495,AIML,AIAL,AIM,AIA
239,5264847,39586.0,6437.0,8040.0,1422320,4267822,1435255,4479732,AIML,ALML,AIM,ALM
240,5264847,39586.0,6437.0,8040.0,1422320,4267822,1430060,4386480,AIML,AVDL,AIM,AVD
241,4500526,33085.0,11391.0,13350.0,1429471,4379907,1430933,4403786,AIMR,ASGR,AIM,ASG
242,4509074,32065.0,9889.0,13590.0,1429471,4379901,1428983,4373590,AIMR,AIAR,AIM,AIA
243,4509074,32065.0,9889.0,13590.0,1429471,4379901,1430933,4403802,AIMR,ASGR,AIM,ASG
244,4509253,33650.0,11967.0,13320.0,1429471,4379754,1428983,4373735,AIMR,AIAR,AIM,AIA
245,4509253,33650.0,11967.0,13320.0,1429471,4379754,1430933,4403785,AIMR,ASGR,AIM,ASG
246,4500462,36858.0,4493.0,9840.0,1429471,4379888,1419826,4225608,AIMR,AIAL,AIM,AIA
247,4500462,36858.0,4493.0,9840.0,1429471,4379888,1427514,4354196,AIMR,ASHL,AIM,ASH
248,4500475,33490.0,5781.0,11970.0,1429471,4379821,1433781,4454849,AIMR,ALMR,AIM,ALM
249,4500475,33490.0,5781.0,11970.0,1429471,4379821,1423195,4282020,AIMR,AVBR,AIM,AVB
250,4504085,36812.2,3447.56,9210.0,1432372,4425900,1422019,4263039,AINL,CEPshDL,AIN,CEPshD
251,4504085,36812.2,3447.56,9210.0,1432372,4425900,1428429,4367440,AINL,AFDL,AIN,AFD
252,4504106,30769.0,10805.0,13740.0,1432372,4426068,1420462,4234578,AINL,AFDR,AIN,AFD
253,4504092,33554.0,3886.0,11310.0,1432372,4425968,1420462,4234672,AINL,AFDR,AIN,AFD
254,4504120,29789.0,8475.0,13920.0,1432372,4426052,1420462,4234584,AINL,AFDR,AIN,AFD
255,4504120,29789.0,8475.0,13920.0,1432372,4426052,1436071,4493824,AINL,AUAR,AIN,AUA
256,4504139,32577.0,11842.0,13170.0,1432372,4426087,1420142,4229358,AINL,BAGL,AIN,BAG
257,4504139,32577.0,11842.0,13170.0,1432372,4426087,1420462,4234559,AINL,AFDR,AIN,AFD
258,4504113,30683.0,9239.0,14070.0,1432372,4426057,1422520,4271650,AINL,RIBR,AIN,RIB
259,4504117,30747.0,9065.0,14040.0,1432372,4426058,1436071,4493828,AINL,AUAR,AIN,AUA
260,4504117,30747.0,9065.0,14040.0,1432372,4426058,1422520,4271649,AINL,RIBR,AIN,RIB
261,4496927,41837.0,10145.0,6780.0,1421626,4256780,1427225,4350437,AINR,AUAL,AIN,AUA
262,4496927,41837.0,10145.0,6780.0,1421626,4256780,1428429,4367339,AINR,AFDL,AIN,AFD
263,4500389,41845.0,9864.0,7140.0,1421626,4256792,1428429,4367327,AINR,AFDL,AIN,AFD
264,4500389,41845.0,9864.0,7140.0,1421626,4256792,1423730,4293027,AINR,BAGR,AIN,BAG
265,5067177,41852.0,9976.0,6960.0,1421626,4256786,1428429,4367333,AINR,AFDL,AIN,AFD
266,5067177,41852.0,9976.0,6960.0,1421626,4256786,1423730,4293021,AINR,BAGR,AIN,BAG
267,5067181,40678.0,5161.0,7050.0,1421626,4256744,1422019,4262965,AINR,CEPshDL,AIN,CEPshD
268,5067181,40678.0,5161.0,7050.0,1421626,4256744,1428429,4367469,AINR,AFDL,AIN,AFD
269,4496928,42101.0,8283.0,6780.0,1421626,4256760,1423838,4295681,AINR,AWCR,AIN,AWC
270,4504123,42164.0,9028.0,6360.0,1421626,4256987,2609083,15137512,AINR,CEPshVL,AIN,CEPshV
271,4504123,42164.0,9028.0,6360.0,1421626,4256987,1423730,4293073,AINR,BAGR,AIN,BAG
272,4504135,42566.0,8490.0,6510.0,1421626,4256769,1423838,4295790,AINR,AWCR,AIN,AWC
273,4504135,42566.0,8490.0,6510.0,1421626,4256769,1426926,4345612,AINR,CEPshVL,AIN,CEPshV
274,5067180,36399.0,3602.0,9090.0,1421626,4256676,1435842,4489786,AINR,RID,AIN,RID
275,5067180,36399.0,3602.0,9090.0,1421626,4256676,1420142,4229147,AINR,BAGL,AIN,BAG
276,5067180,36399.0,3602.0,9090.0,1421626,4256676,1423730,4292918,AINR,BAGR,AIN,BAG
277,5067178,36495.0,4084.0,8940.0,1421626,4256681,1419530,4221436,AINR,RIBL,AIN,RIB
278,5067178,36495.0,4084.0,8940.0,1421626,4256681,1423730,4292923,AINR,BAGR,AIN,BAG
279,4496954,41927.0,10181.0,7050.0,1421626,4256789,1429975,4385929,AINR,CEPVL,AIN,CEPV
280,4498365,39725.0,5096.0,7350.0,1431149,4407631,1428429,4367378,AIYL,AFDL,AIY,AFD
281,4500881,40151.0,5724.0,7140.0,1431149,4407615,1420142,4229082,AIYL,BAGL,AIY,BAG
282,4500881,40151.0,5724.0,7140.0,1431149,4407615,1432129,4423801,AIYL,AIZL,AIY,AIZ
283,4503687,41717.0,8709.0,6840.0,1431149,4407719,1432129,4423927,AIYL,AIZL,AIY,AIZ
284,4503687,41717.0,8709.0,6840.0,1431149,4407719,1423730,4293056,AIYL,BAGR,AIY,BAG
285,4503910,41609.0,9018.0,6930.0,1431149,4407600,1432129,4423924,AIYL,AIZL,AIY,AIZ
286,4503910,41609.0,9018.0,6930.0,1431149,4407600,1423730,4293047,AIYL,BAGR,AIY,BAG
287,4500985,40158.0,12193.0,10050.0,1431149,4407495,1432129,4423648,AIYL,AIZL,AIY,AIZ
288,4500985,40158.0,12193.0,10050.0,1431149,4407495,1431605,4414977,AIYL,ADFL,AIY,ADF
289,4500884,39127.0,4718.0,7620.0,1431149,4407640,1419530,4221392,AIYL,RIBL,AIY,RIB
290,4500884,39127.0,4718.0,7620.0,1431149,4407640,1432129,4423817,AIYL,AIZL,AIY,AIZ
291,4498381,40106.0,11758.0,8580.0,1431149,4407543,1427938,4359888,AIYL,RIAL,AIY,RIA
292,4498381,40106.0,11758.0,8580.0,1431149,4407543,1419530,4221138,AIYL,RIBL,AIY,RIB
293,4498381,40106.0,11758.0,8580.0,1431149,4407543,1432129,4423717,AIYL,AIZL,AIY,AIZ
294,4500928,40174.0,11830.0,8670.0,1431149,4407540,1419530,4221135,AIYL,RIBL,AIY,RIB
295,4500928,40174.0,11830.0,8670.0,1431149,4407540,1432129,4423714,AIYL,AIZL,AIY,AIZ
296,4500940,40143.0,12025.0,9060.0,1431149,4407527,1432129,4423701,AIYL,AIZL,AIY,AIZ
297,4500940,40143.0,12025.0,9060.0,1431149,4407527,1419530,4221122,AIYL,RIBL,AIY,RIB
298,4501004,39652.0,11979.0,9630.0,1431149,4407508,1427938,4359925,AIYL,RIAL,AIY,RIA
299,4501004,39652.0,11979.0,9630.0,1431149,4407508,1419530,4221103,AIYL,RIBL,AIY,RIB
300,4501004,39652.0,11979.0,9630.0,1431149,4407508,1432129,4423661,AIYL,AIZL,AIY,AIZ
301,4500883,39813.0,5690.0,7110.0,1431149,4407616,1420142,4229081,AIYL,BAGL,AIY,BAG
302,4501203,30739.0,9221.0,13650.0,1419980,4226741,1423522,4290123,AIYR,AIZR,AIY,AIZ
303,4501203,30739.0,9221.0,13650.0,1419980,4226741,1432620,4432286,AIYR,ADFR,AIY,ADF
304,4501185,31265.0,10445.0,13560.0,1419980,4226593,1423522,4290120,AIYR,AIZR,AIY,AIZ
305,4501185,31265.0,10445.0,13560.0,1419980,4226593,1420462,4234572,AIYR,AFDR,AIY,AFD
306,4501125,37831.0,12309.0,11700.0,1419980,4226531,1427586,4354447,AIYR,RIAR,AIY,RIA
307,4501116,33406.0,4630.0,11520.0,1419980,4226687,1422520,4271844,AIYR,RIBR,AIY,RIB
308,4501116,33406.0,4630.0,11520.0,1419980,4226687,1423522,4290194,AIYR,AIZR,AIY,AIZ
309,4501184,30415.0,7545.0,13230.0,1419980,4226632,1427586,4354343,AIYR,RIAR,AIY,RIA
310,4501184,30415.0,7545.0,13230.0,1419980,4226632,1436071,4493848,AIYR,AUAR,AIY,AUA
311,4501184,30415.0,7545.0,13230.0,1419980,4226632,1420142,4229281,AIYR,BAGL,AIY,BAG
312,4501271,38531.0,5373.0,8040.0,1432129,4423831,1419826,4225548,AIZL,AIAL,AIZ,AIA
313,4501238,39476.0,5289.0,7650.0,1432129,4423818,1431482,4411994,AIZL,AIBL,AIZ,AIB
314,4501238,39476.0,5289.0,7650.0,1432129,4423818,1419826,4225535,AIZL,AIAL,AIZ,AIA
315,4501375,39314.0,11050.0,8520.0,1432129,4423934,1420916,4244064,AIZL,AIBR,AIZ,AIB
316,4501375,39314.0,11050.0,8520.0,1432129,4423934,1428348,4364432,AIZL,AVER,AIZ,AVE
317,4501379,39306.0,11102.0,8670.0,1432129,4423939,1420916,4244069,AIZL,AIBR,AIZ,AIB
318,4501379,39306.0,11102.0,8670.0,1432129,4423939,1428348,4364427,AIZL,AVER,AIZ,AVE
319,4501309,37206.0,4657.0,8220.0,1432129,4423841,1429313,4377492,AIZL,AVEL,AIZ,AVE
320,4499156,40765.0,6692.0,6960.0,1432129,4423914,1427938,4359799,AIZL,RIAL,AIZ,RIA
321,4501493,41113.0,6901.0,6810.0,1432129,4423919,1427938,4359804,AIZL,RIAL,AIZ,RIA
322,4501493,41113.0,6901.0,6810.0,1432129,4423919,1423730,4292994,AIZL,BAGR,AIZ,BAG
323,4501431,39782.0,11743.0,9390.0,1432129,4423669,1427938,4359917,AIZL,RIAL,AIZ,RIA
324,4501431,39782.0,11743.0,9390.0,1432129,4423669,1419530,4221111,AIZL,RIBL,AIZ,RIB
325,4499436,39636.0,11247.0,8730.0,1432129,4423941,1423691,4291828,AIZL,SMBVL,AIZ,SMBV
326,4499436,39636.0,11247.0,8730.0,1432129,4423941,1427938,4359893,AIZL,RIAL,AIZ,RIA
327,4506878,40032.0,11670.0,9000.0,1432129,4423703,1427938,4359902,AIZL,RIAL,AIZ,RIA
328,4499858,39580.0,11404.0,8910.0,1432129,4423693,1427938,4359899,AIZL,RIAL,AIZ,RIA
329,4499858,39580.0,11404.0,8910.0,1432129,4423693,1423691,4291822,AIZL,SMBVL,AIZ,SMBV
330,4499858,39580.0,11404.0,8910.0,1432129,4423693,1428764,4370662,AIZL,SMBDL,AIZ,SMBD
331,4501423,39263.0,11583.0,9300.0,1432129,4423678,1428764,4370649,AIZL,SMBDL,AIZ,SMBD
332,4501423,39263.0,11583.0,9300.0,1432129,4423678,1423691,4291809,AIZL,SMBVL,AIZ,SMBV
333,4501423,39263.0,11583.0,9300.0,1432129,4423678,1427938,4359914,AIZL,RIAL,AIZ,RIA
334,5067194,39610.0,11643.0,9930.0,1432129,4423652,1428764,4370619,AIZL,SMBDL,AIZ,SMBD
335,5067194,39610.0,11643.0,9930.0,1432129,4423652,1427938,4359943,AIZL,RIAL,AIZ,RIA
336,5067194,39610.0,11643.0,9930.0,1432129,4423652,1423691,4291762,AIZL,SMBVL,AIZ,SMBV
337,4501452,40096.0,11589.0,9480.0,1432129,4423666,1428764,4370633,AIZL,SMBDL,AIZ,SMBD
338,4501452,40096.0,11589.0,9480.0,1432129,4423666,1423691,4291789,AIZL,SMBVL,AIZ,SMBV
339,4501452,40096.0,11589.0,9480.0,1432129,4423666,1431605,4414995,AIZL,ADFL,AIZ,ADF
340,4501255,37972.0,4585.0,7890.0,1432129,4423826,1420916,4243959,AIZL,AIBR,AIZ,AIB
341,4501255,37972.0,4585.0,7890.0,1432129,4423826,1432287,4424957,AIZL,RIML,AIZ,RIM
342,4501268,38534.0,4922.0,7830.0,1432129,4423824,1420916,4243961,AIZL,AIBR,AIZ,AIB
343,4501268,38534.0,4922.0,7830.0,1432129,4423824,1432287,4424955,AIZL,RIML,AIZ,RIM
344,4501348,36282.0,4499.0,8700.0,1432129,4423857,1420916,4243932,AIZL,AIBR,AIZ,AIB
345,4501348,36282.0,4499.0,8700.0,1432129,4423857,1432287,4424984,AIZL,RIML,AIZ,RIM
346,4501366,36200.0,4711.0,8940.0,1432129,4423865,1420916,4243924,AIZL,AIBR,AIZ,AIB
347,4501366,36200.0,4711.0,8940.0,1432129,4423865,1432287,4424992,AIZL,RIML,AIZ,RIM
348,4501372,36210.0,4385.0,9150.0,1432129,4423872,1420916,4243917,AIZL,AIBR,AIZ,AIB
349,4501372,36210.0,4385.0,9150.0,1432129,4423872,1432287,4424999,AIZL,RIML,AIZ,RIM
350,4501397,39260.0,11186.0,8880.0,1432129,4423946,1420916,4244076,AIZL,AIBR,AIZ,AIB
351,4501397,39260.0,11186.0,8880.0,1432129,4423946,1432287,4424836,AIZL,RIML,AIZ,RIM
352,4501399,39278.0,11128.0,8790.0,1432129,4423943,1420916,4244073,AIZL,AIBR,AIZ,AIB
353,4501399,39278.0,11128.0,8790.0,1432129,4423943,1432287,4424839,AIZL,RIML,AIZ,RIM
354,4499214,38510.0,4959.0,7740.0,1432129,4423821,1420916,4243964,AIZL,AIBR,AIZ,AIB
355,4499214,38510.0,4959.0,7740.0,1432129,4423821,1432287,4424952,AIZL,RIML,AIZ,RIM
356,4499270,37307.0,5011.0,8100.0,1432129,4423837,1432287,4424964,AIZL,RIML,AIZ,RIM
357,4499270,37307.0,5011.0,8100.0,1432129,4423837,1420916,4243952,AIZL,AIBR,AIZ,AIB
358,4501499,41383.0,8939.0,7170.0,1432129,4423771,1426312,4336006,AIZL,AWBL,AIZ,AWB
359,4501499,41383.0,8939.0,7170.0,1432129,4423771,1423691,4292701,AIZL,SMBVL,AIZ,SMBV
360,4501325,39744.0,11043.0,8490.0,1432129,4423720,1423691,4291836,AIZL,SMBVL,AIZ,SMBV
361,4501325,39744.0,11043.0,8490.0,1432129,4423720,1428764,4370676,AIZL,SMBDL,AIZ,SMBD
362,4501420,39799.0,11591.0,9180.0,1432129,4423697,1428764,4371840,AIZL,SMBDL,AIZ,SMBD
363,4501420,39799.0,11591.0,9180.0,1432129,4423697,1423691,4291813,AIZL,SMBVL,AIZ,SMBV
364,4501459,39444.0,11743.0,9810.0,1432129,4423655,1423691,4291768,AIZL,SMBVL,AIZ,SMBV
365,4501459,39444.0,11743.0,9810.0,1432129,4423655,1428764,4371844,AIZL,SMBDL,AIZ,SMBD
366,4501708,30567.0,8733.0,13560.0,1423522,4290120,1428983,4373603,AIZR,AIAR,AIZ,AIA
367,4501485,33368.0,4941.0,12120.0,1423522,4290175,1428983,4373649,AIZR,AIAR,AIZ,AIA
368,4501701,30479.0,8245.0,13500.0,1423522,4290130,1428983,4373605,AIZR,AIAR,AIZ,AIA
369,4501951,31441.0,6729.0,12420.0,1423522,4290167,1428983,4373641,AIZR,AIAR,AIZ,AIA
370,4501951,31441.0,6729.0,12420.0,1423522,4290167,1420916,4243812,AIZR,AIBR,AIZ,AIB
371,4501951,31441.0,6729.0,12420.0,1423522,4290167,1432620,4432176,AIZR,ADFR,AIZ,ADF
372,4501587,35529.0,10679.0,11700.0,1423522,4290049,1431482,4412199,AIZR,AIBL,AIZ,AIB
373,4501587,35529.0,10679.0,11700.0,1423522,4290049,1429313,4377685,AIZR,AVEL,AIZ,AVE
374,4501638,35856.0,11293.0,12120.0,1423522,4290030,1427586,4354425,AIZR,RIAR,AIZ,RIA
375,4501175,35681.0,10649.0,11700.0,1423522,4290049,1431482,4412199,AIZR,AIBL,AIZ,AIB
376,4501175,35681.0,10649.0,11700.0,1423522,4290049,1419924,4225890,AIZR,RIMR,AIZ,RIM
377,4501534,34005.0,3793.0,10350.0,1423522,4290232,1419924,4226042,AIZR,RIMR,AIZ,RIM
378,4501534,34005.0,3793.0,10350.0,1423522,4290232,1431482,4412082,AIZR,AIBL,AIZ,AIB
379,4501557,33398.0,4592.0,10800.0,1423522,4290218,1431482,4412096,AIZR,AIBL,AIZ,AIB
380,4501557,33398.0,4592.0,10800.0,1423522,4290218,1419924,4226028,AIZR,RIMR,AIZ,RIM
381,4501561,33250.0,4406.0,11010.0,1423522,4290211,1431482,4412103,AIZR,AIBL,AIZ,AIB
382,4501561,33250.0,4406.0,11010.0,1423522,4290211,1419924,4226021,AIZR,RIMR,AIZ,RIM
383,4507055,33284.0,4478.0,11160.0,1423522,4290206,1429685,4382948,AIZR,SMDVR,AIZ,SMDV
384,4507055,33284.0,4478.0,11160.0,1423522,4290206,1419924,4226016,AIZR,RIMR,AIZ,RIM
385,4507055,33284.0,4478.0,11160.0,1423522,4290206,1431482,4412108,AIZR,AIBL,AIZ,AIB
386,4501028,36607.0,11681.0,11610.0,1423522,4290065,1427774,4355510,AIZR,SMBDR,AIZ,SMBD
387,4501028,36607.0,11681.0,11610.0,1423522,4290065,1421515,4253578,AIZR,SMBVR,AIZ,SMBV
388,4501594,37479.0,11805.0,11730.0,1423522,4290055,1427774,4355506,AIZR,SMBDR,AIZ,SMBD
389,4501594,37479.0,11805.0,11730.0,1423522,4290055,1421515,4253574,AIZR,SMBVR,AIZ,SMBV
390,4501616,35965.0,11493.0,11820.0,1423522,4290052,1421515,4253571,AIZR,SMBVR,AIZ,SMBV
391,4501616,35965.0,11493.0,11820.0,1423522,4290052,1427774,4355503,AIZR,SMBDR,AIZ,SMBD
392,7654599,35585.0,11313.0,12000.0,1423522,4290039,1421515,4253556,AIZR,SMBVR,AIZ,SMBV
393,7654599,35585.0,11313.0,12000.0,1423522,4290039,1427774,7654597,AIZR,SMBDR,AIZ,SMBD
394,4501607,37415.0,11995.0,11940.0,1423522,4290041,1427586,4354459,AIZR,RIAR,AIZ,RIA
395,4501607,37415.0,11995.0,11940.0,1423522,4290041,1427774,4355515,AIZR,SMBDR,AIZ,SMBD
396,4501607,37415.0,11995.0,11940.0,1423522,4290041,1421515,4253567,AIZR,SMBVR,AIZ,SMBV
397,4501676,35202.0,10659.0,12120.0,1423522,4290073,1427774,4355521,AIZR,SMBDR,AIZ,SMBD
398,4501676,35202.0,10659.0,12120.0,1423522,4290073,1421515,4253588,AIZR,SMBVR,AIZ,SMBV
399,4508003,32377.0,7851.0,12630.0,1421355,4251053,1428348,4364137,ALA,AVER,ALA,AVE
400,4508003,32377.0,7851.0,12630.0,1421355,4251053,1420041,4227547,ALA,ASJR,ALA,ASJ
401,4497768,40248.0,7285.0,8220.0,1421355,4251165,1429313,4377412,ALA,AVEL,ALA,AVE
402,4506991,40587.0,7463.0,8040.0,1421355,4251159,1429313,4377420,ALA,AVEL,ALA,AVE
403,4507795,40197.0,7289.0,8100.0,1421355,4251161,1429313,4377421,ALA,AVEL,ALA,AVE
404,4507795,40197.0,7289.0,8100.0,1421355,4251161,1424921,4311395,ALA,IL1L,ALA,IL1L/R
405,4501774,39691.0,8195.0,8250.0,1435255,4479750,1430569,4396913,ALML,BDUL,ALM,BDU
406,4501775,39553.0,8115.0,8250.0,1435255,4479750,1430569,4396913,ALML,BDUL,ALM,BDU
407,4501996,39393.0,8305.0,8340.0,1435255,4479783,1430569,4396910,ALML,BDUL,ALM,BDU
408,4501784,39267.0,6717.0,8130.0,1435255,4479735,1429838,4384193,ALML,CEPDL,ALM,CEPD
409,4501752,39465.0,8257.0,8220.0,1435255,4479749,1429975,4385919,ALML,CEPVL,ALM,CEPV
410,4501790,39764.0,9563.0,8400.0,1435255,4479785,1429975,4385749,ALML,CEPVL,ALM,CEPV
411,4501793,39914.0,9814.0,8490.0,1435255,4479788,1433516,4449858,ALML,PVCR,ALM,PVC
412,4501867,33234.0,10230.0,12510.0,1433781,4454867,1423195,4281988,ALMR,AVBR,ALM,AVB
413,4501866,33508.0,10506.0,12630.0,1433781,4454871,1434998,4475374,ALMR,BDUR,ALM,BDU
414,4501834,33688.0,6086.0,11670.0,1433781,4454900,1428854,4372399,ALMR,CEPDR,ALM,CEPD
415,4501829,34242.0,7360.0,12240.0,1433781,4454858,1432229,4424575,ALMR,CEPVR,ALM,CEPV
416,4501830,34300.0,7232.0,12180.0,1433781,4454856,1432229,4424573,ALMR,CEPVR,ALM,CEPV
417,4502340,34780.0,9281.0,12360.0,1433781,4454886,1432229,4424441,ALMR,CEPVR,ALM,CEPV
418,4501819,33598.0,10423.0,12420.0,1433781,4454863,1420693,4239997,ALMR,PVCL,ALM,PVC
419,4501811,34318.0,7563.0,12360.0,1433781,4454862,1430112,4387854,ALMR,RIFL,ALM,RIF
420,4501917,33893.0,6053.0,11850.0,1433781,4454894,1434998,4475400,ALMR,BDUR,ALM,BDU
421,4501917,33893.0,6053.0,11850.0,1433781,4454894,1430112,4387870,ALMR,RIFL,ALM,RIF
422,4499540,37481.0,11109.0,12030.0,1434531,4468086,1426538,4339250,AQR,AVAL,AQR,AVA
423,4499540,37481.0,11109.0,12030.0,1434531,4468086,1435183,4478461,AQR,ADAR,AQR,ADA
424,4500183,37660.0,11297.0,11940.0,1434531,4468089,1435146,4478057,AQR,ADER,AQR,ADE
425,4500183,37660.0,11297.0,11940.0,1434531,4468089,1426538,4339247,AQR,AVAL,AQR,AVA
426,4500541,30641.0,7860.0,12900.0,1434531,4467884,1423018,4278781,AQR,AVBL,AQR,AVB
427,4500541,30641.0,7860.0,12900.0,1434531,4467884,1434361,4463266,AQR,AVAR,AQR,AVA
428,4509297,30699.0,8776.0,13020.0,1434531,4467870,1434361,4463262,AQR,AVAR,AQR,AVA
429,4509297,30699.0,8776.0,13020.0,1434531,4467870,1431482,4412252,AQR,AIBL,AQR,AIB
430,4507674,34745.0,11455.0,12450.0,1434531,4467843,1430060,4386649,AQR,AVDL,AQR,AVD
431,4500039,34298.0,5090.0,10830.0,1434531,4467950,1420693,4239877,AQR,PVCL,AQR,PVC
432,4500039,34298.0,5090.0,10830.0,1434531,4467950,1423018,4278714,AQR,AVBL,AQR,AVB
433,4500039,34298.0,5090.0,10830.0,1434531,4467950,1423265,4284044,AQR,AVDR,AQR,AVD
434,4500240,31819.0,9682.0,12810.0,1434531,4467861,1420693,4239805,AQR,PVCL,AQR,PVC
435,4508346,31929.0,10726.0,12840.0,1434531,4467862,1427586,4354397,AQR,RIAR,AQR,RIA
436,4508346,31929.0,10726.0,12840.0,1434531,4467862,1419707,4223436,AQR,RIR,AQR,RIR
437,4498101,41707.0,8348.0,6930.0,1428676,4370253,1431482,4412297,ASEL,AIBL,ASE,AIB
438,4498096,41793.0,8822.0,6960.0,1428676,4370252,1431482,4412292,ASEL,AIBL,ASE,AIB
439,4498099,41969.0,9078.0,7050.0,1428676,4370249,1431482,4411970,ASEL,AIBL,ASE,AIB
440,4498099,41969.0,9078.0,7050.0,1428676,4370249,1431149,4407596,ASEL,AIYL,ASE,AIY
441,4498111,41771.0,9298.0,7230.0,1428676,4370243,1431482,4411964,ASEL,AIBL,ASE,AIB
442,4498111,41771.0,9298.0,7230.0,1428676,4370243,1431149,4407590,ASEL,AIYL,ASE,AIY
443,4498116,37612.0,4797.0,8670.0,1428676,4370312,1431482,4412027,ASEL,AIBL,ASE,AIB
444,4498116,37612.0,4797.0,8670.0,1428676,4370312,1431149,4407674,ASEL,AIYL,ASE,AIY
445,4498133,37442.0,4553.0,8970.0,1428676,4370322,1431482,4412036,ASEL,AIBL,ASE,AIB
446,4498133,37442.0,4553.0,8970.0,1428676,4370322,1431149,4407684,ASEL,AIYL,ASE,AIY
447,5067204,40549.0,11791.0,8610.0,1428676,4370196,1431482,4411909,ASEL,AIBL,ASE,AIB
448,5067204,40549.0,11791.0,8610.0,1428676,4370196,1431149,4407542,ASEL,AIYL,ASE,AIY
449,4498368,40446.0,11657.0,8460.0,1428676,4370201,1431482,4411914,ASEL,AIBL,ASE,AIB
450,4498368,40446.0,11657.0,8460.0,1428676,4370201,1428429,4367283,ASEL,AFDL,ASE,AFD
451,4498107,40043.0,5600.0,7350.0,1428676,4370269,1431482,4411984,ASEL,AIBL,ASE,AIB
452,4498107,40043.0,5600.0,7350.0,1428676,4370269,1431149,4407631,ASEL,AIYL,ASE,AIY
453,4498265,33677.0,4111.0,11550.0,1428676,4370407,1422608,4273471,ASEL,ASER,ASE,ASE
454,4498265,33677.0,4111.0,11550.0,1428676,4370407,1419980,4226686,ASEL,AIYR,ASE,AIY
455,4498213,31400.0,8625.0,14040.0,1428676,4370496,1427072,4348803,ASEL,AWCL,ASE,AWC
456,4498309,36998.0,3935.0,9330.0,1422608,4273605,1431149,4407696,ASER,AIYL,ASE,AIY
457,4498309,36998.0,3935.0,9330.0,1422608,4273605,1431482,4412048,ASER,AIBL,ASE,AIB
458,4498309,36998.0,3935.0,9330.0,1422608,4273605,1423838,4295595,ASER,AWCR,ASE,AWC
459,4498276,37872.0,4531.0,8460.0,1422608,4273634,1423838,4295624,ASER,AWCR,ASE,AWC
460,4498276,37872.0,4531.0,8460.0,1422608,4273634,1431482,4412020,ASER,AIBL,ASE,AIB
461,4498276,37872.0,4531.0,8460.0,1422608,4273634,1431149,4407667,ASER,AIYL,ASE,AIY
462,4498279,37888.0,4431.0,8610.0,1422608,4273629,1423838,4295619,ASER,AWCR,ASE,AWC
463,4498279,37888.0,4431.0,8610.0,1422608,4273629,1431149,4407672,ASER,AIYL,ASE,AIY
464,4498322,34447.0,12584.0,12660.0,1422608,4273317,1419980,4226563,ASER,AIYR,ASE,AIY
465,4498337,30639.0,7823.0,13260.0,1422608,4273349,1420462,4234609,ASER,AFDR,ASE,AFD
466,4498337,30639.0,7823.0,13260.0,1422608,4273349,1419980,4226631,ASER,AIYR,ASE,AIY
467,4498384,32425.0,11299.0,13260.0,1422608,4273337,1419980,4226583,ASER,AIYR,ASE,AIY
468,4498314,34836.0,4132.0,10740.0,1422608,4273436,1420916,4243866,ASER,AIBR,ASE,AIB
469,4498314,34836.0,4132.0,10740.0,1422608,4273436,1419980,4226713,ASER,AIYR,ASE,AIY
470,4498318,34774.0,3856.0,10830.0,1422608,4273447,1420916,4243863,ASER,AIBR,ASE,AIB
471,4498318,34774.0,3856.0,10830.0,1422608,4273447,1419980,4226710,ASER,AIYR,ASE,AIY
472,4498343,30815.0,9643.0,13890.0,1422608,4273689,1420916,4244162,ASER,AIBR,ASE,AIB
473,4498343,30815.0,9643.0,13890.0,1422608,4273689,1419980,4226604,ASER,AIYR,ASE,AIY
474,4498353,30541.0,8869.0,13830.0,1422608,4273544,1420916,4244160,ASER,AIBR,ASE,AIB
475,4498353,30541.0,8869.0,13830.0,1422608,4273544,1419980,4226612,ASER,AIYR,ASE,AIY
476,4500215,34266.0,4138.0,11220.0,1422608,4273460,1423522,4290204,ASER,AIZR,ASE,AIZ
477,4500215,34266.0,4138.0,11220.0,1422608,4273460,1419980,4226697,ASER,AIYR,ASE,AIY
478,4498388,30656.0,7654.0,13470.0,1422608,4273532,1428983,4373606,ASER,AIAR,ASE,AIA
479,4498388,30656.0,7654.0,13470.0,1422608,4273532,1423838,4295462,ASER,AWCR,ASE,AWC
480,4498388,30656.0,7654.0,13470.0,1422608,4273532,1420916,4243777,ASER,AIBR,ASE,AIB
481,4498332,34889.0,12753.0,12750.0,1422608,4273320,1423838,4295403,ASER,AWCR,ASE,AWC
482,4498332,34889.0,12753.0,12750.0,1422608,4273320,1420916,4243737,ASER,AIBR,ASE,AIB
483,4498332,34889.0,12753.0,12750.0,1422608,4273320,1419980,4226748,ASER,AIYR,ASE,AIY
484,4498427,41565.0,12297.0,9060.0,1431697,4416468,1419826,4225444,ASGL,AIAL,ASG,AIA
485,4498436,41295.0,12345.0,9240.0,1431697,4416462,1419826,4225438,ASGL,AIAL,ASG,AIA
486,4498440,41381.0,12485.0,9270.0,1431697,4416536,1419826,4225437,ASGL,AIAL,ASG,AIA
487,4498455,41542.0,12703.0,10050.0,1431697,4416436,1419826,4225412,ASGL,AIAL,ASG,AIA
488,4498470,41297.0,12323.0,8970.0,1431697,4416471,1419826,4225447,ASGL,AIAL,ASG,AIA
489,4498413,40982.0,11877.0,8670.0,1431697,4416481,1419826,4225457,ASGL,AIAL,ASG,AIA
490,4498404,41859.0,9250.0,7320.0,1431697,4416526,1419826,4225502,ASGL,AIAL,ASG,AIA
491,4498404,41859.0,9250.0,7320.0,1431697,4416526,1431482,4411959,ASGL,AIBL,ASG,AIB
492,4498483,37587.0,13750.0,12570.0,1430933,4403758,1428983,4373546,ASGR,AIAR,ASG,AIA
493,4498494,35365.0,13210.0,12870.0,1430933,4403770,1428983,4373562,ASGR,AIAR,ASG,AIA
494,4498506,34787.0,12866.0,12990.0,1430933,4403774,1428983,4373566,ASGR,AIAR,ASG,AIA
495,4498510,33977.0,12301.0,13170.0,1430933,4403780,1428983,4373572,ASGR,AIAR,ASG,AIA
496,4498513,33431.0,11905.0,13260.0,1430933,4403783,1428983,4373575,ASGR,AIAR,ASG,AIA
497,4498515,32113.0,10525.0,13440.0,1430933,4403793,1428983,4373585,ASGR,AIAR,ASG,AIA
498,4498522,32113.0,10605.0,13590.0,1430933,4403798,1429471,4379901,ASGR,AIMR,ASG,AIM
499,4498549,41177.0,8420.0,7560.0,1427514,4354204,1423265,4284202,ASHL,AVDR,ASH,AVD
500,4498549,41177.0,8420.0,7560.0,1427514,4354204,1432082,4423216,ASHL,ADAL,ASH,ADA
501,4498650,40326.0,11273.0,9420.0,1427514,4354048,1432082,4423138,ASHL,ADAL,ASH,ADA
502,4498650,40326.0,11273.0,9420.0,1427514,4354048,1427938,4359959,ASHL,RIAL,ASH,RIA
503,4498653,40274.0,11275.0,9630.0,1427514,4354041,1427938,4359952,ASHL,RIAL,ASH,RIA
504,4498545,40149.0,6376.0,7530.0,1427514,4354119,1426397,4336884,ASHL,AWAL,ASH,AWA
505,4498545,40149.0,6376.0,7530.0,1427514,4354119,1419826,4225531,ASHL,AIAL,ASH,AIA
506,4498562,41303.0,8824.0,7650.0,1427514,4354201,1419826,4225622,ASHL,AIAL,ASH,AIA
507,4498623,40877.0,11055.0,8430.0,1427514,4354081,1421261,4248908,ASHL,ASKL,ASH,ASK
508,4498623,40877.0,11055.0,8430.0,1427514,4354081,1419826,4225465,ASHL,AIAL,ASH,AIA
509,4501333,40091.0,6042.0,7710.0,1427514,4354125,1421188,4248542,ASHL,URXL,ASH,URX
510,4501333,40091.0,6042.0,7710.0,1427514,4354125,1426397,4336890,ASHL,AWAL,ASH,AWA
511,4501333,40091.0,6042.0,7710.0,1427514,4354125,1419826,4225537,ASHL,AIAL,ASH,AIA
512,4501353,36442.0,4597.0,9720.0,1427514,4354192,1426397,4336957,ASHL,AWAL,ASH,AWA
513,4501353,36442.0,4597.0,9720.0,1427514,4354192,1432704,4434893,ASHL,PVQL,ASH,PVQ
514,4501353,36442.0,4597.0,9720.0,1427514,4354192,1419826,4225604,ASHL,AIAL,ASH,AIA
515,5470783,41137.0,11708.0,9000.0,1427514,4354062,1419826,4225446,ASHL,AIAL,ASH,AIA
516,4498643,40929.0,11863.0,9150.0,1427514,4354057,1419826,4225441,ASHL,AIAL,ASH,AIA
517,4498643,40929.0,11863.0,9150.0,1427514,4354057,1431482,4411891,ASHL,AIBL,ASH,AIB
518,4498576,40788.0,7949.0,7680.0,1427514,4354107,1423265,4284196,ASHL,AVDR,ASH,AVD
519,4498576,40788.0,7949.0,7680.0,1427514,4354107,1426538,4338977,ASHL,AVAL,ASH,AVA
520,4507516,40380.0,7959.0,7740.0,1427514,4354105,1423018,4278595,ASHL,AVBL,ASH,AVB
521,4507516,40380.0,7959.0,7740.0,1427514,4354105,1426538,4338975,ASHL,AVAL,ASH,AVA
522,4498534,40723.0,7528.0,7500.0,1427514,4354113,1426538,4338953,ASHL,AVAL,ASH,AVA
523,4498534,40723.0,7528.0,7500.0,1427514,4354113,1423018,4278603,ASHL,AVBL,ASH,AVB
524,4498612,40902.0,8625.0,7800.0,1427514,4354103,1426538,4338983,ASHL,AVAL,ASH,AVA
525,4498612,40902.0,8625.0,7800.0,1427514,4354103,1426538,4338968,ASHL,AVAL,ASH,AVA
526,4498574,40494.0,7969.0,7590.0,1427514,4354110,1423018,4278600,ASHL,AVBL,ASH,AVB
527,4498574,40494.0,7969.0,7590.0,1427514,4354110,1433516,4449828,ASHL,PVCR,ASH,PVC
528,4498574,40494.0,7969.0,7590.0,1427514,4354110,1426538,4338986,ASHL,AVAL,ASH,AVA
529,4498574,40494.0,7969.0,7590.0,1427514,4354110,1426538,4338956,ASHL,AVAL,ASH,AVA
530,4498597,40158.0,8711.0,7950.0,1427514,4354098,1423265,4284219,ASHL,AVDR,ASH,AVD
531,4498597,40158.0,8711.0,7950.0,1427514,4354098,1423018,4278588,ASHL,AVBL,ASH,AVB
532,4498597,40158.0,8711.0,7950.0,1427514,4354098,1423265,4285284,ASHL,AVDR,ASH,AVD
533,4498627,38833.0,6111.0,8190.0,1427514,4354141,1430060,4387629,ASHL,AVDL,ASH,AVD
534,4498627,38833.0,6111.0,8190.0,1427514,4354141,1423018,4278628,ASHL,AVBL,ASH,AVB
535,4498723,33483.0,11528.0,13140.0,1425511,4321137,1428983,4373571,ASHR,AIAR,ASH,AIA
536,4498731,32027.0,9657.0,13260.0,1425511,4320998,1428983,4373581,ASHR,AIAR,ASH,AIA
537,4498733,32271.0,10167.0,13290.0,1425511,4320999,1428983,4373576,ASHR,AIAR,ASH,AIA
538,4498733,32271.0,10167.0,13290.0,1425511,4320999,1429400,4379142,ASHR,ASKR,ASH,ASK
539,4498733,32271.0,10167.0,13290.0,1425511,4320999,1420916,4243755,ASHR,AIBR,ASH,AIB
540,4498717,31859.0,9068.0,12780.0,1425511,4321022,1434361,4464631,ASHR,AVAR,ASH,AVA
541,4498704,31425.0,9180.0,12930.0,1425511,4321010,1434361,4464636,ASHR,AVAR,ASH,AVA
542,4498704,31425.0,9180.0,12930.0,1425511,4321010,1434361,4464648,ASHR,AVAR,ASH,AVA
543,4498706,31451.0,9238.0,12960.0,1425511,4321011,1434361,4464637,ASHR,AVAR,ASH,AVA
544,4498706,31451.0,9238.0,12960.0,1425511,4321011,1434361,4464651,ASHR,AVAR,ASH,AVA
545,4498720,32301.0,9554.0,12780.0,1425511,4321022,1434361,4464639,ASHR,AVAR,ASH,AVA
546,4498720,32301.0,9554.0,12780.0,1425511,4321022,1423195,4281998,ASHR,AVBR,ASH,AVB
547,4498693,33657.0,5613.0,11790.0,1425511,4321060,1435183,4478560,ASHR,ADAR,ASH,ADA
548,4498693,33657.0,5613.0,11790.0,1425511,4321060,1423195,4282026,ASHR,AVBR,ASH,AVB
549,4498713,31733.0,8844.0,12780.0,1425511,4321022,1423195,4281995,ASHR,AVBR,ASH,AVB
550,4498713,31733.0,8844.0,12780.0,1425511,4321022,1434361,4464631,ASHR,AVAR,ASH,AVA
551,4498703,37674.0,11683.0,12180.0,1425511,4320963,1427586,4354467,ASHR,RIAR,ASH,RIA
552,4498691,35596.0,4573.0,10140.0,1425511,4321113,1432412,4426819,ASHR,AVHL,ASH,AVH
553,4498691,35596.0,4573.0,10140.0,1425511,4321113,1423195,4282077,ASHR,AVBR,ASH,AVB
554,4498701,37866.0,11971.0,12060.0,1425511,4320959,1427586,4354463,ASHR,RIAR,ASH,RIA
555,4498701,37866.0,11971.0,12060.0,1425511,4320959,1421515,4253554,ASHR,SMBVR,ASH,SMBV
556,4500663,41851.0,10908.0,7800.0,1423383,4286844,1427072,4348515,ASIL,AWCL,ASI,AWC
557,4500663,41851.0,10908.0,7800.0,1423383,4286844,1423838,4295731,ASIL,AWCR,ASI,AWC
558,4500679,35829.0,3299.0,10320.0,1423383,4287031,1427072,4348663,ASIL,AWCL,ASI,AWC
559,4500679,35829.0,3299.0,10320.0,1423383,4287031,1436065,4493152,ASIL,CEPshDR,ASI,CEPshD
560,4500671,38260.0,4563.0,8610.0,1423383,4286975,1419826,4225567,ASIL,AIAL,ASI,AIA
561,4500671,38260.0,4563.0,8610.0,1423383,4286975,1423838,4295619,ASIL,AWCR,ASI,AWC
562,4500694,41889.0,10711.0,7680.0,1423383,4286848,1426926,4345558,ASIL,CEPshVL,ASI,CEPshV
563,4500694,41889.0,10711.0,7680.0,1423383,4286848,1423838,4295727,ASIL,AWCR,ASI,AWC
564,4502076,41212.0,12193.0,8160.0,1423383,4286832,1426926,4345251,ASIL,CEPshVL,ASI,CEPshV
565,4502076,41212.0,12193.0,8160.0,1423383,4286832,1423838,4295743,ASIL,AWCR,ASI,AWC
566,4503586,42425.0,9500.0,6930.0,1423383,4286876,1426926,4345588,ASIL,CEPshVL,ASI,CEPshV
567,4500708,35164.0,3584.0,10920.0,1430497,4395329,1436068,4493190,ASIR,CEPshDR,ASI,CEPshD
568,4500708,35164.0,3584.0,10920.0,1430497,4395329,1427072,4348682,ASIR,AWCL,ASI,AWC
569,4500715,31397.0,9991.0,13860.0,1430497,4395217,1430933,4403812,ASIR,ASGR,ASI,ASG
570,4500715,31397.0,9991.0,13860.0,1430497,4395217,1420916,4244161,ASIR,AIBR,ASI,AIB
571,4500715,31397.0,9991.0,13860.0,1430497,4395217,1427072,4348809,ASIR,AWCL,ASI,AWC
572,4500715,31397.0,9991.0,13860.0,1430497,4395217,1423838,4295812,ASIR,AWCR,ASI,AWC
573,4497452,41634.0,7673.0,7800.0,1429910,4385148,1432704,4434814,ASJL,PVQL,ASJ,PVQ
574,4497454,41516.0,7577.0,7800.0,1429910,4385148,1432704,4434814,ASJL,PVQL,ASJ,PVQ
575,4502601,41748.0,8953.0,7740.0,1429910,4385152,1432704,4434808,ASJL,PVQL,ASJ,PVQ
576,4502603,40820.0,8213.0,7950.0,1429910,4385143,1432704,4434793,ASJL,PVQL,ASJ,PVQ
577,4502647,41464.0,11934.0,8640.0,1429910,4385004,1432704,4434770,ASJL,PVQL,ASJ,PVQ
578,4502604,41376.0,11299.0,8250.0,1429910,4385017,1432704,4434783,ASJL,PVQL,ASJ,PVQ
579,4502640,41400.0,11602.0,8550.0,1429910,4385007,1432704,4434773,ASJL,PVQL,ASJ,PVQ
580,4502640,41400.0,11602.0,8550.0,1429910,4385007,1421261,4248904,ASJL,ASKL,ASJ,ASK
581,4506770,37288.0,4731.0,9480.0,1429910,4385121,1432704,4434885,ASJL,PVQL,ASJ,PVQ
582,4502717,32555.0,9537.0,13110.0,1420041,4227518,1433567,4451125,ASJR,PVQR,ASJ,PVQ
583,4502717,32555.0,9537.0,13110.0,1420041,4227518,1429400,4379012,ASJR,ASKR,ASJ,ASK
584,4502666,36288.0,4527.0,10170.0,1420041,4227624,1433567,4451226,ASJR,PVQR,ASJ,PVQ
585,4502693,32619.0,8736.0,13050.0,1420041,4227524,1433567,4451127,ASJR,PVQR,ASJ,PVQ
586,4502714,32365.0,8618.0,13050.0,1420041,4227524,1433567,4451127,ASJR,PVQR,ASJ,PVQ
587,4502720,34381.0,12115.0,13290.0,1420041,4227500,1433567,4451111,ASJR,PVQR,ASJ,PVQ
588,4502721,34061.0,11981.0,13350.0,1420041,4227502,1429400,4379006,ASJR,ASKR,ASJ,ASK
589,4502721,34061.0,11981.0,13350.0,1420041,4227502,1433567,4451113,ASJR,PVQR,ASJ,PVQ
590,4502670,36002.0,4231.0,10410.0,1420041,4227616,1433567,4451218,ASJR,PVQR,ASJ,PVQ
591,4502751,36913.0,4035.0,9840.0,1421261,4249036,1419826,4225608,ASKL,AIAL,ASK,AIA
592,4502755,42263.0,8668.0,7230.0,1421261,4249065,1419826,4225505,ASKL,AIAL,ASK,AIA
593,4502764,42133.0,8372.0,7260.0,1421261,4249064,1419826,4225504,ASKL,AIAL,ASK,AIA
594,4502769,41905.0,8144.0,7320.0,1421261,4249062,1419826,4225502,ASKL,AIAL,ASK,AIA
595,4502777,36664.0,4031.0,9750.0,1421261,4249033,1419826,4225605,ASKL,AIAL,ASK,AIA
596,4502804,41657.0,8303.0,7410.0,1421261,4249059,1419826,4225499,ASKL,AIAL,ASK,AIA
597,4502770,37822.0,4649.0,9150.0,1421261,4249013,1419826,4225585,ASKL,AIAL,ASK,AIA
598,4502820,35860.0,3613.0,10350.0,1429400,4379119,1428983,4373711,ASKR,AIAR,ASK,AIA
599,4502892,31274.0,8347.0,13410.0,1429400,4379132,1428983,4373608,ASKR,AIAR,ASK,AIA
600,5402775,31465.0,8832.0,13590.0,1429400,4379138,1428983,4373590,ASKR,AIAR,ASK,AIA
601,5402775,31465.0,8832.0,13590.0,1429400,4379138,1428983,4373602,ASKR,AIAR,ASK,AIA
602,4502854,34768.0,4276.0,10980.0,1429400,4379099,1428983,4373691,ASKR,AIAR,ASK,AIA
603,4502854,34768.0,4276.0,10980.0,1429400,4379099,1420916,4243858,ASKR,AIBR,ASK,AIB
604,4502868,31393.0,9085.0,13500.0,1429400,4379135,1428983,4373587,ASKR,AIAR,ASK,AIA
605,4502868,31393.0,9085.0,13500.0,1429400,4379135,1420916,4243762,ASKR,AIBR,ASK,AIB
606,4507898,35313.0,4313.0,10860.0,1429400,4379103,1428983,4373731,ASKR,AIAR,ASK,AIA
607,4507898,35313.0,4313.0,10860.0,1429400,4379103,1420916,4243862,ASKR,AIBR,ASK,AIB
608,4502886,36540.0,13605.0,12570.0,1429400,4378976,1421626,4256971,ASKR,AINR,ASK,AIN
609,4502886,36540.0,13605.0,12570.0,1429400,4378976,1420916,4243731,ASKR,AIBR,ASK,AIB
610,4502941,41918.0,9120.0,6600.0,1427225,4350571,1419530,4221338,AUAL,RIBL,AUA,RIB
611,4502941,41918.0,9120.0,6600.0,1427225,4350571,1421188,4248654,AUAL,URXL,AUA,URX
612,4502941,41918.0,9120.0,6600.0,1427225,4350571,1427938,4359822,AUAL,RIAL,AUA,RIA
613,4508307,41027.0,6422.0,6960.0,1427225,4350457,1426538,4338935,AUAL,AVAL,AUA,AVA
614,4508307,41027.0,6422.0,6960.0,1427225,4350457,1427938,4359799,AUAL,RIAL,AUA,RIA
615,4502932,41898.0,7584.0,6660.0,1427225,4350569,1426538,4340273,AUAL,AVAL,AUA,AVA
616,4502932,41898.0,7584.0,6660.0,1427225,4350569,1427938,4359809,AUAL,RIAL,AUA,RIA
617,4502096,41652.0,8334.0,6420.0,1427225,4350577,1419530,4221351,AUAL,RIBL,AUA,RIB
618,4502096,41652.0,8334.0,6420.0,1427225,4350577,1427938,4359816,AUAL,RIAL,AUA,RIA
619,4508332,41089.0,10096.0,7230.0,1427225,4350421,1427938,4359843,AUAL,RIAL,AUA,RIA
620,5067195,41699.0,8011.0,6510.0,1427225,4350574,1427938,5067196,AUAL,RIAL,AUA,RIA
621,5067195,41699.0,8011.0,6510.0,1427225,4350574,1419530,4221354,AUAL,RIBL,AUA,RIB
622,5067197,41921.0,8808.0,6480.0,1427225,4350575,1421188,7654670,AUAL,URXL,AUA,URX
623,5067197,41921.0,8808.0,6480.0,1427225,4350575,1419530,4221342,AUAL,RIBL,AUA,RIB
624,5067197,41921.0,8808.0,6480.0,1427225,4350575,1427938,4359814,AUAL,RIAL,AUA,RIA
625,4502981,39166.0,4829.0,7830.0,1427225,4350496,1419530,4221399,AUAL,RIBL,AUA,RIB
626,4502981,39166.0,4829.0,7830.0,1427225,4350496,1429313,4377479,AUAL,AVEL,AUA,AVE
627,4503003,37959.0,4971.0,8070.0,1427225,4350504,1419530,4221407,AUAL,RIBL,AUA,RIB
628,4503003,37959.0,4971.0,8070.0,1427225,4350504,1429313,4377487,AUAL,AVEL,AUA,AVE
629,4503009,37494.0,4693.0,8340.0,1427225,4350513,1429313,4377496,AUAL,AVEL,AUA,AVE
630,4503009,37494.0,4693.0,8340.0,1427225,4350513,1419530,4221416,AUAL,RIBL,AUA,RIB
631,4508670,36720.0,4425.0,8970.0,1427225,4350534,1419530,4221437,AUAL,RIBL,AUA,RIB
632,4508670,36720.0,4425.0,8970.0,1427225,4350534,1429313,4377519,AUAL,AVEL,AUA,AVE
633,4503020,37020.0,4713.0,8640.0,1427225,4350523,1419530,4221426,AUAL,RIBL,AUA,RIB
634,4503020,37020.0,4713.0,8640.0,1427225,4350523,1429313,4377508,AUAL,AVEL,AUA,AVE
635,4503036,34198.0,3391.0,10500.0,1436071,4493941,1422520,4271877,AUAR,RIBR,AUA,RIB
636,4503036,34198.0,3391.0,10500.0,1436071,4493941,1428348,4364220,AUAR,AVER,AUA,AVE
637,4503070,33798.0,4126.0,11070.0,1436071,4493923,1422520,4271859,AUAR,RIBR,AUA,RIB
638,4503070,33798.0,4126.0,11070.0,1436071,4493923,1428348,4364202,AUAR,AVER,AUA,AVE
639,4503076,32231.0,4803.0,12000.0,1436071,4493888,1422520,4271828,AUAR,RIBR,AUA,RIB
640,4503076,32231.0,4803.0,12000.0,1436071,4493888,1428348,4364171,AUAR,AVER,AUA,AVE
641,4508888,34102.0,4256.0,10650.0,1436071,4493937,1422520,4271873,AUAR,RIBR,AUA,RIB
642,4508888,34102.0,4256.0,10650.0,1436071,4493937,1428348,4364216,AUAR,AVER,AUA,AVE
643,4503078,31919.0,11407.0,13110.0,1436071,4493793,1427586,4354385,AUAR,RIAR,AUA,RIA
644,4503098,29913.0,8441.0,13620.0,1436071,4493835,1427586,4354352,AUAR,RIAR,AUA,RIA
645,4503098,29913.0,8441.0,13620.0,1436071,4493835,1422520,4271664,AUAR,RIBR,AUA,RIB
646,4503134,31221.0,10921.0,13260.0,1436071,4493802,1427586,4354380,AUAR,RIAR,AUA,RIA
647,4503134,31221.0,10921.0,13260.0,1436071,4493802,1422520,4271622,AUAR,RIBR,AUA,RIB
648,4506810,29531.0,9125.0,13890.0,1436071,4493823,1422520,4271655,AUAR,RIBR,AUA,RIB
649,4506955,29851.0,9209.0,13950.0,1436071,4493825,1427586,4354363,AUAR,RIAR,AUA,RIA
650,4506955,29851.0,9209.0,13950.0,1436071,4493825,1422520,4271653,AUAR,RIBR,AUA,RIB
651,4503094,29787.0,8153.0,13560.0,1436071,4493837,1427586,4354350,AUAR,RIAR,AUA,RIA
652,4503094,29787.0,8153.0,13560.0,1436071,4493837,1422520,4271666,AUAR,RIBR,AUA,RIB
653,4508143,32063.0,10801.0,13140.0,1432412,4428015,1423522,4290106,AVHL,AIZR,AVH,AIZ
654,4508143,32063.0,10801.0,13140.0,1432412,4428015,1432620,4432121,AVHL,ADFR,AVH,ADF
655,4508095,37504.0,5181.0,9030.0,1432412,4426783,1427514,4354169,AVHL,ASHL,AVH,ASH
656,4508095,37504.0,5181.0,9030.0,1432412,4426783,1426312,4335961,AVHL,AWBL,AVH,AWB
657,4502741,31136.0,9905.0,13320.0,1432412,4428023,1423135,4281127,AVHL,AWBR,AVH,AWB
658,4504867,34294.0,11887.0,12540.0,1432412,4426938,1435183,4478670,AVHL,ADAR,AVH,ADA
659,4504867,34294.0,11887.0,12540.0,1432412,4426938,1432620,4432101,AVHL,ADFR,AVH,ADF
660,4504867,34294.0,11887.0,12540.0,1432412,4426938,1423135,4281101,AVHL,AWBR,AVH,AWB
661,4497111,34350.0,4954.0,11220.0,1432412,4426854,1425511,4321078,AVHL,ASHR,AVH,ASH
662,4497111,34350.0,4954.0,11220.0,1432412,4426854,1423135,4281193,AVHL,AWBR,AVH,AWB
663,4508153,31250.0,7801.0,12840.0,1432412,4426906,1419707,4223476,AVHL,RIR,AVH,RIR
664,4508153,31250.0,7801.0,12840.0,1432412,4426906,1433212,4442871,AVHL,PVPR,AVH,PVP
665,4502481,42975.0,12773.0,10770.0,1423487,4288631,1434361,4463609,AVHR,AVAR,AVH,AVA
666,4508177,38627.0,5643.0,8100.0,1423487,4288462,1419826,4225550,AVHR,AIAL,AVH,AIA
667,4508177,38627.0,5643.0,8100.0,1423487,4288462,1426312,4335930,AVHR,AWBL,AVH,AWB
668,4508177,38627.0,5643.0,8100.0,1423487,4288462,1431605,4415115,AVHR,ADFL,AVH,ADF
669,4508167,40729.0,8529.0,7320.0,1423487,4288506,1422667,4273900,AVHR,ADLL,AVH,ADL
670,4508167,40729.0,8529.0,7320.0,1423487,4288506,1426312,4335883,AVHR,AWBL,AVH,AWB
671,4508183,37443.0,5257.0,8790.0,1423487,4288436,1432412,4426775,AVHR,AVHL,AVH,AVH
672,4508183,37443.0,5257.0,8790.0,1423487,4288436,1426312,4335953,AVHR,AWBL,AVH,AWB
673,4508188,41181.0,9689.0,7770.0,1423487,4288532,1426312,4335868,AVHR,AWBL,AVH,AWB
674,4508188,41181.0,9689.0,7770.0,1423487,4288532,1423691,4291860,AVHR,SMBVL,AVH,SMBV
675,4508188,41181.0,9689.0,7770.0,1423487,4288532,1432129,4423751,AVHR,AIZL,AVH,AIZ
676,4508218,40141.0,11007.0,8820.0,1423487,4288567,1423638,4291443,AVHR,DVA,AVH,DVA
677,4508218,40141.0,11007.0,8820.0,1423487,4288567,1431605,4415017,AVHR,ADFL,AVH,ADF
678,4508218,40141.0,11007.0,8820.0,1423487,4288567,1423691,4291825,AVHR,SMBVL,AVH,SMBV
679,4508172,40475.0,7113.0,7260.0,1423487,4288497,1431605,4415085,AVHR,ADFL,AVH,ADF
680,4508172,40475.0,7113.0,7260.0,1423487,4288497,1421188,4248586,AVHR,URXL,AVH,URX
681,4508304,37077.0,13053.0,12420.0,1431222,4408129,1420693,4239778,AVJL,PVCL,AVJ,PVC
682,4508304,37077.0,13053.0,12420.0,1431222,4408129,1423195,4281960,AVJL,AVBR,AVJ,AVB
683,4508420,38749.0,13425.0,12660.0,1431222,4408152,1420693,4239758,AVJL,PVCL,AVJ,PVC
684,4497543,38809.0,12269.0,12240.0,1431222,4408134,1430112,4387809,AVJL,RIFL,AVJ,RIF
685,4508375,40521.0,10887.0,8760.0,1434461,4465013,1429073,4374590,AVJR,RIFR,AVJ,RIF
686,4508375,40521.0,10887.0,8760.0,1434461,4465013,1423018,4278555,AVJR,AVBL,AVJ,AVB
687,5470809,41105.0,11998.0,10170.0,1434461,4465058,1423195,4282293,AVJR,AVBR,AVJ,AVB
688,5470809,41105.0,11998.0,10170.0,1434461,4465058,1423265,4284291,AVJR,AVDR,AVJ,AVD
689,4503211,35961.0,10865.0,11640.0,1420804,4242755,1431482,4412221,AVKL,AIBL,AVK,AIB
690,4503211,35961.0,10865.0,11640.0,1420804,4242755,1429313,4377683,AVKL,AVEL,AVK,AVE
691,4503562,34197.0,3897.0,9660.0,1420804,4241840,1429313,4377542,AVKL,AVEL,AVK,AVE
692,4503562,34197.0,3897.0,9660.0,1420804,4241840,1432287,4425016,AVKL,RIML,AVK,RIM
693,4503593,35444.0,4345.0,8670.0,1420804,4241807,1419924,4226097,AVKL,RIMR,AVK,RIM
694,4503593,35444.0,4345.0,8670.0,1420804,4241807,1428348,4364280,AVKL,AVER,AVK,AVE
695,4507295,32712.0,4322.0,11010.0,1420804,4241883,1429685,4382953,AVKL,SMDVR,AVK,SMDV
696,4507295,32712.0,4322.0,11010.0,1420804,4241883,1432287,4425059,AVKL,RIML,AVK,RIM
697,4503176,38668.0,11158.0,8670.0,1420804,4241653,1428348,4364419,AVKL,AVER,AVK,AVE
698,4497918,39730.0,8036.0,6390.0,1420804,4241728,1420582,4236652,AVKL,RIS,AVK,RIS
699,4497918,39730.0,8036.0,6390.0,1420804,4241728,1421828,4260261,AVKL,RMGL,AVK,RMG
700,4503259,29771.0,9694.0,13050.0,1420804,4241952,1434654,4469727,AVKL,RMGR,AVK,RMG
701,4503259,29771.0,9694.0,13050.0,1420804,4241952,1422040,4263591,AVKL,SAADR,AVK,SAAD
702,4498741,35708.0,4219.0,8910.0,1426010,4330266,1420916,4243925,AVKR,AIBR,AVK,AIB
703,4498741,35708.0,4219.0,8910.0,1426010,4330266,1419924,4226089,AVKR,RIMR,AVK,RIM
704,4498741,35708.0,4219.0,8910.0,1426010,4330266,1428348,4364272,AVKR,AVER,AVK,AVE
705,4498539,40032.0,6840.0,6600.0,1426010,4330343,1432008,4421599,AVKR,SAADL,AVK,SAAD
706,4498539,40032.0,6840.0,6600.0,1426010,4330343,1419924,4226170,AVKR,RIMR,AVK,RIM
707,4506137,39716.0,7088.0,6660.0,1426010,4330341,1420582,4236666,AVKR,RIS,AVK,RIS
708,4501206,31298.0,5389.0,12030.0,1426010,4330164,1432287,4425093,AVKR,RIML,AVK,RIM
709,4501206,31298.0,5389.0,12030.0,1426010,4330164,1422453,4271038,AVKR,RMDR,AVK,RMDL/R
710,4502856,30908.0,10691.0,12720.0,1426010,4330124,1422453,4271375,AVKR,RMDR,AVK,RMDL/R
711,4502856,30908.0,10691.0,12720.0,1426010,4330124,1432287,4425144,AVKR,RIML,AVK,RIM
712,4502856,30908.0,10691.0,12720.0,1426010,4330124,1420804,4241963,AVKR,AVKL,AVK,AVK
713,4501181,39666.0,11016.0,10230.0,1426010,4330479,1431765,4416644,AVKR,SIADL,AVK,SIAD
714,4504334,39224.0,6648.0,6360.0,1550326,4325782,1425603,4322495,AVL,RMEL,AVL,RMEL/R
715,4504334,39224.0,6648.0,6360.0,1550326,4325782,1420582,4236660,AVL,RIS,AVL,RIS
716,4504352,28883.0,8758.0,12870.0,1550326,4325994,1423453,4288131,AVL,RMER,AVL,RMEL/R
717,4509096,36102.0,4207.0,9750.0,1426397,4336958,1419826,4225605,AWAL,AIAL,AWA,AIA
718,4503044,41213.0,8083.0,7140.0,1426397,4336984,1432129,4423782,AWAL,AIZL,AWA,AIZ
719,4503061,40667.0,11093.0,8250.0,1426397,4336833,1426312,4335852,AWAL,AWBL,AWA,AWB
720,4503061,40667.0,11093.0,8250.0,1426397,4336833,1432129,4423728,AWAL,AIZL,AWA,AIZ
721,4503132,41275.0,9063.0,7260.0,1426397,4336867,1426312,4335885,AWAL,AWBL,AWA,AWB
722,4503132,41275.0,9063.0,7260.0,1426397,4336867,1432129,4423768,AWAL,AIZL,AWA,AIZ
723,4509151,40807.0,11055.0,8100.0,1426397,4336838,1432129,4423733,AWAL,AIZL,AWA,AIZ
724,4509151,40807.0,11055.0,8100.0,1426397,4336838,1426312,4335857,AWAL,AWBL,AWA,AWB
725,4503059,40625.0,11761.0,8760.0,1426397,4336816,1426312,4335835,AWAL,AWBL,AWA,AWB
726,4503059,40625.0,11761.0,8760.0,1426397,4336816,1428676,4370191,AWAL,ASEL,AWA,ASE
727,5067186,37535.0,4843.0,9030.0,1426397,4336934,1426312,4335961,AWAL,AWBL,AWA,AWB
728,5067186,37535.0,4843.0,9030.0,1426397,4336934,1428676,4370324,AWAL,ASEL,AWA,ASE
729,4496831,31273.0,8179.0,13260.0,1430425,4394211,1430370,4393227,AWAR,ADLR,AWA,ADL
730,4503184,31517.0,9635.0,13320.0,1430425,4394315,1430370,4393260,AWAR,ADLR,AWA,ADL
731,4503171,31779.0,8490.0,12960.0,1430425,4394221,1430370,4393122,AWAR,ADLR,AWA,ADL
732,4503171,31779.0,8490.0,12960.0,1430425,4394221,1423135,4281138,AWAR,AWBR,AWA,AWB
733,4496788,32851.0,11420.0,13050.0,1430425,4394196,1423135,4281118,AWAR,AWBR,AWA,AWB
734,4496788,32851.0,11420.0,13050.0,1430425,4394196,1420462,4234555,AWAR,AFDR,AWA,AFD
735,4503179,32975.0,11608.0,13140.0,1430425,4394199,1422608,4273333,AWAR,ASER,AWA,ASE
736,4503179,32975.0,11608.0,13140.0,1430425,4394199,1419980,4226579,AWAR,AIYR,AWA,AIY
737,4496738,33337.0,11926.0,13020.0,1430425,4394195,1419980,4226575,AWAR,AIYR,AWA,AIY
738,4505648,31013.0,8547.0,13410.0,1430425,4394318,1428983,4373608,AWAR,AIAR,AWA,AIA
739,4505648,31013.0,8547.0,13410.0,1430425,4394318,1423522,4290133,AWAR,AIZR,AWA,AIZ
740,4509496,31267.0,9835.0,13350.0,1430425,4394319,1423135,4281128,AWAR,AWBR,AWA,AWB
741,4509451,34958.0,4576.0,10740.0,1430425,4394291,1422608,4273436,AWAR,ASER,AWA,ASE
742,4509451,34958.0,4576.0,10740.0,1430425,4394291,1423135,4281209,AWAR,AWBR,AWA,AWB
743,4503157,35422.0,4047.0,10110.0,1430425,4394311,1423135,4281229,AWAR,AWBR,AWA,AWB
744,4503157,35422.0,4047.0,10110.0,1430425,4394311,1426397,4336969,AWAR,AWAL,AWA,AWA
745,4497079,40288.0,11474.0,8880.0,1426312,4335831,1431605,4415015,AWBL,ADFL,AWB,ADF
746,4503293,36869.0,4304.0,9210.0,1426312,4335967,1431605,4415152,AWBL,ADFL,AWB,ADF
747,4503233,37196.0,4795.0,9030.0,1426312,4335961,1419707,4223294,AWBL,RIR,AWB,RIR
748,4503233,37196.0,4795.0,9030.0,1426312,4335961,1431605,4415146,AWBL,ADFL,AWB,ADF
749,4503233,37196.0,4795.0,9030.0,1426312,4335961,1432620,4432285,AWBL,ADFR,AWB,ADF
750,4503240,40354.0,11450.0,9060.0,1426312,4335825,1432129,4423701,AWBL,AIZL,AWB,AIZ
751,4503240,40354.0,11450.0,9060.0,1426312,4335825,1431605,4415009,AWBL,ADFL,AWB,ADF
752,4503238,40274.0,11306.0,8940.0,1426312,4335829,1423487,4288571,AWBL,AVHR,AWB,AVH
753,4503238,40274.0,11306.0,8940.0,1426312,4335829,1431605,4415013,AWBL,ADFL,AWB,ADF
754,4503266,41113.0,8972.0,7260.0,1426312,4335885,1432129,4423768,AWBL,AIZL,AWB,AIZ
755,4503266,41113.0,8972.0,7260.0,1426312,4335885,1423691,4292698,AWBL,SMBVL,AWB,SMBV
756,4503227,40921.0,7356.0,7470.0,1426312,4335893,1427514,4354114,AWBL,ASHL,AWB,ASH
757,4503338,33559.0,11764.0,12660.0,1423135,4281105,1432620,4432105,AWBR,ADFR,AWB,ADF
758,4503357,32019.0,10689.0,13200.0,1423135,4281123,1432412,4428027,AWBR,AVHL,AWB,AVH
759,4503357,32019.0,10689.0,13200.0,1423135,4281123,1423522,4290108,AWBR,AIZR,AWB,AIZ
760,4503346,33571.0,11696.0,12690.0,1423135,4281106,1432412,4426933,AWBR,AVHL,AWB,AVH
761,4503346,33571.0,11696.0,12690.0,1423135,4281106,1432620,4432293,AWBR,ADFR,AWB,ADF
762,4503329,33895.0,12116.0,12630.0,1423135,4281104,1422520,4271598,AWBR,RIBR,AWB,RIB
763,4503370,34782.0,4429.0,10590.0,1423135,4281214,1432620,4432235,AWBR,ADFR,AWB,ADF
764,4503370,34782.0,4429.0,10590.0,1423135,4281214,1419707,4223549,AWBR,RIR,AWB,RIR
765,4497345,34452.0,4460.0,11010.0,1423135,4281200,1422608,4273427,AWBR,ASER,AWB,ASE
766,4497345,34452.0,4460.0,11010.0,1423135,4281200,1432620,4432221,AWBR,ADFR,AWB,ADF
767,4497345,34452.0,4460.0,11010.0,1423135,4281200,1436071,4493925,AWBR,AUAR,AWB,AUA
768,4500796,30945.0,9593.0,13380.0,1423135,4281129,1419707,4223454,AWBR,RIR,AWB,RIR
769,4503350,31365.0,8632.0,13080.0,1423135,4281134,1425511,4321015,AWBR,ASHR,AWB,ASH
770,4503350,31365.0,8632.0,13080.0,1423135,4281134,1425750,4324931,AWBR,URXR,AWB,URX
771,4503434,40799.0,6180.0,7290.0,1427072,4348563,1431482,4411982,AWCL,AIBL,AWC,AIB
772,4503431,41811.0,7282.0,7050.0,1427072,4348555,1431482,4411973,AWCL,AIBL,AWC,AIB
773,4503423,42119.0,8319.0,6840.0,1427072,4348547,1431149,4407719,AWCL,AIYL,AWC,AIY
774,4503423,42119.0,8319.0,6840.0,1427072,4348547,1431482,4412300,AWCL,AIBL,AWC,AIB
775,4503426,42486.0,9164.0,6750.0,1427072,4348850,1431149,4407722,AWCL,AIYL,AWC,AIY
776,4503438,41549.0,9772.0,7410.0,1427072,4348528,1431149,4407584,AWCL,AIYL,AWC,AIY
777,4503438,41549.0,9772.0,7410.0,1427072,4348528,1431482,4411949,AWCL,AIBL,AWC,AIB
778,4503467,40706.0,12036.0,8730.0,1427072,4348484,1431482,4411905,AWCL,AIBL,AWC,AIB
779,4503467,40706.0,12036.0,8730.0,1427072,4348484,1428676,4370192,AWCL,ASEL,AWC,ASE
780,4503467,40706.0,12036.0,8730.0,1427072,4348484,1431149,4407538,AWCL,AIYL,AWC,AIY
781,4503474,40758.0,12154.0,8910.0,1427072,4348478,1431482,4411899,AWCL,AIBL,AWC,AIB
782,4503474,40758.0,12154.0,8910.0,1427072,4348478,1431149,4407532,AWCL,AIYL,AWC,AIY
783,4498292,37320.0,4061.0,9330.0,1427072,4348631,1419826,4225591,AWCL,AIAL,AWC,AIA
784,4498292,37320.0,4061.0,9330.0,1427072,4348631,1423838,4295595,AWCL,AWCR,AWC,AWC
785,4498292,37320.0,4061.0,9330.0,1427072,4348631,1431482,4412048,AWCL,AIBL,AWC,AIB
786,4503490,30739.0,7929.0,13650.0,1427072,4348773,1420916,4243771,AWCL,AIBR,AWC,AIB
787,4503490,30739.0,7929.0,13650.0,1427072,4348773,1422608,4273538,AWCL,ASER,AWC,ASE
788,4503493,31597.0,8699.0,13980.0,1427072,4348805,1419980,4226607,AWCL,AIYR,AWC,AIY
789,4503463,34610.0,3806.0,11070.0,1427072,4348687,1420916,4243855,AWCL,AIBR,AWC,AIB
790,4503463,34610.0,3806.0,11070.0,1427072,4348687,1419980,4226702,AWCL,AIYR,AWC,AIY
791,4503441,40941.0,11943.0,8010.0,1427072,4348508,1421626,4256821,AWCL,AINR,AWC,AIN
792,4503441,40941.0,11943.0,8010.0,1427072,4348508,1423838,4295738,AWCL,AWCR,AWC,AWC
793,4503483,34527.0,12722.0,12780.0,1427072,4348845,1423838,4295404,AWCL,AWCR,AWC,AWC
794,4503524,35134.0,4134.0,11160.0,1423838,4295536,1428983,4373685,AWCR,AIAR,AWC,AIA
795,4503507,40101.0,5440.0,7410.0,1423838,4295659,1431482,4411986,AWCR,AIBL,AWC,AIB
796,4503509,38106.0,4721.0,8490.0,1423838,4295623,1419826,4225563,AWCR,AIAL,AWC,AIA
797,4503509,38106.0,4721.0,8490.0,1423838,4295623,1431482,4412021,AWCR,AIBL,AWC,AIB
798,4503518,36970.0,3925.0,9420.0,1423838,4295592,1419826,4225594,AWCR,AIAL,AWC,AIA
799,4503518,36970.0,3925.0,9420.0,1423838,4295592,1431482,4412051,AWCR,AIBL,AWC,AIB
800,4503568,30761.0,8926.0,13890.0,1423838,4295448,1420916,4244162,AWCR,AIBR,AWC,AIB
801,4503560,30843.0,8811.0,13800.0,1423838,4295451,1428983,4373597,AWCR,AIAR,AWC,AIA
802,4503560,30843.0,8811.0,13800.0,1423838,4295451,1420916,4244159,AWCR,AIBR,AWC,AIB
803,4503504,42099.0,9384.0,6960.0,1423838,4295787,1431149,4407599,AWCR,AIYL,AWC,AIY
804,4503505,40135.0,5442.0,7320.0,1423838,4295662,1431482,4411983,AWCR,AIBL,AWC,AIB
805,4503505,40135.0,5442.0,7320.0,1423838,4295662,1431149,4407630,AWCR,AIYL,AWC,AIY
806,4503497,42744.0,8996.0,6720.0,1423838,4295800,1427072,4348851,AWCR,AWCL,AWC,AWC
807,4503497,42744.0,8996.0,6720.0,1423838,4295800,1431149,4407723,AWCR,AIYL,AWC,AIY
808,4503529,40706.0,12142.0,8520.0,1423838,4295755,1427072,4348491,AWCR,AWCL,AWC,AWC
809,4503529,40706.0,12142.0,8520.0,1423838,4295755,1431482,4411912,AWCR,AIBL,AWC,AIB
810,4498855,30655.0,8685.0,13800.0,1423838,4295451,1420916,4244159,AWCR,AIBR,AWC,AIB
811,4498855,30655.0,8685.0,13800.0,1423838,4295451,1422608,4273543,AWCR,ASER,AWC,ASE
812,4503534,34891.0,13010.0,12660.0,1423838,4295400,1419980,4226563,AWCR,AIYR,AWC,AIY
813,4503534,34891.0,13010.0,12660.0,1423838,4295400,1422608,4273317,AWCR,ASER,AWC,ASE
814,4503564,31299.0,9657.0,13860.0,1423838,4295812,1420916,4244161,AWCR,AIBR,AWC,AIB
815,4503551,31585.0,10279.0,13680.0,1423838,4295815,1422608,4273682,AWCR,ASER,AWC,ASE
816,4503551,31585.0,10279.0,13680.0,1423838,4295815,1427072,4348815,AWCR,AWCL,AWC,AWC
817,4503561,30597.0,8421.0,13920.0,1423838,4295447,1422608,4273547,AWCR,ASER,AWC,ASE
818,4503561,30597.0,8421.0,13920.0,1423838,4295447,1427072,4348782,AWCR,AWCL,AWC,AWC
819,4503344,31335.0,11225.0,13050.0,1420142,4229323,1422520,4271927,BAGL,RIBR,BAG,RIB
820,4503256,34092.0,3379.0,10410.0,1420142,4229190,1428348,4364223,BAGL,AVER,BAG,AVE
821,4503256,34092.0,3379.0,10410.0,1420142,4229190,1422520,4271880,BAGL,RIBR,BAG,RIB
822,4503262,33908.0,3436.0,10470.0,1420142,4229192,1422520,4271878,BAGL,RIBR,BAG,RIB
823,4503262,33908.0,3436.0,10470.0,1420142,4229192,1428348,4364221,BAGL,AVER,BAG,AVE
824,4503246,33754.0,4187.0,10830.0,1420142,4229203,1428348,4364210,BAGL,AVER,BAG,AVE
825,4503246,33754.0,4187.0,10830.0,1420142,4229203,1422520,4271867,BAGL,RIBR,BAG,RIB
826,4503275,33306.0,4158.0,11280.0,1420142,4229218,1422520,4271852,BAGL,RIBR,BAG,RIB
827,4503275,33306.0,4158.0,11280.0,1420142,4229218,1428348,4364195,BAGL,AVER,BAG,AVE
828,4503320,30193.0,10587.0,13680.0,1420142,4229302,1427586,4354366,BAGL,RIAR,BAG,RIA
829,4503320,30193.0,10587.0,13680.0,1420142,4229302,1422520,4271637,BAGL,RIBR,BAG,RIB
830,4503334,29863.0,10285.0,13920.0,1420142,4229333,1427586,4354362,BAGL,RIAR,BAG,RIA
831,4503334,29863.0,10285.0,13920.0,1420142,4229333,1422520,4271645,BAGL,RIBR,BAG,RIB
832,4503312,29533.0,10117.0,13710.0,1420142,4229301,1427586,4354365,BAGL,RIAR,BAG,RIA
833,4503312,29533.0,10117.0,13710.0,1420142,4229301,1429497,4380424,BAGL,RIGR,BAG,RIG
834,4503398,41864.0,9850.0,6630.0,1423730,4293083,1419530,4221337,BAGR,RIBL,BAG,RIB
835,4503398,41864.0,9850.0,6630.0,1423730,4293083,1427938,4359823,BAGR,RIAL,BAG,RIA
836,4503445,40799.0,9818.0,7170.0,1423730,4293101,1427938,4359841,BAGR,RIAL,BAG,RIA
837,4503878,40539.0,9774.0,7230.0,1423730,4293104,1427938,4359843,BAGR,RIAL,BAG,RIA
838,4503878,40539.0,9774.0,7230.0,1423730,4293104,1428546,4367926,BAGR,RIGL,BAG,RIG
839,4503913,37693.0,4801.0,8190.0,1423730,4292948,1419530,4221411,BAGR,RIBL,BAG,RIB
840,4503913,37693.0,4801.0,8190.0,1423730,4292948,1429313,4377491,BAGR,AVEL,BAG,AVE
841,4503922,37014.0,4377.0,8580.0,1423730,4292935,1429313,4377506,BAGR,AVEL,BAG,AVE
842,4503922,37014.0,4377.0,8580.0,1423730,4292935,1419530,4221424,BAGR,RIBL,BAG,RIB
843,4503926,36654.0,4271.0,8730.0,1423730,4292930,1419530,4221429,BAGR,RIBL,BAG,RIB
844,4503926,36654.0,4271.0,8730.0,1423730,4292930,1429313,4377511,BAGR,AVEL,BAG,AVE
845,4503932,41619.0,9239.0,6570.0,1423730,4293081,1428546,4367953,BAGR,RIGL,BAG,RIG
846,4503932,41619.0,9239.0,6570.0,1423730,4293081,1427938,4359821,BAGR,RIAL,BAG,RIA
847,4499923,40218.0,9892.0,8430.0,1430569,4396903,1435255,4479760,BDUL,ALML,BDU,ALM
848,4499923,40218.0,9892.0,8430.0,1430569,4396903,1433516,4449856,BDUL,PVCR,BDU,PVC
849,4499705,37616.0,5891.0,8730.0,1430569,4396926,1425426,4319352,BDUL,PVR,BDU,PVR
850,4499705,37616.0,5891.0,8730.0,1430569,4396926,1433516,4449776,BDUL,PVCR,BDU,PVC
851,4499713,37820.0,6021.0,8670.0,1430569,4396924,1425426,4319354,BDUL,PVR,BDU,PVR
852,4499922,39496.0,8562.0,8490.0,1430569,4396986,1425426,4319379,BDUL,PVR,BDU,PVR
853,4506179,34541.0,11298.0,12750.0,1434998,4475364,1431222,4408112,BDUR,AVJL,BDU,AVJ
854,4499936,34228.0,5458.0,11310.0,1434998,4475418,1425426,4319266,BDUR,PVR,BDU,PVR
855,4499745,37349.0,5217.0,7230.0,1429838,4384243,1428348,4364328,CEPDL,AVER,CEPD,AVE
856,4499745,37349.0,5217.0,7230.0,1429838,4384243,1422841,4277553,CEPDL,OLLL,CEPD,OLL
857,4503975,38362.0,6019.0,6810.0,1429838,4384339,1422841,4277536,CEPDL,OLLL,CEPD,OLL
858,4503975,38362.0,6019.0,6810.0,1429838,4384339,1434596,4469021,CEPDL,RMDVL,CEPD,RMDV
859,4503994,38754.0,7043.0,6780.0,1429838,4384340,1428348,4364933,CEPDL,AVER,CEPD,AVE
860,4503994,38754.0,7043.0,6780.0,1429838,4384340,1422841,4277535,CEPDL,OLLL,CEPD,OLL
861,4499691,35630.0,5219.0,7980.0,1429838,4384268,1425912,4328900,CEPDL,SMDDR,CEPD,SMDD
862,4499691,35630.0,5219.0,7980.0,1429838,4384268,1422841,4277578,CEPDL,OLLL,CEPD,OLL
863,4499691,35630.0,5219.0,7980.0,1429838,4384268,1428348,4364303,CEPDL,AVER,CEPD,AVE
864,4499726,37175.0,6427.0,8430.0,1429838,4384162,1428266,4363467,CEPDL,IL1DL,CEPD,IL1D
865,4504103,37559.0,6374.0,7140.0,1429838,4384234,1434596,4469002,CEPDL,RMDVL,CEPD,RMDV
866,4504103,37559.0,6374.0,7140.0,1429838,4384234,1428266,4363540,CEPDL,IL1DL,CEPD,IL1D
867,4504103,37559.0,6374.0,7140.0,1429838,4384234,1424921,4311460,CEPDL,IL1L,CEPD,IL1L/R
868,4504116,35575.0,5322.0,8070.0,1429838,4384271,1434596,4469102,CEPDL,RMDVL,CEPD,RMDV
869,4504116,35575.0,5322.0,8070.0,1429838,4384271,1422193,4266633,CEPDL,URYDL,CEPD,URYD
870,4504116,35575.0,5322.0,8070.0,1429838,4384271,1428266,4363513,CEPDL,IL1DL,CEPD,IL1D
871,4503981,37830.0,5845.0,6960.0,1429838,4384307,1422841,4277544,CEPDL,OLLL,CEPD,OLL
872,4503981,37830.0,5845.0,6960.0,1429838,4384307,1434596,4469016,CEPDL,RMDVL,CEPD,RMDV
873,5067184,37906.0,6440.0,6990.0,1429838,4384306,1434596,4468989,CEPDL,RMDVL,CEPD,RMDV
874,5067184,37906.0,6440.0,6990.0,1429838,4384306,1422841,4277542,CEPDL,OLLL,CEPD,OLL
875,4499716,38142.0,6561.0,8250.0,1429838,4384189,1422941,4277816,CEPDL,URBL,CEPD,URB
876,4499716,38142.0,6561.0,8250.0,1429838,4384189,1420528,4235634,CEPDL,OLQDL,CEPD,OLQD
877,4499708,38215.0,6905.0,8040.0,1429838,4384201,1431939,4420738,CEPDL,RICL,CEPD,RIC
878,4499853,33164.0,6096.0,10950.0,1428854,4372423,1421136,4247918,CEPDR,IL1DR,CEPD,IL1D
879,4499841,31728.0,4768.0,10980.0,1428854,4372517,1429313,4377583,CEPDR,AVEL,CEPD,AVE
880,4499841,31728.0,4768.0,10980.0,1428854,4372517,1424674,4307565,CEPDR,OLLR,CEPD,OLL
881,4499905,30825.0,5935.0,11970.0,1428854,4372477,1424674,4307532,CEPDR,OLLR,CEPD,OLL
882,4499905,30825.0,5935.0,11970.0,1428854,4372477,1429313,4377615,CEPDR,AVEL,CEPD,AVE
883,4499813,32390.0,4229.0,10440.0,1428854,4372533,1431795,4418278,CEPDR,SMDDL,CEPD,SMDD
884,4499813,32390.0,4229.0,10440.0,1428854,4372533,1429313,4377567,CEPDR,AVEL,CEPD,AVE
885,4499813,32390.0,4229.0,10440.0,1428854,4372533,1424674,4307581,CEPDR,OLLR,CEPD,OLL
886,4499757,35764.0,5427.0,9330.0,1428854,4372573,1434794,4472218,CEPDR,RICR,CEPD,RIC
887,4499757,35764.0,5427.0,9330.0,1428854,4372573,1431939,4420781,CEPDR,RICL,CEPD,RIC
888,4499916,33035.0,6283.0,11700.0,1428854,4372400,1431872,4418856,CEPDR,URBR,CEPD,URB
889,4499916,33035.0,6283.0,11700.0,1428854,4372400,1431872,4418835,CEPDR,URBR,CEPD,URB
890,4499916,33035.0,6283.0,11700.0,1428854,4372400,1434794,4472142,CEPDR,RICR,CEPD,RIC
891,4499916,33035.0,6283.0,11700.0,1428854,4372400,1431939,4420854,CEPDR,RICL,CEPD,RIC
892,4499827,33670.0,5756.0,10860.0,1428854,4372432,1427717,4355173,CEPDR,RMDDR,CEPD,RMDD
893,4499827,33670.0,5756.0,10860.0,1428854,4372432,1431939,4420827,CEPDR,RICL,CEPD,RIC
894,4499864,33460.0,5800.0,11550.0,1428854,4372403,1435183,4478568,CEPDR,ADAR,CEPD,ADA
895,4499864,33460.0,5800.0,11550.0,1428854,4372403,1434794,4472147,CEPDR,RICR,CEPD,RIC
896,4499864,33460.0,5800.0,11550.0,1428854,4372403,1434361,4463309,CEPDR,AVAR,CEPD,AVA
897,4499902,30927.0,5737.0,11760.0,1428854,4372492,1428906,4373164,CEPDR,RMDVR,CEPD,RMDV
898,4499902,30927.0,5737.0,11760.0,1428854,4372492,1424674,4307539,CEPDR,OLLR,CEPD,OLL
899,4499902,30927.0,5737.0,11760.0,1428854,4372492,1429313,4377608,CEPDR,AVEL,CEPD,AVE
900,4499928,31338.0,6359.0,12180.0,1428854,4372484,1428906,4373150,CEPDR,RMDVR,CEPD,RMDV
901,4499928,31338.0,6359.0,12180.0,1428854,4372484,1424674,4307616,CEPDR,OLLR,CEPD,OLL
902,4499928,31338.0,6359.0,12180.0,1428854,4372484,1429313,4377622,CEPDR,AVEL,CEPD,AVE
903,4499765,32772.0,4679.0,10110.0,1428854,4372544,1428906,4373219,CEPDR,RMDVR,CEPD,RMDV
904,4499950,39207.0,8877.0,6840.0,1429975,4385896,1428348,4364358,CEPVL,AVER,CEPV,AVE
905,4499940,39083.0,8877.0,6990.0,1429975,4385891,1422841,4277385,CEPVL,OLLL,CEPV,OLL
906,4499940,39083.0,8877.0,6990.0,1429975,4385891,1428348,4364363,CEPVL,AVER,CEPV,AVE
907,4499954,39059.0,9058.0,7200.0,1429975,4385884,1428348,4364370,CEPVL,AVER,CEPV,AVE
908,4499954,39059.0,9058.0,7200.0,1429975,4385884,1422841,4277392,CEPVL,OLLL,CEPV,OLL
909,4499981,38255.0,10523.0,8220.0,1429975,4385850,1428348,4364404,CEPVL,AVER,CEPV,AVE
910,4500035,37770.0,10652.0,8820.0,1429975,4385830,1429685,4383164,CEPVL,SMDVR,CEPV,SMDV
911,4500035,37770.0,10652.0,8820.0,1429975,4385830,1422841,4277446,CEPVL,OLLL,CEPV,OLL
912,4500031,37648.0,10486.0,8730.0,1429975,4385833,1422841,4277443,CEPVL,OLLL,CEPV,OLL
913,4500031,37648.0,10486.0,8730.0,1429975,4385833,1431026,4406188,CEPVL,RMDDL,CEPV,RMDD
914,4500047,38681.0,9157.0,7410.0,1429975,4385877,1431026,4406249,CEPVL,RMDDL,CEPV,RMDD
915,4500047,38681.0,9157.0,7410.0,1429975,4385877,1422841,4277399,CEPVL,OLLL,CEPV,OLL
916,4500042,37273.0,10345.0,9150.0,1429975,4385819,1422841,4277457,CEPVL,OLLL,CEPV,OLL
917,4500042,37273.0,10345.0,9150.0,1429975,4385819,1431026,4406168,CEPVL,RMDDL,CEPV,RMDD
918,4499973,39003.0,9005.0,8100.0,1429975,4385923,1434794,4472336,CEPVL,RICR,CEPV,RIC
919,4499973,39003.0,9005.0,8100.0,1429975,4385923,1426776,4343809,CEPVL,OLQVL,CEPV,OLQV
920,4499978,39219.0,9203.0,8190.0,1429975,4385920,1426776,4343806,CEPVL,OLQVL,CEPV,OLQV
921,4499994,37918.0,9164.0,8520.0,1429975,4385906,1426196,4333362,CEPVL,RIPL,CEPV,RIP
922,4499994,37918.0,9164.0,8520.0,1429975,4385906,1419374,4217381,CEPVL,IL2VL,CEPV,IL2V
923,4499994,37918.0,9164.0,8520.0,1429975,4385906,1426776,4343823,CEPVL,OLQVL,CEPV,OLQV
924,5470800,39037.0,9762.0,8550.0,1429975,4385754,1431426,4411397,CEPVL,IL1VL,CEPV,IL1V
925,5470800,39037.0,9762.0,8550.0,1429975,4385754,1431939,4420687,CEPVL,RICL,CEPV,RIC
926,5470800,39037.0,9762.0,8550.0,1429975,4385754,1434794,4472311,CEPVL,RICR,CEPV,RIC
927,4500160,32784.0,9539.0,12030.0,1432229,4424528,1429313,4377643,CEPVR,AVEL,CEPV,AVE
928,4500082,34644.0,9109.0,12090.0,1432229,4424450,1420360,4232043,CEPVR,IL1VR,CEPV,IL1V
929,4500082,34644.0,9109.0,12090.0,1432229,4424450,1431939,4420890,CEPVR,RICL,CEPV,RIC
930,4500068,34028.0,8654.0,11430.0,1432229,4424551,1425342,4317487,CEPVR,URAVR,CEPV,URAV
931,4500068,34028.0,8654.0,11430.0,1432229,4424551,1430218,4390225,CEPVR,OLQVR,CEPV,OLQV
932,4500112,32090.0,9023.0,12330.0,1432229,4424538,1424674,4307621,CEPVR,OLLR,CEPV,OLL
933,4500112,32090.0,9023.0,12330.0,1432229,4424538,1429313,4377633,CEPVR,AVEL,CEPV,AVE
934,4500066,34798.0,10140.0,11160.0,1432229,4424499,1426838,4344539,CEPVR,SMDVL,CEPV,SMDV
935,4500066,34798.0,10140.0,11160.0,1432229,4424499,1424674,4307660,CEPVR,OLLR,CEPV,OLL
936,4500142,34537.0,10197.0,11250.0,1432229,4424502,1429313,4377669,CEPVR,AVEL,CEPV,AVE
937,4500142,34537.0,10197.0,11250.0,1432229,4424502,1424674,4307657,CEPVR,OLLR,CEPV,OLL
938,4500142,34537.0,10197.0,11250.0,1432229,4424502,1426838,4344536,CEPVR,SMDVL,CEPV,SMDV
939,4500072,34795.0,9005.0,11610.0,1432229,4424466,1430218,4390216,CEPVR,OLQVR,CEPV,OLQV
940,4500072,34795.0,9005.0,11610.0,1432229,4424466,1420360,4232059,CEPVR,IL1VR,CEPV,IL1V
941,4500105,34070.0,8319.0,12030.0,1432229,4424568,1434794,4472387,CEPVR,RICR,CEPV,RIC
942,4500105,34070.0,8319.0,12030.0,1432229,4424568,1430218,4390202,CEPVR,OLQVR,CEPV,OLQV
943,4500130,32372.0,9175.0,12120.0,1432229,4424531,1427717,4355394,CEPVR,RMDDR,CEPV,RMDD
944,4500130,32372.0,9175.0,12120.0,1432229,4424531,1429313,4377640,CEPVR,AVEL,CEPV,AVE
945,4500060,34660.0,9958.0,11040.0,1432229,4424495,1424674,4307664,CEPVR,OLLR,CEPV,OLL
946,4500060,34660.0,9958.0,11040.0,1432229,4424495,1427717,4355072,CEPVR,RMDDR,CEPV,RMDD
947,4500135,33784.0,7497.0,12150.0,1432229,4424572,1431872,4418861,CEPVR,URBR,CEPV,URB
948,4507062,34176.0,4574.0,10740.0,1423638,4291247,1428348,4364213,DVA,AVER,DVA,AVE
949,4507062,34176.0,4574.0,10740.0,1423638,4291247,1436071,4493934,DVA,AUAR,DVA,AUA
950,4508808,40029.0,7770.0,7290.0,1423638,4291392,1426538,4338946,DVA,AVAL,DVA,AVA
951,4496973,37068.0,4817.0,8550.0,1423638,4291319,1427225,4350520,DVA,AUAL,DVA,AUA
952,4496973,37068.0,4817.0,8550.0,1423638,4291319,1432129,4423852,DVA,AIZL,DVA,AIZ
953,4496973,37068.0,4817.0,8550.0,1423638,4291319,1429313,4377505,DVA,AVEL,DVA,AVE
954,4507019,38854.0,5241.0,7710.0,1423638,4291347,1422193,4266566,DVA,URYDL,DVA,URYD
955,4507019,38854.0,5241.0,7710.0,1423638,4291347,1432129,4423820,DVA,AIZL,DVA,AIZ
956,4507019,38854.0,5241.0,7710.0,1423638,4291347,1429313,4377475,DVA,AVEL,DVA,AVE
957,4508025,37943.0,5271.0,8220.0,1423638,4291330,1429313,4377492,DVA,AVEL,DVA,AVE
958,4507107,32615.0,11178.0,12660.0,1423638,4291168,1429313,4377716,DVA,AVEL,DVA,AVE
959,4507100,32328.0,5095.0,12060.0,1423638,4291203,1428348,4364169,DVA,AVER,DVA,AVE
960,4509512,39751.0,10771.0,8070.0,1423638,4291418,1428348,4364449,DVA,AVER,DVA,AVE
961,4509512,39751.0,10771.0,8070.0,1423638,4291418,1419707,4223189,DVA,RIR,DVA,RIR
962,4507075,32833.0,4751.0,11550.0,1423638,4291220,1428348,4364186,DVA,AVER,DVA,AVE
963,4506500,36848.0,10842.0,11640.0,1422387,4270293,1431482,4412221,DVC,AIBL,DVC,AIB
964,4506500,36848.0,10842.0,11640.0,1422387,4270293,1426538,4339237,DVC,AVAL,DVC,AVA
965,4506278,34576.0,10707.0,11940.0,1422387,4270322,1423522,4290041,DVC,AIZR,DVC,AIZ
966,4506278,34576.0,10707.0,11940.0,1422387,4270322,1429313,4377693,DVC,AVEL,DVC,AVE
967,4506278,34576.0,10707.0,11940.0,1422387,4270322,1431482,4412191,DVC,AIBL,DVC,AIB
968,4505772,39034.0,11084.0,8520.0,1422387,4270673,1428348,4364432,DVC,AVER,DVC,AVE
969,4505772,39034.0,11084.0,8520.0,1422387,4270673,1420916,4244064,DVC,AIBR,DVC,AIB
970,4506307,39442.0,10713.0,9840.0,1422387,4270717,1420916,15137520,DVC,AIBR,DVC,AIB
971,4506307,39442.0,10713.0,9840.0,1422387,4270717,1434361,4463577,DVC,AVAR,DVC,AVA
972,4506247,32824.0,3862.0,11100.0,1422387,4270435,1429497,4380355,DVC,RIGR,DVC,RIG
973,4506247,32824.0,3862.0,11100.0,1422387,4270435,1420142,4229212,DVC,BAGL,DVC,BAG
974,4506247,32824.0,3862.0,11100.0,1422387,4270435,1430060,4386579,DVC,AVDL,DVC,AVD
975,4499313,40489.0,9735.0,7050.0,1422387,4270624,1428546,4367932,DVC,RIGL,DVC,RIG
976,4499313,40489.0,9735.0,7050.0,1422387,4270624,1419530,4221189,DVC,RIBL,DVC,RIB
977,4506231,38949.0,5129.0,6960.0,1422387,4270571,1419530,4221370,DVC,RIBL,DVC,RIB
978,4506231,38949.0,5129.0,6960.0,1422387,4270571,1428546,4367984,DVC,RIGL,DVC,RIG
979,4506299,31294.0,11126.0,12660.0,1422387,4270349,1425342,4317441,DVC,URAVR,DVC,URAV
980,4506299,31294.0,11126.0,12660.0,1422387,4270349,1422520,4271940,DVC,RIBR,DVC,RIB
981,4506238,39117.0,5281.0,6840.0,1422387,4270575,1420916,4244129,DVC,AIBR,DVC,AIB
982,4506238,39117.0,5281.0,6840.0,1422387,4270575,1428546,4367980,DVC,RIGL,DVC,RIG
983,4506308,31633.0,5113.0,12270.0,1422387,4270396,1422520,4271708,DVC,RIBR,DVC,RIB
984,4506308,31633.0,5113.0,12270.0,1422387,4270396,1431482,4412144,DVC,AIBL,DVC,AIB
985,4506282,30963.0,10952.0,12960.0,1422387,4270359,1422520,4271930,DVC,RIBR,DVC,RIB
986,4506282,30963.0,10952.0,12960.0,1422387,4270359,1429497,4380271,DVC,RIGR,DVC,RIG
987,4506323,31507.0,4978.0,12030.0,1422387,4270404,1429497,4380324,DVC,RIGR,DVC,RIG
988,4506323,31507.0,4978.0,12030.0,1422387,4270404,1422520,4271716,DVC,RIBR,DVC,RIB
989,4506315,38752.0,12067.0,12240.0,1431281,4410923,1433516,4449618,FLPL,PVCR,FLP,PVC
990,4506315,38752.0,12067.0,12240.0,1431281,4410923,1423195,4281955,FLPL,AVBR,FLP,AVB
991,4499984,37221.0,12751.0,12480.0,1431281,4410916,1423018,4278834,FLPL,AVBL,FLP,AVB
992,4499984,37221.0,12751.0,12480.0,1431281,4410916,1430060,4386663,FLPL,AVDL,FLP,AVD
993,4499996,38017.0,13103.0,12420.0,1431281,4410918,1430060,4386665,FLPL,AVDL,FLP,AVD
994,4507032,37713.0,11061.0,11760.0,1420619,4238207,1435146,4478072,FLPR,ADER,FLP,ADE
995,4500133,38789.0,13698.0,12930.0,1420619,4238169,1423018,4278849,FLPR,AVBL,FLP,AVB
996,4500133,38789.0,13698.0,12930.0,1420619,4238169,1430060,4386678,FLPR,AVDL,FLP,AVD
997,4500128,38100.0,12956.0,12450.0,1420619,4238185,1423018,4278833,FLPR,AVBL,FLP,AVB
998,4500128,38100.0,12956.0,12450.0,1420619,4238185,1431281,4410917,FLPR,FLPL,FLP,FLP
999,4500128,38100.0,12956.0,12450.0,1420619,4238185,1430060,4386664,FLPR,AVDL,FLP,AVD
1000,4507104,39234.0,11997.0,12360.0,1420619,4238187,1429313,4377742,FLPR,AVEL,FLP,AVE
1001,4507104,39234.0,11997.0,12360.0,1420619,4238187,1431281,4410919,FLPR,FLPL,FLP,FLP
1002,4500413,35351.0,5865.0,7950.0,1428266,4363500,1436355,4495124,IL1DL,BWM-DL01,IL1D,BWM01D
1003,4500424,36080.0,5645.0,7890.0,1428266,4363498,1426196,4333416,IL1DL,RIPL,IL1D,RIP
1004,4500439,36370.0,6382.0,7950.0,1428266,4363483,1434596,4469068,IL1DL,RMDVL,IL1D,RMDV
1005,4500439,36370.0,6382.0,7950.0,1428266,4363483,1436336,4494711,IL1DL,BWM-DL02,IL1D,BWM02D
1006,4509135,32088.0,6072.0,10950.0,1421136,4247926,1436320,4494244,IL1DR,BWM-DR01,IL1D,BWM01D
1007,4509135,32088.0,6072.0,10950.0,1421136,4247926,1430282,4390462,IL1DR,BWM-DR02,IL1D,BWM02D
1008,4509135,32088.0,6072.0,10950.0,1421136,4247926,1428906,4373466,IL1DR,RMDVR,IL1D,RMDV
1009,4506406,32152.0,5792.0,10650.0,1421136,4247982,1426227,4333979,IL1DR,RIPR,IL1D,RIP
1010,4500506,32018.0,5950.0,10980.0,1421136,4247927,1430282,4390461,IL1DR,BWM-DR02,IL1D,BWM02D
1011,4500506,32018.0,5950.0,10980.0,1421136,4247927,1426227,4334008,IL1DR,RIPR,IL1D,RIP
1012,15137502,37773.0,7056.0,7620.0,1424921,4311475,1424130,4298937,IL1L,BWM-VL02,IL1L/R,BWM02V
1013,15137502,37773.0,7056.0,7620.0,1424921,4311475,1436336,4494759,IL1L,BWM-DL02,IL1L/R,BWM02D
1014,15137502,37773.0,7056.0,7620.0,1424921,4311475,1434596,4469038,IL1L,RMDVL,IL1L/R,RMDV
1015,4500913,38187.0,7266.0,7770.0,1424921,4311480,1427022,4347521,IL1L,RMDL,IL1L/R,RMDL/R
1016,4500861,37213.0,6760.0,7410.0,1424921,4311430,1425159,4315444,IL1L,URADL,IL1L/R,URAD
1017,4500831,39017.0,7918.0,7830.0,1424921,4311414,1424130,4298956,IL1L,BWM-VL02,IL1L/R,BWM02V
1018,4500807,38415.0,7764.0,7800.0,1424921,4311417,1436336,4494746,IL1L,BWM-DL02,IL1L/R,BWM02D
1019,4500807,38415.0,7764.0,7800.0,1424921,4311417,1431026,4406242,IL1L,RMDDL,IL1L/R,RMDD
1020,4500838,38208.0,7881.0,7710.0,1424921,4311420,1431026,4406239,IL1L,RMDDL,IL1L/R,RMDD
1021,4500838,38208.0,7881.0,7710.0,1424921,4311420,1424130,4298919,IL1L,BWM-VL02,IL1L/R,BWM02V
1022,4500870,37295.0,6694.0,7380.0,1424921,4311431,1427717,4355355,IL1L,RMDDR,IL1L/R,RMDD
1023,4500870,37295.0,6694.0,7380.0,1424921,4311431,1434596,4469030,IL1L,RMDVL,IL1L/R,RMDV
1024,4500920,36679.0,6369.0,7410.0,1424921,4311469,1426196,4333400,IL1L,RIPL,IL1L/R,RIP
1025,4500920,36679.0,6369.0,7410.0,1424921,4311469,1434596,4469049,IL1L,RMDVL,IL1L/R,RMDV
1026,4501492,32364.0,7872.0,11640.0,1421690,4257959,1422736,4275112,IL1R,BWM-VR04,IL1L/R,BWM04V
1027,4501492,32364.0,7872.0,11640.0,1421690,4257959,1431555,4412623,IL1R,BWM-VR02,IL1L/R,BWM02V
1028,4501492,32364.0,7872.0,11640.0,1421690,4257959,1427717,4355115,IL1R,RMDDR,IL1L/R,RMDD
1029,4501528,32612.0,7736.0,11670.0,1421690,4257958,1431555,4412628,IL1R,BWM-VR02,IL1L/R,BWM02V
1030,4501528,32612.0,7736.0,11670.0,1421690,4257958,1422736,4275113,IL1R,BWM-VR04,IL1L/R,BWM04V
1031,4501615,32804.0,7691.0,11760.0,1421690,4257955,1422453,4271391,IL1R,RMDR,IL1L/R,RMDL/R
1032,4501586,32375.0,7017.0,11550.0,1421690,4257952,1430282,4390486,IL1R,BWM-DR02,IL1L/R,BWM02D
1033,4501556,32031.0,7159.0,11610.0,1421690,4257946,1428906,4373471,IL1R,RMDVR,IL1L/R,RMDV
1034,4501723,38151.0,8680.0,7620.0,1431426,4411515,1431026,4406234,IL1VL,RMDDL,IL1V,RMDD
1035,4501723,38151.0,8680.0,7620.0,1431426,4411515,1424130,4298945,IL1VL,BWM-VL02,IL1V,BWM02V
1036,4501744,37779.0,9477.0,8220.0,1431426,4411491,1431026,4406219,IL1VL,RMDDL,IL1V,RMDD
1037,4501744,37779.0,9477.0,8220.0,1431426,4411491,1424130,4298903,IL1VL,BWM-VL02,IL1V,BWM02V
1038,4501744,37779.0,9477.0,8220.0,1431426,4411491,1426196,4333346,IL1VL,RIPL,IL1V,RIP
1039,4501754,37629.0,9557.0,8100.0,1431426,4411487,1431026,4406215,IL1VL,RMDDL,IL1V,RMDD
1040,4501754,37629.0,9557.0,8100.0,1431426,4411487,1424130,4298907,IL1VL,BWM-VL02,IL1V,BWM02V
1041,4501754,37629.0,9557.0,8100.0,1431426,4411487,1426196,4333342,IL1VL,RIPL,IL1V,RIP
1042,4501776,36873.0,9973.0,8730.0,1431426,4411409,1424993,4312207,IL1VL,BWM-VL01,IL1V,BWM01V
1043,4501814,34326.0,9048.0,11250.0,1420360,4232107,1427717,4355096,IL1VR,RMDDR,IL1V,RMDD
1044,4501814,34326.0,9048.0,11250.0,1420360,4232107,1436372,4495653,IL1VR,BWM-VR01,IL1V,BWM01V
1045,5067198,34135.0,9153.0,11100.0,1420360,4232112,1427717,4355091,IL1VR,RMDDR,IL1V,RMDD
1046,5067198,34135.0,9153.0,11100.0,1420360,4232112,1436372,4495657,IL1VR,BWM-VR01,IL1V,BWM01V
1047,5067198,34135.0,9153.0,11100.0,1420360,4232112,1426227,4333899,IL1VR,RIPR,IL1V,RIP
1048,4501836,34106.0,9263.0,11010.0,1420360,4232115,1423453,4287754,IL1VR,RMER,IL1V,RMEL/R
1049,4501836,34106.0,9263.0,11010.0,1420360,4232115,1426227,4333902,IL1VR,RIPR,IL1V,RIP
1050,5067202,32767.0,8918.0,11490.0,1420360,4232073,1427717,4355106,IL1VR,RMDDR,IL1V,RMDD
1051,5067202,32767.0,8918.0,11490.0,1420360,4232073,1431555,4412606,IL1VR,BWM-VR02,IL1V,BWM02V
1052,5067202,32767.0,8918.0,11490.0,1420360,4232073,1426227,4333955,IL1VR,RIPR,IL1V,RIP
1053,4501962,36393.0,6024.0,7140.0,1420844,4243282,1426196,4333390,IL2DL,RIPL,IL2D,RIP
1054,4502098,35574.0,5637.0,7680.0,1420844,4243262,1425159,4315435,IL2DL,URADL,IL2D,URAD
1055,4502098,35574.0,5637.0,7680.0,1420844,4243262,1426196,4333409,IL2DL,RIPL,IL2D,RIP
1056,4501958,36677.0,5862.0,7050.0,1420844,4243285,1425603,4322699,IL2DL,RMEL,IL2D,RMEL/R
1057,4501958,36677.0,5862.0,7050.0,1420844,4243285,1432474,4428629,IL2DL,RMED,IL2D,RMED
1058,4502093,35391.0,5484.0,7650.0,1420844,4243261,1425603,4322719,IL2DL,RMEL,IL2D,RMEL/R
1059,4502093,35391.0,5484.0,7650.0,1420844,4243261,1432474,4428609,IL2DL,RMED,IL2D,RMED
1060,4501977,36759.0,6076.0,7200.0,1420844,4243280,1428266,4363538,IL2DL,IL1DL,IL2D,IL1D
1061,4501977,36759.0,6076.0,7200.0,1420844,4243280,1425603,4322859,IL2DL,RMEL,IL2D,RMEL/R
1062,4502090,35785.0,5602.0,7530.0,1420844,4243257,1426196,4333404,IL2DL,RIPL,IL2D,RIP
1063,4502090,35785.0,5602.0,7530.0,1420844,4243257,1423453,4288052,IL2DL,RMER,IL2D,RMEL/R
1064,4502090,35785.0,5602.0,7530.0,1420844,4243257,1425603,4322715,IL2DL,RMEL,IL2D,RMEL/R
1065,4502135,31424.0,5962.0,10860.0,1421800,4259500,1423453,4287943,IL2DR,RMER,IL2D,RMEL/R
1066,4502168,31108.0,6126.0,11220.0,1421800,4259486,1423453,4288103,IL2DR,RMER,IL2D,RMEL/R
1067,4502168,31108.0,6126.0,11220.0,1421800,4259486,1426227,4334016,IL2DR,RIPR,IL2D,RIP
1068,4502168,31108.0,6126.0,11220.0,1421800,4259486,1421136,4247935,IL2DR,IL1DR,IL2D,IL1D
1069,4502175,30592.0,6680.0,11310.0,1421800,4259489,1425603,4322838,IL2DR,RMEL,IL2D,RMEL/R
1070,4502175,30592.0,6680.0,11310.0,1421800,4259489,1427905,4359541,IL2DR,RMEV,IL2D,RMEV
1071,4502193,30690.0,6244.0,11430.0,1421800,4259493,1424441,4303574,IL2DR,URADR,IL2D,URAD
1072,4502193,30690.0,6244.0,11430.0,1421800,4259493,1423453,4287925,IL2DR,RMER,IL2D,RMEL/R
1073,4502193,30690.0,6244.0,11430.0,1421800,4259493,1426227,4334498,IL2DR,RIPR,IL2D,RIP
1074,4502150,31462.0,6516.0,10890.0,1421800,4259499,1425603,4322825,IL2DR,RMEL,IL2D,RMEL/R
1075,4502118,31858.0,6098.0,10560.0,1421800,4259510,1425603,4322814,IL2DR,RMEL,IL2D,RMEL/R
1076,4502118,31858.0,6098.0,10560.0,1421800,4259510,1424441,4303601,IL2DR,URADR,IL2D,URAD
1077,4502565,38166.0,6659.0,7860.0,1424498,4304371,1422453,4271337,IL2L,RMDR,IL2L/R,RMDL/R
1078,4502565,38166.0,6659.0,7860.0,1424498,4304371,1422841,4277646,IL2L,OLLL,IL2L/R,OLL
1079,4502488,37139.0,7487.0,7020.0,1424498,4304436,1420528,4235602,IL2L,OLQDL,IL2L/R,OLQD
1080,4502488,37139.0,7487.0,7020.0,1424498,4304436,1427362,4351761,IL2L,RIH,IL2L/R,RIH
1081,4502546,36911.0,6604.0,7050.0,1424498,4304435,1420528,4235603,IL2L,OLQDL,IL2L/R,OLQD
1082,4502546,36911.0,6604.0,7050.0,1424498,4304435,1427362,4351621,IL2L,RIH,IL2L/R,RIH
1083,4502477,37623.0,7767.0,6900.0,1424498,4304440,1427362,4351765,IL2L,RIH,IL2L/R,RIH
1084,4502506,37451.0,7968.0,6930.0,1424498,4304439,1426776,4343882,IL2L,OLQVL,IL2L/R,OLQV
1085,4502506,37451.0,7968.0,6930.0,1424498,4304439,1427362,4351764,IL2L,RIH,IL2L/R,RIH
1086,4502809,31212.0,7770.0,11430.0,1425282,4316699,1427362,4351287,IL2R,RIH,IL2L/R,RIH
1087,4502809,31212.0,7770.0,11430.0,1425282,4316699,1419649,4222711,IL2R,OLQDR,IL2L/R,OLQD
1088,4502860,31098.0,7470.0,11400.0,1425282,4316700,1427362,4351288,IL2R,RIH,IL2L/R,RIH
1089,4502876,30432.0,8009.0,11880.0,1425282,4316704,1430218,4390254,IL2R,OLQVR,IL2L/R,OLQV
1090,4502876,30432.0,8009.0,11880.0,1425282,4316704,1427362,4351266,IL2R,RIH,IL2L/R,RIH
1091,4502876,30432.0,8009.0,11880.0,1425282,4316704,1419649,4222704,IL2R,OLQDR,IL2L/R,OLQD
1092,4507770,30906.0,8030.0,11670.0,1425282,4316691,1419649,4222697,IL2R,OLQDR,IL2L/R,OLQD
1093,4507770,30906.0,8030.0,11670.0,1425282,4316691,1427362,4351259,IL2R,RIH,IL2L/R,RIH
1094,4502835,31100.0,8232.0,11550.0,1425282,4316695,1430218,4390246,IL2R,OLQVR,IL2L/R,OLQV
1095,4502835,31100.0,8232.0,11550.0,1425282,4316695,1427362,4351283,IL2R,RIH,IL2L/R,RIH
1096,4502863,32786.0,7287.0,11760.0,1425282,4316682,1424674,4307717,IL2R,OLLR,IL2L/R,OLL
1097,4502863,32786.0,7287.0,11760.0,1425282,4316682,1427022,4347811,IL2R,RMDL,IL2L/R,RMDL/R
1098,4502874,32732.0,7197.0,12000.0,1425282,4316674,1424674,4307509,IL2R,OLLR,IL2L/R,OLL
1099,4502896,37377.0,8794.0,7560.0,1419374,4217449,1426196,4333321,IL2VL,RIPL,IL2V,RIP
1100,4508266,37682.0,9353.0,8370.0,1419374,4217390,1426196,4333351,IL2VL,RIPL,IL2V,RIP
1101,4508266,37682.0,9353.0,8370.0,1419374,4217390,1428122,4361141,IL2VL,URAVL,IL2V,URAV
1102,4508266,37682.0,9353.0,8370.0,1419374,4217390,1431426,4411496,IL2VL,IL1VL,IL2V,IL1V
1103,4502898,37907.0,9182.0,7620.0,1419374,4217435,1425603,4322537,IL2VL,RMEL,IL2V,RMEL/R
1104,4502898,37907.0,9182.0,7620.0,1419374,4217435,1426196,4333323,IL2VL,RIPL,IL2V,RIP
1105,4502937,37006.0,9765.0,8340.0,1419374,4217393,1426196,4333350,IL2VL,RIPL,IL2V,RIP
1106,4502937,37006.0,9765.0,8340.0,1419374,4217393,1425603,4322561,IL2VL,RMEL,IL2V,RMEL/R
1107,4502944,36678.0,9800.0,8460.0,1419374,4217397,1425603,4322565,IL2VL,RMEL,IL2V,RMEL/R
1108,4502912,37156.0,9169.0,7920.0,1419374,4217425,1423453,4287855,IL2VL,RMER,IL2V,RMEL/R
1109,4502920,36890.0,9685.0,7980.0,1419374,4217423,1426196,4333338,IL2VL,RIPL,IL2V,RIP
1110,4502920,36890.0,9685.0,7980.0,1419374,4217423,1432474,4428700,IL2VL,RMED,IL2V,RMED
1111,4502920,36890.0,9685.0,7980.0,1419374,4217423,1423453,4287853,IL2VL,RMER,IL2V,RMEL/R
1112,4503012,33337.0,9305.0,10830.0,1422343,4268146,1436372,4495724,IL2VR,BWM-VR01,IL2V,BWM01V
1113,4502986,32106.0,8674.0,11100.0,1422343,4268137,1436372,4495657,IL2VR,BWM-VR01,IL2V,BWM01V
1114,4502986,32106.0,8674.0,11100.0,1422343,4268137,1426227,4333886,IL2VR,RIPR,IL2V,RIP
1115,4502990,32402.0,9004.0,11220.0,1422343,4268129,1425603,4322656,IL2VR,RMEL,IL2V,RMEL/R
1116,4502990,32402.0,9004.0,11220.0,1422343,4268129,1426227,4333882,IL2VR,RIPR,IL2V,RIP
1117,4503008,32188.0,9026.0,11460.0,1422343,4268127,1423453,4287739,IL2VR,RMER,IL2V,RMEL/R
1118,4503008,32188.0,9026.0,11460.0,1422343,4268127,1426227,4333951,IL2VR,RIPR,IL2V,RIP
1119,4503016,32727.0,9301.0,11280.0,1422343,4268121,1423453,4287745,IL2VR,RMER,IL2V,RMEL/R
1120,4503016,32727.0,9301.0,11280.0,1422343,4268121,1427905,4359488,IL2VR,RMEV,IL2V,RMEV
1121,4502953,33330.0,9420.0,10920.0,1422343,4268143,1427905,4359624,IL2VR,RMEV,IL2V,RMEV
1122,4502953,33330.0,9420.0,10920.0,1422343,4268143,1423453,4287757,IL2VR,RMER,IL2V,RMEL/R
1123,4503884,39189.0,8801.0,6750.0,1422841,4277524,1428348,4364354,OLLL,AVER,OLL,AVE
1124,4499333,38871.0,6889.0,6690.0,1422841,4277532,1428348,4364352,OLLL,AVER,OLL,AVE
1125,4499333,38871.0,6889.0,6690.0,1422841,4277532,1429838,4384343,OLLL,CEPDL,OLL,CEPD
1126,4503947,38791.0,8919.0,6960.0,1422841,4277384,1429975,4385892,OLLL,CEPVL,OLL,CEPV
1127,4503947,38791.0,8919.0,6960.0,1422841,4277384,1428348,4364362,OLLL,AVER,OLL,AVE
1128,4505805,37820.0,10649.0,8580.0,1422841,4277438,1429685,4383156,OLLL,SMDVR,OLL,SMDV
1129,4505805,37820.0,10649.0,8580.0,1422841,4277438,1428348,4364416,OLLL,AVER,OLL,AVE
1130,4505805,37820.0,10649.0,8580.0,1422841,4277438,1429975,4385838,OLLL,CEPVL,OLL,CEPV
1131,4503943,39071.0,8767.0,6810.0,1422841,4277522,1428348,4364357,OLLL,AVER,OLL,AVE
1132,4503943,39071.0,8767.0,6810.0,1422841,4277522,1419530,4221315,OLLL,RIBL,OLL,RIB
1133,4506162,37772.0,10930.0,8700.0,1422841,4277442,1428348,4364420,OLLL,AVER,OLL,AVE
1134,4506162,37772.0,10930.0,8700.0,1422841,4277442,1419530,4221253,OLLL,RIBL,OLL,RIB
1135,4501160,39441.0,8213.0,6630.0,1422841,4277528,1419530,4221322,OLLL,RIBL,OLL,RIB
1136,4501160,39441.0,8213.0,6630.0,1422841,4277528,1419530,4221474,OLLL,RIBL,OLL,RIB
1137,5470806,39218.0,7659.0,6720.0,1422841,4277525,1434596,5470807,OLLL,RMDVL,OLL,RMDV
1138,5470806,39218.0,7659.0,6720.0,1422841,4277525,1419530,4221477,OLLL,RIBL,OLL,RIB
1139,5470806,39218.0,7659.0,6720.0,1422841,4277525,1428348,4364353,OLLL,AVER,OLL,AVE
1140,4501364,37699.0,5431.0,7050.0,1422841,4277547,1429838,4384237,OLLL,CEPDL,OLL,CEPD
1141,4501364,37699.0,5431.0,7050.0,1422841,4277547,1428348,4364334,OLLL,AVER,OLL,AVE
1142,4501364,37699.0,5431.0,7050.0,1422841,4277547,1425912,4328931,OLLL,SMDDR,OLL,SMDD
1143,4505128,36751.0,4972.0,7410.0,1422841,4277559,1428348,4364322,OLLL,AVER,OLL,AVE
1144,4505128,36751.0,4972.0,7410.0,1422841,4277559,1425912,4328919,OLLL,SMDDR,OLL,SMDD
1145,4498386,35477.0,4723.0,8280.0,1422841,4277588,1419530,4221524,OLLL,RIBL,OLL,RIB
1146,4498386,35477.0,4723.0,8280.0,1422841,4277588,1425912,4328890,OLLL,SMDDR,OLL,SMDD
1147,4498386,35477.0,4723.0,8280.0,1422841,4277588,1428348,4364293,OLLL,AVER,OLL,AVE
1148,4501221,38287.0,6447.0,6780.0,1422841,4277535,1429838,4384340,OLLL,CEPDL,OLL,CEPD
1149,4501221,38287.0,6447.0,6780.0,1422841,4277535,1434596,4469022,OLLL,RMDVL,OLL,RMDV
1150,4503967,37933.0,6672.0,6960.0,1422841,4277541,1434596,4468990,OLLL,RMDVL,OLL,RMDV
1151,4503967,37933.0,6672.0,6960.0,1422841,4277541,1429838,4384307,OLLL,CEPDL,OLL,CEPD
1152,4503979,37687.0,5614.0,7050.0,1422841,4277547,1434596,4469006,OLLL,RMDVL,OLL,RMDV
1153,4503979,37687.0,5614.0,7050.0,1422841,4277547,1429838,4384237,OLLL,CEPDL,OLL,CEPD
1154,4503998,38857.0,9017.5,7140.0,1422841,4277390,1431026,4406258,OLLL,RMDDL,OLL,RMDD
1155,4503998,38857.0,9017.5,7140.0,1422841,4277390,1429975,4385886,OLLL,CEPVL,OLL,CEPV
1156,4505775,37680.0,10563.0,8580.0,1422841,4277438,1429975,4385838,OLLL,CEPVL,OLL,CEPV
1157,4505775,37680.0,10563.0,8580.0,1422841,4277438,1431026,4406193,OLLL,RMDDL,OLL,RMDD
1158,4506540,37613.0,10641.0,8670.0,1422841,4277441,1431026,4406190,OLLL,RMDDL,OLL,RMDD
1159,4506540,37613.0,10641.0,8670.0,1422841,4277441,1429975,4385835,OLLL,CEPVL,OLL,CEPV
1160,4506600,38627.0,9221.0,7350.0,1422841,4277397,1431026,4406251,OLLL,RMDDL,OLL,RMDD
1161,4506600,38627.0,9221.0,7350.0,1422841,4277397,1429975,4385879,OLLL,CEPVL,OLL,CEPV
1162,4504013,38895.0,9524.0,7560.0,1422841,4277404,1429685,4383122,OLLL,SMDVR,OLL,SMDV
1163,4506219,37548.0,10724.0,9180.0,1422841,4277458,1429685,4383176,OLLL,SMDVR,OLL,SMDV
1164,4506219,37548.0,10724.0,9180.0,1422841,4277458,1419530,4221269,OLLL,RIBL,OLL,RIB
1165,4506024,35024.0,4669.0,8460.0,1422841,4277594,1425912,4328884,OLLL,SMDDR,OLL,SMDD
1166,4506024,35024.0,4669.0,8460.0,1422841,4277594,1419530,4221530,OLLL,RIBL,OLL,RIB
1167,4506211,37484.0,10578.0,9150.0,1422841,4277457,1429685,4383175,OLLL,SMDVR,OLL,SMDV
1168,4506314,31044.0,6723.0,12270.0,1424674,4307619,1429313,4377625,OLLR,AVEL,OLL,AVE
1169,4508958,31057.0,7373.0,12360.0,1424674,4307622,1429313,4377629,OLLR,AVEL,OLL,AVE
1170,4508960,30975.0,7205.0,12360.0,1424674,4307622,1429313,4377629,OLLR,AVEL,OLL,AVE
1171,4508961,30939.0,7081.0,12360.0,1424674,4307622,1429313,4377629,OLLR,AVEL,OLL,AVE
1172,4508949,30910.0,6577.0,12240.0,1424674,4307618,1429313,4377624,OLLR,AVEL,OLL,AVE
1173,4507537,32716.0,4237.0,10080.0,1424674,4307593,1431795,4418266,OLLR,SMDDL,OLL,SMDD
1174,4507537,32716.0,4237.0,10080.0,1424674,4307593,1429313,4377555,OLLR,AVEL,OLL,AVE
1175,4507537,32716.0,4237.0,10080.0,1424674,4307593,1422520,4271801,OLLR,RIBR,OLL,RIB
1176,4508261,34360.0,10036.0,11190.0,1424674,4307659,1429313,4377671,OLLR,AVEL,OLL,AVE
1177,4508261,34360.0,10036.0,11190.0,1424674,4307659,1427717,4355094,OLLR,RMDDR,OLL,RMDD
1178,4508940,32154.0,9129.0,12090.0,1424674,4307629,1432229,4424530,OLLR,CEPVR,OLL,CEPV
1179,4508940,32154.0,9129.0,12090.0,1424674,4307629,1427717,4355393,OLLR,RMDDR,OLL,RMDD
1180,4508940,32154.0,9129.0,12090.0,1424674,4307629,1429313,4377641,OLLR,AVEL,OLL,AVE
1181,5235768,31993.0,4929.0,10830.0,1424674,4307569,1431795,4418290,OLLR,SMDDL,OLL,SMDD
1182,5235768,31993.0,4929.0,10830.0,1424674,4307569,1429313,4377579,OLLR,AVEL,OLL,AVE
1183,4508753,33620.0,9878.0,11670.0,1424674,4307643,1426838,4344522,OLLR,SMDVL,OLL,SMDV
1184,4508753,33620.0,9878.0,11670.0,1424674,4307643,1429313,4377655,OLLR,AVEL,OLL,AVE
1185,4508404,34496.0,10296.0,11220.0,1424674,4307658,1432229,4424501,OLLR,CEPVR,OLL,CEPV
1186,4508404,34496.0,10296.0,11220.0,1424674,4307658,1426838,4344537,OLLR,SMDVL,OLL,SMDV
1187,4508404,34496.0,10296.0,11220.0,1424674,4307658,1429313,4377670,OLLR,AVEL,OLL,AVE
1188,4505046,31178.0,5494.0,11550.0,1424674,4307546,1428906,4373172,OLLR,RMDVR,OLL,RMDV
1189,4505046,31178.0,5494.0,11550.0,1424674,4307546,1428854,4372499,OLLR,CEPDR,OLL,CEPD
1190,4507810,31352.0,5078.0,11340.0,1424674,4307553,1431795,4418307,OLLR,SMDDL,OLL,SMDD
1191,4507810,31352.0,5078.0,11340.0,1424674,4307553,1428854,4372506,OLLR,CEPDR,OLL,CEPD
1192,4507887,35728.0,10584.0,10740.0,1424674,4307674,1426838,4344867,OLLR,SMDVL,OLL,SMDV
1193,4507887,35728.0,10584.0,10740.0,1424674,4307674,1422520,4272003,OLLR,RIBR,OLL,RIB
1194,4508902,32344.0,7103.0,12000.0,1424674,4307509,1427022,4347803,OLLR,RMDL,OLL,RMDL/R
1195,4508746,31300.0,5248.0,11430.0,1424674,4307550,1428906,4373176,OLLR,RMDVR,OLL,RMDV
1196,4508746,31300.0,5248.0,11430.0,1424674,4307550,1429313,4377597,OLLR,AVEL,OLL,AVE
1197,4508067,35315.0,10501.0,10890.0,1424674,4307669,1426838,4344548,OLLR,SMDVL,OLL,SMDV
1198,4508533,34177.0,10165.0,11340.0,1424674,4307654,1429313,4377666,OLLR,AVEL,OLL,AVE
1199,4508533,34177.0,10165.0,11340.0,1424674,4307654,1426838,4344533,OLLR,SMDVL,OLL,SMDV
1200,4508533,34177.0,10165.0,11340.0,1424674,4307654,1432229,4424505,OLLR,CEPVR,OLL,CEPV
1201,4499377,36999.0,6751.0,6990.0,1420528,4235601,1424498,4304437,OLQDL,IL2L,OLQD,IL2L/R
1202,4499908,37679.0,6403.0,8040.0,1420528,4235641,1434794,4472261,OLQDL,RICR,OLQD,RIC
1203,4499578,36490.0,6177.0,8190.0,1420528,4235548,1431907,4419426,OLQDL,SIBVL,OLQD,SIBV
1204,4499578,36490.0,6177.0,8190.0,1420528,4235548,1427717,4355301,OLQDL,RMDDR,OLQD,RMDD
1205,4500400,30857.0,7419.0,11520.0,1419649,4222708,1425282,4316696,OLQDR,IL2R,OLQD,IL2L/R
1206,4500788,33151.0,5643.0,11280.0,1419649,4222631,1431939,4420840,OLQDR,RICL,OLQD,RIC
1207,4500570,32439.0,5611.0,10950.0,1419649,4222647,1430314,4391216,OLQDR,SIBVR,OLQD,SIBV
1208,4500570,32439.0,5611.0,10950.0,1419649,4222647,1431026,4406451,OLQDR,RMDDL,OLQD,RMDD
1209,4501567,38043.0,8492.0,7050.0,1426776,4343878,1424498,4304435,OLQVL,IL2L,OLQV,IL2L/R
1210,4501807,38840.0,9423.0,8100.0,1426776,4343809,1424741,4307870,OLQVL,RMHL,OLQV,RMH
1211,4501807,38840.0,9423.0,8100.0,1426776,4343809,1431939,4420702,OLQVL,RICL,OLQV,RIC
1212,4501999,38092.0,9818.0,8580.0,1426776,4343825,1428217,4363112,OLQVL,SIBDL,OLQV,SIBD
1213,4501999,38092.0,9818.0,8580.0,1426776,4343825,1428906,4373359,OLQVL,RMDVR,OLQV,RMDV
1214,4502618,38297.0,9653.0,8220.0,1426776,4343839,1428217,4363096,OLQVL,SIBDL,OLQV,SIBD
1215,4502618,38297.0,9653.0,8220.0,1426776,4343839,1428906,4373347,OLQVL,RMDVR,OLQV,RMDV
1216,4503726,30803.0,8297.0,11910.0,1430218,4390255,1425282,4316705,OLQVR,IL2R,OLQV,IL2L/R
1217,4504255,33854.0,8719.0,12000.0,1430218,4390203,1434794,4472102,OLQVR,RICR,OLQV,RIC
1218,4501164,34185.0,9237.0,11580.0,1430218,4390217,1434596,4469254,OLQVR,RMDVL,OLQV,RMDV
1219,4501164,34185.0,9237.0,11580.0,1430218,4390217,1422082,4265287,OLQVR,SIBDR,OLQV,SIBD
1220,4504225,33569.0,9029.0,11760.0,1430218,4390211,1434596,4469248,OLQVR,RMDVL,OLQV,RMDV
1221,4504673,39145.0,13828.0,12900.0,1420693,4239752,1420619,4238170,PVCL,FLPR,PVC,FLP
1222,4504673,39145.0,13828.0,12900.0,1420693,4239752,1423018,4278848,PVCL,AVBL,PVC,AVB
1223,4504632,31154.0,8297.0,12570.0,1420693,4239819,1433516,4449652,PVCL,PVCR,PVC,PVC
1224,4504632,31154.0,8297.0,12570.0,1420693,4239819,1430060,4386630,PVCL,AVDL,PVC,AVD
1225,4504632,31154.0,8297.0,12570.0,1420693,4239819,1428348,4364155,PVCL,AVER,PVC,AVE
1226,4508593,38457.0,13077.0,12510.0,1420693,4239763,1429313,4377746,PVCL,AVEL,PVC,AVE
1227,4508593,38457.0,13077.0,12510.0,1420693,4239763,1420582,4236714,PVCL,RIS,PVC,RIS
1228,4508593,38457.0,13077.0,12510.0,1420693,4239763,1428395,4365039,PVCL,SIAVR,PVC,SIAV
1229,4504505,34808.0,4491.0,10380.0,1420693,4239891,1423018,4278700,PVCL,AVBL,PVC,AVB
1230,4504505,34808.0,4491.0,10380.0,1420693,4239891,1422082,4264522,PVCL,SIBDR,PVC,SIBD
1231,4508569,34762.0,4875.0,10080.0,1420693,4239901,1423018,4278690,PVCL,AVBL,PVC,AVB
1232,4508569,34762.0,4875.0,10080.0,1420693,4239901,1422082,4264532,PVCL,SIBDR,PVC,SIBD
1233,4499670,36344.0,5019.0,9270.0,1420693,4239990,1428217,4362331,PVCL,SIBDL,PVC,SIBD
1234,4499670,36344.0,5019.0,9270.0,1420693,4239990,1431907,4419607,PVCL,SIBVL,PVC,SIBV
1235,4505867,40610.0,8301.0,7620.0,1433516,4449829,1426538,4338985,PVCR,AVAL,PVC,AVA
1236,4508769,39835.0,5948.0,7500.0,1433516,4449817,1435842,4489896,PVCR,RID,PVC,RID
1237,4508769,39835.0,5948.0,7500.0,1433516,4449817,1421084,4246175,PVCR,SIAVL,PVC,SIAV
1238,4506779,40074.0,10373.0,8850.0,1433516,4449870,1435842,4489964,PVCR,RID,PVC,RID
1239,4506779,40074.0,10373.0,8850.0,1433516,4449870,1423265,4284249,PVCR,AVDR,PVC,AVD
1240,4506779,40074.0,10373.0,8850.0,1433516,4449870,1423195,4282246,PVCR,AVBR,PVC,AVB
1241,4508800,39904.0,10132.0,8550.0,1433516,4449860,1423265,4284239,PVCR,AVDR,PVC,AVD
1242,4508800,39904.0,10132.0,8550.0,1433516,4449860,1435842,4489954,PVCR,RID,PVC,RID
1243,4508800,39904.0,10132.0,8550.0,1433516,4449860,1423195,4282236,PVCR,AVBR,PVC,AVB
1244,4508788,37253.0,5581.0,8700.0,1433516,4449777,1435842,4489857,PVCR,RID,PVC,RID
1245,4508788,37253.0,5581.0,8700.0,1433516,4449777,1423195,4282124,PVCR,AVBR,PVC,AVB
1246,4508788,37253.0,5581.0,8700.0,1433516,4449777,1430060,4386501,PVCR,AVDL,PVC,AVD
1247,4508810,38520.0,11795.0,12300.0,1433516,4449620,1431281,4410921,PVCR,FLPL,PVC,FLP
1248,4508810,38520.0,11795.0,12300.0,1433516,4449620,1429313,4377740,PVCR,AVEL,PVC,AVE
1249,4502710,30853.0,8044.0,12600.0,1433516,4449653,1428348,4364156,PVCR,AVER,PVC,AVE
1250,4497029,37950.0,5381.0,8340.0,1433450,4448022,1423487,4288454,PVPL,AVHR,PVP,AVH
1251,4509301,40239.0,7982.0,7290.0,1433450,4447967,1426538,4338946,PVPL,AVAL,PVP,AVA
1252,4509301,40239.0,7982.0,7290.0,1433450,4447967,1423638,4291392,PVPL,DVA,PVP,DVA
1253,4509389,40505.0,9190.0,7260.0,1433450,4447968,1420916,4244022,PVPL,AIBR,PVP,AIB
1254,4509389,40505.0,9190.0,7260.0,1433450,4447968,1428546,4367925,PVPL,RIGL,PVP,RIG
1255,4498690,37671.0,11311.0,12300.0,1433212,4442834,1429313,4377736,PVPR,AVEL,PVP,AVE
1256,4498690,37671.0,11311.0,12300.0,1433212,4442834,1431482,4412243,PVPR,AIBL,PVP,AIB
1257,4504820,30125.0,9381.0,13410.0,1433212,4442972,1429497,4380414,PVPR,RIGR,PVP,RIG
1258,4503436,33753.0,11148.0,12810.0,1433212,4442850,1423195,4281973,PVPR,AVBR,PVP,AVB
1259,4498619,34524.0,5088.0,10800.0,1433212,4442937,1433516,4449710,PVPR,PVCR,PVP,PVC
1260,4509042,41545.0,7752.0,7410.0,1432704,4434908,1421261,4249059,PVQL,ASKL,PVQ,ASK
1261,4498850,40126.0,5577.0,7770.0,1432704,4434828,1419826,4225539,PVQL,AIAL,PVQ,AIA
1262,4498850,40126.0,5577.0,7770.0,1432704,4434828,1421261,4248968,PVQL,ASKL,PVQ,ASK
1263,4502181,37051.0,4568.0,9540.0,1432704,4434887,1421261,4249026,PVQL,ASKL,PVQ,ASK
1264,4502181,37051.0,4568.0,9540.0,1432704,4434887,1419826,4225598,PVQL,AIAL,PVQ,AIA
1265,4503386,41853.0,7572.0,7230.0,1432704,4434914,1419826,4225506,PVQL,AIAL,PVQ,AIA
1266,4503865,37700.0,4709.0,9150.0,1432704,4434874,1419826,4225585,PVQL,AIAL,PVQ,AIA
1267,4506160,40348.0,5747.0,7710.0,1432704,4434826,1419826,4225537,PVQL,AIAL,PVQ,AIA
1268,4506160,40348.0,5747.0,7710.0,1432704,4434826,1421261,4248966,PVQL,ASKL,PVQ,ASK
1269,4506782,41590.0,8913.0,7710.0,1432704,4434809,1424599,4305427,PVQL,VB2,PVQ,VB2
1270,4502111,41520.0,11151.0,8370.0,1432704,4434779,1421261,4248910,PVQL,ASKL,PVQ,ASK
1271,4502111,41520.0,11151.0,8370.0,1432704,4434779,1429910,4385013,PVQL,ASJL,PVQ,ASJ
1272,4502248,31905.0,8947.0,13590.0,1433567,4451253,1428983,4373590,PVQR,AIAR,PVQ,AIA
1273,4497364,33661.0,11583.0,13410.0,1433567,4451115,1420041,4227504,PVQR,ASJR,PVQ,ASJ
1274,4502228,32487.0,9008.0,12990.0,1433567,4451129,1429400,4379016,PVQR,ASKR,PVQ,ASK
1275,4501052,31679.0,8691.0,13620.0,1433567,4451254,1428983,4373601,PVQR,AIAR,PVQ,AIA
1276,4501052,31679.0,8691.0,13620.0,1433567,4451254,1429400,4379139,PVQR,ASKR,PVQ,ASK
1277,4508491,35402.0,4724.0,10890.0,1433567,4451203,1428983,4373694,PVQR,AIAR,PVQ,AIA
1278,4508491,35402.0,4724.0,10890.0,1433567,4451203,1429400,4379102,PVQR,ASKR,PVQ,ASK
1279,4502210,35910.0,4233.0,9960.0,1433567,4451233,1419826,4225611,PVQR,AIAL,PVQ,AIA
1280,4502210,35910.0,4233.0,9960.0,1433567,4451233,1421261,4249039,PVQR,ASKL,PVQ,ASK
1281,4502210,35910.0,4233.0,9960.0,1433567,4451233,1426397,4336964,PVQR,AWAL,PVQ,AWA
1282,4506559,36014.0,5205.0,9570.0,1425426,4319324,1434461,4464900,PVR,AVJR,PVR,AVJ
1283,4506559,36014.0,5205.0,9570.0,1425426,4319324,1423018,4278674,PVR,AVBL,PVR,AVB
1284,4506559,36014.0,5205.0,9570.0,1425426,4319324,1423195,4282095,PVR,AVBR,PVR,AVB
1285,4506562,35248.0,5069.0,9900.0,1425426,4319314,1434461,4464890,PVR,AVJR,PVR,AVJ
1286,4506562,35248.0,5069.0,9900.0,1425426,4319314,1423018,4278684,PVR,AVBL,PVR,AVB
1287,4506550,36406.0,5419.0,9360.0,1425426,4319331,1423195,4282102,PVR,AVBR,PVR,AVB
1288,4504655,34128.0,5538.0,10920.0,1425426,4319279,1423018,4278717,PVR,AVBL,PVR,AVB
1289,4504655,34128.0,5538.0,10920.0,1425426,4319279,1431222,4408035,PVR,AVJL,PVR,AVJ
1290,4506568,34486.0,5470.0,10710.0,1425426,4319288,1423018,4278710,PVR,AVBL,PVR,AVB
1291,4506568,34486.0,5470.0,10710.0,1425426,4319288,1431222,4408029,PVR,AVJL,PVR,AVJ
1292,4506549,37998.0,6331.0,8520.0,1425426,4319361,1428266,4363464,PVR,IL1DL,PVR,IL1D
1293,4506586,39194.0,9446.0,8430.0,1425426,4319377,1426196,4333365,PVR,RIPL,PVR,RIP
1294,4506586,39194.0,9446.0,8430.0,1425426,4319377,1431426,4411393,PVR,IL1VL,PVR,IL1V
1295,4506582,33984.0,5420.0,11130.0,1425426,4319272,1431222,4408042,PVR,AVJL,PVR,AVJ
1296,4506582,33984.0,5420.0,11130.0,1425426,4319272,1423018,4278724,PVR,AVBL,PVR,AVB
1297,4506582,33984.0,5420.0,11130.0,1425426,4319272,1426227,4333996,PVR,RIPR,PVR,RIP
1298,4506579,33830.0,5740.0,11070.0,1425426,4319274,1421136,4247914,PVR,IL1DR,PVR,IL1D
1299,4506579,33830.0,5740.0,11070.0,1425426,4319274,1426227,4333994,PVR,RIPR,PVR,RIP
1300,4502569,34934.0,8943.0,12180.0,1425426,4319219,1432229,4424447,PVR,CEPVR,PVR,CEPV
1301,4502569,34934.0,8943.0,12180.0,1425426,4319219,1420360,4232040,PVR,IL1VR,PVR,IL1V
1302,4502569,34934.0,8943.0,12180.0,1425426,4319219,1426227,4333937,PVR,RIPR,PVR,RIP
1303,4504780,34478.0,8779.0,11970.0,1425426,4319226,1420360,4232047,PVR,IL1VR,PVR,IL1V
1304,4504780,34478.0,8779.0,11970.0,1425426,4319226,1426227,4333930,PVR,RIPR,PVR,RIP
1305,4506365,39714.0,7652.0,6330.0,1433425,4446872,1420804,4241730,PVT,AVKL,PVT,AVK
1306,4498930,40726.0,9498.0,6660.0,1433425,4446891,1426010,4330361,PVT,AVKR,PVT,AVK
1307,4498930,40726.0,9498.0,6660.0,1433425,4446891,1420804,4241720,PVT,AVKL,PVT,AVK
1308,4506380,36588.0,4447.0,8190.0,1433425,4446811,1426010,4330290,PVT,AVKR,PVT,AVK
1309,4506380,36588.0,4447.0,8190.0,1433425,4446811,1420804,4241791,PVT,AVKL,PVT,AVK
1310,4506545,31316.0,5634.0,12360.0,1433425,4446675,1426010,4330153,PVT,AVKR,PVT,AVK
1311,4506545,31316.0,5634.0,12360.0,1433425,4446675,1420804,4241927,PVT,AVKL,PVT,AVK
1312,4503818,38734.0,11376.0,8520.0,1433425,4446953,1550326,4325700,PVT,AVL,PVT,AVL
1313,4503818,38734.0,11376.0,8520.0,1433425,4446953,1420804,4241658,PVT,AVKL,PVT,AVK
1314,4503856,38740.0,11408.0,8910.0,1433425,4446966,1550326,4325687,PVT,AVL,PVT,AVL
1315,4503856,38740.0,11408.0,8910.0,1433425,4446966,1420804,4241645,PVT,AVKL,PVT,AVK
1316,15137607,39841.0,7971.0,6300.0,1433425,4446873,1426010,4331267,PVT,AVKR,PVT,AVK
1317,15137607,39841.0,7971.0,6300.0,1433425,4446873,1428546,4368082,PVT,RIGL,PVT,RIG
1318,15137607,39841.0,7971.0,6300.0,1433425,4446873,1420804,4241731,PVT,AVKL,PVT,AVK
1319,4506394,33258.0,3639.0,10290.0,1433425,4446742,1431482,4412080,PVT,AIBL,PVT,AIB
1320,4506394,33258.0,3639.0,10290.0,1433425,4446742,1426010,4330221,PVT,AVKR,PVT,AVK
1321,4506382,36440.0,4179.0,8310.0,1433425,4446807,1420916,4243945,PVT,AIBR,PVT,AIB
1322,4506382,36440.0,4179.0,8310.0,1433425,4446807,1426010,4330286,PVT,AVKR,PVT,AVK
1323,4506378,40718.0,9610.0,6600.0,1433425,4446889,1426776,4343900,PVT,OLQVL,PVT,OLQV
1324,4506378,40718.0,9610.0,6600.0,1433425,4446889,1428546,4367952,PVT,RIGL,PVT,RIG
1325,4506472,34674.0,10757.0,12180.0,1433425,4446595,1422387,4270330,PVT,DVC,PVT,DVC
1326,4506472,34674.0,10757.0,12180.0,1433425,4446595,1429497,4380246,PVT,RIGR,PVT,RIG
1327,4506492,29095.0,9937.0,13500.0,1433425,4446638,1429497,4380417,PVT,RIGR,PVT,RIG
1328,4506492,29095.0,9937.0,13500.0,1433425,4446638,1422387,4270743,PVT,DVC,PVT,DVC
1329,4497998,36476.0,11294.0,11250.0,1433425,4446983,1419707,4223372,PVT,RIR,PVT,RIR
1330,4497998,36476.0,11294.0,11250.0,1433425,4446983,1427905,4359653,PVT,RMEV,PVT,RMEV
1331,4497568,38832.0,9020.0,7530.0,1427938,4360053,1427022,4347836,RIAL,RMDL,RIA,RMDL/R
1332,4497568,38832.0,9020.0,7530.0,1427938,4360053,1427586,4354719,RIAL,RIAR,RIA,RIA
1333,4501056,33088.0,8975.0,12180.0,1427938,4360236,1422453,15137530,RIAL,RMDR,RIA,RMDL/R
1334,4501056,33088.0,8975.0,12180.0,1427938,4360236,1427586,4354546,RIAL,RIAR,RIA,RIA
1335,4501056,33088.0,8975.0,12180.0,1427938,4360236,1432229,4424533,RIAL,CEPVR,RIA,CEPV
1336,4505067,33452.0,4927.0,10080.0,1427938,4360165,1428906,4373220,RIAL,RMDVR,RIA,RMDV
1337,4500758,37187.0,5696.0,7560.0,1427938,4360082,1427586,4354702,RIAL,RIAR,RIA,RIA
1338,4500758,37187.0,5696.0,7560.0,1427938,4360082,1427717,4355337,RIAL,RMDDR,RIA,RMDD
1339,4501148,30659.0,9727.0,12420.0,1427938,4360310,1427586,4354826,RIAL,RIAR,RIA,RIA
1340,4501148,30659.0,9727.0,12420.0,1427938,4360310,1422453,4271365,RIAL,RMDR,RIA,RMDL/R
1341,4500665,38671.0,7385.0,6930.0,1427938,4360327,1422453,4271204,RIAL,RMDR,RIA,RMDL/R
1342,4500665,38671.0,7385.0,6930.0,1427938,4360327,1434596,4468991,RIAL,RMDVL,RIA,RMDV
1343,4499026,37860.0,10146.0,9420.0,1427938,4359990,1427586,4354782,RIAL,RIAR,RIA,RIA
1344,4499026,37860.0,10146.0,9420.0,1427938,4359990,1431795,4418074,RIAL,SMDDL,RIA,SMDD
1345,4500936,37871.0,10163.0,9150.0,1427938,4359999,1431795,4418083,RIAL,SMDDL,RIA,SMDD
1346,4501182,37097.0,5371.0,7710.0,1427938,4360087,1427586,4354697,RIAL,RIAR,RIA,RIA
1347,4501182,37097.0,5371.0,7710.0,1427938,4360087,1425912,4328909,RIAL,SMDDR,RIA,SMDD
1348,4500820,35885.0,5047.0,8340.0,1427938,4360108,1426838,4344321,RIAL,SMDVL,RIA,SMDV
1349,4501038,33845.0,9561.0,11700.0,1427938,4360251,1427586,4354530,RIAL,RIAR,RIA,RIA
1350,4501038,33845.0,9561.0,11700.0,1427938,4360251,1426838,4344521,RIAL,SMDVL,RIA,SMDV
1351,4498351,37912.0,10258.0,8550.0,1427938,4360019,1427586,4354753,RIAL,RIAR,RIA,RIA
1352,4498351,37912.0,10258.0,8550.0,1427938,4360019,1429685,4383155,RIAL,SMDVR,RIA,SMDV
1353,4499082,33008.0,4477.0,10470.0,1427938,4360178,1427586,4354606,RIAL,RIAR,RIA,RIA
1354,4499082,33008.0,4477.0,10470.0,1427938,4360178,1429685,4382974,RIAL,SMDVR,RIA,SMDV
1355,4499082,33008.0,4477.0,10470.0,1427938,4360178,1431765,4416881,RIAL,SIADL,RIA,SIAD
1356,4500697,38635.0,8832.0,7590.0,1427938,4360051,1428906,4373326,RIAL,RMDVR,RIA,RMDV
1357,4500697,38635.0,8832.0,7590.0,1427938,4360051,1431026,4406235,RIAL,RMDDL,RIA,RMDD
1358,4500809,37964.0,10053.0,8160.0,1427938,4360032,1431026,4406207,RIAL,RMDDL,RIA,RMDD
1359,4500809,37964.0,10053.0,8160.0,1427938,4360032,1428906,4373345,RIAL,RMDVR,RIA,RMDV
1360,4500910,37596.0,10114.0,8700.0,1427938,4360014,1428906,4373363,RIAL,RMDVR,RIA,RMDV
1361,4500910,37596.0,10114.0,8700.0,1427938,4360014,1431026,4406189,RIAL,RMDDL,RIA,RMDD
1362,4500915,37450.0,10318.0,8880.0,1427938,4360008,1428906,4373369,RIAL,RMDVR,RIA,RMDV
1363,4500915,37450.0,10318.0,8880.0,1427938,4360008,1431026,4406177,RIAL,RMDDL,RIA,RMDD
1364,4500958,37717.0,9885.0,9390.0,1427938,4359991,1428906,4373386,RIAL,RMDVR,RIA,RMDV
1365,4500958,37717.0,9885.0,9390.0,1427938,4359991,1431026,4406160,RIAL,RMDDL,RIA,RMDD
1366,4506590,37461.0,9945.0,9120.0,1427938,4360000,1428906,4373377,RIAL,RMDVR,RIA,RMDV
1367,5067189,37957.0,9839.0,8370.0,1427938,4360025,1431026,4406200,RIAL,RMDDL,RIA,RMDD
1368,5067189,37957.0,9839.0,8370.0,1427938,4360025,1428906,4373352,RIAL,RMDVR,RIA,RMDV
1369,5067190,38479.0,8295.0,7320.0,1427938,4360060,1431026,4406252,RIAL,RMDDL,RIA,RMDD
1370,5067190,38479.0,8295.0,7320.0,1427938,4360060,1428906,4373313,RIAL,RMDVR,RIA,RMDV
1371,4497509,37685.0,5834.0,7320.0,1427938,4360074,1427022,4347539,RIAL,RMDL,RIA,RMDL/R
1372,4498870,32031.0,7277.0,12240.0,1427938,4360305,1427022,4347741,RIAL,RMDL,RIA,RMDL/R
1373,4501115,32141.0,6845.0,12180.0,1427938,4360234,1427022,4347729,RIAL,RMDL,RIA,RMDL/R
1374,4497322,38303.0,6438.0,7200.0,1427938,4360070,1427586,4354810,RIAL,RIAR,RIA,RIA
1375,4497322,38303.0,6438.0,7200.0,1427938,4360070,1427022,4347543,RIAL,RMDL,RIA,RMDL/R
1376,4497470,37787.0,6048.0,7320.0,1427938,4360074,1427022,4347539,RIAL,RMDL,RIA,RMDL/R
1377,4500681,38931.0,8360.0,7170.0,1427938,4360065,1427586,4354811,RIAL,RIAR,RIA,RIA
1378,4500681,38931.0,8360.0,7170.0,1427938,4360065,1427022,4347847,RIAL,RMDL,RIA,RMDL/R
1379,4500690,38735.0,8574.0,7320.0,1427938,4360060,1427586,4354712,RIAL,RIAR,RIA,RIA
1380,4500690,38735.0,8574.0,7320.0,1427938,4360060,1427022,4347842,RIAL,RMDL,RIA,RMDL/R
1381,4501114,31910.0,6845.0,12090.0,1427938,4360231,1427022,4347726,RIAL,RMDL,RIA,RMDL/R
1382,4501114,31910.0,6845.0,12090.0,1427938,4360231,1427717,4355135,RIAL,RMDDR,RIA,RMDD
1383,4498827,31672.0,6495.0,11940.0,1427938,4360226,1422453,4271035,RIAL,RMDR,RIA,RMDL/R
1384,4498827,31672.0,6495.0,11940.0,1427938,4360226,1427022,4347816,RIAL,RMDL,RIA,RMDL/R
1385,4501216,32326.0,8023.0,12120.0,1427938,4360313,1422453,4271354,RIAL,RMDR,RIA,RMDL/R
1386,4505813,32528.0,5256.0,11160.0,1427938,4360200,1431026,4406458,RIAL,RMDDL,RIA,RMDD
1387,4505813,32528.0,5256.0,11160.0,1427938,4360200,1431765,4416903,RIAL,SIADL,RIA,SIAD
1388,4505813,32528.0,5256.0,11160.0,1427938,4360200,1422453,4271065,RIAL,RMDR,RIA,RMDL/R
1389,4501237,36827.0,5333.0,7710.0,1427938,4360087,1434596,4469059,RIAL,RMDVL,RIA,RMDV
1390,4501261,35303.0,9807.0,11250.0,1427938,4360266,1427717,4355090,RIAL,RMDDR,RIA,RMDD
1391,4501261,35303.0,9807.0,11250.0,1427938,4360266,1434596,4469277,RIAL,RMDVL,RIA,RMDV
1392,4497696,36961.0,5626.0,7800.0,1427938,4360090,1427717,4355324,RIAL,RMDDR,RIA,RMDD
1393,4497696,36961.0,5626.0,7800.0,1427938,4360090,1434596,4469078,RIAL,RMDVL,RIA,RMDV
1394,4498035,35642.0,5355.0,8520.0,1427938,4360114,1434596,4469117,RIAL,RMDVL,RIA,RMDV
1395,4498035,35642.0,5355.0,8520.0,1427938,4360114,1427717,4355248,RIAL,RMDDR,RIA,RMDD
1396,4500727,38069.0,6784.0,7260.0,1427938,4360072,1427717,4355359,RIAL,RMDDR,RIA,RMDD
1397,4500727,38069.0,6784.0,7260.0,1427938,4360072,1434596,4469026,RIAL,RMDVL,RIA,RMDV
1398,4500741,37521.0,6052.0,7350.0,1427938,4360075,1434596,4469046,RIAL,RMDVL,RIA,RMDV
1399,4500741,37521.0,6052.0,7350.0,1427938,4360075,1427717,4355356,RIAL,RMDDR,RIA,RMDD
1400,4500759,35959.0,5634.0,8190.0,1427938,4360103,1427717,4355301,RIAL,RMDDR,RIA,RMDD
1401,4500759,35959.0,5634.0,8190.0,1427938,4360103,1434596,4469106,RIAL,RMDVL,RIA,RMDV
1402,4500774,35931.0,5894.0,8010.0,1427938,4360097,1427717,4355307,RIAL,RMDDR,RIA,RMDD
1403,4500774,35931.0,5894.0,8010.0,1427938,4360097,1434596,4469091,RIAL,RMDVL,RIA,RMDV
1404,4500787,36353.0,4902.0,7860.0,1427938,4360092,1427717,4355322,RIAL,RMDDR,RIA,RMDD
1405,4500787,36353.0,4902.0,7860.0,1427938,4360092,1434596,4469080,RIAL,RMDVL,RIA,RMDV
1406,4501034,34258.0,9592.0,11640.0,1427938,4360253,1434596,4469252,RIAL,RMDVL,RIA,RMDV
1407,4501034,34258.0,9592.0,11640.0,1427938,4360253,1428395,4365151,RIAL,SIAVR,RIA,SIAV
1408,4501042,33316.0,9341.0,11880.0,1427938,4360245,1428395,4365143,RIAL,SIAVR,RIA,SIAV
1409,4500841,34406.0,5085.0,9600.0,1427938,4360150,1428906,4373235,RIAL,RMDVR,RIA,RMDV
1410,4500841,34406.0,5085.0,9600.0,1427938,4360150,1428854,4372560,RIAL,CEPDR,RIA,CEPD
1411,4501178,32183.0,5590.0,11460.0,1427938,4360210,1431765,4416913,RIAL,SIADL,RIA,SIAD
1412,4500964,37926.0,10109.0,9690.0,1427938,4359981,1421993,4262787,RIAL,RIVR,RIA,RIV
1413,4500964,37926.0,10109.0,9690.0,1427938,4359981,1431795,4418065,RIAL,SMDDL,RIA,SMDD
1414,4498209,32394.0,4814.0,10980.0,1427938,4360194,1429685,4382955,RIAL,SMDVR,RIA,SMDV
1415,4498209,32394.0,4814.0,10980.0,1427938,4360194,1431795,4418295,RIAL,SMDDL,RIA,SMDD
1416,4500946,37889.0,10183.0,9300.0,1427938,4359994,1429685,4383180,RIAL,SMDVR,RIA,SMDV
1417,4500946,37889.0,10183.0,9300.0,1427938,4359994,1431795,4418078,RIAL,SMDDL,RIA,SMDD
1418,4500967,37498.0,10159.0,9720.0,1427938,4359980,1429685,4383194,RIAL,SMDVR,RIA,SMDV
1419,4500967,37498.0,10159.0,9720.0,1427938,4359980,1431795,4418064,RIAL,SMDDL,RIA,SMDD
1420,4507122,32198.0,5080.0,11250.0,1427938,4360203,1429685,4382945,RIAL,SMDVR,RIA,SMDV
1421,4507122,32198.0,5080.0,11250.0,1427938,4360203,1431795,4418304,RIAL,SMDDL,RIA,SMDD
1422,4500979,35286.0,10024.0,11310.0,1427938,4360264,1425912,4328648,RIAL,SMDDR,RIA,SMDD
1423,4501236,37471.0,5327.0,7500.0,1427938,4360080,1425912,4328916,RIAL,SMDDR,RIA,SMDD
1424,4499231,36755.0,10101.0,10710.0,1427938,4360284,1427717,4355086,RIAL,RMDDR,RIA,RMDD
1425,4499231,36755.0,10101.0,10710.0,1427938,4360284,1426838,4344868,RIAL,SMDVL,RIA,SMDV
1426,4501019,34398.0,9864.0,11550.0,1427938,4360256,1426838,4344526,RIAL,SMDVL,RIA,SMDV
1427,4501055,33348.0,9165.0,12180.0,1427938,4360236,1426838,4344505,RIAL,SMDVL,RIA,SMDV
1428,4498696,35004.0,10098.0,11400.0,1427938,4360261,1425912,4328645,RIAL,SMDDR,RIA,SMDD
1429,4498696,35004.0,10098.0,11400.0,1427938,4360261,1426838,4344531,RIAL,SMDVL,RIA,SMDV
1430,4501021,34494.0,9930.0,11580.0,1427938,4360255,1425912,4328683,RIAL,SMDDR,RIA,SMDD
1431,4501021,34494.0,9930.0,11580.0,1427938,4360255,1426838,4344525,RIAL,SMDVL,RIA,SMDV
1432,5067192,36119.0,5089.0,8280.0,1427938,4360106,1426838,4344319,RIAL,SMDVL,RIA,SMDV
1433,5067192,36119.0,5089.0,8280.0,1427938,4360106,1425912,4328890,RIAL,SMDDR,RIA,SMDD
1434,4498901,32815.0,5107.0,10830.0,1427938,4360189,1431765,4416892,RIAL,SIADL,RIA,SIAD
1435,4500869,33702.0,4589.0,10140.0,1427938,4360167,1429685,4382985,RIAL,SMDVR,RIA,SMDV
1436,4500869,33702.0,4589.0,10140.0,1427938,4360167,1431765,4416870,RIAL,SIADL,RIA,SIAD
1437,4500879,32630.0,4984.0,11160.0,1427938,4360200,1429685,4382948,RIAL,SMDVR,RIA,SMDV
1438,4500879,32630.0,4984.0,11160.0,1427938,4360200,1431765,4416903,RIAL,SIADL,RIA,SIAD
1439,4501158,33465.0,4629.0,10230.0,1427938,4360170,1429685,4382982,RIAL,SMDVR,RIA,SMDV
1440,4501158,33465.0,4629.0,10230.0,1427938,4360170,1431765,4416873,RIAL,SIADL,RIA,SIAD
1441,4501840,32586.0,8863.0,12150.0,1427586,4354545,1427938,4360235,RIAR,RIAL,RIA,RIA
1442,4501840,32586.0,8863.0,12150.0,1427586,4354545,1432229,4424532,RIAR,CEPVR,RIA,CEPV
1443,4497620,31601.0,5773.0,11610.0,1427586,4354569,1422453,4271050,RIAR,RMDR,RIA,RMDL/R
1444,4497620,31601.0,5773.0,11610.0,1427586,4354569,1431026,4406473,RIAR,RMDDL,RIA,RMDD
1445,4497620,31601.0,5773.0,11610.0,1427586,4354569,1427938,4360215,RIAR,RIAL,RIA,RIA
1446,4501341,38611.0,8088.0,7260.0,1427586,4354808,1427938,4360062,RIAR,RIAL,RIA,RIA
1447,4501341,38611.0,8088.0,7260.0,1427586,4354808,1431026,4406254,RIAR,RMDDL,RIA,RMDD
1448,4498960,35760.0,5366.0,8550.0,1427586,4354669,1427717,4355247,RIAR,RMDDR,RIA,RMDD
1449,4498960,35760.0,5366.0,8550.0,1427586,4354669,1427938,4360115,RIAR,RIAL,RIA,RIA
1450,4499630,38779.0,8608.0,7380.0,1427586,4354714,1427022,4347831,RIAR,RMDL,RIA,RMDL/R
1451,4499630,38779.0,8608.0,7380.0,1427586,4354714,1427938,4360058,RIAR,RIAL,RIA,RIA
1452,4501892,39253.0,8661.0,7470.0,1427586,4354717,1427938,4360055,RIAR,RIAL,RIA,RIA
1453,4501892,39253.0,8661.0,7470.0,1427586,4354717,1427022,4347834,RIAR,RMDL,RIA,RMDL/R
1454,4502469,31338.0,6253.0,11850.0,1427586,4354561,1427938,4360223,RIAR,RIAL,RIA,RIA
1455,4502469,31338.0,6253.0,11850.0,1427586,4354561,1422453,4271032,RIAR,RMDR,RIA,RMDL/R
1456,4501636,33598.0,4527.0,9960.0,1427586,4354623,1427938,4360161,RIAR,RIAL,RIA,RIA
1457,4501636,33598.0,4527.0,9960.0,1427586,4354623,1422453,4271102,RIAR,RMDR,RIA,RMDL/R
1458,4498307,32114.0,5162.0,11160.0,1427586,4354584,1427938,4360200,RIAR,RIAL,RIA,RIA
1459,4498307,32114.0,5162.0,11160.0,1427586,4354584,1431795,4418301,RIAR,SMDDL,RIA,SMDD
1460,5351887,38086.0,10033.0,9300.0,1427586,4354778,1431795,4418078,RIAR,SMDDL,RIA,SMDD
1461,5351887,38086.0,10033.0,9300.0,1427586,4354778,1427938,4359994,RIAR,RIAL,RIA,RIA
1462,4499614,37713.0,5511.0,7470.0,1427586,4354705,1425912,4328917,RIAR,SMDDR,RIA,SMDD
1463,4499614,37713.0,5511.0,7470.0,1427586,4354705,1427938,4360079,RIAR,RIAL,RIA,RIA
1464,4501385,37485.0,5538.0,7410.0,1427586,4354707,1427022,4347536,RIAR,RMDL,RIA,RMDL/R
1465,4501385,37485.0,5538.0,7410.0,1427586,4354707,1425912,4328919,RIAR,SMDDR,RIA,SMDD
1466,4501385,37485.0,5538.0,7410.0,1427586,4354707,1427938,4360077,RIAR,RIAL,RIA,RIA
1467,4501895,37255.0,5313.0,7740.0,1427586,4354696,1425912,4328908,RIAR,SMDDR,RIA,SMDD
1468,4501895,37255.0,5313.0,7740.0,1427586,4354696,1427938,4360088,RIAR,RIAL,RIA,RIA
1469,4501592,36125.0,5071.0,8370.0,1427586,4354675,1426838,4344322,RIAR,SMDVL,RIA,SMDV
1470,4501592,36125.0,5071.0,8370.0,1427586,4354675,1427938,4360109,RIAR,RIAL,RIA,RIA
1471,4502925,36153.0,10191.0,11220.0,1427586,4354503,1427461,4353049,RIAR,RIVL,RIA,RIV
1472,4499483,38461.0,6924.0,7320.0,1427586,4354710,1422453,4271191,RIAR,RMDR,RIA,RMDL/R
1473,4499483,38461.0,6924.0,7320.0,1427586,4354710,1431026,4406512,RIAR,RMDDL,RIA,RMDD
1474,4501688,32976.0,4753.0,10260.0,1427586,4354613,1431026,4406429,RIAR,RMDDL,RIA,RMDD
1475,4501704,32330.0,5454.0,10740.0,1427586,4354598,1428906,4373199,RIAR,RMDVR,RIA,RMDV
1476,4501704,32330.0,5454.0,10740.0,1427586,4354598,1431026,4406444,RIAR,RMDDL,RIA,RMDD
1477,4501768,37856.0,9855.0,9420.0,1427586,4354782,1428906,4373387,RIAR,RMDVR,RIA,RMDV
1478,4501768,37856.0,9855.0,9420.0,1427586,4354782,1431026,4406159,RIAR,RMDDL,RIA,RMDD
1479,4501828,31421.0,6389.0,11700.0,1427586,4354566,1431026,4406476,RIAR,RMDDL,RIA,RMDD
1480,4501828,31421.0,6389.0,11700.0,1427586,4354566,1428906,4373166,RIAR,RMDVR,RIA,RMDV
1481,4502282,31430.0,5874.0,11550.0,1427586,4354571,1431026,4406471,RIAR,RMDDL,RIA,RMDD
1482,4502282,31430.0,5874.0,11550.0,1427586,4354571,1428906,4373172,RIAR,RMDVR,RIA,RMDV
1483,4502453,31475.0,6813.0,11850.0,1427586,4354561,1431026,4406481,RIAR,RMDDL,RIA,RMDD
1484,4502453,31475.0,6813.0,11850.0,1427586,4354561,1428906,4373161,RIAR,RMDVR,RIA,RMDV
1485,4502696,31633.0,5715.0,11460.0,1427586,4354574,1431026,4406468,RIAR,RMDDL,RIA,RMDD
1486,4502696,31633.0,5715.0,11460.0,1427586,4354574,1428906,4373175,RIAR,RMDVR,RIA,RMDV
1487,5341461,31848.0,5489.0,10950.0,1427586,4354591,1431026,4406451,RIAR,RMDDL,RIA,RMDD
1488,5341461,31848.0,5489.0,10950.0,1427586,4354591,1428906,4373192,RIAR,RMDVR,RIA,RMDV
1489,4501403,37582.0,5681.0,7620.0,1427586,4354700,1427717,4355335,RIAR,RMDDR,RIA,RMDD
1490,4502678,31723.0,8071.0,12360.0,1427586,4354825,1427022,4347789,RIAR,RMDL,RIA,RMDL/R
1491,4502678,31723.0,8071.0,12360.0,1427586,4354825,1427717,4355402,RIAR,RMDDR,RIA,RMDD
1492,4502657,30285.0,9653.0,12420.0,1427586,4354826,1427022,4347789,RIAR,RMDL,RIA,RMDL/R
1493,4501806,33211.0,9151.0,11700.0,1427586,4354530,1434596,4469250,RIAR,RMDVL,RIA,RMDV
1494,4501922,32208.0,8589.0,11970.0,1427586,4354539,1434596,4469238,RIAR,RMDVL,RIA,RMDV
1495,4501922,32208.0,8589.0,11970.0,1427586,4354539,1427717,4355126,RIAR,RMDDR,RIA,RMDD
1496,4502253,34042.0,9550.0,11490.0,1427586,4354523,1434596,4469257,RIAR,RMDVL,RIA,RMDV
1497,4502253,34042.0,9550.0,11490.0,1427586,4354523,1427717,4355104,RIAR,RMDDR,RIA,RMDD
1498,4503409,32487.0,8918.0,11910.0,1427586,4354537,1427717,4355124,RIAR,RMDDR,RIA,RMDD
1499,4503409,32487.0,8918.0,11910.0,1427586,4354537,1434596,4469236,RIAR,RMDVL,RIA,RMDV
1500,4499520,38709.0,7244.0,7230.0,1427586,4354809,1422453,4271194,RIAR,RMDR,RIA,RMDL/R
1501,4501374,38555.0,7398.0,7110.0,1427586,4354813,1427938,4360067,RIAR,RIAL,RIA,RIA
1502,4501374,38555.0,7398.0,7110.0,1427586,4354813,1422453,4271198,RIAR,RMDR,RIA,RMDL/R
1503,4501410,38634.0,9177.0,7890.0,1427586,4354731,1421084,4246204,RIAR,SIAVL,RIA,SIAV
1504,4501410,38634.0,9177.0,7890.0,1427586,4354731,1422453,4271268,RIAR,RMDR,RIA,RMDL/R
1505,4501409,37742.0,6135.0,7560.0,1427586,4354702,1427022,4347570,RIAR,RMDL,RIA,RMDL/R
1506,4499544,38635.0,6948.0,7230.0,1427586,4354809,1422453,4271194,RIAR,RMDR,RIA,RMDL/R
1507,4502019,34813.0,9797.0,11130.0,1427586,4354506,1427717,4355092,RIAR,RMDDR,RIA,RMDD
1508,4502019,34813.0,9797.0,11130.0,1427586,4354506,1434596,4469281,RIAR,RMDVL,RIA,RMDV
1509,4501861,31734.0,7235.0,12240.0,1427586,4354548,1421690,4257984,RIAR,IL1R,RIA,IL1L/R
1510,4501418,38456.0,9823.0,7980.0,1427586,4354734,1428906,4373339,RIAR,RMDVR,RIA,RMDV
1511,4501418,38456.0,9823.0,7980.0,1427586,4354734,1421084,4246205,RIAR,SIAVL,RIA,SIAV
1512,4501731,38070.0,10272.0,8880.0,1427586,4354764,1428906,4373369,RIAR,RMDVR,RIA,RMDV
1513,4501731,38070.0,10272.0,8880.0,1427586,4354764,1421084,4246235,RIAR,SIAVL,RIA,SIAV
1514,4508772,38258.0,9971.0,8430.0,1427586,4354749,1421084,4246220,RIAR,SIAVL,RIA,SIAV
1515,4508772,38258.0,9971.0,8430.0,1427586,4354749,1428906,4373354,RIAR,RMDVR,RIA,RMDV
1516,4499080,38119.0,10035.0,9270.0,1427586,4354777,1431795,4418079,RIAR,SMDDL,RIA,SMDD
1517,4501742,38105.0,10173.0,9180.0,1427586,4354774,1431795,4418082,RIAR,SMDDL,RIA,SMDD
1518,4501871,38243.0,10403.0,8910.0,1427586,4354765,1429685,4383167,RIAR,SMDVR,RIA,SMDV
1519,4501871,38243.0,10403.0,8910.0,1427586,4354765,1431795,4418091,RIAR,SMDDL,RIA,SMDD
1520,4504531,38306.0,10349.0,8610.0,1427586,4354755,1429685,4383157,RIAR,SMDVR,RIA,SMDV
1521,4504531,38306.0,10349.0,8610.0,1427586,4354755,1431795,4418101,RIAR,SMDDL,RIA,SMDD
1522,4501622,34560.0,4341.0,9780.0,1427586,4354628,1429685,4382996,RIAR,SMDVR,RIA,SMDV
1523,4501622,34560.0,4341.0,9780.0,1427586,4354628,1431795,4418257,RIAR,SMDDL,RIA,SMDD
1524,4501644,33378.0,4539.0,10170.0,1427586,4354616,1429685,4382984,RIAR,SMDVR,RIA,SMDV
1525,4501644,33378.0,4539.0,10170.0,1427586,4354616,1431795,4418269,RIAR,SMDDL,RIA,SMDD
1526,4501388,37509.0,4992.0,7620.0,1427586,4354700,1426838,4344293,RIAR,SMDVL,RIA,SMDV
1527,4502301,34336.0,9786.0,11490.0,1427586,4354523,1426838,4344528,RIAR,SMDVL,RIA,SMDV
1528,4502301,34336.0,9786.0,11490.0,1427586,4354523,1432229,4424510,RIAR,CEPVR,RIA,CEPV
1529,4501390,37277.0,4948.0,7890.0,1427586,4354691,1426838,4344302,RIAR,SMDVL,RIA,SMDV
1530,4497771,35388.0,10128.0,11250.0,1427586,4354502,1425912,4328650,RIAR,SMDDR,RIA,SMDD
1531,4497771,35388.0,10128.0,11250.0,1427586,4354502,1426838,4344536,RIAR,SMDVL,RIA,SMDV
1532,4501387,37279.0,5076.0,7650.0,1427586,4354699,1425912,4328911,RIAR,SMDDR,RIA,SMDD
1533,4501387,37279.0,5076.0,7650.0,1427586,4354699,1426838,4344294,RIAR,SMDVL,RIA,SMDV
1534,4502065,36202.0,10366.0,10890.0,1427586,4354514,1426838,4344548,RIAR,SMDVL,RIA,SMDV
1535,4502065,36202.0,10366.0,10890.0,1427586,4354514,1425912,4328662,RIAR,SMDDR,RIA,SMDD
1536,4502170,35662.0,10236.0,11070.0,1427586,4354508,1425912,4328656,RIAR,SMDDR,RIA,SMDD
1537,4502170,35662.0,10236.0,11070.0,1427586,4354508,1426838,4344542,RIAR,SMDVL,RIA,SMDV
1538,4502227,36228.0,10270.0,10980.0,1427586,4354511,1426838,4344553,RIAR,SMDVL,RIA,SMDV
1539,4502227,36228.0,10270.0,10980.0,1427586,4354511,1425912,4328659,RIAR,SMDDR,RIA,SMDD
1540,4504407,36403.0,5435.0,8010.0,1427586,4354687,1426838,4344309,RIAR,SMDVL,RIA,SMDV
1541,4504407,36403.0,5435.0,8010.0,1427586,4354687,1425912,4328899,RIAR,SMDDR,RIA,SMDD
1542,4509401,35558.0,5011.0,8910.0,1427586,4354657,1425912,4328869,RIAR,SMDDR,RIA,SMDD
1543,4509401,35558.0,5011.0,8910.0,1427586,4354657,1426838,4344343,RIAR,SMDVL,RIA,SMDV
1544,4501605,35566.0,5101.0,8850.0,1427586,4354659,1429685,4383027,RIAR,SMDVR,RIA,SMDV
1545,4501605,35566.0,5101.0,8850.0,1427586,4354659,1426838,4344341,RIAR,SMDVL,RIA,SMDV
1546,4507214,39505.0,5196.0,7080.0,1419530,4221374,1420916,4243986,RIBL,AIBR,RIB,AIB
1547,4502042,41558.0,7644.0,6630.0,1419530,4221358,1427938,4359810,RIBL,RIAL,RIB,RIA
1548,4502042,41558.0,7644.0,6630.0,1419530,4221358,1426538,4340274,RIBL,AVAL,RIB,AVA
1549,4502107,37900.0,11028.0,8820.0,1419530,4221257,1429685,4383164,RIBL,SMDVR,RIB,SMDV
1550,4502107,37900.0,11028.0,8820.0,1419530,4221257,1422841,4277446,RIBL,OLLL,RIB,OLL
1551,4503607,39285.0,9570.0,7020.0,1419530,4221197,1420582,4236572,RIBL,RIS,RIB,RIS
1552,4503607,39285.0,9570.0,7020.0,1419530,4221197,1428348,4364364,RIBL,AVER,RIB,AVE
1553,4502081,35340.0,4569.0,8340.0,1419530,4221526,1425912,4328888,RIBL,SMDDR,RIB,SMDD
1554,4502081,35340.0,4569.0,8340.0,1419530,4221526,1428348,4364291,RIBL,AVER,RIB,AVE
1555,4502079,38834.0,4685.0,7620.0,1419530,4221392,1429313,4377472,RIBL,AVEL,RIB,AVE
1556,4502079,38834.0,4685.0,7620.0,1419530,4221392,1423730,4292967,RIBL,BAGR,RIB,BAG
1557,4502082,37260.0,4519.0,8430.0,1419530,4221419,1423730,4292940,RIBL,BAGR,RIB,BAG
1558,4502082,37260.0,4519.0,8430.0,1419530,4221419,1429313,4377501,RIBL,AVEL,RIB,AVE
1559,4503838,40765.0,10103.0,7110.0,1419530,4221187,1427938,4359839,RIBL,RIAL,RIB,RIA
1560,4502196,35608.0,3945.0,9480.0,1422520,4271910,1435842,4489834,RIBR,RID,RIB,RID
1561,4502196,35608.0,3945.0,9480.0,1422520,4271910,1423265,4284087,RIBR,AVDR,RIB,AVD
1562,4502206,30556.0,5571.0,12090.0,1422520,4271718,1429313,4377619,RIBR,AVEL,RIB,AVE
1563,4502241,33887.0,3907.0,9840.0,1422520,4271808,1420582,4236443,RIBR,RIS,RIB,RIS
1564,4502241,33887.0,3907.0,9840.0,1422520,4271808,1429313,4377548,RIBR,AVEL,RIB,AVE
1565,4502241,33887.0,3907.0,9840.0,1422520,4271808,1431795,4418259,RIBR,SMDDL,RIB,SMDD
1566,4502246,32348.0,5117.0,12240.0,1422520,4271709,1431482,4412143,RIBR,AIBL,RIB,AIB
1567,4502197,33296.0,4400.0,11400.0,1422520,4271848,1423522,4290198,RIBR,AIZR,RIB,AIZ
1568,4502197,33296.0,4400.0,11400.0,1422520,4271848,1428348,4364191,RIBR,AVER,RIB,AVE
1569,4502197,33296.0,4400.0,11400.0,1422520,4271848,1420142,4229222,RIBR,BAGL,RIB,BAG
1570,4502231,30419.0,10605.0,13500.0,1422520,4271631,1427586,4354372,RIBR,RIAR,RIB,RIA
1571,4502231,30419.0,10605.0,13500.0,1422520,4271631,1420142,4229308,RIBR,BAGL,RIB,BAG
1572,4502221,29625.0,8363.0,13530.0,1422520,4271667,1427586,4354349,RIBR,RIAR,RIB,RIA
1573,4502221,29625.0,8363.0,13530.0,1422520,4271667,1434361,4464670,RIBR,AVAR,RIB,AVA
1574,4502215,30913.0,10779.0,13320.0,1422520,4271624,1427586,4354378,RIBR,RIAR,RIB,RIA
1575,4502202,34090.0,10408.0,11610.0,1422520,4271974,1429313,4377657,RIBR,AVEL,RIB,AVE
1576,4502202,34090.0,10408.0,11610.0,1422520,4271974,1426838,4344524,RIBR,SMDVL,RIB,SMDV
1577,4502242,34981.0,10677.0,11130.0,1422520,4271990,1426838,4344540,RIBR,SMDVL,RIB,SMDV
1578,4502242,34981.0,10677.0,11130.0,1422520,4271990,1429313,4377673,RIBR,AVEL,RIB,AVE
1579,4504472,33736.0,10327.0,11820.0,1422520,4271967,1419330,4216493,RIBR,URYVR,RIB,URYV
1580,4504472,33736.0,10327.0,11820.0,1422520,4271967,1426838,4344517,RIBR,SMDVL,RIB,SMDV
1581,4502327,38494.0,6023.0,7920.0,1431939,4420734,1432082,4423253,RICL,ADAL,RIC,ADA
1582,4502327,38494.0,6023.0,7920.0,1431939,4420734,1426538,4339013,RICL,AVAL,RIC,AVA
1583,4502375,35128.0,9899.0,11970.0,1431939,4420912,1426538,4339218,RICL,AVAL,RIC,AVA
1584,4502349,34084.0,4955.0,10110.0,1431939,4420805,1424741,4308012,RICL,RMHL,RIC,RMH
1585,4502349,34084.0,4955.0,10110.0,1431939,4420805,1426538,4339084,RICL,AVAL,RIC,AVA
1586,4502332,35160.0,5117.0,9480.0,1431939,4420786,1424400,4302929,RICL,RMHR,RIC,RMH
1587,4502332,35160.0,5117.0,9480.0,1431939,4420786,1426538,4339065,RICL,AVAL,RIC,AVA
1588,4502367,35104.0,9851.0,11910.0,1431939,4420914,1425912,4328701,RICL,SMDDR,RIC,SMDD
1589,4502367,35104.0,9851.0,11910.0,1431939,4420914,1426538,4339220,RICL,AVAL,RIC,AVA
1590,4502305,40333.0,9416.0,7830.0,1431939,4420715,1428764,4370700,RICL,SMBDL,RIC,SMBD
1591,4502305,40333.0,9416.0,7830.0,1431939,4420715,1434361,4463510,RICL,AVAR,RIC,AVA
1592,4502317,39829.0,8680.0,7530.0,1431939,4420937,1434361,4463500,RICL,AVAR,RIC,AVA
1593,4502317,39829.0,8680.0,7530.0,1431939,4420937,1428764,4370710,RICL,SMBDL,RIC,SMBD
1594,4502358,32690.0,5310.0,11430.0,1431939,4420845,1429685,4382939,RICL,SMDVR,RIC,SMDV
1595,4502358,32690.0,5310.0,11430.0,1431939,4420845,1426838,4344426,RICL,SMDVL,RIC,SMDV
1596,4505644,36560.0,5585.0,8790.0,1434794,4472236,1432082,4423285,RICR,ADAL,RIC,ADA
1597,4505644,36560.0,5585.0,8790.0,1434794,4472236,1426538,4339042,RICR,AVAL,RIC,AVA
1598,4505644,36560.0,5585.0,8790.0,1434794,4472236,1424741,4307970,RICR,RMHL,RIC,RMH
1599,4502471,32043.0,10349.0,12480.0,1434794,4472378,1427774,4355534,RICR,SMBDR,RIC,SMBD
1600,4502471,32043.0,10349.0,12480.0,1434794,4472378,1426538,4339202,RICR,AVAL,RIC,AVA
1601,4502471,32043.0,10349.0,12480.0,1434794,4472378,1425912,4328719,RICR,SMDDR,RIC,SMDD
1602,4502470,31817.0,10265.0,12540.0,1434794,4472380,1426538,4339200,RICR,AVAL,RIC,AVA
1603,4502470,31817.0,10265.0,12540.0,1434794,4472380,1425912,4328721,RICR,SMDDR,RIC,SMDD
1604,4505524,33277.0,5953.0,11610.0,1434794,4472145,1435183,4478566,RICR,ADAR,RIC,ADA
1605,4505524,33277.0,5953.0,11610.0,1434794,4472145,1434361,4463307,RICR,AVAR,RIC,AVA
1606,4502439,36366.0,5429.0,8970.0,1434794,4472230,1434361,4463392,RICR,AVAR,RIC,AVA
1607,4502439,36366.0,5429.0,8970.0,1434794,4472230,1426538,4339048,RICR,AVAL,RIC,AVA
1608,4499369,38338.0,5283.0,7680.0,1434794,4472342,1426838,4344295,RICR,SMDVL,RIC,SMDV
1609,4499369,38338.0,5283.0,7680.0,1434794,4472342,1424400,4302989,RICR,RMHR,RIC,RMH
1610,4502455,34418.0,5021.0,10200.0,1434794,4472191,1427461,4352841,RICR,RIVL,RIC,RIV
1611,4502455,34418.0,5021.0,10200.0,1434794,4472191,1427774,4355626,RICR,SMBDR,RIC,SMBD
1612,4502486,39013.0,10259.0,8940.0,1434794,4472324,1431795,4418090,RICR,SMDDL,RIC,SMDD
1613,4502431,39024.0,10033.0,8520.0,1434794,4472310,1434361,4463533,RICR,AVAR,RIC,AVA
1614,4502431,39024.0,10033.0,8520.0,1434794,4472310,1431795,4418104,RICR,SMDDL,RIC,SMDD
1615,4502458,39000.0,10380.0,8880.0,1434794,4472322,1431795,4418092,RICR,SMDDL,RIC,SMDD
1616,4502458,39000.0,10380.0,8880.0,1434794,4472322,1434361,4463545,RICR,AVAR,RIC,AVA
1617,4502466,39012.0,10058.0,8670.0,1434794,4472315,1431795,4418099,RICR,SMDDL,RIC,SMDD
1618,4502466,39012.0,10058.0,8670.0,1434794,4472315,1424741,4307851,RICR,RMHL,RIC,RMH
1619,4506165,40261.0,9363.0,8190.0,1429073,4374614,1432082,4423329,RIFR,ADAL,RIF,ADA
1620,4506165,40261.0,9363.0,8190.0,1429073,4374614,1423018,4278583,RIFR,AVBL,RIF,AVB
1621,4502578,40744.0,10968.0,8970.0,1429073,4374583,1423018,4278548,RIFR,AVBL,RIF,AVB
1622,4502578,40744.0,10968.0,8970.0,1429073,4374583,1434461,4465020,RIFR,AVJR,RIF,AVJ
1623,4502583,41116.0,11823.0,9540.0,1429073,4374564,1423018,4278529,RIFR,AVBL,RIF,AVB
1624,4502583,41116.0,11823.0,9540.0,1429073,4374564,1434461,4465038,RIFR,AVJR,RIF,AVJ
1625,4502575,40590.0,10870.0,8730.0,1429073,4374591,1433450,4447919,RIFR,PVPL,RIF,PVP
1626,4502575,40590.0,10870.0,8730.0,1429073,4374591,1434461,4465012,RIFR,AVJR,RIF,AVJ
1627,4502575,40590.0,10870.0,8730.0,1429073,4374591,1423018,4278556,RIFR,AVBL,RIF,AVB
1628,4502550,38006.0,5837.0,8670.0,1429073,4374637,1430569,4396924,RIFR,BDUL,RIF,BDU
1629,4502550,38006.0,5837.0,8670.0,1429073,4374637,1431222,4407964,RIFR,AVJL,RIF,AVJ
1630,4502557,36402.0,4865.0,9480.0,1429073,4374666,1423018,4278671,RIFR,AVBL,RIF,AVB
1631,4502557,36402.0,4865.0,9480.0,1429073,4374666,1433516,4449751,RIFR,PVCR,RIF,PVC
1632,4508238,40998.0,11611.0,9420.0,1429073,4374568,1432287,4425244,RIFR,RIML,RIF,RIM
1633,4508238,40998.0,11611.0,9420.0,1429073,4374568,1427514,4354048,RIFR,ASHL,RIF,ASH
1634,4502628,36851.0,13107.0,12420.0,1430112,4387804,1431222,4408129,RIFL,AVJL,RIF,AVJ
1635,4502628,36851.0,13107.0,12420.0,1430112,4387804,1423195,4281960,RIFL,AVBR,RIF,AVB
1636,4502607,35444.0,4343.0,10380.0,1430112,4387916,1430569,4396980,RIFL,BDUL,RIF,BDU
1637,4502607,35444.0,4343.0,10380.0,1430112,4387916,1423195,4282069,RIFL,AVBR,RIF,AVB
1638,4506640,34992.0,5094.0,10710.0,1430112,4387907,1434998,4475437,RIFL,BDUR,RIF,BDU
1639,4506640,34992.0,5094.0,10710.0,1430112,4387907,1423195,4282060,RIFL,AVBR,RIF,AVB
1640,4502650,33255.0,10008.0,12540.0,1430112,4387849,1423195,4281987,RIFL,AVBR,RIF,AVB
1641,4502650,33255.0,10008.0,12540.0,1430112,4387849,1434998,4475377,RIFL,BDUR,RIF,BDU
1642,4502852,39288.0,11284.0,9060.0,1428546,4367844,1432129,4423688,RIGL,AIZL,RIG,AIZ
1643,4502852,39288.0,11284.0,9060.0,1428546,4367844,1428348,4364461,RIGL,AVER,RIG,AVE
1644,4502852,39288.0,11284.0,9060.0,1428546,4367844,1432038,4422499,RIGL,ADEL,RIG,ADE
1645,4502761,36070.0,4131.0,8970.0,1428546,4368051,1429313,4377519,RIGL,AVEL,RIG,AVE
1646,4502761,36070.0,4131.0,8970.0,1428546,4368051,1420916,4243923,RIGL,AIBR,RIG,AIB
1647,4502664,40106.0,8036.0,6360.0,1428546,4368080,1421828,4260261,RIGL,RMGL,RIG,RMG
1648,4502664,40106.0,8036.0,6360.0,1428546,4368080,1426010,4331267,RIGL,AVKR,RIG,AVK
1649,4506937,40308.0,8794.0,6390.0,1428546,4368079,1426010,4330355,RIGL,AVKR,RIG,AVK
1650,4506937,40308.0,8794.0,6390.0,1428546,4368079,1420804,4241728,RIGL,AVKL,RIG,AVK
1651,4502732,37848.0,4145.0,7890.0,1428546,4368015,1432129,4423826,RIGL,AIZL,RIG,AIZ
1652,4502732,37848.0,4145.0,7890.0,1428546,4368015,1429313,4377481,RIGL,AVEL,RIG,AVE
1653,4502732,37848.0,4145.0,7890.0,1428546,4368015,1423730,4292958,RIGL,BAGR,RIG,BAG
1654,4502705,40655.0,9643.0,6960.0,1428546,4367940,1419530,4221192,RIGL,RIBL,RIG,RIB
1655,4502705,40655.0,9643.0,6960.0,1428546,4367940,1423730,4293094,RIGL,BAGR,RIG,BAG
1656,4507158,40923.0,9426.0,7140.0,1428546,4367929,1419707,4223225,RIGL,RIR,RIG,RIR
1657,4507158,40923.0,9426.0,7140.0,1428546,4367929,1423487,4288518,RIGL,AVHR,RIG,AVH
1658,4507158,40923.0,9426.0,7140.0,1428546,4367929,1426776,4343771,RIGL,OLQVL,RIG,OLQV
1659,4507158,40923.0,9426.0,7140.0,1428546,4367929,1425643,4323407,RIGL,URYVL,RIG,URYV
1660,4507113,39057.0,5116.0,7020.0,1428546,4367986,1419530,4221372,RIGL,RIBL,RIG,RIB
1661,4502795,39525.0,11023.0,8130.0,1428546,4367875,1428348,4364447,RIGL,AVER,RIG,AVE
1662,4502795,39525.0,11023.0,8130.0,1428546,4367875,1425643,4323451,RIGL,URYVL,RIG,URYV
1663,4502797,39663.0,11239.0,8190.0,1428546,4367873,1428348,4364445,RIGL,AVER,RIG,AVE
1664,4502797,39663.0,11239.0,8190.0,1428546,4367873,1419707,4223185,RIGL,RIR,RIG,RIR
1665,4508124,34940.0,3353.0,9840.0,1429497,4380395,1431482,4412066,RIGR,AIBL,RIG,AIB
1666,4508124,34940.0,3353.0,9840.0,1429497,4380395,1428348,4364241,RIGR,AVER,RIG,AVE
1667,4502916,32734.0,4336.0,11310.0,1429497,4380348,1423522,4290201,RIGR,AIZR,RIG,AIZ
1668,4502916,32734.0,4336.0,11310.0,1429497,4380348,1428348,4364194,RIGR,AVER,RIG,AVE
1669,4502929,32558.0,4568.0,11520.0,1429497,4380341,1420142,4229226,RIGR,BAGL,RIG,BAG
1670,4505903,29367.0,9378.0,13230.0,1429497,4380284,1420804,4242763,RIGR,AVKL,RIG,AVK
1671,4508390,29095.0,8476.0,13050.0,1429497,4380290,1422387,4270371,RIGR,DVC,RIG,DVC
1672,4508390,29095.0,8476.0,13050.0,1429497,4380290,1420804,4241949,RIGR,AVKL,RIG,AVK
1673,4508278,29453.0,7976.0,12810.0,1429497,4380298,1434654,4469719,RIGR,RMGR,RIG,RMG
1674,4508278,29453.0,7976.0,12810.0,1429497,4380298,1424741,4308142,RIGR,RMHL,RIG,RMH
1675,4508278,29453.0,7976.0,12810.0,1429497,4380298,1420804,4241941,RIGR,AVKL,RIG,AVK
1676,4502959,30703.0,10695.0,13140.0,1429497,4380277,1430218,4390140,RIGR,OLQVR,RIG,OLQV
1677,4502959,30703.0,10695.0,13140.0,1429497,4380277,1422520,4271924,RIGR,RIBR,RIG,RIB
1678,4508469,29697.0,9953.0,13650.0,1429497,4380422,1427586,4354367,RIGR,RIAR,RIG,RIA
1679,4504513,31824.0,4993.0,12120.0,1429497,4380321,1431482,4412140,RIGR,AIBL,RIG,AIB
1680,4504513,31824.0,4993.0,12120.0,1429497,4380321,1422520,4271713,RIGR,RIBR,RIG,RIB
1681,4505727,32405.0,11548.0,12630.0,1429497,4380448,1429313,4377715,RIGR,AVEL,RIG,AVE
1682,4505727,32405.0,11548.0,12630.0,1429497,4380448,1419330,4216548,RIGR,URYVR,RIG,URYV
1683,4505727,32405.0,11548.0,12630.0,1429497,4380448,1419707,4223423,RIGR,RIR,RIG,RIR
1684,4497844,35144.0,11327.0,12240.0,1427362,4351406,1427586,4354421,RIH,RIAR,RIH,RIA
1685,4497844,35144.0,11327.0,12240.0,1427362,4351406,1423522,4290077,RIH,AIZR,RIH,AIZ
1686,4503223,35541.0,5034.0,7320.0,1427362,4351655,1420528,4235652,RIH,OLQDL,RIH,OLQD
1687,4503223,35541.0,5034.0,7320.0,1427362,4351655,1429838,4384782,RIH,CEPDL,RIH,CEPD
1688,4503332,36053.0,6676.0,7350.0,1427362,4351610,1420844,4243312,RIH,IL2DL,RIH,IL2D
1689,4507009,35226.0,6019.0,7800.0,1427362,4351685,1431982,4421127,RIH,GLRDL,RIH,GLRD
1690,4507009,35226.0,6019.0,7800.0,1427362,4351685,1420844,4243266,RIH,IL2DL,RIH,IL2D
1691,4503383,31129.0,5439.0,10440.0,1427362,4351334,1425408,4317989,RIH,GLRDR,RIH,GLRD
1692,4503383,31129.0,5439.0,10440.0,1427362,4351334,1421800,4259514,RIH,IL2DR,RIH,IL2D
1693,4503340,36855.0,8018.0,7410.0,1427362,4351591,1424498,4304407,RIH,IL2L,RIH,IL2L/R
1694,4504339,36149.0,4599.0,7530.0,1427362,4351671,1420528,4235494,RIH,OLQDL,RIH,OLQD
1695,4496722,30899.0,5590.0,10710.0,1427362,4351322,1419649,4222568,RIH,OLQDR,RIH,OLQD
1696,4497133,31895.0,5064.0,9840.0,1427362,4351353,1419649,4223074,RIH,OLQDR,RIH,OLQD
1697,4497133,31895.0,5064.0,9840.0,1427362,4351353,1426227,4334048,RIH,RIPR,RIH,RIP
1698,4508348,32621.0,5166.0,9300.0,1427362,4351371,1419649,4223092,RIH,OLQDR,RIH,OLQD
1699,4508348,32621.0,5166.0,9300.0,1427362,4351371,1426227,4334066,RIH,RIPR,RIH,RIP
1700,4503315,37183.0,7620.0,6810.0,1427362,4351768,1426196,4333294,RIH,RIPL,RIH,RIP
1701,4503315,37183.0,7620.0,6810.0,1427362,4351768,1426776,4343741,RIH,OLQVL,RIH,OLQV
1702,4497303,38221.0,8291.0,6690.0,1427362,4351772,1426776,4343890,RIH,OLQVL,RIH,OLQV
1703,4497303,38221.0,8291.0,6690.0,1427362,4351772,1424498,4304447,RIH,IL2L,RIH,IL2L/R
1704,4497508,39009.0,8314.0,7020.0,1427362,4351792,1427938,4360324,RIH,RIAL,RIH,RIA
1705,4503289,39420.0,9170.0,6720.0,1427362,4351783,1419530,4221318,RIH,RIBL,RIH,RIB
1706,4503316,36701.0,6684.0,6870.0,1427362,4351626,1426196,4333296,RIH,RIPL,RIH,RIP
1707,4497036,35301.0,5190.0,7350.0,1427362,4351656,1426196,4333397,RIH,RIPL,RIH,RIP
1708,4497036,35301.0,5190.0,7350.0,1427362,4351656,1429838,4384783,RIH,CEPDL,RIH,CEPD
1709,4497358,36607.0,5619.0,6840.0,1427362,4351632,1420844,4243292,RIH,IL2DL,RIH,IL2D
1710,4503374,30426.0,5824.0,11460.0,1427362,4351297,1426227,4334499,RIH,RIPR,RIH,RIP
1711,4503374,30426.0,5824.0,11460.0,1427362,4351297,1425851,4327276,RIH,CEPshDR,RIH,CEPshD
1712,4497645,30246.0,7710.0,11550.0,1427362,4351283,1426227,4334502,RIH,RIPR,RIH,RIP
1713,4497645,30246.0,7710.0,11550.0,1427362,4351283,1430218,4389710,RIH,OLQVR,RIH,OLQV
1714,4505420,39966.0,10967.0,9630.0,1432287,4424811,1423195,4282272,RIML,AVBR,RIM,AVB
1715,4506339,41288.0,8024.0,6360.0,1432287,4425219,1419530,4221349,RIML,RIBL,RIM,RIB
1716,4504805,41130.0,8610.0,6420.0,1432287,4425217,1419530,4221351,RIML,RIBL,RIM,RIB
1717,4504897,41192.0,8200.0,6450.0,1432287,4425216,1419530,4221352,RIML,RIBL,RIM,RIB
1718,4505489,34285.0,4071.0,9450.0,1432287,4425009,1431765,4416848,RIML,SIADL,RIM,SIAD
1719,4505489,34285.0,4071.0,9450.0,1432287,4425009,1419530,4221563,RIML,RIBL,RIM,RIB
1720,4505427,40463.0,11606.0,10260.0,1432287,4424791,1423195,4282296,RIML,AVBR,RIM,AVB
1721,4505427,40463.0,11606.0,10260.0,1432287,4424791,1420582,4236798,RIML,RIS,RIM,RIS
1722,4505471,31753.0,6043.0,11820.0,1432287,4425086,1422453,4271031,RIML,RMDR,RIM,RMDL/R
1723,4505471,31753.0,6043.0,11820.0,1432287,4425086,1426483,4337272,RIML,BWM-DR06,RIM,BWM06D
1724,4498016,31851.0,5769.0,11730.0,1432287,4425083,1426122,4332117,RIML,BWM-DR04,RIM,BWM04D
1725,4498016,31851.0,5769.0,11730.0,1432287,4425083,1422453,4271028,RIML,RMDR,RIM,RMDL/R
1726,4506846,30828.0,9939.0,12450.0,1432287,4425153,1422453,4271366,RIML,RMDR,RIM,RMDL/R
1727,4496744,39137.0,5384.0,7080.0,1432287,4424930,1428546,4367988,RIML,RIGL,RIM,RIG
1728,4496744,39137.0,5384.0,7080.0,1432287,4424930,1422040,4263791,RIML,SAADR,RIM,SAAD
1729,4505439,34695.0,10243.0,11700.0,1432287,4425177,1428608,4368500,RIML,SAAVL,RIM,SAAV
1730,4505439,34695.0,10243.0,11700.0,1432287,4425177,1425912,4328689,RIML,SMDDR,RIM,SMDD
1731,4505250,36172.0,4901.0,8730.0,1432287,4424985,1426838,4344335,RIML,SMDVL,RIM,SMDV
1732,4505250,36172.0,4901.0,8730.0,1432287,4424985,1428608,4368296,RIML,SAAVL,RIM,SAAV
1733,4505483,30879.0,9790.0,12810.0,1432287,4425141,1428608,4368464,RIML,SAAVL,RIM,SAAV
1734,4505483,30879.0,9790.0,12810.0,1432287,4425141,1426838,4344485,RIML,SMDVL,RIM,SMDV
1735,4502363,38757.0,10487.0,9120.0,1432287,4424828,1425227,4315903,RIML,SAAVR,RIM,SAAV
1736,4502363,38757.0,10487.0,9120.0,1432287,4424828,1431795,4418084,RIML,SMDDL,RIM,SMDD
1737,4505411,38861.0,10497.0,9300.0,1432287,4424822,1431795,4418078,RIML,SMDDL,RIM,SMDD
1738,4505411,38861.0,10497.0,9300.0,1432287,4424822,1425227,4315909,RIML,SAAVR,RIM,SAAV
1739,4505418,38730.0,10481.0,9450.0,1432287,4424817,1431795,4418073,RIML,SMDDL,RIM,SMDD
1740,4505418,38730.0,10481.0,9450.0,1432287,4424817,1425227,4315914,RIML,SAAVR,RIM,SAAV
1741,4505288,33908.0,4249.0,9720.0,1432287,4425018,1431795,4418255,RIML,SMDDL,RIM,SMDD
1742,4505288,33908.0,4249.0,9720.0,1432287,4425018,1422520,4271812,RIML,RIBR,RIM,RIB
1743,4505288,33908.0,4249.0,9720.0,1432287,4425018,1431765,4416857,RIML,SIADL,RIM,SIAD
1744,4505398,33546.0,4071.0,10140.0,1432287,4425031,1429685,4382985,RIML,SMDVR,RIM,SMDV
1745,4505398,33546.0,4071.0,10140.0,1432287,4425031,1431795,4418268,RIML,SMDDL,RIM,SMDD
1746,4505498,35419.0,10575.0,11130.0,1432287,4425196,1426838,4344540,RIML,SMDVL,RIM,SMDV
1747,4505498,35419.0,10575.0,11130.0,1432287,4425196,1422520,4271990,RIML,RIBR,RIM,RIB
1748,4508585,34776.0,10379.0,11880.0,1419924,4225884,1431482,4412193,RIMR,AIBL,RIM,AIB
1749,4498075,31674.0,10371.0,12780.0,1419924,4225920,1423018,4278805,RIMR,AVBL,RIM,AVB
1750,4498075,31674.0,10371.0,12780.0,1419924,4225920,1431482,4412163,RIMR,AIBL,RIM,AIB
1751,4505932,29769.0,9327.0,13440.0,1419924,4225942,1429497,4380415,RIMR,RIGR,RIM,RIG
1752,4505932,29769.0,9327.0,13440.0,1419924,4225942,1431482,4412266,RIMR,AIBL,RIM,AIB
1753,4498290,29486.0,8025.0,13260.0,1419924,4225948,1431482,4412260,RIMR,AIBL,RIM,AIB
1754,4498290,29486.0,8025.0,13260.0,1419924,4225948,1422520,4271676,RIMR,RIBR,RIM,RIB
1755,4508757,29599.0,8723.0,13470.0,1419924,4226309,1422520,4271669,RIMR,RIBR,RIM,RIB
1756,4508659,29569.0,8271.0,13320.0,1419924,4225946,1423018,4279916,RIMR,AVBL,RIM,AVB
1757,4509140,29697.0,8923.0,13590.0,1419924,4226313,1422520,4271665,RIMR,RIBR,RIM,RIB
1758,4507025,38271.0,5994.0,7350.0,1419924,4226145,1426759,4343576,RIMR,BWM-DL06,RIM,BWM06D
1759,4507025,38271.0,5994.0,7350.0,1419924,4226145,1421864,4260547,RIMR,BWM-DL04,RIM,BWM04D
1760,4507025,38271.0,5994.0,7350.0,1419924,4226145,1427022,4347538,RIMR,RMDL,RIM,RMDL/R
1761,4507026,39163.0,8456.0,7440.0,1419924,4226211,1423357,4286189,RIMR,BWM-VL04,RIM,BWM04V
1762,4507026,39163.0,8456.0,7440.0,1419924,4226211,1428190,4361774,RIMR,BWM-VL06,RIM,BWM06V
1763,4507026,39163.0,8456.0,7440.0,1419924,4226211,1427022,4347833,RIMR,RMDL,RIM,RMDL/R
1764,4500272,33587.0,4991.0,10800.0,1419924,4226028,1429685,4382963,RIMR,SMDVR,RIM,SMDV
1765,4500272,33587.0,4991.0,10800.0,1419924,4226028,1425227,4315679,RIMR,SAAVR,RIM,SAAV
1766,4507001,38175.0,5478.0,7140.0,1419924,4226152,1427022,4347545,RIMR,RMDL,RIM,RMDL/R
1767,4507001,38175.0,5478.0,7140.0,1419924,4226152,1425912,4328928,RIMR,SMDDR,RIM,SMDD
1768,4507390,36093.0,4757.0,8250.0,1419924,4226111,1426838,4344318,RIMR,SMDVL,RIM,SMDV
1769,4507390,36093.0,4757.0,8250.0,1419924,4226111,1425912,4328891,RIMR,SMDDR,RIM,SMDD
1770,4507312,37652.0,4773.0,7740.0,1419924,4226128,1422040,4263769,RIMR,SAADR,RIM,SAAD
1771,4507312,37652.0,4773.0,7740.0,1419924,4226128,1426838,4344297,RIMR,SMDVL,RIM,SMDV
1772,4507023,39295.0,8932.0,7410.0,1419924,4226210,1427022,4347832,RIMR,RMDL,RIM,RMDL/R
1773,4506653,38424.0,10717.0,8610.0,1419924,4226251,1429685,4383157,RIMR,SMDVR,RIM,SMDV
1774,4506653,38424.0,10717.0,8610.0,1419924,4226251,1420582,4236626,RIMR,RIS,RIM,RIS
1775,4498916,38123.0,5289.0,8190.0,1419707,4223266,1423638,4291331,RIR,DVA,RIR,DVA
1776,4498921,36802.0,4785.0,8970.0,1419707,4223292,1432129,4423866,RIR,AIZL,RIR,AIZ
1777,4498918,39783.0,11341.0,8160.0,1419707,4223186,1427938,4359874,RIR,RIAL,RIR,RIA
1778,4498918,39783.0,11341.0,8160.0,1419707,4223186,1432129,4423731,RIR,AIZL,RIR,AIZ
1779,4498948,30583.0,9391.0,13470.0,1419707,4223457,1423522,4290131,RIR,AIZR,RIR,AIZ
1780,4498932,33792.0,4716.0,11250.0,1419707,4223527,1423522,4290203,RIR,AIZR,RIR,AIZ
1781,4498932,33792.0,4716.0,11250.0,1419707,4223527,1423638,4291230,RIR,DVA,RIR,DVA
1782,4498941,33602.0,4788.0,11400.0,1419707,4223522,1423522,4290198,RIR,AIZR,RIR,AIZ
1783,4498941,33602.0,4788.0,11400.0,1419707,4223522,1423638,4291225,RIR,DVA,RIR,DVA
1784,4498530,40639.0,10080.0,7680.0,1419707,4223347,1421188,4248626,RIR,URXL,RIR,URX
1785,4498914,40629.0,10232.0,7680.0,1419707,4223347,1421188,4248626,RIR,URXL,RIR,URX
1786,4498671,40627.0,7269.0,7110.0,1419707,4223231,1432129,4423796,RIR,AIZL,RIR,AIZ
1787,4498908,40865.0,7443.0,6870.0,1419707,4223336,1421188,4248645,RIR,URXL,RIR,URX
1788,4498943,32137.0,11742.0,12900.0,1419707,4223432,1425750,4324995,RIR,URXR,RIR,URX
1789,4498944,32007.0,11720.0,12930.0,1419707,4223433,1425750,4324994,RIR,URXR,RIR,URX
1790,4498945,30313.0,8463.0,13350.0,1419707,4223453,1427586,4354340,RIR,RIAR,RIR,RIA
1791,4498945,30313.0,8463.0,13350.0,1419707,4223453,1425750,4324940,RIR,URXR,RIR,URX
1792,4498956,31747.0,10835.0,12990.0,1419707,4223441,1427586,4354389,RIR,RIAR,RIR,RIA
1793,4498956,31747.0,10835.0,12990.0,1419707,4223441,1425750,4324992,RIR,URXR,RIR,URX
1794,4499028,31398.0,10635.0,13110.0,1419707,4223445,1427586,4354385,RIR,RIAR,RIR,RIA
1795,4499028,31398.0,10635.0,13110.0,1419707,4223445,1425750,4324970,RIR,URXR,RIR,URX
1796,4499321,30827.0,6033.0,12300.0,1420582,4236363,1429313,4377626,RIS,AVEL,RIS,AVE
1797,4499321,30827.0,6033.0,12300.0,1420582,4236363,1422520,4271725,RIS,RIBR,RIS,RIB
1798,4499315,30798.0,5573.0,12120.0,1420582,4236369,1428854,4372482,RIS,CEPDR,RIS,CEPD
1799,4499315,30798.0,5573.0,12120.0,1420582,4236369,1429313,4377620,RIS,AVEL,RIS,AVE
1800,4499315,30798.0,5573.0,12120.0,1420582,4236369,1422520,4271719,RIS,RIBR,RIS,RIB
1801,4502086,30635.0,10659.0,12420.0,1420582,4236340,1422520,4272028,RIS,RIBR,RIS,RIB
1802,4502086,30635.0,10659.0,12420.0,1420582,4236340,1432229,4424540,RIS,CEPVR,RIS,CEPV
1803,4502086,30635.0,10659.0,12420.0,1420582,4236340,1429313,4377631,RIS,AVEL,RIS,AVE
1804,4499190,35428.0,4389.0,8580.0,1420582,4236485,1428348,4364283,RIS,AVER,RIS,AVE
1805,4499190,35428.0,4389.0,8580.0,1420582,4236485,1420804,4241804,RIS,AVKL,RIS,AVK
1806,4499211,38406.0,11098.0,8820.0,1420582,4236633,1428348,4364453,RIS,AVER,RIS,AVE
1807,4499211,38406.0,11098.0,8820.0,1420582,4236633,1420804,4241648,RIS,AVKL,RIS,AVK
1808,4499068,39090.0,5966.0,6570.0,1420582,4236552,1419530,4221462,RIS,RIBL,RIS,RIB
1809,4499068,39090.0,5966.0,6570.0,1420582,4236552,1428348,4364941,RIS,AVER,RIS,AVE
1810,4499172,39289.0,9400.0,6960.0,1420582,4236570,1429975,4385892,RIS,CEPVL,RIS,CEPV
1811,4499172,39289.0,9400.0,6960.0,1420582,4236570,1428348,4364362,RIS,AVER,RIS,AVE
1812,4500377,38039.0,5117.0,7050.0,1420582,4236536,1425912,4328931,RIS,SMDDR,RIS,SMDD
1813,4500377,38039.0,5117.0,7050.0,1420582,4236536,1419530,4221483,RIS,RIBL,RIS,RIB
1814,4499197,34056.0,3919.0,9630.0,1420582,4236450,1432287,4425015,RIS,RIML,RIS,RIM
1815,4499197,34056.0,3919.0,9630.0,1420582,4236450,1420804,4241839,RIS,AVKL,RIS,AVK
1816,4506016,33286.0,9653.0,12330.0,1420582,4236338,1434794,4472370,RIS,RICR,RIS,RIC
1817,4506016,33286.0,9653.0,12330.0,1420582,4236338,1426010,4330112,RIS,AVKR,RIS,AVK
1818,4499085,38884.0,6546.0,6480.0,1420582,4236555,1428348,4364943,RIS,AVER,RIS,AVE
1819,4499085,38884.0,6546.0,6480.0,1420582,4236555,1419530,4221469,RIS,RIBL,RIS,RIB
1820,4499152,39651.0,7415.0,6630.0,1420582,4236665,1419530,4221474,RIS,RIBL,RIS,RIB
1821,4499216,35304.0,10802.0,11490.0,1420582,4236310,1432287,4425184,RIS,RIML,RIS,RIM
1822,4499309,31304.0,5381.0,11850.0,1420582,4236378,1432287,4425087,RIS,RIML,RIS,RIM
1823,4499386,37000.0,9920.0,10860.0,1427461,4353013,1422040,4264212,RIVL,SAADR,RIV,SAAD
1824,4499386,37000.0,9920.0,10860.0,1427461,4353013,1425497,4320016,RIVL,BWM-VR05,RIV,BWM05V
1825,4499386,37000.0,9920.0,10860.0,1427461,4353013,1419780,4224689,RIVL,BWM-VR07,RIV,BWM07V
1826,4503740,37260.0,9820.0,10590.0,1427461,4353022,1431570,4413366,RIVL,excgl,RIV,excgl
1827,4503740,37260.0,9820.0,10590.0,1427461,4353022,1426281,4334602,RIVL,GLRVR,RIV,GLRV
1828,4502968,36664.0,9752.0,10770.0,1427461,4353016,1425497,4320029,RIVL,BWM-VR05,RIV,BWM05V
1829,4502968,36664.0,9752.0,10770.0,1427461,4353016,1426281,4334596,RIVL,GLRVR,RIV,GLRV
1830,4499443,35005.0,9765.0,11610.0,1427461,4353062,1427938,4360254,RIVL,RIAL,RIV,RIA
1831,4499443,35005.0,9765.0,11610.0,1427461,4353062,1425912,4328684,RIVL,SMDDR,RIV,SMDD
1832,4499417,36050.0,10002.0,11220.0,1427461,4353049,1427586,4354503,RIVL,RIAR,RIV,RIA
1833,4499417,36050.0,10002.0,11220.0,1427461,4353049,1427938,4360267,RIVL,RIAL,RIV,RIA
1834,4499425,36228.0,9982.0,11130.0,1427461,4353025,1427586,4354506,RIVL,RIAR,RIV,RIA
1835,4499382,36904.0,10292.0,10830.0,1427461,4353014,1426838,4344864,RIVL,SMDVL,RIV,SMDV
1836,4499382,36904.0,10292.0,10830.0,1427461,4353014,1427717,4355084,RIVL,RMDDR,RIV,RMDD
1837,4499442,35848.0,9802.0,11430.0,1427461,4353056,1427022,4347784,RIVL,RMDL,RIV,RMDL/R
1838,4499479,33760.0,9336.0,11910.0,1427461,4353072,1428395,4365142,RIVL,SIAVR,RIV,SIAV
1839,4499479,33760.0,9336.0,11910.0,1427461,4353072,1427022,4347767,RIVL,RMDL,RIV,RMDL/R
1840,4499480,34268.0,9564.0,11760.0,1427461,4353067,1428395,4365147,RIVL,SIAVR,RIV,SIAV
1841,4499480,34268.0,9564.0,11760.0,1427461,4353067,1427022,4347772,RIVL,RMDL,RIV,RMDL/R
1842,4499390,36880.0,10076.0,11070.0,1427461,4353006,1422040,4264205,RIVL,SAADR,RIV,SAAD
1843,4499413,36444.0,9966.0,11190.0,1427461,4353048,1422040,4264201,RIVL,SAADR,RIV,SAAD
1844,4499427,37460.0,10202.0,11190.0,1427461,4353027,1419707,4223370,RIVL,RIR,RIV,RIR
1845,4509228,38175.0,9656.0,9840.0,1421993,4262782,1421496,4253446,RIVR,BWM-VL07,RIV,BWM07V
1846,4499503,37521.0,9564.0,10140.0,1421993,4262773,1432344,4425310,RIVR,GLRVL,RIV,GLRV
1847,4499482,37908.0,9945.0,9690.0,1421993,4262787,1427938,4359981,RIVR,RIAL,RIV,RIA
1848,4499515,37325.0,10058.0,10170.0,1421993,4262772,1429685,4383427,RIVR,SMDVR,RIV,SMDV
1849,4499515,37325.0,10058.0,10170.0,1421993,4262772,1431026,4406139,RIVR,RMDDL,RIV,RMDD
1850,4499492,37521.0,9566.0,9960.0,1421993,4262779,1427586,4354799,RIVR,RIAR,RIV,RIA
1851,4499492,37521.0,9566.0,9960.0,1421993,4262779,1421496,4253449,RIVR,BWM-VL07,RIV,BWM07V
1852,4499489,38069.0,9802.0,9840.0,1421993,4262782,1427586,4354796,RIVR,RIAR,RIV,RIA
1853,4499489,38069.0,9802.0,9840.0,1421993,4262782,1427938,4359971,RIVR,RIAL,RIV,RIA
1854,4499489,38069.0,9802.0,9840.0,1421993,4262782,1431026,4406145,RIVR,RMDDL,RIV,RMDD
1855,4499490,37501.0,9700.0,9960.0,1421993,4262779,1427586,4354799,RIVR,RIAR,RIV,RIA
1856,4499490,37501.0,9700.0,9960.0,1421993,4262779,1431026,4406142,RIVR,RMDDL,RIV,RMDD
1857,4499512,37525.0,9886.0,10080.0,1421993,4262775,1432008,4422199,RIVR,SAADL,RIV,SAAD
1858,4499521,37561.0,9858.0,10230.0,1421993,4262876,1432008,4422204,RIVR,SAADL,RIV,SAAD
1859,4498233,38663.0,10218.0,10170.0,1421993,4262871,1432008,4421469,RIVR,SAADL,RIV,SAAD
1860,4499470,38560.0,10212.0,8790.0,1421993,4262824,1422453,4271298,RIVR,RMDR,RIV,RMDL/R
1861,4499470,38560.0,10212.0,8790.0,1421993,4262824,1421084,4246232,RIVR,SIAVL,RIV,SIAV
1862,4499465,38886.0,10131.0,8280.0,1421993,4262841,1427586,4354744,RIVR,RIAR,RIV,RIA
1863,4499465,38886.0,10131.0,8280.0,1421993,4262841,1431795,4418112,RIVR,SMDDL,RIV,SMDD
1864,4499550,38570.0,10098.0,8550.0,1421993,4262832,1427586,4354753,RIVR,RIAR,RIV,RIA
1865,4499550,38570.0,10098.0,8550.0,1421993,4262832,1431795,4418103,RIVR,SMDDL,RIV,SMDD
1866,4496742,34638.0,5385.0,8670.0,1431026,4406412,1436355,4495175,RMDDL,BWM-DL01,RMDD,BWM01D
1867,4496742,34638.0,5385.0,8670.0,1431026,4406412,1424385,4302559,RMDDL,BWM-DL03,RMDD,BWM03D
1868,4496750,32264.0,4983.0,10350.0,1431026,4406432,1431123,4407060,RMDDL,BWM-DR03,RMDD,BWM03D
1869,4496750,32264.0,4983.0,10350.0,1431026,4406432,1436320,4494267,RMDDL,BWM-DR01,RMDD,BWM01D
1870,4496750,32264.0,4983.0,10350.0,1431026,4406432,1428906,4373211,RMDDL,RMDVR,RMDD,RMDV
1871,4496764,31468.0,6460.0,11430.0,1431026,4406467,1428906,4373176,RMDDL,RMDVR,RMDD,RMDV
1872,4496764,31468.0,6460.0,11430.0,1431026,4406467,1430282,4390468,RMDDL,BWM-DR02,RMDD,BWM02D
1873,4496824,32007.0,6821.0,11550.0,1431026,4406471,1426122,4332132,RMDDL,BWM-DR04,RMDD,BWM04D
1874,4496824,32007.0,6821.0,11550.0,1431026,4406471,1430282,4390490,RMDDL,BWM-DR02,RMDD,BWM02D
1875,4502679,35583.0,6069.0,8100.0,1427717,4355304,1436355,4495103,RMDDR,BWM-DL01,RMDD,BWM01D
1876,4507922,35253.0,6031.0,8130.0,1427717,4355303,1424385,4302553,RMDDR,BWM-DL03,RMDD,BWM03D
1877,4507922,35253.0,6031.0,8130.0,1427717,4355303,1436355,4495102,RMDDR,BWM-DL01,RMDD,BWM01D
1878,4509259,34630.0,5723.0,8430.0,1427717,4355293,1436355,4495092,RMDDR,BWM-DL01,RMDD,BWM01D
1879,4509259,34630.0,5723.0,8430.0,1427717,4355293,1424385,4302543,RMDDR,BWM-DL03,RMDD,BWM03D
1880,4509237,36007.0,6169.0,8280.0,1427717,4355298,1436355,4495097,RMDDR,BWM-DL01,RMDD,BWM01D
1881,4509237,36007.0,6169.0,8280.0,1427717,4355298,1434596,4469101,RMDDR,RMDVL,RMDD,RMDV
1882,4507627,36879.0,6348.0,7530.0,1427717,4355338,1436336,4494733,RMDDR,BWM-DL02,RMDD,BWM02D
1883,4507627,36879.0,6348.0,7530.0,1427717,4355338,1434596,4469053,RMDDR,RMDVL,RMDD,RMDV
1884,4507760,37253.0,6712.0,7560.0,1427717,4355337,1434596,4469036,RMDDR,RMDVL,RMDD,RMDV
1885,4507760,37253.0,6712.0,7560.0,1427717,4355337,1436336,4494724,RMDDR,BWM-DL02,RMDD,BWM02D
1886,4508442,36725.0,6633.0,8040.0,1427717,4355316,1421864,4260512,RMDDR,BWM-DL04,RMDD,BWM04D
1887,4508442,36725.0,6633.0,8040.0,1427717,4355316,1434596,4469071,RMDDR,RMDVL,RMDD,RMDV
1888,4509233,37784.0,6981.0,7740.0,1427717,4355332,1436336,4494718,RMDDR,BWM-DL02,RMDD,BWM02D
1889,4509233,37784.0,6981.0,7740.0,1427717,4355332,1421864,4260528,RMDDR,BWM-DL04,RMDD,BWM04D
1890,4497072,32143.0,5828.0,11550.0,1427022,4347699,1427938,4360213,RMDL,RIAL,RMDL/R,RIA
1891,4497458,32148.0,6847.0,12120.0,1427022,4347727,1427938,4360232,RMDL,RIAL,RMDL/R,RIA
1892,4498770,31450.0,6315.0,12120.0,1427022,4347727,1427938,4360232,RMDL,RIAL,RMDL/R,RIA
1893,4498770,31450.0,6315.0,12120.0,1427022,4347727,1428906,4373152,RMDL,RMDVR,RMDL/R,RMDV
1894,4497067,31559.0,7655.0,12360.0,1427022,4347788,1427586,4354825,RMDL,RIAR,RMDL/R,RIA
1895,4497067,31559.0,7655.0,12360.0,1427022,4347788,1429313,4377629,RMDL,AVEL,RMDL/R,AVE
1896,4497067,31559.0,7655.0,12360.0,1427022,4347788,1427717,4355402,RMDL,RMDDR,RMDL/R,RMDD
1897,4496880,33200.0,7661.0,11940.0,1427022,4347720,1422453,4271006,RMDL,RMDR,RMDL/R,RMDL/R
1898,4496873,32923.0,6877.0,11670.0,1427022,4347814,1422453,4271021,RMDL,RMDR,RMDL/R,RMDL/R
1899,4496876,33078.0,7607.0,11880.0,1427022,4347722,1421690,4257937,RMDL,IL1R,RMDL/R,IL1L/R
1900,4496876,33078.0,7607.0,11880.0,1427022,4347722,1422453,4271387,RMDL,RMDR,RMDL/R,RMDL/R
1901,4496887,32566.0,7421.0,12030.0,1427022,4347717,1422453,4271009,RMDL,RMDR,RMDL/R,RMDL/R
1902,4496887,32566.0,7421.0,12030.0,1427022,4347717,1424674,4307510,RMDL,OLLR,RMDL/R,OLL
1903,4498749,33032.0,8631.0,12090.0,1427022,4347753,1427938,4360238,RMDL,RIAL,RMDL/R,RIA
1904,4496888,31872.0,6445.0,11970.0,1427022,4347713,1426483,4337277,RMDL,BWM-DR06,RMDL/R,BWM06D
1905,4496888,31872.0,6445.0,11970.0,1427022,4347713,1422453,4271036,RMDL,RMDR,RMDL/R,RMDL/R
1906,4496888,31872.0,6445.0,11970.0,1427022,4347713,1427938,4360227,RMDL,RIAL,RMDL/R,RIA
1907,4497061,31999.0,7759.0,12330.0,1427022,4347787,1427586,4354824,RMDL,RIAR,RMDL/R,RIA
1908,4497061,31999.0,7759.0,12330.0,1427022,4347787,1422453,4271363,RMDL,RMDR,RMDL/R,RMDL/R
1909,4497061,31999.0,7759.0,12330.0,1427022,4347787,1427938,4360308,RMDL,RIAL,RMDL/R,RIA
1910,4497069,30182.0,9404.0,12480.0,1427022,4347791,1422453,4271367,RMDL,RMDR,RMDL/R,RMDL/R
1911,4497060,31685.0,7209.0,12330.0,1427022,4347787,1427938,4360307,RMDL,RIAL,RMDL/R,RIA
1912,4497060,31685.0,7209.0,12330.0,1427022,4347787,1428906,4373144,RMDL,RMDVR,RMDL/R,RMDV
1913,4497214,37908.0,7933.0,8010.0,1422453,4271342,1422841,4277649,RMDR,OLLL,RMDL/R,OLL
1914,4497214,37908.0,7933.0,8010.0,1422453,4271342,1423357,4286208,RMDR,BWM-VL04,RMDL/R,BWM04V
1915,4497214,37908.0,7933.0,8010.0,1422453,4271342,1436336,4494761,RMDR,BWM-DL02,RMDL/R,BWM02D
1916,4497179,38956.0,7707.0,7710.0,1422453,4271249,1424921,4311420,RMDR,IL1L,RMDL/R,IL1L/R
1917,4497179,38956.0,7707.0,7710.0,1422453,4271249,1427022,4347507,RMDR,RMDL,RMDL/R,RMDL/R
1918,4497160,38666.0,7431.0,7650.0,1422453,4271247,1427022,4347514,RMDR,RMDL,RMDL/R,RMDL/R
1919,4497160,38666.0,7431.0,7650.0,1422453,4271247,1422841,4277359,RMDR,OLLL,RMDL/R,OLL
1920,4497092,39003.0,7925.0,6840.0,1422453,4271207,1428348,4364937,RMDR,AVER,RMDL/R,AVE
1921,4497082,38981.0,7515.0,6990.0,1422453,4271202,1427938,4360325,RMDR,RIAL,RMDL/R,RIA
1922,4497120,38727.0,6714.0,7080.0,1422453,4271225,1427938,4360318,RMDR,RIAL,RMDL/R,RIA
1923,4497120,38727.0,6714.0,7080.0,1422453,4271225,1427022,4347547,RMDR,RMDL,RMDL/R,RMDL/R
1924,4497130,39068.0,8939.0,7650.0,1422453,4271260,1427586,4354723,RMDR,RIAR,RMDL/R,RIA
1925,4497192,37772.0,5969.0,7650.0,1422453,4271178,1427586,4354699,RMDR,RIAR,RMDL/R,RIA
1926,4497197,39554.0,9199.0,7830.0,1422453,4271266,1428906,4373334,RMDR,RMDVR,RMDL/R,RMDV
1927,4497197,39554.0,9199.0,7830.0,1422453,4271266,1427586,4354729,RMDR,RIAR,RMDL/R,RIA
1928,4497096,38911.0,7360.0,7200.0,1422453,4271195,1427586,4354810,RMDR,RIAR,RMDL/R,RIA
1929,4497114,38719.0,6644.0,7200.0,1422453,4271221,1427586,4354810,RMDR,RIAR,RMDL/R,RIA
1930,4497114,38719.0,6644.0,7200.0,1422453,4271221,1427022,4347543,RMDR,RMDL,RMDL/R,RMDL/R
1931,4497205,38294.0,7125.0,7920.0,1422453,4271339,1426759,7654804,RMDR,BWM-DL06,RMDL/R,BWM06D
1932,4497205,38294.0,7125.0,7920.0,1422453,4271339,1422841,4277648,RMDR,OLLL,RMDL/R,OLL
1933,4497205,38294.0,7125.0,7920.0,1422453,4271339,1427022,4347526,RMDR,RMDL,RMDL/R,RMDL/R
1934,4504884,34514.0,9568.0,10800.0,1434596,4469292,1436372,4495725,RMDVL,BWM-VR01,RMDV,BWM01V
1935,4509360,34570.0,9182.0,11280.0,1434596,4469276,1427717,4355097,RMDVL,RMDDR,RMDV,RMDD
1936,4509381,32994.0,8600.0,11490.0,1434596,4469339,1427717,4355106,RMDVL,RMDDR,RMDV,RMDD
1937,4509383,32448.0,8574.0,11520.0,1434596,4469338,1427717,4355412,RMDVL,RMDDR,RMDV,RMDD
1938,4509383,32448.0,8574.0,11520.0,1434596,4469338,1431555,4412607,RMDVL,BWM-VR02,RMDV,BWM02V
1939,4509384,32496.0,8130.0,11550.0,1434596,4469337,1431555,4412620,RMDVL,BWM-VR02,RMDV,BWM02V
1940,4509384,32496.0,8130.0,11550.0,1434596,4469337,1427717,4355408,RMDVL,RMDDR,RMDV,RMDD
1941,4509492,36986.0,9966.0,8910.0,1428906,4373370,1424993,4312201,RMDVR,BWM-VL01,RMDV,BWM01V
1942,4500953,37684.0,9528.0,8970.0,1428906,4373372,1424993,4312199,RMDVR,BWM-VL01,RMDV,BWM01V
1943,4500953,37684.0,9528.0,8970.0,1428906,4373372,1431026,4406186,RMDVR,RMDDL,RMDV,RMDD
1944,4509484,37312.0,9646.0,8850.0,1428906,4373368,1424993,4312203,RMDVR,BWM-VL01,RMDV,BWM01V
1945,4509484,37312.0,9646.0,8850.0,1428906,4373368,1431026,4406182,RMDVR,RMDDL,RMDV,RMDD
1946,4509089,37894.0,8675.0,7890.0,1428906,4373336,1424130,4298914,RMDVR,BWM-VL02,RMDV,BWM02V
1947,4509089,37894.0,8675.0,7890.0,1428906,4373336,1431026,4406225,RMDVR,RMDDL,RMDV,RMDD
1948,4509432,38205.0,8364.0,7680.0,1428906,4373329,1424130,4298943,RMDVR,BWM-VL02,RMDV,BWM02V
1949,4509444,38256.0,8169.0,7740.0,1428906,4373331,1424130,4298918,RMDVR,BWM-VL02,RMDV,BWM02V
1950,4509444,38256.0,8169.0,7740.0,1428906,4373331,1431026,4406240,RMDVR,RMDDL,RMDV,RMDD
1951,4509463,37862.0,9409.0,8160.0,1428906,4373345,1423357,4286158,RMDVR,BWM-VL04,RMDV,BWM04V
1952,4509463,37862.0,9409.0,8160.0,1428906,4373345,1424130,4298905,RMDVR,BWM-VL02,RMDV,BWM02V
1953,4509463,37862.0,9409.0,8160.0,1428906,4373345,1431026,4406217,RMDVR,RMDDL,RMDV,RMDD
1954,4508146,36305.0,9793.0,9300.0,1432474,4428744,1423453,4287809,RMED,RMER,RMED,RMEL/R
1955,4508146,36305.0,9793.0,9300.0,1432474,4428744,1428906,4373383,RMED,RMDVR,RMED,RMDV
1956,4508146,36305.0,9793.0,9300.0,1432474,4428744,1424993,4312143,RMED,BWM-VL01,RMED,BWM01V
1957,4508146,36305.0,9793.0,9300.0,1432474,4428744,1424426,4303438,RMED,BWM-VL03,RMED,BWM03V
1958,4502642,35762.0,9500.0,10500.0,1432474,4428946,1436372,4495720,RMED,BWM-VR01,RMED,BWM01V
1959,4502642,35762.0,9500.0,10500.0,1432474,4428946,1424993,4312182,RMED,BWM-VL01,RMED,BWM01V
1960,5470765,36287.0,9863.0,10170.0,1432474,4428772,1431795,4418060,RMED,SMDDL,RMED,SMDD
1961,5470765,36287.0,9863.0,10170.0,1432474,4428772,1424426,4303418,RMED,BWM-VL03,RMED,BWM03V
1962,5470765,36287.0,9863.0,10170.0,1432474,4428772,1436772,4496614,RMED,BWM-VR03,RMED,BWM03V
1963,5470765,36287.0,9863.0,10170.0,1432474,4428772,1436372,4495712,RMED,BWM-VR01,RMED,BWM01V
1964,5470765,36287.0,9863.0,10170.0,1432474,4428772,1424993,4312171,RMED,BWM-VL01,RMED,BWM01V
1965,4499178,36693.0,10111.0,9600.0,1432474,4428754,1431795,4418068,RMED,SMDDL,RMED,SMDD
1966,4499178,36693.0,10111.0,9600.0,1432474,4428754,1424993,4312188,RMED,BWM-VL01,RMED,BWM01V
1967,4501968,36181.0,9700.0,9780.0,1432474,4428760,1424426,4303399,RMED,BWM-VL03,RMED,BWM03V
1968,4501968,36181.0,9700.0,9780.0,1432474,4428760,1428906,4373425,RMED,RMDVR,RMED,RMDV
1969,4508215,35951.0,9856.0,10080.0,1432474,4428769,1436772,4496597,RMED,BWM-VR03,RMED,BWM03V
1970,4508215,35951.0,9856.0,10080.0,1432474,4428769,1434596,4469316,RMED,RMDVL,RMED,RMDV
1971,4508243,36014.0,9522.0,10500.0,1432474,4428946,1436372,4495720,RMED,BWM-VR01,RMED,BWM01V
1972,4508243,36014.0,9522.0,10500.0,1432474,4428946,1425912,4328675,RMED,SMDDR,RMED,SMDD
1973,4508242,36070.0,9718.0,10500.0,1432474,4428946,1425912,4328675,RMED,SMDDR,RMED,SMDD
1974,4508644,32556.0,7598.0,11460.0,1425603,4322665,1430282,4390476,RMEL,BWM-DR02,RMEL/R,BWM02D
1975,4504657,31670.0,7292.0,11400.0,1425603,4322842,1431555,4412617,RMEL,BWM-VR02,RMEL/R,BWM02V
1976,4508610,32122.0,7250.0,11460.0,1425603,4322844,1431555,4412640,RMEL,BWM-VR02,RMEL/R,BWM02V
1977,4508622,31946.0,7888.0,11280.0,1425603,4322686,1431555,4412613,RMEL,BWM-VR02,RMEL/R,BWM02V
1978,4508635,32160.0,7896.0,11400.0,1425603,4322663,1431555,4412595,RMEL,BWM-VR02,RMEL/R,BWM02V
1979,4508635,32160.0,7896.0,11400.0,1425603,4322663,1430282,4390480,RMEL,BWM-DR02,RMEL/R,BWM02D
1980,4508545,37461.0,7708.0,7710.0,1423453,4287870,1436336,4494737,RMER,BWM-DL02,RMEL/R,BWM02D
1981,4508513,37057.0,7002.0,7620.0,1423453,4288085,1436336,4494759,RMER,BWM-DL02,RMEL/R,BWM02D
1982,4508513,37057.0,7002.0,7620.0,1423453,4288085,1424130,4298937,RMER,BWM-VL02,RMEL/R,BWM02V
1983,4508513,37057.0,7002.0,7620.0,1423453,4288085,1436336,4494722,RMER,BWM-DL02,RMEL/R,BWM02D
1984,4504313,37319.0,7762.0,7710.0,1423453,4287870,1424130,4298924,RMER,BWM-VL02,RMEL/R,BWM02V
1985,4504313,37319.0,7762.0,7710.0,1423453,4287870,1436336,4494737,RMER,BWM-DL02,RMEL/R,BWM02D
1986,4504324,37885.0,7790.0,7740.0,1423453,4287871,1424130,4298918,RMER,BWM-VL02,RMEL/R,BWM02V
1987,4504324,37885.0,7790.0,7740.0,1423453,4287871,1436336,4494748,RMER,BWM-DL02,RMEL/R,BWM02D
1988,4508523,36857.0,6916.0,7620.0,1423453,4288085,1424130,4298927,RMER,BWM-VL02,RMEL/R,BWM02V
1989,4508523,36857.0,6916.0,7620.0,1423453,4288085,1436336,4494755,RMER,BWM-DL02,RMEL/R,BWM02D
1990,4508536,37401.0,7708.0,7680.0,1423453,4287869,1436336,4494744,RMER,BWM-DL02,RMEL/R,BWM02D
1991,4508536,37401.0,7708.0,7680.0,1423453,4287869,1424130,4298925,RMER,BWM-VL02,RMEL/R,BWM02V
1992,4508541,37657.0,7904.0,7710.0,1423453,4287870,1424130,4298919,RMER,BWM-VL02,RMEL/R,BWM02V
1993,4508541,37657.0,7904.0,7710.0,1423453,4287870,1436336,4494743,RMER,BWM-DL02,RMEL/R,BWM02D
1994,4504363,37411.0,7482.0,7650.0,1423453,4288086,1436336,4494735,RMER,BWM-DL02,RMEL/R,BWM02D
1995,4504363,37411.0,7482.0,7650.0,1423453,4288086,1424130,4298933,RMER,BWM-VL02,RMEL/R,BWM02V
1996,4507103,34606.0,4823.0,9090.0,1427905,4359221,1426838,4344350,RMEV,SMDVL,RMEV,SMDV
1997,4507103,34606.0,4823.0,9090.0,1427905,4359221,1436320,4494309,RMEV,BWM-DR01,RMEV,BWM01D
1998,4507103,34606.0,4823.0,9090.0,1427905,4359221,1436355,4495150,RMEV,BWM-DL01,RMEV,BWM01D
1999,4508451,34568.0,4752.0,9150.0,1427905,4359619,1436320,4494307,RMEV,BWM-DR01,RMEV,BWM01D
2000,4508451,34568.0,4752.0,9150.0,1427905,4359619,1436355,4495152,RMEV,BWM-DL01,RMEV,BWM01D
2001,4508282,34686.0,5297.0,8640.0,1427905,4359206,1426838,4344890,RMEV,SMDVL,RMEV,SMDV
2002,4508282,34686.0,5297.0,8640.0,1427905,4359206,1436355,4495176,RMEV,BWM-DL01,RMEV,BWM01D
2003,4508380,34166.0,5587.0,8790.0,1427905,4359211,1424385,4302531,RMEV,BWM-DL03,RMEV,BWM03D
2004,4508380,34166.0,5587.0,8790.0,1427905,4359211,1436355,4495080,RMEV,BWM-DL01,RMEV,BWM01D
2005,4503572,33218.0,4823.0,9660.0,1427905,4359593,1429685,4383454,RMEV,SMDVR,RMEV,SMDV
2006,4503572,33218.0,4823.0,9660.0,1427905,4359593,1436320,4494331,RMEV,BWM-DR01,RMEV,BWM01D
2007,4503543,33528.0,5261.0,9390.0,1427905,4359602,1436320,4494299,RMEV,BWM-DR01,RMEV,BWM01D
2008,4503543,33528.0,5261.0,9390.0,1427905,4359602,1431123,4407106,RMEV,BWM-DR03,RMEV,BWM03D
2009,4503543,33528.0,5261.0,9390.0,1427905,4359602,1432474,4428530,RMEV,RMED,RMEV,RMED
2010,4507779,38537.0,6430.0,7320.0,1421828,4260324,1427022,4347539,RMGL,RMDL,RMG,RMDL/R
2011,4507779,38537.0,6430.0,7320.0,1421828,4260324,1421864,4260548,RMGL,BWM-DL04,RMG,BWM04D
2012,4507779,38537.0,6430.0,7320.0,1421828,4260324,1426759,4343577,RMGL,BWM-DL06,RMG,BWM06D
2013,4507821,38893.0,8223.0,7380.0,1421828,4260284,1428190,4361752,RMGL,BWM-VL06,RMG,BWM06V
2014,4507821,38893.0,8223.0,7380.0,1421828,4260284,1423357,4286191,RMGL,BWM-VL04,RMG,BWM04V
2015,4507821,38893.0,8223.0,7380.0,1421828,4260284,1427022,4347829,RMGL,RMDL,RMG,RMDL/R
2016,4507732,39883.0,8873.0,6750.0,1421828,4260263,1427022,4347861,RMGL,RMDL,RMG,RMDL/R
2017,4507732,39883.0,8873.0,6750.0,1421828,4260263,1422453,4271210,RMGL,RMDR,RMG,RMDL/R
2018,4507749,39015.0,7123.0,6870.0,1421828,4260246,1431907,4419492,RMGL,SIBVL,RMG,SIBV
2019,4507749,39015.0,7123.0,6870.0,1421828,4260246,1422453,4271206,RMGL,RMDR,RMG,RMDL/R
2020,4507749,39015.0,7123.0,6870.0,1421828,4260246,1434596,4468993,RMGL,RMDVL,RMG,RMDV
2021,4504286,39165.0,7238.0,7380.0,1421828,4260229,1422453,4271189,RMGL,RMDR,RMG,RMDL/R
2022,4504286,39165.0,7238.0,7380.0,1421828,4260229,1424400,4303070,RMGL,RMHR,RMG,RMH
2023,4507755,39217.0,6979.0,6900.0,1421828,4260245,1434596,4468992,RMGL,RMDVL,RMG,RMDV
2024,4507755,39217.0,6979.0,6900.0,1421828,4260245,1422453,4271231,RMGL,RMDR,RMG,RMDL/R
2025,4507801,39685.0,6720.0,7440.0,1421828,4260227,1424400,4303007,RMGL,RMHR,RMG,RMH
2026,4507801,39685.0,6720.0,7440.0,1421828,4260227,1431907,4419495,RMGL,SIBVL,RMG,SIBV
2027,4507687,29682.0,8385.0,12480.0,1434654,4469684,1427022,4347791,RMGR,RMDL,RMG,RMDL/R
2028,4507687,29682.0,8385.0,12480.0,1434654,4469684,1427022,4347738,RMGR,RMDL,RMG,RMDL/R
2029,4507693,30007.0,9504.0,12630.0,1434654,4469713,1422453,4271372,RMGR,RMDR,RMG,RMDL/R
2030,4507787,30388.0,9568.0,12570.0,1434654,4469689,1422453,4271370,RMGR,RMDR,RMG,RMDL/R
2031,4507787,30388.0,9568.0,12570.0,1434654,4469689,1422719,4274638,RMGR,BWM-VR06,RMG,BWM06V
2032,4507690,30739.0,8503.0,12450.0,1434654,4469683,1427022,4347790,RMGR,RMDL,RMG,RMDL/R
2033,4507690,30739.0,8503.0,12450.0,1434654,4469683,1422082,4264433,RMGR,SIBDR,RMG,SIBD
2034,4507529,29477.0,7916.0,12660.0,1424741,4308094,1420804,4241936,RMHL,AVKL,RMH,AVK
2035,4507550,38827.0,6330.0,7440.0,1424400,4303012,1429838,4384330,RMHR,CEPDL,RMH,CEPD
2036,4507550,38827.0,6330.0,7440.0,1424400,4303012,1422453,4271186,RMHR,RMDR,RMH,RMDL/R
2037,4504828,31894.0,5333.0,12000.0,1432008,4421779,1426538,4339146,SAADL,AVAL,SAAD,AVA
2038,4504828,31894.0,5333.0,12000.0,1432008,4421779,1432287,4425092,SAADL,RIML,SAAD,RIM
2039,4504829,32028.0,5587.0,12240.0,1432008,4421786,1426538,4339153,SAADL,AVAL,SAAD,AVA
2040,4504829,32028.0,5587.0,12240.0,1432008,4421786,1419924,4225981,SAADL,RIMR,SAAD,RIM
2041,4504837,29834.0,7550.0,12780.0,1432008,4421803,1426538,4339170,SAADL,AVAL,SAAD,AVA
2042,4504837,29834.0,7550.0,12780.0,1432008,4421803,1432287,4425116,SAADL,RIML,SAAD,RIM
2043,4504878,29708.0,7538.0,12690.0,1432008,4421800,1419924,4225967,SAADL,RIMR,SAAD,RIM
2044,4504878,29708.0,7538.0,12690.0,1432008,4421800,1426538,4339167,SAADL,AVAL,SAAD,AVA
2045,4504878,29708.0,7538.0,12690.0,1432008,4421800,1432287,4425113,SAADL,RIML,SAAD,RIM
2046,4504807,33184.0,4724.0,10680.0,1432008,4421735,1429685,4382968,SAADL,SMDVR,SAAD,SMDV
2047,4504807,33184.0,4724.0,10680.0,1432008,4421735,1432287,4425048,SAADL,RIML,SAAD,RIM
2048,4504810,33090.0,4866.0,10890.0,1432008,4421742,1429685,4382959,SAADL,SMDVR,SAAD,SMDV
2049,4504810,33090.0,4866.0,10890.0,1432008,4421742,1432287,4425055,SAADL,RIML,SAAD,RIM
2050,4504813,32622.0,4716.0,11100.0,1432008,4421749,1429685,4382950,SAADL,SMDVR,SAAD,SMDV
2051,4504813,32622.0,4716.0,11100.0,1432008,4421749,1432287,4425062,SAADL,RIML,SAAD,RIM
2052,4504817,32010.0,5357.0,11850.0,1432008,4421774,1429685,4382925,SAADL,SMDVR,SAAD,SMDV
2053,4504817,32010.0,5357.0,11850.0,1432008,4421774,1419924,4225993,SAADL,RIMR,SAAD,RIM
2054,4504817,32010.0,5357.0,11850.0,1432008,4421774,1426538,4339141,SAADL,AVAL,SAAD,AVA
2055,4504965,38607.0,5330.0,7320.0,1422040,4263783,1434361,4463447,SAADR,AVAR,SAAD,AVA
2056,4504965,38607.0,5330.0,7320.0,1422040,4263783,1432287,4424938,SAADR,RIML,SAAD,RIM
2057,4504968,38119.0,5134.0,7590.0,1422040,4263774,1434361,4463438,SAADR,AVAR,SAAD,AVA
2058,4504968,38119.0,5134.0,7590.0,1422040,4263774,1432287,4424947,SAADR,RIML,SAAD,RIM
2059,5067182,40029.0,6700.0,6750.0,1422040,4263802,1432287,4424919,SAADR,RIML,SAAD,RIM
2060,5067182,40029.0,6700.0,6750.0,1422040,4263802,1434361,4463466,SAADR,AVAR,SAAD,AVA
2061,5067182,40029.0,6700.0,6750.0,1422040,4263802,1419924,4226165,SAADR,RIMR,SAAD,RIM
2062,4504969,37164.0,4687.0,7920.0,1422040,4263763,1419924,4226122,SAADR,RIMR,SAAD,RIM
2063,4504969,37164.0,4687.0,7920.0,1422040,4263763,1426838,4344303,SAADR,SMDVL,SAAD,SMDV
2064,4505033,29945.0,9255.0,13230.0,1428608,4368450,1426538,4340260,SAAVL,AVAL,SAAV,AVA
2065,4505033,29945.0,9255.0,13230.0,1428608,4368450,1419924,4225935,SAAVL,RIMR,SAAV,RIM
2066,4505022,29221.0,8283.0,13230.0,1428608,4368442,1419924,4225949,SAAVL,RIMR,SAAV,RIM
2067,4505022,29221.0,8283.0,13230.0,1428608,4368442,1426538,4340260,SAAVL,AVAL,SAAV,AVA
2068,4504992,35842.0,10272.0,11520.0,1428608,4368852,1425912,4328681,SAAVL,SMDDR,SAAV,SMDD
2069,4504992,35842.0,10272.0,11520.0,1428608,4368852,1426538,4339233,SAAVL,AVAL,SAAV,AVA
2070,4508015,35186.0,10223.0,11790.0,1428608,4368497,1426538,4339224,SAAVL,AVAL,SAAV,AVA
2071,4508015,35186.0,10223.0,11790.0,1428608,4368497,1425912,4328692,SAAVL,SMDDR,SAAV,SMDD
2072,4508015,35186.0,10223.0,11790.0,1428608,4368497,1419924,4225887,SAAVL,RIMR,SAAV,RIM
2073,4508227,31491.0,10411.0,12660.0,1428608,4368469,1419924,4225916,SAAVL,RIMR,SAAV,RIM
2074,4508227,31491.0,10411.0,12660.0,1428608,4368469,1426538,4339196,SAAVL,AVAL,SAAV,AVA
2075,4505030,28873.0,9047.0,13560.0,1428608,4368864,1419924,4226312,SAAVL,RIMR,SAAV,RIM
2076,4497283,41058.0,7958.0,6570.0,1425227,4315818,1432287,4424913,SAAVR,RIML,SAAV,RIM
2077,4505075,38668.0,10192.0,9390.0,1425227,4315912,1431795,4418075,SAAVR,SMDDL,SAAV,SMDD
2078,4505075,38668.0,10192.0,9390.0,1425227,4315912,1434361,4463562,SAAVR,AVAR,SAAV,AVA
2079,4505102,38964.0,10346.0,9030.0,1425227,4315900,1432287,4424831,SAAVR,RIML,SAAV,RIM
2080,4505102,38964.0,10346.0,9030.0,1425227,4315900,1431795,4418087,SAAVR,SMDDL,SAAV,SMDD
2081,4505102,38964.0,10346.0,9030.0,1425227,4315900,1434361,4463550,SAAVR,AVAR,SAAV,AVA
2082,4505106,38678.0,10244.0,9150.0,1425227,4315904,1432287,4424827,SAAVR,RIML,SAAV,RIM
2083,4505106,38678.0,10244.0,9150.0,1425227,4315904,1431795,4418083,SAAVR,SMDDL,SAAV,SMDD
2084,4505106,38678.0,10244.0,9150.0,1425227,4315904,1434361,4463554,SAAVR,AVAR,SAAV,AVA
2085,4508428,40360.0,7248.0,6480.0,1425227,4316241,1432287,4425215,SAAVR,RIML,SAAV,RIM
2086,4508428,40360.0,7248.0,6480.0,1425227,4316241,1419924,4226177,SAAVR,RIMR,SAAV,RIM
2087,4505060,40596.0,7700.0,6540.0,1425227,4315817,1419924,4226180,SAAVR,RIMR,SAAV,RIM
2088,4497271,34620.0,7828.0,12240.0,1435630,4486591,1434998,4475387,SDQR,BDUR,SDQ,BDU
2089,4500737,35776.0,9831.0,12240.0,1435630,4486642,1423018,4279912,SDQR,AVBL,SDQ,AVB
2090,4500737,35776.0,9831.0,12240.0,1435630,4486642,1425426,4319217,SDQR,PVR,SDQ,PVR
2091,4500710,36154.0,10158.0,12150.0,1435630,4486595,1423638,4291143,SDQR,DVA,SDQ,DVA
2092,4500710,36154.0,10158.0,12150.0,1435630,4486595,1431939,4420901,SDQR,RICL,SDQ,RIC
2093,4498287,32594.0,6182.0,11340.0,1428764,4370887,1426122,4332096,SMBDL,BWM-DR04,SMBD,BWM04D
2094,4504772,32726.0,6210.0,11100.0,1428764,4370876,1420442,4233825,SMBDL,GLRR,SMBD,GLRL/R
2095,4504772,32726.0,6210.0,11100.0,1428764,4370876,1430282,4390457,SMBDL,BWM-DR02,SMBD,BWM02D
2096,4505166,33414.0,5097.0,10500.0,1428764,4370855,1436320,4494227,SMBDL,BWM-DR01,SMBD,BWM01D
2097,4505166,33414.0,5097.0,10500.0,1428764,4370855,1431123,4407035,SMBDL,BWM-DR03,SMBD,BWM03D
2098,4498246,33240.0,5299.0,10200.0,1428764,4371827,1432474,4428807,SMBDL,RMED,SMBD,RMED
2099,4498246,33240.0,5299.0,10200.0,1428764,4371827,1431123,4407055,SMBDL,BWM-DR03,SMBD,BWM03D
2100,4498246,33240.0,5299.0,10200.0,1428764,4371827,1435995,4492591,SMBDL,BWM-DR05,SMBD,BWM05D
2101,4498130,31780.0,6223.0,13110.0,1428764,4370944,1425227,4315580,SMBDL,SAAVR,SMBD,SAAV
2102,4498139,31598.0,5971.0,13290.0,1428764,4370950,1425227,4315586,SMBDL,SAAVR,SMBD,SAAV
2103,4498154,31366.0,5535.0,13920.0,1428764,4370971,1425227,4316287,SMBDL,SAAVR,SMBD,SAAV
2104,4504680,31928.0,6213.0,13020.0,1428764,4370941,1425227,4315577,SMBDL,SAAVR,SMBD,SAAV
2105,4504689,31862.0,6403.0,13050.0,1428764,4370942,1425227,4315578,SMBDL,SAAVR,SMBD,SAAV
2106,4498151,31522.0,6197.0,13410.0,1428764,4370954,1425227,4316270,SMBDL,SAAVR,SMBD,SAAV
2107,4498151,31522.0,6197.0,13410.0,1428764,4370954,1434101,4460317,SMBDL,ALNR,SMBD,ALN
2108,4499104,41976.0,4836.0,7440.0,1427774,4355727,1420086,4228522,SMBDR,ALNL,SMBD,ALN
2109,4499130,35718.0,6169.0,8670.0,1427774,4355675,1424385,4302535,SMBDR,BWM-DL03,SMBD,BWM03D
2110,4499130,35718.0,6169.0,8670.0,1427774,4355675,1436355,4495084,SMBDR,BWM-DL01,SMBD,BWM01D
2111,4500324,35560.0,5759.0,8850.0,1427774,4355669,1427424,4351861,SMBDR,BWM-DL05,SMBD,BWM05D
2112,4500324,35560.0,5759.0,8850.0,1427774,4355669,1432474,4428586,SMBDR,RMED,SMBD,RMED
2113,4499127,37137.0,6797.0,8160.0,1427774,4355692,1427717,4355320,SMBDR,RMDDR,SMBD,RMDD
2114,4499127,37137.0,6797.0,8160.0,1427774,4355692,1421864,4260508,SMBDR,BWM-DL04,SMBD,BWM04D
2115,4499127,37137.0,6797.0,8160.0,1427774,4355692,1436336,4494699,SMBDR,BWM-DL02,SMBD,BWM02D
2116,4499105,42172.0,4850.0,7440.0,1427774,4355727,1428608,4368153,SMBDR,SAAVL,SMBD,SAAV
2117,4499114,41926.0,5346.0,7740.0,1427774,4355717,1428608,4368143,SMBDR,SAAVL,SMBD,SAAV
2118,4499237,34136.0,4435.0,10500.0,1427774,4355616,1428217,4362370,SMBDR,SIBDL,SMBD,SIBD
2119,4499237,34136.0,4435.0,10500.0,1427774,4355616,1428608,4368354,SMBDR,SAAVL,SMBD,SAAV
2120,4502006,38085.0,9265.0,9090.0,1423691,4291959,1428906,4373376,SMBVL,RMDVR,SMBV,RMDV
2121,4502006,38085.0,9265.0,9090.0,1423691,4291959,1424993,4312136,SMBVL,BWM-VL01,SMBV,BWM01V
2122,4502006,38085.0,9265.0,9090.0,1423691,4291959,1424426,4303445,SMBVL,BWM-VL03,SMBV,BWM03V
2123,4503364,38384.0,9039.0,8280.0,1423691,4291925,1423357,4286154,SMBVL,BWM-VL04,SMBV,BWM04V
2124,4502009,38051.0,9293.0,9150.0,1423691,4291961,1424993,4312138,SMBVL,BWM-VL01,SMBV,BWM01V
2125,5470766,38195.0,9356.0,9300.0,1423691,4291966,1428662,4369358,SMBVL,BWM-VL05,SMBV,BWM05V
2126,5470766,38195.0,9356.0,9300.0,1423691,4291966,1424426,4303382,SMBVL,BWM-VL03,SMBV,BWM03V
2127,5470766,38195.0,9356.0,9300.0,1423691,4291966,1429975,4385779,SMBVL,CEPVL,SMBV,CEPV
2128,5470766,38195.0,9356.0,9300.0,1423691,4291966,1424993,4312194,SMBVL,BWM-VL01,SMBV,BWM01V
2129,5470766,38195.0,9356.0,9300.0,1423691,4291966,1427905,4359040,SMBVL,RMEV,SMBV,RMEV
2130,4496796,40848.0,10587.0,9780.0,1423691,4292005,1432008,4422220,SMBVL,SAADL,SMBV,SAAD
2131,4499304,41638.0,11165.0,9750.0,1423691,4292004,1432008,4422221,SMBVL,SAADL,SMBV,SAAD
2132,4502185,41958.0,11343.0,9600.0,1423691,4292681,1432008,4422226,SMBVL,SAADL,SMBV,SAAD
2133,4502428,37923.0,9834.0,10080.0,1423691,4291991,1432008,4422199,SMBVL,SAADL,SMBV,SAAD
2134,4505292,38269.0,9830.0,9960.0,1423691,4291987,1432008,4422195,SMBVL,SAADL,SMBV,SAAD
2135,4504988,38028.0,9507.0,9900.0,1423691,4291985,1432008,4421480,SMBVL,SAADL,SMBV,SAAD
2136,4504988,38028.0,9507.0,9900.0,1423691,4291985,1421496,4253447,SMBVL,BWM-VL07,SMBV,BWM07V
2137,4503853,33572.0,8454.0,11550.0,1421515,4253687,1422736,4275118,SMBVR,BWM-VR04,SMBV,BWM04V
2138,4503853,33572.0,8454.0,11550.0,1421515,4253687,1431555,4412591,SMBVR,BWM-VR02,SMBV,BWM02V
2139,4503827,35072.0,9041.0,11430.0,1421515,4253702,1436372,4495644,SMBVR,BWM-VR01,SMBV,BWM01V
2140,4503827,35072.0,9041.0,11430.0,1421515,4253702,1436772,4496549,SMBVR,BWM-VR03,SMBV,BWM03V
2141,4507034,35178.0,9188.0,11220.0,1421515,4254685,1427905,4359688,SMBVR,RMEV,SMBV,RMEV
2142,4507034,35178.0,9188.0,11220.0,1421515,4254685,1436772,4496625,SMBVR,BWM-VR03,SMBV,BWM03V
2143,4507034,35178.0,9188.0,11220.0,1421515,4254685,1436372,4495651,SMBVR,BWM-VR01,SMBV,BWM01V
2144,4503794,36412.0,9830.0,11340.0,1421515,4254665,1422040,4264196,SMBVR,SAADR,SMBV,SAAD
2145,4503956,35931.0,11988.0,12990.0,1421515,4253755,1422040,4263478,SMBVR,SAADR,SMBV,SAAD
2146,4503965,36025.0,12170.0,13020.0,1421515,4253756,1422040,4263479,SMBVR,SAADR,SMBV,SAAD
2147,4504703,36095.0,11644.0,12780.0,1421515,4253748,1422040,4263471,SMBVR,SAADR,SMBV,SAAD
2148,4507884,36306.0,9970.0,11520.0,1421515,4253707,1422040,4264190,SMBVR,SAADR,SMBV,SAAD
2149,4497430,33322.0,4713.0,9750.0,1431795,4418256,1431123,4407129,SMDDL,BWM-DR03,SMDD,BWM03D
2150,4497430,33322.0,4713.0,9750.0,1431795,4418256,1436320,4494334,SMDDL,BWM-DR01,SMDD,BWM01D
2151,4497539,32324.0,5005.0,10830.0,1431795,4418290,1427586,4354595,SMDDL,RIAR,SMDD,RIA
2152,4497562,31692.0,5232.0,11400.0,1431795,4418309,1427586,4354576,SMDDL,RIAR,SMDD,RIA
2153,4497562,31692.0,5232.0,11400.0,1431795,4418309,1427938,4360208,SMDDL,RIAL,SMDD,RIA
2154,4497715,34030.0,4771.0,9690.0,1431795,4418254,1427586,4354631,SMDDL,RIAR,SMDD,RIA
2155,4497715,34030.0,4771.0,9690.0,1431795,4418254,1427938,4360153,SMDDL,RIAL,SMDD,RIA
2156,4497556,32188.0,4790.0,11100.0,1431795,4418299,1429685,4382950,SMDDL,SMDVR,SMDD,SMDV
2157,4497556,32188.0,4790.0,11100.0,1431795,4418299,1427938,4360198,SMDDL,RIAL,SMDD,RIA
2158,4501502,32542.0,5057.0,10800.0,1431795,4418289,1429685,4382963,SMDDL,SMDVR,SMDD,SMDV
2159,4501502,32542.0,5057.0,10800.0,1431795,4418289,1427586,4354596,SMDDL,RIAR,SMDD,RIA
2160,4501502,32542.0,5057.0,10800.0,1431795,4418289,1427938,4360188,SMDDL,RIAL,SMDD,RIA
2161,4497593,38273.0,5848.0,7410.0,1425912,4328919,1421864,4260545,SMDDR,BWM-DL04,SMDD,BWM04D
2162,4497595,37129.0,5324.0,7560.0,1425912,4328914,1427586,4354702,SMDDR,RIAR,SMDD,RIA
2163,4497595,37129.0,5324.0,7560.0,1425912,4328914,1427938,4360082,SMDDR,RIAL,SMDD,RIA
2164,4506367,37007.0,5024.0,7800.0,1425912,4328906,1427586,4354694,SMDDR,RIAR,SMDD,RIA
2165,4506367,37007.0,5024.0,7800.0,1425912,4328906,1427938,4360090,SMDDR,RIAL,SMDD,RIA
2166,4497583,37519.0,5478.0,7290.0,1425912,4328923,1427022,4347540,SMDDR,RMDL,SMDD,RMDL/R
2167,4497583,37519.0,5478.0,7290.0,1425912,4328923,1427938,4360073,SMDDR,RIAL,SMDD,RIA
2168,4501964,37375.0,5134.0,7560.0,1425912,4328914,1426838,4344904,SMDDR,SMDVL,SMDD,SMDV
2169,4509173,35120.0,5061.0,8490.0,1425912,4328883,1426838,4344895,SMDDR,SMDVL,SMDD,SMDV
2170,4509173,35120.0,5061.0,8490.0,1425912,4328883,1424385,4302565,SMDDR,BWM-DL03,SMDD,BWM03D
2171,4509173,35120.0,5061.0,8490.0,1425912,4328883,1436355,4495181,SMDDR,BWM-DL01,SMDD,BWM01D
2172,4497762,36390.0,9936.0,10560.0,1426838,4344873,1425912,4328673,SMDVL,SMDDR,SMDV,SMDD
2173,4497762,36390.0,9936.0,10560.0,1426838,4344873,1436772,4496581,SMDVL,BWM-VR03,SMDV,BWM03V
2174,15137505,36459.0,10465.0,10890.0,1426838,4344550,1425912,4328662,SMDVL,SMDDR,SMDV,SMDD
2175,15137505,36459.0,10465.0,10890.0,1426838,4344550,1427586,4354514,SMDVL,RIAR,SMDV,RIA
2176,4497781,34718.0,10151.0,11370.0,1426838,4344532,1427938,4360262,SMDVL,RIAL,SMDV,RIA
2177,4497786,34648.0,9930.0,11430.0,1426838,4344530,1427586,4354521,SMDVL,RIAR,SMDV,RIA
2178,4497786,34648.0,9930.0,11430.0,1426838,4344530,1427938,4360260,SMDVL,RIAL,SMDV,RIA
2179,4497791,34070.0,9854.0,11550.0,1426838,4344526,1427586,4354525,SMDVL,RIAR,SMDV,RIA
2180,4497791,34070.0,9854.0,11550.0,1426838,4344526,1427938,4360256,SMDVL,RIAL,SMDV,RIA
2181,4497829,33494.0,9651.0,11790.0,1426838,4344518,1427586,4354533,SMDVL,RIAR,SMDV,RIA
2182,4497829,33494.0,9651.0,11790.0,1426838,4344518,1427938,4360248,SMDVL,RIAL,SMDV,RIA
2183,4498010,37672.0,10133.0,9840.0,1429685,4383198,1427938,4359971,SMDVR,RIAL,SMDV,RIA
2184,4497870,38033.0,10397.0,8580.0,1429685,4383156,1427586,4354754,SMDVR,RIAR,SMDV,RIA
2185,4497870,38033.0,10397.0,8580.0,1429685,4383156,1427938,4360018,SMDVR,RIAL,SMDV,RIA
2186,4497958,38347.0,8951.0,7860.0,1429685,4383132,1427586,4354730,SMDVR,RIAR,SMDV,RIA
2187,4497958,38347.0,8951.0,7860.0,1429685,4383132,1427938,4360042,SMDVR,RIAL,SMDV,RIA
2188,4498012,36982.0,9875.0,10080.0,1429685,4383205,1427586,4354803,SMDVR,RIAR,SMDV,RIA
2189,4498012,36982.0,9875.0,10080.0,1429685,4383205,1431026,4406136,SMDVR,RMDDL,SMDV,RMDD
2190,4500725,38115.0,10369.0,9000.0,1429685,4383170,1427586,4354768,SMDVR,RIAR,SMDV,RIA
2191,4500725,38115.0,10369.0,9000.0,1429685,4383170,1431795,4418088,SMDVR,SMDDL,SMDV,SMDD
2192,4500725,38115.0,10369.0,9000.0,1429685,4383170,1427938,4360004,SMDVR,RIAL,SMDV,RIA
2193,4498009,37815.0,10231.0,9210.0,1429685,4383177,1431795,4418081,SMDVR,SMDDL,SMDV,SMDD
2194,4498009,37815.0,10231.0,9210.0,1429685,4383177,1427938,4359997,SMDVR,RIAL,SMDV,RIA
2195,4508613,38650.0,10494.0,8250.0,1429685,4383145,1427586,4354743,SMDVR,RIAR,SMDV,RIA
2196,4497909,36623.0,9695.0,10110.0,1429685,4383206,1431795,4418058,SMDVR,SMDDL,SMDV,SMDD
2197,4497909,36623.0,9695.0,10110.0,1429685,4383206,1436772,4496616,SMDVR,BWM-VR03,SMDV,BWM03V
2198,4497909,36623.0,9695.0,10110.0,1429685,4383206,1424426,4303416,SMDVR,BWM-VL03,SMDV,BWM03V
2199,4507308,36050.0,6461.0,8220.0,1425159,4315417,1436355,4495099,URADL,BWM-DL01,URAD,BWM01D
2200,4507308,36050.0,6461.0,8220.0,1425159,4315417,1434596,4469099,URADL,RMDVL,URAD,RMDV
2201,4497032,35540.0,6482.5,7980.0,1425159,4315425,1436355,4495123,URADL,BWM-DL01,URAD,BWM01D
2202,4497032,35540.0,6482.5,7980.0,1425159,4315425,1426196,4333419,URADL,RIPL,URAD,RIP
2203,4507301,35258.0,6464.5,7980.0,1425159,4315425,1436355,4495123,URADL,BWM-DL01,URAD,BWM01D
2204,4507280,36657.0,6214.0,7740.0,1425159,4315433,1436336,4494718,URADL,BWM-DL02,URAD,BWM02D
2205,4507351,32566.0,5827.0,10560.0,1424441,4303601,1436320,4494229,URADR,BWM-DR01,URAD,BWM01D
2206,4507351,32566.0,5827.0,10560.0,1424441,4303601,1426227,4333982,URADR,RIPR,URAD,RIP
2207,4507352,31754.0,6110.0,10980.0,1424441,4303559,1436320,4494245,URADR,BWM-DR01,URAD,BWM01D
2208,4507352,31754.0,6110.0,10980.0,1424441,4303559,1430282,4390461,URADR,BWM-DR02,URAD,BWM02D
2209,4507352,31754.0,6110.0,10980.0,1424441,4303559,1426227,4334008,URADR,RIPR,URAD,RIP
2210,4507346,31752.0,5119.0,10500.0,1424441,4303602,1421136,4247986,URADR,IL1DR,URAD,IL1D
2211,4507346,31752.0,5119.0,10500.0,1424441,4303602,1436320,4494228,URADR,BWM-DR01,URAD,BWM01D
2212,4507346,31752.0,5119.0,10500.0,1424441,4303602,1423453,4287954,URADR,RMER,URAD,RMEL/R
2213,4507359,31186.0,6376.0,11250.0,1424441,4303568,1430282,4390452,URADR,BWM-DR02,URAD,BWM02D
2214,4507359,31186.0,6376.0,11250.0,1424441,4303568,1426227,4334017,URADR,RIPR,URAD,RIP
2215,4505311,37493.0,9305.0,8250.0,1428122,4361145,1426196,4333347,URAVL,RIPL,URAV,RIP
2216,4505311,37493.0,9305.0,8250.0,1428122,4361145,1424130,4298902,URAVL,BWM-VL02,URAV,BWM02V
2217,4505311,37493.0,9305.0,8250.0,1428122,4361145,1424993,4312228,URAVL,BWM-VL01,URAV,BWM01V
2218,4507397,37833.0,8822.0,7710.0,1428122,4361163,1424993,4312246,URAVL,BWM-VL01,URAV,BWM01V
2219,4507403,37863.0,8738.0,7620.0,1428122,4361166,1426196,4333381,URAVL,RIPL,URAV,RIP
2220,4507403,37863.0,8738.0,7620.0,1428122,4361166,1424130,4298945,URAVL,BWM-VL02,URAV,BWM02V
2221,4507423,37476.0,9403.0,8190.0,1428122,4361147,1424130,4298904,URAVL,BWM-VL02,URAV,BWM02V
2222,4507423,37476.0,9403.0,8190.0,1428122,4361147,1424993,4312230,URAVL,BWM-VL01,URAV,BWM01V
2223,4507435,37548.0,8799.0,7890.0,1428122,4361157,1426196,4333335,URAVL,RIPL,URAV,RIP
2224,4507435,37548.0,8799.0,7890.0,1428122,4361157,1424130,4298914,URAVL,BWM-VL02,URAV,BWM02V
2225,4498065,36602.0,10058.0,8790.0,1428122,4361126,1424993,4312205,URAVL,BWM-VL01,URAV,BWM01V
2226,4498065,36602.0,10058.0,8790.0,1428122,4361126,1427905,4359066,URAVL,RMEV,URAV,RMEV
2227,4506902,32208.0,8470.0,11430.0,1425342,4317497,1431555,4412604,URAVR,BWM-VR02,URAV,BWM02V
2228,4506902,32208.0,8470.0,11430.0,1425342,4317497,1421690,4257966,URAVR,IL1R,URAV,IL1L/R
2229,4507507,34153.0,8950.0,11070.0,1425342,4317528,1436372,4495658,URAVR,BWM-VR01,URAV,BWM01V
2230,4507507,34153.0,8950.0,11070.0,1425342,4317528,1426227,4333900,URAVR,RIPR,URAV,RIP
2231,4507483,32982.0,8726.0,11280.0,1425342,4317492,1431555,4412599,URAVR,BWM-VR02,URAV,BWM02V
2232,4507483,32982.0,8726.0,11280.0,1425342,4317492,1436372,4495735,URAVR,BWM-VR01,URAV,BWM01V
2233,4498240,33924.0,8974.0,10980.0,1425342,4317531,1436372,4495661,URAVR,BWM-VR01,URAV,BWM01V
2234,4498240,33924.0,8974.0,10980.0,1425342,4317531,1426227,4333903,URAVR,RIPR,URAV,RIP
2235,4507503,32052.0,8748.0,11520.0,1425342,4317500,1423453,4287737,URAVR,RMER,URAV,RMEL/R
2236,4507503,32052.0,8748.0,11520.0,1425342,4317500,1431555,4412607,URAVR,BWM-VR02,URAV,BWM02V
2237,4507508,31749.0,8699.0,11550.0,1425342,4317501,1427905,4359497,URAVR,RMEV,URAV,RMEV
2238,4497462,38632.0,6984.0,8370.0,1422941,4277815,1426759,4343542,URBL,BWM-DL06,URB,BWM06D
2239,4497462,38632.0,6984.0,8370.0,1422941,4277815,1421864,4260501,URBL,BWM-DL04,URB,BWM04D
2240,4499653,38301.0,7417.0,8040.0,1422941,4277834,1429838,4384201,URBL,CEPDL,URB,CEPD
2241,4499653,38301.0,7417.0,8040.0,1422941,4277834,1422453,4271343,URBL,RMDR,URB,RMDL/R
2242,4499653,38301.0,7417.0,8040.0,1422941,4277834,1421864,4260512,URBL,BWM-DL04,URB,BWM04D
2243,4499682,38874.0,6997.0,8280.0,1422941,4277812,1425426,4319369,URBL,PVR,URB,PVR
2244,4499682,38874.0,6997.0,8280.0,1422941,4277812,1429838,4384188,URBL,CEPDL,URB,CEPD
2245,4499656,38313.0,6575.0,8160.0,1422941,4277804,1432082,4423261,URBL,ADAL,URB,ADA
2246,4499656,38313.0,6575.0,8160.0,1422941,4277804,1431939,4420742,URBL,RICL,URB,RIC
2247,4499627,39082.0,8549.0,8010.0,1422941,4277887,1421188,4248554,URBL,URXL,URB,URX
2248,4499631,38962.0,7941.0,8040.0,1422941,4277834,1421188,4248555,URBL,URXL,URB,URX
2249,4499648,38890.0,7511.0,8040.0,1422941,4277834,1421188,4248556,URBL,URXL,URB,URX
2250,4499648,38890.0,7511.0,8040.0,1422941,4277834,1424921,4311407,URBL,IL1L,URB,IL1L/R
2251,4499679,39185.0,8775.0,8130.0,1422941,4277799,1434794,4472337,URBL,RICR,URB,RIC
2252,4499679,39185.0,8775.0,8130.0,1422941,4277799,1429975,4385922,URBL,CEPVL,URB,CEPV
2253,4504904,38944.0,7827.0,8160.0,1422941,4277804,1421188,4248562,URBL,URXL,URB,URX
2254,4504904,38944.0,7827.0,8160.0,1422941,4277804,1424921,4311404,URBL,IL1L,URB,IL1L/R
2255,4497632,33303.0,6662.0,11730.0,1431872,4418831,1428854,4372401,URBR,CEPDR,URB,CEPD
2256,4497632,33303.0,6662.0,11730.0,1431872,4418831,1422736,4275107,URBR,BWM-VR04,URB,BWM04V
2257,4497632,33303.0,6662.0,11730.0,1431872,4418831,1426122,4332080,URBR,BWM-DR04,URB,BWM04D
2258,4505451,33442.0,7239.0,12150.0,1431872,4418861,1421690,4257928,URBR,IL1R,URB,IL1L/R
2259,5470795,33539.0,7726.0,12300.0,1431872,4418867,1425750,4325019,URBR,URXR,URB,URX
2260,4498395,33434.0,6915.0,12090.0,1431872,4418819,1421690,4257930,URBR,IL1R,URB,IL1L/R
2261,4498395,33434.0,6915.0,12090.0,1431872,4418819,1425750,4325026,URBR,URXR,URB,URX
2262,4504558,33568.0,7911.0,12360.0,1431872,4418869,1431939,4420877,URBR,RICL,URB,RIC
2263,4504558,33568.0,7911.0,12360.0,1431872,4418869,1434794,4472114,URBR,RICR,URB,RIC
2264,4504558,33568.0,7911.0,12360.0,1431872,4418869,1425750,4325030,URBR,URXR,URB,URX
2265,4508258,40334.0,6845.0,7770.0,1421188,4248565,1421828,4260212,URXL,RMGL,URX,RMG
2266,4508258,40334.0,6845.0,7770.0,1421188,4248565,1429313,4377432,URXL,AVEL,URX,AVE
2267,4500343,39997.0,11346.0,7980.0,1421188,4248636,1427938,4359868,URXL,RIAL,URX,RIA
2268,4500302,41377.0,10022.0,7470.0,1421188,4248619,1427225,4350413,URXL,AUAL,URX,AUA
2269,4500302,41377.0,10022.0,7470.0,1421188,4248619,1427938,4359851,URXL,RIAL,URX,RIA
2270,4500405,41812.0,8924.0,6540.0,1421188,4248656,1427225,4350573,URXL,AUAL,URX,AUA
2271,4500405,41812.0,8924.0,6540.0,1421188,4248656,1427938,4359820,URXL,RIAL,URX,RIA
2272,4507743,41109.0,7241.0,6870.0,1421188,4248645,1427225,4350444,URXL,AUAL,URX,AUA
2273,4507743,41109.0,7241.0,6870.0,1421188,4248645,1427938,4359802,URXL,RIAL,URX,RIA
2274,4507902,40797.0,10098.0,7410.0,1421188,4248617,1427225,4350415,URXL,AUAL,URX,AUA
2275,4507902,40797.0,10098.0,7410.0,1421188,4248617,1427938,4359849,URXL,RIAL,URX,RIA
2276,4500350,40330.0,7497.0,7830.0,1421188,4248548,1431939,4420715,URXL,RICL,URX,RIC
2277,4500207,40778.0,8928.0,7020.0,1421188,4248602,1428546,4367938,URXL,RIGL,URX,RIG
2278,4500218,40758.0,9088.0,6930.0,1421188,4248599,1428546,4367941,URXL,RIGL,URX,RIG
2279,4500229,40906.0,8512.0,6840.0,1421188,4248646,1428546,4367944,URXL,RIGL,URX,RIG
2280,5067187,40985.0,10751.0,7830.0,1421188,4248631,1428546,4367899,URXL,RIGL,URX,RIG
2281,5067188,40061.0,10871.0,7950.0,1421188,4248635,1428546,4367884,URXL,RIGL,URX,RIG
2282,4500257,40949.0,9528.0,7170.0,1421188,4248609,1428546,4367928,URXL,RIGL,URX,RIG
2283,4500375,40738.0,10101.0,7710.0,1421188,4248627,1419707,4223346,URXL,RIR,URX,RIR
2284,4500313,40579.0,10146.0,7650.0,1421188,4248625,1419707,4223348,URXL,RIR,URX,RIR
2285,4509285,41063.0,7425.0,6840.0,1421188,4248646,1427938,4359803,URXL,RIAL,URX,RIA
2286,4509285,41063.0,7425.0,6840.0,1421188,4248646,1419707,4223337,URXL,RIR,URX,RIR
2287,4500544,31966.0,8268.0,12420.0,1425750,4325016,1428348,4364145,URXR,AVER,URX,AVE
2288,4500538,33780.0,7129.0,12360.0,1425750,4325017,1428348,4364146,URXR,AVER,URX,AVE
2289,4496953,30125.0,9883.0,13620.0,1425750,4324949,1427586,4354368,URXR,RIAR,URX,RIA
2290,4500695,30402.0,8229.0,13350.0,1425750,4324940,1427586,4354340,URXR,RIAR,URX,RIA
2291,4500628,30013.0,8321.0,13530.0,1425750,4324946,1427586,4354349,URXR,RIAR,URX,RIA
2292,4500628,30013.0,8321.0,13530.0,1425750,4324946,1436071,4493838,URXR,AUAR,URX,AUA
2293,4500643,29859.0,9013.0,13740.0,1425750,4324953,1427586,4354356,URXR,RIAR,URX,RIA
2294,4500643,29859.0,9013.0,13740.0,1425750,4324953,1436071,4493818,URXR,AUAR,URX,AUA
2295,4500658,30155.0,9181.0,13590.0,1425750,4324948,1427586,4354351,URXR,RIAR,URX,RIA
2296,4500658,30155.0,9181.0,13590.0,1425750,4324948,1429497,4380429,URXR,RIGR,URX,RIG
2297,4500554,31981.0,11482.0,12930.0,1425750,4324994,1427586,4354391,URXR,RIAR,URX,RIA
2298,4500554,31981.0,11482.0,12930.0,1425750,4324994,1419707,4223433,URXR,RIR,URX,RIR
2299,4500555,32101.0,11565.0,12960.0,1425750,4324993,1419707,4223434,URXR,RIR,URX,RIR
2300,4500555,32101.0,11565.0,12960.0,1425750,4324993,1427586,4354398,URXR,RIAR,URX,RIA
2301,4500669,30184.0,8481.0,13440.0,1425750,4324943,1427586,4354346,URXR,RIAR,URX,RIA
2302,4500669,30184.0,8481.0,13440.0,1425750,4324943,1419707,4223456,URXR,RIR,URX,RIR
2303,4500546,33422.0,7153.0,12360.0,1425750,4325017,1431939,4420876,URXR,RICL,URX,RIC
2304,4500524,33410.0,7101.0,12330.0,1425750,4325018,1425282,4316663,URXR,IL2R,URX,IL2L/R
2305,4500524,33410.0,7101.0,12330.0,1425750,4325018,1431939,4420875,URXR,RICL,URX,RIC
2306,4500547,32122.0,8519.0,12420.0,1425750,4325016,1434794,4472115,URXR,RICR,URX,RIC
2307,4500556,31193.0,10483.0,13080.0,1425750,4324971,1429497,4380275,URXR,RIGR,URX,RIG
2308,4500845,37279.0,5053.0,7020.0,1422193,4266591,1428348,4364335,URYDL,AVER,URYD,AVE
2309,4500845,37279.0,5053.0,7020.0,1422193,4266591,1434596,4469007,URYDL,RMDVL,URYD,RMDV
2310,4498228,37307.0,4981.0,7110.0,1422193,4266588,1425912,4328929,URYDL,SMDDR,URYD,SMDD
2311,4498228,37307.0,4981.0,7110.0,1422193,4266588,1428348,4364332,URYDL,AVER,URYD,AVE
2312,4500848,36759.0,4491.0,7500.0,1422193,4266614,1425912,4328916,URYDL,SMDDR,URYD,SMDD
2313,4500848,36759.0,4491.0,7500.0,1422193,4266614,1428348,4364319,URYDL,AVER,URYD,AVE
2314,4500893,37775.0,5073.0,6840.0,1422193,4266597,1419530,4221453,URYDL,RIBL,URYD,RIB
2315,4500893,37775.0,5073.0,6840.0,1422193,4266597,1425912,4328938,URYDL,SMDDR,URYD,SMDD
2316,4500893,37775.0,5073.0,6840.0,1422193,4266597,1428348,4364341,URYDL,AVER,URYD,AVE
2317,4500898,35391.0,5320.0,8280.0,1422193,4266640,1427717,4355298,URYDL,RMDDR,URYD,RMDD
2318,4500898,35391.0,5320.0,8280.0,1422193,4266640,1434596,4469109,URYDL,RMDVL,URYD,RMDV
2319,4506672,31958.0,4869.0,10260.0,1426947,4345751,1428906,4373214,URYDR,RMDVR,URYD,RMDV
2320,4506672,31958.0,4869.0,10260.0,1426947,4345751,1431026,4406429,URYDR,RMDDL,URYD,RMDD
2321,4506668,32518.0,4695.0,9930.0,1426947,4345762,1431795,4418261,URYDR,SMDDL,URYD,SMDD
2322,4506719,31460.0,4588.0,10950.0,1426947,4345728,1431795,4418294,URYDR,SMDDL,URYD,SMDD
2323,4506719,31460.0,4588.0,10950.0,1426947,4345728,1429313,4377582,URYDR,AVEL,URYD,AVE
2324,4506821,31340.0,4829.0,11550.0,1426947,4345708,1431795,4418314,URYDR,SMDDL,URYD,SMDD
2325,4506821,31340.0,4829.0,11550.0,1426947,4345708,1422520,4271754,URYDR,RIBR,URYD,RIB
2326,4507087,37983.0,10953.0,8250.0,1425643,4323513,1428348,4364405,URYVL,AVER,URYV,AVE
2327,4507087,37983.0,10953.0,8250.0,1425643,4323513,1431026,4406204,URYVL,RMDDL,URYV,RMDD
2328,4508310,38928.0,10005.0,7770.0,1425643,4323497,1431026,4406229,URYVL,RMDDL,URYV,RMDD
2329,4508310,38928.0,10005.0,7770.0,1425643,4323497,1428348,4364389,URYVL,AVER,URYV,AVE
2330,4507067,38605.0,10876.0,7980.0,1425643,4323504,1429685,4383136,URYVL,SMDVR,URYV,SMDV
2331,4507067,38605.0,10876.0,7980.0,1425643,4323504,1419530,4221229,URYVL,RIBL,URYV,RIB
2332,4507862,38929.0,9722.0,7380.0,1425643,4323478,1429685,4383445,URYVL,SMDVR,URYV,SMDV
2333,4507862,38929.0,9722.0,7380.0,1425643,4323478,1419530,4221209,URYVL,RIBL,URYV,RIB
2334,5067206,36867.0,10283.0,9060.0,1425643,4323540,1428906,4373375,URYVL,RMDVR,URYV,RMDV
2335,5067206,36867.0,10283.0,9060.0,1425643,4323540,1431026,4406171,URYVL,RMDDL,URYV,RMDD
2336,4497031,32602.0,9609.0,12180.0,1419330,4216481,1422520,4272040,URYVR,RIBR,URYV,RIB
2337,4497031,32602.0,9609.0,12180.0,1419330,4216481,1424586,4304617,URYVR,CEPshVR,URYV,CEPshV
2338,4497031,32602.0,9609.0,12180.0,1419330,4216481,1429313,4377638,URYVR,AVEL,URYV,AVE
2339,4507163,33310.0,9956.0,11610.0,1419330,4216500,1429313,4377657,URYVR,AVEL,URYV,AVE
2340,4507163,33310.0,9956.0,11610.0,1419330,4216500,1427717,4355114,URYVR,RMDDR,URYV,RMDD
2341,4507198,33316.0,10053.0,11820.0,1419330,4216493,1422520,4271967,URYVR,RIBR,URYV,RIB
2342,4507198,33316.0,10053.0,11820.0,1419330,4216493,1429313,4377650,URYVR,AVEL,URYV,AVE
2343,4507198,33316.0,10053.0,11820.0,1419330,4216493,1426838,4344517,URYVR,SMDVL,URYV,SMDV
2344,4507154,34558.0,9710.0,10740.0,1419330,4216529,1434596,4469294,URYVR,RMDVL,URYV,RMDV
2345,4507159,34960.0,10074.0,10800.0,1419330,4216527,1427717,5067066,URYVR,RMDDR,URYV,RMDD
2346,4507159,34960.0,10074.0,10800.0,1419330,4216527,1434596,4469292,URYVR,RMDVL,URYV,RMDV
2347,4507220,32983.0,9783.0,12150.0,1419330,4216482,1422520,4271956,URYVR,RIBR,URYV,RIB
2348,4507220,32983.0,9783.0,12150.0,1419330,4216482,1426838,4344506,URYVR,SMDVL,URYV,SMDV
