,connector_id,x,y,z,pre_skid,pre_node,post_skid,post_node,pre,post,pre_pair,post_pair
0,9824059,18551.3,23249.8,8850.0,1820326,8142797,1824396,8227752,ADLR,AVAR,ADL,AVA
1,9824059,18551.3,23249.8,8850.0,1820326,8142797,1823320,8201705,ADLR,ASHR,ADL,ASH
2,9824058,21127.2,27537.5,9400.0,1820326,8142836,1819505,8125206,ADLR,AVJL,ADL,AVJ
3,9824058,21127.2,27537.5,9400.0,1820326,8142836,1824396,8227727,ADLR,AVAR,ADL,AVA
4,9824058,21127.2,27537.5,9400.0,1820326,8142836,1823320,8201674,ADLR,ASHR,ADL,ASH
5,9824057,21847.9,28822.8,9900.0,1820326,8142844,1819686,8128884,ADLR,AIAR,ADL,AIA
6,9824057,21847.9,28822.8,9900.0,1820326,8142844,1820068,8137437,ADLR,AIBR,ADL,AIB
7,9824056,31943.3,27884.8,9200.0,1820396,8144018,1823460,8204464,ADLL,ASHL,ADL,ASH
8,9824056,31943.3,27884.8,9200.0,1820396,8144018,1822126,8177045,ADLL,AVDR,ADL,AVD
9,9824056,31943.3,27884.8,9200.0,1820396,8144018,1820114,8138246,ADLL,AIBL,ADL,AIB
10,9824055,29939.9,30055.1,11750.0,1820396,8144068,1823460,8204416,ADLL,ASHL,ADL,ASH
11,9824055,29939.9,30055.1,11750.0,1820396,8144068,1819409,8123243,ADLL,PVNL,ADL,PVN
12,8239675,31341.8,28771.2,9650.0,1820396,8144026,1820114,8138238,ADLL,AIBL,ADL,AIB
13,8239675,31341.8,28771.2,9650.0,1820396,8144026,1823460,8204457,ADLL,ASHL,ADL,ASH
14,8468546,34289.8,23109.1,5900.0,1820522,8146660,1820254,8141772,SAAVR,RIML,SAAV,RIM
15,8468546,34289.8,23109.1,5900.0,1820522,8146660,1824396,8227601,SAAVR,AVAR,SAAV,AVA
16,9652967,20416.2,15153.7,7450.0,1820992,8156210,1823242,8200176,URYDR,AVBL,URYD,AVB
17,9652966,20622.8,15090.1,7650.0,1820992,8156206,1820155,8139590,URYDR,AVBR,URYD,AVB
18,9652966,20622.8,15090.1,7650.0,1820992,8156206,1822126,8176900,URYDR,AVDR,URYD,AVD
19,9652965,30271.5,14769.5,8100.0,1821091,8158114,1823242,8200135,URYDL,AVBL,URYD,AVB
20,9652965,30271.5,14769.5,8100.0,1821091,8158114,1822153,8177484,URYDL,AVDL,URYD,AVD
21,9644571,19947.9,20231.4,2300.0,1820742,8151234,1821453,8166553,RMEL,BWM-DR02,RMEL/R,BWM02D
22,9644571,19947.9,20231.4,2300.0,1820742,8151234,1821796,8171948,RMEL,BWM-VR02,RMEL/R,BWM02V
23,9644571,19947.9,20231.4,2300.0,1820742,8151234,1821453,8166511,RMEL,BWM-DR02,RMEL/R,BWM02D
24,9644562,30950.7,15726.4,5050.0,1822426,8183455,1820449,8145401,RIAR,RMDL,RIA,RMDL/R
25,9644562,30950.7,15726.4,5050.0,1822426,8183455,1820413,8144700,RIAR,RMDR,RIA,RMDL/R
26,9644562,30950.7,15726.4,5050.0,1822426,8183455,1823795,8212749,RIAR,SIADR,RIA,SIAD
27,8416976,20167.1,25909.1,4550.0,1819915,8134364,1823880,8214506,AVKR,RIS,AVK,RIS
28,8416976,20167.1,25909.1,4550.0,1819915,8134364,1822308,8180581,AVKR,AVL,AVK,AVL
29,8240635,25396.7,13866.5,6150.0,1823392,8203574,1824396,8227647,RICR,AVAR,RIC,AVA
30,8240635,25396.7,13866.5,6150.0,1823392,8203574,1820190,8139813,RICR,AVAL,RIC,AVA
31,8468165,31655.6,18773.9,6150.0,1822686,8189130,1821541,8167963,RMFR,BWM-DL02,RMF,BWM02D
32,8468165,31655.6,18773.9,6150.0,1822686,8189130,1822455,8184172,RMFR,RMHR,RMF,RMH
33,8468577,31442.0,18057.1,6150.0,1822686,8189130,1821140,8159425,RMFR,CEPDL,RMF,CEPD
34,8468577,31442.0,18057.1,6150.0,1822686,8189130,1821497,8167096,RMFR,BWM-DL06,RMF,BWM06D
35,8468577,31442.0,18057.1,6150.0,1822686,8189130,1821541,8167963,RMFR,BWM-DL02,RMF,BWM02D
36,9641155,33521.2,26501.3,6050.0,1819824,8132024,1823055,8196652,DVC,RIBL,DVC,RIB
37,9641155,33521.2,26501.3,6050.0,1819824,8132024,1822686,8189244,DVC,RMFR,DVC,RMF
38,9641154,21961.9,13532.2,5700.0,1822365,8182414,1820590,8147694,RIAL,SMDVR,RIA,SMDV
39,9641154,21961.9,13532.2,5700.0,1822365,8182414,1823601,8207810,RIAL,SIADL,RIA,SIAD
40,8467078,32408.2,14359.0,6850.0,1824194,8222992,1820370,8143309,RIGL,AVEL,RIG,AVE
41,8467078,32408.2,14359.0,6850.0,1824194,8222992,1820068,8137960,RIGL,AIBR,RIG,AIB
42,8467077,32665.5,14643.7,6850.0,1823055,8196504,1820370,8143309,RIBL,AVEL,RIB,AVE
43,8467077,32665.5,14643.7,6850.0,1823055,8196504,1820068,8137960,RIBL,AIBR,RIB,AIB
44,9641151,35450.4,23623.4,6750.0,1820039,8137071,1824194,8222904,BAGR,RIGL,BAG,RIG
45,9641151,35450.4,23623.4,6750.0,1820039,8137071,1821041,8157405,BAGR,URXL,BAG,URX
46,9641151,35450.4,23623.4,6750.0,1820039,8137071,1822365,8182486,BAGR,RIAL,BAG,RIA
47,8468976,34697.7,24966.7,7300.0,1823084,8197220,1822365,8181845,AUAL,RIAL,AUA,RIA
48,8468976,34697.7,24966.7,7300.0,1823084,8197220,1823055,8196384,AUAL,RIBL,AUA,RIB
49,9641150,18220.1,24280.6,7100.0,1819658,8128464,1824134,8221387,URXR,RIGR,URX,RIG
50,9641150,18220.1,24280.6,7100.0,1819658,8128464,1822292,8180139,URXR,PVPR,URX,PVP
51,9641150,18220.1,24280.6,7100.0,1819658,8128464,1822426,8183650,URXR,RIAR,URX,RIA
52,9641149,18978.0,21084.7,7350.0,1821184,8160635,1822505,8185364,URBR,RMHL,URB,RMH
53,9641149,18978.0,21084.7,7350.0,1821184,8160635,1819658,8128535,URBR,URXR,URB,URX
54,9641148,21145.7,12885.6,7050.0,1823356,8202705,1820217,8140933,AIZR,RIMR,AIZ,RIM
55,9641148,21145.7,12885.6,7050.0,1823356,8202705,1820114,8138712,AIZR,AIBL,AIZ,AIB
56,9641146,35148.3,20787.9,8250.0,1821041,8157374,1819995,8136521,URXL,RIR,URX,RIR
57,9641146,35148.3,20787.9,8250.0,1821041,8157374,1822365,8181826,URXL,RIAL,URX,RIA
58,8417582,35084.6,19313.6,8250.0,1820039,8136966,1822365,8181826,BAGR,RIAL,BAG,RIA
59,8415840,35489.2,22781.2,8050.0,1823084,8197078,1822365,8181830,AUAL,RIAL,AUA,RIA
60,8415840,35489.2,22781.2,8050.0,1823084,8197078,1823055,8196399,AUAL,RIBL,AUA,RIB
61,9641144,29800.6,29273.2,8400.0,1823428,8203902,1820068,8137728,AIZL,AIBR,AIZ,AIB
62,9641144,29800.6,29273.2,8400.0,1823428,8203902,1820298,8142535,AIZL,AVER,AIZ,AVE
63,9641142,20499.1,27805.1,7450.0,1819658,8128379,1822426,8183027,URXR,RIAR,URX,RIA
64,9641142,20499.1,27805.1,7450.0,1819658,8128379,1822962,8194777,URXR,AUAR,URX,AUA
65,9641140,19603.4,27132.0,7350.0,1819658,8128385,1822962,8194779,URXR,AUAR,URX,AUA
66,9641140,19603.4,27132.0,7350.0,1819658,8128385,1822426,8183025,URXR,RIAR,URX,RIA
67,9641139,20106.9,27471.2,7400.0,1819658,8128380,1822962,8194778,URXR,AUAR,URX,AUA
68,9641139,20106.9,27471.2,7400.0,1819658,8128380,1822426,8183026,URXR,RIAR,URX,RIA
69,9641138,20663.4,27980.0,7500.0,1819658,8128378,1822426,8183028,URXR,RIAR,URX,RIA
70,9641138,20663.4,27980.0,7500.0,1819658,8128378,1822962,8194776,URXR,AUAR,URX,AUA
71,9641137,22317.0,29543.5,8150.0,1819658,8128397,1819995,8136749,URXR,RIR,URX,RIR
72,9641137,22317.0,29543.5,8150.0,1819658,8128397,1822426,8183041,URXR,RIAR,URX,RIA
73,8467529,16786.5,21940.8,8100.0,1819658,8128351,1822426,8182999,URXR,RIAR,URX,RIA
74,8467529,16786.5,21940.8,8100.0,1819658,8128351,1819995,8136663,URXR,RIR,URX,RIR
75,9641030,19269.5,13980.1,8150.0,1824172,8222411,1822232,8179043,AIYR,BAGL,AIY,BAG
76,9641030,19269.5,13980.1,8150.0,1824172,8222411,1823356,8202682,AIYR,AIZR,AIY,AIZ
77,9641030,19269.5,13980.1,8150.0,1824172,8222411,1822886,8193388,AIYR,RIBR,AIY,RIB
78,9641029,28889.0,13932.4,7850.0,1824050,9641028,1822153,8177935,PVCL,AVDL,PVC,AVD
79,9641029,28889.0,13932.4,7850.0,1824050,9641028,1820155,8139555,PVCL,AVBR,PVC,AVB
80,9641024,29392.5,12019.1,7500.0,1823428,8204064,1820039,8137197,AIZL,BAGR,AIZ,BAG
81,9641024,29392.5,12019.1,7500.0,1823428,8204064,1820370,8143322,AIZL,AVEL,AIZ,AVE
82,9641021,24760.3,11240.0,7750.0,1824134,8221527,1820298,8142010,RIGR,AVER,RIG,AVE
83,9641021,24760.3,11240.0,7750.0,1824134,8221527,1820039,8137211,RIGR,BAGR,RIG,BAG
84,9641017,23530.7,12485.5,7900.0,1822263,8179706,1820298,8142578,DVA,AVER,DVA,AVE
85,9641017,23530.7,12485.5,7900.0,1822263,8179706,1823356,8202716,DVA,AIZR,DVA,AIZ
86,8415028,32869.3,22756.9,8800.0,1824427,8228086,1823242,8200113,AIML,AVBL,AIM,AVB
87,8415028,32869.3,22756.9,8800.0,1824427,8228086,1822484,8184666,AIML,ADAL,AIM,ADA
88,8415028,32869.3,22756.9,8800.0,1824427,8228086,1823460,8204483,AIML,ASHL,AIM,ASH
89,8417177,16917.9,23252.4,9000.0,1822817,8192004,1824172,8222311,AWCR,AIYR,AWC,AIY
90,8417177,16917.9,23252.4,9000.0,1822817,8192004,1822232,8178930,AWCR,BAGL,AWC,BAG
91,8417156,33786.1,16646.6,9150.0,1822652,8188633,1822984,8195171,AWCL,ASER,AWC,ASE
92,8417156,33786.1,16646.6,9150.0,1822652,8188633,1822817,8191836,AWCL,AWCR,AWC,AWC
93,8415392,35444.5,21652.0,9500.0,1822984,8195263,1824469,8229105,ASER,AIYL,ASE,AIY
94,8415392,35444.5,21652.0,9500.0,1822984,8195263,1820114,8138269,ASER,AIBL,ASE,AIB
95,9639028,18633.5,15236.2,9450.0,1822848,8192339,1820068,8137994,ASKR,AIBR,ASK,AIB
96,9639028,18633.5,15236.2,9450.0,1822848,8192339,1820326,8142690,ASKR,ADLR,ASK,ADL
97,8467181,23892.9,13640.1,9100.0,1823859,8214076,1819307,8121422,RIFL,PVNL,RIF,PVN
98,8467181,23892.9,13640.1,9100.0,1823859,8214076,1819587,8127030,RIFL,AVHR,RIF,AVH
99,8417018,24934.6,12858.7,9850.0,1823208,8199501,1824448,8228584,AWAL,AIAL,AWA,AIA
100,8417018,24934.6,12858.7,9850.0,1823208,8199501,1823665,8209225,AWAL,HSNR,AWA,HSN
101,9639023,34713.7,18331.4,9600.0,1822984,8195271,1822365,8181800,ASER,RIAL,ASE,RIA
102,8234914,29426.4,30007.3,9800.0,1819634,8128069,1822365,8181913,ADFL,RIAL,ADF,RIA
103,8234914,29426.4,30007.3,9800.0,1819634,8128069,1823775,8211657,ADFL,SMBVL,ADF,SMBV
104,8415765,18281.3,16084.2,9600.0,1822848,8192332,1822066,8175466,ASKR,AVJR,ASK,AVJ
105,8415765,18281.3,16084.2,9600.0,1822848,8192332,1822126,8176862,ASKR,AVDR,ASK,AVD
106,9639015,19158.2,24103.1,9850.0,1822848,8192254,1819686,8128900,ASKR,AIAR,ASK,AIA
107,9639015,19158.2,24103.1,9850.0,1822848,8192254,1824155,8221854,ASKR,AIMR,ASK,AIM
108,8417139,27338.1,12307.4,9850.0,1822652,8188616,1822817,8191811,AWCL,AWCR,AWC,AWC
109,8417139,27338.1,12307.4,9850.0,1822652,8188616,1820114,8138718,AWCL,AIBL,AWC,AIB
110,9637921,25491.0,26927.4,9900.0,1821353,8165154,1822179,8178022,RIVL,BWM-VR05,RIV,BWM05V
111,9637921,25491.0,26927.4,9900.0,1821353,8165154,1821843,8172485,RIVL,BWM-VR07,RIV,BWM07V
112,8417172,24851.7,12250.5,10350.0,1822817,8191966,1824448,8228602,AWCR,AIAL,AWC,AIA
113,8417172,24851.7,12250.5,10350.0,1822817,8191966,1823015,8195620,AWCR,ASKL,AWC,ASK
114,9637919,23164.9,12400.7,10750.0,1820326,8142738,1819686,8128990,ADLR,AIAR,ADL,AIA
115,9637919,23164.9,12400.7,10750.0,1820326,8142738,1822817,8191783,ADLR,AWCR,ADL,AWC
116,8415698,33092.4,21148.4,10500.0,1823103,8197589,1819487,8124819,ASJL,PVQL,ASJ,PVQ
117,8240286,18487.1,22305.2,10550.0,1823342,8202078,1822848,8192285,ASJR,ASKR,ASJ,ASK
118,8240286,18487.1,22305.2,10550.0,1823342,8202078,1819556,8126334,ASJR,PVQR,ASJ,PVQ
119,8240095,25940.6,31553.3,12100.0,1823356,8202430,1823698,8209699,AIZR,SMBVR,AIZ,SMBV
120,8240095,25940.6,31553.3,12100.0,1823356,8202430,1820634,8149604,AIZR,SMBDR,AIZ,SMBD
121,9637915,28313.9,32712.9,12350.0,1824469,8228889,1822365,8181963,AIYL,RIAL,AIY,RIA
122,8467378,27942.4,32675.1,12350.0,1822732,8189664,1822365,8181963,RIH,RIAL,RIH,RIA
123,8417070,24518.8,31501.6,12400.0,1819607,8127629,1822772,8190631,AWAR,AFDR,AWA,AFD
124,8417070,24518.8,31501.6,12400.0,1819607,8127629,1822984,8194970,AWAR,ASER,AWA,ASE
125,8468743,26931.1,28609.9,12350.0,1819724,8129725,1819724,8129664,SDQL,SDQL,SDQ,SDQ
126,8468743,26931.1,28609.9,12350.0,1819724,8129725,1819809,8131576,SDQL,SDQR,SDQ,SDQ
127,8462046,28621.3,29444.1,15200.0,1821316,8163796,1820155,8139497,PLNL,AVBR,PLN,AVB
128,8462046,28621.3,29444.1,15200.0,1821316,8163796,1820590,8148002,PLNL,SMDVR,PLN,SMDV
129,8419267,26402.9,29734.8,15400.0,1823914,8215199,1824396,8227430,FLPL,AVAR,FLP,AVA
130,8419267,26402.9,29734.8,15400.0,1823914,8215199,1820190,8140041,FLPL,AVAL,FLP,AVA
131,8472384,27330.4,31866.7,15800.0,1819634,8128238,1824134,8221174,ADFL,RIGR,ADF,RIG
132,9637913,26644.4,31792.0,17950.0,1823914,8215143,1822732,8189477,FLPL,RIH,FLP,RIH
133,9637913,26644.4,31792.0,17950.0,1823914,8215143,1824381,8226932,FLPL,ADEL,FLP,ADE
134,9637911,27823.7,32120.6,17950.0,1822540,8185788,1822126,8177217,AVM,AVDR,AVM,AVD
135,9637911,27823.7,32120.6,17950.0,1822540,8185788,1824050,8219151,AVM,PVCL,AVM,PVC
136,8238236,29289.6,32142.1,20050.0,1824028,8218710,1824214,8223127,ADER,SAADL,ADE,SAAD
137,8238236,29289.6,32142.1,20050.0,1824028,8218710,1824194,8222536,ADER,RIGL,ADE,RIG
138,8462755,25349.7,32482.8,20900.0,1821325,8164004,1824491,8229990,PVT,AVKL,PVT,AVK
139,8462755,25349.7,32482.8,20900.0,1821325,8164004,1819915,8134041,PVT,AVKR,PVT,AVK
140,8468961,19004.9,16637.6,7400.0,1821184,8160700,1823392,8203595,URBR,RICR,URB,RIC
141,8468961,19004.9,16637.6,7400.0,1821184,8160700,1823242,8200560,URBR,AVBL,URB,AVB
142,8468941,20377.9,16351.8,6150.0,1821184,8160726,1820969,8155964,URBR,CEPDR,URB,CEPD
143,8468941,20377.9,16351.8,6150.0,1821184,8160726,1820922,8154492,URBR,OLQDR,URB,OLQD
144,8469080,22653.8,13404.8,3150.0,1820992,8156300,1824277,8225012,URYDR,RMDDL,URYD,RMDD
145,8469080,22653.8,13404.8,3150.0,1820992,8156300,1820689,8150343,URYDR,RMDVR,URYD,RMDV
146,8450098,22140.3,26160.6,8200.0,1820887,8153531,1819966,8135683,IL2VR,RIPR,IL2V,RIP
147,8450098,22140.3,26160.6,8200.0,1820887,8153531,1820896,8153786,IL2VR,URAVR,IL2V,URAV
148,8462306,31356.8,14857.2,7950.0,1822086,8176298,1824050,8219401,PVPL,PVCL,PVP,PVC
149,8462306,31356.8,14857.2,7950.0,1822086,8176298,1823242,8200603,PVPL,AVBL,PVP,AVB
150,8447659,24291.8,26195.4,5200.0,1820908,8154151,1820662,8149883,IL1VR,RMER,IL1V,RMEL/R
151,8447659,24291.8,26195.4,5200.0,1820908,8154151,1822332,8181640,IL1VR,RMDDR,IL1V,RMDD
152,8447659,24291.8,26195.4,5200.0,1820908,8154151,1819966,8135623,IL1VR,RIPR,IL1V,RIP
153,8447659,24291.8,26195.4,5200.0,1820908,8154151,1821821,8172225,IL1VR,BWM-VR01,IL1V,BWM01V
154,8472501,18797.2,25297.6,7100.0,1819658,8128464,1822426,8183650,URXR,RIAR,URX,RIA
155,8472501,18797.2,25297.6,7100.0,1819658,8128464,1824134,8221374,URXR,RIGR,URX,RIG
156,8472500,20696.3,13552.2,5350.0,1823121,8198207,1820590,8148205,SMDDL,SMDVR,SMDD,SMDV
157,8472500,20696.3,13552.2,5350.0,1823121,8198207,1822365,8182407,SMDDL,RIAL,SMDD,RIA
158,8472499,17303.3,17775.3,8000.0,1819857,8132996,1823320,8201724,RMGR,ASHR,RMG,ASH
159,8472499,17303.3,17775.3,8000.0,1819857,8132996,1820155,8139094,RMGR,AVBR,RMG,AVB
160,8468376,31699.7,20596.1,4100.0,1820662,8149805,1821956,8174329,RMER,BWM-VL04,RMEL/R,BWM04V
161,8468376,31699.7,20596.1,4100.0,1820662,8149805,1821989,8174681,RMER,BWM-VL02,RMEL/R,BWM02V
162,8468376,31699.7,20596.1,4100.0,1820662,8149805,1821541,8168061,RMER,BWM-DL02,RMEL/R,BWM02D
163,8416977,20310.2,25774.6,4650.0,1819915,8134362,1823880,8214504,AVKR,RIS,AVK,RIS
164,8416977,20310.2,25774.6,4650.0,1819915,8134362,1820413,8144770,AVKR,RMDR,AVK,RMDL/R
165,8472493,22065.6,14725.5,7750.0,1819753,8130441,1819505,8125152,PVR,AVJL,PVR,AVJ
166,8472493,22065.6,14725.5,7750.0,1819753,8130441,1823242,8200587,PVR,AVBL,PVR,AVB
167,8472490,21376.1,26135.7,10200.0,1819330,8121727,1823817,8213045,PVNR,BDUR,PVN,BDU
168,8472490,21376.1,26135.7,10200.0,1819330,8121727,1823838,8213544,PVNR,RIFR,PVN,RIF
169,8472489,17397.2,18897.0,9150.0,1819307,8121380,1823356,8202633,PVNL,AIZR,PVN,AIZ
170,8472489,17397.2,18897.0,9150.0,1819307,8121380,1819351,8122309,PVNL,HSNL,PVN,HSN
171,8472488,19660.2,23985.7,8400.0,1822105,8176763,1820155,8139068,PVCR,AVBR,PVC,AVB
172,8472488,19660.2,23985.7,8400.0,1822105,8176763,1819505,8125480,PVCR,AVJL,PVC,AVJ
173,8472488,19660.2,23985.7,8400.0,1822105,8176763,1824396,8227693,PVCR,AVAR,PVC,AVA
174,8462053,25056.8,27990.3,11350.0,1823988,8217925,1824100,8220572,PLNR,SAADR,PLN,SAAD
175,8462053,25056.8,27990.3,11350.0,1823988,8217925,1823698,8209974,PLNR,SMBVR,PLN,SMBV
176,8416987,20931.8,26319.8,5200.0,1823728,8211052,1819915,8134351,RMFL,AVKR,RMF,AVK
177,8416987,20931.8,26319.8,5200.0,1823728,8211052,1820413,8144748,RMFL,RMDR,RMF,RMDL/R
178,8472456,21292.8,27146.8,9200.0,1819505,8125202,1824396,8227724,AVJL,AVAR,AVJ,AVA
179,8472456,21292.8,27146.8,9200.0,1819505,8125202,1822105,8176616,AVJL,PVCR,AVJ,PVC
180,8472453,19812.2,25193.4,9350.0,1823320,8201680,1819686,8129042,ASHR,AIAR,ASH,AIA
181,8472453,19812.2,25193.4,9350.0,1823320,8201680,1822153,8177896,ASHR,AVDL,ASH,AVD
182,8472453,19812.2,25193.4,9350.0,1823320,8201680,1820068,8137453,ASHR,AIBR,ASH,AIB
183,8415493,32955.0,25145.1,8650.0,1823460,8204625,1823460,8204608,ASHL,ASHL,ASH,ASH
184,8415493,32955.0,25145.1,8650.0,1823460,8204625,1820396,8143998,ASHL,ADLL,ASH,ADL
185,8472452,35163.4,21727.2,7650.0,1824067,8219757,1820039,8136983,AQR,BAGR,AQR,BAG
186,8472452,35163.4,21727.2,7650.0,1824067,8219757,1822365,8181838,AQR,RIAL,AQR,RIA
187,8472449,29007.8,30657.4,11200.0,1819634,8128042,1823150,8198493,ADFL,AWBL,ADF,AWB
188,8472436,25930.3,34817.4,21900.0,1819330,8121496,1819505,8125451,PVNR,AVJL,PVN,AVJ
189,8472436,25930.3,34817.4,21900.0,1819330,8121496,1823817,8212815,PVNR,BDUR,PVN,BDU
190,8472435,21607.9,26545.8,10500.0,1819330,8121722,1823817,8213039,PVNR,BDUR,PVN,BDU
191,8472435,21607.9,26545.8,10500.0,1819330,8121722,1823838,8213539,PVNR,RIFR,PVN,RIF
192,8472434,27294.7,13936.8,8450.0,1819330,8121813,1823242,8200593,PVNR,AVBL,PVN,AVB
193,8472434,27294.7,13936.8,8450.0,1819330,8121813,1819435,8123931,PVNR,BDUL,PVN,BDU
194,8472433,32622.4,23112.3,9050.0,1819330,8121863,1819435,8123960,PVNR,BDUL,PVN,BDU
195,8472433,32622.4,23112.3,9050.0,1819330,8121863,1819409,8123569,PVNR,PVNL,PVN,PVN
196,8472432,31366.7,26703.8,9650.0,1819330,8121875,1819724,8129611,PVNR,SDQL,PVN,SDQ
197,8472432,31366.7,26703.8,9650.0,1819330,8121875,1819740,8129989,PVNR,ALML,PVN,ALM
198,8472427,35351.2,23109.4,9350.0,1820039,8137040,1824469,8229102,BAGR,AIYL,BAG,AIY
199,8472427,35351.2,23109.4,9350.0,1820039,8137040,1820114,8138262,BAGR,AIBL,BAG,AIB
200,8417162,34902.9,23961.3,9400.0,1822817,8191889,1822652,8188275,AWCR,AWCL,AWC,AWC
201,8417162,34902.9,23961.3,9400.0,1822817,8191889,1823176,8199151,AWCR,ASEL,AWC,ASE
202,8417162,34902.9,23961.3,9400.0,1822817,8191889,1820114,8138265,AWCR,AIBL,AWC,AIB
203,8472426,29607.0,30835.8,14150.0,1822540,8185674,1824050,8219225,AVM,PVCL,AVM,PVC
204,8472426,29607.0,30835.8,14150.0,1822540,8185674,1823242,8199999,AVM,AVBL,AVM,AVB
205,8472426,29607.0,30835.8,14150.0,1822540,8185674,1822066,8175683,AVM,AVJR,AVM,AVJ
206,8472425,19285.2,22966.3,8500.0,1819505,8125485,1820155,8139066,AVJL,AVBR,AVJ,AVB
207,8472424,22258.8,14295.8,8000.0,1819505,8125507,1823242,8200588,AVJL,AVBL,AVJ,AVB
208,8472424,22258.8,14295.8,8000.0,1819505,8125507,1820155,8139105,AVJL,AVBR,AVJ,AVB
209,8472424,22258.8,14295.8,8000.0,1819505,8125507,1822105,8176725,AVJL,PVCR,AVJ,PVC
210,8472423,23280.7,29097.7,12550.0,1819505,8125268,1820155,8138976,AVJL,AVBR,AVJ,AVB
211,8472421,24585.2,30744.4,15200.0,1819505,8125321,1824261,8224092,AVJL,ADAR,AVJ,ADA
212,8472421,24585.2,30744.4,15200.0,1819505,8125321,1820155,8138923,AVJL,AVBR,AVJ,AVB
213,8472420,25790.5,32829.9,17700.0,1819505,8125369,1822540,8185799,AVJL,AVM,AVJ,AVM
214,8472420,25790.5,32829.9,17700.0,1819505,8125369,1820155,8139635,AVJL,AVBR,AVJ,AVB
215,8472419,23829.2,13030.9,10150.0,1822848,8192382,1819686,8128978,ASKR,AIAR,ASK,AIA
216,8240124,17621.2,15416.4,9000.0,1823356,8202656,1822652,8188589,AIZR,AWCL,AIZ,AWC
217,8468882,20843.9,15882.0,2800.0,1820957,8155483,1821595,8168993,URADR,BWM-DR03,URAD,BWM03D
218,8468882,20843.9,15882.0,2800.0,1820957,8155483,1821453,8166598,URADR,BWM-DR02,URAD,BWM02D
219,8468882,20843.9,15882.0,2800.0,1820957,8155483,1821578,8168642,URADR,BWM-DR01,URAD,BWM01D
220,8468882,20843.9,15882.0,2800.0,1820957,8155483,1819966,8135755,URADR,RIPR,URAD,RIP
221,8468869,29574.8,27949.7,7000.0,1820590,8147840,1823121,8197900,SMDVR,SMDDL,SMDV,SMDD
222,8468869,29574.8,27949.7,7000.0,1820590,8147840,1822426,8183534,SMDVR,RIAR,SMDV,RIA
223,8468881,22566.1,14514.7,2650.0,1820957,8155486,1821595,8169015,URADR,BWM-DR03,URAD,BWM03D
224,8468881,22566.1,14514.7,2650.0,1820957,8155486,1821578,8168687,URADR,BWM-DR01,URAD,BWM01D
225,8468881,22566.1,14514.7,2650.0,1820957,8155486,1820662,8149920,URADR,RMER,URAD,RMEL/R
226,8468881,22566.1,14514.7,2650.0,1820957,8155486,1819966,8135752,URADR,RIPR,URAD,RIP
227,8468880,20157.1,16841.5,2350.0,1820957,8155529,1820778,8151544,URADR,RMED,URAD,RMED
228,8468880,20157.1,16841.5,2350.0,1820957,8155529,1821172,8160376,URADR,IL1R,URAD,IL1L/R
229,8468880,20157.1,16841.5,2350.0,1820957,8155529,1821378,8165641,URADR,BWM-DR04,URAD,BWM04D
230,8468880,20157.1,16841.5,2350.0,1820957,8155529,1821453,8166614,URADR,BWM-DR02,URAD,BWM02D
231,8468879,19484.1,17789.6,2600.0,1820957,8155534,1821453,8166531,URADR,BWM-DR02,URAD,BWM02D
232,8468878,20451.4,16258.4,2350.0,1820957,8155492,1820778,8151544,URADR,RMED,URAD,RMED
233,8468878,20451.4,16258.4,2350.0,1820957,8155492,1821378,8165641,URADR,BWM-DR04,URAD,BWM04D
234,8468878,20451.4,16258.4,2350.0,1820957,8155492,1821578,8168675,URADR,BWM-DR01,URAD,BWM01D
235,8468878,20451.4,16258.4,2350.0,1820957,8155492,1821453,8166614,URADR,BWM-DR02,URAD,BWM02D
236,8468878,20451.4,16258.4,2350.0,1820957,8155492,1822920,8193890,URADR,IL1DR,URAD,IL1D
237,8468877,29135.5,15333.3,3650.0,1821160,8160022,1819982,8135998,URADL,RIPL,URAD,RIP
238,8468877,29135.5,15333.3,3650.0,1821160,8160022,1821637,8169642,URADL,BWM-DL01,URAD,BWM01D
239,8468876,29426.9,15771.0,2800.0,1821160,8160039,1821541,8168183,URADL,BWM-DL02,URAD,BWM02D
240,8468876,29426.9,15771.0,2800.0,1821160,8160039,1821692,8170436,URADL,BWM-DL03,URAD,BWM03D
241,8468875,29127.1,14956.8,2700.0,1821160,8160041,1819982,8135979,URADL,RIPL,URAD,RIP
242,8468875,29127.1,14956.8,2700.0,1821160,8160041,1821692,8170438,URADL,BWM-DL03,URAD,BWM03D
243,8468875,29127.1,14956.8,2700.0,1821160,8160041,1820742,8151092,URADL,RMEL,URAD,RMEL/R
244,8468875,29127.1,14956.8,2700.0,1821160,8160041,1821637,8169669,URADL,BWM-DL01,URAD,BWM01D
245,8468874,29058.6,14904.9,2500.0,1821160,8160045,1821637,8169672,URADL,BWM-DL01,URAD,BWM01D
246,8468874,29058.6,14904.9,2500.0,1821160,8160045,1819982,8135975,URADL,RIPL,URAD,RIP
247,8468874,29058.6,14904.9,2500.0,1821160,8160045,1820742,8150955,URADL,RMEL,URAD,RMEL/R
248,8468873,31067.2,16803.8,2550.0,1821160,8160044,1821541,8168209,URADL,BWM-DL02,URAD,BWM02D
249,8468873,31067.2,16803.8,2550.0,1821160,8160044,1820778,8151746,URADL,RMED,URAD,RMED
250,8468873,31067.2,16803.8,2550.0,1821160,8160044,1821637,8169594,URADL,BWM-DL01,URAD,BWM01D
251,8468873,31067.2,16803.8,2550.0,1821160,8160044,1821126,8159200,URADL,IL1DL,URAD,IL1D
252,8468872,31332.2,18349.2,2450.0,1821160,8160065,1821541,8168105,URADL,BWM-DL02,URAD,BWM02D
253,8468872,31332.2,18349.2,2450.0,1821160,8160065,1821512,8167601,URADL,BWM-DL04,URAD,BWM04D
254,8468871,31358.5,18940.1,2400.0,1821160,8160064,1820662,8149955,URADL,RMER,URAD,RMEL/R
255,8468871,31358.5,18940.1,2400.0,1821160,8160064,1821512,8167582,URADL,BWM-DL04,URAD,BWM04D
256,8468864,26130.7,13970.7,4900.0,1823630,8208439,1918878,8476558,SMDDR,NRfragment,SMDD,NRfragment
257,8468864,26130.7,13970.7,4900.0,1823630,8208439,1821659,8169794,SMDDR,BWM-DL07,SMDD,BWM07D
258,8468863,30649.2,14409.0,4800.0,1823630,8208625,1821140,8159529,SMDDR,CEPDL,SMDD,CEPD
259,8468863,30649.2,14409.0,4800.0,1823630,8208625,1820449,8145029,SMDDR,RMDL,SMDD,RMDL/R
260,8468863,30649.2,14409.0,4800.0,1823630,8208625,1822426,8183448,SMDDR,RIAR,SMDD,RIA
261,8468862,26569.9,13382.0,4400.0,1823630,8208639,1820552,8146985,SMDDR,SMDVL,SMDD,SMDV
262,8468862,26569.9,13382.0,4400.0,1823630,8208639,1821637,8169521,SMDDR,BWM-DL01,SMDD,BWM01D
263,8468862,26569.9,13382.0,4400.0,1823630,8208639,1821692,8170281,SMDDR,BWM-DL03,SMDD,BWM03D
264,8468862,26569.9,13382.0,4400.0,1823630,8208639,1821671,8170033,SMDDR,BWM-DL05,SMDD,BWM05D
265,8468862,26569.9,13382.0,4400.0,1823630,8208639,1821659,8169805,SMDDR,BWM-DL07,SMDD,BWM07D
266,8468861,27012.7,13276.9,4250.0,1823630,8208642,1821091,8158270,SMDDR,URYDL,SMDD,URYD
267,8468861,27012.7,13276.9,4250.0,1823630,8208642,1821692,8170284,SMDDR,BWM-DL03,SMDD,BWM03D
268,8468861,27012.7,13276.9,4250.0,1823630,8208642,1821671,8170036,SMDDR,BWM-DL05,SMDD,BWM05D
269,8468860,26923.1,13620.5,4500.0,1823630,8208637,1918878,8476566,SMDDR,NRfragment,SMDD,NRfragment
270,8468860,26923.1,13620.5,4500.0,1823630,8208637,1821637,8169511,SMDDR,BWM-DL01,SMDD,BWM01D
271,8468860,26923.1,13620.5,4500.0,1823630,8208637,1821671,8170045,SMDDR,BWM-DL05,SMDD,BWM05D
272,8468859,29154.2,13440.3,4800.0,1823630,8208442,1822426,8183448,SMDDR,RIAR,SMDD,RIA
273,8468859,29154.2,13440.3,4800.0,1823630,8208442,1822365,8182238,SMDDR,RIAL,SMDD,RIA
274,8468856,28435.7,12984.7,5100.0,1823630,8208448,1822365,8182244,SMDDR,RIAL,SMDD,RIA
275,8468856,28435.7,12984.7,5100.0,1823630,8208448,1820552,8147509,SMDDR,SMDVL,SMDD,SMDV
276,8468855,29720.7,13583.8,5300.0,1823630,8208611,1822426,8183439,SMDDR,RIAR,SMDD,RIA
277,8468855,29720.7,13583.8,5300.0,1823630,8208611,1820552,8147505,SMDDR,SMDVL,SMDD,SMDV
278,8468853,31663.5,16392.6,5300.0,1823630,8208455,1820217,8140878,SMDDR,RIMR,SMDD,RIM
279,8468853,31663.5,16392.6,5300.0,1823630,8208455,1821485,8166918,SMDDR,BWM-DL08,SMDD,BWM08D
280,8468853,31663.5,16392.6,5300.0,1823630,8208455,1820413,8144695,SMDDR,RMDR,SMDD,RMDL/R
281,8468852,32238.6,17018.1,5650.0,1823630,8208462,1820217,8140705,SMDDR,RIMR,SMDD,RIM
282,8468852,32238.6,17018.1,5650.0,1823630,8208462,1821485,8166916,SMDDR,BWM-DL08,SMDD,BWM08D
283,8468847,24882.4,13469.8,5300.0,1823121,8198002,1822365,8182416,SMDDL,RIAL,SMDD,RIA
284,8468846,24787.1,13350.9,5050.0,1823121,8198007,1822426,8183420,SMDDL,RIAR,SMDD,RIA
285,8468846,24787.1,13350.9,5050.0,1823121,8198007,1820590,8147707,SMDDL,SMDVR,SMDD,SMDV
286,8468845,20485.9,14391.8,4650.0,1823121,8198233,1822365,8182270,SMDDL,RIAL,SMDD,RIA
287,8468845,20485.9,14391.8,4650.0,1823121,8198233,1822426,8183412,SMDDL,RIAR,SMDD,RIA
288,8468844,21996.1,13316.8,4900.0,1823121,8198013,1820590,8148204,SMDDL,SMDVR,SMDD,SMDV
289,8468844,21996.1,13316.8,4900.0,1823121,8198013,1822365,8182264,SMDDL,RIAL,SMDD,RIA
290,8468844,21996.1,13316.8,4900.0,1823121,8198013,1822426,8183417,SMDDL,RIAR,SMDD,RIA
291,8468843,21008.0,13806.5,4800.0,1823121,8198219,1822365,8182267,SMDDL,RIAL,SMDD,RIA
292,8468843,21008.0,13806.5,4800.0,1823121,8198219,1822426,8183415,SMDDL,RIAR,SMDD,RIA
293,8468842,23869.7,13342.8,4550.0,1823121,8198224,1820969,8155921,SMDDL,CEPDR,SMDD,CEPD
294,8468842,23869.7,13342.8,4550.0,1823121,8198224,1821595,8168911,SMDDL,BWM-DR03,SMDD,BWM03D
295,8468841,24558.6,13517.8,4650.0,1823121,8198222,1821578,8168725,SMDDL,BWM-DR01,SMDD,BWM01D
296,8468841,24558.6,13517.8,4650.0,1823121,8198222,1821617,8169231,SMDDL,BWM-DR05,SMDD,BWM05D
297,8468841,24558.6,13517.8,4650.0,1823121,8198222,1821595,8168903,SMDDL,BWM-DR03,SMDD,BWM03D
298,8468841,24558.6,13517.8,4650.0,1823121,8198222,1821692,8170275,SMDDL,BWM-DL03,SMDD,BWM03D
299,8468841,24558.6,13517.8,4650.0,1823121,8198222,1820590,8147715,SMDDL,SMDVR,SMDD,SMDV
300,8468840,22502.8,13159.5,4950.0,1823121,8198014,1822426,8183418,SMDDL,RIAR,SMDD,RIA
301,8468840,22502.8,13159.5,4950.0,1823121,8198014,1820590,8148204,SMDDL,SMDVR,SMDD,SMDV
302,8468839,20454.4,14437.3,4900.0,1823121,8198013,1820413,8144411,SMDDL,RMDR,SMDD,RMDL/R
303,8468839,20454.4,14437.3,4900.0,1823121,8198013,1822365,8182264,SMDDL,RIAL,SMDD,RIA
304,8468838,23960.4,12698.9,5350.0,1823121,8198214,1820590,8148196,SMDDL,SMDVR,SMDD,SMDV
305,8468838,23960.4,12698.9,5350.0,1823121,8198214,1822426,8183606,SMDDL,RIAR,SMDD,RIA
306,8468837,23528.5,12691.0,5350.0,1823121,8198214,1820590,8148196,SMDDL,SMDVR,SMDD,SMDV
307,8468837,23528.5,12691.0,5350.0,1823121,8198214,1822426,8183606,SMDDL,RIAR,SMDD,RIA
308,8468836,18794.0,16362.0,5450.0,1823121,8198201,1821409,8165980,SMDDL,BWM-DR08,SMDD,BWM08D
309,8468836,18794.0,16362.0,5450.0,1823121,8198201,1820254,8141635,SMDDL,RIML,SMDD,RIM
310,8468836,18794.0,16362.0,5450.0,1823121,8198201,1821428,8166297,SMDDL,BWM-DR06,SMDD,BWM06D
311,8468831,27564.4,27708.8,11350.0,1823775,8211895,1821316,8163872,SMBVL,PLNL,SMBV,PLN
312,8468831,27564.4,27708.8,11350.0,1823775,8211895,1824214,8223280,SMBVL,SAADL,SMBV,SAAD
313,8468830,31470.7,23898.3,6750.0,1823775,8212154,1821869,8172725,SMBVL,BWM-VL08,SMBV,BWM08V
314,8468830,31470.7,23898.3,6750.0,1823775,8212154,1821928,8173561,SMBVL,BWM-VL06,SMBV,BWM06V
315,8468829,31581.3,23864.0,5900.0,1823775,8212171,1821956,8174067,SMBVL,BWM-VL04,SMBV,BWM04V
316,8468829,31581.3,23864.0,5900.0,1823775,8212171,1821928,8173582,SMBVL,BWM-VL06,SMBV,BWM06V
317,8468827,31279.1,23913.8,6300.0,1823775,8212163,1821989,8174433,SMBVL,BWM-VL02,SMBV,BWM02V
318,8468827,31279.1,23913.8,6300.0,1823775,8212163,1821956,8174059,SMBVL,BWM-VL04,SMBV,BWM04V
319,8468827,31279.1,23913.8,6300.0,1823775,8212163,1820689,8150760,SMBVL,RMDVR,SMBV,RMDV
320,8468826,29456.3,25626.3,7850.0,1823775,8212137,1822038,8175054,SMBVL,BWM-VL03,SMBV,BWM03V
321,8468826,29456.3,25626.3,7850.0,1823775,8212137,1821899,8173217,SMBVL,BWM-VL05,SMBV,BWM05V
322,8468825,28968.7,26044.5,7750.0,1823775,8212139,1821899,8173219,SMBVL,BWM-VL05,SMBV,BWM05V
323,8468825,28968.7,26044.5,7750.0,1823775,8212139,1821881,8172939,SMBVL,BWM-VL07,SMBV,BWM07V
324,8468825,28968.7,26044.5,7750.0,1823775,8212139,1823925,8215761,SMBVL,RMEV,SMBV,RMEV
325,8468824,28793.6,26569.1,7650.0,1823775,8212141,1821899,8173148,SMBVL,BWM-VL05,SMBV,BWM05V
326,8468824,28793.6,26569.1,7650.0,1823775,8212141,1821899,8173221,SMBVL,BWM-VL05,SMBV,BWM05V
327,8468824,28793.6,26569.1,7650.0,1823775,8212141,1821881,8172941,SMBVL,BWM-VL07,SMBV,BWM07V
328,8468824,28793.6,26569.1,7650.0,1823775,8212141,1823925,8215759,SMBVL,RMEV,SMBV,RMEV
329,8468822,28873.7,26331.1,7450.0,1823775,8212145,1823925,8215755,SMBVL,RMEV,SMBV,RMEV
330,8468822,28873.7,26331.1,7450.0,1823775,8212145,1821881,8172945,SMBVL,BWM-VL07,SMBV,BWM07V
331,8468821,28994.8,26370.3,8100.0,1823775,8211831,1821899,8173212,SMBVL,BWM-VL05,SMBV,BWM05V
332,8468821,28994.8,26370.3,8100.0,1823775,8211831,1821881,8172932,SMBVL,BWM-VL07,SMBV,BWM07V
333,8468821,28994.8,26370.3,8100.0,1823775,8211831,1823925,8215768,SMBVL,RMEV,SMBV,RMEV
334,8468820,29901.5,25567.7,8100.0,1823775,8211831,1822018,8174731,SMBVL,BWM-VL01,SMBV,BWM01V
335,8468820,29901.5,25567.7,8100.0,1823775,8211831,1822038,8175049,SMBVL,BWM-VL03,SMBV,BWM03V
336,8468820,29901.5,25567.7,8100.0,1823775,8211831,1823925,8215768,SMBVL,RMEV,SMBV,RMEV
337,8468819,29570.5,25917.7,8250.0,1823775,8211834,1823925,8215770,SMBVL,RMEV,SMBV,RMEV
338,8468819,29570.5,25917.7,8250.0,1823775,8211834,1821899,8173209,SMBVL,BWM-VL05,SMBV,BWM05V
339,8468819,29570.5,25917.7,8250.0,1823775,8211834,1822038,8175046,SMBVL,BWM-VL03,SMBV,BWM03V
340,8468819,29570.5,25917.7,8250.0,1823775,8211834,1822018,8174728,SMBVL,BWM-VL01,SMBV,BWM01V
341,8468818,29223.1,26391.8,8350.0,1823775,8211836,1821899,8173119,SMBVL,BWM-VL05,SMBV,BWM05V
342,8468818,29223.1,26391.8,8350.0,1823775,8211836,1821881,8172927,SMBVL,BWM-VL07,SMBV,BWM07V
343,8468817,28028.6,27659.3,10750.0,1823775,8211883,1821316,8163884,SMBVL,PLNL,SMBV,PLN
344,8468817,28028.6,27659.3,10750.0,1823775,8211883,1824214,8223292,SMBVL,SAADL,SMBV,SAAD
345,8468815,27758.3,27691.1,10850.0,1823775,8211885,1824214,8223290,SMBVL,SAADL,SMBV,SAAD
346,8468814,28820.7,28475.3,14250.0,1823775,8211953,1823554,8206106,SMBVL,excgl,SMBV,excgl
347,8468814,28820.7,28475.3,14250.0,1823775,8211953,1824214,8223223,SMBVL,SAADL,SMBV,SAAD
348,8468813,28783.8,29423.8,16450.0,1823775,8211996,1824214,8223056,SMBVL,SAADL,SMBV,SAAD
349,8468812,28595.9,29448.0,16600.0,1823775,8211999,1824214,8223059,SMBVL,SAADL,SMBV,SAAD
350,8468811,28892.5,29654.7,16700.0,1823775,8212001,1824214,8223061,SMBVL,SAADL,SMBV,SAAD
351,8468806,33691.8,16637.6,11900.0,1820634,8149462,1822574,8187025,SMBDR,SAAVL,SMBD,SAAV
352,8468806,33691.8,16637.6,11900.0,1820634,8149462,1819716,8129288,SMBDR,ALNL,SMBD,ALN
353,8468805,24373.2,13621.2,6800.0,1820634,8149300,1822574,8186997,SMBDR,SAAVL,SMBD,SAAV
354,8468805,24373.2,13621.2,6800.0,1820634,8149300,1822455,8184260,SMBDR,RMHR,SMBD,RMH
355,8468804,27622.1,15013.0,5450.0,1820634,8149328,1821671,8169972,SMBDR,BWM-DL05,SMBD,BWM05D
356,8468804,27622.1,15013.0,5450.0,1820634,8149328,1821659,8169783,SMBDR,BWM-DL07,SMBD,BWM07D
357,8468804,27622.1,15013.0,5450.0,1820634,8149328,1821692,8170260,SMBDR,BWM-DL03,SMBD,BWM03D
358,8468802,28165.7,15280.0,5400.0,1820634,8149497,1820778,8151956,SMBDR,RMED,SMBD,RMED
359,8468802,28165.7,15280.0,5400.0,1820634,8149497,1821637,8169475,SMBDR,BWM-DL01,SMBD,BWM01D
360,8468802,28165.7,15280.0,5400.0,1820634,8149497,1821692,8170251,SMBDR,BWM-DL03,SMBD,BWM03D
361,8468800,27376.2,14920.4,5100.0,1820634,8149503,1821671,8169979,SMBDR,BWM-DL05,SMBD,BWM05D
362,8468800,27376.2,14920.4,5100.0,1820634,8149503,1821659,8169790,SMBDR,BWM-DL07,SMBD,BWM07D
363,8468800,27376.2,14920.4,5100.0,1820634,8149503,1821692,8170263,SMBDR,BWM-DL03,SMBD,BWM03D
364,8468800,27376.2,14920.4,5100.0,1820634,8149503,1820778,8151952,SMBDR,RMED,SMBD,RMED
365,8468799,28332.8,15344.2,5000.0,1820634,8149505,1821692,8170265,SMBDR,BWM-DL03,SMBD,BWM03D
366,8468799,28332.8,15344.2,5000.0,1820634,8149505,1820778,8151950,SMBDR,RMED,SMBD,RMED
367,8468799,28332.8,15344.2,5000.0,1820634,8149505,1821637,8169483,SMBDR,BWM-DL01,SMBD,BWM01D
368,8468798,27807.9,15031.6,4800.0,1820634,8149509,1821692,8170303,SMBDR,BWM-DL03,SMBD,BWM03D
369,8468798,27807.9,15031.6,4800.0,1820634,8149509,1821671,8170024,SMBDR,BWM-DL05,SMBD,BWM05D
370,8468798,27807.9,15031.6,4800.0,1820634,8149509,1820778,8151946,SMBDR,RMED,SMBD,RMED
371,8468797,30426.6,16679.7,5350.0,1820634,8149486,1821485,8166909,SMBDR,BWM-DL08,SMBD,BWM08D
372,8468797,30426.6,16679.7,5350.0,1820634,8149486,1821512,8167745,SMBDR,BWM-DL04,SMBD,BWM04D
373,8468796,30357.1,16536.2,4950.0,1820634,8149494,1821512,8167733,SMBDR,BWM-DL04,SMBD,BWM04D
374,8468795,30070.8,16552.3,4850.0,1820634,8149496,1821497,8167121,SMBDR,BWM-DL06,SMBD,BWM06D
375,8468795,30070.8,16552.3,4850.0,1820634,8149496,1821512,8167738,SMBDR,BWM-DL04,SMBD,BWM04D
376,8468795,30070.8,16552.3,4850.0,1820634,8149496,1821541,8168232,SMBDR,BWM-DL02,SMBD,BWM02D
377,8468795,30070.8,16552.3,4850.0,1820634,8149496,1821512,8167731,SMBDR,BWM-DL04,SMBD,BWM04D
378,8468794,32747.2,17448.5,10350.0,1820634,8149431,1822574,8187020,SMBDR,SAAVL,SMBD,SAAV
379,8468792,32977.9,16248.0,11350.0,1820634,8149451,1822574,8186427,SMBDR,SAAVL,SMBD,SAAV
380,8468791,33100.3,16102.2,11700.0,1820634,8149458,1822574,8186420,SMBDR,SAAVL,SMBD,SAAV
381,8468786,23313.7,14143.8,4550.0,1820615,8148869,1821617,8169233,SMBDL,BWM-DR05,SMBD,BWM05D
382,8468786,23313.7,14143.8,4550.0,1820615,8148869,1821565,8168386,SMBDL,BWM-DR07,SMBD,BWM07D
383,8468786,23313.7,14143.8,4550.0,1820615,8148869,1820778,8151982,SMBDL,RMED,SMBD,RMED
384,8468782,27081.6,13345.5,6800.0,1820615,8148876,1822484,8184767,SMBDL,ADAL,SMBD,ADA
385,8468782,27081.6,13345.5,6800.0,1820615,8148876,1822574,8186573,SMBDL,SAAVL,SMBD,SAAV
386,8468781,22709.4,15092.4,5250.0,1820615,8148855,1821617,8169186,SMBDL,BWM-DR05,SMBD,BWM05D
387,8468781,22709.4,15092.4,5250.0,1820615,8148855,1821595,8168851,SMBDL,BWM-DR03,SMBD,BWM03D
388,8468780,23027.1,14925.2,5100.0,1820615,8148858,1820778,8151992,SMBDL,RMED,SMBD,RMED
389,8468780,23027.1,14925.2,5100.0,1820615,8148858,1821617,8169189,SMBDL,BWM-DR05,SMBD,BWM05D
390,8468780,23027.1,14925.2,5100.0,1820615,8148858,1821595,8168894,SMBDL,BWM-DR03,SMBD,BWM03D
391,8468780,23027.1,14925.2,5100.0,1820615,8148858,1821617,8169228,SMBDL,BWM-DR05,SMBD,BWM05D
392,8468780,23027.1,14925.2,5100.0,1820615,8148858,1821595,8168854,SMBDL,BWM-DR03,SMBD,BWM03D
393,8468778,22648.1,15092.4,4950.0,1820615,8148861,1820778,8151990,SMBDL,RMED,SMBD,RMED
394,8468778,22648.1,15092.4,4950.0,1820615,8148861,1821617,8169225,SMBDL,BWM-DR05,SMBD,BWM05D
395,8468777,23475.5,14318.1,4900.0,1820615,8148862,1821565,8168376,SMBDL,BWM-DR07,SMBD,BWM07D
396,8468777,23475.5,14318.1,4900.0,1820615,8148862,1820778,8151989,SMBDL,RMED,SMBD,RMED
397,8468777,23475.5,14318.1,4900.0,1820615,8148862,1821595,8168890,SMBDL,BWM-DR03,SMBD,BWM03D
398,8468777,23475.5,14318.1,4900.0,1820615,8148862,1821617,8169194,SMBDL,BWM-DR05,SMBD,BWM05D
399,8468776,23278.9,14509.1,4700.0,1820615,8148866,1821595,8168902,SMBDL,BWM-DR03,SMBD,BWM03D
400,8468776,23278.9,14509.1,4700.0,1820615,8148866,1821617,8169230,SMBDL,BWM-DR05,SMBD,BWM05D
401,8468776,23278.9,14509.1,4700.0,1820615,8148866,1820778,8151985,SMBDL,RMED,SMBD,RMED
402,8468774,20578.7,16491.5,5000.0,1820615,8148849,1821378,8165487,SMBDL,BWM-DR04,SMBD,BWM04D
403,8468774,20578.7,16491.5,5000.0,1820615,8148849,1821428,8166238,SMBDL,BWM-DR06,SMBD,BWM06D
404,8468774,20578.7,16491.5,5000.0,1820615,8148849,1821409,8165965,SMBDL,BWM-DR08,SMBD,BWM08D
405,8468772,20743.3,16401.1,4800.0,1820615,8148853,1824277,8224792,SMBDL,RMDDL,SMBD,RMDD
406,8468772,20743.3,16401.1,4800.0,1820615,8148853,1821378,8165483,SMBDL,BWM-DR04,SMBD,BWM04D
407,8468772,20743.3,16401.1,4800.0,1820615,8148853,1821453,8166424,SMBDL,BWM-DR02,SMBD,BWM02D
408,8468771,16603.4,15688.8,11150.0,1820615,8148786,1820522,8146220,SMBDL,SAAVR,SMBD,SAAV
409,8468771,16603.4,15688.8,11150.0,1820615,8148786,1819788,8131101,SMBDL,ALNR,SMBD,ALN
410,8468770,17292.4,15251.5,11150.0,1820615,8148786,1820522,8146220,SMBDL,SAAVR,SMBD,SAAV
411,8468769,16916.0,15140.4,11450.0,1820615,8148792,1820522,8146731,SMBDL,SAAVR,SMBD,SAAV
412,8468767,16752.3,15082.1,11600.0,1820615,8148795,1820522,8146734,SMBDL,SAAVR,SMBD,SAAV
413,8468766,16322.8,15256.9,11700.0,1820615,8148797,1820522,8146736,SMBDL,SAAVR,SMBD,SAAV
414,8468766,16322.8,15256.9,11700.0,1820615,8148797,1819788,8131090,SMBDL,ALNR,SMBD,ALN
415,8468765,15241.4,14719.0,12750.0,1820615,8148818,1820522,8146760,SMBDL,SAAVR,SMBD,SAAV
416,8468765,15241.4,14719.0,12750.0,1820615,8148818,1819788,8131069,SMBDL,ALNR,SMBD,ALN
417,8468756,22289.0,26172.9,10100.0,1819809,8131451,1819774,8130957,SDQR,ALMR,SDQ,ALM
418,8468756,22289.0,26172.9,10100.0,1819809,8131451,1820155,8139626,SDQR,AVBR,SDQ,AVB
419,8468755,24058.5,28642.1,11600.0,1819809,8131496,1823514,8205814,SDQR,RICL,SDQ,RIC
420,8468755,24058.5,28642.1,11600.0,1819809,8131496,1823242,8200308,SDQR,AVBL,SDQ,AVB
421,8468754,24385.1,28917.6,12350.0,1819809,8131516,1822263,8179295,SDQR,DVA,SDQ,DVA
422,8468754,24385.1,28917.6,12350.0,1819809,8131516,1823242,8200323,SDQR,AVBL,SDQ,AVB
423,8468753,24750.9,29402.8,13450.0,1819809,8131538,1822263,8179273,SDQR,DVA,SDQ,DVA
424,8468753,24750.9,29402.8,13450.0,1819809,8131538,1823242,8200345,SDQR,AVBL,SDQ,AVB
425,8468752,24795.9,29447.5,14000.0,1819809,8131665,1822263,8179262,SDQR,DVA,SDQ,DVA
426,8468752,24795.9,29447.5,14000.0,1819809,8131665,1823242,8200356,SDQR,AVBL,SDQ,AVB
427,8468751,28018.1,29129.8,13550.0,1819809,8131552,1823392,8203481,SDQR,RICR,SDQ,RIC
428,8468751,28018.1,29129.8,13550.0,1819809,8131552,1820254,8141239,SDQR,RIML,SDQ,RIM
429,8468751,28018.1,29129.8,13550.0,1819809,8131552,1820155,8139303,SDQR,AVBR,SDQ,AVB
430,8468749,28439.0,28893.3,12800.0,1819809,8131567,1824349,8226208,SDQR,RMGL,SDQ,RMG
431,8468749,28439.0,28893.3,12800.0,1819809,8131567,1820155,8139288,SDQR,AVBR,SDQ,AVB
432,8468748,28685.3,28830.3,12600.0,1819809,8131571,1820155,8139284,SDQR,AVBR,SDQ,AVB
433,8468747,27257.5,28695.3,11600.0,1819809,8131591,1824396,8227350,SDQR,AVAR,SDQ,AVA
434,8468747,27257.5,28695.3,11600.0,1819809,8131591,1819724,8129833,SDQR,SDQL,SDQ,SDQ
435,8468746,28773.5,28795.6,12350.0,1819809,8131607,1820155,8139279,SDQR,AVBR,SDQ,AVB
436,8468746,28773.5,28795.6,12350.0,1819809,8131607,1824349,8226217,SDQR,RMGL,SDQ,RMG
437,8468745,29997.3,27807.2,10650.0,1819809,8131641,1820155,8139245,SDQR,AVBR,SDQ,AVB
438,8468745,29997.3,27807.2,10650.0,1819809,8131641,1824307,8225560,SDQR,SIBVR,SDQ,SIBV
439,8468742,27576.3,29106.9,12200.0,1819724,8129821,1824396,8227362,SDQL,AVAR,SDQ,AVA
440,8468742,27576.3,29106.9,12200.0,1819724,8129821,1822365,8182053,SDQL,RIAL,SDQ,RIA
441,8468741,31642.2,26227.5,8700.0,1819724,8129595,1823242,8200106,SDQL,AVBL,SDQ,AVB
442,8468741,31642.2,26227.5,8700.0,1819724,8129595,1820843,8152722,SDQL,URYVL,SDQ,URYV
443,8468740,26502.5,28941.2,11200.0,1819724,8129845,1823880,8214368,SDQL,RIS,SDQ,RIS
444,8468739,27053.2,29564.5,12500.0,1819724,8129667,1824396,8227368,SDQL,AVAR,SDQ,AVA
445,8468739,27053.2,29564.5,12500.0,1819724,8129667,1820068,8137838,SDQL,AIBR,SDQ,AIB
446,8468739,27053.2,29564.5,12500.0,1819724,8129667,1823914,8215256,SDQL,FLPL,SDQ,FLP
447,8468738,26899.7,29357.2,13550.0,1819724,8129688,1823392,8203481,SDQL,RICR,SDQ,RIC
448,8468738,26899.7,29357.2,13550.0,1819724,8129688,1824396,8227389,SDQL,AVAR,SDQ,AVA
449,8468737,26158.0,28973.6,12150.0,1819724,8129729,1823880,8214334,SDQL,RIS,SDQ,RIS
450,8468736,29021.8,28832.6,11300.0,1819724,8129773,1820155,8139258,SDQL,AVBR,SDQ,AVB
451,8468735,28845.1,28806.6,11650.0,1819724,8129766,1820155,8139265,SDQL,AVBR,SDQ,AVB
452,8468731,34228.9,23494.8,5600.0,1820522,8146652,1824396,8227606,SAAVR,AVAR,SAAV,AVA
453,8468731,34228.9,23494.8,5600.0,1820522,8146652,1820217,8140726,SAAVR,RIMR,SAAV,RIM
454,8468730,35477.3,20116.6,5800.0,1820522,8146378,1820254,8141756,SAAVR,RIML,SAAV,RIM
455,8468730,35477.3,20116.6,5800.0,1820522,8146378,1821278,8162758,SAAVR,OLLL,SAAV,OLL
456,8468728,29243.7,27997.4,8650.0,1820522,8146439,1823121,8197865,SAAVR,SMDDL,SAAV,SMDD
457,8468728,29243.7,27997.4,8650.0,1820522,8146439,1824396,8227292,SAAVR,AVAR,SAAV,AVA
458,8468726,28189.9,28670.9,10750.0,1820522,8146480,1820254,8141295,SAAVR,RIML,SAAV,RIM
459,8468726,28189.9,28670.9,10750.0,1820522,8146480,1824396,8227333,SAAVR,AVAR,SAAV,AVA
460,8468725,35197.6,20746.1,5800.0,1820522,8146378,1820217,8140874,SAAVR,RIMR,SAAV,RIM
461,8468725,35197.6,20746.1,5800.0,1820522,8146378,1824396,8227609,SAAVR,AVAR,SAAV,AVA
462,8468724,34770.8,22532.0,6000.0,1820522,8146662,1824396,8227612,SAAVR,AVAR,SAAV,AVA
463,8468723,35088.8,21779.4,6000.0,1820522,8146373,1824396,8227612,SAAVR,AVAR,SAAV,AVA
464,8468723,35088.8,21779.4,6000.0,1820522,8146373,1820254,8141752,SAAVR,RIML,SAAV,RIM
465,8468722,35174.0,20382.8,5850.0,1820522,8146377,1820217,8140715,SAAVR,RIMR,SAAV,RIM
466,8468722,35174.0,20382.8,5850.0,1820522,8146377,1824396,8227608,SAAVR,AVAR,SAAV,AVA
467,8468721,35242.9,21122.1,5850.0,1820522,8146377,1820217,8140723,SAAVR,RIMR,SAAV,RIM
468,8468721,35242.9,21122.1,5850.0,1820522,8146377,1824396,8227608,SAAVR,AVAR,SAAV,AVA
469,8468720,35168.7,21381.8,5850.0,1820522,8146377,1820254,8141755,SAAVR,RIML,SAAV,RIM
470,8468720,35168.7,21381.8,5850.0,1820522,8146377,1820217,8140723,SAAVR,RIMR,SAAV,RIM
471,8468720,35168.7,21381.8,5850.0,1820522,8146377,1824396,8227608,SAAVR,AVAR,SAAV,AVA
472,8468719,35118.3,21768.7,5850.0,1820522,8146377,1820254,8141755,SAAVR,RIML,SAAV,RIM
473,8468719,35118.3,21768.7,5850.0,1820522,8146377,1820217,8140723,SAAVR,RIMR,SAAV,RIM
474,8468719,35118.3,21768.7,5850.0,1820522,8146377,1824396,8227608,SAAVR,AVAR,SAAV,AVA
475,8468718,34900.3,22213.5,5850.0,1820522,8146377,1820254,8141755,SAAVR,RIML,SAAV,RIM
476,8468718,34900.3,22213.5,5850.0,1820522,8146377,1820217,8140723,SAAVR,RIMR,SAAV,RIM
477,8468718,34900.3,22213.5,5850.0,1820522,8146377,1824396,8227608,SAAVR,AVAR,SAAV,AVA
478,8468717,34425.9,22767.8,5800.0,1820522,8146379,1820217,8140723,SAAVR,RIMR,SAAV,RIM
479,8468717,34425.9,22767.8,5800.0,1820522,8146379,1824396,8227603,SAAVR,AVAR,SAAV,AVA
480,8468715,32786.2,25221.3,6100.0,1820522,8146388,1823121,8197927,SAAVR,SMDDL,SAAV,SMDD
481,8468715,32786.2,25221.3,6100.0,1820522,8146388,1824396,8227241,SAAVR,AVAR,SAAV,AVA
482,8468714,33220.4,24911.4,6100.0,1820522,8146388,1820254,8141769,SAAVR,RIML,SAAV,RIM
483,8468714,33220.4,24911.4,6100.0,1820522,8146388,1824396,8227241,SAAVR,AVAR,SAAV,AVA
484,8468713,32693.2,25388.5,6150.0,1820522,8146389,1824396,8227242,SAAVR,AVAR,SAAV,AVA
485,8468713,32693.2,25388.5,6150.0,1820522,8146389,1823121,8197926,SAAVR,SMDDL,SAAV,SMDD
486,8468712,32489.3,25836.6,6300.0,1820522,8146392,1824396,8227245,SAAVR,AVAR,SAAV,AVA
487,8468712,32489.3,25836.6,6300.0,1820522,8146392,1823121,8197923,SAAVR,SMDDL,SAAV,SMDD
488,8468712,32489.3,25836.6,6300.0,1820522,8146392,1820217,8140752,SAAVR,RIMR,SAAV,RIM
489,8468711,32310.6,26019.2,6550.0,1820522,8146397,1823121,8197910,SAAVR,SMDDL,SAAV,SMDD
490,8468711,32310.6,26019.2,6550.0,1820522,8146397,1824396,8227250,SAAVR,AVAR,SAAV,AVA
491,8468710,32498.7,25913.2,6550.0,1820522,8146397,1820254,8141377,SAAVR,RIML,SAAV,RIM
492,8468710,32498.7,25913.2,6550.0,1820522,8146397,1824396,8227250,SAAVR,AVAR,SAAV,AVA
493,8468709,31649.1,26692.4,6950.0,1820522,8146405,1820254,8141369,SAAVR,RIML,SAAV,RIM
494,8468709,31649.1,26692.4,6950.0,1820522,8146405,1823728,8210677,SAAVR,RMFL,SAAV,RMF
495,8468708,30999.4,27020.6,7400.0,1820522,8146414,1824396,8227267,SAAVR,AVAR,SAAV,AVA
496,8468708,30999.4,27020.6,7400.0,1820522,8146414,1820254,8141360,SAAVR,RIML,SAAV,RIM
497,8468707,29735.6,27680.3,8350.0,1820522,8146433,1823121,8197871,SAAVR,SMDDL,SAAV,SMDD
498,8468707,29735.6,27680.3,8350.0,1820522,8146433,1824396,8227286,SAAVR,AVAR,SAAV,AVA
499,8468707,29735.6,27680.3,8350.0,1820522,8146433,1820254,8141342,SAAVR,RIML,SAAV,RIM
500,8468706,29616.9,27877.0,8450.0,1820522,8146435,1824396,8227288,SAAVR,AVAR,SAAV,AVA
501,8468706,29616.9,27877.0,8450.0,1820522,8146435,1820254,8141340,SAAVR,RIML,SAAV,RIM
502,8468704,29049.2,28518.3,8800.0,1820522,8146442,1823121,8197844,SAAVR,SMDDL,SAAV,SMDD
503,8468704,29049.2,28518.3,8800.0,1820522,8146442,1820254,8141333,SAAVR,RIML,SAAV,RIM
504,8468703,29038.6,28043.7,8900.0,1820522,8146444,1823121,8197842,SAAVR,SMDDL,SAAV,SMDD
505,8468703,29038.6,28043.7,8900.0,1820522,8146444,1824396,8227297,SAAVR,AVAR,SAAV,AVA
506,8468702,28807.9,28072.8,9200.0,1820522,8146450,1823121,8197836,SAAVR,SMDDL,SAAV,SMDD
507,8468702,28807.9,28072.8,9200.0,1820522,8146450,1824396,8227303,SAAVR,AVAR,SAAV,AVA
508,8468701,27952.5,28581.9,10450.0,1820522,8146474,1820217,8140839,SAAVR,RIMR,SAAV,RIM
509,8468701,27952.5,28581.9,10450.0,1820522,8146474,1823121,8197812,SAAVR,SMDDL,SAAV,SMDD
510,8468701,27952.5,28581.9,10450.0,1820522,8146474,1824396,8227327,SAAVR,AVAR,SAAV,AVA
511,8468699,28137.9,28730.7,10550.0,1820522,8146476,1820068,8137776,SAAVR,AIBR,SAAV,AIB
512,8468699,28137.9,28730.7,10550.0,1820522,8146476,1820254,8141299,SAAVR,RIML,SAAV,RIM
513,8468699,28137.9,28730.7,10550.0,1820522,8146476,1820217,8140841,SAAVR,RIMR,SAAV,RIM
514,8468699,28137.9,28730.7,10550.0,1820522,8146476,1824396,8227329,SAAVR,AVAR,SAAV,AVA
515,8468697,32350.0,16133.2,5750.0,1824100,8220801,1820217,8140694,SAADR,RIMR,SAAD,RIM
516,8468697,32350.0,16133.2,5750.0,1824100,8220801,1824396,8227632,SAADR,AVAR,SAAD,AVA
517,8468696,32609.7,16475.1,5750.0,1824100,8220801,1820217,8140706,SAADR,RIMR,SAAD,RIM
518,8468696,32609.7,16475.1,5750.0,1824100,8220801,1824396,8227632,SAADR,AVAR,SAAD,AVA
519,8468695,33218.8,17102.5,5750.0,1824100,8220801,1824396,8227632,SAADR,AVAR,SAAD,AVA
520,8468695,33218.8,17102.5,5750.0,1824100,8220801,1820217,8140713,SAADR,RIMR,SAAD,RIM
521,8468694,28604.2,13420.5,6550.0,1824100,8220954,1820254,8141697,SAADR,RIML,SAAD,RIM
522,8468694,28604.2,13420.5,6550.0,1824100,8220954,1824396,8227214,SAADR,AVAR,SAAD,AVA
523,8468693,29261.3,13635.3,6550.0,1824100,8220954,1820254,8141697,SAADR,RIML,SAAD,RIM
524,8468693,29261.3,13635.3,6550.0,1824100,8220954,1824396,8227214,SAADR,AVAR,SAAD,AVA
525,8468692,29842.1,13916.3,6550.0,1824100,8220954,1820254,8141697,SAADR,RIML,SAAD,RIM
526,8468692,29842.1,13916.3,6550.0,1824100,8220954,1824396,8227214,SAADR,AVAR,SAAD,AVA
527,8468692,29842.1,13916.3,6550.0,1824100,8220954,1820552,8147538,SAADR,SMDVL,SAAD,SMDV
528,8468691,32154.9,15543.8,6250.0,1824100,8220789,1820254,8141397,SAADR,RIML,SAAD,RIM
529,8468691,32154.9,15543.8,6250.0,1824100,8220789,1824396,8227225,SAADR,AVAR,SAAD,AVA
530,8468690,33323.5,17022.0,6100.0,1824100,8220793,1824396,8227228,SAADR,AVAR,SAAD,AVA
531,8468690,33323.5,17022.0,6100.0,1824100,8220793,1820254,8141709,SAADR,RIML,SAAD,RIM
532,8468689,32862.5,16540.2,6100.0,1824100,8220793,1820254,8141709,SAADR,RIML,SAAD,RIM
533,8468689,32862.5,16540.2,6100.0,1824100,8220793,1824396,8227228,SAADR,AVAR,SAAD,AVA
534,8468688,34023.8,17727.1,6000.0,1824100,8220807,1820254,8141711,SAADR,RIML,SAAD,RIM
535,8468688,34023.8,17727.1,6000.0,1824100,8220807,1824396,8227622,SAADR,AVAR,SAAD,AVA
536,8468687,34208.9,17944.8,6050.0,1824100,8220808,1820254,8141711,SAADR,RIML,SAAD,RIM
537,8468687,34208.9,17944.8,6050.0,1824100,8220808,1824396,8227623,SAADR,AVAR,SAAD,AVA
538,8468686,34587.7,18671.0,6050.0,1824100,8220808,1820217,8140716,SAADR,RIMR,SAAD,RIM
539,8468686,34587.7,18671.0,6050.0,1824100,8220808,1820254,8141393,SAADR,RIML,SAAD,RIM
540,8468686,34587.7,18671.0,6050.0,1824100,8220808,1824396,8227623,SAADR,AVAR,SAAD,AVA
541,8468685,34396.9,18411.3,6100.0,1824100,8220809,1820254,8141709,SAADR,RIML,SAAD,RIM
542,8468685,34396.9,18411.3,6100.0,1824100,8220809,1824396,8227624,SAADR,AVAR,SAAD,AVA
543,8468685,34396.9,18411.3,6100.0,1824100,8220809,1820217,8140716,SAADR,RIMR,SAAD,RIM
544,8468683,34309.4,18233.8,6100.0,1824100,8220809,1820217,8140716,SAADR,RIMR,SAAD,RIM
545,8468683,34309.4,18233.8,6100.0,1824100,8220809,1824396,8227624,SAADR,AVAR,SAAD,AVA
546,8468683,34309.4,18233.8,6100.0,1824100,8220809,1820254,8141709,SAADR,RIML,SAAD,RIM
547,8468678,24313.6,12307.7,6650.0,1824214,8223460,1820590,8148218,SAADL,SMDVR,SAAD,SMDV
548,8468678,24313.6,12307.7,6650.0,1824214,8223460,1820217,8140671,SAADL,RIMR,SAAD,RIM
549,8468677,22656.7,12835.2,5800.0,1824214,8223678,1820590,8147692,SAADL,SMDVR,SAAD,SMDV
550,8468677,22656.7,12835.2,5800.0,1824214,8223678,1820254,8141660,SAADL,RIML,SAAD,RIM
551,8468676,23006.5,12822.0,5800.0,1824214,8223678,1820254,8141660,SAADL,RIML,SAAD,RIM
552,8468676,23006.5,12822.0,5800.0,1824214,8223678,1820590,8147692,SAADL,SMDVR,SAAD,SMDV
553,8468675,18968.3,14726.9,6450.0,1824214,8223663,1820217,8140645,SAADL,RIMR,SAAD,RIM
554,8468675,18968.3,14726.9,6450.0,1824214,8223663,1820190,8139827,SAADL,AVAL,SAAD,AVA
555,8468673,20166.3,13993.2,6600.0,1824214,8223666,1820190,8139823,SAADL,AVAL,SAAD,AVA
556,8468672,20479.0,13797.1,6600.0,1824214,8223666,1820190,8139823,SAADL,AVAL,SAAD,AVA
557,8468671,20822.4,13548.1,6550.0,1824214,8223665,1820590,8148216,SAADL,SMDVR,SAAD,SMDV
558,8468671,20822.4,13548.1,6550.0,1824214,8223665,1820190,8139821,SAADL,AVAL,SAAD,AVA
559,8468670,18117.1,15556.4,6200.0,1824214,8223474,1820217,9641152,SAADL,RIMR,SAAD,RIM
560,8468670,18117.1,15556.4,6200.0,1824214,8223474,1820190,8139833,SAADL,AVAL,SAAD,AVA
561,8468669,18294.9,15493.3,5800.0,1824214,8223482,1820190,8140215,SAADL,AVAL,SAAD,AVA
562,8468669,18294.9,15493.3,5800.0,1824214,8223482,1820254,8141446,SAADL,RIML,SAAD,RIM
563,8468668,18550.0,15187.8,5900.0,1824214,8223480,1820190,8140213,SAADL,AVAL,SAAD,AVA
564,8468668,18550.0,15187.8,5900.0,1824214,8223480,1820254,8141444,SAADL,RIML,SAAD,RIM
565,8468667,16402.2,18259.8,6000.0,1824214,8223485,1820190,8139846,SAADL,AVAL,SAAD,AVA
566,8468667,16402.2,18259.8,6000.0,1824214,8223485,1820217,8140639,SAADL,RIMR,SAAD,RIM
567,8468666,16555.9,17920.6,6000.0,1824214,8223485,1820217,8140639,SAADL,RIMR,SAAD,RIM
568,8468666,16555.9,17920.6,6000.0,1824214,8223485,1820190,8139846,SAADL,AVAL,SAAD,AVA
569,8468665,17293.1,16271.8,5750.0,1824214,8223651,1820190,8140215,SAADL,AVAL,SAAD,AVA
570,8468665,17293.1,16271.8,5750.0,1824214,8223651,1820254,8141452,SAADL,RIML,SAAD,RIM
571,8468664,16777.0,16656.3,5750.0,1824214,8223651,1822686,8189028,SAADL,RMFR,SAAD,RMF
572,8468664,16777.0,16656.3,5750.0,1824214,8223651,1821212,8161191,SAADL,OLLR,SAAD,OLL
573,8468663,16464.0,17136.0,5750.0,1824214,8223651,1821212,8161176,SAADL,OLLR,SAAD,OLL
574,8468663,16464.0,17136.0,5750.0,1824214,8223651,1822686,8189406,SAADL,RMFR,SAAD,RMF
575,8468662,16593.5,18092.9,5850.0,1824214,8223649,1820254,8141631,SAADL,RIML,SAAD,RIM
576,8468662,16593.5,18092.9,5850.0,1824214,8223649,1820190,8140211,SAADL,AVAL,SAAD,AVA
577,8468661,16739.4,17620.9,5900.0,1824214,8223648,1820254,8141631,SAADL,RIML,SAAD,RIM
578,8468661,16739.4,17620.9,5900.0,1824214,8223648,1820190,8139848,SAADL,AVAL,SAAD,AVA
579,8468660,16977.9,17014.1,5900.0,1824214,8223648,1820254,8141631,SAADL,RIML,SAAD,RIM
580,8468660,16977.9,17014.1,5900.0,1824214,8223648,1820190,8140213,SAADL,AVAL,SAAD,AVA
581,8468659,16909.5,17231.2,6200.0,1824214,8223489,1820217,8140635,SAADL,RIMR,SAAD,RIM
582,8468659,16909.5,17231.2,6200.0,1824214,8223489,1820190,8139836,SAADL,AVAL,SAAD,AVA
583,8468658,16946.5,16876.6,6250.0,1824214,8223490,1820217,8140641,SAADL,RIMR,SAAD,RIM
584,8468658,16946.5,16876.6,6250.0,1824214,8223490,1820190,8139837,SAADL,AVAL,SAAD,AVA
585,8468657,17137.5,16433.8,6300.0,1824214,8223491,1820217,8140946,SAADL,RIMR,SAAD,RIM
586,8468657,17137.5,16433.8,6300.0,1824214,8223491,1820190,8139838,SAADL,AVAL,SAAD,AVA
587,8468656,17224.7,16224.0,6350.0,1824214,8223492,1820217,8140643,SAADL,RIMR,SAAD,RIM
588,8468646,31954.7,18757.3,7400.0,1822455,8184215,1821140,8159331,RMHR,CEPDL,RMH,CEPD
589,8468651,31999.7,18963.2,5400.0,1822455,8184154,1820449,8145441,RMHR,RMDL,RMH,RMDL/R
590,8468651,31999.7,18963.2,5400.0,1822455,8184154,1821956,8174119,RMHR,BWM-VL04,RMH,BWM04V
591,8468651,31999.7,18963.2,5400.0,1822455,8184154,1821541,8167947,RMHR,BWM-DL02,RMH,BWM02D
592,8468650,31875.9,19029.9,5850.0,1822455,8184166,1820413,8144693,RMHR,RMDR,RMH,RMDL/R
593,8468650,31875.9,19029.9,5850.0,1822455,8184166,1821541,8167956,RMHR,BWM-DL02,RMH,BWM02D
594,8468649,31655.2,17929.6,6500.0,1822455,8184181,1821497,8167089,RMHR,BWM-DL06,RMH,BWM06D
595,8468649,31655.2,17929.6,6500.0,1822455,8184181,1822686,8189137,RMHR,RMFR,RMH,RMF
596,8468648,31801.7,18465.0,6800.0,1822455,8184203,1821956,8174040,RMHR,BWM-VL04,RMH,BWM04V
597,8468648,31801.7,18465.0,6800.0,1822455,8184203,1821140,8159352,RMHR,CEPDL,RMH,CEPD
598,8468648,31801.7,18465.0,6800.0,1822455,8184203,1822686,8189143,RMHR,RMFR,RMH,RMF
599,8468647,31833.3,18462.8,7100.0,1822455,8184209,1821140,8159346,RMHR,CEPDL,RMH,CEPD
600,8468647,31833.3,18462.8,7100.0,1822455,8184209,1821956,8174046,RMHR,BWM-VL04,RMH,BWM04V
601,8468647,31833.3,18462.8,7100.0,1822455,8184209,1821512,8167378,RMHR,BWM-DL04,RMH,BWM04D
602,8467234,34739.2,22129.2,4800.0,1824194,8222952,1819915,8134483,RIGL,AVKR,RIG,AVK
603,8467234,34739.2,22129.2,4800.0,1824194,8222952,1822455,8184034,RIGL,RMHR,RIG,RMH
604,8468645,34713.4,21173.6,4800.0,1822455,8184034,1819915,8134469,RMHR,AVKR,RMH,AVK
605,8468644,32199.1,21766.9,5050.0,1822455,8184141,1824349,8226427,RMHR,RMGL,RMH,RMG
606,8468644,32199.1,21766.9,5050.0,1822455,8184141,1821956,8174225,RMHR,BWM-VL04,RMH,BWM04V
607,8468644,32199.1,21766.9,5050.0,1822455,8184141,1821989,8174477,RMHR,BWM-VL02,RMH,BWM02V
608,8468642,32134.9,21590.0,5750.0,1822455,8184055,1821989,8174449,RMHR,BWM-VL02,RMH,BWM02V
609,8468642,32134.9,21590.0,5750.0,1822455,8184055,1821235,8161839,RMHR,IL1L,RMH,IL1L/R
610,8468642,32134.9,21590.0,5750.0,1822455,8184055,1820449,8144996,RMHR,RMDL,RMH,RMDL/R
611,8468641,32116.4,21791.4,5850.0,1822455,8184057,1821989,8174447,RMHR,BWM-VL02,RMH,BWM02V
612,8468641,32116.4,21791.4,5850.0,1822455,8184057,1821956,8174068,RMHR,BWM-VL04,RMH,BWM04V
613,8468641,32116.4,21791.4,5850.0,1822455,8184057,1820449,8144994,RMHR,RMDL,RMH,RMDL/R
614,8468639,32111.1,21679.4,6200.0,1822455,8184064,1821989,8174440,RMHR,BWM-VL02,RMH,BWM02V
615,8468639,32111.1,21679.4,6200.0,1822455,8184064,1820449,8144985,RMHR,RMDL,RMH,RMDL/R
616,8468638,32225.3,21433.8,6750.0,1822455,8184075,1821956,8174050,RMHR,BWM-VL04,RMH,BWM04V
617,8468638,32225.3,21433.8,6750.0,1822455,8184075,1821512,8167758,RMHR,BWM-DL04,RMH,BWM04D
618,8468638,32225.3,21433.8,6750.0,1822455,8184075,1820413,8144564,RMHR,RMDR,RMH,RMDL/R
619,8468638,32225.3,21433.8,6750.0,1822455,8184075,1821956,8174147,RMHR,BWM-VL04,RMH,BWM04V
620,8468637,32304.7,21351.5,7000.0,1822455,8184080,1821512,8167753,RMHR,BWM-DL04,RMH,BWM04D
621,8468637,32304.7,21351.5,7000.0,1822455,8184080,1820413,8144569,RMHR,RMDR,RMH,RMDL/R
622,8468637,32304.7,21351.5,7000.0,1822455,8184080,1822686,8189158,RMHR,RMFR,RMH,RMF
623,8468634,18742.1,19233.1,4950.0,1822505,8185450,1820413,8144382,RMHL,RMDR,RMH,RMDL/R
624,8468634,18742.1,19233.1,4950.0,1822505,8185450,1821453,8166665,RMHL,BWM-DR02,RMH,BWM02D
625,8468633,18805.2,19329.1,5100.0,1822505,8185447,1821378,8165453,RMHL,BWM-DR04,RMH,BWM04D
626,8468633,18805.2,19329.1,5100.0,1822505,8185447,1821453,8166670,RMHL,BWM-DR02,RMH,BWM02D
627,8468633,18805.2,19329.1,5100.0,1822505,8185447,1820413,8144725,RMHL,RMDR,RMH,RMDL/R
628,8468631,17490.4,21363.8,4550.0,1822505,8185376,1824134,8221547,RMHL,RIGR,RMH,RIG
629,8468631,17490.4,21363.8,4550.0,1822505,8185376,1824491,8229658,RMHL,AVKL,RMH,AVK
630,8468630,19759.2,22079.1,5350.0,1822505,8185285,1820413,9644561,RMHL,RMDR,RMH,RMDL/R
631,8468630,19759.2,22079.1,5350.0,1822505,8185285,1821796,8171766,RMHL,BWM-VR02,RMH,BWM02V
632,8468630,19759.2,22079.1,5350.0,1822505,8185285,1821378,8165473,RMHL,BWM-DR04,RMH,BWM04D
633,8468629,19576.9,21867.4,5700.0,1822505,8185299,1821796,8171783,RMHL,BWM-VR02,RMH,BWM02V
634,8468629,19576.9,21867.4,5700.0,1822505,8185299,1820413,8144356,RMHL,RMDR,RMH,RMDL/R
635,8468628,19677.5,22106.1,6100.0,1822505,8185307,1823728,8210906,RMHL,RMFL,RMH,RMF
636,8468628,19677.5,22106.1,6100.0,1822505,8185307,1820413,8144348,RMHL,RMDR,RMH,RMDL/R
637,8468628,19677.5,22106.1,6100.0,1822505,8185307,1821796,8171791,RMHL,BWM-VR02,RMH,BWM02V
638,8468627,19601.8,21697.8,6950.0,1822505,8185357,1819092,8120852,RMHL,NRfragment,RMH,NRfragment
639,8468621,17805.5,17311.6,7950.0,1819857,8132997,1820155,8139095,RMGR,AVBR,RMG,AVB
640,8468618,19599.5,23587.6,6550.0,1819857,8133073,1820449,8145244,RMGR,RMDL,RMG,RMDL/R
641,8468618,19599.5,23587.6,6550.0,1819857,8133073,1822793,8191341,RMGR,SIBDR,RMG,SIBD
642,8468618,19599.5,23587.6,6550.0,1819857,8133073,1822455,8183912,RMGR,RMHR,RMG,RMH
643,8468617,19193.3,23242.3,5250.0,1819857,8133229,1821769,8171492,RMGR,BWM-VR06,RMG,BWM06V
644,8468617,19193.3,23242.3,5250.0,1819857,8133229,1821733,8170926,RMGR,BWM-VR04,RMG,BWM04V
645,8468614,18062.7,17287.8,8750.0,1819857,8133455,1823601,8207880,RMGR,SIADL,RMG,SIAD
646,8468614,18062.7,17287.8,8750.0,1819857,8133455,1823121,8198094,RMGR,SMDDL,RMG,SMDD
647,8468613,18674.2,21851.8,9050.0,1819857,8132969,1823320,8201701,RMGR,ASHR,RMG,ASH
648,8468613,18674.2,21851.8,9050.0,1819857,8132969,1823698,8209799,RMGR,SMBVR,RMG,SMBV
649,8468612,17294.1,18335.4,7350.0,1819857,8133009,1820689,8150214,RMGR,RMDVR,RMG,RMDV
650,8468612,17294.1,18335.4,7350.0,1819857,8133009,1823242,8200190,RMGR,AVBL,RMG,AVB
651,8468612,17294.1,18335.4,7350.0,1819857,8133009,1820298,8141983,RMGR,AVER,RMG,AVE
652,8468611,18514.3,18015.0,8550.0,1819857,8133378,1819774,8130912,RMGR,ALMR,RMG,ALM
653,8468611,18514.3,18015.0,8550.0,1819857,8133378,1819330,8121768,RMGR,PVNR,RMG,PVN
654,8468611,18514.3,18015.0,8550.0,1819857,8133378,1823838,8213653,RMGR,RIFR,RMG,RIF
655,8468610,18571.0,21819.8,5600.0,1819857,8133087,1823988,8218053,RMGR,PLNR,RMG,PLN
656,8468610,18571.0,21819.8,5600.0,1819857,8133087,1820449,8145271,RMGR,RMDL,RMG,RMDL/R
657,8468609,17600.7,19480.2,5400.0,1819857,8133091,1820449,8145263,RMGR,RMDL,RMG,RMDL/R
658,8468609,17600.7,19480.2,5400.0,1819857,8133091,1820689,8150253,RMGR,RMDVR,RMG,RMDV
659,8468608,20347.9,23468.3,6550.0,1819857,8133277,1821733,8170829,RMGR,BWM-VR04,RMG,BWM04V
660,8468608,20347.9,23468.3,6550.0,1819857,8133277,1821769,8171288,RMGR,BWM-VR06,RMG,BWM06V
661,8468607,19119.1,23597.4,5200.0,1819857,8133228,1820413,8144748,RMGR,RMDR,RMG,RMDL/R
662,8468607,19119.1,23597.4,5200.0,1819857,8133228,1821769,8171493,RMGR,BWM-VR06,RMG,BWM06V
663,8468607,19119.1,23597.4,5200.0,1819857,8133228,1821733,8170905,RMGR,BWM-VR04,RMG,BWM04V
664,8468606,19253.7,23491.7,5350.0,1819857,8133231,1821769,8171490,RMGR,BWM-VR06,RMG,BWM06V
665,8468606,19253.7,23491.7,5350.0,1819857,8133231,1821733,8170902,RMGR,BWM-VR04,RMG,BWM04V
666,8468605,19307.3,23372.8,5550.0,1819857,8133242,1821769,8171514,RMGR,BWM-VR06,RMG,BWM06V
667,8468605,19307.3,23372.8,5550.0,1819857,8133242,1821719,8170623,RMGR,BWM-VR08,RMG,BWM08V
668,8468605,19307.3,23372.8,5550.0,1819857,8133242,1821769,8171525,RMGR,BWM-VR06,RMG,BWM06V
669,8468604,20091.1,22786.5,5600.0,1819857,8133243,1821719,8170622,RMGR,BWM-VR08,RMG,BWM08V
670,8468604,20091.1,22786.5,5600.0,1819857,8133243,1821769,8171420,RMGR,BWM-VR06,RMG,BWM06V
671,8468603,17693.6,19787.5,4950.0,1819857,8133100,1822365,8182399,RMGR,RIAL,RMG,RIA
672,8468603,17693.6,19787.5,4950.0,1819857,8133100,1820689,8150262,RMGR,RMDVR,RMG,RMDV
673,8468602,17452.8,18730.2,5100.0,1819857,8133097,1820689,8150259,RMGR,RMDVR,RMG,RMDV
674,8468602,17452.8,18730.2,5100.0,1819857,8133097,1820449,8145319,RMGR,RMDL,RMG,RMDL/R
675,8468601,19061.0,17831.7,4700.0,1819857,8133109,1821428,8166132,RMGR,BWM-DR06,RMG,BWM06D
676,8468601,19061.0,17831.7,4700.0,1819857,8133109,1821409,8165905,RMGR,BWM-DR08,RMG,BWM08D
677,8468600,19082.2,17333.5,4700.0,1819857,8133109,1821428,8166112,RMGR,BWM-DR06,RMG,BWM06D
678,8468600,19082.2,17333.5,4700.0,1819857,8133109,1821428,8166132,RMGR,BWM-DR06,RMG,BWM06D
679,8468600,19082.2,17333.5,4700.0,1819857,8133109,1821428,8166118,RMGR,BWM-DR06,RMG,BWM06D
680,8468599,19114.2,17600.9,4950.0,1819857,8133127,1821409,8165897,RMGR,BWM-DR08,RMG,BWM08D
681,8468599,19114.2,17600.9,4950.0,1819857,8133127,1821428,8166288,RMGR,BWM-DR06,RMG,BWM06D
682,8468596,18891.9,17089.7,5250.0,1819857,8133133,1820449,8145075,RMGR,RMDL,RMG,RMDL/R
683,8468596,18891.9,17089.7,5250.0,1819857,8133133,1821428,9644557,RMGR,BWM-DR06,RMG,BWM06D
684,8468596,18891.9,17089.7,5250.0,1819857,8133133,1821428,8166128,RMGR,BWM-DR06,RMG,BWM06D
685,8468596,18891.9,17089.7,5250.0,1819857,8133133,1821428,8166279,RMGR,BWM-DR06,RMG,BWM06D
686,8468594,20108.3,16888.3,5850.0,1819857,8133207,1820969,8155970,RMGR,CEPDR,RMG,CEPD
687,8468594,20108.3,16888.3,5850.0,1819857,8133207,1821409,8165945,RMGR,BWM-DR08,RMG,BWM08D
688,8468593,18806.4,19124.1,5600.0,1822505,8185388,1820449,8145358,RMHL,RMDL,RMH,RMDL/R
689,8468593,18806.4,19124.1,5600.0,1822505,8185388,1821733,8171116,RMHL,BWM-VR04,RMH,BWM04V
690,8468593,18806.4,19124.1,5600.0,1822505,8185388,1821453,8166680,RMHL,BWM-DR02,RMH,BWM02D
691,8468593,18806.4,19124.1,5600.0,1822505,8185388,1819857,8133153,RMHL,RMGR,RMH,RMG
692,8468592,19007.8,18784.9,5600.0,1819857,8133153,1822505,8185388,RMGR,RMHL,RMG,RMH
693,8468592,19007.8,18784.9,5600.0,1819857,8133153,1821733,8171114,RMGR,BWM-VR04,RMG,BWM04V
694,8468592,19007.8,18784.9,5600.0,1819857,8133153,1821453,8166680,RMGR,BWM-DR02,RMG,BWM02D
695,8468591,18957.5,18639.8,5150.0,1819857,8133181,1821733,8171144,RMGR,BWM-VR04,RMG,BWM04V
696,8468591,18957.5,18639.8,5150.0,1819857,8133181,1821378,8165452,RMGR,BWM-DR04,RMG,BWM04D
697,8468591,18957.5,18639.8,5150.0,1819857,8133181,1822505,8185446,RMGR,RMHL,RMG,RMH
698,8468591,18957.5,18639.8,5150.0,1819857,8133181,1821453,8166671,RMGR,BWM-DR02,RMG,BWM02D
699,8467421,28186.7,29238.2,10650.0,1820254,8141297,1820068,8137801,RIML,AIBR,RIM,AIB
700,8467421,28186.7,29238.2,10650.0,1820254,8141297,1820298,8142286,RIML,AVER,RIM,AVE
701,8467420,28601.4,28694.9,10150.0,1820254,8141307,1820522,8146468,RIML,SAAVR,RIM,SAAV
702,8467420,28601.4,28694.9,10150.0,1820254,8141307,1823728,8210615,RIML,RMFL,RIM,RMF
703,8467418,28821.6,28599.3,9300.0,1820254,8141323,1823121,8197834,RIML,SMDDL,RIM,SMDD
704,8467418,28821.6,28599.3,9300.0,1820254,8141323,1820522,8146452,RIML,SAAVR,RIM,SAAV
705,8467418,28821.6,28599.3,9300.0,1820254,8141323,1823728,8210631,RIML,RMFL,RIM,RMF
706,8467417,29333.2,28811.1,8650.0,1820254,8141336,1820298,8142247,RIML,AVER,RIM,AVE
707,8467417,29333.2,28811.1,8650.0,1820254,8141336,1820068,8137733,RIML,AIBR,RIM,AIB
708,8467416,31547.8,26725.1,7050.0,1820254,8141367,1823728,8210675,RIML,RMFL,RIM,RMF
709,8467416,31547.8,26725.1,7050.0,1820254,8141367,1820522,8146407,RIML,SAAVR,RIM,SAAV
710,8467414,34219.9,23305.4,6400.0,1820254,8141760,1820155,8139168,RIML,AVBR,RIM,AVB
711,8467414,34219.9,23305.4,6400.0,1820254,8141760,1820068,8137667,RIML,AIBR,RIM,AIB
712,8467413,35637.2,20330.8,6800.0,1820254,8141721,1820068,8137627,RIML,AIBR,RIM,AIB
713,8467413,35637.2,20330.8,6800.0,1820254,8141721,1823055,8196424,RIML,RIBL,RIM,RIB
714,8467412,35788.5,20696.9,6950.0,1820254,8141724,1820068,8137630,RIML,AIBR,RIM,AIB
715,8467412,35788.5,20696.9,6950.0,1820254,8141724,1823055,8196421,RIML,RIBL,RIM,RIB
716,8467411,35769.9,20906.1,7150.0,1820254,8141728,1823055,8196417,RIML,RIBL,RIM,RIB
717,8467411,35769.9,20906.1,7150.0,1820254,8141728,1820068,8137634,RIML,AIBR,RIM,AIB
718,8467410,35987.4,21139.8,7450.0,1820254,8141734,1820068,8137640,RIML,AIBR,RIM,AIB
719,8467410,35987.4,21139.8,7450.0,1820254,8141734,1823055,8196411,RIML,RIBL,RIM,RIB
720,8467408,30496.3,13961.8,6550.0,1820254,8141409,1820552,8147537,RIML,SMDVL,RIM,SMDV
721,8467408,30496.3,13961.8,6550.0,1820254,8141409,1824100,8220954,RIML,SAADR,RIM,SAAD
722,8467407,27705.3,12855.0,6600.0,1820254,8141696,1824100,8220780,RIML,SAADR,RIM,SAAD
723,8467406,22951.6,12508.8,5950.0,1820254,8141657,1822686,8189062,RIML,RMFR,RIM,RMF
724,8467406,22951.6,12508.8,5950.0,1820254,8141657,1824214,8223675,RIML,SAADL,RIM,SAAD
725,8467405,24265.9,12452.2,5500.0,1820254,8141669,1820590,8147698,RIML,SMDVR,RIM,SMDV
726,8467405,24265.9,12452.2,5500.0,1820254,8141669,1823121,8198217,RIML,SMDDL,RIM,SMDD
727,8467404,25023.6,12359.6,5150.0,1820254,8141676,1823121,8198202,RIML,SMDDL,RIM,SMDD
728,8467404,25023.6,12359.6,5150.0,1820254,8141676,1823601,8207797,RIML,SIADL,RIM,SIAD
729,8467403,19443.0,14479.7,6150.0,1820254,8141439,1824214,8223475,RIML,SAADL,RIM,SAAD
730,8467403,19443.0,14479.7,6150.0,1820254,8141439,1820590,8147685,RIML,SMDVR,RIM,SMDV
731,8467402,20492.6,13457.1,6100.0,1820254,8141438,1820590,8147686,RIML,SMDVR,RIM,SMDV
732,8467402,20492.6,13457.1,6100.0,1820254,8141438,1824214,8223672,RIML,SAADL,RIM,SAAD
733,8467401,19074.4,14718.9,6050.0,1820254,8141441,1824214,8223477,RIML,SAADL,RIM,SAAD
734,8467401,19074.4,14718.9,6050.0,1820254,8141441,1824100,8220751,RIML,SAADR,RIM,SAAD
735,8467400,18886.8,16271.3,5200.0,1820254,8141640,1820449,8145366,RIML,RMDL,RIM,RMDL/R
736,8467400,18886.8,16271.3,5200.0,1820254,8141640,1821409,8165976,RIML,BWM-DR08,RIM,BWM08D
737,8467400,18886.8,16271.3,5200.0,1820254,8141640,1821428,8166267,RIML,BWM-DR06,RIM,BWM06D
738,8467399,19644.3,15128.7,4950.0,1820254,8141645,1820449,8145379,RIML,RMDL,RIM,RMDL/R
739,8467399,19644.3,15128.7,4950.0,1820254,8141645,1820413,8144412,RIML,RMDR,RIM,RMDL/R
740,8467399,19644.3,15128.7,4950.0,1820254,8141645,1823121,8198014,RIML,SMDDL,RIM,SMDD
741,8467397,19326.0,15558.2,4850.0,1820254,8141647,1820413,8144408,RIML,RMDR,RIM,RMDL/R
742,8467397,19326.0,15558.2,4850.0,1820254,8141647,1820449,8145381,RIML,RMDL,RIM,RMDL/R
743,8467396,20370.3,24432.9,5200.0,1820254,8141610,1821769,8171511,RIML,BWM-VR06,RIM,BWM06V
744,8467396,20370.3,24432.9,5200.0,1820254,8141610,1820413,8144748,RIML,RMDR,RIM,RMDL/R
745,8467396,20370.3,24432.9,5200.0,1820254,8141610,1821733,8170905,RIML,BWM-VR04,RIM,BWM04V
746,8467395,20905.5,25485.9,5400.0,1820254,8141596,1820449,8145157,RIML,RMDL,RIM,RMDL/R
747,8467395,20905.5,25485.9,5400.0,1820254,8141596,1820413,8144754,RIML,RMDR,RIM,RMDL/R
748,8467394,20701.4,24963.8,5400.0,1820254,8141596,1820449,8145166,RIML,RMDL,RIM,RMDL/R
749,8467394,20701.4,24963.8,5400.0,1820254,8141596,1820413,8144754,RIML,RMDR,RIM,RMDL/R
750,8467393,19758.3,24383.4,4700.0,1820254,8141620,1820413,8144769,RIML,RMDR,RIM,RMDL/R
751,8467393,19758.3,24383.4,4700.0,1820254,8141620,1821733,8170933,RIML,BWM-VR04,RIM,BWM04V
752,8467392,20044.4,24523.1,4650.0,1820254,8141621,1820413,8144770,RIML,RMDR,RIM,RMDL/R
753,8467392,20044.4,24523.1,4650.0,1820254,8141621,1821733,8170934,RIML,BWM-VR04,RIM,BWM04V
754,8467391,19914.6,24634.8,6150.0,1820254,8141490,1820190,8139858,RIML,AVAL,RIM,AVA
755,8467391,19914.6,24634.8,6150.0,1820254,8141490,1820552,8147065,RIML,SMDVL,RIM,SMDV
756,8467390,20489.3,25601.9,6200.0,1820254,8141491,1820552,8147068,RIML,SMDVL,RIM,SMDV
757,8467390,20489.3,25601.9,6200.0,1820254,8141491,1822574,8186632,RIML,SAAVL,RIM,SAAV
758,8467389,21706.0,26874.0,6500.0,1820254,8141499,1820449,8145180,RIML,RMDL,RIM,RMDL/R
759,8467389,21706.0,26874.0,6500.0,1820254,8141499,1823880,8214469,RIML,RIS,RIM,RIS
760,8467388,23152.3,28103.2,7400.0,1820254,8141517,1823630,8208339,RIML,SMDDR,RIM,SMDD
761,8467388,23152.3,28103.2,7400.0,1820254,8141517,1822574,8186656,RIML,SAAVL,RIM,SAAV
762,8467387,24132.8,28564.4,7250.0,1820254,8141579,1823630,8208342,RIML,SMDDR,RIM,SMDD
763,8467387,24132.8,28564.4,7250.0,1820254,8141579,1820552,8147118,RIML,SMDVL,RIM,SMDV
764,8467386,25341.7,28885.2,7750.0,1820254,8141524,1822886,8193489,RIML,RIBR,RIM,RIB
765,8467386,25341.7,28885.2,7750.0,1820254,8141524,1820552,8147128,RIML,SMDVL,RIM,SMDV
766,8467385,23759.8,28294.4,7900.0,1820254,8141527,1823630,8208329,RIML,SMDDR,RIM,SMDD
767,8467385,23759.8,28294.4,7900.0,1820254,8141527,1822574,8186666,RIML,SAAVL,RIM,SAAV
768,8467376,26762.8,32269.4,11600.0,1822732,8189680,1823356,8202447,RIH,AIZR,RIH,AIZ
769,8467376,26762.8,32269.4,11600.0,1822732,8189680,1822426,8183109,RIH,RIAR,RIH,RIA
770,8467374,28326.9,32453.2,11650.0,1822732,8189679,1824469,8228903,RIH,AIYL,RIH,AIY
771,8467374,28326.9,32453.2,11650.0,1822732,8189679,1822365,8181949,RIH,RIAL,RIH,RIA
772,8467373,25618.1,32129.8,11050.0,1822732,8189691,1822426,8183098,RIH,RIAR,RIH,RIA
773,8467373,25618.1,32129.8,11050.0,1822732,8189691,1822886,8193017,RIH,RIBR,RIH,RIB
774,8467372,26036.8,31630.8,10750.0,1822732,8190316,1823356,8202464,RIH,AIZR,RIH,AIZ
775,8467372,26036.8,31630.8,10750.0,1822732,8190316,1822426,8183092,RIH,RIAR,RIH,RIA
776,8467371,25239.2,31830.4,10650.0,1822732,8190318,1822886,8193025,RIH,RIBR,RIH,RIB
777,8467371,25239.2,31830.4,10650.0,1822732,8190318,1822962,8194558,RIH,AUAR,RIH,AUA
778,8467371,25239.2,31830.4,10650.0,1822732,8190318,1822426,8183090,RIH,RIAR,RIH,RIA
779,8467370,25385.0,31277.9,10150.0,1822732,8190328,1822426,8183080,RIH,RIAR,RIH,RIA
780,8467370,25385.0,31277.9,10150.0,1822732,8190328,1823356,8202477,RIH,AIZR,RIH,AIZ
781,8467369,25059.1,30737.8,9700.0,1822732,8190337,1822426,8183071,RIH,RIAR,RIH,RIA
782,8467369,25059.1,30737.8,9700.0,1822732,8190337,1823356,8202486,RIH,AIZR,RIH,AIZ
783,8467367,23967.8,31193.2,9500.0,1822732,8190340,1822962,8194580,RIH,AUAR,RIH,AUA
784,8467367,23967.8,31193.2,9500.0,1822732,8190340,1822886,8193047,RIH,RIBR,RIH,RIB
785,8467367,23967.8,31193.2,9500.0,1822732,8190340,1822426,8183068,RIH,RIAR,RIH,RIA
786,8467366,24444.7,30811.1,9300.0,1822732,8190344,1822426,8183064,RIH,RIAR,RIH,RIA
787,8467366,24444.7,30811.1,9300.0,1822732,8190344,1823356,8202519,RIH,AIZR,RIH,AIZ
788,8467365,23284.2,30970.1,8900.0,1822732,8190352,1822886,8193059,RIH,RIBR,RIH,RIB
789,8467365,23284.2,30970.1,8900.0,1822732,8190352,1822426,8183056,RIH,RIAR,RIH,RIA
790,8467364,22599.8,29388.8,7300.0,1822732,8190384,1822232,8178982,RIH,BAGL,RIH,BAG
791,8467364,22599.8,29388.8,7300.0,1822732,8190384,1822426,8183024,RIH,RIAR,RIH,RIA
792,8467364,22599.8,29388.8,7300.0,1822732,8190384,1819574,8126555,RIH,CEPVR,RIH,CEPV
793,8467363,28697.6,31769.2,10700.0,1822732,8189699,1822365,8181931,RIH,RIAL,RIH,RIA
794,8467363,28697.6,31769.2,10700.0,1822732,8189699,1823428,8203856,RIH,AIZL,RIH,AIZ
795,8467362,29110.9,31814.3,10700.0,1822732,8189699,1824469,8229133,RIH,AIYL,RIH,AIY
796,8467362,29110.9,31814.3,10700.0,1822732,8189699,1822365,8181931,RIH,RIAL,RIH,RIA
797,8467362,29110.9,31814.3,10700.0,1822732,8189699,1823055,8196284,RIH,RIBL,RIH,RIB
798,8467361,28817.4,31357.5,10200.0,1822732,8189709,1823428,8203866,RIH,AIZL,RIH,AIZ
799,8467361,28817.4,31357.5,10200.0,1822732,8189709,1822365,8181921,RIH,RIAL,RIH,RIA
800,8467360,29203.8,31601.2,10100.0,1822732,8189711,1822365,8181919,RIH,RIAL,RIH,RIA
801,8467360,29203.8,31601.2,10100.0,1822732,8189711,1823055,8196296,RIH,RIBL,RIH,RIB
802,8467359,28618.7,30936.3,9500.0,1822732,8189722,1822365,8181908,RIH,RIAL,RIH,RIA
803,8467359,28618.7,30936.3,9500.0,1822732,8189722,1823428,8203880,RIH,AIZL,RIH,AIZ
804,8467358,29310.2,31063.2,9250.0,1822732,8189727,1822365,8181903,RIH,RIAL,RIH,RIA
805,8467357,29424.1,30461.9,8700.0,1822732,8190309,1823428,8203896,RIH,AIZL,RIH,AIZ
806,8467357,29424.1,30461.9,8700.0,1822732,8190309,1819995,8136426,RIH,RIR,RIH,RIR
807,8467356,30676.8,30533.3,8300.0,1822732,8189746,1820039,8137143,RIH,BAGR,RIH,BAG
808,8467356,30676.8,30533.3,8300.0,1822732,8189746,1823055,8196331,RIH,RIBL,RIH,RIB
809,8467356,30676.8,30533.3,8300.0,1822732,8189746,1822365,8181884,RIH,RIAL,RIH,RIA
810,8467355,29991.4,30061.6,8350.0,1822732,8189745,1822365,8181885,RIH,RIAL,RIH,RIA
811,8467355,29991.4,30061.6,8350.0,1822732,8189745,1823428,8203903,RIH,AIZL,RIH,AIZ
812,8467354,31429.6,28675.9,6700.0,1822732,8189785,1822365,8182466,RIH,RIAL,RIH,RIA
813,8467354,31429.6,28675.9,6700.0,1822732,8189785,1819067,8120837,RIH,CEPshVL,RIH,CEPshV
814,8467353,30139.1,28256.7,5750.0,1822732,8189804,1823055,8196675,RIH,RIBL,RIH,RIB
815,8467353,30139.1,28256.7,5750.0,1822732,8189804,1820298,8142189,RIH,AVER,RIH,AVE
816,8467352,30881.6,28286.1,5550.0,1822732,8189808,1819071,8120838,RIH,CEPshVL,RIH,CEPshV
817,8467352,30881.6,28286.1,5550.0,1822732,8189808,1821299,8163241,RIH,CEPVL,RIH,CEPV
818,8467349,29137.3,26142.0,4350.0,1822732,8189833,1820662,8149721,RIH,RMER,RIH,RMEL/R
819,8467349,29137.3,26142.0,4350.0,1822732,8189833,1820778,8151800,RIH,RMED,RIH,RMED
820,8467348,30256.3,27202.0,3850.0,1822732,8190090,1821299,8163207,RIH,CEPVL,RIH,CEPV
821,8467348,30256.3,27202.0,3850.0,1822732,8190090,1821028,8156904,RIH,IL1VL,RIH,IL1V
822,8467347,31064.4,26491.6,3300.0,1822732,8190101,1820843,8152702,RIH,URYVL,RIH,URYV
823,8467347,31064.4,26491.6,3300.0,1822732,8190101,1820832,8152258,RIH,OLQVL,RIH,OLQV
824,8467345,31472.1,26251.3,3250.0,1822732,8190102,1820832,8152259,RIH,OLQVL,RIH,OLQV
825,8467343,30495.7,26379.1,2900.0,1822732,8190109,1821299,8163188,RIH,CEPVL,RIH,CEPV
826,8467343,30495.7,26379.1,2900.0,1822732,8190109,1821007,8156586,RIH,IL2VL,RIH,IL2V
827,8467342,32105.5,24366.3,2350.0,1822732,8190125,1820832,8152277,RIH,OLQVL,RIH,OLQV
828,8467341,33426.9,24149.8,2500.0,1822732,8190303,1820832,8152274,RIH,OLQVL,RIH,OLQV
829,8467341,33426.9,24149.8,2500.0,1822732,8190303,1820843,8152370,RIH,URYVL,RIH,URYV
830,8467341,33426.9,24149.8,2500.0,1822732,8190303,1820832,8152046,RIH,OLQVL,RIH,OLQV
831,8467340,32561.5,22339.2,1500.0,1822732,8190142,1820832,8152297,RIH,OLQVL,RIH,OLQV
832,8467339,32241.2,23086.6,1200.0,1822732,8190272,1820832,8152020,RIH,OLQVL,RIH,OLQV
833,8467339,32241.2,23086.6,1200.0,1822732,8190272,1819982,8136100,RIH,RIPL,RIH,RIP
834,8467337,32344.5,21430.6,800.0,1822732,8190280,1820832,8152012,RIH,OLQVL,RIH,OLQV
835,8467337,32344.5,21430.6,800.0,1822732,8190280,1819982,8136092,RIH,RIPL,RIH,RIP
836,8467336,31657.6,19861.7,1450.0,1822732,8190158,1821017,8156871,RIH,URAVL,RIH,URAV
837,8467336,31657.6,19861.7,1450.0,1822732,8190158,1819075,8120839,RIH,GLRL,RIH,GLRL/R
838,8467335,31737.1,19758.3,1450.0,1822732,8190158,1821079,8157909,RIH,OLQDL,RIH,OLQD
839,8467334,31378.6,17411.1,1550.0,1822732,8190166,1821079,8157907,RIH,OLQDL,RIH,OLQD
840,8467333,31514.5,19234.9,1700.0,1822732,8190163,1821264,8162651,RIH,IL2L,RIH,IL2L/R
841,8467333,31514.5,19234.9,1700.0,1822732,8190163,1821079,8157904,RIH,OLQDL,RIH,OLQD
842,8467331,29278.4,14582.8,1350.0,1822732,8190271,1821079,8157586,RIH,OLQDL,RIH,OLQD
843,8467329,30560.2,14458.5,2250.0,1822732,8190204,1821079,8157604,RIH,OLQDL,RIH,OLQD
844,8467329,30560.2,14458.5,2250.0,1822732,8190204,1821140,8159689,RIH,CEPDL,RIH,CEPD
845,8467328,30650.4,14249.2,2500.0,1822732,8190209,1821079,8157609,RIH,OLQDL,RIH,OLQD
846,8467328,30650.4,14249.2,2500.0,1822732,8190209,1821140,8159684,RIH,CEPDL,RIH,CEPD
847,8472418,32478.6,22133.7,9000.0,1819740,8130097,1819435,8123961,ALML,BDUL,ALM,BDU
848,8472415,19042.6,19478.2,7600.0,1819847,8132576,1821378,8165327,ADER,BWM-DR04,ADE,BWM04D
849,8472415,19042.6,19478.2,7600.0,1819847,8132576,1822505,8185428,ADER,RMHL,ADE,RMH
850,8240080,25336.2,29596.8,10050.0,1823356,8202479,1820370,8143602,AIZR,AVEL,AIZ,AVE
851,8240080,25336.2,29596.8,10050.0,1823356,8202479,1820114,8138557,AIZR,AIBL,AIZ,AIB
852,8240082,25216.9,29242.4,10050.0,1823356,8202479,1820114,8138560,AIZR,AIBL,AIZ,AIB
853,8240082,25216.9,29242.4,10050.0,1823356,8202479,1820217,8140554,AIZR,RIMR,AIZ,RIM
854,8415182,29124.8,29760.5,8450.0,1824194,8222780,1820298,8142243,RIGL,AVER,RIG,AVE
855,8415182,29124.8,29760.5,8450.0,1824194,8222780,1823428,8203901,RIGL,AIZL,RIG,AIZ
856,8415182,29124.8,29760.5,8450.0,1824194,8222780,1820068,8137735,RIGL,AIBR,RIG,AIB
857,8472414,35833.3,21448.8,7500.0,1820068,8137641,1823055,8196410,AIBR,RIBL,AIB,RIB
858,8472414,35833.3,21448.8,7500.0,1820068,8137641,1820254,8141735,AIBR,RIML,AIB,RIM
859,8472413,34940.4,19779.2,6200.0,1820068,8137654,1820254,8141391,AIBR,RIML,AIB,RIM
860,8472413,34940.4,19779.2,6200.0,1820068,8137654,1820522,8146369,AIBR,SAAVR,AIB,SAAV
861,8472412,30409.6,31744.2,12750.0,1824448,8228417,1823015,8195461,AIAL,ASKL,AIA,ASK
862,8472412,30409.6,31744.2,12750.0,1824448,8228417,1820114,8138175,AIAL,AIBL,AIA,AIB
863,8472410,30414.5,31435.7,12150.0,1824448,8228441,1822652,8188198,AIAL,AWCL,AIA,AWC
864,8472410,30414.5,31435.7,12150.0,1824448,8228441,1820114,8138187,AIAL,AIBL,AIA,AIB
865,8472408,32156.3,28486.8,9500.0,1824448,8228491,1822652,8188250,AIAL,AWCL,AIA,AWC
866,8472408,32156.3,28486.8,9500.0,1824448,8228491,1820114,8138240,AIAL,AIBL,AIA,AIB
867,8472407,33936.9,24268.2,9400.0,1824448,8228503,1820114,8138265,AIAL,AIBL,AIA,AIB
868,8472407,33936.9,24268.2,9400.0,1824448,8228503,1822484,8184803,AIAL,ADAL,AIA,ADA
869,8472406,34299.5,23447.1,9650.0,1824448,8228508,1822484,8184808,AIAL,ADAL,AIA,ADA
870,8472406,34299.5,23447.1,9650.0,1824448,8228508,1820114,8138270,AIAL,AIBL,AIA,AIB
871,8472405,34230.6,23926.8,9650.0,1824448,8228508,1820114,8138270,AIAL,AIBL,AIA,AIB
872,8472405,34230.6,23926.8,9650.0,1824448,8228508,1823231,8199819,AIAL,ASGL,AIA,ASG
873,8472405,34230.6,23926.8,9650.0,1824448,8228508,1822652,8188280,AIAL,AWCL,AIA,AWC
874,8472404,34583.4,23141.8,9800.0,1824448,8228511,1823015,8195548,AIAL,ASKL,AIA,ASK
875,8472404,34583.4,23141.8,9800.0,1824448,8228511,1820114,8138273,AIAL,AIBL,AIA,AIB
876,8472403,34731.4,19964.9,10000.0,1824448,8228627,1823034,8195957,AIAL,ASIL,AIA,ASI
877,8472403,34731.4,19964.9,10000.0,1824448,8228627,1820114,8138279,AIAL,AIBL,AIA,AIB
878,8415635,35063.6,20532.8,10150.0,1823034,8195953,1824448,8228631,ASIL,AIAL,ASI,AIA
879,8415635,35063.6,20532.8,10150.0,1823034,8195953,1822652,8188317,ASIL,AWCL,ASI,AWC
880,8472402,34872.4,20817.6,10150.0,1824448,8228631,1822652,8188317,AIAL,AWCL,AIA,AWC
881,8472402,34872.4,20817.6,10150.0,1824448,8228631,1820114,8138739,AIAL,AIBL,AIA,AIB
882,8472401,33069.8,15624.0,9400.0,1824448,8228614,1822652,8188341,AIAL,AWCL,AIA,AWC
883,8472401,33069.8,15624.0,9400.0,1824448,8228614,1820114,8138295,AIAL,AIBL,AIA,AIB
884,8472399,29418.1,13000.3,9350.0,1824448,8228573,1820396,8144131,AIAL,ADLL,AIA,ADL
885,8472399,29418.1,13000.3,9350.0,1824448,8228573,1820114,8138309,AIAL,AIBL,AIA,AIB
886,8472399,29418.1,13000.3,9350.0,1824448,8228573,1822652,8188359,AIAL,AWCL,AIA,AWC
887,8472400,32349.3,15279.6,9250.0,1824448,8228554,1823208,8199478,AIAL,AWAL,AIA,AWA
888,8472400,32349.3,15279.6,9250.0,1824448,8228554,1820114,8138298,AIAL,AIBL,AIA,AIB
889,8472400,32349.3,15279.6,9250.0,1824448,8228554,1823176,8198979,AIAL,ASEL,AIA,ASE
890,8472397,26711.7,11633.1,9700.0,1822636,8188030,1824469,8229086,AFDL,AIYL,AFD,AIY
891,8233487,18480.4,19754.2,8350.0,1819847,8132543,1820298,8141963,ADER,AVER,ADE,AVE
892,8233487,18480.4,19754.2,8350.0,1819847,8132543,1821172,8160252,ADER,IL1R,ADE,IL1L/R
893,8472393,27313.4,30880.5,16900.0,1824381,8226897,1824028,8218747,ADEL,ADER,ADE,ADE
894,8472393,27313.4,30880.5,16900.0,1824381,8226897,1824194,8222614,ADEL,RIGL,ADE,RIG
895,8472392,28955.8,31403.7,18650.0,1824381,8226818,1824028,8218683,ADEL,ADER,ADE,ADE
896,8472392,28955.8,31403.7,18650.0,1824381,8226818,1824194,8222579,ADEL,RIGL,ADE,RIG
897,8472392,28955.8,31403.7,18650.0,1824381,8226818,1824396,8227494,ADEL,AVAR,ADE,AVA
898,8472391,25889.6,28522.2,14950.0,1824381,8227077,1822732,8190424,ADEL,RIH,ADE,RIH
899,8472390,26094.3,28335.1,14350.0,1824381,8227093,1819940,8135478,ADEL,RIVR,ADE,RIV
900,8472389,27294.7,31121.6,17100.0,1824381,8226850,1824028,8218627,ADEL,ADER,ADE,ADE
901,8472389,27294.7,31121.6,17100.0,1824381,8226850,1824381,8226901,ADEL,ADEL,ADE,ADE
902,8472389,27294.7,31121.6,17100.0,1824381,8226850,1824194,8222610,ADEL,RIGL,ADE,RIG
903,8472388,28015.2,30445.4,16850.0,1824381,8226862,1822484,8184410,ADEL,ADAL,ADE,ADA
904,8472388,28015.2,30445.4,16850.0,1824381,8226862,1824396,8227458,ADEL,AVAR,ADE,AVA
905,8472387,24591.9,31422.3,18950.0,1824381,8226964,1824307,8225158,ADEL,SIBVR,ADE,SIBV
906,8472387,24591.9,31422.3,18950.0,1824381,8226964,1824134,8221111,ADEL,RIGR,ADE,RIG
907,8469140,25628.0,13172.9,9700.0,1823460,8120909,1824448,8228587,ASHL,AIAL,ASH,AIA
908,8469140,25628.0,13172.9,9700.0,1823460,8120909,1823208,8199503,ASHL,AWAL,ASH,AWA
909,8469140,25628.0,13172.9,9700.0,1823460,8120909,1819351,8122479,ASHL,HSNL,ASH,HSN
910,8469140,25628.0,13172.9,9700.0,1823460,8120909,1823665,8209218,ASHL,HSNR,ASH,HSN
911,8469139,26250.6,32295.1,17750.0,1819269,8120942,1822105,8176451,NRfragment,PVCR,NRfragment,PVC
912,8469139,26250.6,32295.1,17750.0,1819269,8120942,1820155,8139636,NRfragment,AVBR,NRfragment,AVB
913,8469138,26372.1,32515.1,19200.0,1819269,8120971,1822105,8176422,NRfragment,PVCR,NRfragment,PVC
914,8469138,26372.1,32515.1,19200.0,1819269,8120971,1820370,8143781,NRfragment,AVEL,NRfragment,AVE
915,8469137,26138.7,32925.3,20600.0,1819269,8120999,1820370,8143809,NRfragment,AVEL,NRfragment,AVE
916,8469137,26138.7,32925.3,20600.0,1819269,8120999,1824491,8229984,NRfragment,AVKL,NRfragment,AVK
917,8469136,26581.6,30852.1,16100.0,1824093,8220243,1824396,8227443,unknown1,AVAR,unknown1,AVA
918,8469136,26581.6,30852.1,16100.0,1824093,8220243,1824067,8219585,unknown1,AQR,unknown1,AQR
919,8469135,25237.7,32540.0,19800.0,1824093,8220169,1822292,8179811,unknown1,PVPR,unknown1,PVP
920,8469135,25237.7,32540.0,19800.0,1824093,8220169,1824067,8219511,unknown1,AQR,unknown1,AQR
921,8469133,34163.3,20859.9,5900.0,1819800,8131250,1820068,8137652,NRfragment,AIBR,NRfragment,AIB
922,8469133,34163.3,20859.9,5900.0,1819800,8131250,1822505,8185165,NRfragment,RMHL,NRfragment,RMH
923,8469133,34163.3,20859.9,5900.0,1819800,8131250,1823121,8197945,NRfragment,SMDDL,NRfragment,SMDD
924,8469132,24479.8,27629.7,5200.0,1820861,8152983,1822332,8181178,URYVR,RMDDR,URYV,RMDD
925,8469132,24479.8,27629.7,5200.0,1820861,8152983,1822332,8181640,URYVR,RMDDR,URYV,RMDD
926,8469130,25068.0,27578.8,5500.0,1820861,8153026,1822332,8181154,URYVR,RMDDR,URYV,RMDD
927,8469130,25068.0,27578.8,5500.0,1820861,8153026,1820488,8146079,URYVR,RMDVL,URYV,RMDV
928,8469129,22300.9,27221.6,9050.0,1820861,8152905,1822793,8191052,URYVR,SIBDR,URYV,SIBD
929,8469129,22300.9,27221.6,9050.0,1820861,8152905,1823562,8207002,URYVR,SIBVL,URYV,SIBV
930,8469129,22300.9,27221.6,9050.0,1820861,8152905,1823242,8200260,URYVR,AVBL,URYV,AVB
931,8469128,23554.1,28002.8,5850.0,1820861,8152970,1820552,8147081,URYVR,SMDVL,URYV,SMDV
932,8469128,23554.1,28002.8,5850.0,1820861,8152970,1820370,8143498,URYVR,AVEL,URYV,AVE
933,8469099,28857.4,27427.6,5900.0,1820843,8152639,1820689,8150522,URYVL,RMDVR,URYV,RMDV
934,8469099,28857.4,27427.6,5900.0,1820843,8152639,1824277,8224619,URYVL,RMDDL,URYV,RMDD
935,8469098,28642.9,27496.6,6750.0,1820843,8152656,1821278,8163087,URYVL,OLLL,URYV,OLL
936,8469098,28642.9,27496.6,6750.0,1820843,8152656,1820590,8147835,URYVL,SMDVR,URYV,SMDV
937,8469097,28693.3,27284.7,7000.0,1820843,8152661,1824277,8224597,URYVL,RMDDL,URYV,RMDD
938,8469097,28693.3,27284.7,7000.0,1820843,8152661,1822038,8175310,URYVL,BWM-VL03,URYV,BWM03V
939,8469095,23151.4,13465.2,3900.0,1820992,8156343,1820689,8150362,URYDR,RMDVR,URYD,RMDV
940,8469095,23151.4,13465.2,3900.0,1820992,8156343,1824277,8224997,URYDR,RMDDL,URYD,RMDD
941,8469094,23788.1,13215.7,4150.0,1820992,8156348,1821595,8168920,URYDR,BWM-DR03,URYD,BWM03D
942,8469094,23788.1,13215.7,4150.0,1820992,8156348,1821617,8169328,URYDR,BWM-DR05,URYD,BWM05D
943,8469094,23788.1,13215.7,4150.0,1820992,8156348,1823121,8198232,URYDR,SMDDL,URYD,SMDD
944,8469093,20120.1,13574.2,4300.0,1820992,8156277,1823121,8198239,URYDR,SMDDL,URYD,SMDD
945,8469093,20120.1,13574.2,4300.0,1820992,8156277,1820370,8143405,URYDR,AVEL,URYD,AVE
946,8469092,20401.4,13067.7,4400.0,1820992,8156275,1823121,8198238,URYDR,SMDDL,URYD,SMDD
947,8469091,21089.6,12896.0,4300.0,1820992,8156277,1823121,8198242,URYDR,SMDDL,URYD,SMDD
948,8469091,21089.6,12896.0,4300.0,1820992,8156277,1820370,8143882,URYDR,AVEL,URYD,AVE
949,8469090,21367.9,12673.3,4300.0,1820992,8156277,1823121,8198242,URYDR,SMDDL,URYD,SMDD
950,8469090,21367.9,12673.3,4300.0,1820992,8156277,1822886,8193349,URYDR,RIBR,URYD,RIB
951,8469090,21367.9,12673.3,4300.0,1820992,8156277,1820370,8143882,URYDR,AVEL,URYD,AVE
952,8469089,21890.6,12630.2,3900.0,1820992,8156285,1820778,8152002,URYDR,RMED,URYD,RMED
953,8469089,21890.6,12630.2,3900.0,1820992,8156285,1820689,8150360,URYDR,RMDVR,URYD,RMDV
954,8469088,19950.7,13544.4,3850.0,1820992,8156286,1820689,8150358,URYDR,RMDVR,URYD,RMDV
955,8469088,19950.7,13544.4,3850.0,1820992,8156286,1820370,8143413,URYDR,AVEL,URYD,AVE
956,8469087,19690.4,14011.3,3650.0,1820992,8156290,1820689,8150354,URYDR,RMDVR,URYD,RMDV
957,8469087,19690.4,14011.3,3650.0,1820992,8156290,1820370,8143417,URYDR,AVEL,URYD,AVE
958,8469086,19547.4,14348.2,3400.0,1820992,8156295,1820689,8150321,URYDR,RMDVR,URYD,RMDV
959,8469086,19547.4,14348.2,3400.0,1820992,8156295,1820370,8143422,URYDR,AVEL,URYD,AVE
960,8469085,22965.8,13153.0,3350.0,1820992,8156332,1824277,8225008,URYDR,RMDDL,URYD,RMDD
961,8469085,22965.8,13153.0,3350.0,1820992,8156332,1820689,8150339,URYDR,RMDVR,URYD,RMDV
962,8469084,21815.9,13099.8,3250.0,1820992,8156298,1822920,8193857,URYDR,IL1DR,URYD,IL1D
963,8469084,21815.9,13099.8,3250.0,1820992,8156298,1820689,8150324,URYDR,RMDVR,URYD,RMDV
964,8469083,21423.8,13321.9,3100.0,1820992,8156301,1822920,8193860,URYDR,IL1DR,URYD,IL1D
965,8469083,21423.8,13321.9,3100.0,1820992,8156301,1820689,8150327,URYDR,RMDVR,URYD,RMDV
966,8469082,19009.5,14594.6,3200.0,1820992,8156299,1820370,8143877,URYDR,AVEL,URYD,AVE
967,8469081,19913.2,14299.5,3050.0,1820992,8156302,1822920,8193861,URYDR,IL1DR,URYD,IL1D
968,8469081,19913.2,14299.5,3050.0,1820992,8156302,1820689,8150810,URYDR,RMDVR,URYD,RMDV
969,8469079,20737.5,13754.0,2900.0,1820992,8156305,1822920,8193864,URYDR,IL1DR,URYD,IL1D
970,8469079,20737.5,13754.0,2900.0,1820992,8156305,1820689,8150331,URYDR,RMDVR,URYD,RMDV
971,8469078,21254.2,13518.2,2900.0,1820992,8156305,1822920,8193864,URYDR,IL1DR,URYD,IL1D
972,8469078,21254.2,13518.2,2900.0,1820992,8156305,1820689,8150331,URYDR,RMDVR,URYD,RMDV
973,8469077,22870.7,13955.3,2850.0,1820992,8156306,1821578,8168683,URYDR,BWM-DR01,URYD,BWM01D
974,8469077,22870.7,13955.3,2850.0,1820992,8156306,1824277,8225036,URYDR,RMDDL,URYD,RMDD
975,8469077,22870.7,13955.3,2850.0,1820992,8156306,1820689,8150349,URYDR,RMDVR,URYD,RMDV
976,8469076,24100.1,13600.2,2650.0,1820992,8156310,1824277,8225040,URYDR,RMDDL,URYD,RMDD
977,8469074,23125.4,14133.4,2600.0,1820992,8156311,1821595,8169016,URYDR,BWM-DR03,URYD,BWM03D
978,8469074,23125.4,14133.4,2600.0,1820992,8156311,1821617,8169291,URYDR,BWM-DR05,URYD,BWM05D
979,8469074,23125.4,14133.4,2600.0,1820992,8156311,1824277,8225041,URYDR,RMDDL,URYD,RMDD
980,8469073,27254.3,13418.1,3600.0,1821091,8158257,1823925,8215921,URYDL,RMEV,URYD,RMEV
981,8469073,27254.3,13418.1,3600.0,1821091,8158257,1821671,8170103,URYDL,BWM-DL05,URYD,BWM05D
982,8469072,31719.2,14773.9,4000.0,1821091,8158205,1821140,8159489,URYDL,CEPDL,URYD,CEPD
983,8469072,31719.2,14773.9,4000.0,1821091,8158205,1823055,8196588,URYDL,RIBL,URYD,RIB
984,8417665,31235.5,14506.2,4650.0,1821140,8159526,1823055,8196575,CEPDL,RIBL,CEPD,RIB
985,8469070,30693.2,13976.3,4650.0,1821091,8158184,1823630,8208623,URYDL,SMDDR,URYD,SMDD
986,8469069,29225.1,12640.8,4400.0,1821091,8158189,1820298,8142076,URYDL,AVER,URYD,AVE
987,8469069,29225.1,12640.8,4400.0,1821091,8158189,1823055,8196553,URYDL,RIBL,URYD,RIB
988,8469068,29252.2,12943.3,3950.0,1821091,8158206,1820488,8145657,URYDL,RMDVL,URYD,RMDV
989,8469068,29252.2,12943.3,3950.0,1821091,8158206,1820778,8151998,URYDL,RMED,URYD,RMED
990,8469067,30707.1,13839.3,3950.0,1821091,8158206,1820298,8142087,URYDL,AVER,URYD,AVE
991,8469067,30707.1,13839.3,3950.0,1821091,8158206,1820488,8145657,URYDL,RMDVL,URYD,RMDV
992,8469066,31276.7,14435.4,3750.0,1821091,8158210,1820298,8142091,URYDL,AVER,URYD,AVE
993,8469066,31276.7,14435.4,3750.0,1821091,8158210,1820488,8145627,URYDL,RMDVL,URYD,RMDV
994,8469065,32415.8,15765.6,3400.0,1821091,8158220,1823055,8196600,URYDL,RIBL,URYD,RIB
995,8469065,32415.8,15765.6,3400.0,1821091,8158220,1820298,8142567,URYDL,AVER,URYD,AVE
996,8469064,32081.9,15296.3,3450.0,1821091,8158219,1823055,8196599,URYDL,RIBL,URYD,RIB
997,8469064,32081.9,15296.3,3450.0,1821091,8158219,1820298,8142097,URYDL,AVER,URYD,AVE
998,8469062,30852.5,14482.7,3200.0,1821091,8158272,1820488,8145639,URYDL,RMDVL,URYD,RMDV
999,8469062,30852.5,14482.7,3200.0,1821091,8158272,1821126,8159186,URYDL,IL1DL,URYD,IL1D
1000,8469060,28790.8,14504.5,2850.0,1821091,8158279,1822332,8181579,URYDL,RMDDR,URYD,RMDD
1001,8469060,28790.8,14504.5,2850.0,1821091,8158279,1821637,8169658,URYDL,BWM-DL01,URYD,BWM01D
1002,8469060,28790.8,14504.5,2850.0,1821091,8158279,1820488,8145652,URYDL,RMDVL,URYD,RMDV
1003,8469059,29244.1,14095.8,2750.0,1821091,8158281,1821126,8159218,URYDL,IL1DL,URYD,IL1D
1004,8469059,29244.1,14095.8,2750.0,1821091,8158281,1820742,8151093,URYDL,RMEL,URYD,RMEL/R
1005,8469058,29972.9,13836.1,3150.0,1821091,8158273,1821126,8159187,URYDL,IL1DL,URYD,IL1D
1006,8469058,29972.9,13836.1,3150.0,1821091,8158273,1820488,8145640,URYDL,RMDVL,URYD,RMDV
1007,8469057,29517.5,13600.8,3200.0,1821091,8158272,1821126,8159186,URYDL,IL1DL,URYD,IL1D
1008,8469057,29517.5,13600.8,3200.0,1821091,8158272,1820488,8145645,URYDL,RMDVL,URYD,RMDV
1009,8469056,29241.3,13412.5,3250.0,1821091,8158235,1821126,8159185,URYDL,IL1DL,URYD,IL1D
1010,8469056,29241.3,13412.5,3250.0,1821091,8158235,1820488,8145644,URYDL,RMDVL,URYD,RMDV
1011,8469055,28939.3,13157.7,3300.0,1821091,8158234,1821126,8159184,URYDL,IL1DL,URYD,IL1D
1012,8469055,28939.3,13157.7,3300.0,1821091,8158234,1820488,8145643,URYDL,RMDVL,URYD,RMDV
1013,8469054,28580.8,13649.8,3100.0,1821091,8158274,1822332,8181554,URYDL,RMDDR,URYD,RMDD
1014,8469054,28580.8,13649.8,3100.0,1821091,8158274,1820488,8145647,URYDL,RMDVL,URYD,RMDV
1015,8469053,28372.5,13416.5,3400.0,1821091,8158240,1820488,8145641,URYDL,RMDVL,URYD,RMDV
1016,8469052,27897.8,13477.8,3850.0,1821091,8158249,1820488,8145655,URYDL,RMDVL,URYD,RMDV
1017,8469052,27897.8,13477.8,3850.0,1821091,8158249,1822332,8181539,URYDL,RMDDR,URYD,RMDD
1018,8469051,27362.7,13719.4,3650.0,1821091,8158258,1822332,8181543,URYDL,RMDDR,URYD,RMDD
1019,8469051,27362.7,13719.4,3650.0,1821091,8158258,1821671,8170093,URYDL,BWM-DL05,URYD,BWM05D
1020,8469051,27362.7,13719.4,3650.0,1821091,8158258,1821692,8170296,URYDL,BWM-DL03,URYD,BWM03D
1021,8469050,27450.4,13639.9,4200.0,1821091,8158269,1822332,8181532,URYDL,RMDDR,URYD,RMDD
1022,8469050,27450.4,13639.9,4200.0,1821091,8158269,1820488,8145664,URYDL,RMDVL,URYD,RMDV
1023,8469049,18239.1,17771.0,6750.0,1819658,8128610,1823392,8203235,URXR,RICR,URX,RIC
1024,8469049,18239.1,17771.0,6750.0,1819658,8128610,1823601,8207840,URXR,SIADL,URX,SIAD
1025,8469048,18467.5,17040.2,7150.0,1819658,8128591,1823392,8203601,URXR,RICR,URX,RIC
1026,8469046,18549.5,17320.6,6750.0,1819658,8128599,1823392,8203235,URXR,RICR,URX,RIC
1027,8469046,18549.5,17320.6,6750.0,1819658,8128599,1819857,8133023,URXR,RMGR,URX,RMG
1028,8469063,31499.3,14737.6,3500.0,1821091,8158230,1820298,8142096,URYDL,AVER,URYD,AVE
1029,8469063,31499.3,14737.6,3500.0,1821091,8158230,1820488,8145633,URYDL,RMDVL,URYD,RMDV
1030,8469045,16851.0,17943.1,8400.0,1819658,8128332,1822962,8194644,URXR,AUAR,URX,AUA
1031,8469044,17304.1,18505.4,8700.0,1819658,8128563,1819857,8133451,URXR,RMGR,URX,RMG
1032,8469044,17304.1,18505.4,8700.0,1819658,8128563,1821199,8160926,URXR,IL2R,URX,IL2L/R
1033,8469043,16606.9,18547.6,8500.0,1819658,8128334,1822962,8194641,URXR,AUAR,URX,AUA
1034,8469043,16606.9,18547.6,8500.0,1819658,8128334,1822426,8182991,URXR,RIAR,URX,RIA
1035,8469042,18019.8,20198.0,8150.0,1819658,8128478,1820298,8141967,URXR,AVER,URX,AVE
1036,8469041,17566.1,20707.7,8450.0,1819658,8128344,1819857,8132987,URXR,RMGR,URX,RMG
1037,8469040,18048.4,20845.5,8450.0,1819658,8128471,1819857,8132987,URXR,RMGR,URX,RMG
1038,8469039,17756.3,19264.8,8400.0,1819658,8128504,1819857,8132988,URXR,RMGR,URX,RMG
1039,8469039,17756.3,19264.8,8400.0,1819658,8128504,1821199,8160932,URXR,IL2R,URX,IL2L/R
1040,8469038,17867.3,19376.9,8050.0,1819658,8128511,1820298,8141969,URXR,AVER,URX,AVE
1041,8469038,17867.3,19376.9,8050.0,1819658,8128511,1821199,8160939,URXR,IL2R,URX,IL2L/R
1042,8469037,17973.4,19745.2,7950.0,1819658,8128513,1824261,8224263,URXR,ADAR,URX,ADA
1043,8469037,17973.4,19745.2,7950.0,1819658,8128513,1820298,8141971,URXR,AVER,URX,AVE
1044,8469036,17803.5,19509.3,7750.0,1819658,8128517,1819505,8125164,URXR,AVJL,URX,AVJ
1045,8469036,17803.5,19509.3,7750.0,1819658,8128517,1824261,8224267,URXR,ADAR,URX,ADA
1046,8469036,17803.5,19509.3,7750.0,1819658,8128517,1820298,8141975,URXR,AVER,URX,AVE
1047,8469035,18821.0,21236.3,7700.0,1819658,8128540,1823514,8205717,URXR,RICL,URX,RIC
1048,8469035,18821.0,21236.3,7700.0,1819658,8128540,1823392,8203202,URXR,RICR,URX,RIC
1049,8469034,16407.7,18995.9,8650.0,1819658,8128338,1822962,8194632,URXR,AUAR,URX,AUA
1050,8469034,16407.7,18995.9,8650.0,1819658,8128338,1822426,8182988,URXR,RIAR,URX,RIA
1051,8469033,16352.1,19459.2,8550.0,1819658,8128336,1822426,8182990,URXR,RIAR,URX,RIA
1052,8469033,16352.1,19459.2,8550.0,1819658,8128336,1822962,8194630,URXR,AUAR,URX,AUA
1053,8469032,16318.3,20193.0,8450.0,1819658,8128344,1822962,8194628,URXR,AUAR,URX,AUA
1054,8469032,16318.3,20193.0,8450.0,1819658,8128344,1822426,8182992,URXR,RIAR,URX,RIA
1055,8469031,16490.1,20105.9,8300.0,1819658,8128347,1819995,8136722,URXR,RIR,URX,RIR
1056,8469031,16490.1,20105.9,8300.0,1819658,8128347,1822426,8182995,URXR,RIAR,URX,RIA
1057,8469030,19076.4,25623.2,7450.0,1819658,8128457,1824134,8221344,URXR,RIGR,URX,RIG
1058,8469030,19076.4,25623.2,7450.0,1819658,8128457,1822686,8189431,URXR,RMFR,URX,RMF
1059,8469029,17769.7,23497.6,7250.0,1819658,8128461,1822426,8183647,URXR,RIAR,URX,RIA
1060,8469029,17769.7,23497.6,7250.0,1819658,8128461,1824134,8221390,URXR,RIGR,URX,RIG
1061,8469027,18567.7,24902.3,7050.0,1819658,8128465,1822426,8183651,URXR,RIAR,URX,RIA
1062,8469027,18567.7,24902.3,7050.0,1819658,8128465,1823242,8200220,URXR,AVBL,URX,AVB
1063,8469027,18567.7,24902.3,7050.0,1819658,8128465,1822292,8180140,URXR,PVPR,URX,PVP
1064,8469027,18567.7,24902.3,7050.0,1819658,8128465,1824134,8221386,URXR,RIGR,URX,RIG
1065,8469026,16344.7,21386.3,8150.0,1819658,8128350,1822426,8182998,URXR,RIAR,URX,RIA
1066,8469026,16344.7,21386.3,8150.0,1819658,8128350,1822962,8194744,URXR,AUAR,URX,AUA
1067,8469025,16975.5,22210.3,8050.0,1819658,8128352,1822426,8183000,URXR,RIAR,URX,RIA
1068,8469025,16975.5,22210.3,8050.0,1819658,8128352,1819995,8136661,URXR,RIR,URX,RIR
1069,8469024,16877.4,22387.9,8050.0,1819658,8128352,1822962,8194619,URXR,AUAR,URX,AUA
1070,8469024,16877.4,22387.9,8050.0,1819658,8128352,1822426,8183000,URXR,RIAR,URX,RIA
1071,8469023,17137.2,22732.1,7950.0,1819658,8128355,1822426,8183002,URXR,RIAR,URX,RIA
1072,8469023,17137.2,22732.1,7950.0,1819658,8128355,1822962,8194756,URXR,AUAR,URX,AUA
1073,8469022,17245.5,23002.4,7900.0,1819658,8128356,1822426,8183003,URXR,RIAR,URX,RIA
1074,8469022,17245.5,23002.4,7900.0,1819658,8128356,1822962,8194756,URXR,AUAR,URX,AUA
1075,8469021,17568.8,23635.8,7900.0,1819658,8128356,1822426,8183004,URXR,RIAR,URX,RIA
1076,8469021,17568.8,23635.8,7900.0,1819658,8128356,1822962,8194756,URXR,AUAR,URX,AUA
1077,8469020,17619.1,23895.4,7900.0,1819658,8128356,1822426,8183004,URXR,RIAR,URX,RIA
1078,8469020,17619.1,23895.4,7900.0,1819658,8128356,1822962,8194756,URXR,AUAR,URX,AUA
1079,8469019,17746.3,24088.9,7850.0,1819658,8128357,1822962,8194758,URXR,AUAR,URX,AUA
1080,8469019,17746.3,24088.9,7850.0,1819658,8128357,1822426,8183004,URXR,RIAR,URX,RIA
1081,8469018,18244.7,24529.3,7700.0,1819658,8128360,1822426,8183007,URXR,RIAR,URX,RIA
1082,8469018,18244.7,24529.3,7700.0,1819658,8128360,1822962,8194761,URXR,AUAR,URX,AUA
1083,8469016,18432.7,24724.5,7600.0,1819658,8128362,1822962,8194763,URXR,AUAR,URX,AUA
1084,8469016,18432.7,24724.5,7600.0,1819658,8128362,1822426,8183009,URXR,RIAR,URX,RIA
1085,8469015,20105.1,27027.4,7700.0,1819658,8128374,1824134,8221560,URXR,RIGR,URX,RIG
1086,8469014,19808.2,26865.9,7500.0,1819658,8128378,1824134,8221556,URXR,RIGR,URX,RIG
1087,8469013,21691.7,28914.6,7900.0,1819658,8128392,1822962,8194612,URXR,AUAR,URX,AUA
1088,8469013,21691.7,28914.6,7900.0,1819658,8128392,1822426,8183036,URXR,RIAR,URX,RIA
1089,8469012,22076.1,29619.1,8200.0,1819658,8128398,1822962,8194606,URXR,AUAR,URX,AUA
1090,8469012,22076.1,29619.1,8200.0,1819658,8128398,1822426,8183042,URXR,RIAR,URX,RIA
1091,8469011,22383.4,29716.9,8250.0,1819658,8128399,1822426,8183043,URXR,RIAR,URX,RIA
1092,8469011,22383.4,29716.9,8250.0,1819658,8128399,1819995,8136747,URXR,RIR,URX,RIR
1093,8469010,22426.1,29752.4,8450.0,1819658,8128403,1822426,8183047,URXR,RIAR,URX,RIA
1094,8469010,22426.1,29752.4,8450.0,1819658,8128403,1819995,8136629,URXR,RIR,URX,RIR
1095,8469009,22494.7,29963.8,8650.0,1819658,8128407,1822426,8183051,URXR,RIAR,URX,RIA
1096,8469009,22494.7,29963.8,8650.0,1819658,8128407,1822962,8194597,URXR,AUAR,URX,AUA
1097,8469007,34705.7,19441.6,8700.0,1821041,8157361,1823084,8197092,URXL,AUAL,URX,AUA
1098,8469007,34705.7,19441.6,8700.0,1821041,8157361,1822365,8181817,URXL,RIAL,URX,RIA
1099,8469005,34689.3,23483.8,6700.0,1821041,8157407,1824194,8222903,URXL,RIGL,URX,RIG
1100,8469003,31880.7,16600.4,8050.0,1821041,8157500,1823514,8205910,URXL,RICL,URX,RIC
1101,8469003,31880.7,16600.4,8050.0,1821041,8157500,1821246,8162173,URXL,URBL,URX,URB
1102,8469002,32241.5,16737.5,8000.0,1821041,8157501,1822484,8184704,URXL,ADAL,URX,ADA
1103,8469001,29795.5,13170.4,8400.0,1821041,8157229,1823084,8197178,URXL,AUAL,URX,AUA
1104,8469000,28489.3,12808.0,8500.0,1821041,8157227,1822263,8179670,URXL,DVA,URX,DVA
1105,8469000,28489.3,12808.0,8500.0,1821041,8157227,1823084,8197189,URXL,AUAL,URX,AUA
1106,8468999,32172.9,15789.4,8400.0,1821041,8157257,1819587,8127074,URXL,AVHR,URX,AVH
1107,8468999,32172.9,15789.4,8400.0,1821041,8157257,1819995,8136536,URXL,RIR,URX,RIR
1108,8468998,33301.1,19449.3,7400.0,1821041,8157475,1823392,8203337,URXL,RICR,URX,RIC
1109,8468998,33301.1,19449.3,7400.0,1821041,8157475,1823514,8205611,URXL,RICL,URX,RIC
1110,8468996,33370.3,18990.1,7350.0,1821041,8157476,1820370,8143285,URXL,AVEL,URX,AVE
1111,8468995,33259.0,19096.7,7250.0,1821041,8157484,1823514,8205614,URXL,RICL,URX,RIC
1112,8468995,33259.0,19096.7,7250.0,1821041,8157484,1823392,8203334,URXL,RICR,URX,RIC
1113,8468994,33169.3,19297.2,8050.0,1821041,8157343,1820370,8143271,URXL,AVEL,URX,AVE
1114,8468993,33361.9,19704.9,8150.0,1821041,8157286,1822484,8184685,URXL,ADAL,URX,ADA
1115,8468993,33361.9,19704.9,8150.0,1821041,8157286,1820370,8143269,URXL,AVEL,URX,AVE
1116,8468992,33081.9,21470.6,8300.0,1821041,8157282,1822484,8184679,URXL,ADAL,URX,ADA
1117,8468992,33081.9,21470.6,8300.0,1821041,8157282,1823242,8200123,URXL,AVBL,URX,AVB
1118,8468991,32639.2,22625.8,8000.0,1821041,8157310,1823392,8203352,URXL,RICR,URX,RIC
1119,8468990,33002.1,18187.3,8450.0,1821041,8157263,1824349,8226692,URXL,RMGL,URX,RMG
1120,8468989,33086.3,19313.6,8650.0,1821041,8157352,1821264,8162496,URXL,IL2L,URX,IL2L/R
1121,8468989,33086.3,19313.6,8650.0,1821041,8157352,1820370,8143259,URXL,AVEL,URX,AVE
1122,8468988,33105.5,19706.1,8750.0,1821041,8157354,1820370,8143257,URXL,AVEL,URX,AVE
1123,8468987,32877.6,20016.2,8750.0,1821041,8157354,1821299,8163590,URXL,CEPVL,URX,CEPV
1124,8468987,32877.6,20016.2,8750.0,1821041,8157354,1820370,8143257,URXL,AVEL,URX,AVE
1125,8468986,34772.3,19788.8,8450.0,1821041,8157370,1819587,8127081,URXL,AVHR,URX,AVH
1126,8468986,34772.3,19788.8,8450.0,1821041,8157370,1822365,8181822,URXL,RIAL,URX,RIA
1127,8468985,35074.2,19974.4,8500.0,1821041,8157369,1820190,8139720,URXL,AVAL,URX,AVA
1128,8468985,35074.2,19974.4,8500.0,1821041,8157369,1822365,8181821,URXL,RIAL,URX,RIA
1129,8468985,35074.2,19974.4,8500.0,1821041,8157369,1823084,8197088,URXL,AUAL,URX,AUA
1130,8468984,35304.9,20620.9,8300.0,1821041,8157373,1822365,8181825,URXL,RIAL,URX,RIA
1131,8468984,35304.9,20620.9,8300.0,1821041,8157373,1823084,8197084,URXL,AUAL,URX,AUA
1132,8468983,35368.1,21055.5,8200.0,1821041,8157375,1822365,8181827,URXL,RIAL,URX,RIA
1133,8468983,35368.1,21055.5,8200.0,1821041,8157375,1823084,8197216,URXL,AUAL,URX,AUA
1134,8468982,35143.0,22555.2,7850.0,1821041,8157382,1823084,8197074,URXL,AUAL,URX,AUA
1135,8468982,35143.0,22555.2,7850.0,1821041,8157382,1822365,8181834,URXL,RIAL,URX,RIA
1136,8468981,34920.4,22584.6,7450.0,1821041,8157390,1822086,8176309,URXL,PVPL,URX,PVP
1137,8468981,34920.4,22584.6,7450.0,1821041,8157390,1822365,8181842,URXL,RIAL,URX,RIA
1138,8468981,34920.4,22584.6,7450.0,1821041,8157390,1824194,8222918,URXL,RIGL,URX,RIG
1139,8468980,35230.7,22515.3,7900.0,1821041,8157381,1823084,8197075,URXL,AUAL,URX,AUA
1140,8468980,35230.7,22515.3,7900.0,1821041,8157381,1822365,8181833,URXL,RIAL,URX,RIA
1141,8468979,34792.9,24257.2,7350.0,1821041,8157392,1823084,8197219,URXL,AUAL,URX,AUA
1142,8468979,34792.9,24257.2,7350.0,1821041,8157392,1822365,8181844,URXL,RIAL,URX,RIA
1143,8468978,34040.5,25030.3,7300.0,1821041,8157393,1824194,8222839,URXL,RIGL,URX,RIG
1144,8468974,34639.5,24582.7,7300.0,1821041,8157393,1823084,8197220,URXL,AUAL,URX,AUA
1145,8468974,34639.5,24582.7,7300.0,1821041,8157393,1822365,8181845,URXL,RIAL,URX,RIA
1146,8468973,34511.9,24359.8,6650.0,1821041,8157412,1820155,8139527,URXL,AVBR,URX,AVB
1147,8468973,34511.9,24359.8,6650.0,1821041,8157412,1822365,8182479,URXL,RIAL,URX,RIA
1148,8468972,34617.9,24055.0,6650.0,1821041,8157412,1822086,8176327,URXL,PVPL,URX,PVP
1149,8468971,33519.1,26384.3,7150.0,1821041,8157418,1824194,8222835,URXL,RIGL,URX,RIG
1150,8468969,31677.2,28592.0,7800.0,1821041,8157449,1822365,8181874,URXL,RIAL,URX,RIA
1151,8468969,31677.2,28592.0,7800.0,1821041,8157449,1819995,8136445,URXL,RIR,URX,RIR
1152,8468968,31931.7,28293.2,7600.0,1821041,8157445,1822365,8181870,URXL,RIAL,URX,RIA
1153,8468968,31931.7,28293.2,7600.0,1821041,8157445,1823084,8197058,URXL,AUAL,URX,AUA
1154,8468967,32111.7,27985.3,7450.0,1821041,8157442,1823084,8197061,URXL,AUAL,URX,AUA
1155,8468967,32111.7,27985.3,7450.0,1821041,8157442,1822365,8181867,URXL,RIAL,URX,RIA
1156,8468965,32297.0,27815.4,7350.0,1821041,8157427,1822365,8181865,URXL,RIAL,URX,RIA
1157,8468965,32297.0,27815.4,7350.0,1821041,8157427,1823084,8197219,URXL,AUAL,URX,AUA
1158,8468964,32411.0,27672.3,7350.0,1821041,8157427,1822365,8181865,URXL,RIAL,URX,RIA
1159,8468964,32411.0,27672.3,7350.0,1821041,8157427,1823084,8197219,URXL,AUAL,URX,AUA
1160,8468963,32514.3,27566.3,7350.0,1821041,8157427,1822365,8181865,URXL,RIAL,URX,RIA
1161,8468963,32514.3,27566.3,7350.0,1821041,8157427,1823084,8197219,URXL,AUAL,URX,AUA
1162,8468962,32599.1,27407.3,7350.0,1821041,8157427,1822365,8181865,URXL,RIAL,URX,RIA
1163,8468962,32599.1,27407.3,7350.0,1821041,8157427,1823084,8197219,URXL,AUAL,URX,AUA
1164,8468960,19102.9,16955.8,7700.0,1821184,8160694,1819658,8128573,URBR,URXR,URB,URX
1165,8468960,19102.9,16955.8,7700.0,1821184,8160694,1824261,8224295,URBR,ADAR,URB,ADA
1166,8468959,18621.3,18195.7,7100.0,1821184,8160741,1822505,8185418,URBR,RMHL,URB,RMH
1167,8468959,18621.3,18195.7,7100.0,1821184,8160741,1820969,8155786,URBR,CEPDR,URB,CEPD
1168,8468958,18176.3,18330.6,6650.0,1821184,8160750,1823514,8205859,URBR,RICL,URB,RIC
1169,8468958,18176.3,18330.6,6650.0,1821184,8160750,1823392,8203608,URBR,RICR,URB,RIC
1170,8468958,18176.3,18330.6,6650.0,1821184,8160750,1819658,8128612,URBR,URXR,URB,URX
1171,8468957,18539.9,20844.2,8150.0,1821184,8160619,1823392,8203618,URBR,RICR,URB,RIC
1172,8468957,18539.9,20844.2,8150.0,1821184,8160619,1819658,8128478,URBR,URXR,URB,URX
1173,8468955,18535.1,19736.2,7600.0,1821184,8160608,1819658,8128520,URBR,URXR,URB,URX
1174,8468954,18562.3,20670.3,7300.0,1821184,8160631,1821199,8160954,URBR,IL2R,URB,IL2L/R
1175,8468954,18562.3,20670.3,7300.0,1821184,8160631,1821172,8160273,URBR,IL1R,URB,IL1L/R
1176,8468953,18978.7,21569.3,7400.0,1821184,8160636,1823514,8205711,URBR,RICL,URB,RIC
1177,8468953,18978.7,21569.3,7400.0,1821184,8160636,1819658,8128534,URBR,URXR,URB,URX
1178,8468952,19863.7,23239.1,8200.0,1821184,8160669,1823514,8205732,URBR,RICL,URB,RIC
1179,8468952,19863.7,23239.1,8200.0,1821184,8160669,1819505,8125488,URBR,AVJL,URB,AVJ
1180,8468951,19395.3,22872.8,8150.0,1821184,8160668,1820155,8139076,URBR,AVBR,URB,AVB
1181,8468951,19395.3,22872.8,8150.0,1821184,8160668,1819658,8128485,URBR,URXR,URB,URX
1182,8468951,19395.3,22872.8,8150.0,1821184,8160668,1819505,8125489,URBR,AVJL,URB,AVJ
1183,8468950,19452.8,22952.1,8000.0,1821184,8160664,1820155,8139079,URBR,AVBR,URB,AVB
1184,8468950,19452.8,22952.1,8000.0,1821184,8160664,1822153,8177580,URBR,AVDL,URB,AVD
1185,8468949,19901.5,23383.9,7750.0,1821184,8160659,1822505,8185351,URBR,RMHL,URB,RMH
1186,8468949,19901.5,23383.9,7750.0,1821184,8160659,1823392,8203196,URBR,RICR,URB,RIC
1187,8468948,21064.4,25014.1,8300.0,1821184,8160673,1820155,8139612,URBR,AVBR,URB,AVB
1188,8468948,21064.4,25014.1,8300.0,1821184,8160673,1823514,8205737,URBR,RICL,URB,RIC
1189,8468947,20971.3,25798.4,8550.0,1821184,8160678,1820874,8153239,URBR,OLQVR,URB,OLQV
1190,8468947,20971.3,25798.4,8550.0,1821184,8160678,1824261,8224338,URBR,ADAR,URB,ADA
1191,8468946,18710.7,17538.4,7350.0,1821184,8160701,1823392,8203604,URBR,RICR,URB,RIC
1192,8468946,18710.7,17538.4,7350.0,1821184,8160701,1819658,8128587,URBR,URXR,URB,URX
1193,8468945,19676.0,16311.5,6850.0,1821184,8160712,1823392,8203241,URBR,RICR,URB,RIC
1194,8468945,19676.0,16311.5,6850.0,1821184,8160712,1820922,8154620,URBR,OLQDR,URB,OLQD
1195,8468945,19676.0,16311.5,6850.0,1821184,8160712,1822455,8184268,URBR,RMHR,URB,RMH
1196,8468943,19956.7,16433.6,6550.0,1821184,8160718,1820922,8154484,URBR,OLQDR,URB,OLQD
1197,8468943,19956.7,16433.6,6550.0,1821184,8160718,1820615,8148695,URBR,SMBDL,URB,SMBD
1198,8468942,19347.3,16987.8,6550.0,1821184,8160718,1820969,8155797,URBR,CEPDR,URB,CEPD
1199,8468940,32550.5,20521.0,8350.0,1821246,8162226,1821041,8157281,URBL,URXL,URB,URX
1200,8468940,32550.5,20521.0,8350.0,1821246,8162226,1821299,8163577,URBL,CEPVL,URB,CEPV
1201,8468939,32288.7,18013.6,7950.0,1821246,8162164,1824349,8226682,URBL,RMGL,URB,RMG
1202,8468938,33195.3,21202.8,7750.0,1821246,8162265,1822126,8177008,URBL,AVDR,URB,AVD
1203,8468938,33195.3,21202.8,7750.0,1821246,8162265,1823392,8203344,URBL,RICR,URB,RIC
1204,8468935,34206.1,16377.8,7850.0,1821246,8162083,1820552,8146912,URBL,SMDVL,URB,SMDV
1205,8468935,34206.1,16377.8,7850.0,1821246,8162083,1823055,8196492,URBL,RIBL,URB,RIB
1206,8468935,34206.1,16377.8,7850.0,1821246,8162083,1821353,8164827,URBL,RIVL,URB,RIV
1207,8468934,30701.4,15791.4,8300.0,1821246,8162179,1821041,8157515,URBL,URXL,URB,URX
1208,8468933,31136.6,16154.3,8150.0,1821246,8162176,1823514,8205912,URBL,RICL,URB,RIC
1209,8468933,31136.6,16154.3,8150.0,1821246,8162176,1822484,8184714,URBL,ADAL,URB,ADA
1210,8468932,31126.0,16125.2,8300.0,1821246,8162179,1821041,8157491,URBL,URXL,URB,URX
1211,8468931,32497.9,17877.3,7750.0,1821246,8162168,1823514,8205915,URBL,RICL,URB,RIC
1212,8468929,32193.7,17452.6,8050.0,1821246,8162172,1822484,8184703,URBL,ADAL,URB,ADA
1213,8468929,32193.7,17452.6,8050.0,1821246,8162172,1821041,8157497,URBL,URXL,URB,URX
1214,8468929,32193.7,17452.6,8050.0,1821246,8162172,1819724,8129525,URBL,SDQL,URB,SDQ
1215,8468926,32063.5,17277.8,7150.0,1821246,8162207,1823514,8205919,URBL,RICL,URB,RIC
1216,8468926,32063.5,17277.8,7150.0,1821246,8162207,1822455,8184194,URBL,RMHR,URB,RMH
1217,8468925,31422.4,17086.9,6550.0,1821246,8162219,1821140,8159369,URBL,CEPDL,URB,CEPD
1218,8468925,31422.4,17086.9,6550.0,1821246,8162219,1821079,8157804,URBL,OLQDL,URB,OLQD
1219,8468925,31422.4,17086.9,6550.0,1821246,8162219,1820634,8149355,URBL,SMBDR,URB,SMBD
1220,8468923,32517.5,18813.6,8450.0,1821246,8162154,1821041,8157323,URBL,URXL,URB,URX
1221,8468922,32660.3,19762.1,8350.0,1821246,8162226,1821041,8157320,URBL,URXL,URB,URX
1222,8468922,32660.3,19762.1,8350.0,1821246,8162226,1820370,8143265,URBL,AVEL,URB,AVE
1223,8468922,32660.3,19762.1,8350.0,1821246,8162226,1823514,8205928,URBL,RICL,URB,RIC
1224,8468921,32620.1,21041.6,8300.0,1821246,8162242,1821041,8157282,URBL,URXL,URB,URX
1225,8468921,32620.1,21041.6,8300.0,1821246,8162242,1821299,8163576,URBL,CEPVL,URB,CEPV
1226,8468920,32495.8,21552.5,8350.0,1821246,8162243,1821041,8157281,URBL,URXL,URB,URX
1227,8468919,32609.9,22167.4,8450.0,1821246,8162245,1823242,8200120,URBL,AVBL,URB,AVB
1228,8468919,32609.9,22167.4,8450.0,1821246,8162245,1822484,8184676,URBL,ADAL,URB,ADA
1229,8468919,32609.9,22167.4,8450.0,1821246,8162245,1822484,8184659,URBL,ADAL,URB,ADA
1230,8468918,32347.8,22620.8,8550.0,1821246,8162247,1823242,8200118,URBL,AVBL,URB,AVB
1231,8468918,32347.8,22620.8,8550.0,1821246,8162247,1822484,8184661,URBL,ADAL,URB,ADA
1232,8468917,32479.5,19813.8,7850.0,1821246,8162253,1821235,8161796,URBL,IL1L,URB,IL1L/R
1233,8468917,32479.5,19813.8,7850.0,1821246,8162253,1821041,8157339,URBL,URXL,URB,URX
1234,8468917,32479.5,19813.8,7850.0,1821246,8162253,1819707,8129147,URBL,ADEL,URB,ADE
1235,8468916,32932.6,20680.1,7100.0,1821246,8162312,1823957,8216895,URBL,SIAVL,URB,SIAV
1236,8468916,32932.6,20680.1,7100.0,1821246,8162312,1820413,8144571,URBL,RMDR,URB,RMDL/R
1237,8468915,32365.3,22678.3,7350.0,1821246,8162275,1822455,8184103,URBL,RMHR,URB,RMH
1238,8468915,32365.3,22678.3,7350.0,1821246,8162275,1821299,8163548,URBL,CEPVL,URB,CEPV
1239,8468914,31763.9,24173.4,7500.0,1821246,8162278,1821299,8163541,URBL,CEPVL,URB,CEPV
1240,8468914,31763.9,24173.4,7500.0,1821246,8162278,1823514,8205580,URBL,RICL,URB,RIC
1241,8468913,32731.7,22924.9,7750.0,1821246,8162283,1821041,8157314,URBL,URXL,URB,URX
1242,8468913,32731.7,22924.9,7750.0,1821246,8162283,1823514,8205587,URBL,RICL,URB,RIC
1243,8468912,32498.6,23564.2,7850.0,1821246,8162285,1821041,8157313,URBL,URXL,URB,URX
1244,8468912,32498.6,23564.2,7850.0,1821246,8162285,1823514,8205934,URBL,RICL,URB,RIC
1245,8468910,21201.5,23922.2,3200.0,1820896,8153886,1823925,8216143,URAVR,RMEV,URAV,RMEV
1246,8468910,21201.5,23922.2,3200.0,1820896,8153886,1821796,8171904,URAVR,BWM-VR02,URAV,BWM02V
1247,8468909,24007.0,25665.6,5450.0,1820896,8153841,1821796,8171733,URAVR,BWM-VR02,URAV,BWM02V
1248,8468909,24007.0,25665.6,5450.0,1820896,8153841,1822207,8178561,URAVR,BWM-VR03,URAV,BWM03V
1249,8468909,24007.0,25665.6,5450.0,1820896,8153841,1819966,8135628,URAVR,RIPR,URAV,RIP
1250,8468908,24309.1,25882.6,5000.0,1820896,8153850,1821796,8171757,URAVR,BWM-VR02,URAV,BWM02V
1251,8468908,24309.1,25882.6,5000.0,1820896,8153850,1819966,8135619,URAVR,RIPR,URAV,RIP
1252,8468908,24309.1,25882.6,5000.0,1820896,8153850,1821821,8172229,URAVR,BWM-VR01,URAV,BWM01V
1253,8468908,24309.1,25882.6,5000.0,1820896,8153850,1820662,8149880,URAVR,RMER,URAV,RMEL/R
1254,8468906,23167.3,25172.4,4900.0,1820896,8153852,1821796,8171799,URAVR,BWM-VR02,URAV,BWM02V
1255,8468906,23167.3,25172.4,4900.0,1820896,8153852,1819966,8135617,URAVR,RIPR,URAV,RIP
1256,8468906,23167.3,25172.4,4900.0,1820896,8153852,1821821,8172152,URAVR,BWM-VR01,URAV,BWM01V
1257,8468905,22584.5,24809.6,4300.0,1820896,8153864,1821796,8171840,URAVR,BWM-VR02,URAV,BWM02V
1258,8468905,22584.5,24809.6,4300.0,1820896,8153864,1821821,8172173,URAVR,BWM-VR01,URAV,BWM01V
1259,8468905,22584.5,24809.6,4300.0,1820896,8153864,1819966,8135605,URAVR,RIPR,URAV,RIP
1260,8468905,22584.5,24809.6,4300.0,1820896,8153864,1820662,8149899,URAVR,RMER,URAV,RMEL/R
1261,8468904,22056.9,24390.6,3900.0,1820896,8153872,1821796,8171848,URAVR,BWM-VR02,URAV,BWM02V
1262,8468904,22056.9,24390.6,3900.0,1820896,8153872,1820662,8149891,URAVR,RMER,URAV,RMEL/R
1263,8468904,22056.9,24390.6,3900.0,1820896,8153872,1821821,8172184,URAVR,BWM-VR01,URAV,BWM01V
1264,8468903,21808.2,24153.4,3500.0,1820896,8153880,1821821,8172192,URAVR,BWM-VR01,URAV,BWM01V
1265,8468903,21808.2,24153.4,3500.0,1820896,8153880,1820908,8154226,URAVR,IL1VR,URAV,IL1V
1266,8468903,21808.2,24153.4,3500.0,1820896,8153880,1820662,8149681,URAVR,RMER,URAV,RMEL/R
1267,8468902,21471.3,23961.6,3350.0,1820896,8153883,1820908,8154229,URAVR,IL1VR,URAV,IL1V
1268,8468902,21471.3,23961.6,3350.0,1820896,8153883,1821796,8171901,URAVR,BWM-VR02,URAV,BWM02V
1269,8468900,20597.2,22331.5,2900.0,1820896,8153892,1821453,8166474,URAVR,BWM-DR02,URAV,BWM02D
1270,8468900,20597.2,22331.5,2900.0,1820896,8153892,1821796,8171965,URAVR,BWM-VR02,URAV,BWM02V
1271,8468900,20597.2,22331.5,2900.0,1820896,8153892,1821733,8171092,URAVR,BWM-VR04,URAV,BWM04V
1272,8468900,20597.2,22331.5,2900.0,1820896,8153892,1820742,8151252,URAVR,RMEL,URAV,RMEL/R
1273,8468899,21084.0,23007.8,2950.0,1820896,8153891,1821796,8171964,URAVR,BWM-VR02,URAV,BWM02V
1274,8468899,21084.0,23007.8,2950.0,1820896,8153891,1821733,8171091,URAVR,BWM-VR04,URAV,BWM04V
1275,8468899,21084.0,23007.8,2950.0,1820896,8153891,1821821,8172218,URAVR,BWM-VR01,URAV,BWM01V
1276,8468896,29938.8,25101.2,5600.0,1821017,8156777,1819982,8136188,URAVL,RIPL,URAV,RIP
1277,8468896,29938.8,25101.2,5600.0,1821017,8156777,1821028,8157039,URAVL,IL1VL,URAV,IL1V
1278,8468896,29938.8,25101.2,5600.0,1821017,8156777,1822018,8174784,URAVL,BWM-VL01,URAV,BWM01V
1279,8468896,29938.8,25101.2,5600.0,1821017,8156777,1821989,8174510,URAVL,BWM-VL02,URAV,BWM02V
1280,8468895,29593.5,25564.6,4900.0,1821017,8156791,1819982,8136174,URAVL,RIPL,URAV,RIP
1281,8468895,29593.5,25564.6,4900.0,1821017,8156791,1822018,8174878,URAVL,BWM-VL01,URAV,BWM01V
1282,8468895,29593.5,25564.6,4900.0,1821017,8156791,1822038,8175170,URAVL,BWM-VL03,URAV,BWM03V
1283,8468894,30715.1,24314.3,4500.0,1821017,8156799,1819982,8136166,URAVL,RIPL,URAV,RIP
1284,8468894,30715.1,24314.3,4500.0,1821017,8156799,1821989,8174561,URAVL,BWM-VL02,URAV,BWM02V
1285,8468894,30715.1,24314.3,4500.0,1821017,8156799,1822018,8174810,URAVL,BWM-VL01,URAV,BWM01V
1286,8468893,31234.3,24324.8,3450.0,1821017,8156820,1823925,8215962,URAVL,RMEV,URAV,RMEV
1287,8468893,31234.3,24324.8,3450.0,1821017,8156820,1820742,8151126,URAVL,RMEL,URAV,RMEL/R
1288,8468893,31234.3,24324.8,3450.0,1821017,8156820,1821989,8174583,URAVL,BWM-VL02,URAV,BWM02V
1289,8468892,31446.5,23831.6,3250.0,1821017,8156824,1821989,8174595,URAVL,BWM-VL02,URAV,BWM02V
1290,8468892,31446.5,23831.6,3250.0,1821017,8156824,1821989,8174586,URAVL,BWM-VL02,URAV,BWM02V
1291,8468892,31446.5,23831.6,3250.0,1821017,8156824,1823925,8215962,URAVL,RMEV,URAV,RMEV
1292,8468891,31679.3,23747.3,3050.0,1821017,8156828,1821235,8161913,URAVL,IL1L,URAV,IL1L/R
1293,8468891,31679.3,23747.3,3050.0,1821017,8156828,1823925,8215959,URAVL,RMEV,URAV,RMEV
1294,8468890,31557.7,23240.8,2850.0,1821017,8156832,1821989,8174618,URAVL,BWM-VL02,URAV,BWM02V
1295,8468890,31557.7,23240.8,2850.0,1821017,8156832,1822018,8174861,URAVL,BWM-VL01,URAV,BWM01V
1296,8468901,21216.9,23778.2,3050.0,1820896,8153889,1823925,8215999,URAVR,RMEV,URAV,RMEV
1297,8468901,21216.9,23778.2,3050.0,1820896,8153889,1821172,8160394,URAVR,IL1R,URAV,IL1L/R
1298,8468901,21216.9,23778.2,3050.0,1820896,8153889,1821796,8171906,URAVR,BWM-VR02,URAV,BWM02V
1299,8468889,31754.1,22716.6,2650.0,1821017,8156836,1822018,8174864,URAVL,BWM-VL01,URAV,BWM01V
1300,8468889,31754.1,22716.6,2650.0,1821017,8156836,1821956,8174308,URAVL,BWM-VL04,URAV,BWM04V
1301,8468888,31592.1,22188.9,2200.0,1821017,8156854,1821264,8162630,URAVL,IL2L,URAV,IL2L/R
1302,8468888,31592.1,22188.9,2200.0,1821017,8156854,1820662,8149862,URAVL,RMER,URAV,RMEL/R
1303,8468888,31592.1,22188.9,2200.0,1821017,8156854,1821956,8174317,URAVL,BWM-VL04,URAV,BWM04V
1304,8468888,31592.1,22188.9,2200.0,1821017,8156854,1819161,8120895,URAVL,GLRL,URAV,GLRL/R
1305,8468887,21802.7,15052.8,3650.0,1820957,8155466,1821578,8168622,URADR,BWM-DR01,URAD,BWM01D
1306,8468887,21802.7,15052.8,3650.0,1820957,8155466,1819966,8135772,URADR,RIPR,URAD,RIP
1307,8468887,21802.7,15052.8,3650.0,1820957,8155466,1821595,8168885,URADR,BWM-DR03,URAD,BWM03D
1308,8468886,22041.2,14800.6,3300.0,1820957,8155473,1819966,8135765,URADR,RIPR,URAD,RIP
1309,8468886,22041.2,14800.6,3300.0,1820957,8155473,1821578,8168629,URADR,BWM-DR01,URAD,BWM01D
1310,8468886,22041.2,14800.6,3300.0,1820957,8155473,1821595,8169008,URADR,BWM-DR03,URAD,BWM03D
1311,8468886,22041.2,14800.6,3300.0,1820957,8155473,1821578,8168691,URADR,BWM-DR01,URAD,BWM01D
1312,8468885,21230.5,15344.8,3200.0,1820957,8155475,1821453,8166590,URADR,BWM-DR02,URAD,BWM02D
1313,8468885,21230.5,15344.8,3200.0,1820957,8155475,1821578,8168631,URADR,BWM-DR01,URAD,BWM01D
1314,8468885,21230.5,15344.8,3200.0,1820957,8155475,1819966,8135763,URADR,RIPR,URAD,RIP
1315,8468883,22439.3,14581.3,2850.0,1820957,8155482,1819966,8135756,URADR,RIPR,URAD,RIP
1316,8468883,22439.3,14581.3,2850.0,1820957,8155482,1821595,8168994,URADR,BWM-DR03,URAD,BWM03D
1317,8468883,22439.3,14581.3,2850.0,1820957,8155482,1821578,8168683,URADR,BWM-DR01,URAD,BWM01D
1318,8467326,30831.4,14053.4,2800.0,1822732,8190215,1821079,8157615,RIH,OLQDL,RIH,OLQD
1319,8467326,30831.4,14053.4,2800.0,1822732,8190215,1821140,8159678,RIH,CEPDL,RIH,CEPD
1320,8467325,25233.9,26389.1,4350.0,1822732,8189849,1823925,8215972,RIH,RMEV,RIH,RMEV
1321,8467324,22965.8,26441.6,3350.0,1822732,8189869,1819574,8126476,RIH,CEPVR,RIH,CEPV
1322,8467323,23061.2,26293.2,3300.0,1822732,8189870,1819574,8126475,RIH,CEPVR,RIH,CEPV
1323,8467322,20705.8,23273.6,1800.0,1822732,8189900,1820874,8153376,RIH,OLQVR,RIH,OLQV
1324,8467322,20705.8,23273.6,1800.0,1822732,8189900,1820887,8153659,RIH,IL2VR,RIH,IL2V
1325,8467320,19894.1,19393.8,1500.0,1822732,8190049,1819079,8120840,RIH,GLRR,RIH,GLRL/R
1326,8467320,19894.1,19393.8,1500.0,1822732,8190049,1820896,8153928,RIH,URAVR,RIH,URAV
1327,8467319,20180.3,21828.2,950.0,1822732,8190054,1820874,8153078,RIH,OLQVR,RIH,OLQV
1328,8467319,20180.3,21828.2,950.0,1822732,8190054,1819966,8135538,RIH,RIPR,RIH,RIP
1329,8467318,19889.6,20166.9,700.0,1822732,8190078,1820874,8153075,RIH,OLQVR,RIH,OLQV
1330,8467318,19889.6,20166.9,700.0,1822732,8190078,1819966,8135533,RIH,RIPR,RIH,RIP
1331,8467316,19695.7,19886.2,650.0,1822732,8190079,1819966,8135532,RIH,RIPR,RIH,RIP
1332,8467314,19319.2,16631.4,2300.0,1822732,8189937,1820922,8154573,RIH,OLQDR,RIH,OLQD
1333,8467313,19237.1,16904.8,1900.0,1822732,8189942,1821199,8161071,RIH,IL2R,RIH,IL2L/R
1334,8467313,19237.1,16904.8,1900.0,1822732,8189942,1820922,8154578,RIH,OLQDR,RIH,OLQD
1335,8467312,21950.9,12972.0,2600.0,1822732,8190012,1820922,8154299,RIH,OLQDR,RIH,OLQD
1336,8467312,21950.9,12972.0,2600.0,1822732,8190012,1820969,8155693,RIH,CEPDR,RIH,CEPD
1337,8467311,22133.3,13396.2,2000.0,1822732,8189952,1820922,8154288,RIH,OLQDR,RIH,OLQD
1338,8467311,22133.3,13396.2,2000.0,1822732,8189952,1820969,8155703,RIH,CEPDR,RIH,CEPD
1339,8467310,23859.2,13992.4,1100.0,1822732,8190000,1819966,8135887,RIH,RIPR,RIH,RIP
1340,8467310,23859.2,13992.4,1100.0,1822732,8190000,1820922,8154270,RIH,OLQDR,RIH,OLQD
1341,8467309,22631.8,13708.8,1050.0,1822732,8190001,1820922,8154269,RIH,OLQDR,RIH,OLQD
1342,8467309,22631.8,13708.8,1050.0,1822732,8190001,1820969,8155722,RIH,CEPDR,RIH,CEPD
1343,8467308,22424.8,13595.1,1650.0,1822732,8189959,1820922,8154281,RIH,OLQDR,RIH,OLQD
1344,8467308,22424.8,13595.1,1650.0,1822732,8189959,1820969,8155710,RIH,CEPDR,RIH,CEPD
1345,8467307,28199.4,14100.8,1300.0,1822732,8189977,1821079,8157585,RIH,OLQDL,RIH,OLQD
1346,8467307,28199.4,14100.8,1300.0,1822732,8189977,1819982,8135920,RIH,RIPL,RIH,RIP
1347,8467306,28955.2,14432.0,1000.0,1822732,8189983,1819982,8135912,RIH,RIPL,RIH,RIP
1348,8467306,28955.2,14432.0,1000.0,1822732,8189983,1821079,8157579,RIH,OLQDL,RIH,OLQD
1349,8467303,17506.8,23689.4,6600.0,1824134,8221398,1820114,8138460,RIGR,AIBL,RIG,AIB
1350,8467303,17506.8,23689.4,6600.0,1824134,8221398,1822232,8179017,RIGR,BAGL,RIG,BAG
1351,8467302,17845.9,22733.0,4950.0,1824134,8221431,1824491,8229666,RIGR,AVKL,RIG,AVK
1352,8467302,17845.9,22733.0,4950.0,1824134,8221431,1823988,8218066,RIGR,PLNR,RIG,PLN
1353,8467301,17734.7,22531.6,4950.0,1824134,8221431,1823988,8218066,RIGR,PLNR,RIG,PLN
1354,8467299,16886.8,21421.2,5050.0,1824134,8221429,1822686,8189413,RIGR,RMFR,RIG,RMF
1355,8467298,16876.4,19208.2,4750.0,1824134,8221437,1822505,8185269,RIGR,RMHL,RIG,RMH
1356,8467298,16876.4,19208.2,4750.0,1824134,8221437,1824491,8229643,RIGR,AVKL,RIG,AVK
1357,8467294,23862.8,30085.1,8650.0,1824134,8221314,1819995,8136625,RIGR,RIR,RIG,RIR
1358,8467294,23862.8,30085.1,8650.0,1824134,8221314,1820370,8143569,RIGR,AVEL,RIG,AVE
1359,8467292,19997.3,26252.7,7850.0,1824134,8221563,1822292,8180047,RIGR,PVPR,RIG,PVP
1360,8467292,19997.3,26252.7,7850.0,1824134,8221563,1820874,8153220,RIGR,OLQVR,RIG,OLQV
1361,8467291,19290.7,26066.7,6950.0,1824134,8221377,1822232,8178949,RIGR,BAGL,RIG,BAG
1362,8467291,19290.7,26066.7,6950.0,1824134,8221377,1822886,8193101,RIGR,RIBR,RIG,RIB
1363,8467287,20119.0,26833.8,6950.0,1824134,8221377,1822686,8188962,RIGR,RMFR,RIG,RMF
1364,8467287,20119.0,26833.8,6950.0,1824134,8221377,1822232,8178959,RIGR,BAGL,RIG,BAG
1365,8467287,20119.0,26833.8,6950.0,1824134,8221377,1822886,8193101,RIGR,RIBR,RIG,RIB
1366,8467285,18717.2,25487.2,6600.0,1824134,8221398,1822886,8193429,RIGR,RIBR,RIG,RIB
1367,8467285,18717.2,25487.2,6600.0,1824134,8221398,1820874,8153195,RIGR,OLQVR,RIG,OLQV
1368,8467284,18751.7,25466.1,6450.0,1824134,8221401,1820861,8152846,RIGR,URYVR,RIG,URYV
1369,8467284,18751.7,25466.1,6450.0,1824134,8221401,1820874,8153192,RIGR,OLQVR,RIG,OLQV
1370,8467283,17320.7,21413.8,4850.0,1824134,8221433,1819857,8133216,RIGR,RMGR,RIG,RMG
1371,8467283,17320.7,21413.8,4850.0,1824134,8221433,1822505,8185271,RIGR,RMHL,RIG,RMH
1372,8467280,17346.8,21835.6,4700.0,1824134,8221544,1824491,8229661,RIGR,AVKL,RIG,AVK
1373,8467280,17346.8,21835.6,4700.0,1824134,8221544,1822505,8185373,RIGR,RMHL,RIG,RMH
1374,8467279,17164.2,21120.4,4450.0,1824134,8221549,1824491,8229656,RIGR,AVKL,RIG,AVK
1375,8467279,17164.2,21120.4,4450.0,1824134,8221549,1822505,8185378,RIGR,RMHL,RIG,RMH
1376,8467278,16717.7,18204.4,5050.0,1824134,8221443,1822505,8185265,RIGR,RMHL,RIG,RMH
1377,8467278,16717.7,18204.4,5050.0,1824134,8221443,1819788,8131222,RIGR,ALNR,RIG,ALN
1378,8467277,19136.5,13812.3,7000.0,1820114,8138391,1822886,8193215,AIBL,RIBR,AIB,RIB
1379,8467276,19046.4,13584.5,7000.0,1824134,8221536,1822886,8193215,RIGR,RIBR,RIG,RIB
1380,8467275,20391.3,12949.8,7200.0,1824134,8221489,1823356,8202702,RIGR,AIZR,RIG,AIZ
1381,8467274,20796.9,12354.1,7400.0,1824134,8221493,1820298,8142001,RIGR,AVER,RIG,AVE
1382,8467274,20796.9,12354.1,7400.0,1824134,8221493,1823356,8202698,RIGR,AIZR,RIG,AIZ
1383,8467274,20796.9,12354.1,7400.0,1824134,8221493,1822232,8179052,RIGR,BAGL,RIG,BAG
1384,8467273,21096.3,12158.0,7400.0,1824134,8221493,1822232,8179052,RIGR,BAGL,RIG,BAG
1385,8467273,21096.3,12158.0,7400.0,1824134,8221493,1823356,8202698,RIGR,AIZR,RIG,AIZ
1386,8467272,22077.2,11627.7,7550.0,1824134,8221523,1823356,8202709,RIGR,AIZR,RIG,AIZ
1387,8467272,22077.2,11627.7,7550.0,1824134,8221523,1820298,8142004,RIGR,AVER,RIG,AVE
1388,8467272,22077.2,11627.7,7550.0,1824134,8221523,1822232,8179050,RIGR,BAGL,RIG,BAG
1389,8467271,21804.5,11736.5,7600.0,1824134,8221524,1823356,8202710,RIGR,AIZR,RIG,AIZ
1390,8467271,21804.5,11736.5,7600.0,1824134,8221524,1820298,8142005,RIGR,AVER,RIG,AVE
1391,8467271,21804.5,11736.5,7600.0,1824134,8221524,1822232,8179049,RIGR,BAGL,RIG,BAG
1392,8467270,22636.6,11516.6,7600.0,1824134,8221524,1823356,8202710,RIGR,AIZR,RIG,AIZ
1393,8467270,22636.6,11516.6,7600.0,1824134,8221524,1820298,8142005,RIGR,AVER,RIG,AVE
1394,8467270,22636.6,11516.6,7600.0,1824134,8221524,1822232,8179049,RIGR,BAGL,RIG,BAG
1395,8467269,22866.8,11402.2,7650.0,1824134,8221525,1823356,8202711,RIGR,AIZR,RIG,AIZ
1396,8467269,22866.8,11402.2,7650.0,1824134,8221525,1820298,8142006,RIGR,AVER,RIG,AVE
1397,8467269,22866.8,11402.2,7650.0,1824134,8221525,1822232,8179048,RIGR,BAGL,RIG,BAG
1398,8467268,23378.4,11309.3,7700.0,1824134,8221526,1823356,8202712,RIGR,AIZR,RIG,AIZ
1399,8467268,23378.4,11309.3,7700.0,1824134,8221526,1822232,8179047,RIGR,BAGL,RIG,BAG
1400,8467268,23378.4,11309.3,7700.0,1824134,8221526,1820298,8142007,RIGR,AVER,RIG,AVE
1401,8467267,23760.0,11365.0,7700.0,1824134,8221526,1820298,8142007,RIGR,AVER,RIG,AVE
1402,8467267,23760.0,11365.0,7700.0,1824134,8221526,1823356,8202712,RIGR,AIZR,RIG,AIZ
1403,8467266,26444.7,11272.3,7850.0,1824134,8221529,1822232,8179064,RIGR,BAGL,RIG,BAG
1404,8467266,26444.7,11272.3,7850.0,1824134,8221529,1820370,8143884,RIGR,AVEL,RIG,AVE
1405,8467244,35321.4,23851.3,6550.0,1824194,8222900,1822686,8189259,RIGL,RMFR,RIG,RMF
1406,8467244,35321.4,23851.3,6550.0,1824194,8222900,1823728,8211243,RIGL,RMFL,RIG,RMF
1407,8467257,27872.9,30083.1,10600.0,1824194,8222738,1820068,8137780,RIGL,AIBR,RIG,AIB
1408,8467257,27872.9,30083.1,10600.0,1824194,8222738,1819915,8134604,RIGL,AVKR,RIG,AVK
1409,8467257,27872.9,30083.1,10600.0,1824194,8222738,1823428,8204180,RIGL,AIZL,RIG,AIZ
1410,8467256,29727.5,29586.8,8050.0,1824194,8222788,1823428,8203922,RIGL,AIZL,RIG,AIZ
1411,8467256,29727.5,29586.8,8050.0,1824194,8222788,1820298,8142542,RIGL,AVER,RIG,AVE
1412,8467256,29727.5,29586.8,8050.0,1824194,8222788,1823428,8203909,RIGL,AIZL,RIG,AIZ
1413,8467255,30697.9,28987.6,7600.0,1824194,8222797,1820298,8142551,RIGL,AVER,RIG,AVE
1414,8467255,30697.9,28987.6,7600.0,1824194,8222797,1819995,8136449,RIGL,RIR,RIG,RIR
1415,8467253,33803.4,25199.8,7500.0,1824194,8222843,1820832,8152145,RIGL,OLQVL,RIG,OLQV
1416,8467253,33803.4,25199.8,7500.0,1824194,8222843,1819487,8124877,RIGL,PVQL,RIG,PVQ
1417,8467251,33302.2,26436.3,6950.0,1824194,8222831,1822365,8181856,RIGL,RIAL,RIG,RIA
1418,8467251,33302.2,26436.3,6950.0,1824194,8222831,1823728,8210691,RIGL,RMFL,RIG,RMF
1419,8467249,33729.6,25312.5,7350.0,1824194,8222840,1820843,8152467,RIGL,URYVL,RIG,URYV
1420,8467249,33729.6,25312.5,7350.0,1824194,8222840,1820832,8152142,RIGL,OLQVL,RIG,OLQV
1421,8467247,33720.9,25421.2,8100.0,1824194,8222871,1823428,8203948,RIGL,AIZL,RIG,AIZ
1422,8467247,33720.9,25421.2,8100.0,1824194,8222871,1823460,8204632,RIGL,ASHL,RIG,ASH
1423,8467246,33109.2,26462.4,6650.0,1824194,8222875,1822686,8189362,RIGL,RMFR,RIG,RMF
1424,8467246,33109.2,26462.4,6650.0,1824194,8222875,1820039,8137082,RIGL,BAGR,RIG,BAG
1425,8467246,33109.2,26462.4,6650.0,1824194,8222875,1823728,8210697,RIGL,RMFL,RIG,RMF
1426,8467245,34523.9,23928.5,6500.0,1824194,8222899,1821041,8157410,RIGL,URXL,RIG,URX
1427,8467245,34523.9,23928.5,6500.0,1824194,8222899,1820155,8139530,RIGL,AVBR,RIG,AVB
1428,8467245,34523.9,23928.5,6500.0,1824194,8222899,1820254,8141762,RIGL,RIML,RIG,RIM
1429,8467242,35144.5,23163.1,6650.0,1824194,8222902,1820039,8137073,RIGL,BAGR,RIG,BAG
1430,8467242,35144.5,23163.1,6650.0,1824194,8222902,1823728,8211247,RIGL,RMFL,RIG,RMF
1431,8467241,35046.6,23343.6,6850.0,1821041,8157402,1822365,8182484,URXL,RIAL,URX,RIA
1432,8467241,35046.6,23343.6,6850.0,1821041,8157402,1824194,8222906,URXL,RIGL,URX,RIG
1433,8467240,35065.2,22824.2,6850.0,1824194,8222906,1820068,8137628,RIGL,AIBR,RIG,AIB
1434,8467240,35065.2,22824.2,6850.0,1824194,8222906,1823728,8211251,RIGL,RMFL,RIG,RMF
1435,8467238,34267.4,21920.3,5200.0,1824194,8222942,1824349,8226361,RIGL,RMGL,RIG,RMG
1436,8467238,34267.4,21920.3,5200.0,1824194,8222942,1822505,8185494,RIGL,RMHL,RIG,RMH
1437,8467238,34267.4,21920.3,5200.0,1824194,8222942,1822455,8184042,RIGL,RMHR,RIG,RMH
1438,8467237,34675.6,20865.4,5000.0,1824194,8222946,1824349,8226494,RIGL,RMGL,RIG,RMG
1439,8467237,34675.6,20865.4,5000.0,1824194,8222946,1822455,8184030,RIGL,RMHR,RIG,RMH
1440,8467236,34746.4,19850.8,4900.0,1824194,8222948,1819716,8129426,RIGL,ALNL,RIG,ALN
1441,8467236,34746.4,19850.8,4900.0,1824194,8222948,1819915,8134467,RIGL,AVKR,RIG,AVK
1442,8467236,34746.4,19850.8,4900.0,1824194,8222948,1822455,8184032,RIGL,RMHR,RIG,RMH
1443,8467235,34513.6,22415.9,4900.0,1824194,8222950,1819915,8134485,RIGL,AVKR,RIG,AVK
1444,8467235,34513.6,22415.9,4900.0,1824194,8222950,1824349,8226370,RIGL,RMGL,RIG,RMG
1445,8467233,34889.4,21917.6,4700.0,1824194,8222954,1822455,8184146,RIGL,RMHR,RIG,RMH
1446,8467233,34889.4,21917.6,4700.0,1824194,8222954,1819915,8134478,RIGL,AVKR,RIG,AVK
1447,8467232,34387.1,18834.7,5100.0,1824194,8222956,1819716,8129423,RIGL,ALNL,RIG,ALN
1448,8467232,34387.1,18834.7,5100.0,1824194,8222956,1819915,8134463,RIGL,AVKR,RIG,AVK
1449,8467231,31190.2,13318.4,6950.0,1824194,8223006,1820370,8143908,RIGL,AVEL,RIG,AVE
1450,8467231,31190.2,13318.4,6950.0,1824194,8223006,1823428,8204052,RIGL,AIZL,RIG,AIZ
1451,8467230,30605.2,12634.4,7200.0,1824194,8223011,1823428,8204047,RIGL,AIZL,RIG,AIZ
1452,8467230,30605.2,12634.4,7200.0,1824194,8223011,1820370,8143316,RIGL,AVEL,RIG,AVE
1453,8467230,30605.2,12634.4,7200.0,1824194,8223011,1820039,8137203,RIGL,BAGR,RIG,BAG
1454,8467230,30605.2,12634.4,7200.0,1824194,8223011,1821079,8157703,RIGL,OLQDL,RIG,OLQD
1455,8467229,30305.7,12293.0,7300.0,1824194,8223013,1823428,8204045,RIGL,AIZL,RIG,AIZ
1456,8467229,30305.7,12293.0,7300.0,1824194,8223013,1820370,8143318,RIGL,AVEL,RIG,AVE
1457,8467229,30305.7,12293.0,7300.0,1824194,8223013,1820039,8137201,RIGL,BAGR,RIG,BAG
1458,8467228,29727.7,11901.2,7450.0,1824194,8223017,1820039,8137198,RIGL,BAGR,RIG,BAG
1459,8467228,29727.7,11901.2,7450.0,1824194,8223017,1820370,8143321,RIGL,AVEL,RIG,AVE
1460,8467228,29727.7,11901.2,7450.0,1824194,8223017,1823428,8204031,RIGL,AIZL,RIG,AIZ
1461,8467227,27560.3,11336.0,7700.0,1824194,8223022,1820370,8143329,RIGL,AVEL,RIG,AVE
1462,8467227,27560.3,11336.0,7700.0,1824194,8223022,1823428,8204133,RIGL,AIZL,RIG,AIZ
1463,8467226,27989.2,11500.7,7600.0,1824194,8223020,1820370,8143330,RIGL,AVEL,RIG,AVE
1464,8467226,27989.2,11500.7,7600.0,1824194,8223020,1823428,8204067,RIGL,AIZL,RIG,AIZ
1465,8467225,27777.2,11445.0,7600.0,1824194,8223020,1820370,8143330,RIGL,AVEL,RIG,AVE
1466,8467225,27777.2,11445.0,7600.0,1824194,8223020,1823428,8204066,RIGL,AIZL,RIG,AIZ
1467,8467224,28757.7,11638.5,7650.0,1824194,8223021,1820370,8143325,RIGL,AVEL,RIG,AVE
1468,8467224,28757.7,11638.5,7650.0,1824194,8223021,1823428,8204068,RIGL,AIZL,RIG,AIZ
1469,8467223,29295.6,11707.0,7650.0,1824194,8223021,1820039,8137194,RIGL,BAGR,RIG,BAG
1470,8467223,29295.6,11707.0,7650.0,1824194,8223021,1820370,8143325,RIGL,AVEL,RIG,AVE
1471,8467218,23329.8,29533.7,12300.0,1823838,8213480,1822292,8179960,RIFR,PVPR,RIF,PVP
1472,8467218,23329.8,29533.7,12300.0,1823838,8213480,1820155,8138981,RIFR,AVBR,RIF,AVB
1473,8467217,26084.2,34348.0,20600.0,1823838,8213316,1823665,8208902,RIFR,HSNR,RIF,HSN
1474,8467217,26084.2,34348.0,20600.0,1823838,8213316,1819086,8120842,RIFR,excduct,RIF,excduct
1475,8467216,24799.9,33010.9,17350.0,1823838,8213380,1824155,8221691,RIFR,AIMR,RIF,AIM
1476,8467216,24799.9,33010.9,17350.0,1823838,8213380,1819686,8128731,RIFR,AIAR,RIF,AIA
1477,8467215,24709.2,32975.7,17150.0,1823838,8213384,1823665,8208971,RIFR,HSNR,RIF,HSN
1478,8467215,24709.2,32975.7,17150.0,1823838,8213384,1819686,8128735,RIFR,AIAR,RIF,AIA
1479,8467214,23854.0,30343.2,13750.0,1823838,8213451,1820217,8140998,RIFR,RIMR,RIF,RIM
1480,8467214,23854.0,30343.2,13750.0,1823838,8213451,1820155,8138952,RIFR,AVBR,RIF,AVB
1481,8467213,23582.9,29900.9,13200.0,1823838,8213462,1822292,8179942,RIFR,PVPR,RIF,PVP
1482,8467213,23582.9,29900.9,13200.0,1823838,8213462,1820155,8138963,RIFR,AVBR,RIF,AVB
1483,8467213,23582.9,29900.9,13200.0,1823838,8213462,1819505,8125281,RIFR,AVJL,RIF,AVJ
1484,8467212,23089.8,29232.6,12250.0,1823838,8213481,1820155,8138982,RIFR,AVBR,RIF,AVB
1485,8467212,23089.8,29232.6,12250.0,1823838,8213481,1819505,8125262,RIFR,AVJL,RIF,AVJ
1486,8467211,21283.3,26002.0,9600.0,1823838,8213556,1820155,8139035,RIFR,AVBR,RIF,AVB
1487,8467211,21283.3,26002.0,9600.0,1823838,8213556,1819774,8130946,RIFR,ALMR,RIF,ALM
1488,8467210,21084.5,26259.2,9300.0,1823838,8213658,1819505,8125204,RIFR,AVJL,RIF,AVJ
1489,8467210,21084.5,26259.2,9300.0,1823838,8213658,1820155,8139040,RIFR,AVBR,RIF,AVB
1490,8467209,20848.8,25971.0,9250.0,1823838,8213659,1820155,8139041,RIFR,AVBR,RIF,AVB
1491,8467209,20848.8,25971.0,9250.0,1823838,8213659,1819774,8130940,RIFR,ALMR,RIF,ALM
1492,8467208,18781.2,20838.2,9150.0,1823838,8213569,1819454,8124379,RIFR,AVFL,RIF,AVF
1493,8467208,18781.2,20838.2,9150.0,1823838,8213569,1819857,8132967,RIFR,RMGR,RIF,RMG
1494,8467207,24988.7,13690.3,8600.0,1823838,8213614,1820155,8139579,RIFR,AVBR,RIF,AVB
1495,8467207,24988.7,13690.3,8600.0,1823838,8213614,1819587,8127040,RIFR,AVHR,RIF,AVH
1496,8467206,26729.7,13648.2,8650.0,1823838,8213618,1819330,8121815,RIFR,PVNR,RIF,PVN
1497,8467206,26729.7,13648.2,8650.0,1823838,8213618,1823242,8200597,RIFR,AVBL,RIF,AVB
1498,8467205,23719.4,13810.0,8450.0,1823838,8213604,1819435,8123923,RIFR,BDUL,RIF,BDU
1499,8467205,23719.4,13810.0,8450.0,1823838,8213604,1820155,8139576,RIFR,AVBR,RIF,AVB
1500,8467204,23513.2,13571.8,8350.0,1823838,8213606,1824067,8220049,RIFR,AQR,RIF,AQR
1501,8467204,23513.2,13571.8,8350.0,1823838,8213606,1820155,8139574,RIFR,AVBR,RIF,AVB
1502,8467203,27601.6,13486.8,8650.0,1823838,8213636,1819330,8121815,RIFR,PVNR,RIF,PVN
1503,8467203,27601.6,13486.8,8650.0,1823838,8213636,1823242,8200597,RIFR,AVBL,RIF,AVB
1504,8467202,28245.9,13595.2,8500.0,1823838,8213639,1823242,8200599,RIFR,AVBL,RIF,AVB
1505,8467202,28245.9,13595.2,8500.0,1823838,8213639,1822086,8176291,RIFR,PVPL,RIF,PVP
1506,8467201,23916.2,13476.0,8700.0,1823838,8213608,1820155,8139581,RIFR,AVBR,RIF,AVB
1507,8467201,23916.2,13476.0,8700.0,1823838,8213608,1823320,8201781,RIFR,ASHR,RIF,ASH
1508,8467199,27421.9,32263.4,17200.0,1823859,8213781,1820254,8141828,RIFL,RIML,RIF,RIM
1509,8467199,27421.9,32263.4,17200.0,1823859,8213781,1820155,8139377,RIFL,AVBR,RIF,AVB
1510,8467198,27591.0,32310.9,17050.0,1823859,8213784,1823242,8200626,RIFL,AVBL,RIF,AVB
1511,8467198,27591.0,32310.9,17050.0,1823859,8213784,1820155,8139374,RIFL,AVBR,RIF,AVB
1512,8467198,27591.0,32310.9,17050.0,1823859,8213784,1820254,8141825,RIFL,RIML,RIF,RIM
1513,8467180,19287.8,21151.6,9900.0,1823859,8214100,1819454,9639017,RIFL,AVFL,RIF,AVF
1514,8467180,19287.8,21151.6,9900.0,1823859,8214100,1819385,8122913,RIFL,AVFR,RIF,AVF
1515,8467180,19287.8,21151.6,9900.0,1823859,8214100,1824155,8221881,RIFL,AIMR,RIF,AIM
1516,8467196,26476.8,33197.9,17350.0,1823859,8213778,1820217,8141086,RIFL,RIMR,RIF,RIM
1517,8467196,26476.8,33197.9,17350.0,1823859,8213778,1820155,8138879,RIFL,AVBR,RIF,AVB
1518,8467195,27944.8,32797.2,16700.0,1823859,8213791,1820254,8141818,RIFL,RIML,RIF,RIM
1519,8467195,27944.8,32797.2,16700.0,1823859,8213791,1823242,8200620,RIFL,AVBL,RIF,AVB
1520,8467194,28371.8,32047.6,15900.0,1823859,8213830,1820254,8141192,RIFL,RIML,RIF,RIM
1521,8467194,28371.8,32047.6,15900.0,1823859,8213830,1820155,8139351,RIFL,AVBR,RIF,AVB
1522,8467194,28371.8,32047.6,15900.0,1823859,8213830,1823242,8199965,RIFL,AVBL,RIF,AVB
1523,8467193,28522.4,31903.7,15700.0,1823859,8213834,1820155,8139347,RIFL,AVBR,RIF,AVB
1524,8467193,28522.4,31903.7,15700.0,1823859,8213834,1820254,8141196,RIFL,RIML,RIF,RIM
1525,8467193,28522.4,31903.7,15700.0,1823859,8213834,1823242,8199969,RIFL,AVBL,RIF,AVB
1526,8467192,28795.5,31951.6,15500.0,1823859,8213838,1823460,8204342,RIFL,ASHL,RIF,ASH
1527,8467192,28795.5,31951.6,15500.0,1823859,8213838,1820254,8141795,RIFL,RIML,RIF,RIM
1528,8467192,28795.5,31951.6,15500.0,1823859,8213838,1823242,8199973,RIFL,AVBL,RIF,AVB
1529,8467191,28832.9,31450.8,14400.0,1823859,8213859,1820254,8141222,RIFL,RIML,RIF,RIM
1530,8467191,28832.9,31450.8,14400.0,1823859,8213859,1823460,8204363,RIFL,ASHL,RIF,ASH
1531,8467191,28832.9,31450.8,14400.0,1823859,8213859,1823242,8199994,RIFL,AVBL,RIF,AVB
1532,8467190,26286.1,33797.5,18100.0,1823859,8213763,1820155,8138864,RIFL,AVBR,RIF,AVB
1533,8467190,26286.1,33797.5,18100.0,1823859,8213763,1820254,8141866,RIFL,RIML,RIF,RIM
1534,8467188,26513.8,32903.1,17450.0,1823859,8213776,1820217,8141088,RIFL,RIMR,RIF,RIM
1535,8467188,26513.8,32903.1,17450.0,1823859,8213776,1820155,8139630,RIFL,AVBR,RIF,AVB
1536,8467187,25700.1,32476.8,16950.0,1823859,8213878,1823242,8200418,RIFL,AVBL,RIF,AVB
1537,8467187,25700.1,32476.8,16950.0,1823859,8213878,1820217,8140416,RIFL,RIMR,RIF,RIM
1538,8467187,25700.1,32476.8,16950.0,1823859,8213878,1820155,8138889,RIFL,AVBR,RIF,AVB
1539,8467186,25347.8,32179.7,16300.0,1823859,8213891,1819505,8125343,RIFL,AVJL,RIF,AVJ
1540,8467186,25347.8,32179.7,16300.0,1823859,8213891,1820217,8141082,RIFL,RIMR,RIF,RIM
1541,8467186,25347.8,32179.7,16300.0,1823859,8213891,1820217,8140429,RIFL,RIMR,RIF,RIM
1542,8467186,25347.8,32179.7,16300.0,1823859,8213891,1820155,8138902,RIFL,AVBR,RIF,AVB
1543,8467185,22035.9,28811.6,11900.0,1823859,8213977,1819385,8122995,RIFL,AVFR,RIF,AVF
1544,8467185,22035.9,28811.6,11900.0,1823859,8213977,1820217,8141035,RIFL,RIMR,RIF,RIM
1545,8467184,20606.2,25978.6,10150.0,1823859,8214011,1819385,8122940,RIFL,AVFR,RIF,AVF
1546,8467183,19620.4,16153.2,9100.0,1823859,8214049,1819587,8127006,RIFL,AVHR,RIF,AVH
1547,8467183,19620.4,16153.2,9100.0,1823859,8214049,1822066,8175475,RIFL,AVJR,RIF,AVJ
1548,8467182,19352.8,16600.7,9100.0,1823859,8214049,1822126,8176871,RIFL,AVDR,RIF,AVD
1549,8467182,19352.8,16600.7,9100.0,1823859,8214049,1819774,8130901,RIFL,ALMR,RIF,ALM
1550,8466959,25987.8,13257.4,5200.0,1823630,8208433,1822426,8183426,SMDDR,RIAR,SMDD,RIA
1551,8466959,25987.8,13257.4,5200.0,1823630,8208433,1820552,8146969,SMDDR,SMDVL,SMDD,SMDV
1552,8467175,29568.6,14264.5,5250.0,1822426,8183440,1823795,8212588,RIAR,SIADR,RIA,SIAD
1553,8467175,29568.6,14264.5,5250.0,1822426,8183440,1820449,8145039,RIAR,RMDL,RIA,RMDL/R
1554,8467039,29516.9,27274.6,8100.0,1822426,8183556,1819940,8135346,RIAR,RIVR,RIA,RIV
1555,8467039,29516.9,27274.6,8100.0,1822426,8183556,1823957,8216585,RIAR,SIAVL,RIA,SIAV
1556,8466900,27816.5,27165.9,9100.0,1822426,8183576,1821299,8163376,RIAR,CEPVL,RIA,CEPV
1557,8466900,27816.5,27165.9,9100.0,1822426,8183576,1820590,8147882,RIAR,SMDVR,RIA,SMDV
1558,8467172,33140.4,22302.3,4000.0,1822365,8182457,1824277,8224692,RIAL,RMDDL,RIA,RMDD
1559,8467172,33140.4,22302.3,4000.0,1822365,8182457,1820413,8144610,RIAL,RMDR,RIA,RMDL/R
1560,8467171,32753.5,22842.1,4400.0,1822365,8182212,1822426,8183585,RIAL,RIAR,RIA,RIA
1561,8467171,32753.5,22842.1,4400.0,1822365,8182212,1820449,8145465,RIAL,RMDL,RIA,RMDL/R
1562,8467167,22290.1,29116.3,12050.0,1823859,8213974,1820217,8141076,RIFL,RIMR,RIF,RIM
1563,8467167,22290.1,29116.3,12050.0,1823859,8213974,1819385,8122998,RIFL,AVFR,RIF,AVF
1564,8467165,31735.7,26154.3,6700.0,1823514,8205953,1820254,8141375,RICL,RIML,RIC,RIM
1565,8467165,31735.7,26154.3,6700.0,1823514,8205953,1823121,8197906,RICL,SMDDL,RIC,SMDD
1566,8467163,31055.1,26600.8,7300.0,1823514,8205941,1823121,8197894,RICL,SMDDL,RIC,SMDD
1567,8467163,31055.1,26600.8,7300.0,1823514,8205941,1824396,8227265,RICL,AVAR,RIC,AVA
1568,8467162,31673.2,26264.2,7000.0,1823514,8205947,1823121,8197900,RICL,SMDDL,RIC,SMDD
1569,8467162,31673.2,26264.2,7000.0,1823514,8205947,1824396,8227259,RICL,AVAR,RIC,AVA
1570,8467162,31673.2,26264.2,7000.0,1823514,8205947,1820254,8141368,RICL,RIML,RIC,RIM
1571,8467161,29982.3,27154.9,8450.0,1823514,8205555,1823121,8197869,RICL,SMDDL,RIC,SMDD
1572,8467161,29982.3,27154.9,8450.0,1823514,8205555,1824396,8227288,RICL,AVAR,RIC,AVA
1573,8467160,30303.3,27009.2,8100.0,1823514,8205562,1823121,8197876,RICL,SMDDL,RIC,SMDD
1574,8467160,30303.3,27009.2,8100.0,1823514,8205562,1824396,8227281,RICL,AVAR,RIC,AVA
1575,8467159,30687.3,26772.9,7600.0,1823514,8205572,1823121,8197888,RICL,SMDDL,RIC,SMDD
1576,8467159,30687.3,26772.9,7600.0,1823514,8205572,1824396,8227271,RICL,AVAR,RIC,AVA
1577,8467158,32269.3,21610.8,7800.0,1823514,8205593,1821299,8163564,RICL,CEPVL,RIC,CEPV
1578,8467157,31405.7,16197.3,7750.0,1823514,8205904,1822484,8184710,RICL,ADAL,RIC,ADA
1579,8467157,31405.7,16197.3,7750.0,1823514,8205904,1820190,8139766,RICL,AVAL,RIC,AVA
1580,8467156,31842.8,17516.6,7450.0,1823514,8205619,1821140,8159339,RICL,CEPDL,RIC,CEPD
1581,8467155,31911.8,17773.6,7500.0,1823514,8205620,1821140,8159338,RICL,CEPDL,RIC,CEPD
1582,8467154,31159.2,16114.7,7450.0,1823514,8205629,1820190,8139760,RICL,AVAL,RIC,AVA
1583,8467154,31159.2,16114.7,7450.0,1823514,8205629,1821041,8157533,RICL,URXL,RIC,URX
1584,8467153,26261.9,13345.5,6600.0,1823514,8205886,1824396,8227641,RICL,AVAR,RIC,AVA
1585,8467153,26261.9,13345.5,6600.0,1823514,8205886,1820217,8140665,RICL,RIMR,RIC,RIM
1586,8467152,27807.8,13261.9,6400.0,1824100,8220784,1824396,8227210,SAADR,AVAR,SAAD,AVA
1587,8467151,28063.3,13419.8,6450.0,1824100,8220783,1824396,8227212,SAADR,AVAR,SAAD,AVA
1588,8467150,26661.5,13684.8,6450.0,1823514,8205889,1824396,8227212,RICL,AVAR,RIC,AVA
1589,8467150,26661.5,13684.8,6450.0,1823514,8205889,1820190,8139797,RICL,AVAL,RIC,AVA
1590,8467148,19384.7,15240.2,5800.0,1823514,8205870,1820190,8140215,RICL,AVAL,RIC,AVA
1591,8467148,19384.7,15240.2,5800.0,1823514,8205870,1820254,8141446,RICL,RIML,RIC,RIM
1592,8467147,19559.8,14951.8,6100.0,1823514,8205672,1820590,8147686,RICL,SMDVR,RIC,SMDV
1593,8467147,19559.8,14951.8,6100.0,1823514,8205672,1820190,8139839,RICL,AVAL,RIC,AVA
1594,8467147,19559.8,14951.8,6100.0,1823514,8205672,1820254,8141440,RICL,RIML,RIC,RIM
1595,8467146,18910.9,17259.6,6300.0,1823514,8205681,1820969,8155813,RICL,CEPDR,RIC,CEPD
1596,8467145,18497.4,21707.0,7800.0,1823514,8205719,1822153,8177575,RICL,AVDL,RIC,AVD
1597,8467145,18497.4,21707.0,7800.0,1823514,8205719,1820155,8139606,RICL,AVBR,RIC,AVB
1598,8467145,18497.4,21707.0,7800.0,1823514,8205719,1822105,8176646,RICL,PVCR,RIC,PVC
1599,8467144,23534.7,27753.4,9400.0,1823514,8205771,1823630,8208299,RICL,SMDDR,RIC,SMDD
1600,8467144,23534.7,27753.4,9400.0,1823514,8205771,1820190,8139923,RICL,AVAL,RIC,AVA
1601,8467144,23534.7,27753.4,9400.0,1823514,8205771,1822455,8183855,RICL,RMHR,RIC,RMH
1602,8467143,23839.1,27642.8,9800.0,1823514,8205778,1823630,8208292,RICL,SMDDR,RIC,SMDD
1603,8467143,23839.1,27642.8,9800.0,1823514,8205778,1820190,8139930,RICL,AVAL,RIC,AVA
1604,8467135,25487.7,28840.0,7250.0,1822886,8193479,1820552,8147118,RIBR,SMDVL,RIB,SMDV
1605,8467135,25487.7,28840.0,7250.0,1822886,8193479,1820370,8143526,RIBR,AVEL,RIB,AVE
1606,8467134,21589.7,26507.6,4350.0,1822886,8193519,1820370,8143468,RIBR,AVEL,RIB,AVE
1607,8467132,21196.8,25979.9,4000.0,1822886,8193526,1820861,8153016,RIBR,URYVR,RIB,URYV
1608,8467132,21196.8,25979.9,4000.0,1822886,8193526,1820370,8143461,RIBR,AVEL,RIB,AVE
1609,8467131,18716.7,22498.6,3450.0,1822886,8193554,1820370,8143446,RIBR,AVEL,RIB,AVE
1610,8467130,18076.1,25173.7,7350.0,1822886,8193120,1822232,8178934,RIBR,BAGL,RIB,BAG
1611,8467130,18076.1,25173.7,7350.0,1822886,8193120,1822426,8183014,RIBR,RIAR,RIB,RIA
1612,8467128,15903.2,20776.5,7350.0,1822886,8193156,1824396,8227176,RIBR,AVAR,RIB,AVA
1613,8467128,15903.2,20776.5,7350.0,1822886,8193156,1822232,8178844,RIBR,BAGL,RIB,BAG
1614,8467127,16319.2,20170.3,6300.0,1822886,8193417,1820217,8140630,RIBR,RIMR,RIB,RIM
1615,8467127,16319.2,20170.3,6300.0,1822886,8193417,1820114,8138428,RIBR,AIBL,RIB,AIB
1616,8467126,21766.4,11911.5,8300.0,1822886,8193393,1820298,8142586,RIBR,AVER,RIB,AVE
1617,8467126,21766.4,11911.5,8300.0,1822886,8193393,1822232,8179055,RIBR,BAGL,RIB,BAG
1618,8467125,22665.3,11546.1,8350.0,1822886,8193392,1820298,8142587,RIBR,AVER,RIB,AVE
1619,8467125,22665.3,11546.1,8350.0,1822886,8193392,1822232,8178798,RIBR,BAGL,RIB,BAG
1620,8467124,18200.2,14568.1,7050.0,1822886,8193214,1820114,8138705,RIBR,AIBL,RIB,AIB
1621,8467124,18200.2,14568.1,7050.0,1822886,8193214,1822153,8177544,RIBR,AVDL,RIB,AVD
1622,8467123,18809.7,14125.5,7050.0,1822886,8193214,1822153,8177544,RIBR,AVDL,RIB,AVD
1623,8467123,18809.7,14125.5,7050.0,1822886,8193214,1820114,8138392,RIBR,AIBL,RIB,AIB
1624,8467123,18809.7,14125.5,7050.0,1822886,8193214,1820298,8141994,RIBR,AVER,RIB,AVE
1625,8467122,18612.8,13940.8,6800.0,1822886,8193219,1824134,8221480,RIBR,RIGR,RIB,RIG
1626,8467122,18612.8,13940.8,6800.0,1822886,8193219,1820114,8138402,RIBR,AIBL,RIB,AIB
1627,8467121,24234.1,12261.1,4900.0,1822886,8193362,1823121,8198011,RIBR,SMDDL,RIB,SMDD
1628,8467121,24234.1,12261.1,4900.0,1822886,8193362,1820370,8143387,RIBR,AVEL,RIB,AVE
1629,8467120,19747.9,13898.5,3750.0,1820992,8156288,1820689,8150356,URYDR,RMDVR,URYD,RMDV
1630,8467120,19747.9,13898.5,3750.0,1820992,8156288,1820370,8143415,URYDR,AVEL,URYD,AVE
1631,8467119,19019.2,14343.7,3750.0,1822886,8193279,1820992,8156288,RIBR,URYDR,RIB,URYD
1632,8467119,19019.2,14343.7,3750.0,1822886,8193279,1820370,8143415,RIBR,AVEL,RIB,AVE
1633,8467118,18949.8,14304.0,3600.0,1822886,8193282,1820370,8143418,RIBR,AVEL,RIB,AVE
1634,8467117,18472.6,15327.3,3200.0,1822886,8193290,1820370,8143426,RIBR,AVEL,RIB,AVE
1635,8467117,18472.6,15327.3,3200.0,1822886,8193290,1821212,8161416,RIBR,OLLR,RIB,OLL
1636,8467116,17547.5,18536.4,3450.0,1822886,8193315,1823880,8214841,RIBR,RIS,RIB,RIS
1637,8467116,17547.5,18536.4,3450.0,1822886,8193315,1820370,8143434,RIBR,AVEL,RIB,AVE
1638,8467102,29409.6,34799.1,16950.0,1823055,8196163,1820254,8141171,RIBL,RIML,RIB,RIM
1639,8467102,29409.6,34799.1,16950.0,1823055,8196163,1823084,8196875,RIBL,AUAL,RIB,AUA
1640,8467101,30168.7,31063.2,8950.0,1823055,8196318,1822732,8189733,RIBL,RIH,RIB,RIH
1641,8467100,33327.9,27193.9,6850.0,1823055,8196360,1822365,8182470,RIBL,RIAL,RIB,RIA
1642,8467100,33327.9,27193.9,6850.0,1823055,8196360,1820039,8137107,RIBL,BAGR,RIB,BAG
1643,8467099,30312.2,27954.4,5900.0,1823055,8196678,1820590,8147818,RIBL,SMDVR,RIB,SMDV
1644,8467099,30312.2,27954.4,5900.0,1823055,8196678,1820298,8142192,RIBL,AVER,RIB,AVE
1645,8467098,28918.0,28568.6,6650.0,1823055,8196694,1820590,8147833,RIBL,SMDVR,RIB,SMDV
1646,8467098,28918.0,28568.6,6650.0,1823055,8196694,1820298,8142207,RIBL,AVER,RIB,AVE
1647,8467097,33229.9,25452.8,3450.0,1823055,8196754,1820298,8142143,RIBL,AVER,RIB,AVE
1648,8467096,33823.1,24167.9,3050.0,1823055,8196762,1823880,8214794,RIBL,RIS,RIB,RIS
1649,8467096,33823.1,24167.9,3050.0,1823055,8196762,1820298,8142132,RIBL,AVER,RIB,AVE
1650,8467095,33926.5,20743.7,3550.0,1823055,8196780,1820298,8142115,RIBL,AVER,RIB,AVE
1651,8467095,33926.5,20743.7,3550.0,1823055,8196780,1821278,8162981,RIBL,OLLL,RIB,OLL
1652,8467094,34022.0,20152.9,3850.0,1823055,8196786,1820298,8142561,RIBL,AVER,RIB,AVE
1653,8467093,34533.5,25368.3,6650.0,1823055,8196371,1820039,8137082,RIBL,BAGR,RIB,BAG
1654,8467093,34533.5,25368.3,6650.0,1823055,8196371,1820843,8152453,RIBL,URYVL,RIB,URYV
1655,8467092,34976.3,25053.1,7100.0,1823055,8196380,1823084,8197225,RIBL,AUAL,RIB,AUA
1656,8467092,34976.3,25053.1,7100.0,1823055,8196380,1820039,8137060,RIBL,BAGR,RIB,BAG
1657,8467090,36004.2,20510.4,7700.0,1823055,8196406,1820190,8139736,RIBL,AVAL,RIB,AVA
1658,8467090,36004.2,20510.4,7700.0,1823055,8196406,1820039,8136977,RIBL,BAGR,RIB,BAG
1659,8467089,35744.1,20091.7,7500.0,1823055,8196410,1820039,8136981,RIBL,BAGR,RIB,BAG
1660,8467089,35744.1,20091.7,7500.0,1823055,8196410,1820190,8140225,RIBL,AVAL,RIB,AVA
1661,8467088,35526.9,19723.6,6950.0,1823055,8196421,1820190,8140328,RIBL,AVAL,RIB,AVA
1662,8467088,35526.9,19723.6,6950.0,1823055,8196421,1820068,8137623,RIBL,AIBR,RIB,AIB
1663,8467086,35448.0,19434.6,6900.0,1823055,8196422,1820190,8140329,RIBL,AVAL,RIB,AVA
1664,8467086,35448.0,19434.6,6900.0,1823055,8196422,1820068,8137622,RIBL,AIBR,RIB,AIB
1665,8467085,34620.7,17627.2,6600.0,1823055,8196636,1820254,8141706,RIBL,RIML,RIB,RIM
1666,8467085,34620.7,17627.2,6600.0,1823055,8196636,1820068,8137608,RIBL,AIBR,RIB,AIB
1667,8467084,35373.1,19339.0,6600.0,1823055,8196628,1820068,8137616,RIBL,AIBR,RIB,AIB
1668,8467083,30062.6,12666.2,8300.0,1823055,8196460,1820370,8143900,RIBL,AVEL,RIB,AVE
1669,8467083,30062.6,12666.2,8300.0,1823055,8196460,1820039,8136941,RIBL,BAGR,RIB,BAG
1670,8467082,28242.1,11564.1,8450.0,1823055,8196469,1820039,8136944,RIBL,BAGR,RIB,BAG
1671,8467082,28242.1,11564.1,8450.0,1823055,8196469,1820370,8143903,RIBL,AVEL,RIB,AVE
1672,8467080,25213.3,11558.7,8300.0,1823055,8196475,1822962,8472472,RIBL,AUAR,RIB,AUA
1673,8467080,25213.3,11558.7,8300.0,1823055,8196475,1820039,8136933,RIBL,BAGR,RIB,BAG
1674,8467080,25213.3,11558.7,8300.0,1823055,8196475,1820114,8138341,RIBL,AIBL,RIB,AIB
1675,8467079,33018.1,15184.4,6850.0,1823055,8196504,1820068,8137598,RIBL,AIBR,RIB,AIB
1676,8467079,33018.1,15184.4,6850.0,1823055,8196504,1822263,8179640,RIBL,DVA,RIB,DVA
1677,8467079,33018.1,15184.4,6850.0,1823055,8196504,1822126,8176975,RIBL,AVDR,RIB,AVD
1678,8467075,28666.3,12276.8,4450.0,1823055,8196552,1823630,8208634,RIBL,SMDDR,RIB,SMDD
1679,8467075,28666.3,12276.8,4450.0,1823055,8196552,1821091,8158200,RIBL,URYDL,RIB,URYD
1680,8467075,28666.3,12276.8,4450.0,1823055,8196552,1820298,8142075,RIBL,AVER,RIB,AVE
1681,8467074,32819.4,16031.8,3550.0,1823880,8214647,1820298,8142102,RIS,AVER,RIS,AVE
1682,8467074,32819.4,16031.8,3550.0,1823880,8214647,1823055,8196597,RIS,RIBL,RIS,RIB
1683,8467074,32819.4,16031.8,3550.0,1823880,8214647,1821140,8159480,RIS,CEPDL,RIS,CEPD
1684,8467072,32739.9,15870.2,3450.0,1823055,8196599,1823880,8214649,RIBL,RIS,RIB,RIS
1685,8467072,32739.9,15870.2,3450.0,1823055,8196599,1820298,8142099,RIBL,AVER,RIB,AVE
1686,8467070,32853.9,16031.8,3400.0,1823055,8196600,1820298,8142564,RIBL,AVER,RIB,AVE
1687,8467051,27054.6,13145.8,5400.0,1822426,8183430,1823795,8212578,RIAR,SIADR,RIA,SIAD
1688,8467051,27054.6,13145.8,5400.0,1822426,8183430,1820552,8146965,RIAR,SMDVL,RIA,SMDV
1689,8467047,26770.8,13246.8,5300.0,1822426,8183428,1822365,8182426,RIAR,RIAL,RIA,RIA
1690,8467047,26770.8,13246.8,5300.0,1822426,8183428,1820552,8146967,RIAR,SMDVL,RIA,SMDV
1691,8467045,32175.0,24401.2,5300.0,1822426,8183500,1820413,8144518,RIAR,RMDR,RIA,RMDL/R
1692,8467045,32175.0,24401.2,5300.0,1822426,8183500,1822607,8187332,RIAR,SIBDL,RIA,SIBD
1693,8467035,20044.1,15063.2,4550.0,1822426,8183410,1822365,8182272,RIAR,RIAL,RIA,RIA
1694,8467035,20044.1,15063.2,4550.0,1822426,8183410,1820413,8144394,RIAR,RMDR,RIA,RMDL/R
1695,8467034,18819.4,16433.3,4400.0,1822426,8183402,1822365,8182403,RIAR,RIAL,RIA,RIA
1696,8467034,18819.4,16433.3,4400.0,1822426,8183402,1820413,8144714,RIAR,RMDR,RIA,RMDL/R
1697,8467033,27172.9,32050.3,12250.0,1822426,8183128,1820615,8148476,RIAR,SMBDL,RIA,SMBD
1698,8467033,27172.9,32050.3,12250.0,1822426,8183128,1823775,8211563,RIAR,SMBVL,RIA,SMBV
1699,8467031,25633.4,28408.9,9250.0,1822426,8183282,1823630,8208302,RIAR,SMDDR,RIA,SMDD
1700,8467031,25633.4,28408.9,9250.0,1822426,8183282,1820552,8147166,RIAR,SMDVL,RIA,SMDV
1701,8467029,25193.3,28048.6,9150.0,1822426,8183284,1822365,8182386,RIAR,RIAL,RIA,RIA
1702,8467029,25193.3,28048.6,9150.0,1822426,8183284,1823630,8208304,RIAR,SMDDR,RIA,SMDD
1703,8467028,25616.8,28403.2,8800.0,1822426,8183291,1820552,8147157,RIAR,SMDVL,RIA,SMDV
1704,8467028,25616.8,28403.2,8800.0,1822426,8183291,1823630,8208311,RIAR,SMDDR,RIA,SMDD
1705,8467027,25235.2,28140.8,8800.0,1822426,8183291,1823630,8208311,RIAR,SMDDR,RIA,SMDD
1706,8467027,25235.2,28140.8,8800.0,1822426,8183291,1822365,8182373,RIAR,RIAL,RIA,RIA
1707,8467025,25553.2,28244.8,8550.0,1822426,8183296,1820552,8147152,RIAR,SMDVL,RIA,SMDV
1708,8467025,25553.2,28244.8,8550.0,1822426,8183296,1823630,8208316,RIAR,SMDDR,RIA,SMDD
1709,8467024,25102.7,28053.9,8550.0,1822426,8183296,1823630,8208316,RIAR,SMDDR,RIA,SMDD
1710,8467024,25102.7,28053.9,8550.0,1822426,8183296,1822365,8182368,RIAR,RIAL,RIA,RIA
1711,8467023,25203.6,28191.6,8200.0,1822426,8183303,1820552,8147137,RIAR,SMDVL,RIA,SMDV
1712,8467023,25203.6,28191.6,8200.0,1822426,8183303,1823630,8208323,RIAR,SMDDR,RIA,SMDD
1713,8467022,24880.3,27510.8,8100.0,1822426,8183305,1822332,8181101,RIAR,RMDDR,RIA,RMDD
1714,8467022,24880.3,27510.8,8100.0,1822426,8183305,1820488,8145881,RIAR,RMDVL,RIA,RMDV
1715,8467021,25118.8,27698.9,8100.0,1822426,8183305,1820552,8147135,RIAR,SMDVL,RIA,SMDV
1716,8467021,25118.8,27698.9,8100.0,1822426,8183305,1822332,8181101,RIAR,RMDDR,RIA,RMDD
1717,8467020,24747.7,27380.6,7900.0,1822426,8183309,1822332,8181105,RIAR,RMDDR,RIA,RMDD
1718,8467020,24747.7,27380.6,7900.0,1822426,8183309,1820488,8145877,RIAR,RMDVL,RIA,RMDV
1719,8467019,24348.1,27865.9,7600.0,1822426,8183315,1820552,8147125,RIAR,SMDVL,RIA,SMDV
1720,8467019,24348.1,27865.9,7600.0,1822426,8183315,1823630,8208335,RIAR,SMDDR,RIA,SMDD
1721,8467019,24348.1,27865.9,7600.0,1822426,8183315,1822365,8182349,RIAR,RIAL,RIA,RIA
1722,8467018,24702.9,27367.8,6950.0,1822426,8183328,1822332,8181124,RIAR,RMDDR,RIA,RMDD
1723,8467018,24702.9,27367.8,6950.0,1822426,8183328,1820488,8145858,RIAR,RMDVL,RIA,RMDV
1724,8467017,24573.4,27255.9,6650.0,1822426,8183334,1822332,8181130,RIAR,RMDDR,RIA,RMDD
1725,8467017,24573.4,27255.9,6650.0,1822426,8183334,1820488,8145852,RIAR,RMDVL,RIA,RMDV
1726,8467015,23581.8,27282.2,6650.0,1822426,8183334,1820552,8147106,RIAR,SMDVL,RIA,SMDV
1727,8467015,23581.8,27282.2,6650.0,1822426,8183334,1822365,8182330,RIAR,RIAL,RIA,RIA
1728,8467014,24233.5,27128.4,6400.0,1822426,8183339,1822332,8181135,RIAR,RMDDR,RIA,RMDD
1729,8467014,24233.5,27128.4,6400.0,1822426,8183339,1820488,8145847,RIAR,RMDVL,RIA,RMDV
1730,8467013,23345.9,27129.0,6450.0,1822426,8183338,1820552,8147102,RIAR,SMDVL,RIA,SMDV
1731,8467013,23345.9,27129.0,6450.0,1822426,8183338,1822365,8182326,RIAR,RIAL,RIA,RIA
1732,8467012,23775.1,26869.4,6300.0,1822426,8183341,1820488,8145844,RIAR,RMDVL,RIA,RMDV
1733,8467012,23775.1,26869.4,6300.0,1822426,8183341,1822332,8181651,RIAR,RMDDR,RIA,RMDD
1734,8469127,25402.0,27645.7,6150.0,1820861,8153039,1822332,8181141,URYVR,RMDDR,URYV,RMDD
1735,8469127,25402.0,27645.7,6150.0,1820861,8153039,1820488,8146015,URYVR,RMDVL,URYV,RMDV
1736,8469126,23059.3,27698.7,5650.0,1820861,8152974,1822886,8193493,URYVR,RIBR,URYV,RIB
1737,8469126,23059.3,27698.7,5650.0,1820861,8152974,1820552,8147085,URYVR,SMDVL,URYV,SMDV
1738,8469126,23059.3,27698.7,5650.0,1820861,8152974,1820370,8143494,URYVR,AVEL,URYV,AVE
1739,8469125,25489.5,27759.3,5400.0,1820861,8152979,1820488,8146081,URYVR,RMDVL,URYV,RMDV
1740,8469124,24975.1,27488.8,5200.0,1820861,8152983,1820488,8146085,URYVR,RMDVL,URYV,RMDV
1741,8469124,24975.1,27488.8,5200.0,1820861,8152983,1822332,8181640,URYVR,RMDDR,URYV,RMDD
1742,8469123,24731.1,26627.5,4900.0,1820861,8152995,1822207,8178567,URYVR,BWM-VR03,URYV,BWM03V
1743,8469123,24731.1,26627.5,4900.0,1820861,8152995,1820488,8146091,URYVR,RMDVL,URYV,RMDV
1744,8469123,24731.1,26627.5,4900.0,1820861,8152995,1822332,8181646,URYVR,RMDDR,URYV,RMDD
1745,8469123,24731.1,26627.5,4900.0,1820861,8152995,1821821,8172231,URYVR,BWM-VR01,URYV,BWM01V
1746,8469122,22531.4,27038.9,4550.0,1820861,8153000,1822332,8181191,URYVR,RMDDR,URYV,RMDD
1747,8469122,22531.4,27038.9,4550.0,1820861,8153000,1822886,8193515,URYVR,RIBR,URYV,RIB
1748,8469122,22531.4,27038.9,4550.0,1820861,8153000,1820370,8143472,URYVR,AVEL,URYV,AVE
1749,8469121,22253.6,26714.9,4350.0,1820861,8153004,1822886,8193519,URYVR,RIBR,URYV,RIB
1750,8469121,22253.6,26714.9,4350.0,1820861,8153004,1822332,8181195,URYVR,RMDDR,URYV,RMDD
1751,8469121,22253.6,26714.9,4350.0,1820861,8153004,1820370,8143468,URYVR,AVEL,URYV,AVE
1752,8469120,22052.5,26325.6,4150.0,1820861,8153008,1822332,8181628,URYVR,RMDDR,URYV,RMDD
1753,8469120,22052.5,26325.6,4150.0,1820861,8153008,1822886,8193523,URYVR,RIBR,URYV,RIB
1754,8469120,22052.5,26325.6,4150.0,1820861,8153008,1820370,8143464,URYVR,AVEL,URYV,AVE
1755,8469119,22757.0,26548.1,3950.0,1820861,8153012,1820908,8154217,URYVR,IL1VR,URYV,IL1V
1756,8469119,22757.0,26548.1,3950.0,1820861,8153012,1822332,8181632,URYVR,RMDDR,URYV,RMDD
1757,8469117,31231.7,26768.3,8750.0,1820843,8152723,1824307,8225526,URYVL,SIBVR,URYV,SIBV
1758,8469117,31231.7,26768.3,8750.0,1820843,8152723,1820155,8139210,URYVL,AVBR,URYV,AVB
1759,8469116,30825.9,27902.1,6150.0,1820843,8152559,1820590,8147823,URYVL,SMDVR,URYV,SMDV
1760,8469116,30825.9,27902.1,6150.0,1820843,8152559,1823055,8196683,URYVL,RIBL,URYV,RIB
1761,8469113,31080.7,27402.0,5300.0,1820843,8152582,1820590,8148171,URYVL,SMDVR,URYV,SMDV
1762,8469113,31080.7,27402.0,5300.0,1820843,8152582,1820298,8142180,URYVL,AVER,URYV,AVE
1763,8469112,31640.0,26940.1,5050.0,1820843,8152587,1823055,8196722,URYVL,RIBL,URYV,RIB
1764,8469112,31640.0,26940.1,5050.0,1820843,8152587,1820590,8148176,URYVL,SMDVR,URYV,SMDV
1765,8469112,31640.0,26940.1,5050.0,1820843,8152587,1820298,8142175,URYVL,AVER,URYV,AVE
1766,8469110,32480.1,26423.8,4150.0,1820843,8152685,1823055,8196740,URYVL,RIBL,URYV,RIB
1767,8469110,32480.1,26423.8,4150.0,1820843,8152685,1820413,8144545,URYVL,RMDR,URYV,RMDL/R
1768,8469110,32480.1,26423.8,4150.0,1820843,8152685,1820298,8142157,URYVL,AVER,URYV,AVE
1769,8469109,30892.9,26706.9,3850.0,1820843,8152691,1824277,8224685,URYVL,RMDDL,URYV,RMDD
1770,8469109,30892.9,26706.9,3850.0,1820843,8152691,1821028,8157100,URYVL,IL1VL,URYV,IL1V
1771,8469108,32636.3,25848.7,3500.0,1820843,8152698,1823055,8196753,URYVL,RIBL,URYV,RIB
1772,8469108,32636.3,25848.7,3500.0,1820843,8152698,1820298,8142144,URYVL,AVER,URYV,AVE
1773,8469107,32511.3,25488.2,3400.0,1820843,8152700,1824277,8225086,URYVL,RMDDL,URYV,RMDD
1774,8469107,32511.3,25488.2,3400.0,1820843,8152700,1820298,8142142,URYVL,AVER,URYV,AVE
1775,8469106,32787.3,25228.6,3250.0,1820843,8152703,1823055,8196758,URYVL,RIBL,URYV,RIB
1776,8469106,32787.3,25228.6,3250.0,1820843,8152703,1820298,8142139,URYVL,AVER,URYV,AVE
1777,8469105,28811.4,26295.3,5150.0,1820843,8152602,1821899,8173309,URYVL,BWM-VL05,URYV,BWM05V
1778,8469105,28811.4,26295.3,5150.0,1820843,8152602,1820689,8150741,URYVL,RMDVR,URYV,RMDV
1779,8469104,28586.3,26427.7,5250.0,1820843,8152604,1820689,8150739,URYVL,RMDVR,URYV,RMDV
1780,8469104,28586.3,26427.7,5250.0,1820843,8152604,1821899,8173307,URYVL,BWM-VL05,URYV,BWM05V
1781,8469103,29616.7,26975.8,4900.0,1820843,8152596,1824277,8225092,URYVL,RMDDL,URYV,RMDD
1782,8469103,29616.7,26975.8,4900.0,1820843,8152596,1820689,8150746,URYVL,RMDVR,URYV,RMDV
1783,8469102,29397.9,27248.2,5050.0,1820843,8152607,1824277,8224661,URYVL,RMDDL,URYV,RMDD
1784,8469102,29397.9,27248.2,5050.0,1820843,8152607,1820689,8150743,URYVL,RMDVR,URYV,RMDV
1785,8469101,28917.7,27417.2,5100.0,1820843,8152608,1820689,8150742,URYVL,RMDVR,URYV,RMDV
1786,8469100,29214.5,27393.8,5350.0,1820843,8152613,1824277,8224631,URYVL,RMDDL,URYV,RMDD
1787,8469100,29214.5,27393.8,5350.0,1820843,8152613,1820689,8150737,URYVL,RMDVR,URYV,RMDV
1788,8468589,18949.5,18766.9,4950.0,1819857,8133185,1821378,8165456,RMGR,BWM-DR04,RMG,BWM04D
1789,8468589,18949.5,18766.9,4950.0,1819857,8133185,1821453,8166667,RMGR,BWM-DR02,RMG,BWM02D
1790,8468588,18769.5,18788.6,4900.0,1819857,8133186,1824277,8224816,RMGR,RMDDL,RMG,RMDD
1791,8468588,18769.5,18788.6,4900.0,1819857,8133186,1821453,8166664,RMGR,BWM-DR02,RMG,BWM02D
1792,8468588,18769.5,18788.6,4900.0,1819857,8133186,1820413,8144381,RMGR,RMDR,RMG,RMDL/R
1793,8468582,32797.2,15773.5,5450.0,1822686,8189092,1820449,8145409,RMFR,RMDL,RMF,RMDL/R
1794,8468582,32797.2,15773.5,5450.0,1822686,8189092,1824214,8223695,RMFR,SAADL,RMF,SAAD
1795,8468581,32921.6,15905.5,5150.0,1822686,8189098,1819915,8134862,RMFR,AVKR,RMF,AVK
1796,8468580,31879.8,18677.2,5200.0,1822686,8189175,1822455,8184157,RMFR,RMHR,RMF,RMH
1797,8468580,31879.8,18677.2,5200.0,1822686,8189175,1821541,8167974,RMFR,BWM-DL02,RMF,BWM02D
1798,8468580,31879.8,18677.2,5200.0,1822686,8189175,1821235,8161882,RMFR,IL1L,RMF,IL1L/R
1799,8468579,31673.0,18640.8,5400.0,1822686,8189115,1822455,8184154,RMFR,RMHR,RMF,RMH
1800,8468579,31673.0,18640.8,5400.0,1822686,8189115,1821541,8167947,RMFR,BWM-DL02,RMF,BWM02D
1801,8468578,32092.0,18380.6,5400.0,1822686,8189115,1822455,8184154,RMFR,RMHR,RMF,RMH
1802,8468578,32092.0,18380.6,5400.0,1822686,8189115,1821140,8159440,RMFR,CEPDL,RMF,CEPD
1803,8468576,31552.6,18252.0,6400.0,1822686,8189135,1821541,8167968,RMFR,BWM-DL02,RMF,BWM02D
1804,8468575,31974.2,19251.3,6600.0,1822686,8189139,1821541,8167972,RMFR,BWM-DL02,RMF,BWM02D
1805,8468575,31974.2,19251.3,6600.0,1822686,8189139,1821512,8167761,RMFR,BWM-DL04,RMF,BWM04D
1806,8468574,33493.4,18330.2,4700.0,1822686,8189369,1820413,8144653,RMFR,RMDR,RMF,RMDL/R
1807,8468574,33493.4,18330.2,4700.0,1822686,8189369,1824491,8229547,RMFR,AVKL,RMF,AVK
1808,8468573,34240.8,19869.9,4450.0,1822686,8189194,1824491,8229539,RMFR,AVKL,RMF,AVK
1809,8468573,34240.8,19869.9,4450.0,1822686,8189194,1820413,8144658,RMFR,RMDR,RMF,RMDL/R
1810,8468572,34248.6,22342.8,4100.0,1822686,8189212,1824349,8226512,RMFR,RMGL,RMF,RMG
1811,8468572,34248.6,22342.8,4100.0,1822686,8189212,1824491,8230071,RMFR,AVKL,RMF,AVK
1812,8468572,34248.6,22342.8,4100.0,1822686,8189212,1820413,8144608,RMFR,RMDR,RMF,RMDL/R
1813,8468571,34436.8,25480.4,5500.0,1822686,8189233,1821325,8164310,RMFR,PVT,RMF,PVT
1814,8468571,34436.8,25480.4,5500.0,1822686,8189233,1819915,8134504,RMFR,AVKR,RMF,AVK
1815,8468570,35817.9,22350.9,6550.0,1822686,8189259,1820068,8137615,RMFR,AIBR,RMF,AIB
1816,8468570,35817.9,22350.9,6550.0,1822686,8189259,1820254,8141716,RMFR,RIML,RMF,RIM
1817,8468569,35570.8,22762.5,6600.0,1822686,8189260,1820068,8137616,RMFR,AIBR,RMF,AIB
1818,8468569,35570.8,22762.5,6600.0,1822686,8189260,1823728,8211246,RMFR,RMFL,RMF,RMF
1819,8468568,34240.9,25874.2,6300.0,1822686,8189365,1823055,8196647,RMFR,RIBL,RMF,RIB
1820,8468568,34240.9,25874.2,6300.0,1822686,8189365,1820039,8137102,RMFR,BAGR,RMF,BAG
1821,8468567,32695.8,26810.3,6550.0,1822686,8189362,1823728,8210698,RMFR,RMFL,RMF,RMF
1822,8468567,32695.8,26810.3,6550.0,1822686,8189362,1820039,8137084,RMFR,BAGR,RMF,BAG
1823,8468566,35380.3,22792.4,6400.0,1822686,8189267,1820068,8137643,RMFR,AIBR,RMF,AIB
1824,8468566,35380.3,22792.4,6400.0,1822686,8189267,1823728,8211240,RMFR,RMFL,RMF,RMF
1825,8468565,35456.6,22508.5,6300.0,1822686,8189269,1820254,8141388,RMFR,RIML,RMF,RIM
1826,8468565,35456.6,22508.5,6300.0,1822686,8189269,1820068,8137655,RMFR,AIBR,RMF,AIB
1827,8468564,30989.8,27930.8,6850.0,1822686,8189300,1819915,8134530,RMFR,AVKR,RMF,AVK
1828,8468564,30989.8,27930.8,6850.0,1822686,8189300,1824491,8229469,RMFR,AVKL,RMF,AVK
1829,8468563,29452.2,28977.9,7900.0,1822686,8189321,1824491,8229448,RMFR,AVKL,RMF,AVK
1830,8468563,29452.2,28977.9,7900.0,1822686,8189321,1819915,8134551,RMFR,AVKR,RMF,AVK
1831,8468562,18486.8,22912.0,4200.0,1823728,8210872,1819915,8134379,RMFL,AVKR,RMF,AVK
1832,8468562,18486.8,22912.0,4200.0,1823728,8210872,1820449,8145295,RMFL,RMDL,RMF,RMDL/R
1833,8468559,17511.0,15486.5,4800.0,1823728,8210849,1820413,8144399,RMFL,RMDR,RMF,RMDL/R
1834,8468559,17511.0,15486.5,4800.0,1823728,8210849,1819915,8134396,RMFL,AVKR,RMF,AVK
1835,8468558,17747.2,16676.1,4650.0,1823728,8211187,1821428,8166206,RMFL,BWM-DR06,RMF,BWM06D
1836,8468558,17747.2,16676.1,4650.0,1823728,8211187,1820449,8145328,RMFL,RMDL,RMF,RMDL/R
1837,8468558,17747.2,16676.1,4650.0,1823728,8211187,1820413,8144388,RMFL,RMDR,RMF,RMDL/R
1838,8468558,17747.2,16676.1,4650.0,1823728,8211187,1819915,8134393,RMFL,AVKR,RMF,AVK
1839,8468557,19999.6,21856.9,4700.0,1823728,8210975,1821733,8170997,RMFL,BWM-VR04,RMF,BWM04V
1840,8468557,19999.6,21856.9,4700.0,1823728,8210975,1822332,8181218,RMFL,RMDDR,RMF,RMDD
1841,8468556,19866.2,22266.3,6000.0,1823728,8210904,1821796,8171789,RMFL,BWM-VR02,RMF,BWM02V
1842,8468556,19866.2,22266.3,6000.0,1823728,8210904,1821733,8170841,RMFL,BWM-VR04,RMF,BWM04V
1843,8468556,19866.2,22266.3,6000.0,1823728,8210904,1822505,8185305,RMFL,RMHL,RMF,RMH
1844,8468555,19844.9,22213.5,6300.0,1823728,8210910,1821796,8171795,RMFL,BWM-VR02,RMF,BWM02V
1845,8468555,19844.9,22213.5,6300.0,1823728,8210910,1820413,8144344,RMFL,RMDR,RMF,RMDL/R
1846,8468554,19844.8,22184.8,6400.0,1823728,8210912,1821733,8170867,RMFL,BWM-VR04,RMF,BWM04V
1847,8468554,19844.8,22184.8,6400.0,1823728,8210912,1820449,8145249,RMFL,RMDL,RMF,RMDL/R
1848,8468554,19844.8,22184.8,6400.0,1823728,8210912,1820413,8144342,RMFL,RMDR,RMF,RMDL/R
1849,8468553,19444.6,21092.8,6500.0,1823728,8210964,1821378,8165402,RMFL,BWM-DR04,RMF,BWM04D
1850,8468553,19444.6,21092.8,6500.0,1823728,8210964,1820449,8145251,RMFL,RMDL,RMF,RMDL/R
1851,8468552,18711.9,23240.3,4300.0,1823728,8210870,1819915,8134369,RMFL,AVKR,RMF,AVK
1852,8468552,18711.9,23240.3,4300.0,1823728,8210870,1820413,8144777,RMFL,RMDR,RMF,RMDL/R
1853,8468552,18711.9,23240.3,4300.0,1823728,8210870,1820449,8145293,RMFL,RMDL,RMF,RMDL/R
1854,8468551,18099.3,22832.8,4600.0,1823728,8210875,1824491,8229659,RMFL,AVKL,RMF,AVK
1855,8468551,18099.3,22832.8,4600.0,1823728,8210875,1821325,8164471,RMFL,PVT,RMF,PVT
1856,8468549,20015.7,25996.8,5050.0,1823728,8211046,1824491,8229680,RMFL,AVKL,RMF,AVK
1857,8468549,20015.7,25996.8,5050.0,1823728,8211046,1820413,8144745,RMFL,RMDR,RMF,RMDL/R
1858,8468549,20015.7,25996.8,5050.0,1823728,8211046,1819915,8134354,RMFL,AVKR,RMF,AVK
1859,8468548,23969.7,29364.8,7900.0,1823728,8211106,1819915,8134297,RMFL,AVKR,RMF,AVK
1860,8468548,23969.7,29364.8,7900.0,1823728,8211106,1824491,8229732,RMFL,AVKL,RMF,AVK
1861,8468544,26346.8,13464.8,3550.0,1823925,8215920,1821595,8168944,RMEV,BWM-DR03,RMEV,BWM03D
1862,8468544,26346.8,13464.8,3550.0,1823925,8215920,1821692,8170377,RMEV,BWM-DL03,RMEV,BWM03D
1863,8468543,25810.8,13568.8,3850.0,1823925,8215926,1821671,8170122,RMEV,BWM-DL05,RMEV,BWM05D
1864,8468543,25810.8,13568.8,3850.0,1823925,8215926,1821595,8168927,RMEV,BWM-DR03,RMEV,BWM03D
1865,8468543,25810.8,13568.8,3850.0,1823925,8215926,1821617,8169342,RMEV,BWM-DR05,RMEV,BWM05D
1866,8468542,25750.3,13621.5,4350.0,1823925,8215936,1821578,8168707,RMEV,BWM-DR01,RMEV,BWM01D
1867,8468542,25750.3,13621.5,4350.0,1823925,8215936,1821637,8169520,RMEV,BWM-DL01,RMEV,BWM01D
1868,8468541,25453.2,13661.8,4550.0,1823925,8215940,1821578,8168725,RMEV,BWM-DR01,RMEV,BWM01D
1869,8468541,25453.2,13661.8,4550.0,1823925,8215940,1821637,8169524,RMEV,BWM-DL01,RMEV,BWM01D
1870,8468541,25453.2,13661.8,4550.0,1823925,8215940,1821595,8168905,RMEV,BWM-DR03,RMEV,BWM03D
1871,8468540,26444.3,13425.5,4000.0,1823925,8215929,1821578,8168734,RMEV,BWM-DR01,RMEV,BWM01D
1872,8468540,26444.3,13425.5,4000.0,1823925,8215929,1821637,8169532,RMEV,BWM-DL01,RMEV,BWM01D
1873,8468540,26444.3,13425.5,4000.0,1823925,8215929,1821692,8170380,RMEV,BWM-DL03,RMEV,BWM03D
1874,8468539,25985.8,13616.7,4150.0,1823925,8215932,1821692,8170381,RMEV,BWM-DL03,RMEV,BWM03D
1875,8468539,25985.8,13616.7,4150.0,1823925,8215932,1821637,8169518,RMEV,BWM-DL01,RMEV,BWM01D
1876,8468539,25985.8,13616.7,4150.0,1823925,8215932,1821578,8168726,RMEV,BWM-DR01,RMEV,BWM01D
1877,8468538,26173.7,14037.7,2750.0,1823925,8216071,1821692,8170437,RMEV,BWM-DL03,RMEV,BWM03D
1878,8468538,26173.7,14037.7,2750.0,1823925,8216071,1821671,8170152,RMEV,BWM-DL05,RMEV,BWM05D
1879,8468538,26173.7,14037.7,2750.0,1823925,8216071,1821617,8169294,RMEV,BWM-DR05,RMEV,BWM05D
1880,8468538,26173.7,14037.7,2750.0,1823925,8216071,1821692,8170359,RMEV,BWM-DL03,RMEV,BWM03D
1881,8468537,24682.2,13329.8,4200.0,1823925,8216100,1821595,8168919,RMEV,BWM-DR03,RMEV,BWM03D
1882,8468537,24682.2,13329.8,4200.0,1823925,8216100,1821637,8169543,RMEV,BWM-DL01,RMEV,BWM01D
1883,8468537,24682.2,13329.8,4200.0,1823925,8216100,1821692,8170398,RMEV,BWM-DL03,RMEV,BWM03D
1884,8468537,24682.2,13329.8,4200.0,1823925,8216100,1821578,8168716,RMEV,BWM-DR01,RMEV,BWM01D
1885,8468536,24915.4,13430.8,4350.0,1823925,8216103,1821637,8169539,RMEV,BWM-DL01,RMEV,BWM01D
1886,8468536,24915.4,13430.8,4350.0,1823925,8216103,1821578,8168721,RMEV,BWM-DR01,RMEV,BWM01D
1887,8468535,25172.2,13658.7,4500.0,1823925,8216106,1821595,8168906,RMEV,BWM-DR03,RMEV,BWM03D
1888,8468535,25172.2,13658.7,4500.0,1823925,8216106,1821578,8168724,RMEV,BWM-DR01,RMEV,BWM01D
1889,8468394,31775.8,20511.1,4450.0,1820662,8149812,1820662,8149996,RMER,RMER,RMEL/R,RMEL/R
1890,8468394,31775.8,20511.1,4450.0,1820662,8149812,1821512,8167538,RMER,BWM-DL04,RMEL/R,BWM04D
1891,8468394,31775.8,20511.1,4450.0,1820662,8149812,1821956,8174336,RMER,BWM-VL04,RMEL/R,BWM04V
1892,8468393,31235.4,19888.9,2300.0,1820662,8150035,1821989,8174654,RMER,BWM-VL02,RMEL/R,BWM02V
1893,8468393,31235.4,19888.9,2300.0,1820662,8150035,1819149,8120892,RMER,GLRL,RMEL/R,GLRL/R
1894,8468392,31492.3,19938.6,2750.0,1820662,8149962,1821512,8167629,RMER,BWM-DL04,RMEL/R,BWM04D
1895,8468392,31492.3,19938.6,2750.0,1820662,8149962,1821512,8167619,RMER,BWM-DL04,RMEL/R,BWM04D
1896,8468392,31492.3,19938.6,2750.0,1820662,8149962,1821989,8174626,RMER,BWM-VL02,RMEL/R,BWM02V
1897,8468390,31858.8,20013.6,3900.0,1820662,8149985,1821512,8167526,RMER,BWM-DL04,RMEL/R,BWM04D
1898,8468390,31858.8,20013.6,3900.0,1820662,8149985,1821235,8161926,RMER,IL1L,RMEL/R,IL1L/R
1899,8468390,31858.8,20013.6,3900.0,1820662,8149985,1821541,8168008,RMER,BWM-DL02,RMEL/R,BWM02D
1900,8468388,31625.2,20052.7,4300.0,1820662,8149993,1821512,8167477,RMER,BWM-DL04,RMEL/R,BWM04D
1901,8468388,31625.2,20052.7,4300.0,1820662,8149993,1821541,8168058,RMER,BWM-DL02,RMEL/R,BWM02D
1902,8468388,31625.2,20052.7,4300.0,1820662,8149993,1821512,8167466,RMER,BWM-DL04,RMEL/R,BWM04D
1903,8468388,31625.2,20052.7,4300.0,1820662,8149993,1821512,8167535,RMER,BWM-DL04,RMEL/R,BWM04D
1904,8468387,31807.8,19999.9,4800.0,1820662,8150003,1821541,8167984,RMER,BWM-DL02,RMEL/R,BWM02D
1905,8468387,31807.8,19999.9,4800.0,1820662,8150003,1821956,8174094,RMER,BWM-VL04,RMEL/R,BWM04V
1906,8468387,31807.8,19999.9,4800.0,1820662,8150003,1821512,8167453,RMER,BWM-DL04,RMEL/R,BWM04D
1907,8468387,31807.8,19999.9,4800.0,1820662,8150003,1821512,8167545,RMER,BWM-DL04,RMEL/R,BWM04D
1908,8468386,31763.3,20297.1,4500.0,1820662,8149997,1821512,8167462,RMER,BWM-DL04,RMEL/R,BWM04D
1909,8468386,31763.3,20297.1,4500.0,1820662,8149997,1821512,8167539,RMER,BWM-DL04,RMEL/R,BWM04D
1910,8468384,31839.6,19586.7,5000.0,1820662,8150007,1821956,8174091,RMER,BWM-VL04,RMEL/R,BWM04V
1911,8468384,31839.6,19586.7,5000.0,1820662,8150007,1822332,8181326,RMER,RMDDR,RMEL/R,RMDD
1912,8468384,31839.6,19586.7,5000.0,1820662,8150007,1821541,8167980,RMER,BWM-DL02,RMEL/R,BWM02D
1913,8468383,31706.9,19668.2,5200.0,1820662,8150011,1821512,8167421,RMER,BWM-DL04,RMEL/R,BWM04D
1914,8468383,31706.9,19668.2,5200.0,1820662,8150011,1821956,8174087,RMER,BWM-VL04,RMEL/R,BWM04V
1915,8468383,31706.9,19668.2,5200.0,1820662,8150011,1821512,8167433,RMER,BWM-DL04,RMEL/R,BWM04D
1916,8468383,31706.9,19668.2,5200.0,1820662,8150011,1821989,8174555,RMER,BWM-VL02,RMEL/R,BWM02V
1917,8468383,31706.9,19668.2,5200.0,1820662,8150011,1821541,8167977,RMER,BWM-DL02,RMEL/R,BWM02D
1918,8468382,31410.4,20556.2,2250.0,1820662,8149861,1821541,8168134,RMER,BWM-DL02,RMEL/R,BWM02D
1919,8468382,31410.4,20556.2,2250.0,1820662,8149861,1821989,8174655,RMER,BWM-VL02,RMEL/R,BWM02V
1920,8468381,31566.6,21157.8,2500.0,1820662,8149856,1821956,8174314,RMER,BWM-VL04,RMEL/R,BWM04V
1921,8468381,31566.6,21157.8,2500.0,1820662,8149856,1821541,8168129,RMER,BWM-DL02,RMEL/R,BWM02D
1922,8468381,31566.6,21157.8,2500.0,1820662,8149856,1821989,8174650,RMER,BWM-VL02,RMEL/R,BWM02V
1923,8468380,31651.8,21412.5,2550.0,1820662,8149774,1821989,8174649,RMER,BWM-VL02,RMEL/R,BWM02V
1924,8468380,31651.8,21412.5,2550.0,1820662,8149774,1821956,8174310,RMER,BWM-VL04,RMEL/R,BWM04V
1925,8468379,31678.6,21007.1,3150.0,1820662,8149786,1821541,8168116,RMER,BWM-DL02,RMEL/R,BWM02D
1926,8468379,31678.6,21007.1,3150.0,1820662,8149786,1821512,8167611,RMER,BWM-DL04,RMEL/R,BWM04D
1927,8468379,31678.6,21007.1,3150.0,1820662,8149786,1821989,8174600,RMER,BWM-VL02,RMEL/R,BWM02V
1928,8468379,31678.6,21007.1,3150.0,1820662,8149786,1821956,8174284,RMER,BWM-VL04,RMEL/R,BWM04V
1929,8468378,31803.2,21072.9,3650.0,1820662,8149796,1821541,8168079,RMER,BWM-DL02,RMEL/R,BWM02D
1930,8468378,31803.2,21072.9,3650.0,1820662,8149796,1821956,8174273,RMER,BWM-VL04,RMEL/R,BWM04V
1931,8468378,31803.2,21072.9,3650.0,1820662,8149796,1821989,8174669,RMER,BWM-VL02,RMEL/R,BWM02V
1932,8468377,31678.5,20344.3,4100.0,1820662,8149989,1821989,8174680,RMER,BWM-VL02,RMEL/R,BWM02V
1933,8468377,31678.5,20344.3,4100.0,1820662,8149989,1821541,8168061,RMER,BWM-DL02,RMEL/R,BWM02D
1934,8468375,31736.9,20839.5,5000.0,1820662,8149823,1821956,8174226,RMER,BWM-VL04,RMEL/R,BWM04V
1935,8468375,31736.9,20839.5,5000.0,1820662,8149823,1821989,8174484,RMER,BWM-VL02,RMEL/R,BWM02V
1936,8468375,31736.9,20839.5,5000.0,1820662,8149823,1821956,8174091,RMER,BWM-VL04,RMEL/R,BWM04V
1937,8468374,31839.8,21036.6,4800.0,1820662,8149819,1821956,8174234,RMER,BWM-VL04,RMEL/R,BWM04V
1938,8468374,31839.8,21036.6,4800.0,1820662,8149819,1821989,8174488,RMER,BWM-VL02,RMEL/R,BWM02V
1939,8468374,31839.8,21036.6,4800.0,1820662,8149819,1821541,8168047,RMER,BWM-DL02,RMEL/R,BWM02D
1940,8468372,31919.4,20426.4,5900.0,1820662,8149841,1821512,8167775,RMER,BWM-DL04,RMEL/R,BWM04D
1941,8468372,31919.4,20426.4,5900.0,1820662,8149841,1821956,8174128,RMER,BWM-VL04,RMEL/R,BWM04V
1942,8468371,19700.3,18367.2,2150.0,1820742,8151002,1821453,8166561,RMEL,BWM-DR02,RMEL/R,BWM02D
1943,8468370,19755.9,19160.5,2200.0,1820742,8151003,1821378,8165667,RMEL,BWM-DR04,RMEL/R,BWM04D
1944,8468370,19755.9,19160.5,2200.0,1820742,8151003,1821453,8166560,RMEL,BWM-DR02,RMEL/R,BWM02D
1945,8468368,19463.9,18863.0,2650.0,1820742,8151012,1821378,8165640,RMEL,BWM-DR04,RMEL/R,BWM04D
1946,8468368,19463.9,18863.0,2650.0,1820742,8151012,1821453,8166527,RMEL,BWM-DR02,RMEL/R,BWM02D
1947,8468366,19740.4,19888.9,2700.0,1820742,8151013,1821796,8171940,RMEL,BWM-VR02,RMEL/R,BWM02V
1948,8468366,19740.4,19888.9,2700.0,1820742,8151013,1821378,8165582,RMEL,BWM-DR04,RMEL/R,BWM04D
1949,8468366,19740.4,19888.9,2700.0,1820742,8151013,1821453,8166549,RMEL,BWM-DR02,RMEL/R,BWM02D
1950,8468365,19154.5,19613.3,3200.0,1820742,8151023,1821378,8165648,RMEL,BWM-DR04,RMEL/R,BWM04D
1951,8468365,19154.5,19613.3,3200.0,1820742,8151023,1821453,8166493,RMEL,BWM-DR02,RMEL/R,BWM02D
1952,8468365,19154.5,19613.3,3200.0,1820742,8151023,1821378,8165570,RMEL,BWM-DR04,RMEL/R,BWM04D
1953,8468364,19228.1,20055.9,4100.0,1820742,8151041,1821378,8165684,RMEL,BWM-DR04,RMEL/R,BWM04D
1954,8468364,19228.1,20055.9,4100.0,1820742,8151041,1821733,8171037,RMEL,BWM-VR04,RMEL/R,BWM04V
1955,8468364,19228.1,20055.9,4100.0,1820742,8151041,1821453,8166691,RMEL,BWM-DR02,RMEL/R,BWM02D
1956,8468364,19228.1,20055.9,4100.0,1820742,8151041,1821796,8171887,RMEL,BWM-VR02,RMEL/R,BWM02V
1957,8468363,19279.2,20448.2,4600.0,1820742,8151051,1821378,8165521,RMEL,BWM-DR04,RMEL/R,BWM04D
1958,8468363,19279.2,20448.2,4600.0,1820742,8151051,1821733,8171022,RMEL,BWM-VR04,RMEL/R,BWM04V
1959,8468362,19114.7,20346.8,5450.0,1820742,8151068,1821733,8171011,RMEL,BWM-VR04,RMEL/R,BWM04V
1960,8468362,19114.7,20346.8,5450.0,1820742,8151068,1821378,8165384,RMEL,BWM-DR04,RMEL/R,BWM04D
1961,8468362,19114.7,20346.8,5450.0,1820742,8151068,1820742,8151303,RMEL,RMEL,RMEL/R,RMEL/R
1962,8468362,19114.7,20346.8,5450.0,1820742,8151068,1821796,8171770,RMEL,BWM-VR02,RMEL/R,BWM02V
1963,8468361,20259.6,21173.9,2650.0,1820742,8151247,1821796,8171941,RMEL,BWM-VR02,RMEL/R,BWM02V
1964,8468361,20259.6,21173.9,2650.0,1820742,8151247,1821453,8166479,RMEL,BWM-DR02,RMEL/R,BWM02D
1965,8468359,19912.1,20718.0,2850.0,1820742,8151251,1821733,8171103,RMEL,BWM-VR04,RMEL/R,BWM04V
1966,8468359,19912.1,20718.0,2850.0,1820742,8151251,1821453,8166475,RMEL,BWM-DR02,RMEL/R,BWM02D
1967,8468359,19912.1,20718.0,2850.0,1820742,8151251,1821378,8165579,RMEL,BWM-DR04,RMEL/R,BWM04D
1968,8468359,19912.1,20718.0,2850.0,1820742,8151251,1821453,8166500,RMEL,BWM-DR02,RMEL/R,BWM02D
1969,8468359,19912.1,20718.0,2850.0,1820742,8151251,1821796,8171937,RMEL,BWM-VR02,RMEL/R,BWM02V
1970,8468358,19991.8,21377.8,3400.0,1820742,8151262,1821453,8166649,RMEL,BWM-DR02,RMEL/R,BWM02D
1971,8468358,19991.8,21377.8,3400.0,1820742,8151262,1821796,8171860,RMEL,BWM-VR02,RMEL/R,BWM02V
1972,8468358,19991.8,21377.8,3400.0,1820742,8151262,1821453,8166459,RMEL,BWM-DR02,RMEL/R,BWM02D
1973,8468358,19991.8,21377.8,3400.0,1820742,8151262,1821796,8171884,RMEL,BWM-VR02,RMEL/R,BWM02V
1974,8468356,19621.0,20847.6,3900.0,1820742,8151272,1821733,8171035,RMEL,BWM-VR04,RMEL/R,BWM04V
1975,8468356,19621.0,20847.6,3900.0,1820742,8151272,1821453,8166445,RMEL,BWM-DR02,RMEL/R,BWM02D
1976,8468356,19621.0,20847.6,3900.0,1820742,8151272,1821796,8171874,RMEL,BWM-VR02,RMEL/R,BWM02V
1977,8468356,19621.0,20847.6,3900.0,1820742,8151272,1821453,8166636,RMEL,BWM-DR02,RMEL/R,BWM02D
1978,8468354,19549.6,20914.5,5150.0,1820742,8151297,1819153,8120893,RMEL,GLRR,RMEL/R,GLRL/R
1979,8468354,19549.6,20914.5,5150.0,1820742,8151297,1821733,8171125,RMEL,BWM-VR04,RMEL/R,BWM04V
1980,8468354,19549.6,20914.5,5150.0,1820742,8151297,1821796,8171762,RMEL,BWM-VR02,RMEL/R,BWM02V
1981,8468354,19549.6,20914.5,5150.0,1820742,8151297,1821378,8165465,RMEL,BWM-DR04,RMEL/R,BWM04D
1982,8468353,19133.5,20540.3,5750.0,1820742,8151309,1821378,8165378,RMEL,BWM-DR04,RMEL/R,BWM04D
1983,8468353,19133.5,20540.3,5750.0,1820742,8151309,1821733,8171158,RMEL,BWM-VR04,RMEL/R,BWM04V
1984,8468353,19133.5,20540.3,5750.0,1820742,8151309,1821796,8171776,RMEL,BWM-VR02,RMEL/R,BWM02V
1985,8468333,26378.2,26540.2,5600.0,1820778,8151629,1822018,8174907,RMED,BWM-VL01,RMED,BWM01V
1986,8468333,26378.2,26540.2,5600.0,1820778,8151629,1821821,8172118,RMED,BWM-VR01,RMED,BWM01V
1987,8468333,26378.2,26540.2,5600.0,1820778,8151629,1822207,8178526,RMED,BWM-VR03,RMED,BWM03V
1988,8468331,26206.3,26558.6,5750.0,1820778,8151632,1822207,8178522,RMED,BWM-VR03,RMED,BWM03V
1989,8468331,26206.3,26558.6,5750.0,1820778,8151632,1821821,8172117,RMED,BWM-VR01,RMED,BWM01V
1990,8468331,26206.3,26558.6,5750.0,1820778,8151632,1822018,8174906,RMED,BWM-VL01,RMED,BWM01V
1991,8468331,26206.3,26558.6,5750.0,1820778,8151632,1821821,8172115,RMED,BWM-VR01,RMED,BWM01V
1992,8468327,26253.6,27266.0,7400.0,1820778,8151665,1822179,8178258,RMED,BWM-VR05,RMED,BWM05V
1993,8468327,26253.6,27266.0,7400.0,1820778,8151665,1822179,8178122,RMED,BWM-VR05,RMED,BWM05V
1994,8468327,26253.6,27266.0,7400.0,1820778,8151665,1822207,8178424,RMED,BWM-VR03,RMED,BWM03V
1995,8468327,26253.6,27266.0,7400.0,1820778,8151665,1822038,8175233,RMED,BWM-VL03,RMED,BWM03V
1996,8468327,26253.6,27266.0,7400.0,1820778,8151665,1822018,8174912,RMED,BWM-VL01,RMED,BWM01V
1997,8468327,26253.6,27266.0,7400.0,1820778,8151665,1821821,8172061,RMED,BWM-VR01,RMED,BWM01V
1998,8468324,26163.3,27457.4,7700.0,1820778,8151671,1822018,8174741,RMED,BWM-VL01,RMED,BWM01V
1999,8468324,26163.3,27457.4,7700.0,1820778,8151671,1823630,8208691,RMED,SMDDR,RMED,SMDD
2000,8468324,26163.3,27457.4,7700.0,1820778,8151671,1821821,8172067,RMED,BWM-VR01,RMED,BWM01V
2001,8468322,26508.4,27419.9,7800.0,1820778,8151878,1822018,8174739,RMED,BWM-VL01,RMED,BWM01V
2002,8468322,26508.4,27419.9,7800.0,1820778,8151878,1822038,8175278,RMED,BWM-VL03,RMED,BWM03V
2003,8468320,26426.3,27436.3,8150.0,1820778,8151680,1823630,8208668,RMED,SMDDR,RMED,SMDD
2004,8468320,26426.3,27436.3,8150.0,1820778,8151680,1821821,8172267,RMED,BWM-VR01,RMED,BWM01V
2005,8468320,26426.3,27436.3,8150.0,1820778,8151680,1822038,8175285,RMED,BWM-VL03,RMED,BWM03V
2006,8468320,26426.3,27436.3,8150.0,1820778,8151680,1822018,8174949,RMED,BWM-VL01,RMED,BWM01V
2007,8468317,27618.2,26426.4,5500.0,1820778,8151824,1821899,8173318,RMED,BWM-VL05,RMED,BWM05V
2008,8468317,27618.2,26426.4,5500.0,1820778,8151824,1822038,8175121,RMED,BWM-VL03,RMED,BWM03V
2009,8468317,27618.2,26426.4,5500.0,1820778,8151824,1822207,8178515,RMED,BWM-VR03,RMED,BWM03V
2010,8468316,27163.1,27203.2,5450.0,1820778,8151831,1820689,8150716,RMED,RMDVR,RMED,RMDV
2011,8468316,27163.1,27203.2,5450.0,1820778,8151831,1820778,8151626,RMED,RMED,RMED,RMED
2012,8468314,26654.2,27258.7,7150.0,1820778,8151865,1821821,8172065,RMED,BWM-VR01,RMED,BWM01V
2013,8468314,26654.2,27258.7,7150.0,1820778,8151865,1822038,8175243,RMED,BWM-VL03,RMED,BWM03V
2014,8468314,26654.2,27258.7,7150.0,1820778,8151865,1822038,8175246,RMED,BWM-VL03,RMED,BWM03V
2015,8468314,26654.2,27258.7,7150.0,1820778,8151865,1822207,8178578,RMED,BWM-VR03,RMED,BWM03V
2016,8468312,27581.8,27499.6,7350.0,1820778,8151869,1823121,8198264,RMED,SMDDL,RMED,SMDD
2017,8468312,27581.8,27499.6,7350.0,1820778,8151869,1822038,8175259,RMED,BWM-VL03,RMED,BWM03V
2018,8468312,27581.8,27499.6,7350.0,1820778,8151869,1822018,8174925,RMED,BWM-VL01,RMED,BWM01V
2019,8468312,27581.8,27499.6,7350.0,1820778,8151869,1821821,8172251,RMED,BWM-VR01,RMED,BWM01V
2020,8468310,27321.8,27271.2,7900.0,1820778,8151880,1822038,8175280,RMED,BWM-VL03,RMED,BWM03V
2021,8468310,27321.8,27271.2,7900.0,1820778,8151880,1823121,8197880,RMED,SMDDL,RMED,SMDD
2022,8468310,27321.8,27271.2,7900.0,1820778,8151880,1822018,8174737,RMED,BWM-VL01,RMED,BWM01V
2023,8468310,27321.8,27271.2,7900.0,1820778,8151880,1821821,8172240,RMED,BWM-VR01,RMED,BWM01V
2024,8468310,27321.8,27271.2,7900.0,1820778,8151880,1821899,8173401,RMED,BWM-VL05,RMED,BWM05V
2025,8468309,26842.2,27073.2,8400.0,1820778,8151890,1822038,8175290,RMED,BWM-VL03,RMED,BWM03V
2026,8468309,26842.2,27073.2,8400.0,1820778,8151890,1822038,8175326,RMED,BWM-VL03,RMED,BWM03V
2027,8468309,26842.2,27073.2,8400.0,1820778,8151890,1822018,8174964,RMED,BWM-VL01,RMED,BWM01V
2028,8468309,26842.2,27073.2,8400.0,1820778,8151890,1821821,8172281,RMED,BWM-VR01,RMED,BWM01V
2029,8468300,29632.3,25887.8,5350.0,1820689,8150737,1824277,8224631,RMDVR,RMDDL,RMDV,RMDD
2030,8468300,29632.3,25887.8,5350.0,1820689,8150737,1822038,8175112,RMDVR,BWM-VL03,RMDV,BWM03V
2031,8468300,29632.3,25887.8,5350.0,1820689,8150737,1822018,8174789,RMDVR,BWM-VL01,RMDV,BWM01V
2032,8468291,32160.3,21761.2,4650.0,1820689,8150440,1821956,8174253,RMDVR,BWM-VL04,RMDV,BWM04V
2033,8468291,32160.3,21761.2,4650.0,1820689,8150440,1824277,8224707,RMDVR,RMDDL,RMDV,RMDD
2034,8468290,31460.7,24099.2,4050.0,1820689,8150453,1821956,8174265,RMDVR,BWM-VL04,RMDV,BWM04V
2035,8468290,31460.7,24099.2,4050.0,1820689,8150453,1824277,8224681,RMDVR,RMDDL,RMDV,RMDD
2036,8468290,31460.7,24099.2,4050.0,1820689,8150453,1821989,8174570,RMDVR,BWM-VL02,RMDV,BWM02V
2037,8468287,32006.4,22060.5,4100.0,1820689,8150452,1821956,8174264,RMDVR,BWM-VL04,RMDV,BWM04V
2038,8468287,32006.4,22060.5,4100.0,1820689,8150452,1821928,8173662,RMDVR,BWM-VL06,RMDV,BWM06V
2039,8468287,32006.4,22060.5,4100.0,1820689,8150452,1824277,8224694,RMDVR,RMDDL,RMDV,RMDD
2040,8468287,32006.4,22060.5,4100.0,1820689,8150452,1821989,8174542,RMDVR,BWM-VL02,RMDV,BWM02V
2041,8468284,31678.4,23804.4,3750.0,1820689,8150459,1824277,8225060,RMDVR,RMDDL,RMDV,RMDD
2042,8468284,31678.4,23804.4,3750.0,1820689,8150459,1821989,8174576,RMDVR,BWM-VL02,RMDV,BWM02V
2043,8468284,31678.4,23804.4,3750.0,1820689,8150459,1821956,8174271,RMDVR,BWM-VL04,RMDV,BWM04V
2044,8468282,31797.3,23155.8,3450.0,1820689,8150472,1821989,8174593,RMDVR,BWM-VL02,RMDV,BWM02V
2045,8468282,31797.3,23155.8,3450.0,1820689,8150472,1821956,8174277,RMDVR,BWM-VL04,RMDV,BWM04V
2046,8468281,31834.7,22323.1,3400.0,1820689,8150479,1824277,8225067,RMDVR,RMDDL,RMDV,RMDD
2047,8468281,31834.7,22323.1,3400.0,1820689,8150479,1821989,8174608,RMDVR,BWM-VL02,RMDV,BWM02V
2048,8468281,31834.7,22323.1,3400.0,1820689,8150479,1821956,8174278,RMDVR,BWM-VL04,RMDV,BWM04V
2049,8468279,31887.2,22264.7,3200.0,1820689,8150483,1824277,8225073,RMDVR,RMDDL,RMDV,RMDD
2050,8468279,31887.2,22264.7,3200.0,1820689,8150483,1821989,8174599,RMDVR,BWM-VL02,RMDV,BWM02V
2051,8468279,31887.2,22264.7,3200.0,1820689,8150483,1821956,8174297,RMDVR,BWM-VL04,RMDV,BWM04V
2052,8468278,31121.5,24334.6,4900.0,1820689,8150501,1824277,8224664,RMDVR,RMDDL,RMDV,RMDD
2053,8468278,31121.5,24334.6,4900.0,1820689,8150501,1821928,8173625,RMDVR,BWM-VL06,RMDV,BWM06V
2054,8468278,31121.5,24334.6,4900.0,1820689,8150501,1821989,8174494,RMDVR,BWM-VL02,RMDV,BWM02V
2055,8468278,31121.5,24334.6,4900.0,1820689,8150501,1822018,8174872,RMDVR,BWM-VL01,RMDV,BWM01V
2056,8468277,30731.6,24565.6,5800.0,1820689,8150750,1821989,8174513,RMDVR,BWM-VL02,RMDV,BWM02V
2057,8468277,30731.6,24565.6,5800.0,1820689,8150750,1824277,8224653,RMDVR,RMDDL,RMDV,RMDD
2058,8468277,30731.6,24565.6,5800.0,1820689,8150750,1822038,8175223,RMDVR,BWM-VL03,RMDV,BWM03V
2059,8468276,26857.6,26634.6,5500.0,1820689,8150715,1820778,8151627,RMDVR,RMED,RMDV,RMED
2060,8468276,26857.6,26634.6,5500.0,1820689,8150715,1822207,8178537,RMDVR,BWM-VR03,RMDV,BWM03V
2061,8468275,27096.1,26631.9,5500.0,1820689,8150715,1820778,8151824,RMDVR,RMED,RMDV,RMED
2062,8468275,27096.1,26631.9,5500.0,1820689,8150715,1822207,8178515,RMDVR,BWM-VR03,RMDV,BWM03V
2063,8468275,27096.1,26631.9,5500.0,1820689,8150715,1822207,8178537,RMDVR,BWM-VR03,RMDV,BWM03V
2064,8468274,27295.3,26785.8,5700.0,1820689,8150710,1820778,8151828,RMDVR,RMED,RMDV,RMED
2065,8468274,27295.3,26785.8,5700.0,1820689,8150710,1822207,8178511,RMDVR,BWM-VR03,RMDV,BWM03V
2066,8468273,29486.8,26075.2,5250.0,1820689,8150739,1824277,8224633,RMDVR,RMDDL,RMDV,RMDD
2067,8468273,29486.8,26075.2,5250.0,1820689,8150739,1822018,8174791,RMDVR,BWM-VL01,RMDV,BWM01V
2068,8468273,29486.8,26075.2,5250.0,1820689,8150739,1821881,8172999,RMDVR,BWM-VL07,RMDV,BWM07V
2069,8468271,29576.3,26152.2,5000.0,1820689,8150744,1824277,8224662,RMDVR,RMDDL,RMDV,RMDD
2070,8468271,29576.3,26152.2,5000.0,1820689,8150744,1822018,8174876,RMDVR,BWM-VL01,RMDV,BWM01V
2071,8468271,29576.3,26152.2,5000.0,1820689,8150744,1822038,8175141,RMDVR,BWM-VL03,RMDV,BWM03V
2072,8468270,29804.8,25683.8,5800.0,1820689,8150702,1824277,8225107,RMDVR,RMDDL,RMDV,RMDD
2073,8468270,29804.8,25683.8,5800.0,1820689,8150702,1822018,8174780,RMDVR,BWM-VL01,RMDV,BWM01V
2074,8468270,29804.8,25683.8,5800.0,1820689,8150702,1822038,8175104,RMDVR,BWM-VL03,RMDV,BWM03V
2075,8468268,28492.8,26345.7,6550.0,1820689,8150540,1821881,8172973,RMDVR,BWM-VL07,RMDV,BWM07V
2076,8468268,28492.8,26345.7,6550.0,1820689,8150540,1821899,8173273,RMDVR,BWM-VL05,RMDV,BWM05V
2077,8468267,28039.2,27283.7,6500.0,1820689,8150535,1822018,8174941,RMDVR,BWM-VL01,RMDV,BWM01V
2078,8468267,28039.2,27283.7,6500.0,1820689,8150535,1820778,8151852,RMDVR,RMED,RMDV,RMED
2079,8468267,28039.2,27283.7,6500.0,1820689,8150535,1822038,8175320,RMDVR,BWM-VL03,RMDV,BWM03V
2080,8468266,30093.1,25405.1,6500.0,1820689,8150534,1824277,8225121,RMDVR,RMDDL,RMDV,RMDD
2081,8468266,30093.1,25405.1,6500.0,1820689,8150534,1822038,8175086,RMDVR,BWM-VL03,RMDV,BWM03V
2082,8468266,30093.1,25405.1,6500.0,1820689,8150534,1822018,8174766,RMDVR,BWM-VL01,RMDV,BWM01V
2083,8468264,28752.2,26950.2,7450.0,1820689,8150558,1822038,8175301,RMDVR,BWM-VL03,RMDV,BWM03V
2084,8468264,28752.2,26950.2,7450.0,1820689,8150558,1824277,8224588,RMDVR,RMDDL,RMDV,RMDD
2085,8468264,28752.2,26950.2,7450.0,1820689,8150558,1821899,8173142,RMDVR,BWM-VL05,RMDV,BWM05V
2086,8468264,28752.2,26950.2,7450.0,1820689,8150558,1821899,8173202,RMDVR,BWM-VL05,RMDV,BWM05V
2087,8468263,28905.8,26799.4,7900.0,1820689,8150567,1823775,8212136,RMDVR,SMBVL,RMDV,SMBV
2088,8468263,28905.8,26799.4,7900.0,1820689,8150567,1821899,8173132,RMDVR,BWM-VL05,RMDV,BWM05V
2089,8468262,29109.9,26788.5,8250.0,1820689,8150574,1823775,8211834,RMDVR,SMBVL,RMDV,SMBV
2090,8468262,29109.9,26788.5,8250.0,1820689,8150574,1821899,8173121,RMDVR,BWM-VL05,RMDV,BWM05V
2091,8468262,29109.9,26788.5,8250.0,1820689,8150574,1821899,8173186,RMDVR,BWM-VL05,RMDV,BWM05V
2092,8468256,24753.4,26426.3,5050.0,1820488,8146088,1822207,8178550,RMDVL,BWM-VR03,RMDV,BWM03V
2093,8468256,24753.4,26426.3,5050.0,1820488,8146088,1821821,8172228,RMDVL,BWM-VR01,RMDV,BWM01V
2094,8468256,24753.4,26426.3,5050.0,1820488,8146088,1822332,8181643,RMDVL,RMDDR,RMDV,RMDD
2095,8468254,24584.5,26362.9,5700.0,1820488,8146075,1821821,8172134,RMDVL,BWM-VR01,RMDV,BWM01V
2096,8468254,24584.5,26362.9,5700.0,1820488,8146075,1822207,8178523,RMDVL,BWM-VR03,RMDV,BWM03V
2097,8468254,24584.5,26362.9,5700.0,1820488,8146075,1822332,8181150,RMDVL,RMDDR,RMDV,RMDD
2098,8468250,22564.9,24995.8,5750.0,1820488,8145817,1821733,8170892,RMDVL,BWM-VR04,RMDV,BWM04V
2099,8468250,22564.9,24995.8,5750.0,1820488,8145817,1821821,8172127,RMDVL,BWM-VR01,RMDV,BWM01V
2100,8468250,22564.9,24995.8,5750.0,1820488,8145817,1822332,8181166,RMDVL,RMDDR,RMDV,RMDD
2101,8468248,20272.9,22339.8,4550.0,1820488,8145747,1821733,8170994,RMDVL,BWM-VR04,RMDV,BWM04V
2102,8468248,20272.9,22339.8,4550.0,1820488,8145747,1822332,8181215,RMDVL,RMDDR,RMDV,RMDD
2103,8468246,21594.8,24274.2,4200.0,1820488,8145754,1822332,8181198,RMDVL,RMDDR,RMDV,RMDD
2104,8468246,21594.8,24274.2,4200.0,1820488,8145754,1821796,8171842,RMDVL,BWM-VR02,RMDV,BWM02V
2105,8468246,21594.8,24274.2,4200.0,1820488,8145754,1821733,8170963,RMDVL,BWM-VR04,RMDV,BWM04V
2106,8468246,21594.8,24274.2,4200.0,1820488,8145754,1821733,8171058,RMDVL,BWM-VR04,RMDV,BWM04V
2107,8468244,20545.2,22506.6,4150.0,1820488,8145755,1821733,8171068,RMDVL,BWM-VR04,RMDV,BWM04V
2108,8468244,20545.2,22506.6,4150.0,1820488,8145755,1822332,8181207,RMDVL,RMDDR,RMDV,RMDD
2109,8468241,21258.0,23895.8,4000.0,1820488,8145758,1822332,8181202,RMDVL,RMDDR,RMDV,RMDD
2110,8468241,21258.0,23895.8,4000.0,1820488,8145758,1821796,8171846,RMDVL,BWM-VR02,RMDV,BWM02V
2111,8468241,21258.0,23895.8,4000.0,1820488,8145758,1821733,8171062,RMDVL,BWM-VR04,RMDV,BWM04V
2112,8468240,20651.7,22878.4,3900.0,1820488,8145760,1822332,8181613,RMDVL,RMDDR,RMDV,RMDD
2113,8468240,20651.7,22878.4,3900.0,1820488,8145760,1821796,8171978,RMDVL,BWM-VR02,RMDV,BWM02V
2114,8468238,21062.4,23596.2,3900.0,1820488,8145760,1821733,8171073,RMDVL,BWM-VR04,RMDV,BWM04V
2115,8468238,21062.4,23596.2,3900.0,1820488,8145760,1821769,8171448,RMDVL,BWM-VR06,RMDV,BWM06V
2116,8468232,22191.2,24871.2,4850.0,1820488,8145788,1821796,8171800,RMDVL,BWM-VR02,RMDV,BWM02V
2117,8468232,22191.2,24871.2,4850.0,1820488,8145788,1821733,8170950,RMDVL,BWM-VR04,RMDV,BWM04V
2118,8468232,22191.2,24871.2,4850.0,1820488,8145788,1822332,8181185,RMDVL,RMDDR,RMDV,RMDD
2119,8468229,22384.8,24963.6,5100.0,1820488,8145804,1822332,8181180,RMDVL,RMDDR,RMDV,RMDD
2120,8468229,22384.8,24963.6,5100.0,1820488,8145804,1821796,8171755,RMDVL,BWM-VR02,RMDV,BWM02V
2121,8468229,22384.8,24963.6,5100.0,1820488,8145804,1821733,8170945,RMDVL,BWM-VR04,RMDV,BWM04V
2122,8468227,22379.6,24910.4,5550.0,1820488,8145813,1821733,8170896,RMDVL,BWM-VR04,RMDV,BWM04V
2123,8468227,22379.6,24910.4,5550.0,1820488,8145813,1821769,8171332,RMDVL,BWM-VR06,RMDV,BWM06V
2124,8468226,22718.7,25008.8,6000.0,1820488,8145822,1821821,8172132,RMDVL,BWM-VR01,RMDV,BWM01V
2125,8468226,22718.7,25008.8,6000.0,1820488,8145822,1819130,8120887,RMDVL,GLRVR,RMDV,GLRV
2126,8468226,22718.7,25008.8,6000.0,1820488,8145822,1822332,8181171,RMDVL,RMDDR,RMDV,RMDD
2127,8468225,24761.6,26452.7,5250.0,1820488,8146084,1822332,8181639,RMDVL,RMDDR,RMDV,RMDD
2128,8468225,24761.6,26452.7,5250.0,1820488,8146084,1822207,8178546,RMDVL,BWM-VR03,RMDV,BWM03V
2129,8468225,24761.6,26452.7,5250.0,1820488,8146084,1821821,8172224,RMDVL,BWM-VR01,RMDV,BWM01V
2130,8468223,26537.0,26874.7,5900.0,1820488,8146022,1822207,8178504,RMDVL,BWM-VR03,RMDV,BWM03V
2131,8468223,26537.0,26874.7,5900.0,1820488,8146022,1822207,8178506,RMDVL,BWM-VR03,RMDV,BWM03V
2132,8468223,26537.0,26874.7,5900.0,1820488,8146022,1820778,8151635,RMDVL,RMED,RMDV,RMED
2133,8468223,26537.0,26874.7,5900.0,1820488,8146022,1821899,8173288,RMDVL,BWM-VL05,RMDV,BWM05V
2134,8468223,26537.0,26874.7,5900.0,1820488,8146022,1822179,8178339,RMDVL,BWM-VR05,RMDV,BWM05V
2135,8468221,27604.8,27062.8,6700.0,1820488,8146045,1821881,8172970,RMDVL,BWM-VL07,RMDV,BWM07V
2136,8468221,27604.8,27062.8,6700.0,1820488,8146045,1822038,8175271,RMDVL,BWM-VL03,RMDV,BWM03V
2137,8468221,27604.8,27062.8,6700.0,1820488,8146045,1821899,8173366,RMDVL,BWM-VL05,RMDV,BWM05V
2138,8468219,27588.8,27160.8,6700.0,1820488,8146045,1820778,8151856,RMDVL,RMED,RMDV,RMED
2139,8468219,27588.8,27160.8,6700.0,1820488,8146045,1822038,8175271,RMDVL,BWM-VL03,RMDV,BWM03V
2140,8468218,26990.2,27001.6,7000.0,1820488,8146051,1820689,8150690,RMDVL,RMDVR,RMDV,RMDV
2141,8468218,26990.2,27001.6,7000.0,1820488,8146051,1822038,8175245,RMDVL,BWM-VL03,RMDV,BWM03V
2142,8468218,26990.2,27001.6,7000.0,1820488,8146051,1822207,8178582,RMDVL,BWM-VR03,RMDV,BWM03V
2143,8468218,26990.2,27001.6,7000.0,1820488,8146051,1821899,8173264,RMDVL,BWM-VL05,RMDV,BWM05V
2144,8468218,26990.2,27001.6,7000.0,1820488,8146051,1822038,8175249,RMDVL,BWM-VL03,RMDV,BWM03V
2145,8468217,24308.1,26315.1,6400.0,1820488,8145847,1822207,8178485,RMDVL,BWM-VR03,RMDV,BWM03V
2146,8468217,24308.1,26315.1,6400.0,1820488,8145847,1822179,8178187,RMDVL,BWM-VR05,RMDV,BWM05V
2147,8468217,24308.1,26315.1,6400.0,1820488,8145847,1822207,8178493,RMDVL,BWM-VR03,RMDV,BWM03V
2148,8468217,24308.1,26315.1,6400.0,1820488,8145847,1821821,8172098,RMDVL,BWM-VR01,RMDV,BWM01V
2149,8468217,24308.1,26315.1,6400.0,1820488,8145847,1822332,8181653,RMDVL,RMDDR,RMDV,RMDD
2150,8468215,25803.2,27091.2,6700.0,1820488,8145853,1822207,8178593,RMDVL,BWM-VR03,RMDV,BWM03V
2151,8468215,25803.2,27091.2,6700.0,1820488,8145853,1822179,8178272,RMDVL,BWM-VR05,RMDV,BWM05V
2152,8468215,25803.2,27091.2,6700.0,1820488,8145853,1821843,8172594,RMDVL,BWM-VR07,RMDV,BWM07V
2153,8468213,23746.8,26190.1,6750.0,1820488,8145854,1821821,8172091,RMDVL,BWM-VR01,RMDV,BWM01V
2154,8468213,23746.8,26190.1,6750.0,1820488,8145854,1822207,8178482,RMDVL,BWM-VR03,RMDV,BWM03V
2155,8468213,23746.8,26190.1,6750.0,1820488,8145854,1822332,8181660,RMDVL,RMDDR,RMDV,RMDD
2156,8468210,23582.1,25981.2,7150.0,1820488,8145862,1821821,8172083,RMDVL,BWM-VR01,RMDV,BWM01V
2157,8468210,23582.1,25981.2,7150.0,1820488,8145862,1822207,8178429,RMDVL,BWM-VR03,RMDV,BWM03V
2158,8468210,23582.1,25981.2,7150.0,1820488,8145862,1822332,8181668,RMDVL,RMDDR,RMDV,RMDD
2159,8468209,25435.2,27319.2,7300.0,1820488,8145865,1822179,8178124,RMDVL,BWM-VR05,RMDV,BWM05V
2160,8468209,25435.2,27319.2,7300.0,1820488,8145865,1822207,8178606,RMDVL,BWM-VR03,RMDV,BWM03V
2161,8468209,25435.2,27319.2,7300.0,1820488,8145865,1822207,8178651,RMDVL,BWM-VR03,RMDV,BWM03V
2162,8468209,25435.2,27319.2,7300.0,1820488,8145865,1821843,8172468,RMDVL,BWM-VR07,RMDV,BWM07V
2163,8468204,23974.6,26285.9,7900.0,1820488,8145877,1823698,8210212,RMDVL,SMBVR,RMDV,SMBV
2164,8468204,23974.6,26285.9,7900.0,1820488,8145877,1822207,8178414,RMDVL,BWM-VR03,RMDV,BWM03V
2165,8468204,23974.6,26285.9,7900.0,1820488,8145877,1822179,8178158,RMDVL,BWM-VR05,RMDV,BWM05V
2166,8468201,24923.2,27094.5,8350.0,1820488,8145886,1822332,8181096,RMDVL,RMDDR,RMDV,RMDD
2167,8468201,24923.2,27094.5,8350.0,1820488,8145886,1822207,8178630,RMDVL,BWM-VR03,RMDV,BWM03V
2168,8468201,24923.2,27094.5,8350.0,1820488,8145886,1822179,8178103,RMDVL,BWM-VR05,RMDV,BWM05V
2169,8468201,24923.2,27094.5,8350.0,1820488,8145886,1821843,8172447,RMDVL,BWM-VR07,RMDV,BWM07V
2170,8468199,24491.2,26930.2,8850.0,1820488,8145896,1822179,8178083,RMDVL,BWM-VR05,RMDV,BWM05V
2171,8468199,24491.2,26930.2,8850.0,1820488,8145896,1823698,8209925,RMDVL,SMBVR,RMDV,SMBV
2172,8468199,24491.2,26930.2,8850.0,1820488,8145896,1822207,8178658,RMDVL,BWM-VR03,RMDV,BWM03V
2173,8468173,32223.7,21175.5,6000.0,1820413,8144549,1820449,8144991,RMDR,RMDL,RMDL/R,RMDL/R
2174,8468173,32223.7,21175.5,6000.0,1820413,8144549,1821989,8174460,RMDR,BWM-VL02,RMDL/R,BWM02V
2175,8468173,32223.7,21175.5,6000.0,1820413,8144549,1821541,8167932,RMDR,BWM-DL02,RMDL/R,BWM02D
2176,8468173,32223.7,21175.5,6000.0,1820413,8144549,1819126,8120886,RMDR,GLRL,RMDL/R,GLRL/R
2177,8468170,32126.3,20733.1,6300.0,1820413,8144555,1821956,8174136,RMDR,BWM-VL04,RMDL/R,BWM04V
2178,8468170,32126.3,20733.1,6300.0,1820413,8144555,1821512,8167767,RMDR,BWM-DL04,RMDL/R,BWM04D
2179,8468170,32126.3,20733.1,6300.0,1820413,8144555,1820662,8149849,RMDR,RMER,RMDL/R,RMEL/R
2180,8468170,32126.3,20733.1,6300.0,1820413,8144555,1821235,8161828,RMDR,IL1L,RMDL/R,IL1L/R
2181,8468169,32170.5,21337.9,6450.0,1820413,8144558,1821956,8174141,RMDR,BWM-VL04,RMDL/R,BWM04V
2182,8468169,32170.5,21337.9,6450.0,1820413,8144558,1822455,8184069,RMDR,RMHR,RMDL/R,RMH
2183,8468169,32170.5,21337.9,6450.0,1820413,8144558,1821989,8174437,RMDR,BWM-VL02,RMDL/R,BWM02V
2184,8468168,32271.2,21133.4,6850.0,1820413,8144566,1821956,8174148,RMDR,BWM-VL04,RMDL/R,BWM04V
2185,8468168,32271.2,21133.4,6850.0,1820413,8144566,1821512,8167756,RMDR,BWM-DL04,RMDL/R,BWM04D
2186,8468168,32271.2,21133.4,6850.0,1820413,8144566,1822455,8184077,RMDR,RMHR,RMDL/R,RMH
2187,8468167,32491.2,25389.2,4900.0,1820413,8144530,1821299,8163464,RMDR,CEPVL,RMDL/R,CEPV
2188,8468167,32491.2,25389.2,4900.0,1820413,8144530,1822426,8183492,RMDR,RIAR,RMDL/R,RIA
2189,8468166,32212.1,23596.9,4900.0,1820413,8144527,1822426,8183490,RMDR,RIAR,RMDL/R,RIA
2190,8468166,32212.1,23596.9,4900.0,1820413,8144527,1821956,8174206,RMDR,BWM-VL04,RMDL/R,BWM04V
2191,8468166,32212.1,23596.9,4900.0,1820413,8144527,1821928,8173606,RMDR,BWM-VL06,RMDL/R,BWM06V
2192,8468164,31892.8,19103.1,6150.0,1820413,8144677,1821541,8167963,RMDR,BWM-DL02,RMDL/R,BWM02D
2193,8468164,31892.8,19103.1,6150.0,1820413,8144677,1822455,8184172,RMDR,RMHR,RMDL/R,RMH
2194,8468163,31979.9,19440.6,6300.0,1820413,8144680,1821512,8167394,RMDR,BWM-DL04,RMDL/R,BWM04D
2195,8468163,31979.9,19440.6,6300.0,1820413,8144680,1820662,8150033,RMDR,RMER,RMDL/R,RMEL/R
2196,8468163,31979.9,19440.6,6300.0,1820413,8144680,1821956,8174136,RMDR,BWM-VL04,RMDL/R,BWM04V
2197,8468162,31410.3,16668.2,4950.0,1820413,8144702,1821485,8166938,RMDR,BWM-DL08,RMDL/R,BWM08D
2198,8468162,31410.3,16668.2,4950.0,1820413,8144702,1821497,8167127,RMDR,BWM-DL06,RMDL/R,BWM06D
2199,8468161,31330.7,16771.4,4800.0,1820413,8144705,1822426,8183458,RMDR,RIAR,RMDL/R,RIA
2200,8468161,31330.7,16771.4,4800.0,1820413,8144705,1821497,8167126,RMDR,BWM-DL06,RMDL/R,BWM06D
2201,8468160,32907.8,20950.2,5650.0,1820413,8144577,1821278,8162939,RMDR,OLLL,RMDL/R,OLL
2202,8468160,32907.8,20950.2,5650.0,1820413,8144577,1820449,8145494,RMDR,RMDL,RMDL/R,RMDL/R
2203,8468160,32907.8,20950.2,5650.0,1820413,8144577,1821235,8161841,RMDR,IL1L,RMDL/R,IL1L/R
2204,8468159,33167.2,19233.3,5000.0,1820413,8144647,1820488,8145584,RMDR,RMDVL,RMDL/R,RMDV
2205,8468159,33167.2,19233.3,5000.0,1820413,8144647,1822426,8183589,RMDR,RIAR,RMDL/R,RIA
2206,8468159,33167.2,19233.3,5000.0,1820413,8144647,1824277,8224722,RMDR,RMDDL,RMDL/R,RMDD
2207,8468157,32947.8,18932.2,4850.0,1820413,8144650,1822426,8183477,RMDR,RIAR,RMDL/R,RIA
2208,8468157,32947.8,18932.2,4850.0,1820413,8144650,1822332,8181323,RMDR,RMDDR,RMDL/R,RMDD
2209,8468156,33151.5,19079.2,4350.0,1820413,8144660,1820488,8145597,RMDR,RMDVL,RMDL/R,RMDV
2210,8468156,33151.5,19079.2,4350.0,1820413,8144660,1822426,8183593,RMDR,RIAR,RMDL/R,RIA
2211,8468155,33095.9,20477.2,4950.0,1820413,8144591,1822426,8183588,RMDR,RIAR,RMDL/R,RIA
2212,8468155,33095.9,20477.2,4950.0,1820413,8144591,1820449,8145013,RMDR,RMDL,RMDL/R,RMDL/R
2213,8468154,33278.7,21319.6,4650.0,1820413,8144597,1822365,8182448,RMDR,RIAL,RMDL/R,RIA
2214,8468154,33278.7,21319.6,4650.0,1820413,8144597,1822426,8183484,RMDR,RIAR,RMDL/R,RIA
2215,8468153,33329.6,21887.0,4500.0,1820413,8144600,1822365,8182214,RMDR,RIAL,RMDL/R,RIA
2216,8468153,33329.6,21887.0,4500.0,1820413,8144600,1822426,8183584,RMDR,RIAR,RMDL/R,RIA
2217,8468152,33297.2,22194.4,4450.0,1820413,8144601,1822426,8183585,RMDR,RIAR,RMDL/R,RIA
2218,8468152,33297.2,22194.4,4450.0,1820413,8144601,1822365,8182213,RMDR,RIAL,RMDL/R,RIA
2219,8468150,33411.2,22462.1,4450.0,1820413,8144601,1822426,8183585,RMDR,RIAR,RMDL/R,RIA
2220,8468150,33411.2,22462.1,4450.0,1820413,8144601,1820449,8145464,RMDR,RMDL,RMDL/R,RMDL/R
2221,8468150,33411.2,22462.1,4450.0,1820413,8144601,1821928,8173756,RMDR,BWM-VL06,RMDL/R,BWM06V
2222,8468150,33411.2,22462.1,4450.0,1820413,8144601,1822365,8182213,RMDR,RIAL,RMDL/R,RIA
2223,8468150,33411.2,22462.1,4450.0,1820413,8144601,1821956,8174218,RMDR,BWM-VL04,RMDL/R,BWM04V
2224,8468138,18411.9,21116.2,4800.0,1820449,8145283,1822365,8182283,RMDL,RIAL,RMDL/R,RIA
2225,8468138,18411.9,21116.2,4800.0,1820449,8145283,1822426,8183389,RMDL,RIAR,RMDL/R,RIA
2226,8468136,18011.6,18543.9,4900.0,1820449,8145323,1822365,8182398,RMDL,RIAL,RMDL/R,RIA
2227,8468136,18011.6,18543.9,4900.0,1820449,8145323,1824277,8224816,RMDL,RMDDL,RMDL/R,RMDD
2228,8468135,17872.0,18008.9,4450.0,1820449,8145332,1822365,8182401,RMDL,RIAL,RMDL/R,RIA
2229,8468135,17872.0,18008.9,4450.0,1820449,8145332,1820689,8150272,RMDL,RMDVR,RMDL/R,RMDV
2230,8468135,17872.0,18008.9,4450.0,1820449,8145332,1822426,8183396,RMDL,RIAR,RMDL/R,RIA
2231,8468133,18115.0,17376.1,4400.0,1820449,8145333,1822365,8182403,RMDL,RIAL,RMDL/R,RIA
2232,8468133,18115.0,17376.1,4400.0,1820449,8145333,1822426,8183397,RMDL,RIAR,RMDL/R,RIA
2233,8468132,18115.0,16953.9,3900.0,1820449,8145343,1822426,8183621,RMDL,RIAR,RMDL/R,RIA
2234,8468131,18845.5,19462.9,5400.0,1820449,8145362,1821733,8171120,RMDL,BWM-VR04,RMDL/R,BWM04V
2235,8468131,18845.5,19462.9,5400.0,1820449,8145362,1821378,8165444,RMDL,BWM-DR04,RMDL/R,BWM04D
2236,8468131,18845.5,19462.9,5400.0,1820449,8145362,1821453,8166676,RMDL,BWM-DR02,RMDL/R,BWM02D
2237,8468131,18845.5,19462.9,5400.0,1820449,8145362,1820413,8144731,RMDL,RMDR,RMDL/R,RMDL/R
2238,8468130,18736.1,21013.3,5550.0,1820449,8145270,1820413,8144791,RMDL,RMDR,RMDL/R,RMDL/R
2239,8468130,18736.1,21013.3,5550.0,1820449,8145270,1821172,8160308,RMDL,IL1R,RMDL/R,IL1L/R
2240,8468130,18736.1,21013.3,5550.0,1820449,8145270,1821199,8160989,RMDL,IL2R,RMDL/R,IL2L/R
2241,8468129,19077.8,23084.3,4750.0,1820449,8145284,1820413,8144737,RMDL,RMDR,RMDL/R,RMDL/R
2242,8468129,19077.8,23084.3,4750.0,1820449,8145284,1821733,8170932,RMDL,BWM-VR04,RMDL/R,BWM04V
2243,8468127,18934.2,22097.8,4600.0,1820449,8145287,1822426,8183385,RMDL,RIAR,RMDL/R,RIA
2244,8468127,18934.2,22097.8,4600.0,1820449,8145287,1822365,8182288,RMDL,RIAL,RMDL/R,RIA
2245,8468126,18563.7,21602.6,4650.0,1820449,8145286,1822426,8183386,RMDL,RIAR,RMDL/R,RIA
2246,8468126,18563.7,21602.6,4650.0,1820449,8145286,1822365,8182287,RMDL,RIAL,RMDL/R,RIA
2247,8468020,25590.7,13736.0,3000.0,1824277,8225033,1821617,8169283,RMDDL,BWM-DR05,RMDD,BWM05D
2248,8468020,25590.7,13736.0,3000.0,1824277,8225033,1821565,8168431,RMDDL,BWM-DR07,RMDD,BWM07D
2249,8468019,25323.2,13826.0,2800.0,1824277,8225037,1821565,8168434,RMDDL,BWM-DR07,RMDD,BWM07D
2250,8468019,25323.2,13826.0,2800.0,1824277,8225037,1823925,8216072,RMDDL,RMEV,RMDD,RMEV
2251,8468019,25323.2,13826.0,2800.0,1824277,8225037,1821617,8169293,RMDDL,BWM-DR05,RMDD,BWM05D
2252,8468017,23136.8,14186.5,2800.0,1824277,8225037,1821595,8168991,RMDDL,BWM-DR03,RMDD,BWM03D
2253,8468017,23136.8,14186.5,2800.0,1824277,8225037,1821578,8168684,RMDDL,BWM-DR01,RMDD,BWM01D
2254,8468016,21279.6,15792.4,4400.0,1824277,8224799,1821578,8168607,RMDDL,BWM-DR01,RMDD,BWM01D
2255,8468016,21279.6,15792.4,4400.0,1824277,8224799,1820689,8150791,RMDDL,RMDVR,RMDD,RMDV
2256,8468015,18812.3,18205.8,3750.0,1824277,8224922,1820689,8150286,RMDDL,RMDVR,RMDD,RMDV
2257,8468015,18812.3,18205.8,3750.0,1824277,8224922,1821453,8166702,RMDDL,BWM-DR02,RMDD,BWM02D
2258,8468015,18812.3,18205.8,3750.0,1824277,8224922,1821378,8165556,RMDDL,BWM-DR04,RMDD,BWM04D
2259,8468014,20100.6,16398.8,3000.0,1824277,8224972,1820689,8150818,RMDDL,RMDVR,RMDD,RMDV
2260,8468014,20100.6,16398.8,3000.0,1824277,8224972,1821453,8166594,RMDDL,BWM-DR02,RMDD,BWM02D
2261,8468014,20100.6,16398.8,3000.0,1824277,8224972,1821378,8165595,RMDDL,BWM-DR04,RMDD,BWM04D
2262,8468012,19136.1,17893.8,3300.0,1824277,8224944,1821378,8165587,RMDDL,BWM-DR04,RMDD,BWM04D
2263,8468012,19136.1,17893.8,3300.0,1824277,8224944,1821453,8166565,RMDDL,BWM-DR02,RMDD,BWM02D
2264,8468012,19136.1,17893.8,3300.0,1824277,8224944,1820689,8150297,RMDDL,RMDVR,RMDD,RMDV
2265,8468011,19509.4,17662.4,2800.0,1824277,8224954,1821378,8165629,RMDDL,BWM-DR04,RMDD,BWM04D
2266,8468011,19509.4,17662.4,2800.0,1824277,8224954,1820689,8150307,RMDDL,RMDVR,RMDD,RMDV
2267,8468009,18756.4,18977.6,4500.0,1824277,8224808,1821172,8160407,RMDDL,IL1R,RMDD,IL1L/R
2268,8468009,18756.4,18977.6,4500.0,1824277,8224808,1821378,8165524,RMDDL,BWM-DR04,RMDD,BWM04D
2269,8468009,18756.4,18977.6,4500.0,1824277,8224808,1821453,8166655,RMDDL,BWM-DR02,RMDD,BWM02D
2270,8468006,18753.8,18921.2,4400.0,1824277,8224806,1821428,8166143,RMDDL,BWM-DR06,RMDD,BWM06D
2271,8468006,18753.8,18921.2,4400.0,1824277,8224806,1821378,8165538,RMDDL,BWM-DR04,RMDD,BWM04D
2272,8468006,18753.8,18921.2,4400.0,1824277,8224806,1821172,8160405,RMDDL,IL1R,RMDD,IL1L/R
2273,8468006,18753.8,18921.2,4400.0,1824277,8224806,1821378,8165526,RMDDL,BWM-DR04,RMDD,BWM04D
2274,8468006,18753.8,18921.2,4400.0,1824277,8224806,1821453,8166653,RMDDL,BWM-DR02,RMDD,BWM02D
2275,8467971,27323.6,28508.1,11850.0,1819809,8131586,1822365,8182060,SDQR,RIAL,SDQ,RIA
2276,8467971,27323.6,28508.1,11850.0,1819809,8131586,1819940,8135429,SDQR,RIVR,SDQ,RIV
2277,8467969,29087.3,27439.4,9200.0,1819940,8135324,1823957,8216607,RIVR,SIAVL,RIV,SIAV
2278,8467969,29087.3,27439.4,9200.0,1819940,8135324,1820689,8150593,RIVR,RMDVR,RIV,RMDV
2279,8467967,27584.3,28130.8,13750.0,1819940,8135466,1824214,8223233,RIVR,SAADL,RIV,SAAD
2280,8467966,29115.7,27962.2,11100.0,1819940,8135304,1823392,8203432,RIVR,RICR,RIV,RIC
2281,8467966,29115.7,27962.2,11100.0,1819940,8135304,1820689,8150630,RIVR,RMDVR,RIV,RMDV
2282,8467966,29115.7,27962.2,11100.0,1819940,8135304,1823957,8216644,RIVR,SIAVL,RIV,SIAV
2283,8467965,27244.2,26778.9,10100.0,1819940,8135268,1819157,8120894,RIVR,GLRDL,RIV,GLRD
2284,8467965,27244.2,26778.9,10100.0,1819940,8135268,1821899,8173077,RIVR,BWM-VL05,RIV,BWM05V
2285,8467963,27763.6,26757.7,10150.0,1819940,8135267,1821899,8173078,RIVR,BWM-VL05,RIV,BWM05V
2286,8467959,27851.0,27107.5,10150.0,1819940,8135267,1824214,8223304,RIVR,SAADL,RIV,SAAD
2287,8467959,27851.0,27107.5,10150.0,1819940,8135267,1823775,8211871,RIVR,SMBVL,RIV,SMBV
2288,8467958,28209.6,26680.2,9850.0,1819940,8135273,1821881,8172863,RIVR,BWM-VL07,RIV,BWM07V
2289,8467958,28209.6,26680.2,9850.0,1819940,8135273,1821881,8172899,RIVR,BWM-VL07,RIV,BWM07V
2290,8467958,28209.6,26680.2,9850.0,1819940,8135273,1821899,8173072,RIVR,BWM-VL05,RIV,BWM05V
2291,8467957,27523.2,26741.1,9850.0,1819940,8135273,1821843,8172415,RIVR,BWM-VR07,RIV,BWM07V
2292,8467956,27822.7,26743.8,9850.0,1819940,8135273,1821843,8172415,RIVR,BWM-VR07,RIV,BWM07V
2293,8467956,27822.7,26743.8,9850.0,1819940,8135273,1821899,8173072,RIVR,BWM-VL05,RIV,BWM05V
2294,8467955,28053.0,26760.1,9650.0,1819940,8135316,1821881,8172897,RIVR,BWM-VL07,RIV,BWM07V
2295,8467955,28053.0,26760.1,9650.0,1819940,8135316,1821899,8173068,RIVR,BWM-VL05,RIV,BWM05V
2296,8467953,27327.1,26807.6,9650.0,1819940,8135316,1821843,8172421,RIVR,BWM-VR07,RIV,BWM07V
2297,8467953,27327.1,26807.6,9650.0,1819940,8135316,1821899,8173094,RIVR,BWM-VL05,RIV,BWM05V
2298,8467953,27327.1,26807.6,9650.0,1819940,8135316,1821881,8172901,RIVR,BWM-VL07,RIV,BWM07V
2299,8467952,27067.0,28201.8,9450.0,1820590,8147889,1823121,8197831,SMDVR,SMDDL,SMDV,SMDD
2300,8467952,27067.0,28201.8,9450.0,1820590,8147889,1822365,8182107,SMDVR,RIAL,SMDV,RIA
2301,8467951,27093.5,27327.3,9450.0,1819940,8135319,1822365,8182394,RIVR,RIAL,RIV,RIA
2302,8467951,27093.5,27327.3,9450.0,1819940,8135319,1820590,8147889,RIVR,SMDVR,RIV,SMDV
2303,8467951,27093.5,27327.3,9450.0,1819940,8135319,1822365,8182107,RIVR,RIAL,RIV,RIA
2304,8467949,27528.1,26988.2,9450.0,1819940,8135319,1822426,8183582,RIVR,RIAR,RIV,RIA
2305,8467946,28304.6,27726.9,9350.0,1819940,8135321,1823121,8197833,RIVR,SMDDL,RIV,SMDD
2306,8467946,28304.6,27726.9,9350.0,1819940,8135321,1822365,8182109,RIVR,RIAL,RIV,RIA
2307,8467946,28304.6,27726.9,9350.0,1819940,8135321,1824277,8224550,RIVR,RMDDL,RIV,RMDD
2308,8467945,29102.5,27523.6,8700.0,1819940,8135334,1823121,8197864,RIVR,SMDDL,RIV,SMDD
2309,8467945,29102.5,27523.6,8700.0,1819940,8135334,1822426,8183568,RIVR,RIAR,RIV,RIA
2310,8467944,30737.3,26783.5,6800.0,1819940,8135372,1822426,8183530,RIVR,RIAR,RIV,RIA
2311,8467944,30737.3,26783.5,6800.0,1819940,8135372,1823957,8216559,RIVR,SIAVL,RIV,SIAV
2312,8467943,32801.4,24353.8,5650.0,1819940,8135400,1820590,8147808,RIVR,SMDVR,RIV,SMDV
2313,8467943,32801.4,24353.8,5650.0,1819940,8135400,1823957,8216887,RIVR,SIAVL,RIV,SIAV
2314,8467942,32939.8,23413.3,5550.0,1819940,8135402,1821928,8173729,RIVR,BWM-VL06,RIV,BWM06V
2315,8467942,32939.8,23413.3,5550.0,1819940,8135402,1820413,8144506,RIVR,RMDR,RIV,RMDL/R
2316,8467941,27578.2,28247.1,14200.0,1819940,8135475,1824214,8223224,RIVR,SAADL,RIV,SAAD
2317,8467937,24563.8,27622.7,10150.0,1821353,8165126,1820488,8145921,RIVL,RMDVL,RIV,RMDV
2318,8467937,24563.8,27622.7,10150.0,1821353,8165126,1823971,8217389,RIVL,SIAVR,RIV,SIAV
2319,8467935,25828.6,26926.0,9950.0,1821353,8165153,1821843,8172483,RIVL,BWM-VR07,RIV,BWM07V
2320,8467933,24641.8,27530.0,9950.0,1821353,8165153,1820488,8145917,RIVL,RMDVL,RIV,RMDV
2321,8467933,24641.8,27530.0,9950.0,1821353,8165153,1823971,8217385,RIVL,SIAVR,RIV,SIAV
2322,8467929,25780.2,28432.3,13350.0,1821353,8165080,1819809,8131556,RIVL,SDQR,RIV,SDQ
2323,8467929,25780.2,28432.3,13350.0,1821353,8165080,1822426,8183201,RIVL,RIAR,RIV,RIA
2324,8467928,25507.6,28842.6,13650.0,1821353,8165086,1819809,8131550,RIVL,SDQR,RIV,SDQ
2325,8467928,25507.6,28842.6,13650.0,1821353,8165086,1822426,8183195,RIVL,RIAR,RIV,RIA
2326,8467927,25647.6,28130.6,13750.0,1821353,8165088,1824100,8220523,RIVL,SAADR,RIV,SAAD
2327,8467926,25949.4,27108.2,10400.0,1821353,8165117,1824100,8220591,RIVL,SAADR,RIV,SAAD
2328,8467926,25949.4,27108.2,10400.0,1821353,8165117,1821843,8172364,RIVL,BWM-VR07,RIV,BWM07V
2329,8467926,25949.4,27108.2,10400.0,1821353,8165117,1821843,8172352,RIVL,BWM-VR07,RIV,BWM07V
2330,8467925,26344.4,26951.2,10250.0,1821353,8165120,1821843,8172510,RIVL,BWM-VR07,RIV,BWM07V
2331,8467925,26344.4,26951.2,10250.0,1821353,8165120,1821843,8172360,RIVL,BWM-VR07,RIV,BWM07V
2332,8467924,25854.3,27582.0,10250.0,1821353,8165120,1824100,8220594,RIVL,SAADR,RIV,SAAD
2333,8467923,26230.8,26948.2,10100.0,1821353,8165123,1821843,8172507,RIVL,BWM-VR07,RIV,BWM07V
2334,8467923,26230.8,26948.2,10100.0,1821353,8165123,1821843,8172379,RIVL,BWM-VR07,RIV,BWM07V
2335,8467922,25324.1,26930.1,9750.0,1821353,8165157,1821843,8172488,RIVL,BWM-VR07,RIV,BWM07V
2336,8467922,25324.1,26930.1,9750.0,1821353,8165157,1822179,8177993,RIVL,BWM-VR05,RIV,BWM05V
2337,8467921,26683.2,26781.6,9950.0,1821353,8165153,1821843,8172529,RIVL,BWM-VR07,RIV,BWM07V
2338,8467921,26683.2,26781.6,9950.0,1821353,8165153,1821843,8172407,RIVL,BWM-VR07,RIV,BWM07V
2339,8467921,26683.2,26781.6,9950.0,1821353,8165153,1821843,8172504,RIVL,BWM-VR07,RIV,BWM07V
2340,8467921,26683.2,26781.6,9950.0,1821353,8165153,1823554,8206019,RIVL,excgl,RIV,excgl
2341,8467919,25920.3,26715.7,9750.0,1821353,8165157,1822179,8177993,RIVL,BWM-VR05,RIV,BWM05V
2342,8467919,25920.3,26715.7,9750.0,1821353,8165157,1821843,8172500,RIVL,BWM-VR07,RIV,BWM07V
2343,8467918,26240.9,26765.5,9600.0,1821353,8165160,1822179,8177997,RIVL,BWM-VR05,RIV,BWM05V
2344,8467918,26240.9,26765.5,9600.0,1821353,8165160,1821843,8172511,RIVL,BWM-VR07,RIV,BWM07V
2345,8467917,25753.3,26837.1,9600.0,1821353,8165160,1822179,8177997,RIVL,BWM-VR05,RIV,BWM05V
2346,8467917,25753.3,26837.1,9600.0,1821353,8165160,1821843,8172491,RIVL,BWM-VR07,RIV,BWM07V
2347,8467915,24165.7,27608.9,9450.0,1821353,8165162,1820449,8145239,RIVL,RMDL,RIV,RMDL/R
2348,8467915,24165.7,27608.9,9450.0,1821353,8165162,1823971,8217376,RIVL,SIAVR,RIV,SIAV
2349,8467914,23981.1,27640.8,8650.0,1821353,8165178,1822365,8182370,RIVL,RIAL,RIV,RIA
2350,8467914,23981.1,27640.8,8650.0,1821353,8165178,1823971,8217360,RIVL,SIAVR,RIV,SIAV
2351,8467913,23713.1,27637.6,8200.0,1821353,8165187,1822365,8182361,RIVL,RIAL,RIV,RIA
2352,8467913,23713.1,27637.6,8200.0,1821353,8165187,1823971,8217351,RIVL,SIAVR,RIV,SIAV
2353,8467912,23129.9,27325.1,8050.0,1821353,8165190,1820449,8145211,RIVL,RMDL,RIV,RMDL/R
2354,8467912,23129.9,27325.1,8050.0,1821353,8165190,1823971,8217348,RIVL,SIAVR,RIV,SIAV
2355,8467911,23280.9,27404.2,7800.0,1821353,8165195,1822365,8182353,RIVL,RIAL,RIV,RIA
2356,8467911,23280.9,27404.2,7800.0,1821353,8165195,1823971,8217343,RIVL,SIAVR,RIV,SIAV
2357,8467910,22833.1,27317.1,7300.0,1821353,8165205,1822365,8182343,RIVL,RIAL,RIV,RIA
2358,8467910,22833.1,27317.1,7300.0,1821353,8165205,1823971,8217333,RIVL,SIAVR,RIV,SIAV
2359,8467909,20188.1,24224.8,6000.0,1821353,8165235,1821719,8170608,RIVL,BWM-VR08,RIV,BWM08V
2360,8467909,20188.1,24224.8,6000.0,1821353,8165235,1821769,8171375,RIVL,BWM-VR06,RIV,BWM06V
2361,8467908,20316.1,24126.8,6150.0,1821353,8165232,1820449,8145142,RIVL,RMDL,RIV,RMDL/R
2362,8467908,20316.1,24126.8,6150.0,1821353,8165232,1821769,8171378,RIVL,BWM-VR06,RIV,BWM06V
2363,8467588,33974.0,23673.2,3950.0,1823880,8214677,1820217,8140873,RIS,RIMR,RIS,RIM
2364,8467588,33974.0,23673.2,3950.0,1823880,8214677,1822308,8180419,RIS,AVL,RIS,AVL
2365,8467587,34129.2,23402.4,3950.0,1823880,8214677,1824491,8230074,RIS,AVKL,RIS,AVK
2366,8467587,34129.2,23402.4,3950.0,1823880,8214677,1822308,8180419,RIS,AVL,RIS,AVL
2367,8467586,33251.4,17101.2,4350.0,1823880,8214657,1820449,8145430,RIS,RMDL,RIS,RMDL/R
2368,8467586,33251.4,17101.2,4350.0,1823880,8214657,1820217,8140898,RIS,RIMR,RIS,RIM
2369,8467585,25826.0,29142.9,12250.0,1823880,8214336,1820217,8140510,RIS,RIMR,RIS,RIM
2370,8467585,25826.0,29142.9,12250.0,1823880,8214336,1823630,8208243,RIS,SMDDR,RIS,SMDD
2371,8467584,25675.1,29596.4,8800.0,1823880,8214415,1820254,8141545,RIS,RIML,RIS,RIM
2372,8467584,25675.1,29596.4,8800.0,1823880,8214415,1819915,8134279,RIS,AVKR,RIS,AVK
2373,8467582,25569.1,29521.2,8500.0,1823880,8214421,1820254,8141539,RIS,RIML,RIS,RIM
2374,8467582,25569.1,29521.2,8500.0,1823880,8214421,1819915,8134285,RIS,AVKR,RIS,AVK
2375,8467581,26008.4,29290.9,8200.0,1823880,8214427,1823630,8208323,RIS,SMDDR,RIS,SMDD
2376,8467581,26008.4,29290.9,8200.0,1823880,8214427,1820254,8141533,RIS,RIML,RIS,RIM
2377,8467580,24715.6,29177.3,7500.0,1823880,8214441,1820254,8141519,RIS,RIML,RIS,RIM
2378,8467580,24715.6,29177.3,7500.0,1823880,8214441,1819915,8134305,RIS,AVKR,RIS,AVK
2379,8467579,22481.9,27486.0,6750.0,1823880,8214456,1819915,8134320,RIS,AVKR,RIS,AVK
2380,8467579,22481.9,27486.0,6750.0,1823880,8214456,1823392,8203164,RIS,RICR,RIS,RIC
2381,8467578,23808.9,28527.8,6250.0,1823880,8214857,1822886,8193459,RIS,RIBR,RIS,RIB
2382,8467577,21850.7,26866.2,6200.0,1823880,8214473,1820254,8141495,RIS,RIML,RIS,RIM
2383,8467577,21850.7,26866.2,6200.0,1823880,8214473,1823392,8203185,RIS,RICR,RIS,RIC
2384,8467577,21850.7,26866.2,6200.0,1823880,8214473,1819915,8134331,RIS,AVKR,RIS,AVK
2385,8467576,21323.5,26521.6,6000.0,1823880,8214477,1820254,8141487,RIS,RIML,RIS,RIM
2386,8467576,21323.5,26521.6,6000.0,1823880,8214477,1824491,8229694,RIS,AVKL,RIS,AVK
2387,8467576,21323.5,26521.6,6000.0,1823880,8214477,1823392,8203189,RIS,RICR,RIS,RIC
2388,8467575,20974.0,26275.6,4950.0,1823880,8214498,1820413,8144743,RIS,RMDR,RIS,RMDL/R
2389,8467575,20974.0,26275.6,4950.0,1823880,8214498,1819915,8134356,RIS,AVKR,RIS,AVK
2390,8467574,21260.1,26328.8,4450.0,1823880,8214508,1819574,8126787,RIS,CEPVR,RIS,CEPV
2391,8467574,21260.1,26328.8,4450.0,1823880,8214508,1822886,8193517,RIS,RIBR,RIS,RIB
2392,8467574,21260.1,26328.8,4450.0,1823880,8214508,1820370,8143470,RIS,AVEL,RIS,AVE
2393,8467573,20104.4,25056.6,3550.0,1823880,8214526,1819574,8126805,RIS,CEPVR,RIS,CEPV
2394,8467573,20104.4,25056.6,3550.0,1823880,8214526,1820370,8143452,RIS,AVEL,RIS,AVE
2395,8467573,20104.4,25056.6,3550.0,1823880,8214526,1822886,8193535,RIS,RIBR,RIS,RIB
2396,8467572,19391.7,24036.4,3450.0,1823880,8214528,1819574,8126806,RIS,CEPVR,RIS,CEPV
2397,8467572,19391.7,24036.4,3450.0,1823880,8214528,1822886,8193537,RIS,RIBR,RIS,RIB
2398,8467572,19391.7,24036.4,3450.0,1823880,8214528,1820370,8143450,RIS,AVEL,RIS,AVE
2399,8467571,17393.5,18261.8,3600.0,1823880,8214839,1822886,8193317,RIS,RIBR,RIS,RIB
2400,8467571,17393.5,18261.8,3600.0,1823880,8214839,1820449,8145355,RIS,RMDL,RIS,RMDL/R
2401,8467571,17393.5,18261.8,3600.0,1823880,8214839,1820370,8143871,RIS,AVEL,RIS,AVE
2402,8467569,18469.7,14729.5,3650.0,1823880,8214827,1820969,8155900,RIS,CEPDR,RIS,CEPD
2403,8467569,18469.7,14729.5,3650.0,1823880,8214827,1820370,8143417,RIS,AVEL,RIS,AVE
2404,8467568,18281.3,15285.8,3450.0,1823880,8214831,1820370,8143421,RIS,AVEL,RIS,AVE
2405,8467568,18281.3,15285.8,3450.0,1823880,8214831,1820969,8155896,RIS,CEPDR,RIS,CEPD
2406,8467567,18909.3,14490.9,3900.0,1823880,8214549,1820370,8143412,RIS,AVEL,RIS,AVE
2407,8467567,18909.3,14490.9,3900.0,1823880,8214549,1820992,8156285,RIS,URYDR,RIS,URYD
2408,8467567,18909.3,14490.9,3900.0,1823880,8214549,1820969,8155905,RIS,CEPDR,RIS,CEPD
2409,8467567,18909.3,14490.9,3900.0,1823880,8214549,1822886,8193276,RIS,RIBR,RIS,RIB
2410,8467566,26534.8,12120.2,5550.0,1823880,8214599,1820217,8140917,RIS,RIMR,RIS,RIM
2411,8467566,26534.8,12120.2,5550.0,1823880,8214599,1824491,8229567,RIS,AVKL,RIS,AVK
2412,8467566,26534.8,12120.2,5550.0,1823880,8214599,1820298,8142053,RIS,AVER,RIS,AVE
2413,8467565,25046.7,11920.0,5550.0,1823880,8214600,1820254,8141668,RIS,RIML,RIS,RIM
2414,8467565,25046.7,11920.0,5550.0,1823880,8214600,1820370,8143374,RIS,AVEL,RIS,AVE
2415,8467563,25581.9,11877.7,5700.0,1823880,8214603,1820254,8141665,RIS,RIML,RIS,RIM
2416,8467563,25581.9,11877.7,5700.0,1823880,8214603,1824491,8229575,RIS,AVKL,RIS,AVK
2417,8467561,27503.4,12015.6,4700.0,1823880,8214805,1823055,8196567,RIS,RIBL,RIS,RIB
2418,8467561,27503.4,12015.6,4700.0,1823880,8214805,1823630,8208626,RIS,SMDDR,RIS,SMDD
2419,8467561,27503.4,12015.6,4700.0,1823880,8214805,1820298,8142070,RIS,AVER,RIS,AVE
2420,8467560,31144.3,14509.2,5200.0,1823880,8214800,1820217,8140880,RIS,RIMR,RIS,RIM
2421,8467560,31144.3,14509.2,5200.0,1823880,8214800,1824491,8229557,RIS,AVKL,RIS,AVK
2422,8467560,31144.3,14509.2,5200.0,1823880,8214800,1820449,8145404,RIS,RMDL,RIS,RMDL/R
2423,8467559,30537.3,13934.7,5250.0,1823880,8214801,1820552,8147514,RIS,SMDVL,RIS,SMDV
2424,8467559,30537.3,13934.7,5250.0,1823880,8214801,1824491,8229559,RIS,AVKL,RIS,AVK
2425,8467558,32911.3,16060.1,4200.0,1823880,8214634,1821140,8159493,RIS,CEPDL,RIS,CEPD
2426,8467558,32911.3,16060.1,4200.0,1823880,8214634,1820449,8145433,RIS,RMDL,RIS,RMDL/R
2427,8467557,34096.1,19775.3,3950.0,1823880,8214664,1823055,8196790,RIS,RIBL,RIS,RIB
2428,8467557,34096.1,19775.3,3950.0,1823880,8214664,1820298,8142563,RIS,AVER,RIS,AVE
2429,8467557,34096.1,19775.3,3950.0,1823880,8214664,1820413,8144668,RIS,RMDR,RIS,RMDL/R
2430,8467556,33905.7,23900.8,3200.0,1823880,8214791,1820298,8142138,RIS,AVER,RIS,AVE
2431,8467556,33905.7,23900.8,3200.0,1823880,8214791,1821299,8163498,RIS,CEPVL,RIS,CEPV
2432,8467555,33590.9,24557.2,3300.0,1823880,8214782,1821299,8163496,RIS,CEPVL,RIS,CEPV
2433,8467555,33590.9,24557.2,3300.0,1823880,8214782,1820298,8142140,RIS,AVER,RIS,AVE
2434,8467555,33590.9,24557.2,3300.0,1823880,8214782,1820843,8152710,RIS,URYVL,RIS,URYV
2435,8467554,33255.9,25452.5,3700.0,1823880,8214679,1821299,8163488,RIS,CEPVL,RIS,CEPV
2436,8467554,33255.9,25452.5,3700.0,1823880,8214679,1823055,8196749,RIS,RIBL,RIS,RIB
2437,8467554,33255.9,25452.5,3700.0,1823880,8214679,1820298,8142148,RIS,AVER,RIS,AVE
2438,8467553,33438.8,25758.3,4800.0,1823880,8214701,1820217,8140857,RIS,RIMR,RIS,RIM
2439,8467553,33438.8,25758.3,4800.0,1823880,8214701,1824491,8229514,RIS,AVKL,RIS,AVK
2440,8467553,33438.8,25758.3,4800.0,1823880,8214701,1820413,8144532,RIS,RMDR,RIS,RMDL/R
2441,8467551,31154.8,27502.1,5900.0,1823880,8214723,1823055,8196678,RIS,RIBL,RIS,RIB
2442,8467551,31154.8,27502.1,5900.0,1823880,8214723,1822308,8180371,RIS,AVL,RIS,AVL
2443,8467551,31154.8,27502.1,5900.0,1823880,8214723,1820843,8152570,RIS,URYVL,RIS,URYV
2444,8467543,17106.4,22175.3,8000.0,1819995,8136660,1822426,8183001,RIR,RIAR,RIR,RIA
2445,8467543,17106.4,22175.3,8000.0,1819995,8136660,1819658,8128354,RIR,URXR,RIR,URX
2446,8467550,31430.7,27033.2,6250.0,1823880,8214730,1820217,8140758,RIS,RIMR,RIS,RIM
2447,8467550,31430.7,27033.2,6250.0,1823880,8214730,1824491,8229481,RIS,AVKL,RIS,AVK
2448,8467550,31430.7,27033.2,6250.0,1823880,8214730,1819302,8121058,RIS,NRfragment,RIS,NRfragment
2449,8467549,29079.7,28753.2,6800.0,1823880,8214742,1820590,8147836,RIS,SMDVR,RIS,SMDV
2450,8467549,29079.7,28753.2,6800.0,1823880,8214742,1823055,8196697,RIS,RIBL,RIS,RIB
2451,8467549,29079.7,28753.2,6800.0,1823880,8214742,1820298,8142210,RIS,AVER,RIS,AVE
2452,8467548,29618.2,28520.1,7000.0,1823880,8214746,1820217,8140846,RIS,RIMR,RIS,RIM
2453,8467548,29618.2,28520.1,7000.0,1823880,8214746,1823121,8197900,RIS,SMDDL,RIS,SMDD
2454,8467548,29618.2,28520.1,7000.0,1823880,8214746,1824491,8229466,RIS,AVKL,RIS,AVK
2455,8467547,28319.5,28901.2,7900.0,1823880,8214764,1824491,8229448,RIS,AVKL,RIS,AVK
2456,8467547,28319.5,28901.2,7900.0,1823880,8214764,1820217,8140793,RIS,RIMR,RIS,RIM
2457,8467547,28319.5,28901.2,7900.0,1823880,8214764,1823121,8197880,RIS,SMDDL,RIS,SMDD
2458,8467545,17355.5,22563.9,7800.0,1819995,8136657,1819658,8128358,RIR,URXR,RIR,URX
2459,8467545,17355.5,22563.9,7800.0,1819995,8136657,1822426,8183005,RIR,RIAR,RIR,RIA
2460,8467542,16520.7,18751.2,8300.0,1819995,8136722,1822426,8182995,RIR,RIAR,RIR,RIA
2461,8467542,16520.7,18751.2,8300.0,1819995,8136722,1822232,8179030,RIR,BAGL,RIR,BAG
2462,8467540,34358.7,23882.9,8050.0,1819995,8136498,1819634,8128119,RIR,ADFL,RIR,ADF
2463,8467540,34358.7,23882.9,8050.0,1819995,8136498,1819587,8127097,RIR,AVHR,RIR,AVH
2464,8467539,23655.8,30054.4,9000.0,1819995,8136759,1823356,8202765,RIR,AIZR,RIR,AIZ
2465,8467538,22640.8,29721.3,8400.0,1819995,8136744,1822426,8183046,RIR,RIAR,RIR,RIA
2466,8467538,22640.8,29721.3,8400.0,1819995,8136744,1819658,8128402,RIR,URXR,RIR,URX
2467,8467537,22590.5,29416.4,8000.0,1819995,8136752,1822426,8183038,RIR,RIAR,RIR,RIA
2468,8467537,22590.5,29416.4,8000.0,1819995,8136752,1819658,8128394,RIR,URXR,RIR,URX
2469,8467536,22670.1,29346.8,7800.0,1819995,8136756,1819658,8128390,RIR,URXR,RIR,URX
2470,8467536,22670.1,29346.8,7800.0,1819995,8136756,1822426,8183034,RIR,RIAR,RIR,RIA
2471,8467535,22857.6,29784.7,8500.0,1819995,8136628,1822426,8183048,RIR,RIAR,RIR,RIA
2472,8467535,22857.6,29784.7,8500.0,1819995,8136628,1819658,8128404,RIR,URXR,RIR,URX
2473,8467534,19561.0,25841.2,8250.0,1819995,8136735,1823356,8202559,RIR,AIZR,RIR,AIZ
2474,8467534,19561.0,25841.2,8250.0,1819995,8136735,1820874,8153228,RIR,OLQVR,RIR,OLQV
2475,8467534,19561.0,25841.2,8250.0,1819995,8136735,1824134,8221359,RIR,RIGR,RIR,RIG
2476,8467532,19005.1,24566.2,7800.0,1819995,8136729,1819658,8128358,RIR,URXR,RIR,URX
2477,8467531,16630.5,20398.0,8000.0,1819995,8136726,1824067,8220017,RIR,AQR,RIR,AQR
2478,8467531,16630.5,20398.0,8000.0,1819995,8136726,1822426,8183001,RIR,RIAR,RIR,RIA
2479,8467530,20584.6,27171.9,8250.0,1819995,8136639,1823356,8202554,RIR,AIZR,RIR,AIZ
2480,8467528,17030.3,21797.7,8100.0,1819995,8136663,1819658,8128351,RIR,URXR,RIR,URX
2481,8467528,17030.3,21797.7,8100.0,1819995,8136663,1822426,8182999,RIR,RIAR,RIR,RIA
2482,8467527,16810.6,21246.3,8150.0,1819995,8136664,1819658,8128350,RIR,URXR,RIR,URX
2483,8467527,16810.6,21246.3,8150.0,1819995,8136664,1822426,8182998,RIR,RIAR,RIR,RIA
2484,8467526,16739.1,20875.3,8150.0,1819995,8136664,1819658,8128350,RIR,URXR,RIR,URX
2485,8467526,16739.1,20875.3,8150.0,1819995,8136664,1822426,8182998,RIR,RIAR,RIR,RIA
2486,8417263,16542.9,19452.2,8350.0,1819995,8136723,1819658,8128346,RIR,URXR,RIR,URX
2487,8417263,16542.9,19452.2,8350.0,1819995,8136723,1822426,8182994,RIR,RIAR,RIR,RIA
2488,8467524,17537.0,15618.2,8300.0,1819995,8136671,1824172,8222343,RIR,AIYR,RIR,AIY
2489,8467523,18718.9,14812.1,8300.0,1819995,8136715,1823274,8200973,RIR,ADFR,RIR,ADF
2490,8467523,18718.9,14812.1,8300.0,1819995,8136715,1823356,8202667,RIR,AIZR,RIR,AIZ
2491,8467522,20750.7,13642.3,7850.0,1819995,8136707,1823356,8202688,RIR,AIZR,RIR,AIZ
2492,8467521,24156.8,12488.0,8250.0,1819995,8136691,1823356,8202723,RIR,AIZR,RIR,AIZ
2493,8467521,24156.8,12488.0,8250.0,1819995,8136691,1823428,8204117,RIR,AIZL,RIR,AIZ
2494,8467519,23910.1,12469.2,8050.0,1819995,8136695,1822263,8179709,RIR,DVA,RIR,DVA
2495,8467519,23910.1,12469.2,8050.0,1819995,8136695,1823356,8202719,RIR,AIZR,RIR,AIZ
2496,8467518,26541.7,31090.6,10650.0,1819995,8136772,1823698,8209730,RIR,SMBVR,RIR,SMBV
2497,8467518,26541.7,31090.6,10650.0,1819995,8136772,1824134,8221275,RIR,RIGR,RIR,RIG
2498,8467518,26541.7,31090.6,10650.0,1819995,8136772,1823356,8202466,RIR,AIZR,RIR,AIZ
2499,8467517,28194.6,30757.3,9800.0,1819995,8136405,1823428,8203875,RIR,AIZL,RIR,AIZ
2500,8467516,28961.1,30680.0,8900.0,1819995,8136422,1823428,8203892,RIR,AIZL,RIR,AIZ
2501,8467515,31274.3,28802.4,7400.0,1819995,8136453,1821041,8157426,RIR,URXL,RIR,URX
2502,8467515,31274.3,28802.4,7400.0,1819995,8136453,1820298,8142555,RIR,AVER,RIR,AVE
2503,8467514,31374.9,28971.2,7300.0,1819995,8136455,1821041,8157428,RIR,URXL,RIR,URX
2504,8467514,31374.9,28971.2,7300.0,1819995,8136455,1820039,8137123,RIR,BAGR,RIR,BAG
2505,8467514,31374.9,28971.2,7300.0,1819995,8136455,1822365,8181864,RIR,RIAL,RIR,RIA
2506,8467512,30823.9,29354.3,8000.0,1819995,8136463,1823428,8203910,RIR,AIZL,RIR,AIZ
2507,8467512,30823.9,29354.3,8000.0,1819995,8136463,1820298,8142543,RIR,AVER,RIR,AVE
2508,8467510,33135.1,26690.5,7900.0,1819995,8136481,1819634,8128107,RIR,ADFL,RIR,ADF
2509,8467510,33135.1,26690.5,7900.0,1819995,8136481,1819587,8127410,RIR,AVHR,RIR,AVH
2510,8467509,32732.1,27046.0,7550.0,1819995,8136584,1821041,8157444,RIR,URXL,RIR,URX
2511,8467509,32732.1,27046.0,7550.0,1819995,8136584,1823084,8197059,RIR,AUAL,RIR,AUA
2512,8467508,34752.9,22147.6,7700.0,1819995,8136505,1821041,8157385,RIR,URXL,RIR,URX
2513,8467507,34983.9,21975.3,7900.0,1819995,8136501,1821041,8157381,RIR,URXL,RIR,URX
2514,8467507,34983.9,21975.3,7900.0,1819995,8136501,1822365,8181833,RIR,RIAL,RIR,RIA
2515,8467505,35111.1,21811.0,8000.0,1819995,8136499,1821041,8157379,RIR,URXL,RIR,URX
2516,8467505,35111.1,21811.0,8000.0,1819995,8136499,1822365,8181831,RIR,RIAL,RIR,RIA
2517,8467504,35015.9,20549.5,8000.0,1819995,8136507,1822365,8181831,RIR,RIAL,RIR,RIA
2518,8467504,35015.9,20549.5,8000.0,1819995,8136507,1820039,8136971,RIR,BAGR,RIR,BAG
2519,8467503,35034.5,21186.3,8150.0,1819995,8136512,1821041,8157376,RIR,URXL,RIR,URX
2520,8467503,35034.5,21186.3,8150.0,1819995,8136512,1822365,8181828,RIR,RIAL,RIR,RIA
2521,8467502,34478.0,18504.0,8450.0,1819995,8136525,1822365,8181822,RIR,RIAL,RIR,RIA
2522,8467502,34478.0,18504.0,8450.0,1819995,8136525,1820039,8137182,RIR,BAGR,RIR,BAG
2523,8467501,33412.2,16543.5,8650.0,1819995,8136579,1823428,8204140,RIR,AIZL,RIR,AIZ
2524,8467501,33412.2,16543.5,8650.0,1819995,8136579,1824469,8229041,RIR,AIYL,RIR,AIY
2525,8467501,33412.2,16543.5,8650.0,1819995,8136579,1819634,8128149,RIR,ADFL,RIR,ADF
2526,8467500,27423.4,12364.5,8150.0,1819995,8136553,1822263,8179665,RIR,DVA,RIR,DVA
2527,8467500,27423.4,12364.5,8150.0,1819995,8136553,1823084,8197183,RIR,AUAL,RIR,AUA
2528,8467500,27423.4,12364.5,8150.0,1819995,8136553,1823428,8204082,RIR,AIZL,RIR,AIZ
2529,8467498,31128.3,14040.6,8150.0,1819995,8136564,1820039,8136956,RIR,BAGR,RIR,BAG
2530,8467498,31128.3,14040.6,8150.0,1819995,8136564,1823428,8204016,RIR,AIZL,RIR,AIZ
2531,8467484,31580.8,16304.5,5000.0,1820217,8140884,1820449,8145400,RIMR,RMDL,RIM,RMDL/R
2532,8467484,31580.8,16304.5,5000.0,1820217,8140884,1820413,8144701,RIMR,RMDR,RIM,RMDL/R
2533,8467476,25648.6,31906.9,16400.0,1820217,8140427,1823242,8200407,RIMR,AVBL,RIM,AVB
2534,8467476,25648.6,31906.9,16400.0,1820217,8140427,1820155,8138900,RIMR,AVBR,RIM,AVB
2535,8467475,23750.5,30634.8,13900.0,1820217,8140995,1823838,8213448,RIMR,RIFR,RIM,RIF
2536,8467475,23750.5,30634.8,13900.0,1820217,8140995,1820155,8138949,RIMR,AVBR,RIM,AVB
2537,8467474,25458.9,29460.4,11850.0,1820217,8140518,1820114,8138596,RIMR,AIBL,RIM,AIB
2538,8467474,25458.9,29460.4,11850.0,1820217,8140518,1820370,8143638,RIMR,AVEL,RIM,AVE
2539,8467473,25329.2,29206.8,11550.0,1820217,8140524,1820114,8138590,RIMR,AIBL,RIM,AIB
2540,8467473,25329.2,29206.8,11550.0,1820217,8140524,1823630,8208257,RIMR,SMDDR,RIM,SMDD
2541,8467471,25250.1,29061.1,11200.0,1820217,8140531,1823630,8208264,RIMR,SMDDR,RIM,SMDD
2542,8467471,25250.1,29061.1,11200.0,1820217,8140531,1822574,8186731,RIMR,SAAVL,RIM,SAAV
2543,8467470,25160.0,29103.2,10800.0,1820217,8140539,1823630,8208272,RIMR,SMDDR,RIM,SMDD
2544,8467470,25160.0,29103.2,10800.0,1820217,8140539,1822574,8186723,RIMR,SAAVL,RIM,SAAV
2545,8467469,25116.3,28942.7,10400.0,1820217,8140547,1823630,8208280,RIMR,SMDDR,RIM,SMDD
2546,8467469,25116.3,28942.7,10400.0,1820217,8140547,1822574,8186715,RIMR,SAAVL,RIM,SAAV
2547,8467468,23170.8,28230.3,8450.0,1820217,8140585,1822686,8188910,RIMR,RMFR,RIM,RMF
2548,8467468,23170.8,28230.3,8450.0,1820217,8140585,1820190,8139904,RIMR,AVAL,RIM,AVA
2549,8467468,23170.8,28230.3,8450.0,1820217,8140585,1822574,8186677,RIMR,SAAVL,RIM,SAAV
2550,8467466,20528.5,26396.4,6850.0,1820217,8140616,1822686,8188964,RIMR,RMFR,RIM,RMF
2551,8467466,20528.5,26396.4,6850.0,1820217,8140616,1822574,8186645,RIMR,SAAVL,RIM,SAAV
2552,8467465,18335.0,23573.8,6400.0,1820217,8140626,1823242,8200555,RIMR,AVBL,RIM,AVB
2553,8467465,18335.0,23573.8,6400.0,1820217,8140626,1820114,8138476,RIMR,AIBL,RIM,AIB
2554,8467464,17296.1,22813.8,6500.0,1820217,8140960,1823242,8200552,RIMR,AVBL,RIM,AVB
2555,8467464,17296.1,22813.8,6500.0,1820217,8140960,1820114,8138442,RIMR,AIBL,RIM,AIB
2556,8467463,16387.2,20997.9,6700.0,1820217,8140964,1822886,8193169,RIMR,RIBR,RIM,RIB
2557,8467463,16387.2,20997.9,6700.0,1820217,8140964,1823242,8200208,RIMR,AVBL,RIM,AVB
2558,8467462,16101.0,21451.6,7150.0,1820217,8140973,1820114,8138455,RIMR,AIBL,RIM,AIB
2559,8467462,16101.0,21451.6,7150.0,1820217,8140973,1822886,8193160,RIMR,RIBR,RIM,RIB
2560,8467462,16101.0,21451.6,7150.0,1820217,8140973,1823242,8200199,RIMR,AVBL,RIM,AVB
2561,8467461,16598.8,21008.8,6150.0,1820217,8140948,1820190,8140200,RIMR,AVAL,RIM,AVA
2562,8467461,16598.8,21008.8,6150.0,1820217,8140948,1820114,8138471,RIMR,AIBL,RIM,AIB
2563,8467460,18228.8,15354.0,6450.0,1820217,8140645,1824214,8223663,RIMR,SAADL,RIM,SAAD
2564,8467460,18228.8,15354.0,6450.0,1820217,8140645,1822686,8189042,RIMR,RMFR,RIM,RMF
2565,8467459,25215.1,12071.4,7350.0,1820217,8140939,1822962,8194706,RIMR,AUAR,RIM,AUA
2566,8467459,25215.1,12071.4,7350.0,1820217,8140939,1820114,8138360,RIMR,AIBL,RIM,AIB
2567,8467458,22280.8,12752.2,6800.0,1820217,8140659,1820590,8148221,RIMR,SMDVR,RIM,SMDV
2568,8467458,22280.8,12752.2,6800.0,1820217,8140659,1820114,8138372,RIMR,AIBL,RIM,AIB
2569,8467456,22877.0,12630.2,6800.0,1820217,8140659,1820590,8148220,RIMR,SMDVR,RIM,SMDV
2570,8467456,22877.0,12630.2,6800.0,1820217,8140659,1820114,8138372,RIMR,AIBL,RIM,AIB
2571,8467455,24297.9,12725.2,6550.0,1820217,8140928,1820590,8148216,RIMR,SMDVR,RIM,SMDV
2572,8467455,24297.9,12725.2,6550.0,1820217,8140928,1824214,8223462,RIMR,SAADL,RIM,SAAD
2573,8467454,31367.9,15388.5,5200.0,1820217,8140880,1820449,8145404,RIMR,RMDL,RIM,RMDL/R
2574,8467454,31367.9,15388.5,5200.0,1820217,8140880,1823630,8208453,RIMR,SMDDR,RIM,SMDD
2575,8467453,31150.8,16263.8,4900.0,1820413,8144703,1820449,8145031,RMDR,RMDL,RMDL/R,RMDL/R
2576,8467453,31150.8,16263.8,4900.0,1820413,8144703,1820217,8140886,RMDR,RIMR,RMDL/R,RIM
2577,8467453,31150.8,16263.8,4900.0,1820413,8144703,1822426,8183452,RMDR,RIAR,RMDL/R,RIA
2578,8467451,31768.2,16375.0,4950.0,1820217,8140885,1821497,8167127,RIMR,BWM-DL06,RIM,BWM06D
2579,8467451,31768.2,16375.0,4950.0,1820217,8140885,1820449,8145032,RIMR,RMDL,RIM,RMDL/R
2580,8467451,31768.2,16375.0,4950.0,1820217,8140885,1820413,8144702,RIMR,RMDR,RIM,RMDL/R
2581,8467449,32366.6,17002.3,4800.0,1820217,8140888,1821497,8167202,RIMR,BWM-DL06,RIM,BWM06D
2582,8467449,32366.6,17002.3,4800.0,1820217,8140888,1820449,8145429,RIMR,RMDL,RIM,RMDL/R
2583,8467449,32366.6,17002.3,4800.0,1820217,8140888,1821512,8167670,RIMR,BWM-DL04,RIM,BWM04D
2584,8467448,31871.1,16459.7,4800.0,1820217,8140888,1820449,8145029,RIMR,RMDL,RIM,RMDL/R
2585,8467448,31871.1,16459.7,4800.0,1820217,8140888,1821512,8167670,RIMR,BWM-DL04,RIM,BWM04D
2586,8467448,31871.1,16459.7,4800.0,1820217,8140888,1821497,8167126,RIMR,BWM-DL06,RIM,BWM06D
2587,8467447,33093.4,18723.1,4200.0,1820413,8144663,1822426,8183595,RMDR,RIAR,RMDL/R,RIA
2588,8467447,33093.4,18723.1,4200.0,1820413,8144663,1820488,8145600,RMDR,RMDVL,RMDL/R,RMDV
2589,8467447,33093.4,18723.1,4200.0,1820413,8144663,1822365,8182222,RMDR,RIAL,RMDL/R,RIA
2590,8467446,32939.8,17557.1,4300.0,1820217,8140899,1820413,8144661,RIMR,RMDR,RIM,RMDL/R
2591,8467446,32939.8,17557.1,4300.0,1820217,8140899,1820449,8145431,RIMR,RMDL,RIM,RMDL/R
2592,8467446,32939.8,17557.1,4300.0,1820217,8140899,1822365,8182220,RIMR,RIAL,RIM,RIA
2593,8467445,33816.2,23121.7,4950.0,1820217,8140854,1821956,8174197,RIMR,BWM-VL04,RIM,BWM04V
2594,8467445,33816.2,23121.7,4950.0,1820217,8140854,1821928,8173717,RIMR,BWM-VL06,RIM,BWM06V
2595,8467443,33819.1,23558.5,4500.0,1820217,8140863,1820413,8144600,RIMR,RMDR,RIM,RMDL/R
2596,8467443,33819.1,23558.5,4500.0,1820217,8140863,1821928,8173755,RIMR,BWM-VL06,RIM,BWM06V
2597,8467442,33572.6,24165.6,4450.0,1820217,8140864,1821928,8173756,RIMR,BWM-VL06,RIM,BWM06V
2598,8467442,33572.6,24165.6,4450.0,1820217,8140864,1820449,8145464,RIMR,RMDL,RIM,RMDL/R
2599,8467441,33345.2,24443.3,5400.0,1820217,8140734,1820522,8146655,RIMR,SAAVR,RIM,SAAV
2600,8467441,33345.2,24443.3,5400.0,1820217,8140734,1820590,8148186,RIMR,SMDVR,RIM,SMDV
2601,8467440,33037.3,24823.2,5550.0,1820217,8140737,1820590,8148183,RIMR,SMDVR,RIM,SMDV
2602,8467440,33037.3,24823.2,5550.0,1820217,8140737,1820413,8144506,RIMR,RMDR,RIM,RMDL/R
2603,8467439,32835.6,25310.2,5650.0,1820217,8140739,1820413,8144514,RIMR,RMDR,RIM,RMDL/R
2604,8467439,32835.6,25310.2,5650.0,1820217,8140739,1823121,8197935,RIMR,SMDDL,RIM,SMDD
2605,8467439,32835.6,25310.2,5650.0,1820217,8140739,1820590,8147809,RIMR,SMDVR,RIM,SMDV
2606,8467438,31479.4,26935.0,6650.0,1820217,8140762,1820522,8146399,RIMR,SAAVR,RIM,SAAV
2607,8467438,31479.4,26935.0,6650.0,1820217,8140762,1823121,8197907,RIMR,SMDDL,RIM,SMDD
2608,8467437,30734.7,27522.6,7150.0,1820217,8140772,1820522,8146409,RIMR,SAAVR,RIM,SAAV
2609,8467437,30734.7,27522.6,7150.0,1820217,8140772,1823121,8197897,RIMR,SMDDL,RIM,SMDD
2610,8467435,29480.7,28323.3,7300.0,1820217,8140775,1823121,8197894,RIMR,SMDDL,RIM,SMDD
2611,8467435,29480.7,28323.3,7300.0,1820217,8140775,1820590,8147846,RIMR,SMDVR,RIM,SMDV
2612,8467434,29420.6,28283.4,8050.0,1820217,8140789,1823121,8197877,RIMR,SMDDL,RIM,SMDD
2613,8467434,29420.6,28283.4,8050.0,1820217,8140789,1820522,8146427,RIMR,SAAVR,RIM,SAAV
2614,8467433,27188.8,28911.9,8600.0,1820217,8140803,1820552,8147153,RIMR,SMDVL,RIM,SMDV
2615,8467433,27188.8,28911.9,8600.0,1820217,8140803,1823121,8197866,RIMR,SMDDL,RIM,SMDD
2616,8467432,28060.7,28853.6,9350.0,1820217,8140818,1820522,8146453,RIMR,SAAVR,RIM,SAAV
2617,8467432,28060.7,28853.6,9350.0,1820217,8140818,1823121,8197833,RIMR,SMDDL,RIM,SMDD
2618,8467431,16447.8,18721.8,5550.0,1820254,8141459,1822686,8189402,RIML,RMFR,RIM,RMF
2619,8467431,16447.8,18721.8,5550.0,1820254,8141459,1821212,8161172,RIML,OLLR,RIM,OLL
2620,8467431,16447.8,18721.8,5550.0,1820254,8141459,1824214,8223657,RIML,SAADL,RIM,SAAD
2621,8467430,19057.3,14393.7,4900.0,1823880,8214569,1820254,8141646,RIS,RIML,RIS,RIM
2622,8467430,19057.3,14393.7,4900.0,1823880,8214569,1820413,8144401,RIS,RMDR,RIS,RMDL/R
2623,8467430,19057.3,14393.7,4900.0,1823880,8214569,1819915,8134398,RIS,AVKR,RIS,AVK
2624,8467423,27508.2,32133.6,16850.0,1820254,8141821,1823242,8200623,RIML,AVBL,RIM,AVB
2625,8467423,27508.2,32133.6,16850.0,1820254,8141821,1820155,8139370,RIML,AVBR,RIM,AVB
2626,8467422,28088.1,30593.8,14800.0,1820254,8141215,1820155,8139328,RIML,AVBR,RIM,AVB
2627,8467422,28088.1,30593.8,14800.0,1820254,8141215,1822484,8184451,RIML,ADAL,RIM,ADA
2628,8467011,23219.3,26535.7,6100.0,1822426,8183345,1822332,8181142,RIAR,RMDDR,RIA,RMDD
2629,8467011,23219.3,26535.7,6100.0,1822426,8183345,1820488,8145840,RIAR,RMDVL,RIA,RMDV
2630,8467010,22354.9,26264.2,5800.0,1822426,8183351,1820552,8147082,RIAR,SMDVL,RIA,SMDV
2631,8467010,22354.9,26264.2,5800.0,1822426,8183351,1822365,8182313,RIAR,RIAL,RIA,RIA
2632,8467008,22620.1,26037.3,5750.0,1822426,8183352,1822332,8181149,RIAR,RMDDR,RIA,RMDD
2633,8467008,22620.1,26037.3,5750.0,1822426,8183352,1820488,8145817,RIAR,RMDVL,RIA,RMDV
2634,8467007,22280.7,25602.9,5400.0,1822426,8183359,1822332,8181158,RIAR,RMDDR,RIA,RMDD
2635,8467007,22280.7,25602.9,5400.0,1822426,8183359,1820488,8145810,RIAR,RMDVL,RIA,RMDV
2636,8467005,21363.7,25117.2,4900.0,1822426,8183369,1822365,8182295,RIAR,RIAL,RIA,RIA
2637,8467005,21363.7,25117.2,4900.0,1822426,8183369,1820413,8144742,RIAR,RMDR,RIA,RMDL/R
2638,8467004,21398.4,25337.2,4850.0,1822426,8183370,1820413,8144741,RIAR,RMDR,RIA,RMDL/R
2639,8467004,21398.4,25337.2,4850.0,1822426,8183370,1819574,8126779,RIAR,CEPVR,RIA,CEPV
2640,8467003,21748.2,25204.7,4850.0,1822426,8183370,1822332,8181185,RIAR,RMDDR,RIA,RMDD
2641,8467003,21748.2,25204.7,4850.0,1822426,8183370,1820488,8145788,RIAR,RMDVL,RIA,RMDV
2642,8467002,20767.2,24378.0,4800.0,1822426,8183371,1822365,8182293,RIAR,RIAL,RIA,RIA
2643,8467002,20767.2,24378.0,4800.0,1822426,8183371,1820413,8144736,RIAR,RMDR,RIA,RMDL/R
2644,8467000,19538.3,22881.3,4600.0,1822426,8183375,1820413,8144771,RIAR,RMDR,RIA,RMDL/R
2645,8467000,19538.3,22881.3,4600.0,1822426,8183375,1822365,8182288,RIAR,RIAL,RIA,RIA
2646,8466999,19832.5,23302.7,4600.0,1822426,8183375,1822365,8182288,RIAR,RIAL,RIA,RIA
2647,8466999,19832.5,23302.7,4600.0,1822426,8183375,1820413,8144771,RIAR,RMDR,RIA,RMDL/R
2648,8466998,20020.6,23655.2,4600.0,1822426,8183375,1822365,8182288,RIAR,RIAL,RIA,RIA
2649,8466998,20020.6,23655.2,4600.0,1822426,8183375,1820413,8144771,RIAR,RMDR,RIA,RMDL/R
2650,8466997,21178.7,24788.4,4450.0,1822426,8183378,1822332,8181193,RIAR,RMDDR,RIA,RMDD
2651,8466997,21178.7,24788.4,4450.0,1822426,8183378,1820488,8145749,RIAR,RMDVL,RIA,RMDV
2652,8466995,20815.7,24452.8,4250.0,1822426,8183628,1822332,8181197,RIAR,RMDDR,RIA,RMDD
2653,8466995,20815.7,24452.8,4250.0,1822426,8183628,1820488,8145753,RIAR,RMDVL,RIA,RMDV
2654,8466994,20598.2,23927.2,4150.0,1822426,8183630,1822332,8181199,RIAR,RMDDR,RIA,RMDD
2655,8466994,20598.2,23927.2,4150.0,1822426,8183630,1820488,8145755,RIAR,RMDVL,RIA,RMDV
2656,8466992,20248.4,23561.5,4100.0,1822426,8183631,1822332,8181206,RIAR,RMDDR,RIA,RMDD
2657,8466992,20248.4,23561.5,4100.0,1822426,8183631,1820488,8145756,RIAR,RMDVL,RIA,RMDV
2658,8466991,19525.1,22984.3,3900.0,1822426,8183635,1822332,8181613,RIAR,RMDDR,RIA,RMDD
2659,8466991,19525.1,22984.3,3900.0,1822426,8183635,1820449,8145306,RIAR,RMDL,RIA,RMDL/R
2660,8466990,18235.7,20866.6,4500.0,1822426,8183383,1820449,8145289,RIAR,RMDL,RIA,RMDL/R
2661,8466990,18235.7,20866.6,4500.0,1822426,8183383,1821172,8160407,RIAR,IL1R,RIA,IL1L/R
2662,8466988,18268.9,18643.2,4400.0,1822426,8183397,1820689,8150273,RIAR,RMDVR,RIA,RMDV
2663,8466988,18268.9,18643.2,4400.0,1822426,8183397,1824277,8224806,RIAR,RMDDL,RIA,RMDD
2664,8466987,18322.1,18107.9,4350.0,1822426,8183398,1824277,8224805,RIAR,RMDDL,RIA,RMDD
2665,8466985,20630.2,15018.9,4300.0,1822426,8183404,1824277,8224801,RIAR,RMDDL,RIA,RMDD
2666,8466985,20630.2,15018.9,4300.0,1822426,8183404,1820689,8150795,RIAR,RMDVR,RIA,RMDV
2667,8466984,20457.9,15227.8,4150.0,1822426,8183616,1824277,8224914,RIAR,RMDDL,RIA,RMDD
2668,8466984,20457.9,15227.8,4150.0,1822426,8183616,1820689,8150785,RIAR,RMDVR,RIA,RMDV
2669,8466983,18277.0,17898.7,4050.0,1822426,8183618,1824277,8224916,RIAR,RMDDL,RIA,RMDD
2670,8466983,18277.0,17898.7,4050.0,1822426,8183618,1820689,8150280,RIAR,RMDVR,RIA,RMDV
2671,8466982,18117.9,17702.8,4000.0,1822426,8183619,1820689,8150281,RIAR,RMDVR,RIA,RMDV
2672,8466982,18117.9,17702.8,4000.0,1822426,8183619,1820449,8145341,RIAR,RMDL,RIA,RMDL/R
2673,8466981,20809.8,15816.0,3950.0,1824277,8224918,1820689,8150363,RMDDL,RMDVR,RMDD,RMDV
2674,8466981,20809.8,15816.0,3950.0,1824277,8224918,1821578,8168616,RMDDL,BWM-DR01,RMDD,BWM01D
2675,8466981,20809.8,15816.0,3950.0,1824277,8224918,1821453,8166575,RMDDL,BWM-DR02,RMDD,BWM02D
2676,8466981,20809.8,15816.0,3950.0,1824277,8224918,1821378,8165504,RMDDL,BWM-DR04,RMDD,BWM04D
2677,8466980,19948.6,15347.0,3950.0,1822426,8183620,1820689,8150363,RIAR,RMDVR,RIA,RMDV
2678,8466980,19948.6,15347.0,3950.0,1822426,8183620,1824277,8224918,RIAR,RMDDL,RIA,RMDD
2679,8466979,19389.4,15927.3,3950.0,1822426,8183620,1824277,8224918,RIAR,RMDDL,RIA,RMDD
2680,8466978,19208.9,15893.2,3850.0,1822426,8183622,1820689,8150358,RIAR,RMDVR,RIA,RMDV
2681,8466978,19208.9,15893.2,3850.0,1822426,8183622,1824277,8224920,RIAR,RMDDL,RIA,RMDD
2682,8466977,18944.7,16255.8,3800.0,1822426,8183623,1820689,8150357,RIAR,RMDVR,RIA,RMDV
2683,8466977,18944.7,16255.8,3800.0,1822426,8183623,1824277,8224921,RIAR,RMDDL,RIA,RMDD
2684,8466976,18594.4,16629.4,3750.0,1822426,8183624,1820689,8150286,RIAR,RMDVR,RIA,RMDV
2685,8466976,18594.4,16629.4,3750.0,1822426,8183624,1824277,8224922,RIAR,RMDDL,RIA,RMDD
2686,8466975,18488.4,17077.8,3800.0,1822426,8183623,1824277,8224921,RIAR,RMDDL,RIA,RMDD
2687,8466975,18488.4,17077.8,3800.0,1822426,8183623,1820689,8150285,RIAR,RMDVR,RIA,RMDV
2688,8466974,18292.3,17255.4,3800.0,1822426,8183623,1820689,8150285,RIAR,RMDVR,RIA,RMDV
2689,8466974,18292.3,17255.4,3800.0,1822426,8183623,1820449,8145345,RIAR,RMDL,RIA,RMDL/R
2690,8466973,18377.2,16902.9,3650.0,1822426,8183626,1820689,8150288,RIAR,RMDVR,RIA,RMDV
2691,8466973,18377.2,16902.9,3650.0,1822426,8183626,1820449,8145354,RIAR,RMDL,RIA,RMDL/R
2692,8466971,21999.5,13881.8,4250.0,1822426,8183612,1820689,8150371,RIAR,RMDVR,RIA,RMDV
2693,8466971,21999.5,13881.8,4250.0,1822426,8183612,1824277,8224990,RIAR,RMDDL,RIA,RMDD
2694,8466970,21750.4,14030.2,4250.0,1822426,8183612,1820689,8150794,RIAR,RMDVR,RIA,RMDV
2695,8466970,21750.4,14030.2,4250.0,1822426,8183612,1824277,8224990,RIAR,RMDDL,RIA,RMDD
2696,8466969,22041.9,13717.5,4250.0,1822426,8183612,1820689,8150371,RIAR,RMDVR,RIA,RMDV
2697,8466969,22041.9,13717.5,4250.0,1822426,8183612,1824277,8224990,RIAR,RMDDL,RIA,RMDD
2698,8466968,21255.8,14395.6,4450.0,1822426,8183407,1820689,8150798,RIAR,RMDVR,RIA,RMDV
2699,8466968,21255.8,14395.6,4450.0,1822426,8183407,1824277,8224986,RIAR,RMDDL,RIA,RMDD
2700,8466967,22638.2,13545.3,4500.0,1822426,8183409,1820689,8150376,RIAR,RMDVR,RIA,RMDV
2701,8466967,22638.2,13545.3,4500.0,1822426,8183409,1824277,8224985,RIAR,RMDDL,RIA,RMDD
2702,8466966,21488.2,13823.2,4550.0,1822426,8183410,1820969,8155957,RIAR,CEPDR,RIA,CEPD
2703,8466966,21488.2,13823.2,4550.0,1822426,8183410,1823121,8198235,RIAR,SMDDL,RIA,SMDD
2704,8466965,22951.5,13574.8,4750.0,1822426,8183414,1820689,8150381,RIAR,RMDVR,RIA,RMDV
2705,8466965,22951.5,13574.8,4750.0,1822426,8183414,1824277,8224785,RIAR,RMDDL,RIA,RMDD
2706,8466964,23470.5,13574.3,4900.0,1822426,8183417,1824277,8224777,RIAR,RMDDL,RIA,RMDD
2707,8466964,23470.5,13574.3,4900.0,1822426,8183417,1820689,8150384,RIAR,RMDVR,RIA,RMDV
2708,8466963,24424.6,13094.1,5000.0,1822426,8183419,1823121,8198015,RIAR,SMDDL,RIA,SMDD
2709,8466963,24424.6,13094.1,5000.0,1822426,8183419,1823601,8207794,RIAR,SIADL,RIA,SIAD
2710,8466963,24424.6,13094.1,5000.0,1822426,8183419,1820590,8147708,RIAR,SMDVR,RIA,SMDV
2711,8466962,23907.9,12935.5,5400.0,1822426,8183607,1820590,8147700,RIAR,SMDVR,RIA,SMDV
2712,8466962,23907.9,12935.5,5400.0,1822426,8183607,1823601,8207802,RIAR,SIADL,RIA,SIAD
2713,8466958,26309.1,13291.0,5200.0,1822426,8183426,1820552,8146969,RIAR,SMDVL,RIA,SMDV
2714,8466960,23409.7,12980.3,5350.0,1822426,8183606,1823121,8198214,RIAR,SMDDL,RIA,SMDD
2715,8466960,23409.7,12980.3,5350.0,1822426,8183606,1820590,8148196,RIAR,SMDVR,RIA,SMDV
2716,8466957,26432.9,13391.5,5600.0,1822426,8183434,1820590,8147745,RIAR,SMDVR,RIA,SMDV
2717,8466957,26432.9,13391.5,5600.0,1822426,8183434,1823630,8208425,RIAR,SMDDR,RIA,SMDD
2718,8466957,26432.9,13391.5,5600.0,1822426,8183434,1823121,8197996,RIAR,SMDDL,RIA,SMDD
2719,8466957,26432.9,13391.5,5600.0,1822426,8183434,1820552,8146961,RIAR,SMDVL,RIA,SMDV
2720,8466956,27212.1,13417.7,5600.0,1822426,8183434,1823795,8212751,RIAR,SIADR,RIA,SIAD
2721,8466956,27212.1,13417.7,5600.0,1822426,8183434,1820552,8146961,RIAR,SMDVL,RIA,SMDV
2722,8466955,28690.9,13383.3,5400.0,1822426,8183597,1820552,8147503,RIAR,SMDVL,RIA,SMDV
2723,8466954,28325.6,13476.6,5550.0,1822426,8183600,1820552,8147500,RIAR,SMDVL,RIA,SMDV
2724,8466954,28325.6,13476.6,5550.0,1822426,8183600,1823795,8212582,RIAR,SIADR,RIA,SIAD
2725,8466953,29665.8,13857.6,5450.0,1822426,8183598,1820552,8147502,RIAR,SMDVL,RIA,SMDV
2726,8466953,29665.8,13857.6,5450.0,1822426,8183598,1823630,8208614,RIAR,SMDDR,RIA,SMDD
2727,8466952,29509.5,13855.0,5550.0,1822426,8183600,1820552,8147500,RIAR,SMDVL,RIA,SMDV
2728,8466952,29509.5,13855.0,5550.0,1822426,8183600,1823795,8212589,RIAR,SIADR,RIA,SIAD
2729,8466951,29231.3,13757.0,5600.0,1822426,8183601,1820552,8146959,RIAR,SMDVL,RIA,SMDV
2730,8466951,29231.3,13757.0,5600.0,1822426,8183601,1823795,8212751,RIAR,SIADR,RIA,SIAD
2731,8466950,29237.1,13375.2,5250.0,1822426,8183440,1820552,8147506,RIAR,SMDVL,RIA,SMDV
2732,8466950,29237.1,13375.2,5250.0,1822426,8183440,1823630,8208610,RIAR,SMDDR,RIA,SMDD
2733,8466949,28166.6,13285.2,5300.0,1822426,8183438,1820552,8147505,RIAR,SMDVL,RIA,SMDV
2734,8466949,28166.6,13285.2,5300.0,1822426,8183438,1822365,8182426,RIAR,RIAL,RIA,RIA
2735,8466947,28839.1,13950.5,5200.0,1822426,8183441,1822332,8181283,RIAR,RMDDR,RIA,RMDD
2736,8466947,28839.1,13950.5,5200.0,1822426,8183441,1823795,8212588,RIAR,SIADR,RIA,SIAD
2737,8466946,29207.5,14112.1,5200.0,1822426,8183441,1822332,8181283,RIAR,RMDDR,RIA,RMDD
2738,8466946,29207.5,14112.1,5200.0,1822426,8183441,1823795,8212588,RIAR,SIADR,RIA,SIAD
2739,8466944,28179.5,13690.3,5200.0,1822426,8183441,1823795,8212588,RIAR,SIADR,RIA,SIAD
2740,8466944,28179.5,13690.3,5200.0,1822426,8183441,1822332,8181282,RIAR,RMDDR,RIA,RMDD
2741,8466943,30214.5,14514.5,4950.0,1822426,8183446,1823630,8208445,RIAR,SMDDR,RIA,SMDD
2742,8466943,30214.5,14514.5,4950.0,1822426,8183446,1820449,8145033,RIAR,RMDL,RIA,RMDL/R
2743,8466942,30898.9,15532.6,5100.0,1822426,8183456,1823630,8208448,RIAR,SMDDR,RIA,SMDD
2744,8466942,30898.9,15532.6,5100.0,1822426,8183456,1823795,8212748,RIAR,SIADR,RIA,SIAD
2745,8466941,30572.7,15117.0,4950.0,1822426,8183453,1823795,8212750,RIAR,SIADR,RIA,SIAD
2746,8466941,30572.7,15117.0,4950.0,1822426,8183453,1822332,8181287,RIAR,RMDDR,RIA,RMDD
2747,8466940,31009.9,15543.1,4650.0,1822426,8183461,1822365,8182235,RIAR,RIAL,RIA,RIA
2748,8466940,31009.9,15543.1,4650.0,1822426,8183461,1820449,8145026,RIAR,RMDL,RIA,RMDL/R
2749,8466938,31468.2,16332.7,4450.0,1822426,8183465,1820449,8145422,RIAR,RMDL,RIA,RMDL/R
2750,8466938,31468.2,16332.7,4450.0,1822426,8183465,1822365,8182229,RIAR,RIAL,RIA,RIA
2751,8466936,31653.7,16576.5,4450.0,1822426,8183465,1822365,8182229,RIAR,RIAL,RIA,RIA
2752,8466936,31653.7,16576.5,4450.0,1822426,8183465,1820449,8145422,RIAR,RMDL,RIA,RMDL/R
2753,8466935,33034.5,19077.8,4400.0,1822426,8183592,1820413,8144659,RIAR,RMDR,RIA,RMDL/R
2754,8466935,33034.5,19077.8,4400.0,1822426,8183592,1820488,8145596,RIAR,RMDVL,RIA,RMDV
2755,8466933,32618.7,17917.0,4450.0,1822426,8183469,1822365,8182218,RIAR,RIAL,RIA,RIA
2756,8466933,32618.7,17917.0,4450.0,1822426,8183469,1820449,8145422,RIAR,RMDL,RIA,RMDL/R
2757,8466932,32983.8,18394.7,4650.0,1822426,8183473,1820413,8144654,RIAR,RMDR,RIA,RMDL/R
2758,8466932,32983.8,18394.7,4650.0,1822426,8183473,1820449,8145426,RIAR,RMDL,RIA,RMDL/R
2759,8466931,33185.3,19377.3,4950.0,1822426,8183588,1820488,8145585,RIAR,RMDVL,RIA,RMDV
2760,8466931,33185.3,19377.3,4950.0,1822426,8183588,1820413,8144648,RIAR,RMDR,RIA,RMDL/R
2761,8466930,33013.1,19305.8,4950.0,1822426,8183588,1824277,8224721,RIAR,RMDDL,RIA,RMDD
2762,8466930,33013.1,19305.8,4950.0,1822426,8183588,1820413,8144648,RIAR,RMDR,RIA,RMDL/R
2763,8466929,33105.6,19815.4,5000.0,1822426,8183589,1820449,8145011,RIAR,RMDL,RIA,RMDL/R
2764,8466929,33105.6,19815.4,5000.0,1822426,8183589,1820413,8144590,RIAR,RMDR,RIA,RMDL/R
2765,8466929,33105.6,19815.4,5000.0,1822426,8183589,1820488,8145584,RIAR,RMDVL,RIA,RMDV
2766,8466928,33113.7,19550.2,5100.0,1822426,8183591,1820488,8145582,RIAR,RMDVL,RIA,RMDV
2767,8466928,33113.7,19550.2,5100.0,1822426,8183591,1820413,8144645,RIAR,RMDR,RIA,RMDL/R
2768,8466928,33113.7,19550.2,5100.0,1822426,8183591,1820689,8150430,RIAR,RMDVR,RIA,RMDV
2769,8466927,33089.7,21404.9,4800.0,1822426,8183481,1820413,8144594,RIAR,RMDR,RIA,RMDL/R
2770,8466926,32923.1,21383.5,4650.0,1822426,8183484,1820689,8150440,RIAR,RMDVR,RIA,RMDV
2771,8466926,32923.1,21383.5,4650.0,1822426,8183484,1824277,8224715,RIAR,RMDDL,RIA,RMDD
2772,8466925,33095.2,22264.0,4650.0,1822426,8183484,1820413,8144597,RIAR,RMDR,RIA,RMDL/R
2773,8466925,33095.2,22264.0,4650.0,1822426,8183484,1820449,8145452,RIAR,RMDL,RIA,RMDL/R
2774,8466924,32755.9,22650.7,4500.0,1822426,8183584,1820449,8145463,RIAR,RMDL,RIA,RMDL/R
2775,8466924,32755.9,22650.7,4500.0,1822426,8183584,1822365,8182214,RIAR,RIAL,RIA,RIA
2776,8466923,31828.5,24733.4,5400.0,1822426,8183502,1820689,8150511,RIAR,RMDVR,RIA,RMDV
2777,8466923,31828.5,24733.4,5400.0,1822426,8183502,1823957,8216892,RIAR,SIAVL,RIA,SIAV
2778,8466922,32268.3,24850.2,5400.0,1822426,8183502,1820413,8144509,RIAR,RMDR,RIA,RMDL/R
2779,8466922,32268.3,24850.2,5400.0,1822426,8183502,1823957,8216892,RIAR,SIAVL,RIA,SIAV
2780,8466920,32284.5,25428.0,5300.0,1822426,8183500,1820413,8144518,RIAR,RMDR,RIA,RMDL/R
2781,8466920,32284.5,25428.0,5300.0,1822426,8183500,1820590,8148171,RIAR,SMDVR,RIA,SMDV
2782,8466919,31770.6,25037.8,5550.0,1822426,8183505,1823957,8216889,RIAR,SIAVL,RIA,SIAV
2783,8466919,31770.6,25037.8,5550.0,1822426,8183505,1820689,8150514,RIAR,RMDVR,RIA,RMDV
2784,8466918,32186.5,25281.6,5600.0,1822426,8183506,1820590,8148165,RIAR,SMDVR,RIA,SMDV
2785,8466918,32186.5,25281.6,5600.0,1822426,8183506,1823957,8216888,RIAR,SIAVL,RIA,SIAV
2786,8466917,31563.6,25820.1,5750.0,1822426,8183509,1823957,8216885,RIAR,SIAVL,RIA,SIAV
2787,8466917,31563.6,25820.1,5750.0,1822426,8183509,1820590,8147812,RIAR,SMDVR,RIA,SMDV
2788,8466916,31046.7,26267.9,6050.0,1822426,8183515,1820689,8150525,RIAR,RMDVR,RIA,RMDV
2789,8466916,31046.7,26267.9,6050.0,1822426,8183515,1823957,8216544,RIAR,SIAVL,RIA,SIAV
2790,8466915,30835.3,26479.9,6300.0,1822426,8183520,1820689,8150530,RIAR,RMDVR,RIA,RMDV
2791,8466915,30835.3,26479.9,6300.0,1822426,8183520,1823957,8216549,RIAR,SIAVL,RIA,SIAV
2792,8466914,30885.5,26757.5,6300.0,1822426,8183520,1823121,8197914,RIAR,SMDDL,RIA,SMDD
2793,8466914,30885.5,26757.5,6300.0,1822426,8183520,1819940,8135381,RIAR,RIVR,RIA,RIV
2794,8466914,30885.5,26757.5,6300.0,1822426,8183520,1820590,8147826,RIAR,SMDVR,RIA,SMDV
2795,8466913,30816.3,26742.0,6400.0,1822426,8183522,1823121,8197912,RIAR,SMDDL,RIA,SMDD
2796,8466913,30816.3,26742.0,6400.0,1822426,8183522,1819940,8135379,RIAR,RIVR,RIA,RIV
2797,8466912,30564.9,26590.6,6500.0,1822426,8183524,1820689,8150534,RIAR,RMDVR,RIA,RMDV
2798,8466912,30564.9,26590.6,6500.0,1822426,8183524,1823957,8216553,RIAR,SIAVL,RIA,SIAV
2799,8466911,30153.5,27420.1,6800.0,1822426,8183530,1823121,8197904,RIAR,SMDDL,RIA,SMDD
2800,8466911,30153.5,27420.1,6800.0,1822426,8183530,1820590,8147836,RIAR,SMDVR,RIA,SMDV
2801,8466910,30241.1,26765.8,6850.0,1822426,8183531,1820689,8150546,RIAR,RMDVR,RIA,RMDV
2802,8466910,30241.1,26765.8,6850.0,1822426,8183531,1823957,8216560,RIAR,SIAVL,RIA,SIAV
2803,8466909,29957.4,27579.5,6850.0,1822426,8183531,1823121,8197903,RIAR,SMDDL,RIA,SMDD
2804,8466909,29957.4,27579.5,6850.0,1822426,8183531,1820590,8147837,RIAR,SMDVR,RIA,SMDV
2805,8466908,29936.7,26909.2,7100.0,1822426,8183536,1823957,8216565,RIAR,SIAVL,RIA,SIAV
2806,8466908,29936.7,26909.2,7100.0,1822426,8183536,1820689,8150551,RIAR,RMDVR,RIA,RMDV
2807,8466907,29547.5,27762.3,7200.0,1822426,8183538,1823121,8197896,RIAR,SMDDL,RIA,SMDD
2808,8466907,29547.5,27762.3,7200.0,1822426,8183538,1820590,8147844,RIAR,SMDVR,RIA,SMDV
2809,8466906,29610.7,27012.7,7600.0,1822426,8183546,1820689,8150561,RIAR,RMDVR,RIA,RMDV
2810,8466906,29610.7,27012.7,7600.0,1822426,8183546,1823957,8216575,RIAR,SIAVL,RIA,SIAV
2811,8466905,29099.1,27235.3,7850.0,1822426,8183551,1820689,8150566,RIAR,RMDVR,RIA,RMDV
2812,8466905,29099.1,27235.3,7850.0,1822426,8183551,1824277,8224580,RIAR,RMDDL,RIA,RMDD
2813,8466904,29038.5,27807.7,8150.0,1822426,8183557,1823121,8197875,RIAR,SMDDL,RIA,SMDD
2814,8466904,29038.5,27807.7,8150.0,1822426,8183557,1822365,8182133,RIAR,RIAL,RIA,RIA
2815,8466903,28617.1,27515.4,8850.0,1822426,8183571,1823121,8197843,RIAR,SMDDL,RIA,SMDD
2816,8466903,28617.1,27515.4,8850.0,1822426,8183571,1819940,8135331,RIAR,RIVR,RIA,RIV
2817,8466894,24019.1,13490.3,5550.0,1822365,8182421,1820552,8147003,RIAL,SMDVL,RIA,SMDV
2818,8466894,24019.1,13490.3,5550.0,1822365,8182421,1823601,8207805,RIAL,SIADL,RIA,SIAD
2819,8466891,32357.3,23811.9,4400.0,1822365,8182208,1822426,8183585,RIAL,RIAR,RIA,RIA
2820,8466891,32357.3,23811.9,4400.0,1822365,8182208,1820449,8145465,RIAL,RMDL,RIA,RMDL/R
2821,8466890,30045.2,14905.2,4500.0,1822365,8182231,1822332,8181309,RIAL,RMDDR,RIA,RMDD
2822,8466890,30045.2,14905.2,4500.0,1822365,8182231,1820488,8146126,RIAL,RMDVL,RIA,RMDV
2823,8466888,26651.7,13048.2,5100.0,1822365,8182244,1823630,8208615,RIAL,SMDDR,RIA,SMDD
2824,8466888,26651.7,13048.2,5100.0,1822365,8182244,1820552,8146971,RIAL,SMDVL,RIA,SMDV
2825,8466885,22255.5,13837.7,5300.0,1822365,8182406,1824277,8224769,RIAL,RMDDL,RIA,RMDD
2826,8466885,22255.5,13837.7,5300.0,1822365,8182406,1823601,8207990,RIAL,SIADL,RIA,SIAD
2827,8466884,24354.6,27954.3,7750.0,1822365,8182352,1820552,8147128,RIAL,SMDVL,RIA,SMDV
2828,8466884,24354.6,27954.3,7750.0,1822365,8182352,1823630,8208332,RIAL,SMDDR,RIA,SMDD
2829,8466881,27334.6,31999.3,14200.0,1822365,8182000,1820634,8149096,RIAL,SMBDR,RIA,SMBD
2830,8466881,27334.6,31999.3,14200.0,1822365,8182000,1820615,8148437,RIAL,SMBDL,RIA,SMBD
2831,8466881,27334.6,31999.3,14200.0,1822365,8182000,1823698,8210284,RIAL,SMBVR,RIA,SMBV
2832,8466879,27533.0,28482.6,11950.0,1822365,8182058,1819809,8131584,RIAL,SDQR,RIA,SDQ
2833,8466879,27533.0,28482.6,11950.0,1822365,8182058,1819940,8135431,RIAL,RIVR,RIA,RIV
2834,8466878,27488.4,28019.6,9750.0,1822365,8182102,1823121,8197826,RIAL,SMDDL,RIA,SMDD
2835,8466878,27488.4,28019.6,9750.0,1822365,8182102,1820590,8147894,RIAL,SMDVR,RIA,SMDV
2836,8466877,27922.8,27919.0,9500.0,1822365,8182106,1819940,8135318,RIAL,RIVR,RIA,RIV
2837,8466877,27922.8,27919.0,9500.0,1822365,8182106,1823121,8197830,RIAL,SMDDL,RIA,SMDD
2838,8466876,27334.7,28151.9,9350.0,1822365,8182109,1820590,8147887,RIAL,SMDVR,RIA,SMDV
2839,8466876,27334.7,28151.9,9350.0,1822365,8182109,1823121,8197833,RIAL,SMDDL,RIA,SMDD
2840,8466875,27432.5,28037.4,8900.0,1822365,8182118,1820590,8147878,RIAL,SMDVR,RIA,SMDV
2841,8466875,27432.5,28037.4,8900.0,1822365,8182118,1823121,8197842,RIAL,SMDDL,RIA,SMDD
2842,8466874,27797.6,27931.9,8550.0,1822365,8182125,1820590,8147871,RIAL,SMDVR,RIA,SMDV
2843,8466874,27797.6,27931.9,8550.0,1822365,8182125,1823121,8197867,RIAL,SMDDL,RIA,SMDD
2844,8466873,28401.8,27757.0,8550.0,1822365,8182125,1823121,8197867,RIAL,SMDDL,RIA,SMDD
2845,8466873,28401.8,27757.0,8550.0,1822365,8182125,1822426,8183565,RIAL,RIAR,RIA,RIA
2846,8466872,28153.1,27603.0,8450.0,1822365,8182127,1824277,8224568,RIAL,RMDDL,RIA,RMDD
2847,8466872,28153.1,27603.0,8450.0,1822365,8182127,1820590,8147869,RIAL,SMDVR,RIA,SMDV
2848,8466870,28121.7,28019.4,8250.0,1822365,8182131,1820590,8147865,RIAL,SMDVR,RIA,SMDV
2849,8466870,28121.7,28019.4,8250.0,1822365,8182131,1823121,8197873,RIAL,SMDDL,RIA,SMDD
2850,8466869,28744.5,27860.4,8250.0,1822365,8182131,1822426,8183559,RIAL,RIAR,RIA,RIA
2851,8466869,28744.5,27860.4,8250.0,1822365,8182131,1823121,8197873,RIAL,SMDDL,RIA,SMDD
2852,8466868,28410.4,27976.4,8100.0,1822365,8182134,1820590,8147862,RIAL,SMDVR,RIA,SMDV
2853,8466868,28410.4,27976.4,8100.0,1822365,8182134,1823121,8197876,RIAL,SMDDL,RIA,SMDD
2854,8466867,28884.9,27712.2,7650.0,1822365,8182143,1823121,8197887,RIAL,SMDDL,RIA,SMDD
2855,8466867,28884.9,27712.2,7650.0,1822365,8182143,1822426,8183547,RIAL,RIAR,RIA,RIA
2856,8466867,28884.9,27712.2,7650.0,1822365,8182143,1820590,8147853,RIAL,SMDVR,RIA,SMDV
2857,8466866,29287.0,27028.6,6550.0,1822365,8182165,1820689,8150540,RIAL,RMDVR,RIA,RMDV
2858,8466866,29287.0,27028.6,6550.0,1822365,8182165,1824277,8224606,RIAL,RMDDL,RIA,RMDD
2859,8466865,29488.9,26869.2,6150.0,1822365,8182173,1820689,8150527,RIAL,RMDVR,RIA,RMDV
2860,8466865,29488.9,26869.2,6150.0,1822365,8182173,1824277,8224614,RIAL,RMDDL,RIA,RMDD
2861,8466864,30299.5,26892.8,6150.0,1822365,8182173,1822426,8183517,RIAL,RIAR,RIA,RIA
2862,8466864,30299.5,26892.8,6150.0,1822365,8182173,1820590,8147823,RIAL,SMDVR,RIA,SMDV
2863,8466863,29684.6,26877.5,5800.0,1822365,8182180,1824277,8224621,RIAL,RMDDL,RIA,RMDD
2864,8466863,29684.6,26877.5,5800.0,1822365,8182180,1820689,8150702,RIAL,RMDVR,RIA,RMDV
2865,8466862,30487.5,26238.9,5650.0,1822365,8182183,1820689,8150516,RIAL,RMDVR,RIA,RMDV
2866,8466862,30487.5,26238.9,5650.0,1822365,8182183,1824277,8225104,RIAL,RMDDL,RIA,RMDD
2867,8466861,30223.1,26593.9,5650.0,1822365,8182183,1820689,8150705,RIAL,RMDVR,RIA,RMDV
2868,8466861,30223.1,26593.9,5650.0,1822365,8182183,1824277,8225104,RIAL,RMDDL,RIA,RMDD
2869,8466860,30888.2,25875.4,5650.0,1822365,8182183,1820689,8150516,RIAL,RMDVR,RIA,RMDV
2870,8466860,30888.2,25875.4,5650.0,1822365,8182183,1824277,8225104,RIAL,RMDDL,RIA,RMDD
2871,8466859,31235.4,25318.4,5250.0,1822365,8182191,1824277,8224633,RIAL,RMDDL,RIA,RMDD
2872,8466859,31235.4,25318.4,5250.0,1822365,8182191,1820689,8150508,RIAL,RMDVR,RIA,RMDV
2873,8466858,32469.6,24584.5,4800.0,1822365,8182200,1820413,8144532,RIAL,RMDR,RIA,RMDL/R
2874,8466858,32469.6,24584.5,4800.0,1822365,8182200,1820449,8145460,RIAL,RMDL,RIA,RMDL/R
2875,8466857,31664.1,24706.4,4700.0,1822365,8182202,1824277,8224668,RIAL,RMDDL,RIA,RMDD
2876,8466857,31664.1,24706.4,4700.0,1822365,8182202,1820689,8150497,RIAL,RMDVR,RIA,RMDV
2877,8466855,33574.7,21251.3,4150.0,1824349,8226511,1821235,8161891,RMGL,IL1L,RMG,IL1L/R
2878,8466855,33574.7,21251.3,4150.0,1824349,8226511,1824277,8224695,RMGL,RMDDL,RMG,RMDD
2879,8466855,33574.7,21251.3,4150.0,1824349,8226511,1820413,8144607,RMGL,RMDR,RMG,RMDL/R
2880,8466854,33145.4,21895.2,4150.0,1822365,8182454,1820413,8144607,RIAL,RMDR,RIA,RMDL/R
2881,8466854,33145.4,21895.2,4150.0,1822365,8182454,1824277,8224695,RIAL,RMDDL,RIA,RMDD
2882,8466852,32583.7,22835.9,4000.0,1822365,8182457,1820689,8150454,RIAL,RMDVR,RIA,RMDV
2883,8466852,32583.7,22835.9,4000.0,1822365,8182457,1824277,8224692,RIAL,RMDDL,RIA,RMDD
2884,8466851,32388.2,24005.0,4000.0,1822365,8182457,1824277,8224682,RIAL,RMDDL,RIA,RMDD
2885,8466851,32388.2,24005.0,4000.0,1822365,8182457,1820689,8150454,RIAL,RMDVR,RIA,RMDV
2886,8466850,33209.0,22700.4,3950.0,1822365,8182458,1824277,8224691,RIAL,RMDDL,RIA,RMDD
2887,8466850,33209.0,22700.4,3950.0,1822365,8182458,1820413,8144611,RIAL,RMDR,RIA,RMDL/R
2888,8466849,32213.0,24438.6,4200.0,1822365,8182453,1824277,8224678,RIAL,RMDDL,RIA,RMDD
2889,8466849,32213.0,24438.6,4200.0,1822365,8182453,1820689,8150450,RIAL,RMDVR,RIA,RMDV
2890,8466848,32570.5,21974.7,4300.0,1822365,8182210,1820689,8150448,RIAL,RMDVR,RIA,RMDV
2891,8466848,32570.5,21974.7,4300.0,1822365,8182210,1824277,8224698,RIAL,RMDDL,RIA,RMDD
2892,8466847,32833.0,19875.5,4650.0,1822365,8182448,1824277,8224715,RIAL,RMDDL,RIA,RMDD
2893,8466847,32833.0,19875.5,4650.0,1822365,8182448,1821235,8161871,RIAL,IL1L,RIA,IL1L/R
2894,8466846,32498.6,19255.6,4550.0,1822365,8182446,1822332,8181317,RIAL,RMDDR,RIA,RMDD
2895,8466846,32498.6,19255.6,4550.0,1822365,8182446,1820488,8146153,RIAL,RMDVL,RIA,RMDV
2896,8466845,33018.2,19902.5,4450.0,1822365,8182217,1820488,8145595,RIAL,RMDVL,RIA,RMDV
2897,8466845,33018.2,19902.5,4450.0,1822365,8182217,1821235,8161866,RIAL,IL1L,RIA,IL1L/R
2898,8466844,32547.0,18698.7,4200.0,1822365,8182222,1820488,8145600,RIAL,RMDVL,RIA,RMDV
2899,8466844,32547.0,18698.7,4200.0,1822365,8182222,1822332,8181430,RIAL,RMDDR,RIA,RMDD
2900,8466843,32814.9,18505.3,4000.0,1822365,8182438,1820413,8144667,RIAL,RMDR,RIA,RMDL/R
2901,8466843,32814.9,18505.3,4000.0,1822365,8182438,1820488,8145604,RIAL,RMDVL,RIA,RMDV
2902,8466842,31272.5,16290.5,3950.0,1822365,8182442,1820488,8145657,RIAL,RMDVL,RIA,RMDV
2903,8466842,31272.5,16290.5,3950.0,1822365,8182442,1822332,8181435,RIAL,RMDDR,RIA,RMDD
2904,8466841,31693.4,16915.3,3850.0,1822365,8182444,1822332,8181465,RIAL,RMDDR,RIA,RMDD
2905,8466840,30802.7,15660.2,4200.0,1822365,8182224,1822332,8181430,RIAL,RMDDR,RIA,RMDD
2906,8466840,30802.7,15660.2,4200.0,1822365,8182224,1820488,8145662,RIAL,RMDVL,RIA,RMDV
2907,8466838,31815.5,16753.8,4300.0,1822365,8182226,1822426,8183467,RIAL,RIAR,RIA,RIA
2908,8466838,31815.5,16753.8,4300.0,1822365,8182226,1820449,8145431,RIAL,RMDL,RIA,RMDL/R
2909,8462395,31798.2,25535.7,8850.0,1819753,8130525,1823242,8200104,PVR,AVBL,PVR,AVB
2910,8462395,31798.2,25535.7,8850.0,1819753,8130525,1819982,8136253,PVR,RIPL,PVR,RIP
2911,8462394,31612.7,25787.4,8850.0,1819753,8130525,1819982,8136253,PVR,RIPL,PVR,RIP
2912,8462394,31612.7,25787.4,8850.0,1819753,8130525,1823242,8200104,PVR,AVBL,PVR,AVB
2913,8462387,25986.1,34375.4,19300.0,1819556,8126129,1824155,8221652,PVQR,AIMR,PVQ,AIM
2914,8462387,25986.1,34375.4,19300.0,1819556,8126129,1823304,8201401,PVQR,ASGR,PVQ,ASG
2915,8462387,25986.1,34375.4,19300.0,1819556,8126129,1819138,8120889,PVQR,excduct,PVQ,excduct
2916,8462386,23556.2,31723.9,14500.0,1819556,8126224,1819686,8128787,PVQR,AIAR,PVQ,AIA
2917,8462386,23556.2,31723.9,14500.0,1819556,8126224,1822848,8192141,PVQR,ASKR,PVQ,ASK
2918,8462386,23556.2,31723.9,14500.0,1819556,8126224,1823342,8201967,PVQR,ASJR,PVQ,ASJ
2919,8462385,21529.9,29052.4,11650.0,1819556,8126281,1819857,8132915,PVQR,RMGR,PVQ,RMG
2920,8462385,21529.9,29052.4,11650.0,1819556,8126281,1819141,8120890,PVQR,CEPshVR,PVQ,CEPshV
2921,8462380,21455.7,28313.9,10800.0,1819556,8126300,1819857,8132932,PVQR,RMGR,PVQ,RMG
2922,8462380,21455.7,28313.9,10800.0,1819556,8126300,1819307,8121323,PVQR,PVNL,PVQ,PVN
2923,8462378,18549.9,22736.9,9850.0,1819556,8126421,1822848,8192270,PVQR,ASKR,PVQ,ASK
2924,8462378,18549.9,22736.9,9850.0,1819556,8126421,1819686,8128900,PVQR,AIAR,PVQ,AIA
2925,8462377,18867.7,22991.7,9750.0,1819556,8126423,1819686,8128898,PVQR,AIAR,PVQ,AIA
2926,8462377,18867.7,22991.7,9750.0,1819556,8126423,1819351,8122335,PVQR,HSNL,PVQ,HSN
2927,8462374,18775.8,22929.0,10100.0,1819556,8126325,1819686,8129033,PVQR,AIAR,PVQ,AIA
2928,8462374,18775.8,22929.0,10100.0,1819556,8126325,1822848,8192276,PVQR,ASKR,PVQ,ASK
2929,8462373,17676.1,19448.6,9750.0,1819556,8126346,1819607,8127809,PVQR,AWAR,PVQ,AWA
2930,8462373,17676.1,19448.6,9750.0,1819556,8126346,1823665,8209151,PVQR,HSNR,PVQ,HSN
2931,8462370,19247.6,14856.5,8800.0,1819556,8126375,1822984,8195105,PVQR,ASER,PVQ,ASE
2932,8462369,23816.1,13097.5,9750.0,1819556,8126398,1819686,8128972,PVQR,AIAR,PVQ,AIA
2933,8462368,22559.2,13097.5,9850.0,1819556,8126400,1819686,8128966,PVQR,AIAR,PVQ,AIA
2934,8462368,22559.2,13097.5,9850.0,1819556,8126400,1822848,8192371,PVQR,ASKR,PVQ,ASK
2935,8462364,23038.5,12940.8,9900.0,1819556,8126401,1819686,8128967,PVQR,AIAR,PVQ,AIA
2936,8462362,23200.2,13017.7,9950.0,1819556,8126402,1819686,8128968,PVQR,AIAR,PVQ,AIA
2937,8462361,22667.7,13139.2,10050.0,1819556,8126404,1819686,8128976,PVQR,AIAR,PVQ,AIA
2938,8462361,22667.7,13139.2,10050.0,1819556,8126404,1822848,8192375,PVQR,ASKR,PVQ,ASK
2939,8462355,29883.9,28411.6,11150.0,1819487,8124961,1824050,8219284,PVQL,PVCL,PVQ,PVC
2940,8462354,31435.4,28801.0,12400.0,1819487,8124652,1819134,8120888,PVQL,CEPshVL,PVQ,CEPshV
2941,8462354,31435.4,28801.0,12400.0,1819487,8124652,1822540,8185709,PVQL,AVM,PVQ,AVM
2942,8462353,34010.5,23004.4,10300.0,1819487,8124726,1824448,8228634,PVQL,AIAL,PVQ,AIA
2943,8462353,34010.5,23004.4,10300.0,1819487,8124726,1823015,8195671,PVQL,ASKL,PVQ,ASK
2944,8462352,34235.1,22980.3,10600.0,1819487,8124821,1824448,8228640,PVQL,AIAL,PVQ,AIA
2945,8462351,34553.1,21947.5,10700.0,1819487,8124823,1824448,8228642,PVQL,AIAL,PVQ,AIA
2946,8462350,33222.8,19902.4,10050.0,1819487,8124737,1820346,8143013,PVQL,ALA,PVQ,ALA
2947,8462350,33222.8,19902.4,10050.0,1819487,8124737,1823103,8197492,PVQL,ASJL,PVQ,ASJ
2948,8462348,27210.6,13164.3,10100.0,1819487,8124787,1824448,8228597,PVQL,AIAL,PVQ,AIA
2949,8462348,27210.6,13164.3,10100.0,1819487,8124787,1823015,8195606,PVQL,ASKL,PVQ,ASK
2950,8462347,26813.1,13078.9,10250.0,1819487,8124790,1824448,8228600,PVQL,AIAL,PVQ,AIA
2951,8462347,26813.1,13078.9,10250.0,1819487,8124790,1823015,8195609,PVQL,ASKL,PVQ,ASK
2952,8462346,26409.5,13055.2,10300.0,1819487,8124791,1823015,8195610,PVQL,ASKL,PVQ,ASK
2953,8462346,26409.5,13055.2,10300.0,1819487,8124791,1824448,8228601,PVQL,AIAL,PVQ,AIA
2954,8462344,25525.4,32003.2,18550.0,1822292,8179836,1823242,8200450,PVPR,AVBL,PVP,AVB
2955,8462344,25525.4,32003.2,18550.0,1822292,8179836,1824491,8229943,PVPR,AVKL,PVP,AVK
2956,8462343,25516.8,30562.1,15800.0,1822292,8179891,1824396,8227437,PVPR,AVAR,PVP,AVA
2957,8462343,25516.8,30562.1,15800.0,1822292,8179891,1820114,8138684,PVPR,AIBL,PVP,AIB
2958,8462342,25447.2,30996.8,15800.0,1822292,8179891,1820370,8143713,PVPR,AVEL,PVP,AVE
2959,8462342,25447.2,30996.8,15800.0,1822292,8179891,1823242,8200395,PVPR,AVBL,PVP,AVB
2960,8462341,23827.4,29709.8,12650.0,1822292,8179953,1822105,8176551,PVPR,PVCR,PVP,PVC
2961,8462341,23827.4,29709.8,12650.0,1822292,8179953,1824067,8219902,PVPR,AQR,PVP,AQR
2962,8462341,23827.4,29709.8,12650.0,1822292,8179953,1820155,8138974,PVPR,AVBR,PVP,AVB
2963,8462340,23543.2,29696.9,12400.0,1822292,8179958,1820155,8138979,PVPR,AVBR,PVP,AVB
2964,8462339,19470.5,25522.5,7400.0,1822292,8180056,1823242,8200227,PVPR,AVBL,PVP,AVB
2965,8462339,19470.5,25522.5,7400.0,1822292,8180056,1824134,8221343,PVPR,RIGR,PVP,RIG
2966,8462339,19470.5,25522.5,7400.0,1822292,8180056,1822686,8189430,PVPR,RMFR,PVP,RMF
2967,8462338,19430.3,25205.3,7250.0,1822292,8180136,1823242,8200224,PVPR,AVBL,PVP,AVB
2968,8462338,19430.3,25205.3,7250.0,1822292,8180136,1820114,8138493,PVPR,AIBL,PVP,AIB
2969,8462337,17392.6,20713.2,7650.0,1822292,8180126,1824396,8227677,PVPR,AVAR,PVP,AVA
2970,8462337,17392.6,20713.2,7650.0,1822292,8180126,1820155,8139086,PVPR,AVBR,PVP,AVB
2971,8462336,17263.2,20633.8,7450.0,1822292,8180130,1824396,8227673,PVPR,AVAR,PVP,AVA
2972,8462336,17263.2,20633.8,7450.0,1822292,8180130,1822105,8176659,PVPR,PVCR,PVP,PVC
2973,8462336,17263.2,20633.8,7450.0,1822292,8180130,1820155,8139598,PVPR,AVBR,PVP,AVB
2974,8462335,16868.2,20557.2,7400.0,1822292,8180131,1824067,8220081,PVPR,AQR,PVP,AQR
2975,8462335,16868.2,20557.2,7400.0,1822292,8180131,1824396,8227175,PVPR,AVAR,PVP,AVA
2976,8462333,19030.3,15373.5,7600.0,1822292,8180097,1823242,8200567,PVPR,AVBL,PVP,AVB
2977,8462333,19030.3,15373.5,7600.0,1822292,8180097,1822105,8176743,PVPR,PVCR,PVP,PVC
2978,8462331,21174.2,13714.5,7850.0,1822292,8180107,1822263,8179705,PVPR,DVA,PVP,DVA
2979,8462331,21174.2,13714.5,7850.0,1822292,8180107,1819995,8136707,PVPR,RIR,PVP,RIR
2980,8462325,28171.3,30687.9,15350.0,1822086,8176063,1820068,8137918,PVPL,AIBR,PVP,AIB
2981,8462325,28171.3,30687.9,15350.0,1822086,8176063,1824067,8219600,PVPL,AQR,PVP,AQR
2982,8462325,28171.3,30687.9,15350.0,1822086,8176063,1820155,8139500,PVPL,AVBR,PVP,AVB
2983,8462323,29445.3,29137.1,11850.0,1822086,8176132,1824067,8219669,PVPL,AQR,PVP,AQR
2984,8462323,29445.3,29137.1,11850.0,1822086,8176132,1820155,8139269,PVPL,AVBR,PVP,AVB
2985,8462320,28169.5,30966.4,16700.0,1822086,8176036,1822484,8184413,PVPL,ADAL,PVP,ADA
2986,8462320,28169.5,30966.4,16700.0,1822086,8176036,1824396,8227455,PVPL,AVAR,PVP,AVA
2987,8462319,28667.3,30886.2,15500.0,1822086,8176060,1819587,8127255,PVPL,AVHR,PVP,AVH
2988,8462319,28667.3,30886.2,15500.0,1822086,8176060,1819385,8122655,PVPL,AVFR,PVP,AVF
2989,8462317,29272.8,29224.9,12300.0,1822086,8176123,1820155,8139278,PVPL,AVBR,PVP,AVB
2990,8462316,29768.2,29095.2,12150.0,1822086,8176126,1823242,8200039,PVPL,AVBL,PVP,AVB
2991,8462316,29768.2,29095.2,12150.0,1822086,8176126,1824050,8219264,PVPL,PVCL,PVP,PVC
2992,8462316,29768.2,29095.2,12150.0,1822086,8176126,1819454,8124186,PVPL,AVFL,PVP,AVF
2993,8462314,30478.2,28788.3,10400.0,1822086,8176160,1823242,8200074,PVPL,AVBL,PVP,AVB
2994,8462314,30478.2,28788.3,10400.0,1822086,8176160,1820155,8139240,PVPL,AVBR,PVP,AVB
2995,8462314,30478.2,28788.3,10400.0,1822086,8176160,1822263,8179536,PVPL,DVA,PVP,DVA
2996,8462312,32318.8,26447.9,7700.0,1822086,8176212,1823601,8207691,PVPL,SIADL,PVP,SIAD
2997,8462309,34062.5,22859.6,7550.0,1822086,8176222,1820190,8140254,PVPL,AVAL,PVP,AVA
2998,8462309,34062.5,22859.6,7550.0,1822086,8176222,1824067,8219824,PVPL,AQR,PVP,AQR
2999,8462308,34293.4,20541.3,7700.0,1822086,8176306,1820190,8140247,PVPL,AVAL,PVP,AVA
3000,8462308,34293.4,20541.3,7700.0,1822086,8176306,1824050,8219367,PVPL,PVCL,PVP,PVC
3001,8462308,34293.4,20541.3,7700.0,1822086,8176306,1823242,8200619,PVPL,AVBL,PVP,AVB
3002,8462307,32295.4,15556.5,8100.0,1822086,8176249,1819587,8127433,PVPL,AVHR,PVP,AVH
3003,8462304,31987.9,15235.5,8100.0,1822086,8176250,1823242,8200135,PVPL,AVBL,PVP,AVB
3004,8462304,31987.9,15235.5,8100.0,1822086,8176250,1819587,8127433,PVPL,AVHR,PVP,AVH
3005,8462303,26674.6,13038.8,8200.0,1822086,8176265,1824050,8219409,PVPL,PVCL,PVP,PVC
3006,8462303,26674.6,13038.8,8200.0,1822086,8176265,1823242,8200151,PVPL,AVBL,PVP,AVB
3007,8462302,28225.2,13460.6,8200.0,1822086,8176288,1823242,8200142,PVPL,AVBL,PVP,AVB
3008,8462302,28225.2,13460.6,8200.0,1822086,8176288,1824050,8219409,PVPL,PVCL,PVP,PVC
3009,8462301,27954.4,13316.9,8250.0,1822086,8176262,1824050,8219409,PVPL,PVCL,PVP,PVC
3010,8462301,27954.4,13316.9,8250.0,1822086,8176262,1823242,8200143,PVPL,AVBL,PVP,AVB
3011,8462301,27954.4,13316.9,8250.0,1822086,8176262,1819587,8127052,PVPL,AVHR,PVP,AVH
3012,8462299,29842.4,31456.2,14300.0,1819409,8123192,1823103,8197360,PVNL,ASJL,PVN,ASJ
3013,8462299,29842.4,31456.2,14300.0,1819409,8123192,1822126,8177145,PVNL,AVDR,PVN,AVD
3014,8462298,29749.8,31107.3,14950.0,1819409,8123180,1819435,8123737,PVNL,BDUL,PVN,BDU
3015,8462298,29749.8,31107.3,14950.0,1819409,8123180,1822540,8185659,PVNL,AVM,PVN,AVM
3016,8462297,29604.2,30324.6,12500.0,1819409,8123228,1823665,8209373,PVNL,HSNR,PVN,HSN
3017,8462297,29604.2,30324.6,12500.0,1819409,8123228,1823242,8200032,PVNL,AVBL,PVN,AVB
3018,8462296,30451.6,29418.1,11800.0,1819409,8123242,1822126,8177095,PVNL,AVDR,PVN,AVD
3019,8462296,30451.6,29418.1,11800.0,1819409,8123242,1823242,8200046,PVNL,AVBL,PVN,AVB
3020,8462294,31803.2,28196.6,10650.0,1819409,8123265,1823103,8197433,PVNL,ASJL,PVN,ASJ
3021,8462294,31803.2,28196.6,10650.0,1819409,8123265,1819454,8124217,PVNL,AVFL,PVN,AVF
3022,8462293,32941.4,24540.3,9250.0,1819409,8123294,1824448,8228500,PVNL,AIAL,PVN,AIA
3023,8462259,33095.4,23109.2,9200.0,1819409,8123296,1823665,8209435,PVNL,HSNR,PVN,HSN
3024,8462259,33095.4,23109.2,9200.0,1819409,8123296,1823775,8211708,PVNL,SMBVL,PVN,SMBV
3025,8462256,26455.1,14305.8,8150.0,1819409,8123345,1819330,8121803,PVNL,PVNR,PVN,PVN
3026,8462256,26455.1,14305.8,8150.0,1819409,8123345,1819435,8123937,PVNL,BDUL,PVN,BDU
3027,8462149,22846.6,29076.9,13400.0,1819409,8123489,1823817,8212981,PVNL,BDUR,PVN,BDU
3028,8462148,25987.7,32347.2,18700.0,1822105,8176432,1820370,8143771,PVCR,AVEL,PVC,AVE
3029,8462148,25987.7,32347.2,18700.0,1822105,8176432,1823242,8200453,PVCR,AVBL,PVC,AVB
3030,8462145,23949.9,29835.4,12950.0,1822292,8179947,1822105,8176545,PVPR,PVCR,PVP,PVC
3031,8462145,23949.9,29835.4,12950.0,1822292,8179947,1820155,8138968,PVPR,AVBR,PVP,AVB
3032,8462144,22725.1,28584.0,11250.0,1819505,8125242,1820155,8139002,AVJL,AVBR,AVJ,AVB
3033,8462144,22725.1,28584.0,11250.0,1819505,8125242,1822105,8176579,AVJL,PVCR,AVJ,PVC
3034,8462143,23228.6,28470.1,11250.0,1822105,8176579,1820155,8139002,PVCR,AVBR,PVC,AVB
3035,8462143,23228.6,28470.1,11250.0,1822105,8176579,1822153,8177643,PVCR,AVDL,PVC,AVD
3036,8462142,26277.5,34614.5,22850.0,1822105,8176349,1823880,8214123,PVCR,RIS,PVC,RIS
3037,8462140,25936.2,32231.7,18550.0,1822105,8176435,1820370,8143768,PVCR,AVEL,PVC,AVE
3038,8462140,25936.2,32231.7,18550.0,1822105,8176435,1823242,8200450,PVCR,AVBL,PVC,AVB
3039,8468123,18732.8,21931.0,4250.0,1820449,8145294,1822426,8183628,RMDL,RIAR,RMDL/R,RIA
3040,8468123,18732.8,21931.0,4250.0,1820449,8145294,1821172,8160335,RMDL,IL1R,RMDL/R,IL1L/R
3041,8468123,18732.8,21931.0,4250.0,1820449,8145294,1822332,8181209,RMDL,RMDDR,RMDL/R,RMDD
3042,8468120,18688.8,19507.4,5800.0,1820449,8145089,1821733,8171136,RMDL,BWM-VR04,RMDL/R,BWM04V
3043,8468120,18688.8,19507.4,5800.0,1820449,8145089,1821378,8165373,RMDL,BWM-DR04,RMDL/R,BWM04D
3044,8468120,18688.8,19507.4,5800.0,1820449,8145089,1822505,8185392,RMDL,RMHL,RMDL/R,RMH
3045,8468119,19606.8,16496.2,5050.0,1820449,8145369,1821409,8165964,RMDL,BWM-DR08,RMDL/R,BWM08D
3046,8468119,19606.8,16496.2,5050.0,1820449,8145369,1821428,8166263,RMDL,BWM-DR06,RMDL/R,BWM06D
3047,8468118,19154.3,16318.8,5250.0,1820449,8145074,1821428,8166267,RMDL,BWM-DR06,RMDL/R,BWM06D
3048,8468118,19154.3,16318.8,5250.0,1820449,8145074,1820254,8141639,RMDL,RIML,RMDL/R,RIM
3049,8468118,19154.3,16318.8,5250.0,1820449,8145074,1821409,8165977,RMDL,BWM-DR08,RMDL/R,BWM08D
3050,8468117,18978.9,16738.5,5400.0,1820449,8145077,1821409,8165979,RMDL,BWM-DR08,RMDL/R,BWM08D
3051,8468117,18978.9,16738.5,5400.0,1820449,8145077,1821428,8166296,RMDL,BWM-DR06,RMDL/R,BWM06D
3052,8468115,19413.9,21347.8,5750.0,1820449,8145122,1821796,8171784,RMDL,BWM-VR02,RMDL/R,BWM02V
3053,8468115,19413.9,21347.8,5750.0,1820449,8145122,1821733,8170854,RMDL,BWM-VR04,RMDL/R,BWM04V
3054,8468115,19413.9,21347.8,5750.0,1820449,8145122,1821378,8165394,RMDL,BWM-DR04,RMDL/R,BWM04D
3055,8468112,20129.1,23653.9,6250.0,1820449,8145135,1821769,8171380,RMDL,BWM-VR06,RMDL/R,BWM06V
3056,8468112,20129.1,23653.9,6250.0,1820449,8145135,1821769,8171297,RMDL,BWM-VR06,RMDL/R,BWM06V
3057,8468112,20129.1,23653.9,6250.0,1820449,8145135,1819857,8133271,RMDL,RMGR,RMDL/R,RMG
3058,8468110,21721.6,25905.8,6050.0,1820449,8145144,1822365,8182318,RMDL,RIAL,RMDL/R,RIA
3059,8468110,21721.6,25905.8,6050.0,1820449,8145144,1823971,8217668,RMDL,SIAVR,RMDL/R,SIAV
3060,8468109,21393.1,25701.9,5650.0,1820449,8145152,1822365,8182310,RMDL,RIAL,RMDL/R,RIA
3061,8468125,19262.6,23104.8,4350.0,1820449,8145292,1820413,8144776,RMDL,RMDR,RMDL/R,RMDL/R
3062,8468125,19262.6,23104.8,4350.0,1820449,8145292,1822426,8183380,RMDL,RIAR,RMDL/R,RIA
3063,8468085,21372.4,25762.7,5300.0,1820449,8145159,1820413,8144750,RMDL,RMDR,RMDL/R,RMDL/R
3064,8468085,21372.4,25762.7,5300.0,1820449,8145159,1822365,8182303,RMDL,RIAL,RMDL/R,RIA
3065,8468083,20852.3,24417.0,5450.0,1820449,8145165,1821769,8171472,RMDL,BWM-VR06,RMDL/R,BWM06V
3066,8468083,20852.3,24417.0,5450.0,1820449,8145165,1820413,8144755,RMDL,RMDR,RMDL/R,RMDL/R
3067,8468083,20852.3,24417.0,5450.0,1820449,8145165,1821733,8170899,RMDL,BWM-VR04,RMDL/R,BWM04V
3068,8468083,20852.3,24417.0,5450.0,1820449,8145165,1821769,8171507,RMDL,BWM-VR06,RMDL/R,BWM06V
3069,8468082,19578.3,21528.6,5950.0,1820449,8145126,1821796,8171788,RMDL,BWM-VR02,RMDL/R,BWM02V
3070,8468082,19578.3,21528.6,5950.0,1820449,8145126,1820413,8144351,RMDL,RMDR,RMDL/R,RMDL/R
3071,8468082,19578.3,21528.6,5950.0,1820449,8145126,1821733,8170858,RMDL,BWM-VR04,RMDL/R,BWM04V
3072,8468082,19578.3,21528.6,5950.0,1820449,8145126,1821378,8165368,RMDL,BWM-DR04,RMDL/R,BWM04D
3073,8468081,22174.9,26639.6,6600.0,1820449,8145182,1822365,8182329,RMDL,RIAL,RMDL/R,RIA
3074,8468081,22174.9,26639.6,6600.0,1820449,8145182,1823971,8217319,RMDL,SIAVR,RMDL/R,SIAV
3075,8468072,31469.9,17910.6,3100.0,1822332,8181494,1822332,8181482,RMDDR,RMDDR,RMDD,RMDD
3076,8468072,31469.9,17910.6,3100.0,1822332,8181494,1820488,8146143,RMDDR,RMDVL,RMDD,RMDV
3077,8468072,31469.9,17910.6,3100.0,1822332,8181494,1821541,8168112,RMDDR,BWM-DL02,RMDD,BWM02D
3078,8468068,27465.6,13849.8,4400.0,1822332,8181523,1821692,8170281,RMDDR,BWM-DL03,RMDD,BWM03D
3079,8468068,27465.6,13849.8,4400.0,1822332,8181523,1821659,8169860,RMDDR,BWM-DL07,RMDD,BWM07D
3080,8468068,27465.6,13849.8,4400.0,1822332,8181523,1821671,8170007,RMDDR,BWM-DL05,RMDD,BWM05D
3081,8468068,27465.6,13849.8,4400.0,1822332,8181523,1820488,8145668,RMDDR,RMDVL,RMDD,RMDV
3082,8468064,27106.7,14344.8,5100.0,1822332,8181284,1821659,8169790,RMDDR,BWM-DL07,RMDD,BWM07D
3083,8468064,27106.7,14344.8,5100.0,1822332,8181284,1820634,8149503,RMDDR,SMBDR,RMDD,SMBD
3084,8468064,27106.7,14344.8,5100.0,1822332,8181284,1821671,8169997,RMDDR,BWM-DL05,RMDD,BWM05D
3085,8468063,28445.3,14583.4,3350.0,1822332,8181549,1821692,8170416,RMDDR,BWM-DL03,RMDD,BWM03D
3086,8468063,28445.3,14583.4,3350.0,1822332,8181549,1820488,8145642,RMDDR,RMDVL,RMDD,RMDV
3087,8468063,28445.3,14583.4,3350.0,1822332,8181549,1821637,8169648,RMDDR,BWM-DL01,RMDD,BWM01D
3088,8468062,28866.2,14848.5,4100.0,1822332,8181534,1821692,8170328,RMDDR,BWM-DL03,RMDD,BWM03D
3089,8468062,28866.2,14848.5,4100.0,1822332,8181534,1820488,8145660,RMDDR,RMDVL,RMDD,RMDV
3090,8468062,28866.2,14848.5,4100.0,1822332,8181534,1821637,8169627,RMDDR,BWM-DL01,RMDD,BWM01D
3091,8468062,28866.2,14848.5,4100.0,1822332,8181534,1821126,8159241,RMDDR,IL1DL,RMDD,IL1D
3092,8468061,28932.9,15028.1,4500.0,1822332,8181521,1821637,8169635,RMDDR,BWM-DL01,RMDD,BWM01D
3093,8468061,28932.9,15028.1,4500.0,1822332,8181521,1821126,8159249,RMDDR,IL1DL,RMDD,IL1D
3094,8468061,28932.9,15028.1,4500.0,1822332,8181521,1821671,8170046,RMDDR,BWM-DL05,RMDD,BWM05D
3095,8468061,28932.9,15028.1,4500.0,1822332,8181521,1820488,8146127,RMDDR,RMDVL,RMDD,RMDV
3096,8468058,29910.4,16045.5,4400.0,1822332,8181311,1821637,8169554,RMDDR,BWM-DL01,RMDD,BWM01D
3097,8468058,29910.4,16045.5,4400.0,1822332,8181311,1821541,8168224,RMDDR,BWM-DL02,RMDD,BWM02D
3098,8468058,29910.4,16045.5,4400.0,1822332,8181311,1820488,8146114,RMDDR,RMDVL,RMDD,RMDV
3099,8468056,30244.4,16136.2,4050.0,1822332,8181433,1821512,8167689,RMDDR,BWM-DL04,RMDD,BWM04D
3100,8468056,30244.4,16136.2,4050.0,1822332,8181433,1820488,8145659,RMDDR,RMDVL,RMDD,RMDV
3101,8468056,30244.4,16136.2,4050.0,1822332,8181433,1821541,8168147,RMDDR,BWM-DL02,RMDD,BWM02D
3102,8468053,31998.5,18573.8,4000.0,1822332,8181434,1821512,8167483,RMDDR,BWM-DL04,RMDD,BWM04D
3103,8468053,31998.5,18573.8,4000.0,1822332,8181434,1820488,8145604,RMDDR,RMDVL,RMDD,RMDV
3104,8468053,31998.5,18573.8,4000.0,1822332,8181434,1821512,8167547,RMDDR,BWM-DL04,RMDD,BWM04D
3105,8468053,31998.5,18573.8,4000.0,1822332,8181434,1821541,8168003,RMDDR,BWM-DL02,RMDD,BWM02D
3106,8468052,31815.6,18412.6,3550.0,1822332,8181446,1820488,8145613,RMDDR,RMDVL,RMDD,RMDV
3107,8468052,31815.6,18412.6,3550.0,1822332,8181446,1822332,8181471,RMDDR,RMDDR,RMDD,RMDD
3108,8468052,31815.6,18412.6,3550.0,1822332,8181446,1821512,8167514,RMDDR,BWM-DL04,RMDD,BWM04D
3109,8468052,31815.6,18412.6,3550.0,1822332,8181446,1821541,8168017,RMDDR,BWM-DL02,RMDD,BWM02D
3110,8468048,31654.5,18412.1,3050.0,1822332,8181456,1820488,8146144,RMDDR,RMDVL,RMDD,RMDV
3111,8468048,31654.5,18412.1,3050.0,1822332,8181456,1821541,8168111,RMDDR,BWM-DL02,RMDD,BWM02D
3112,8468047,30710.4,16514.9,3400.0,1822332,8181474,1820488,8146137,RMDDR,RMDVL,RMDD,RMDV
3113,8468047,30710.4,16514.9,3400.0,1822332,8181474,1821541,8168160,RMDDR,BWM-DL02,RMDD,BWM02D
3114,8468047,30710.4,16514.9,3400.0,1822332,8181474,1821512,8167726,RMDDR,BWM-DL04,RMDD,BWM04D
3115,8468045,31256.9,17506.3,3050.0,1822332,8181495,1820488,8146144,RMDDR,RMDVL,RMDD,RMDV
3116,8468045,31256.9,17506.3,3050.0,1822332,8181495,1821512,8167709,RMDDR,BWM-DL04,RMDD,BWM04D
3117,8468045,31256.9,17506.3,3050.0,1822332,8181495,1821512,8167669,RMDDR,BWM-DL04,RMDD,BWM04D
3118,8468044,31397.0,17627.9,2850.0,1822332,8181499,1821541,8168171,RMDDR,BWM-DL02,RMDD,BWM02D
3119,8468044,31397.0,17627.9,2850.0,1822332,8181499,1820488,8146148,RMDDR,RMDVL,RMDD,RMDV
3120,8468044,31397.0,17627.9,2850.0,1822332,8181499,1821512,8167713,RMDDR,BWM-DL04,RMDD,BWM04D
3121,8468043,31214.8,17810.3,2600.0,1822332,8181504,1821637,8169593,RMDDR,BWM-DL01,RMDD,BWM01D
3122,8468043,31214.8,17810.3,2600.0,1822332,8181504,1821541,8168176,RMDDR,BWM-DL02,RMDD,BWM02D
3123,8468043,31214.8,17810.3,2600.0,1822332,8181504,1821512,8167718,RMDDR,BWM-DL04,RMDD,BWM04D
3124,8468041,31983.2,18902.4,4400.0,1822332,8181314,1820488,8146150,RMDDR,RMDVL,RMDD,RMDV
3125,8468041,31983.2,18902.4,4400.0,1822332,8181314,1821541,8167995,RMDDR,BWM-DL02,RMDD,BWM02D
3126,8468041,31983.2,18902.4,4400.0,1822332,8181314,1821512,8167475,RMDDR,BWM-DL04,RMDD,BWM04D
3127,8468040,31942.8,19371.8,5450.0,1822332,8181335,1820449,8145442,RMDDR,RMDL,RMDD,RMDL/R
3128,8468040,31942.8,19371.8,5450.0,1822332,8181335,1821956,8174118,RMDDR,BWM-VL04,RMDD,BWM04V
3129,8468032,19874.1,17332.9,2550.0,1824277,8224981,1821453,8166532,RMDDL,BWM-DR02,RMDD,BWM02D
3130,8468032,19874.1,17332.9,2550.0,1824277,8224981,1824277,8224959,RMDDL,RMDDL,RMDD,RMDD
3131,8468030,19345.9,17725.5,3050.0,1824277,8224949,1821378,8165592,RMDDL,BWM-DR04,RMDD,BWM04D
3132,8468030,19345.9,17725.5,3050.0,1824277,8224949,1820689,8150302,RMDDL,RMDVR,RMDD,RMDV
3133,8468028,23885.1,14155.1,5200.0,1824277,8224771,1821617,8169187,RMDDL,BWM-DR05,RMDD,BWM05D
3134,8468028,23885.1,14155.1,5200.0,1824277,8224771,1820615,8148856,RMDDL,SMBDL,RMDD,SMBD
3135,8468028,23885.1,14155.1,5200.0,1824277,8224771,1821565,8168370,RMDDL,BWM-DR07,RMDD,BWM07D
3136,8468025,22072.4,15135.1,4800.0,1824277,8224780,1821578,8168599,RMDDL,BWM-DR01,RMDD,BWM01D
3137,8468025,22072.4,15135.1,4800.0,1824277,8224780,1822920,8193912,RMDDL,IL1DR,RMDD,IL1D
3138,8468023,26820.6,14079.8,3200.0,1824277,8225023,1821659,8169845,RMDDL,BWM-DL07,RMDD,BWM07D
3139,8468023,26820.6,14079.8,3200.0,1824277,8225023,1821671,8170128,RMDDL,BWM-DL05,RMDD,BWM05D
3140,8468023,26820.6,14079.8,3200.0,1824277,8225023,1821692,8170423,RMDDL,BWM-DL03,RMDD,BWM03D
3141,8468021,22241.4,14570.3,3850.0,1824277,8224998,1820689,8150358,RMDDL,RMDVR,RMDD,RMDV
3142,8468021,22241.4,14570.3,3850.0,1824277,8224998,1821595,8168970,RMDDL,BWM-DR03,RMDD,BWM03D
3143,8468021,22241.4,14570.3,3850.0,1824277,8224998,1821578,8168618,RMDDL,BWM-DR01,RMDD,BWM01D
3144,8467142,23975.1,27928.4,10150.0,1823514,8205785,1823630,8208285,RICL,SMDDR,RIC,SMDD
3145,8467142,23975.1,27928.4,10150.0,1823514,8205785,1820190,8139937,RICL,AVAL,RIC,AVA
3146,8467141,24128.6,28400.5,10350.0,1823514,8205789,1824261,8224190,RICL,ADAR,RIC,ADA
3147,8467141,24128.6,28400.5,10350.0,1823514,8205789,1820190,8139941,RICL,AVAL,RIC,AVA
3148,8467139,21520.8,29282.9,7650.0,1822886,8193084,1822232,8178989,RIBR,BAGL,RIB,BAG
3149,8467139,21520.8,29282.9,7650.0,1822886,8193084,1822426,8183031,RIBR,RIAR,RIB,RIA
3150,8467138,20818.9,28289.9,7100.0,1822886,8193095,1822232,8179003,RIBR,BAGL,RIB,BAG
3151,8467138,20818.9,28289.9,7100.0,1822886,8193095,1822426,8183644,RIBR,RIAR,RIB,RIA
3152,8467137,24456.9,28614.7,6550.0,1822886,8193465,1820552,8147104,RIBR,SMDVL,RIB,SMDV
3153,8467137,24456.9,28614.7,6550.0,1822886,8193465,1820370,8143512,RIBR,AVEL,RIB,AVE
3154,8462139,26108.4,32101.2,18450.0,1822105,8176437,1819269,8120956,PVCR,NRfragment,PVC,NRfragment
3155,8462139,26108.4,32101.2,18450.0,1822105,8176437,1820370,8143766,PVCR,AVEL,PVC,AVE
3156,8462139,26108.4,32101.2,18450.0,1822105,8176437,1823971,8217004,PVCR,SIAVR,PVC,SIAV
3157,8462138,25334.3,31948.9,17250.0,1822105,8176461,1823242,8200424,PVCR,AVBL,PVC,AVB
3158,8462138,25334.3,31948.9,17250.0,1822105,8176461,1820155,8138883,PVCR,AVBR,PVC,AVB
3159,8462137,24081.7,29540.8,13200.0,1822105,8176540,1823242,8200340,PVCR,AVBL,PVC,AVB
3160,8462137,24081.7,29540.8,13200.0,1822105,8176540,1822153,8177681,PVCR,AVDL,PVC,AVD
3161,8462136,23166.9,28321.8,11000.0,1822105,8176583,1823242,8200296,PVCR,AVBL,PVC,AVB
3162,8462136,23166.9,28321.8,11000.0,1822105,8176583,1822153,8177639,PVCR,AVDL,PVC,AVD
3163,8462135,22970.0,28440.9,10750.0,1822105,8176588,1820155,8139012,PVCR,AVBR,PVC,AVB
3164,8462134,23219.1,28160.0,10750.0,1822105,8176588,1823242,8200291,PVCR,AVBL,PVC,AVB
3165,8462134,23219.1,28160.0,10750.0,1822105,8176588,1822153,8177634,PVCR,AVDL,PVC,AVD
3166,8462133,22944.7,28303.9,10350.0,1822105,8176596,1824396,8227743,PVCR,AVAR,PVC,AVA
3167,8462133,22944.7,28303.9,10350.0,1822105,8176596,1820155,8139020,PVCR,AVBR,PVC,AVB
3168,8462133,22944.7,28303.9,10350.0,1822105,8176596,1823242,8200283,PVCR,AVBL,PVC,AVB
3169,8462132,21868.8,26960.3,9600.0,1822105,8176611,1820155,8139035,PVCR,AVBR,PVC,AVB
3170,8462132,21868.8,26960.3,9600.0,1822105,8176611,1822153,8177611,PVCR,AVDL,PVC,AVD
3171,8462131,22200.1,27286.2,9600.0,1822105,8176611,1823242,8200268,PVCR,AVBL,PVC,AVB
3172,8462131,22200.1,27286.2,9600.0,1822105,8176611,1822153,8177611,PVCR,AVDL,PVC,AVD
3173,8462130,19521.1,23737.8,8350.0,1822105,8176762,1820155,8139069,PVCR,AVBR,PVC,AVB
3174,8462130,19521.1,23737.8,8350.0,1822105,8176762,1824396,8227692,PVCR,AVAR,PVC,AVA
3175,8462127,16953.2,19466.2,7100.0,1822105,8176755,1824396,8227660,PVCR,AVAR,PVC,AVA
3176,8462127,16953.2,19466.2,7100.0,1822105,8176755,1823242,8200200,PVCR,AVBL,PVC,AVB
3177,8462127,16953.2,19466.2,7100.0,1822105,8176755,1820298,8142597,PVCR,AVER,PVC,AVE
3178,8462127,16953.2,19466.2,7100.0,1822105,8176755,1822153,8177898,PVCR,AVDL,PVC,AVD
3179,8462126,17075.1,19492.4,7300.0,1822105,8176751,1820298,8141984,PVCR,AVER,PVC,AVE
3180,8462126,17075.1,19492.4,7300.0,1822105,8176751,1822153,8177902,PVCR,AVDL,PVC,AVD
3181,8462125,16876.1,19150.8,7350.0,1822105,8176657,1820298,8141983,PVCR,AVER,PVC,AVE
3182,8462125,16876.1,19150.8,7350.0,1822105,8176657,1823242,8200191,PVCR,AVBL,PVC,AVB
3183,8462123,22965.4,13774.4,7800.0,1822105,8176677,1823242,8200590,PVCR,AVBL,PVC,AVB
3184,8462123,22965.4,13774.4,7800.0,1822105,8176677,1822126,8177366,PVCR,AVDR,PVC,AVD
3185,8462122,22679.2,13930.2,7600.0,1822105,8176734,1823242,8200171,PVCR,AVBL,PVC,AVB
3186,8462122,22679.2,13930.2,7600.0,1822105,8176734,1822126,8176919,PVCR,AVDR,PVC,AVD
3187,8462121,27184.2,13469.2,7700.0,1822105,8176695,1822153,8177503,PVCR,AVDL,PVC,AVD
3188,8462121,27184.2,13469.2,7700.0,1822105,8176695,1823562,8207319,PVCR,SIBVL,PVC,SIBV
3189,8462060,26204.8,13367.3,7700.0,1824050,8219418,1820155,8139559,PVCL,AVBR,PVC,AVB
3190,8462060,26204.8,13367.3,7700.0,1824050,8219418,1822607,8187459,PVCL,SIBDL,PVC,SIBD
3191,8462120,26996.9,13630.3,7700.0,1822105,8176695,1820155,8139559,PVCR,AVBR,PVC,AVB
3192,8462120,26996.9,13630.3,7700.0,1822105,8176695,1822607,8187459,PVCR,SIBDL,PVC,SIBD
3193,8462120,26996.9,13630.3,7700.0,1822105,8176695,1823562,8207319,PVCR,SIBVL,PVC,SIBV
3194,8462119,29724.8,30067.0,13550.0,1824050,8219237,1823242,8200011,PVCL,AVBL,PVC,AVB
3195,8462119,29724.8,30067.0,13550.0,1824050,8219237,1823489,8204921,PVCL,RID,PVC,RID
3196,8462118,30637.2,27853.6,9900.0,1824050,8219309,1823489,8204849,PVCL,RID,PVC,RID
3197,8462118,30637.2,27853.6,9900.0,1824050,8219309,1820155,8139230,PVCL,AVBR,PVC,AVB
3198,8462117,28133.6,31950.3,17900.0,1824050,8219150,1820298,8142429,PVCL,AVER,PVC,AVE
3199,8462117,28133.6,31950.3,17900.0,1824050,8219150,1820155,8139391,PVCL,AVBR,PVC,AVB
3200,8462116,28032.3,31944.2,17650.0,1824050,8219157,1820155,8139386,PVCL,AVBR,PVC,AVB
3201,8462116,28032.3,31944.2,17650.0,1824050,8219157,1820298,8142424,PVCL,AVER,PVC,AVE
3202,8462115,28241.6,31907.2,17300.0,1824050,8219164,1820155,8139379,PVCL,AVBR,PVC,AVB
3203,8462115,28241.6,31907.2,17300.0,1824050,8219164,1820298,8142417,PVCL,AVER,PVC,AVE
3204,8462114,29477.2,30435.7,13850.0,1824050,8219231,1823489,8204927,PVCL,RID,PVC,RID
3205,8462114,29477.2,30435.7,13850.0,1824050,8219231,1823242,8200005,PVCL,AVBL,PVC,AVB
3206,8462111,31512.8,27290.1,8800.0,1824050,8219329,1823489,8204831,PVCL,RID,PVC,RID
3207,8462111,31512.8,27290.1,8800.0,1824050,8219329,1820155,8139211,PVCL,AVBR,PVC,AVB
3208,8462113,31316.2,27590.3,9200.0,1824050,8219322,1822126,8177045,PVCL,AVDR,PVC,AVD
3209,8462113,31316.2,27590.3,9200.0,1824050,8219322,1823489,8204837,PVCL,RID,PVC,RID
3210,8462113,31316.2,27590.3,9200.0,1824050,8219322,1820155,8139217,PVCL,AVBR,PVC,AVB
3211,8416551,31727.5,27121.7,8800.0,1822066,8175579,1824050,8219329,AVJR,PVCL,AVJ,PVC
3212,8416551,31727.5,27121.7,8800.0,1822066,8175579,1820155,8139211,AVJR,AVBR,AVJ,AVB
3213,8416551,31727.5,27121.7,8800.0,1822066,8175579,1823489,8204831,AVJR,RID,AVJ,RID
3214,8462110,31782.9,27001.8,8700.0,1824050,8219331,1823489,8204829,PVCL,RID,PVC,RID
3215,8462110,31782.9,27001.8,8700.0,1824050,8219331,1820155,8139209,PVCL,AVBR,PVC,AVB
3216,8462109,33285.9,24129.4,8100.0,1824050,8219349,1822066,8175563,PVCL,AVJR,PVC,AVJ
3217,8462109,33285.9,24129.4,8100.0,1824050,8219349,1820190,8140264,PVCL,AVAL,PVC,AVA
3218,8462108,33534.4,22279.7,8100.0,1824050,8219354,1823242,8200127,PVCL,AVBL,PVC,AVB
3219,8462108,33534.4,22279.7,8100.0,1824050,8219354,1820190,8140260,PVCL,AVAL,PVC,AVA
3220,8462107,33449.8,22639.7,8150.0,1824050,8219355,1823242,8200126,PVCL,AVBL,PVC,AVB
3221,8462107,33449.8,22639.7,8150.0,1824050,8219355,1820190,8140261,PVCL,AVAL,PVC,AVA
3222,8462102,34024.4,19165.4,7600.0,1824050,8219371,1819724,8129889,PVCL,SDQL,PVC,SDQ
3223,8462102,34024.4,19165.4,7600.0,1824050,8219371,1823489,8204800,PVCL,RID,PVC,RID
3224,8462102,34024.4,19165.4,7600.0,1824050,8219371,1820370,8143280,PVCL,AVEL,PVC,AVE
3225,8462097,33698.4,17617.7,8000.0,1824050,8219386,1823489,8205125,PVCL,RID,PVC,RID
3226,8462097,33698.4,17617.7,8000.0,1824050,8219386,1822484,8184693,PVCL,ADAL,PVC,ADA
3227,8462095,33474.2,16959.2,7850.0,1824050,8219389,1823242,8200605,PVCL,AVBL,PVC,AVB
3228,8462095,33474.2,16959.2,7850.0,1824050,8219389,1823489,8204789,PVCL,RID,PVC,RID
3229,8462061,26523.8,13339.7,7650.0,1824050,8219419,1823562,8207318,PVCL,SIBVL,PVC,SIBV
3230,8462061,26523.8,13339.7,7650.0,1824050,8219419,1822607,8187458,PVCL,SIBDL,PVC,SIBD
3231,8462056,24521.2,29557.6,16250.0,1823988,8217829,1824100,8220474,PLNR,SAADR,PLN,SAAD
3232,8462056,24521.2,29557.6,16250.0,1823988,8217829,1823698,8210070,PLNR,SMBVR,PLN,SMBV
3233,8462055,24417.8,29364.2,16100.0,1823988,8217832,1824100,8220477,PLNR,SAADR,PLN,SAAD
3234,8462055,24417.8,29364.2,16100.0,1823988,8217832,1823698,8210067,PLNR,SMBVR,PLN,SMBV
3235,8462054,24968.8,28032.4,11550.0,1823988,8217921,1823698,8209978,PLNR,SMBVR,PLN,SMBV
3236,8462054,24968.8,28032.4,11550.0,1823988,8217921,1824100,8220568,PLNR,SAADR,PLN,SAAD
3237,8462052,19876.2,23129.2,6600.0,1823988,8218033,1823698,8209872,PLNR,SMBVR,PLN,SMBV
3238,8462052,19876.2,23129.2,6600.0,1823988,8218033,1819857,8133295,PLNR,RMGR,PLN,RMG
3239,8462051,18692.4,22856.1,5800.0,1823988,8218049,1819857,8133262,PLNR,RMGR,PLN,RMG
3240,8462051,18692.4,22856.1,5800.0,1823988,8218049,1820552,8147056,PLNR,SMDVL,PLN,SMDV
3241,8462051,18692.4,22856.1,5800.0,1823988,8218049,1824100,8221003,PLNR,SAADR,PLN,SAAD
3242,8462050,18309.8,22591.3,5700.0,1823988,8218051,1824100,8221001,PLNR,SAADR,PLN,SAAD
3243,8462050,18309.8,22591.3,5700.0,1823988,8218051,1819857,8133239,PLNR,RMGR,PLN,RMG
3244,8462048,29471.9,33181.3,18250.0,1821316,8163736,1823489,8205014,PLNL,RID,PLN,RID
3245,8462048,29471.9,33181.3,18250.0,1821316,8163736,1823775,8212035,PLNL,SMBVL,PLN,SMBV
3246,8462044,28471.9,29373.1,15450.0,1821316,8163791,1823775,8211976,PLNL,SMBVL,PLN,SMBV
3247,8462044,28471.9,29373.1,15450.0,1821316,8163791,1820522,8146573,PLNL,SAAVR,PLN,SAAV
3248,8462043,27722.9,27780.4,11450.0,1821316,8163870,1823775,8211897,PLNL,SMBVL,PLN,SMBV
3249,8462043,27722.9,27780.4,11450.0,1821316,8163870,1820590,8147928,PLNL,SMDVR,PLN,SMDV
3250,8462041,27998.3,27865.9,11100.0,1821316,8163877,1823775,8211890,PLNL,SMBVL,PLN,SMBV
3251,8462041,27998.3,27865.9,11100.0,1821316,8163877,1824214,8223285,PLNL,SAADL,PLN,SAAD
3252,8462040,28403.8,27751.2,10650.0,1821316,8163886,1824214,8223294,PLNL,SAADL,PLN,SAAD
3253,8462040,28403.8,27751.2,10650.0,1821316,8163886,1823775,8211881,PLNL,SMBVL,PLN,SMBV
3254,8462039,30136.9,25435.5,7900.0,1821316,8163941,1822038,8175053,PLNL,BWM-VL03,PLN,BWM03V
3255,8462039,30136.9,25435.5,7900.0,1821316,8163941,1823775,8212136,PLNL,SMBVL,PLN,SMBV
3256,8462037,21994.1,25150.8,5950.0,1820874,8153291,1822793,8191353,OLQVR,SIBDR,OLQV,SIBD
3257,8462037,21994.1,25150.8,5950.0,1820874,8153291,1820488,8145837,OLQVR,RMDVL,OLQV,RMDV
3258,8462036,19612.5,25949.7,7650.0,1820874,8153216,1822292,8180051,OLQVR,PVPR,OLQV,PVP
3259,8462036,19612.5,25949.7,7650.0,1820874,8153216,1824134,8221559,OLQVR,RIGR,OLQV,RIG
3260,8462035,21465.2,25199.8,7350.0,1820874,8153263,1822455,8183896,OLQVR,RMHR,OLQV,RMH
3261,8462035,21465.2,25199.8,7350.0,1820874,8153263,1823392,8203150,OLQVR,RICR,OLQV,RIC
3262,8462034,22885.1,26399.8,7250.0,1820874,8153265,1822793,8191376,OLQVR,SIBDR,OLQV,SIBD
3263,8462034,22885.1,26399.8,7250.0,1820874,8153265,1820488,8145864,OLQVR,RMDVL,OLQV,RMDV
3264,8462033,22368.2,25875.5,6450.0,1820874,8153281,1820488,8145848,OLQVR,RMDVL,OLQV,RMDV
3265,8462033,22368.2,25875.5,6450.0,1820874,8153281,1822793,8191343,OLQVR,SIBDR,OLQV,SIBD
3266,8462032,22209.8,25483.3,6200.0,1820874,8153286,1820488,8145842,OLQVR,RMDVL,OLQV,RMDV
3267,8462032,22209.8,25483.3,6200.0,1820874,8153286,1822793,8191348,OLQVR,SIBDR,OLQV,SIBD
3268,8462011,22353.3,25120.2,6150.0,1820874,8153287,1822793,8191349,OLQVR,SIBDR,OLQV,SIBD
3269,8462011,22353.3,25120.2,6150.0,1820874,8153287,1820488,8145825,OLQVR,RMDVL,OLQV,RMDV
3270,8462010,21499.9,25157.1,3400.0,1820874,8153345,1820908,8154228,OLQVR,IL1VR,OLQV,IL1V
3271,8462010,21499.9,25157.1,3400.0,1820874,8153345,1820662,8149679,OLQVR,RMER,OLQV,RMEL/R
3272,8462005,20648.7,23824.4,2500.0,1820874,8153363,1821199,8161064,OLQVR,IL2R,OLQV,IL2L/R
3273,8461991,20327.7,23257.2,2300.0,1820874,8153367,1821199,8161060,OLQVR,IL2R,OLQV,IL2L/R
3274,8461892,30150.3,25947.8,7100.0,1820832,8152302,1820689,8150666,OLQVL,RMDVR,OLQV,RMDV
3275,8461892,30150.3,25947.8,7100.0,1820832,8152302,1822607,8187359,OLQVL,SIBDL,OLQV,SIBD
3276,8461888,30790.0,25861.8,7500.0,1820832,8152310,1823514,8205574,OLQVL,RICL,OLQV,RIC
3277,8461886,30400.6,26055.0,6850.0,1820832,8152187,1820689,8150546,OLQVL,RMDVR,OLQV,RMDV
3278,8461886,30400.6,26055.0,6850.0,1820832,8152187,1822607,8187354,OLQVL,SIBDL,OLQV,SIBD
3279,8461885,30713.8,25901.7,6550.0,1820832,8152193,1822607,8187348,OLQVL,SIBDL,OLQV,SIBD
3280,8461885,30713.8,25901.7,6550.0,1820832,8152193,1820689,8150540,OLQVL,RMDVR,OLQV,RMDV
3281,8461884,31005.2,25832.4,6250.0,1820832,8152199,1820689,8150529,OLQVL,RMDVR,OLQV,RMDV
3282,8461884,31005.2,25832.4,6250.0,1820832,8152199,1822607,8187342,OLQVL,SIBDL,OLQV,SIBD
3283,8461883,31315.3,24634.6,6100.0,1820832,8152202,1822607,8187336,OLQVL,SIBDL,OLQV,SIBD
3284,8461882,31156.1,25609.7,6100.0,1820832,8152202,1822607,8187336,OLQVL,SIBDL,OLQV,SIBD
3285,8461882,31156.1,25609.7,6100.0,1820832,8152202,1820689,8150526,OLQVL,RMDVR,OLQV,RMDV
3286,8461881,31362.6,25175.2,5950.0,1820832,8152205,1820689,8150523,OLQVL,RMDVR,OLQV,RMDV
3287,8461881,31362.6,25175.2,5950.0,1820832,8152205,1822607,8187339,OLQVL,SIBDL,OLQV,SIBD
3288,8461880,30962.6,25951.8,3400.0,1820832,8152256,1821028,8157109,OLQVL,IL1VL,OLQV,IL1V
3289,8461880,30962.6,25951.8,3400.0,1820832,8152256,1820742,8151137,OLQVL,RMEL,OLQV,RMEL/R
3290,8461879,32475.7,23766.0,2500.0,1820832,8152274,1820778,8151761,OLQVL,RMED,OLQV,RMED
3291,8461879,32475.7,23766.0,2500.0,1820832,8152274,1821264,8162636,OLQVL,IL2L,OLQV,IL2L/R
3292,8461878,32584.1,22944.0,2200.0,1820832,8152280,1821264,8162630,OLQVL,IL2L,OLQV,IL2L/R
3293,8461872,19421.4,19522.4,1400.0,1820922,8154592,1821199,8161082,OLQDR,IL2R,OLQD,IL2L/R
3294,8461871,20371.1,15540.0,6950.0,1820922,8154476,1822455,8184270,OLQDR,RMHR,OLQD,RMH
3295,8461871,20371.1,15540.0,6950.0,1820922,8154476,1823392,8203250,OLQDR,RICR,OLQD,RIC
3296,8461870,20333.6,15495.2,6200.0,1820922,8154491,1823514,8205674,OLQDR,RICL,OLQD,RIC
3297,8461869,20510.8,16037.8,5900.0,1820922,8154497,1820615,8148682,OLQDR,SMBDL,OLQD,SMBD
3298,8453358,21661.4,14790.0,5050.0,1820922,8154514,1824277,8224774,OLQDR,RMDDL,OLQD,RMDD
3299,8453358,21661.4,14790.0,5050.0,1820922,8154514,1824307,8225916,OLQDR,SIBVR,OLQD,SIBV
3300,8453355,21263.3,14882.7,5000.0,1820922,8154515,1824277,8224775,OLQDR,RMDDL,OLQD,RMDD
3301,8453355,21263.3,14882.7,5000.0,1820922,8154515,1824307,8225919,OLQDR,SIBVR,OLQD,SIBV
3302,8453353,20871.9,15095.3,4950.0,1820922,8154516,1824277,8224776,OLQDR,RMDDL,OLQD,RMDD
3303,8453353,20871.9,15095.3,4950.0,1820922,8154516,1824307,8225920,OLQDR,SIBVR,OLQD,SIBV
3304,8453350,20526.5,15508.7,4900.0,1820922,8154517,1824277,8224777,OLQDR,RMDDL,OLQD,RMDD
3305,8453350,20526.5,15508.7,4900.0,1820922,8154517,1824307,8225921,OLQDR,SIBVR,OLQD,SIBV
3306,8453345,19797.8,15524.7,2400.0,1820922,8154569,1820662,8149912,OLQDR,RMER,OLQD,RMEL/R
3307,8453345,19797.8,15524.7,2400.0,1820922,8154569,1822920,8193888,OLQDR,IL1DR,OLQD,IL1D
3308,8453341,18976.8,17766.4,1900.0,1820922,8154578,1821199,8161071,OLQDR,IL2R,OLQD,IL2L/R
3309,8453340,18966.6,19735.1,1850.0,1820922,8154579,1821199,8161072,OLQDR,IL2R,OLQD,IL2L/R
3310,8453340,18966.6,19735.1,1850.0,1820922,8154579,1822732,8189927,OLQDR,RIH,OLQD,RIH
3311,8453338,19482.5,20145.6,1450.0,1820922,8154591,1821199,8161081,OLQDR,IL2R,OLQD,IL2L/R
3312,8453336,19263.2,20060.8,1650.0,1820922,8154587,1821199,8161077,OLQDR,IL2R,OLQD,IL2L/R
3313,8453334,19218.2,19549.4,1650.0,1820922,8154587,1821199,8161077,OLQDR,IL2R,OLQD,IL2L/R
3314,8453280,30699.9,15940.2,7050.0,1821079,8157794,1822505,8185479,OLQDL,RMHL,OLQD,RMH
3315,8453280,30699.9,15940.2,7050.0,1821079,8157794,1823514,8205637,OLQDL,RICL,OLQD,RIC
3316,8453278,30777.4,16078.4,6300.0,1821079,8157809,1824277,8225058,OLQDL,RMDDL,OLQD,RMDD
3317,8453278,30777.4,16078.4,6300.0,1821079,8157809,1823392,8203293,OLQDL,RICR,OLQD,RIC
3318,8453275,30255.4,15670.2,4950.0,1821079,8157836,1823562,8206816,OLQDL,SIBVL,OLQD,SIBV
3319,8453275,30255.4,15670.2,4950.0,1821079,8157836,1822332,8181512,OLQDL,RMDDR,OLQD,RMDD
3320,8453273,30120.3,15246.2,4950.0,1821079,8157836,1823562,8206816,OLQDL,SIBVL,OLQD,SIBV
3321,8453273,30120.3,15246.2,4950.0,1821079,8157836,1822332,8181287,OLQDL,RMDDR,OLQD,RMDD
3322,8453272,29867.8,14997.0,5000.0,1821079,8157835,1822332,8181286,OLQDL,RMDDR,OLQD,RMDD
3323,8453272,29867.8,14997.0,5000.0,1821079,8157835,1823562,8206840,OLQDL,SIBVL,OLQD,SIBV
3324,8453270,28965.0,14572.5,5100.0,1821079,8157833,1822332,8181284,OLQDL,RMDDR,OLQD,RMDD
3325,8453270,28965.0,14572.5,5100.0,1821079,8157833,1823562,8206833,OLQDL,SIBVL,OLQD,SIBV
3326,8453269,29391.7,14779.2,5100.0,1821079,8157833,1822332,8181284,OLQDL,RMDDR,OLQD,RMDD
3327,8453269,29391.7,14779.2,5100.0,1821079,8157833,1823562,8206838,OLQDL,SIBVL,OLQD,SIBV
3328,8453267,31447.8,16783.2,1950.0,1821079,8157898,1822732,8190196,OLQDL,RIH,OLQD,RIH
3329,8453267,31447.8,16783.2,1950.0,1821079,8157898,1821264,8162663,OLQDL,IL2L,OLQD,IL2L/R
3330,8453266,31831.5,18521.2,1900.0,1821079,8157917,1821264,8162664,OLQDL,IL2L,OLQD,IL2L/R
3331,8453265,32165.3,19340.6,1900.0,1821079,8157917,1821264,8162647,OLQDL,IL2L,OLQD,IL2L/R
3332,8453264,32019.8,18789.6,2000.0,1821079,8157919,1821264,8162673,OLQDL,IL2L,OLQD,IL2L/R
3333,8453258,20094.5,14556.4,4150.0,1821212,8161435,1820689,8150367,OLLR,RMDVR,OLL,RMDV
3334,8453258,20094.5,14556.4,4150.0,1821212,8161435,1820969,8155910,OLLR,CEPDR,OLL,CEPD
3335,8453254,24366.1,12401.5,4500.0,1821212,8161458,1822886,8193369,OLLR,RIBR,OLL,RIB
3336,8453254,24366.1,12401.5,4500.0,1821212,8161458,1820590,8147718,OLLR,SMDVR,OLL,SMDV
3337,8453249,21931.0,26011.6,4850.0,1821212,8161534,1822332,8181185,OLLR,RMDDR,OLL,RMDD
3338,8453249,21931.0,26011.6,4850.0,1821212,8161534,1819574,8126779,OLLR,CEPVR,OLL,CEPV
3339,8453245,23592.2,27411.3,5500.0,1821212,8161547,1820370,8143491,OLLR,AVEL,OLL,AVE
3340,8453245,23592.2,27411.3,5500.0,1821212,8161547,1822332,8181154,OLLR,RMDDR,OLL,RMDD
3341,8453241,18381.1,20511.7,5650.0,1821212,8161339,1820449,8145119,OLLR,RMDL,OLL,RMDL/R
3342,8453238,18203.4,19976.9,5250.0,1821212,8161347,1820449,8145316,OLLR,RMDL,OLL,RMDL/R
3343,8453238,18203.4,19976.9,5250.0,1821212,8161347,1819857,8133094,OLLR,RMGR,OLL,RMG
3344,8453237,18855.3,20663.2,5000.0,1821212,8161352,1820742,8151294,OLLR,RMEL,OLL,RMEL/R
3345,8453237,18855.3,20663.2,5000.0,1821212,8161352,1821199,8161000,OLLR,IL2R,OLL,IL2L/R
3346,8453236,17894.1,20112.1,3200.0,1821212,8161395,1820370,8143440,OLLR,AVEL,OLL,AVE
3347,8453236,17894.1,20112.1,3200.0,1821212,8161395,1822886,8193320,OLLR,RIBR,OLL,RIB
3348,8453235,18036.3,17165.1,3250.0,1821212,8161489,1822886,8193308,OLLR,RIBR,OLL,RIB
3349,8453235,18036.3,17165.1,3250.0,1821212,8161489,1820370,8143428,OLLR,AVEL,OLL,AVE
3350,8453234,18426.1,16740.6,3250.0,1821212,8161489,1820689,8150308,OLLR,RMDVR,OLL,RMDV
3351,8453234,18426.1,16740.6,3250.0,1821212,8161489,1820969,8155892,OLLR,CEPDR,OLL,CEPD
3352,8453233,18200.9,16891.9,3400.0,1821212,8161492,1820370,8143431,OLLR,AVEL,OLL,AVE
3353,8453233,18200.9,16891.9,3400.0,1821212,8161492,1820969,8155895,OLLR,CEPDR,OLL,CEPD
3354,8453232,18288.0,16012.0,3050.0,1821212,8161413,1820662,8149627,OLLR,RMER,OLL,RMEL/R
3355,8453232,18288.0,16012.0,3050.0,1821212,8161413,1820370,8143876,OLLR,AVEL,OLL,AVE
3356,8453231,19165.3,15411.0,3450.0,1821212,8161421,1820969,8155896,OLLR,CEPDR,OLL,CEPD
3357,8453231,19165.3,15411.0,3450.0,1821212,8161421,1820370,8143421,OLLR,AVEL,OLL,AVE
3358,8453231,19165.3,15411.0,3450.0,1821212,8161421,1820689,8150801,OLLR,RMDVR,OLL,RMDV
3359,8453229,19526.3,14817.5,3700.0,1821212,8161426,1820969,8155901,OLLR,CEPDR,OLL,CEPD
3360,8453229,19526.3,14817.5,3700.0,1821212,8161426,1820370,8143416,OLLR,AVEL,OLL,AVE
3361,8453227,19852.4,14329.6,3850.0,1821212,8161429,1820689,8150358,OLLR,RMDVR,OLL,RMDV
3362,8453227,19852.4,14329.6,3850.0,1821212,8161429,1820370,8143413,OLLR,AVEL,OLL,AVE
3363,8453225,20154.5,14117.9,3900.0,1821212,8161430,1820689,8150361,OLLR,RMDVR,OLL,RMDV
3364,8453225,20154.5,14117.9,3900.0,1821212,8161430,1820370,8143412,OLLR,AVEL,OLL,AVE
3365,8453224,20357.9,13903.0,3950.0,1821212,8161431,1820689,8150361,OLLR,RMDVR,OLL,RMDV
3366,8453224,20357.9,13903.0,3950.0,1821212,8161431,1820370,8143411,OLLR,AVEL,OLL,AVE
3367,8453222,20670.7,13706.8,3950.0,1821212,8161431,1820689,8150361,OLLR,RMDVR,OLL,RMDV
3368,8453222,20670.7,13706.8,3950.0,1821212,8161431,1820370,8143411,OLLR,AVEL,OLL,AVE
3369,8453221,20421.4,14074.6,4350.0,1821212,8161439,1823121,8198239,OLLR,SMDDL,OLL,SMDD
3370,8453220,21937.7,13038.5,4400.0,1821212,8161476,1823121,8198241,OLLR,SMDDL,OLL,SMDD
3371,8453219,22141.5,12954.2,4200.0,1821212,8161472,1820969,8155934,OLLR,CEPDR,OLL,CEPD
3372,8453219,22141.5,12954.2,4200.0,1821212,8161472,1820370,8143401,OLLR,AVEL,OLL,AVE
3373,8453217,21942.8,13327.5,4150.0,1821212,8161471,1820969,8155953,OLLR,CEPDR,OLL,CEPD
3374,8453217,21942.8,13327.5,4150.0,1821212,8161471,1820689,8150368,OLLR,RMDVR,OLL,RMDV
3375,8453214,18627.5,21638.1,2900.0,1821212,8161595,1822886,8193339,OLLR,RIBR,OLL,RIB
3376,8453214,18627.5,21638.1,2900.0,1821212,8161595,1820662,8149665,OLLR,RMER,OLL,RMEL/R
3377,8453213,22343.0,13017.7,3900.0,1821212,8161443,1820689,8150362,OLLR,RMDVR,OLL,RMDV
3378,8453213,22343.0,13017.7,3900.0,1821212,8161443,1820969,8155940,OLLR,CEPDR,OLL,CEPD
3379,8453212,23018.8,12321.2,4200.0,1821212,8161452,1820969,8155934,OLLR,CEPDR,OLL,CEPD
3380,8453212,23018.8,12321.2,4200.0,1821212,8161452,1820370,8143401,OLLR,AVEL,OLL,AVE
3381,8453210,23458.9,12429.7,4400.0,1821212,8161456,1820969,8155918,OLLR,CEPDR,OLL,CEPD
3382,8453210,23458.9,12429.7,4400.0,1821212,8161456,1820370,8143397,OLLR,AVEL,OLL,AVE
3383,8453208,23723.8,12503.8,4550.0,1821212,8161459,1820969,8155921,OLLR,CEPDR,OLL,CEPD
3384,8453208,23723.8,12503.8,4550.0,1821212,8161459,1823121,8198224,OLLR,SMDDL,OLL,SMDD
3385,8453207,23840.2,12321.2,4650.0,1821212,8161461,1820370,8143392,OLLR,AVEL,OLL,AVE
3386,8453207,23840.2,12321.2,4650.0,1821212,8161461,1823121,8198222,OLLR,SMDDL,OLL,SMDD
3387,8453205,18405.0,21044.9,3150.0,1821212,8161496,1820370,8143443,OLLR,AVEL,OLL,AVE
3388,8453205,18405.0,21044.9,3150.0,1821212,8161496,1822886,8193335,OLLR,RIBR,OLL,RIB
3389,8453204,18818.9,22189.0,3250.0,1821212,8161498,1822886,8193328,OLLR,RIBR,OLL,RIB
3390,8453204,18818.9,22189.0,3250.0,1821212,8161498,1822886,8193544,OLLR,RIBR,OLL,RIB
3391,8453202,19962.9,23593.6,3250.0,1821212,8161502,1820908,8154231,OLLR,IL1VR,OLL,IL1V
3392,8453202,19962.9,23593.6,3250.0,1821212,8161502,1822332,8181626,OLLR,RMDDR,OLL,RMDD
3393,8453200,19313.7,23024.2,3300.0,1821212,8161503,1820370,8143862,OLLR,AVEL,OLL,AVE
3394,8453200,19313.7,23024.2,3300.0,1821212,8161503,1822886,8193551,OLLR,RIBR,OLL,RIB
3395,8453199,20289.2,24521.1,3300.0,1821212,8161503,1820370,8143862,OLLR,AVEL,OLL,AVE
3396,8453199,20289.2,24521.1,3300.0,1821212,8161503,1822886,8193540,OLLR,RIBR,OLL,RIB
3397,8453198,19160.8,22804.6,3400.0,1821212,8161505,1821172,8160387,OLLR,IL1R,OLL,IL1L/R
3398,8453198,19160.8,22804.6,3400.0,1821212,8161505,1822332,8181623,OLLR,RMDDR,OLL,RMDD
3399,8453196,20530.0,24327.1,3700.0,1821212,8161511,1822332,8181617,OLLR,RMDDR,OLL,RMDD
3400,8453196,20530.0,24327.1,3700.0,1821212,8161511,1819574,8126802,OLLR,CEPVR,OLL,CEPV
3401,8453195,20546.3,24454.6,3800.0,1821212,8161513,1820370,8143457,OLLR,AVEL,OLL,AVE
3402,8453195,20546.3,24454.6,3800.0,1821212,8161513,1822332,8181615,OLLR,RMDDR,OLL,RMDD
3403,8453195,20546.3,24454.6,3800.0,1821212,8161513,1819574,8126800,OLLR,CEPVR,OLL,CEPV
3404,8453193,21001.7,24908.1,3950.0,1821212,8161516,1820370,8143460,OLLR,AVEL,OLL,AVE
3405,8453192,21958.6,26302.2,4600.0,1821212,8161529,1822332,8181190,OLLR,RMDDR,OLL,RMDD
3406,8453192,21958.6,26302.2,4600.0,1821212,8161529,1820370,8143473,OLLR,AVEL,OLL,AVE
3407,8453191,22143.8,26542.9,4750.0,1821212,8161532,1820370,8143476,OLLR,AVEL,OLL,AVE
3408,8453191,22143.8,26542.9,4750.0,1821212,8161532,1822332,8181187,OLLR,RMDDR,OLL,RMDD
3409,8453190,22833.6,26848.1,5050.0,1821212,8161538,1820370,8143482,OLLR,AVEL,OLL,AVE
3410,8453190,22833.6,26848.1,5050.0,1821212,8161538,1822332,8181181,OLLR,RMDDR,OLL,RMDD
3411,8453188,22027.2,26349.5,5250.0,1821212,8161542,1820552,8147096,OLLR,SMDVL,OLL,SMDV
3412,8453188,22027.2,26349.5,5250.0,1821212,8161542,1820449,8145160,OLLR,RMDL,OLL,RMDL/R
3413,8453186,22390.6,26593.8,5350.0,1821212,8161544,1820552,8147091,OLLR,SMDVL,OLL,SMDV
3414,8453185,23408.4,27256.2,5450.0,1821212,8161546,1822332,8181155,OLLR,RMDDR,OLL,RMDD
3415,8453185,23408.4,27256.2,5450.0,1821212,8161546,1820370,8143490,OLLR,AVEL,OLL,AVE
3416,8453183,24116.2,27685.8,5750.0,1821212,8161552,1822332,8181149,OLLR,RMDDR,OLL,RMDD
3417,8453183,24116.2,27685.8,5750.0,1821212,8161552,1820370,8143496,OLLR,AVEL,OLL,AVE
3418,8453181,23710.7,27452.5,5900.0,1821212,8161555,1820552,8147080,OLLR,SMDVL,OLL,SMDV
3419,8453181,23710.7,27452.5,5900.0,1821212,8161555,1820370,8143499,OLLR,AVEL,OLL,AVE
3420,8453179,25223.1,28157.1,5950.0,1821212,8161556,1822332,8181145,OLLR,RMDDR,OLL,RMDD
3421,8453179,25223.1,28157.1,5950.0,1821212,8161556,1820908,8154137,OLLR,IL1VR,OLL,IL1V
3422,8453177,24608.2,28168.0,6400.0,1821212,8161566,1820552,8147101,OLLR,SMDVL,OLL,SMDV
3423,8453177,24608.2,28168.0,6400.0,1821212,8161566,1820370,8143509,OLLR,AVEL,OLL,AVE
3424,8453136,31667.8,15726.3,3600.0,1821278,8163101,1820488,8146133,OLLL,RMDVL,OLL,RMDV
3425,8453136,31667.8,15726.3,3600.0,1821278,8163101,1820298,8142094,OLLL,AVER,OLL,AVE
3426,8453135,31448.0,15582.6,3850.0,1821278,8163106,1821140,8159486,OLLL,CEPDL,OLL,CEPD
3427,8453135,31448.0,15582.6,3850.0,1821278,8163106,1820488,8145655,OLLL,RMDVL,OLL,RMDV
3428,8453133,31164.7,14959.8,3850.0,1821278,8163106,1820488,8145655,OLLL,RMDVL,OLL,RMDV
3429,8453133,31164.7,14959.8,3850.0,1821278,8163106,1820298,8142089,OLLL,AVER,OLL,AVE
3430,8453132,31119.6,15198.8,4000.0,1821278,8163109,1821140,8159489,OLLL,CEPDL,OLL,CEPD
3431,8453132,31119.6,15198.8,4000.0,1821278,8163109,1820488,8145658,OLLL,RMDVL,OLL,RMDV
3432,8453129,29659.4,13529.0,4450.0,1821278,8163157,1823630,8208634,OLLL,SMDDR,OLL,SMDD
3433,8453129,29659.4,13529.0,4450.0,1821278,8163157,1821140,8159504,OLLL,CEPDL,OLL,CEPD
3434,8453127,28899.0,13338.0,4200.0,1821278,8163146,1821140,8159511,OLLL,CEPDL,OLL,CEPD
3435,8453127,28899.0,13338.0,4200.0,1821278,8163146,1820488,8145663,OLLL,RMDVL,OLL,RMDV
3436,8453125,30727.4,14257.5,4550.0,1821278,8163153,1823630,8208624,OLLL,SMDDR,OLL,SMDD
3437,8453125,30727.4,14257.5,4550.0,1821278,8163153,1821140,8159501,OLLL,CEPDL,OLL,CEPD
3438,8453124,29463.2,13360.0,4100.0,1821278,8163113,1820488,8146130,OLLL,RMDVL,OLL,RMDV
3439,8453124,29463.2,13360.0,4100.0,1821278,8163113,1820298,8142572,OLLL,AVER,OLL,AVE
3440,8453122,29836.8,13670.0,4100.0,1821278,8163113,1820488,8146130,OLLL,RMDVL,OLL,RMDV
3441,8453122,29836.8,13670.0,4100.0,1821278,8163113,1820298,8142084,OLLL,AVER,OLL,AVE
3442,8453120,28673.8,13250.7,4100.0,1821278,8163113,1820488,8145660,OLLL,RMDVL,OLL,RMDV
3443,8453120,28673.8,13250.7,4100.0,1821278,8163113,1821140,8159513,OLLL,CEPDL,OLL,CEPD
3444,8453118,26704.4,12490.8,3800.0,1821278,8163142,1820778,8151480,OLLL,RMED,OLL,RMED
3445,8453118,26704.4,12490.8,3800.0,1821278,8163142,1823925,8215925,OLLL,RMEV,OLL,RMEV
3446,8417659,28630.2,13268.5,4200.0,1821140,8159511,1821278,8163146,CEPDL,OLLL,CEPD,OLL
3447,8417659,28630.2,13268.5,4200.0,1821140,8159511,1820488,8145664,CEPDL,RMDVL,CEPD,RMDV
3448,8453114,27746.6,12362.8,4200.0,1821278,8163132,1823055,8196558,OLLL,RIBL,OLL,RIB
3449,8453114,27746.6,12362.8,4200.0,1821278,8163132,1820298,8142080,OLLL,AVER,OLL,AVE
3450,8453112,27229.4,12413.2,4400.0,1821278,8163136,1821140,8159507,OLLL,CEPDL,OLL,CEPD
3451,8453112,27229.4,12413.2,4400.0,1821278,8163136,1823630,8208639,OLLL,SMDDR,OLL,SMDD
3452,8453111,25387.8,12156.0,4550.0,1821278,8163139,1820552,8146982,OLLL,SMDVL,OLL,SMDV
3453,8453111,25387.8,12156.0,4550.0,1821278,8163139,1820778,8151465,OLLL,RMED,OLL,RMED
3454,8453111,25387.8,12156.0,4550.0,1821278,8163139,1822886,8193368,OLLL,RIBR,OLL,RIB
3455,8453110,25816.8,12201.6,4500.0,1821278,8163138,1820552,8146983,OLLL,SMDVL,OLL,SMDV
3456,8453110,25816.8,12201.6,4500.0,1821278,8163138,1823055,8196563,OLLL,RIBL,OLL,RIB
3457,8453108,33372.3,20289.3,3800.0,1821278,8162976,1820488,8145608,OLLL,RMDVL,OLL,RMDV
3458,8453108,33372.3,20289.3,3800.0,1821278,8162976,1820298,8142560,OLLL,AVER,OLL,AVE
3459,8453107,33128.6,18318.2,3500.0,1821278,8162987,1820298,8142106,OLLL,AVER,OLL,AVE
3460,8453107,33128.6,18318.2,3500.0,1821278,8162987,1820488,8145614,OLLL,RMDVL,OLL,RMDV
3461,8453105,32932.6,17607.2,3400.0,1821278,8162985,1820298,8142564,OLLL,AVER,OLL,AVE
3462,8453105,32932.6,17607.2,3400.0,1821278,8162985,1823055,8196606,OLLL,RIBL,OLL,RIB
3463,8453104,32473.7,16343.3,3300.0,1821278,8163095,1823055,8196602,OLLL,RIBL,OLL,RIB
3464,8453104,32473.7,16343.3,3300.0,1821278,8163095,1820298,8142566,OLLL,AVER,OLL,AVE
3465,8453103,32857.7,17180.6,3300.0,1821278,8163094,1823055,8196604,OLLL,RIBL,OLL,RIB
3466,8453103,32857.7,17180.6,3300.0,1821278,8163094,1820298,8142566,OLLL,AVER,OLL,AVE
3467,8453102,32638.2,17366.0,3350.0,1821278,8162988,1821126,8159183,OLLL,IL1DL,OLL,IL1D
3468,8453102,32638.2,17366.0,3350.0,1821278,8162988,1820488,8146138,OLLL,RMDVL,OLL,RMDV
3469,8453100,33560.9,19483.4,3550.0,1821278,8162981,1823055,8196780,OLLL,RIBL,OLL,RIB
3470,8453100,33560.9,19483.4,3550.0,1821278,8162981,1820298,8142105,OLLL,AVER,OLL,AVE
3471,8453100,33560.9,19483.4,3550.0,1821278,8162981,1820742,8150844,OLLL,RMEL,OLL,RMEL/R
3472,8453099,33711.6,20482.5,3500.0,1821278,8162982,1820298,8142116,OLLL,AVER,OLL,AVE
3473,8453099,33711.6,20482.5,3500.0,1821278,8162982,1823055,8196779,OLLL,RIBL,OLL,RIB
3474,8453098,33751.6,21010.4,3350.0,1821278,8162988,1820298,8142119,OLLL,AVER,OLL,AVE
3475,8453098,33751.6,21010.4,3350.0,1821278,8162988,1823055,8196776,OLLL,RIBL,OLL,RIB
3476,8453095,33160.3,19727.6,3200.0,1821278,8162991,1821126,9644568,OLLL,IL1DL,OLL,IL1D
3477,8453095,33160.3,19727.6,3200.0,1821278,8162991,1819707,8129254,OLLL,ADEL,OLL,ADE
3478,8453095,33160.3,19727.6,3200.0,1821278,8162991,1820488,8145620,OLLL,RMDVL,OLL,RMDV
3479,8453094,33075.0,23806.0,2600.0,1821278,8163093,1820832,8152272,OLLL,OLQVL,OLL,OLQV
3480,8453094,33075.0,23806.0,2600.0,1821278,8163093,1821028,8157125,OLLL,IL1VL,OLL,IL1V
3481,8453094,33075.0,23806.0,2600.0,1821278,8163093,1820742,8151108,OLLL,RMEL,OLL,RMEL/R
3482,8453093,33494.5,23379.2,2750.0,1821278,8163003,1823055,8196792,OLLL,RIBL,OLL,RIB
3483,8453093,33494.5,23379.2,2750.0,1821278,8163003,1820298,8142559,OLLL,AVER,OLL,AVE
3484,8453092,33361.7,23745.2,2850.0,1821278,8163005,1820298,8142557,OLLL,AVER,OLL,AVE
3485,8453092,33361.7,23745.2,2850.0,1821278,8163005,1823055,8196766,OLLL,RIBL,OLL,RIB
3486,8453091,33263.8,23853.1,3150.0,1821278,8163011,1821299,8163498,OLLL,CEPVL,OLL,CEPV
3487,8453091,33263.8,23853.1,3150.0,1821278,8163011,1820298,8142137,OLLL,AVER,OLL,AVE
3488,8453090,32868.7,24351.4,3250.0,1821278,8163013,1820298,8142139,OLLL,AVER,OLL,AVE
3489,8453090,32868.7,24351.4,3250.0,1821278,8163013,1821299,8163497,OLLL,CEPVL,OLL,CEPV
3490,8453089,32476.9,25138.7,3550.0,1821278,8163019,1824277,8225064,OLLL,RMDDL,OLL,RMDD
3491,8453089,32476.9,25138.7,3550.0,1821278,8163019,1820298,8142145,OLLL,AVER,OLL,AVE
3492,8453088,32585.6,24942.6,3550.0,1821278,8163019,1821299,8163491,OLLL,CEPVL,OLL,CEPV
3493,8453088,32585.6,24942.6,3550.0,1821278,8163019,1820298,8142145,OLLL,AVER,OLL,AVE
3494,8453087,32328.1,25114.8,3950.0,1821278,8163027,1821299,8163483,OLLL,CEPVL,OLL,CEPV
3495,8453087,32328.1,25114.8,3950.0,1821278,8163027,1824277,8224683,OLLL,RMDDL,OLL,RMDD
3496,8453086,32060.9,26031.5,4250.0,1821278,8163033,1824277,8224677,OLLL,RMDDL,OLL,RMDD
3497,8453086,32060.9,26031.5,4250.0,1821278,8163033,1820298,8142159,OLLL,AVER,OLL,AVE
3498,8453085,32452.4,25775.2,4350.0,1821278,8163035,1820413,8144541,OLLL,RMDR,OLL,RMDL/R
3499,8453084,31757.9,26381.5,4600.0,1821278,8163040,1824277,8224670,OLLL,RMDDL,OLL,RMDD
3500,8453084,31757.9,26381.5,4600.0,1821278,8163040,1820298,8142166,OLLL,AVER,OLL,AVE
3501,8453083,31670.8,26331.1,4750.0,1821278,8163043,1824277,8224667,OLLL,RMDDL,OLL,RMDD
3502,8453083,31670.8,26331.1,4750.0,1821278,8163043,1820298,8142169,OLLL,AVER,OLL,AVE
3503,8453082,31946.1,26000.4,4900.0,1821278,8163046,1820590,8148179,OLLL,SMDVR,OLL,SMDV
3504,8453081,30735.2,26988.7,5000.0,1821278,8163048,1824277,8224662,OLLL,RMDDL,OLL,RMDD
3505,8453081,30735.2,26988.7,5000.0,1821278,8163048,1820298,8142174,OLLL,AVER,OLL,AVE
3506,8453080,30484.3,27200.9,5500.0,1821278,8163060,1820298,8142184,OLLL,AVER,OLL,AVE
3507,8453080,30484.3,27200.9,5500.0,1821278,8163060,1821299,8163451,OLLL,CEPVL,OLL,CEPV
3508,8453080,30484.3,27200.9,5500.0,1821278,8163060,1820590,8148167,OLLL,SMDVR,OLL,SMDV
3509,8453079,29765.9,27594.9,5500.0,1821278,8163062,1824277,8224627,OLLL,RMDDL,OLL,RMDD
3510,8453079,29765.9,27594.9,5500.0,1821278,8163062,1821299,8163502,OLLL,CEPVL,OLL,CEPV
3511,8453078,29108.2,27871.0,5650.0,1821278,8163065,1821299,8163499,OLLL,CEPVL,OLL,CEPV
3512,8453078,29108.2,27871.0,5650.0,1821278,8163065,1824277,8224624,OLLL,RMDDL,OLL,RMDD
3513,8453077,29473.8,28234.3,5700.0,1821278,8163066,1820298,8142188,OLLL,AVER,OLL,AVE
3514,8453077,29473.8,28234.3,5700.0,1821278,8163066,1821299,8163446,OLLL,CEPVL,OLL,CEPV
3515,8453076,29455.2,28371.6,5950.0,1821278,8163071,1823055,8196679,OLLL,RIBL,OLL,RIB
3516,8453076,29455.2,28371.6,5950.0,1821278,8163071,1820298,8142193,OLLL,AVER,OLL,AVE
3517,8453075,28305.2,27913.1,6450.0,1821278,8163081,1823121,8198282,OLLL,SMDDL,OLL,SMDD
3518,8453074,28867.7,28313.3,6450.0,1821278,8163081,1820590,8147829,OLLL,SMDVR,OLL,SMDV
3519,8453074,28867.7,28313.3,6450.0,1821278,8163081,1823055,8196690,OLLL,RIBL,OLL,RIB
3520,8453074,28867.7,28313.3,6450.0,1821278,8163081,1820298,8142203,OLLL,AVER,OLL,AVE
3521,8453073,26455.4,28175.6,6650.0,1821278,8163089,1821212,8161574,OLLL,OLLR,OLL,OLL
3522,8453073,26455.4,28175.6,6650.0,1821278,8163089,1823630,8208712,OLLL,SMDDR,OLL,SMDD
3523,8453073,26455.4,28175.6,6650.0,1821278,8163089,1820778,8151650,OLLL,RMED,OLL,RMED
3524,8453072,28291.9,28252.5,6700.0,1821278,8163086,1823055,8196695,OLLL,RIBL,OLL,RIB
3525,8453072,28291.9,28252.5,6700.0,1821278,8163086,1820590,8147834,OLLL,SMDVR,OLL,SMDV
3526,8453070,28021.8,28047.9,6650.0,1821278,8163085,1823121,8198278,OLLL,SMDDL,OLL,SMDD
3527,8450118,22365.7,28673.7,7050.0,1820887,8153496,1820861,8152946,IL2VR,URYVR,IL2V,URYV
3528,8450118,22365.7,28673.7,7050.0,1820887,8153496,1822426,8183645,IL2VR,RIAR,IL2V,RIA
3529,8450118,22365.7,28673.7,7050.0,1820887,8153496,1822732,8190389,IL2VR,RIH,IL2V,RIH
3530,8450108,22211.6,28533.2,7250.0,1820887,8153500,1822426,8183641,IL2VR,RIAR,IL2V,RIA
3531,8450088,22916.5,25647.1,6950.0,1820887,8153556,1820874,8153271,IL2VR,OLQVR,IL2V,OLQV
3532,8450079,22993.3,25710.7,6950.0,1820887,8153556,1820874,8153271,IL2VR,OLQVR,IL2V,OLQV
3533,8450079,22993.3,25710.7,6950.0,1820887,8153556,1819966,8135658,IL2VR,RIPR,IL2V,RIP
3534,8450073,23094.7,25832.2,6500.0,1820887,8153565,1819966,8135649,IL2VR,RIPR,IL2V,RIP
3535,8450073,23094.7,25832.2,6500.0,1820887,8153565,1822332,8181655,IL2VR,RMDDR,IL2V,RMDD
3536,8450073,23094.7,25832.2,6500.0,1820887,8153565,1820908,8154098,IL2VR,IL1VR,IL2V,IL1V
3537,8450073,23094.7,25832.2,6500.0,1820887,8153565,1820874,8153280,IL2VR,OLQVR,IL2V,OLQV
3538,8450059,23083.9,25607.6,6000.0,1820887,8153575,1820874,8153290,IL2VR,OLQVR,IL2V,OLQV
3539,8450059,23083.9,25607.6,6000.0,1820887,8153575,1820896,8153830,IL2VR,URAVR,IL2V,URAV
3540,8450059,23083.9,25607.6,6000.0,1820887,8153575,1819966,8135639,IL2VR,RIPR,IL2V,RIP
3541,8450050,23272.2,25500.8,5050.0,1820887,8153594,1820908,8154195,IL2VR,IL1VR,IL2V,IL1V
3542,8450050,23272.2,25500.8,5050.0,1820887,8153594,1820896,8153849,IL2VR,URAVR,IL2V,URAV
3543,8450050,23272.2,25500.8,5050.0,1820887,8153594,1819966,8135620,IL2VR,RIPR,IL2V,RIP
3544,8450049,23741.4,26081.8,4450.0,1820887,8153606,1819966,8135608,IL2VR,RIPR,IL2V,RIP
3545,8450049,23741.4,26081.8,4450.0,1820887,8153606,1820908,8154207,IL2VR,IL1VR,IL2V,IL1V
3546,8450049,23741.4,26081.8,4450.0,1820887,8153606,1820662,8149701,IL2VR,RMER,IL2V,RMEL/R
3547,8450039,23980.5,26073.5,4400.0,1820887,8153607,1819966,8135607,IL2VR,RIPR,IL2V,RIP
3548,8450039,23980.5,26073.5,4400.0,1820887,8153607,1820488,8146100,IL2VR,RMDVL,IL2V,RMDV
3549,8450039,23980.5,26073.5,4400.0,1820887,8153607,1823925,8215971,IL2VR,RMEV,IL2V,RMEV
3550,8450039,23980.5,26073.5,4400.0,1820887,8153607,1820662,8149700,IL2VR,RMER,IL2V,RMEL/R
3551,8450033,23328.0,25866.6,4300.0,1820887,8153609,1819966,8135605,IL2VR,RIPR,IL2V,RIP
3552,8450033,23328.0,25866.6,4300.0,1820887,8153609,1820908,8154210,IL2VR,IL1VR,IL2V,IL1V
3553,8450033,23328.0,25866.6,4300.0,1820887,8153609,1820874,8153326,IL2VR,OLQVR,IL2V,OLQV
3554,8450022,24462.1,26022.7,4250.0,1820887,8153610,1819100,8120861,IL2VR,GLRVR,IL2V,GLRV
3555,8450022,24462.1,26022.7,4250.0,1820887,8153610,1820742,8151183,IL2VR,RMEL,IL2V,RMEL/R
3556,8450017,23010.6,25442.3,3650.0,1820887,8153622,1820742,8151195,IL2VR,RMEL,IL2V,RMEL/R
3557,8450017,23010.6,25442.3,3650.0,1820887,8153622,1820778,8151589,IL2VR,RMED,IL2V,RMED
3558,8450017,23010.6,25442.3,3650.0,1820887,8153622,1819966,8135592,IL2VR,RIPR,IL2V,RIP
3559,8450016,22464.7,25337.1,3450.0,1820887,8153626,1823925,8215990,IL2VR,RMEV,IL2V,RMEV
3560,8450016,22464.7,25337.1,3450.0,1820887,8153626,1820662,8149680,IL2VR,RMER,IL2V,RMEL/R
3561,8450016,22464.7,25337.1,3450.0,1820887,8153626,1819966,8135588,IL2VR,RIPR,IL2V,RIP
3562,8450015,23299.1,25074.7,3400.0,1820887,8153627,1821821,8172194,IL2VR,BWM-VR01,IL2V,BWM01V
3563,8450015,23299.1,25074.7,3400.0,1820887,8153627,1820742,8151200,IL2VR,RMEL,IL2V,RMEL/R
3564,8450014,22757.9,25302.2,3350.0,1820887,8153628,1820742,8151201,IL2VR,RMEL,IL2V,RMEL/R
3565,8450014,22757.9,25302.2,3350.0,1820887,8153628,1819966,8135586,IL2VR,RIPR,IL2V,RIP
3566,8450013,22760.6,25145.6,3050.0,1820887,8153634,1821821,8172201,IL2VR,BWM-VR01,IL2V,BWM01V
3567,8450013,22760.6,25145.6,3050.0,1820887,8153634,1819966,8135580,IL2VR,RIPR,IL2V,RIP
3568,8450012,21830.9,24766.6,2800.0,1820887,8153639,1820778,8151572,IL2VR,RMED,IL2V,RMED
3569,8450012,21830.9,24766.6,2800.0,1820887,8153639,1820896,8153894,IL2VR,URAVR,IL2V,URAV
3570,8450012,21830.9,24766.6,2800.0,1820887,8153639,1819966,8135575,IL2VR,RIPR,IL2V,RIP
3571,8450012,21830.9,24766.6,2800.0,1820887,8153639,1820742,8151212,IL2VR,RMEL,IL2V,RMEL/R
3572,8450011,21783.2,24208.1,2400.0,1820887,8153647,1819966,8135567,IL2VR,RIPR,IL2V,RIP
3573,8450011,21783.2,24208.1,2400.0,1820887,8153647,1820742,8151220,IL2VR,RMEL,IL2V,RMEL/R
3574,8449995,21054.3,23089.9,1950.0,1820887,8153656,1820742,8151227,IL2VR,RMEL,IL2V,RMEL/R
3575,8449995,21054.3,23089.9,1950.0,1820887,8153656,1821199,8161070,IL2VR,IL2R,IL2V,IL2L/R
3576,8449995,21054.3,23089.9,1950.0,1820887,8153656,1819966,8135558,IL2VR,RIPR,IL2V,RIP
3577,8449994,21370.2,23545.0,2000.0,1820887,8153655,1820742,8151227,IL2VR,RMEL,IL2V,RMEL/R
3578,8449994,21370.2,23545.0,2000.0,1820887,8153655,1819966,8135559,IL2VR,RIPR,IL2V,RIP
3579,8466837,31402.1,16030.3,4400.0,1822365,8182228,1822426,8183466,RIAL,RIAR,RIA,RIA
3580,8466837,31402.1,16030.3,4400.0,1822365,8182228,1820449,8145421,RIAL,RMDL,RIA,RMDL/R
3581,8466836,31184.6,15580.0,4500.0,1822365,8182230,1822426,8183464,RIAL,RIAR,RIA,RIA
3582,8466836,31184.6,15580.0,4500.0,1822365,8182230,1820449,8145419,RIAL,RMDL,RIA,RMDL/R
3583,8466834,28023.5,12802.8,5200.0,1823630,8208617,1820552,8147515,SMDDR,SMDVL,SMDD,SMDV
3584,8466834,28023.5,12802.8,5200.0,1823630,8208617,1822365,8182424,SMDDR,RIAL,SMDD,RIA
3585,8466833,28140.1,13086.3,5200.0,1822365,8182424,1823630,8208617,RIAL,SMDDR,RIA,SMDD
3586,8466833,28140.1,13086.3,5200.0,1822365,8182424,1820552,8147507,RIAL,SMDVL,RIA,SMDV
3587,8466831,30368.4,15074.8,4450.0,1822365,8182229,1820488,8146126,RIAL,RMDVL,RIA,RMDV
3588,8466831,30368.4,15074.8,4450.0,1822365,8182229,1822332,8181310,RIAL,RMDDR,RIA,RMDD
3589,8466829,29533.7,14374.6,4450.0,1822365,8182429,1820488,8146126,RIAL,RMDVL,RIA,RMDV
3590,8466829,29533.7,14374.6,4450.0,1822365,8182429,1822332,8181522,RIAL,RMDDR,RIA,RMDD
3591,8466828,28747.0,13865.5,4300.0,1822365,8182432,1820488,8146110,RIAL,RMDVL,RIA,RMDV
3592,8466828,28747.0,13865.5,4300.0,1822365,8182432,1822332,8181525,RIAL,RMDDR,RIA,RMDD
3593,8466827,28312.3,13627.1,4300.0,1822365,8182432,1820488,8145666,RIAL,RMDVL,RIA,RMDV
3594,8466827,28312.3,13627.1,4300.0,1822365,8182432,1822332,8181525,RIAL,RMDDR,RIA,RMDD
3595,8466826,28478.7,13677.3,4250.0,1822365,8182433,1822332,8181526,RIAL,RMDDR,RIA,RMDD
3596,8466826,28478.7,13677.3,4250.0,1822365,8182433,1820488,8145665,RIAL,RMDVL,RIA,RMDV
3597,8466825,30837.1,15143.5,4650.0,1822365,8182235,1821140,8159526,RIAL,CEPDL,RIA,CEPD
3598,8466825,30837.1,15143.5,4650.0,1822365,8182235,1820449,8145026,RIAL,RMDL,RIA,RMDL/R
3599,8466823,27748.1,13515.8,4650.0,1822365,8182235,1822332,8181303,RIAL,RMDDR,RIA,RMDD
3600,8466823,27748.1,13515.8,4650.0,1822365,8182235,1820488,8145673,RIAL,RMDVL,RIA,RMDV
3601,8466822,28510.8,13332.5,4900.0,1822365,8182240,1822426,8183447,RIAL,RIAR,RIA,RIA
3602,8466822,28510.8,13332.5,4900.0,1822365,8182240,1823630,8208444,RIAL,SMDDR,RIA,SMDD
3603,8466822,28510.8,13332.5,4900.0,1822365,8182240,1820552,8147513,RIAL,SMDVL,RIA,SMDV
3604,8466821,27135.5,13680.3,4850.0,1822365,8182239,1822332,8181289,RIAL,RMDDR,RIA,RMDD
3605,8466821,27135.5,13680.3,4850.0,1822365,8182239,1820488,8145677,RIAL,RMDVL,RIA,RMDV
3606,8466820,26324.4,13226.7,5000.0,1823630,8208437,1822365,8182242,SMDDR,RIAL,SMDD,RIA
3607,8466820,26324.4,13226.7,5000.0,1823630,8208437,1820552,8146973,SMDDR,SMDVL,SMDD,SMDV
3608,8466819,26615.9,13059.7,5000.0,1822365,8182242,1823630,8208446,RIAL,SMDDR,RIA,SMDD
3609,8466819,26615.9,13059.7,5000.0,1822365,8182242,1820552,8146973,RIAL,SMDVL,RIA,SMDV
3610,8466818,27676.0,12972.8,5250.0,1822365,8182425,1820552,8147514,RIAL,SMDVL,RIA,SMDV
3611,8466818,27676.0,12972.8,5250.0,1822365,8182425,1823630,8208618,RIAL,SMDDR,RIA,SMDD
3612,8466817,27442.8,12949.0,5250.0,1822365,8182425,1820552,8147514,RIAL,SMDVL,RIA,SMDV
3613,8466817,27442.8,12949.0,5250.0,1822365,8182425,1823630,8208618,RIAL,SMDDR,RIA,SMDD
3614,8466816,27806.1,13126.2,5300.0,1822365,8182426,1820552,8147505,RIAL,SMDVL,RIA,SMDV
3615,8466816,27806.1,13126.2,5300.0,1822365,8182426,1822426,8183438,RIAL,RIAR,RIA,RIA
3616,8466815,26271.8,13913.0,5250.0,1822365,8182247,1822332,8181281,RIAL,RMDDR,RIA,RMDD
3617,8466815,26271.8,13913.0,5250.0,1822365,8182247,1820488,8145685,RIAL,RMDVL,RIA,RMDV
3618,8466814,25879.7,13765.2,5350.0,1822365,8182249,1822426,8183429,RIAL,RIAR,RIA,RIA
3619,8466814,25879.7,13765.2,5350.0,1822365,8182249,1823121,8198001,RIAL,SMDDL,RIA,SMDD
3620,8466813,20899.7,13887.2,5400.0,1822365,8182408,1823601,8207987,RIAL,SIADL,RIA,SIAD
3621,8466813,20899.7,13887.2,5400.0,1822365,8182408,1823121,8198208,RIAL,SMDDL,RIA,SMDD
3622,8466813,20899.7,13887.2,5400.0,1822365,8182408,1820590,8148195,RIAL,SMDVR,RIA,SMDV
3623,8466812,21459.5,13322.8,5300.0,1822365,8182406,1820590,8148206,RIAL,SMDVR,RIA,SMDV
3624,8466812,21459.5,13322.8,5300.0,1822365,8182406,1823121,8198212,RIAL,SMDDL,RIA,SMDD
3625,8466811,21096.5,13505.6,5300.0,1822365,8182406,1820590,8148206,RIAL,SMDVR,RIA,SMDV
3626,8466811,21096.5,13505.6,5300.0,1822365,8182406,1823121,8198206,RIAL,SMDDL,RIA,SMDD
3627,8466810,21824.6,13166.4,5400.0,1822365,8182408,1823121,8198213,RIAL,SMDDL,RIA,SMDD
3628,8466810,21824.6,13166.4,5400.0,1822365,8182408,1820590,8148195,RIAL,SMDVR,RIA,SMDV
3629,8466808,22052.5,13219.4,5350.0,1822365,8182407,1820590,8148196,RIAL,SMDVR,RIA,SMDV
3630,8466808,22052.5,13219.4,5350.0,1822365,8182407,1823121,8198213,RIAL,SMDDL,RIA,SMDD
3631,8466807,23221.7,13296.3,5450.0,1822365,8182409,1820590,8148194,RIAL,SMDVR,RIA,SMDV
3632,8466807,23221.7,13296.3,5450.0,1822365,8182409,1822426,8183608,RIAL,RIAR,RIA,RIA
3633,8466806,23534.4,13291.0,5500.0,1822365,8182410,1823601,8207804,RIAL,SIADL,RIA,SIAD
3634,8466806,23534.4,13291.0,5500.0,1822365,8182410,1822426,8183608,RIAL,RIAR,RIA,RIA
3635,8466806,23534.4,13291.0,5500.0,1822365,8182410,1820590,8148193,RIAL,SMDVR,RIA,SMDV
3636,8466805,22281.1,13574.6,5700.0,1822365,8182414,1820590,8147694,RIAL,SMDVR,RIA,SMDV
3637,8466805,22281.1,13574.6,5700.0,1822365,8182414,1823601,8207810,RIAL,SIADL,RIA,SIAD
3638,8466804,24554.7,13552.8,5350.0,1822365,8182417,1823121,8198001,RIAL,SMDDL,RIA,SMDD
3639,8466804,24554.7,13552.8,5350.0,1822365,8182417,1820552,8146999,RIAL,SMDVL,RIA,SMDV
3640,8466803,24241.3,13351.6,5450.0,1822365,8182419,1820552,8147001,RIAL,SMDVL,RIA,SMDV
3641,8466803,24241.3,13351.6,5450.0,1822365,8182419,1820590,8147699,RIAL,SMDVR,RIA,SMDV
3642,8466803,24241.3,13351.6,5450.0,1822365,8182419,1823601,8207803,RIAL,SIADL,RIA,SIAD
3643,8466802,23937.3,13715.0,5200.0,1822365,8182255,1820689,8150390,RIAL,RMDVR,RIA,RMDV
3644,8466802,23937.3,13715.0,5200.0,1822365,8182255,1824277,8224771,RIAL,RMDDL,RIA,RMDD
3645,8466801,21808.6,13964.0,5200.0,1822365,8182258,1824277,8224771,RIAL,RMDDL,RIA,RMDD
3646,8466801,21808.6,13964.0,5200.0,1822365,8182258,1823601,8207992,RIAL,SIADL,RIA,SIAD
3647,8466800,20311.5,15121.8,4900.0,1822365,8182404,1824277,8224777,RIAL,RMDDL,RIA,RMDD
3648,8466800,20311.5,15121.8,4900.0,1822365,8182404,1823601,8207999,RIAL,SIADL,RIA,SIAD
3649,8466799,20269.5,14798.1,4700.0,1822365,8182269,1823121,8198221,RIAL,SMDDL,RIA,SMDD
3650,8466799,20269.5,14798.1,4700.0,1822365,8182269,1820413,8144397,RIAL,RMDR,RIA,RMDL/R
3651,8466798,19800.6,15359.9,4600.0,1822365,8182271,1822426,8183411,RIAL,RIAR,RIA,RIA
3652,8466798,19800.6,15359.9,4600.0,1822365,8182271,1820413,8144395,RIAL,RMDR,RIA,RMDL/R
3653,8466796,19522.3,15776.5,4550.0,1822365,8182272,1822426,8183410,RIAL,RIAR,RIA,RIA
3654,8466796,19522.3,15776.5,4550.0,1822365,8182272,1820413,8144394,RIAL,RMDR,RIA,RMDL/R
3655,8466795,18440.6,17064.6,4550.0,1822365,8182274,1820449,8145330,RIAL,RMDL,RIA,RMDL/R
3656,8466795,18440.6,17064.6,4550.0,1822365,8182274,1820413,8144390,RIAL,RMDR,RIA,RMDL/R
3657,8466794,18721.6,16703.4,4500.0,1822365,8182401,1822426,8183403,RIAL,RIAR,RIA,RIA
3658,8466794,18721.6,16703.4,4500.0,1822365,8182401,1820413,8144391,RIAL,RMDR,RIA,RMDL/R
3659,8466793,18231.3,18124.6,4800.0,1822365,8182279,1824277,8224814,RIAL,RMDDL,RIA,RMDD
3660,8466792,18000.9,18338.4,4600.0,1822365,8182275,1820689,8150269,RIAL,RMDVR,RIA,RMDV
3661,8466792,18000.9,18338.4,4600.0,1822365,8182275,1820449,8145329,RIAL,RMDL,RIA,RMDL/R
3662,8466791,17913.8,18919.3,4950.0,1822365,8182399,1820689,8150262,RIAL,RMDVR,RIA,RMDV
3663,8466791,17913.8,18919.3,4950.0,1822365,8182399,1820449,8145322,RIAL,RMDL,RIA,RMDL/R
3664,8466790,20197.7,23476.9,4700.0,1822365,8182286,1822426,8183373,RIAL,RIAR,RIA,RIA
3665,8466790,20197.7,23476.9,4700.0,1822365,8182286,1820413,8144769,RIAL,RMDR,RIA,RMDL/R
3666,8466789,19750.0,22902.3,4650.0,1822365,8182287,1822426,8183374,RIAL,RIAR,RIA,RIA
3667,8466789,19750.0,22902.3,4650.0,1822365,8182287,1820413,8144770,RIAL,RMDR,RIA,RMDL/R
3668,8466788,19834.3,22716.9,4450.0,1822365,8182291,1820488,8145749,RIAL,RMDVL,RIA,RMDV
3669,8466788,19834.3,22716.9,4450.0,1822365,8182291,1822332,8181213,RIAL,RMDDR,RIA,RMDD
3670,8466787,19943.3,23247.2,4800.0,1822365,8182293,1820413,8144736,RIAL,RMDR,RIA,RMDL/R
3671,8466786,19741.7,22965.8,4800.0,1822365,8182284,1820413,8144736,RIAL,RMDR,RIA,RMDL/R
3672,8466785,21962.8,25737.4,5950.0,1822365,8182316,1820449,8145146,RIAL,RMDL,RIA,RMDL/R
3673,8466785,21962.8,25737.4,5950.0,1822365,8182316,1820488,8145837,RIAL,RMDVL,RIA,RMDV
3674,8466784,22066.1,26097.9,6150.0,1822365,8182320,1820449,8145142,RIAL,RMDL,RIA,RMDL/R
3675,8466784,22066.1,26097.9,6150.0,1822365,8182320,1823971,8217666,RIAL,SIAVR,RIA,SIAV
3676,8466783,22298.9,26458.6,6400.0,1822365,8182325,1823971,8217661,RIAL,SIAVR,RIA,SIAV
3677,8466783,22298.9,26458.6,6400.0,1822365,8182325,1820449,8145178,RIAL,RMDL,RIA,RMDL/R
3678,8466782,22384.1,26471.6,6450.0,1822365,8182326,1820488,8145848,RIAL,RMDVL,RIA,RMDV
3679,8466782,22384.1,26471.6,6450.0,1822365,8182326,1823971,8217660,RIAL,SIAVR,RIA,SIAV
3680,8466780,22587.9,26808.6,6700.0,1822365,8182331,1820449,8145184,RIAL,RMDL,RIA,RMDL/R
3681,8466780,22587.9,26808.6,6700.0,1822365,8182331,1823971,8217321,RIAL,SIAVR,RIA,SIAV
3682,8466779,22750.1,27200.9,6950.0,1822365,8182336,1821353,8165212,RIAL,RIVL,RIA,RIV
3683,8466779,22750.1,27200.9,6950.0,1822365,8182336,1823630,8208660,RIAL,SMDDR,RIA,SMDD
3684,8466778,23265.7,27593.1,7150.0,1822365,8182340,1821353,8165208,RIAL,RIVL,RIA,RIV
3685,8466778,23265.7,27593.1,7150.0,1822365,8182340,1820552,8147116,RIAL,SMDVL,RIA,SMDV
3686,8466778,23265.7,27593.1,7150.0,1822365,8182340,1823630,8208344,RIAL,SMDDR,RIA,SMDD
3687,8466776,23231.6,27107.4,7200.0,1822365,8182341,1820488,8145863,RIAL,RMDVL,RIA,RMDV
3688,8466775,23507.8,27817.6,7250.0,1822365,8182342,1820552,8147118,RIAL,SMDVL,RIA,SMDV
3689,8466775,23507.8,27817.6,7250.0,1822365,8182342,1823630,8208342,RIAL,SMDDR,RIA,SMDD
3690,8466774,23809.7,27841.9,7400.0,1822365,8182345,1820552,8147121,RIAL,SMDVL,RIA,SMDV
3691,8466774,23809.7,27841.9,7400.0,1822365,8182345,1823630,8208339,RIAL,SMDDR,RIA,SMDD
3692,8466773,23640.5,27259.2,7700.0,1822365,8182351,1820488,8145873,RIAL,RMDVL,RIA,RMDV
3693,8466773,23640.5,27259.2,7700.0,1822365,8182351,1823971,8217341,RIAL,SIAVR,RIA,SIAV
3694,8466772,23889.1,27414.7,8100.0,1822365,8182359,1820488,8145881,RIAL,RMDVL,RIA,RMDV
3695,8466772,23889.1,27414.7,8100.0,1822365,8182359,1823971,8217349,RIAL,SIAVR,RIA,SIAV
3696,8466771,24761.1,28077.3,8150.0,1822365,8182360,1820552,8147136,RIAL,SMDVL,RIA,SMDV
3697,8466771,24761.1,28077.3,8150.0,1822365,8182360,1823630,8208324,RIAL,SMDDR,RIA,SMDD
3698,8466771,24761.1,28077.3,8150.0,1822365,8182360,1822426,8183304,RIAL,RIAR,RIA,RIA
3699,8466770,24144.1,27735.3,8400.0,1822365,8182365,1821353,8165183,RIAL,RIVL,RIA,RIV
3700,8466770,24144.1,27735.3,8400.0,1822365,8182365,1823630,8208319,RIAL,SMDDR,RIA,SMDD
3701,8466769,24186.5,27459.8,8400.0,1822365,8182365,1820488,8145887,RIAL,RMDVL,RIA,RMDV
3702,8466769,24186.5,27459.8,8400.0,1822365,8182365,1823971,8217355,RIAL,SIAVR,RIA,SIAV
3703,8466768,24721.2,27537.2,8550.0,1822365,8182368,1822332,8181092,RIAL,RMDDR,RIA,RMDD
3704,8466768,24721.2,27537.2,8550.0,1822365,8182368,1820488,8145890,RIAL,RMDVL,RIA,RMDV
3705,8466767,26608.5,27653.3,8950.0,1822365,8182382,1820552,8147160,RIAL,SMDVL,RIA,SMDV
3706,8466767,26608.5,27653.3,8950.0,1822365,8182382,1823121,8197851,RIAL,SMDDL,RIA,SMDD
3707,8466766,26653.1,27741.2,8900.0,1822365,8182383,1820552,8147159,RIAL,SMDVL,RIA,SMDV
3708,8466766,26653.1,27741.2,8900.0,1822365,8182383,1823121,8197850,RIAL,SMDDL,RIA,SMDD
3709,8466765,25050.0,27947.6,8950.0,1822365,8182376,1822426,8183288,RIAL,RIAR,RIA,RIA
3710,8466765,25050.0,27947.6,8950.0,1822365,8182376,1823630,8208308,RIAL,SMDDR,RIA,SMDD
3711,8466764,25966.6,27770.1,9100.0,1822365,8182385,1820552,8147163,RIAL,SMDVL,RIA,SMDV
3712,8466764,25966.6,27770.1,9100.0,1822365,8182385,1822332,8181081,RIAL,RMDDR,RIA,RMDD
3713,8462761,27071.9,30612.8,12950.0,1821325,8164162,1824491,8229348,PVT,AVKL,PVT,AVK
3714,8462761,27071.9,30612.8,12950.0,1821325,8164162,1824194,8222692,PVT,RIGL,PVT,RIG
3715,8462757,28032.7,11359.7,6500.0,1821325,8164389,1819915,8134884,PVT,AVKR,PVT,AVK
3716,8462757,28032.7,11359.7,6500.0,1821325,8164389,1822686,8189381,PVT,RMFR,PVT,RMF
3717,8462756,32980.9,15353.5,5400.0,1821325,8164358,1822686,8189093,PVT,RMFR,PVT,RMF
3718,8462756,32980.9,15353.5,5400.0,1821325,8164358,1819915,8134453,PVT,AVKR,PVT,AVK
3719,8462753,25286.7,32144.0,20350.0,1821325,8164015,1819915,8134052,PVT,AVKR,PVT,AVK
3720,8462753,25286.7,32144.0,20350.0,1821325,8164015,1822308,8180894,PVT,AVL,PVT,AVL
3721,8462751,26296.3,31273.7,15400.0,1821325,8164113,1824491,8229881,PVT,AVKL,PVT,AVK
3722,8462751,26296.3,31273.7,15400.0,1821325,8164113,1819915,8134150,PVT,AVKR,PVT,AVK
3723,8462751,26296.3,31273.7,15400.0,1821325,8164113,1822308,8180796,PVT,AVL,PVT,AVL
3724,8462750,26872.2,31140.7,15100.0,1821325,8164119,1820068,8137903,PVT,AIBR,PVT,AIB
3725,8462750,26872.2,31140.7,15100.0,1821325,8164119,1824134,8221187,PVT,RIGR,PVT,RIG
3726,8462750,26872.2,31140.7,15100.0,1821325,8164119,1824194,8222649,PVT,RIGL,PVT,RIG
3727,8462749,26934.5,30697.2,11300.0,1821325,8164194,1820615,8148495,PVT,SMBDL,PVT,SMBD
3728,8462749,26934.5,30697.2,11300.0,1821325,8164194,1822308,8180715,PVT,AVL,PVT,AVL
3729,8462749,26934.5,30697.2,11300.0,1821325,8164194,1823728,8211173,PVT,RMFL,PVT,RMF
3730,8462748,26919.1,29973.8,11050.0,1821325,8164199,1820114,8138580,PVT,AIBL,PVT,AIB
3731,8462748,26919.1,29973.8,11050.0,1821325,8164199,1820068,8137809,PVT,AIBR,PVT,AIB
3732,8462747,28888.2,30054.1,8100.0,1821325,8164257,1823925,8215286,PVT,RMEV,PVT,RMEV
3733,8462747,28888.2,30054.1,8100.0,1821325,8164257,1824194,8222787,PVT,RIGL,PVT,RIG
3734,8462746,30864.7,28760.8,7000.0,1821325,8164279,1822732,8189779,PVT,RIH,PVT,RIH
3735,8462746,30864.7,28760.8,7000.0,1821325,8164279,1824194,8222809,PVT,RIGL,PVT,RIG
3736,8462745,32009.8,27126.1,6100.0,1821325,8164298,1824491,8229484,PVT,AVKL,PVT,AVK
3737,8462745,32009.8,27126.1,6100.0,1821325,8164298,1819302,8121061,PVT,NRfragment,PVT,NRfragment
3738,8462744,31994.1,27541.3,5750.0,1821325,8164722,1821007,8156426,PVT,IL2VL,PVT,IL2V
3739,8462744,31994.1,27541.3,5750.0,1821325,8164722,1821017,8156685,PVT,URAVL,PVT,URAV
3740,8462743,34137.3,25673.9,5250.0,1821325,8164315,1824491,8229508,PVT,AVKL,PVT,AVK
3741,8462743,34137.3,25673.9,5250.0,1821325,8164315,1819915,8134502,PVT,AVKR,PVT,AVK
3742,8462742,34652.1,22972.2,4500.0,1821325,8164710,1822686,8189201,PVT,RMFR,PVT,RMF
3743,8462740,35112.7,21039.0,4800.0,1821325,8164340,1824194,8222952,PVT,RIGL,PVT,RIG
3744,8462740,35112.7,21039.0,4800.0,1821325,8164340,1819915,8134469,PVT,AVKR,PVT,AVK
3745,8462739,29555.2,12418.3,5900.0,1821325,8164692,1822308,8180473,PVT,AVL,PVT,AVL
3746,8462739,29555.2,12418.3,5900.0,1821325,8164692,1819915,8134441,PVT,AVKR,PVT,AVK
3747,8462738,33798.6,16377.2,5650.0,1821325,8164697,1820068,8137955,PVT,AIBR,PVT,AIB
3748,8462738,33798.6,16377.2,5650.0,1821325,8164697,1823728,8210765,PVT,RMFL,PVT,RMF
3749,8462737,28304.8,11421.2,6600.0,1821325,8164387,1820068,8137586,PVT,AIBR,PVT,AIB
3750,8462737,28304.8,11421.2,6600.0,1821325,8164387,1822686,8189383,PVT,RMFR,PVT,RMF
3751,8462736,24633.1,11249.3,6550.0,1821325,8164400,1820114,8138377,PVT,AIBL,PVT,AIB
3752,8462736,24633.1,11249.3,6550.0,1821325,8164400,1823728,8211207,PVT,RMFL,PVT,RMF
3753,8462735,21538.6,11972.8,6750.0,1821325,8164659,1820114,8138373,PVT,AIBL,PVT,AIB
3754,8462735,21538.6,11972.8,6750.0,1821325,8164659,1823728,8211199,PVT,RMFL,PVT,RMF
3755,8462734,17170.0,17995.7,4550.0,1821325,8164450,1819915,8134905,PVT,AVKR,PVT,AVK
3756,8462733,17270.5,17403.1,4500.0,1821325,8164451,1819915,8134904,PVT,AVKR,PVT,AVK
3757,8462733,17270.5,17403.1,4500.0,1821325,8164451,1823728,8211190,PVT,RMFL,PVT,RMF
3758,8462732,17853.0,22367.8,4350.0,1821325,8164466,1823728,8210869,PVT,RMFL,PVT,RMF
3759,8462732,17853.0,22367.8,4350.0,1821325,8164466,1819915,8134912,PVT,AVKR,PVT,AVK
3760,8462691,20543.2,26850.6,5050.0,1821325,8164634,1822308,8180591,PVT,AVL,PVT,AVL
3761,8462689,23980.3,29572.3,7200.0,1821325,8164527,1819915,8134311,PVT,AVKR,PVT,AVK
3762,8462689,23980.3,29572.3,7200.0,1821325,8164527,1822308,8180634,PVT,AVL,PVT,AVL
3763,8462687,23220.6,29333.4,7500.0,1821325,8164533,1819824,8132283,PVT,DVC,PVT,DVC
3764,8462687,23220.6,29333.4,7500.0,1821325,8164533,1822732,8190380,PVT,RIH,PVT,RIH
3765,8462683,23262.1,29510.2,7600.0,1821325,8164535,1824134,8221335,PVT,RIGR,PVT,RIG
3766,8462683,23262.1,29510.2,7600.0,1821325,8164535,1822732,8190378,PVT,RIH,PVT,RIH
3767,8462682,23903.1,29462.2,7700.0,1821325,8164537,1819915,8134301,PVT,AVKR,PVT,AVK
3768,8462682,23903.1,29462.2,7700.0,1821325,8164537,1823728,8211102,PVT,RMFL,PVT,RMF
3769,8462679,24282.8,29734.1,7850.0,1821325,8164540,1823728,8211105,PVT,RMFL,PVT,RMF
3770,8462679,24282.8,29734.1,7850.0,1821325,8164540,1819915,8134298,PVT,AVKR,PVT,AVK
3771,8462678,26174.6,30427.8,10400.0,1821325,8164590,1823728,8211155,PVT,RMFL,PVT,RMF
3772,8462678,26174.6,30427.8,10400.0,1821325,8164590,1824134,8221280,PVT,RIGR,PVT,RIG
3773,8462675,26111.6,29829.2,10350.0,1821325,8164589,1820114,8138566,PVT,AIBL,PVT,AIB
3774,8462675,26111.6,29829.2,10350.0,1821325,8164589,1819915,8134249,PVT,AVKR,PVT,AVK
3775,8462669,29477.3,15578.0,6650.0,1819753,8130716,1821126,8159115,PVR,IL1DL,PVR,IL1D
3776,8462669,29477.3,15578.0,6650.0,1819753,8130716,1819982,8136057,PVR,RIPL,PVR,RIP
3777,8462673,25637.3,29840.1,11550.0,1821325,8164613,1824491,8229804,PVT,AVKL,PVT,AVK
3778,8462673,25637.3,29840.1,11550.0,1821325,8164613,1820370,8143632,PVT,AVEL,PVT,AVE
3779,8462668,21707.7,14979.5,7150.0,1819753,8130752,1823242,8200578,PVR,AVBL,PVR,AVB
3780,8462668,21707.7,14979.5,7150.0,1819753,8130752,1819966,8135842,PVR,RIPR,PVR,RIP
3781,8462440,21779.4,14839.4,7750.0,1819753,8130441,1823242,8200587,PVR,AVBL,PVR,AVB
3782,8462440,21779.4,14839.4,7750.0,1819753,8130441,1819505,8125152,PVR,AVJL,PVR,AVJ
3783,8462439,31084.7,25925.3,8350.0,1819753,8130669,1821028,8157174,PVR,IL1VL,PVR,IL1V
3784,8462438,22111.6,26023.4,9400.0,1819753,8130398,1819966,8135706,PVR,RIPR,PVR,RIP
3785,8462438,22111.6,26023.4,9400.0,1819753,8130398,1820155,8139038,PVR,AVBR,PVR,AVB
3786,8462437,21965.8,25693.9,9200.0,1819753,8130402,1819966,8135703,PVR,RIPR,PVR,RIP
3787,8462437,21965.8,25693.9,9200.0,1819753,8130402,1820155,8139042,PVR,AVBR,PVR,AVB
3788,8462434,22061.6,26165.9,8700.0,1819753,8130412,1820908,8154255,PVR,IL1VR,PVR,IL1V
3789,8462434,22061.6,26165.9,8700.0,1819753,8130412,1819966,8135693,PVR,RIPR,PVR,RIP
3790,8462433,22610.3,25689.1,8150.0,1819753,8130790,1820908,8154065,PVR,IL1VR,PVR,IL1V
3791,8462433,22610.3,25689.1,8150.0,1819753,8130790,1819966,8135682,PVR,RIPR,PVR,RIP
3792,8462431,21484.1,24909.9,8500.0,1819753,8130417,1819966,8135689,PVR,RIPR,PVR,RIP
3793,8462431,21484.1,24909.9,8500.0,1819753,8130417,1820155,8139608,PVR,AVBR,PVR,AVB
3794,8462429,21280.2,15587.9,6850.0,1819753,8130758,1822920,8193768,PVR,IL1DR,PVR,IL1D
3795,8462429,21280.2,15587.9,6850.0,1819753,8130758,1819966,8135836,PVR,RIPR,PVR,RIP
3796,8462427,21569.0,15627.5,6250.0,1819753,8130770,1819966,8135824,PVR,RIPR,PVR,RIP
3797,8462427,21569.0,15627.5,6250.0,1819753,8130770,1822920,8193780,PVR,IL1DR,PVR,IL1D
3798,8462426,21304.3,14954.8,7700.0,1819753,8130443,1823242,8200169,PVR,AVBL,PVR,AVB
3799,8462426,21304.3,14954.8,7700.0,1819753,8130443,1819505,8125153,PVR,AVJL,PVR,AVJ
3800,8462426,21304.3,14954.8,7700.0,1819753,8130443,1820155,8139590,PVR,AVBR,PVR,AVB
3801,8462424,25482.8,13854.7,7750.0,1819753,8130741,1820155,8139558,PVR,AVBR,PVR,AVB
3802,8462424,25482.8,13854.7,7750.0,1819753,8130741,1822066,8175514,PVR,AVJR,PVR,AVJ
3803,8462424,25482.8,13854.7,7750.0,1819753,8130741,1823242,8200160,PVR,AVBL,PVR,AVB
3804,8462423,25056.2,14053.2,7600.0,1819753,8130738,1822066,8175517,PVR,AVJR,PVR,AVJ
3805,8462423,25056.2,14053.2,7600.0,1819753,8130738,1823242,8200163,PVR,AVBL,PVR,AVB
3806,8462422,27626.4,14397.8,7800.0,1819753,8130722,1820155,8139120,PVR,AVBR,PVR,AVB
3807,8462421,28869.8,14390.2,8000.0,1819753,8130726,1819982,8136084,PVR,RIPL,PVR,RIP
3808,8462421,28869.8,14390.2,8000.0,1819753,8130726,1820155,8139554,PVR,AVBR,PVR,AVB
3809,8462421,28869.8,14390.2,8000.0,1819753,8130726,1822066,8175530,PVR,AVJR,PVR,AVJ
3810,8462417,28296.8,14340.0,8000.0,1819753,8130726,1820155,8139557,PVR,AVBR,PVR,AVB
3811,8462417,28296.8,14340.0,8000.0,1819753,8130726,1822066,8175529,PVR,AVJR,PVR,AVJ
3812,8462416,31310.2,25705.4,8400.0,1819753,8130668,1821028,8157175,PVR,IL1VL,PVR,IL1V
3813,8462416,31310.2,25705.4,8400.0,1819753,8130668,1819982,8136244,PVR,RIPL,PVR,RIP
3814,8462414,30973.8,25180.2,8050.0,1819753,8130675,1819982,8136237,PVR,RIPL,PVR,RIP
3815,8462414,30973.8,25180.2,8050.0,1819753,8130675,1821028,8156990,PVR,IL1VL,PVR,IL1V
3816,8462411,30899.6,25090.6,7950.0,1819753,8130677,1821028,8156992,PVR,IL1VL,PVR,IL1V
3817,8462411,30899.6,25090.6,7950.0,1819753,8130677,1819982,8136235,PVR,RIPL,PVR,RIP
3818,8462407,31853.8,25132.8,8900.0,1819753,8130526,1819982,8136253,PVR,RIPL,PVR,RIP
3819,8462407,31853.8,25132.8,8900.0,1819753,8130526,1823242,8200107,PVR,AVBL,PVR,AVB
3820,8462405,31901.5,24473.0,8900.0,1819753,8130526,1819982,8136253,PVR,RIPL,PVR,RIP
3821,8462405,31901.5,24473.0,8900.0,1819753,8130526,1823242,8200107,PVR,AVBL,PVR,AVB
3822,8462404,31845.8,24889.1,8900.0,1819753,8130526,1819982,8136253,PVR,RIPL,PVR,RIP
3823,8462404,31845.8,24889.1,8900.0,1819753,8130526,1823242,8200107,PVR,AVBL,PVR,AVB
3824,8462396,31832.6,25315.7,8850.0,1819753,8130525,1823242,8200108,PVR,AVBL,PVR,AVB
3825,8462396,31832.6,25315.7,8850.0,1819753,8130525,1819982,8136253,PVR,RIPL,PVR,RIP
3826,8449992,32143.7,27652.1,7000.0,1821007,8156451,1822365,8181858,IL2VL,RIAL,IL2V,RIA
3827,8449989,30990.8,25383.1,7300.0,1821007,8156485,1820832,8152306,IL2VL,OLQVL,IL2V,OLQV
3828,8449989,30990.8,25383.1,7300.0,1821007,8156485,1819982,8136222,IL2VL,RIPL,IL2V,RIP
3829,8449952,31478.2,25245.4,2750.0,1821007,8156589,1822732,8190117,IL2VL,RIH,IL2V,RIH
3830,8449952,31478.2,25245.4,2750.0,1821007,8156589,1823925,8215842,IL2VL,RMEV,IL2V,RMEV
3831,8449871,32298.4,27695.9,6600.0,1821007,8156443,1820039,8137083,IL2VL,BAGR,IL2V,BAG
3832,8449871,32298.4,27695.9,6600.0,1821007,8156443,1821017,8156702,IL2VL,URAVL,IL2V,URAV
3833,8449654,31913.8,27987.3,6600.0,1821007,8156443,1821028,8156959,IL2VL,IL1VL,IL2V,IL1V
3834,8449654,31913.8,27987.3,6600.0,1821007,8156443,1821041,8157441,IL2VL,URXL,IL2V,URX
3835,8449654,31913.8,27987.3,6600.0,1821007,8156443,1822365,8182468,IL2VL,RIAL,IL2V,RIA
3836,8449620,32205.8,27491.3,7100.0,1821007,8156453,1822365,8181860,IL2VL,RIAL,IL2V,RIA
3837,8449620,32205.8,27491.3,7100.0,1821007,8156453,1821041,8157432,IL2VL,URXL,IL2V,URX
3838,8449612,30866.8,25262.6,7000.0,1821007,8156491,1820832,8152300,IL2VL,OLQVL,IL2V,OLQV
3839,8449612,30866.8,25262.6,7000.0,1821007,8156491,1819982,8136216,IL2VL,RIPL,IL2V,RIP
3840,8449577,30676.2,25146.9,6600.0,1821007,8156499,1820832,8152192,IL2VL,OLQVL,IL2V,OLQV
3841,8449577,30676.2,25146.9,6600.0,1821007,8156499,1819982,8136208,IL2VL,RIPL,IL2V,RIP
3842,8449558,30533.5,25329.2,5800.0,1821007,8156515,1824277,8225107,IL2VL,RMDDL,IL2V,RMDD
3843,8449558,30533.5,25329.2,5800.0,1821007,8156515,1821028,8157035,IL2VL,IL1VL,IL2V,IL1V
3844,8449551,30358.3,24971.7,4950.0,1821007,8156532,1821017,8156790,IL2VL,URAVL,IL2V,URAV
3845,8449551,30358.3,24971.7,4950.0,1821007,8156532,1819982,8136175,IL2VL,RIPL,IL2V,RIP
3846,8449546,30371.7,25130.0,4350.0,1821007,8156544,1821028,8157090,IL2VL,IL1VL,IL2V,IL1V
3847,8449546,30371.7,25130.0,4350.0,1821007,8156544,1819982,8136163,IL2VL,RIPL,IL2V,RIP
3848,8449522,29730.6,25986.7,4250.0,1821007,8156560,1819982,8136161,IL2VL,RIPL,IL2V,RIP
3849,8449522,29730.6,25986.7,4250.0,1821007,8156560,1820742,8151155,IL2VL,RMEL,IL2V,RMEL/R
3850,8449518,30130.6,25771.7,3950.0,1821007,8156554,1821028,8157098,IL2VL,IL1VL,IL2V,IL1V
3851,8449518,30130.6,25771.7,3950.0,1821007,8156554,1820742,8151149,IL2VL,RMEL,IL2V,RMEL/R
3852,8449512,30382.2,25803.2,3850.0,1821007,8156567,1821028,8157100,IL2VL,IL1VL,IL2V,IL1V
3853,8449512,30382.2,25803.2,3850.0,1821007,8156567,1820742,8151147,IL2VL,RMEL,IL2V,RMEL/R
3854,8449510,30279.4,25459.3,3450.0,1821007,8156575,1820778,8151782,IL2VL,RMED,IL2V,RMED
3855,8449510,30279.4,25459.3,3450.0,1821007,8156575,1819982,8136145,IL2VL,RIPL,IL2V,RIP
3856,8449510,30279.4,25459.3,3450.0,1821007,8156575,1820662,8149739,IL2VL,RMER,IL2V,RMEL/R
3857,8449509,30814.1,25705.2,3150.0,1821007,8156581,1821028,8157114,IL2VL,IL1VL,IL2V,IL1V
3858,8449509,30814.1,25705.2,3150.0,1821007,8156581,1819982,8136139,IL2VL,RIPL,IL2V,RIP
3859,8449509,30814.1,25705.2,3150.0,1821007,8156581,1820742,8151133,IL2VL,RMEL,IL2V,RMEL/R
3860,8449509,30814.1,25705.2,3150.0,1821007,8156581,1823925,8215833,IL2VL,RMEV,IL2V,RMEV
3861,8449508,30668.9,25289.2,3000.0,1821007,8156584,1819982,8136136,IL2VL,RIPL,IL2V,RIP
3862,8449508,30668.9,25289.2,3000.0,1821007,8156584,1820662,8149748,IL2VL,RMER,IL2V,RMEL/R
3863,8449504,31513.4,24786.0,2600.0,1821007,8156592,1820778,8151905,IL2VL,RMED,IL2V,RMED
3864,8449504,31513.4,24786.0,2600.0,1821007,8156592,1821017,8156837,IL2VL,URAVL,IL2V,URAV
3865,8449504,31513.4,24786.0,2600.0,1821007,8156592,1820662,8149756,IL2VL,RMER,IL2V,RMEL/R
3866,8449494,31693.9,24637.4,2450.0,1821007,8156595,1822732,8190123,IL2VL,RIH,IL2V,RIH
3867,8449494,31693.9,24637.4,2450.0,1821007,8156595,1821017,8156841,IL2VL,URAVL,IL2V,URAV
3868,8449494,31693.9,24637.4,2450.0,1821007,8156595,1819982,8136125,IL2VL,RIPL,IL2V,RIP
3869,8449484,31336.4,24226.8,2100.0,1821007,8156602,1819982,8136118,IL2VL,RIPL,IL2V,RIP
3870,8449484,31336.4,24226.8,2100.0,1821007,8156602,1820662,8149766,IL2VL,RMER,IL2V,RMEL/R
3871,8449459,20868.6,23812.4,2500.0,1821199,8161064,1822732,8189886,IL2R,RIH,IL2L/R,RIH
3872,8449459,20868.6,23812.4,2500.0,1821199,8161064,1820874,8153363,IL2R,OLQVR,IL2L/R,OLQV
3873,8449052,17604.5,18628.2,8550.0,1821199,8160929,1821212,8161281,IL2R,OLLR,IL2L/R,OLL
3874,8449052,17604.5,18628.2,8550.0,1821199,8160929,1819658,8128560,IL2R,URXR,IL2L/R,URX
3875,8449051,17790.0,18871.1,8500.0,1821199,8160930,1821172,8160249,IL2R,IL1R,IL2L/R,IL1L/R
3876,8449051,17790.0,18871.1,8500.0,1821199,8160930,1821184,8160590,IL2R,URBR,IL2L/R,URB
3877,8449049,18266.9,20204.8,6800.0,1821199,8160964,1823514,8205699,IL2R,RICL,IL2L/R,RIC
3878,8449049,18266.9,20204.8,6800.0,1821199,8160964,1823392,8203610,IL2R,RICR,IL2L/R,RIC
3879,8449048,19038.1,20514.9,6350.0,1821199,8160973,1820449,8145248,IL2R,RMDL,IL2L/R,RMDL/R
3880,8449048,19038.1,20514.9,6350.0,1821199,8160973,1821733,8171164,IL2R,BWM-VR04,IL2L/R,BWM04V
3881,8449047,18717.6,20723.8,5900.0,1821199,8160982,1820449,8145125,IL2R,RMDL,IL2L/R,RMDL/R
3882,8449047,18717.6,20723.8,5900.0,1821199,8160982,1823698,8210249,IL2R,SMBVR,IL2L/R,SMBV
3883,8449047,18717.6,20723.8,5900.0,1821199,8160982,1821172,8160301,IL2R,IL1R,IL2L/R,IL1L/R
3884,8449046,18780.4,20699.5,2650.0,1821199,8161047,1819847,8132675,IL2R,ADER,IL2L/R,ADE
3885,8449046,18780.4,20699.5,2650.0,1821199,8161047,1820908,8154246,IL2R,IL1VR,IL2L/R,IL1V
3886,8449045,20848.6,23707.6,2350.0,1821199,8161061,1822732,8189889,IL2R,RIH,IL2L/R,RIH
3887,8449045,20848.6,23707.6,2350.0,1821199,8161061,1820874,8153366,IL2R,OLQVR,IL2L/R,OLQV
3888,8449044,19531.0,17631.3,1700.0,1821199,8161075,1823925,8216041,IL2R,RMEV,IL2L/R,RMEV
3889,8449043,19019.8,18649.2,2200.0,1821199,8161093,1820922,8154575,IL2R,OLQDR,IL2L/R,OLQD
3890,8449043,19019.8,18649.2,2200.0,1821199,8161093,1822732,8189932,IL2R,RIH,IL2L/R,RIH
3891,8449042,19208.2,17551.8,2200.0,1821199,8161093,1822732,8189939,IL2R,RIH,IL2L/R,RIH
3892,8449042,19208.2,17551.8,2200.0,1821199,8161093,1820922,8154575,IL2R,OLQDR,IL2L/R,OLQD
3893,8449041,18924.1,20673.3,1900.0,1821199,8161071,1820662,8150065,IL2R,RMER,IL2L/R,RMEL/R
3894,8449041,18924.1,20673.3,1900.0,1821199,8161071,1823925,8216021,IL2R,RMEV,IL2L/R,RMEV
3895,8449040,20029.6,22615.7,1900.0,1820874,8153374,1821199,8161071,OLQVR,IL2R,OLQV,IL2L/R
3896,8449039,20721.2,22891.3,1900.0,1821199,8161071,1820874,8153374,IL2R,OLQVR,IL2L/R,OLQV
3897,8449038,19128.5,20832.1,1550.0,1821199,8161085,1820874,8153381,IL2R,OLQVR,IL2L/R,OLQV
3898,8449038,19128.5,20832.1,1550.0,1821199,8161085,1820922,8154589,IL2R,OLQDR,IL2L/R,OLQD
3899,8449038,19128.5,20832.1,1550.0,1821199,8161085,1822732,8189921,IL2R,RIH,IL2L/R,RIH
3900,8449036,19698.2,21261.8,1400.0,1821199,8161088,1820922,8154592,IL2R,OLQDR,IL2L/R,OLQD
3901,8449036,19698.2,21261.8,1400.0,1821199,8161088,1820874,8153384,IL2R,OLQVR,IL2L/R,OLQV
3902,8449035,19191.9,19043.7,1500.0,1821199,8161080,1820922,8154590,IL2R,OLQDR,IL2L/R,OLQD
3903,8449035,19191.9,19043.7,1500.0,1821199,8161080,1823925,8216032,IL2R,RMEV,IL2L/R,RMEV
3904,8449034,19711.3,19759.4,1500.0,1821199,8161080,1821796,8171960,IL2R,BWM-VR02,IL2L/R,BWM02V
3905,8449034,19711.3,19759.4,1500.0,1821199,8161080,1820896,8153925,IL2R,URAVR,IL2L/R,URAV
3906,8449034,19711.3,19759.4,1500.0,1821199,8161080,1819079,8120840,IL2R,GLRR,IL2L/R,GLRL/R
3907,8449034,19711.3,19759.4,1500.0,1821199,8161080,1820922,8154596,IL2R,OLQDR,IL2L/R,OLQD
3908,8449034,19711.3,19759.4,1500.0,1821199,8161080,1822732,8190049,IL2R,RIH,IL2L/R,RIH
3909,8449033,19511.9,19414.4,1350.0,1821199,8161083,1820922,8154593,IL2R,OLQDR,IL2L/R,OLQD
3910,8448921,32819.6,20115.6,6300.0,1821264,8162543,1822607,8187694,IL2L,SIBDL,IL2L/R,SIBD
3911,8448921,32819.6,20115.6,6300.0,1821264,8162543,1821278,8162926,IL2L,OLLL,IL2L/R,OLL
3912,8448920,32218.0,20097.5,4900.0,1821264,8162571,1820662,8150005,IL2L,RMER,IL2L/R,RMEL/R
3913,8448920,32218.0,20097.5,4900.0,1821264,8162571,1821278,8162954,IL2L,OLLL,IL2L/R,OLL
3914,8448920,32218.0,20097.5,4900.0,1821264,8162571,1819707,8129220,IL2L,ADEL,IL2L/R,ADE
3915,8448919,31991.8,23314.6,1850.0,1821264,8162642,1822732,8190135,IL2L,RIH,IL2L/R,RIH
3916,8448919,31991.8,23314.6,1850.0,1821264,8162642,1820832,8152287,IL2L,OLQVL,IL2L/R,OLQV
3917,8448918,31946.8,23685.8,1900.0,1821264,8162641,1820832,8152286,IL2L,OLQVL,IL2L/R,OLQV
3918,8448918,31946.8,23685.8,1900.0,1821264,8162641,1822732,8190134,IL2L,RIH,IL2L/R,RIH
3919,8448917,31675.8,19941.6,1600.0,1821264,8162653,1821079,8157906,IL2L,OLQDL,IL2L/R,OLQD
3920,8448917,31675.8,19941.6,1600.0,1821264,8162653,1822732,8190161,IL2L,RIH,IL2L/R,RIH
3921,8448862,32773.7,20273.2,6250.0,1821264,8162544,1820413,8144554,IL2L,RMDR,IL2L/R,RMDL/R
3922,8448862,32773.7,20273.2,6250.0,1821264,8162544,1822607,8187695,IL2L,SIBDL,IL2L/R,SIBD
3923,8448828,32980.4,20655.1,2700.0,1821264,8162615,1821126,8159211,IL2L,IL1DL,IL2L/R,IL1D
3924,8448828,32980.4,20655.1,2700.0,1821264,8162615,1819707,8129265,IL2L,ADEL,IL2L/R,ADE
3925,8448817,32434.2,20684.0,2550.0,1821264,8162618,1820662,8149774,IL2L,RMER,IL2L/R,RMEL/R
3926,8448817,32434.2,20684.0,2550.0,1821264,8162618,1820662,8149958,IL2L,RMER,IL2L/R,RMEL/R
3927,8448802,31249.8,17366.7,1700.0,1821264,8162669,1821079,8157904,IL2L,OLQDL,IL2L/R,OLQD
3928,8448802,31249.8,17366.7,1700.0,1821264,8162669,1822732,8190188,IL2L,RIH,IL2L/R,RIH
3929,8448767,31228.7,18086.8,1750.0,1821264,8162668,1821079,8157903,IL2L,OLQDL,IL2L/R,OLQD
3930,8448758,32337.7,20068.8,1650.0,1821079,8157905,1821264,8162652,OLQDL,IL2L,OLQD,IL2L/R
3931,8448721,32312.8,20464.6,1650.0,1821264,8162652,1821079,8157905,IL2L,OLQDL,IL2L/R,OLQD
3932,8448660,32545.1,20638.5,1600.0,1821264,8162653,1822732,8190149,IL2L,RIH,IL2L/R,RIH
3933,8448660,32545.1,20638.5,1600.0,1821264,8162653,1821079,8157906,IL2L,OLQDL,IL2L/R,OLQD
3934,8448660,32545.1,20638.5,1600.0,1821264,8162653,1820832,8152292,IL2L,OLQVL,IL2L/R,OLQV
3935,8448659,32587.5,20874.3,1600.0,1821264,8162653,1820832,8152292,IL2L,OLQVL,IL2L/R,OLQV
3936,8448659,32587.5,20874.3,1600.0,1821264,8162653,1822732,8190149,IL2L,RIH,IL2L/R,RIH
3937,8448658,32093.7,22384.8,1650.0,1821264,8162658,1822732,8190139,IL2L,RIH,IL2L/R,RIH
3938,8448658,32093.7,22384.8,1650.0,1821264,8162658,1820832,8152294,IL2L,OLQVL,IL2L/R,OLQV
3939,8448657,32316.3,22003.2,1650.0,1821264,8162658,1820832,8152294,IL2L,OLQVL,IL2L/R,OLQV
3940,8448656,32396.5,21410.3,1550.0,1821264,8162660,1820832,8152296,IL2L,OLQVL,IL2L/R,OLQV
3941,8448656,32396.5,21410.3,1550.0,1821264,8162660,1821079,8157912,IL2L,OLQDL,IL2L/R,OLQD
3942,8448644,32168.1,20644.3,1500.0,1821264,8162655,1822732,8190143,IL2L,RIH,IL2L/R,RIH
3943,8448644,32168.1,20644.3,1500.0,1821264,8162655,1821079,8157911,IL2L,OLQDL,IL2L/R,OLQD
3944,8448583,23142.9,14340.0,1950.0,1820946,8155139,1820957,8155509,IL2DR,URADR,IL2D,URAD
3945,8448552,20948.3,15251.4,7100.0,1820946,8155037,1819966,8135841,IL2DR,RIPR,IL2D,RIP
3946,8448552,20948.3,15251.4,7100.0,1820946,8155037,1822920,8193763,IL2DR,IL1DR,IL2D,IL1D
3947,8448535,21123.7,15463.6,6650.0,1820946,8155046,1819966,8135832,IL2DR,RIPR,IL2D,RIP
3948,8448535,21123.7,15463.6,6650.0,1820946,8155046,1822920,8193772,IL2DR,IL1DR,IL2D,IL1D
3949,8448504,21224.1,15270.0,6300.0,1820946,8155053,1823514,8205676,IL2DR,RICL,IL2D,RIC
3950,8448504,21224.1,15270.0,6300.0,1820946,8155053,1822455,8183967,IL2DR,RMHR,IL2D,RMH
3951,8448504,21224.1,15270.0,6300.0,1820946,8155053,1819966,8135825,IL2DR,RIPR,IL2D,RIP
3952,8448504,21224.1,15270.0,6300.0,1820946,8155053,1820957,8155413,IL2DR,URADR,IL2D,URAD
3953,8448488,21311.1,15598.8,5750.0,1820946,8155064,1819966,8135814,IL2DR,RIPR,IL2D,RIP
3954,8448488,21311.1,15598.8,5750.0,1820946,8155064,1822920,8193790,IL2DR,IL1DR,IL2D,IL1D
3955,8448475,21414.9,15376.0,4550.0,1820946,8155088,1822920,8193814,IL2DR,IL1DR,IL2D,IL1D
3956,8448475,21414.9,15376.0,4550.0,1820946,8155088,1819966,8135790,IL2DR,RIPR,IL2D,RIP
3957,8448475,21414.9,15376.0,4550.0,1820946,8155088,1820922,8154524,IL2DR,OLQDR,IL2D,OLQD
3958,8448460,21414.4,15007.5,4450.0,1820946,8155090,1822920,8193905,IL2DR,IL1DR,IL2D,IL1D
3959,8448460,21414.4,15007.5,4450.0,1820946,8155090,1820689,8150798,IL2DR,RMDVR,IL2D,RMDV
3960,8448460,21414.4,15007.5,4450.0,1820946,8155090,1820922,8154526,IL2DR,OLQDR,IL2D,OLQD
3961,8448457,21388.6,14821.9,2550.0,1820946,8155128,1822920,8193885,IL2DR,IL1DR,IL2D,IL1D
3962,8448457,21388.6,14821.9,2550.0,1820946,8155128,1819966,8135746,IL2DR,RIPR,IL2D,RIP
3963,8448441,21780.7,14556.9,2350.0,1820946,8155132,1819966,8135742,IL2DR,RIPR,IL2D,RIP
3964,8448441,21780.7,14556.9,2350.0,1820946,8155132,1820662,8149914,IL2DR,RMER,IL2D,RMEL/R
3965,8448430,21263.3,14851.8,2300.0,1820946,8155133,1819966,8135741,IL2DR,RIPR,IL2D,RIP
3966,8448430,21263.3,14851.8,2300.0,1820946,8155133,1822920,8193895,IL2DR,IL1DR,IL2D,IL1D
3967,8448430,21263.3,14851.8,2300.0,1820946,8155133,1820662,8149913,IL2DR,RMER,IL2D,RMEL/R
3968,8448413,22124.8,14528.0,2200.0,1820946,8155135,1820662,8150060,IL2DR,RMER,IL2D,RMEL/R
3969,8448413,22124.8,14528.0,2200.0,1820946,8155135,1819966,8135739,IL2DR,RIPR,IL2D,RIP
3970,8448394,22453.3,14406.2,2200.0,1820946,8155135,1823925,8216059,IL2DR,RMEV,IL2D,RMEV
3971,8448394,22453.3,14406.2,2200.0,1820946,8155135,1819966,8135739,IL2DR,RIPR,IL2D,RIP
3972,8448365,20722.9,15068.5,1950.0,1820946,8155139,1820957,8155500,IL2DR,URADR,IL2D,URAD
3973,8448365,20722.9,15068.5,1950.0,1820946,8155139,1819966,8135735,IL2DR,RIPR,IL2D,RIP
3974,8448333,21865.3,14774.1,1850.0,1820946,8155141,1819966,8135733,IL2DR,RIPR,IL2D,RIP
3975,8448333,21865.3,14774.1,1850.0,1820946,8155141,1820742,8150977,IL2DR,RMEL,IL2D,RMEL/R
3976,8448333,21865.3,14774.1,1850.0,1820946,8155141,1823925,8216053,IL2DR,RMEV,IL2D,RMEV
3977,8448332,22302.1,14856.0,1550.0,1820946,8155173,1820742,8150983,IL2DR,RMEL,IL2D,RMEL/R
3978,8448332,22302.1,14856.0,1550.0,1820946,8155173,1819108,8120863,IL2DR,GLRR,IL2D,GLRL/R
3979,8448332,22302.1,14856.0,1550.0,1820946,8155173,1819104,8120862,IL2DR,GLRDR,IL2D,GLRD
3980,8448331,22183.4,14188.8,1300.0,1820946,8155178,1822732,8189996,IL2DR,RIH,IL2D,RIH
3981,8448331,22183.4,14188.8,1300.0,1820946,8155178,1819966,8135722,IL2DR,RIPR,IL2D,RIP
3982,8448330,21913.2,15134.7,1250.0,1820946,8155179,1819966,8135721,IL2DR,RIPR,IL2D,RIP
3983,8448330,21913.2,15134.7,1250.0,1820946,8155179,1820742,8151083,IL2DR,RMEL,IL2D,RMEL/R
3984,8448329,19456.2,16567.9,1750.0,1820946,8155149,1822732,8189943,IL2DR,RIH,IL2D,RIH
3985,8448329,19456.2,16567.9,1750.0,1820946,8155149,1820662,8150068,IL2DR,RMER,IL2D,RMEL/R
3986,8448269,19567.3,16359.4,1800.0,1820946,8155150,1819966,8135728,IL2DR,RIPR,IL2D,RIP
3987,8448269,19567.3,16359.4,1800.0,1820946,8155150,1820662,8150067,IL2DR,RMER,IL2D,RMEL/R
3988,8448269,19567.3,16359.4,1800.0,1820946,8155150,1822732,8189943,IL2DR,RIH,IL2D,RIH
3989,8448254,20861.0,15474.2,1600.0,1820946,8155154,1819966,8135728,IL2DR,RIPR,IL2D,RIP
3990,8448254,20861.0,15474.2,1600.0,1820946,8155154,1823925,8216140,IL2DR,RMEV,IL2D,RMEV
3991,8448254,20861.0,15474.2,1600.0,1820946,8155154,1820742,8150989,IL2DR,RMEL,IL2D,RMEL/R
3992,8448186,19366.1,18317.6,1300.0,1820946,8155164,1822732,8190038,IL2DR,RIH,IL2D,RIH
3993,8448186,19366.1,18317.6,1300.0,1820946,8155164,1820662,8150077,IL2DR,RMER,IL2D,RMEL/R
3994,8448184,19315.8,17986.3,1300.0,1820946,8155164,1822732,8190038,IL2DR,RIH,IL2D,RIH
3995,8448184,19315.8,17986.3,1300.0,1820946,8155164,1820662,8150077,IL2DR,RMER,IL2D,RMEL/R
3996,8448169,19353.3,17967.8,1200.0,1820946,8155166,1820662,8150079,IL2DR,RMER,IL2D,RMEL/R
3997,8447795,22894.0,25197.7,5750.0,1820908,8154166,1821821,8172127,IL1VR,BWM-VR01,IL1V,BWM01V
3998,8447795,22894.0,25197.7,5750.0,1820908,8154166,1822332,8181166,IL1VR,RMDDR,IL1V,RMDD
3999,8447671,22871.4,25209.8,5450.0,1820908,8154160,1822332,8181160,IL1VR,RMDDR,IL1V,RMDD
4000,8447671,22871.4,25209.8,5450.0,1820908,8154160,1821796,8171712,IL1VR,BWM-VR02,IL1V,BWM02V
4001,8447670,23584.9,25877.9,6750.0,1820908,8154093,1821821,8172091,IL1VR,BWM-VR01,IL1V,BWM01V
4002,8447670,23584.9,25877.9,6750.0,1820908,8154093,1822332,8181660,IL1VR,RMDDR,IL1V,RMDD
4003,8447669,24014.0,26105.8,6050.0,1820908,8154107,1822332,8181143,IL1VR,RMDDR,IL1V,RMDD
4004,8447669,24014.0,26105.8,6050.0,1820908,8154107,1821821,8172119,IL1VR,BWM-VR01,IL1V,BWM01V
4005,8447636,22792.1,25288.8,4950.0,1820908,8154197,1819966,8135618,IL1VR,RIPR,IL1V,RIP
4006,8447636,22792.1,25288.8,4950.0,1820908,8154197,1822332,8181183,IL1VR,RMDDR,IL1V,RMDD
4007,8447636,22792.1,25288.8,4950.0,1820908,8154197,1821796,8171798,IL1VR,BWM-VR02,IL1V,BWM02V
4008,8447636,22792.1,25288.8,4950.0,1820908,8154197,1821821,8172152,IL1VR,BWM-VR01,IL1V,BWM01V
4009,8447576,21374.5,24171.2,3800.0,1820908,8154220,1821821,8172186,IL1VR,BWM-VR01,IL1V,BWM01V
4010,8447576,21374.5,24171.2,3800.0,1820908,8154220,1822332,8181615,IL1VR,RMDDR,IL1V,RMDD
4011,8447576,21374.5,24171.2,3800.0,1820908,8154220,1821796,8171850,IL1VR,BWM-VR02,IL1V,BWM02V
4012,8447576,21374.5,24171.2,3800.0,1820908,8154220,1820662,8149889,IL1VR,RMER,IL1V,RMEL/R
4013,8447493,21133.3,23916.6,3600.0,1820908,8154224,1822332,8181619,IL1VR,RMDDR,IL1V,RMDD
4014,8447493,21133.3,23916.6,3600.0,1820908,8154224,1821796,8171854,IL1VR,BWM-VR02,IL1V,BWM02V
4015,8447478,20833.8,23824.2,3100.0,1820908,8154234,1821172,8160393,IL1VR,IL1R,IL1V,IL1L/R
4016,8447478,20833.8,23824.2,3100.0,1820908,8154234,1821796,8171906,IL1VR,BWM-VR02,IL1V,BWM02V
4017,8447442,30543.7,24671.2,5400.0,1821028,8157142,1822018,8174788,IL1VL,BWM-VL01,IL1V,BWM01V
4018,8447442,30543.7,24671.2,5400.0,1821028,8157142,1824277,8224645,IL1VL,RMDDL,IL1V,RMDD
4019,8447338,30521.6,24753.2,5700.0,1821028,8157148,1822038,8175223,IL1VL,BWM-VL03,IL1V,BWM03V
4020,8447338,30521.6,24753.2,5700.0,1821028,8157148,1822018,8174782,IL1VL,BWM-VL01,IL1V,BWM01V
4021,8447338,30521.6,24753.2,5700.0,1821028,8157148,1824277,8224651,IL1VL,RMDDL,IL1V,RMDD
4022,8447218,31161.2,25620.3,8100.0,1821028,8156989,1819753,8130674,IL1VL,PVR,IL1V,PVR
4023,8447218,31161.2,25620.3,8100.0,1821028,8156989,1819982,8136238,IL1VL,RIPL,IL1V,RIP
4024,8447175,30184.0,25183.5,6250.0,1821028,8157026,1824277,8225116,IL1VL,RMDDL,IL1V,RMDD
4025,8447175,30184.0,25183.5,6250.0,1821028,8157026,1822018,8174771,IL1VL,BWM-VL01,IL1V,BWM01V
4026,8447175,30184.0,25183.5,6250.0,1821028,8157026,1822038,8175207,IL1VL,BWM-VL03,IL1V,BWM03V
4027,8447151,30136.3,25371.4,5900.0,1821028,8157033,1822038,8175100,IL1VL,BWM-VL03,IL1V,BWM03V
4028,8447151,30136.3,25371.4,5900.0,1821028,8157033,1819982,8136194,IL1VL,RIPL,IL1V,RIP
4029,8447151,30136.3,25371.4,5900.0,1821028,8157033,1824277,8225109,IL1VL,RMDDL,IL1V,RMDD
4030,8447151,30136.3,25371.4,5900.0,1821028,8157033,1822018,8174778,IL1VL,BWM-VL01,IL1V,BWM01V
4031,8447151,30136.3,25371.4,5900.0,1821028,8157033,1822038,8175214,IL1VL,BWM-VL03,IL1V,BWM03V
4032,8447128,30808.8,24698.9,4900.0,1821028,8157132,1821989,8174495,IL1VL,BWM-VL02,IL1V,BWM02V
4033,8447128,30808.8,24698.9,4900.0,1821028,8157132,1824277,8224664,IL1VL,RMDDL,IL1V,RMDD
4034,8447128,30808.8,24698.9,4900.0,1821028,8157132,1822018,8174872,IL1VL,BWM-VL01,IL1V,BWM01V
4035,8447089,31542.8,24404.1,3700.0,1821028,8157103,1824277,8225061,IL1VL,RMDDL,IL1V,RMDD
4036,8447089,31542.8,24404.1,3700.0,1821028,8157103,1819982,8136150,IL1VL,RIPL,IL1V,RIP
4037,8447089,31542.8,24404.1,3700.0,1821028,8157103,1821989,8174577,IL1VL,BWM-VL02,IL1V,BWM02V
4038,8447089,31542.8,24404.1,3700.0,1821028,8157103,1820742,8151131,IL1VL,RMEL,IL1V,RMEL/R
4039,8447071,31765.7,24290.4,3400.0,1821028,8157109,1821989,8174584,IL1VL,BWM-VL02,IL1V,BWM02V
4040,8447071,31765.7,24290.4,3400.0,1821028,8157109,1820742,8151125,IL1VL,RMEL,IL1V,RMEL/R
4041,8447066,32001.5,23983.2,3250.0,1821028,8157112,1823925,8215962,IL1VL,RMEV,IL1V,RMEV
4042,8447066,32001.5,23983.2,3250.0,1821028,8157112,1821989,8174586,IL1VL,BWM-VL02,IL1V,BWM02V
4043,8447066,32001.5,23983.2,3250.0,1821028,8157112,1824277,8225083,IL1VL,RMDDL,IL1V,RMDD
4044,8446963,30252.3,25013.9,6600.0,1821028,8157019,1824277,8225123,IL1VL,RMDDL,IL1V,RMDD
4045,8446963,30252.3,25013.9,6600.0,1821028,8157019,1822038,8175199,IL1VL,BWM-VL03,IL1V,BWM03V
4046,8446899,20385.2,22210.8,3100.0,1821172,8160393,1821453,8166470,IL1R,BWM-DR02,IL1L/R,BWM02D
4047,8446899,20385.2,22210.8,3100.0,1821172,8160393,1819120,8120871,IL1R,GLRR,IL1L/R,GLRL/R
4048,8446860,19133.3,21301.9,5400.0,1821172,8160311,1820413,8144362,IL1R,RMDR,IL1L/R,RMDL/R
4049,8446860,19133.3,21301.9,5400.0,1821172,8160311,1820449,8145267,IL1R,RMDL,IL1L/R,RMDL/R
4050,8446804,19778.1,21868.8,5000.0,1821172,8160319,1821796,8171759,IL1R,BWM-VR02,IL1L/R,BWM02V
4051,8446804,19778.1,21868.8,5000.0,1821172,8160319,1822505,8185278,IL1R,RMHL,IL1L/R,RMH
4052,8446804,19778.1,21868.8,5000.0,1821172,8160319,1821378,8165462,IL1R,BWM-DR04,IL1L/R,BWM04D
4053,8446804,19778.1,21868.8,5000.0,1821172,8160319,1823728,8210971,IL1R,RMFL,IL1L/R,RMF
4054,8446797,19586.9,21434.6,4950.0,1821172,8160320,1821378,8165461,IL1R,BWM-DR04,IL1L/R,BWM04D
4055,8446786,18629.8,19252.2,4250.0,1821172,8160335,1821378,8165678,IL1R,BWM-DR04,IL1L/R,BWM04D
4056,8446786,18629.8,19252.2,4250.0,1821172,8160335,1821453,8166685,IL1R,BWM-DR02,IL1L/R,BWM02D
4057,8446786,18629.8,19252.2,4250.0,1821172,8160335,1821378,8165673,IL1R,BWM-DR04,IL1L/R,BWM04D
4058,8446786,18629.8,19252.2,4250.0,1821172,8160335,1820689,8150276,IL1R,RMDVR,IL1L/R,RMDV
4059,8446785,18645.2,19013.5,4100.0,1821172,8160338,1821453,8166688,IL1R,BWM-DR02,IL1L/R,BWM02D
4060,8446785,18645.2,19013.5,4100.0,1821172,8160338,1821378,8165546,IL1R,BWM-DR04,IL1L/R,BWM04D
4061,8446785,18645.2,19013.5,4100.0,1821172,8160338,1820689,8150279,IL1R,RMDVR,IL1L/R,RMDV
4062,8446777,19239.4,22474.6,4050.0,1822426,8183632,1822332,8181205,RIAR,RMDDR,RIA,RMDD
4063,8446777,19239.4,22474.6,4050.0,1822426,8183632,1820449,8145303,RIAR,RMDL,RIA,RMDL/R
4064,8446776,18788.9,21769.7,4050.0,1821172,8160339,1820449,8145303,IL1R,RMDL,IL1L/R,RMDL/R
4065,8446776,18788.9,21769.7,4050.0,1821172,8160339,1822332,8181205,IL1R,RMDDR,IL1L/R,RMDD
4066,8446775,18695.8,19053.7,3950.0,1821172,8160341,1821378,8165550,IL1R,BWM-DR04,IL1L/R,BWM04D
4067,8446775,18695.8,19053.7,3950.0,1821172,8160341,1821453,8166699,IL1R,BWM-DR02,IL1L/R,BWM02D
4068,8446764,18239.8,21338.1,4000.0,1821172,8160340,1823880,8214847,IL1R,RIS,IL1L/R,RIS
4069,8446764,18239.8,21338.1,4000.0,1821172,8160340,1820449,8145304,IL1R,RMDL,IL1L/R,RMDL/R
4070,8446718,20161.2,22058.8,3950.0,1821172,8160341,1821796,8171871,IL1R,BWM-VR02,IL1L/R,BWM02V
4071,8446718,20161.2,22058.8,3950.0,1821172,8160341,1821453,8166639,IL1R,BWM-DR02,IL1L/R,BWM02D
4072,8446718,20161.2,22058.8,3950.0,1821172,8160341,1822332,8181611,IL1R,RMDDR,IL1L/R,RMDD
4073,8446682,18937.2,22169.6,3700.0,1821172,8160381,1822332,8181617,IL1R,RMDDR,IL1L/R,RMDD
4074,8446682,18937.2,22169.6,3700.0,1821172,8160381,1820370,8143867,IL1R,AVEL,IL1L/R,AVE
4075,8446682,18937.2,22169.6,3700.0,1821172,8160381,1820449,8145310,IL1R,RMDL,IL1L/R,RMDL/R
4076,8446666,20299.4,22434.8,3500.0,1821172,8160385,1821796,8171970,IL1R,BWM-VR02,IL1L/R,BWM02V
4077,8446666,20299.4,22434.8,3500.0,1821172,8160385,1821453,8166489,IL1R,BWM-DR02,IL1L/R,BWM02D
4078,8446666,20299.4,22434.8,3500.0,1821172,8160385,1820488,8145784,IL1R,RMDVL,IL1L/R,RMDV
4079,8446652,20431.8,22779.7,3650.0,1821172,8160382,1820488,8145765,IL1R,RMDVL,IL1L/R,RMDV
4080,8446652,20431.8,22779.7,3650.0,1821172,8160382,1821453,8166492,IL1R,BWM-DR02,IL1L/R,BWM02D
4081,8446652,20431.8,22779.7,3650.0,1821172,8160382,1821796,8171973,IL1R,BWM-VR02,IL1L/R,BWM02V
4082,8446625,20847.9,23375.2,3550.0,1821172,8160384,1822332,8181620,IL1R,RMDDR,IL1L/R,RMDD
4083,8446625,20847.9,23375.2,3550.0,1821172,8160384,1820908,8154225,IL1R,IL1VR,IL1L/R,IL1V
4084,8446625,20847.9,23375.2,3550.0,1821172,8160384,1821733,8171080,IL1R,BWM-VR04,IL1L/R,BWM04V
4085,8446625,20847.9,23375.2,3550.0,1821172,8160384,1820488,8145767,IL1R,RMDVL,IL1L/R,RMDV
4086,8446625,20847.9,23375.2,3550.0,1821172,8160384,1821796,8171855,IL1R,BWM-VR02,IL1L/R,BWM02V
4087,8446599,20323.3,22350.3,3350.0,1821172,8160388,1821453,8166486,IL1R,BWM-DR02,IL1L/R,BWM02D
4088,8446599,20323.3,22350.3,3350.0,1821172,8160388,1821796,8171967,IL1R,BWM-VR02,IL1L/R,BWM02V
4089,8446599,20323.3,22350.3,3350.0,1821172,8160388,1820488,8145786,IL1R,RMDVL,IL1L/R,RMDV
4090,8446593,20916.8,23176.9,3300.0,1821172,8160389,1821796,8171908,IL1R,BWM-VR02,IL1L/R,BWM02V
4091,8446593,20916.8,23176.9,3300.0,1821172,8160389,1821733,8171085,IL1R,BWM-VR04,IL1L/R,BWM04V
4092,8446583,20836.9,23529.0,3100.0,1821172,8160393,1820896,8153888,IL1R,URAVR,IL1L/R,URAV
4093,8446583,20836.9,23529.0,3100.0,1821172,8160393,1821796,8171906,IL1R,BWM-VR02,IL1L/R,BWM02V
4094,8446569,18661.2,18696.0,3650.0,1821172,8160347,1824277,8224924,IL1R,RMDDL,IL1L/R,RMDD
4095,8446569,18661.2,18696.0,3650.0,1821172,8160347,1820689,8150288,IL1R,RMDVR,IL1L/R,RMDV
4096,8446569,18661.2,18696.0,3650.0,1821172,8160347,1821453,8166704,IL1R,BWM-DR02,IL1L/R,BWM02D
4097,8446561,19069.4,18276.8,3150.0,1821172,8160357,1824277,8224937,IL1R,RMDDL,IL1L/R,RMDD
4098,8446561,19069.4,18276.8,3150.0,1821172,8160357,1821796,8171932,IL1R,BWM-VR02,IL1L/R,BWM02V
4099,8446561,19069.4,18276.8,3150.0,1821172,8160357,1821453,8166562,IL1R,BWM-DR02,IL1L/R,BWM02D
4100,8446561,19069.4,18276.8,3150.0,1821172,8160357,1820689,8150300,IL1R,RMDVR,IL1L/R,RMDV
4101,8446540,19273.3,17926.9,2850.0,1821172,8160363,1821796,8171923,IL1R,BWM-VR02,IL1L/R,BWM02V
4102,8446540,19273.3,17926.9,2850.0,1821172,8160363,1821453,8166522,IL1R,BWM-DR02,IL1L/R,BWM02D
4103,8446540,19273.3,17926.9,2850.0,1821172,8160363,1820689,8150306,IL1R,RMDVR,IL1L/R,RMDV
4104,8446512,19384.5,18250.3,2600.0,1821172,8160369,1821453,8166531,IL1R,BWM-DR02,IL1L/R,BWM02D
4105,8446512,19384.5,18250.3,2600.0,1821172,8160369,1821796,8171927,IL1R,BWM-VR02,IL1L/R,BWM02V
4106,8446500,19937.3,16611.5,2650.0,1821172,8160367,1821378,8165632,IL1R,BWM-DR04,IL1L/R,BWM04D
4107,8446500,19937.3,16611.5,2650.0,1821172,8160367,1824277,8224979,IL1R,RMDDL,IL1L/R,RMDD
4108,8446500,19937.3,16611.5,2650.0,1821172,8160367,1820689,8150824,IL1R,RMDVR,IL1L/R,RMDV
4109,8446476,20016.1,16384.5,2650.0,1821172,8160367,1821578,8168670,IL1R,BWM-DR01,IL1L/R,BWM01D
4110,8446476,20016.1,16384.5,2650.0,1821172,8160367,1820689,8150824,IL1R,RMDVR,IL1L/R,RMDV
4111,8446476,20016.1,16384.5,2650.0,1821172,8160367,1821453,8166608,IL1R,BWM-DR02,IL1L/R,BWM02D
4112,8446476,20016.1,16384.5,2650.0,1821172,8160367,1819966,8135750,IL1R,RIPR,IL1L/R,RIP
4113,8445668,31953.4,23638.9,3150.0,1821235,8161911,1821989,8174596,IL1L,BWM-VL02,IL1L/R,BWM02V
4114,8445668,31953.4,23638.9,3150.0,1821235,8161911,1820689,8150477,IL1L,RMDVR,IL1L/R,RMDV
4115,8445668,31953.4,23638.9,3150.0,1821235,8161911,1823925,8215961,IL1L,RMEV,IL1L/R,RMEV
4116,8445603,32826.5,19623.8,7300.0,1821264,8162523,1823392,8203335,IL2L,RICR,IL2L/R,RIC
4117,8445603,32826.5,19623.8,7300.0,1821264,8162523,1823775,8211774,IL2L,SMBVL,IL2L/R,SMBV
4118,8445584,32224.8,20983.9,5850.0,1821235,8161837,1820413,8144488,IL1L,RMDR,IL1L/R,RMDL/R
4119,8445584,32224.8,20983.9,5850.0,1821235,8161837,1820449,8144994,IL1L,RMDL,IL1L/R,RMDL/R
4120,8445584,32224.8,20983.9,5850.0,1821235,8161837,1821541,8167929,IL1L,BWM-DL02,IL1L/R,BWM02D
4121,8445576,32609.0,21017.8,5550.0,1821235,8161843,1820449,8145000,IL1L,RMDL,IL1L/R,RMDL/R
4122,8445576,32609.0,21017.8,5550.0,1821235,8161843,1820413,8144579,IL1L,RMDR,IL1L/R,RMDL/R
4123,8445558,32139.8,21323.1,5200.0,1821235,8161850,1821512,8167428,IL1L,BWM-DL04,IL1L/R,BWM04D
4124,8445558,32139.8,21323.1,5200.0,1821235,8161850,1822455,8184138,IL1L,RMHR,IL1L/R,RMH
4125,8445558,32139.8,21323.1,5200.0,1821235,8161850,1821989,8174474,IL1L,BWM-VL02,IL1L/R,BWM02V
4126,8445551,31959.8,19118.2,5200.0,1821235,8161882,1820449,8145437,IL1L,RMDL,IL1L/R,RMDL/R
4127,8445551,31959.8,19118.2,5200.0,1821235,8161882,1821541,8167974,IL1L,BWM-DL02,IL1L/R,BWM02D
4128,8445551,31959.8,19118.2,5200.0,1821235,8161882,1821512,8167421,IL1L,BWM-DL04,IL1L/R,BWM04D
4129,8445542,32073.4,21603.5,3900.0,1821235,8161896,1820689,8150456,IL1L,RMDVR,IL1L/R,RMDV
4130,8445542,32073.4,21603.5,3900.0,1821235,8161896,1821956,8174325,IL1L,BWM-VL04,IL1L/R,BWM04V
4131,8445542,32073.4,21603.5,3900.0,1821235,8161896,1821989,8174545,IL1L,BWM-VL02,IL1L/R,BWM02V
4132,8445542,32073.4,21603.5,3900.0,1821235,8161896,1824277,8224690,IL1L,RMDDL,IL1L/R,RMDD
4133,8445542,32073.4,21603.5,3900.0,1821235,8161896,1821956,8174113,IL1L,BWM-VL04,IL1L/R,BWM04V
4134,8445534,32090.0,21441.8,4300.0,1821235,8161888,1824277,8224698,IL1L,RMDDL,IL1L/R,RMDD
4135,8445534,32090.0,21441.8,4300.0,1821235,8161888,1821989,8174538,IL1L,BWM-VL02,IL1L/R,BWM02V
4136,8445534,32090.0,21441.8,4300.0,1821235,8161888,1821541,8168038,IL1L,BWM-DL02,IL1L/R,BWM02D
4137,8445525,33661.4,22236.6,3700.0,1821235,8161900,1820413,8144616,IL1L,RMDR,IL1L/R,RMDL/R
4138,8445509,33703.8,21555.7,3500.0,1821235,8161904,1820413,8144620,IL1L,RMDR,IL1L/R,RMDL/R
4139,8445509,33703.8,21555.7,3500.0,1821235,8161904,1820298,8142116,IL1L,AVER,IL1L/R,AVE
4140,8445488,33859.8,22191.9,3300.0,1821235,8161908,1820298,8142120,IL1L,AVER,IL1L/R,AVE
4141,8445488,33859.8,22191.9,3300.0,1821235,8161908,1820413,8144624,IL1L,RMDR,IL1L/R,RMDL/R
4142,8445439,32105.2,22008.8,3450.0,1821235,8161905,1824277,8225066,IL1L,RMDDL,IL1L/R,RMDD
4143,8445439,32105.2,22008.8,3450.0,1821235,8161905,1821989,8174609,IL1L,BWM-VL02,IL1L/R,BWM02V
4144,8445439,32105.2,22008.8,3450.0,1821235,8161905,1820689,8150466,IL1L,RMDVR,IL1L/R,RMDV
4145,8445414,32034.2,23292.2,3200.0,1821235,8161910,1821989,8174596,IL1L,BWM-VL02,IL1L/R,BWM02V
4146,8445414,32034.2,23292.2,3200.0,1821235,8161910,1824277,8225077,IL1L,RMDDL,IL1L/R,RMDD
4147,8445414,32034.2,23292.2,3200.0,1821235,8161910,1820689,8150477,IL1L,RMDVR,IL1L/R,RMDV
4148,8445367,31984.0,22835.9,2900.0,1821235,8161916,1821989,8174619,IL1L,BWM-VL02,IL1L/R,BWM02V
4149,8445367,31984.0,22835.9,2900.0,1821235,8161916,1820689,8150489,IL1L,RMDVR,IL1L/R,RMDV
4150,8445367,31984.0,22835.9,2900.0,1821235,8161916,1822018,8174862,IL1L,BWM-VL01,IL1L/R,BWM01V
4151,8445366,32110.7,19059.3,3900.0,1821235,8161926,1820488,8145606,IL1L,RMDVL,IL1L/R,RMDV
4152,8445366,32110.7,19059.3,3900.0,1821235,8161926,1821541,8168005,IL1L,BWM-DL02,IL1L/R,BWM02D
4153,8445366,32110.7,19059.3,3900.0,1821235,8161926,1821512,8167549,IL1L,BWM-DL04,IL1L/R,BWM04D
4154,8417885,25247.6,29686.2,14250.0,1822263,8179257,1824041,8219002,DVA,FLPR,DVA,FLP
4155,8417885,25247.6,29686.2,14250.0,1822263,8179257,1822426,8183168,DVA,RIAR,DVA,RIA
4156,8417884,23239.8,29547.1,8700.0,1822263,8179367,1820370,8143568,DVA,AVEL,DVA,AVE
4157,8417884,23239.8,29547.1,8700.0,1822263,8179367,1819995,8136624,DVA,RIR,DVA,RIR
4158,8417883,22649.0,28966.5,8250.0,1822263,8179742,1819658,8128399,DVA,URXR,DVA,URX
4159,8417883,22649.0,28966.5,8250.0,1822263,8179742,1820370,8143577,DVA,AVEL,DVA,AVE
4160,8417883,22649.0,28966.5,8250.0,1822263,8179742,1819995,8136747,DVA,RIR,DVA,RIR
4161,8417882,19103.8,23897.3,7800.0,1822263,8179739,1824067,8219998,DVA,AQR,DVA,AQR
4162,8417880,17269.6,21128.0,7050.0,1822263,8179405,1824396,8227665,DVA,AVAR,DVA,AVA
4163,8417880,17269.6,21128.0,7050.0,1822263,8179405,1823242,8200201,DVA,AVBL,DVA,AVB
4164,8417879,20279.7,13819.1,7350.0,1822263,8179427,1823356,8202699,DVA,AIZR,DVA,AIZ
4165,8417879,20279.7,13819.1,7350.0,1822263,8179427,1820298,8142000,DVA,AVER,DVA,AVE
4166,8417877,23332.3,12463.1,7750.0,1822263,8179703,1823356,8202713,DVA,AIZR,DVA,AIZ
4167,8417877,23332.3,12463.1,7750.0,1822263,8179703,1820298,8142009,DVA,AVER,DVA,AVE
4168,8417876,21565.4,12844.5,8100.0,1822263,8179710,1822962,8194711,DVA,AUAR,DVA,AUA
4169,8417876,21565.4,12844.5,8100.0,1822263,8179710,1820298,8142582,DVA,AVER,DVA,AVE
4170,8417875,22354.1,12522.6,8100.0,1822263,8179710,1822962,8194711,DVA,AUAR,DVA,AUA
4171,8417875,22354.1,12522.6,8100.0,1822263,8179710,1820298,8142582,DVA,AVER,DVA,AVE
4172,8417874,22559.3,12515.4,8050.0,1822263,8179709,1822962,8194712,DVA,AUAR,DVA,AUA
4173,8417874,22559.3,12515.4,8050.0,1822263,8179709,1820298,8142581,DVA,AVER,DVA,AVE
4174,8417873,21244.7,13088.4,8000.0,1822263,8179708,1820298,8142580,DVA,AVER,DVA,AVE
4175,8417872,30095.7,13403.8,7900.0,1822263,8179660,1823084,8197175,DVA,AUAL,DVA,AUA
4176,8417872,30095.7,13403.8,7900.0,1822263,8179660,1820370,8143885,DVA,AVEL,DVA,AVE
4177,8417871,29552.6,13000.8,7950.0,1822263,8179661,1820370,8143886,DVA,AVEL,DVA,AVE
4178,8417871,29552.6,13000.8,7950.0,1822263,8179661,1823428,8204040,DVA,AIZL,DVA,AIZ
4179,8417871,29552.6,13000.8,7950.0,1822263,8179661,1823084,8197170,DVA,AUAL,DVA,AUA
4180,8417870,29311.4,12804.8,7950.0,1822263,8179661,1823428,8204040,DVA,AIZL,DVA,AIZ
4181,8417870,29311.4,12804.8,7950.0,1822263,8179661,1823084,8197170,DVA,AUAL,DVA,AUA
4182,8417870,29311.4,12804.8,7950.0,1822263,8179661,1820370,8143886,DVA,AVEL,DVA,AVE
4183,8417869,27993.3,12337.1,7950.0,1822263,8179661,1820370,8143886,DVA,AVEL,DVA,AVE
4184,8417869,27993.3,12337.1,7950.0,1822263,8179661,1823084,8197187,DVA,AUAL,DVA,AUA
4185,8417868,28706.6,12510.6,8050.0,1822263,8179663,1823084,8197185,DVA,AUAL,DVA,AUA
4186,8417868,28706.6,12510.6,8050.0,1822263,8179663,1820370,8143888,DVA,AVEL,DVA,AVE
4187,8417867,31327.9,14158.2,7250.0,1822263,8179452,1823428,8204046,DVA,AIZL,DVA,AIZ
4188,8417867,31327.9,14158.2,7250.0,1822263,8179452,1820370,8143317,DVA,AVEL,DVA,AVE
4189,8417866,31579.1,14373.7,7050.0,1822263,8179456,1821091,8158134,DVA,URYDL,DVA,URYD
4190,8417866,31579.1,14373.7,7050.0,1822263,8179456,1820370,8143313,DVA,AVEL,DVA,AVE
4191,8417865,33985.4,19323.7,7350.0,1822263,8179633,1820370,8143285,DVA,AVEL,DVA,AVE
4192,8417864,34078.1,19334.2,7450.0,1824050,8219374,1823489,8205120,PVCL,RID,PVC,RID
4193,8417864,34078.1,19334.2,7450.0,1824050,8219374,1820370,8143283,PVCL,AVEL,PVC,AVE
4194,8417862,33588.0,23173.9,7050.0,1822263,8179622,1823957,8216460,DVA,SIAVL,DVA,SIAV
4195,8417860,33871.8,22569.5,7500.0,1822263,8179618,1822086,8176220,DVA,PVPL,DVA,PVP
4196,8417860,33871.8,22569.5,7500.0,1822263,8179618,1824067,8219825,DVA,AQR,DVA,AQR
4197,8417859,33927.4,21459.8,7400.0,1822263,8179474,1824067,8219762,DVA,AQR,DVA,AQR
4198,8417859,33927.4,21459.8,7400.0,1822263,8179474,1820190,8140241,DVA,AVAL,DVA,AVA
4199,8417858,32726.7,25009.9,7750.0,1822263,8179481,1824067,8219749,DVA,AQR,DVA,AQR
4200,8417858,32726.7,25009.9,7750.0,1822263,8179481,1819724,8129576,DVA,SDQL,DVA,SDQ
4201,8417857,30996.8,28723.2,7850.0,1822263,8179610,1819995,8136444,DVA,RIR,DVA,RIR
4202,8417857,30996.8,28723.2,7850.0,1822263,8179610,1820298,8142546,DVA,AVER,DVA,AVE
4203,8417856,30732.0,29016.9,8050.0,1822263,8179491,1819995,8136464,DVA,RIR,DVA,RIR
4204,8417856,30732.0,29016.9,8050.0,1822263,8179491,1820298,8142542,DVA,AVER,DVA,AVE
4205,8417855,30567.3,28963.9,8250.0,1822263,8179495,1820298,8142538,DVA,AVER,DVA,AVE
4206,8417855,30567.3,28963.9,8250.0,1822263,8179495,1823428,8203918,DVA,AIZL,DVA,AIZ
4207,8417854,30697.3,28500.0,9100.0,1822263,8179511,1823775,8211670,DVA,SMBVL,DVA,SMBV
4208,8417854,30697.3,28500.0,9100.0,1822263,8179511,1820615,8148547,DVA,SMBDL,DVA,SMBD
4209,8417853,29643.6,29323.2,10700.0,1822263,8179542,1823775,8211601,DVA,SMBVL,DVA,SMBV
4210,8417853,29643.6,29323.2,10700.0,1822263,8179542,1820615,8148517,DVA,SMBDL,DVA,SMBD
4211,8417852,28095.9,29877.0,11700.0,1822263,8179561,1820298,8142307,DVA,AVER,DVA,AVE
4212,8417851,27915.1,30480.8,13850.0,1822263,8179604,1820254,8141233,DVA,RIML,DVA,RIM
4213,8417851,27915.1,30480.8,13850.0,1822263,8179604,1822365,8182020,DVA,RIAL,DVA,RIA
4214,8417851,27915.1,30480.8,13850.0,1822263,8179604,1820298,8142350,DVA,AVER,DVA,AVE
4215,8417850,31332.1,24656.0,7300.0,1821299,8163592,1821246,8162274,CEPVL,URBL,CEPV,URB
4216,8417850,31332.1,24656.0,7300.0,1821299,8163592,1820832,8152177,CEPVL,OLQVL,CEPV,OLQV
4217,8417847,32622.2,24298.3,3400.0,1821278,8163016,1824277,8225067,OLLL,RMDDL,OLL,RMDD
4218,8417847,32622.2,24298.3,3400.0,1821278,8163016,1821028,8157109,OLLL,IL1VL,OLL,IL1V
4219,8417847,32622.2,24298.3,3400.0,1821278,8163016,1821299,8163494,OLLL,CEPVL,OLL,CEPV
4220,8417845,31160.7,24827.5,7750.0,1821299,8163530,1821017,8156735,CEPVL,URAVL,CEPV,URAV
4221,8417845,31160.7,24827.5,7750.0,1821299,8163530,1820832,8152169,CEPVL,OLQVL,CEPV,OLQV
4222,8417844,31437.1,23953.9,7900.0,1821299,8163533,1823514,8205935,CEPVL,RICL,CEPV,RIC
4223,8417844,31437.1,23953.9,7900.0,1821299,8163533,1823392,8203359,CEPVL,RICR,CEPV,RIC
4224,8417843,30460.7,26687.6,8900.0,1821299,8163380,1823392,8203389,CEPVL,RICR,CEPV,RIC
4225,8417843,30460.7,26687.6,8900.0,1821299,8163380,1823514,8205546,CEPVL,RICL,CEPV,RIC
4226,8417842,30625.3,25269.7,7900.0,1821299,8163522,1821028,8156993,CEPVL,IL1VL,CEPV,IL1V
4227,8417842,30625.3,25269.7,7900.0,1821299,8163522,1820832,8152318,CEPVL,OLQVL,CEPV,OLQV
4228,8417840,30479.6,25065.3,7650.0,1821299,8163527,1820832,8152313,CEPVL,OLQVL,CEPV,OLQV
4229,8417840,30479.6,25065.3,7650.0,1821299,8163527,1821028,8156998,CEPVL,IL1VL,CEPV,IL1V
4230,8417839,31062.3,24731.7,7400.0,1821299,8163543,1819753,8130688,CEPVL,PVR,CEPV,PVR
4231,8417839,31062.3,24731.7,7400.0,1821299,8163543,1820832,8152175,CEPVL,OLQVL,CEPV,OLQV
4232,8417839,31062.3,24731.7,7400.0,1821299,8163543,1821017,8156741,CEPVL,URAVL,CEPV,URAV
4233,8417838,31094.9,24652.5,7500.0,1821299,8163541,1822505,8185118,CEPVL,RMHL,CEPV,RMH
4234,8417838,31094.9,24652.5,7500.0,1821299,8163541,1820832,8152174,CEPVL,OLQVL,CEPV,OLQV
4235,8417838,31094.9,24652.5,7500.0,1821299,8163541,1821017,8156740,CEPVL,URAVL,CEPV,URAV
4236,8417837,30972.4,24713.1,6950.0,1821299,8163599,1820832,8152185,CEPVL,OLQVL,CEPV,OLQV
4237,8417837,30972.4,24713.1,6950.0,1821299,8163599,1821017,8156750,CEPVL,URAVL,CEPV,URAV
4238,8417836,32560.1,22043.9,7050.0,1821299,8163554,1822455,8184081,CEPVL,RMHR,CEPV,RMH
4239,8417836,32560.1,22043.9,7050.0,1821299,8163554,1821246,8162313,CEPVL,URBL,CEPV,URB
4240,8417836,32560.1,22043.9,7050.0,1821299,8163554,1822455,8184093,CEPVL,RMHR,CEPV,RMH
4241,8417835,32254.8,22055.4,7400.0,1821299,8163547,1823514,8205933,CEPVL,RICL,CEPV,RIC
4242,8417835,32254.8,22055.4,7400.0,1821299,8163547,1822455,8184104,CEPVL,RMHR,CEPV,RMH
4243,8417834,32069.3,21498.3,7650.0,1821299,8163561,1822455,8184109,CEPVL,RMHR,CEPV,RMH
4244,8417834,32069.3,21498.3,7650.0,1821299,8163561,1823514,8205590,CEPVL,RICL,CEPV,RIC
4245,8417833,32088.8,22228.7,7800.0,1821299,8163564,1823392,8203348,CEPVL,RICR,CEPV,RIC
4246,8417833,32088.8,22228.7,7800.0,1821299,8163564,1823514,8205593,CEPVL,RICL,CEPV,RIC
4247,8417832,32583.9,19953.1,8650.0,1821299,8163588,1820370,8143259,CEPVL,AVEL,CEPV,AVE
4248,8417832,32583.9,19953.1,8650.0,1821299,8163588,1821041,8157352,CEPVL,URXL,CEPV,URX
4249,8417831,27747.3,26917.8,8850.0,1821299,8163383,1821899,8173440,CEPVL,BWM-VL05,CEPV,BWM05V
4250,8417831,27747.3,26917.8,8850.0,1821299,8163383,1823121,8197849,CEPVL,SMDDL,CEPV,SMDD
4251,8417830,29021.8,27514.2,6150.0,1821299,8163437,1824277,8224614,CEPVL,RMDDL,CEPV,RMDD
4252,8417830,29021.8,27514.2,6150.0,1821299,8163437,1820843,8152644,CEPVL,URYVL,CEPV,URYV
4253,8417829,29406.6,27974.8,6100.0,1821299,8163438,1821278,8163074,CEPVL,OLLL,CEPV,OLL
4254,8417829,29406.6,27974.8,6100.0,1821299,8163438,1820298,8142196,CEPVL,AVER,CEPV,AVE
4255,8417828,29708.3,27916.9,5600.0,1821299,8163500,1820298,8142186,CEPVL,AVER,CEPV,AVE
4256,8417827,29679.8,27620.2,5600.0,1821299,8163500,1824277,8224625,CEPVL,RMDDL,CEPV,RMDD
4257,8417826,31274.6,26125.8,5000.0,1821299,8163461,1821278,8163048,CEPVL,OLLL,CEPV,OLL
4258,8417826,31274.6,26125.8,5000.0,1821299,8163461,1824277,8224662,CEPVL,RMDDL,CEPV,RMDD
4259,8417825,32493.7,25150.1,4200.0,1821299,8163478,1824277,8224678,CEPVL,RMDDL,CEPV,RMDD
4260,8417825,32493.7,25150.1,4200.0,1821299,8163478,1821278,8163032,CEPVL,OLLL,CEPV,OLL
4261,8417824,32880.6,25041.3,3750.0,1821299,8163487,1820298,8142149,CEPVL,AVER,CEPV,AVE
4262,8417824,32880.6,25041.3,3750.0,1821299,8163487,1821278,8163023,CEPVL,OLLL,CEPV,OLL
4263,8417823,32737.2,24225.7,3550.0,1821299,8163491,1821278,8163019,CEPVL,OLLL,CEPV,OLL
4264,8417823,32737.2,24225.7,3550.0,1821299,8163491,1824277,8225064,CEPVL,RMDDL,CEPV,RMDD
4265,8417822,32854.1,23962.8,3450.0,1821299,8163493,1821028,8157108,CEPVL,IL1VL,CEPV,IL1V
4266,8417822,32854.1,23962.8,3450.0,1821299,8163493,1824277,8225066,CEPVL,RMDDL,CEPV,RMDD
4267,8417821,33089.8,23807.3,3350.0,1821299,8163495,1821235,8161907,CEPVL,IL1L,CEPV,IL1L/R
4268,8417821,33089.8,23807.3,3350.0,1821299,8163495,1821028,8157110,CEPVL,IL1VL,CEPV,IL1V
4269,8417821,33089.8,23807.3,3350.0,1821299,8163495,1824277,8225068,CEPVL,RMDDL,CEPV,RMDD
4270,8417820,33103.6,24300.1,3300.0,1821299,8163496,1820298,8142140,CEPVL,AVER,CEPV,AVE
4271,8417820,33103.6,24300.1,3300.0,1821299,8163496,1821278,8163014,CEPVL,OLLL,CEPV,OLL
4272,8417817,18637.0,17823.3,7200.0,1820969,8155784,1821184,8160705,CEPDR,URBR,CEPD,URB
4273,8417817,18637.0,17823.3,7200.0,1820969,8155784,1823392,8203602,CEPDR,RICR,CEPD,RIC
4274,8417817,18637.0,17823.3,7200.0,1820969,8155784,1819658,8128590,CEPDR,URXR,CEPD,URX
4275,8417815,20315.2,15360.3,7950.0,1820969,8155769,1822126,8176894,CEPDR,AVDR,CEPD,AVD
4276,8417815,20315.2,15360.3,7950.0,1820969,8155769,1822066,8175908,CEPDR,AVJR,CEPD,AVJ
4277,8417815,20315.2,15360.3,7950.0,1820969,8155769,1820992,8156200,CEPDR,URYDR,CEPD,URYD
4278,8417814,20177.6,15643.7,7350.0,1820969,8155781,1823392,8203594,CEPDR,RICR,CEPD,RIC
4279,8417814,20177.6,15643.7,7350.0,1820969,8155781,1823242,8200570,CEPDR,AVBL,CEPD,AVB
4280,8417811,20314.7,15561.9,7300.0,1820969,8155782,1820992,8156213,CEPDR,URYDR,CEPD,URYD
4281,8417811,20314.7,15561.9,7300.0,1820969,8155782,1823392,8203593,CEPDR,RICR,CEPD,RIC
4282,8417811,20314.7,15561.9,7300.0,1820969,8155782,1823242,8200571,CEPDR,AVBL,CEPD,AVB
4283,8417811,20314.7,15561.9,7300.0,1820969,8155782,1820922,8154469,CEPDR,OLQDR,CEPD,OLQD
4284,8417810,20747.1,15998.8,6800.0,1820969,8155792,1822920,8193769,CEPDR,IL1DR,CEPD,IL1D
4285,8417810,20747.1,15998.8,6800.0,1820969,8155792,1820922,8154479,CEPDR,OLQDR,CEPD,OLQD
4286,8417809,18677.4,18076.1,6800.0,1820969,8155792,1822505,8185412,CEPDR,RMHL,CEPD,RMH
4287,8417809,18677.4,18076.1,6800.0,1820969,8155792,1823392,8203605,CEPDR,RICR,CEPD,RIC
4288,8417809,18677.4,18076.1,6800.0,1820969,8155792,1821184,8160747,CEPDR,URBR,CEPD,URB
4289,8417808,18756.9,17705.6,6600.0,1820969,8155796,1823392,8203237,CEPDR,RICR,CEPD,RIC
4290,8417808,18756.9,17705.6,6600.0,1820969,8155796,1819658,8128613,CEPDR,URXR,CEPD,URX
4291,8417808,18756.9,17705.6,6600.0,1820969,8155796,1819658,8128602,CEPDR,URXR,CEPD,URX
4292,8417807,22228.2,14968.0,6250.0,1820969,8155816,1823514,8205662,CEPDR,RICL,CEPD,RIC
4293,8417807,22228.2,14968.0,6250.0,1820969,8155816,1822455,8183968,CEPDR,RMHR,CEPD,RMH
4294,8417805,21878.8,15431.9,5250.0,1820969,8155984,1820957,8155434,CEPDR,URADR,CEPD,URAD
4295,8417805,21878.8,15431.9,5250.0,1820969,8155984,1820922,8154510,CEPDR,OLQDR,CEPD,OLQD
4296,8417804,21187.0,15980.1,6000.0,1820969,8155967,1822920,8193785,CEPDR,IL1DR,CEPD,IL1D
4297,8417804,21187.0,15980.1,6000.0,1820969,8155967,1820922,8154495,CEPDR,OLQDR,CEPD,OLQD
4298,8417803,20635.3,16298.0,5950.0,1820969,8155968,1820922,8154496,CEPDR,OLQDR,CEPD,OLQD
4299,8417803,20635.3,16298.0,5950.0,1820969,8155968,1820615,8148683,CEPDR,SMBDL,CEPD,SMBD
4300,8417802,21216.3,16035.8,5750.0,1820969,8155972,1822920,8193790,CEPDR,IL1DR,CEPD,IL1D
4301,8417802,21216.3,16035.8,5750.0,1820969,8155972,1820922,8154500,CEPDR,OLQDR,CEPD,OLQD
4302,8417801,21820.3,15161.0,5800.0,1820969,8155971,1824307,8225894,CEPDR,SIBVR,CEPD,SIBV
4303,8417801,21820.3,15161.0,5800.0,1820969,8155971,1822332,8181259,CEPDR,RMDDR,CEPD,RMDD
4304,8417801,21820.3,15161.0,5800.0,1820969,8155971,1819966,8135815,CEPDR,RIPR,CEPD,RIP
4305,8417801,21820.3,15161.0,5800.0,1820969,8155971,1820957,8155423,CEPDR,URADR,CEPD,URAD
4306,8453175,25631.2,28008.3,6650.0,1821212,8161574,1822332,8181130,OLLR,RMDDR,OLL,RMDD
4307,8453175,25631.2,28008.3,6650.0,1821212,8161574,1819574,8126743,OLLR,CEPVR,OLL,CEPV
4308,8453175,25631.2,28008.3,6650.0,1821212,8161574,1820861,8153049,OLLR,URYVR,OLL,URYV
4309,8453175,25631.2,28008.3,6650.0,1821212,8161574,1823630,8208712,OLLR,SMDDR,OLL,SMDD
4310,8453173,25379.6,28755.6,6850.0,1821212,8161578,1820370,8143518,OLLR,AVEL,OLL,AVE
4311,8453173,25379.6,28755.6,6850.0,1821212,8161578,1822886,8193471,OLLR,RIBR,OLL,RIB
4312,8453172,25856.8,28107.2,7000.0,1821212,8161581,1823630,8208705,OLLR,SMDDR,OLL,SMDD
4313,8453171,25474.8,28430.3,7050.0,1821212,8161582,1820552,8147114,OLLR,SMDVL,OLL,SMDV
4314,8453171,25474.8,28430.3,7050.0,1821212,8161582,1820370,8143522,OLLR,AVEL,OLL,AVE
4315,8453170,25959.9,28244.2,7250.0,1821212,8161586,1820552,8147118,OLLR,SMDVL,OLL,SMDV
4316,8453170,25959.9,28244.2,7250.0,1821212,8161586,1823630,8208700,OLLR,SMDDR,OLL,SMDD
4317,8453169,26148.1,28440.2,7250.0,1821212,8161586,1823630,8208700,OLLR,SMDDR,OLL,SMDD
4318,8453168,18468.4,17241.2,2900.0,1821212,8161477,1821172,8160362,OLLR,IL1R,OLL,IL1L/R
4319,8453139,32788.2,18171.0,8750.0,1821278,8162877,1821041,8157269,OLLL,URXL,OLL,URX
4320,8453139,32788.2,18171.0,8750.0,1821278,8162877,1823630,8208524,OLLL,SMDDR,OLL,SMDD
4321,8453138,33109.8,20100.9,5700.0,1821278,8162938,1820413,8144576,OLLL,RMDR,OLL,RMDL/R
4322,8453137,32254.0,16399.1,3450.0,1821278,8163098,1821140,8159530,OLLL,CEPDL,OLL,CEPD
4323,8453137,32254.0,16399.1,3450.0,1821278,8163098,1820488,8146136,OLLL,RMDVL,OLL,RMDV
4324,8417800,18653.2,17635.9,6150.0,1820969,8155829,1823514,8205861,CEPDR,RICL,CEPD,RIC
4325,8417800,18653.2,17635.9,6150.0,1820969,8155829,1823601,8207828,CEPDR,SIADL,CEPD,SIAD
4326,8417799,18412.6,17880.3,5050.0,1820969,8155851,1822505,8185262,CEPDR,RMHL,CEPD,RMH
4327,8417799,18412.6,17880.3,5050.0,1820969,8155851,1820413,8144724,CEPDR,RMDR,CEPD,RMDL/R
4328,8417798,18322.2,16563.3,3400.0,1820969,8155895,1820689,8150293,CEPDR,RMDVR,CEPD,RMDV
4329,8417798,18322.2,16563.3,3400.0,1820969,8155895,1821212,8161492,CEPDR,OLLR,CEPD,OLL
4330,8417798,18322.2,16563.3,3400.0,1820969,8155895,1820370,8143431,CEPDR,AVEL,CEPD,AVE
4331,8417797,18642.9,15693.9,3400.0,1820969,8155895,1821212,8161420,CEPDR,OLLR,CEPD,OLL
4332,8417797,18642.9,15693.9,3400.0,1820969,8155895,1820370,8143422,CEPDR,AVEL,CEPD,AVE
4333,8417796,18941.8,15336.5,3500.0,1820969,8155897,1821212,8161422,CEPDR,OLLR,CEPD,OLL
4334,8417796,18941.8,15336.5,3500.0,1820969,8155897,1820370,8143420,CEPDR,AVEL,CEPD,AVE
4335,8417795,18781.0,14917.5,3800.0,1820969,8155903,1820370,8143414,CEPDR,AVEL,CEPD,AVE
4336,8417795,18781.0,14917.5,3800.0,1820969,8155903,1823880,8214548,CEPDR,RIS,CEPD,RIS
4337,8417793,19502.6,14875.8,3900.0,1820969,8155905,1820370,8143412,CEPDR,AVEL,CEPD,AVE
4338,8417793,19502.6,14875.8,3900.0,1820969,8155905,1820689,8150362,CEPDR,RMDVR,CEPD,RMDV
4339,8417793,19502.6,14875.8,3900.0,1820969,8155905,1821212,8161430,CEPDR,OLLR,CEPD,OLL
4340,8417792,21380.4,13433.0,4200.0,1820969,8155952,1821212,8161472,CEPDR,OLLR,CEPD,OLL
4341,8417792,21380.4,13433.0,4200.0,1820969,8155952,1820370,8143402,CEPDR,AVEL,CEPD,AVE
4342,8417790,23063.4,12609.5,4350.0,1820969,8155931,1821212,8161455,CEPDR,OLLR,CEPD,OLL
4343,8417790,23063.4,12609.5,4350.0,1820969,8155931,1820370,8143398,CEPDR,AVEL,CEPD,AVE
4344,8417789,22514.4,12783.8,4100.0,1820969,8155936,1820370,8143407,CEPDR,AVEL,CEPD,AVE
4345,8417789,22514.4,12783.8,4100.0,1820969,8155936,1821212,8161470,CEPDR,OLLR,CEPD,OLL
4346,8417788,23076.4,13122.9,3850.0,1820969,8155941,1820689,8150358,CEPDR,RMDVR,CEPD,RMDV
4347,8417788,23076.4,13122.9,3850.0,1820969,8155941,1820992,8156342,CEPDR,URYDR,CEPD,URYD
4348,8417784,29349.9,15472.2,5650.0,1821140,8159409,1821079,8472478,CEPDL,OLQDL,CEPD,OLQD
4349,8417784,29349.9,15472.2,5650.0,1821140,8159409,1819982,8136037,CEPDL,RIPL,CEPD,RIP
4350,8417784,29349.9,15472.2,5650.0,1821140,8159409,1821160,8159982,CEPDL,URADL,CEPD,URAD
4351,8417782,27608.8,14884.0,6250.0,1821140,8159375,1821659,8169767,CEPDL,BWM-DL07,CEPD,BWM07D
4352,8417781,31948.5,17575.1,7150.0,1821140,8159345,1820634,8149367,CEPDL,SMBDR,CEPD,SMBD
4353,8417781,31948.5,17575.1,7150.0,1821140,8159345,1823514,8205919,CEPDL,RICL,CEPD,RIC
4354,8417781,31948.5,17575.1,7150.0,1821140,8159345,1822455,8184194,CEPDL,RMHR,CEPD,RMH
4355,8417779,33176.4,17625.9,3700.0,1821140,8159483,1823880,8214644,CEPDL,RIS,CEPD,RIS
4356,8417779,33176.4,17625.9,3700.0,1821140,8159483,1823055,8196612,CEPDL,RIBL,CEPD,RIB
4357,8417777,29884.0,16414.2,5600.0,1821140,8159410,1820634,8149336,CEPDL,SMBDR,CEPD,SMBD
4358,8417777,29884.0,16414.2,5600.0,1821140,8159410,1821079,8157823,CEPDL,OLQDL,CEPD,OLQD
4359,8417776,29590.3,16060.0,5950.0,1821140,8159403,1821079,8157816,CEPDL,OLQDL,CEPD,OLQD
4360,8417776,29590.3,16060.0,5950.0,1821140,8159403,1821126,8159129,CEPDL,IL1DL,CEPD,IL1D
4361,8417774,31980.7,17612.8,8500.0,1821140,8159534,1821041,9639070,CEPDL,URXL,CEPD,URX
4362,8417774,31980.7,17612.8,8500.0,1821140,8159534,1823795,8212652,CEPDL,SIADR,CEPD,SIAD
4363,8417774,31980.7,17612.8,8500.0,1821140,8159534,1819724,8129516,CEPDL,SDQL,CEPD,SDQ
4364,8417773,30607.6,16141.7,7900.0,1821140,8159319,1823514,8205907,CEPDL,RICL,CEPD,RIC
4365,8417773,30607.6,16141.7,7900.0,1821140,8159319,1821246,8162192,CEPDL,URBL,CEPD,URB
4366,8417772,31879.3,18084.7,7550.0,1821140,8159327,1822455,8184218,CEPDL,RMHR,CEPD,RMH
4367,8417772,31879.3,18084.7,7550.0,1821140,8159327,1823514,8205621,CEPDL,RICL,CEPD,RIC
4368,8417771,30173.4,15773.8,7600.0,1821140,8159325,1821041,8157529,CEPDL,URXL,CEPD,URX
4369,8417771,30173.4,15773.8,7600.0,1821140,8159325,1821079,8157783,CEPDL,OLQDL,CEPD,OLQD
4370,8417771,30173.4,15773.8,7600.0,1821140,8159325,1821126,8159096,CEPDL,IL1DL,CEPD,IL1D
4371,8417685,31879.7,17988.7,7150.0,1821140,8159345,1823514,8205919,CEPDL,RICL,CEPD,RIC
4372,8417685,31879.7,17988.7,7150.0,1821140,8159345,1822455,8184210,CEPDL,RMHR,CEPD,RMH
4373,8417685,31879.7,17988.7,7150.0,1821140,8159345,1823392,8203571,CEPDL,RICR,CEPD,RIC
4374,8417682,29753.8,15810.9,6750.0,1821140,8159353,1821079,8157800,CEPDL,OLQDL,CEPD,OLQD
4375,8417682,29753.8,15810.9,6750.0,1821140,8159353,1821126,8159113,CEPDL,IL1DL,CEPD,IL1D
4376,8417681,31235.6,17079.9,6450.0,1821140,8159371,1821246,8162221,CEPDL,URBL,CEPD,URB
4377,8417681,31235.6,17079.9,6450.0,1821140,8159371,1821079,8157806,CEPDL,OLQDL,CEPD,OLQD
4378,8417681,31235.6,17079.9,6450.0,1821140,8159371,1820634,8149353,CEPDL,SMBDR,CEPD,SMBD
4379,8417680,28972.5,15179.7,6600.0,1821140,8159368,1821160,8159963,CEPDL,URADL,CEPD,URAD
4380,8417680,28972.5,15179.7,6600.0,1821140,8159368,1823392,8203289,CEPDL,RICR,CEPD,RIC
4381,8417678,27535.7,14671.6,6550.0,1821140,8159369,1823392,8203284,CEPDL,RICR,CEPD,RIC
4382,8417678,27535.7,14671.6,6550.0,1821140,8159369,1822505,8185204,CEPDL,RMHL,CEPD,RMH
4383,8417677,28301.6,14856.8,6550.0,1821140,8159369,1823392,8203288,CEPDL,RICR,CEPD,RIC
4384,8417677,28301.6,14856.8,6550.0,1821140,8159369,1822505,8185203,CEPDL,RMHL,CEPD,RMH
4385,8417676,29656.3,15964.4,6400.0,1821140,8159372,1821079,8157807,CEPDL,OLQDL,CEPD,OLQD
4386,8417676,29656.3,15964.4,6400.0,1821140,8159372,1821126,8159120,CEPDL,IL1DL,CEPD,IL1D
4387,8417675,32459.7,18268.8,5200.0,1821140,8159444,1822455,8184157,CEPDL,RMHR,CEPD,RMH
4388,8417675,32459.7,18268.8,5200.0,1821140,8159444,1819707,8129202,CEPDL,ADEL,CEPD,ADE
4389,8417674,32718.9,17709.9,3550.0,1821140,8159480,1821278,8162987,CEPDL,OLLL,CEPD,OLL
4390,8417674,32718.9,17709.9,3550.0,1821140,8159480,1820488,8145613,CEPDL,RMDVL,CEPD,RMDV
4391,8417674,32718.9,17709.9,3550.0,1821140,8159480,1820298,8142102,CEPDL,AVER,CEPD,AVE
4392,8417673,32478.4,15809.8,3600.0,1821140,8159481,1823055,8196596,CEPDL,RIBL,CEPD,RIB
4393,8417673,32478.4,15809.8,3600.0,1821140,8159481,1820298,8142094,CEPDL,AVER,CEPD,AVE
4394,8417672,32228.8,16262.7,3550.0,1821140,8159480,1820298,8142095,CEPDL,AVER,CEPD,AVE
4395,8417672,32228.8,16262.7,3550.0,1821140,8159480,1820488,8146134,CEPDL,RMDVL,CEPD,RMDV
4396,8417670,31884.9,15828.5,3750.0,1821140,8159484,1820298,8142091,CEPDL,AVER,CEPD,AVE
4397,8417670,31884.9,15828.5,3750.0,1821140,8159484,1821278,8163104,CEPDL,OLLL,CEPD,OLL
4398,8417670,31884.9,15828.5,3750.0,1821140,8159484,1820488,8145625,CEPDL,RMDVL,CEPD,RMDV
4399,8417668,32234.2,15505.3,3800.0,1821140,8159485,1820298,8142090,CEPDL,AVER,CEPD,AVE
4400,8417668,32234.2,15505.3,3800.0,1821140,8159485,1823055,8196592,CEPDL,RIBL,CEPD,RIB
4401,8417667,31685.6,15449.2,3900.0,1821140,8159487,1821278,8163107,CEPDL,OLLL,CEPD,OLL
4402,8417667,31685.6,15449.2,3900.0,1821140,8159487,1820298,8142088,CEPDL,AVER,CEPD,AVE
4403,8417666,31055.2,14895.2,4250.0,1821140,8159494,1821278,8163147,CEPDL,OLLL,CEPD,OLL
4404,8417666,31055.2,14895.2,4250.0,1821140,8159494,1820488,8146109,CEPDL,RMDVL,CEPD,RMDV
4405,8417663,30063.6,13236.7,4450.0,1821091,8158188,1820298,8142075,URYDL,AVER,URYD,AVE
4406,8417663,30063.6,13236.7,4450.0,1821091,8158188,1823630,8208631,URYDL,SMDDR,URYD,SMDD
4407,8417662,30477.0,14029.0,4450.0,1821140,8159503,1821091,8158188,CEPDL,URYDL,CEPD,URYD
4408,8417662,30477.0,14029.0,4450.0,1821140,8159503,1823630,8208631,CEPDL,SMDDR,CEPD,SMDD
4409,8417662,30477.0,14029.0,4450.0,1821140,8159503,1821278,8163151,CEPDL,OLLL,CEPD,OLL
4410,8417652,27959.6,12688.3,4100.0,1821140,8159513,1821278,8163122,CEPDL,OLLL,CEPD,OLL
4411,8417652,27959.6,12688.3,4100.0,1821140,8159513,1820298,8142572,CEPDL,AVER,CEPD,AVE
4412,8417649,27695.3,13223.5,4000.0,1821140,8159515,1821091,8158251,CEPDL,URYDL,CEPD,URYD
4413,8417649,27695.3,13223.5,4000.0,1821140,8159515,1820488,8145658,CEPDL,RMDVL,CEPD,RMDV
4414,8417649,27695.3,13223.5,4000.0,1821140,8159515,1821091,8158265,CEPDL,URYDL,CEPD,URYD
4415,8417601,25585.6,33964.9,19900.0,1823817,8212853,1819307,8121141,BDUR,PVNL,BDU,PVN
4416,8417601,25585.6,33964.9,19900.0,1823817,8212853,1819330,8121535,BDUR,PVNR,BDU,PVN
4417,8417576,26449.8,11091.6,8450.0,1820039,8136936,1823489,8204751,BAGR,RID,BAG,RID
4418,8417576,26449.8,11091.6,8450.0,1820039,8136936,1823055,8196472,BAGR,RIBL,BAG,RIB
4419,8417600,26139.9,35402.1,22900.0,1823817,8212795,1819330,8121476,BDUR,PVNR,BDU,PVN
4420,8417599,26150.8,35214.1,22650.0,1823817,8212800,1823838,8213275,BDUR,RIFR,BDU,RIF
4421,8417599,26150.8,35214.1,22650.0,1823817,8212800,1819505,8125466,BDUR,AVJL,BDU,AVJ
4422,8417598,25266.1,32857.0,17900.0,1823817,8212893,1823838,8213369,BDUR,RIFR,BDU,RIF
4423,8417598,25266.1,32857.0,17900.0,1823817,8212893,1823665,8208956,BDUR,HSNR,BDU,HSN
4424,8417597,25104.4,32658.2,17600.0,1823817,8212899,1823665,8208962,BDUR,HSNR,BDU,HSN
4425,8417597,25104.4,32658.2,17600.0,1823817,8212899,1819307,8121187,BDUR,PVNL,BDU,PVN
4426,8417596,23720.7,30301.2,14200.0,1823817,8212965,1820155,8138943,BDUR,AVBR,BDU,AVB
4427,8417596,23720.7,30301.2,14200.0,1823817,8212965,1823838,8213442,BDUR,RIFR,BDU,RIF
4428,8417596,23720.7,30301.2,14200.0,1823817,8212965,1819505,8125301,BDUR,AVJL,BDU,AVJ
4429,8417594,22522.9,28197.0,12250.0,1823817,8213004,1823838,8213481,BDUR,RIFR,BDU,RIF
4430,8417594,22522.9,28197.0,12250.0,1823817,8213004,1823665,8209074,BDUR,HSNR,BDU,HSN
4431,8417593,22184.2,27547.6,10400.0,1823817,8213041,1819505,8125225,BDUR,AVJL,BDU,AVJ
4432,8417593,22184.2,27547.6,10400.0,1823817,8213041,1819774,8130963,BDUR,ALMR,BDU,ALM
4433,8417591,20689.6,25181.2,9250.0,1823817,8213118,1819774,8130940,BDUR,ALMR,BDU,ALM
4434,8417591,20689.6,25181.2,9250.0,1823817,8213118,1820155,8139041,BDUR,AVBR,BDU,AVB
4435,8417590,19865.7,22431.8,8900.0,1823817,8213112,1819774,8130932,BDUR,ALMR,BDU,ALM
4436,8417588,19604.6,17050.8,8250.0,1823817,8213094,1819409,8123374,BDUR,PVNL,BDU,PVN
4437,8417588,19604.6,17050.8,8250.0,1823817,8213094,1819330,8121778,BDUR,PVNR,BDU,PVN
4438,8417587,19054.2,17295.9,8600.0,1823817,8213109,1819774,8130911,BDUR,ALMR,BDU,ALM
4439,8417586,20937.8,14934.5,8450.0,1823817,8213100,1820946,8155010,BDUR,IL2DR,BDU,IL2D
4440,8417586,20937.8,14934.5,8450.0,1823817,8213100,1820957,8155370,BDUR,URADR,BDU,URAD
4441,8417585,22141.8,27378.0,10150.0,1823817,8213046,1819774,8130958,BDUR,ALMR,BDU,ALM
4442,8417585,22141.8,27378.0,10150.0,1823817,8213046,1822105,8176600,BDUR,PVCR,BDU,PVC
4443,8417585,22141.8,27378.0,10150.0,1823817,8213046,1819505,8125220,BDUR,AVJL,BDU,AVJ
4444,8417580,25265.0,11447.3,7900.0,1820039,8137208,1822153,8177508,BAGR,AVDL,BAG,AVD
4445,8417580,25265.0,11447.3,7900.0,1820039,8137208,1824134,8221530,BAGR,RIGR,BAG,RIG
4446,8417577,25466.5,11229.4,8350.0,1820039,8136934,1823489,8204753,BAGR,RID,BAG,RID
4447,8417575,27719.2,11444.5,8400.0,1820039,8136935,1823055,8196469,BAGR,RIBL,BAG,RIB
4448,8417575,27719.2,11444.5,8400.0,1820039,8136935,1820370,8143902,BAGR,AVEL,BAG,AVE
4449,8417574,29410.0,12070.2,8400.0,1820039,8136943,1820370,8143902,BAGR,AVEL,BAG,AVE
4450,8417574,29410.0,12070.2,8400.0,1820039,8136943,1823055,8196462,BAGR,RIBL,BAG,RIB
4451,8417573,29094.7,11890.0,8400.0,1820039,8136943,1823055,8196462,BAGR,RIBL,BAG,RIB
4452,8417573,29094.7,11890.0,8400.0,1820039,8136943,1820370,8143902,BAGR,AVEL,BAG,AVE
4453,8417572,29740.8,12231.3,8300.0,1820039,8136941,1823055,8196460,BAGR,RIBL,BAG,RIB
4454,8417572,29740.8,12231.3,8300.0,1820039,8136941,1820370,8143900,BAGR,AVEL,BAG,AVE
4455,8417571,30684.1,12864.5,8100.0,1820039,8136946,1820370,8143896,BAGR,AVEL,BAG,AVE
4456,8417571,30684.1,12864.5,8100.0,1820039,8136946,1823055,8196458,BAGR,RIBL,BAG,RIB
4457,8417570,32465.3,14836.2,7950.0,1820039,8136952,1824469,8229056,BAGR,AIYL,BAG,AIY
4458,8417570,32465.3,14836.2,7950.0,1820039,8136952,1823055,8196451,BAGR,RIBL,BAG,RIB
4459,8417567,35332.4,19654.6,8200.0,1820039,8136967,1822365,8181827,BAGR,RIAL,BAG,RIA
4460,8417567,35332.4,19654.6,8200.0,1820039,8136967,1820190,8139726,BAGR,AVAL,BAG,AVA
4461,8417566,35613.4,20428.2,8050.0,1820039,8136970,1822365,8181830,BAGR,RIAL,BAG,RIA
4462,8417566,35613.4,20428.2,8050.0,1820039,8136970,1820190,8139729,BAGR,AVAL,BAG,AVA
4463,8417565,35311.1,22701.3,7100.0,1820039,8137060,1822365,8181849,BAGR,RIAL,BAG,RIA
4464,8417565,35311.1,22701.3,7100.0,1820039,8137060,1823728,8211256,BAGR,RMFL,BAG,RMF
4465,8417565,35311.1,22701.3,7100.0,1820039,8137060,1824194,8222911,BAGR,RIGL,BAG,RIG
4466,8417564,35518.1,22910.6,7000.0,1820039,8137062,1822365,8181851,BAGR,RIAL,BAG,RIA
4467,8417564,35518.1,22910.6,7000.0,1820039,8137062,1823728,8211254,BAGR,RMFL,BAG,RMF
4468,8417563,35415.1,24132.3,6800.0,1820039,8137070,1822086,8176331,BAGR,PVPL,BAG,PVP
4469,8417563,35415.1,24132.3,6800.0,1820039,8137070,1822365,8182485,BAGR,RIAL,BAG,RIA
4470,8417562,35409.2,23263.4,6750.0,1820039,8137071,1821041,8157405,BAGR,URXL,BAG,URX
4471,8417562,35409.2,23263.4,6750.0,1820039,8137071,1824194,8222904,BAGR,RIGL,BAG,RIG
4472,8417562,35409.2,23263.4,6750.0,1820039,8137071,1823728,8211249,BAGR,RMFL,BAG,RMF
4473,8417561,35422.4,23822.6,6700.0,1820039,8137072,1823728,8211244,BAGR,RMFL,BAG,RMF
4474,8417561,35422.4,23822.6,6700.0,1820039,8137072,1822365,8182486,BAGR,RIAL,BAG,RIA
4475,8417561,35422.4,23822.6,6700.0,1820039,8137072,1822086,8176330,BAGR,PVPL,BAG,PVP
4476,8417561,35422.4,23822.6,6700.0,1820039,8137072,1824194,8222903,BAGR,RIGL,BAG,RIG
4477,8417560,35929.1,22940.3,7800.0,1820039,8136986,1823055,8196394,BAGR,RIBL,BAG,RIB
4478,8417560,35929.1,22940.3,7800.0,1820039,8136986,1822365,8181835,BAGR,RIAL,BAG,RIA
4479,8417559,35340.6,23220.7,9450.0,1820039,8137042,1820114,8138266,BAGR,AIBL,BAG,AIB
4480,8417558,34121.9,25534.7,6700.0,1820039,8137079,1823728,8210718,BAGR,RMFL,BAG,RMF
4481,8417558,34121.9,25534.7,6700.0,1820039,8137079,1822365,8182481,BAGR,RIAL,BAG,RIA
4482,8417557,33681.7,26409.3,6700.0,1820039,8137080,1823728,8210718,BAGR,RMFL,BAG,RMF
4483,8417557,33681.7,26409.3,6700.0,1820039,8137080,1822365,8182472,BAGR,RIAL,BAG,RIA
4484,8417557,33681.7,26409.3,6700.0,1820039,8137080,1824194,8222874,BAGR,RIGL,BAG,RIG
4485,8417554,32806.9,27068.2,6950.0,1820039,8137109,1823728,8210691,BAGR,RMFL,BAG,RMF
4486,8417554,32806.9,27068.2,6950.0,1820039,8137109,1822365,8182461,BAGR,RIAL,BAG,RIA
4487,8417553,33255.2,26655.2,6800.0,1820039,8137106,1822365,8182471,BAGR,RIAL,BAG,RIA
4488,8417553,33255.2,26655.2,6800.0,1820039,8137106,1824194,8222828,BAGR,RIGL,BAG,RIG
4489,8417523,32242.4,28820.6,7400.0,1820039,8137125,1823055,8196349,BAGR,RIBL,BAG,RIB
4490,8417523,32242.4,28820.6,7400.0,1820039,8137125,1822365,8181866,BAGR,RIAL,BAG,RIA
4491,8417522,31341.3,29788.1,8000.0,1820039,8137137,1823055,8196337,BAGR,RIBL,BAG,RIB
4492,8417522,31341.3,29788.1,8000.0,1820039,8137137,1822365,8181878,BAGR,RIAL,BAG,RIA
4493,8417515,20890.2,12406.9,8200.0,1822232,8179053,1820298,8142584,BAGL,AVER,BAG,AVE
4494,8417515,20890.2,12406.9,8200.0,1822232,8179053,1822886,8193389,BAGL,RIBR,BAG,RIB
4495,8417513,22151.8,11810.0,8200.0,1822232,8179053,1820298,8142584,BAGL,AVER,BAG,AVE
4496,8417512,21168.3,12173.6,8250.0,1822232,8179054,1820298,8142585,BAGL,AVER,BAG,AVE
4497,8417512,21168.3,12173.6,8250.0,1822232,8179054,1822886,8193394,BAGL,RIBR,BAG,RIB
4498,8417511,22387.2,11712.0,8250.0,1822232,8178797,1822886,8193394,BAGL,RIBR,BAG,RIB
4499,8417511,22387.2,11712.0,8250.0,1822232,8178797,1820298,8142585,BAGL,AVER,BAG,AVE
4500,8417482,23127.2,11486.5,8250.0,1822232,8178797,1822886,8193400,BAGL,RIBR,BAG,RIB
4501,8417482,23127.2,11486.5,8250.0,1822232,8178797,1820298,8142585,BAGL,AVER,BAG,AVE
4502,8417267,20399.6,12796.2,8150.0,1822232,8178799,1822886,8193388,BAGL,RIBR,BAG,RIB
4503,8417267,20399.6,12796.2,8150.0,1822232,8178799,1820298,8142583,BAGL,AVER,BAG,AVE
4504,8417262,15927.0,19577.2,8350.0,1822232,8179031,1822426,8182994,BAGL,RIAR,BAG,RIA
4505,8417262,15927.0,19577.2,8350.0,1822232,8179031,1824396,8227761,BAGL,AVAR,BAG,AVA
4506,8417261,16568.3,20125.9,8200.0,1819995,8136665,1819658,8128349,RIR,URXR,RIR,URX
4507,8417261,16568.3,20125.9,8200.0,1819995,8136665,1822426,8182997,RIR,RIAR,RIR,RIA
4508,8417259,15995.9,19935.2,8200.0,1822232,8178826,1822426,8182997,BAGL,RIAR,BAG,RIA
4509,8417259,15995.9,19935.2,8200.0,1822232,8178826,1824396,8227158,BAGL,AVAR,BAG,AVA
4510,8417257,20293.5,27214.2,6850.0,1822232,8178961,1824134,8221379,BAGL,RIGR,BAG,RIG
4511,8417257,20293.5,27214.2,6850.0,1822232,8178961,1822686,8188964,BAGL,RMFR,BAG,RMF
4512,8417255,19524.9,26954.9,7150.0,1822232,8179004,1824134,8221371,BAGL,RIGR,BAG,RIG
4513,8417255,19524.9,26954.9,7150.0,1822232,8179004,1822426,8183022,BAGL,RIAR,BAG,RIA
4514,8417254,20023.2,27113.7,7150.0,1822232,8179004,1824134,8221373,BAGL,RIGR,BAG,RIG
4515,8417254,20023.2,27113.7,7150.0,1822232,8179004,1822426,8183022,BAGL,RIAR,BAG,RIA
4516,8417253,20399.9,27341.6,7200.0,1822232,8179005,1824134,8221367,BAGL,RIGR,BAG,RIG
4517,8417251,20876.4,27511.5,7250.0,1822232,8179006,1822426,8183641,BAGL,RIAR,BAG,RIA
4518,8417251,20876.4,27511.5,7250.0,1822232,8179006,1822686,8188934,BAGL,RMFR,BAG,RMF
4519,8417250,17347.1,23480.6,7050.0,1822232,8178940,1822426,8183651,BAGL,RIAR,BAG,RIA
4520,8417250,17347.1,23480.6,7050.0,1822232,8178940,1824134,8221386,BAGL,RIGR,BAG,RIG
4521,8417249,21448.8,29091.0,7200.0,1822232,8178980,1822426,8183642,BAGL,RIAR,BAG,RIA
4522,8417248,21937.2,29608.2,7800.0,1822232,8178992,1822886,8193081,BAGL,RIBR,BAG,RIB
4523,8417248,21937.2,29608.2,7800.0,1822232,8178992,1822426,8183034,BAGL,RIAR,BAG,RIA
4524,8417246,17546.2,24710.4,7500.0,1822232,8178847,1822886,8193123,BAGL,RIBR,BAG,RIB
4525,8417246,17546.2,24710.4,7500.0,1822232,8178847,1822426,8183011,BAGL,RIAR,BAG,RIA
4526,8417245,17135.3,24137.8,7850.0,1822232,8178854,1822426,8183004,BAGL,RIAR,BAG,RIA
4527,8417245,17135.3,24137.8,7850.0,1822232,8178854,1822886,8193138,BAGL,RIBR,BAG,RIB
4528,8417247,16912.7,23290.5,7600.0,1822232,8178849,1822886,8193142,BAGL,RIBR,BAG,RIB
4529,8417247,16912.7,23290.5,7600.0,1822232,8178849,1822426,8183009,BAGL,RIAR,BAG,RIA
4530,8417243,17656.8,24018.4,9000.0,1822232,8178929,1820068,8138017,BAGL,AIBR,BAG,AIB
4531,8417194,17099.7,16147.5,9050.0,1822817,8191994,1819686,8129008,AWCR,AIAR,AWC,AIA
4532,8417194,17099.7,16147.5,9050.0,1822817,8191994,1820068,8137996,AWCR,AIBR,AWC,AIB
4533,8417193,35320.7,23475.6,9500.0,1822817,8191887,1820039,8137043,AWCR,BAGR,AWC,BAG
4534,8417193,35320.7,23475.6,9500.0,1822817,8191887,1820114,8138267,AWCR,AIBL,AWC,AIB
4535,8417192,23823.3,31974.7,11650.0,1822817,8191617,1822652,8188524,AWCR,AWCL,AWC,AWC
4536,8417192,23823.3,31974.7,11650.0,1822817,8191617,1824172,8222231,AWCR,AIYR,AWC,AIY
4537,8417190,23663.2,31944.0,11300.0,1822817,8191624,1822652,8188517,AWCR,AWCL,AWC,AWC
4538,8417190,23663.2,31944.0,11300.0,1822817,8191624,1824172,8222238,AWCR,AIYR,AWC,AIY
4539,8417189,23470.6,31776.0,11050.0,1822817,8191629,1822984,8194997,AWCR,ASER,AWC,ASE
4540,8417189,23470.6,31776.0,11050.0,1822817,8191629,1824172,8222243,AWCR,AIYR,AWC,AIY
4541,8417188,20645.3,28715.4,8900.0,1822817,8191671,1824172,8222285,AWCR,AIYR,AWC,AIY
4542,8417188,20645.3,28715.4,8900.0,1822817,8191671,1822984,8195040,AWCR,ASER,AWC,ASE
4543,8417187,17006.2,16080.9,9200.0,1822817,8191736,1821199,8160912,AWCR,IL2R,AWC,IL2L/R
4544,8417187,17006.2,16080.9,9200.0,1822817,8191736,1821212,8161260,AWCR,OLLR,AWC,OLL
4545,8417186,24966.5,32535.0,13750.0,1822817,8191575,1824172,8222187,AWCR,AIYR,AWC,AIY
4546,8417186,24966.5,32535.0,13750.0,1822817,8191575,1822984,8194943,AWCR,ASER,AWC,ASE
4547,8417186,24966.5,32535.0,13750.0,1822817,8191575,1822864,8192552,AWCR,ASIR,AWC,ASI
4548,8417185,23999.2,32198.1,12200.0,1822817,8191606,1822652,8188535,AWCR,AWCL,AWC,AWC
4549,8417185,23999.2,32198.1,12200.0,1822817,8191606,1824172,8222220,AWCR,AIYR,AWC,AIY
4550,8417183,23079.4,30963.5,11400.0,1822817,8191622,1822984,8194990,AWCR,ASER,AWC,ASE
4551,8417183,23079.4,30963.5,11400.0,1822817,8191622,1820068,8137407,AWCR,AIBR,AWC,AIB
4552,8417181,23081.7,31269.1,10500.0,1822817,8191640,1822652,8188501,AWCR,AWCL,AWC,AWC
4553,8417181,23081.7,31269.1,10500.0,1822817,8191640,1824172,8222254,AWCR,AIYR,AWC,AIY
4554,8417180,22894.0,30972.5,10450.0,1822817,8191641,1824172,8222255,AWCR,AIYR,AWC,AIY
4555,8417179,20699.5,28839.4,8950.0,1822817,8191670,1824172,8222284,AWCR,AIYR,AWC,AIY
4556,8417179,20699.5,28839.4,8950.0,1822817,8191670,1822984,8195039,AWCR,ASER,AWC,ASE
4557,8417178,20620.0,29047.9,8850.0,1822817,8191672,1822232,8178878,AWCR,BAGL,AWC,BAG
4558,8417178,20620.0,29047.9,8850.0,1822817,8191672,1824172,8222286,AWCR,AIYR,AWC,AIY
4559,8417176,17588.7,23851.4,9250.0,1822817,8191686,1819686,8129044,AWCR,AIAR,AWC,AIA
4560,8417175,17254.3,23204.9,9200.0,1822817,8191685,1820068,8137456,AWCR,AIBR,AWC,AIB
4561,8417175,17254.3,23204.9,9200.0,1822817,8191685,1824172,8222315,AWCR,AIYR,AWC,AIY
4562,8417174,16827.8,22759.9,9350.0,1822817,8191688,1824172,8222317,AWCR,AIYR,AWC,AIY
4563,8417174,16827.8,22759.9,9350.0,1822817,8191688,1822652,8188445,AWCR,AWCL,AWC,AWC
4564,8417174,16827.8,22759.9,9350.0,1822817,8191688,1820068,8138011,AWCR,AIBR,AWC,AIB
4565,8417173,17754.9,14876.3,9100.0,1822817,8191734,1822652,8188594,AWCR,AWCL,AWC,AWC
4566,8417173,17754.9,14876.3,9100.0,1822817,8191734,1819686,8129002,AWCR,AIAR,AWC,AIA
4567,8417171,24385.8,12045.8,10000.0,1822817,8191973,1822652,8188603,AWCR,AWCL,AWC,AWC
4568,8417171,24385.8,12045.8,10000.0,1822817,8191973,1820068,8137980,AWCR,AIBR,AWC,AIB
4569,8417171,24385.8,12045.8,10000.0,1822817,8191973,1824172,8222409,AWCR,AIYR,AWC,AIY
4570,8417170,27464.8,12125.9,9800.0,1822817,8191812,1822652,8188616,AWCR,AWCL,AWC,AWC
4571,8417170,27464.8,12125.9,9800.0,1822817,8191812,1820114,8138717,AWCR,AIBL,AWC,AIB
4572,8417170,27464.8,12125.9,9800.0,1822817,8191812,1824469,8229089,AWCR,AIYL,AWC,AIY
4573,8417169,30347.6,13333.5,9100.0,1822817,8191827,1824448,8228568,AWCR,AIAL,AWC,AIA
4574,8417169,30347.6,13333.5,9100.0,1822817,8191827,1820114,8138303,AWCR,AIBL,AWC,AIB
4575,8417168,32786.4,15051.2,9250.0,1822817,8191946,1824448,8228554,AWCR,AIAL,AWC,AIA
4576,8417167,32807.1,14894.5,9400.0,1822817,8191949,1822652,8188341,AWCR,AWCL,AWC,AWC
4577,8417167,32807.1,14894.5,9400.0,1822817,8191949,1824448,8228552,AWCR,AIAL,AWC,AIA
4578,8417167,32807.1,14894.5,9400.0,1822817,8191949,1820114,8138295,AWCR,AIBL,AWC,AIB
4579,8417133,17132.1,15935.2,8950.0,1822652,8188419,1820068,8137996,AWCL,AIBR,AWC,AIB
4580,8417133,17132.1,15935.2,8950.0,1822652,8188419,1819686,8128929,AWCL,AIAR,AWC,AIA
4581,8417133,17132.1,15935.2,8950.0,1822652,8188419,1822817,8191996,AWCL,AWCR,AWC,AWC
4582,8417132,16357.4,19400.2,9650.0,1822652,8188438,1819686,8128915,AWCL,AIAR,AWC,AIA
4583,8417130,17552.8,24075.2,9250.0,1822652,8188448,1819686,8129044,AWCL,AIAR,AWC,AIA
4584,8417130,17552.8,24075.2,9250.0,1822652,8188448,1822817,8191686,AWCL,AWCR,AWC,AWC
4585,8417128,24007.1,32182.5,11700.0,1822652,8188525,1822817,8191616,AWCL,AWCR,AWC,AWC
4586,8417128,24007.1,32182.5,11700.0,1822652,8188525,1824172,8222230,AWCL,AIYR,AWC,AIY
4587,8417127,24179.6,32222.2,11950.0,1822652,8188530,1824172,8222225,AWCL,AIYR,AWC,AIY
4588,8417125,25923.3,34008.2,16850.0,1822938,8194027,1822962,8194436,AWBR,AUAR,AWB,AUA
4589,8417125,25923.3,34008.2,16850.0,1822938,8194027,1822793,8190901,AWBR,SIBDR,AWB,SIBD
4590,8417125,25923.3,34008.2,16850.0,1822938,8194027,1822886,8192903,AWBR,RIBR,AWB,RIB
4591,8417123,24791.7,30836.6,12550.0,1822938,8194112,1819607,8127626,AWBR,AWAR,AWB,AWA
4592,8417123,24791.7,30836.6,12550.0,1822938,8194112,1823274,8200822,AWBR,ADFR,AWB,ADF
4593,8417122,24009.1,30066.9,10250.0,1822938,8194157,1822426,8183082,AWBR,RIAR,AWB,RIA
4594,8417122,24009.1,30066.9,10250.0,1822938,8194157,1823274,8200868,AWBR,ADFR,AWB,ADF
4595,8417122,24009.1,30066.9,10250.0,1822938,8194157,1823698,8209756,AWBR,SMBVR,AWB,SMBV
4596,8417121,23802.8,30045.7,10000.0,1822938,8194162,1823356,8202480,AWBR,AIZR,AWB,AIZ
4597,8417121,23802.8,30045.7,10000.0,1822938,8194162,1822426,8183077,AWBR,RIAR,AWB,RIA
4598,8417121,23802.8,30045.7,10000.0,1822938,8194162,1823274,8200873,AWBR,ADFR,AWB,ADF
4599,8417120,22109.4,29378.6,9050.0,1822938,8194339,1823274,8201075,AWBR,ADFR,AWB,ADF
4600,8417120,22109.4,29378.6,9050.0,1822938,8194339,1823356,8202534,AWBR,AIZR,AWB,AIZ
4601,8417117,19104.2,25268.3,8250.0,1822938,8194329,1824134,8221359,AWBR,RIGR,AWB,RIG
4602,8417117,19104.2,25268.3,8250.0,1822938,8194329,1823274,8201051,AWBR,ADFR,AWB,ADF
4603,8417116,18857.2,25037.8,8300.0,1822938,8194328,1824134,8221360,AWBR,RIGR,AWB,RIG
4604,8417116,18857.2,25037.8,8300.0,1822938,8194328,1823356,8202569,AWBR,AIZR,AWB,AIZ
4605,8417116,18857.2,25037.8,8300.0,1822938,8194328,1823274,8201052,AWBR,ADFR,AWB,ADF
4606,8417115,17850.2,21937.4,9050.0,1822938,8194223,1823356,8202605,AWBR,AIZR,AWB,AIZ
4607,8417115,17850.2,21937.4,9050.0,1822938,8194223,1819607,8127721,AWBR,AWAR,AWB,AWA
4608,8417114,18084.8,21232.3,9500.0,1822938,8194323,1823665,8209449,AWBR,HSNR,AWB,HSN
4609,8417114,18084.8,21232.3,9500.0,1822938,8194323,1823698,8210258,AWBR,SMBVR,AWB,SMBV
4610,8417113,17045.2,19856.4,9200.0,1822938,8194237,1823274,8200951,AWBR,ADFR,AWB,ADF
4611,8417113,17045.2,19856.4,9200.0,1822938,8194237,1823356,8202628,AWBR,AIZR,AWB,AIZ
4612,8417111,17492.9,16883.9,8650.0,1822938,8194251,1823274,8200964,AWBR,ADFR,AWB,ADF
4613,8417110,19671.3,14378.9,8300.0,1822938,8194264,1823274,8200979,AWBR,ADFR,AWB,ADF
4614,8417110,19671.3,14378.9,8300.0,1822938,8194264,1823356,8202679,AWBR,AIZR,AWB,AIZ
4615,8417108,24422.7,12031.4,8900.0,1822938,8194298,1823274,8201001,AWBR,ADFR,AWB,ADF
4616,8417103,28925.8,33280.6,16100.0,1823150,8198395,1819634,8127943,AWBL,ADFL,AWB,ADF
4617,8417102,28647.8,31604.9,13350.0,1823150,8198450,1820615,8148454,AWBL,SMBDL,AWB,SMBD
4618,8417102,28647.8,31604.9,13350.0,1823150,8198450,1823428,8203804,AWBL,AIZL,AWB,AIZ
4619,8417102,28647.8,31604.9,13350.0,1823150,8198450,1819634,8127999,AWBL,ADFL,AWB,ADF
4620,8417101,29295.8,30610.6,11150.0,1823150,8198494,1819634,8128043,AWBL,ADFL,AWB,ADF
4621,8417099,29170.8,30578.5,11250.0,1823150,8198492,1819634,8128041,AWBL,ADFL,AWB,ADF
4622,8417099,29170.8,30578.5,11250.0,1823150,8198492,1823957,8216378,AWBL,SIAVL,AWB,SIAV
4623,8417098,30589.8,29577.9,8950.0,1823150,8198670,1823428,8203891,AWBL,AIZL,AWB,AIZ
4624,8417098,30589.8,29577.9,8950.0,1823150,8198670,1819634,8128084,AWBL,ADFL,AWB,ADF
4625,8417097,30669.4,29641.8,8800.0,1823150,8198673,1819634,8128087,AWBL,ADFL,AWB,ADF
4626,8417097,30669.4,29641.8,8800.0,1823150,8198673,1822365,8181894,AWBL,RIAL,AWB,RIA
4627,8417096,31787.9,28624.2,8600.0,1823150,8198543,1823428,8203898,AWBL,AIZL,AWB,AIZ
4628,8417096,31787.9,28624.2,8600.0,1823150,8198543,1824469,8228965,AWBL,AIYL,AWB,AIY
4629,8417095,34429.8,23417.2,8400.0,1823150,8198567,1819634,8128126,AWBL,ADFL,AWB,ADF
4630,8417095,34429.8,23417.2,8400.0,1823150,8198567,1823428,8203959,AWBL,AIZL,AWB,AIZ
4631,8417094,33457.6,17557.6,8950.0,1823150,8198610,1823428,8203996,AWBL,AIZL,AWB,AIZ
4632,8417094,33457.6,17557.6,8950.0,1823150,8198610,1819634,8128205,AWBL,ADFL,AWB,ADF
4633,8417093,32113.0,15277.7,8750.0,1823150,8198626,1823428,8204001,AWBL,AIZL,AWB,AIZ
4634,8417093,32113.0,15277.7,8750.0,1823150,8198626,1819634,8128154,AWBL,ADFL,AWB,ADF
4635,8417092,26855.9,12510.8,9000.0,1823150,8198652,1819634,8128170,AWBL,ADFL,AWB,ADF
4636,8417092,26855.9,12510.8,9000.0,1823150,8198652,1823274,8201006,AWBL,ADFR,AWB,ADF
4637,8417091,27179.2,12612.2,9100.0,1823150,8198656,1823176,8199118,AWBL,ASEL,AWB,ASE
4638,8417091,27179.2,12612.2,9100.0,1823150,8198656,1819634,8128172,AWBL,ADFL,AWB,ADF
4639,8417089,34318.3,20591.8,9150.0,1823150,8198587,1819634,8128210,AWBL,ADFL,AWB,ADF
4640,8417089,34318.3,20591.8,9150.0,1823150,8198587,1823428,8203974,AWBL,AIZL,AWB,AIZ
4641,8417089,34318.3,20591.8,9150.0,1823150,8198587,1824448,8228535,AWBL,AIAL,AWB,AIA
4642,8417086,25238.3,36125.8,18850.0,1819607,8127501,1822938,8193987,AWAR,AWBR,AWA,AWB
4643,8417086,25238.3,36125.8,18850.0,1819607,8127501,1822984,8194843,AWAR,ASER,AWA,ASE
4644,8417078,25350.9,33109.6,16850.0,1819607,8127541,1823320,8201527,AWAR,ASHR,AWA,ASH
4645,8417078,25350.9,33109.6,16850.0,1819607,8127541,1823838,8213390,AWAR,RIFR,AWA,RIF
4646,8417076,25030.2,32845.1,16450.0,1819607,8127549,1822848,8192103,AWAR,ASKR,AWA,ASK
4647,8417076,25030.2,32845.1,16450.0,1819607,8127549,1823838,8213398,AWAR,RIFR,AWA,RIF
4648,8417046,34846.3,21811.4,9250.0,1823208,8199453,1823428,8203976,AWAL,AIZL,AWA,AIZ
4649,8417046,34846.3,21811.4,9250.0,1823208,8199453,1824469,8229013,AWAL,AIYL,AWA,AIY
4650,8417075,25845.9,32684.7,14950.0,1819607,8127578,1823356,8202358,AWAR,AIZR,AWA,AIZ
4651,8417075,25845.9,32684.7,14950.0,1819607,8127578,1822938,8194063,AWAR,AWBR,AWA,AWB
4652,8417073,25393.4,32269.5,14000.0,1819607,8127597,1823356,8202377,AWAR,AIZR,AWA,AIZ
4653,8417073,25393.4,32269.5,14000.0,1819607,8127597,1822938,8194082,AWAR,AWBR,AWA,AWB
4654,8417072,25165.0,31305.3,12900.0,1819607,8127619,1824261,8224396,AWAR,ADAR,AWA,ADA
4655,8417072,25165.0,31305.3,12900.0,1819607,8127619,1822938,8194105,AWAR,AWBR,AWA,AWB
4656,8417071,24452.8,30950.0,12650.0,1819607,8127624,1823838,8213473,AWAR,RIFR,AWA,RIF
4657,8417071,24452.8,30950.0,12650.0,1819607,8127624,1822938,8194110,AWAR,AWBR,AWA,AWB
4658,8417069,25043.8,31870.1,11700.0,1819607,8127643,1824172,8222464,AWAR,AIYR,AWA,AIY
4659,8417069,25043.8,31870.1,11700.0,1819607,8127643,1823274,8200839,AWAR,ADFR,AWA,ADF
4660,8417068,24709.9,31602.6,11800.0,1819607,8127641,1822772,8190643,AWAR,AFDR,AWA,AFD
4661,8417066,25038.3,31800.9,11650.0,1819607,8127644,1822962,8194538,AWAR,AUAR,AWA,AUA
4662,8417066,25038.3,31800.9,11650.0,1819607,8127644,1822772,8190646,AWAR,AFDR,AWA,AFD
4663,8417065,23509.1,30719.3,10950.0,1819607,8127657,1822772,8190660,AWAR,AFDR,AWA,AFD
4664,8417065,23509.1,30719.3,10950.0,1819607,8127657,1822984,8194999,AWAR,ASER,AWA,ASE
4665,8417064,22734.7,29987.6,9350.0,1819607,8127688,1823356,8202518,AWAR,AIZR,AWA,AIZ
4666,8417063,21155.4,28326.1,8700.0,1819607,8127837,1823356,8202541,AWAR,AIZR,AWA,AIZ
4667,8417063,21155.4,28326.1,8700.0,1819607,8127837,1822938,8194192,AWAR,AWBR,AWA,AWB
4668,8417062,19127.9,25408.6,8550.0,1819607,8127829,1823356,8202564,AWAR,AIZR,AWA,AIZ
4669,8417061,17431.8,22731.8,8600.0,1819607,8127815,1823356,8202596,AWAR,AIZR,AWA,AIZ
4670,8417061,17431.8,22731.8,8600.0,1819607,8127815,1824172,8222425,AWAR,AIYR,AWA,AIY
4671,8417060,17095.7,21674.3,9100.0,1819607,8127722,1823356,8202607,AWAR,AIZR,AWA,AIZ
4672,8417059,17222.4,21472.8,9250.0,1819607,8127725,1823356,8202611,AWAR,AIZR,AWA,AIZ
4673,8417058,17079.3,19018.9,9450.0,1819607,8127732,1823356,8202734,AWAR,AIZR,AWA,AIZ
4674,8417056,17167.6,19636.4,9600.0,1819607,8127806,1822984,8195079,AWAR,ASER,AWA,ASE
4675,8417056,17167.6,19636.4,9600.0,1819607,8127806,1823356,8202736,AWAR,AIZR,AWA,AIZ
4676,8417054,17954.3,15633.2,8800.0,1819607,8127749,1819686,8128996,AWAR,AIAR,AWA,AIA
4677,8417054,17954.3,15633.2,8800.0,1819607,8127749,1823356,8202652,AWAR,AIZR,AWA,AIZ
4678,8417053,18221.8,15272.5,8600.0,1819607,8127795,1823274,8201038,AWAR,ADFR,AWA,ADF
4679,8417053,18221.8,15272.5,8600.0,1819607,8127795,1823356,8202658,AWAR,AIZR,AWA,AIZ
4680,8417029,27558.1,12874.5,9200.0,1823208,8199509,1823150,8198658,AWAL,AWBL,AWA,AWB
4681,8417029,27558.1,12874.5,9200.0,1823208,8199509,1823176,8198991,AWAL,ASEL,AWA,ASE
4682,8417032,30695.2,30144.0,10000.0,1823208,8199402,1822636,8187897,AWAL,AFDL,AWA,AFD
4683,8417032,30695.2,30144.0,10000.0,1823208,8199402,1824469,8228938,AWAL,AIYL,AWA,AIY
4684,8417052,18481.6,15012.4,8700.0,1819607,8127751,1823356,8202661,AWAR,AIZR,AWA,AIZ
4685,8417052,18481.6,15012.4,8700.0,1819607,8127751,1819686,8128936,AWAR,AIAR,AWA,AIA
4686,8417051,23180.3,12773.0,8850.0,1819607,8127784,1823274,8201031,AWAR,ADFR,AWA,ADF
4687,8417051,23180.3,12773.0,8850.0,1819607,8127784,1822938,8194299,AWAR,AWBR,AWA,AWB
4688,8417051,23180.3,12773.0,8850.0,1819607,8127784,1822984,8195112,AWAR,ASER,AWA,ASE
4689,8417045,33233.6,17263.4,9250.0,1823208,8199472,1823428,8203989,AWAL,AIZL,AWA,AIZ
4690,8417043,29068.8,33905.9,17200.0,1823208,8199259,1823428,8203728,AWAL,AIZL,AWA,AIZ
4691,8417042,28869.8,32464.3,15750.0,1823208,8199288,1823460,8204337,AWAL,ASHL,AWA,ASH
4692,8417042,28869.8,32464.3,15750.0,1823208,8199288,1823859,8213833,AWAL,RIFL,AWA,RIF
4693,8417040,28978.2,32186.7,14550.0,1823208,8199311,1823460,8204360,AWAL,ASHL,AWA,ASH
4694,8417040,28978.2,32186.7,14550.0,1823208,8199311,1823859,8213856,AWAL,RIFL,AWA,RIF
4695,8417039,29617.4,31549.3,12950.0,1823208,8199343,1823015,8195457,AWAL,ASKL,AWA,ASK
4696,8417039,29617.4,31549.3,12950.0,1823208,8199343,1823176,8198856,AWAL,ASEL,AWA,ASE
4697,8417038,29081.7,31694.8,12850.0,1823208,8199345,1823150,8198460,AWAL,AWBL,AWA,AWB
4698,8417038,29081.7,31694.8,12850.0,1823208,8199345,1824469,8228879,AWAL,AIYL,AWA,AIY
4699,8417038,29081.7,31694.8,12850.0,1823208,8199345,1823428,8203814,AWAL,AIZL,AWA,AIZ
4700,8417037,29672.6,30878.2,11300.0,1823208,8199376,1823176,8198889,AWAL,ASEL,AWA,ASE
4701,8417037,29672.6,30878.2,11300.0,1823208,8199376,1820396,8144059,AWAL,ADLL,AWA,ADL
4702,8417036,30103.8,31082.3,10900.0,1823208,8199384,1824469,8228920,AWAL,AIYL,AWA,AIY
4703,8417036,30103.8,31082.3,10900.0,1823208,8199384,1822636,8187879,AWAL,AFDL,AWA,AFD
4704,8417035,30469.8,30617.9,10300.0,1823208,8199396,1822636,8187891,AWAL,AFDL,AWA,AFD
4705,8417035,30469.8,30617.9,10300.0,1823208,8199396,1823176,8198909,AWAL,ASEL,AWA,ASE
4706,8417033,30139.2,30949.5,10150.0,1823208,8199399,1823084,8197008,AWAL,AUAL,AWA,AUA
4707,8417033,30139.2,30949.5,10150.0,1823208,8199399,1822636,8187894,AWAL,AFDL,AWA,AFD
4708,8416981,19810.5,25229.8,4650.0,1819915,8134362,1820413,8144770,AVKR,RMDR,AVK,RMDL/R
4709,8417031,34275.4,25281.6,8250.0,1823208,8199542,1822636,8187950,AWAL,AFDL,AWA,AFD
4710,8417031,34275.4,25281.6,8250.0,1823208,8199542,1823428,8203955,AWAL,AIZL,AWA,AIZ
4711,8417028,31498.4,29264.7,8650.0,1823208,8199554,1823428,8203897,AWAL,AIZL,AWA,AIZ
4712,8417027,32425.6,27976.0,8650.0,1823208,8199429,1823428,8203932,AWAL,AIZL,AWA,AIZ
4713,8417025,34951.5,22615.2,8900.0,1823208,8199446,1824469,8229000,AWAL,AIYL,AWA,AIY
4714,8417025,34951.5,22615.2,8900.0,1823208,8199446,1823428,8203969,AWAL,AIZL,AWA,AIZ
4715,8417024,34893.4,22069.3,9000.0,1823208,8199448,1823428,8203971,AWAL,AIZL,AWA,AIZ
4716,8417023,34452.7,20738.8,9600.0,1823208,8199460,1820114,8138746,AWAL,AIBL,AWA,AIB
4717,8417023,34452.7,20738.8,9600.0,1823208,8199460,1823176,8198961,AWAL,ASEL,AWA,ASE
4718,8417023,34452.7,20738.8,9600.0,1823208,8199460,1823428,8204150,AWAL,AIZL,AWA,AIZ
4719,8417022,33811.4,18566.1,9350.0,1823208,8199466,1824448,8228550,AWAL,AIAL,AWA,AIA
4720,8417022,33811.4,18566.1,9350.0,1823208,8199466,1823428,8203984,AWAL,AIZL,AWA,AIZ
4721,8417021,33077.6,16409.2,9200.0,1823208,8199471,1823428,8203990,AWAL,AIZL,AWA,AIZ
4722,8417020,33226.6,16568.1,9000.0,1823208,8199520,1823428,8203995,AWAL,AIZL,AWA,AIZ
4723,8417013,22458.0,27075.1,11000.0,1822540,8185931,1823817,8213029,AVM,BDUR,AVM,BDU
4724,8417013,22458.0,27075.1,11000.0,1822540,8185931,1819330,8121712,AVM,PVNR,AVM,PVN
4725,8417009,25954.6,33080.9,19300.0,1822540,8185571,1822105,8176420,AVM,PVCR,AVM,PVC
4726,8417009,25954.6,33080.9,19300.0,1822540,8185571,1823242,8200465,AVM,AVBL,AVM,AVB
4727,8417008,25973.8,32897.6,19050.0,1822540,8185576,1822105,8176425,AVM,PVCR,AVM,PVC
4728,8417008,25973.8,32897.6,19050.0,1822540,8185576,1823242,8200460,AVM,AVBL,AVM,AVB
4729,8417007,25814.5,32692.8,18650.0,1822540,8185584,1822105,8176433,AVM,PVCR,AVM,PVC
4730,8417007,25814.5,32692.8,18650.0,1822540,8185584,1823242,8200452,AVM,AVBL,AVM,AVB
4731,8417006,25700.6,32564.9,18450.0,1822540,8185588,1823242,8200448,AVM,AVBL,AVM,AVB
4732,8417006,25700.6,32564.9,18450.0,1822540,8185588,1822105,8176437,AVM,PVCR,AVM,PVC
4733,8445365,32026.0,18760.3,3450.0,1821235,8161935,1821512,8167561,IL1L,BWM-DL04,IL1L/R,BWM04D
4734,8445365,32026.0,18760.3,3450.0,1821235,8161935,1820488,8145615,IL1L,RMDVL,IL1L/R,RMDV
4735,8445365,32026.0,18760.3,3450.0,1821235,8161935,1821512,8167557,IL1L,BWM-DL04,IL1L/R,BWM04D
4736,8445365,32026.0,18760.3,3450.0,1821235,8161935,1822332,8181448,IL1L,RMDDR,IL1L/R,RMDD
4737,8445365,32026.0,18760.3,3450.0,1821235,8161935,1821541,8168019,IL1L,BWM-DL02,IL1L/R,BWM02D
4738,8445365,32026.0,18760.3,3450.0,1821235,8161935,1821989,8174640,IL1L,BWM-VL02,IL1L/R,BWM02V
4739,8445291,31700.2,18254.2,3000.0,1821235,8161944,1822332,8181457,IL1L,RMDDR,IL1L/R,RMDD
4740,8445291,31700.2,18254.2,3000.0,1821235,8161944,1820488,8146145,IL1L,RMDVL,IL1L/R,RMDV
4741,8445291,31700.2,18254.2,3000.0,1821235,8161944,1822332,8181496,IL1L,RMDDR,IL1L/R,RMDD
4742,8445291,31700.2,18254.2,3000.0,1821235,8161944,1821541,8168110,IL1L,BWM-DL02,IL1L/R,BWM02D
4743,8445289,31493.6,17350.2,2750.0,1821235,8161949,1821126,8159196,IL1L,IL1DL,IL1L/R,IL1D
4744,8445289,31493.6,17350.2,2750.0,1821235,8161949,1821541,8168173,IL1L,BWM-DL02,IL1L/R,BWM02D
4745,8445284,31694.4,17416.7,2700.0,1821235,8161950,1821126,8159197,IL1L,IL1DL,IL1L/R,IL1D
4746,8445272,31365.3,17302.4,2500.0,1821235,8161953,1820778,8151746,IL1L,RMED,IL1L/R,RMED
4747,8445272,31365.3,17302.4,2500.0,1821235,8161953,1821637,8169595,IL1L,BWM-DL01,IL1L/R,BWM01D
4748,8444962,21039.7,15572.7,7050.0,1822920,8193764,1819753,8130754,IL1DR,PVR,IL1D,PVR
4749,8444925,21885.1,15022.4,4500.0,1822920,8193906,1821578,8168605,IL1DR,BWM-DR01,IL1D,BWM01D
4750,8444925,21885.1,15022.4,4500.0,1822920,8193906,1821595,8168868,IL1DR,BWM-DR03,IL1D,BWM03D
4751,8444925,21885.1,15022.4,4500.0,1822920,8193906,1820689,8150799,IL1DR,RMDVR,IL1D,RMDV
4752,8444923,21239.8,15654.0,6550.0,1822920,8193774,1819753,8130764,IL1DR,PVR,IL1D,PVR
4753,8444923,21239.8,15654.0,6550.0,1822920,8193774,1819966,8135830,IL1DR,RIPR,IL1D,RIP
4754,8444910,21823.2,14978.2,4200.0,1822920,8193900,1820689,8150793,IL1DR,RMDVR,IL1D,RMDV
4755,8444910,21823.2,14978.2,4200.0,1822920,8193900,1821578,8168611,IL1DR,BWM-DR01,IL1D,BWM01D
4756,8444900,21880.8,15296.5,4700.0,1822920,8193910,1824277,8224786,IL1DR,RMDDL,IL1D,RMDD
4757,8444900,21880.8,15296.5,4700.0,1822920,8193910,1821578,8168601,IL1DR,BWM-DR01,IL1D,BWM01D
4758,8444900,21880.8,15296.5,4700.0,1822920,8193910,1821595,8168864,IL1DR,BWM-DR03,IL1D,BWM03D
4759,8444893,21873.4,14631.8,3700.0,1822920,8193832,1820689,8150355,IL1DR,RMDVR,IL1D,RMDV
4760,8444893,21873.4,14631.8,3700.0,1822920,8193832,1821578,8168621,IL1DR,BWM-DR01,IL1D,BWM01D
4761,8444893,21873.4,14631.8,3700.0,1822920,8193832,1819966,8135773,IL1DR,RIPR,IL1D,RIP
4762,8444876,20593.1,15521.9,3150.0,1822920,8193859,1821578,8168632,IL1DR,BWM-DR01,IL1D,BWM01D
4763,8444876,20593.1,15521.9,3150.0,1822920,8193859,1821453,8166591,IL1DR,BWM-DR02,IL1D,BWM02D
4764,8444876,20593.1,15521.9,3150.0,1822920,8193859,1821378,8165590,IL1DR,BWM-DR04,IL1D,BWM04D
4765,8444876,20593.1,15521.9,3150.0,1822920,8193859,1820689,8150815,IL1DR,RMDVR,IL1D,RMDV
4766,8422150,29533.3,15846.0,4500.0,1821126,8159158,1821637,8169552,IL1DL,BWM-DL01,IL1D,BWM01D
4767,8422150,29533.3,15846.0,4500.0,1821126,8159158,1820488,8146116,IL1DL,RMDVL,IL1D,RMDV
4768,8422099,29158.1,15023.2,4100.0,1821126,8159241,1820488,8145660,IL1DL,RMDVL,IL1D,RMDV
4769,8422099,29158.1,15023.2,4100.0,1821126,8159241,1821637,8169627,IL1DL,BWM-DL01,IL1D,BWM01D
4770,8422098,29166.4,15208.5,4450.0,1821126,8159248,1820488,8146126,IL1DL,RMDVL,IL1D,RMDV
4771,8422098,29166.4,15208.5,4450.0,1821126,8159248,1821637,8169634,IL1DL,BWM-DL01,IL1D,BWM01D
4772,8422096,29105.1,15410.3,4650.0,1821126,8159252,1821637,8169637,IL1DL,BWM-DL01,IL1D,BWM01D
4773,8422096,29105.1,15410.3,4650.0,1821126,8159252,1821692,8170306,IL1DL,BWM-DL03,IL1D,BWM03D
4774,8422095,29722.8,15492.5,7150.0,1821126,8159105,1819982,8136067,IL1DL,RIPL,IL1D,RIP
4775,8422095,29722.8,15492.5,7150.0,1821126,8159105,1819753,8130706,IL1DL,PVR,IL1D,PVR
4776,8422094,29396.8,15911.3,4850.0,1821126,8159151,1821637,8169502,IL1DL,BWM-DL01,IL1D,BWM01D
4777,8422094,29396.8,15911.3,4850.0,1821126,8159151,1822332,8181510,IL1DL,RMDDR,IL1D,RMDD
4778,8422094,29396.8,15911.3,4850.0,1821126,8159151,1820488,8146123,IL1DL,RMDVL,IL1D,RMDV
4779,8422093,29868.7,15858.2,4100.0,1821126,8159166,1821541,8168146,IL1DL,BWM-DL02,IL1D,BWM02D
4780,8422093,29868.7,15858.2,4100.0,1821126,8159166,1820488,8145660,IL1DL,RMDVL,IL1D,RMDV
4781,8422093,29868.7,15858.2,4100.0,1821126,8159166,1821637,8169560,IL1DL,BWM-DL01,IL1D,BWM01D
4782,8422049,29207.0,15143.4,3850.0,1821126,8159173,1820488,8145655,IL1DL,RMDVL,IL1D,RMDV
4783,8422049,29207.0,15143.4,3850.0,1821126,8159173,1819982,8136002,IL1DL,RIPL,IL1D,RIP
4784,8422049,29207.0,15143.4,3850.0,1821126,8159173,1821637,8169638,IL1DL,BWM-DL01,IL1D,BWM01D
4785,8422018,30117.3,15890.5,3900.0,1821126,8159170,1821541,8168150,IL1DL,BWM-DL02,IL1D,BWM02D
4786,8422018,30117.3,15890.5,3900.0,1821126,8159170,1820488,8145656,IL1DL,RMDVL,IL1D,RMDV
4787,8422018,30117.3,15890.5,3900.0,1821126,8159170,1821512,8167692,IL1DL,BWM-DL04,IL1D,BWM04D
4788,8422018,30117.3,15890.5,3900.0,1821126,8159170,1822332,8181464,IL1DL,RMDDR,IL1D,RMDD
4789,8422013,28969.7,14650.2,3250.0,1821126,8159185,1820742,8151100,IL1DL,RMEL,IL1D,RMEL/R
4790,8422013,28969.7,14650.2,3250.0,1821126,8159185,1819982,8135990,IL1DL,RIPL,IL1D,RIP
4791,8422013,28969.7,14650.2,3250.0,1821126,8159185,1820488,8145644,IL1DL,RMDVL,IL1D,RMDV
4792,8422013,28969.7,14650.2,3250.0,1821126,8159185,1821637,8169650,IL1DL,BWM-DL01,IL1D,BWM01D
4793,8421995,30830.0,16282.2,3150.0,1821126,8159187,1819982,8135988,IL1DL,RIPL,IL1D,RIP
4794,8421995,30830.0,16282.2,3150.0,1821126,8159187,1820488,8146142,IL1DL,RMDVL,IL1D,RMDV
4795,8421995,30830.0,16282.2,3150.0,1821126,8159187,1821541,8168165,IL1DL,BWM-DL02,IL1D,BWM02D
4796,8421995,30830.0,16282.2,3150.0,1821126,8159187,1821637,8169582,IL1DL,BWM-DL01,IL1D,BWM01D
4797,8421972,31365.7,16794.0,2850.0,1821126,8159194,1821541,8168171,IL1DL,BWM-DL02,IL1D,BWM02D
4798,8421972,31365.7,16794.0,2850.0,1821126,8159194,1821512,8167713,IL1DL,BWM-DL04,IL1D,BWM04D
4799,8421972,31365.7,16794.0,2850.0,1821126,8159194,1820488,8146148,IL1DL,RMDVL,IL1D,RMDV
4800,8421955,31522.1,16984.8,2850.0,1821126,8159194,1820488,8146148,IL1DL,RMDVL,IL1D,RMDV
4801,8421955,31522.1,16984.8,2850.0,1821126,8159194,1821541,8168171,IL1DL,BWM-DL02,IL1D,BWM02D
4802,8421907,25705.4,34204.9,20200.0,1823665,8208910,1823817,8212847,HSNR,BDUR,HSN,BDU
4803,8421900,24754.2,32566.8,17000.0,1823665,8208974,1823838,8213387,HSNR,RIFR,HSN,RIF
4804,8421900,24754.2,32566.8,17000.0,1823665,8208974,1823817,8212911,HSNR,BDUR,HSN,BDU
4805,8421894,22223.5,27995.2,11700.0,1823665,8209085,1820217,8141039,HSNR,RIMR,HSN,RIM
4806,8421894,22223.5,27995.2,11700.0,1823665,8209085,1823838,8213515,HSNR,RIFR,HSN,RIF
4807,8421825,22194.2,27902.2,11200.0,1823665,8209095,1819385,8122960,HSNR,AVFR,HSN,AVF
4808,8421825,22194.2,27902.2,11200.0,1823665,8209095,1819774,8130979,HSNR,ALMR,HSN,ALM
4809,8421807,20583.2,26752.2,9650.0,1823665,8209460,1822848,8192240,HSNR,ASKR,HSN,ASK
4810,8421807,20583.2,26752.2,9650.0,1823665,8209460,1819686,8128889,HSNR,AIAR,HSN,AIA
4811,8421789,19525.2,24525.6,9700.0,1823665,8209128,1819686,8128897,HSNR,AIAR,HSN,AIA
4812,8421789,19525.2,24525.6,9700.0,1823665,8209128,1822848,8192249,HSNR,ASKR,HSN,ASK
4813,8421768,17299.8,18350.0,9350.0,1823665,8209160,1823356,8202625,HSNR,AIZR,HSN,AIZ
4814,8421768,17299.8,18350.0,9350.0,1823665,8209160,1822984,8195083,HSNR,ASER,HSN,ASE
4815,8421767,22695.6,13229.4,9000.0,1823665,8209201,1823320,8201765,HSNR,ASHR,HSN,ASH
4816,8421767,22695.6,13229.4,9000.0,1823665,8209201,1822938,8194292,HSNR,AWBR,HSN,AWB
4817,8421760,25078.2,13067.7,9900.0,1823665,8209226,1824448,8228593,HSNR,AIAL,HSN,AIA
4818,8421760,25078.2,13067.7,9900.0,1823665,8209226,1819686,8128969,HSNR,AIAR,HSN,AIA
4819,8421752,25372.2,13296.2,10050.0,1823665,8209229,1824448,8228596,HSNR,AIAL,HSN,AIA
4820,8421734,33182.9,24246.1,9350.0,1823665,8209432,1819487,8124842,HSNR,PVQL,HSN,PVQ
4821,8421734,33182.9,24246.1,9350.0,1823665,8209432,1823015,8195539,HSNR,ASKL,HSN,ASK
4822,8421713,32511.6,26757.4,9350.0,1823665,8209309,1824448,8228494,HSNR,AIAL,HSN,AIA
4823,8421700,30987.6,28842.9,11000.0,1823665,8209343,1822126,8177079,HSNR,AVDR,HSN,AVD
4824,8421700,30987.6,28842.9,11000.0,1823665,8209343,1823242,8200062,HSNR,AVBL,HSN,AVB
4825,8421692,28647.2,32015.2,13900.0,1823665,8209402,1823428,8203793,HSNR,AIZL,HSN,AIZ
4826,8421692,28647.2,32015.2,13900.0,1823665,8209402,1823150,8198439,HSNR,AWBL,HSN,AWB
4827,8421664,29176.4,30064.4,12900.0,1819351,8122128,1823242,8200024,HSNL,AVBL,HSN,AVB
4828,8421664,29176.4,30064.4,12900.0,1819351,8122128,1824067,8219648,HSNL,AQR,HSN,AQR
4829,8421663,31040.6,28666.4,10550.0,1819351,8122176,1822126,8177070,HSNL,AVDR,HSN,AVD
4830,8421663,31040.6,28666.4,10550.0,1819351,8122176,1823242,8200071,HSNL,AVBL,HSN,AVB
4831,8421662,32748.2,23694.0,9200.0,1819351,8122500,1819409,8123296,HSNL,PVNL,HSN,PVN
4832,8421662,32748.2,23694.0,9200.0,1819351,8122500,1819330,8121864,HSNL,PVNR,HSN,PVN
4833,8421661,33508.6,21282.9,9350.0,1819351,8122490,1820396,8143965,HSNL,ADLL,HSN,ADL
4834,8421661,33508.6,21282.9,9350.0,1819351,8122490,1823150,8198591,HSNL,AWBL,HSN,AWB
4835,8421660,32361.8,15891.3,8800.0,1819351,8122486,1823150,8198620,HSNL,AWBL,HSN,AWB
4836,8421660,32361.8,15891.3,8800.0,1819351,8122486,1823428,8204000,HSNL,AIZL,HSN,AIZ
4837,8421659,28438.1,13304.5,9100.0,1819351,8122234,1823150,8198644,HSNL,AWBL,HSN,AWB
4838,8421659,28438.1,13304.5,9100.0,1819351,8122234,1823208,8199511,HSNL,AWAL,HSN,AWA
4839,8421657,25943.6,13489.2,9800.0,1819351,8122481,1819487,8124781,HSNL,PVQL,HSN,PVQ
4840,8421657,25943.6,13489.2,9800.0,1819351,8122481,1824448,8228585,HSNL,AIAL,HSN,AIA
4841,8421656,19038.3,15110.8,8450.0,1819351,8122288,1819607,8127798,HSNL,AWAR,HSN,AWA
4842,8421656,19038.3,15110.8,8450.0,1819351,8122288,1822938,8194268,HSNL,AWBR,HSN,AWB
4843,8421656,19038.3,15110.8,8450.0,1819351,8122288,1823356,8202664,HSNL,AIZR,HSN,AIZ
4844,8421655,17881.8,20869.8,9650.0,1819351,8122318,1822938,8194325,HSNL,AWBR,HSN,AWB
4845,8421655,17881.8,20869.8,9650.0,1819351,8122318,1822984,8195072,HSNL,ASER,HSN,ASE
4846,8421654,21974.4,28281.2,10100.0,1819351,8122435,1824396,8227739,HSNL,AVAR,HSN,AVA
4847,8421654,21974.4,28281.2,10100.0,1819351,8122435,1820155,8139025,HSNL,AVBR,HSN,AVB
4848,8421654,21974.4,28281.2,10100.0,1819351,8122435,1823320,8201791,HSNL,ASHR,HSN,ASH
4849,8421642,22392.3,29663.9,12050.0,1819351,8122394,1823320,8201621,HSNL,ASHR,HSN,ASH
4850,8421642,22392.3,29663.9,12050.0,1819351,8122394,1819527,8126031,HSNL,AVHL,HSN,AVH
4851,8421642,22392.3,29663.9,12050.0,1819351,8122394,1820217,8141076,HSNL,RIMR,HSN,RIM
4852,8421642,22392.3,29663.9,12050.0,1819351,8122394,1823859,8213974,HSNL,RIFL,HSN,RIF
4853,8420979,25768.1,29654.6,15400.0,1824041,8218977,1820190,8140041,FLPR,AVAL,FLP,AVA
4854,8420978,25853.3,29536.6,13050.0,1824041,8219025,1820190,8139995,FLPR,AVAL,FLP,AVA
4855,8420978,25853.3,29536.6,13050.0,1824041,8219025,1820114,8138619,FLPR,AIBL,FLP,AIB
4856,8420975,25376.6,34647.0,22900.0,1824041,8218829,1824050,8219047,FLPR,PVCL,FLP,PVC
4857,8420975,25376.6,34647.0,22900.0,1824041,8218829,1823242,8200542,FLPR,AVBL,FLP,AVB
4858,8420975,25376.6,34647.0,22900.0,1824041,8218829,1822153,8177873,FLPR,AVDL,FLP,AVD
4859,8420969,25678.9,33561.6,20850.0,1824041,8218869,1823242,8200496,FLPR,AVBL,FLP,AVB
4860,8420969,25678.9,33561.6,20850.0,1824041,8218869,1822153,8177832,FLPR,AVDL,FLP,AVD
4861,8420949,25869.7,33431.2,20600.0,1824041,8218874,1820370,8143809,FLPR,AVEL,FLP,AVE
4862,8420949,25869.7,33431.2,20600.0,1824041,8218874,1823242,8200491,FLPR,AVBL,FLP,AVB
4863,8420925,25672.9,33389.5,20200.0,1824041,8218882,1823242,8200483,FLPR,AVBL,FLP,AVB
4864,8420925,25672.9,33389.5,20200.0,1824041,8218882,1822153,8177819,FLPR,AVDL,FLP,AVD
4865,8420919,27476.2,31857.4,18150.0,1824041,8218923,1820155,8139396,FLPR,AVBR,FLP,AVB
4866,8420919,27476.2,31857.4,18150.0,1824041,8218923,1822126,8177222,FLPR,AVDR,FLP,AVD
4867,8420905,27377.8,31756.9,17750.0,1824041,8218931,1824050,8219155,FLPR,PVCL,FLP,PVC
4868,8420905,27377.8,31756.9,17750.0,1824041,8218931,1820155,8139388,FLPR,AVBR,FLP,AVB
4869,8420896,26132.2,30411.9,16950.0,1824041,8218947,1824028,8218647,FLPR,ADER,FLP,ADE
4870,8420896,26132.2,30411.9,16950.0,1824041,8218947,1820190,8140071,FLPR,AVAL,FLP,AVA
4871,8420877,26225.7,30452.3,16750.0,1824041,8218951,1824396,8227593,FLPR,AVAR,FLP,AVA
4872,8420877,26225.7,30452.3,16750.0,1824041,8218951,1820190,8140067,FLPR,AVAL,FLP,AVA
4873,8420869,25552.4,30223.7,16000.0,1824041,8218966,1824396,8227600,FLPR,AVAR,FLP,AVA
4874,8420869,25552.4,30223.7,16000.0,1824041,8218966,1822292,8179887,FLPR,PVPR,FLP,PVP
4875,8420856,25999.8,29716.9,15550.0,1824041,8218974,1824396,8227433,FLPR,AVAR,FLP,AVA
4876,8420856,25999.8,29716.9,15550.0,1824041,8218974,1820190,8140044,FLPR,AVAL,FLP,AVA
4877,8420855,25620.9,29854.2,15100.0,1824041,8218983,1820114,8138658,FLPR,AIBL,FLP,AIB
4878,8420855,25620.9,29854.2,15100.0,1824041,8218983,1820190,8140035,FLPR,AVAL,FLP,AVA
4879,8420854,25506.8,29989.8,14850.0,1824041,8218988,1820114,8138653,FLPR,AIBL,FLP,AIB
4880,8420854,25506.8,29989.8,14850.0,1824041,8218988,1820190,8140030,FLPR,AVAL,FLP,AVA
4881,8420854,25506.8,29989.8,14850.0,1824041,8218988,1823242,8200373,FLPR,AVBL,FLP,AVB
4882,8420854,25506.8,29989.8,14850.0,1824041,8218988,1824261,8224081,FLPR,ADAR,FLP,ADA
4883,8420837,25602.8,30035.0,14600.0,1824041,8218993,1820190,8140025,FLPR,AVAL,FLP,AVA
4884,8420837,25602.8,30035.0,14600.0,1824041,8218993,1820114,8138648,FLPR,AIBL,FLP,AIB
4885,8420830,26026.6,29715.6,13400.0,1824041,8219018,1820114,8138626,FLPR,AIBL,FLP,AIB
4886,8420830,26026.6,29715.6,13400.0,1824041,8219018,1820370,8143668,FLPR,AVEL,FLP,AVE
4887,8420830,26026.6,29715.6,13400.0,1824041,8219018,1820190,8140002,FLPR,AVAL,FLP,AVA
4888,8420829,26259.7,29665.1,13150.0,1824041,8219023,1820114,8138621,FLPR,AIBL,FLP,AIB
4889,8420829,26259.7,29665.1,13150.0,1824041,8219023,1824396,8227381,FLPR,AVAR,FLP,AVA
4890,8419312,26117.1,33226.0,20700.0,1823914,8215080,1819269,8121001,FLPL,NRfragment,FLP,NRfragment
4891,8419312,26117.1,33226.0,20700.0,1823914,8215080,1820370,8143811,FLPL,AVEL,FLP,AVE
4892,8419301,25803.7,33944.1,22500.0,1823914,8215044,1823242,8200534,FLPL,AVBL,FLP,AVB
4893,8419301,25803.7,33944.1,22500.0,1823914,8215044,1820370,8143846,FLPL,AVEL,FLP,AVE
4894,8419300,25626.2,34199.0,22100.0,1823914,8215052,1824050,8219062,FLPL,PVCL,FLP,PVC
4895,8419300,25626.2,34199.0,22100.0,1823914,8215052,1823242,8200520,FLPL,AVBL,FLP,AVB
4896,8419300,25626.2,34199.0,22100.0,1823914,8215052,1822153,8177857,FLPL,AVDL,FLP,AVD
4897,8419299,25729.2,34276.7,21850.0,1823914,8215057,1819505,8125450,FLPL,AVJL,FLP,AVJ
4898,8419299,25729.2,34276.7,21850.0,1823914,8215057,1824041,8218850,FLPL,FLPR,FLP,FLP
4899,8419297,26198.6,33033.9,20450.0,1823914,8215085,1819269,8120996,FLPL,NRfragment,FLP,NRfragment
4900,8419297,26198.6,33033.9,20450.0,1823914,8215085,1820370,8143806,FLPL,AVEL,FLP,AVE
4901,8419288,25700.2,33314.8,19950.0,1823914,8215099,1823242,8200478,FLPL,AVBL,FLP,AVB
4902,8419288,25700.2,33314.8,19950.0,1823914,8215099,1822153,8177814,FLPL,AVDL,FLP,AVD
4903,8419285,26333.0,32803.2,19400.0,1823914,8215114,1822105,8176418,FLPL,PVCR,FLP,PVC
4904,8419285,26333.0,32803.2,19400.0,1823914,8215114,1819269,8120975,FLPL,NRfragment,FLP,NRfragment
4905,8419285,26333.0,32803.2,19400.0,1823914,8215114,1820370,8143785,FLPL,AVEL,FLP,AVE
4906,8419284,26831.7,32098.5,17950.0,1823914,8215143,1824041,8218927,FLPL,FLPR,FLP,FLP
4907,8419284,26831.7,32098.5,17950.0,1823914,8215143,1824050,8219144,FLPL,PVCL,FLP,PVC
4908,8419282,26505.8,30359.3,16750.0,1823914,8215168,1820190,8140067,FLPL,AVAL,FLP,AVA
4909,8419282,26505.8,30359.3,16750.0,1823914,8215168,1824041,8218951,FLPL,FLPR,FLP,FLP
4910,8419282,26505.8,30359.3,16750.0,1823914,8215168,1824396,8227593,FLPL,AVAR,FLP,AVA
4911,8419281,26752.6,30165.3,16400.0,1823914,8215175,1824396,8227449,FLPL,AVAR,FLP,AVA
4912,8419281,26752.6,30165.3,16400.0,1823914,8215175,1820190,8140060,FLPL,AVAL,FLP,AVA
4913,8419281,26752.6,30165.3,16400.0,1823914,8215175,1824028,8218819,FLPL,ADER,FLP,ADE
4914,8419280,26969.8,30032.8,16400.0,1823914,8215175,1824396,8227449,FLPL,AVAR,FLP,AVA
4915,8419280,26969.8,30032.8,16400.0,1823914,8215175,1824028,8218764,FLPL,ADER,FLP,ADE
4916,8419279,27295.4,29890.2,16000.0,1823914,8215188,1824396,8227441,FLPL,AVAR,FLP,AVA
4917,8419279,27295.4,29890.2,16000.0,1823914,8215188,1822484,8184427,FLPL,ADAL,FLP,ADA
4918,8419279,27295.4,29890.2,16000.0,1823914,8215188,1820155,8139515,FLPL,AVBR,FLP,AVB
4919,8419278,26211.8,29777.8,15800.0,1823914,8215192,1824396,8227437,FLPL,AVAR,FLP,AVA
4920,8419278,26211.8,29777.8,15800.0,1823914,8215192,1820190,8140048,FLPL,AVAL,FLP,AVA
4921,8419277,26399.8,29824.8,15850.0,1823914,8215191,1824396,8227438,FLPL,AVAR,FLP,AVA
4922,8419277,26399.8,29824.8,15850.0,1823914,8215191,1820190,8140049,FLPL,AVAL,FLP,AVA
4923,8419257,27004.2,29520.7,14850.0,1823914,8215210,1820068,8137886,FLPL,AIBR,FLP,AIB
4924,8419257,27004.2,29520.7,14850.0,1823914,8215210,1824396,8227419,FLPL,AVAR,FLP,AVA
4925,8419250,26588.3,29517.8,14750.0,1823914,8215212,1824396,8227417,FLPL,AVAR,FLP,AVA
4926,8419250,26588.3,29517.8,14750.0,1823914,8215212,1820190,8140028,FLPL,AVAL,FLP,AVA
4927,8419243,26540.1,29497.1,14500.0,1823914,8215217,1824396,8227412,FLPL,AVAR,FLP,AVA
4928,8419243,26540.1,29497.1,14500.0,1823914,8215217,1820190,8140023,FLPL,AVAL,FLP,AVA
4929,8419225,26325.8,29386.2,14250.0,1823914,8215222,1824396,8227408,FLPL,AVAR,FLP,AVA
4930,8419225,26325.8,29386.2,14250.0,1823914,8215222,1820190,8140018,FLPL,AVAL,FLP,AVA
4931,8419219,26071.7,29312.7,14100.0,1823914,8215225,1824396,8227405,FLPL,AVAR,FLP,AVA
4932,8419219,26071.7,29312.7,14100.0,1823914,8215225,1820190,8140015,FLPL,AVAL,FLP,AVA
4933,8419218,26498.1,29709.9,12700.0,1823914,8215252,1824396,8227372,FLPL,AVAR,FLP,AVA
4934,8419218,26498.1,29709.9,12700.0,1823914,8215252,1820114,8138613,FLPL,AIBL,FLP,AIB
4935,8419217,26871.5,29752.2,12600.0,1823914,8215254,1819724,8129669,FLPL,SDQL,FLP,SDQ
4936,8419217,26871.5,29752.2,12600.0,1823914,8215254,1820068,8137840,FLPL,AIBR,FLP,AIB
4937,8419217,26871.5,29752.2,12600.0,1823914,8215254,1824396,8227370,FLPL,AVAR,FLP,AVA
4938,8419117,27169.8,30243.6,14850.0,1819824,8131847,1820068,8137886,DVC,AIBR,DVC,AIB
4939,8419117,27169.8,30243.6,14850.0,1819824,8131847,1824396,8227419,DVC,AVAR,DVC,AVA
4940,8419110,26110.5,30331.8,14350.0,1819824,8131857,1820190,8140020,DVC,AVAL,DVC,AVA
4941,8419110,26110.5,30331.8,14350.0,1819824,8131857,1820114,8138643,DVC,AIBL,DVC,AIB
4942,8419096,26897.6,30066.2,14250.0,1819824,8131859,1824396,8227408,DVC,AVAR,DVC,AVA
4943,8419096,26897.6,30066.2,14250.0,1819824,8131859,1820068,8137873,DVC,AIBR,DVC,AIB
4944,8419090,26321.8,30119.2,13650.0,1819824,8131871,1824396,8227391,DVC,AVAR,DVC,AVA
4945,8419090,26321.8,30119.2,13650.0,1819824,8131871,1820114,8138631,DVC,AIBL,DVC,AIB
4946,8419077,27823.2,29880.4,9450.0,1819824,8131953,1819915,8134582,DVC,AVKR,DVC,AVK
4947,8419077,27823.2,29880.4,9450.0,1819824,8131953,1824491,8229417,DVC,AVKL,DVC,AVK
4948,8419077,27823.2,29880.4,9450.0,1819824,8131953,1822686,8189352,DVC,RMFR,DVC,RMF
4949,8419073,32492.1,14653.9,6200.0,1819824,8132391,1824194,8222979,DVC,RIGL,DVC,RIG
4950,8419073,32492.1,14653.9,6200.0,1819824,8132391,1823055,8196517,DVC,RIBL,DVC,RIB
4951,8419062,26299.2,30494.2,15450.0,1819824,8131835,1820114,8138678,DVC,AIBL,DVC,AIB
4952,8419062,26299.2,30494.2,15450.0,1819824,8131835,1820190,8140042,DVC,AVAL,DVC,AVA
4953,8419062,26299.2,30494.2,15450.0,1819824,8131835,1824396,8227431,DVC,AVAR,DVC,AVA
4954,8419054,26495.4,30097.1,15200.0,1819824,8131840,1824396,8227426,DVC,AVAR,DVC,AVA
4955,8419054,26495.4,30097.1,15200.0,1819824,8131840,1820190,8140037,DVC,AVAL,DVC,AVA
4956,8419048,26553.4,29998.5,14700.0,1819824,8131850,1820190,8140027,DVC,AVAL,DVC,AVA
4957,8419048,26553.4,29998.5,14700.0,1819824,8131850,1824396,8227416,DVC,AVAR,DVC,AVA
4958,8419047,26002.4,30162.9,14100.0,1819824,8131862,1820190,8140015,DVC,AVAL,DVC,AVA
4959,8419047,26002.4,30162.9,14100.0,1819824,8131862,1824396,8227401,DVC,AVAR,DVC,AVA
4960,8419046,26360.8,30046.6,14050.0,1819824,8131863,1820190,8140014,DVC,AVAL,DVC,AVA
4961,8419046,26360.8,30046.6,14050.0,1819824,8131863,1824396,8227404,DVC,AVAR,DVC,AVA
4962,8419044,26463.8,30012.1,13450.0,1819824,8131875,1820114,8138627,DVC,AIBL,DVC,AIB
4963,8419044,26463.8,30012.1,13450.0,1819824,8131875,1824396,8227387,DVC,AVAR,DVC,AVA
4964,8419037,26519.1,29975.4,13250.0,1819824,8131879,1820114,8138623,DVC,AIBL,DVC,AIB
4965,8419037,26519.1,29975.4,13250.0,1819824,8131879,1824396,8227383,DVC,AVAR,DVC,AVA
4966,8419035,30147.7,29014.6,7950.0,1819824,8131984,1824194,8222790,DVC,RIGL,DVC,RIG
4967,8419035,30147.7,29014.6,7950.0,1819824,8131984,1820298,8142544,DVC,AVER,DVC,AVE
4968,8419034,33990.1,26499.2,5950.0,1819824,8132026,1822686,8189242,DVC,RMFR,DVC,RMF
4969,8419033,33295.5,26627.0,5050.0,1819824,8132416,1823055,8196722,DVC,RIBL,DVC,RIB
4970,8419033,33295.5,26627.0,5050.0,1819824,8132416,1822308,8180397,DVC,AVL,DVC,AVL
4971,8419032,34924.5,23823.7,5200.0,1819824,8132045,1824194,8222942,DVC,RIGL,DVC,RIG
4972,8419032,34924.5,23823.7,5200.0,1819824,8132045,1819915,8134491,DVC,AVKR,DVC,AVK
4973,8419028,34911.4,23351.2,5100.0,1819824,8132047,1824194,8222944,DVC,RIGL,DVC,RIG
4974,8419028,34911.4,23351.2,5100.0,1819824,8132047,1819915,8134489,DVC,AVKR,DVC,AVK
4975,8419018,33746.1,17038.1,5250.0,1819824,8132082,1824194,8222959,DVC,RIGL,DVC,RIG
4976,8419018,33746.1,17038.1,5250.0,1819824,8132082,1821278,8162768,DVC,OLLL,DVC,OLL
4977,8419016,32778.9,15569.4,6000.0,1819824,8132387,1823728,8210773,DVC,RMFL,DVC,RMF
4978,8419016,32778.9,15569.4,6000.0,1819824,8132387,1824194,8222975,DVC,RIGL,DVC,RIG
4979,8419015,33215.8,15567.0,6200.0,1819824,8132391,1820068,8137944,DVC,AIBR,DVC,AIB
4980,8419015,33215.8,15567.0,6200.0,1819824,8132391,1823728,8210777,DVC,RMFL,DVC,RMF
4981,8419009,32902.9,15277.7,6350.0,1819824,8132394,1820068,8137941,DVC,AIBR,DVC,AIB
4982,8419009,32902.9,15277.7,6350.0,1819824,8132394,1823728,8211220,DVC,RMFL,DVC,RMF
4983,8419001,32633.2,14753.7,6450.0,1819824,8132396,1820068,8137939,DVC,AIBR,DVC,AIB
4984,8419001,32633.2,14753.7,6450.0,1819824,8132396,1823728,8211222,DVC,RMFL,DVC,RMF
4985,8419001,32633.2,14753.7,6450.0,1819824,8132396,1823055,8196512,DVC,RIBL,DVC,RIB
4986,8419001,32633.2,14753.7,6450.0,1819824,8132396,1824194,8222984,DVC,RIGL,DVC,RIG
4987,8418984,26987.8,10793.5,7050.0,1819824,8132123,1824194,8223035,DVC,RIGL,DVC,RIG
4988,8418984,26987.8,10793.5,7050.0,1819824,8132123,1823489,8205152,DVC,RID,DVC,RID
4989,8418964,27433.1,11052.5,7150.0,1819824,8132383,1824194,8223033,DVC,RIGL,DVC,RIG
4990,8418964,27433.1,11052.5,7150.0,1819824,8132383,1820068,8137575,DVC,AIBR,DVC,AIB
4991,8418934,22789.8,11222.3,7150.0,1819824,8132368,1824134,8221501,DVC,RIGR,DVC,RIG
4992,8418934,22789.8,11222.3,7150.0,1819824,8132368,1820114,8138714,DVC,AIBL,DVC,AIB
4993,8418917,18232.0,14408.2,6450.0,1819824,8132355,1824134,8221472,DVC,RIGR,DVC,RIG
4994,8418917,18232.0,14408.2,6450.0,1819824,8132355,1820114,8138693,DVC,AIBL,DVC,AIB
4995,8418917,18232.0,14408.2,6450.0,1819824,8132355,1822686,8189042,DVC,RMFR,DVC,RMF
4996,8418859,17659.6,14633.4,6450.0,1819824,8132355,1822686,8189042,DVC,RMFR,DVC,RMF
4997,8417903,17911.2,14490.3,6550.0,1819824,8132357,1822686,8189044,DVC,RMFR,DVC,RMF
4998,8417903,17911.2,14490.3,6550.0,1819824,8132357,1820114,8138691,DVC,AIBL,DVC,AIB
4999,8417902,18422.7,14137.5,6600.0,1819824,8132358,1820114,8138690,DVC,AIBL,DVC,AIB
5000,8417902,18422.7,14137.5,6600.0,1819824,8132358,1824134,8221476,DVC,RIGR,DVC,RIG
5001,8417902,18422.7,14137.5,6600.0,1819824,8132358,1822886,8193223,DVC,RIBR,DVC,RIB
5002,8417901,17644.1,14847.2,6100.0,1819824,8132173,1822686,8189035,DVC,RMFR,DVC,RMF
5003,8417901,17644.1,14847.2,6100.0,1819824,8132173,1824134,8221465,DVC,RIGR,DVC,RIG
5004,8417900,17662.3,23328.3,5000.0,1819824,8132228,1824134,8221430,DVC,RIGR,DVC,RIG
5005,8417900,17662.3,23328.3,5000.0,1819824,8132228,1824491,8229667,DVC,AVKL,DVC,AVK
5006,8417899,19380.1,25514.0,5850.0,1819824,8132247,1822686,8188986,DVC,RMFR,DVC,RMF
5007,8417899,19380.1,25514.0,5850.0,1819824,8132247,1821353,8164932,DVC,RIVL,DVC,RIV
5008,8417898,20082.1,26695.7,6750.0,1819824,8132339,1822686,8188966,DVC,RMFR,DVC,RMF
5009,8417897,19954.9,26754.0,6750.0,1819824,8132339,1822886,8193106,DVC,RIBR,DVC,RIB
5010,8417896,19732.3,26560.6,6750.0,1819824,8132339,1822886,8193106,DVC,RIBR,DVC,RIB
5011,8417895,19757.1,26162.1,6600.0,1819824,8132336,1824134,8221398,DVC,RIGR,DVC,RIG
5012,8417895,19757.1,26162.1,6600.0,1819824,8132336,1822686,8188971,DVC,RMFR,DVC,RMF
5013,8417894,19405.9,26166.4,6600.0,1819824,8132336,1824134,8221398,DVC,RIGR,DVC,RIG
5014,8417894,19405.9,26166.4,6600.0,1819824,8132336,1822886,8193429,DVC,RIBR,DVC,RIB
5015,8417893,20543.2,26910.7,6550.0,1819824,8132335,1822886,8193434,DVC,RIBR,DVC,RIB
5016,8417893,20543.2,26910.7,6550.0,1819824,8132335,1822686,8189444,DVC,RMFR,DVC,RMF
5017,8417892,20738.9,27109.6,6450.0,1819824,8132333,1822886,8193436,DVC,RIBR,DVC,RIB
5018,8417891,24581.5,29926.4,8750.0,1819824,8132308,1820114,8138532,DVC,AIBL,DVC,AIB
5019,8417891,24581.5,29926.4,8750.0,1819824,8132308,1824491,8229749,DVC,AVKL,DVC,AVK
5020,8417889,24135.8,29514.9,11200.0,1822263,8179318,1823971,8217147,DVA,SIAVR,DVA,SIAV
5021,8417889,24135.8,29514.9,11200.0,1822263,8179318,1823698,8209733,DVA,SMBVR,DVA,SMBV
5022,8417889,24135.8,29514.9,11200.0,1822263,8179318,1820634,8149156,DVA,SMBDR,DVA,SMBD
5023,8417886,25289.9,29067.4,14950.0,1822263,8179243,1822732,8190424,DVA,RIH,DVA,RIH
5024,8417886,25289.9,29067.4,14950.0,1822263,8179243,1822686,8188781,DVA,RMFR,DVA,RMF
5025,8417005,25825.3,32602.9,17800.0,1822540,8185797,1820155,8139637,AVM,AVBR,AVM,AVB
5026,8417005,25825.3,32602.9,17800.0,1822540,8185797,1822105,8176450,AVM,PVCR,AVM,PVC
5027,8417004,25562.7,32462.4,17700.0,1822540,8185799,1820155,8139635,AVM,AVBR,AVM,AVB
5028,8417004,25562.7,32462.4,17700.0,1822540,8185799,1822105,8176452,AVM,PVCR,AVM,PVC
5029,8417003,24908.5,31551.6,16600.0,1822540,8185821,1819505,8125347,AVM,AVJL,AVM,AVJ
5030,8417003,24908.5,31551.6,16600.0,1822540,8185821,1820155,8138896,AVM,AVBR,AVM,AVB
5031,8417003,24908.5,31551.6,16600.0,1822540,8185821,1822105,8176474,AVM,PVCR,AVM,PVC
5032,8417002,24693.1,31310.2,16300.0,1822540,8185827,1820155,8138902,AVM,AVBR,AVM,AVB
5033,8417002,24693.1,31310.2,16300.0,1822540,8185827,1822105,8176480,AVM,PVCR,AVM,PVC
5034,8417001,24566.7,31217.6,16150.0,1822540,8185830,1820155,8138905,AVM,AVBR,AVM,AVB
5035,8417001,24566.7,31217.6,16150.0,1822540,8185830,1822105,8176483,AVM,PVCR,AVM,PVC
5036,8417000,23530.2,29180.4,13350.0,1822540,8185884,1822153,8177684,AVM,AVDL,AVM,AVD
5037,8417000,23530.2,29180.4,13350.0,1822540,8185884,1823817,8212982,AVM,BDUR,AVM,BDU
5038,8417000,23530.2,29180.4,13350.0,1822540,8185884,1819505,8125284,AVM,AVJL,AVM,AVJ
5039,8416999,23538.2,29086.8,12950.0,1822540,8185892,1822153,8177676,AVM,AVDL,AVM,AVD
5040,8416999,23538.2,29086.8,12950.0,1822540,8185892,1820155,8138968,AVM,AVBR,AVM,AVB
5041,8416998,23169.3,28803.2,12900.0,1822540,8185893,1823817,8212991,AVM,BDUR,AVM,BDU
5042,8416997,23074.1,28618.3,12800.0,1822540,8185895,1823817,8212993,AVM,BDUR,AVM,BDU
5043,8416996,23002.6,28480.8,12600.0,1822540,8185899,1823817,8212997,AVM,BDUR,AVM,BDU
5044,8416995,23583.2,28644.7,12600.0,1822540,8185899,1823242,8200328,AVM,AVBL,AVM,AVB
5045,8416995,23583.2,28644.7,12600.0,1822540,8185899,1822105,8176552,AVM,PVCR,AVM,PVC
5046,8416994,23209.7,28790.6,12400.0,1822540,8185903,1822105,8176556,AVM,PVCR,AVM,PVC
5047,8416994,23209.7,28790.6,12400.0,1822540,8185903,1819505,8125265,AVM,AVJL,AVM,AVJ
5048,8416992,20977.8,25094.1,9450.0,1822540,8185961,1820155,8139037,AVM,AVBR,AVM,AVB
5049,8416992,20977.8,25094.1,9450.0,1822540,8185961,1823817,8213059,AVM,BDUR,AVM,BDU
5050,8416991,26172.2,32675.5,17850.0,1822540,8185796,1820155,8139638,AVM,AVBR,AVM,AVB
5051,8416989,27719.8,32356.4,17800.0,1822540,8185603,1822066,8175754,AVM,AVJR,AVM,AVJ
5052,8416985,17509.2,21248.8,3750.0,1822308,8180563,1820662,8149641,AVL,RMER,AVL,RMEL/R
5053,8416985,17509.2,21248.8,3750.0,1822308,8180563,1823880,8214843,AVL,RIS,AVL,RIS
5054,8416984,20515.4,26468.7,5000.0,1822308,8180590,1821325,8164635,AVL,PVT,AVL,PVT
5055,8416980,26554.2,30089.2,11650.0,1819915,8134224,1820114,8138592,AVKR,AIBL,AVK,AIB
5056,8416980,26554.2,30089.2,11650.0,1819915,8134224,1822308,8180721,AVKR,AVL,AVK,AVL
5057,8416980,26554.2,30089.2,11650.0,1819915,8134224,1824093,8220331,AVKR,unknown1,AVK,unknown1
5058,8416979,24992.1,29574.2,8900.0,1819915,8134277,1820254,8141547,AVKR,RIML,AVK,RIM
5059,8416979,24992.1,29574.2,8900.0,1819915,8134277,1821353,8164993,AVKR,RIVL,AVK,RIV
5060,8416979,24992.1,29574.2,8900.0,1819915,8134277,1820370,8143559,AVKR,AVEL,AVK,AVE
5061,8416975,20082.2,25551.8,4500.0,1819915,8134365,1823880,8214507,AVKR,RIS,AVK,RIS
5062,8416975,20082.2,25551.8,4500.0,1819915,8134365,1820413,8144773,AVKR,RMDR,AVK,RMDL/R
5063,8416974,19080.1,23930.6,3950.0,1819915,8134914,1823880,8214518,AVKR,RIS,AVK,RIS
5064,8416974,19080.1,23930.6,3950.0,1819915,8134914,1820413,8144784,AVKR,RMDR,AVK,RMDL/R
5065,8416972,18149.2,15178.2,4350.0,1819915,8134387,1823880,8214558,AVKR,RIS,AVK,RIS
5066,8416972,18149.2,15178.2,4350.0,1819915,8134387,1820413,8144715,AVKR,RMDR,AVK,RMDL/R
5067,8416969,22566.2,12196.8,5750.0,1819915,8134421,1820590,8147694,AVKR,SMDVR,AVK,SMDV
5068,8416969,22566.2,12196.8,5750.0,1819915,8134421,1820254,8141662,AVKR,RIML,AVK,RIM
5069,8416968,22216.4,12331.9,5750.0,1819915,8134421,1820590,8147694,AVKR,SMDVR,AVK,SMDV
5070,8416968,22216.4,12331.9,5750.0,1819915,8134421,1820254,8141662,AVKR,RIML,AVK,RIM
5071,8416967,28358.6,11651.3,6450.0,1819915,8134883,1820068,8137962,AVKR,AIBR,AVK,AIB
5072,8416967,28358.6,11651.3,6450.0,1819915,8134883,1822686,8189380,AVKR,RMFR,AVK,RMF
5073,8416966,30031.1,13352.2,5800.0,1819915,8134444,1820217,8140912,AVKR,RIMR,AVK,RIM
5074,8416966,30031.1,13352.2,5800.0,1819915,8134444,1820552,8146955,AVKR,SMDVL,AVK,SMDV
5075,8416965,33680.5,17809.6,5400.0,1819915,8134859,1820217,8140712,AVKR,RIMR,AVK,RIM
5076,8416965,33680.5,17809.6,5400.0,1819915,8134859,1822574,8186547,AVKR,SAAVL,AVK,SAAV
5077,8416964,33353.6,17346.4,5100.0,1819915,8134463,1820217,8140882,AVKR,RIMR,AVK,RIM
5078,8416964,33353.6,17346.4,5100.0,1819915,8134463,1822574,8186553,AVKR,SAAVL,AVK,SAAV
5079,8416963,30574.3,28038.9,7350.0,1819915,8134540,1819940,8135176,AVKR,RIVR,AVK,RIV
5080,8416963,30574.3,28038.9,7350.0,1819915,8134540,1824214,8223358,AVKR,SAADL,AVK,SAAD
5081,8416962,27539.9,30775.7,14400.0,1819915,8134680,1820298,8142361,AVKR,AVER,AVK,AVE
5082,8416962,27539.9,30775.7,14400.0,1819915,8134680,1820068,8137876,AVKR,AIBR,AVK,AIB
5083,8416961,34580.6,23502.6,5250.0,1819915,8134492,1819824,8132044,AVKR,DVC,AVK,DVC
5084,8416961,34580.6,23502.6,5250.0,1819915,8134492,1824214,8223707,AVKR,SAADL,AVK,SAAD
5085,8416961,34580.6,23502.6,5250.0,1819915,8134492,1824194,8222941,AVKR,RIGL,AVK,RIG
5086,8416949,28882.6,28781.6,7950.0,1824491,8229447,1823121,8197879,AVKL,SMDDL,AVK,SMDD
5087,8416949,28882.6,28781.6,7950.0,1824491,8229447,1820217,8140787,AVKL,RIMR,AVK,RIM
5088,8416949,28882.6,28781.6,7950.0,1824491,8229447,1820298,8142233,AVKL,AVER,AVK,AVE
5089,8416948,29152.8,28819.4,7750.0,1824491,8229451,1820217,8140783,AVKL,RIMR,AVK,RIM
5090,8416948,29152.8,28819.4,7750.0,1824491,8229451,1820298,8142229,AVKL,AVER,AVK,AVE
5091,8416947,30528.1,27952.3,7000.0,1824491,8229466,1823121,8197900,AVKL,SMDDL,AVK,SMDD
5092,8416947,30528.1,27952.3,7000.0,1824491,8229466,1820217,8140769,AVKL,RIMR,AVK,RIM
5093,8416946,32383.6,14949.0,4650.0,1824491,8229546,1823880,8214625,AVKL,RIS,AVK,RIS
5094,8416946,32383.6,14949.0,4650.0,1824491,8229546,1820449,8145026,AVKL,RMDL,AVK,RMDL/R
5095,8416945,29403.0,12964.7,5700.0,1824491,8229571,1820217,8140914,AVKL,RIMR,AVK,RIM
5096,8416945,29403.0,12964.7,5700.0,1824491,8229571,1820552,8146957,AVKL,SMDVL,AVK,SMDV
5097,8416944,25915.8,11757.5,6400.0,1824491,8229589,1820298,8142036,AVKL,AVER,AVK,AVE
5098,8416944,25915.8,11757.5,6400.0,1824491,8229589,1820254,8141423,AVKL,RIML,AVK,RIM
5099,8416944,25915.8,11757.5,6400.0,1824491,8229589,1820370,8143357,AVKL,AVEL,AVK,AVE
5100,8416942,17560.4,16519.4,5250.0,1819824,8132190,1820254,8141639,DVC,RIML,DVC,RIM
5101,8416942,17560.4,16519.4,5250.0,1819824,8132190,1820522,8146711,DVC,SAAVR,DVC,SAAV
5102,8416940,17337.8,16848.0,5200.0,1824491,8229632,1820522,8146712,AVKL,SAAVR,AVK,SAAV
5103,8416940,17337.8,16848.0,5200.0,1824491,8229632,1824134,8221446,AVKL,RIGR,AVK,RIG
5104,8416939,17319.3,20443.5,4450.0,1824491,8229649,1823728,8210858,AVKL,RMFL,AVK,RMF
5105,8416939,17319.3,20443.5,4450.0,1824491,8229649,1824134,8221549,AVKL,RIGR,AVK,RIG
5106,8416938,18283.7,24116.7,5250.0,1824491,8230040,1824134,8221425,AVKL,RIGR,AVK,RIG
5107,8416938,18283.7,24116.7,5250.0,1824491,8230040,1819824,8132346,AVKL,DVC,AVK,DVC
5108,8416937,20141.3,25863.2,5850.0,1824491,8229691,1824100,8220705,AVKL,SAADR,AVK,SAAD
5109,8416937,20141.3,25863.2,5850.0,1824491,8229691,1820254,8141587,AVKL,RIML,AVK,RIM
5110,8416936,20867.8,26541.1,6250.0,1824491,8229699,1821353,8164940,AVKL,RIVL,AVK,RIV
5111,8416936,20867.8,26541.1,6250.0,1824491,8229699,1824100,8220698,AVKL,SAADR,AVK,SAAD
5112,8416936,20867.8,26541.1,6250.0,1824491,8229699,1820254,8141492,AVKL,RIML,AVK,RIM
5113,8416935,24733.8,29326.8,8150.0,1824491,8229737,1820370,8143544,AVKL,AVEL,AVK,AVE
5114,8416935,24733.8,29326.8,8150.0,1824491,8229737,1820254,8141532,AVKL,RIML,AVK,RIM
5115,8416934,26420.4,30718.4,13150.0,1824491,8229836,1820634,8149117,AVKL,SMBDR,AVK,SMBD
5116,8416934,26420.4,30718.4,13150.0,1824491,8229836,1824134,8221226,AVKL,RIGR,AVK,RIG
5117,8416934,26420.4,30718.4,13150.0,1824491,8229836,1822308,8180751,AVKL,AVL,AVK,AVL
5118,8416933,25738.8,32894.7,20450.0,1824491,8229981,1820370,8143806,AVKL,AVEL,AVK,AVE
5119,8416933,25738.8,32894.7,20450.0,1824491,8229981,1823242,8200488,AVKL,AVBL,AVK,AVB
5120,8416554,28304.1,32369.4,17050.0,1822066,8175739,1823242,8200626,AVJR,AVBL,AVJ,AVB
5121,8416554,28304.1,32369.4,17050.0,1822066,8175739,1824050,8219169,AVJR,PVCL,AVJ,PVC
5122,8416552,24725.8,13985.8,7850.0,1822066,8175512,1822105,8176681,AVJR,PVCR,AVJ,PVC
5123,8416552,24725.8,13985.8,7850.0,1822066,8175512,1823242,8200158,AVJR,AVBL,AVJ,AVB
5124,8416549,30544.4,28472.1,11400.0,1822066,8175628,1823489,8204878,AVJR,RID,AVJ,RID
5125,8416549,30544.4,28472.1,11400.0,1822066,8175628,1824050,8219279,AVJR,PVCL,AVJ,PVC
5126,8416546,29885.8,29586.1,12950.0,1822066,8175659,1823242,8200023,AVJR,AVBL,AVJ,AVB
5127,8416546,29885.8,29586.1,12950.0,1822066,8175659,1824050,8219248,AVJR,PVCL,AVJ,PVC
5128,8416545,27004.4,32757.8,17900.0,1822066,8175863,1822540,8185599,AVJR,AVM,AVJ,AVM
5129,8416545,27004.4,32757.8,17900.0,1822066,8175863,1823880,8214949,AVJR,RIS,AVJ,RIS
5130,8416171,14391.3,15265.0,12700.0,1819587,8126931,1819892,8133514,AVHR,AINR,AVH,AIN
5131,8416171,14391.3,15265.0,12700.0,1819587,8126931,1822066,8175398,AVHR,AVJR,AVH,AVJ
5132,8416170,14831.5,15649.1,11400.0,1819587,8126957,1819940,8134970,AVHR,RIVR,AVH,RIV
5133,8416168,15490.8,16128.3,10200.0,1819587,8126981,1820590,8147603,AVHR,SMDVR,AVH,SMDV
5134,8416168,15490.8,16128.3,10200.0,1819587,8126981,1819940,8134994,AVHR,RIVR,AVH,RIV
5135,8416168,15490.8,16128.3,10200.0,1819587,8126981,1819089,8120843,AVHR,fragoutsideNR,AVH,fragoutsideNR
5136,8416167,25540.3,13921.3,8300.0,1819587,8127046,1819435,8123926,AVHR,BDUL,AVH,BDU
5137,8416167,25540.3,13921.3,8300.0,1819587,8127046,1819527,8125636,AVHR,AVHL,AVH,AVH
5138,8416166,30665.1,14167.5,8550.0,1819587,8127065,1819995,8136541,AVHR,RIR,AVH,RIR
5139,8416166,30665.1,14167.5,8550.0,1819587,8127065,1821041,8157226,AVHR,URXL,AVH,URX
5140,8416165,34635.1,21357.4,8400.0,1819587,8127420,1819634,8128126,AVHR,ADFL,AVH,ADF
5141,8416165,34635.1,21357.4,8400.0,1819587,8127420,1819995,8136517,AVHR,RIR,AVH,RIR
5142,8416164,34444.6,21327.7,7950.0,1819587,8127415,1822086,8176232,AVHR,PVPL,AVH,PVP
5143,8416164,34444.6,21327.7,7950.0,1819587,8127415,1820190,8140257,AVHR,AVAL,AVH,AVA
5144,8416163,33628.4,17530.8,8650.0,1819587,8127429,1819995,8136579,AVHR,RIR,AVH,RIR
5145,8416163,33628.4,17530.8,8650.0,1819587,8127429,1823150,8198617,AVHR,AWBL,AVH,AWB
5146,8416162,34598.4,20047.7,8400.0,1819587,8127082,1819995,8136517,AVHR,RIR,AVH,RIR
5147,8416162,34598.4,20047.7,8400.0,1819587,8127082,1821041,8157371,AVHR,URXL,AVH,URX
5148,8416161,34308.7,22292.9,8200.0,1819587,8127088,1823460,8204602,AVHR,ASHL,AVH,ASH
5149,8416161,34308.7,22292.9,8200.0,1819587,8127088,1820190,8140311,AVHR,AVAL,AVH,AVA
5150,8416160,32523.0,26966.8,7950.0,1819587,8127409,1822086,8176207,AVHR,PVPL,AVH,PVP
5151,8416159,30837.4,28855.3,9350.0,1819587,8127134,1823150,8198528,AVHR,AWBL,AVH,AWB
5152,8416159,30837.4,28855.3,9350.0,1819587,8127134,1823775,8211665,AVHR,SMBVL,AVH,SMBV
5153,8416158,30912.9,29136.3,10100.0,1819587,8127148,1820114,8138229,AVHR,AIBL,AVH,AIB
5154,8416158,30912.9,29136.3,10100.0,1819587,8127148,1820396,8144035,AVHR,ADLL,AVH,ADL
5155,8416157,29696.4,29586.4,10800.0,1819587,8127162,1820615,8148515,AVHR,SMBDL,AVH,SMBD
5156,8416157,29696.4,29586.4,10800.0,1819587,8127162,1822263,8179543,AVHR,DVA,AVH,DVA
5157,8416156,29438.3,29644.9,11050.0,1819587,8127167,1822263,8179548,AVHR,DVA,AVH,DVA
5158,8416156,29438.3,29644.9,11050.0,1819587,8127167,1823957,8216382,AVHR,SIAVL,AVH,SIAV
5159,8416153,28496.7,30898.3,14000.0,1819587,8127226,1820254,8141230,AVHR,RIML,AVH,RIM
5160,8416153,28496.7,30898.3,14000.0,1819587,8127226,1822263,8179607,AVHR,DVA,AVH,DVA
5161,8416153,28496.7,30898.3,14000.0,1819587,8127226,1823859,8213867,AVHR,RIFL,AVH,RIF
5162,8416150,28520.1,31721.2,17350.0,1819587,8127291,1822086,8176024,AVHR,PVPL,AVH,PVP
5163,8416149,28522.7,31816.7,17350.0,1819587,8127291,1822540,8185612,AVHR,AVM,AVH,AVM
5164,8416149,28522.7,31816.7,17350.0,1819587,8127291,1824050,8219163,AVHR,PVCL,AVH,PVC
5165,8416148,28705.9,31894.6,17450.0,1819587,8127293,1822086,8176022,AVHR,PVPL,AVH,PVP
5166,8416147,34972.0,16753.2,12250.0,1819527,8125538,1819505,8125042,AVHL,AVJL,AVH,AVJ
5167,8416146,21795.0,28603.6,8900.0,1819527,8125732,1822263,8179363,AVHL,DVA,AVH,DVA
5168,8416146,21795.0,28603.6,8900.0,1819527,8125732,1822292,8180026,AVHL,PVPR,AVH,PVP
5169,8416145,24348.2,30247.1,11500.0,1819527,8125784,1823698,8209711,AVHL,SMBVR,AVH,SMBV
5170,8416145,24348.2,30247.1,11500.0,1819527,8125784,1822938,8194132,AVHL,AWBR,AVH,AWB
5171,8416144,34816.1,16682.9,12500.0,1819527,8125533,1820552,8146821,AVHL,SMDVL,AVH,SMDV
5172,8416144,34816.1,16682.9,12500.0,1819527,8125533,1821353,8164737,AVHL,RIVL,AVH,RIV
5173,8416143,17437.1,16327.2,8450.0,1819527,8125675,1823274,8200969,AVHL,ADFR,AVH,ADF
5174,8416143,17437.1,16327.2,8450.0,1819527,8125675,1819686,8129007,AVHL,AIAR,AVH,AIA
5175,8416142,22021.4,13428.7,8250.0,1819527,8125645,1819995,8136681,AVHL,RIR,AVH,RIR
5176,8416141,16670.6,18286.3,8100.0,1819527,8125684,1824067,8220073,AVHL,AQR,AVH,AQR
5177,8416141,16670.6,18286.3,8100.0,1819527,8125684,1822232,8178824,AVHL,BAGL,AVH,BAG
5178,8416140,17299.0,20460.3,8150.0,1819527,8125696,1823320,8201719,AVHL,ASHR,AVH,ASH
5179,8416140,17299.0,20460.3,8150.0,1819527,8125696,1819995,8136664,AVHL,RIR,AVH,RIR
5180,8416139,18786.2,24266.6,8250.0,1819527,8125703,1819995,8136732,AVHL,RIR,AVH,RIR
5181,8416139,18786.2,24266.6,8250.0,1819527,8125703,1822938,8194329,AVHL,AWBR,AVH,AWB
5182,8416139,18786.2,24266.6,8250.0,1819527,8125703,1823274,8200926,AVHL,ADFR,AVH,ADF
5183,8416138,18487.0,23476.6,8150.0,1819527,8125700,1824067,8220008,AVHL,AQR,AVH,AQR
5184,8416138,18487.0,23476.6,8150.0,1819527,8125700,1824396,8227687,AVHL,AVAR,AVH,AVA
5185,8416137,23956.0,29942.3,11350.0,1819527,8125780,1823698,8209714,AVHL,SMBVR,AVH,SMBV
5186,8416137,23956.0,29942.3,11350.0,1819527,8125780,1822263,8179315,AVHL,DVA,AVH,DVA
5187,8416137,23956.0,29942.3,11350.0,1819527,8125780,1822292,8179979,AVHL,PVPR,AVH,PVP
5188,8416136,24611.9,30123.4,11950.0,1819527,8125793,1823698,8209702,AVHL,SMBVR,AVH,SMBV
5189,8416136,24611.9,30123.4,11950.0,1819527,8125793,1822938,8194124,AVHL,AWBR,AVH,AWB
5190,8416136,24611.9,30123.4,11950.0,1819527,8125793,1820634,8149141,AVHL,SMBDR,AVH,SMBD
5191,8416135,24930.9,30667.2,15900.0,1819527,8125875,1823242,8200397,AVHL,AVBL,AVH,AVB
5192,8416135,24930.9,30667.2,15900.0,1819527,8125875,1822292,8179889,AVHL,PVPR,AVH,PVP
5193,8416135,24930.9,30667.2,15900.0,1819527,8125875,1822105,8176488,AVHL,PVCR,AVH,PVC
5194,8416134,33830.9,20403.2,9600.0,1819385,8122798,1823208,8199461,AVFR,AWAL,AVF,AWA
5195,8416134,33830.9,20403.2,9600.0,1819385,8122798,1823665,8209280,AVFR,HSNR,AVF,HSN
5196,8416133,28407.9,13791.2,8700.0,1819385,8122840,1819330,8121816,AVFR,PVNR,AVF,PVN
5197,8416133,28407.9,13791.2,8700.0,1819385,8122840,1823838,8213634,AVFR,RIFR,AVF,RIF
5198,8415312,17531.8,17207.9,5750.0,1819788,8131208,1821353,8164904,ALNR,RIVL,ALN,RIV
5199,8415312,17531.8,17207.9,5750.0,1819788,8131208,1820522,8146701,ALNR,SAAVR,ALN,SAAV
5200,8415311,17505.4,17854.3,4950.0,1819788,8131224,1822505,8185379,ALNR,RMHL,ALN,RMH
5201,8415310,15781.0,15090.0,12100.0,1819788,8131082,1820522,8146744,ALNR,SAAVR,ALN,SAAV
5202,8415310,15781.0,15090.0,12100.0,1819788,8131082,1820615,8148805,ALNR,SMBDL,ALN,SMBD
5203,8415309,15944.8,15474.2,12000.0,1819788,8131084,1820590,8148225,ALNR,SMDVR,ALN,SMDV
5204,8415309,15944.8,15474.2,12000.0,1819788,8131084,1820522,8146742,ALNR,SAAVR,ALN,SAAV
5205,8415308,16181.1,15524.4,11650.0,1819788,8131091,1820522,8146735,ALNR,SAAVR,ALN,SAAV
5206,8415308,16181.1,15524.4,11650.0,1819788,8131091,1820615,8148796,ALNR,SMBDL,ALN,SMBD
5207,8415307,16265.5,15661.7,11400.0,1819788,8131096,1820522,8146730,ALNR,SAAVR,ALN,SAAV
5208,8415307,16265.5,15661.7,11400.0,1819788,8131096,1820615,8148791,ALNR,SMBDL,ALN,SMBD
5209,8415306,16530.8,15903.5,11000.0,1819788,8131104,1820522,8146223,ALNR,SAAVR,ALN,SAAV
5210,8415306,16530.8,15903.5,11000.0,1819788,8131104,1820615,8148783,ALNR,SMBDL,ALN,SMBD
5211,8415305,18049.4,16777.0,5950.0,1819788,8131204,1823121,8198038,ALNR,SMDDL,ALN,SMDD
5212,8415305,18049.4,16777.0,5950.0,1819788,8131204,1820552,8147486,ALNR,SMDVL,ALN,SMDV
5213,8415305,18049.4,16777.0,5950.0,1819788,8131204,1820522,8146697,ALNR,SAAVR,ALN,SAAV
5214,8415302,17927.5,17049.7,5700.0,1819788,8131209,1820522,8146702,ALNR,SAAVR,ALN,SAAV
5215,8415301,17673.7,17042.3,5850.0,1819788,8131206,1820522,8146699,ALNR,SAAVR,ALN,SAAV
5216,8415301,17673.7,17042.3,5850.0,1819788,8131206,1821353,8164902,ALNR,RIVL,ALN,RIV
5217,8415299,18352.2,17076.1,5450.0,1819788,8131214,1821428,8166297,ALNR,BWM-DR06,ALN,BWM06D
5218,8415299,18352.2,17076.1,5450.0,1819788,8131214,1820522,8146707,ALNR,SAAVR,ALN,SAAV
5219,8415298,17257.2,17283.5,5350.0,1819788,8131216,1824100,8220987,ALNR,SAADR,ALN,SAAD
5220,8415298,17257.2,17283.5,5350.0,1819788,8131216,1820522,8146709,ALNR,SAAVR,ALN,SAAV
5221,8415298,17257.2,17283.5,5350.0,1819788,8131216,1824134,8221449,ALNR,RIGR,ALN,RIG
5222,8415297,33666.5,17152.0,11150.0,1819716,8129303,1822574,8186431,ALNL,SAAVL,ALN,SAAV
5223,8415297,33666.5,17152.0,11150.0,1819716,8129303,1820634,8149447,ALNL,SMBDR,ALN,SMBD
5224,8415296,33006.4,18028.7,5550.0,1819716,8129414,1824349,8226474,ALNL,RMGL,ALN,RMG
5225,8415296,33006.4,18028.7,5550.0,1819716,8129414,1822574,8186544,ALNL,SAAVL,ALN,SAAV
5226,8415295,33544.7,18437.3,5400.0,1819716,8129417,1824349,8226471,ALNL,RMGL,ALN,RMG
5227,8415295,33544.7,18437.3,5400.0,1819716,8129417,1822574,8186547,ALNL,SAAVL,ALN,SAAV
5228,8415294,33932.6,16821.8,12050.0,1819716,8129285,1822574,8187028,ALNL,SAAVL,ALN,SAAV
5229,8415294,33932.6,16821.8,12050.0,1819716,8129285,1820634,8149465,ALNL,SMBDR,ALN,SMBD
5230,8415293,33794.4,16938.6,11600.0,1819716,8129294,1822574,8186422,ALNL,SAAVL,ALN,SAAV
5231,8415293,33794.4,16938.6,11600.0,1819716,8129294,1820634,8149456,ALNL,SMBDR,ALN,SMBD
5232,8415292,33792.2,17081.7,11350.0,1819716,8129299,1822574,8186427,ALNL,SAAVL,ALN,SAAV
5233,8415292,33792.2,17081.7,11350.0,1819716,8129299,1820634,8149451,ALNL,SMBDR,ALN,SMBD
5234,8415291,34353.4,17375.9,11350.0,1819716,8129299,1822574,8186427,ALNL,SAAVL,ALN,SAAV
5235,8415291,34353.4,17375.9,11350.0,1819716,8129299,1822365,8181766,ALNL,RIAL,ALN,RIA
5236,8415288,32992.1,17675.8,6000.0,1819716,8129405,1822574,8186535,ALNL,SAAVL,ALN,SAAV
5237,8415288,32992.1,17675.8,6000.0,1819716,8129405,1820590,8147785,ALNL,SMDVR,ALN,SMDV
5238,8415288,32992.1,17675.8,6000.0,1819716,8129405,1819940,8135107,ALNL,RIVR,ALN,RIV
5239,8415285,33425.9,18152.5,5700.0,1819716,8129411,1819940,8135113,ALNL,RIVR,ALN,RIV
5240,8415285,33425.9,18152.5,5700.0,1819716,8129411,1822574,8186541,ALNL,SAAVL,ALN,SAAV
5241,8415284,19338.2,21511.3,8750.0,1819774,8130929,1823817,8213078,ALMR,BDUR,ALM,BDU
5242,8415279,20087.7,15922.2,7900.0,1819774,8131035,1820969,8155770,ALMR,CEPDR,ALM,CEPD
5243,8415278,19308.7,17127.9,7800.0,1819774,8131037,1820969,8156004,ALMR,CEPDR,ALM,CEPD
5244,8415278,19308.7,17127.9,7800.0,1819774,8131037,1819753,8130781,ALMR,PVR,ALM,PVR
5245,8415277,19541.3,16937.7,7750.0,1819774,8131038,1820969,8155773,ALMR,CEPDR,ALM,CEPD
5246,8415275,19938.8,16405.1,7750.0,1819774,8131038,1820969,8155773,ALMR,CEPDR,ALM,CEPD
5247,8415274,22791.2,28138.6,11450.0,1819774,8130984,1822105,8176575,ALMR,PVCR,ALM,PVC
5248,8415274,22791.2,28138.6,11450.0,1819774,8130984,1819574,8126637,ALMR,CEPVR,ALM,CEPV
5249,8415272,22720.4,27560.2,10300.0,1819774,8130961,1822105,8176597,ALMR,PVCR,ALM,PVC
5250,8415271,22140.3,26820.4,9750.0,1819774,8131007,1822153,8177614,ALMR,AVDL,ALM,AVD
5251,8415271,22140.3,26820.4,9750.0,1819774,8131007,1822105,8176608,ALMR,PVCR,ALM,PVC
5252,8415271,22140.3,26820.4,9750.0,1819774,8131007,1820155,8139032,ALMR,AVBR,ALM,AVB
5253,8415270,18841.2,17365.6,8450.0,1819774,8130914,1823817,8213106,ALMR,BDUR,ALM,BDU
5254,8415269,18282.2,17368.2,8400.0,1819774,8130915,1819788,8131155,ALMR,ALNR,ALM,ALN
5255,8415268,19694.3,22252.2,8800.0,1819774,8130930,1819809,8131424,ALMR,SDQR,ALM,SDQ
5256,8415268,19694.3,22252.2,8800.0,1819774,8130930,1823817,8213114,ALMR,BDUR,ALM,BDU
5257,8415267,19469.1,21854.7,8800.0,1819774,8130930,1823817,8213077,ALMR,BDUR,ALM,BDU
5258,8415266,22945.8,27689.6,10500.0,1819774,8130965,1822105,8176593,ALMR,PVCR,ALM,PVC
5259,8415265,22352.4,27138.4,10550.0,1819774,8130966,1823817,8213038,ALMR,BDUR,ALM,BDU
5260,8415264,22995.7,27817.4,10750.0,1819774,8130970,1822105,8176588,ALMR,PVCR,ALM,PVC
5261,8415263,22538.7,27461.8,10700.0,1819774,8130969,1823817,8213035,ALMR,BDUR,ALM,BDU
5262,8415262,23205.1,27408.9,10800.0,1819774,8130971,1819574,8126659,ALMR,CEPVR,ALM,CEPV
5263,8415261,23237.4,27654.9,10950.0,1819774,8130974,1819574,8126656,ALMR,CEPVR,ALM,CEPV
5264,8415260,22942.7,27859.3,11050.0,1819774,8130976,1822105,8176582,ALMR,PVCR,ALM,PVC
5265,8415259,23088.6,28020.2,11650.0,1819774,8130988,1822105,8176571,ALMR,PVCR,ALM,PVC
5266,8415258,31542.9,17207.4,8550.0,1819740,8130121,1821140,8159535,ALML,CEPDL,ALM,CEPD
5267,8415257,30772.3,30044.1,13100.0,1819740,8130059,1819435,8123773,ALML,BDUL,ALM,BDU
5268,8415255,30742.2,27965.9,10650.0,1819740,8130009,1824050,8219294,ALML,PVCL,ALM,PVC
5269,8415254,32431.2,20816.9,8650.0,1819740,8130094,1821299,8163588,ALML,CEPVL,ALM,CEPV
5270,8415252,32301.3,21590.7,8650.0,1819740,8130094,1821299,8163588,ALML,CEPVL,ALM,CEPV
5271,8415252,32301.3,21590.7,8650.0,1819740,8130094,1819753,8130517,ALML,PVR,ALM,PVR
5272,8415251,31079.3,26580.2,9500.0,1819740,8130087,1819330,8121873,ALML,PVNR,ALM,PVN
5273,8415250,30926.0,26694.3,9850.0,1819740,8129993,1821299,8163362,ALML,CEPVL,ALM,CEPV
5274,8415245,32212.9,21247.5,8600.0,1819740,8130095,1821299,8163587,ALML,CEPVL,ALM,CEPV
5275,8415243,32239.4,21075.2,8600.0,1819740,8130095,1821299,8163587,ALML,CEPVL,ALM,CEPV
5276,8415242,32594.1,21933.7,9100.0,1819740,8130099,1819435,8123959,ALML,BDUL,ALM,BDU
5277,8415241,32535.8,21684.6,9100.0,1819740,8130099,1819435,8123959,ALML,BDUL,ALM,BDU
5278,8415240,32485.7,21358.8,9200.0,1819740,8130101,1819435,8123854,ALML,BDUL,ALM,BDU
5279,8415239,32342.6,20902.9,9200.0,1819740,8130101,1819409,8123554,ALML,PVNL,ALM,PVN
5280,8415237,32186.9,17463.9,9050.0,1819740,8130111,1822332,8181423,ALML,RMDDR,ALM,RMDD
5281,8415237,32186.9,17463.9,9050.0,1819740,8130111,1820634,8149405,ALML,SMBDR,ALM,SMBD
5282,8415234,32103.8,17458.2,9850.0,1819740,8129954,1819435,8123952,ALML,BDUL,ALM,BDU
5283,8415233,31842.2,17036.8,9750.0,1819740,8129956,1819435,8123950,ALML,BDUL,ALM,BDU
5284,8415232,32019.7,17132.1,9550.0,1819740,8129960,1819435,8123884,ALML,BDUL,ALM,BDU
5285,8415230,30632.7,28150.2,11000.0,1819740,8130016,1824050,8219287,ALML,PVCL,ALM,PVC
5286,8415228,30440.5,29943.4,13250.0,1819740,8130062,1819435,8123770,ALML,BDUL,ALM,BDU
5287,8415226,30069.1,30209.6,13600.0,1819740,8130069,1824050,8219236,ALML,PVCL,ALM,PVC
5288,8415225,30026.4,30557.2,13650.0,1819740,8130070,1824050,8219235,ALML,PVCL,ALM,PVC
5289,8415224,29931.3,30837.3,13800.0,1819740,8130073,1824050,8219232,ALML,PVCL,ALM,PVC
5290,8415223,18638.7,19802.9,9650.0,1820346,8143110,1820298,8141938,ALA,AVER,ALA,AVE
5291,8415223,18638.7,19802.9,9650.0,1820346,8143110,1819169,8120897,ALA,CEPshVR,ALA,CEPshV
5292,8415221,32370.9,20044.2,9900.0,1820346,8143016,1819409,8123566,ALA,PVNL,ALA,PVN
5293,8415221,32370.9,20044.2,9900.0,1820346,8143016,1820370,8143236,ALA,AVEL,ALA,AVE
5294,8415220,32349.8,19713.3,9750.0,1820346,8143019,1820370,8143239,ALA,AVEL,ALA,AVE
5295,8415220,32349.8,19713.3,9750.0,1820346,8143019,1819435,8123868,ALA,BDUL,ALA,BDU
5296,8415219,18343.2,20293.6,10450.0,1820346,8143127,1820298,8141923,ALA,AVER,ALA,AVE
5297,8415218,17584.9,19882.7,11350.0,1820346,8143145,1820298,8141905,ALA,AVER,ALA,AVE
5298,8415218,17584.9,19882.7,11350.0,1820346,8143145,1819173,8120898,ALA,CEPshVL,ALA,CEPshV
5299,8415217,17923.9,19996.5,11400.0,1820346,8143146,1820298,8141904,ALA,AVER,ALA,AVE
5300,8415216,33204.5,20014.8,11000.0,1820346,8142990,1820370,8143215,ALA,AVEL,ALA,AVE
5301,8415216,33204.5,20014.8,11000.0,1820346,8142990,1820396,8143932,ALA,ADLL,ALA,ADL
5302,8415215,28128.3,32431.5,14450.0,1823428,8203782,1822365,8182005,AIZL,RIAL,AIZ,RIA
5303,8415215,28128.3,32431.5,14450.0,1823428,8203782,1823775,8211519,AIZL,SMBVL,AIZ,SMBV
5304,8415214,28095.8,29810.3,10800.0,1823428,8204184,1820068,8137804,AIZL,AIBR,AIZ,AIB
5305,8415214,28095.8,29810.3,10800.0,1823428,8204184,1820298,8142289,AIZL,AVER,AIZ,AVE
5306,8415213,28598.1,30535.3,10150.0,1823428,8203868,1822365,8181920,AIZL,RIAL,AIZ,RIA
5307,8415213,28598.1,30535.3,10150.0,1823428,8203868,1820615,8148528,AIZL,SMBDL,AIZ,SMBD
5308,8415212,28675.4,29467.1,9600.0,1823428,8203879,1820298,8142265,AIZL,AVER,AIZ,AVE
5309,8415212,28675.4,29467.1,9600.0,1823428,8203879,1820068,8137757,AIZL,AIBR,AIZ,AIB
5310,8415211,29414.8,29608.2,9300.0,1823428,8203884,1822365,8181904,AIZL,RIAL,AIZ,RIA
5311,8415211,29414.8,29608.2,9300.0,1823428,8203884,1823775,8211666,AIZL,SMBVL,AIZ,SMBV
5312,8415211,29414.8,29608.2,9300.0,1823428,8203884,1820615,8148544,AIZL,SMBDL,AIZ,SMBD
5313,8415209,34831.6,20656.3,9650.0,1823428,8204151,1820114,8138746,AIZL,AIBL,AIZ,AIB
5314,8415209,34831.6,20656.3,9650.0,1823428,8204151,1824448,8228526,AIZL,AIAL,AIZ,AIA
5315,8415208,34698.4,20468.3,9700.0,1823428,8204152,1824448,8228542,AIZL,AIAL,AIZ,AIA
5316,8415208,34698.4,20468.3,9700.0,1823428,8204152,1823176,8198964,AIZL,ASEL,AIZ,ASE
5317,8415205,31049.9,13672.7,6950.0,1823428,8204052,1820370,8143908,AIZL,AVEL,AIZ,AVE
5318,8415204,31076.4,13916.5,6950.0,1823428,8204052,1820370,8143908,AIZL,AVEL,AIZ,AVE
5319,8415204,31076.4,13916.5,6950.0,1823428,8204052,1821091,8158136,AIZL,URYDL,AIZ,URYD
5320,8415203,28105.2,12222.5,6850.0,1823428,8204056,1820254,8141682,AIZL,RIML,AIZ,RIM
5321,8415203,28105.2,12222.5,6850.0,1823428,8204056,1820068,8137581,AIZL,AIBR,AIZ,AIB
5322,8415202,29258.0,12548.5,6850.0,1823428,8204059,1820254,8141682,AIZL,RIML,AIZ,RIM
5323,8415202,29258.0,12548.5,6850.0,1823428,8204059,1820068,8137581,AIZL,AIBR,AIZ,AIB
5324,8415200,29594.9,12800.9,6800.0,1823428,8204060,1820068,8137582,AIZL,AIBR,AIZ,AIB
5325,8415200,29594.9,12800.9,6800.0,1823428,8204060,1820254,8141413,AIZL,RIML,AIZ,RIM
5326,8415199,29965.9,12914.8,6750.0,1823428,8204061,1820068,8137583,AIZL,AIBR,AIZ,AIB
5327,8415199,29965.9,12914.8,6750.0,1823428,8204061,1820254,8141412,AIZL,RIML,AIZ,RIM
5328,8415198,30957.3,13780.6,6750.0,1823428,8204061,1820068,8137958,AIZL,AIBR,AIZ,AIB
5329,8415198,30957.3,13780.6,6750.0,1823428,8204061,1820254,8141412,AIZL,RIML,AIZ,RIM
5330,8415197,30077.7,13264.7,6700.0,1823428,8204062,1820068,8137584,AIZL,AIBR,AIZ,AIB
5331,8415197,30077.7,13264.7,6700.0,1823428,8204062,1820254,8141411,AIZL,RIML,AIZ,RIM
5332,8415196,30840.1,13812.3,6650.0,1823428,8204063,1820068,8137956,AIZL,AIBR,AIZ,AIB
5333,8415196,30840.1,13812.3,6650.0,1823428,8204063,1820254,8141407,AIZL,RIML,AIZ,RIM
5334,8415195,30432.7,13431.6,6650.0,1823428,8204063,1820068,8137585,AIZL,AIBR,AIZ,AIB
5335,8415195,30432.7,13431.6,6650.0,1823428,8204063,1820254,8141407,AIZL,RIML,AIZ,RIM
5336,8415194,26910.1,11730.0,7500.0,1823428,8204064,1820370,8143335,AIZL,AVEL,AIZ,AVE
5337,8415194,26910.1,11730.0,7500.0,1823428,8204064,1820068,8137568,AIZL,AIBR,AIZ,AIB
5338,8415188,27115.2,12174.8,7450.0,1823428,8204042,1820254,8141694,AIZL,RIML,AIZ,RIM
5339,8415188,27115.2,12174.8,7450.0,1823428,8204042,1820068,8137569,AIZL,AIBR,AIZ,AIB
5340,8415187,34907.8,21111.8,9600.0,1823428,8204150,1824448,8228527,AIZL,AIAL,AIZ,AIA
5341,8415187,34907.8,21111.8,9600.0,1823428,8204150,1823176,8198961,AIZL,ASEL,AIZ,ASE
5342,8415186,27514.8,32019.9,13650.0,1823428,8204202,1823775,8211535,AIZL,SMBVL,AIZ,SMBV
5343,8415186,27514.8,32019.9,13650.0,1823428,8204202,1820615,8148448,AIZL,SMBDL,AIZ,SMBD
5344,8415185,27522.3,32096.7,13800.0,1823428,8204205,1822365,8181992,AIZL,RIAL,AIZ,RIA
5345,8415185,27522.3,32096.7,13800.0,1823428,8204205,1823775,8211532,AIZL,SMBVL,AIZ,SMBV
5346,8415184,34332.0,19134.2,9600.0,1823428,8204145,1824448,8228544,AIZL,AIAL,AIZ,AIA
5347,8415184,34332.0,19134.2,9600.0,1823428,8204145,1820114,8138736,AIZL,AIBL,AIZ,AIB
5348,8415183,34462.6,19291.0,9750.0,1823428,8204148,1824448,8228541,AIZL,AIAL,AIZ,AIA
5349,8415183,34462.6,19291.0,9750.0,1823428,8204148,1820114,8138284,AIZL,AIBL,AIZ,AIB
5350,8415181,29376.5,29622.7,8450.0,1823428,8203901,1820298,8142534,AIZL,AVER,AIZ,AVE
5351,8415181,29376.5,29622.7,8450.0,1823428,8203901,1820068,8137735,AIZL,AIBR,AIZ,AIB
5352,8415180,27250.5,12138.9,7350.0,1823428,8204044,1820254,8141692,AIZL,RIML,AIZ,RIM
5353,8415180,27250.5,12138.9,7350.0,1823428,8204044,1820068,8137571,AIZL,AIBR,AIZ,AIB
5354,8415179,27441.8,12117.7,7100.0,1823428,8204049,1820254,8141687,AIZL,RIML,AIZ,RIM
5355,8415179,27441.8,12117.7,7100.0,1823428,8204049,1820068,8137576,AIZL,AIBR,AIZ,AIB
5356,8415178,28510.8,29982.2,10550.0,1823428,8204179,1823775,8211641,AIZL,SMBVL,AIZ,SMBV
5357,8415178,28510.8,29982.2,10550.0,1823428,8204179,1820615,8148520,AIZL,SMBDL,AIZ,SMBD
5358,8415176,28036.4,29791.1,11050.0,1823428,8204189,1820068,8137809,AIZL,AIBR,AIZ,AIB
5359,8415176,28036.4,29791.1,11050.0,1823428,8204189,1820298,8142294,AIZL,AVER,AIZ,AVE
5360,8415175,27906.3,29841.3,11400.0,1823428,8204196,1820068,8137816,AIZL,AIBR,AIZ,AIB
5361,8415175,27906.3,29841.3,11400.0,1823428,8204196,1820298,8142301,AIZL,AVER,AIZ,AVE
5362,8415174,28778.9,33442.8,17000.0,1823428,8203732,1819634,8127926,AIZL,ADFL,AIZ,ADF
5363,8415174,28778.9,33442.8,17000.0,1823428,8203732,1823208,8199263,AIZL,AWAL,AIZ,AWA
5364,8415168,28232.7,32305.7,14250.0,1823428,8203786,1822365,8182001,AIZL,RIAL,AIZ,RIA
5365,8415168,28232.7,32305.7,14250.0,1823428,8203786,1823775,8211523,AIZL,SMBVL,AIZ,SMBV
5366,8415167,28055.4,32109.7,13850.0,1823428,8203794,1822365,8181993,AIZL,RIAL,AIZ,RIA
5367,8415167,28055.4,32109.7,13850.0,1823428,8203794,1823775,8211531,AIZL,SMBVL,AIZ,SMBV
5368,8415166,27816.9,31951.0,12950.0,1823428,8203812,1820615,8148462,AIZL,SMBDL,AIZ,SMBD
5369,8415166,27816.9,31951.0,12950.0,1823428,8203812,1822365,8181975,AIZL,RIAL,AIZ,RIA
5370,8415166,27816.9,31951.0,12950.0,1823428,8203812,1823775,8211549,AIZL,SMBVL,AIZ,SMBV
5371,8415165,28270.6,31631.0,12600.0,1823428,8203819,1820615,8148469,AIZL,SMBDL,AIZ,SMBD
5372,8415165,28270.6,31631.0,12600.0,1823428,8203819,1823775,8211556,AIZL,SMBVL,AIZ,SMBV
5373,8415164,28133.4,31923.3,12350.0,1823428,8203824,1822365,8181963,AIZL,RIAL,AIZ,RIA
5374,8415164,28133.4,31923.3,12350.0,1823428,8203824,1823775,8211561,AIZL,SMBVL,AIZ,SMBV
5375,8415162,28473.1,31732.3,12000.0,1823428,8203831,1820615,8148481,AIZL,SMBDL,AIZ,SMBD
5376,8415162,28473.1,31732.3,12000.0,1823428,8203831,1822365,8181956,AIZL,RIAL,AIZ,RIA
5377,8415161,28560.2,31579.3,11200.0,1823428,8203847,1820615,8148497,AIZL,SMBDL,AIZ,SMBD
5378,8415161,28560.2,31579.3,11200.0,1823428,8203847,1822365,8181940,AIZL,RIAL,AIZ,RIA
5379,8415161,28560.2,31579.3,11200.0,1823428,8203847,1823775,8211584,AIZL,SMBVL,AIZ,SMBV
5380,8415159,28573.4,31202.2,11000.0,1823428,8203851,1820615,8148904,AIZL,SMBDL,AIZ,SMBD
5381,8415159,28573.4,31202.2,11000.0,1823428,8203851,1823775,8211588,AIZL,SMBVL,AIZ,SMBV
5382,8415158,28305.7,29599.1,10200.0,1823428,8203867,1820068,8137769,AIZL,AIBR,AIZ,AIB
5383,8415158,28305.7,29599.1,10200.0,1823428,8203867,1820298,8142277,AIZL,AVER,AIZ,AVE
5384,8415157,28502.0,29474.0,9900.0,1823428,8203873,1820298,8142271,AIZL,AVER,AIZ,AVE
5385,8415157,28502.0,29474.0,9900.0,1823428,8203873,1820068,8137763,AIZL,AIBR,AIZ,AIB
5386,8415156,29103.6,29744.3,9750.0,1823428,8203876,1823775,8211658,AIZL,SMBVL,AIZ,SMBV
5387,8415156,29103.6,29744.3,9750.0,1823428,8203876,1822365,8181912,AIZL,RIAL,AIZ,RIA
5388,8415156,29103.6,29744.3,9750.0,1823428,8203876,1820615,8148536,AIZL,SMBDL,AIZ,SMBD
5389,8415155,29233.3,29749.5,9500.0,1823428,8203880,1820615,8148540,AIZL,SMBDL,AIZ,SMBD
5390,8415155,29233.3,29749.5,9500.0,1823428,8203880,1822365,8181908,AIZL,RIAL,AIZ,RIA
5391,8417165,34540.5,18841.4,9750.0,1822817,8191847,1822652,8188326,AWCR,AWCL,AWC,AWC
5392,8417165,34540.5,18841.4,9750.0,1822817,8191847,1823428,8204148,AWCR,AIZL,AWC,AIZ
5393,8417165,34540.5,18841.4,9750.0,1822817,8191847,1820114,8138284,AWCR,AIBL,AWC,AIB
5394,8417164,35529.1,22284.2,9600.0,1822817,8191865,1824469,8229105,AWCR,AIYL,AWC,AIY
5395,8417164,35529.1,22284.2,9600.0,1822817,8191865,1820114,8138269,AWCR,AIBL,AWC,AIB
5396,8417163,35065.0,23736.2,9400.0,1822817,8191889,1820114,8138265,AWCR,AIBL,AWC,AIB
5397,8417140,27269.2,12233.2,9850.0,1822652,8188616,1824469,8229090,AWCL,AIYL,AWC,AIY
5398,8417159,32623.9,28840.2,8750.0,1822817,8191916,1824469,8228962,AWCR,AIYL,AWC,AIY
5399,8417158,31440.3,30398.6,10100.0,1822817,8191942,1822652,8188239,AWCR,AWCL,AWC,AWC
5400,8417158,31440.3,30398.6,10100.0,1822817,8191942,1820114,8138759,AWCR,AIBL,AWC,AIB
5401,8417158,31440.3,30398.6,10100.0,1822817,8191942,1824469,8228936,AWCR,AIYL,AWC,AIY
5402,8417154,18256.8,24460.1,9250.0,1822652,8188449,1819686,8129044,AWCL,AIAR,AWC,AIA
5403,8417154,18256.8,24460.1,9250.0,1822652,8188449,1823356,8202589,AWCL,AIZR,AWC,AIZ
5404,8417150,30422.2,31800.6,12250.0,1822652,8188196,1824448,8228439,AWCL,AIAL,AWC,AIA
5405,8417150,30422.2,31800.6,12250.0,1822652,8188196,1820114,8138185,AWCL,AIBL,AWC,AIB
5406,8417149,30671.2,30867.3,11150.0,1822652,8188218,1824469,8228915,AWCL,AIYL,AWC,AIY
5407,8417149,30671.2,30867.3,11150.0,1822652,8188218,1820114,8138207,AWCL,AIBL,AWC,AIB
5408,8415364,31527.1,29500.0,9250.0,1823176,8198929,1824469,8228952,ASEL,AIYL,ASE,AIY
5409,8415364,31527.1,29500.0,9250.0,1823176,8198929,1822652,8188255,ASEL,AWCL,ASE,AWC
5410,8417148,31659.6,29920.2,9250.0,1822652,8188255,1824469,8228952,AWCL,AIYL,AWC,AIY
5411,8417146,32397.6,29487.9,9050.0,1822652,8188259,1824469,8228956,AWCL,AIYL,AWC,AIY
5412,8417145,34622.0,23766.9,9750.0,1822652,8188282,1824448,8228510,AWCL,AIAL,AWC,AIA
5413,8417144,34913.7,23411.6,10000.0,1822652,8188287,1824448,8228515,AWCL,AIAL,AWC,AIA
5414,8417143,34964.1,23221.2,10200.0,1822652,8188291,1824448,8228632,AWCL,AIAL,AWC,AIA
5415,8417142,33019.6,15169.0,9450.0,1822652,8188342,1824448,8228615,AWCL,AIAL,AWC,AIA
5416,8417142,33019.6,15169.0,9450.0,1822652,8188342,1820114,8138294,AWCL,AIBL,AWC,AIB
5417,8417141,32899.9,15102.5,9500.0,1822652,8188343,1820114,8138727,AWCL,AIBL,AWC,AIB
5418,8417141,32899.9,15102.5,9500.0,1822652,8188343,1822817,8191951,AWCL,AWCR,AWC,AWC
5419,8417138,25589.1,11952.0,10350.0,1822652,8188609,1824448,8228602,AWCL,AIAL,AWC,AIA
5420,8417137,24165.3,11883.5,10200.0,1822652,8188383,1822817,8191969,AWCL,AWCR,AWC,AWC
5421,8417137,24165.3,11883.5,10200.0,1822652,8188383,1820068,8137984,AWCL,AIBR,AWC,AIB
5422,8417136,17573.5,14934.1,9000.0,1822652,8188589,1822817,8191994,AWCL,AWCR,AWC,AWC
5423,8417136,17573.5,14934.1,9000.0,1822652,8188589,1819686,8129000,AWCL,AIAR,AWC,AIA
5424,8417135,17656.9,14708.2,9050.0,1822652,8188590,1822817,8191734,AWCL,AWCR,AWC,AWC
5425,8417135,17656.9,14708.2,9050.0,1822652,8188590,1819686,8129001,AWCL,AIAR,AWC,AIA
5426,8417134,17890.2,14504.1,9050.0,1822652,8188593,1822817,8191734,AWCL,AWCR,AWC,AWC
5427,8417134,17890.2,14504.1,9050.0,1822652,8188593,1819686,8129001,AWCL,AIAR,AWC,AIA
5428,8415153,28727.2,29614.1,9250.0,1823428,8203885,1820068,8137751,AIZL,AIBR,AIZ,AIB
5429,8415153,28727.2,29614.1,9250.0,1823428,8203885,1820298,8142259,AIZL,AVER,AIZ,AVE
5430,8415151,29630.2,29073.7,8700.0,1823428,8203896,1820068,8137733,AIZL,AIBR,AIZ,AIB
5431,8415151,29630.2,29073.7,8700.0,1823428,8203896,1820254,8141335,AIZL,RIML,AIZ,RIM
5432,8415151,29630.2,29073.7,8700.0,1823428,8203896,1820298,8142248,AIZL,AVER,AIZ,AVE
5433,8415149,34816.4,22713.7,8700.0,1823428,8203965,1823150,8198579,AIZL,AWBL,AIZ,AWB
5434,8415149,34816.4,22713.7,8700.0,1823428,8203965,1823208,8199536,AIZL,AWAL,AIZ,AWA
5435,8415147,27027.4,11969.2,7850.0,1823428,8204076,1820370,8143884,AIZL,AVEL,AIZ,AVE
5436,8415147,27027.4,11969.2,7850.0,1823428,8204076,1820068,8137561,AIZL,AIBR,AIZ,AIB
5437,8415146,25496.1,31885.7,12050.0,1824172,8222457,1822426,8183116,AIYR,RIAR,AIY,RIA
5438,8415146,25496.1,31885.7,12050.0,1824172,8222457,1823274,8200832,AIYR,ADFR,AIY,ADF
5439,8415146,25496.1,31885.7,12050.0,1824172,8222457,1823356,8202431,AIYR,AIZR,AIY,AIZ
5440,8415146,25496.1,31885.7,12050.0,1824172,8222457,1822886,8192997,AIYR,RIBR,AIY,RIB
5441,8415144,23631.2,31384.8,10750.0,1824172,8222249,1822652,8188506,AIYR,AWCL,AIY,AWC
5442,8415144,23631.2,31384.8,10750.0,1824172,8222249,1822984,8195003,AIYR,ASER,AIY,ASE
5443,8415142,16592.5,21929.3,9250.0,1824172,8222318,1822984,8195064,AIYR,ASER,AIY,ASE
5444,8415142,16592.5,21929.3,9250.0,1824172,8222318,1820068,8138013,AIYR,AIBR,AIY,AIB
5445,8415142,16592.5,21929.3,9250.0,1824172,8222318,1823356,8202611,AIYR,AIZR,AIY,AIZ
5446,8415139,17444.7,23268.6,8500.0,1824172,8222427,1823356,8202594,AIYR,AIZR,AIY,AIZ
5447,8415138,16880.3,22166.6,9100.0,1824172,8222313,1822984,8195061,AIYR,ASER,AIY,ASE
5448,8415138,16880.3,22166.6,9100.0,1824172,8222313,1823356,8202607,AIYR,AIZR,AIY,AIZ
5449,8415136,19462.8,13779.0,8200.0,1824172,8222410,1822886,8193389,AIYR,RIBR,AIY,RIB
5450,8415136,19462.8,13779.0,8200.0,1824172,8222410,1823356,8202681,AIYR,AIZR,AIY,AIZ
5451,8415133,26282.1,32531.3,12100.0,1824172,8222456,1823356,8202430,AIYR,AIZR,AIY,AIZ
5452,8415133,26282.1,32531.3,12100.0,1824172,8222456,1822886,8192996,AIYR,RIBR,AIY,RIB
5453,8415133,26282.1,32531.3,12100.0,1824172,8222456,1822426,8183125,AIYR,RIAR,AIY,RIA
5454,8415130,26278.5,33312.9,15900.0,1824172,8222145,1823356,8202340,AIYR,AIZR,AIY,AIZ
5455,8415130,26278.5,33312.9,15900.0,1824172,8222145,1823274,8200757,AIYR,ADFR,AIY,ADF
5456,8415130,26278.5,33312.9,15900.0,1824172,8222145,1822886,8192922,AIYR,RIBR,AIY,RIB
5457,8415128,26316.4,32894.4,13950.0,1824172,8222183,1822426,8183162,AIYR,RIAR,AIY,RIA
5458,8415128,26316.4,32894.4,13950.0,1824172,8222183,1823356,8202378,AIYR,AIZR,AIY,AIZ
5459,8415128,26316.4,32894.4,13950.0,1824172,8222183,1822886,8192959,AIYR,RIBR,AIY,RIB
5460,8415127,26979.1,32872.9,13850.0,1824172,8222185,1824469,8228859,AIYR,AIYL,AIY,AIY
5461,8415127,26979.1,32872.9,13850.0,1824172,8222185,1822426,8183160,AIYR,RIAR,AIY,RIA
5462,8415127,26979.1,32872.9,13850.0,1824172,8222185,1823356,8202797,AIYR,AIZR,AIY,AIZ
5463,8415126,25603.6,32340.2,13500.0,1824172,8222192,1822886,8192968,AIYR,RIBR,AIY,RIB
5464,8415126,25603.6,32340.2,13500.0,1824172,8222192,1823356,8202387,AIYR,AIZR,AIY,AIZ
5465,8415124,26488.8,32851.8,13400.0,1824172,8222194,1822886,8192970,AIYR,RIBR,AIY,RIB
5466,8415124,26488.8,32851.8,13400.0,1824172,8222194,1822426,8183151,AIYR,RIAR,AIY,RIA
5467,8415124,26488.8,32851.8,13400.0,1824172,8222194,1823356,8202389,AIYR,AIZR,AIY,AIZ
5468,8415121,21933.4,29617.8,9150.0,1824172,8222280,1823356,8202532,AIYR,AIZR,AIY,AIZ
5469,8415120,20931.8,28831.2,8800.0,1824172,8222287,1822984,8195042,AIYR,ASER,AIY,ASE
5470,8415120,20931.8,28831.2,8800.0,1824172,8222287,1819607,8127700,AIYR,AWAR,AIY,AWA
5471,8415119,17993.2,14857.2,8300.0,1824172,8222348,1819995,8136715,AIYR,RIR,AIY,RIR
5472,8415119,17993.2,14857.2,8300.0,1824172,8222348,1823356,8202667,AIYR,AIZR,AIY,AIZ
5473,8415118,27768.0,32680.5,13350.0,1824469,8228869,1823428,8203804,AIYL,AIZL,AIY,AIZ
5474,8415118,27768.0,32680.5,13350.0,1824469,8228869,1822365,8181983,AIYL,RIAL,AIY,RIA
5475,8415116,34869.6,19557.0,9300.0,1824469,8229024,1823428,8203977,AIYL,AIZL,AIY,AIZ
5476,8415116,34869.6,19557.0,9300.0,1824469,8229024,1822636,8188043,AIYL,AFDL,AIY,AFD
5477,8415108,35318.6,20854.6,9050.0,1824469,8229100,1823428,8203972,AIYL,AIZL,AIY,AIZ
5478,8415107,34878.0,24116.3,8250.0,1824469,8229112,1823428,8203955,AIYL,AIZL,AIY,AIZ
5479,8415105,29225.8,31462.2,11050.0,1824469,8229126,1822365,8181937,AIYL,RIAL,AIY,RIA
5480,8415105,29225.8,31462.2,11050.0,1824469,8229126,1823428,8203850,AIYL,AIZL,AIY,AIZ
5481,8415105,29225.8,31462.2,11050.0,1824469,8229126,1823055,8196278,AIYL,RIBL,AIY,RIB
5482,8415102,27631.2,32744.1,14600.0,1824469,8228844,1822365,8182008,AIYL,RIAL,AIY,RIA
5483,8415102,27631.2,32744.1,14600.0,1824469,8228844,1823428,8203779,AIYL,AIZL,AIY,AIZ
5484,8415101,27313.1,32660.8,13800.0,1824469,8228860,1823356,8202796,AIYL,AIZR,AIY,AIZ
5485,8415101,27313.1,32660.8,13800.0,1824469,8228860,1823428,8204205,AIYL,AIZL,AIY,AIZ
5486,8415101,27313.1,32660.8,13800.0,1824469,8228860,1822365,8181992,AIYL,RIAL,AIY,RIA
5487,8415098,29228.6,31398.7,11400.0,1824469,8229119,1823055,8196271,AIYL,RIBL,AIY,RIB
5488,8415098,29228.6,31398.7,11400.0,1824469,8229119,1823428,8203843,AIYL,AIZL,AIY,AIZ
5489,8415096,29021.9,31952.3,11500.0,1824469,8228906,1822365,8181946,AIYL,RIAL,AIY,RIA
5490,8415096,29021.9,31952.3,11500.0,1824469,8228906,1823428,8203841,AIYL,AIZL,AIY,AIZ
5491,8415096,29021.9,31952.3,11500.0,1824469,8228906,1823055,8196269,AIYL,RIBL,AIY,RIB
5492,8415093,32005.3,14228.5,8300.0,1824469,8229062,1823055,8196460,AIYL,RIBL,AIY,RIB
5493,8415093,32005.3,14228.5,8300.0,1824469,8229062,1823428,8204013,AIYL,AIZL,AIY,AIZ
5494,8415090,29288.7,11891.8,8800.0,1822397,8182574,1823055,8196481,AINL,RIBL,AIN,RIB
5495,8415090,29288.7,11891.8,8800.0,1822397,8182574,1822232,8179070,AINL,BAGL,AIN,BAG
5496,8415089,24537.3,11025.1,9250.0,1822397,8182887,1822636,8188026,AINL,AFDL,AIN,AFD
5497,8415088,15934.9,22295.0,7250.0,1822397,8182855,1820217,8140975,AINL,RIMR,AIN,RIM
5498,8415087,16186.7,22387.8,7250.0,1822397,8182855,1820217,8140975,AINL,RIMR,AIN,RIM
5499,8415087,16186.7,22387.8,7250.0,1822397,8182855,1820114,8138457,AINL,AIBL,AIN,AIB
5500,8415085,19533.6,27369.7,8350.0,1822397,8182816,1819193,8120903,AINL,CEPshVR,AIN,CEPshV
5501,8415085,19533.6,27369.7,8350.0,1822397,8182816,1822232,8178918,AINL,BAGL,AIN,BAG
5502,8415082,24611.4,32363.9,11050.0,1822397,8182702,1819209,8120907,AINL,CEPshVR,AIN,CEPshV
5503,8415081,29697.1,33368.6,13850.0,1822397,8182766,1819213,8120908,AINL,CEPshVL,AIN,CEPshV
5504,8415080,16543.7,23467.6,8400.0,1822397,8182869,1822232,8178865,AINL,BAGL,AIN,BAG
5505,8415080,16543.7,23467.6,8400.0,1822397,8182869,1822772,8190726,AINL,AFDR,AIN,AFD
5506,8415078,19914.3,28064.2,8300.0,1822397,8182815,1822232,8178915,AINL,BAGL,AIN,BAG
5507,8415078,19914.3,28064.2,8300.0,1822397,8182815,1819197,8120904,AINL,CEPshVR,AIN,CEPshV
5508,8415076,23958.1,11019.7,9400.0,1822397,8182890,1822636,8188023,AINL,AFDL,AIN,AFD
5509,8415076,23958.1,11019.7,9400.0,1822397,8182890,1822772,8190801,AINL,AFDR,AIN,AFD
5510,8415074,17642.9,24905.5,7600.0,1822397,8182827,1822232,8178849,AINL,BAGL,AIN,BAG
5511,8415074,17642.9,24905.5,7600.0,1822397,8182827,1822886,8193125,AINL,RIBR,AIN,RIB
5512,8415073,17895.2,25366.8,7350.0,1822397,8182832,1822232,8178934,AINL,BAGL,AIN,BAG
5513,8415073,17895.2,25366.8,7350.0,1822397,8182832,1822886,8193120,AINL,RIBR,AIN,RIB
5514,8415072,18456.7,25764.3,7350.0,1822397,8182832,1819658,8128383,AINL,URXR,AIN,URX
5515,8415072,18456.7,25764.3,7350.0,1822397,8182832,1822426,8183014,AINL,RIAR,AIN,RIA
5516,8415071,16610.2,23092.9,7650.0,1822397,8182848,1822232,8178850,AINL,BAGL,AIN,BAG
5517,8415071,16610.2,23092.9,7650.0,1822397,8182848,1822886,8193142,AINL,RIBR,AIN,RIB
5518,8415070,15677.0,21812.7,7600.0,1822397,8182848,1917683,8472451,AINL,CEPshVR,AIN,CEPshV
5519,8415070,15677.0,21812.7,7600.0,1822397,8182848,1822886,8193151,AINL,RIBR,AIN,RIB
5520,8415070,15677.0,21812.7,7600.0,1822397,8182848,1820217,8140982,AINL,RIMR,AIN,RIM
5521,8415068,20494.8,12922.0,8750.0,1822397,8182597,1823176,8199038,AINL,ASEL,AIN,ASE
5522,8415068,20494.8,12922.0,8750.0,1822397,8182597,1822772,8190783,AINL,AFDR,AIN,AFD
5523,8415067,25177.4,33769.8,18950.0,1824155,8221659,1823392,8202916,AIMR,RICR,AIM,RIC
5524,8415066,20279.6,27108.4,9600.0,1824155,8221847,1823304,8201338,AIMR,ASGR,AIM,ASG
5525,8415066,20279.6,27108.4,9600.0,1824155,8221847,1819686,8128890,AIMR,AIAR,AIM,AIA
5526,8415065,18824.8,24021.1,10000.0,1824155,8221857,1819686,8129031,AIMR,AIAR,AIM,AIA
5527,8415065,18824.8,24021.1,10000.0,1824155,8221857,1822848,8192257,AIMR,ASKR,AIM,ASK
5528,8415064,18413.3,16778.6,8200.0,1824155,8221983,1824155,8221966,AIMR,AIMR,AIM,AIM
5529,8415064,18413.3,16778.6,8200.0,1824155,8221983,1819351,8122467,AIMR,HSNL,AIM,HSN
5530,8415063,17671.3,20213.4,8750.0,1824155,8221985,1819857,8132975,AIMR,RMGR,AIM,RMG
5531,8415062,17141.4,17550.5,8600.0,1824155,8221908,1824172,8222336,AIMR,AIYR,AIM,AIY
5532,8415062,17141.4,17550.5,8600.0,1824155,8221908,1823356,8202644,AIMR,AIZR,AIM,AIZ
5533,8415061,19580.3,15517.5,9000.0,1824155,8221950,1822066,8175477,AIMR,AVJR,AIM,AVJ
5534,8415061,19580.3,15517.5,9000.0,1824155,8221950,1819658,8128310,AIMR,URXR,AIM,URX
5535,8415060,23034.9,14097.1,9250.0,1824155,8221936,1823859,8214089,AIMR,RIFL,AIM,RIF
5536,8415060,23034.9,14097.1,9250.0,1824155,8221936,1819249,8120930,AIMR,CEPshDR,AIM,CEPshD
5537,8415057,19364.9,16058.0,8300.0,1824155,8221968,1822126,8176887,AIMR,AVDR,AIM,AVD
5538,8415057,19364.9,16058.0,8300.0,1824155,8221968,1823320,8201736,AIMR,ASHR,AIM,ASH
5539,8415056,19261.8,16464.1,8850.0,1824155,8221975,1823859,8214057,AIMR,RIFL,AIM,RIF
5540,8415056,19261.8,16464.1,8850.0,1824155,8221975,1822126,8176876,AIMR,AVDR,AIM,AVD
5541,8415052,23621.9,32127.9,14350.0,1824155,8221749,1823304,8201240,AIMR,ASGR,AIM,ASG
5542,8415052,23621.9,32127.9,14350.0,1824155,8221749,1819686,8128790,AIMR,AIAR,AIM,AIA
5543,8415051,22044.9,30718.0,11300.0,1824155,8221809,1819245,8120929,AIMR,CEPshVR,AIM,CEPshV
5544,8415051,22044.9,30718.0,11300.0,1824155,8221809,1823304,8201299,AIMR,ASGR,AIM,ASG
5545,8415049,21116.8,28576.4,10100.0,1824155,8221832,1822848,8192229,AIMR,ASKR,AIM,ASK
5546,8415049,21116.8,28576.4,10100.0,1824155,8221832,1819686,8128880,AIMR,AIAR,AIM,AIA
5547,8415048,21270.1,28860.3,10000.0,1824155,8221834,1823304,8201325,AIMR,ASGR,AIM,ASG
5548,8415048,21270.1,28860.3,10000.0,1824155,8221834,1819686,8128882,AIMR,AIAR,AIM,AIA
5549,8415047,21540.4,29257.8,10000.0,1823304,8201325,1820068,8137435,ASGR,AIBR,ASG,AIB
5550,8415047,21540.4,29257.8,10000.0,1823304,8201325,1819686,8128882,ASGR,AIAR,ASG,AIA
5551,8415046,20862.1,28287.7,9700.0,1824155,8221840,1823304,8201331,AIMR,ASGR,AIM,ASG
5552,8415046,20862.1,28287.7,9700.0,1824155,8221840,1819686,8128888,AIMR,AIAR,AIM,AIA
5553,8415044,18574.1,23396.9,10150.0,1824155,8221860,1819686,8129034,AIMR,AIAR,AIM,AIA
5554,8415044,18574.1,23396.9,10150.0,1824155,8221860,1823304,8201372,AIMR,ASGR,AIM,ASG
5555,8415043,18946.4,20817.8,9950.0,1824155,8221880,1819454,9639021,AIMR,AVFL,AIM,AVF
5556,8415043,18946.4,20817.8,9950.0,1824155,8221880,1819385,8122914,AIMR,AVFR,AIM,AVF
5557,8415042,19274.7,15571.0,8700.0,1824155,8221919,1819385,8123001,AIMR,AVFR,AIM,AVF
5558,8415042,19274.7,15571.0,8700.0,1824155,8221919,1819307,8121447,AIMR,PVNL,AIM,PVN
5559,8415039,28640.9,33011.5,18200.0,1824427,8227868,1819064,8120836,AIML,excduct,AIM,excduct
5560,8415037,29706.2,32337.9,16800.0,1824427,8227896,1819253,8120931,AIML,CEPshVL,AIM,CEPshV
5561,8415037,29706.2,32337.9,16800.0,1824427,8227896,1823489,8204985,AIML,RID,AIM,RID
5562,8415036,30381.8,30975.4,14150.0,1824427,8227947,1819740,8130080,AIML,ALML,AIM,ALM
5563,8415035,30355.6,31129.3,14100.0,1824427,8227948,1823231,8199707,AIML,ASGL,AIM,ASG
5564,8415034,30949.2,30215.1,12550.0,1824427,8227979,1824448,8228423,AIML,AIAL,AIM,AIA
5565,8415033,31146.7,29977.8,12100.0,1824427,8227988,1824448,8228432,AIML,AIAL,AIM,AIA
5566,8415033,31146.7,29977.8,12100.0,1824427,8227988,1823103,8197404,AIML,ASJL,AIM,ASJ
5567,8415032,32483.2,28033.9,9900.0,1824427,8228032,1821299,8163327,AIML,CEPVL,AIM,CEPV
5568,8415032,32483.2,28033.9,9900.0,1824427,8228032,1823015,8195520,AIML,ASKL,AIM,ASK
5569,8415030,32573.2,27312.8,9450.0,1824427,8228040,1824448,8228492,AIML,AIAL,AIM,AIA
5570,8415030,32573.2,27312.8,9450.0,1824427,8228040,1823015,8195531,AIML,ASKL,AIM,ASK
5571,8415027,33389.3,17995.8,8400.0,1824427,8228195,1823242,8200611,AIML,AVBL,AIM,AVB
5572,8415027,33389.3,17995.8,8400.0,1824427,8228195,1823460,8204522,AIML,ASHL,AIM,ASH
5573,8415026,31478.2,15154.5,8800.0,1824427,8228110,1819385,8122826,AIML,AVFR,AIM,AVF
5574,8415026,31478.2,15154.5,8800.0,1824427,8228110,1823150,8198631,AIML,AWBL,AIM,AWB
5575,8415025,32300.2,16945.6,9050.0,1824427,8228181,1823795,8212663,AIML,SIADR,AIM,SIAD
5576,8415025,32300.2,16945.6,9050.0,1824427,8228181,1819724,8129505,AIML,SDQL,AIM,SDQ
5577,8415025,32300.2,16945.6,9050.0,1824427,8228181,1820634,8149405,AIML,SMBDR,AIM,SMBD
5578,8415024,31104.3,14937.2,9000.0,1824427,8228123,1819454,8124284,AIML,AVFL,AIM,AVF
5579,8415024,31104.3,14937.2,9000.0,1824427,8228123,1819351,8122228,AIML,HSNL,AIM,HSN
5580,8415023,32856.5,22804.3,8900.0,1824427,8228084,1823242,8200107,AIML,AVBL,AIM,AVB
5581,8415023,32856.5,22804.3,8900.0,1824427,8228084,1820190,8140325,AIML,AVAL,AIM,AVA
5582,8415021,32211.9,16412.9,9000.0,1824427,8228169,1819385,8122816,AIML,AVFR,AIM,AVF
5583,8415021,32211.9,16412.9,9000.0,1824427,8228169,1819454,8124283,AIML,AVFL,AIM,AVF
5584,8415019,31844.4,16309.5,8950.0,1824427,8228168,1819385,8122817,AIML,AVFR,AIM,AVF
5585,8415019,31844.4,16309.5,8950.0,1824427,8228168,1819454,8124283,AIML,AVFL,AIM,AVF
5586,8415016,29854.6,32032.4,16400.0,1824427,8227904,1823231,8199663,AIML,ASGL,AIM,ASG
5587,8415016,29854.6,32032.4,16400.0,1824427,8227904,1819257,8120932,AIML,CEPshVL,AIM,CEPshV
5588,8415016,29854.6,32032.4,16400.0,1824427,8227904,1823489,8204977,AIML,RID,AIM,RID
5589,8415014,31263.4,30187.7,12450.0,1824427,8227981,1823231,8199740,AIML,ASGL,AIM,ASG
5590,8415014,31263.4,30187.7,12450.0,1824427,8227981,1819261,8120933,AIML,CEPshVL,AIM,CEPshV
5591,8415013,32071.3,29292.1,10750.0,1824427,8228015,1823231,8199774,AIML,ASGL,AIM,ASG
5592,8415013,32071.3,29292.1,10750.0,1824427,8228015,1824448,8228468,AIML,AIAL,AIM,AIA
5593,8415013,32071.3,29292.1,10750.0,1824427,8228015,1823015,8195503,AIML,ASKL,AIM,ASK
5594,8415012,32181.2,28966.3,10450.0,1824427,8228021,1823231,8199780,AIML,ASGL,AIM,ASG
5595,8415012,32181.2,28966.3,10450.0,1824427,8228021,1824448,8228474,AIML,AIAL,AIM,AIA
5596,8415011,33706.9,24582.8,9800.0,1824427,8228048,1823231,8199822,AIML,ASGL,AIM,ASG
5597,8415011,33706.9,24582.8,9800.0,1824427,8228048,1824448,8228511,AIML,AIAL,AIM,AIA
5598,8415010,33714.6,24243.9,10000.0,1824427,8228052,1823231,8199826,AIML,ASGL,AIM,ASG
5599,8415010,33714.6,24243.9,10000.0,1824427,8228052,1823015,8195678,AIML,ASKL,AIM,ASK
5600,8415010,33714.6,24243.9,10000.0,1824427,8228052,1824448,8228515,AIML,AIAL,AIM,AIA
5601,8415009,33032.4,20649.6,9550.0,1824427,8228070,1823775,8211730,AIML,SMBVL,AIM,SMBV
5602,8415009,33032.4,20649.6,9550.0,1824427,8228070,1819351,8122212,AIML,HSNL,AIM,HSN
5603,8415008,31250.8,14866.0,8800.0,1824427,8228119,1823460,8204548,AIML,ASHL,AIM,ASH
5604,8415008,31250.8,14866.0,8800.0,1824427,8228119,1823150,8198637,AIML,AWBL,AIM,AWB
5605,8415008,31250.8,14866.0,8800.0,1824427,8228119,1824448,8228609,AIML,AIAL,AIM,AIA
5606,8415007,26769.3,14063.1,9500.0,1824427,8228138,1819454,8124301,AIML,AVFL,AIM,AVF
5607,8415007,26769.3,14063.1,9500.0,1824427,8228138,1819307,8121436,AIML,PVNL,AIM,PVN
5608,8415005,23021.9,14002.0,9750.0,1824427,8228158,1860683,8120934,AIML,CEPshDR,AIM,CEPshD
5609,8415005,23021.9,14002.0,9750.0,1824427,8228158,1824155,8221945,AIML,AIMR,AIM,AIM
5610,8415000,23495.5,31208.7,13350.0,1819686,8128815,1820068,8137371,AIAR,AIBR,AIA,AIB
5611,8415000,23495.5,31208.7,13350.0,1819686,8128815,1823859,8213948,AIAR,RIFL,AIA,RIF
5612,8415000,23495.5,31208.7,13350.0,1819686,8128815,1824261,8224359,AIAR,ADAR,AIA,ADA
5613,8414999,21821.3,29030.1,10050.0,1819686,8128881,1820326,8142847,AIAR,ADLR,AIA,ADL
5614,8414999,21821.3,29030.1,10050.0,1819686,8128881,1820068,8137434,AIAR,AIBR,AIA,AIB
5615,8414998,18810.3,24594.4,9400.0,1819686,8129041,1823304,8201346,AIAR,ASGR,AIA,ASG
5616,8414998,18810.3,24594.4,9400.0,1819686,8129041,1822652,8188569,AIAR,AWCL,AIA,AWC
5617,8414997,18749.4,24416.8,9300.0,1819686,8129043,1820068,8137452,AIAR,AIBR,AIA,AIB
5618,8414997,18749.4,24416.8,9300.0,1819686,8129043,1822652,8188450,AIAR,AWCL,AIA,AWC
5619,8414995,16735.2,18640.1,9600.0,1819686,8128916,1820068,8137476,AIAR,AIBR,AIA,AIB
5620,8414995,16735.2,18640.1,9600.0,1819686,8128916,1822652,8188584,AIAR,AWCL,AIA,AWC
5621,8414993,22939.2,12211.2,10200.0,1819686,8128979,1820068,8137984,AIAR,AIBR,AIA,AIB
5622,8414993,22939.2,12211.2,10200.0,1819686,8128979,1822652,8188384,AIAR,AWCL,AIA,AWC
5623,8414984,22134.8,12687.4,9800.0,1819686,8128965,1820068,8137521,AIAR,AIBR,AIA,AIB
5624,8414984,22134.8,12687.4,9800.0,1819686,8128965,1822652,8188392,AIAR,AWCL,AIA,AWC
5625,8414981,24069.9,31839.3,13900.0,1819686,8128799,1820068,8137356,AIAR,AIBR,AIA,AIB
5626,8414981,24069.9,31839.3,13900.0,1819686,8128799,1823859,8213937,AIAR,RIFL,AIA,RIF
5627,8414980,23868.6,31216.6,13650.0,1823859,8213942,1820068,8137360,RIFL,AIBR,RIF,AIB
5628,8414980,23868.6,31216.6,13650.0,1823859,8213942,1820217,8141000,RIFL,RIMR,RIF,RIM
5629,8414978,22874.4,30334.2,12500.0,1819686,8128832,1823838,8213476,AIAR,RIFR,AIA,RIF
5630,8414978,22874.4,30334.2,12500.0,1819686,8128832,1822848,8192181,AIAR,ASKR,AIA,ASK
5631,8414978,22874.4,30334.2,12500.0,1819686,8128832,1824261,8224376,AIAR,ADAR,AIA,ADA
5632,8414977,22214.1,29990.1,11050.0,1819686,8128861,1820068,8137414,AIAR,AIBR,AIA,AIB
5633,8414977,22214.1,29990.1,11050.0,1819686,8128861,1823320,8201641,AIAR,ASHR,AIA,ASH
5634,8414976,18214.6,22866.2,9650.0,1819686,8128896,1819351,8122330,AIAR,HSNL,AIA,HSN
5635,8414976,18214.6,22866.2,9650.0,1819686,8128896,1820068,8138005,AIAR,AIBR,AIA,AIB
5636,8414976,18214.6,22866.2,9650.0,1819686,8128896,1822848,8192274,AIAR,ASKR,AIA,ASK
5637,8414975,16856.6,21695.1,9700.0,1819686,8128907,1820068,8138006,AIAR,AIBR,AIA,AIB
5638,8414975,16856.6,21695.1,9700.0,1819686,8128907,1822652,8188577,AIAR,AWCL,AIA,AWC
5639,8414973,22342.1,12229.1,10150.0,1822652,8188385,1819686,8128978,AWCL,AIAR,AWC,AIA
5640,8414973,22342.1,12229.1,10150.0,1822652,8188385,1822817,8191772,AWCL,AWCR,AWC,AWC
5641,8414968,31070.0,30343.8,11050.0,1824448,8228462,1823034,8195877,AIAL,ASIL,AIA,ASI
5642,8414968,31070.0,30343.8,11050.0,1824448,8228462,1822652,8188220,AIAL,AWCL,AIA,AWC
5643,8414968,31070.0,30343.8,11050.0,1824448,8228462,1820114,8138209,AIAL,AIBL,AIA,AIB
5644,8414967,25883.8,12605.3,9900.0,1824448,8228593,1820114,8138721,AIAL,AIBL,AIA,AIB
5645,8414967,25883.8,12605.3,9900.0,1824448,8228593,1822984,8195134,AIAL,ASER,AIA,ASE
5646,8414965,25064.4,35280.9,19550.0,1824020,8218445,1822574,8186955,vncfrag,SAAVL,vncfrag,SAAV
5647,8414964,25153.5,35453.9,19350.0,1824020,8218449,1822574,8186951,vncfrag,SAAVL,vncfrag,SAAV
5648,8414963,19731.6,21456.7,6950.0,1819092,8120852,1823728,8210923,NRfragment,RMFL,NRfragment,RMF
5649,8414963,19731.6,21456.7,6950.0,1819092,8120852,1822505,8185357,NRfragment,RMHL,NRfragment,RMH
5650,8414961,34289.2,21069.5,6100.0,1819800,8131246,1823121,8197949,NRfragment,SMDDL,NRfragment,SMDD
5651,8414961,34289.2,21069.5,6100.0,1819800,8131246,1820068,8137649,NRfragment,AIBR,NRfragment,AIB
5652,8414960,34072.1,22020.8,6050.0,1819800,8131247,1820068,8137660,NRfragment,AIBR,NRfragment,AIB
5653,8414960,34072.1,22020.8,6050.0,1819800,8131247,1823121,8198254,NRfragment,SMDDL,NRfragment,SMDD
5654,8414958,33804.9,18588.8,6300.0,1819800,8131276,1822505,8185173,NRfragment,RMHL,NRfragment,RMH
5655,8414958,33804.9,18588.8,6300.0,1819800,8131276,1823121,8197955,NRfragment,SMDDL,NRfragment,SMDD
5656,8414957,33791.8,18668.7,6400.0,1819800,8131278,1824100,8220952,NRfragment,SAADR,NRfragment,SAAD
5657,8414957,33791.8,18668.7,6400.0,1819800,8131278,1824349,8226529,NRfragment,RMGL,NRfragment,RMG
5658,8414956,31518.8,26296.3,5500.0,1820590,8148167,1821299,8163451,SMDVR,CEPVL,SMDV,CEPV
5659,8414956,31518.8,26296.3,5500.0,1820590,8148167,1822426,8183504,SMDVR,RIAR,SMDV,RIA
5660,8414955,31763.1,26062.7,5250.0,1820590,8148172,1821299,8163456,SMDVR,CEPVL,SMDV,CEPV
5661,8414955,31763.1,26062.7,5250.0,1820590,8148172,1822426,8183499,SMDVR,RIAR,SMDV,RIA
5662,8414954,31970.1,25771.2,5000.0,1820590,8148177,1822426,8183494,SMDVR,RIAR,SMDV,RIA
5663,8414954,31970.1,25771.2,5000.0,1820590,8148177,1821299,8163462,SMDVR,CEPVL,SMDV,CEPV
5664,8414953,32195.2,25514.2,5650.0,1820590,8147809,1822426,8183507,SMDVR,RIAR,SMDV,RIA
5665,8414953,32195.2,25514.2,5650.0,1820590,8147809,1823957,8216887,SMDVR,SIAVL,SMDV,SIAV
5666,8414952,31953.4,26046.8,5800.0,1820590,8147813,1823880,8214721,SMDVR,RIS,SMDV,RIS
5667,8414952,31953.4,26046.8,5800.0,1820590,8147813,1823121,8197933,SMDVR,SMDDL,SMDV,SMDD
5668,8414951,30838.0,26841.7,5900.0,1820590,8147818,1822426,8183512,SMDVR,RIAR,SMDV,RIA
5669,8414951,30838.0,26841.7,5900.0,1820590,8147818,1822365,8182178,SMDVR,RIAL,SMDV,RIA
5670,8414950,30414.4,27168.2,6250.0,1820590,8147825,1822426,8183519,SMDVR,RIAR,SMDV,RIA
5671,8414950,30414.4,27168.2,6250.0,1820590,8147825,1822365,8182171,SMDVR,RIAL,SMDV,RIA
5672,8414948,29102.7,27777.7,7250.0,1820590,8147845,1822426,8183539,SMDVR,RIAR,SMDV,RIA
5673,8414948,29102.7,27777.7,7250.0,1820590,8147845,1822365,8182151,SMDVR,RIAL,SMDV,RIA
5674,8414946,28686.5,27978.8,7750.0,1820590,8147855,1822365,8182141,SMDVR,RIAL,SMDV,RIA
5675,8414946,28686.5,27978.8,7750.0,1820590,8147855,1823121,8197883,SMDVR,SMDDL,SMDV,SMDD
5676,8414945,28190.6,27335.2,7800.0,1820590,8147856,1821299,8163404,SMDVR,CEPVL,SMDV,CEPV
5677,8414945,28190.6,27335.2,7800.0,1820590,8147856,1822038,8175055,SMDVR,BWM-VL03,SMDV,BWM03V
5678,8414945,28190.6,27335.2,7800.0,1820590,8147856,1821899,8173409,SMDVR,BWM-VL05,SMDV,BWM05V
5679,8414944,27647.8,27225.7,8300.0,1820590,8147866,1822038,8175328,SMDVR,BWM-VL03,SMDV,BWM03V
5680,8414944,27647.8,27225.7,8300.0,1820590,8147866,1823121,8197872,SMDVR,SMDDL,SMDV,SMDD
5681,8414944,27647.8,27225.7,8300.0,1820590,8147866,1822018,8174961,SMDVR,BWM-VL01,SMDV,BWM01V
5682,8414944,27647.8,27225.7,8300.0,1820590,8147866,1821899,8173126,SMDVR,BWM-VL05,SMDV,BWM05V
5683,8414943,27668.2,27832.6,8450.0,1820590,8147869,1823121,8197869,SMDVR,SMDDL,SMDV,SMDD
5684,8414943,27668.2,27832.6,8450.0,1820590,8147869,1822365,8182127,SMDVR,RIAL,SMDV,RIA
5685,8414942,27345.4,27857.2,8800.0,1820590,8147876,1823121,8197844,SMDVR,SMDDL,SMDV,SMDD
5686,8414942,27345.4,27857.2,8800.0,1820590,8147876,1822365,8182120,SMDVR,RIAL,SMDV,RIA
5687,8414941,27152.2,28079.7,9150.0,1820590,8147883,1823121,8197837,SMDVR,SMDDL,SMDV,SMDD
5688,8414941,27152.2,28079.7,9150.0,1820590,8147883,1822365,8182113,SMDVR,RIAL,SMDV,RIA
5689,8414939,27291.9,27957.2,9900.0,1820590,8147897,1823121,8197823,SMDVR,SMDDL,SMDV,SMDD
5690,8414939,27291.9,27957.2,9900.0,1820590,8147897,1822365,8182099,SMDVR,RIAL,SMDV,RIA
5691,8414934,22443.0,26531.9,5950.0,1820552,8147079,1822365,8182316,SMDVL,RIAL,SMDV,RIA
5692,8414934,22443.0,26531.9,5950.0,1820552,8147079,1822426,8183348,SMDVL,RIAR,SMDV,RIA
5693,8414933,22087.7,26309.5,5750.0,1820552,8147083,1822365,8182312,SMDVL,RIAL,SMDV,RIA
5694,8414933,22087.7,26309.5,5750.0,1820552,8147083,1822426,8183352,SMDVL,RIAR,SMDV,RIA
5695,8414932,23020.7,26993.1,6550.0,1822365,8182328,1820552,8147104,RIAL,SMDVL,RIA,SMDV
5696,8414932,23020.7,26993.1,6550.0,1822365,8182328,1822426,8183336,RIAL,RIAR,RIA,RIA
5697,8414931,23351.9,27380.0,6550.0,1820552,8147104,1822365,8182328,SMDVL,RIAL,SMDV,RIA
5698,8414931,23351.9,27380.0,6550.0,1820552,8147104,1822426,8183336,SMDVL,RIAR,SMDV,RIA
5699,8414930,23730.4,27716.6,6850.0,1820552,8147110,1822365,8182334,SMDVL,RIAL,SMDV,RIA
5700,8414930,23730.4,27716.6,6850.0,1820552,8147110,1822426,8183330,SMDVL,RIAR,SMDV,RIA
5701,8414929,25755.8,27772.3,7450.0,1820552,8147122,1823630,8208696,SMDVL,SMDDR,SMDV,SMDD
5702,8414929,25755.8,27772.3,7450.0,1820552,8147122,1821821,8172071,SMDVL,BWM-VR01,SMDV,BWM01V
5703,8414929,25755.8,27772.3,7450.0,1820552,8147122,1822207,8178603,SMDVL,BWM-VR03,SMDV,BWM03V
5704,8414928,24218.8,28060.9,7450.0,1820552,8147122,1822426,8183318,SMDVL,RIAR,SMDV,RIA
5705,8414928,24218.8,28060.9,7450.0,1820552,8147122,1822365,8182346,SMDVL,RIAL,SMDV,RIA
5706,8414927,24822.1,28007.8,7900.0,1820552,8147131,1822365,8182355,SMDVL,RIAL,SMDV,RIA
5707,8414927,24822.1,28007.8,7900.0,1820552,8147131,1822426,8183309,SMDVL,RIAR,SMDV,RIA
5708,8414925,25951.8,27514.7,8100.0,1820552,8147135,1822038,8175333,SMDVL,BWM-VL03,SMDV,BWM03V
5709,8414925,25951.8,27514.7,8100.0,1820552,8147135,1820778,8151679,SMDVL,RMED,SMDV,RMED
5710,8414925,25951.8,27514.7,8100.0,1820552,8147135,1821821,8172266,SMDVL,BWM-VR01,SMDV,BWM01V
5711,8414925,25951.8,27514.7,8100.0,1820552,8147135,1822207,8178410,SMDVL,BWM-VR03,SMDV,BWM03V
5712,8414925,25951.8,27514.7,8100.0,1820552,8147135,1822179,8178233,SMDVL,BWM-VR05,SMDV,BWM05V
5713,8414925,25951.8,27514.7,8100.0,1820552,8147135,1823630,8208667,SMDVL,SMDDR,SMDV,SMDD
5714,8414924,25890.7,28381.5,8700.0,1820552,8147155,1823630,8208313,SMDVL,SMDDR,SMDV,SMDD
5715,8414924,25890.7,28381.5,8700.0,1820552,8147155,1822426,8183293,SMDVL,RIAR,SMDV,RIA
5716,8414923,26414.8,27752.9,8800.0,1820552,8147157,1822365,8182384,SMDVL,RIAL,SMDV,RIA
5717,8414923,26414.8,27752.9,8800.0,1820552,8147157,1823121,8197848,SMDVL,SMDDL,SMDV,SMDD
5718,8414922,25912.2,28479.1,9100.0,1820552,8147163,1823630,8208305,SMDVL,SMDDR,SMDV,SMDD
5719,8414922,25912.2,28479.1,9100.0,1820552,8147163,1822426,8183285,SMDVL,RIAR,SMDV,RIA
5720,8414921,26150.1,27817.2,9350.0,1820552,8147168,1822365,8182392,SMDVL,RIAL,SMDV,RIA
5721,8414920,25698.1,28541.2,11250.0,1820552,8147205,1823630,8208263,SMDVL,SMDDR,SMDV,SMDD
5722,8414920,25698.1,28541.2,11250.0,1820552,8147205,1822426,8183243,SMDVL,RIAR,SMDV,RIA
5723,8414907,24203.0,26455.7,8250.0,1823698,8209913,1822179,8178149,SMBVR,BWM-VR05,SMBV,BWM05V
5724,8414907,24203.0,26455.7,8250.0,1823698,8209913,1822179,8178097,SMBVR,BWM-VR05,SMBV,BWM05V
5725,8414907,24203.0,26455.7,8250.0,1823698,8209913,1823925,8215687,SMBVR,RMEV,SMBV,RMEV
5726,8414906,23431.8,26226.9,8900.0,1823698,8209926,1822207,8178394,SMBVR,BWM-VR03,SMBV,BWM03V
5727,8414906,23431.8,26226.9,8900.0,1823698,8209926,1823925,8215700,SMBVR,RMEV,SMBV,RMEV
5728,8414906,23431.8,26226.9,8900.0,1823698,8209926,1821821,8172028,SMBVR,BWM-VR01,SMBV,BWM01V
5729,8414903,21854.4,24547.6,7050.0,1823698,8210235,1821733,8170819,SMBVR,BWM-VR04,SMBV,BWM04V
5730,8414903,21854.4,24547.6,7050.0,1823698,8210235,1821719,8170579,SMBVR,BWM-VR08,SMBV,BWM08V
5731,8414903,21854.4,24547.6,7050.0,1823698,8210235,1821769,8171278,SMBVR,BWM-VR06,SMBV,BWM06V
5732,8414902,21854.6,24473.2,6650.0,1823698,8210220,1821733,8170827,SMBVR,BWM-VR04,SMBV,BWM04V
5733,8414902,21854.6,24473.2,6650.0,1823698,8210220,1821769,8171286,SMBVR,BWM-VR06,SMBV,BWM06V
5734,8414902,21854.6,24473.2,6650.0,1823698,8210220,1821796,8171675,SMBVR,BWM-VR02,SMBV,BWM02V
5735,8414901,22103.3,24529.2,6150.0,1823698,8210230,1821733,8170837,SMBVR,BWM-VR04,SMBV,BWM04V
5736,8414901,22103.3,24529.2,6150.0,1823698,8210230,1821796,8171685,SMBVR,BWM-VR02,SMBV,BWM02V
5737,8414900,22172.6,24608.5,6000.0,1823698,8210233,1821733,8170840,SMBVR,BWM-VR04,SMBV,BWM04V
5738,8414900,22172.6,24608.5,6000.0,1823698,8210233,1821796,8171688,SMBVR,BWM-VR02,SMBV,BWM02V
5739,8414900,22172.6,24608.5,6000.0,1823698,8210233,1820488,8145822,SMBVR,RMDVL,SMBV,RMDV
5740,8414887,23629.8,26055.0,8250.0,1823698,8209913,1822207,8178407,SMBVR,BWM-VR03,SMBV,BWM03V
5741,8414887,23629.8,26055.0,8250.0,1823698,8209913,1821821,8172041,SMBVR,BWM-VR01,SMBV,BWM01V
5742,8240782,23641.2,26105.6,8450.0,1823698,8209917,1821821,8172037,SMBVR,BWM-VR01,SMBV,BWM01V
5743,8240782,23641.2,26105.6,8450.0,1823698,8209917,1822179,8178145,SMBVR,BWM-VR05,SMBV,BWM05V
5744,8240782,23641.2,26105.6,8450.0,1823698,8209917,1822207,8178403,SMBVR,BWM-VR03,SMBV,BWM03V
5745,8240782,23641.2,26105.6,8450.0,1823698,8209917,1823925,8215691,SMBVR,RMEV,SMBV,RMEV
5746,8240779,23794.2,26494.6,9000.0,1823698,8209928,1822179,8178080,SMBVR,BWM-VR05,SMBV,BWM05V
5747,8240779,23794.2,26494.6,9000.0,1823698,8209928,1822207,8178392,SMBVR,BWM-VR03,SMBV,BWM03V
5748,8240779,23794.2,26494.6,9000.0,1823698,8209928,1821843,8172548,SMBVR,BWM-VR07,SMBV,BWM07V
5749,8240779,23794.2,26494.6,9000.0,1823698,8209928,1823925,8215701,SMBVR,RMEV,SMBV,RMEV
5750,8240779,23794.2,26494.6,9000.0,1823698,8209928,1822179,8178055,SMBVR,BWM-VR05,SMBV,BWM05V
5751,8240779,23794.2,26494.6,9000.0,1823698,8209928,1822207,8178661,SMBVR,BWM-VR03,SMBV,BWM03V
5752,8240777,24936.3,26898.1,10250.0,1823698,8209952,1822179,8178038,SMBVR,BWM-VR05,SMBV,BWM05V
5753,8240777,24936.3,26898.1,10250.0,1823698,8209952,1819165,8120896,SMBVR,CEPshVR,SMBV,CEPshV
5754,8240777,24936.3,26898.1,10250.0,1823698,8209952,1821843,8172384,SMBVR,BWM-VR07,SMBV,BWM07V
5755,8240776,25074.4,27025.6,10350.0,1823698,8209954,1824100,8220592,SMBVR,SAADR,SMBV,SAAD
5756,8240776,25074.4,27025.6,10350.0,1823698,8209954,1822179,8178031,SMBVR,BWM-VR05,SMBV,BWM05V
5757,8240775,25237.2,27936.8,10800.0,1823698,8209963,1824100,8220583,SMBVR,SAADR,SMBV,SAAD
5758,8240774,25252.4,28066.7,11300.0,1823698,8209973,1824100,8220573,SMBVR,SAADR,SMBV,SAAD
5759,8240773,25329.5,28101.4,11450.0,1823698,8209976,1824100,8220570,SMBVR,SAADR,SMBV,SAAD
5760,8240772,24208.2,29589.2,16200.0,1823698,8210069,1824100,8220475,SMBVR,SAADR,SMBV,SAAD
5761,8240772,24208.2,29589.2,16200.0,1823698,8210069,1823988,8217830,SMBVR,PLNR,SMBV,PLN
5762,8240771,24253.2,29862.7,16700.0,1823698,8210079,1824100,8220347,SMBVR,SAADR,SMBV,SAAD
5763,8240769,24131.8,29931.3,16800.0,1823698,8210081,1824100,8220349,SMBVR,SAADR,SMBV,SAAD
5764,8240766,25604.4,36547.1,22450.0,1823698,8210193,1824005,8218224,SMBVR,vncfrag,SMBV,vncfrag
5765,8240766,25604.4,36547.1,22450.0,1823698,8210193,1823997,8218090,SMBVR,vncfrag,SMBV,vncfrag
5766,8240765,16442.2,20400.6,5650.0,1822574,8186961,1820254,8141461,SAAVL,RIML,SAAV,RIM
5767,8240765,16442.2,20400.6,5650.0,1822574,8186961,1820190,8140208,SAAVL,AVAL,SAAV,AVA
5768,8240763,16542.9,20572.8,5650.0,1822574,8186961,1820254,8141461,SAAVL,RIML,SAAV,RIM
5769,8240763,16542.9,20572.8,5650.0,1822574,8186961,1820190,8140208,SAAVL,AVAL,SAAV,AVA
5770,8240762,16823.2,21248.8,5900.0,1822574,8186970,1820217,8140953,SAAVL,RIMR,SAAV,RIM
5771,8240762,16823.2,21248.8,5900.0,1822574,8186970,1820190,8139851,SAAVL,AVAL,SAAV,AVA
5772,8240761,16513.8,20756.2,5950.0,1822574,8186971,1820217,8140952,SAAVL,RIMR,SAAV,RIM
5773,8240761,16513.8,20756.2,5950.0,1822574,8186971,1820190,8139852,SAAVL,AVAL,SAAV,AVA
5774,8240760,17160.4,22062.8,5900.0,1822574,8186622,1820190,8139851,SAAVL,AVAL,SAAV,AVA
5775,8240760,17160.4,22062.8,5900.0,1822574,8186622,1820217,8140953,SAAVL,RIMR,SAAV,RIM
5776,8240759,17414.2,22441.2,5950.0,1822574,8186623,1820217,8140952,SAAVL,RIMR,SAAV,RIM
5777,8240759,17414.2,22441.2,5950.0,1822574,8186623,1820190,8139854,SAAVL,AVAL,SAAV,AVA
5778,8240756,18861.6,24179.8,6250.0,1822574,8186629,1820217,8140628,SAAVL,RIMR,SAAV,RIM
5779,8240756,18861.6,24179.8,6250.0,1822574,8186629,1820190,8139860,SAAVL,AVAL,SAAV,AVA
5780,8240755,20067.2,25507.2,6600.0,1822574,8186640,1820217,8140621,SAAVL,RIMR,SAAV,RIM
5781,8240755,20067.2,25507.2,6600.0,1822574,8186640,1820190,8139867,SAAVL,AVAL,SAAV,AVA
5782,8240753,22680.2,27767.8,7300.0,1822574,8186654,1823630,8208341,SAAVL,SMDDR,SAAV,SMDD
5783,8240753,22680.2,27767.8,7300.0,1822574,8186654,1820254,8141515,SAAVL,RIML,SAAV,RIM
5784,8240751,24100.3,28210.8,9500.0,1822574,8186698,1820190,8139925,SAAVL,AVAL,SAAV,AVA
5785,8240751,24100.3,28210.8,9500.0,1822574,8186698,1823630,8208297,SAAVL,SMDDR,SAAV,SMDD
5786,8240742,16829.9,21139.2,5600.0,1822574,8186962,1820254,8141477,SAAVL,RIML,SAAV,RIM
5787,8240742,16829.9,21139.2,5600.0,1822574,8186962,1820190,8140209,SAAVL,AVAL,SAAV,AVA
5788,8240741,16915.3,21369.2,5650.0,1822574,8186961,1820254,8141478,SAAVL,RIML,SAAV,RIM
5789,8240741,16915.3,21369.2,5650.0,1822574,8186961,1820190,8140208,SAAVL,AVAL,SAAV,AVA
5790,8240734,17522.0,22668.1,6000.0,1822574,8186624,1820217,8140951,SAAVL,RIMR,SAAV,RIM
5791,8240734,17522.0,22668.1,6000.0,1822574,8186624,1820190,8139855,SAAVL,AVAL,SAAV,AVA
5792,8240733,18069.9,23234.7,6100.0,1822574,8186626,1820217,8140949,SAAVL,RIMR,SAAV,RIM
5793,8240733,18069.9,23234.7,6100.0,1822574,8186626,1820190,8139857,SAAVL,AVAL,SAAV,AVA
5794,8240732,23184.8,28047.8,8200.0,1822574,8186672,1820217,8140589,SAAVL,RIMR,SAAV,RIM
5795,8240732,23184.8,28047.8,8200.0,1822574,8186672,1820190,8139899,SAAVL,AVAL,SAAV,AVA
5796,8240731,23742.7,28141.7,8800.0,1822574,8186684,1823630,8208311,SAAVL,SMDDR,SAAV,SMDD
5797,8240731,23742.7,28141.7,8800.0,1822574,8186684,1820190,8139911,SAAVL,AVAL,SAAV,AVA
5798,8240730,23967.1,28174.5,9150.0,1822574,8186691,1823630,8208304,SAAVL,SMDDR,SAAV,SMDD
5799,8240730,23967.1,28174.5,9150.0,1822574,8186691,1820190,8139918,SAAVL,AVAL,SAAV,AVA
5800,8240726,24652.8,28310.2,10050.0,1822574,8186708,1822686,8188879,SAAVL,RMFR,SAAV,RMF
5801,8240726,24652.8,28310.2,10050.0,1822574,8186708,1823630,8208287,SAAVL,SMDDR,SAAV,SMDD
5802,8240726,24652.8,28310.2,10050.0,1822574,8186708,1820190,8139935,SAAVL,AVAL,SAAV,AVA
5803,8240725,25247.7,29158.4,12950.0,1822574,8186766,1820217,8140496,SAAVL,RIMR,SAAV,RIM
5804,8240725,25247.7,29158.4,12950.0,1822574,8186766,1820190,8139993,SAAVL,AVAL,SAAV,AVA
5805,8240724,25351.2,29196.4,13350.0,1822574,8186774,1820217,8140488,SAAVL,RIMR,SAAV,RIM
5806,8240724,25351.2,29196.4,13350.0,1822574,8186774,1820190,8140001,SAAVL,AVAL,SAAV,AVA
5807,8240721,32485.7,24198.6,6350.0,1824349,8226336,1822607,8187310,RMGL,SIBDL,RMG,SIBD
5808,8240720,32724.7,17518.3,5600.0,1824349,8226488,1821485,8166915,RMGL,BWM-DL08,RMG,BWM08D
5809,8240720,32724.7,17518.3,5600.0,1824349,8226488,1821497,8167181,RMGL,BWM-DL06,RMG,BWM06D
5810,8240718,31836.8,17417.3,5600.0,1824349,8226475,1821485,8166904,RMGL,BWM-DL08,RMG,BWM08D
5811,8240717,31995.6,17584.3,4850.0,1824349,8226450,1821497,8167202,RMGL,BWM-DL06,RMG,BWM06D
5812,8240717,31995.6,17584.3,4850.0,1824349,8226450,1821485,8166927,RMGL,BWM-DL08,RMG,BWM08D
5813,8240714,31707.0,17639.6,4550.0,1824349,8226456,1821497,8167208,RMGL,BWM-DL06,RMG,BWM06D
5814,8240714,31707.0,17639.6,4550.0,1824349,8226456,1822332,8181317,RMGL,RMDDR,RMG,RMDD
5815,8240712,33411.4,22551.3,5100.0,1824349,8226366,1821869,8172758,RMGL,BWM-VL08,RMG,BWM08V
5816,8240712,33411.4,22551.3,5100.0,1824349,8226366,1821956,8174199,RMGL,BWM-VL04,RMG,BWM04V
5817,8240710,32266.2,22687.9,4850.0,1824349,8226431,1821928,8173633,RMGL,BWM-VL06,RMG,BWM06V
5818,8240710,32266.2,22687.9,4850.0,1824349,8226431,1821869,8172777,RMGL,BWM-VL08,RMG,BWM08V
5819,8240706,33525.6,19781.3,5200.0,1824349,8226361,1820449,8145436,RMGL,RMDL,RMG,RMDL/R
5820,8240706,33525.6,19781.3,5200.0,1824349,8226361,1820413,8144586,RMGL,RMDR,RMG,RMDL/R
5821,8240706,33525.6,19781.3,5200.0,1824349,8226361,1820488,8145580,RMGL,RMDVL,RMG,RMDV
5822,8240704,32811.6,22582.2,5500.0,1824349,8226380,1821869,8172750,RMGL,BWM-VL08,RMG,BWM08V
5823,8240704,32811.6,22582.2,5500.0,1824349,8226380,1821928,8173728,RMGL,BWM-VL06,RMG,BWM06V
5824,8240703,33678.6,20408.8,6150.0,1824349,8226524,1822607,8187710,RMGL,SIBDL,RMG,SIBD
5825,8240703,33678.6,20408.8,6150.0,1824349,8226524,1820615,8148893,RMGL,SMBDL,RMG,SMBD
5826,8240700,33999.3,19797.3,8200.0,1824349,8226610,1823242,8200608,RMGL,AVBL,RMG,AVB
5827,8240700,33999.3,19797.3,8200.0,1824349,8226610,1822086,8176237,RMGL,PVPL,RMG,PVP
5828,8240697,33262.2,17684.8,8100.0,1824349,8226571,1822484,8184691,RMGL,ADAL,RMG,ADA
5829,8240693,33514.2,17817.9,7300.0,1824349,8226643,1820190,8139751,RMGL,AVAL,RMG,AVA
5830,8240693,33514.2,17817.9,7300.0,1824349,8226643,1820370,8143293,RMGL,AVEL,RMG,AVE
5831,8240693,33514.2,17817.9,7300.0,1824349,8226643,1820488,8145538,RMGL,RMDVL,RMG,RMDV
5832,8240691,32883.1,18392.0,7700.0,1824349,8226652,1821041,8157469,RMGL,URXL,RMG,URX
5833,8240690,32748.0,18301.9,7650.0,1824349,8226653,1823795,8212635,RMGL,SIADR,RMG,SIAD
5834,8240690,32748.0,18301.9,7650.0,1824349,8226653,1823957,8216495,RMGL,SIAVL,RMG,SIAV
5835,8240689,32392.8,18787.7,7500.0,1824349,8226656,1822455,8184217,RMGL,RMHR,RMG,RMH
5836,8240689,32392.8,18787.7,7500.0,1824349,8226656,1822332,8181392,RMGL,RMDDR,RMG,RMDD
5837,8240688,33395.2,19700.7,9200.0,1824349,8226708,1824427,8228090,RMGL,AIML,RMG,AIM
5838,8240688,33395.2,19700.7,9200.0,1824349,8226708,1819351,8122218,RMGL,HSNL,RMG,HSN
5839,8240659,33561.6,18554.2,7550.0,1824349,8226559,1820370,8143281,RMGL,AVEL,RMG,AVE
5840,8240659,33561.6,18554.2,7550.0,1824349,8226559,1819724,8129888,RMGL,SDQL,RMG,SDQ
5841,8240658,32591.9,25712.1,7250.0,1824349,8226318,1820155,8139180,RMGL,AVBR,RMG,AVB
5842,8240658,32591.9,25712.1,7250.0,1824349,8226318,1820615,8148584,RMGL,SMBDL,RMG,SMBD
5843,8240658,32591.9,25712.1,7250.0,1824349,8226318,1820068,8137691,RMGL,AIBR,RMG,AIB
5844,8240657,32618.4,23613.2,6250.0,1824349,8226338,1823957,8216527,RMGL,SIAVL,RMG,SIAV
5845,8240657,32618.4,23613.2,6250.0,1824349,8226338,1822607,8187312,RMGL,SIBDL,RMG,SIBD
5846,8240654,33392.1,18241.0,7300.0,1824349,8226643,1820488,8145538,RMGL,RMDVL,RMG,RMDV
5847,8240654,33392.1,18241.0,7300.0,1824349,8226643,1819724,8129548,RMGL,SDQL,RMG,SDQ
5848,8240654,33392.1,18241.0,7300.0,1824349,8226643,1821041,8157477,RMGL,URXL,RMG,URX
5849,8240654,33392.1,18241.0,7300.0,1824349,8226643,1824349,8226554,RMGL,RMGL,RMG,RMG
5850,8240651,21585.3,26395.1,7750.0,1823392,8203142,1820634,8149224,RICR,SMBDR,RIC,SMBD
5851,8240651,21585.3,26395.1,7750.0,1823392,8203142,1820190,8139890,RICR,AVAL,RIC,AVA
5852,8240648,31527.8,15874.5,6100.0,1823392,8203297,1824396,8227228,RICR,AVAR,RIC,AVA
5853,8240648,31527.8,15874.5,6100.0,1823392,8203297,1820552,8146947,RICR,SMDVL,RIC,SMDV
5854,8240646,30608.2,14400.3,5850.0,1823392,8203302,1820552,8146954,RICR,SMDVL,RIC,SMDV
5855,8240646,30608.2,14400.3,5850.0,1823392,8203302,1820217,8140692,RICR,RIMR,RIC,RIM
5856,8415634,33833.6,15204.0,9450.0,1823034,8195983,1819286,8121054,ASIL,CEPshDL,ASI,CEPshD
5857,8415633,33669.4,15143.0,9450.0,1823034,8195983,1822817,8191950,ASIL,AWCR,ASI,AWC
5858,8415633,33669.4,15143.0,9450.0,1823034,8195983,1819286,8121054,ASIL,CEPshDL,ASI,CEPshD
5859,8415631,28049.2,12466.3,9950.0,1823034,8196025,1822652,8188370,ASIL,AWCL,ASI,AWC
5860,8415631,28049.2,12466.3,9950.0,1823034,8196025,1820114,8138719,ASIL,AIBL,ASI,AIB
5861,8415631,28049.2,12466.3,9950.0,1823034,8196025,1822817,8191809,ASIL,AWCR,ASI,AWC
5862,8415630,27860.8,12449.8,10250.0,1823034,8196031,1822652,8188377,ASIL,AWCL,ASI,AWC
5863,8415629,25118.3,11687.2,10500.0,1823034,8196052,1822817,8191959,ASIL,AWCR,ASI,AWC
5864,8415628,25133.7,31633.9,14200.0,1823320,8201579,1823274,8200790,ASHR,ADFR,ASH,ADF
5865,8415628,25133.7,31633.9,14200.0,1823320,8201579,1822426,8183183,ASHR,RIAR,ASH,RIA
5866,8415627,21464.6,27306.8,9600.0,1823320,8201671,1824396,8227729,ASHR,AVAR,ASH,AVA
5867,8415627,21464.6,27306.8,9600.0,1823320,8201671,1819505,8125209,ASHR,AVJL,ASH,AVJ
5868,8415626,19537.8,23517.4,9000.0,1823320,8201702,1820155,8139046,ASHR,AVBR,ASH,AVB
5869,8415626,19537.8,23517.4,9000.0,1823320,8201702,1824261,8224324,ASHR,ADAR,ASH,ADA
5870,8415625,19243.6,23398.0,8800.0,1823320,8201706,1820155,8139058,ASHR,AVBR,ASH,AVB
5871,8415625,19243.6,23398.0,8800.0,1823320,8201706,1824396,8227751,ASHR,AVAR,ASH,AVA
5872,8415624,17574.4,21256.4,8800.0,1823320,8201706,1823274,8200943,ASHR,ADFR,ASH,ADF
5873,8415624,17574.4,21256.4,8800.0,1823320,8201706,1819686,8129027,ASHR,AIAR,ASH,AIA
5874,8415636,35402.7,22534.3,10000.0,1823034,8196075,1824448,8228515,ASIL,AIAL,ASI,AIA
5875,8415636,35402.7,22534.3,10000.0,1823034,8196075,1822652,8188298,ASIL,AWCL,ASI,AWC
5876,8415636,35402.7,22534.3,10000.0,1823034,8196075,1820114,8138749,ASIL,AIBL,ASI,AIB
5877,8415620,17619.8,20467.4,7900.0,1823320,8201787,1819527,8125690,ASHR,AVHL,ASH,AVH
5878,8415620,17619.8,20467.4,7900.0,1823320,8201787,1820155,8139081,ASHR,AVBR,ASH,AVB
5879,8415619,17421.3,20181.7,7850.0,1823320,8201789,1820155,8139082,ASHR,AVBR,ASH,AVB
5880,8415619,17421.3,20181.7,7850.0,1823320,8201789,1819527,8125691,ASHR,AVHL,ASH,AVH
5881,8415618,19660.8,15284.5,8100.0,1823320,8201741,1820155,8139105,ASHR,AVBR,ASH,AVB
5882,8415618,19660.8,15284.5,8100.0,1823320,8201741,1822126,8176891,ASHR,AVDR,ASH,AVD
5883,8415618,19660.8,15284.5,8100.0,1823320,8201741,1819385,8123008,ASHR,AVFR,ASH,AVF
5884,8415617,19253.6,15742.3,8050.0,1823320,8201742,1820155,8139099,ASHR,AVBR,ASH,AVB
5885,8415617,19253.6,15742.3,8050.0,1823320,8201742,1822126,8176892,ASHR,AVDR,ASH,AVD
5886,8415616,19443.5,15533.6,8050.0,1823320,8201742,1820155,8139099,ASHR,AVBR,ASH,AVB
5887,8415616,19443.5,15533.6,8050.0,1823320,8201742,1822126,8176892,ASHR,AVDR,ASH,AVD
5888,8415614,20106.2,24432.6,8900.0,1823320,8201695,1822153,8177888,ASHR,AVDL,ASH,AVD
5889,8415614,20106.2,24432.6,8900.0,1823320,8201695,1820155,8139056,ASHR,AVBR,ASH,AVB
5890,8415613,19942.6,24415.8,9000.0,1823320,8201693,1820155,8139050,ASHR,AVBR,ASH,AVB
5891,8415612,23673.1,12845.9,8700.0,1823320,8201781,1823838,8213608,ASHR,RIFR,ASH,RIF
5892,8415612,23673.1,12845.9,8700.0,1823320,8201781,1822938,8194302,ASHR,AWBR,ASH,AWB
5893,8415611,26000.9,33661.6,17850.0,1823320,8201507,1820155,8138869,ASHR,AVBR,ASH,AVB
5894,8415611,26000.9,33661.6,17850.0,1823320,8201507,1824172,8222106,ASHR,AIYR,ASH,AIY
5895,8415610,25105.2,31847.0,14400.0,1823320,8201575,1822426,8183171,ASHR,RIAR,ASH,RIA
5896,8415610,25105.2,31847.0,14400.0,1823320,8201575,1823274,8200786,ASHR,ADFR,ASH,ADF
5897,8415607,25132.4,31574.0,14150.0,1823320,8201580,1824261,8224114,ASHR,ADAR,ASH,ADA
5898,8415607,25132.4,31574.0,14150.0,1823320,8201580,1822426,8183637,ASHR,RIAR,ASH,RIA
5899,8415606,23608.9,31063.2,13000.0,1823320,8201602,1820068,8137376,ASHR,AIBR,ASH,AIB
5900,8415606,23608.9,31063.2,13000.0,1823320,8201602,1819686,8128822,ASHR,AIAR,ASH,AIA
5901,8415606,23608.9,31063.2,13000.0,1823320,8201602,1824261,8224366,ASHR,ADAR,ASH,ADA
5902,8415605,23231.7,30776.7,12450.0,1823320,8201613,1820068,8137387,ASHR,AIBR,ASH,AIB
5903,8415605,23231.7,30776.7,12450.0,1823320,8201613,1819686,8128833,ASHR,AIAR,ASH,AIA
5904,8415604,23160.2,30673.2,12200.0,1823320,8201618,1820068,8137392,ASHR,AIBR,ASH,AIB
5905,8415604,23160.2,30673.2,12200.0,1823320,8201618,1819686,8128838,ASHR,AIAR,ASH,AIA
5906,8415603,22940.3,30437.1,12000.0,1823320,8201622,1820068,8137396,ASHR,AIBR,ASH,AIB
5907,8415603,22940.3,30437.1,12000.0,1823320,8201622,1819686,8128842,ASHR,AIAR,ASH,AIA
5908,8415602,22656.9,30315.2,11750.0,1823320,8201627,1820068,8137401,ASHR,AIBR,ASH,AIB
5909,8415602,22656.9,30315.2,11750.0,1823320,8201627,1819686,8128847,ASHR,AIAR,ASH,AIA
5910,8415601,22616.9,30236.1,11400.0,1823320,8201634,1820068,8137407,ASHR,AIBR,ASH,AIB
5911,8415601,22616.9,30236.1,11400.0,1823320,8201634,1819686,8128854,ASHR,AIAR,ASH,AIA
5912,8415600,21588.1,27604.9,9850.0,1823320,8201666,1820155,8139030,ASHR,AVBR,ASH,AVB
5913,8415600,21588.1,27604.9,9850.0,1823320,8201666,1824396,8227734,ASHR,AVAR,ASH,AVA
5914,8415600,21588.1,27604.9,9850.0,1823320,8201666,1819505,8125214,ASHR,AVJL,ASH,AVJ
5915,8415598,21389.3,28105.8,9800.0,1823320,8201666,1820068,8137439,ASHR,AIBR,ASH,AIB
5916,8415598,21389.3,28105.8,9800.0,1823320,8201666,1819686,8128886,ASHR,AIAR,ASH,AIA
5917,8415595,21193.0,27845.6,9750.0,1823320,8201668,1819686,8128887,ASHR,AIAR,ASH,AIA
5918,8415594,20848.8,26979.5,9600.0,1823320,8201671,1823665,8209460,ASHR,HSNR,ASH,HSN
5919,8415594,20848.8,26979.5,9600.0,1823320,8201671,1819686,8128890,ASHR,AIAR,ASH,AIA
5920,8415592,19496.8,24716.6,9300.0,1823320,8201679,1819686,8129043,ASHR,AIAR,ASH,AIA
5921,8415592,19496.8,24716.6,9300.0,1823320,8201679,1822153,8177896,ASHR,AVDL,ASH,AVD
5922,8415592,19496.8,24716.6,9300.0,1823320,8201679,1820068,8137452,ASHR,AIBR,ASH,AIB
5923,8415589,19321.8,24433.1,9300.0,1823320,8201679,1820155,8139055,ASHR,AVBR,ASH,AVB
5924,8415589,19321.8,24433.1,9300.0,1823320,8201679,1820068,8137452,ASHR,AIBR,ASH,AIB
5925,8415589,19321.8,24433.1,9300.0,1823320,8201679,1819686,8129043,ASHR,AIAR,ASH,AIA
5926,8415583,19491.3,23650.5,8900.0,1823320,8201704,1820155,8139056,ASHR,AVBR,ASH,AVB
5927,8415583,19491.3,23650.5,8900.0,1823320,8201704,1824396,8227753,ASHR,AVAR,ASH,AVA
5928,8415581,17794.9,21196.1,8100.0,1823320,8201720,1820155,8139077,ASHR,AVBR,ASH,AVB
5929,8415581,17794.9,21196.1,8100.0,1823320,8201720,1824396,8227686,ASHR,AVAR,ASH,AVA
5930,8415580,17678.8,19903.2,8000.0,1823320,8201785,1824261,8224262,ASHR,ADAR,ASH,ADA
5931,8415580,17678.8,19903.2,8000.0,1823320,8201785,1820298,8141970,ASHR,AVER,ASH,AVE
5932,8415578,21937.2,13578.0,8750.0,1823320,8201760,1819527,8125655,ASHR,AVHL,ASH,AVH
5933,8415578,21937.2,13578.0,8750.0,1823320,8201760,1822938,8194284,ASHR,AWBR,ASH,AWB
5934,8415512,30101.8,30149.2,12200.0,1823460,8204407,1822126,8177103,ASHL,AVDR,ASH,AVD
5935,8415512,30101.8,30149.2,12200.0,1823460,8204407,1819409,8123234,ASHL,PVNL,ASH,PVN
5936,8415511,31374.3,29021.1,10450.0,1823460,8204442,1824448,8228474,ASHL,AIAL,ASH,AIA
5937,8415511,31374.3,29021.1,10450.0,1823460,8204442,1823665,8209332,ASHL,HSNR,ASH,HSN
5938,8415510,31978.2,27200.5,9250.0,1823460,8204468,1824448,8228496,ASHL,AIAL,ASH,AIA
5939,8415510,31978.2,27200.5,9250.0,1823460,8204468,1822126,8177046,ASHL,AVDR,ASH,AVD
5940,8415508,32931.8,24945.3,8500.0,1823460,8204635,1822126,8177331,ASHL,AVDR,ASH,AVD
5941,8415508,32931.8,24945.3,8500.0,1823460,8204635,1820396,8143995,ASHL,ADLL,ASH,ADL
5942,8415507,33093.9,24621.9,8650.0,1823460,8204609,1820396,8143984,ASHL,ADLL,ASH,ADL
5943,8415507,33093.9,24621.9,8650.0,1823460,8204609,1822126,8177334,ASHL,AVDR,ASH,AVD
5944,8415506,33554.8,25343.0,8250.0,1823460,8204629,1820190,8140276,ASHL,AVAL,ASH,AVA
5945,8415505,33282.7,23726.8,8500.0,1823460,8204640,1822126,8177331,ASHL,AVDR,ASH,AVD
5946,8415505,33282.7,23726.8,8500.0,1823460,8204640,1820190,8140317,ASHL,AVAL,ASH,AVA
5947,8415504,33947.4,21399.1,8250.0,1823460,8204601,1823242,8200124,ASHL,AVBL,ASH,AVB
5948,8415504,33947.4,21399.1,8250.0,1823460,8204601,1822484,8184683,ASHL,ADAL,ASH,ADA
5949,8415503,34061.3,21007.4,8150.0,1823460,8204603,1820190,8140261,ASHL,AVAL,ASH,AVA
5950,8415503,34061.3,21007.4,8150.0,1823460,8204603,1823242,8200126,ASHL,AVBL,ASH,AVB
5951,8415502,33994.2,19237.3,8900.0,1823460,8204595,1823150,8198605,ASHL,AWBL,ASH,AWB
5952,8415502,33994.2,19237.3,8900.0,1823460,8204595,1819385,8122812,ASHL,AVFR,ASH,AVF
5953,8415501,34215.0,19665.9,9050.0,1823460,8204598,1819634,8128208,ASHL,ADFL,ASH,ADF
5954,8415501,34215.0,19665.9,9050.0,1823460,8204598,1824448,8228625,ASHL,AIAL,ASH,AIA
5955,8415499,30729.7,14679.0,8350.0,1823460,8204540,1822153,8177479,ASHL,AVDL,ASH,AVD
5956,8415499,30729.7,14679.0,8350.0,1823460,8204540,1819505,8125520,ASHL,AVJL,ASH,AVJ
5957,8415497,31907.9,15721.2,8100.0,1823460,8204534,1823242,8200135,ASHL,AVBL,ASH,AVB
5958,8415497,31907.9,15721.2,8100.0,1823460,8204534,1820190,8139773,ASHL,AVAL,ASH,AVA
5959,8415497,31907.9,15721.2,8100.0,1823460,8204534,1819587,8127433,ASHL,AVHR,ASH,AVH
5960,8415496,32967.4,23539.5,8600.0,1823460,8204638,1822126,8177335,ASHL,AVDR,ASH,AVD
5961,8415496,32967.4,23539.5,8600.0,1823460,8204638,1820190,8140319,ASHL,AVAL,ASH,AVA
5962,8415496,32967.4,23539.5,8600.0,1823460,8204638,1823242,8200117,ASHL,AVBL,ASH,AVB
5963,8415495,28179.8,33042.3,17500.0,1823460,8204641,1824469,8228770,ASHL,AIYL,ASH,AIY
5964,8415495,28179.8,33042.3,17500.0,1823460,8204641,1822066,8175748,ASHL,AVJR,ASH,AVJ
5965,8415492,28648.9,32605.7,17150.0,1823460,8204309,1824448,8228331,ASHL,AIAL,ASH,AIA
5966,8415492,28648.9,32605.7,17150.0,1823460,8204309,1819409,8123136,ASHL,PVNL,ASH,PVN
5967,8415492,28648.9,32605.7,17150.0,1823460,8204309,1822126,8177201,ASHL,AVDR,ASH,AVD
5968,8415491,29382.9,31722.9,14100.0,1823460,8204369,1824448,8228390,ASHL,AIAL,ASH,AIA
5969,8415491,29382.9,31722.9,14100.0,1823460,8204369,1822126,8177141,ASHL,AVDR,ASH,AVD
5970,8415490,29827.5,30495.6,12750.0,1823460,8204396,1822126,8177114,ASHL,AVDR,ASH,AVD
5971,8415490,29827.5,30495.6,12750.0,1823460,8204396,1823242,8200027,ASHL,AVBL,ASH,AVB
5972,8415490,29827.5,30495.6,12750.0,1823460,8204396,1819409,8123223,ASHL,PVNL,ASH,PVN
5973,8415489,29993.8,31025.1,12250.0,1823460,8204406,1820114,8138185,ASHL,AIBL,ASH,AIB
5974,8415489,29993.8,31025.1,12250.0,1823460,8204406,1823015,8195472,ASHL,ASKL,ASH,ASK
5975,8415489,29993.8,31025.1,12250.0,1823460,8204406,1824448,8228439,ASHL,AIAL,ASH,AIA
5976,8415487,30280.3,30068.7,12100.0,1823460,8204409,1822126,8177101,ASHL,AVDR,ASH,AVD
5977,8415487,30280.3,30068.7,12100.0,1823460,8204409,1819409,8123236,ASHL,PVNL,ASH,PVN
5978,8415486,30667.0,30034.2,11400.0,1823460,8204423,1820114,8138202,ASHL,AIBL,ASH,AIB
5979,8415486,30667.0,30034.2,11400.0,1823460,8204423,1824448,8228455,ASHL,AIAL,ASH,AIA
5980,8415485,31313.8,29371.3,10650.0,1823460,8204438,1820114,8138217,ASHL,AIBL,ASH,AIB
5981,8415485,31313.8,29371.3,10650.0,1823460,8204438,1824448,8228470,ASHL,AIAL,ASH,AIA
5982,8415484,31725.4,28419.9,10050.0,1823460,8204450,1823665,8209324,ASHL,HSNR,ASH,HSN
5983,8415484,31725.4,28419.9,10050.0,1823460,8204450,1824448,8228482,ASHL,AIAL,ASH,AIA
5984,8415483,31647.9,27874.3,9350.0,1823460,8204462,1822066,8175589,ASHL,AVJR,ASH,AVJ
5985,8415483,31647.9,27874.3,9350.0,1823460,8204462,1822126,8177048,ASHL,AVDR,ASH,AVD
5986,8415482,32241.4,26923.4,9200.0,1823460,8204469,1822126,8177045,ASHL,AVDR,ASH,AVD
5987,8415482,32241.4,26923.4,9200.0,1823460,8204469,1824448,8228497,ASHL,AIAL,ASH,AIA
5988,8415482,32241.4,26923.4,9200.0,1823460,8204469,1823665,8209312,ASHL,HSNR,ASH,HSN
5989,8415481,32536.2,26279.2,9100.0,1823460,8204470,1823665,8209312,ASHL,HSNR,ASH,HSN
5990,8415481,32536.2,26279.2,9100.0,1823460,8204470,1824448,8228646,ASHL,AIAL,ASH,AIA
5991,8415480,32713.7,25865.8,9100.0,1823460,8204470,1822126,8177040,ASHL,AVDR,ASH,AVD
5992,8415480,32713.7,25865.8,9100.0,1823460,8204470,1824448,8228646,ASHL,AIAL,ASH,AIA
5993,8415479,33007.8,25510.8,9050.0,1823460,8204472,1820114,8138251,ASHL,AIBL,ASH,AIB
5994,8415479,33007.8,25510.8,9050.0,1823460,8204472,1824448,8228647,ASHL,AIAL,ASH,AIA
5995,8415479,33007.8,25510.8,9050.0,1823460,8204472,1822126,8177041,ASHL,AVDR,ASH,AVD
5996,8415478,33132.6,22900.9,8800.0,1823460,8204483,1823242,8200113,ASHL,AVBL,ASH,AVB
5997,8415478,33132.6,22900.9,8800.0,1823460,8204483,1820190,8140323,ASHL,AVAL,ASH,AVA
5998,8415477,33423.6,22476.2,8500.0,1823460,8204502,1820190,8140317,ASHL,AVAL,ASH,AVA
5999,8415477,33423.6,22476.2,8500.0,1823460,8204502,1823242,8200119,ASHL,AVBL,ASH,AVB
6000,8415475,31444.6,15372.2,8150.0,1823460,8204533,1823242,8200136,ASHL,AVBL,ASH,AVB
6001,8415475,31444.6,15372.2,8150.0,1823460,8204533,1822153,8177483,ASHL,AVDL,ASH,AVD
6002,8415475,31444.6,15372.2,8150.0,1823460,8204533,1820190,8139774,ASHL,AVAL,ASH,AVA
6003,8415473,26088.9,12860.0,9450.0,1823460,8204570,1824448,8228592,ASHL,AIAL,ASH,AIA
6004,8415473,26088.9,12860.0,9450.0,1823460,8204570,1823150,8198663,ASHL,AWBL,ASH,AWB
6005,8415471,22239.6,30308.8,10900.0,1823304,8201307,1819686,8128864,ASGR,AIAR,ASG,AIA
6006,8415471,22239.6,30308.8,10900.0,1823304,8201307,1820068,8137417,ASGR,AIBR,ASG,AIB
6007,8415470,20493.7,28008.5,9400.0,1823304,8201336,1820068,8137446,ASGR,AIBR,ASG,AIB
6008,8415470,20493.7,28008.5,9400.0,1823304,8201336,1822652,8188565,ASGR,AWCL,ASG,AWC
6009,8415469,19979.3,27098.1,9500.0,1823304,8201339,1820068,8137444,ASGR,AIBR,ASG,AIB
6010,8415469,19979.3,27098.1,9500.0,1823304,8201339,1819686,8128891,ASGR,AIAR,ASG,AIA
6011,8415468,19409.7,25699.4,9450.0,1823304,8201344,1819686,8129040,ASGR,AIAR,ASG,AIA
6012,8415467,18314.6,24013.6,9600.0,1823304,8201351,1819686,8128895,ASGR,AIAR,ASG,AIA
6013,8415466,18035.5,24081.8,9500.0,1823304,8201350,1819686,8128894,ASGR,AIAR,ASG,AIA
6014,8415464,24083.0,32669.1,13950.0,1823304,8201248,1819686,8128798,ASGR,AIAR,ASG,AIA
6015,8415463,23846.6,32419.3,13800.0,1823304,8201251,1819686,8128801,ASGR,AIAR,ASG,AIA
6016,8415461,23780.9,32321.2,13650.0,1823304,8201253,1819686,8128804,ASGR,AIAR,ASG,AIA
6017,8415460,23513.0,31979.8,13350.0,1823304,8201259,1819686,8128815,ASGR,AIAR,ASG,AIA
6018,8415459,23104.6,31497.9,12850.0,1823304,8201269,1819686,8128825,ASGR,AIAR,ASG,AIA
6019,8415459,23104.6,31497.9,12850.0,1823304,8201269,1824155,8221778,ASGR,AIMR,ASG,AIM
6020,8415458,22464.1,30821.8,11800.0,1823304,8201290,1824155,8221799,ASGR,AIMR,ASG,AIM
6021,8415458,22464.1,30821.8,11800.0,1823304,8201290,1819686,8128846,ASGR,AIAR,ASG,AIA
6022,8415457,21207.4,28739.8,9750.0,1823304,8201330,1819686,8128887,ASGR,AIAR,ASG,AIA
6023,8415457,21207.4,28739.8,9750.0,1823304,8201330,1820068,8137440,ASGR,AIBR,ASG,AIB
6024,8415456,18085.5,23602.1,9700.0,1823304,8201353,1819686,8128897,ASGR,AIAR,ASG,AIA
6025,8415454,18607.6,24222.2,9700.0,1823304,8201353,1819686,8128897,ASGR,AIAR,ASG,AIA
6026,8415453,17873.5,23273.3,10000.0,1823304,8201359,1819686,8129031,ASGR,AIAR,ASG,AIA
6027,8415452,18027.4,23339.8,10050.0,1823304,8201370,1819686,8129032,ASGR,AIAR,ASG,AIA
6028,8415451,32174.6,28929.4,9750.0,1823231,8199794,1820114,8138236,ASGL,AIBL,ASG,AIB
6029,8415451,32174.6,28929.4,9750.0,1823231,8199794,1824448,8228487,ASGL,AIAL,ASG,AIA
6030,8415447,30044.2,32093.8,14750.0,1823231,8199695,1824448,8228378,ASGL,AIAL,ASG,AIA
6031,8415447,30044.2,32093.8,14750.0,1823231,8199695,1823103,8197352,ASGL,ASJL,ASG,ASJ
6032,8415445,30171.1,32193.9,14500.0,1823231,8199699,1824448,8228382,ASGL,AIAL,ASG,AIA
6033,8415444,30176.6,31896.7,14100.0,1823231,8199707,1824448,8228390,ASGL,AIAL,ASG,AIA
6034,8415443,30694.8,30880.7,12150.0,1823231,8199746,1824448,8228441,ASGL,AIAL,ASG,AIA
6035,8415442,30816.8,30674.0,11900.0,1823231,8199751,1824448,8228446,ASGL,AIAL,ASG,AIA
6036,8415441,31053.1,30556.9,11550.0,1823231,8199758,1824448,8228452,ASGL,AIAL,ASG,AIA
6037,8415440,31739.0,29725.0,10700.0,1823231,8199775,1824448,8228469,ASGL,AIAL,ASG,AIA
6038,8415439,31835.4,29399.9,10450.0,1823231,8199780,1824448,8228474,ASGL,AIAL,ASG,AIA
6039,8415438,32486.8,28648.8,9850.0,1823231,8199792,1824448,8228486,ASGL,AIAL,ASG,AIA
6040,8415437,33732.3,25028.4,9400.0,1823231,8199814,1824448,8228503,ASGL,AIAL,ASG,AIA
6041,8415436,34016.1,24488.2,9500.0,1823231,8199816,1820114,8138267,ASGL,AIBL,ASG,AIB
6042,8415436,34016.1,24488.2,9500.0,1823231,8199816,1824448,8228505,ASGL,AIAL,ASG,AIA
6043,8415433,35357.1,20272.8,9350.0,1822984,8195192,1822984,8195268,ASER,ASER,ASE,ASE
6044,8415433,35357.1,20272.8,9350.0,1822984,8195192,1824469,8229016,ASER,AIYL,ASE,AIY
6045,8415432,25284.2,32629.9,14200.0,1822984,8194934,1822864,8192543,ASER,ASIR,ASE,ASI
6046,8415432,25284.2,32629.9,14200.0,1822984,8194934,1824172,8222178,ASER,AIYR,ASE,AIY
6047,8415431,23970.2,31593.7,12850.0,1822984,8194961,1824172,8222207,ASER,AIYR,ASE,AIY
6048,8415431,23970.2,31593.7,12850.0,1822984,8194961,1820068,8137379,ASER,AIBR,ASE,AIB
6049,8415428,22345.6,29852.9,9700.0,1822984,8195024,1822772,8190684,ASER,AFDR,ASE,AFD
6050,8415428,22345.6,29852.9,9700.0,1822984,8195024,1824172,8222270,ASER,AIYR,ASE,AIY
6051,8415425,29240.2,12537.2,9150.0,1822984,8195154,1824469,8229076,ASER,AIYL,ASE,AIY
6052,8415425,29240.2,12537.2,9150.0,1822984,8195154,1820114,8138305,ASER,AIBL,ASE,AIB
6053,8415424,33082.4,15396.5,8500.0,1822984,8195281,1824469,8229044,ASER,AIYL,ASE,AIY
6054,8415424,33082.4,15396.5,8500.0,1822984,8195281,1822636,8187987,ASER,AFDL,ASE,AFD
6055,8415423,34407.6,18067.8,9600.0,1822984,8195271,1822817,8191844,ASER,AWCR,ASE,AWC
6056,8415423,34407.6,18067.8,9600.0,1822984,8195271,1822365,8181800,ASER,RIAL,ASE,RIA
6057,8415422,31970.0,29818.1,8800.0,1822984,8195256,1824469,8228961,ASER,AIYL,ASE,AIY
6058,8415422,31970.0,29818.1,8800.0,1822984,8195256,1822636,8187920,ASER,AFDL,ASE,AFD
6059,8415421,31821.4,29886.6,9000.0,1822984,8195260,1824469,8228957,ASER,AIYL,ASE,AIY
6060,8415429,23933.0,31612.8,11650.0,1822984,8194985,1822772,8190646,ASER,AFDR,ASE,AFD
6061,8415429,23933.0,31612.8,11650.0,1822984,8194985,1824172,8222231,ASER,AIYR,ASE,AIY
6062,8415419,32250.7,29695.8,9000.0,1822817,8191921,1822652,8188260,AWCR,AWCL,AWC,AWC
6063,8415419,32250.7,29695.8,9000.0,1822817,8191921,1824469,8228957,AWCR,AIYL,AWC,AIY
6064,8415416,21193.0,13105.5,8750.0,1822984,8195110,1824172,8222367,ASER,AIYR,ASE,AIY
6065,8415415,17626.8,16014.0,9000.0,1822984,8195092,1820068,8137996,ASER,AIBR,ASE,AIB
6066,8415415,17626.8,16014.0,9000.0,1822984,8195092,1819686,8128928,ASER,AIAR,ASE,AIA
6067,8415414,17735.3,23499.5,8900.0,1822984,8195307,1824172,8222309,ASER,AIYR,ASE,AIY
6068,8415414,17735.3,23499.5,8900.0,1822984,8195307,1820068,8138019,ASER,AIBR,ASE,AIB
6069,8415413,35262.4,23255.7,9200.0,1822984,8195214,1820039,8137014,ASER,BAGR,ASE,BAG
6070,8415413,35262.4,23255.7,9200.0,1822984,8195214,1824469,8229011,ASER,AIYL,ASE,AIY
6071,8415412,35289.1,23505.2,9200.0,1822984,8195214,1820114,8138261,ASER,AIBL,ASE,AIB
6072,8415412,35289.1,23505.2,9200.0,1822984,8195214,1824469,8229006,ASER,AIYL,ASE,AIY
6073,8415410,24559.6,31870.9,13350.0,1822984,8194951,1824172,8222195,ASER,AIYR,ASE,AIY
6074,8415410,24559.6,31870.9,13350.0,1822984,8194951,1820068,8137366,ASER,AIBR,ASE,AIB
6075,8415408,24082.5,31605.7,12950.0,1822984,8194959,1824172,8222205,ASER,AIYR,ASE,AIY
6076,8415408,24082.5,31605.7,12950.0,1822984,8194959,1820068,8137377,ASER,AIBR,ASE,AIB
6077,8415407,23828.5,31497.3,12650.0,1822984,8194965,1824172,8222211,ASER,AIYR,ASE,AIY
6078,8415407,23828.5,31497.3,12650.0,1822984,8194965,1820068,8137383,ASER,AIBR,ASE,AIB
6079,8415406,21410.9,29257.5,9100.0,1822984,8195036,1824172,8222281,ASER,AIYR,ASE,AIY
6080,8415406,21410.9,29257.5,9100.0,1822984,8195036,1819607,8127694,ASER,AWAR,ASE,AWA
6081,8415405,17405.9,22844.4,9200.0,1822984,8195063,1820068,8137456,ASER,AIBR,ASE,AIB
6082,8415405,17405.9,22844.4,9200.0,1822984,8195063,1824172,8222315,ASER,AIYR,ASE,AIY
6083,8415404,17154.2,22476.1,9200.0,1822984,8195063,1820068,8138013,ASER,AIBR,ASE,AIB
6084,8415404,17154.2,22476.1,9200.0,1822984,8195063,1824172,8222315,ASER,AIYR,ASE,AIY
6085,8415403,17154.2,22248.2,9200.0,1822984,8195063,1820068,8138013,ASER,AIBR,ASE,AIB
6086,8415403,17154.2,22248.2,9200.0,1822984,8195063,1824172,8222315,ASER,AIYR,ASE,AIY
6087,8415403,17154.2,22248.2,9200.0,1822984,8195063,1823356,8202610,ASER,AIZR,ASE,AIZ
6088,8415401,17715.9,16378.1,9150.0,1822984,8195096,1819607,8127803,ASER,AWAR,ASE,AWA
6089,8415401,17715.9,16378.1,9150.0,1822984,8195096,1823665,8209164,ASER,HSNR,ASE,HSN
6090,8415401,17715.9,16378.1,9150.0,1822984,8195096,1819556,8126363,ASER,PVQR,ASE,PVQ
6091,8415400,22139.2,12535.8,9200.0,1822984,8195119,1820068,8137510,ASER,AIBR,ASE,AIB
6092,8415400,22139.2,12535.8,9200.0,1822984,8195119,1824172,8222382,ASER,AIYR,ASE,AIY
6093,8415399,22449.7,12342.7,9450.0,1822984,8195124,1820068,8137515,ASER,AIBR,ASE,AIB
6094,8415399,22449.7,12342.7,9450.0,1822984,8195124,1824172,8222387,ASER,AIYR,ASE,AIY
6095,8415397,23168.0,12387.3,9600.0,1822984,8195126,1820068,8137517,ASER,AIBR,ASE,AIB
6096,8415397,23168.0,12387.3,9600.0,1822984,8195126,1824172,8222401,ASER,AIYR,ASE,AIY
6097,8415396,26996.2,12412.0,9800.0,1822984,8195132,1822652,8188616,ASER,AWCL,ASE,AWC
6098,8415396,26996.2,12412.0,9800.0,1822984,8195132,1820114,8138717,ASER,AIBL,ASE,AIB
6099,8415396,26996.2,12412.0,9800.0,1822984,8195132,1824469,8229089,ASER,AIYL,ASE,AIY
6100,8415395,26553.9,12099.2,10100.0,1822984,8195288,1822652,8188374,ASER,AWCL,ASE,AWC
6101,8415395,26553.9,12099.2,10100.0,1822984,8195288,1824469,8229095,ASER,AIYL,ASE,AIY
6102,8415394,28663.1,12424.0,9250.0,1822984,8195151,1824469,8229078,ASER,AIYL,ASE,AIY
6103,8415394,28663.1,12424.0,9250.0,1822984,8195151,1820114,8138307,ASER,AIBL,ASE,AIB
6104,8415394,28663.1,12424.0,9250.0,1822984,8195151,1823176,8198992,ASER,ASEL,ASE,ASE
6105,8415393,34287.1,17510.1,9400.0,1822984,8195178,1822365,8181803,ASER,RIAL,ASE,RIA
6106,8415390,34494.6,25914.1,8400.0,1822984,8195226,1822636,8187953,ASER,AFDL,ASE,AFD
6107,8415390,34494.6,25914.1,8400.0,1822984,8195226,1824469,8228981,ASER,AIYL,ASE,AIY
6108,8415389,31992.3,29735.2,8750.0,1822984,8195255,1824469,8228962,ASER,AIYL,ASE,AIY
6109,8415389,31992.3,29735.2,8750.0,1822984,8195255,1822636,8187921,ASER,AFDL,ASE,AFD
6110,8415388,31911.8,29000.1,9400.0,1823176,8198926,1822652,8188252,ASEL,AWCL,ASE,AWC
6111,8415388,31911.8,29000.1,9400.0,1823176,8198926,1820114,8138242,ASEL,AIBL,ASE,AIB
6112,8415387,32956.4,26949.3,8800.0,1823176,8199169,1820396,8144009,ASEL,ADLL,ASE,ADL
6113,8415387,32956.4,26949.3,8800.0,1823176,8199169,1820114,8138753,ASEL,AIBL,ASE,AIB
6114,8415387,32956.4,26949.3,8800.0,1823176,8199169,1822652,8188641,ASEL,AWCL,ASE,AWC
6115,8415386,34508.6,23819.1,9250.0,1823176,8199148,1824469,8229007,ASEL,AIYL,ASE,AIY
6116,8415386,34508.6,23819.1,9250.0,1823176,8199148,1820114,8138261,ASEL,AIBL,ASE,AIB
6117,8415385,34591.3,24095.1,9450.0,1823176,8199152,1820114,8138266,ASEL,AIBL,ASE,AIB
6118,8415385,34591.3,24095.1,9450.0,1823176,8199152,1822652,8188276,ASEL,AWCL,ASE,AWC
6119,8415384,32033.6,15188.8,9650.0,1823176,8199131,1820114,8138730,ASEL,AIBL,ASE,AIB
6120,8415384,32033.6,15188.8,9650.0,1823176,8199131,1820396,8144119,ASEL,ADLL,ASE,ADL
6121,8415383,27916.1,12395.3,9350.0,1823176,8198994,1820114,8138309,ASEL,AIBL,ASE,AIB
6122,8415383,27916.1,12395.3,9350.0,1823176,8198994,1824469,8229080,ASEL,AIYL,ASE,AIY
6123,8415381,22014.2,12093.2,9600.0,1823176,8199022,1824172,8222401,ASEL,AIYR,ASE,AIY
6124,8415381,22014.2,12093.2,9600.0,1823176,8199022,1820068,8137517,ASEL,AIBR,ASE,AIB
6125,8415381,22014.2,12093.2,9600.0,1823176,8199022,1822652,8188396,ASEL,AWCL,ASE,AWC
6126,8415380,20967.6,12869.1,8850.0,1823176,8199036,1822772,8190785,ASEL,AFDR,ASE,AFD
6127,8415380,20967.6,12869.1,8850.0,1823176,8199036,1824172,8222369,ASEL,AIYR,ASE,AIY
6128,8415380,20967.6,12869.1,8850.0,1823176,8199036,1820068,8137505,ASEL,AIBR,ASE,AIB
6129,8415379,18630.4,14289.9,8850.0,1823176,8199050,1819686,8128997,ASEL,AIAR,ASE,AIA
6130,8415379,18630.4,14289.9,8850.0,1823176,8199050,1820068,8137989,ASEL,AIBR,ASE,AIB
6131,8415378,16552.3,18370.6,9250.0,1823176,8199073,1819686,8128922,ASEL,AIAR,ASE,AIA
6132,8415377,34361.6,19860.0,9800.0,1823176,8199145,1820114,8138283,ASEL,AIBL,ASE,AIB
6133,8415377,34361.6,19860.0,9800.0,1823176,8199145,1824448,8228523,ASEL,AIAL,ASE,AIA
6134,8415376,34473.4,20052.6,9850.0,1823176,8199146,1824448,8228522,ASEL,AIAL,ASE,AIA
6135,8415376,34473.4,20052.6,9850.0,1823176,8199146,1820114,8138276,ASEL,AIBL,ASE,AIB
6136,8415375,17391.0,23579.0,8900.0,1823176,8199114,1824172,8222309,ASEL,AIYR,ASE,AIY
6137,8415375,17391.0,23579.0,8900.0,1823176,8199114,1820068,8138019,ASEL,AIBR,ASE,AIB
6138,8415374,29620.4,31689.8,12150.0,1823176,8198872,1824469,8228893,ASEL,AIYL,ASE,AIY
6139,8415374,29620.4,31689.8,12150.0,1823176,8198872,1822636,8187854,ASEL,AFDL,ASE,AFD
6140,8415373,29917.6,31393.6,11650.0,1823176,8198882,1824469,8228903,ASEL,AIYL,ASE,AIY
6141,8415373,29917.6,31393.6,11650.0,1823176,8198882,1820114,8138197,ASEL,AIBL,ASE,AIB
6142,8415372,30121.7,31054.3,11350.0,1823176,8198888,1824469,8228911,ASEL,AIYL,ASE,AIY
6143,8415372,30121.7,31054.3,11350.0,1823176,8198888,1820114,8138203,ASEL,AIBL,ASE,AIB
6144,8415369,30487.1,30720.8,11000.0,1823176,8198895,1824469,8228918,ASEL,AIYL,ASE,AIY
6145,8415369,30487.1,30720.8,11000.0,1823176,8198895,1820114,8138210,ASEL,AIBL,ASE,AIB
6146,8415368,30696.7,30487.4,10750.0,1823176,8198900,1824469,8228923,ASEL,AIYL,ASE,AIY
6147,8415368,30696.7,30487.4,10750.0,1823176,8198900,1822652,8188226,ASEL,AWCL,ASE,AWC
6148,8415368,30696.7,30487.4,10750.0,1823176,8198900,1820114,8138215,ASEL,AIBL,ASE,AIB
6149,8415367,30847.8,30312.2,10550.0,1823176,8198904,1824469,8228927,ASEL,AIYL,ASE,AIY
6150,8415367,30847.8,30312.2,10550.0,1823176,8198904,1820114,8138219,ASEL,AIBL,ASE,AIB
6151,8415363,34849.7,23266.5,9200.0,1823176,8198953,1820114,8138261,ASEL,AIBL,ASE,AIB
6152,8415363,34849.7,23266.5,9200.0,1823176,8198953,1820114,8138264,ASEL,AIBL,ASE,AIB
6153,8415363,34849.7,23266.5,9200.0,1823176,8198953,1824469,8229006,ASEL,AIYL,ASE,AIY
6154,8415362,35043.1,22705.6,9400.0,1823176,8198957,1820114,8138265,ASEL,AIBL,ASE,AIB
6155,8415362,35043.1,22705.6,9400.0,1823176,8198957,1824469,8229103,ASEL,AIYL,ASE,AIY
6156,8415361,28343.4,12534.5,9200.0,1823176,8198991,1820114,8138306,ASEL,AIBL,ASE,AIB
6157,8415361,28343.4,12534.5,9200.0,1823176,8198991,1824469,8229077,ASEL,AIYL,ASE,AIY
6158,8415358,27381.8,12296.2,9450.0,1823176,8198998,1820114,8138311,ASEL,AIBL,ASE,AIB
6159,8415358,27381.8,12296.2,9450.0,1823176,8198998,1824469,8229082,ASEL,AIYL,ASE,AIY
6160,8415357,22437.2,12009.5,9700.0,1823176,8199020,1824172,8222403,ASEL,AIYR,ASE,AIY
6161,8415357,22437.2,12009.5,9700.0,1823176,8199020,1820068,8137519,ASEL,AIBR,ASE,AIB
6162,8415357,22437.2,12009.5,9700.0,1823176,8199020,1822652,8188394,ASEL,AWCL,ASE,AWC
6163,8415356,16473.4,17997.8,9100.0,1823176,8199070,1822397,9639026,ASEL,AINL,ASE,AIN
6164,8415356,16473.4,17997.8,9100.0,1823176,8199070,1822426,8182979,ASEL,RIAR,ASE,RIA
6165,8415355,16272.1,18358.3,9150.0,1823176,8199071,1822426,8182978,ASEL,RIAR,ASE,RIA
6166,8415354,16338.8,22447.1,9200.0,1823176,8199088,1822652,8188570,ASEL,AWCL,ASE,AWC
6167,8415354,16338.8,22447.1,9200.0,1823176,8199088,1824172,8222315,ASEL,AIYR,ASE,AIY
6168,8415352,33725.2,23427.3,7800.0,1824067,8219823,1824050,8219360,AQR,PVCL,AQR,PVC
6169,8415352,33725.2,23427.3,7800.0,1824067,8219823,1820190,8140250,AQR,AVAL,AQR,AVA
6170,8415351,34539.1,21289.1,7150.0,1824067,8219767,1820190,8140236,AQR,AVAL,AQR,AVA
6171,8415351,34539.1,21289.1,7150.0,1824067,8219767,1819724,8129553,AQR,SDQL,AQR,SDQ
6172,8415350,35325.4,21582.7,7700.0,1824067,8219775,1822365,8181837,AQR,RIAL,AQR,RIA
6173,8415350,35325.4,21582.7,7700.0,1824067,8219775,1820039,8136977,AQR,BAGR,AQR,BAG
6174,8415349,35161.4,21161.8,7800.0,1824067,8219819,1822365,8181835,AQR,RIAL,AQR,RIA
6175,8415349,35161.4,21161.8,7800.0,1824067,8219819,1820039,8136975,AQR,BAGR,AQR,BAG
6176,8415348,34968.5,21309.6,7850.0,1824067,8219820,1822365,8181834,AQR,RIAL,AQR,RIA
6177,8415347,32582.8,15739.8,7700.0,1824067,8219804,1820155,8139132,AQR,AVBR,AQR,AVB
6178,8415347,32582.8,15739.8,7700.0,1824067,8219804,1824050,8219392,AQR,PVCL,AQR,PVC
6179,8415346,20767.8,26374.8,8100.0,1824067,8219991,1823242,8200241,AQR,AVBL,AQR,AVB
6180,8415346,20767.8,26374.8,8100.0,1824067,8219991,1822263,8179381,AQR,DVA,AQR,DVA
6181,8415345,16973.3,21278.7,7250.0,1824067,8220084,1822263,8179735,AQR,DVA,AQR,DVA
6182,8415345,16973.3,21278.7,7250.0,1824067,8220084,1824396,8227669,AQR,AVAR,AQR,AVA
6183,8415345,16973.3,21278.7,7250.0,1824067,8220084,1823242,8200196,AQR,AVBL,AQR,AVB
6184,8415344,16771.4,21138.8,7800.0,1824067,8220095,1822426,8183004,AQR,RIAR,AQR,RIA
6185,8415344,16771.4,21138.8,7800.0,1824067,8220095,1822232,8178834,AQR,BAGL,AQR,BAG
6186,8415343,17105.7,21987.0,7850.0,1824067,8220096,1819995,8136656,AQR,RIR,AQR,RIR
6187,8415343,17105.7,21987.0,7850.0,1824067,8220096,1822426,8183004,AQR,RIAR,AQR,RIA
6188,8415342,16585.9,20748.8,7800.0,1824067,8220013,1822426,8183004,AQR,RIAR,AQR,RIA
6189,8415342,16585.9,20748.8,7800.0,1824067,8220013,1822232,8178834,AQR,BAGL,AQR,BAG
6190,8415341,16360.8,19763.1,8050.0,1824067,8220072,1822426,8183000,AQR,RIAR,AQR,RIA
6191,8415341,16360.8,19763.1,8050.0,1824067,8220072,1819995,8136662,AQR,RIR,AQR,RIR
6192,8415341,16360.8,19763.1,8050.0,1824067,8220072,1822232,8178829,AQR,BAGL,AQR,BAG
6193,8415340,16343.0,19320.8,8150.0,1824067,8220074,1819995,8136664,AQR,RIR,AQR,RIR
6194,8415340,16343.0,19320.8,8150.0,1824067,8220074,1822426,8182998,AQR,RIAR,AQR,RIA
6195,8415340,16343.0,19320.8,8150.0,1824067,8220074,1822232,8178827,AQR,BAGL,AQR,BAG
6196,8415339,18451.2,15927.3,7950.0,1824067,8220026,1820155,8139097,AQR,AVBR,AQR,AVB
6197,8415339,18451.2,15927.3,7950.0,1824067,8220026,1822105,8176748,AQR,PVCR,AQR,PVC
6198,8415338,22773.7,13545.2,8150.0,1824067,8220041,1819527,8125643,AQR,AVHL,AQR,AVH
6199,8415338,22773.7,13545.2,8150.0,1824067,8220041,1820155,8139582,AQR,AVBR,AQR,AVB
6200,8415322,27800.5,30326.0,15550.0,1824067,8219596,1820068,8137922,AQR,AIBR,AQR,AIB
6201,8415322,27800.5,30326.0,15550.0,1824067,8219596,1824396,8227433,AQR,AVAR,AQR,AVA
6202,8415322,27800.5,30326.0,15550.0,1824067,8219596,1820155,8139504,AQR,AVBR,AQR,AVB
6203,8415321,34874.4,19666.1,8100.0,1824067,8219785,1822365,8181829,AQR,RIAL,AQR,RIA
6204,8415321,34874.4,19666.1,8100.0,1824067,8219785,1820039,8136969,AQR,BAGR,AQR,BAG
6205,8415320,32187.3,15545.3,7900.0,1824067,8219800,1823242,8200604,AQR,AVBL,AQR,AVB
6206,8415318,26165.4,30841.7,16600.0,1824067,8219575,1824028,8218753,AQR,ADER,AQR,ADE
6207,8415318,26165.4,30841.7,16600.0,1824067,8219575,1824396,8227590,AQR,AVAR,AQR,AVA
6208,8415318,26165.4,30841.7,16600.0,1824067,8219575,1820190,8140064,AQR,AVAL,AQR,AVA
6209,8415317,24133.3,29470.3,12700.0,1824067,8219901,1822105,8176550,AQR,PVCR,AQR,PVC
6210,8415317,24133.3,29470.3,12700.0,1824067,8219901,1822153,8177672,AQR,AVDL,AQR,AVD
6211,8415317,24133.3,29470.3,12700.0,1824067,8219901,1823242,8200330,AQR,AVBL,AQR,AVB
6212,8415316,21810.3,27717.4,9050.0,1824067,8219972,1824396,8227721,AQR,AVAR,AQR,AVA
6213,8415316,21810.3,27717.4,9050.0,1824067,8219972,1823242,8200260,AQR,AVBL,AQR,AVB
6214,8415315,17963.1,21968.9,7700.0,1824067,8220009,1824396,8227678,AQR,AVAR,AQR,AVA
6215,8415315,17963.1,21968.9,7700.0,1824067,8220009,1822153,8177574,AQR,AVDL,AQR,AVD
6216,8415314,22144.3,13747.8,8100.0,1824067,8220038,1822105,8176727,AQR,PVCR,AQR,PVC
6217,8415314,22144.3,13747.8,8100.0,1824067,8220038,1820155,8139583,AQR,AVBR,AQR,AVB
6218,8415313,21977.3,13808.8,8100.0,1824067,8220038,1822105,8176727,AQR,PVCR,AQR,PVC
6219,8415313,21977.3,13808.8,8100.0,1824067,8220038,1820155,8139583,AQR,AVBR,AQR,AVB
6220,8240645,32136.9,17577.7,6950.0,1823392,8203326,1821140,8159349,RICR,CEPDL,RIC,CEPD
6221,8240645,32136.9,17577.7,6950.0,1823392,8203326,1822455,8184190,RICR,RMHR,RIC,RMH
6222,8240644,27017.3,29794.9,13850.0,1823392,8203487,1820068,8137865,RICR,AIBR,RIC,AIB
6223,8240644,27017.3,29794.9,13850.0,1823392,8203487,1824396,8227395,RICR,AVAR,RIC,AVA
6224,8240633,19073.6,16087.2,7200.0,1823392,8203591,1823242,8200564,RICR,AVBL,RIC,AVB
6225,8240633,19073.6,16087.2,7200.0,1823392,8203591,1824396,8227191,RICR,AVAR,RIC,AVA
6226,8240632,30437.0,14836.3,6150.0,1823392,8203296,1820552,8146946,RICR,SMDVL,RIC,SMDV
6227,8240632,30437.0,14836.3,6150.0,1823392,8203296,1820590,8147757,RICR,SMDVR,RIC,SMDV
6228,8240629,31153.0,15277.2,5800.0,1823392,8203303,1820552,8147546,RICR,SMDVL,RIC,SMDV
6229,8240629,31153.0,15277.2,5800.0,1823392,8203303,1820217,8140693,RICR,RIMR,RIC,RIM
6230,8240628,21188.4,26276.8,7550.0,1823392,8203146,1820190,8139886,RICR,AVAL,RIC,AVA
6231,8240628,21188.4,26276.8,7550.0,1823392,8203146,1820114,8138499,RICR,AIBL,RIC,AIB
6232,8240627,20923.7,26099.6,7450.0,1823392,8203148,1820190,8139884,RICR,AVAL,RIC,AVA
6233,8240627,20923.7,26099.6,7450.0,1823392,8203148,1820114,8138497,RICR,AIBL,RIC,AIB
6234,8240626,21850.8,26690.6,7600.0,1823392,8203145,1823630,8208335,RICR,SMDDR,RIC,SMDD
6235,8240626,21850.8,26690.6,7600.0,1823392,8203145,1820190,8139887,RICR,AVAL,RIC,AVA
6236,8240624,21478.0,26472.9,7300.0,1823392,8203151,1823630,8208341,RICR,SMDDR,RIC,SMDD
6237,8240624,21478.0,26472.9,7300.0,1823392,8203151,1820190,8139881,RICR,AVAL,RIC,AVA
6238,8240623,20573.6,25810.0,7200.0,1823392,8203153,1820190,8139879,RICR,AVAL,RIC,AVA
6239,8240623,20573.6,25810.0,7200.0,1823392,8203153,1820114,8138492,RICR,AIBL,RIC,AIB
6240,8240622,20377.7,25532.5,7100.0,1823392,8203155,1820190,8139877,RICR,AVAL,RIC,AVA
6241,8240622,20377.7,25532.5,7100.0,1823392,8203155,1820114,8138490,RICR,AIBL,RIC,AIB
6242,8240621,21008.1,26035.9,6950.0,1823392,8203158,1823630,8208348,RICR,SMDDR,RIC,SMDD
6243,8240621,21008.1,26035.9,6950.0,1823392,8203158,1820190,8139874,RICR,AVAL,RIC,AVA
6244,8240619,23722.4,27320.6,10150.0,1823392,8203094,1823514,8205785,RICR,RICL,RIC,RIC
6245,8240619,23722.4,27320.6,10150.0,1823392,8203094,1819574,8126672,RICR,CEPVR,RIC,CEPV
6246,8240618,22312.4,27034.8,7900.0,1823392,8203138,1820217,8140595,RICR,RIMR,RIC,RIM
6247,8240618,22312.4,27034.8,7900.0,1823392,8203138,1820190,8139893,RICR,AVAL,RIC,AVA
6248,8240616,22127.1,26820.2,7950.0,1823392,8203137,1820634,8149220,RICR,SMBDR,RIC,SMBD
6249,8240616,22127.1,26820.2,7950.0,1823392,8203137,1820190,8139894,RICR,AVAL,RIC,AVA
6250,8240615,22309.6,14431.0,6750.0,1823392,8203256,1824396,8227200,RICR,AVAR,RIC,AVA
6251,8240615,22309.6,14431.0,6750.0,1823392,8203256,1821353,8164866,RICR,RIVL,RIC,RIV
6252,8240605,22582.5,14306.5,6750.0,1823392,8203256,1821353,8164866,RICR,RIVL,RIC,RIV
6253,8240605,22582.5,14306.5,6750.0,1823392,8203256,1824396,8227200,RICR,AVAR,RIC,AVA
6254,8240604,25611.0,13795.2,6200.0,1823392,8203274,1824396,8227649,RICR,AVAR,RIC,AVA
6255,8240604,25611.0,13795.2,6200.0,1823392,8203274,1820190,8139814,RICR,AVAL,RIC,AVA
6256,8240603,32246.9,22508.8,8100.0,1823392,8203354,1821299,8163570,RICR,CEPVL,RIC,CEPV
6257,8240600,31595.3,24146.3,8100.0,1823392,8203355,1821299,8163537,RICR,CEPVL,RIC,CEPV
6258,8240594,27368.8,29392.8,14000.0,1823392,8203490,1820254,8141230,RICR,RIML,RIC,RIM
6259,8240593,27045.7,29746.2,14250.0,1823392,8203495,1820068,8137873,RICR,AIBR,RIC,AIB
6260,8240593,27045.7,29746.2,14250.0,1823392,8203495,1824396,8227408,RICR,AVAR,RIC,AVA
6261,8240592,27564.6,29613.1,14450.0,1823392,8203499,1820068,8137878,RICR,AIBR,RIC,AIB
6262,8240592,27564.6,29613.1,14450.0,1823392,8203499,1820254,8141774,RICR,RIML,RIC,RIM
6263,8240438,30225.5,27378.1,9700.0,1823392,8203404,1824349,8226270,RICR,RMGL,RIC,RMG
6264,8240438,30225.5,27378.1,9700.0,1823392,8203404,1822484,8184604,RICR,ADAL,RIC,ADA
6265,8240437,29751.9,15420.8,4000.0,1821115,8158797,1819982,8136005,IL2DL,RIPL,IL2D,RIP
6266,8240437,29751.9,15420.8,4000.0,1821115,8158797,1821126,8159168,IL2DL,IL1DL,IL2D,IL1D
6267,8240436,28489.8,15047.0,2350.0,1821115,8158881,1821160,8160048,IL2DL,URADL,IL2D,URAD
6268,8240436,28489.8,15047.0,2350.0,1821115,8158881,1821692,8170445,IL2DL,BWM-DL03,IL2D,BWM03D
6269,8240434,29846.6,15352.2,900.0,1821115,8158869,1819982,8135910,IL2DL,RIPL,IL2D,RIP
6270,8240433,31016.9,16442.6,1700.0,1821115,8158846,1821160,8160079,IL2DL,URADL,IL2D,URAD
6271,8240433,31016.9,16442.6,1700.0,1821115,8158846,1822732,8190191,IL2DL,RIH,IL2D,RIH
6272,8240433,31016.9,16442.6,1700.0,1821115,8158846,1821264,8162671,IL2DL,IL2L,IL2D,IL2L/R
6273,8240431,31247.2,13731.8,9350.0,1821115,8158680,1821140,8159547,IL2DL,CEPDL,IL2D,CEPD
6274,8240431,31247.2,13731.8,9350.0,1821115,8158680,1821160,8159900,IL2DL,URADL,IL2D,URAD
6275,8240430,29824.8,15313.3,6600.0,1821115,8158745,1822505,8185197,IL2DL,RMHL,IL2D,RMH
6276,8240430,29824.8,15313.3,6600.0,1821115,8158745,1823392,8203289,IL2DL,RICR,IL2D,RIC
6277,8240430,29824.8,15313.3,6600.0,1821115,8158745,1819982,8136056,IL2DL,RIPL,IL2D,RIP
6278,8240429,29985.8,15817.3,5800.0,1821079,8157819,1823562,8206817,OLQDL,SIBVL,OLQD,SIBV
6279,8240429,29985.8,15817.3,5800.0,1821079,8157819,1821115,8158761,OLQDL,IL2DL,OLQD,IL2D
6280,8240427,29708.2,15721.2,5700.0,1821115,8158763,1821079,8157821,IL2DL,OLQDL,IL2D,OLQD
6281,8240427,29708.2,15721.2,5700.0,1821115,8158763,1821126,8159134,IL2DL,IL1DL,IL2D,IL1D
6282,8240427,29708.2,15721.2,5700.0,1821115,8158763,1819982,8136038,IL2DL,RIPL,IL2D,RIP
6283,8240425,29392.3,15384.8,4700.0,1821115,8158783,1819982,8136018,IL2DL,RIPL,IL2D,RIP
6284,8240425,29392.3,15384.8,4700.0,1821115,8158783,1821079,8157841,IL2DL,OLQDL,IL2D,OLQD
6285,8240425,29392.3,15384.8,4700.0,1821115,8158783,1821126,8159253,IL2DL,IL1DL,IL2D,IL1D
6286,8240424,29877.3,15467.5,3650.0,1821115,8158804,1821126,8159177,IL2DL,IL1DL,IL2D,IL1D
6287,8240424,29877.3,15467.5,3650.0,1821115,8158804,1819982,8135998,IL2DL,RIPL,IL2D,RIP
6288,8240424,29877.3,15467.5,3650.0,1821115,8158804,1821079,8157862,IL2DL,OLQDL,IL2D,OLQD
6289,8240423,30436.4,14576.6,2700.0,1821115,8158824,1821091,8158282,IL2DL,URYDL,IL2D,URYD
6290,8240423,30436.4,14576.6,2700.0,1821115,8158824,1820742,8151092,IL2DL,RMEL,IL2D,RMEL/R
6291,8240423,30436.4,14576.6,2700.0,1821115,8158824,1821126,8159219,IL2DL,IL1DL,IL2D,IL1D
6292,8240421,30868.6,15498.9,2550.0,1821115,8158828,1820742,8150948,IL2DL,RMEL,IL2D,RMEL/R
6293,8240421,30868.6,15498.9,2550.0,1821115,8158828,1821126,8159200,IL2DL,IL1DL,IL2D,IL1D
6294,8240421,30868.6,15498.9,2550.0,1821115,8158828,1819982,8135976,IL2DL,RIPL,IL2D,RIP
6295,8240420,30476.8,15490.8,2350.0,1821115,8158831,1820742,8150950,IL2DL,RMEL,IL2D,RMEL/R
6296,8240420,30476.8,15490.8,2350.0,1821115,8158831,1819982,8135972,IL2DL,RIPL,IL2D,RIP
6297,8240418,29276.3,14863.0,2350.0,1821115,8158831,1821160,8160048,IL2DL,URADL,IL2D,URAD
6298,8240418,29276.3,14863.0,2350.0,1821115,8158831,1819982,8135972,IL2DL,RIPL,IL2D,RIP
6299,8240418,29276.3,14863.0,2350.0,1821115,8158831,1820662,8150054,IL2DL,RMER,IL2D,RMEL/R
6300,8240418,29276.3,14863.0,2350.0,1821115,8158831,1820778,8151727,IL2DL,RMED,IL2D,RMED
6301,8240417,28430.6,14473.5,2250.0,1821115,8158833,1822732,8190252,IL2DL,RIH,IL2D,RIH
6302,8240415,30534.7,15557.0,2150.0,1821115,8158835,1820778,8151737,IL2DL,RMED,IL2D,RMED
6303,8240415,30534.7,15557.0,2150.0,1821115,8158835,1819982,8135968,IL2DL,RIPL,IL2D,RIP
6304,8240411,28783.9,15282.8,1950.0,1821115,8158873,1820662,8150047,IL2DL,RMER,IL2D,RMEL/R
6305,8240411,28783.9,15282.8,1950.0,1821115,8158873,1819116,8120865,IL2DL,GLRDL,IL2D,GLRD
6306,8240362,29701.4,15680.1,1950.0,1821115,8158848,1819982,8135964,IL2DL,RIPL,IL2D,RIP
6307,8240362,29701.4,15680.1,1950.0,1821115,8158848,1823925,8215887,IL2DL,RMEV,IL2D,RMEV
6308,8240362,29701.4,15680.1,1950.0,1821115,8158848,1820662,8150047,IL2DL,RMER,IL2D,RMEL/R
6309,8240361,30484.3,16394.4,1450.0,1821115,8158858,1819982,8135954,IL2DL,RIPL,IL2D,RIP
6310,8240361,30484.3,16394.4,1450.0,1821115,8158858,1821160,8160083,IL2DL,URADL,IL2D,URAD
6311,8240361,30484.3,16394.4,1450.0,1821115,8158858,1822732,8190169,IL2DL,RIH,IL2D,RIH
6312,8240360,29774.3,14823.3,1400.0,1821115,8158859,1819982,8135921,IL2DL,RIPL,IL2D,RIP
6313,8240360,29774.3,14823.3,1400.0,1821115,8158859,1822732,8190270,IL2DL,RIH,IL2D,RIH
6314,8240359,29792.7,14790.3,8200.0,1821115,8158713,1822484,8184740,IL2DL,ADAL,IL2D,ADA
6315,8240359,29792.7,14790.3,8200.0,1821115,8158713,1821160,8159931,IL2DL,URADL,IL2D,URAD
6316,8240358,19869.4,22598.8,7500.0,1819574,8126842,1822505,8185335,CEPVR,RMHL,CEPV,RMH
6317,8240358,19869.4,22598.8,7500.0,1819574,8126842,1820413,8144320,CEPVR,RMDR,CEPV,RMDL/R
6318,8240357,21623.6,25791.1,4800.0,1819574,8126780,1821212,8161533,CEPVR,OLLR,CEPV,OLL
6319,8240357,21623.6,25791.1,4800.0,1819574,8126780,1822332,8181186,CEPVR,RMDDR,CEPV,RMDD
6320,8240355,20099.4,24312.8,3700.0,1819574,8126802,1822332,8181617,CEPVR,RMDDR,CEPV,RMDD
6321,8240355,20099.4,24312.8,3700.0,1819574,8126802,1820370,8143454,CEPVR,AVEL,CEPV,AVE
6322,8240355,20099.4,24312.8,3700.0,1819574,8126802,1821212,8161511,CEPVR,OLLR,CEPV,OLL
6323,8240346,22528.6,25292.6,7750.0,1819574,8126837,1820874,8153255,CEPVR,OLQVR,CEPV,OLQV
6324,8240346,22528.6,25292.6,7750.0,1819574,8126837,1819966,8135674,CEPVR,RIPR,CEPV,RIP
6325,8240346,22528.6,25292.6,7750.0,1819574,8126837,1820896,8153795,CEPVR,URAVR,CEPV,URAV
6326,8240353,18280.5,20239.1,8300.0,1819574,8126893,1819857,8132990,CEPVR,RMGR,CEPV,RMG
6327,8240353,18280.5,20239.1,8300.0,1819574,8126893,1819658,8128474,CEPVR,URXR,CEPV,URX
6328,8240353,18280.5,20239.1,8300.0,1819574,8126893,1820298,8141964,CEPVR,AVER,CEPV,AVE
6329,8240352,23140.3,26077.1,8850.0,1819574,8126815,1821821,8172029,CEPVR,BWM-VR01,CEPV,BWM01V
6330,8240347,19539.6,22095.9,7800.0,1819574,8126883,1823392,8203198,CEPVR,RICR,CEPV,RIC
6331,8240347,19539.6,22095.9,7800.0,1819574,8126883,1821184,8160645,CEPVR,URBR,CEPV,URB
6332,8240351,22841.4,26212.8,8200.0,1819574,8126828,1820874,8153401,CEPVR,OLQVR,CEPV,OLQV
6333,8240351,22841.4,26212.8,8200.0,1819574,8126828,1820908,8154064,CEPVR,IL1VR,CEPV,IL1V
6334,8240350,22292.7,25342.7,8100.0,1819574,8126830,1819753,8130791,CEPVR,PVR,CEPV,PVR
6335,8240350,22292.7,25342.7,8100.0,1819574,8126830,1820874,8153248,CEPVR,OLQVR,CEPV,OLQV
6336,8240350,22292.7,25342.7,8100.0,1819574,8126830,1819966,8135681,CEPVR,RIPR,CEPV,RIP
6337,8240350,22292.7,25342.7,8100.0,1819574,8126830,1820896,8153788,CEPVR,URAVR,CEPV,URAV
6338,8240350,22292.7,25342.7,8100.0,1819574,8126830,1822455,8184284,CEPVR,RMHR,CEPV,RMH
6339,8240349,21905.7,25149.4,8150.0,1819574,8126829,1820155,8139614,CEPVR,AVBR,CEPV,AVB
6340,8240349,21905.7,25149.4,8150.0,1819574,8126829,1822455,8184284,CEPVR,RMHR,CEPV,RMH
6341,8240349,21905.7,25149.4,8150.0,1819574,8126829,1823514,8205735,CEPVR,RICL,CEPV,RIC
6342,8240345,23734.6,26837.4,9450.0,1819574,8126684,1823698,8209937,CEPVR,SMBVR,CEPV,SMBV
6343,8240344,21789.2,25893.2,4950.0,1819574,8126777,1822332,8181183,CEPVR,RMDDR,CEPV,RMDD
6344,8240344,21789.2,25893.2,4950.0,1819574,8126777,1821212,8161536,CEPVR,OLLR,CEPV,OLL
6345,8240343,19390.6,21954.6,8050.0,1819574,8126888,1823392,8203616,CEPVR,RICR,CEPV,RIC
6346,8240343,19390.6,21954.6,8050.0,1819574,8126888,1821184,8160649,CEPVR,URBR,CEPV,URB
6347,8240343,19390.6,21954.6,8050.0,1819574,8126888,1819658,8128487,CEPVR,URXR,CEPV,URX
6348,8240341,18937.8,21457.8,8100.0,1823392,8203617,1819574,8126889,RICR,CEPVR,RIC,CEPV
6349,8240340,19070.3,20930.2,8400.0,1819774,8130922,1819574,8126895,ALMR,CEPVR,ALM,CEPV
6350,8240339,18450.2,20153.4,8700.0,1819574,8126901,1819774,8130928,CEPVR,ALMR,CEPV,ALM
6351,8240339,18450.2,20153.4,8700.0,1819574,8126901,1820298,8141956,CEPVR,AVER,CEPV,AVE
6352,8240337,22859.7,27006.3,9100.0,1819574,8126810,1820861,8152906,CEPVR,URYVR,CEPV,URYV
6353,8240337,22859.7,27006.3,9100.0,1819574,8126810,1823392,8203114,CEPVR,RICR,CEPV,RIC
6354,8240337,22859.7,27006.3,9100.0,1819574,8126810,1823514,8205765,CEPVR,RICL,CEPV,RIC
6355,8240336,21589.8,24879.0,7850.0,1819574,8126835,1822455,8184279,CEPVR,RMHR,CEPV,RMH
6356,8240336,21589.8,24879.0,7850.0,1819574,8126835,1823514,8205743,CEPVR,RICL,CEPV,RIC
6357,8240336,21589.8,24879.0,7850.0,1819574,8126835,1823392,8203192,CEPVR,RICR,CEPV,RIC
6358,8240335,20467.1,23395.1,7700.0,1819574,8126838,1823392,8203195,CEPVR,RICR,CEPV,RIC
6359,8240335,20467.1,23395.1,7700.0,1819574,8126838,1822505,8185351,CEPVR,RMHL,CEPV,RMH
6360,8240334,22865.1,25204.3,6650.0,1819574,8126871,1820874,8153277,CEPVR,OLQVR,CEPV,OLQV
6361,8240334,22865.1,25204.3,6650.0,1819574,8126871,1820896,8153817,CEPVR,URAVR,CEPV,URAV
6362,8240334,22865.1,25204.3,6650.0,1819574,8126871,1820908,8154184,CEPVR,IL1VR,CEPV,IL1V
6363,8240332,24059.1,27243.9,10600.0,1819574,8126663,1823971,8217397,CEPVR,SIAVR,CEPV,SIAV
6364,8240332,24059.1,27243.9,10600.0,1819574,8126663,1823392,8203085,CEPVR,RICR,CEPV,RIC
6365,8240331,29492.6,32226.3,17650.0,1819435,8123683,1819487,8124548,BDUL,PVQL,BDU,PVQ
6366,8240331,29492.6,32226.3,17650.0,1819435,8123683,1821316,8163748,BDUL,PLNL,BDU,PLN
6367,8240330,32259.2,22991.8,9100.0,1819435,8123959,1819740,8129977,BDUL,ALML,BDU,ALM
6368,8240329,29587.7,14551.5,8850.0,1819435,8123901,1819527,8125610,BDUL,AVHL,BDU,AVH
6369,8240329,29587.7,14551.5,8850.0,1819435,8123901,1821160,8159918,BDUL,URADL,BDU,URAD
6370,8240328,28680.8,14275.8,8800.0,1819435,8123902,1819505,8125519,BDUL,AVJL,BDU,AVJ
6371,8240328,28680.8,14275.8,8800.0,1819435,8123902,1819527,8125609,BDUL,AVHL,BDU,AVH
6372,8240328,28680.8,14275.8,8800.0,1819435,8123902,1819385,8122838,BDUL,AVFR,BDU,AVF
6373,8240327,27011.6,14083.2,8200.0,1819435,8123936,1819505,8125132,BDUL,AVJL,BDU,AVJ
6374,8240327,27011.6,14083.2,8200.0,1819435,8123936,1822105,8176717,BDUL,PVCR,BDU,PVC
6375,8240324,32040.4,17778.4,9400.0,1819740,8129963,1819435,8123945,ALML,BDUL,ALM,BDU
6376,8240321,30254.4,29274.2,12950.0,1819435,8123777,1822066,8175659,BDUL,AVJR,BDU,AVJ
6377,8240321,30254.4,29274.2,12950.0,1819435,8123777,1824050,8219248,BDUL,PVCL,BDU,PVC
6378,8240321,30254.4,29274.2,12950.0,1819435,8123777,1823489,8204909,BDUL,RID,BDU,RID
6379,8240318,30264.9,29126.2,12650.0,1819435,8123782,1822066,8175653,BDUL,AVJR,BDU,AVJ
6380,8240318,30264.9,29126.2,12650.0,1819435,8123782,1824050,8219254,BDUL,PVCL,BDU,PVC
6381,8240318,30264.9,29126.2,12650.0,1819435,8123782,1823489,8204903,BDUL,RID,BDU,RID
6382,8240315,30807.8,27929.9,11200.0,1819435,8123811,1819740,8130020,BDUL,ALML,BDU,ALM
6383,8240315,30807.8,27929.9,11200.0,1819435,8123811,1823489,8204874,BDUL,RID,BDU,RID
6384,8240314,31340.2,27256.6,10500.0,1819435,8123825,1819330,8121892,BDUL,PVNR,BDU,PVN
6385,8240314,31340.2,27256.6,10500.0,1819435,8123825,1822540,8185747,BDUL,AVM,BDU,AVM
6386,8240287,20776.0,27798.4,10350.0,1823342,8202051,1822848,8192224,ASJR,ASKR,ASJ,ASK
6387,8240287,20776.0,27798.4,10350.0,1823342,8202051,1819556,8126308,ASJR,PVQR,ASJ,PVQ
6388,8240282,18362.4,21671.4,10600.0,1823342,8202079,1819556,8126334,ASJR,PVQR,ASJ,PVQ
6389,8240282,18362.4,21671.4,10600.0,1823342,8202079,1822848,8192286,ASJR,ASKR,ASJ,ASK
6390,8240275,21636.6,13638.4,9200.0,1823342,8202129,1819556,8126387,ASJR,PVQR,ASJ,PVQ
6391,8240275,21636.6,13638.4,9200.0,1823342,8202129,1822848,8192359,ASJR,ASKR,ASJ,ASK
6392,8240272,22924.2,31415.8,13950.0,1823342,8201978,1822848,8192152,ASJR,ASKR,ASJ,ASK
6393,8240272,22924.2,31415.8,13950.0,1823342,8201978,1819556,8126235,ASJR,PVQR,ASJ,PVQ
6394,8240270,22755.6,31091.8,13500.0,1823342,8201987,1822848,8192161,ASJR,ASKR,ASJ,ASK
6395,8240270,22755.6,31091.8,13500.0,1823342,8201987,1819556,8126244,ASJR,PVQR,ASJ,PVQ
6396,8240267,22053.2,30331.8,12300.0,1823342,8202011,1822848,8192185,ASJR,ASKR,ASJ,ASK
6397,8240267,22053.2,30331.8,12300.0,1823342,8202011,1819556,8126268,ASJR,PVQR,ASJ,PVQ
6398,8240266,21212.6,28505.8,10600.0,1823342,8202046,1822848,8192219,ASJR,ASKR,ASJ,ASK
6399,8240266,21212.6,28505.8,10600.0,1823342,8202046,1819556,8126304,ASJR,PVQR,ASJ,PVQ
6400,8240265,18183.3,21161.9,10500.0,1823342,8202081,1819556,8126333,ASJR,PVQR,ASJ,PVQ
6401,8240265,18183.3,21161.9,10500.0,1823342,8202081,1822848,8192284,ASJR,ASKR,ASJ,ASK
6402,8240263,18074.7,19987.6,9750.0,1823342,8202096,1819307,8121369,ASJR,PVNL,ASJ,PVN
6403,8240263,18074.7,19987.6,9750.0,1823342,8202096,1819556,8126346,ASJR,PVQR,ASJ,PVQ
6404,8240269,22527.7,30911.8,13200.0,1823342,8201993,1822848,8192167,ASJR,ASKR,ASJ,ASK
6405,8240269,22527.7,30911.8,13200.0,1823342,8201993,1819556,8126250,ASJR,PVQR,ASJ,PVQ
6406,8240243,18789.1,15991.8,9150.0,1823342,8202115,1819556,8126363,ASJR,PVQR,ASJ,PVQ
6407,8240243,18789.1,15991.8,9150.0,1823342,8202115,1823665,8209174,ASJR,HSNR,ASJ,HSN
6408,8240215,23416.1,13473.4,9950.0,1823342,8202146,1819556,8126402,ASJR,PVQR,ASJ,PVQ
6409,8240175,25268.5,31803.4,11400.0,1823274,8200845,1822962,8194543,ADFR,AUAR,ADF,AUA
6410,8240175,25268.5,31803.4,11400.0,1823274,8200845,1822426,8183105,ADFR,RIAR,ADF,RIA
6411,8240174,25483.2,31302.6,11400.0,1823274,8200845,1822426,8183105,ADFR,RIAR,ADF,RIA
6412,8240174,25483.2,31302.6,11400.0,1823274,8200845,1823356,8202444,ADFR,AIZR,ADF,AIZ
6413,8240174,25483.2,31302.6,11400.0,1823274,8200845,1823698,8209713,ADFR,SMBVR,ADF,SMBV
6414,8240173,25777.3,31281.4,11350.0,1823356,8202445,1822426,8183104,AIZR,RIAR,AIZ,RIA
6415,8240173,25777.3,31281.4,11350.0,1823356,8202445,1820634,8149566,AIZR,SMBDR,AIZ,SMBD
6416,8240173,25777.3,31281.4,11350.0,1823356,8202445,1823698,8209715,AIZR,SMBVR,AIZ,SMBV
6417,8240172,25061.8,30452.0,10300.0,1823356,8202473,1822426,8183083,AIZR,RIAR,AIZ,RIA
6418,8240172,25061.8,30452.0,10300.0,1823356,8202473,1823698,8209751,AIZR,SMBVR,AIZ,SMBV
6419,8240172,25061.8,30452.0,10300.0,1823356,8202473,1820634,8149174,AIZR,SMBDR,AIZ,SMBD
6420,8240171,16942.2,21261.7,9500.0,1823356,8202620,1822984,8195069,AIZR,ASER,AIZ,ASE
6421,8240171,16942.2,21261.7,9500.0,1823356,8202620,1819686,8128910,AIZR,AIAR,AIZ,AIA
6422,8240170,16391.1,21161.0,9500.0,1823356,8202620,1819686,8128910,AIZR,AIAR,AIZ,AIA
6423,8240170,16391.1,21161.0,9500.0,1823356,8202620,1822652,8188441,AIZR,AWCL,AIZ,AWC
6424,8240168,16838.9,21614.2,9500.0,1823356,8202620,1820068,8137463,AIZR,AIBR,AIZ,AIB
6425,8240167,16391.2,20616.4,9500.0,1823356,8202617,1819686,8128910,AIZR,AIAR,AIZ,AIA
6426,8240166,16857.2,19528.1,9700.0,1823356,8202738,1820068,8137474,AIZR,AIBR,AIZ,AIB
6427,8240166,16857.2,19528.1,9700.0,1823356,8202738,1819686,8128914,AIZR,AIAR,AIZ,AIA
6428,8240165,21804.8,11647.2,7000.0,1821325,8164664,1820114,8138711,PVT,AIBL,PVT,AIB
6429,8240165,21804.8,11647.2,7000.0,1821325,8164664,1819824,8132146,PVT,DVC,PVT,DVC
6430,8240163,21232.4,12765.5,7000.0,1820217,8140932,1820114,8138711,RIMR,AIBL,RIM,AIB
6431,8240162,21539.8,12601.2,7000.0,1820217,8140932,1820114,8138711,RIMR,AIBL,RIM,AIB
6432,8240161,21804.8,12521.7,7000.0,1820217,8140932,1820114,8138711,RIMR,AIBL,RIM,AIB
6433,8240160,22053.9,12415.7,7000.0,1820217,8140932,1820114,8138711,RIMR,AIBL,RIM,AIB
6434,8240156,22340.1,12368.0,7000.0,1823356,8202706,1820114,8138711,AIZR,AIBL,AIZ,AIB
6435,8240156,22340.1,12368.0,7000.0,1823356,8202706,1820217,8140932,AIZR,RIMR,AIZ,RIM
6436,8240154,24224.2,11997.6,7050.0,1823356,8202705,1820217,8140933,AIZR,RIMR,AIZ,RIM
6437,8240154,24224.2,11997.6,7050.0,1823356,8202705,1820114,8138366,AIZR,AIBL,AIZ,AIB
6438,8240151,23949.4,12048.2,7000.0,1823356,8202706,1820114,8138367,AIZR,AIBL,AIZ,AIB
6439,8240151,23949.4,12048.2,7000.0,1823356,8202706,1820217,8140932,AIZR,RIMR,AIZ,RIM
6440,8240149,23784.2,12095.3,7000.0,1823356,8202706,1820217,8140932,AIZR,RIMR,AIZ,RIM
6441,8240149,23784.2,12095.3,7000.0,1823356,8202706,1820114,8138367,AIZR,AIBL,AIZ,AIB
6442,8240148,24643.1,12161.3,7550.0,1823356,8202709,1820217,8140942,AIZR,RIMR,AIZ,RIM
6443,8240148,24643.1,12161.3,7550.0,1823356,8202709,1820114,8138356,AIZR,AIBL,AIZ,AIB
6444,8240128,16619.5,19460.3,9600.0,1823356,8202736,1819686,8128916,AIZR,AIAR,AIZ,AIA
6445,8240128,16619.5,19460.3,9600.0,1823356,8202736,1822652,8188437,AIZR,AWCL,AIZ,AWC
6446,8240123,24726.6,11726.0,7350.0,1823356,8202699,1820114,8138360,AIZR,AIBL,AIZ,AIB
6447,8240123,24726.6,11726.0,7350.0,1823356,8202699,1820298,8142017,AIZR,AVER,AIZ,AVE
6448,8240121,24514.0,11910.8,7150.0,1823356,8202703,1820217,8140935,AIZR,RIMR,AIZ,RIM
6449,8240121,24514.0,11910.8,7150.0,1823356,8202703,1820114,8138364,AIZR,AIBL,AIZ,AIB
6450,8240119,27016.7,32279.2,13050.0,1823356,8202396,1822426,8183144,AIZR,RIAR,AIZ,RIA
6451,8240119,27016.7,32279.2,13050.0,1823356,8202396,1823698,8209672,AIZR,SMBVR,AIZ,SMBV
6452,8240119,27016.7,32279.2,13050.0,1823356,8202396,1820634,8149585,AIZR,SMBDR,AIZ,SMBD
6453,8240118,27270.7,32091.2,12600.0,1823356,8202405,1820615,8148469,AIZR,SMBDL,AIZ,SMBD
6454,8240118,27270.7,32091.2,12600.0,1823356,8202405,1823698,8209689,AIZR,SMBVR,AIZ,SMBV
6455,8240118,27270.7,32091.2,12600.0,1823356,8202405,1820634,8149594,AIZR,SMBDR,AIZ,SMBD
6456,8240118,27270.7,32091.2,12600.0,1823356,8202405,1822426,8183135,AIZR,RIAR,AIZ,RIA
6457,8240117,25277.9,29555.2,10550.0,1823356,8202784,1820370,8143612,AIZR,AVEL,AIZ,AVE
6458,8240117,25277.9,29555.2,10550.0,1823356,8202784,1820114,8138570,AIZR,AIBL,AIZ,AIB
6459,8240117,25277.9,29555.2,10550.0,1823356,8202784,1820217,8140544,AIZR,RIMR,AIZ,RIM
6460,8240116,24008.2,29929.8,8800.0,1823356,8202769,1820114,8138533,AIZR,AIBL,AIZ,AIB
6461,8240116,24008.2,29929.8,8800.0,1823356,8202769,1820370,8143566,AIZR,AVEL,AIZ,AVE
6462,8240115,24262.6,30163.0,8800.0,1824134,8221311,1823356,8202769,RIGR,AIZR,RIG,AIZ
6463,8240115,24262.6,30163.0,8800.0,1824134,8221311,1820114,8138533,RIGR,AIBL,RIG,AIB
6464,8240105,27254.8,32149.0,14700.0,1823356,8202813,1823698,8210294,AIZR,SMBVR,AIZ,SMBV
6465,8240105,27254.8,32149.0,14700.0,1823356,8202813,1820634,8149086,AIZR,SMBDR,AIZ,SMBD
6466,8240104,27082.5,32178.8,14400.0,1823356,8202808,1822365,8182004,AIZR,RIAL,AIZ,RIA
6467,8240104,27082.5,32178.8,14400.0,1823356,8202808,1823698,8210288,AIZR,SMBVR,AIZ,SMBV
6468,8240104,27082.5,32178.8,14400.0,1823356,8202808,1820634,8149092,AIZR,SMBDR,AIZ,SMBD
6469,8240102,26099.8,32239.3,13900.0,1823356,8202379,1822426,8183161,AIZR,RIAR,AIZ,RIA
6470,8240102,26099.8,32239.3,13900.0,1823356,8202379,1820634,8149568,AIZR,SMBDR,AIZ,SMBD
6471,8240102,26099.8,32239.3,13900.0,1823356,8202379,1823698,8209652,AIZR,SMBVR,AIZ,SMBV
6472,8240100,26627.2,32003.3,12600.0,1823356,8202420,1822426,8183135,AIZR,RIAR,AIZ,RIA
6473,8240100,26627.2,32003.3,12600.0,1823356,8202420,1820634,8149594,AIZR,SMBDR,AIZ,SMBD
6474,8240100,26627.2,32003.3,12600.0,1823356,8202420,1823698,8210277,AIZR,SMBVR,AIZ,SMBV
6475,8240098,26404.7,31958.3,12600.0,1823356,8202420,1823698,8210277,AIZR,SMBVR,AIZ,SMBV
6476,8240098,26404.7,31958.3,12600.0,1823356,8202420,1820634,8149594,AIZR,SMBDR,AIZ,SMBD
6477,8240097,26725.2,31881.7,12450.0,1823356,8202423,1822426,8183132,AIZR,RIAR,AIZ,RIA
6478,8240097,26725.2,31881.7,12450.0,1823356,8202423,1823698,8210274,AIZR,SMBVR,AIZ,SMBV
6479,8240097,26725.2,31881.7,12450.0,1823356,8202423,1820634,8149611,AIZR,SMBDR,AIZ,SMBD
6480,8240093,26907.8,31404.6,12150.0,1823356,8202429,1823698,8209698,AIZR,SMBVR,AIZ,SMBV
6481,8240093,26907.8,31404.6,12150.0,1823356,8202429,1820634,8149550,AIZR,SMBDR,AIZ,SMBD
6482,8240090,26611.3,31470.8,12000.0,1823356,8202432,1823698,8209701,AIZR,SMBVR,AIZ,SMBV
6483,8240090,26611.3,31470.8,12000.0,1823356,8202432,1820634,8149553,AIZR,SMBDR,AIZ,SMBD
6484,8240089,26253.2,31714.9,11500.0,1823356,8202449,1822426,8183107,AIZR,RIAR,AIZ,RIA
6485,8240088,25956.3,31221.6,11150.0,1823356,8202456,1823698,8209734,AIZR,SMBVR,AIZ,SMBV
6486,8240088,25956.3,31221.6,11150.0,1823356,8202456,1820634,8149157,AIZR,SMBDR,AIZ,SMBD
6487,8240088,25956.3,31221.6,11150.0,1823356,8202456,1822426,8183100,AIZR,RIAR,AIZ,RIA
6488,8240086,24822.0,30070.8,10200.0,1823356,8202476,1820634,8149176,AIZR,SMBDR,AIZ,SMBD
6489,8240086,24822.0,30070.8,10200.0,1823356,8202476,1822426,8183081,AIZR,RIAR,AIZ,RIA
6490,8240084,24410.6,29848.7,10150.0,1823356,8202477,1823698,8209758,AIZR,SMBVR,AIZ,SMBV
6491,8240084,24410.6,29848.7,10150.0,1823356,8202477,1822426,8183080,AIZR,RIAR,AIZ,RIA
6492,8240084,24410.6,29848.7,10150.0,1823356,8202477,1820634,8149177,AIZR,SMBDR,AIZ,SMBD
6493,8240076,24715.4,29334.7,9500.0,1823356,8202515,1820114,8138547,AIZR,AIBL,AIZ,AIB
6494,8240076,24715.4,29334.7,9500.0,1823356,8202515,1820370,8143592,AIZR,AVEL,AIZ,AVE
6495,8240067,24567.6,29244.7,9500.0,1823356,8202515,1820114,8138547,AIZR,AIBL,AIZ,AIB
6496,8240067,24567.6,29244.7,9500.0,1823356,8202515,1820217,8140564,AIZR,RIMR,AIZ,RIM
6497,8240062,24225.5,29562.2,9000.0,1823356,8202760,1820370,8143561,AIZR,AVEL,AIZ,AVE
6498,8240062,24225.5,29562.2,9000.0,1823356,8202760,1820114,8138537,AIZR,AIBL,AIZ,AIB
6499,8240061,23901.9,29435.1,8900.0,1823356,8202762,1820217,8140576,AIZR,RIMR,AIZ,RIM
6500,8240061,23901.9,29435.1,8900.0,1823356,8202762,1820370,8143564,AIZR,AVEL,AIZ,AVE
6501,8240061,23901.9,29435.1,8900.0,1823356,8202762,1822263,8179363,AIZR,DVA,AIZ,DVA
6502,8240058,25128.5,32278.1,12700.0,1822772,8190625,1824172,8222444,AFDR,AIYR,AFD,AIY
6503,8240057,24198.2,31886.1,11250.0,1822772,8190654,1824172,8222239,AFDR,AIYR,AFD,AIY
6504,8240056,23827.3,31260.4,10550.0,1822772,8190668,1824172,8222253,AFDR,AIYR,AFD,AIY
6505,8240055,23206.8,30828.6,10150.0,1822772,8190675,1824172,8222261,AFDR,AIYR,AFD,AIY
6506,8240054,22849.1,30584.8,10150.0,1824172,8222261,1822772,8190675,AIYR,AFDR,AIY,AFD
6507,8240054,22849.1,30584.8,10150.0,1824172,8222261,1823356,8202501,AIYR,AIZR,AIY,AIZ
6508,8240053,22048.7,30067.8,9450.0,1822772,8190688,1824172,8222274,AFDR,AIYR,AFD,AIY
6509,8240051,20291.8,27717.2,8300.0,1822772,8190712,1824172,8222435,AFDR,AIYR,AFD,AIY
6510,8240050,16600.3,22978.8,8750.0,1822772,8190734,1824172,8222306,AFDR,AIYR,AFD,AIY
6511,8240049,16277.0,22454.2,8750.0,1822772,8190734,1824172,8222306,AFDR,AIYR,AFD,AIY
6512,8240046,15964.1,21887.3,9000.0,1822772,8190812,1824172,8222311,AFDR,AIYR,AFD,AIY
6513,8240044,15916.6,20707.7,9100.0,1822772,8190745,1823176,8199090,AFDR,ASEL,AFD,ASE
6514,8240044,15916.6,20707.7,9100.0,1822772,8190745,1824172,8222324,AFDR,AIYR,AFD,AIY
6515,8240041,16004.7,20191.2,9100.0,1822772,8190745,1824172,8222421,AFDR,AIYR,AFD,AIY
6516,8240000,18123.1,14158.7,8350.0,1822772,8190764,1824172,8222350,AFDR,AIYR,AFD,AIY
6517,8239981,22872.1,11662.2,9250.0,1822772,8190798,1824172,8222383,AFDR,AIYR,AFD,AIY
6518,8239980,23303.7,11654.2,9350.0,1822772,8190800,1824172,8222385,AFDR,AIYR,AFD,AIY
6519,8239948,15494.2,21561.2,8700.0,1822397,8182626,1822772,8190733,AINL,AFDR,AIN,AFD
6520,8239947,16336.4,22947.2,8300.0,1822397,8182867,1822962,8194625,AINL,AUAR,AIN,AUA
6521,8239947,16336.4,22947.2,8300.0,1822397,8182867,1822772,8190817,AINL,AFDR,AIN,AFD
6522,8239946,17373.0,24752.0,8050.0,1822397,8182818,1819189,8120902,AINL,CEPshVR,AIN,CEPshV
6523,8239946,17373.0,24752.0,8050.0,1822397,8182818,1822232,8178858,AINL,BAGL,AIN,BAG
6524,8239945,21843.2,30197.6,8600.0,1822397,8182654,1819205,8120906,AINL,CEPshVR,AIN,CEPshV
6525,8239945,21843.2,30197.6,8600.0,1822397,8182654,1819574,8126581,AINL,CEPVR,AIN,CEPV
6526,8239944,21774.2,30047.1,8800.0,1822397,8182658,1822232,8178877,AINL,BAGL,AIN,BAG
6527,8239944,21774.2,30047.1,8800.0,1822397,8182658,1822772,8190701,AINL,AFDR,AIN,AFD
6528,8239943,22164.2,30305.8,9000.0,1822397,8182662,1822772,8190697,AINL,AFDR,AIN,AFD
6529,8239941,24912.2,32891.1,13600.0,1822397,8182752,1820068,8138033,AINL,AIBR,AIN,AIB
6530,8239741,24450.7,29331.6,9200.0,1823356,8202755,1820370,8143586,AIZR,AVEL,AIZ,AVE
6531,8239741,24450.7,29331.6,9200.0,1823356,8202755,1820114,8138541,AIZR,AIBL,AIZ,AIB
6532,8239738,19866.6,26965.8,8350.0,1823356,8202556,1822772,8190711,AIZR,AFDR,AIZ,AFD
6533,8239738,19866.6,26965.8,8350.0,1823356,8202556,1822232,8178918,AIZR,BAGL,AIZ,BAG
6534,8239737,24631.2,11988.2,7700.0,1823356,8202712,1820114,8138353,AIZR,AIBL,AIZ,AIB
6535,8239737,24631.2,11988.2,7700.0,1823356,8202712,1820298,8142011,AIZR,AVER,AIZ,AVE
6536,8239735,25374.8,29349.9,10350.0,1823356,8202780,1820114,8138566,AIZR,AIBL,AIZ,AIB
6537,8239735,25374.8,29349.9,10350.0,1823356,8202780,1820217,8140548,AIZR,RIMR,AIZ,RIM
6538,8239733,35785.8,23382.3,8450.0,1819892,8133677,1822636,8187954,AINR,AFDL,AIN,AFD
6539,8239733,35785.8,23382.3,8450.0,1819892,8133677,1820039,8136999,AINR,BAGR,AIN,BAG
6540,8239732,35404.3,24927.6,8050.0,1819892,8133702,1819177,8120899,AINR,CEPshVL,AIN,CEPshV
6541,8239732,35404.3,24927.6,8050.0,1819892,8133702,1822636,8187945,AINR,AFDL,AIN,AFD
6542,8239727,35813.2,24182.2,7500.0,1819892,8133713,1820039,8137052,AINR,BAGR,AIN,BAG
6543,8239727,35813.2,24182.2,7500.0,1819892,8133713,1823055,8196388,AINR,RIBL,AIN,RIB
6544,8239724,31469.8,30219.6,8300.0,1819892,8133748,1820039,8137143,AINR,BAGR,AIN,BAG
6545,8239724,31469.8,30219.6,8300.0,1819892,8133748,1823055,8196331,AINR,RIBL,AIN,RIB
6546,8239720,24253.2,11044.5,8550.0,1819892,8133991,1822962,8194667,AINR,AUAR,AIN,AUA
6547,8239720,24253.2,11044.5,8550.0,1819892,8133991,1823055,8196470,AINR,RIBL,AIN,RIB
6548,8239720,24253.2,11044.5,8550.0,1819892,8133991,1822886,8193404,AINR,RIBR,AIN,RIB
6549,8239719,21654.2,11469.2,8500.0,1819892,8133991,1823489,8204750,AINR,RID,AIN,RID
6550,8239719,21654.2,11469.2,8500.0,1819892,8133991,1822886,8193403,AINR,RIBR,AIN,RIB
6551,8239719,21654.2,11469.2,8500.0,1819892,8133991,1820039,8137214,AINR,BAGR,AIN,BAG
6552,8239717,36278.8,22212.6,7900.0,1819892,8133688,1820039,8136988,AINR,BAGR,AIN,BAG
6553,8239717,36278.8,22212.6,7900.0,1819892,8133688,1823055,8196402,AINR,RIBL,AIN,RIB
6554,8239716,36146.9,21821.2,7750.0,1819892,8133691,1820039,8136985,AINR,BAGR,AIN,BAG
6555,8239716,36146.9,21821.2,7750.0,1819892,8133691,1823055,8196405,AINR,RIBL,AIN,RIB
6556,8239715,36049.8,21670.0,7600.0,1819892,8133694,1820039,8137050,AINR,BAGR,AIN,BAG
6557,8239715,36049.8,21670.0,7600.0,1819892,8133694,1820254,8141737,AINR,RIML,AIN,RIM
6558,8239715,36049.8,21670.0,7600.0,1819892,8133694,1823055,8196408,AINR,RIBL,AIN,RIB
6559,8239715,36049.8,21670.0,7600.0,1819892,8133694,1820068,8137642,AINR,AIBR,AIN,AIB
6560,8239713,27742.4,11482.2,9250.0,1819892,8133618,1823084,8197210,AINR,AUAL,AIN,AUA
6561,8239713,27742.4,11482.2,9250.0,1819892,8133618,1822636,8188013,AINR,AFDL,AIN,AFD
6562,8239712,27045.0,11401.5,9400.0,1819892,8133621,1823084,8197212,AINR,AUAL,AIN,AUA
6563,8239712,27045.0,11401.5,9400.0,1819892,8133621,1822636,8188016,AINR,AFDL,AIN,AFD
6564,8239710,32724.8,14527.9,8900.0,1819892,8133637,1822984,8195274,AINR,ASER,AIN,ASE
6565,8239710,32724.8,14527.9,8900.0,1819892,8133637,1822817,8191832,AINR,AWCR,AIN,AWC
6566,8239708,35864.1,22838.7,8800.0,1819892,8133665,1822984,8195206,AINR,ASER,AIN,ASE
6567,8239708,35864.1,22838.7,8800.0,1819892,8133665,1820039,8137006,AINR,BAGR,AIN,BAG
6568,8239707,35871.7,21771.6,8650.0,1819892,8133673,1823084,8197091,AINR,AUAL,AIN,AUA
6569,8239707,35871.7,21771.6,8650.0,1819892,8133673,1822636,8187958,AINR,AFDL,AIN,AFD
6570,8239706,35884.9,21559.6,8650.0,1819892,8133673,1822636,8187958,AINR,AFDL,AIN,AFD
6571,8239706,35884.9,21559.6,8650.0,1819892,8133673,1823084,8197091,AINR,AUAL,AIN,AUA
6572,8239705,35980.4,23523.9,8000.0,1819892,8133703,1820039,8136990,AINR,BAGR,AIN,BAG
6573,8239705,35980.4,23523.9,8000.0,1819892,8133703,1823055,8196398,AINR,RIBL,AIN,RIB
6574,8239703,32795.5,28445.2,7850.0,1819892,8133739,1821299,8163287,AINR,CEPVL,AIN,CEPV
6575,8239703,32795.5,28445.2,7850.0,1819892,8133739,1819181,8120900,AINR,CEPshVL,AIN,CEPshV
6576,8239702,32615.3,28961.5,7850.0,1819892,8133739,1821299,8163287,AINR,CEPVL,AIN,CEPV
6577,8239702,32615.3,28961.5,7850.0,1819892,8133739,1819185,8120901,AINR,CEPshVL,AIN,CEPshV
6578,8239700,31979.2,29404.0,8100.0,1819892,8133744,1823055,8196335,AINR,RIBL,AIN,RIB
6579,8239700,31979.2,29404.0,8100.0,1819892,8133744,1823084,8197048,AINR,AUAL,AIN,AUA
6580,8239699,30988.3,30700.1,9150.0,1819892,8133765,1820039,8137160,AINR,BAGR,AIN,BAG
6581,8239699,30988.3,30700.1,9150.0,1819892,8133765,1822636,8187913,AINR,AFDL,AIN,AFD
6582,8239697,24586.3,33010.6,14950.0,1819892,8133880,1820068,8137334,AINR,AIBR,AIN,AIB
6583,8239696,24308.4,33416.1,16850.0,1819892,8133916,1917194,8472417,AINR,CEPshVR,AIN,CEPshV
6584,8239694,33362.9,23180.4,9200.0,1820396,8143968,1823665,8209435,ADLL,HSNR,ADL,HSN
6585,8239694,33362.9,23180.4,9200.0,1820396,8143968,1823775,8211708,ADLL,SMBVL,ADL,SMBV
6586,8239693,33328.8,15844.6,9550.0,1820396,8144105,1820114,8138728,ADLL,AIBL,ADL,AIB
6587,8239693,33328.8,15844.6,9550.0,1820396,8144105,1822652,8188344,ADLL,AWCL,ADL,AWC
6588,8239691,29122.0,13150.0,9500.0,1820396,8144134,1824448,8228576,ADLL,AIAL,ADL,AIA
6589,8239690,27385.8,12766.0,10350.0,1820396,8144150,1824448,8228602,ADLL,AIAL,ADL,AIA
6590,8239690,27385.8,12766.0,10350.0,1820396,8144150,1822652,8188609,ADLL,AWCL,ADL,AWC
6591,8239689,26588.2,12529.7,10500.0,1820396,8144153,1824448,8228605,ADLL,AIAL,ADL,AIA
6592,8239689,26588.2,12529.7,10500.0,1820396,8144153,1823015,8195615,ADLL,ASKL,ADL,ASK
6593,8239688,33631.4,16448.9,10000.0,1820396,8144178,1822153,8177946,ADLL,AVDL,ADL,AVD
6594,8239688,33631.4,16448.9,10000.0,1820396,8144178,1822793,8191243,ADLL,SIBDR,ADL,SIBD
6595,8239687,34289.1,20177.6,10300.0,1820396,8143946,1820114,8138742,ADLL,AIBL,ADL,AIB
6596,8239687,34289.1,20177.6,10300.0,1820396,8143946,1822652,8188313,ADLL,AWCL,ADL,AWC
6597,8239686,33592.1,21593.1,9250.0,1820396,8143967,1819351,8122492,ADLL,HSNL,ADL,HSN
6598,8239686,33592.1,21593.1,9250.0,1820396,8143967,1823150,8198589,ADLL,AWBL,ADL,AWB
6599,8239685,34097.6,23519.2,9250.0,1820396,8143967,1820114,8138256,ADLL,AIBL,ADL,AIB
6600,8239685,34097.6,23519.2,9250.0,1820396,8143967,1823176,8198954,ADLL,ASEL,ADL,ASE
6601,8239684,33184.4,24944.8,8400.0,1820396,8143991,1822126,8177329,ADLL,AVDR,ADL,AVD
6602,8239684,33184.4,24944.8,8400.0,1820396,8143991,1823460,8204614,ADLL,ASHL,ADL,ASH
6603,8239684,33184.4,24944.8,8400.0,1820396,8143991,1819487,8124859,ADLL,PVQL,ADL,PVQ
6604,8239683,33408.8,24036.6,8450.0,1820396,8144008,1819487,8124858,ADLL,PVQL,ADL,PVQ
6605,8239683,33408.8,24036.6,8450.0,1820396,8144008,1822126,8177330,ADLL,AVDR,ADL,AVD
6606,8239682,32855.4,26474.3,8900.0,1820396,8143974,1820114,8138752,ADLL,AIBL,ADL,AIB
6607,8239682,32855.4,26474.3,8900.0,1820396,8143974,1822126,8177037,ADLL,AVDR,ADL,AVD
6608,8239679,32783.4,26362.8,8700.0,1820396,8144082,1822066,8175577,ADLL,AVJR,ADL,AVJ
6609,8239679,32783.4,26362.8,8700.0,1820396,8144082,1822126,8177033,ADLL,AVDR,ADL,AVD
6610,8239678,32023.0,27467.8,8850.0,1820396,8144011,1822126,8177036,ADLL,AVDR,ADL,AVD
6611,8239678,32023.0,27467.8,8850.0,1820396,8144011,1822066,8175580,ADLL,AVJR,ADL,AVJ
6612,8239677,32116.2,27664.1,9100.0,1820396,8144016,1820114,8138248,ADLL,AIBL,ADL,AIB
6613,8239677,32116.2,27664.1,9100.0,1820396,8144016,1822126,8177043,ADLL,AVDR,ADL,AVD
6614,8239676,31816.3,27836.3,9200.0,1820396,8144018,1823460,8204464,ADLL,ASHL,ADL,ASH
6615,8239676,31816.3,27836.3,9200.0,1820396,8144018,1822126,8177045,ADLL,AVDR,ADL,AVD
6616,8239676,31816.3,27836.3,9200.0,1820396,8144018,1822066,8175586,ADLL,AVJR,ADL,AVJ
6617,8239671,33137.2,16228.1,10150.0,1820396,8144181,1822153,8177442,ADLL,AVDL,ADL,AVD
6618,8239671,33137.2,16228.1,10150.0,1820396,8144181,1819505,8125083,ADLL,AVJL,ADL,AVJ
6619,8239670,31897.4,14844.7,9700.0,1820396,8144118,1820114,8138731,ADLL,AIBL,ADL,AIB
6620,8239670,31897.4,14844.7,9700.0,1820396,8144118,1822652,8188618,ADLL,AWCL,ADL,AWC
6621,8239656,33538.4,20367.9,10800.0,1820396,8143936,1820370,8143219,ADLL,AVEL,ADL,AVE
6622,8239655,34484.1,21143.6,10550.0,1820396,8143941,1824448,8228639,ADLL,AIAL,ADL,AIA
6623,8239654,34454.4,21011.5,10100.0,1820396,8143950,1824448,8228630,ADLL,AIAL,ADL,AIA
6624,8239654,34454.4,21011.5,10100.0,1820396,8143950,1820114,8138738,ADLL,AIBL,ADL,AIB
6625,8239654,34454.4,21011.5,10100.0,1820396,8143950,1823015,8195667,ADLL,ASKL,ADL,ASK
6626,8239653,34131.6,22829.6,9450.0,1820396,8143963,1820114,8138266,ADLL,AIBL,ADL,AIB
6627,8239653,34131.6,22829.6,9450.0,1820396,8143963,1823176,8198958,ADLL,ASEL,ADL,ASE
6628,8239652,34176.4,23308.4,9350.0,1820396,8143965,1823176,8198956,ADLL,ASEL,ADL,ASE
6629,8239652,34176.4,23308.4,9350.0,1820396,8143965,1820114,8138259,ADLL,AIBL,ADL,AIB
6630,8239651,34101.8,23886.2,9200.0,1820396,8143968,1820114,8138256,ADLL,AIBL,ADL,AIB
6631,8239651,34101.8,23886.2,9200.0,1820396,8143968,1823176,8198953,ADLL,ASEL,ADL,ASE
6632,8239650,32268.0,27111.6,8800.0,1820396,8144010,1822066,8175579,ADLL,AVJR,ADL,AVJ
6633,8239650,32268.0,27111.6,8800.0,1820396,8144010,1822126,8177035,ADLL,AVDR,ADL,AVD
6634,8239649,33009.9,25942.3,8750.0,1820396,8144081,1822126,8177034,ADLL,AVDR,ADL,AVD
6635,8239649,33009.9,25942.3,8750.0,1820396,8144081,1820190,8140308,ADLL,AVAL,ADL,AVA
6636,8239648,31722.7,27985.7,9050.0,1820396,8144015,1822066,8175583,ADLL,AVJR,ADL,AVJ
6637,8239648,31722.7,27985.7,9050.0,1820396,8144015,1820190,8140299,ADLL,AVAL,ADL,AVA
6638,8239647,30530.0,30018.3,10900.0,1820396,8144051,1823460,8204433,ADLL,ASHL,ADL,ASH
6639,8239647,30530.0,30018.3,10900.0,1820396,8144051,1823176,8198897,ADLL,ASEL,ADL,ASE
6640,8239647,30530.0,30018.3,10900.0,1820396,8144051,1820114,8138212,ADLL,AIBL,ADL,AIB
6641,8239646,19481.5,24288.6,8900.0,1820326,8142801,1823698,8209792,ADLR,SMBVR,ADL,SMBV
6642,8239646,19481.5,24288.6,8900.0,1820326,8142801,1824396,8227753,ADLR,AVAR,ADL,AVA
6643,8239645,17098.8,16020.2,9600.0,1820326,8142688,1822607,8187580,ADLR,SIBDL,ADL,SIBD
6644,8239645,17098.8,16020.2,9600.0,1820326,8142688,1822126,8177378,ADLR,AVDR,ADL,AVD
6645,8416131,18902.3,21489.6,10000.0,1819385,8122915,1819556,8126418,AVFR,PVQR,AVF,PVQ
6646,8416131,18902.3,21489.6,10000.0,1819385,8122915,1819307,8121364,AVFR,PVNL,AVF,PVN
6647,8416130,19474.2,22767.3,10300.0,1819385,8122925,1819307,8121353,AVFR,PVNL,AVF,PVN
6648,8416125,29062.2,32237.6,18750.0,1819385,8122591,1822484,8184373,AVFR,ADAL,AVF,ADA
6649,8416125,29062.2,32237.6,18750.0,1819385,8122591,1820590,8148073,AVFR,SMDVR,AVF,SMDV
6650,8416125,29062.2,32237.6,18750.0,1819385,8122591,1823957,8216795,AVFR,SIAVL,AVF,SIAV
6651,8416124,31142.7,27949.1,11000.0,1819385,8122745,1819435,8123815,AVFR,BDUL,AVF,BDU
6652,8416124,31142.7,27949.1,11000.0,1819385,8122745,1822540,8185737,AVFR,AVM,AVF,AVM
6653,8416123,31393.2,27680.8,10450.0,1819385,8122756,1819435,8123826,AVFR,BDUL,AVF,BDU
6654,8416123,31393.2,27680.8,10450.0,1819385,8122756,1819330,8121891,AVFR,PVNR,AVF,PVN
6655,8416122,33946.4,18944.0,9200.0,1819385,8122806,1823150,8198598,AVFR,AWBL,AVF,AWB
6656,8416121,22731.2,28942.7,11750.0,1819385,8122971,1819454,8124442,AVFR,AVFL,AVF,AVF
6657,8416121,22731.2,28942.7,11750.0,1819385,8122971,1820155,8138992,AVFR,AVBR,AVF,AVB
6658,8416121,22731.2,28942.7,11750.0,1819385,8122971,1819505,8125252,AVFR,AVJL,AVF,AVJ
6659,8416120,28787.8,29742.2,13450.0,1819454,8124156,1822263,8179596,AVFL,DVA,AVF,DVA
6660,8416120,28787.8,29742.2,13450.0,1819454,8124156,1824067,8219637,AVFL,AQR,AVF,AQR
6661,8416119,25909.1,13945.4,9650.0,1819454,8124304,1823665,8209237,AVFL,HSNR,AVF,HSN
6662,8416119,25909.1,13945.4,9650.0,1819454,8124304,1819351,8122478,AVFL,HSNL,AVF,HSN
6663,8416116,18385.2,20128.6,9250.0,1819454,8124374,1824155,8221892,AVFL,AIMR,AVF,AIM
6664,8416116,18385.2,20128.6,9250.0,1819454,8124374,1820298,8141945,AVFL,AVER,AVF,AVE
6665,8416114,19515.0,21831.3,9600.0,1819454,8124382,1819330,8121915,AVFL,PVNR,AVF,PVN
6666,8416114,19515.0,21831.3,9600.0,1819454,8124382,1823859,8214030,AVFL,RIFL,AVF,RIF
6667,8416113,21616.6,27448.9,10250.0,1819454,8124412,1820155,8139022,AVFL,AVBR,AVF,AVB
6668,8416113,21616.6,27448.9,10250.0,1819454,8124412,1819351,8122357,AVFL,HSNL,AVF,HSN
6669,8416112,28733.1,29690.1,13400.0,1819454,8124157,1822263,8179595,AVFL,DVA,AVF,DVA
6670,8416112,28733.1,29690.1,13400.0,1819454,8124157,1820155,8139300,AVFL,AVBR,AVF,AVB
6671,8416111,28654.2,29477.3,13100.0,1819454,8124163,1822263,8179589,AVFL,DVA,AVF,DVA
6672,8416111,28654.2,29477.3,13100.0,1819454,8124163,1820155,8139294,AVFL,AVBR,AVF,AVB
6673,8416110,31772.8,26886.2,10000.0,1819454,8124230,1819330,8121882,AVFL,PVNR,AVF,PVN
6674,8416110,31772.8,26886.2,10000.0,1819454,8124230,1819385,8122766,AVFL,AVFR,AVF,AVF
6675,8416109,22596.1,28746.4,11000.0,1819454,8124427,1819505,8125237,AVFL,AVJL,AVF,AVJ
6676,8416109,22596.1,28746.4,11000.0,1819454,8124427,1820155,8139007,AVFL,AVBR,AVF,AVB
6677,8416108,22924.3,29147.0,11500.0,1819454,8124437,1819385,8122966,AVFL,AVFR,AVF,AVF
6678,8416108,22924.3,29147.0,11500.0,1819454,8124437,1820155,8138997,AVFL,AVBR,AVF,AVB
6679,8415894,26153.3,29670.2,13550.0,1824041,8219015,1824396,8227389,FLPR,AVAR,FLP,AVA
6680,8415894,26153.3,29670.2,13550.0,1824041,8219015,1820190,8140005,FLPR,AVAL,FLP,AVA
6681,8415894,26153.3,29670.2,13550.0,1824041,8219015,1820114,8138629,FLPR,AIBL,FLP,AIB
6682,8415890,21150.3,28612.9,7600.0,1822962,8194774,1822426,8183030,AUAR,RIAR,AUA,RIA
6683,8415890,21150.3,28612.9,7600.0,1822962,8194774,1822886,8193085,AUAR,RIBR,AUA,RIB
6684,8415889,20588.3,28180.6,7350.0,1822962,8194779,1822886,8193090,AUAR,RIBR,AUA,RIB
6685,8415889,20588.3,28180.6,7350.0,1822962,8194779,1822426,8183025,AUAR,RIAR,AUA,RIA
6686,8415888,20126.5,27764.7,7250.0,1822962,8194781,1822426,8183641,AUAR,RIAR,AUA,RIA
6687,8415888,20126.5,27764.7,7250.0,1822962,8194781,1822886,8193092,AUAR,RIBR,AUA,RIB
6688,8415886,21459.4,29028.2,7950.0,1822962,8194611,1822426,8183037,AUAR,RIAR,AUA,RIA
6689,8415886,21459.4,29028.2,7950.0,1822962,8194611,1822886,8193078,AUAR,RIBR,AUA,RIB
6690,8415885,18043.6,24732.9,7750.0,1822962,8194760,1822426,8183006,AUAR,RIAR,AUA,RIA
6691,8415885,18043.6,24732.9,7750.0,1822962,8194760,1822886,8193128,AUAR,RIBR,AUA,RIB
6692,8415884,17203.8,23394.9,7950.0,1822962,8194756,1822426,8183002,AUAR,RIAR,AUA,RIA
6693,8415884,17203.8,23394.9,7950.0,1822962,8194756,1822886,8193136,AUAR,RIBR,AUA,RIB
6694,8415883,17610.6,24068.6,7950.0,1822962,8194756,1822426,8183004,AUAR,RIAR,AUA,RIA
6695,8415883,17610.6,24068.6,7950.0,1822962,8194756,1822886,8193136,AUAR,RIBR,AUA,RIB
6696,8415882,17255.5,23644.6,7950.0,1822962,8194756,1822426,8183002,AUAR,RIAR,AUA,RIA
6697,8415882,17255.5,23644.6,7950.0,1822962,8194756,1822886,8193136,AUAR,RIBR,AUA,RIB
6698,8415880,16011.8,19994.1,8500.0,1822962,8194629,1822426,8182991,AUAR,RIAR,AUA,RIA
6699,8415880,16011.8,19994.1,8500.0,1822962,8194629,1824396,8227764,AUAR,AVAR,AUA,AVA
6700,8415879,21762.0,12381.4,8350.0,1822962,8194663,1820298,8142587,AUAR,AVER,AUA,AVE
6701,8415879,21762.0,12381.4,8350.0,1822962,8194663,1822886,8193392,AUAR,RIBR,AUA,RIB
6702,8415878,22029.8,12187.8,8400.0,1822962,8194664,1820298,8142588,AUAR,AVER,AUA,AVE
6703,8415878,22029.8,12187.8,8400.0,1822962,8194664,1822886,8193395,AUAR,RIBR,AUA,RIB
6704,8415876,20817.7,12922.8,8200.0,1822962,8194714,1820298,8142584,AUAR,AVER,AUA,AVE
6705,8415876,20817.7,12922.8,8200.0,1822962,8194714,1822886,8193389,AUAR,RIBR,AUA,RIB
6706,8415875,18194.1,24877.2,7650.0,1822962,8194762,1822426,8183008,AUAR,RIAR,AUA,RIA
6707,8415875,18194.1,24877.2,7650.0,1822962,8194762,1822886,8193126,AUAR,RIBR,AUA,RIB
6708,8415873,19097.0,13731.8,7300.0,1822962,8194730,1822886,8193209,AUAR,RIBR,AUA,RIB
6709,8415873,19097.0,13731.8,7300.0,1822962,8194730,1822153,8177539,AUAR,AVDL,AUA,AVD
6710,8415873,19097.0,13731.8,7300.0,1822962,8194730,1820298,8141999,AUAR,AVER,AUA,AVE
6711,8415872,22788.9,11918.3,8500.0,1822962,8194666,1820298,8142589,AUAR,AVER,AUA,AVE
6712,8415872,22788.9,11918.3,8500.0,1822962,8194666,1822886,8193403,AUAR,RIBR,AUA,RIB
6713,8415871,23453.6,30916.4,9400.0,1822962,8194582,1822886,8193049,AUAR,RIBR,AUA,RIB
6714,8415871,23453.6,30916.4,9400.0,1822962,8194582,1822426,8183066,AUAR,RIAR,AUA,RIA
6715,8415870,15951.5,21328.5,7850.0,1822962,8194750,1824396,8227166,AUAR,AVAR,AUA,AVA
6716,8415870,15951.5,21328.5,7850.0,1822962,8194750,1822426,8183004,AUAR,RIAR,AUA,RIA
6717,8415870,15951.5,21328.5,7850.0,1822962,8194750,1822232,8179027,AUAR,BAGL,AUA,BAG
6718,8415869,15888.4,20327.1,8400.0,1822962,8194627,1822426,8182993,AUAR,RIAR,AUA,RIA
6719,8415869,15888.4,20327.1,8400.0,1822962,8194627,1824396,8227762,AUAR,AVAR,AUA,AVA
6720,8415868,16039.2,19246.3,8650.0,1822962,8194632,1822426,8182988,AUAR,RIAR,AUA,RIA
6721,8415868,16039.2,19246.3,8650.0,1822962,8194632,1824396,8227767,AUAR,AVAR,AUA,AVA
6722,8415867,16368.2,17607.9,8650.0,1822962,8194638,1822426,8182988,AUAR,RIAR,AUA,RIA
6723,8415867,16368.2,17607.9,8650.0,1822962,8194638,1824396,8227149,AUAR,AVAR,AUA,AVA
6724,8415866,23302.6,11733.5,8350.0,1822962,8194663,1822886,8193396,AUAR,RIBR,AUA,RIB
6725,8415866,23302.6,11733.5,8350.0,1822962,8194663,1820298,8142587,AUAR,AVER,AUA,AVE
6726,8415865,22459.8,12059.5,8450.0,1822962,8194665,1822886,8193402,AUAR,RIBR,AUA,RIB
6727,8415865,22459.8,12059.5,8450.0,1822962,8194665,1820298,8142589,AUAR,AVER,AUA,AVE
6728,8415864,21342.2,12554.5,8300.0,1822962,8194661,1820298,8142586,AUAR,AVER,AUA,AVE
6729,8415864,21342.2,12554.5,8300.0,1822962,8194661,1822886,8193391,AUAR,RIBR,AUA,RIB
6730,8415863,21161.9,12734.7,8300.0,1822962,8194661,1820298,8142586,AUAR,AVER,AUA,AVE
6731,8415863,21161.9,12734.7,8300.0,1822962,8194661,1822886,8193391,AUAR,RIBR,AUA,RIB
6732,8415862,23732.5,11650.8,8250.0,1822962,8194687,1820298,8142585,AUAR,AVER,AUA,AVE
6733,8415862,23732.5,11650.8,8250.0,1822962,8194687,1822886,8193400,AUAR,RIBR,AUA,RIB
6734,8415860,24137.8,11550.3,8200.0,1822962,8194689,1820298,8142584,AUAR,AVER,AUA,AVE
6735,8415860,24137.8,11550.3,8200.0,1822962,8194689,1822886,8193401,AUAR,RIBR,AUA,RIB
6736,8415845,30910.5,30034.3,8600.0,1823084,8197038,1823055,8196325,AUAL,RIBL,AUA,RIB
6737,8415845,30910.5,30034.3,8600.0,1823084,8197038,1822365,8181890,AUAL,RIAL,AUA,RIA
6738,8415842,32274.3,28123.3,7500.0,1823084,8197060,1822365,8181868,AUAL,RIAL,AUA,RIA
6739,8415842,32274.3,28123.3,7500.0,1823084,8197060,1823055,8196347,AUAL,RIBL,AUA,RIB
6740,8415841,32637.8,27805.2,7350.0,1823084,8197219,1822365,8181865,AUAL,RIAL,AUA,RIA
6741,8415841,32637.8,27805.2,7350.0,1823084,8197219,1821041,8157427,AUAL,URXL,AUA,URX
6742,8415841,32637.8,27805.2,7350.0,1823084,8197219,1823055,8196350,AUAL,RIBL,AUA,RIB
6743,8415838,35523.4,22096.8,8100.0,1823084,8197079,1822365,8181829,AUAL,RIAL,AUA,RIA
6744,8415838,35523.4,22096.8,8100.0,1823084,8197079,1823055,8196639,AUAL,RIBL,AUA,RIB
6745,8415837,35128.6,19741.5,8600.0,1823084,8197090,1820190,8139718,AUAL,AVAL,AUA,AVA
6746,8415837,35128.6,19741.5,8600.0,1823084,8197090,1822365,8181819,AUAL,RIAL,AUA,RIA
6747,8415836,35012.5,19365.6,8700.0,1823084,8197092,1822574,8186480,AUAL,SAAVL,AUA,SAAV
6748,8415836,35012.5,19365.6,8700.0,1823084,8197092,1822365,8181817,AUAL,RIAL,AUA,RIA
6749,8415835,26047.4,11395.1,8900.0,1823084,8197197,1823055,8196483,AUAL,RIBL,AUA,RIB
6750,8415829,27911.7,11867.3,8600.0,1823084,8197191,1823055,8196477,AUAL,RIBL,AUA,RIB
6751,8415829,27911.7,11867.3,8600.0,1823084,8197191,1820370,8143905,AUAL,AVEL,AUA,AVE
6752,8415828,28576.8,12142.9,8600.0,1823084,8197191,1820370,8143905,AUAL,AVEL,AUA,AVE
6753,8415828,28576.8,12142.9,8600.0,1823084,8197191,1823055,8196477,AUAL,RIBL,AUA,RIB
6754,8415827,28287.9,12002.5,8600.0,1823084,8197191,1823055,8196477,AUAL,RIBL,AUA,RIB
6755,8415827,28287.9,12002.5,8600.0,1823084,8197191,1820370,8143905,AUAL,AVEL,AUA,AVE
6756,8415826,29629.0,12564.5,8350.0,1823084,8197177,1820370,8143901,AUAL,AVEL,AUA,AVE
6757,8415826,29629.0,12564.5,8350.0,1823084,8197177,1823055,8196461,AUAL,RIBL,AUA,RIB
6758,8415823,35805.9,20855.4,8150.0,1823084,8197217,1820190,8139727,AUAL,AVAL,AUA,AVA
6759,8415823,35805.9,20855.4,8150.0,1823084,8197217,1822365,8181828,AUAL,RIAL,AUA,RIA
6760,8415821,30537.2,13262.5,8150.0,1823084,8197171,1820370,8143897,AUAL,AVEL,AUA,AVE
6761,8415821,30537.2,13262.5,8150.0,1823084,8197171,1823055,8196457,AUAL,RIBL,AUA,RIB
6762,8415820,30351.8,13071.7,8150.0,1823084,8197171,1820370,8143897,AUAL,AVEL,AUA,AVE
6763,8415820,30351.8,13071.7,8150.0,1823084,8197171,1823055,8196457,AUAL,RIBL,AUA,RIB
6764,8415819,33142.8,27316.7,7250.0,1823084,8197221,1823055,8196352,AUAL,RIBL,AUA,RIB
6765,8415819,33142.8,27316.7,7250.0,1823084,8197221,1822365,8181863,AUAL,RIAL,AUA,RIA
6766,8415819,33142.8,27316.7,7250.0,1823084,8197221,1821041,8157416,AUAL,URXL,AUA,URX
6767,8415817,33635.5,26922.1,7100.0,1823084,8197228,1822365,8181860,AUAL,RIAL,AUA,RIA
6768,8415817,33635.5,26922.1,7100.0,1823084,8197228,1823055,8196355,AUAL,RIBL,AUA,RIB
6769,8415817,33635.5,26922.1,7100.0,1823084,8197228,1821041,8157419,AUAL,URXL,AUA,URX
6770,8415785,21956.6,29439.4,10800.0,1822848,8192215,1819686,8128866,ASKR,AIAR,ASK,AIA
6771,8415785,21956.6,29439.4,10800.0,1822848,8192215,1819351,8122370,ASKR,HSNL,ASK,HSN
6772,8415811,32431.1,14414.5,7250.0,1823084,8197141,1822126,8176967,AUAL,AVDR,AUA,AVD
6773,8415811,32431.1,14414.5,7250.0,1823084,8197141,1823055,8196496,AUAL,RIBL,AUA,RIB
6774,8415809,30590.8,30271.5,8800.0,1823084,8197034,1822365,8181894,AUAL,RIAL,AUA,RIA
6775,8415807,31985.2,28675.5,7850.0,1823084,8197053,1823055,8196340,AUAL,RIBL,AUA,RIB
6776,8415807,31985.2,28675.5,7850.0,1823084,8197053,1822365,8181875,AUAL,RIAL,AUA,RIA
6777,8415804,35201.4,23763.2,7700.0,1823084,8197071,1822365,8181837,AUAL,RIAL,AUA,RIA
6778,8415804,35201.4,23763.2,7700.0,1823084,8197071,1823055,8196392,AUAL,RIBL,AUA,RIB
6779,8415803,35641.7,20381.2,8350.0,1823084,8197085,1820190,8139723,AUAL,AVAL,AUA,AVA
6780,8415803,35641.7,20381.2,8350.0,1823084,8197085,1822365,8181824,AUAL,RIAL,AUA,RIA
6781,8415800,34995.3,18964.2,8850.0,1823084,8197095,1820190,8139713,AUAL,AVAL,AUA,AVA
6782,8415800,34995.3,18964.2,8850.0,1823084,8197095,1822365,8181814,AUAL,RIAL,AUA,RIA
6783,8415799,34501.8,17680.4,8850.0,1823084,8197105,1822365,8181814,AUAL,RIAL,AUA,RIA
6784,8415799,34501.8,17680.4,8850.0,1823084,8197105,1820190,8139713,AUAL,AVAL,AUA,AVA
6785,8415797,34411.7,17296.2,8850.0,1823084,8197105,1820190,8139713,AUAL,AVAL,AUA,AVA
6786,8415795,29912.3,12764.7,8250.0,1823084,8197164,1823055,8196459,AUAL,RIBL,AUA,RIB
6787,8415795,29912.3,12764.7,8250.0,1823084,8197164,1820370,8143899,AUAL,AVEL,AUA,AVE
6788,8415794,29207.3,12414.9,8450.0,1823084,8197188,1823055,8196463,AUAL,RIBL,AUA,RIB
6789,8415794,29207.3,12414.9,8450.0,1823084,8197188,1820370,8143903,AUAL,AVEL,AUA,AVE
6790,8415793,27341.8,11743.7,8500.0,1823084,8197189,1820370,8143904,AUAL,AVEL,AUA,AVE
6791,8415793,27341.8,11743.7,8500.0,1823084,8197189,1823055,8196468,AUAL,RIBL,AUA,RIB
6792,8415792,27625.4,11807.2,8500.0,1823084,8197189,1820370,8143904,AUAL,AVEL,AUA,AVE
6793,8415792,27625.4,11807.2,8500.0,1823084,8197189,1823055,8196468,AUAL,RIBL,AUA,RIB
6794,8415787,21217.4,27919.4,10450.0,1822848,8192222,1819307,8121330,ASKR,PVNL,ASK,PVN
6795,8415787,21217.4,27919.4,10450.0,1822848,8192222,1819857,8132939,ASKR,RMGR,ASK,RMG
6796,8415786,21982.2,29925.1,11200.0,1822848,8192207,1819686,8128858,ASKR,AIAR,ASK,AIA
6797,8415786,21982.2,29925.1,11200.0,1822848,8192207,1824155,8221811,ASKR,AIMR,ASK,AIM
6798,8415783,21085.9,28197.8,10050.0,1822848,8192230,1824155,8221833,ASKR,AIMR,ASK,AIM
6799,8415783,21085.9,28197.8,10050.0,1822848,8192230,1819686,8128881,ASKR,AIAR,ASK,AIA
6800,8415782,18367.8,22827.4,10350.0,1822848,8192281,1824155,8221864,ASKR,AIMR,ASK,AIM
6801,8415781,17989.0,15606.2,9500.0,1822848,8192331,1820326,8142689,ASKR,ADLR,ASK,ADL
6802,8415781,17989.0,15606.2,9500.0,1822848,8192331,1820068,8137995,ASKR,AIBR,ASK,AIB
6803,8415778,18985.9,23984.0,9900.0,1822848,8192255,1819686,8128901,ASKR,AIAR,ASK,AIA
6804,8415778,18985.9,23984.0,9900.0,1822848,8192255,1824155,8221855,ASKR,AIMR,ASK,AIM
6805,8415777,24737.2,32710.3,16150.0,1822848,8192109,1823320,8201541,ASKR,ASHR,ASK,ASH
6806,8415777,24737.2,32710.3,16150.0,1822848,8192109,1819686,8128755,ASKR,AIAR,ASK,AIA
6807,8415776,24601.7,32593.6,16000.0,1822848,8192112,1819686,8128758,ASKR,AIAR,ASK,AIA
6808,8415775,24498.5,32530.4,15850.0,1822848,8192115,1819686,8128761,ASKR,AIAR,ASK,AIA
6809,8415774,24440.4,32372.2,15550.0,1822848,8192120,1819686,8128766,ASKR,AIAR,ASK,AIA
6810,8415773,22599.2,30188.8,12350.0,1822848,8192184,1819686,8128835,ASKR,AIAR,ASK,AIA
6811,8415772,21951.9,29210.3,10650.0,1822848,8192218,1819686,8128869,ASKR,AIAR,ASK,AIA
6812,8415772,21951.9,29210.3,10650.0,1822848,8192218,1819351,8122367,ASKR,HSNL,ASK,HSN
6813,8415771,20782.4,27290.2,10050.0,1822848,8192230,1823665,8209117,ASKR,HSNR,ASK,HSN
6814,8415770,20679.7,27480.8,9850.0,1822848,8192234,1819686,8128885,ASKR,AIAR,ASK,AIA
6815,8415770,20679.7,27480.8,9850.0,1822848,8192234,1824155,8221837,ASKR,AIMR,ASK,AIM
6816,8415769,17810.3,22455.6,9850.0,1822848,8192270,1820068,8138009,ASKR,AIBR,ASK,AIB
6817,8415769,17810.3,22455.6,9850.0,1822848,8192270,1819686,8128900,ASKR,AIAR,ASK,AIA
6818,8415767,17515.7,22124.4,10050.0,1822848,8192275,1819686,8129032,ASKR,AIAR,ASK,AIA
6819,8415766,17929.0,22608.7,10100.0,1822848,8192276,1819686,8129033,ASKR,AIAR,ASK,AIA
6820,8415764,17563.3,16402.6,9400.0,1822848,8192329,1820326,8142685,ASKR,ADLR,ASK,ADL
6821,8415764,17563.3,16402.6,9400.0,1822848,8192329,1820068,8137993,ASKR,AIBR,ASK,AIB
6822,8415762,22009.9,13101.0,9600.0,1822848,8192366,1820068,8137517,ASKR,AIBR,ASK,AIB
6823,8415762,22009.9,13101.0,9600.0,1822848,8192366,1819686,8128961,ASKR,AIAR,ASK,AIA
6824,8415761,23380.3,12586.6,10450.0,1822848,8192385,1819686,8128984,ASKR,AIAR,ASK,AIA
6825,8415760,24013.2,12467.7,10650.0,1822848,8192389,1819686,8128988,ASKR,AIAR,ASK,AIA
6826,8415759,29993.4,32906.1,14700.0,1823015,8195423,1822397,8182782,ASKL,AINL,ASK,AIN
6827,8415758,32832.6,26578.2,9400.0,1823015,8195679,1824427,8228041,ASKL,AIML,ASK,AIM
6828,8415757,30077.8,31744.9,12800.0,1823015,8195460,1823034,8195836,ASKL,ASIL,ASK,ASI
6829,8415757,30077.8,31744.9,12800.0,1823015,8195460,1820114,8138174,ASKL,AIBL,ASK,AIB
6830,8415757,30077.8,31744.9,12800.0,1823015,8195460,1824448,8228416,ASKL,AIAL,ASK,AIA
6831,8415755,30134.2,31649.5,12700.0,1823015,8195681,1820114,8138176,ASKL,AIBL,ASK,AIB
6832,8415754,30379.4,30620.3,12000.0,1823015,8195477,1820114,8138190,ASKL,AIBL,ASK,AIB
6833,8415754,30379.4,30620.3,12000.0,1823015,8195477,1824448,8228444,ASKL,AIAL,ASK,AIA
6834,8415752,32343.8,27252.9,9500.0,1823015,8195527,1824448,8228491,ASKL,AIAL,ASK,AIA
6835,8415752,32343.8,27252.9,9500.0,1823015,8195527,1824427,8228039,ASKL,AIML,ASK,AIM
6836,8415751,33358.5,24857.7,9600.0,1823015,8195534,1824448,8228507,ASKL,AIAL,ASK,AIA
6837,8415751,33358.5,24857.7,9600.0,1823015,8195534,1824427,8228044,ASKL,AIML,ASK,AIM
6838,8415750,33517.3,24465.2,9650.0,1823015,8195540,1824448,8228508,ASKL,AIAL,ASK,AIA
6839,8415750,33517.3,24465.2,9650.0,1823015,8195540,1824427,8228045,ASKL,AIML,ASK,AIM
6840,8415748,33703.0,23935.2,10000.0,1823015,8195678,1824448,8228515,ASKL,AIAL,ASK,AIA
6841,8415748,33703.0,23935.2,10000.0,1823015,8195678,1824427,8228052,ASKL,AIML,ASK,AIM
6842,8415747,34541.5,21448.3,9950.0,1823015,8195664,1820114,8138278,ASKL,AIBL,ASK,AIB
6843,8415747,34541.5,21448.3,9950.0,1823015,8195664,1824448,8228520,ASKL,AIAL,ASK,AIA
6844,8415744,34725.0,22193.0,9900.0,1823015,8195663,1824448,8228513,ASKL,AIAL,ASK,AIA
6845,8415744,34725.0,22193.0,9900.0,1823015,8195663,1820114,8138747,ASKL,AIBL,ASK,AIB
6846,8415743,29835.5,32947.1,14450.0,1823015,8195427,1822397,8182778,ASKL,AINL,ASK,AIN
6847,8415742,30328.4,30810.1,12050.0,1823015,8195476,1820114,8138189,ASKL,AIBL,ASK,AIB
6848,8415742,30328.4,30810.1,12050.0,1823015,8195476,1824448,8228443,ASKL,AIAL,ASK,AIA
6849,8415740,31091.3,29899.1,11850.0,1823015,8195480,1823231,8199752,ASKL,ASGL,ASK,ASG
6850,8415740,31091.3,29899.1,11850.0,1823015,8195480,1824448,8228447,ASKL,AIAL,ASK,AIA
6851,8415739,31801.8,29048.2,10700.0,1823015,8195504,1824448,8228469,ASKL,AIAL,ASK,AIA
6852,8415739,31801.8,29048.2,10700.0,1823015,8195504,1824427,8228016,ASKL,AIML,ASK,AIM
6853,8415737,33590.1,24265.6,9750.0,1823015,8195542,1824448,8228510,ASKL,AIAL,ASK,AIA
6854,8415735,34419.7,21938.8,10250.0,1823015,8195670,1824448,8228633,ASKL,AIAL,ASK,AIA
6855,8415734,34427.6,22566.9,10150.0,1823015,8195668,1824448,8228631,ASKL,AIAL,ASK,AIA
6856,8415733,34409.1,22813.5,10000.0,1823015,8195665,1824448,8228515,ASKL,AIAL,ASK,AIA
6857,8415732,34621.5,22537.5,9850.0,1823015,8195547,1824448,8228512,ASKL,AIAL,ASK,AIA
6858,8415732,34621.5,22537.5,9850.0,1823015,8195547,1820114,8138274,ASKL,AIBL,ASK,AIB
6859,8415730,34290.5,22956.4,9700.0,1823015,8195550,1820114,8138271,ASKL,AIBL,ASK,AIB
6860,8415730,34290.5,22956.4,9700.0,1823015,8195550,1824448,8228509,ASKL,AIAL,ASK,AIA
6861,8415729,32461.3,15775.0,9750.0,1823015,8195575,1820396,8144109,ASKL,ADLL,ASK,ADL
6862,8415729,32461.3,15775.0,9750.0,1823015,8195575,1820114,8138732,ASKL,AIBL,ASK,AIB
6863,8415728,28743.4,13074.1,9500.0,1823015,8195595,1820114,8138312,ASKL,AIBL,ASK,AIB
6864,8415728,28743.4,13074.1,9500.0,1823015,8195595,1824448,8228576,ASKL,AIAL,ASK,AIA
6865,8415726,26244.8,13214.7,10000.0,1819487,8124785,1824448,8228595,PVQL,AIAL,PVQ,AIA
6866,8415725,26584.1,13074.2,10000.0,1819487,8124785,1824448,8228595,PVQL,AIAL,PVQ,AIA
6867,8415724,26878.2,13106.0,10000.0,1819487,8124785,1824448,8228595,PVQL,AIAL,PVQ,AIA
6868,8415723,27885.2,13119.2,10000.0,1823015,8195604,1824448,8228595,ASKL,AIAL,ASK,AIA
6869,8415722,25420.6,12923.0,10350.0,1823015,8195620,1824448,8228602,ASKL,AIAL,ASK,AIA
6870,8415720,24888.0,12804.2,10100.0,1823015,8195625,1819686,8128977,ASKL,AIAR,ASK,AIA
6871,8415720,24888.0,12804.2,10100.0,1823015,8195625,1824448,8228597,ASKL,AIAL,ASK,AIA
6872,8415719,24604.6,13050.1,10000.0,1823015,8195627,1819686,8128975,ASKL,AIAR,ASK,AIA
6873,8415699,29722.9,32623.8,16050.0,1823103,8197602,1823231,8199669,ASJL,ASGL,ASJ,ASG
6874,8415699,29722.9,32623.8,16050.0,1823103,8197602,1824448,8228352,ASJL,AIAL,ASJ,AIA
6875,8415696,32991.7,21816.2,10550.0,1823103,8197590,1819487,8124820,ASJL,PVQL,ASJ,PVQ
6876,8415695,33031.4,21490.3,10550.0,1823103,8197590,1819487,8124820,ASJL,PVQL,ASJ,PVQ
6877,8415694,31476.2,29163.7,11500.0,1823103,8197416,1823015,8195488,ASJL,ASKL,ASJ,ASK
6878,8415691,32005.9,27986.6,10400.0,1823103,8197438,1819487,8124692,ASJL,PVQL,ASJ,PVQ
6879,8415690,32152.1,27383.6,10150.0,1823103,8197443,1819487,8124697,ASJL,PVQL,ASJ,PVQ
6880,8415689,32287.2,27101.0,10000.0,1823103,8197448,1819274,8121051,ASJL,CEPshVL,ASJ,CEPshV
6881,8415689,32287.2,27101.0,10000.0,1823103,8197448,1819487,8124700,ASJL,PVQL,ASJ,PVQ
6882,8415688,33510.4,23546.5,10100.0,1823103,8197468,1819487,8124722,ASJL,PVQL,ASJ,PVQ
6883,8415687,33025.2,19311.8,9800.0,1823103,8197498,1819487,8124742,ASJL,PVQL,ASJ,PVQ
6884,8415686,32206.7,16480.3,9400.0,1823103,8197516,1823665,8209264,ASJL,HSNR,ASJ,HSN
6885,8415686,32206.7,16480.3,9400.0,1823103,8197516,1819487,8124807,ASJL,PVQL,ASJ,PVQ
6886,8415685,26580.4,13881.0,10100.0,1823103,8197548,1819487,8124787,ASJL,PVQL,ASJ,PVQ
6887,8415684,26170.6,13670.1,10500.0,1823103,8197556,1819487,8124795,ASJL,PVQL,ASJ,PVQ
6888,8415683,16663.9,18443.4,9650.0,1822864,8192710,1820068,8137475,ASIR,AIBR,ASI,AIB
6889,8415683,16663.9,18443.4,9650.0,1822864,8192710,1819686,8128915,ASIR,AIAR,ASI,AIA
6890,8415681,23826.8,32314.9,12700.0,1822864,8192573,1822817,8191596,ASIR,AWCR,ASI,AWC
6891,8415680,21613.6,29923.2,9600.0,1822864,8192635,1822652,8188483,ASIR,AWCL,ASI,AWC
6892,8415680,21613.6,29923.2,9600.0,1822864,8192635,1822817,8191658,ASIR,AWCR,ASI,AWC
6893,8415679,17709.1,24660.4,9100.0,1822864,8192657,1822652,8188572,ASIR,AWCL,ASI,AWC
6894,8415679,17709.1,24660.4,9100.0,1822864,8192657,1822817,8191682,ASIR,AWCR,ASI,AWC
6895,8415678,16392.6,20786.0,9650.0,1822652,8188581,1819686,8128908,AWCL,AIAR,AWC,AIA
6896,8415678,16392.6,20786.0,9650.0,1822652,8188581,1820068,8138002,AWCL,AIBR,AWC,AIB
6897,8415677,16389.9,20354.1,9650.0,1822864,8192699,1819686,8128912,ASIR,AIAR,ASI,AIA
6898,8415677,16389.9,20354.1,9650.0,1822864,8192699,1820068,8138002,ASIR,AIBR,ASI,AIB
6899,8415676,16466.7,17847.2,9400.0,1822864,8192714,1822652,8188432,ASIR,AWCL,ASI,AWC
6900,8415676,16466.7,17847.2,9400.0,1822864,8192714,1822426,8182973,ASIR,RIAR,ASI,RIA
6901,8415675,20570.8,29317.2,9100.0,1822864,8192646,1822817,8191667,ASIR,AWCR,ASI,AWC
6902,8415675,20570.8,29317.2,9100.0,1822864,8192646,1822652,8188474,ASIR,AWCL,ASI,AWC
6903,8415674,23169.8,11967.0,10350.0,1822864,8192784,1820068,8137986,ASIR,AIBR,ASI,AIB
6904,8415674,23169.8,11967.0,10350.0,1822864,8192784,1819686,8128982,ASIR,AIAR,ASI,AIA
6905,8415673,24872.1,34584.6,17550.0,1822864,8192478,1819607,8127527,ASIR,AWAR,ASI,AWA
6906,8415673,24872.1,34584.6,17550.0,1822864,8192478,1822817,8191501,ASIR,AWCR,ASI,AWC
6907,8415672,24629.0,34216.6,17200.0,1822864,8192485,1822848,8192088,ASIR,ASKR,ASI,ASK
6908,8415672,24629.0,34216.6,17200.0,1822864,8192485,1819278,8121052,ASIR,CEPshVR,ASI,CEPshV
6909,8415671,24886.0,34213.4,16950.0,1822864,8192490,1820068,8137296,ASIR,AIBR,ASI,AIB
6910,8415671,24886.0,34213.4,16950.0,1822864,8192490,1822848,8192093,ASIR,ASKR,ASI,ASK
6911,8415669,24965.3,32840.6,14100.0,1822864,8192545,1820068,8138023,ASIR,AIBR,ASI,AIB
6912,8415669,24965.3,32840.6,14100.0,1822864,8192545,1822817,8191568,ASIR,AWCR,ASI,AWC
6913,8415668,24689.3,32535.9,13100.0,1822864,8192565,1820068,8138043,ASIR,AIBR,ASI,AIB
6914,8415668,24689.3,32535.9,13100.0,1822864,8192565,1822652,8188553,ASIR,AWCL,ASI,AWC
6915,8415667,24422.4,32461.7,13000.0,1822864,8192567,1822817,8191590,ASIR,AWCR,ASI,AWC
6916,8415666,24037.7,32199.3,12900.0,1822864,8192569,1823304,8201268,ASIR,ASGR,ASI,ASG
6917,8415666,24037.7,32199.3,12900.0,1822864,8192569,1822817,8191592,ASIR,AWCR,ASI,AWC
6918,8415665,22866.3,31685.7,11550.0,1822864,8192596,1822817,8191619,ASIR,AWCR,ASI,AWC
6919,8415664,22579.9,31357.3,11350.0,1822864,8192600,1823304,8201298,ASIR,ASGR,ASI,ASG
6920,8415664,22579.9,31357.3,11350.0,1822864,8192600,1822817,8191623,ASIR,AWCR,ASI,AWC
6921,8415662,22357.2,31182.1,11050.0,1822864,8192606,1822817,8191629,ASIR,AWCR,ASI,AWC
6922,8415662,22357.2,31182.1,11050.0,1822864,8192606,1823304,8201304,ASIR,ASGR,ASI,ASG
6923,8415661,23076.8,31724.2,10650.0,1822864,8192614,1822652,8188504,ASIR,AWCL,ASI,AWC
6924,8415661,23076.8,31724.2,10650.0,1822864,8192614,1822817,8191637,ASIR,AWCR,ASI,AWC
6925,8415660,22322.7,31058.8,10500.0,1822864,8192617,1822817,8191640,ASIR,AWCR,ASI,AWC
6926,8415659,17906.7,24652.9,9200.0,1822864,8192659,1822817,8192006,ASIR,AWCR,ASI,AWC
6927,8415659,17906.7,24652.9,9200.0,1822864,8192659,1822652,8188570,ASIR,AWCL,ASI,AWC
6928,8415658,17183.7,23113.9,9700.0,1822864,8192668,1823304,8201353,ASIR,ASGR,ASI,ASG
6929,8415658,17183.7,23113.9,9700.0,1822864,8192668,1822817,8191694,ASIR,AWCR,ASI,AWC
6930,8415657,16415.1,20177.8,9750.0,1822864,8192697,1820068,8137469,ASIR,AIBR,ASI,AIB
6931,8415657,16415.1,20177.8,9750.0,1822864,8192697,1819686,8129011,ASIR,AIAR,ASI,AIA
6932,8415655,34263.7,25589.9,9100.0,1823034,8195927,1822817,8191895,ASIL,AWCR,ASI,AWC
6933,8415655,34263.7,25589.9,9100.0,1823034,8195927,1819282,8121053,ASIL,CEPshVL,ASI,CEPshV
6934,8415654,35403.2,22974.4,9850.0,1823034,8196078,1820039,8137049,ASIL,BAGR,ASI,BAG
6935,8415654,35403.2,22974.4,9850.0,1823034,8196078,1820114,8138274,ASIL,AIBL,ASI,AIB
6936,8415648,34683.8,19562.0,9900.0,1823034,8195959,1824448,8228521,ASIL,AIAL,ASI,AIA
6937,8415648,34683.8,19562.0,9900.0,1823034,8195959,1822652,8188324,ASIL,AWCL,ASI,AWC
6938,8415647,34365.7,17789.3,10350.0,1823034,8196063,1822365,8181785,ASIL,RIAL,ASI,RIA
6939,8415646,28969.6,32615.3,14200.0,1823034,8195808,1824469,8228852,ASIL,AIYL,ASI,AIY
6940,8415646,28969.6,32615.3,14200.0,1823034,8195808,1823208,8199318,ASIL,AWAL,ASI,AWA
6941,8415645,29469.9,32613.6,13900.0,1823034,8195814,1824448,8228394,ASIL,AIAL,ASI,AIA
6942,8415645,29469.9,32613.6,13900.0,1823034,8195814,1820114,8138152,ASIL,AIBL,ASI,AIB
6943,8415644,29550.1,31948.4,12950.0,1823034,8195833,1822636,8187838,ASIL,AFDL,ASI,AFD
6944,8415644,29550.1,31948.4,12950.0,1823034,8195833,1823208,8199343,ASIL,AWAL,ASI,AWA
6945,8415643,30372.7,31440.7,11550.0,1823034,8195861,1822652,8188210,ASIL,AWCL,ASI,AWC
6946,8415643,30372.7,31440.7,11550.0,1823034,8195861,1824448,8228452,ASIL,AIAL,ASI,AIA
6947,8415643,30372.7,31440.7,11550.0,1823034,8195861,1820114,8138199,ASIL,AIBL,ASI,AIB
6948,8415641,31542.2,30481.6,10500.0,1823034,8195888,1824448,8228656,ASIL,AIAL,ASI,AIA
6949,8415641,31542.2,30481.6,10500.0,1823034,8195888,1822652,8188231,ASIL,AWCL,ASI,AWC
6950,8415639,31467.8,30604.1,10550.0,1823034,8195887,1824448,8228656,ASIL,AIAL,ASI,AIA
6951,8415639,31467.8,30604.1,10550.0,1823034,8195887,1822652,8188230,ASIL,AWCL,ASI,AWC
6952,8415638,31546.6,30331.0,10600.0,1823034,8195886,1824448,8228655,ASIL,AIAL,ASI,AIA
6953,8415638,31546.6,30331.0,10600.0,1823034,8195886,1823231,8199777,ASIL,ASGL,ASI,ASG
6954,8240670,32522.9,22505.3,5000.0,1824349,8226428,1820449,8145011,RMGL,RMDL,RMG,RMDL/R
6955,8240670,32522.9,22505.3,5000.0,1824349,8226428,1821869,8172760,RMGL,BWM-VL08,RMG,BWM08V
6956,8240670,32522.9,22505.3,5000.0,1824349,8226428,1821956,8174204,RMGL,BWM-VL04,RMG,BWM04V
6957,8240668,33575.1,21196.7,4200.0,1824349,8226510,1820413,8144606,RMGL,RMDR,RMG,RMDL/R
6958,8240668,33575.1,21196.7,4200.0,1824349,8226510,1824277,8224696,RMGL,RMDDL,RMG,RMDD
6959,8240668,33575.1,21196.7,4200.0,1824349,8226510,1821235,8161890,RMGL,IL1L,RMG,IL1L/R
6960,8240666,33776.5,20131.0,4300.0,1824349,8226508,1820413,8144661,RMGL,RMDR,RMG,RMDL/R
6961,8240666,33776.5,20131.0,4300.0,1824349,8226508,1820488,8145598,RMGL,RMDVL,RMG,RMDV
6962,8240665,33262.4,20819.7,4950.0,1824349,8226495,1820449,8145012,RMGL,RMDL,RMG,RMDL/R
6963,8240665,33262.4,20819.7,4950.0,1824349,8226495,1820413,8144591,RMGL,RMDR,RMG,RMDL/R
6964,8240664,33455.4,20112.7,4900.0,1824349,8226496,1820413,8144592,RMGL,RMDR,RMG,RMDL/R
6965,8240664,33455.4,20112.7,4900.0,1824349,8226496,1822426,8183587,RMGL,RIAR,RMG,RIA
6966,8240664,33455.4,20112.7,4900.0,1824349,8226496,1820488,8145586,RMGL,RMDVL,RMG,RMDV
6967,8240663,32390.3,17552.1,4900.0,1824349,8226449,1821485,8166926,RMGL,BWM-DL08,RMG,BWM08D
6968,8240663,32390.3,17552.1,4900.0,1824349,8226449,1821497,8167190,RMGL,BWM-DL06,RMG,BWM06D
6969,8240660,31757.3,17637.3,4700.0,1824349,8226453,1821497,8167205,RMGL,BWM-DL06,RMG,BWM06D
6970,8240660,31757.3,17637.3,4700.0,1824349,8226453,1821485,8166930,RMGL,BWM-DL08,RMG,BWM08D
6971,8239638,21251.0,13142.1,9050.0,1820326,8142704,1822984,8195116,ADLR,ASER,ADL,ASE
6972,8239638,21251.0,13142.1,9050.0,1820326,8142704,1820068,8137507,ADLR,AIBR,ADL,AIB
6973,8239632,24264.7,12238.9,10850.0,1820326,8142745,1819686,8128991,ADLR,AIAR,ADL,AIA
6974,8239632,24264.7,12238.9,10850.0,1820326,8142745,1822817,8191977,ADLR,AWCR,ADL,AWC
6975,8239627,17159.7,20135.7,10100.0,1820326,8142772,1822984,8195303,ADLR,ASER,ADL,ASE
6976,8239627,17159.7,20135.7,10100.0,1820326,8142772,1820068,8138001,ADLR,AIBR,ADL,AIB
6977,8239486,18863.2,24182.4,9100.0,1820326,8142792,1820155,8139052,ADLR,AVBR,ADL,AVB
6978,8239474,20619.5,26757.0,8850.0,1820326,8142825,1824396,8227717,ADLR,AVAR,ADL,AVA
6979,8239474,20619.5,26757.0,8850.0,1820326,8142825,1823698,8209783,ADLR,SMBVR,ADL,SMBV
6980,8239468,18734.6,23454.8,8900.0,1820326,8142796,1823320,8201704,ADLR,ASHR,ADL,ASH
6981,8239468,18734.6,23454.8,8900.0,1820326,8142796,1824396,8227753,ADLR,AVAR,ADL,AVA
6982,8239468,18734.6,23454.8,8900.0,1820326,8142796,1823698,8209794,ADLR,SMBVR,ADL,SMBV
6983,8239467,17760.2,15896.8,10000.0,1820326,8142766,1822066,8175458,ADLR,AVJR,ADL,AVJ
6984,8239467,17760.2,15896.8,10000.0,1820326,8142766,1822126,8177370,ADLR,AVDR,ADL,AVD
6985,8239466,17190.1,21119.8,9850.0,1820326,8142777,1820068,8137471,ADLR,AIBR,ADL,AIB
6986,8239466,17190.1,21119.8,9850.0,1820326,8142777,1819686,8128904,ADLR,AIAR,ADL,AIA
6987,8239466,17190.1,21119.8,9850.0,1820326,8142777,1822817,8192000,ADLR,AWCR,ADL,AWC
6988,8239460,17669.3,21819.6,9600.0,1820326,8142782,1822984,8195306,ADLR,ASER,ADL,ASE
6989,8239460,17669.3,21819.6,9600.0,1820326,8142782,1819686,8129029,ADLR,AIAR,ADL,AIA
6990,8239460,17669.3,21819.6,9600.0,1820326,8142782,1820068,8138004,ADLR,AIBR,ADL,AIB
6991,8239457,18162.4,22884.8,9250.0,1820326,8142789,1822984,8195064,ADLR,ASER,ADL,ASE
6992,8239457,18162.4,22884.8,9250.0,1820326,8142789,1820068,8137457,ADLR,AIBR,ADL,AIB
6993,8239452,18615.8,23582.2,9200.0,1820326,8142790,1820155,8139054,ADLR,AVBR,ADL,AVB
6994,8239452,18615.8,23582.2,9200.0,1820326,8142790,1819686,8129045,ADLR,AIAR,ADL,AIA
6995,8239452,18615.8,23582.2,9200.0,1820326,8142790,1820068,8137456,ADLR,AIBR,ADL,AIB
6996,8239450,21403.6,27954.8,9150.0,1820326,8142832,1822292,8180021,ADLR,PVPR,ADL,PVP
6997,8239450,21403.6,27954.8,9150.0,1820326,8142832,1824396,8227723,ADLR,AVAR,ADL,AVA
6998,8239446,21570.7,27938.8,9600.0,1820326,8142838,1823320,8201671,ADLR,ASHR,ADL,ASH
6999,8239446,21570.7,27938.8,9600.0,1820326,8142838,1823698,8209769,ADLR,SMBVR,ADL,SMBV
7000,8239446,21570.7,27938.8,9600.0,1820326,8142838,1824396,8227729,ADLR,AVAR,ADL,AVA
7001,8239445,21941.6,28343.7,9750.0,1820326,8142841,1823698,8209766,ADLR,SMBVR,ADL,SMBV
7002,8239445,21941.6,28343.7,9750.0,1820326,8142841,1824396,8227732,ADLR,AVAR,ADL,AVA
7003,8239444,21867.2,28802.3,9850.0,1820326,8142843,1820068,8137438,ADLR,AIBR,ADL,AIB
7004,8239444,21867.2,28802.3,9850.0,1820326,8142843,1819686,8128885,ADLR,AIAR,ADL,AIA
7005,8239443,22367.8,29335.4,10250.0,1820326,8142851,1823320,8201657,ADLR,ASHR,ADL,ASH
7006,8239443,22367.8,29335.4,10250.0,1820326,8142851,1820068,8137430,ADLR,AIBR,ADL,AIB
7007,8239443,22367.8,29335.4,10250.0,1820326,8142851,1819686,8128877,ADLR,AIAR,ADL,AIA
7008,8239442,23237.3,30516.7,11450.0,1820326,8142875,1822984,8194989,ADLR,ASER,ADL,ASE
7009,8239442,23237.3,30516.7,11450.0,1820326,8142875,1820068,8137406,ADLR,AIBR,ADL,AIB
7010,8239441,17778.8,20435.9,10500.0,1820326,8142654,1819294,8121056,ADLR,CEPshVR,ADL,CEPshV
7011,8239441,17778.8,20435.9,10500.0,1820326,8142654,1820298,8141922,ADLR,AVER,ADL,AVE
7012,8239439,21449.1,12910.5,9350.0,1820326,8142712,1820068,8137513,ADLR,AIBR,ADL,AIB
7013,8239439,21449.1,12910.5,9350.0,1820326,8142712,1819686,8128957,ADLR,AIAR,ADL,AIA
7014,8239439,21449.1,12910.5,9350.0,1820326,8142712,1822817,8191757,ADLR,AWCR,ADL,AWC
7015,8239394,24555.3,12066.4,8200.0,1823274,8201028,1823428,8204116,ADFR,AIZL,ADF,AIZ
7016,8239394,24555.3,12066.4,8200.0,1823274,8201028,1822962,8194689,ADFR,AUAR,ADF,AUA
7017,8239394,24555.3,12066.4,8200.0,1823274,8201028,1823356,8202722,ADFR,AIZR,ADF,AIZ
7018,8239388,24963.7,31129.9,10900.0,1823274,8200855,1822426,8183095,ADFR,RIAR,ADF,RIA
7019,8239387,24730.8,31430.3,10550.0,1823274,8200862,1822962,8194560,ADFR,AUAR,ADF,AUA
7020,8239387,24730.8,31430.3,10550.0,1823274,8200862,1822426,8183088,ADFR,RIAR,ADF,RIA
7021,8239382,24285.5,30825.3,10100.0,1823274,8200871,1822426,8183079,ADFR,RIAR,ADF,RIA
7022,8239382,24285.5,30825.3,10100.0,1823274,8200871,1822962,8194569,ADFR,AUAR,ADF,AUA
7023,8239378,23628.3,30270.9,9450.0,1823274,8200883,1822426,8183067,ADFR,RIAR,ADF,RIA
7024,8239378,23628.3,30270.9,9450.0,1823274,8200883,1823356,8202516,ADFR,AIZR,ADF,AIZ
7025,8239373,23437.4,30483.8,9350.0,1823274,8200885,1822426,8183065,ADFR,RIAR,ADF,RIA
7026,8239373,23437.4,30483.8,9350.0,1823274,8200885,1822962,8194583,ADFR,AUAR,ADF,AUA
7027,8239371,23180.1,30343.1,9050.0,1823274,8200891,1822426,8183059,ADFR,RIAR,ADF,RIA
7028,8239371,23180.1,30343.1,9050.0,1823274,8200891,1819658,8128415,ADFR,URXR,ADF,URX
7029,8239361,21364.4,27875.4,7500.0,1823274,8201068,1822426,8183028,ADFR,RIAR,ADF,RIA
7030,8239361,21364.4,27875.4,7500.0,1823274,8201068,1824134,8221556,ADFR,RIGR,ADF,RIG
7031,8239353,19392.8,26256.9,8100.0,1823274,8200920,1824134,8221572,ADFR,RIGR,ADF,RIG
7032,8239346,17784.9,22787.4,8450.0,1823274,8201045,1819527,8125707,ADFR,AVHL,ADF,AVH
7033,8239346,17784.9,22787.4,8450.0,1823274,8201045,1823356,8202593,ADFR,AIZR,ADF,AIZ
7034,8239330,24626.6,11877.5,8400.0,1823274,8201024,1822962,8194664,ADFR,AUAR,ADF,AUA
7035,8239328,26789.6,12119.0,8450.0,1823274,8201020,1821041,8157235,ADFR,URXL,ADF,URX
7036,8239328,26789.6,12119.0,8450.0,1823274,8201020,1823428,8204088,ADFR,AIZL,ADF,AIZ
7037,8238297,21133.1,27450.2,7800.0,1823274,8201062,1824134,8221562,ADFR,RIGR,ADF,RIG
7038,8238295,25217.3,34472.5,18250.0,1823274,8200710,1823304,8201163,ADFR,ASGR,ADF,ASG
7039,8238295,25217.3,34472.5,18250.0,1823274,8200710,1823356,8202293,ADFR,AIZR,ADF,AIZ
7040,8238293,25889.9,32139.7,14700.0,1823274,8200780,1823698,8209636,ADFR,SMBVR,ADF,SMBV
7041,8238293,25889.9,32139.7,14700.0,1823274,8200780,1822426,8183177,ADFR,RIAR,ADF,RIA
7042,8238292,25667.7,32048.3,14150.0,1823274,8200791,1823698,8209647,ADFR,SMBVR,ADF,SMBV
7043,8238292,25667.7,32048.3,14150.0,1823274,8200791,1822426,8183637,ADFR,RIAR,ADF,RIA
7044,8238291,25580.0,31677.3,13950.0,1823274,8200795,1822426,8183640,ADFR,RIAR,ADF,RIA
7045,8238291,25580.0,31677.3,13950.0,1823274,8200795,1823698,8209651,ADFR,SMBVR,ADF,SMBV
7046,8238271,24627.8,30704.3,10400.0,1823274,8200865,1822426,8183085,ADFR,RIAR,ADF,RIA
7047,8238268,24527.2,30338.6,10400.0,1823274,8200865,1822426,8183085,ADFR,RIAR,ADF,RIA
7048,8238268,24527.2,30338.6,10400.0,1823274,8200865,1823698,8209753,ADFR,SMBVR,ADF,SMBV
7049,8238262,24302.8,30322.9,10300.0,1823274,8200867,1822426,8183083,ADFR,RIAR,ADF,RIA
7050,8238262,24302.8,30322.9,10300.0,1823274,8200867,1823698,8209755,ADFR,SMBVR,ADF,SMBV
7051,8238261,25129.4,31797.3,11050.0,1823274,8200852,1822426,8183098,ADFR,RIAR,ADF,RIA
7052,8238260,25105.8,31201.0,11050.0,1823274,8200852,1822426,8183098,ADFR,RIAR,ADF,RIA
7053,8238260,25105.8,31201.0,11050.0,1823274,8200852,1823698,8209736,ADFR,SMBVR,ADF,SMBV
7054,8238248,24514.6,31126.6,10300.0,1823274,8200867,1822426,8183083,ADFR,RIAR,ADF,RIA
7055,8238248,24514.6,31126.6,10300.0,1823274,8200867,1822962,8194565,ADFR,AUAR,ADF,AUA
7056,8238247,23928.9,30418.4,9650.0,1823274,8200880,1822426,8183070,ADFR,RIAR,ADF,RIA
7057,8238247,23928.9,30418.4,9650.0,1823274,8200880,1822962,8194578,ADFR,AUAR,ADF,AUA
7058,8238246,23624.4,30473.8,9100.0,1823274,8200890,1822426,8183060,ADFR,RIAR,ADF,RIA
7059,8238245,19123.3,25662.4,8150.0,1823274,8200922,1824134,8221357,ADFR,RIGR,ADF,RIG
7060,8238244,16718.9,21144.2,8850.0,1823274,8200944,1819658,8128342,ADFR,URXR,ADF,URX
7061,8238244,16718.9,21144.2,8850.0,1823274,8200944,1823356,8202743,ADFR,AIZR,ADF,AIZ
7062,8238243,17918.0,15336.9,8350.0,1823274,8200971,1819995,8136671,ADFR,RIR,ADF,RIR
7063,8238243,17918.0,15336.9,8350.0,1823274,8200971,1823356,8202666,ADFR,AIZR,ADF,AIZ
7064,8238240,17768.6,15518.2,8350.0,1823274,8200971,1819995,8136671,ADFR,RIR,ADF,RIR
7065,8238240,17768.6,15518.2,8350.0,1823274,8200971,1823356,8202666,ADFR,AIZR,ADF,AIZ
7066,8238239,20204.2,13650.4,8250.0,1823274,8200978,1822962,8194659,ADFR,AUAR,ADF,AUA
7067,8238239,20204.2,13650.4,8250.0,1823274,8200978,1819995,8136681,ADFR,RIR,ADF,RIR
7068,8238239,20204.2,13650.4,8250.0,1823274,8200978,1823356,8202680,ADFR,AIZR,ADF,AIZ
7069,8238235,26839.1,30572.7,16400.0,1824028,8218819,1824396,8227586,ADER,AVAR,ADE,AVA
7070,8238235,26839.1,30572.7,16400.0,1824028,8218819,1820190,8140060,ADER,AVAL,ADE,AVA
7071,8238234,25418.8,28743.8,14450.0,1824028,8218803,1821353,8165102,ADER,RIVL,ADE,RIV
7072,8238234,25418.8,28743.8,14450.0,1824028,8218803,1822686,8188791,ADER,RMFR,ADE,RMF
7073,8238232,26605.6,31198.5,16650.0,1824028,8218752,1824134,8221157,ADER,RIGR,ADE,RIG
7074,8238231,26809.4,30988.3,16350.0,1824028,8218820,1824134,8221163,ADER,RIGR,ADE,RIG
7075,8238231,26809.4,30988.3,16350.0,1824028,8218820,1824194,8222625,ADER,RIGL,ADE,RIG
7076,8238230,27451.4,29968.8,16300.0,1824028,8218766,1824396,8227447,ADER,AVAR,ADE,AVA
7077,8238230,27451.4,29968.8,16300.0,1824028,8218766,1820155,8139521,ADER,AVBR,ADE,AVB
7078,8238229,26171.0,28824.3,15100.0,1824028,8218790,1822732,8190418,ADER,RIH,ADE,RIH
7079,8238228,26221.5,28846.1,14950.0,1824028,8218793,1822732,8190424,ADER,RIH,ADE,RIH
7080,8238223,26886.3,28931.1,14600.0,1824028,8218800,1821353,8165112,ADER,RIVL,ADE,RIV
7081,8238223,26886.3,28931.1,14600.0,1824028,8218800,1823914,8215215,ADER,FLPL,ADE,FLP
7082,8238223,26886.3,28931.1,14600.0,1824028,8218800,1819940,8135483,ADER,RIVR,ADE,RIV
7083,8238222,25433.9,28794.9,14600.0,1824028,8218812,1822263,8179250,ADER,DVA,ADE,DVA
7084,8238222,25433.9,28794.9,14600.0,1824028,8218812,1821353,8165104,ADER,RIVL,ADE,RIV
7085,8238222,25433.9,28794.9,14600.0,1824028,8218812,1822686,8188788,ADER,RMFR,ADE,RMF
7086,8238219,24988.4,33703.4,20750.0,1824028,8218555,1824261,8223964,ADER,ADAR,ADE,ADA
7087,8238219,24988.4,33703.4,20750.0,1824028,8218555,1820190,8140147,ADER,AVAL,ADE,AVA
7088,8238217,24694.5,32436.3,19800.0,1824028,8218573,1824067,8219511,ADER,AQR,ADE,AQR
7089,8238217,24694.5,32436.3,19800.0,1824028,8218573,1819824,8131748,ADER,DVC,ADE,DVC
7090,8238217,24694.5,32436.3,19800.0,1824028,8218573,1824134,8221095,ADER,RIGR,ADE,RIG
7091,8238217,24694.5,32436.3,19800.0,1824028,8218573,1824381,8226979,ADER,ADEL,ADE,ADE
7092,8238216,24686.1,32158.6,19450.0,1824028,8218580,1819824,8131755,ADER,DVC,ADE,DVC
7093,8238216,24686.1,32158.6,19450.0,1824028,8218580,1824134,8221101,ADER,RIGR,ADE,RIG
7094,8238214,24646.6,31980.6,19150.0,1824028,8218586,1824134,8221107,ADER,RIGR,ADE,RIG
7095,8238214,24646.6,31980.6,19150.0,1824028,8218586,1820190,8140115,ADER,AVAL,ADE,AVA
7096,8238212,24766.0,31620.2,18750.0,1824028,8218594,1820190,8140107,ADER,AVAL,ADE,AVA
7097,8238212,24766.0,31620.2,18750.0,1824028,8218594,1824134,8221115,ADER,RIGR,ADE,RIG
7098,8238210,24790.5,31506.6,18500.0,1824028,8218599,1820190,8140102,ADER,AVAL,ADE,AVA
7099,8238210,24790.5,31506.6,18500.0,1824028,8218599,1824134,8221120,ADER,RIGR,ADE,RIG
7100,8238210,24790.5,31506.6,18500.0,1824028,8218599,1824381,8226955,ADER,ADEL,ADE,ADE
7101,8238207,25656.9,30943.3,17450.0,1824028,8218620,1824134,8221141,ADER,RIGR,ADE,RIG
7102,8238207,25656.9,30943.3,17450.0,1824028,8218620,1820190,8140081,ADER,AVAL,ADE,AVA
7103,8238204,26218.6,31084.3,16950.0,1824028,8218647,1824134,8221151,ADER,RIGR,ADE,RIG
7104,8238204,26218.6,31084.3,16950.0,1824028,8218647,1820190,8140071,ADER,AVAL,ADE,AVA
7105,8238200,27647.5,30790.4,16950.0,1824028,8218649,1824491,8229269,ADER,AVKL,ADE,AVK
7106,8238200,27647.5,30790.4,16950.0,1824028,8218649,1824194,8222613,ADER,RIGL,ADE,RIG
7107,8238197,27782.3,30834.6,17200.0,1824028,8218654,1824491,8229264,ADER,AVKL,ADE,AVK
7108,8238197,27782.3,30834.6,17200.0,1824028,8218654,1824396,8227465,ADER,AVAR,ADE,AVA
7109,8238197,27782.3,30834.6,17200.0,1824028,8218654,1824194,8222608,ADER,RIGL,ADE,RIG
7110,8238196,28635.0,30926.2,18500.0,1824028,8218680,1824194,8222582,ADER,RIGL,ADE,RIG
7111,8238196,28635.0,30926.2,18500.0,1824028,8218680,1823728,8210450,ADER,RMFL,ADE,RMF
7112,8238193,28741.0,30955.5,18750.0,1824028,8218685,1823728,8210445,ADER,RMFL,ADE,RMF
7113,8238193,28741.0,30955.5,18750.0,1824028,8218685,1824194,8222577,ADER,RIGL,ADE,RIG
7114,8238192,29109.6,31063.8,18900.0,1824028,8218688,1824194,8222574,ADER,RIGL,ADE,RIG
7115,8238190,29334.3,31505.9,19050.0,1824028,8218691,1824194,8222571,ADER,RIGL,ADE,RIG
7116,8238188,29316.0,32534.3,20900.0,1824028,8218726,1824194,8222520,ADER,RIGL,ADE,RIG
7117,8238187,29261.8,32588.8,21100.0,1824028,8218730,1824194,8222516,ADER,RIGL,ADE,RIG
7118,8238187,29261.8,32588.8,21100.0,1824028,8218730,1822086,8175951,ADER,PVPL,ADE,PVP
7119,8238161,24615.1,33447.8,22650.0,1824381,8227036,1824134,8221038,ADEL,RIGR,ADE,RIG
7120,8238142,25233.8,30471.8,14700.0,1824261,8224103,1820114,8138650,ADAR,AIBL,ADA,AIB
7121,8238142,25233.8,30471.8,14700.0,1824261,8224103,1823242,8200370,ADAR,AVBL,ADA,AVB
7122,8238141,25046.4,33432.6,20150.0,1824261,8223976,1822263,8179140,ADAR,DVA,ADA,DVA
7123,8238141,25046.4,33432.6,20150.0,1824261,8223976,1824028,8218566,ADAR,ADER,ADA,ADE
7124,8238138,24941.2,31092.9,17400.0,1824261,8224031,1820552,8147326,ADAR,SMDVL,ADA,SMDV
7125,8238136,25037.2,30919.7,15100.0,1824261,8224090,1820217,8140452,ADAR,RIMR,ADA,RIM
7126,8238136,25037.2,30919.7,15100.0,1824261,8224090,1820155,8138925,ADAR,AVBR,ADA,AVB
7127,8238064,24723.0,31160.5,15500.0,1824261,8224098,1820155,8138917,ADAR,AVBR,ADA,AVB
7128,8238064,24723.0,31160.5,15500.0,1824261,8224098,1819505,8125327,ADAR,AVJL,ADA,AVJ
7129,8238062,25330.5,30808.8,14850.0,1824261,8224085,1820114,8138671,ADAR,AIBL,ADA,AIB
7130,8238062,25330.5,30808.8,14850.0,1824261,8224085,1820217,8140457,ADAR,RIMR,ADA,RIM
7131,8238061,24899.3,30135.1,14200.0,1824261,8224113,1820217,8140471,ADAR,RIMR,ADA,RIM
7132,8238061,24899.3,30135.1,14200.0,1824261,8224113,1823242,8200360,ADAR,AVBL,ADA,AVB
7133,8238047,24350.8,31367.2,13750.0,1824261,8224122,1820068,8137359,ADAR,AIBR,ADA,AIB
7134,8238047,24350.8,31367.2,13750.0,1824261,8224122,1820217,8140998,ADAR,RIMR,ADA,RIM
7135,8238045,24339.8,30750.1,13750.0,1824261,8224122,1820217,8140998,ADAR,RIMR,ADA,RIM
7136,8238045,24339.8,30750.1,13750.0,1824261,8224122,1820155,8138952,ADAR,AVBR,ADA,AVB
7137,8238044,22699.7,30008.4,12450.0,1824261,8224377,1823838,8213477,ADAR,RIFR,ADA,RIF
7138,8238044,22699.7,30008.4,12450.0,1824261,8224377,1820217,8141024,ADAR,RIMR,ADA,RIM
7139,8238043,24625.6,28703.9,11150.0,1824261,8224174,1822686,8188857,ADAR,RMFR,ADA,RMF
7140,8238043,24625.6,28703.9,11150.0,1824261,8224174,1824100,8220601,ADAR,SAADR,ADA,SAAD
7141,8238042,24186.2,28452.6,10150.0,1824261,8224194,1820190,8139937,ADAR,AVAL,ADA,AVA
7142,8238042,24186.2,28452.6,10150.0,1824261,8224194,1823514,8205785,ADAR,RICL,ADA,RIC
7143,8238039,21196.2,25572.0,8900.0,1824261,8224345,1819966,8135697,ADAR,RIPR,ADA,RIP
7144,8238039,21196.2,25572.0,8900.0,1824261,8224345,1820155,8139056,ADAR,AVBR,ADA,AVB
7145,8238038,21111.0,24972.9,8700.0,1824261,8224341,1819966,8135693,ADAR,RIPR,ADA,RIP
7146,8238038,21111.0,24972.9,8700.0,1824261,8224341,1820155,8139060,ADAR,AVBR,ADA,AVB
7147,8238037,21539.8,25399.2,8400.0,1824261,8224239,1819966,8135687,ADAR,RIPR,ADA,RIP
7148,8238037,21539.8,25399.2,8400.0,1824261,8224239,1820155,8139610,ADAR,AVBR,ADA,AVB
7149,8238032,20779.9,24798.6,8400.0,1824261,8224244,1822153,8177588,ADAR,AVDL,ADA,AVD
7150,8238030,19192.3,22906.2,8550.0,1824261,8224315,1824396,8227746,ADAR,AVAR,ADA,AVA
7151,8238030,19192.3,22906.2,8550.0,1824261,8224315,1820155,8139065,ADAR,AVBR,ADA,AVB
7152,8238030,19192.3,22906.2,8550.0,1824261,8224315,1819505,8125486,ADAR,AVJL,ADA,AVJ
7153,8237944,19049.1,22537.2,8450.0,1824261,8224253,1819505,8125484,ADAR,AVJL,ADA,AVJ
7154,8237944,19049.1,22537.2,8450.0,1824261,8224253,1820155,8139073,ADAR,AVBR,ADA,AVB
7155,8237917,18381.3,22441.8,8450.0,1823320,8201713,1824396,8227744,ASHR,AVAR,ASH,AVA
7156,8237917,18381.3,22441.8,8450.0,1823320,8201713,1824261,8224253,ASHR,ADAR,ASH,ADA
7157,8237917,18381.3,22441.8,8450.0,1823320,8201713,1820155,8139073,ASHR,AVBR,ASH,AVB
7158,8237916,18318.3,21435.5,8200.0,1824261,8224258,1819505,8125174,ADAR,AVJL,ADA,AVJ
7159,8237916,18318.3,21435.5,8200.0,1824261,8224258,1819658,8128476,ADAR,URXR,ADA,URX
7160,8237915,18020.6,20801.7,8050.0,1824261,8224261,1820155,8139078,ADAR,AVBR,ADA,AVB
7161,8237915,18020.6,20801.7,8050.0,1824261,8224261,1819505,8125171,ADAR,AVJL,ADA,AVJ
7162,8237914,17538.4,19601.3,7500.0,1824261,8224272,1819505,8125492,ADAR,AVJL,ADA,AVJ
7163,8237914,17538.4,19601.3,7500.0,1824261,8224272,1820155,8139597,ADAR,AVBR,ADA,AVB
7164,8237914,17538.4,19601.3,7500.0,1824261,8224272,1820298,8141980,ADAR,AVER,ADA,AVE
7165,8237910,18792.6,16517.2,7850.0,1824261,8224298,1820155,8139592,ADAR,AVBR,ADA,AVB
7166,8237910,18792.6,16517.2,7850.0,1824261,8224298,1819505,8125495,ADAR,AVJL,ADA,AVJ
7167,8237909,18569.3,16678.2,7900.0,1824261,8224299,1820155,8139591,ADAR,AVBR,ADA,AVB
7168,8237909,18569.3,16678.2,7900.0,1824261,8224299,1819505,8125495,ADAR,AVJL,ADA,AVJ
7169,8237895,27628.4,32275.6,16450.0,1820254,8141813,1822484,8184501,RIML,ADAL,RIM,ADA
7170,8237895,27628.4,32275.6,16450.0,1820254,8141813,1823242,8199954,RIML,AVBL,RIM,AVB
7171,8237891,28094.1,29895.4,13050.0,1822263,8179588,1822484,8184532,DVA,ADAL,DVA,ADA
7172,8237891,28094.1,29895.4,13050.0,1822263,8179588,1820298,8142334,DVA,AVER,DVA,AVE
7173,8237888,33045.4,21841.4,8300.0,1822484,8184680,1823242,8200123,ADAL,AVBL,ADA,AVB
7174,8237886,28486.8,31365.3,15150.0,1822484,8184476,1820155,8139336,ADAL,AVBR,ADA,AVB
7175,8237886,28486.8,31365.3,15150.0,1822484,8184476,1820254,8141207,ADAL,RIML,ADA,RIM
7176,8237884,27776.6,30200.4,15200.0,1822484,8184443,1820254,8141799,ADAL,RIML,ADA,RIM
7177,8237884,27776.6,30200.4,15200.0,1822484,8184443,1820155,8139497,ADAL,AVBR,ADA,AVB
7178,8237884,27776.6,30200.4,15200.0,1822484,8184443,1820068,8137907,ADAL,AIBR,ADA,AIB
7179,8237882,27895.9,29635.9,14550.0,1822484,8184502,1823392,8203502,ADAL,RICR,ADA,RIC
7180,8237882,27895.9,29635.9,14550.0,1822484,8184502,1820155,8139323,ADAL,AVBR,ADA,AVB
7181,8237882,27895.9,29635.9,14550.0,1822484,8184502,1820254,8141776,ADAL,RIML,ADA,RIM
7182,8237867,28097.7,29803.8,13450.0,1822484,8184524,1822263,8179596,ADAL,DVA,ADA,DVA
7183,8237867,28097.7,29803.8,13450.0,1822484,8184524,1820298,8142342,ADAL,AVER,ADA,AVE
7184,8237867,28097.7,29803.8,13450.0,1822484,8184524,1820254,8141241,ADAL,RIML,ADA,RIM
7185,8237865,28055.3,29632.2,13300.0,1822484,8184527,1822263,8179593,ADAL,DVA,ADA,DVA
7186,8237865,28055.3,29632.2,13300.0,1822484,8184527,1820298,8142339,ADAL,AVER,ADA,AVE
7187,8237865,28055.3,29632.2,13300.0,1822484,8184527,1820254,8141244,ADAL,RIML,ADA,RIM
7188,8237863,28147.5,29507.2,13400.0,1822484,8184525,1820155,8139300,ADAL,AVBR,ADA,AVB
7189,8237863,28147.5,29507.2,13400.0,1822484,8184525,1820254,8141242,ADAL,RIML,ADA,RIM
7190,8237859,28131.9,29526.1,12950.0,1822484,8184534,1820298,8142332,ADAL,AVER,ADA,AVE
7191,8237859,28131.9,29526.1,12950.0,1822484,8184534,1820254,8141251,ADAL,RIML,ADA,RIM
7192,8237851,29964.3,27873.3,10100.0,1822484,8184596,1820155,8139234,ADAL,AVBR,ADA,AVB
7193,8237851,29964.3,27873.3,10100.0,1822484,8184596,1823392,8203412,ADAL,RICR,ADA,RIC
7194,8237849,32245.7,23530.6,8500.0,1822484,8184819,1819982,8136246,ADAL,RIPL,ADA,RIP
7195,8237849,32245.7,23530.6,8500.0,1822484,8184819,1823242,8200119,ADAL,AVBL,ADA,AVB
7196,8237847,32256.2,24829.0,8700.0,1822484,8184823,1823242,8200111,ADAL,AVBL,ADA,AVB
7197,8237847,32256.2,24829.0,8700.0,1822484,8184823,1819982,8136250,ADAL,RIPL,ADA,RIP
7198,8237845,32121.7,24433.7,8750.0,1822484,8184824,1819982,8136251,ADAL,RIPL,ADA,RIP
7199,8237842,33792.1,24219.4,9250.0,1822484,8184800,1820114,8138256,ADAL,AIBL,ADA,AIB
7200,8237842,33792.1,24219.4,9250.0,1822484,8184800,1824448,8228500,ADAL,AIAL,ADA,AIA
7201,8237838,34436.8,23596.8,9550.0,1822484,8184806,1824448,8228506,ADAL,AIAL,ADA,AIA
7202,8237838,34436.8,23596.8,9550.0,1822484,8184806,1820114,8138268,ADAL,AIBL,ADA,AIB
7203,8237827,33463.4,21257.2,8250.0,1822484,8184683,1822066,8175891,ADAL,AVJR,ADA,AVJ
7204,8237827,33463.4,21257.2,8250.0,1822484,8184683,1823242,8200124,ADAL,AVBL,ADA,AVB
7205,8237827,33463.4,21257.2,8250.0,1822484,8184683,1821041,8157283,ADAL,URXL,ADA,URX
7206,8237826,32288.8,16643.6,7900.0,1822484,8184707,1823242,8200604,ADAL,AVBL,ADA,AVB
7207,8237825,28900.8,14586.2,7400.0,1822484,8184745,1819982,8136072,ADAL,RIPL,ADA,RIP
7208,8237825,28900.8,14586.2,7400.0,1822484,8184745,1820155,8139565,ADAL,AVBR,ADA,AVB
7209,8237816,32708.7,22715.2,8350.0,1822484,8184655,1822066,8175889,ADAL,AVJR,ADA,AVJ
7210,8237816,32708.7,22715.2,8350.0,1822484,8184655,1823242,8200122,ADAL,AVBL,ADA,AVB
7211,8237813,31191.2,15454.2,7850.0,1822484,8184722,1820190,8139768,ADAL,AVAL,ADA,AVA
7212,8237813,31191.2,15454.2,7850.0,1822484,8184722,1823242,8200605,ADAL,AVBL,ADA,AVB
7213,8237807,29362.9,14564.2,7750.0,1822484,8184732,1820155,8139558,ADAL,AVBR,ADA,AVB
7214,8237807,29362.9,14564.2,7750.0,1822484,8184732,1819982,8136079,ADAL,RIPL,ADA,RIP
7215,8237803,29171.9,32099.8,19800.0,1824381,8226795,1824028,8218706,ADEL,ADER,ADE,ADE
7216,8237803,29171.9,32099.8,19800.0,1824381,8226795,1824194,8222540,ADEL,RIGL,ADE,RIG
7217,8237803,29171.9,32099.8,19800.0,1824381,8226795,1819915,8134787,ADEL,AVKR,ADE,AVK
7218,8237797,27372.6,30948.6,16300.0,1824381,8226885,1824491,8229282,ADEL,AVKL,ADE,AVK
7219,8237797,27372.6,30948.6,16300.0,1824381,8226885,1824194,8222626,ADEL,RIGL,ADE,RIG
7220,8237793,27518.5,30988.7,16750.0,1824381,8226894,1824491,8229273,ADEL,AVKL,ADE,AVK
7221,8237793,27518.5,30988.7,16750.0,1824381,8226894,1824194,8222617,ADEL,RIGL,ADE,RIG
7222,8237790,25773.8,30980.6,17850.0,1824381,8226942,1824134,8221133,ADEL,RIGR,ADE,RIG
7223,8237790,25773.8,30980.6,17850.0,1824381,8226942,1824307,8225176,ADEL,SIBVR,ADE,SIBV
7224,8237785,24728.4,31411.6,18650.0,1824381,8226958,1824028,8218596,ADEL,ADER,ADE,ADE
7225,8237785,24728.4,31411.6,18650.0,1824381,8226958,1824134,8221117,ADEL,RIGR,ADE,RIG
7226,8237781,24581.2,31665.3,19050.0,1824381,8226966,1824028,8218588,ADEL,ADER,ADE,ADE
7227,8237781,24581.2,31665.3,19050.0,1824381,8226966,1824134,8221109,ADEL,RIGR,ADE,RIG
7228,8237780,24644.9,33051.4,21100.0,1824381,8227005,1824134,8221069,ADEL,RIGR,ADE,RIG
7229,8237776,24690.2,33176.3,21650.0,1824381,8227016,1824067,8219474,ADEL,AQR,ADE,AQR
7230,8237776,24690.2,33176.3,21650.0,1824381,8227016,1824134,8221058,ADEL,RIGR,ADE,RIG
7231,8237774,24727.6,33319.2,21900.0,1824381,8227021,1824134,8221053,ADEL,RIGR,ADE,RIG
7232,8237763,24807.3,33471.6,22350.0,1824381,8227030,1824067,8219460,ADEL,AQR,ADE,AQR
7233,8237763,24807.3,33471.6,22350.0,1824381,8227030,1824134,8221044,ADEL,RIGR,ADE,RIG
7234,8237762,32281.3,20033.4,7200.0,1819707,8129160,1822686,8189151,ADEL,RMFR,ADE,RMF
7235,8237762,32281.3,20033.4,7200.0,1819707,8129160,1821235,8161810,ADEL,IL1L,ADE,IL1L/R
7236,8237761,32392.7,19871.8,7200.0,1819707,8129160,1821235,8161810,ADEL,IL1L,ADE,IL1L/R
7237,8237760,32442.8,19686.2,5350.0,1819707,8129211,1820449,8145445,ADEL,RMDL,ADE,RMDL/R
7238,8237760,32442.8,19686.2,5350.0,1819707,8129211,1821278,8162945,ADEL,OLLL,ADE,OLL
7239,8237758,32562.3,20398.8,4000.0,1819707,8129238,1821235,8161894,ADEL,IL1L,ADE,IL1L/R
7240,8237758,32562.3,20398.8,4000.0,1819707,8129238,1821278,8162972,ADEL,OLLL,ADE,OLL
7241,8237758,32562.3,20398.8,4000.0,1819707,8129238,1821264,8162589,ADEL,IL2L,ADE,IL2L/R
7242,8237757,33135.2,21000.3,3100.0,1819707,8129256,1821278,8162993,ADEL,OLLL,ADE,OLL
7243,8237743,31775.1,18230.9,8750.0,1819707,8129129,1819221,8120918,ADEL,CEPshDL,ADE,CEPshD
7244,8237736,32603.2,18464.3,5000.0,1819707,8129206,1820449,8145016,ADEL,RMDL,ADE,RMDL/R
7245,8237736,32603.2,18464.3,5000.0,1819707,8129206,1821140,8159448,ADEL,CEPDL,ADE,CEPD
7246,8237732,33689.8,17361.7,10650.0,1819707,8129092,1822574,8186441,ADEL,SAAVL,ADE,SAAV
7247,8237732,33689.8,17361.7,10650.0,1819707,8129092,1820634,8149437,ADEL,SMBDR,ADE,SMBD
7248,8237732,33689.8,17361.7,10650.0,1819707,8129092,1819716,8129313,ADEL,ALNL,ADE,ALN
7249,8237727,32815.2,17688.3,9850.0,1819707,8129107,1820634,8149421,ADEL,SMBDR,ADE,SMBD
7250,8237727,32815.2,17688.3,9850.0,1819707,8129107,1819716,8129328,ADEL,ALNL,ADE,ALN
7251,8237727,32815.2,17688.3,9850.0,1819707,8129107,1824100,8220886,ADEL,SAADR,ADE,SAAD
7252,8237726,32255.9,17945.4,9800.0,1819707,8129108,1819740,8129955,ADEL,ALML,ADE,ALM
7253,8237726,32255.9,17945.4,9800.0,1819707,8129108,1819435,8123951,ADEL,BDUL,ADE,BDU
7254,8237724,32804.8,18379.7,9750.0,1819707,8129109,1821235,8161760,ADEL,IL1L,ADE,IL1L/R
7255,8237724,32804.8,18379.7,9750.0,1819707,8129109,1823103,8197499,ADEL,ASJL,ADE,ASJ
7256,8237723,31951.4,19264.3,7400.0,1819707,8129156,1821140,8159331,ADEL,CEPDL,ADE,CEPD
7257,8237723,31951.4,19264.3,7400.0,1819707,8129156,1819225,8120919,ADEL,CEPshDL,ADE,CEPshD
7258,8237720,32589.7,19596.3,5450.0,1819707,8129195,1821278,8162943,ADEL,OLLL,ADE,OLL
7259,8237720,32589.7,19596.3,5450.0,1819707,8129195,1820413,8144581,ADEL,RMDR,ADE,RMDL/R
7260,8237720,32589.7,19596.3,5450.0,1819707,8129195,1820449,8145446,ADEL,RMDL,ADE,RMDL/R
7261,8237714,32327.7,19582.1,5200.0,1819707,8129214,1820449,8145437,ADEL,RMDL,ADE,RMDL/R
7262,8237713,32842.1,20709.0,3700.0,1819707,8129244,1821235,8161900,ADEL,IL1L,ADE,IL1L/R
7263,8237713,32842.1,20709.0,3700.0,1819707,8129244,1820662,8149797,ADEL,RMER,ADE,RMEL/R
7264,8237106,35615.9,21004.0,9050.0,1822636,8187966,1824469,8229100,AFDL,AIYL,AFD,AIY
7265,8237098,33330.8,15149.2,8400.0,1822636,8187989,1824469,8229046,AFDL,AIYL,AFD,AIY
7266,8237093,32835.2,14635.5,8450.0,1822636,8187988,1824469,8229062,AFDL,AIYL,AFD,AIY
7267,8237089,29236.6,32243.4,12850.0,1822636,8187840,1824469,8228879,AFDL,AIYL,AFD,AIY
7268,8237081,29930.7,31645.9,11200.0,1822636,8187873,1824469,8229123,AFDL,AIYL,AFD,AIY
7269,8237075,31104.4,30335.2,9400.0,1822636,8187908,1824469,8228949,AFDL,AIYL,AFD,AIY
7270,8237067,32647.5,28300.1,8250.0,1822636,8187932,1822984,8195240,AFDL,ASER,AFD,ASE
7271,8237067,32647.5,28300.1,8250.0,1822636,8187932,1824469,8228975,AFDL,AIYL,AFD,AIY
7272,8237066,35074.4,24684.9,8500.0,1822636,8187955,1824469,8229107,AFDL,AIYL,AFD,AIY
7273,8237064,35140.6,24454.3,8400.0,1822636,8187953,1824469,8229109,AFDL,AIYL,AFD,AIY
7274,8237052,35164.6,23937.2,8550.0,1822636,8187956,1824469,8229106,AFDL,AIYL,AFD,AIY
7275,8237047,26670.6,11696.6,9600.0,1822636,8188019,1824469,8229084,AFDL,AIYL,AFD,AIY
7276,8237043,24295.8,11548.0,9700.0,1822636,8188030,1824172,8222403,AFDL,AIYR,AFD,AIY
7277,8234926,28072.2,31585.8,14100.0,1819634,8127984,1823775,8211526,ADFL,SMBVL,ADF,SMBV
7278,8234926,28072.2,31585.8,14100.0,1819634,8127984,1822365,8181998,ADFL,RIAL,ADF,RIA
7279,8234913,30486.2,30074.1,8850.0,1819634,8128086,1822365,8181895,ADFL,RIAL,ADF,RIA
7280,8234913,30486.2,30074.1,8850.0,1819634,8128086,1823084,8197033,ADFL,AUAL,ADF,AUA
7281,8234908,28080.6,31713.2,14850.0,1819634,8127970,1823392,8203513,ADFL,RICR,ADF,RIC
7282,8234908,28080.6,31713.2,14850.0,1819634,8127970,1823562,8206615,ADFL,SIBVL,ADF,SIBV
7283,8234907,28201.9,31789.8,14200.0,1819634,8127982,1823775,8211524,ADFL,SMBVL,ADF,SMBV
7284,8234907,28201.9,31789.8,14200.0,1819634,8127982,1822365,8182000,ADFL,RIAL,ADF,RIA
7285,8234906,31619.2,29034.9,8050.0,1819634,8128233,1823084,8197049,ADFL,AUAL,ADF,AUA
7286,8234906,31619.2,29034.9,8050.0,1819634,8128233,1819995,8136464,ADFL,RIR,ADF,RIR
7287,8234904,31412.6,29257.5,8050.0,1819634,8128233,1822365,8181879,ADFL,RIAL,ADF,RIA
7288,8234904,31412.6,29257.5,8050.0,1819634,8128233,1819995,8136464,ADFL,RIR,ADF,RIR
7289,8234919,33888.9,25746.2,7600.0,1819634,8128219,1820832,8152147,ADFL,OLQVL,ADF,OLQV
7290,8234919,33888.9,25746.2,7600.0,1819634,8128219,1820843,8152472,ADFL,URYVL,ADF,URYV
7291,8234898,31810.1,14552.3,8650.0,1819634,8128185,1823428,8204006,ADFL,AIZL,ADF,AIZ
7292,8234898,31810.1,14552.3,8650.0,1819634,8128185,1822984,8195284,ADFL,ASER,ADF,ASE
7293,8234897,28817.6,12862.5,9050.0,1819634,8128179,1820114,8138723,ADFL,AIBL,ADF,AIB
7294,8234891,34068.0,25079.0,7600.0,1819634,8128214,1824194,8222845,ADFL,RIGL,ADF,RIG
7295,8234888,34414.3,18374.1,8650.0,1819634,8128199,1822365,8181818,ADFL,RIAL,ADF,RIA
7296,8234888,34414.3,18374.1,8650.0,1819634,8128199,1819995,8136529,ADFL,RIR,ADF,RIR
7297,8234882,28768.3,33602.4,16700.0,1819634,8127930,1823428,8203738,ADFL,AIZL,ADF,AIZ
7298,8234874,27496.4,31963.9,15300.0,1819634,8127961,1823356,8202825,ADFL,AIZR,ADF,AIZ
7299,8234874,27496.4,31963.9,15300.0,1819634,8127961,1823356,8202351,ADFL,AIZR,ADF,AIZ
7300,8234872,28259.4,31675.1,14500.0,1819634,8127976,1822484,8184461,ADFL,ADAL,ADF,ADA
7301,8234872,28259.4,31675.1,14500.0,1819634,8127976,1822365,8182006,ADFL,RIAL,ADF,RIA
7302,8234864,29069.6,30807.5,10350.0,1819634,8128058,1822365,8181924,ADFL,RIAL,ADF,RIA
7303,8234864,29069.6,30807.5,10350.0,1819634,8128058,1823428,8203863,ADFL,AIZL,ADF,AIZ
7304,8234862,29246.9,30190.6,10050.0,1819634,8128064,1820615,8148530,ADFL,SMBDL,ADF,SMBD
7305,8234862,29246.9,30190.6,10050.0,1819634,8128064,1822365,8181918,ADFL,RIAL,ADF,RIA
7306,8234859,29687.2,29914.6,9600.0,1819634,8128073,1823775,8211661,ADFL,SMBVL,ADF,SMBV
7307,8234859,29687.2,29914.6,9600.0,1819634,8128073,1822365,8181909,ADFL,RIAL,ADF,RIA
7308,8234857,29822.8,29875.5,9350.0,1819634,8128077,1823775,8211665,ADFL,SMBVL,ADF,SMBV
7309,8234857,29822.8,29875.5,9350.0,1819634,8128077,1822365,8181905,ADFL,RIAL,ADF,RIA
7310,8234854,30211.7,29800.4,9050.0,1819634,8128083,1822365,8181899,ADFL,RIAL,ADF,RIA
7311,8234854,30211.7,29800.4,9050.0,1819634,8128083,1823428,8203889,ADFL,AIZL,ADF,AIZ
7312,8234846,30153.4,30394.1,9100.0,1819634,8128082,1822365,8181900,ADFL,RIAL,ADF,RIA
7313,8234846,30153.4,30394.1,9100.0,1819634,8128082,1823084,8197028,ADFL,AUAL,ADF,AUA
7314,8234836,30924.7,29660.2,8450.0,1819634,8128094,1823084,8197041,ADFL,AUAL,ADF,AUA
7315,8234836,30924.7,29660.2,8450.0,1819634,8128094,1822365,8181887,ADFL,RIAL,ADF,RIA
7316,8234831,33812.9,25857.2,7750.0,1819634,8128112,1824194,8222864,ADFL,RIGL,ADF,RIG
7317,8234830,33651.2,26071.9,7750.0,1819634,8128112,1824194,8222864,ADFL,RIGL,ADF,RIG
7318,8234829,33563.8,26331.6,7800.0,1819634,8128110,1824194,8222858,ADFL,RIGL,ADF,RIG
7319,8234827,34232.3,24686.2,8000.0,1819634,8128118,1823428,8203950,ADFL,AIZL,ADF,AIZ
7320,8234827,34232.3,24686.2,8000.0,1819634,8128118,1819487,8124867,ADFL,PVQL,ADF,PVQ
7321,8234819,34547.4,18797.7,8750.0,1819634,8128197,1821041,8157362,ADFL,URXL,ADF,URX
7322,8234819,34547.4,18797.7,8750.0,1819634,8128197,1822365,8181816,ADFL,RIAL,ADF,RIA
7323,8234817,33982.5,18185.9,8800.0,1819634,8128144,1819587,8127430,ADFL,AVHR,ADF,AVH
7324,8234817,33982.5,18185.9,8800.0,1819634,8128144,1823150,8198607,ADFL,AWBL,ADF,AWB
7325,8234813,33105.4,15923.2,8700.0,1819634,8128151,1822984,8195277,ADFL,ASER,ADF,ASE
7326,8234813,33105.4,15923.2,8700.0,1819634,8128151,1823428,8204139,ADFL,AIZL,ADF,AIZ
7327,8234581,35358.7,19753.2,6850.0,1820068,8137621,1823055,8196423,AIBR,RIBL,AIB,RIB
7328,8234572,35303.4,20129.7,6800.0,1820068,8137619,1820254,8141721,AIBR,RIML,AIB,RIM
7329,8234572,35303.4,20129.7,6800.0,1820068,8137619,1823055,8196424,AIBR,RIBL,AIB,RIB
7330,8234564,34013.6,16153.4,7000.0,1820068,8137601,1824307,8225469,AIBR,SIBVR,AIB,SIBV
7331,8234564,34013.6,16153.4,7000.0,1820068,8137601,1822263,8179460,AIBR,DVA,AIB,DVA
7332,8234543,34435.0,17754.6,6600.0,1820068,8137608,1823055,8196636,AIBR,RIBL,AIB,RIB
7333,8234543,34435.0,17754.6,6600.0,1820068,8137608,1820254,8141706,AIBR,RIML,AIB,RIM
7334,8234517,27801.5,28969.8,10650.0,1820068,8137801,1820217,8140842,AIBR,RIMR,AIB,RIM
7335,8234517,27801.5,28969.8,10650.0,1820068,8137801,1824396,8227331,AIBR,AVAR,AIB,AVA
7336,8234517,27801.5,28969.8,10650.0,1820068,8137801,1819940,8135241,AIBR,RIVR,AIB,RIV
7337,8234517,27801.5,28969.8,10650.0,1820068,8137801,1823121,8197808,AIBR,SMDDL,AIB,SMDD
7338,8233944,35032.1,19392.1,6500.0,1820068,8137614,1820254,8141715,AIBR,RIML,AIB,RIM
7339,8233944,35032.1,19392.1,6500.0,1820068,8137614,1823055,8196630,AIBR,RIBL,AIB,RIB
7340,8233942,35423.9,20931.6,7250.0,1820068,8137636,1820254,8141730,AIBR,RIML,AIB,RIM
7341,8233942,35423.9,20931.6,7250.0,1820068,8137636,1824067,8219765,AIBR,AQR,AIB,AQR
7342,8233942,35423.9,20931.6,7250.0,1820068,8137636,1820155,8139146,AIBR,AVBR,AIB,AVB
7343,8233942,35423.9,20931.6,7250.0,1820068,8137636,1823055,8196415,AIBR,RIBL,AIB,RIB
7344,8233941,25611.3,11784.0,8450.0,1820068,8137549,1820039,8136936,AIBR,BAGR,AIB,BAG
7345,8233941,25611.3,11784.0,8450.0,1820068,8137549,1823055,8196472,AIBR,RIBL,AIB,RIB
7346,8233938,27233.2,29029.5,9600.0,1820068,8137800,1823121,8197829,AIBR,SMDDL,AIB,SMDD
7347,8233938,27233.2,29029.5,9600.0,1820068,8137800,1820217,8140822,AIBR,RIMR,AIB,RIM
7348,8233937,31347.4,27366.6,7250.0,1820068,8137699,1824214,8223360,AIBR,SAADL,AIB,SAAD
7349,8233937,31347.4,27366.6,7250.0,1820068,8137699,1823728,8210671,AIBR,RMFL,AIB,RMF
7350,8233936,33739.6,23626.4,6450.0,1820068,8137672,1820155,8139531,AIBR,AVBR,AIB,AVB
7351,8233936,33739.6,23626.4,6450.0,1820068,8137672,1820254,8141761,AIBR,RIML,AIB,RIM
7352,8233934,17637.6,22031.1,9750.0,1819686,8128906,1820068,8138007,AIAR,AIBR,AIA,AIB
7353,8233934,17637.6,22031.1,9750.0,1819686,8128906,1822848,8192272,AIAR,ASKR,AIA,ASK
7354,8233934,17637.6,22031.1,9750.0,1819686,8128906,1819351,8122328,AIAR,HSNL,AIA,HSN
7355,8233931,28113.2,30978.3,15150.0,1820068,8137900,1820254,8141207,AIBR,RIML,AIB,RIM
7356,8233931,28113.2,30978.3,15150.0,1820068,8137900,1820155,8139336,AIBR,AVBR,AIB,AVB
7357,8233924,30304.7,13456.0,6500.0,1820068,8137961,1820254,8141409,AIBR,RIML,AIB,RIM
7358,8233924,30304.7,13456.0,6500.0,1820068,8137961,1820552,8147537,AIBR,SMDVL,AIB,SMDV
7359,8233923,30426.6,13562.0,6500.0,1820068,8137961,1820254,8141409,AIBR,RIML,AIB,RIM
7360,8233923,30426.6,13562.0,6500.0,1820068,8137961,1820552,8147537,AIBR,SMDVL,AIB,SMDV
7361,8233916,29186.7,12748.2,6300.0,1820068,8137965,1824214,8223450,AIBR,SAADL,AIB,SAAD
7362,8233916,29186.7,12748.2,6300.0,1820068,8137965,1820552,8147524,AIBR,SMDVL,AIB,SMDV
7363,8233881,27034.2,11995.8,6850.0,1820068,8137581,1820254,8141682,AIBR,RIML,AIB,RIM
7364,8233881,27034.2,11995.8,6850.0,1820068,8137581,1820552,8147535,AIBR,SMDVL,AIB,SMDV
7365,8233881,27034.2,11995.8,6850.0,1820068,8137581,1824100,8220969,AIBR,SAADR,AIB,SAAD
7366,8233874,27691.9,12099.5,6750.0,1820068,8137583,1820254,8141412,AIBR,RIML,AIB,RIM
7367,8233874,27691.9,12099.5,6750.0,1820068,8137583,1820552,8147533,AIBR,SMDVL,AIB,SMDV
7368,8233873,29201.0,12644.7,6600.0,1820068,8137586,1820552,8147541,AIBR,SMDVL,AIB,SMDV
7369,8233873,29201.0,12644.7,6600.0,1820068,8137586,1820254,8141696,AIBR,RIML,AIB,RIM
7370,8233858,28543.7,12323.2,6600.0,1820068,8137586,1820254,8141696,AIBR,RIML,AIB,RIM
7371,8233858,28543.7,12323.2,6600.0,1820068,8137586,1820552,8147541,AIBR,SMDVL,AIB,SMDV
7372,8233850,29921.2,13010.3,6600.0,1820068,8137586,1820254,8141408,AIBR,RIML,AIB,RIM
7373,8233850,29921.2,13010.3,6600.0,1820068,8137586,1820552,8147539,AIBR,SMDVL,AIB,SMDV
7374,8233840,29733.0,12888.4,6600.0,1820068,8137586,1820552,8147541,AIBR,SMDVL,AIB,SMDV
7375,8233840,29733.0,12888.4,6600.0,1820068,8137586,1820254,8141696,AIBR,RIML,AIB,RIM
7376,8233836,32840.9,15059.4,6600.0,1820068,8137592,1823055,8196509,AIBR,RIBL,AIB,RIB
7377,8233836,32840.9,15059.4,6600.0,1820068,8137592,1819824,8132399,AIBR,DVC,AIB,DVC
7378,8233834,32981.1,25442.1,7000.0,1820068,8137687,1823728,8210680,AIBR,RMFL,AIB,RMF
7379,8233834,32981.1,25442.1,7000.0,1820068,8137687,1820155,8139175,AIBR,AVBR,AIB,AVB
7380,8233826,28118.1,29064.9,10300.0,1820068,8137771,1820522,8146471,AIBR,SAAVR,AIB,SAAV
7381,8233826,28118.1,29064.9,10300.0,1820068,8137771,1820254,8141304,AIBR,RIML,AIB,RIM
7382,8233787,24870.6,28190.8,6600.0,1819574,8126744,1821212,8161569,CEPVR,OLLR,CEPV,OLL
7383,8233787,24870.6,28190.8,6600.0,1819574,8126744,1821212,8161573,CEPVR,OLLR,CEPV,OLL
7384,8233787,24870.6,28190.8,6600.0,1819574,8126744,1820370,8143513,CEPVR,AVEL,CEPV,AVE
7385,8233784,25305.5,27899.8,6350.0,1819574,8126749,1822332,8181136,CEPVR,RMDDR,CEPV,RMDD
7386,8233784,25305.5,27899.8,6350.0,1819574,8126749,1821212,8161564,CEPVR,OLLR,CEPV,OLL
7387,8233784,25305.5,27899.8,6350.0,1819574,8126749,1820908,8154149,CEPVR,IL1VR,CEPV,IL1V
7388,8233784,25305.5,27899.8,6350.0,1819574,8126749,1820861,8153043,CEPVR,URYVR,CEPV,URYV
7389,8233782,24301.3,27847.1,6150.0,1819574,8126753,1820370,8143504,CEPVR,AVEL,CEPV,AVE
7390,8233782,24301.3,27847.1,6150.0,1819574,8126753,1821212,8161560,CEPVR,OLLR,CEPV,OLL
7391,8233780,23238.1,26948.8,5650.0,1819574,8126763,1821212,8161550,CEPVR,OLLR,CEPV,OLL
7392,8233780,23238.1,26948.8,5650.0,1819574,8126763,1822332,8181151,CEPVR,RMDDR,CEPV,RMDD
7393,8233778,21333.3,25501.2,4400.0,1819574,8126788,1822332,8181194,CEPVR,RMDDR,CEPV,RMDD
7394,8233778,21333.3,25501.2,4400.0,1819574,8126788,1821212,8161525,CEPVR,OLLR,CEPV,OLL
7395,8233771,20864.2,24976.9,4050.0,1819574,8126795,1820370,8143462,CEPVR,AVEL,CEPV,AVE
7396,8233771,20864.2,24976.9,4050.0,1819574,8126795,1821212,8161518,CEPVR,OLLR,CEPV,OLL
7397,8233771,20864.2,24976.9,4050.0,1819574,8126795,1822332,8181201,CEPVR,RMDDR,CEPV,RMDD
7398,8233752,19971.0,23993.2,3700.0,1819574,8126802,1821212,8161511,CEPVR,OLLR,CEPV,OLL
7399,8233752,19971.0,23993.2,3700.0,1819574,8126802,1822332,8181617,CEPVR,RMDDR,CEPV,RMDD
7400,8233562,18993.2,18306.9,7700.0,1819847,8132559,1819229,8120920,ADER,CEPshDR,ADE,CEPshD
7401,8233557,16194.7,16581.7,9400.0,1819847,8132682,1819940,8135009,ADER,RIVR,ADE,RIV
7402,8233537,17975.8,18129.3,9150.0,1819847,8132527,1821172,8160236,ADER,IL1R,ADE,IL1L/R
7403,8233537,17975.8,18129.3,9150.0,1819847,8132527,1821184,8160577,ADER,URBR,ADE,URB
7404,8233533,19833.3,21672.9,8050.0,1819847,8132549,1819574,8126888,ADER,CEPVR,ADE,CEPV
7405,8233511,18826.8,19719.2,7200.0,1819847,8132584,1821172,8160275,ADER,IL1R,ADE,IL1L/R
7406,8233511,18826.8,19719.2,7200.0,1819847,8132584,1823728,8210945,ADER,RMFL,ADE,RMF
7407,8233506,18577.1,19775.3,6550.0,1819847,8132597,1823698,8209860,ADER,SMBVR,ADE,SMBV
7408,8233505,18990.4,19881.3,6550.0,1819847,8132597,1821378,8165348,ADER,BWM-DR04,ADE,BWM04D
7409,8233505,18990.4,19881.3,6550.0,1819847,8132597,1820969,8155808,ADER,CEPDR,ADE,CEPD
7410,8233498,18627.9,19862.8,5300.0,1819847,8132622,1821212,8161346,ADER,OLLR,ADE,OLL
7411,8233498,18627.9,19862.8,5300.0,1819847,8132622,1820413,8144729,ADER,RMDR,ADE,RMDL/R
7412,8233491,19055.9,18029.1,7500.0,1819847,8132563,1819233,8120921,ADER,CEPshDR,ADE,CEPshD
7413,8233490,17995.8,19258.7,8800.0,1819847,8132534,1819237,8120926,ADER,NRfragment,ADE,NRfragment
7414,8233490,17995.8,19258.7,8800.0,1819847,8132534,1819857,8133452,ADER,RMGR,ADE,RMG
7415,8233489,18554.9,18670.3,8700.0,1819847,8132536,1819330,8121764,ADER,PVNR,ADE,PVN
7416,8233484,19612.2,21395.0,7900.0,1819847,8132570,1819574,8126885,ADER,CEPVR,ADE,CEPV
7417,8233482,19821.3,21779.0,7500.0,1819847,8132578,1820413,8144320,ADER,RMDR,ADE,RMDL/R
7418,8233476,18671.5,19870.9,6750.0,1819847,8132593,1823728,8210941,ADER,RMFL,ADE,RMF
7419,8233476,18671.5,19870.9,6750.0,1819847,8132593,1821199,8160965,ADER,IL2R,ADE,IL2L/R
7420,8233456,18563.2,19632.3,5500.0,1819847,8132618,1822505,8185386,ADER,RMHL,ADE,RMH
7421,8233456,18563.2,19632.3,5500.0,1819847,8132618,1820449,8145360,ADER,RMDL,ADE,RMDL/R
7422,8233453,18742.6,20480.5,3350.0,1819847,8132661,1821199,8161033,ADER,IL2R,ADE,IL2L/R
7423,8233453,18742.6,20480.5,3350.0,1819847,8132661,1821212,8161385,ADER,OLLR,ADE,OLL
7424,8233047,34076.4,22996.3,6400.0,1820068,8137667,1820254,8141760,AIBR,RIML,AIB,RIM
7425,8233047,34076.4,22996.3,6400.0,1820068,8137667,1820155,8139168,AIBR,AVBR,AIB,AVB
7426,8233004,33496.4,24029.6,6400.0,1820068,8137673,1820254,8141381,AIBR,RIML,AIB,RIM
7427,8233004,33496.4,24029.6,6400.0,1820068,8137673,1820155,8139532,AIBR,AVBR,AIB,AVB
7428,8232958,33883.8,23290.5,6500.0,1820068,8137677,1820155,8139530,AIBR,AVBR,AIB,AVB
7429,8232958,33883.8,23290.5,6500.0,1820068,8137677,1820254,8141762,AIBR,RIML,AIB,RIM
7430,8232880,33166.8,24661.0,6650.0,1820068,8137680,1820254,8141376,AIBR,RIML,AIB,RIM
7431,8232880,33166.8,24661.0,6650.0,1820068,8137680,1820155,8139527,AIBR,AVBR,AIB,AVB
7432,8232771,30541.8,28041.3,8000.0,1820068,8137716,1820254,8141349,AIBR,RIML,AIB,RIM
7433,8232771,30541.8,28041.3,8000.0,1820068,8137716,1823601,8207679,AIBR,SIADL,AIB,SIAD
7434,8232771,30541.8,28041.3,8000.0,1820068,8137716,1824214,8223346,AIBR,SAADL,AIB,SAAD
7435,8232700,30099.3,28462.6,8350.0,1820068,8137727,1822263,8179497,AIBR,DVA,AIB,DVA
7436,8232628,27780.9,30641.6,14800.0,1820068,8137893,1820254,8141215,AIBR,RIML,AIB,RIM
7437,8232628,27780.9,30641.6,14800.0,1820068,8137893,1822484,8184451,AIBR,ADAL,AIB,ADA
7438,8232577,27342.3,29886.0,13150.0,1820068,8137851,1822365,8182034,AIBR,RIAL,AIB,RIA
7439,8232577,27342.3,29886.0,13150.0,1820068,8137851,1824396,8227381,AIBR,AVAR,AIB,AVA
7440,8232577,27342.3,29886.0,13150.0,1820068,8137851,1820298,8142336,AIBR,AVER,AIB,AVE
7441,8232577,27342.3,29886.0,13150.0,1820068,8137851,1820254,8141247,AIBR,RIML,AIB,RIM
7442,8230497,20826.8,12968.1,6850.0,1820114,8138371,1820590,8148221,AIBL,SMDVR,AIB,SMDV
7443,8230497,20826.8,12968.1,6850.0,1820114,8138371,1820217,8140657,AIBL,RIMR,AIB,RIM
7444,8230496,21038.8,12851.5,6850.0,1820114,8138371,1820590,8148221,AIBL,SMDVR,AIB,SMDV
7445,8230496,21038.8,12851.5,6850.0,1820114,8138371,1820217,8140657,AIBL,RIMR,AIB,RIM
7446,8230495,21356.8,12703.1,6850.0,1820114,8138371,1820590,8148221,AIBL,SMDVR,AIB,SMDV
7447,8230495,21356.8,12703.1,6850.0,1820114,8138371,1820217,8140657,AIBL,RIMR,AIB,RIM
7448,8230494,21555.6,12631.5,6850.0,1820114,8138371,1820590,8148221,AIBL,SMDVR,AIB,SMDV
7449,8230494,21555.6,12631.5,6850.0,1820114,8138371,1820217,8140657,AIBL,RIMR,AIB,RIM
7450,8230491,24942.5,11828.4,6950.0,1820114,8138368,1824214,8223684,AIBL,SAADL,AIB,SAAD
7451,8230491,24942.5,11828.4,6950.0,1820114,8138368,1820217,8140931,AIBL,RIMR,AIB,RIM
7452,8230481,23721.1,12242.3,6800.0,1820114,8138372,1820590,8148221,AIBL,SMDVR,AIB,SMDV
7453,8230481,23721.1,12242.3,6800.0,1820114,8138372,1820217,8140659,AIBL,RIMR,AIB,RIM
7454,8230480,23379.2,12306.0,6800.0,1820114,8138372,1820590,8148221,AIBL,SMDVR,AIB,SMDV
7455,8230480,23379.2,12306.0,6800.0,1820114,8138372,1820217,8140659,AIBL,RIMR,AIB,RIM
7456,8230478,22984.3,12284.8,6800.0,1820114,8138372,1820590,8148221,AIBL,SMDVR,AIB,SMDV
7457,8230478,22984.3,12284.8,6800.0,1820114,8138372,1820217,8140659,AIBL,RIMR,AIB,RIM
7458,8230477,22626.6,12377.5,6800.0,1820114,8138372,1820590,8148221,AIBL,SMDVR,AIB,SMDV
7459,8230477,22626.6,12377.5,6800.0,1820114,8138372,1820217,8140659,AIBL,RIMR,AIB,RIM
7460,8230475,24624.7,11964.1,6850.0,1820114,8138371,1820217,8140658,AIBL,RIMR,AIB,RIM
7461,8230475,24624.7,11964.1,6850.0,1820114,8138371,1824214,8223683,AIBL,SAADL,AIB,SAAD
7462,8230472,24137.1,12112.5,6800.0,1820114,8138372,1820590,8148221,AIBL,SMDVR,AIB,SMDV
7463,8230472,24137.1,12112.5,6800.0,1820114,8138372,1824214,8223682,AIBL,SAADL,AIB,SAAD
7464,8230472,24137.1,12112.5,6800.0,1820114,8138372,1820217,8140659,AIBL,RIMR,AIB,RIM
7465,8230467,16711.9,20525.2,6350.0,1820114,8138429,1820190,8140203,AIBL,AVAL,AIB,AVA
7466,8230467,16711.9,20525.2,6350.0,1820114,8138429,1822886,8193416,AIBL,RIBR,AIB,RIB
7467,8230464,16388.2,22168.8,7300.0,1820114,8138458,1820217,8140976,AIBL,RIMR,AIB,RIM
7468,8230464,16388.2,22168.8,7300.0,1820114,8138458,1822886,8193157,AIBL,RIBR,AIB,RIB
7469,8230452,16879.1,21313.4,6050.0,1820114,8138473,1820190,8140198,AIBL,AVAL,AIB,AVA
7470,8230452,16879.1,21313.4,6050.0,1820114,8138473,1820217,8140950,AIBL,RIMR,AIB,RIM
7471,8230434,17510.4,23095.4,6550.0,1820114,8138461,1823242,8200551,AIBL,AVBL,AIB,AVB
7472,8230432,17489.2,14574.4,7050.0,1820114,8138705,1822886,8193214,AIBL,RIBR,AIB,RIB
7473,8230426,25102.5,11791.2,8300.0,1820114,8138341,1822962,8194686,AIBL,AUAR,AIB,AUA
7474,8230426,25102.5,11791.2,8300.0,1820114,8138341,1822886,8193397,AIBL,RIBR,AIB,RIB
7475,8230426,25102.5,11791.2,8300.0,1820114,8138341,1823055,8196475,AIBL,RIBL,AIB,RIB
7476,8230419,17229.9,23560.2,6450.0,1820114,8138463,1824134,8221401,AIBL,RIGR,AIB,RIG
7477,8230415,16534.3,19878.2,6250.0,1820114,8138427,1822886,8193417,AIBL,RIBR,AIB,RIB
7478,8230415,16534.3,19878.2,6250.0,1820114,8138427,1820190,8140202,AIBL,AVAL,AIB,AVA
7479,8230415,16534.3,19878.2,6250.0,1820114,8138427,1820217,8140633,AIBL,RIMR,AIB,RIM
7480,8230407,16802.2,21619.3,6550.0,1820114,8138443,1820217,8140961,AIBL,RIMR,AIB,RIM
7481,8230407,16802.2,21619.3,6550.0,1820114,8138443,1823242,8200557,AIBL,AVBL,AIB,AVB
7482,8230402,18013.0,22950.1,6400.0,1820114,8138476,1823242,8200553,AIBL,AVBL,AIB,AVB
7483,8230402,18013.0,22950.1,6400.0,1820114,8138476,1820217,8140958,AIBL,RIMR,AIB,RIM
7484,8230395,17660.6,22557.9,6400.0,1820114,8138476,1823242,8200553,AIBL,AVBL,AIB,AVB
7485,8230395,17660.6,22557.9,6400.0,1820114,8138476,1820217,8140958,AIBL,RIMR,AIB,RIM
7486,8230392,18479.3,23413.3,6450.0,1820114,8138477,1820217,8140624,AIBL,RIMR,AIB,RIM
7487,8230392,18479.3,23413.3,6450.0,1820114,8138477,1823242,8200555,AIBL,AVBL,AIB,AVB
7488,8230391,19745.8,25287.5,6950.0,1820114,8138487,1820217,8140614,AIBL,RIMR,AIB,RIM
7489,8230391,19745.8,25287.5,6950.0,1820114,8138487,1823242,8200218,AIBL,AVBL,AIB,AVB
7490,8230388,19981.4,25509.6,7050.0,1820114,8138489,1820190,8139876,AIBL,AVAL,AIB,AVA
7491,8230388,19981.4,25509.6,7050.0,1820114,8138489,1820217,8140612,AIBL,RIMR,AIB,RIM
7492,8230388,19981.4,25509.6,7050.0,1820114,8138489,1823242,8200220,AIBL,AVBL,AIB,AVB
7493,8230387,20593.6,26135.0,7350.0,1820114,8138495,1823242,8200226,AIBL,AVBL,AIB,AVB
7494,8230387,20593.6,26135.0,7350.0,1820114,8138495,1820217,8140606,AIBL,RIMR,AIB,RIM
7495,8230386,23445.0,28957.7,8400.0,1820114,8138525,1820217,8140586,AIBL,RIMR,AIB,RIM
7496,8230386,23445.0,28957.7,8400.0,1820114,8138525,1824100,8220655,AIBL,SAADR,AIB,SAAD
7497,8230380,25225.9,29204.1,9400.0,1820114,8138545,1823630,8208299,AIBL,SMDDR,AIB,SMDD
7498,8230380,25225.9,29204.1,9400.0,1820114,8138545,1820254,8141557,AIBL,RIML,AIB,RIM
7499,8230378,25390.9,29116.8,10050.0,1820114,8138560,1823630,8208287,AIBL,SMDDR,AIB,SMDD
7500,8230378,25390.9,29116.8,10050.0,1820114,8138560,1820217,8140554,AIBL,RIMR,AIB,RIM
7501,8230370,25579.1,29201.6,10400.0,1820114,8138567,1823630,8208280,AIBL,SMDDR,AIB,SMDD
7502,8230370,25579.1,29201.6,10400.0,1820114,8138567,1820217,8140547,AIBL,RIMR,AIB,RIM
7503,8230368,25586.2,29241.2,10650.0,1820114,8138572,1820217,8140542,AIBL,RIMR,AIB,RIM
7504,8230368,25586.2,29241.2,10650.0,1820114,8138572,1823630,8208275,AIBL,SMDDR,AIB,SMDD
7505,8230364,26082.6,29850.8,13450.0,1820114,8138627,1820190,8140003,AIBL,AVAL,AIB,AVA
7506,8230364,26082.6,29850.8,13450.0,1820114,8138627,1820370,8143669,AIBL,AVEL,AIB,AVE
7507,8230362,26111.3,30014.3,13750.0,1820114,8138632,1824396,8227393,AIBL,AVAR,AIB,AVA
7508,8230362,26111.3,30014.3,13750.0,1820114,8138632,1820190,8140008,AIBL,AVAL,AIB,AVA
7509,8230351,25496.7,30865.5,15050.0,1820114,8138667,1824261,8230355,AIBL,ADAR,AIB,ADA
7510,8230351,25496.7,30865.5,15050.0,1820114,8138667,1823242,8200377,AIBL,AVBL,AIB,AVB
7511,8230351,25496.7,30865.5,15050.0,1820114,8138667,1820217,8140453,AIBL,RIMR,AIB,RIM
