,connector_id,x,y,z,pre_skid,pre_node,post_skid,post_node,pre,post,pre_pair,post_pair
0,8414886,48935.0,30485.0,12030.0,1859368,8402588,1854528,8285031,ADAL,AVBR,ADA,AVB
1,8414886,48935.0,30485.0,12030.0,1859368,8402588,1859413,8403488,ADAL,RIML,ADA,RIM
2,8414886,48935.0,30485.0,12030.0,1859368,8402588,1857842,8366274,ADAL,AVBL,ADA,AVB
3,8414874,36700.0,18958.0,5910.0,1859368,8403229,1854528,8284199,ADAL,AVBR,ADA,AVB
4,8414874,36700.0,18958.0,5910.0,1859368,8403229,1854405,8281324,ADAL,AVJL,ADA,AVJ
5,8414874,36700.0,18958.0,5910.0,1859368,8403229,1857842,8366851,ADAL,AVBL,ADA,AVB
6,8414894,41120.0,22656.0,16710.0,1859368,8403251,1857842,8366492,ADAL,AVBL,ADA,AVB
7,8414894,41120.0,22656.0,16710.0,1859368,8403251,1858050,8372261,ADAL,AVJR,ADA,AVJ
8,8414896,39660.0,20932.0,16410.0,1859368,8403241,1857842,8366501,ADAL,AVBL,ADA,AVB
9,8414896,39660.0,20932.0,16410.0,1859368,8403241,1858050,8372244,ADAL,AVJR,ADA,AVJ
10,8414897,40888.0,22192.0,16560.0,1859368,8403246,1857842,8366497,ADAL,AVBL,ADA,AVB
11,8414897,40888.0,22192.0,16560.0,1859368,8403246,1858050,8372256,ADAL,AVJR,ADA,AVJ
12,8414881,38234.0,18240.0,13500.0,1859368,8402980,1855391,8307946,ADAL,AVAL,ADA,AVA
13,8414881,38234.0,18240.0,13500.0,1859368,8402980,1857842,8366601,ADAL,AVBL,ADA,AVB
14,8414881,38234.0,18240.0,13500.0,1859368,8402980,1858050,8372143,ADAL,AVJR,ADA,AVJ
15,8417759,38390.0,18276.0,13770.0,1859368,8402971,1855391,8307929,ADAL,AVAL,ADA,AVA
16,8417759,38390.0,18276.0,13770.0,1859368,8402971,1858050,8372152,ADAL,AVJR,ADA,AVJ
17,8417759,38390.0,18276.0,13770.0,1859368,8402971,1857842,8366592,ADAL,AVBL,ADA,AVB
18,8414891,41864.0,24028.0,16410.0,1859368,8403283,1858005,8371310,ADAL,AVDR,ADA,AVD
19,8414891,41864.0,24028.0,16410.0,1859368,8403283,1857842,8366448,ADAL,AVBL,ADA,AVB
20,8414891,41864.0,24028.0,16410.0,1859368,8403283,1858050,8372280,ADAL,AVJR,ADA,AVJ
21,8417754,42126.0,25550.0,15390.0,1859368,8402826,1853712,8262673,ADAL,RIPL,ADA,RIP
22,8417754,42126.0,25550.0,15390.0,1859368,8402826,1859048,8393481,ADAL,OLQVL,ADA,OLQV
23,8417754,42126.0,25550.0,15390.0,1859368,8402826,1857842,8366415,ADAL,AVBL,ADA,AVB
24,8414888,48355.0,29837.0,11940.0,1859368,8402585,1857842,8366277,ADAL,AVBL,ADA,AVB
25,8414888,48355.0,29837.0,11940.0,1859368,8402585,1859413,8403585,ADAL,RIML,ADA,RIM
26,8414892,48407.0,30081.0,12840.0,1859368,8402668,1857842,8367337,ADAL,AVBL,ADA,AVB
27,8414892,48407.0,30081.0,12840.0,1859368,8402668,1859413,8403579,ADAL,RIML,ADA,RIM
28,8414893,48979.0,30401.0,12780.0,1859368,8402666,1859413,8403513,ADAL,RIML,ADA,RIM
29,8414893,48979.0,30401.0,12780.0,1859368,8402666,1857842,8366302,ADAL,AVBL,ADA,AVB
30,8414899,49047.0,30549.0,12600.0,1859368,8402652,1859413,8403507,ADAL,RIML,ADA,RIM
31,8414899,49047.0,30549.0,12600.0,1859368,8402652,1857842,8366296,ADAL,AVBL,ADA,AVB
32,8417757,41730.0,25006.0,15330.0,1859368,8402813,1853712,8262663,ADAL,RIPL,ADA,RIP
33,8417757,41730.0,25006.0,15330.0,1859368,8402813,1857842,8366413,ADAL,AVBL,ADA,AVB
34,8417524,41730.0,25074.0,15300.0,1859368,8402814,1857842,8366408,ADAL,AVBL,ADA,AVB
35,8417524,41730.0,25074.0,15300.0,1859368,8402814,1853712,8262663,ADAL,RIPL,ADA,RIP
36,8417524,41730.0,25074.0,15300.0,1859368,8402814,1853712,8262665,ADAL,RIPL,ADA,RIP
37,8414877,36612.0,18986.0,6180.0,1859368,8403220,1856058,8323953,ADAL,RIPR,ADA,RIP
38,8414877,36612.0,18986.0,6180.0,1859368,8403220,1857842,8366842,ADAL,AVBL,ADA,AVB
39,8414878,37098.0,17599.0,11310.0,1859368,8403051,1853712,8262864,ADAL,RIPL,ADA,RIP
40,8414878,37098.0,17599.0,11310.0,1859368,8403051,1854528,8285102,ADAL,AVBR,ADA,AVB
41,8414879,37394.0,17591.0,11520.0,1859368,8403044,1854528,8284392,ADAL,AVBR,ADA,AVB
42,8414879,37394.0,17591.0,11520.0,1859368,8403044,1853712,8262857,ADAL,RIPL,ADA,RIP
43,8414880,37652.0,17622.0,11790.0,1859368,8403036,1853712,8262849,ADAL,RIPL,ADA,RIP
44,8414880,37652.0,17622.0,11790.0,1859368,8403036,1858050,8372086,ADAL,AVJR,ADA,AVJ
45,8414880,37652.0,17622.0,11790.0,1859368,8403036,1854528,8284400,ADAL,AVBR,ADA,AVB
46,8414875,36796.0,19002.0,5970.0,1859368,8403227,1854528,8284201,ADAL,AVBR,ADA,AVB
47,8414875,36796.0,19002.0,5970.0,1859368,8403227,1856058,8323939,ADAL,RIPR,ADA,RIP
48,8417525,44711.0,28625.0,12720.0,1859368,8402725,1852675,8241042,ADAL,RMFL,ADA,RMF
49,8417525,44711.0,28625.0,12720.0,1859368,8402725,1852778,8243384,ADAL,AVAR,ADA,AVA
50,8414882,44418.0,28654.0,13080.0,1859368,8402737,1859413,8403673,ADAL,RIML,ADA,RIM
51,8414882,44418.0,28654.0,13080.0,1859368,8402737,1852675,8241054,ADAL,RMFL,ADA,RMF
52,8414882,44418.0,28654.0,13080.0,1859368,8402737,1859300,8400236,ADAL,SAADL,ADA,SAAD
53,8414890,52531.0,30637.0,11640.0,1859368,8402504,1854175,8276331,ADAL,SMDVR,ADA,SMDV
54,8417537,43648.0,29568.0,8130.0,1855712,8316188,1853942,8268665,ADAR,RMFR,ADA,RMF
55,8417537,43648.0,29568.0,8130.0,1855712,8316188,1855391,8308456,ADAR,AVAL,ADA,AVA
56,8417530,38588.0,23781.0,3840.0,1855712,8316443,1852778,8243762,ADAR,AVAR,ADA,AVA
57,8417530,38588.0,23781.0,3840.0,1855712,8316443,1854528,8284108,ADAR,AVBR,ADA,AVB
58,8417542,51504.0,32230.0,8730.0,1855712,8316052,1857842,8367294,ADAR,AVBL,ADA,AVB
59,8417542,51504.0,32230.0,8730.0,1855712,8316052,1854528,8285128,ADAR,AVBR,ADA,AVB
60,8417540,50120.0,31228.0,8730.0,1855712,8316073,1857842,8367158,ADAR,AVBL,ADA,AVB
61,8417540,50120.0,31228.0,8730.0,1855712,8316073,1853861,8266554,ADAR,RIMR,ADA,RIM
62,8417540,50120.0,31228.0,8730.0,1855712,8316073,1854528,8285128,ADAR,AVBR,ADA,AVB
63,8417543,51144.0,32068.0,8820.0,1855712,8316049,1853861,8266551,ADAR,RIMR,ADA,RIM
64,8417543,51144.0,32068.0,8820.0,1855712,8316049,1857842,8367161,ADAR,AVBL,ADA,AVB
65,8417543,51144.0,32068.0,8820.0,1855712,8316049,1854528,8285131,ADAR,AVBR,ADA,AVB
66,8416477,37138.0,20548.0,4710.0,1855712,8316372,1854405,8281364,ADAR,AVJL,ADA,AVJ
67,8416477,37138.0,20548.0,4710.0,1855712,8316372,1854528,8284158,ADAR,AVBR,ADA,AVB
68,8417528,36750.0,19358.0,5490.0,1855712,8316398,1854528,8284185,ADAR,AVBR,ADA,AVB
69,8417528,36750.0,19358.0,5490.0,1855712,8316398,1854405,8281338,ADAR,AVJL,ADA,AVJ
70,8417529,37376.0,20893.0,4410.0,1855712,8316362,1854405,8281379,ADAR,AVJL,ADA,AVJ
71,8417529,37376.0,20893.0,4410.0,1855712,8316362,1854528,8284148,ADAR,AVBR,ADA,AVB
72,8417533,40052.0,25271.0,4980.0,1855712,8316315,1854405,8281454,ADAR,AVJL,ADA,AVJ
73,8417533,40052.0,25271.0,4980.0,1855712,8316315,1854528,8284071,ADAR,AVBR,ADA,AVB
74,8417534,40176.0,25655.0,5280.0,1855712,8316304,1854405,8281468,ADAR,AVJL,ADA,AVJ
75,8417534,40176.0,25655.0,5280.0,1855712,8316304,1854528,8284061,ADAR,AVBR,ADA,AVB
76,8417541,51846.0,32450.0,8640.0,1855712,8316055,1854405,8281610,ADAR,AVJL,ADA,AVJ
77,8417541,51846.0,32450.0,8640.0,1855712,8316055,1854528,8283916,ADAR,AVBR,ADA,AVB
78,8417527,36714.0,19254.0,5580.0,1855712,8316401,1854528,8284188,ADAR,AVBR,ADA,AVB
79,8417527,36714.0,19254.0,5580.0,1855712,8316401,1854405,8281335,ADAR,AVJL,ADA,AVJ
80,8417527,36714.0,19254.0,5580.0,1855712,8316401,1857842,8366862,ADAR,AVBL,ADA,AVB
81,8417531,38300.0,23301.0,3990.0,1855712,8316438,1854528,8284103,ADAR,AVBR,ADA,AVB
82,8417531,38300.0,23301.0,3990.0,1855712,8316438,1854405,8281422,ADAR,AVJL,ADA,AVJ
83,8417531,38300.0,23301.0,3990.0,1855712,8316438,1854322,8278917,ADAR,AVER,ADA,AVE
84,8417532,39828.0,24999.0,4830.0,1855712,8316320,1854405,8281450,ADAR,AVJL,ADA,AVJ
85,8417532,39828.0,24999.0,4830.0,1855712,8316320,1855653,8314908,ADAR,RICR,ADA,RIC
86,8417532,39828.0,24999.0,4830.0,1855712,8316320,1854528,8284076,ADAR,AVBR,ADA,AVB
87,8417539,49188.0,31416.0,8310.0,1855712,8316128,1854528,8283929,ADAR,AVBR,ADA,AVB
88,8417539,49188.0,31416.0,8310.0,1855712,8316128,1853861,8266614,ADAR,RIMR,ADA,RIM
89,8417760,49532.0,31244.0,8550.0,1855712,8316120,1854528,8283921,ADAR,AVBR,ADA,AVB
90,8417760,49532.0,31244.0,8550.0,1855712,8316120,1853861,8266560,ADAR,RIMR,ADA,RIM
91,8417535,41204.0,27292.0,6180.0,1855712,8316263,1856058,8323550,ADAR,RIPR,ADA,RIP
92,8417535,41204.0,27292.0,6180.0,1855712,8316263,1854528,8284031,ADAR,AVBR,ADA,AVB
93,8417536,40886.0,26692.0,6240.0,1855712,8316261,1854528,8284019,ADAR,AVBR,ADA,AVB
94,8417536,40886.0,26692.0,6240.0,1855712,8316261,1856058,8323543,ADAR,RIPR,ADA,RIP
95,8417765,41110.0,26926.0,6240.0,1855712,8417766,1854528,8284019,ADAR,AVBR,ADA,AVB
96,8417765,41110.0,26926.0,6240.0,1855712,8417766,1856058,8323548,ADAR,RIPR,ADA,RIP
97,8417764,41222.0,27192.0,6240.0,1855712,8316261,1856058,8323548,ADAR,RIPR,ADA,RIP
98,8417764,41222.0,27192.0,6240.0,1855712,8316261,1854528,8284019,ADAR,AVBR,ADA,AVB
99,8417763,36734.0,20174.0,4800.0,1855712,8316375,1854405,8281361,ADAR,AVJL,ADA,AVJ
100,8417763,36734.0,20174.0,4800.0,1855712,8316375,1857842,8366888,ADAR,AVBL,ADA,AVB
101,8417763,36734.0,20174.0,4800.0,1855712,8316375,1852778,8242779,ADAR,AVAR,ADA,AVA
102,8417990,43516.0,29556.0,8100.0,1855712,8316189,1853942,8268666,ADAR,RMFR,ADA,RMF
103,8417990,43516.0,29556.0,8100.0,1855712,8316189,1853861,8266724,ADAR,RIMR,ADA,RIM
104,8417762,58056.0,34160.0,8460.0,1855712,8315951,1852827,8244938,ADAR,SMDVL,ADA,SMDV
105,8417621,53851.0,30953.0,12030.0,1856489,8335026,1857421,8352725,ADEL,RIGL,ADE,RIG
106,8417621,53851.0,30953.0,12030.0,1856489,8335026,1856682,8336085,ADEL,ADER,ADE,ADE
107,8417623,54563.0,31343.0,12510.0,1856489,8335010,1857421,8352709,ADEL,RIGL,ADE,RIG
108,8417623,54563.0,31343.0,12510.0,1856489,8335010,1856682,8336102,ADEL,ADER,ADE,ADE
109,8417634,57015.0,32761.0,12840.0,1856489,8334986,1857421,8352680,ADEL,RIGL,ADE,RIG
110,8417634,57015.0,32761.0,12840.0,1856489,8334986,1856682,8336113,ADEL,ADER,ADE,ADE
111,8417634,57015.0,32761.0,12840.0,1856489,8334986,1852778,8243523,ADEL,AVAR,ADE,AVA
112,8417614,51474.0,29970.0,10860.0,1856489,8335065,1859368,8402530,ADEL,ADAL,ADE,ADA
113,8417614,51474.0,29970.0,10860.0,1856489,8335065,1852778,8243454,ADEL,AVAR,ADE,AVA
114,8417650,39020.0,20864.0,14850.0,1858222,8375769,1858754,8387563,ADEL,Fragment,ADE,Fragment
115,8417650,39020.0,20864.0,14850.0,1858222,8375769,1858882,8390506,ADEL,CEPDL,ADE,CEPD
116,8471638,39264.0,21456.0,15150.0,1858222,8375698,1855433,8309708,ADEL,RMHR,ADE,RMH
117,8471638,39264.0,21456.0,15150.0,1858222,8375698,1858882,8390516,ADEL,CEPDL,ADE,CEPD
118,8417657,41588.0,18526.0,16230.0,1858222,8375659,1852827,8244051,ADEL,SMDVL,ADE,SMDV
119,8417657,41588.0,18526.0,16230.0,1858222,8375659,1858797,8389010,ADEL,IL1L,ADE,IL1L/R
120,8417657,41588.0,18526.0,16230.0,1858222,8375659,1856669,8335689,ADEL,CEPshDR,ADE,CEPshD
121,8417656,41312.0,19426.0,15360.0,1858222,8375688,1858943,8391511,ADEL,IL2L,ADE,IL2L/R
122,8417995,54237.0,31147.0,12390.0,1856489,8335014,1857421,8352713,ADEL,RIGL,ADE,RIG
123,8417612,51794.0,30482.0,10500.0,1856489,8335075,1855391,8308727,ADEL,AVAL,ADE,AVA
124,8417612,51794.0,30482.0,10500.0,1856489,8335075,1852778,8243636,ADEL,AVAR,ADE,AVA
125,8417612,51794.0,30482.0,10500.0,1856489,8335075,1857421,8352791,ADEL,RIGL,ADE,RIG
126,8417618,52390.0,30822.0,11070.0,1856489,8335058,1857421,8352762,ADEL,RIGL,ADE,RIG
127,8417618,52390.0,30822.0,11070.0,1856489,8335058,1857376,8352385,ADEL,AVKR,ADE,AVK
128,8417549,59356.0,34056.0,8070.0,1856489,8335373,1854786,8290870,ADEL,RIGR,ADE,RIG
129,8417550,57314.0,33612.0,7950.0,1856489,8335348,1854786,8290874,ADEL,RIGR,ADE,RIG
130,8417551,56982.0,33496.0,7800.0,1856489,8335343,1854786,8290879,ADEL,RIGR,ADE,RIG
131,8417609,55954.0,33160.0,7620.0,1856489,8335337,1854786,8290887,ADEL,RIGR,ADE,RIG
132,8417625,55016.0,32570.0,7620.0,1856489,8335177,1854786,8290887,ADEL,RIGR,ADE,RIG
133,8417992,57716.0,33760.0,7920.0,1856489,8335347,1854786,8290875,ADEL,RIGR,ADE,RIG
134,8417994,53504.0,31592.0,9300.0,1856489,8335280,1854786,8290945,ADEL,RIGR,ADE,RIG
135,8417626,54622.0,32282.0,7950.0,1856489,8335166,1854786,8290900,ADEL,RIGR,ADE,RIG
136,8417552,53778.0,31648.0,8850.0,1856489,8335295,1856682,8335979,ADEL,ADER,ADE,ADE
137,8417552,53778.0,31648.0,8850.0,1856489,8335295,1854786,8290930,ADEL,RIGR,ADE,RIG
138,8417993,56488.0,33390.0,7800.0,1856489,8335343,2096429,8267868,ADEL,Fragment,ADE,Fragment
139,8417993,56488.0,33390.0,7800.0,1856489,8335343,1854786,8290879,ADEL,RIGR,ADE,RIG
140,8417548,60008.0,34052.0,8220.0,1856489,8335378,1856451,8333542,ADEL,PVT,ADE,PVT
141,8417548,60008.0,34052.0,8220.0,1856489,8335378,1854786,8290860,ADEL,RIGR,ADE,RIG
142,8417547,60666.0,33984.0,8280.0,1856489,8335380,1856375,8332317,ADEL,SAADR,ADE,SAAD
143,8417547,60666.0,33984.0,8280.0,1856489,8335380,1854786,8290858,ADEL,RIGR,ADE,RIG
144,8417630,49250.0,29290.0,9150.0,1856489,8335122,1859269,8399798,ADEL,RIVR,ADE,RIV
145,8417630,49250.0,29290.0,9150.0,1856489,8335122,1855972,8321675,ADEL,RIVL,ADE,RIV
146,8417628,49624.0,29466.0,8910.0,1856489,8335130,1853942,8268621,ADEL,RMFR,ADE,RMF
147,8417628,49624.0,29466.0,8910.0,1856489,8335130,1859269,8399806,ADEL,RIVR,ADE,RIV
148,8417660,39788.0,22970.0,15840.0,1858222,8375721,1858998,8392284,ADEL,RMDL,ADE,RMDL/R
149,8417631,52588.0,30926.0,8880.0,1856489,8335192,1853942,8268477,ADEL,RMFR,ADE,RMF
150,8417661,40020.0,22888.0,15720.0,1858222,8375717,1858998,8392280,ADEL,RMDL,ADE,RMDL/R
151,8417661,40020.0,22888.0,15720.0,1858222,8375717,1853942,8269519,ADEL,RMFR,ADE,RMF
152,8417664,40348.0,22560.0,15600.0,1858222,8375713,1858998,8392276,ADEL,RMDL,ADE,RMDL/R
153,8417664,40348.0,22560.0,15600.0,1858222,8375713,1853942,8269523,ADEL,RMFR,ADE,RMF
154,8471710,39758.0,22914.0,15990.0,1858222,8375726,1855433,8309663,ADEL,RMHR,ADE,RMH
155,8471710,39758.0,22914.0,15990.0,1858222,8375726,1859449,8405108,ADEL,CEPVL,ADE,CEPV
156,8471637,40788.0,19532.0,14940.0,1858222,8375766,1856168,8326059,ADEL,RMDDR,ADE,RMDD
157,8471637,40788.0,19532.0,14940.0,1858222,8375766,1856419,8333185,ADEL,SMBDR,ADE,SMBD
158,8471637,40788.0,19532.0,14940.0,1858222,8375766,1856375,8332051,ADEL,SAADR,ADE,SAAD
159,8417655,41004.0,20556.0,15120.0,1858222,8375760,1858195,8375307,ADEL,RIFL,ADE,RIF
160,8417655,41004.0,20556.0,15120.0,1858222,8375760,1857098,8343985,ADEL,SDQL,ADE,SDQ
161,8417646,40836.0,19656.0,14700.0,1858222,8375776,1856168,8326067,ADEL,RMDDR,ADE,RMDD
162,8417646,40836.0,19656.0,14700.0,1858222,8375776,1856419,8333177,ADEL,SMBDR,ADE,SMBD
163,8417684,41928.0,18252.0,15810.0,1858222,8375673,1859176,8396467,ADEL,ALNL,ADE,ALN
164,8417684,41928.0,18252.0,15810.0,1858222,8375673,1856212,8327154,ADEL,SMDDR,ADE,SMDD
165,8417715,58186.0,33980.0,7980.0,1856682,8335931,1856489,8335349,ADER,ADEL,ADE,ADE
166,8417715,58186.0,33980.0,7980.0,1856682,8335931,1854786,8290873,ADER,RIGR,ADE,RIG
167,8417713,53568.0,31712.0,8640.0,1856682,8335972,1855391,8308547,ADER,AVAL,ADE,AVA
168,8417713,53568.0,31712.0,8640.0,1856682,8335972,1854786,8290923,ADER,RIGR,ADE,RIG
169,8417713,53568.0,31712.0,8640.0,1856682,8335972,1856489,8335302,ADER,ADEL,ADE,ADE
170,8417716,58440.0,34102.0,8250.0,1856682,8335925,1855391,8308601,ADER,AVAL,ADE,AVA
171,8417716,58440.0,34102.0,8250.0,1856682,8335925,1855712,8315963,ADER,ADAR,ADE,ADA
172,8417714,54746.0,32828.0,8040.0,1856682,8335952,1856937,8340594,ADER,SAAVL,ADE,SAAV
173,8417714,54746.0,32828.0,8040.0,1856682,8335952,1855391,8308567,ADER,AVAL,ADE,AVA
174,8417687,38280.0,23315.0,5310.0,1854039,8271884,1852675,8241858,ADER,RMFL,ADE,RMF
175,8417687,38280.0,23315.0,5310.0,1854039,8271884,1855306,8305713,ADER,CEPDR,ADE,CEPD
176,8417693,40264.0,23067.0,4770.0,1854039,8271827,1855917,8319644,ADER,CEPshVR,ADE,CEPshV
177,8417693,40264.0,23067.0,4770.0,1854039,8271827,1854322,8278892,ADER,AVER,ADE,AVE
178,8471644,38688.0,23743.0,5580.0,1854039,8271893,1914002,8471645,ADER,CEPshVR,ADE,CEPshV
179,8471644,38688.0,23743.0,5580.0,1854039,8271893,1855951,8320576,ADER,CEPVR,ADE,CEPV
180,8417686,39116.0,23619.0,5490.0,1854039,8271890,1855877,8319139,ADER,PVR,ADE,PVR
181,8417686,39116.0,23619.0,5490.0,1854039,8271890,1856663,8335687,ADER,CEPshVR,ADE,CEPshV
182,8417688,38848.0,22704.0,5220.0,1854039,8271881,1855877,8319148,ADER,PVR,ADE,PVR
183,8417688,38848.0,22704.0,5220.0,1854039,8271881,1856660,8335686,ADER,CEPshVR,ADE,CEPshV
184,8417694,40216.0,22883.0,4650.0,1854039,8271823,1855917,8319640,ADER,CEPshVR,ADE,CEPshV
185,8417694,40216.0,22883.0,4650.0,1854039,8271823,1855492,8310853,ADER,SMBVR,ADE,SMBV
186,8417698,39494.0,21452.0,2490.0,1854039,8271752,1855695,8315656,ADER,IL1R,ADE,IL1L/R
187,8417698,39494.0,21452.0,2490.0,1854039,8271752,1859269,8398660,ADER,RIVR,ADE,RIV
188,8417692,38480.0,23347.0,4890.0,1854039,8271839,1855695,8315740,ADER,IL1R,ADE,IL1L/R
189,8417692,38480.0,23347.0,4890.0,1854039,8271839,1854217,8276793,ADER,IL2R,ADE,IL2L/R
190,8417696,39712.0,21925.0,3900.0,1854039,8271799,1855695,8315702,ADER,IL1R,ADE,IL1L/R
191,8417696,39712.0,21925.0,3900.0,1854039,8271799,1854217,8276751,ADER,IL2R,ADE,IL2L/R
192,8417690,37542.0,23397.0,5040.0,1854039,8271845,1854271,8277503,ADER,OLLR,ADE,OLL
193,8417690,37542.0,23397.0,5040.0,1854039,8271845,1854217,8276798,ADER,IL2R,ADE,IL2L/R
194,8417699,40262.0,20516.0,1590.0,1854039,8271723,2096446,8301238,ADER,unknownFLPR,ADE,unknownFLPR
195,8417699,40262.0,20516.0,1590.0,1854039,8271723,1856861,8337720,ADER,AINR,ADE,AIN
196,8417701,43234.0,19268.0,30.0,1854039,8271676,2096446,8301189,ADER,unknownFLPR,ADE,unknownFLPR
197,8417701,43234.0,19268.0,30.0,1854039,8271676,1855138,8300330,ADER,ALMR,ADE,ALM
198,8417701,43234.0,19268.0,30.0,1854039,8271676,1858005,8371691,ADER,AVDR,ADE,AVD
199,8417691,36602.0,23339.0,4980.0,1854039,8271836,1859497,8406329,ADER,RMDR,ADE,RMDL/R
200,8417691,36602.0,23339.0,4980.0,1854039,8271836,1854271,8277501,ADER,OLLR,ADE,OLL
201,8417702,56575.0,32373.0,12600.0,1856682,8336105,1857421,8352689,ADER,RIGL,ADE,RIG
202,8471640,58448.0,32960.0,12960.0,1856682,8336117,1857421,8352676,ADER,RIGL,ADE,RIG
203,8471642,52610.0,31326.0,10860.0,1856682,8336136,1857421,8352775,ADER,RIGL,ADE,RIG
204,8417708,53142.0,30642.0,11100.0,1856682,8336054,1856489,8335057,ADER,ADEL,ADE,ADE
205,8417708,53142.0,30642.0,11100.0,1856682,8336054,1857421,8352756,ADER,RIGL,ADE,RIG
206,8417706,55005.0,31659.0,12390.0,1856682,8336097,1852778,8243505,ADER,AVAR,ADE,AVA
207,8417706,55005.0,31659.0,12390.0,1856682,8336097,1857421,8352713,ADER,RIGL,ADE,RIG
208,8417703,56475.0,32249.0,12570.0,1856682,8336104,1857421,8352690,ADER,RIGL,ADE,RIG
209,8417703,56475.0,32249.0,12570.0,1856682,8336104,1857376,8352451,ADER,AVKR,ADE,AVK
210,8417704,55987.0,31977.0,12540.0,1856682,8336103,1857376,8352450,ADER,AVKR,ADE,AVK
211,8417704,55987.0,31977.0,12540.0,1856682,8336103,1857421,8352708,ADER,RIGL,ADE,RIG
212,8417705,55401.0,31811.0,12420.0,1856682,8336099,1857376,8352446,ADER,AVKR,ADE,AVK
213,8417705,55401.0,31811.0,12420.0,1856682,8336099,1857421,8352712,ADER,RIGL,ADE,RIG
214,8471641,53246.0,30654.0,11280.0,1856682,8336060,1857421,8352750,ADER,RIGL,ADE,RIG
215,8471641,53246.0,30654.0,11280.0,1856682,8336060,1857022,8342182,ADER,FLPL,ADE,FLP
216,8417709,52414.0,31542.0,10710.0,1856682,8336041,1857421,8352778,ADER,RIGL,ADE,RIG
217,8417709,52414.0,31542.0,10710.0,1856682,8336041,1854786,8290992,ADER,RIGR,ADE,RIG
218,8417710,52692.0,31742.0,10470.0,1856682,8336033,1854786,8290984,ADER,RIGR,ADE,RIG
219,8417711,52824.0,31518.0,10290.0,1856682,8336027,1854786,8290978,ADER,RIGR,ADE,RIG
220,8417712,52852.0,31386.0,9510.0,1856682,8336001,1855391,8308686,ADER,AVAL,ADE,AVA
221,8417712,52852.0,31386.0,9510.0,1856682,8336001,1856451,8333621,ADER,PVT,ADE,PVT
222,8417712,52852.0,31386.0,9510.0,1856682,8336001,1854786,8290952,ADER,RIGR,ADE,RIG
223,8471647,42622.0,19656.0,1230.0,1854039,8271901,1856861,8337708,ADER,AINR,ADE,AIN
224,8471647,42622.0,19656.0,1230.0,1854039,8271901,1859269,8398619,ADER,RIVR,ADE,RIV
225,8471646,39682.0,21108.0,2190.0,1854039,8271743,1859269,8398650,ADER,RIVR,ADE,RIV
226,8471646,39682.0,21108.0,2190.0,1854039,8271743,1858005,8370750,ADER,AVDR,ADE,AVD
227,8417689,36824.0,23383.0,5220.0,1854039,8271872,1858998,8392800,ADER,RMDL,ADE,RMDL/R
228,8417700,35768.0,23487.0,5040.0,1854039,8271855,1859497,8406352,ADER,RMDR,ADE,RMDL/R
229,8417700,35768.0,23487.0,5040.0,1854039,8271855,1855695,8315820,ADER,IL1R,ADE,IL1L/R
230,8417695,39528.0,21897.0,4140.0,1854039,8271807,1854239,8277021,ADER,URBR,ADE,URB
231,8417695,39528.0,21897.0,4140.0,1854039,8271807,1859300,8400979,ADER,SAADL,ADE,SAAD
232,8417697,39618.0,21064.0,2760.0,1854039,8271761,1854053,8271994,ADER,ALNR,ADE,ALN
233,8417697,39618.0,21064.0,2760.0,1854039,8271761,1857297,8350005,ADER,SIADL,ADE,SIAD
234,8417728,41618.0,22322.0,17820.0,1857988,8370330,1857771,8364365,ADFL,AIZL,ADF,AIZ
235,8417725,39316.0,17952.0,14820.0,1857988,8370430,1858448,8381619,ADFL,AIAL,ADF,AIA
236,8417725,39316.0,17952.0,14820.0,1857988,8370430,1857771,8364479,ADFL,AIZL,ADF,AIZ
237,8417746,54333.0,33039.0,12630.0,1857988,8370069,1857771,8363919,ADFL,AIZL,ADF,AIZ
238,8417746,54333.0,33039.0,12630.0,1857988,8370069,1858448,8381254,ADFL,AIAL,ADF,AIA
239,8471648,36980.0,16242.0,8250.0,1857988,8370645,1855337,8307392,ADFL,AIBL,ADF,AIB
240,8471648,36980.0,16242.0,8250.0,1857988,8370645,1857256,8475416,ADFL,AIBR,ADF,AIB
241,8471648,36980.0,16242.0,8250.0,1857988,8370645,1857771,8364712,ADFL,AIZL,ADF,AIZ
242,8417726,41526.0,21606.0,17460.0,1857988,8370342,1857919,8368171,ADFL,ASHL,ADF,ASH
243,8417726,41526.0,21606.0,17460.0,1857988,8370342,1857771,8364377,ADFL,AIZL,ADF,AIZ
244,8416573,47709.0,31387.0,12270.0,1857988,8370127,1859108,8396054,ADFL,RIAL,ADF,RIA
245,8416573,47709.0,31387.0,12270.0,1857988,8370127,1857771,8364059,ADFL,AIZL,ADF,AIZ
246,8417733,45250.0,29992.0,14040.0,1857988,8370186,1859108,8395063,ADFL,RIAL,ADF,RIA
247,8417733,45250.0,29992.0,14040.0,1857988,8370186,1857771,8364184,ADFL,AIZL,ADF,AIZ
248,8417735,45402.0,30180.0,13860.0,1857988,8370180,1857771,8364178,ADFL,AIZL,ADF,AIZ
249,8417735,45402.0,30180.0,13860.0,1857988,8370180,1859108,8395069,ADFL,RIAL,ADF,RIA
250,8417736,45846.0,30344.0,13560.0,1857988,8370170,1859108,8395079,ADFL,RIAL,ADF,RIA
251,8417736,45846.0,30344.0,13560.0,1857988,8370170,1857771,8364865,ADFL,AIZL,ADF,AIZ
252,8417737,45922.0,30580.0,13140.0,1857988,8370156,1859108,8395093,ADFL,RIAL,ADF,RIA
253,8417737,45922.0,30580.0,13140.0,1857988,8370156,1857771,8364153,ADFL,AIZL,ADF,AIZ
254,8417738,45857.0,30647.0,12870.0,1857988,8370147,1857771,8364144,ADFL,AIZL,ADF,AIZ
255,8417738,45857.0,30647.0,12870.0,1857988,8370147,1859108,8395102,ADFL,RIAL,ADF,RIA
256,8417740,46817.0,31135.0,12510.0,1857988,8370135,1857771,8364067,ADFL,AIZL,ADF,AIZ
257,8417740,46817.0,31135.0,12510.0,1857988,8370135,1859108,8396077,ADFL,RIAL,ADF,RIA
258,8417744,48281.0,31459.0,11910.0,1857988,8370118,1857771,8364036,ADFL,AIZL,ADF,AIZ
259,8417744,48281.0,31459.0,11910.0,1857988,8370118,1859108,8396066,ADFL,RIAL,ADF,RIA
260,8471651,47229.0,31311.0,12480.0,1857988,8370134,1857771,8364066,ADFL,AIZL,ADF,AIZ
261,8471651,47229.0,31311.0,12480.0,1857988,8370134,1859108,8396076,ADFL,RIAL,ADF,RIA
262,8417743,47881.0,31295.0,12150.0,1857988,8370123,1859108,8396058,ADFL,RIAL,ADF,RIA
263,8417743,47881.0,31295.0,12150.0,1857988,8370123,1857771,8364055,ADFL,AIZL,ADF,AIZ
264,8417743,47881.0,31295.0,12150.0,1857988,8370123,1857965,8369410,ADFL,AWBL,ADF,AWB
265,8417731,43822.0,28404.0,15270.0,1857988,8370227,1858840,8389942,ADFL,URXL,ADF,URX
266,8417731,43822.0,28404.0,15270.0,1857988,8370227,1857771,8364230,ADFL,AIZL,ADF,AIZ
267,8417731,43822.0,28404.0,15270.0,1857988,8370227,1859108,8395023,ADFL,RIAL,ADF,RIA
268,8417721,38392.0,16592.0,12090.0,1857988,8370521,1857073,8343166,ADFL,RIR,ADF,RIR
269,8417721,38392.0,16592.0,12090.0,1857988,8370521,1857771,8364773,ADFL,AIZL,ADF,AIZ
270,8417723,39128.0,17828.0,14640.0,1857988,8370436,1853794,8264446,ADFL,BAGR,ADF,BAG
271,8417723,39128.0,17828.0,14640.0,1857988,8370436,1857073,8343081,ADFL,RIR,ADF,RIR
272,8417723,39128.0,17828.0,14640.0,1857988,8370436,1857771,8364485,ADFL,AIZL,ADF,AIZ
273,8417739,46717.0,30527.0,12780.0,1857988,8370144,1857657,8360797,ADFL,SMBVL,ADF,SMBV
274,8417739,46717.0,30527.0,12780.0,1857988,8370144,1859108,8395105,ADFL,RIAL,ADF,RIA
275,8417741,46721.0,30623.0,12570.0,1857988,8370137,1859108,8395112,ADFL,RIAL,ADF,RIA
276,8417741,46721.0,30623.0,12570.0,1857988,8370137,1857657,8360790,ADFL,SMBVL,ADF,SMBV
277,8417742,47233.0,31147.0,12300.0,1857988,8370128,1857657,8360781,ADFL,SMBVL,ADF,SMBV
278,8417742,47233.0,31147.0,12300.0,1857988,8370128,1859108,8396053,ADFL,RIAL,ADF,RIA
279,8417745,47861.0,31319.0,12000.0,1857988,8370115,1857657,8360771,ADFL,SMBVL,ADF,SMBV
280,8417745,47861.0,31319.0,12000.0,1857988,8370115,1859108,8396063,ADFL,RIAL,ADF,RIA
281,8471650,46613.0,30867.0,12510.0,1857988,8370135,1859108,8395114,ADFL,RIAL,ADF,RIA
282,8471650,46613.0,30867.0,12510.0,1857988,8370135,1857657,8360788,ADFL,SMBVL,ADF,SMBV
283,8471649,44490.0,29292.0,14760.0,1857988,8370210,1858167,8374376,ADFL,AIYL,ADF,AIY
284,8471649,44490.0,29292.0,14760.0,1857988,8370210,1859108,8395039,ADFL,RIAL,ADF,RIA
285,8471649,44490.0,29292.0,14760.0,1857988,8370210,1858840,8389959,ADFL,URXL,ADF,URX
286,8417729,42542.0,26304.0,16530.0,1857988,8370271,1857421,8353056,ADFL,RIGL,ADF,RIG
287,8417727,41378.0,22512.0,17820.0,1857988,8370330,1857732,8363371,ADFL,AVHR,ADF,AVH
288,8417727,41378.0,22512.0,17820.0,1857988,8370330,1857421,8353218,ADFL,RIGL,ADF,RIG
289,8417730,42470.0,26140.0,16560.0,1857988,8370270,1859048,8393442,ADFL,OLQVL,ADF,OLQV
290,8417730,42470.0,26140.0,16560.0,1857988,8370270,1857421,8353055,ADFL,RIGL,ADF,RIG
291,8416778,39908.0,24707.0,3450.0,1859704,8411044,1855089,8299928,ADFR,AIZR,ADF,AIZ
292,8416779,39864.0,25011.0,3450.0,1859704,8411044,1855089,8299928,ADFR,AIZR,ADF,AIZ
293,8417749,37292.0,19851.0,3540.0,1859704,8411093,1855089,8300018,ADFR,AIZR,ADF,AIZ
294,8417770,38672.0,21989.0,3240.0,1859704,8411068,1855089,8299974,ADFR,AIZR,ADF,AIZ
295,8417747,36778.0,16464.0,7530.0,1859704,8411227,1857073,8343744,ADFR,RIR,ADF,RIR
296,8417747,36778.0,16464.0,7530.0,1859704,8411227,1855089,8300154,ADFR,AIZR,ADF,AIZ
297,8417747,36778.0,16464.0,7530.0,1859704,8411227,1853823,8265685,ADFR,AUAR,ADF,AUA
298,8417911,43754.0,30810.0,7500.0,1859704,8410901,1857495,8355462,ADFR,RIAR,ADF,RIA
299,8417911,43754.0,30810.0,7500.0,1859704,8410901,1855089,8299726,ADFR,AIZR,ADF,AIZ
300,8417917,47410.0,31872.0,9510.0,1859704,8410832,1855089,8299655,ADFR,AIZR,ADF,AIZ
301,8417917,47410.0,31872.0,9510.0,1859704,8410832,1857495,8355530,ADFR,RIAR,ADF,RIA
302,8417912,44848.0,30994.0,8130.0,1859704,8410880,1855089,8299701,ADFR,AIZR,ADF,AIZ
303,8417912,44848.0,30994.0,8130.0,1859704,8410880,1852985,8248255,ADFR,RIH,ADF,RIH
304,8417912,44848.0,30994.0,8130.0,1859704,8410880,1857495,8355487,ADFR,RIAR,ADF,RIA
305,8417915,46232.0,31326.0,8880.0,1859704,8410852,1855089,8299676,ADFR,AIZR,ADF,AIZ
306,8417915,46232.0,31326.0,8880.0,1859704,8410852,1857495,8355510,ADFR,RIAR,ADF,RIA
307,8417915,46232.0,31326.0,8880.0,1859704,8410852,1855492,8310683,ADFR,SMBVR,ADF,SMBV
308,8417748,37070.0,18364.0,4770.0,1859704,8411136,1857073,8343651,ADFR,RIR,ADF,RIR
309,8417748,37070.0,18364.0,4770.0,1859704,8411136,1855089,8300062,ADFR,AIZR,ADF,AIZ
310,8417751,37216.0,20073.0,3390.0,1859704,8411089,1855089,8300013,ADFR,AIZR,ADF,AIZ
311,8417751,37216.0,20073.0,3390.0,1859704,8411089,1857073,8343606,ADFR,RIR,ADF,RIR
312,8417910,43218.0,30486.0,7200.0,1859704,8410911,1855089,8299734,ADFR,AIZR,ADF,AIZ
313,8417910,43218.0,30486.0,7200.0,1859704,8410911,1857073,8343455,ADFR,RIR,ADF,RIR
314,8417910,43218.0,30486.0,7200.0,1859704,8410911,1857495,8355452,ADFR,RIAR,ADF,RIA
315,8417922,54994.0,34052.0,9720.0,1859704,8410774,1855089,8299478,ADFR,AIZR,ADF,AIZ
316,8417922,54994.0,34052.0,9720.0,1859704,8410774,1855492,8310523,ADFR,SMBVR,ADF,SMBV
317,8417914,45872.0,31374.0,8520.0,1859704,8410864,1853823,8265288,ADFR,AUAR,ADF,AUA
318,8417914,45872.0,31374.0,8520.0,1859704,8410864,1857495,8355498,ADFR,RIAR,ADF,RIA
319,8417927,44850.0,31176.0,7980.0,1859704,8410885,1857495,8355478,ADFR,RIAR,ADF,RIA
320,8417927,44850.0,31176.0,7980.0,1859704,8410885,1853823,8265306,ADFR,AUAR,ADF,AUA
321,8417916,46488.0,31758.0,8850.0,1859704,8410853,1859605,8408841,ADFR,AWBR,ADF,AWB
322,8417921,51646.0,32908.0,9660.0,1859704,8410793,1857495,8355636,ADFR,RIAR,ADF,RIA
323,8417918,51210.0,32520.0,9510.0,1859704,8410804,1857495,8355641,ADFR,RIAR,ADF,RIA
324,8417918,51210.0,32520.0,9510.0,1859704,8410804,1856287,8329173,ADFR,SIBVR,ADF,SIBV
325,8417920,51418.0,32756.0,9780.0,1859704,8410790,1857495,8355632,ADFR,RIAR,ADF,RIA
326,8417920,51418.0,32756.0,9780.0,1859704,8410790,1856419,8333365,ADFR,SMBDR,ADF,SMBD
327,8417913,45760.0,31186.0,8400.0,1859704,8410868,1857495,8355494,ADFR,RIAR,ADF,RIA
328,8417913,45760.0,31186.0,8400.0,1859704,8410868,1855492,8310700,ADFR,SMBVR,ADF,SMBV
329,8417906,40826.0,28367.0,5040.0,1859704,8410983,1854786,8291212,ADFR,RIGR,ADF,RIG
330,8417907,40984.0,28591.0,5130.0,1859704,8410980,1854786,8291209,ADFR,RIGR,ADF,RIG
331,8417908,41108.0,28755.0,5250.0,1859704,8410976,1854786,8291195,ADFR,RIGR,ADF,RIG
332,8417923,40650.0,28153.0,4770.0,1859704,8410992,1854786,8291220,ADFR,RIGR,ADF,RIG
333,8417923,40650.0,28153.0,4770.0,1859704,8410992,1855581,8312238,ADFR,OLQVR,ADF,OLQV
334,8417909,42744.0,30272.0,6690.0,1859704,8410928,1857495,8355435,ADFR,RIAR,ADF,RIA
335,8417909,42744.0,30272.0,6690.0,1859704,8410928,1857073,8343472,ADFR,RIR,ADF,RIR
336,8417981,42712.0,22828.0,17250.0,1854680,8288842,1859368,8403310,ADLL,ADAL,ADL,ADA
337,8417981,42712.0,22828.0,17250.0,1854680,8288842,1858448,8381490,ADLL,AIAL,ADL,AIA
338,8416202,42988.0,24328.0,17100.0,1854680,8288871,1855337,8306290,ADLL,AIBL,ADL,AIB
339,8416202,42988.0,24328.0,17100.0,1854680,8288871,1858005,8371290,ADLL,AVDR,ADL,AVD
340,8416202,42988.0,24328.0,17100.0,1854680,8288871,1858448,8381472,ADLL,AIAL,ADL,AIA
341,8416202,42988.0,24328.0,17100.0,1854680,8288871,1859368,8403306,ADLL,ADAL,ADL,ADA
342,8417961,46976.0,29844.0,14250.0,1854680,8288966,1855337,8306188,ADLL,AIBL,ADL,AIB
343,8417961,46976.0,29844.0,14250.0,1854680,8288966,1858448,8381372,ADLL,AIAL,ADL,AIA
344,8417962,46528.0,29604.0,14370.0,1854680,8288962,1855337,8306192,ADLL,AIBL,ADL,AIB
345,8417962,46528.0,29604.0,14370.0,1854680,8288962,1858448,8381376,ADLL,AIAL,ADL,AIA
346,8417964,45332.0,28584.0,15120.0,1854680,8289056,1855337,8306217,ADLL,AIBL,ADL,AIB
347,8417964,45332.0,28584.0,15120.0,1854680,8289056,1858448,8381407,ADLL,AIAL,ADL,AIA
348,8417982,42946.6,21829.1,17310.0,1854680,8288861,1855337,8306342,ADLL,AIBL,ADL,AIB
349,8417982,42946.6,21829.1,17310.0,1854680,8288861,1858448,8381488,ADLL,AIAL,ADL,AIA
350,8417959,47240.0,30104.0,13860.0,1854680,8288979,1855337,8306174,ADLL,AIBL,ADL,AIB
351,8417959,47240.0,30104.0,13860.0,1854680,8288979,1858448,8381361,ADLL,AIAL,ADL,AIA
352,8417959,47240.0,30104.0,13860.0,1854680,8288979,1857919,8368038,ADLL,ASHL,ADL,ASH
353,8417955,39888.0,15346.0,9420.0,1854680,8289390,1858701,8387081,ADLL,ASKL,ADL,ASK
354,8417955,39888.0,15346.0,9420.0,1854680,8289390,1858448,8381799,ADLL,AIAL,ADL,AIA
355,8417955,39888.0,15346.0,9420.0,1854680,8289390,1855002,8297506,ADLL,AWCR,ADL,AWC
356,8417979,42812.0,21448.0,17040.0,1854680,8288837,1855337,8306349,ADLL,AIBL,ADL,AIB
357,8417979,42812.0,21448.0,17040.0,1854680,8288837,1859728,8411581,ADLL,ASEL,ADL,ASE
358,8417967,43848.0,27136.0,15600.0,1854680,8288920,1855337,8306241,ADLL,AIBL,ADL,AIB
359,8417967,43848.0,27136.0,15600.0,1854680,8288920,1858666,8385747,ADLL,ASGL,ADL,ASG
360,8417972,43052.0,25412.0,16620.0,1854680,8288886,1855337,8306275,ADLL,AIBL,ADL,AIB
361,8417972,43052.0,25412.0,16620.0,1854680,8288886,1857919,8368134,ADLL,ASHL,ADL,ASH
362,8417972,43052.0,25412.0,16620.0,1854680,8288886,1855391,8307667,ADLL,AVAL,ADL,AVA
363,8417972,43052.0,25412.0,16620.0,1854680,8288886,1857657,8360924,ADLL,SMBVL,ADL,SMBV
364,8417956,40084.0,17420.0,13830.0,1854680,8289246,1855337,8306456,ADLL,AIBL,ADL,AIB
365,8417956,40084.0,17420.0,13830.0,1854680,8289246,1858701,8386937,ADLL,ASKL,ADL,ASK
366,8417983,42544.0,20746.0,16560.0,1854680,8288819,1855337,8306365,ADLL,AIBL,ADL,AIB
367,8417983,42544.0,20746.0,16560.0,1854680,8288819,1858701,8387135,ADLL,ASKL,ADL,ASK
368,8417985,42320.0,20292.0,16470.0,1854680,8288816,1855337,8306368,ADLL,AIBL,ADL,AIB
369,8417985,42320.0,20292.0,16470.0,1854680,8288816,1858701,8387130,ADLL,ASKL,ADL,ASK
370,8417957,40252.0,17496.0,14100.0,1854680,8289237,1855337,8306447,ADLL,AIBL,ADL,AIB
371,8417957,40252.0,17496.0,14100.0,1854680,8289237,1858701,8386928,ADLL,ASKL,ADL,ASK
372,8417957,40252.0,17496.0,14100.0,1854680,8289237,1858237,8376284,ADLL,AWCL,ADL,AWC
373,8417963,45676.0,29124.0,14820.0,1854680,8288947,1855337,8306207,ADLL,AIBL,ADL,AIB
374,8417963,45676.0,29124.0,14820.0,1854680,8288947,1858237,8376008,ADLL,AWCL,ADL,AWC
375,8417966,43748.0,26960.0,15240.0,1854680,8288932,1857919,8368090,ADLL,ASHL,ADL,ASH
376,8417966,43748.0,26960.0,15240.0,1854680,8288932,1855391,8307738,ADLL,AVAL,ADL,AVA
377,8418668,43214.0,26168.0,15840.0,1854680,8288912,1857919,8368110,ADLL,ASHL,ADL,ASH
378,8418668,43214.0,26168.0,15840.0,1854680,8288912,1855391,8307694,ADLL,AVAL,ADL,AVA
379,8417970,42616.0,25596.0,16260.0,1854680,8289093,1855391,8307656,ADLL,AVAL,ADL,AVA
380,8417971,42596.0,25484.0,16410.0,1854680,8288893,1857657,8360917,ADLL,SMBVL,ADL,SMBV
381,8417971,42596.0,25484.0,16410.0,1854680,8288893,1855391,8307651,ADLL,AVAL,ADL,AVA
382,8417971,42596.0,25484.0,16410.0,1854680,8288893,1855391,8307675,ADLL,AVAL,ADL,AVA
383,8417968,43196.0,26160.0,15930.0,1854680,8288909,1855391,8307691,ADLL,AVAL,ADL,AVA
384,8417968,43196.0,26160.0,15930.0,1854680,8288909,1857657,8360901,ADLL,SMBVL,ADL,SMBV
385,8417969,43064.0,26034.0,16050.0,1854680,8288905,1857657,8360905,ADLL,SMBVL,ADL,SMBV
386,8417969,43064.0,26034.0,16050.0,1854680,8288905,1855391,8307687,ADLL,AVAL,ADL,AVA
387,8417973,42616.0,25300.0,16680.0,1854680,8288884,1857657,8360926,ADLL,SMBVL,ADL,SMBV
388,8417973,42616.0,25300.0,16680.0,1854680,8288884,1855391,8307640,ADLL,AVAL,ADL,AVA
389,8417974,42632.0,24780.0,16830.0,1854680,8288879,1855391,8307635,ADLL,AVAL,ADL,AVA
390,8417974,42632.0,24780.0,16830.0,1854680,8288879,1857657,8361530,ADLL,SMBVL,ADL,SMBV
391,8417958,40552.0,17712.0,14610.0,1854680,8289220,1854405,8281037,ADLL,AVJL,ADL,AVJ
392,8417958,40552.0,17712.0,14610.0,1854680,8289220,1854363,8280112,ADLL,AVDL,ADL,AVD
393,8416203,42876.0,24588.0,17100.0,1854680,8288871,1855337,8306290,ADLL,AIBL,ADL,AIB
394,8416203,42876.0,24588.0,17100.0,1854680,8288871,1858005,8371290,ADLL,AVDR,ADL,AVD
395,8471655,43568.0,26604.0,15810.0,1854680,8288913,1855337,8306248,ADLL,AIBL,ADL,AIB
396,8471655,43568.0,26604.0,15810.0,1854680,8288913,1858005,8371382,ADLL,AVDR,ADL,AVD
397,8471656,43448.0,26372.0,15990.0,1854680,8288907,1855337,8306254,ADLL,AIBL,ADL,AIB
398,8471656,43448.0,26372.0,15990.0,1854680,8288907,1858005,8371388,ADLL,AVDR,ADL,AVD
399,8471657,42972.0,25040.0,16770.0,1854680,8288881,1855337,8306280,ADLL,AIBL,ADL,AIB
400,8471657,42972.0,25040.0,16770.0,1854680,8288881,1858005,8371281,ADLL,AVDR,ADL,AVD
401,8471654,43516.0,26596.0,15690.0,1854680,8288917,1857919,8368105,ADLL,ASHL,ADL,ASH
402,8471654,43516.0,26596.0,15690.0,1854680,8288917,1858005,8371379,ADLL,AVDR,ADL,AVD
403,8417977,41992.0,23136.0,16980.0,1854680,8288835,1857919,8368162,ADLL,ASHL,ADL,ASH
404,8417977,41992.0,23136.0,16980.0,1854680,8288835,1855391,8307744,ADLL,AVAL,ADL,AVA
405,8417977,41992.0,23136.0,16980.0,1854680,8288835,1858005,8371300,ADLL,AVDR,ADL,AVD
406,8471653,43340.0,26476.0,15660.0,1854680,8288918,1857919,8368104,ADLL,ASHL,ADL,ASH
407,8471653,43340.0,26476.0,15660.0,1854680,8288918,1858005,8371378,ADLL,AVDR,ADL,AVD
408,8471653,43340.0,26476.0,15660.0,1854680,8288918,1855391,8307700,ADLL,AVAL,ADL,AVA
409,8417975,42672.0,23908.0,16890.0,1854680,8289107,1857919,8368148,ADLL,ASHL,ADL,ASH
410,8417975,42672.0,23908.0,16890.0,1854680,8289107,1857657,8360935,ADLL,SMBVL,ADL,SMBV
411,8417975,42672.0,23908.0,16890.0,1854680,8289107,1858005,8371297,ADLL,AVDR,ADL,AVD
412,8417976,42448.0,23472.0,16920.0,1854680,8289106,1857919,8368150,ADLL,ASHL,ADL,ASH
413,8417976,42448.0,23472.0,16920.0,1854680,8289106,1858005,8371298,ADLL,AVDR,ADL,AVD
414,8417976,42448.0,23472.0,16920.0,1854680,8289106,1857657,8360936,ADLL,SMBVL,ADL,SMBV
415,8417986,42370.0,25162.0,16170.0,1854680,8289083,1855391,8307683,ADLL,AVAL,ADL,AVA
416,8417986,42370.0,25162.0,16170.0,1854680,8289083,1858005,8371322,ADLL,AVDR,ADL,AVD
417,8417986,42370.0,25162.0,16170.0,1854680,8289083,1855391,8307658,ADLL,AVAL,ADL,AVA
418,8418835,42314.0,24960.0,16140.0,1854680,8289082,1857842,8366437,ADLL,AVBL,ADL,AVB
419,8418835,42314.0,24960.0,16140.0,1854680,8289082,1855391,8307685,ADLL,AVAL,ADL,AVA
420,8418835,42314.0,24960.0,16140.0,1854680,8289082,1858005,8371337,ADLL,AVDR,ADL,AVD
421,8417996,42116.0,24940.0,16320.0,1854680,8289087,1858050,8372286,ADLL,AVJR,ADL,AVJ
422,8417996,42116.0,24940.0,16320.0,1854680,8289087,1855391,8307678,ADLL,AVAL,ADL,AVA
423,8417996,42116.0,24940.0,16320.0,1854680,8289087,1858005,8371320,ADLL,AVDR,ADL,AVD
424,8417965,43760.0,26964.0,15180.0,1854680,8288934,1857126,8344623,ADLL,PVCL,ADL,PVC
425,8417965,43760.0,26964.0,15180.0,1854680,8288934,1858005,8371397,ADLL,AVDR,ADL,AVD
426,8417965,43760.0,26964.0,15180.0,1854680,8288934,1858050,8372325,ADLL,AVJR,ADL,AVJ
427,8417978,42728.0,23984.0,16770.0,1854680,8289111,1858005,8371278,ADLL,AVDR,ADL,AVD
428,8417978,42728.0,23984.0,16770.0,1854680,8289111,1857657,8360937,ADLL,SMBVL,ADL,SMBV
429,8471652,42860.0,21264.0,16110.0,1854680,8288807,1856963,8340903,ADLL,AVEL,ADL,AVE
430,8418594,43608.0,26960.0,15240.0,1854680,8288932,1858050,8372323,ADLL,AVJR,ADL,AVJ
431,8418594,43608.0,26960.0,15240.0,1854680,8288932,1857732,8363458,ADLL,AVHR,ADL,AVH
432,8417960,46648.0,29760.0,14010.0,1854680,8288974,1858683,8386041,ADLL,AWAL,ADL,AWA
433,8417960,46648.0,29760.0,14010.0,1854680,8288974,1857965,8369488,ADLL,AWBL,ADL,AWB
434,8419700,38264.0,17190.0,5790.0,1859476,8405640,1857256,8348234,ADLR,AIBR,ADL,AIB
435,8419700,38264.0,17190.0,5790.0,1859476,8405640,1856878,8339199,ADLR,AIAR,ADL,AIA
436,8471659,41044.0,24353.0,3480.0,1859476,8405519,1856878,8339046,ADLR,AIAR,ADL,AIA
437,8471659,41044.0,24353.0,3480.0,1859476,8405519,1857256,8348116,ADLR,AIBR,ADL,AIB
438,8471662,41408.0,26987.0,4530.0,1859476,8405757,1856878,8338993,ADLR,AIAR,ADL,AIA
439,8471662,41408.0,26987.0,4530.0,1859476,8405757,1857256,8348052,ADLR,AIBR,ADL,AIB
440,8447477,42304.0,28703.0,5610.0,1859476,8405808,1854363,8280606,ADLR,AVDL,ADL,AVD
441,8447477,42304.0,28703.0,5610.0,1859476,8405808,1857256,8348016,ADLR,AIBR,ADL,AIB
442,8447477,42304.0,28703.0,5610.0,1859476,8405808,1856878,8338957,ADLR,AIAR,ADL,AIA
443,8447477,42304.0,28703.0,5610.0,1859476,8405808,1854363,8280640,ADLR,AVDL,ADL,AVD
444,8419763,46120.0,31354.0,7440.0,1859476,8405869,1855226,8303108,ADLR,ASER,ADL,ASE
445,8419763,46120.0,31354.0,7440.0,1859476,8405869,1857256,8347955,ADLR,AIBR,ADL,AIB
446,8447803,41132.0,25480.0,3990.0,1859476,8405740,1857256,8348069,ADLR,AIBR,ADL,AIB
447,8447803,41132.0,25480.0,3990.0,1859476,8405740,1855226,8303228,ADLR,ASER,ADL,ASE
448,8419735,46596.0,31546.0,7620.0,1859476,8405875,1857256,8347949,ADLR,AIBR,ADL,AIB
449,8419735,46596.0,31546.0,7620.0,1859476,8405875,1854304,8278386,ADLR,ASHR,ADL,ASH
450,8419794,42356.0,28920.0,5730.0,1859476,8405812,1857256,8348012,ADLR,AIBR,ADL,AIB
451,8419794,42356.0,28920.0,5730.0,1859476,8405812,1854363,8280636,ADLR,AVDL,ADL,AVD
452,8447639,41720.0,27899.0,5370.0,1859476,8405800,1854363,8280608,ADLR,AVDL,ADL,AVD
453,8447639,41720.0,27899.0,5370.0,1859476,8405800,1854304,8278467,ADLR,ASHR,ADL,ASH
454,8447653,41572.0,27567.0,5310.0,1859476,8405798,1854304,8278475,ADLR,ASHR,ADL,ASH
455,8447653,41572.0,27567.0,5310.0,1859476,8405798,1852778,8243867,ADLR,AVAR,ADL,AVA
456,8447653,41572.0,27567.0,5310.0,1859476,8405798,1855492,8310803,ADLR,SMBVR,ADL,SMBV
457,8447672,40940.0,26811.0,5100.0,1859476,8405777,1852778,8243807,ADLR,AVAR,ADL,AVA
458,8447780,40828.0,26535.0,4590.0,1859476,8405759,1852778,8243786,ADLR,AVAR,ADL,AVA
459,8447681,40772.0,27263.0,5130.0,1859476,8405792,1855391,8319651,ADLR,AVAL,ADL,AVA
460,8447681,40772.0,27263.0,5130.0,1859476,8405792,1852778,8243873,ADLR,AVAR,ADL,AVA
461,8452836,41006.0,27531.0,5130.0,1859476,8405792,1855581,8312250,ADLR,OLQVR,ADL,OLQV
462,8452836,41006.0,27531.0,5130.0,1859476,8405792,1852778,8243873,ADLR,AVAR,ADL,AVA
463,8452835,41166.0,27843.0,5340.0,1859476,8405799,1852778,8243880,ADLR,AVAR,ADL,AVA
464,8452835,41166.0,27843.0,5340.0,1859476,8405799,1859631,8409343,ADLR,URYVR,ADL,URYV
465,8452835,41166.0,27843.0,5340.0,1859476,8405799,1855581,8312257,ADLR,OLQVR,ADL,OLQV
466,8452834,41282.0,27991.0,5610.0,1859476,8405808,1854941,8295331,ADLR,PVCR,ADL,PVC
467,8452834,41282.0,27991.0,5610.0,1859476,8405808,1852778,8243889,ADLR,AVAR,ADL,AVA
468,8452833,42302.0,28868.0,5940.0,1859476,8405819,1854363,8280649,ADLR,AVDL,ADL,AVD
469,8471660,41892.0,28259.0,5580.0,1859476,8405807,1854363,8280613,ADLR,AVDL,ADL,AVD
470,8471661,40840.0,27339.0,5280.0,1859476,8405797,1855391,8319664,ADLR,AVAL,ADL,AVA
471,8471661,40840.0,27339.0,5280.0,1859476,8405797,1854363,8280590,ADLR,AVDL,ADL,AVD
472,8471661,40840.0,27339.0,5280.0,1859476,8405797,1852778,8243834,ADLR,AVAR,ADL,AVA
473,8471663,40456.0,26947.0,5280.0,1859476,8405787,1855391,8319665,ADLR,AVAL,ADL,AVA
474,8471663,40456.0,26947.0,5280.0,1859476,8405787,1854363,8280590,ADLR,AVDL,ADL,AVD
475,8471663,40456.0,26947.0,5280.0,1859476,8405787,1852778,8243813,ADLR,AVAR,ADL,AVA
476,8447804,41437.0,27656.0,5730.0,1859476,8405957,1854363,8280598,ADLR,AVDL,ADL,AVD
477,8447804,41437.0,27656.0,5730.0,1859476,8405957,1852778,8243849,ADLR,AVAR,ADL,AVA
478,8447804,41437.0,27656.0,5730.0,1859476,8405957,1852778,8243913,ADLR,AVAR,ADL,AVA
479,8419727,38744.0,20365.0,3300.0,1859476,8405555,1858005,8370786,ADLR,AVDR,ADL,AVD
480,8419727,38744.0,20365.0,3300.0,1859476,8405555,1858050,8371803,ADLR,AVJR,ADL,AVJ
481,8452831,45070.0,30694.0,7500.0,1859476,8405871,1859684,8410324,ADLR,AWAR,ADL,AWA
482,8452831,45070.0,30694.0,7500.0,1859476,8405871,1859605,8408886,ADLR,AWBR,ADL,AWB
483,8419694,39266.0,15800.0,7440.0,1859476,8405695,1856878,8339254,ADLR,AIAR,ADL,AIA
484,8419694,39266.0,15800.0,7440.0,1859476,8405695,1855002,8297440,ADLR,AWCR,ADL,AWC
485,8419695,39194.0,15976.0,7110.0,1859476,8405684,1856878,8339243,ADLR,AIAR,ADL,AIA
486,8419695,39194.0,15976.0,7110.0,1859476,8405684,1855002,8297429,ADLR,AWCR,ADL,AWC
487,8419696,39134.0,16152.0,6930.0,1859476,8405678,1856878,8339237,ADLR,AIAR,ADL,AIA
488,8419696,39134.0,16152.0,6930.0,1859476,8405678,1855002,8297423,ADLR,AWCR,ADL,AWC
489,8419697,39084.0,16430.0,6720.0,1859476,8405671,1856878,8339230,ADLR,AIAR,ADL,AIA
490,8419697,39084.0,16430.0,6720.0,1859476,8405671,1855002,8297416,ADLR,AWCR,ADL,AWC
491,8419698,38996.0,16530.0,6540.0,1859476,8405665,1856878,8339224,ADLR,AIAR,ADL,AIA
492,8419698,38996.0,16530.0,6540.0,1859476,8405665,1855002,8297410,ADLR,AWCR,ADL,AWC
493,8419699,38836.0,16794.0,6150.0,1859476,8405652,1856878,8339211,ADLR,AIAR,ADL,AIA
494,8419699,38836.0,16794.0,6150.0,1859476,8405652,1855002,8297397,ADLR,AWCR,ADL,AWC
495,8416243,38098.0,17320.0,5550.0,1859476,8405632,1857256,8348226,ADLR,AIBR,ADL,AIB
496,8416243,38098.0,17320.0,5550.0,1859476,8405632,1856878,8339191,ADLR,AIAR,ADL,AIA
497,8416243,38098.0,17320.0,5550.0,1859476,8405632,1855002,8297377,ADLR,AWCR,ADL,AWC
498,8419704,37914.0,17864.0,5070.0,1859476,8405616,1855002,8297360,ADLR,AWCR,ADL,AWC
499,8419704,37914.0,17864.0,5070.0,1859476,8405616,1856878,8339175,ADLR,AIAR,ADL,AIA
500,8419704,37914.0,17864.0,5070.0,1859476,8405616,1857256,8348210,ADLR,AIBR,ADL,AIB
501,8419708,38340.0,19405.0,3510.0,1859476,8405562,1855002,8297309,ADLR,AWCR,ADL,AWC
502,8419708,38340.0,19405.0,3510.0,1859476,8405562,1856878,8339120,ADLR,AIAR,ADL,AIA
503,8419708,38340.0,19405.0,3510.0,1859476,8405562,1857256,8348159,ADLR,AIBR,ADL,AIB
504,8419715,38548.0,19853.0,3300.0,1859476,8405555,1855002,8297302,ADLR,AWCR,ADL,AWC
505,8419715,38548.0,19853.0,3300.0,1859476,8405555,1857256,8348152,ADLR,AIBR,ADL,AIB
506,8417931,38020.0,14870.0,9510.0,1858259,8377524,1858167,8374833,AFDL,AIYL,AFD,AIY
507,8417936,48675.0,32003.0,12780.0,1858259,8377610,1858167,8374298,AFDL,AIYL,AFD,AIY
508,8417938,42352.0,23464.0,18510.0,1858259,8377201,1858167,8374525,AFDL,AIYL,AFD,AIY
509,8417940,43612.0,27784.0,15960.0,1858259,8377118,1858167,8374427,AFDL,AIYL,AFD,AIY
510,8417942,44868.0,29412.0,14910.0,1858259,8377083,1858167,8374392,AFDL,AIYL,AFD,AIY
511,8417944,47336.0,31128.0,13770.0,1858259,8377045,1858167,8374337,AFDL,AIYL,AFD,AIY
512,8471664,38630.0,16700.0,14340.0,1858259,8377365,1858167,8374665,AFDL,AIYL,AFD,AIY
513,8417943,45368.0,29992.0,14670.0,1858259,8377075,1856861,8338462,AFDL,AINR,AFD,AIN
514,8417943,45368.0,29992.0,14670.0,1858259,8377075,1858167,8374371,AFDL,AIYL,AFD,AIY
515,8417932,41336.0,20396.0,17340.0,1858259,8377267,1855226,8303766,AFDL,ASER,AFD,ASE
516,8417932,41336.0,20396.0,17340.0,1858259,8377267,1858167,8374567,AFDL,AIYL,AFD,AIY
517,8417939,42768.0,25736.0,17490.0,1858259,8377166,1853794,8264896,AFDL,BAGR,AFD,BAG
518,8417939,42768.0,25736.0,17490.0,1858259,8377166,1858167,8374476,AFDL,AIYL,AFD,AIY
519,8471667,47563.0,31691.0,12690.0,1858259,8377613,1857771,8364073,AFDL,AIZL,AFD,AIZ
520,8471667,47563.0,31691.0,12690.0,1858259,8377613,1857965,8369428,AFDL,AWBL,AFD,AWB
521,8417945,37220.0,16190.0,6090.0,1853845,8266286,1855030,8298685,AFDR,AIYR,AFD,AIY
522,8417946,36820.0,19417.0,3420.0,1853845,8266198,1855030,8298597,AFDR,AIYR,AFD,AIY
523,8417947,39990.0,25624.0,2880.0,1853845,8266148,1855030,8298545,AFDR,AIYR,AFD,AIY
524,8417948,40126.0,25892.0,2910.0,1853845,8266147,1855030,8298544,AFDR,AIYR,AFD,AIY
525,8417950,45060.0,31466.0,7440.0,1853845,8265990,1855030,8298386,AFDR,AIYR,AFD,AIY
526,8417951,46076.0,32222.0,7920.0,1853845,8265974,1855030,8298370,AFDR,AIYR,AFD,AIY
527,8417952,48500.0,33224.0,8970.0,1853845,8265934,1855030,8298323,AFDR,AIYR,AFD,AIY
528,8417954,45342.0,31670.0,7680.0,1853845,8265982,1855030,8298378,AFDR,AIYR,AFD,AIY
529,8416502,42032.0,29683.0,5580.0,1853845,8266057,1855030,8298448,AFDR,AIYR,AFD,AIY
530,8416502,42032.0,29683.0,5580.0,1853845,8266057,1854817,8292473,AFDR,BAGL,AFD,BAG
531,8417949,41562.0,29081.0,5130.0,1853845,8266074,1854817,8292458,AFDR,BAGL,AFD,BAG
532,8417949,41562.0,29081.0,5130.0,1853845,8266074,1855030,8298463,AFDR,AIYR,AFD,AIY
533,8416201,43296.0,24336.0,17100.0,1858448,8381472,1855337,8306290,AIAL,AIBL,AIA,AIB
534,8416201,43296.0,24336.0,17100.0,1858448,8381472,1854680,8288871,AIAL,ADLL,AIA,ADL
535,8416201,43296.0,24336.0,17100.0,1858448,8381472,1859368,8403306,AIAL,ADAL,AIA,ADA
536,8416196,41908.0,20964.0,17250.0,1858448,8381539,1855337,8306344,AIAL,AIBL,AIA,AIB
537,8416207,42532.0,21736.0,17580.0,1858448,8381500,1855337,8306335,AIAL,AIBL,AIA,AIB
538,8416204,46896.0,29504.0,14460.0,1858448,8381379,1855337,8306195,AIAL,AIBL,AIA,AIB
539,8416204,46896.0,29504.0,14460.0,1858448,8381379,1854680,8288959,AIAL,ADLL,AIA,ADL
540,8416205,47580.0,30052.0,14040.0,1858448,8381365,1855337,8306180,AIAL,AIBL,AIA,AIB
541,8416205,47580.0,30052.0,14040.0,1858448,8381365,1854680,8288973,AIAL,ADLL,AIA,ADL
542,8416216,47168.0,29692.0,14340.0,1858448,8381375,1855337,8306191,AIAL,AIBL,AIA,AIB
543,8416216,47168.0,29692.0,14340.0,1858448,8381375,1854680,8288963,AIAL,ADLL,AIA,ADL
544,8416209,44272.0,27164.0,15660.0,1858448,8381425,1855337,8306243,AIAL,AIBL,AIA,AIB
545,8416209,44272.0,27164.0,15660.0,1858448,8381425,1858666,8385749,AIAL,ASGL,AIA,ASG
546,8416198,43220.0,23092.0,17310.0,1858448,8381488,1855337,8306297,AIAL,AIBL,AIA,AIB
547,8416198,43220.0,23092.0,17310.0,1858448,8381488,1859368,8403311,AIAL,ADAL,AIA,ADA
548,8416198,43220.0,23092.0,17310.0,1858448,8381488,1858701,8387145,AIAL,ASKL,AIA,ASK
549,8416200,43524.0,23784.0,17340.0,1858448,8381479,1855337,8306297,AIAL,AIBL,AIA,AIB
550,8416200,43524.0,23784.0,17340.0,1858448,8381479,1859368,8403311,AIAL,ADAL,AIA,ADA
551,8416200,43524.0,23784.0,17340.0,1858448,8381479,1858701,8387146,AIAL,ASKL,AIA,ASK
552,8416212,50424.0,31564.0,12990.0,1858448,8381309,1855337,8306139,AIAL,AIBL,AIA,AIB
553,8416212,50424.0,31564.0,12990.0,1858448,8381309,1858195,8375155,AIAL,RIFL,AIA,RIF
554,8416185,38994.0,15296.0,9210.0,1858448,8381806,1855337,8306608,AIAL,AIBL,AIA,AIB
555,8416185,38994.0,15296.0,9210.0,1858448,8381806,1855002,8297499,AIAL,AWCR,AIA,AWC
556,8416185,38994.0,15296.0,9210.0,1858448,8381806,1858237,8376445,AIAL,AWCL,AIA,AWC
557,8416187,39294.0,15679.0,10110.0,1858448,8381776,1855337,8306578,AIAL,AIBL,AIA,AIB
558,8416187,39294.0,15679.0,10110.0,1858448,8381776,1855002,8297529,AIAL,AWCR,AIA,AWC
559,8416189,38962.0,15751.0,10530.0,1858448,8381762,1855337,8306564,AIAL,AIBL,AIA,AIB
560,8416189,38962.0,15751.0,10530.0,1858448,8381762,1855002,8297543,AIAL,AWCR,AIA,AWC
561,8416194,41404.0,20130.0,16560.0,1858448,8381561,1855337,8306365,AIAL,AIBL,AIA,AIB
562,8416194,41404.0,20130.0,16560.0,1858448,8381561,1855002,8297743,AIAL,AWCR,AIA,AWC
563,8416195,41780.0,20872.0,16980.0,1858448,8381546,1855337,8306351,AIAL,AIBL,AIA,AIB
564,8416195,41780.0,20872.0,16980.0,1858448,8381546,1855002,8297757,AIAL,AWCR,AIA,AWC
565,8416206,50576.0,32036.0,13470.0,1858448,8381346,1855337,8306084,AIAL,AIBL,AIA,AIB
566,8416206,50576.0,32036.0,13470.0,1858448,8381346,1855002,8297981,AIAL,AWCR,AIA,AWC
567,8416192,39416.0,17584.0,14730.0,1858448,8381622,1855337,8306426,AIAL,AIBL,AIA,AIB
568,8416192,39416.0,17584.0,14730.0,1858448,8381622,1855226,8303682,AIAL,ASER,AIA,ASE
569,8416192,39416.0,17584.0,14730.0,1858448,8381622,1855002,8297681,AIAL,AWCR,AIA,AWC
570,8416261,41500.0,26089.0,3480.0,1856878,8339046,1857256,8348086,AIAR,AIBR,AIA,AIB
571,8416265,38154.0,20937.0,3060.0,1856878,8339098,1857256,8348141,AIAR,AIBR,AIA,AIB
572,8416257,49928.0,32620.0,8460.0,1856878,8338854,1857256,8347918,AIAR,AIBR,AIA,AIB
573,8416257,49928.0,32620.0,8460.0,1856878,8338854,1855712,8316123,AIAR,ADAR,AIA,ADA
574,8416257,49928.0,32620.0,8460.0,1856878,8338854,1859653,8409773,AIAR,RIFR,AIA,RIF
575,8416250,42540.0,28535.0,5460.0,1856878,8338962,1859476,8405803,AIAR,ADLR,AIA,ADL
576,8416250,42540.0,28535.0,5460.0,1856878,8338962,1857256,8348021,AIAR,AIBR,AIA,AIB
577,8416246,41668.0,26952.0,4440.0,1856878,8338996,1857256,8348055,AIAR,AIBR,AIA,AIB
578,8416246,41668.0,26952.0,4440.0,1856878,8338996,1859476,8405754,AIAR,ADLR,AIA,ADL
579,8416246,41668.0,26952.0,4440.0,1856878,8338996,1855712,8316464,AIAR,ADAR,AIA,ADA
580,8416245,41456.0,25641.0,3840.0,1856878,8339304,1859584,8408413,AIAR,ASKR,AIA,ASK
581,8416245,41456.0,25641.0,3840.0,1856878,8339304,1857256,8348074,AIAR,AIBR,AIA,AIB
582,8416234,37696.0,17674.0,4950.0,1856878,8339171,1855002,8297356,AIAR,AWCR,AIA,AWC
583,8416234,37696.0,17674.0,4950.0,1856878,8339171,1857256,8348206,AIAR,AIBR,AIA,AIB
584,8416244,37984.0,19835.0,3240.0,1856878,8339105,1857256,8348149,AIAR,AIBR,AIA,AIB
585,8416244,37984.0,19835.0,3240.0,1856878,8339105,1855002,8297300,AIAR,AWCR,AIA,AWC
586,8416256,48264.0,32574.0,7890.0,1856878,8338873,1857256,8347937,AIAR,AIBR,AIA,AIB
587,8416256,48264.0,32574.0,7890.0,1856878,8338873,1855002,8297072,AIAR,AWCR,AIA,AWC
588,8416259,40452.0,23889.0,3300.0,1856878,8339068,1857256,8348124,AIAR,AIBR,AIA,AIB
589,8416259,40452.0,23889.0,3300.0,1856878,8339068,1855002,8297245,AIAR,AWCR,AIA,AWC
590,8416260,41424.0,25837.0,3300.0,1856878,8339295,1855002,8297225,AIAR,AWCR,AIA,AWC
591,8416260,41424.0,25837.0,3300.0,1856878,8339295,1857256,8348092,AIAR,AIBR,AIA,AIB
592,8416263,45788.0,31392.0,6720.0,1856878,8338920,1857256,8347979,AIAR,AIBR,AIA,AIB
593,8416263,45788.0,31392.0,6720.0,1856878,8338920,1855002,8297111,AIAR,AWCR,AIA,AWC
594,8416264,50814.0,33364.0,9060.0,1856878,8339340,1857256,8347896,AIAR,AIBR,AIA,AIB
595,8416264,50814.0,33364.0,9060.0,1856878,8339340,1855002,8297026,AIAR,AWCR,AIA,AWC
596,8416242,38152.0,16994.0,5670.0,1856878,8339195,1855002,8297381,AIAR,AWCR,AIA,AWC
597,8416242,38152.0,16994.0,5670.0,1856878,8339195,1859476,8405636,AIAR,ADLR,AIA,ADL
598,8416242,38152.0,16994.0,5670.0,1856878,8339195,1857256,8348230,AIAR,AIBR,AIA,AIB
599,8416253,43856.0,29980.0,5940.0,1856878,8338946,1857256,8348005,AIAR,AIBR,AIA,AIB
600,8416253,43856.0,29980.0,5940.0,1856878,8338946,1855002,8297138,AIAR,AWCR,AIA,AWC
601,8416253,43856.0,29980.0,5940.0,1856878,8338946,1854289,8278102,AIAR,ASGR,AIA,ASG
602,8416240,38618.0,16072.0,6870.0,1856878,8339235,1855002,8297421,AIAR,AWCR,AIA,AWC
603,8416240,38618.0,16072.0,6870.0,1856878,8339235,1854662,8288699,AIAR,ASIL,AIA,ASI
604,8416240,38618.0,16072.0,6870.0,1856878,8339235,1858237,8376523,AIAR,AWCL,AIA,AWC
605,8416240,38618.0,16072.0,6870.0,1856878,8339235,1857256,8348270,AIAR,AIBR,AIA,AIB
606,8416241,38276.0,16866.0,6180.0,1856878,8339212,1854478,8283100,AIAR,PVQR,AIA,PVQ
607,8416241,38276.0,16866.0,6180.0,1856878,8339212,1857256,8348247,AIAR,AIBR,AIA,AIB
608,8416258,50852.0,33100.0,8850.0,1856878,8339321,1857256,8347906,AIAR,AIBR,AIA,AIB
609,8416258,50852.0,33100.0,8850.0,1856878,8339321,1859653,8409760,AIAR,RIFR,AIA,RIF
610,8416255,45552.0,31224.0,6630.0,1856878,8338923,1855002,8297114,AIAR,AWCR,AIA,AWC
611,8416254,44128.0,30156.0,6000.0,1856878,8338944,1854289,8278094,AIAR,ASGR,AIA,ASG
612,8416254,44128.0,30156.0,6000.0,1856878,8338944,1855002,8297136,AIAR,AWCR,AIA,AWC
613,8416327,39310.0,15364.0,9750.0,1855337,8306590,1854680,8289379,AIBL,ADLL,AIB,ADL
614,8416327,39310.0,15364.0,9750.0,1855337,8306590,1858448,8381788,AIBL,AIAL,AIB,AIA
615,8416308,38008.0,26111.0,3690.0,1855337,8307004,1857842,8367322,AIBL,AVBL,AIB,AVB
616,8416308,38008.0,26111.0,3690.0,1855337,8307004,1854786,8291273,AIBL,RIGR,AIB,RIG
617,8416328,37944.0,25434.0,2640.0,1855337,8306970,1853041,8250262,AIBL,RIBR,AIB,RIB
618,8416324,37586.0,15652.0,8430.0,1855337,9656672,1857256,8348322,AIBL,AIBR,AIB,AIB
619,8416324,37586.0,15652.0,8430.0,1855337,9656672,1853041,8250715,AIBL,RIBR,AIB,RIB
620,8416322,36850.0,15728.0,8340.0,1855337,8306684,1857256,8348319,AIBL,AIBR,AIB,AIB
621,8416322,36850.0,15728.0,8340.0,1855337,8306684,1853041,8250712,AIBL,RIBR,AIB,RIB
622,8416322,36850.0,15728.0,8340.0,1855337,8306684,1854817,8292017,AIBL,BAGL,AIB,BAG
623,8416322,36850.0,15728.0,8340.0,1855337,8306684,1855622,8314204,AIBL,RIBL,AIB,RIB
624,8416325,37646.0,15552.0,8490.0,1855337,9656674,1857943,8369224,AIBL,AUAL,AIB,AUA
625,8416325,37646.0,15552.0,8490.0,1855337,9656674,1853041,8250717,AIBL,RIBR,AIB,RIB
626,8416323,37550.0,15512.0,8370.0,1855337,9656670,1858167,8374870,AIBL,AIYL,AIB,AIY
627,8416323,37550.0,15512.0,8370.0,1855337,9656670,1853823,8265713,AIBL,AUAR,AIB,AUA
628,8416323,37550.0,15512.0,8370.0,1855337,9656670,1853041,8250713,AIBL,RIBR,AIB,RIB
629,8416335,37014.0,23679.0,2790.0,1855337,8306995,1853041,8250294,AIBL,RIBR,AIB,RIB
630,8416335,37014.0,23679.0,2790.0,1855337,8306995,1853861,8267694,AIBL,RIMR,AIB,RIM
631,8416333,37152.0,23932.0,2880.0,1855337,8306992,1852778,8243724,AIBL,AVAR,AIB,AVA
632,8416333,37152.0,23932.0,2880.0,1855337,8306992,1853041,8416334,AIBL,RIBR,AIB,RIB
633,8416333,37152.0,23932.0,2880.0,1855337,8306992,1857842,8366954,AIBL,AVBL,AIB,AVB
634,8416333,37152.0,23932.0,2880.0,1855337,8306992,1853861,8267691,AIBL,RIMR,AIB,RIM
635,8416329,37878.0,25060.0,2880.0,1855337,8306950,2096429,8268347,AIBL,Fragment,AIB,Fragment
636,8416329,37878.0,25060.0,2880.0,1855337,8306950,1853041,8250254,AIBL,RIBR,AIB,RIB
637,8416329,37878.0,25060.0,2880.0,1855337,8306950,1853861,8267691,AIBL,RIMR,AIB,RIM
638,8416329,37878.0,25060.0,2880.0,1855337,8306950,1857842,8366954,AIBL,AVBL,AIB,AVB
639,8416310,35364.0,20001.0,3420.0,1855337,8306895,1853942,8268970,AIBL,RMFR,AIB,RMF
640,8416310,35364.0,20001.0,3420.0,1855337,8306895,1853041,8250548,AIBL,RIBR,AIB,RIB
641,8416310,35364.0,20001.0,3420.0,1855337,8306895,1854786,8291334,AIBL,RIGR,AIB,RIG
642,8416311,35732.0,20237.0,3420.0,1855337,8306895,1853041,8250548,AIBL,RIBR,AIB,RIB
643,8416311,35732.0,20237.0,3420.0,1855337,8306895,1857453,8354436,AIBL,SIBVL,AIB,SIBV
644,8416338,47434.0,30064.0,9450.0,1855337,8307250,1855391,8308516,AIBL,AVAL,AIB,AVA
645,8416338,47434.0,30064.0,9450.0,1855337,8307250,1853861,8266662,AIBL,RIMR,AIB,RIM
646,8416298,40048.0,27997.0,5520.0,1855337,8307100,1857842,8367045,AIBL,AVBL,AIB,AVB
647,8416298,40048.0,27997.0,5520.0,1855337,8307100,1853861,8266810,AIBL,RIMR,AIB,RIM
648,8416300,39596.0,27735.0,5250.0,1855337,8307091,1857842,8367036,AIBL,AVBL,AIB,AVB
649,8416300,39596.0,27735.0,5250.0,1855337,8307091,1853861,8266826,AIBL,RIMR,AIB,RIM
650,8416301,39348.0,27383.0,5070.0,1855337,8307085,1857842,8367030,AIBL,AVBL,AIB,AVB
651,8416301,39348.0,27383.0,5070.0,1855337,8307085,1853861,8266832,AIBL,RIMR,AIB,RIM
652,8416302,39060.0,27007.0,4800.0,1855337,8307076,1857842,8367021,AIBL,AVBL,AIB,AVB
653,8416302,39060.0,27007.0,4800.0,1855337,8307076,1853861,8266841,AIBL,RIMR,AIB,RIM
654,8416296,40676.0,28780.0,6360.0,1855337,8307128,1853861,8266782,AIBL,RIMR,AIB,RIM
655,8416296,40676.0,28780.0,6360.0,1855337,8307128,1853942,8268724,AIBL,RMFR,AIB,RMF
656,8416312,35204.0,18164.0,4800.0,1855337,8306839,1859300,8400863,AIBL,SAADL,AIB,SAAD
657,8416312,35204.0,18164.0,4800.0,1855337,8306839,1853861,8266967,AIBL,RIMR,AIB,RIM
658,8416312,35204.0,18164.0,4800.0,1855337,8306839,1853942,8269015,AIBL,RMFR,AIB,RMF
659,8416321,35266.0,16710.0,7230.0,1855337,8306743,1853861,8267048,AIBL,RIMR,AIB,RIM
660,8416321,35266.0,16710.0,7230.0,1855337,8306743,1854175,8275678,AIBL,SMDVR,AIB,SMDV
661,8416321,35266.0,16710.0,7230.0,1855337,8306743,1859300,8400782,AIBL,SAADL,AIB,SAAD
662,8416336,36938.0,24451.0,3120.0,1855337,8306984,1853861,8266896,AIBL,RIMR,AIB,RIM
663,8416336,36938.0,24451.0,3120.0,1855337,8306984,1856937,8340311,AIBL,SAAVL,AIB,SAAV
664,8416348,36534.0,23252.0,2970.0,1855337,8306989,1853861,8266907,AIBL,RIMR,AIB,RIM
665,8416348,36534.0,23252.0,2970.0,1855337,8306989,1856937,8340294,AIBL,SAAVL,AIB,SAAV
666,8416288,45780.0,30112.0,9510.0,1855337,8307238,1853861,8266698,AIBL,RIMR,AIB,RIM
667,8416288,45780.0,30112.0,9510.0,1855337,8307238,1856212,8327318,AIBL,SMDDR,AIB,SMDD
668,8416289,45488.0,30184.0,9480.0,1855337,8307237,1856212,8327317,AIBL,SMDDR,AIB,SMDD
669,8416289,45488.0,30184.0,9480.0,1855337,8307237,1853861,8266698,AIBL,RIMR,AIB,RIM
670,8416293,42912.0,29916.0,8520.0,1855337,8307205,1856212,8326507,AIBL,SMDDR,AIB,SMDD
671,8416293,42912.0,29916.0,8520.0,1855337,8307205,1853861,8266710,AIBL,RIMR,AIB,RIM
672,8416346,43768.0,30088.0,8850.0,1855337,8307216,1853861,8266699,AIBL,RIMR,AIB,RIM
673,8416346,43768.0,30088.0,8850.0,1855337,8307216,1856212,8326496,AIBL,SMDDR,AIB,SMDD
674,8416313,35264.0,17680.0,5250.0,1855337,8306809,1854175,8275612,AIBL,SMDVR,AIB,SMDV
675,8416313,35264.0,17680.0,5250.0,1855337,8306809,1853861,8266982,AIBL,RIMR,AIB,RIM
676,8416316,35156.0,17404.0,5550.0,1855337,8306799,1854175,8275622,AIBL,SMDVR,AIB,SMDV
677,8416316,35156.0,17404.0,5550.0,1855337,8306799,1853861,8266992,AIBL,RIMR,AIB,RIM
678,8416317,35126.0,17322.0,5820.0,1855337,8306790,1854175,8275631,AIBL,SMDVR,AIB,SMDV
679,8416317,35126.0,17322.0,5820.0,1855337,8306790,1853861,8267001,AIBL,RIMR,AIB,RIM
680,8416318,35138.0,17098.0,6090.0,1855337,8306781,1853861,8267010,AIBL,RIMR,AIB,RIM
681,8416318,35138.0,17098.0,6090.0,1855337,8306781,1854175,8275640,AIBL,SMDVR,AIB,SMDV
682,8416319,35162.0,17034.0,6330.0,1855337,8306773,1853861,8267018,AIBL,RIMR,AIB,RIM
683,8416319,35162.0,17034.0,6330.0,1855337,8306773,1854175,8275648,AIBL,SMDVR,AIB,SMDV
684,8416337,35338.0,17924.0,5010.0,1855337,8306817,1853861,8266974,AIBL,RIMR,AIB,RIM
685,8416337,35338.0,17924.0,5010.0,1855337,8306817,1854175,8275610,AIBL,SMDVR,AIB,SMDV
686,8416290,44664.0,30236.0,9300.0,1855337,8307231,1856212,8326481,AIBL,SMDDR,AIB,SMDD
687,8416393,49726.0,30694.0,11370.0,1857256,8349054,1854528,8285042,AIBR,AVBR,AIB,AVB
688,8416368,41506.0,25840.0,16740.0,1857256,8348761,1852675,8242455,AIBR,RMFL,AIB,RMF
689,8416368,41506.0,25840.0,16740.0,1857256,8348761,1854528,8284655,AIBR,AVBR,AIB,AVB
690,8416395,45754.0,30048.0,11340.0,1857256,8348981,1854322,8279659,AIBR,AVER,AIB,AVE
691,8416395,45754.0,30048.0,11340.0,1857256,8348981,1857613,8359194,AIBR,AVKL,AIB,AVK
692,8416365,41684.0,26540.0,16560.0,1857256,8348767,1855622,8313458,AIBR,RIBL,AIB,RIB
693,8416365,41684.0,26540.0,16560.0,1857256,8348767,1859108,8394979,AIBR,RIAL,AIB,RIA
694,8416397,37142.0,15809.0,8610.0,1857256,8348328,1855622,8314195,AIBR,RIBL,AIB,RIB
695,8416397,37142.0,15809.0,8610.0,1857256,8348328,1853041,8250721,AIBR,RIBR,AIB,RIB
696,8416397,37142.0,15809.0,8610.0,1857256,8348328,1857943,8369200,AIBR,AUAL,AIB,AUA
697,8416392,38920.0,20464.0,17760.0,1857256,8348674,1855622,8313898,AIBR,RIBL,AIB,RIB
698,8416392,38920.0,20464.0,17760.0,1857256,8348674,1852778,8243203,AIBR,AVAR,AIB,AVA
699,8416390,39148.0,20676.0,17940.0,1857256,8348680,1855391,8307761,AIBR,AVAL,AIB,AVA
700,8416390,39148.0,20676.0,17940.0,1857256,8348680,1854528,8284603,AIBR,AVBR,AIB,AVB
701,8416390,39148.0,20676.0,17940.0,1857256,8348680,1855622,8313892,AIBR,RIBL,AIB,RIB
702,8416376,36892.0,17018.0,14700.0,1857256,8348532,1856963,8341019,AIBR,AVEL,AIB,AVE
703,8416376,36892.0,17018.0,14700.0,1857256,8348532,1855622,8313996,AIBR,RIBL,AIB,RIB
704,8416406,36626.0,15600.0,9030.0,1857256,8348342,1855622,8314181,AIBR,RIBL,AIB,RIB
705,8416406,36626.0,15600.0,9030.0,1857256,8348342,1853794,8264263,AIBR,BAGR,AIB,BAG
706,8416373,37292.0,17266.0,14910.0,1857256,8348539,1855622,8313989,AIBR,RIBL,AIB,RIB
707,8416373,37292.0,17266.0,14910.0,1857256,8348539,1855193,8302469,AIBR,DVA,AIB,DVA
708,8416367,41516.0,26484.0,16650.0,1857256,8348764,1855622,8313461,AIBR,RIBL,AIB,RIB
709,8416367,41516.0,26484.0,16650.0,1857256,8348764,1857421,8353008,AIBR,RIGL,AIB,RIG
710,8416378,36676.0,16606.0,13710.0,1857256,8348499,1855622,8314028,AIBR,RIBL,AIB,RIB
711,8416378,36676.0,16606.0,13710.0,1857256,8348499,1857943,8369030,AIBR,AUAL,AIB,AUA
712,8416378,36676.0,16606.0,13710.0,1857256,8348499,1856963,8341052,AIBR,AVEL,AIB,AVE
713,8416378,36676.0,16606.0,13710.0,1857256,8348499,1857421,8353385,AIBR,RIGL,AIB,RIG
714,8416380,36188.0,16138.0,11850.0,1857256,8348437,1852827,8244212,AIBR,SMDVL,AIB,SMDV
715,8416380,36188.0,16138.0,11850.0,1857256,8348437,1857771,8364581,AIBR,AIZL,AIB,AIZ
716,8416380,36188.0,16138.0,11850.0,1857256,8348437,1859413,8404062,AIBR,RIML,AIB,RIM
717,8416382,35802.0,15951.0,10380.0,1857256,8348391,1852827,8244264,AIBR,SMDVL,AIB,SMDV
718,8416382,35802.0,15951.0,10380.0,1857256,8348391,1859413,8404108,AIBR,RIML,AIB,RIM
719,8416382,35802.0,15951.0,10380.0,1857256,8348391,1857771,8364627,AIBR,AIZL,AIB,AIZ
720,8416371,40456.0,24400.0,17250.0,1857256,8348714,1854528,8284640,AIBR,AVBR,AIB,AVB
721,8416371,40456.0,24400.0,17250.0,1857256,8348714,1859413,8403808,AIBR,RIML,AIB,RIM
722,8416387,39216.0,21428.0,18210.0,1857256,8348697,1859413,8403853,AIBR,RIML,AIB,RIM
723,8416387,39216.0,21428.0,18210.0,1857256,8348697,1854528,8285072,AIBR,AVBR,AIB,AVB
724,8416391,39912.0,23304.0,17850.0,1857256,8348677,1854528,8284620,AIBR,AVBR,AIB,AVB
725,8416391,39912.0,23304.0,17850.0,1857256,8348677,1859413,8403828,AIBR,RIML,AIB,RIM
726,8416391,39912.0,23304.0,17850.0,1857256,8348677,1852778,8243217,AIBR,AVAR,AIB,AVA
727,8416408,40086.0,23714.0,17730.0,1857256,8348673,1854528,8284624,AIBR,AVBR,AIB,AVB
728,8416408,40086.0,23714.0,17730.0,1857256,8348673,1859413,8403824,AIBR,RIML,AIB,RIM
729,8416408,40086.0,23714.0,17730.0,1857256,8348673,1852778,8243221,AIBR,AVAR,AIB,AVA
730,8416394,38440.0,19956.0,17580.0,1857256,8348659,1859413,8403875,AIBR,RIML,AIB,RIM
731,8416394,38440.0,19956.0,17580.0,1857256,8348659,1855622,8313904,AIBR,RIBL,AIB,RIB
732,8416396,43153.0,28843.0,14010.0,1857256,8348854,1859300,8400267,AIBR,SAADL,AIB,SAAD
733,8416396,43153.0,28843.0,14010.0,1857256,8348854,1859413,8403704,AIBR,RIML,AIB,RIM
734,8416372,38388.0,19896.0,17520.0,1857256,8348657,1852778,8243195,AIBR,AVAR,AIB,AVA
735,8416372,38388.0,19896.0,17520.0,1857256,8348657,1854065,8272713,AIBR,SAAVR,AIB,SAAV
736,8416372,38388.0,19896.0,17520.0,1857256,8348657,1859413,8403877,AIBR,RIML,AIB,RIM
737,8416401,37924.0,19324.0,16320.0,1857256,8348618,1856375,8332059,AIBR,SAADR,AIB,SAAD
738,8416401,37924.0,19324.0,16320.0,1857256,8348618,1859413,8403914,AIBR,RIML,AIB,RIM
739,8416401,37924.0,19324.0,16320.0,1857256,8348618,1854065,8272676,AIBR,SAAVR,AIB,SAAV
740,8416357,44486.0,29598.0,11490.0,1857256,8348972,1859238,8397624,AIBR,SMDDL,AIB,SMDD
741,8416357,44486.0,29598.0,11490.0,1857256,8348972,1859413,8403639,AIBR,RIML,AIB,RIM
742,8416358,43696.0,29452.0,12510.0,1857256,8348918,1859238,8397658,AIBR,SMDDL,AIB,SMDD
743,8416358,43696.0,29452.0,12510.0,1857256,8348918,1859413,8403654,AIBR,RIML,AIB,RIM
744,8416359,43883.0,29525.0,11820.0,1857256,8348945,1859413,8403628,AIBR,RIML,AIB,RIM
745,8416359,43883.0,29525.0,11820.0,1857256,8348945,1859238,8397635,AIBR,SMDDL,AIB,SMDD
746,8416361,43811.0,29425.0,12060.0,1857256,8348933,1859413,8403620,AIBR,RIML,AIB,RIM
747,8416361,43811.0,29425.0,12060.0,1857256,8348933,1859238,8397643,AIBR,SMDDL,AIB,SMDD
748,8416399,44912.0,29578.0,11460.0,1857256,8348973,1859238,8397623,AIBR,SMDDL,AIB,SMDD
749,8416399,44912.0,29578.0,11460.0,1857256,8348973,1859413,8403640,AIBR,RIML,AIB,RIM
750,8416381,36030.0,16015.0,11250.0,1857256,8348418,1859413,8404081,AIBR,RIML,AIB,RIM
751,8416381,36030.0,16015.0,11250.0,1857256,8348418,1852827,8244231,AIBR,SMDVL,AIB,SMDV
752,8416383,35790.0,15927.0,10140.0,1857256,8348383,1852827,8244272,AIBR,SMDVL,AIB,SMDV
753,8416383,35790.0,15927.0,10140.0,1857256,8348383,1859413,8404116,AIBR,RIML,AIB,RIM
754,8416384,35670.0,15892.0,9690.0,1857256,8348368,1859413,8404131,AIBR,RIML,AIB,RIM
755,8416384,35670.0,15892.0,9690.0,1857256,8348368,1852827,8244302,AIBR,SMDVL,AIB,SMDV
756,8416386,35632.0,15864.0,9510.0,1857256,8348362,1859413,8404137,AIBR,RIML,AIB,RIM
757,8416386,35632.0,15864.0,9510.0,1857256,8348362,1852827,8244308,AIBR,SMDVL,AIB,SMDV
758,8416363,42672.0,28532.0,14430.0,1857256,8348840,1859300,8400281,AIBR,SAADL,AIB,SAAD
759,8416363,42672.0,28532.0,14430.0,1857256,8348840,1859269,8399346,AIBR,RIVR,AIB,RIV
760,8416360,43355.0,29469.0,11820.0,1857256,8348945,1859238,8397635,AIBR,SMDDL,AIB,SMDD
761,8416360,43355.0,29469.0,11820.0,1857256,8348945,1853861,8267621,AIBR,RIMR,AIB,RIM
762,8416429,41282.0,20728.0,16590.0,1858425,8380724,1858448,8381560,AIML,AIAL,AIM,AIA
763,8416429,41282.0,20728.0,16590.0,1858425,8380724,1857771,8364803,AIML,AIZL,AIM,AIZ
764,8416429,41282.0,20728.0,16590.0,1858425,8380724,1857771,8364418,AIML,AIZL,AIM,AIZ
765,8416421,46952.0,29260.0,15120.0,1858425,8380573,1858448,8381868,AIML,AIAL,AIM,AIA
766,8416421,46952.0,29260.0,15120.0,1858425,8380573,1858666,8385703,AIML,ASGL,AIM,ASG
767,8416424,53816.0,32424.0,13320.0,1858425,8380504,1858666,8385583,AIML,ASGL,AIM,ASG
768,8416424,53816.0,32424.0,13320.0,1858425,8380504,1858448,8381277,AIML,AIAL,AIM,AIA
769,8416433,46018.0,28436.0,15270.0,1858425,8380579,1858448,8381412,AIML,AIAL,AIM,AIA
770,8416433,46018.0,28436.0,15270.0,1858425,8380579,1858666,8385712,AIML,ASGL,AIM,ASG
771,8416425,43996.0,24372.0,16980.0,1858425,8381090,1858701,8386810,AIML,ASKL,AIM,ASK
772,8416425,43996.0,24372.0,16980.0,1858425,8381090,1858448,8381469,AIML,AIAL,AIM,AIA
773,8416428,43936.0,24776.0,16680.0,1858425,8381080,1858701,8386793,AIML,ASKL,AIM,ASK
774,8416428,43936.0,24776.0,16680.0,1858425,8381080,1858448,8381459,AIML,AIAL,AIM,AIA
775,8416419,46604.0,29004.0,15210.0,1858425,8380576,1858666,8385714,AIML,ASGL,AIM,ASG
776,8416419,46604.0,29004.0,15210.0,1858425,8380576,1858448,8381870,AIML,AIAL,AIM,AIA
777,8416419,46604.0,29004.0,15210.0,1858425,8380576,1858701,8387159,AIML,ASKL,AIM,ASK
778,8416441,48356.0,30312.0,14910.0,1858425,8380566,1858666,8385696,AIML,ASGL,AIM,ASG
779,8416423,52588.0,31916.0,13500.0,1858425,8380510,1858666,8385611,AIML,ASGL,AIM,ASG
780,8416423,52588.0,31916.0,13500.0,1858425,8380510,1858448,8381347,AIML,AIAL,AIM,AIA
781,8416423,52588.0,31916.0,13500.0,1858425,8380510,1859757,8412308,AIML,ASJL,AIM,ASJ
782,8416414,39704.0,18768.0,13770.0,1858425,8380829,1858762,8387997,AIML,ALML,AIM,ALM
783,8416414,39704.0,18768.0,13770.0,1858425,8380829,1859757,8412549,AIML,ASJL,AIM,ASJ
784,8416440,44036.0,25508.0,16080.0,1858425,8380670,1856651,8335683,AIML,CEPshDL,AIM,CEPshD
785,8416440,44036.0,25508.0,16080.0,1858425,8380670,1858701,8386770,AIML,ASKL,AIM,ASK
786,8416440,44036.0,25508.0,16080.0,1858425,8380670,1859757,8412426,AIML,ASJL,AIM,ASJ
787,8416417,42384.0,22508.0,15960.0,1858425,8380678,1858125,8373435,AIML,AVFR,AIM,AVF
788,8416417,42384.0,22508.0,15960.0,1858425,8380678,1857657,8360964,AIML,SMBVL,AIM,SMBV
789,8416417,42384.0,22508.0,15960.0,1858425,8380678,1859757,8412459,AIML,ASJL,AIM,ASJ
790,8416442,44064.0,25012.0,16410.0,1858425,8381071,1856654,8335684,AIML,CEPshDL,AIM,CEPshD
791,8416442,44064.0,25012.0,16410.0,1858425,8381071,1858701,8386781,AIML,ASKL,AIM,ASK
792,8416432,44788.0,27164.0,14550.0,1858425,8380618,1859449,8404982,AIML,CEPVL,AIM,CEPV
793,8416432,44788.0,27164.0,14550.0,1858425,8380618,1857842,8366364,AIML,AVBL,AIM,AVB
794,8416412,39436.0,18160.0,13350.0,1858425,8380845,1858313,8378604,AIML,AVFL,AIM,AVF
795,8416413,39400.0,18240.0,13500.0,1858425,8380840,1858313,8378599,AIML,AVFL,AIM,AVF
796,8416431,45544.0,27636.0,14550.0,1858425,8380627,1858348,8379337,AIML,RMGL,AIM,RMG
797,8416431,45544.0,27636.0,14550.0,1858425,8380627,1857842,8366361,AIML,AVBL,AIM,AVB
798,8416410,39034.0,17163.0,10200.0,1858425,8380948,1858195,8375469,AIML,RIFL,AIM,RIF
799,8416410,39034.0,17163.0,10200.0,1858425,8380948,1858313,8378707,AIML,AVFL,AIM,AVF
800,8416439,39448.0,18348.0,13710.0,1858425,8380833,1858125,8373525,AIML,AVFR,AIM,AVF
801,8416411,38984.0,17474.0,11910.0,1858425,8380893,1857842,8366654,AIML,AVBL,AIM,AVB
802,8416411,38984.0,17474.0,11910.0,1858425,8380893,1854405,8281127,AIML,AVJL,AIM,AVJ
803,8416416,39760.0,18854.0,15150.0,1858425,8380783,1858448,8381608,AIML,AIAL,AIM,AIA
804,8416416,39760.0,18854.0,15150.0,1858425,8380783,1857965,8369717,AIML,AWBL,AIM,AWB
805,8416443,39024.0,17632.0,9150.0,1858425,8380983,1856648,8335682,AIML,CEPshDL,AIM,CEPshD
806,8416462,39460.0,24156.0,4080.0,1855470,8310144,1852778,8416466,AIMR,AVAR,AIM,AVA
807,8416462,39460.0,24156.0,4080.0,1855470,8310144,1854304,8278515,AIMR,ASHR,AIM,ASH
808,8416462,39460.0,24156.0,4080.0,1855470,8310144,1855712,8316435,AIMR,ADAR,AIM,ADA
809,8416474,42364.0,27531.0,4800.0,1855470,8310053,1856878,8338984,AIMR,AIAR,AIM,AIA
810,8416461,39800.0,24095.0,3660.0,1855470,8310158,1859605,8409041,AIMR,AWBR,AIM,AWB
811,8416461,39800.0,24095.0,3660.0,1855470,8310158,1856878,8339063,AIMR,AIAR,AIM,AIA
812,8416461,39800.0,24095.0,3660.0,1855470,8310158,1856878,8339035,AIMR,AIAR,AIM,AIA
813,8416484,39714.0,23767.0,3510.0,1855470,8310163,1855089,8299960,AIMR,AIZR,AIM,AIZ
814,8416484,39714.0,23767.0,3510.0,1855470,8310163,1856878,8339057,AIMR,AIAR,AIM,AIA
815,8416248,42208.0,27220.0,4530.0,1855470,8310062,1854289,8278147,AIMR,ASGR,AIM,ASG
816,8416248,42208.0,27220.0,4530.0,1855470,8310062,1856878,8338993,AIMR,AIAR,AIM,AIA
817,8416467,43556.0,29591.0,5610.0,1855470,8310022,1856878,8338957,AIMR,AIAR,AIM,AIA
818,8416467,43556.0,29591.0,5610.0,1855470,8310022,1854289,8278111,AIMR,ASGR,AIM,ASG
819,8416470,47256.0,32128.0,6810.0,1855470,8309977,1856878,8338917,AIMR,AIAR,AIM,AIA
820,8416470,47256.0,32128.0,6810.0,1855470,8309977,1854289,8278063,AIMR,ASGR,AIM,ASG
821,8416489,47586.0,32310.0,6990.0,1855470,8309971,1856878,8338911,AIMR,AIAR,AIM,AIA
822,8416489,47586.0,32310.0,6990.0,1855470,8309971,1859584,8408289,AIMR,ASKR,AIM,ASK
823,8416489,47586.0,32310.0,6990.0,1855470,8309971,1854289,8278057,AIMR,ASGR,AIM,ASG
824,8416493,43336.0,29367.0,5520.0,1855470,8310025,1856878,8338960,AIMR,AIAR,AIM,AIA
825,8416493,43336.0,29367.0,5520.0,1855470,8310025,1859584,8408355,AIMR,ASKR,AIM,ASK
826,8416493,43336.0,29367.0,5520.0,1855470,8310025,1854289,8278114,AIMR,ASGR,AIM,ASG
827,8416472,42200.0,26931.0,4260.0,1855470,8310071,1859584,8408400,AIMR,ASKR,AIM,ASK
828,8416472,42200.0,26931.0,4260.0,1855470,8310071,1856878,8339002,AIMR,AIAR,AIM,AIA
829,8416454,38778.0,17728.0,7980.0,1855470,8310349,1856645,8335681,AIMR,CEPshDR,AIM,CEPshD
830,8416454,38778.0,17728.0,7980.0,1855470,8310349,1858425,8381022,AIMR,AIML,AIM,AIM
831,8416471,49736.0,33046.0,7770.0,1855470,8309945,1854289,8278031,AIMR,ASGR,AIM,ASG
832,8416485,44630.0,30800.0,5910.0,1855470,8310007,1854289,8278097,AIMR,ASGR,AIM,ASG
833,8416485,44630.0,30800.0,5910.0,1855470,8310007,1856619,8335669,AIMR,CEPshVR,AIM,CEPshV
834,8416486,44574.0,30728.0,5880.0,1855470,8310008,1856619,8416487,AIMR,CEPshVR,AIM,CEPshV
835,8416486,44574.0,30728.0,5880.0,1855470,8310008,1854289,8278098,AIMR,ASGR,AIM,ASG
836,8416475,37830.0,20188.0,4650.0,1855470,8310233,1858005,8370842,AIMR,AVDR,AIM,AVD
837,8416475,37830.0,20188.0,4650.0,1855470,8310233,1854304,8278582,AIMR,ASHR,AIM,ASH
838,8416475,37830.0,20188.0,4650.0,1855470,8310233,1855712,8316370,AIMR,ADAR,AIM,ADA
839,8416457,38728.0,20681.0,4290.0,1855470,8310208,1855138,8300470,AIMR,ALMR,AIM,ALM
840,8416457,38728.0,20681.0,4290.0,1855470,8310208,1858005,8370818,AIMR,AVDR,AIM,AVD
841,8416481,38658.0,20353.0,4440.0,1855470,8310213,1858005,8370823,AIMR,AVDR,AIM,AVD
842,8416481,38658.0,20353.0,4440.0,1855470,8310213,1858050,8371840,AIMR,AVJR,AIM,AVJ
843,8416480,38038.0,19878.0,4590.0,1855470,8310235,1858125,8373825,AIMR,AVFR,AIM,AVF
844,8416480,38038.0,19878.0,4590.0,1855470,8310235,1858313,8378893,AIMR,AVFL,AIM,AVF
845,8416455,38354.0,17828.0,7890.0,1855470,8310346,1859653,8410086,AIMR,RIFR,AIM,RIF
846,8416455,38354.0,17828.0,7890.0,1855470,8310346,1856639,8335679,AIMR,CEPshDR,AIM,CEPshD
847,8416455,38354.0,17828.0,7890.0,1855470,8310346,1856642,8335680,AIMR,CEPshDL,AIM,CEPshD
848,8416456,38274.0,17980.0,7380.0,1855470,8310329,1859653,8410069,AIMR,RIFR,AIM,RIF
849,8416456,38274.0,17980.0,7380.0,1855470,8310329,1856627,8335675,AIMR,CEPshDR,AIM,CEPshD
850,8416456,38274.0,17980.0,7380.0,1855470,8310329,1856630,8335676,AIMR,CEPshDL,AIM,CEPshD
851,8416491,38342.0,17900.0,7740.0,1855470,8310341,1859653,8410081,AIMR,RIFR,AIM,RIF
852,8416491,38342.0,17900.0,7740.0,1855470,8310341,1856636,8335678,AIMR,CEPshDR,AIM,CEPshD
853,8416491,38342.0,17900.0,7740.0,1855470,8310341,1856633,8335677,AIMR,CEPshDL,AIM,CEPshD
854,8416458,38420.0,21337.0,4080.0,1855470,8310202,1857703,8362502,AIMR,SMBDL,AIM,SMBD
855,8416458,38420.0,21337.0,4080.0,1855470,8310202,1857297,8349960,AIMR,SIADL,AIM,SIAD
856,8416458,38420.0,21337.0,4080.0,1855470,8310202,1857813,8366084,AIMR,SIBDL,AIM,SIBD
857,8416458,38420.0,21337.0,4080.0,1855470,8310202,1856622,8335670,AIMR,Fragment,AIM,Fragment
858,8416520,38724.0,16328.0,13890.0,1853997,8270296,1856861,8338131,AINL,AINR,AIN,AIN
859,8416520,38724.0,16328.0,13890.0,1853997,8270296,1858259,8377380,AINL,AFDL,AIN,AFD
860,8416498,45474.0,32010.0,7950.0,1853997,8270906,1853845,8265973,AINL,AFDR,AIN,AFD
861,8416517,37798.0,15312.0,7440.0,1853997,8270508,1858259,8377591,AINL,AFDL,AIN,AFD
862,8416517,37798.0,15312.0,7440.0,1853997,8270508,1859728,8411900,AINL,ASEL,AIN,ASE
863,8416517,37798.0,15312.0,7440.0,1853997,8270508,1855030,8298730,AINL,AIYR,AIN,AIY
864,8416517,37798.0,15312.0,7440.0,1853997,8270508,1853845,8266331,AINL,AFDR,AIN,AFD
865,8416505,41276.0,29311.0,5100.0,1853997,8270811,1853823,8265402,AINL,AUAR,AIN,AUA
866,8416505,41276.0,29311.0,5100.0,1853997,8270811,1853845,8266075,AINL,AFDR,AIN,AFD
867,8416510,39394.0,25928.0,2760.0,1853997,8270723,1853823,8265753,AINL,AUAR,AIN,AUA
868,8416510,39394.0,25928.0,2760.0,1853997,8270723,1853845,8266152,AINL,AFDR,AIN,AFD
869,8416507,41048.0,28716.0,4410.0,1853997,8270788,1854817,8292433,AINL,BAGL,AIN,BAG
870,8416507,41048.0,28716.0,4410.0,1853997,8270788,1853845,8266098,AINL,AFDR,AIN,AFD
871,8416509,40185.1,27354.2,3600.0,1853997,8270762,1854817,8292403,AINL,BAGL,AIN,BAG
872,8416509,40185.1,27354.2,3600.0,1853997,8270762,1853845,8266124,AINL,AFDR,AIN,AFD
873,8416511,39758.0,26360.0,2520.0,1853997,8270715,1852675,8242323,AINL,RMFL,AIN,RMF
874,8416511,39758.0,26360.0,2520.0,1853997,8270715,1853845,8266364,AINL,AFDR,AIN,AFD
875,8416511,39758.0,26360.0,2520.0,1853997,8270715,1854817,8292582,AINL,BAGL,AIN,BAG
876,8416515,38950.0,23040.0,2490.0,1853997,8270694,1853823,8265762,AINL,AUAR,AIN,AUA
877,8416515,38950.0,23040.0,2490.0,1853997,8270694,1852778,8243925,AINL,AVAR,AIN,AVA
878,8416508,40624.0,28139.0,3780.0,1853997,8270768,1854817,8292409,AINL,BAGL,AIN,BAG
879,8416501,41772.0,30071.0,5580.0,1853997,8270827,1855951,8320420,AINL,CEPVR,AIN,CEPV
880,8416501,41772.0,30071.0,5580.0,1853997,8270827,1856613,8335667,AINL,CEPshVR,AIN,CEPshV
881,8416523,39480.0,24654.0,2280.0,1853997,8270705,1859728,8412092,AINL,ASEL,AIN,ASE
882,8416523,39480.0,24654.0,2280.0,1853997,8270705,1856607,8335665,AINL,CEPshVR,AIN,CEPshV
883,8416513,39426.0,26428.0,2460.0,1853997,8270699,2047184,8345386,AINL,CEPshVR,AIN,CEPshV
884,8416513,39426.0,26428.0,2460.0,1853997,8270699,1854817,8292577,AINL,BAGL,AIN,BAG
885,8416526,38790.0,25820.0,2550.0,1853997,8270716,1853041,8250264,AINL,RIBR,AIN,RIB
886,8416526,38790.0,25820.0,2550.0,1853997,8270716,1854817,8292574,AINL,BAGL,AIN,BAG
887,8416527,39218.0,26252.0,2700.0,1853997,8270721,1853041,8250260,AINL,RIBR,AIN,RIB
888,8416527,39218.0,26252.0,2700.0,1853997,8270721,1854817,8292569,AINL,BAGL,AIN,BAG
889,8416524,40020.0,27695.0,3360.0,1853997,8270753,1854817,8292262,AINL,BAGL,AIN,BAG
890,8416524,40020.0,27695.0,3360.0,1853997,8270753,1852675,8242192,AINL,RMFL,AIN,RMF
891,8416524,40020.0,27695.0,3360.0,1853997,8270753,1853041,8250732,AINL,RIBR,AIN,RIB
892,8416499,42056.0,30252.0,5970.0,1853997,8270840,1855951,8320407,AINL,CEPVR,AIN,CEPV
893,8416499,42056.0,30252.0,5970.0,1853997,8270840,1853041,8250148,AINL,RIBR,AIN,RIB
894,8416516,37148.0,16856.0,5070.0,1853997,8270588,1853041,8250603,AINL,RIBR,AIN,RIB
895,8416516,37148.0,16856.0,5070.0,1853997,8270588,1854592,8286364,AINL,RID,AIN,RID
896,8416522,38252.0,25166.0,2250.0,1853997,8270706,1853861,8267712,AINL,RIMR,AIN,RIM
897,8416522,38252.0,25166.0,2250.0,1853997,8270706,1853041,8250277,AINL,RIBR,AIN,RIB
898,8416514,38206.0,25372.0,2490.0,1853997,8270698,1855337,8306975,AINL,AIBL,AIN,AIB
899,8416514,38206.0,25372.0,2490.0,1853997,8270698,1853041,8250268,AINL,RIBR,AIN,RIB
900,8416514,38206.0,25372.0,2490.0,1853997,8270698,1853861,8267704,AINL,RIMR,AIN,RIM
901,8416518,37946.0,15083.0,11250.0,1853997,8270383,1854592,8287241,AINL,RID,AIN,RID
902,8416550,42518.0,24326.0,18570.0,1856861,8338334,1858259,8377203,AINR,AFDL,AIN,AFD
903,8416544,38262.0,15068.0,10680.0,1856861,8338026,1855226,8303548,AINR,ASER,AIN,ASE
904,8416544,38262.0,15068.0,10680.0,1856861,8338026,1858259,8377485,AINR,AFDL,AIN,AFD
905,8416540,41826.0,22764.0,18870.0,1856861,8338302,1857943,8368867,AINR,AUAL,AIN,AUA
906,8416540,41826.0,22764.0,18870.0,1856861,8338302,1858259,8377213,AINR,AFDL,AIN,AFD
907,8416540,41826.0,22764.0,18870.0,1856861,8338302,1855622,8313836,AINR,RIBL,AIN,RIB
908,8416547,36970.0,15382.0,6570.0,1856861,8337890,1854592,8286285,AINR,RID,AIN,RID
909,8416547,36970.0,15382.0,6570.0,1856861,8337890,1853845,8266302,AINR,AFDR,AIN,AFD
910,8416529,51388.0,33764.0,9000.0,1856861,8338660,1856878,8339326,AINR,AIAR,AIN,AIA
911,8416529,51388.0,33764.0,9000.0,1856861,8338660,1857256,8347898,AINR,AIBR,AIN,AIB
912,8416530,46166.0,30780.0,14340.0,1856861,8338476,1858259,8377064,AINR,AFDL,AIN,AFD
913,8416530,46166.0,30780.0,14340.0,1856861,8338476,1853794,8265015,AINR,BAGR,AIN,BAG
914,8416532,44358.0,29228.0,15570.0,1856861,8338432,1853794,8264963,AINR,BAGR,AIN,BAG
915,8416532,44358.0,29228.0,15570.0,1856861,8338432,1858259,8377105,AINR,AFDL,AIN,AFD
916,8416535,43374.0,27608.0,16470.0,1856861,8338402,1867558,8416536,AINR,CEPshVL,AIN,CEPshV
917,8416535,43374.0,27608.0,16470.0,1856861,8338402,1853794,8264928,AINR,BAGR,AIN,BAG
918,8416535,43374.0,27608.0,16470.0,1856861,8338402,1858259,8377134,AINR,AFDL,AIN,AFD
919,8416538,42826.0,26308.0,17370.0,1856861,8338374,1856601,8335663,AINR,CEPshVL,AIN,CEPshV
920,8416538,42826.0,26308.0,17370.0,1856861,8338374,1853794,8264900,AINR,BAGR,AIN,BAG
921,8416538,42826.0,26308.0,17370.0,1856861,8338374,1858259,8377162,AINR,AFDL,AIN,AFD
922,8416539,42358.0,25592.0,18210.0,1856861,8338346,1853794,8264635,AINR,BAGR,AIN,BAG
923,8416539,42358.0,25592.0,18210.0,1856861,8338346,1855622,8313813,AINR,RIBL,AIN,RIB
924,8416557,41710.0,22684.0,19110.0,1856861,8338311,1855622,8313845,AINR,RIBL,AIN,RIB
925,8416557,41710.0,22684.0,19110.0,1856861,8338311,1853794,8264595,AINR,BAGR,AIN,BAG
926,8416548,36538.0,15862.0,6090.0,1856861,8337874,1854592,8286330,AINR,RID,AIN,RID
927,8416548,36538.0,15862.0,6090.0,1856861,8337874,1853041,8250637,AINR,RIBR,AIN,RIB
928,8416548,36538.0,15862.0,6090.0,1856861,8337874,1853794,8264166,AINR,BAGR,AIN,BAG
929,8416562,43912.0,28820.0,15990.0,1856861,8338418,1859449,8404933,AINR,CEPVL,AIN,CEPV
930,8416533,43722.0,28388.0,16140.0,1856861,8338413,1856604,8335664,AINR,CEPshVL,AIN,CEPshV
931,8416533,43722.0,28388.0,16140.0,1856861,8338413,1859449,8404929,AINR,CEPVL,AIN,CEPV
932,8416534,43378.0,28456.0,16140.0,1856861,8338413,1856604,8335664,AINR,CEPshVL,AIN,CEPshV
933,8416534,43378.0,28456.0,16140.0,1856861,8338413,1859449,8404923,AINR,CEPVL,AIN,CEPV
934,8416560,41342.0,21624.0,19080.0,1856861,8338310,1867693,8416561,AINR,CEPshVL,AIN,CEPshV
935,8416560,41342.0,21624.0,19080.0,1856861,8338310,1855622,8313844,AINR,RIBL,AIN,RIB
936,8416542,41374.0,21632.0,18690.0,1856861,8338296,1855622,8313858,AINR,RIBL,AIN,RIB
937,8416542,41374.0,21632.0,18690.0,1856861,8338296,1857943,8368870,AINR,AUAL,AIN,AUA
938,8416553,37140.0,14878.0,9480.0,1856861,8337986,1854592,8287184,AINR,RID,AIN,RID
939,8416553,37140.0,14878.0,9480.0,1856861,8337986,1854817,8291980,AINR,BAGL,AIN,BAG
940,8416580,47114.0,30612.0,14220.0,1858167,8374352,1855337,8306187,AIYL,AIBL,AIY,AIB
941,8416580,47114.0,30612.0,14220.0,1858167,8374352,1859728,8411425,AIYL,ASEL,AIY,ASE
942,8416570,42222.0,22676.0,18030.0,1858167,8374497,1857771,8364358,AIYL,AIZL,AIY,AIZ
943,8416579,42402.0,22568.0,18210.0,1858167,8374515,1857771,8364353,AIYL,AIZL,AIY,AIZ
944,8416571,44266.0,28624.0,15000.0,1858167,8374395,1857771,8364222,AIYL,AIZL,AIY,AIZ
945,8416571,44266.0,28624.0,15000.0,1858167,8374395,1857988,8370218,AIYL,ADFL,AIY,ADF
946,8416571,44266.0,28624.0,15000.0,1858167,8374395,1859108,8395031,AIYL,RIAL,AIY,RIA
947,8416577,51673.0,32901.0,11070.0,1858167,8374968,1855089,8299533,AIYL,AIZR,AIY,AIZ
948,8416577,51673.0,32901.0,11070.0,1858167,8374968,1857771,8363990,AIYL,AIZL,AIY,AIZ
949,8416577,51673.0,32901.0,11070.0,1858167,8374968,1857495,8355581,AIYL,RIAR,AIY,RIA
950,8416578,53325.0,32933.0,11460.0,1858167,8374217,1859413,8403456,AIYL,RIML,AIY,RIM
951,8416578,53325.0,32933.0,11460.0,1858167,8374217,1857842,8366241,AIYL,AVBL,AIY,AVB
952,8416575,49565.0,32783.0,11790.0,1858167,8374230,1857771,8364031,AIYL,AIZL,AIY,AIZ
953,8416575,49565.0,32783.0,11790.0,1858167,8374230,1855622,8313284,AIYL,RIBL,AIY,RIB
954,8416581,49749.0,32387.0,12120.0,1858167,8374249,1855622,8313292,AIYL,RIBL,AIY,RIB
955,8416581,49749.0,32387.0,12120.0,1858167,8374249,1857771,8364044,AIYL,AIZL,AIY,AIZ
956,8416572,48557.0,32107.0,12270.0,1858167,8374254,1855622,8313305,AIYL,RIBL,AIY,RIB
957,8416572,48557.0,32107.0,12270.0,1858167,8374254,1857771,8364059,AIYL,AIZL,AIY,AIZ
958,8416572,48557.0,32107.0,12270.0,1858167,8374254,1858683,8385983,AIYL,AWAL,AIY,AWA
959,8416574,50985.0,32599.0,12030.0,1858167,8374246,1857965,8369363,AIYL,AWBL,AIY,AWB
960,8416574,50985.0,32599.0,12030.0,1858167,8374246,1857771,8364023,AIYL,AIZL,AIY,AIZ
961,8416574,50985.0,32599.0,12030.0,1858167,8374246,1855622,8313272,AIYL,RIBL,AIY,RIB
962,8416566,38240.0,16472.0,12510.0,1858167,8374736,1853794,8264376,AIYL,BAGR,AIY,BAG
963,8416566,38240.0,16472.0,12510.0,1858167,8374736,1857771,8364556,AIYL,AIZL,AIY,AIZ
964,8416566,38240.0,16472.0,12510.0,1858167,8374736,1855622,8314069,AIYL,RIBL,AIY,RIB
965,8416576,50773.0,32993.0,11310.0,1858167,8374960,1855622,8313263,AIYL,RIBL,AIY,RIB
966,8416576,50773.0,32993.0,11310.0,1858167,8374960,1857495,8355588,AIYL,RIAR,AIY,RIA
967,8416576,50773.0,32993.0,11310.0,1858167,8374960,1857771,8363967,AIYL,AIZL,AIY,AIZ
968,8416568,38108.0,16656.0,13380.0,1858167,8374707,1853794,8264404,AIYL,BAGR,AIY,BAG
969,8416568,38108.0,16656.0,13380.0,1858167,8374707,1855622,8314041,AIYL,RIBL,AIY,RIB
970,8416398,37590.0,15373.0,8580.0,1858167,8374863,1855337,8306629,AIYL,AIBL,AIY,AIB
971,8416398,37590.0,15373.0,8580.0,1858167,8374863,1857943,8369222,AIYL,AUAL,AIY,AUA
972,8416398,37590.0,15373.0,8580.0,1858167,8374863,1853041,8250720,AIYL,RIBR,AIY,RIB
973,8416614,40730.0,26943.0,3840.0,1855030,8298507,1855089,8299889,AIYR,AIZR,AIY,AIZ
974,8416618,37440.0,20572.0,3180.0,1855030,8298747,1855089,8300289,AIYR,AIZR,AIY,AIZ
975,8416606,41864.0,29223.0,5520.0,1855030,8298450,1855089,8299824,AIYR,AIZR,AIY,AIZ
976,8416606,41864.0,29223.0,5520.0,1855030,8298450,1853845,8266060,AIYR,AFDR,AIY,AFD
977,8416617,43862.0,30752.0,6570.0,1855030,8298415,1855226,8303137,AIYR,ASER,AIY,ASE
978,8416617,43862.0,30752.0,6570.0,1855030,8298415,1855089,8299758,AIYR,AIZR,AIY,AIZ
979,8416605,40024.0,25659.0,3420.0,1855030,8298522,1855089,8299929,AIYR,AIZR,AIY,AIZ
980,8416605,40024.0,25659.0,3420.0,1855030,8298522,1853823,8265457,AIYR,AUAR,AIY,AUA
981,8416616,41246.0,27919.0,4530.0,1855030,8298485,1859684,8410423,AIYR,AWAR,AIY,AWA
982,8416616,41246.0,27919.0,4530.0,1855030,8298485,1855089,8299857,AIYR,AIZR,AIY,AIZ
983,8416610,52294.0,32724.0,10680.0,1855030,8298249,1855089,8299522,AIYR,AIZR,AIY,AIZ
984,8416610,52294.0,32724.0,10680.0,1855030,8298249,1857495,8355601,AIYR,RIAR,AIY,RIA
985,8416607,48914.0,32980.0,9840.0,1855030,8298281,1855089,8299616,AIYR,AIZR,AIY,AIZ
986,8416607,48914.0,32980.0,9840.0,1855030,8298281,1853041,8250019,AIYR,RIBR,AIY,RIB
987,8416607,48914.0,32980.0,9840.0,1855030,8298281,1859684,8410239,AIYR,AWAR,AIY,AWA
988,8416604,36784.0,18267.0,4470.0,1855030,8298631,1853823,8265561,AIYR,AUAR,AIY,AUA
989,8416604,36784.0,18267.0,4470.0,1855030,8298631,1855089,8300260,AIYR,AIZR,AIY,AIZ
990,8416604,36784.0,18267.0,4470.0,1855030,8298631,1854817,8292147,AIYR,BAGL,AIY,BAG
991,8416604,36784.0,18267.0,4470.0,1855030,8298631,1853041,8250583,AIYR,RIBR,AIY,RIB
992,8416608,47520.0,32620.0,9810.0,1855030,8298282,1857495,8355540,AIYR,RIAR,AIY,RIA
993,8416608,47520.0,32620.0,9810.0,1855030,8298282,1855089,8299617,AIYR,AIZR,AIY,AIZ
994,8416608,47520.0,32620.0,9810.0,1855030,8298282,1853041,8250020,AIYR,RIBR,AIY,RIB
995,8416609,50882.0,33316.0,10710.0,1855030,8298250,1855089,8299523,AIYR,AIZR,AIY,AIZ
996,8416609,50882.0,33316.0,10710.0,1855030,8298250,1857495,8355600,AIYR,RIAR,AIY,RIA
997,8416609,50882.0,33316.0,10710.0,1855030,8298250,1853041,8250982,AIYR,RIBR,AIY,RIB
998,8416603,37282.0,17892.0,5130.0,1855030,8298653,1855226,8303361,AIYR,ASER,AIY,ASE
999,8416603,37282.0,17892.0,5130.0,1855030,8298653,1855089,8300256,AIYR,AIZR,AIY,AIZ
1000,8416603,37282.0,17892.0,5130.0,1855030,8298653,1859605,8409130,AIYR,AWBR,AIY,AWB
1001,8416729,41810.0,21388.0,17280.0,1857771,8364383,1858448,8381862,AIZL,AIAL,AIZ,AIA
1002,8416729,41810.0,21388.0,17280.0,1857771,8364383,1858448,8381534,AIZL,AIAL,AIZ,AIA
1003,8416659,42472.0,22248.0,17910.0,1857771,8364362,1858666,8385836,AIZL,ASGL,AIZ,ASG
1004,8416659,42472.0,22248.0,17910.0,1857771,8364362,1858448,8381511,AIZL,AIAL,AIZ,AIA
1005,8416693,39860.0,18502.0,15360.0,1857771,8364461,1855337,8306405,AIZL,AIBL,AIZ,AIB
1006,8416649,39482.0,17352.0,14160.0,1857771,8364501,1855337,8306445,AIZL,AIBL,AIZ,AIB
1007,8416649,39482.0,17352.0,14160.0,1857771,8364501,1858448,8381641,AIZL,AIAL,AIZ,AIA
1008,8416650,39472.0,17892.0,15060.0,1857771,8364471,1855337,8306415,AIZL,AIBL,AIZ,AIB
1009,8416650,39472.0,17892.0,15060.0,1857771,8364471,1858448,8381611,AIZL,AIAL,AIZ,AIA
1010,8416651,39576.0,18088.0,15180.0,1857771,8364467,1855337,8306411,AIZL,AIBL,AIZ,AIB
1011,8416651,39576.0,18088.0,15180.0,1857771,8364467,1858448,8381607,AIZL,AIAL,AIZ,AIA
1012,8416653,41488.0,20388.0,16710.0,1857771,8364414,1855337,8306360,AIZL,AIBL,AIZ,AIB
1013,8416653,41488.0,20388.0,16710.0,1857771,8364414,1858448,8381556,AIZL,AIAL,AIZ,AIA
1014,8416694,41584.0,20488.0,16890.0,1857771,8364408,1855337,8306354,AIZL,AIBL,AIZ,AIB
1015,8416694,41584.0,20488.0,16890.0,1857771,8364408,1858448,8381549,AIZL,AIAL,AIZ,AIA
1016,8416718,42142.0,21120.0,17370.0,1857771,8364380,1855337,8306340,AIZL,AIBL,AIZ,AIB
1017,8416718,42142.0,21120.0,17370.0,1857771,8364380,1858448,8381530,AIZL,AIAL,AIZ,AIA
1018,8416730,42546.0,22276.0,17490.0,1857771,8364808,1855337,8306302,AIZL,AIBL,AIZ,AIB
1019,8416730,42546.0,22276.0,17490.0,1857771,8364808,1858448,8381526,AIZL,AIAL,AIZ,AIA
1020,8416654,42568.0,22272.0,17550.0,1857771,8364806,1855337,8306304,AIZL,AIBL,AIZ,AIB
1021,8416654,42568.0,22272.0,17550.0,1857771,8364806,1858448,8381499,AIZL,AIAL,AIZ,AIA
1022,8416654,42568.0,22272.0,17550.0,1857771,8364806,1859728,8411561,AIZL,ASEL,AIZ,ASE
1023,8416656,42572.0,22456.0,17820.0,1857771,8364365,1855337,8306313,AIZL,AIBL,AIZ,AIB
1024,8416656,42572.0,22456.0,17820.0,1857771,8364365,1858448,8381508,AIZL,AIAL,AIZ,AIA
1025,8416656,42572.0,22456.0,17820.0,1857771,8364365,1859728,8411552,AIZL,ASEL,AIZ,ASE
1026,8416637,36264.0,15714.0,9300.0,1857771,8364678,1857256,8348355,AIZL,AIBR,AIZ,AIB
1027,8416637,36264.0,15714.0,9300.0,1857771,8364678,1856963,8341197,AIZL,AVEL,AIZ,AVE
1028,8416728,36814.0,16548.0,12630.0,1857771,8364768,1857256,8348463,AIZL,AIBR,AIZ,AIB
1029,8416728,36814.0,16548.0,12630.0,1857771,8364768,1856963,8341088,AIZL,AVEL,AIZ,AVE
1030,8416635,36236.0,15532.0,9240.0,1857771,8364679,1857256,8348354,AIZL,AIBR,AIZ,AIB
1031,8416635,36236.0,15532.0,9240.0,1857771,8364679,1853794,8264270,AIZL,BAGR,AIZ,BAG
1032,8416635,36236.0,15532.0,9240.0,1857771,8364679,1854592,8287281,AIZL,RID,AIZ,RID
1033,8416635,36236.0,15532.0,9240.0,1857771,8364679,1856963,8341198,AIZL,AVEL,AIZ,AVE
1034,8416639,35936.0,15908.0,9600.0,1857771,8364653,1857256,8348365,AIZL,AIBR,AIZ,AIB
1035,8416639,35936.0,15908.0,9600.0,1857771,8364653,1859413,8404134,AIZL,RIML,AIZ,RIM
1036,8416640,35890.0,15959.0,9870.0,1857771,8364644,1857256,8348374,AIZL,AIBR,AIZ,AIB
1037,8416640,35890.0,15959.0,9870.0,1857771,8364644,1859413,8404125,AIZL,RIML,AIZ,RIM
1038,8416641,35998.0,15987.0,10080.0,1857771,8364637,1857256,8348381,AIZL,AIBR,AIZ,AIB
1039,8416641,35998.0,15987.0,10080.0,1857771,8364637,1859413,8404118,AIZL,RIML,AIZ,RIM
1040,8416642,36038.0,15995.0,10350.0,1857771,8364628,1857256,8348390,AIZL,AIBR,AIZ,AIB
1041,8416642,36038.0,15995.0,10350.0,1857771,8364628,1859413,8404109,AIZL,RIML,AIZ,RIM
1042,8416643,36034.0,15999.0,10500.0,1857771,8364623,1857256,8348395,AIZL,AIBR,AIZ,AIB
1043,8416643,36034.0,15999.0,10500.0,1857771,8364623,1859413,8404104,AIZL,RIML,AIZ,RIM
1044,8416644,36072.0,15972.0,10710.0,1857771,8364616,1857256,8348402,AIZL,AIBR,AIZ,AIB
1045,8416644,36072.0,15972.0,10710.0,1857771,8364616,1859413,8404097,AIZL,RIML,AIZ,RIM
1046,8416645,36264.0,16066.0,11220.0,1857771,8364601,1857256,8348417,AIZL,AIBR,AIZ,AIB
1047,8416645,36264.0,16066.0,11220.0,1857771,8364601,1859413,8404082,AIZL,RIML,AIZ,RIM
1048,8416646,36426.0,16191.0,11670.0,1857771,8364587,1857256,8348431,AIZL,AIBR,AIZ,AIB
1049,8416646,36426.0,16191.0,11670.0,1857771,8364587,1859413,8404068,AIZL,RIML,AIZ,RIM
1050,8416647,36484.0,16234.0,12030.0,1857771,8364575,1857256,8348443,AIZL,AIBR,AIZ,AIB
1051,8416647,36484.0,16234.0,12030.0,1857771,8364575,1859413,8404056,AIZL,RIML,AIZ,RIM
1052,8416664,43919.0,29489.0,12600.0,1857771,8364092,1859413,8403657,AIZL,RIML,AIZ,RIM
1053,8416664,43919.0,29489.0,12600.0,1857771,8364092,1857256,8348915,AIZL,AIBR,AIZ,AIB
1054,8416667,44075.0,29561.0,11970.0,1857771,8364896,1859413,8403623,AIZL,RIML,AIZ,RIM
1055,8416667,44075.0,29561.0,11970.0,1857771,8364896,1857256,8348936,AIZL,AIBR,AIZ,AIB
1056,8416669,44047.0,29529.0,12120.0,1857771,8364883,1859413,8403618,AIZL,RIML,AIZ,RIM
1057,8416669,44047.0,29529.0,12120.0,1857771,8364883,1857256,8348931,AIZL,AIBR,AIZ,AIB
1058,8416674,43656.0,29348.0,13500.0,1857771,8364122,1859413,8403687,AIZL,RIML,AIZ,RIM
1059,8416674,43656.0,29348.0,13500.0,1857771,8364122,1857256,8348871,AIZL,AIBR,AIZ,AIB
1060,8416676,43716.0,29400.0,13350.0,1857771,8364117,1859413,8403682,AIZL,RIML,AIZ,RIM
1061,8416676,43716.0,29400.0,13350.0,1857771,8364117,1857256,8348876,AIZL,AIBR,AIZ,AIB
1062,8416679,43820.0,29456.0,13110.0,1857771,8364109,1859413,8403674,AIZL,RIML,AIZ,RIM
1063,8416679,43820.0,29456.0,13110.0,1857771,8364109,1857256,8348898,AIZL,AIBR,AIZ,AIB
1064,8416681,43815.0,29441.0,12900.0,1857771,8364102,1859413,8403667,AIZL,RIML,AIZ,RIM
1065,8416681,43815.0,29441.0,12900.0,1857771,8364102,1857256,8348905,AIZL,AIBR,AIZ,AIB
1066,8416719,45133.0,29545.0,11610.0,1857771,8364908,1857256,8348968,AIZL,AIBR,AIZ,AIB
1067,8416719,45133.0,29545.0,11610.0,1857771,8364908,1859413,8403635,AIZL,RIML,AIZ,RIM
1068,8416400,45916.0,30006.0,11430.0,1857771,8364914,1857256,8348974,AIZL,AIBR,AIZ,AIB
1069,8416400,45916.0,30006.0,11430.0,1857771,8364914,1854322,8279656,AIZL,AVER,AIZ,AVE
1070,8416663,43831.0,29505.0,12600.0,1857771,8364092,1854322,8279617,AIZL,AVER,AIZ,AVE
1071,8416663,43831.0,29505.0,12600.0,1857771,8364092,1857256,8348915,AIZL,AIBR,AIZ,AIB
1072,8416668,44323.0,29701.0,12030.0,1857771,8364894,1857256,8348934,AIZL,AIBR,AIZ,AIB
1073,8416668,44323.0,29701.0,12030.0,1857771,8364894,1854322,8279636,AIZL,AVER,AIZ,AVE
1074,8416680,43848.0,29580.0,13020.0,1857771,8364106,1857256,8348901,AIZL,AIBR,AIZ,AIB
1075,8416680,43848.0,29580.0,13020.0,1857771,8364106,1854322,8279896,AIZL,AVER,AIZ,AVE
1076,8416720,45333.0,29921.0,11910.0,1857771,8364898,1854322,8279640,AIZL,AVER,AIZ,AVE
1077,8416720,45333.0,29921.0,11910.0,1857771,8364898,1857256,8348943,AIZL,AIBR,AIZ,AIB
1078,8416721,44809.0,29777.0,12000.0,1857771,8364895,1857256,8348944,AIZL,AIBR,AIZ,AIB
1079,8416721,44809.0,29777.0,12000.0,1857771,8364895,1854322,8279637,AIZL,AVER,AIZ,AVE
1080,8416673,43915.0,29489.0,12420.0,1857771,8364873,1859413,8403651,AIZL,RIML,AIZ,RIM
1081,8416673,43915.0,29489.0,12420.0,1857771,8364873,1857256,8348921,AIZL,AIBR,AIZ,AIB
1082,8416673,43915.0,29489.0,12420.0,1857771,8364873,1854322,8279623,AIZL,AVER,AIZ,AVE
1083,8416660,43752.0,28556.0,14670.0,1857771,8364211,1854322,8279952,AIZL,AVER,AIZ,AVE
1084,8416660,43752.0,28556.0,14670.0,1857771,8364211,1859108,8395042,AIZL,RIAL,AIZ,RIA
1085,8416660,43752.0,28556.0,14670.0,1857771,8364211,1855193,8302618,AIZL,DVA,AIZ,DVA
1086,8416658,42244.0,21760.0,17790.0,1857771,8364366,1855002,8297782,AIZL,AWCR,AIZ,AWC
1087,8416722,46537.0,30881.0,12390.0,1857771,8364087,1859108,8396073,AIZL,RIAL,AIZ,RIA
1088,8416722,46537.0,30881.0,12390.0,1857771,8364087,1859108,8395118,AIZL,RIAL,AIZ,RIA
1089,8416722,46537.0,30881.0,12390.0,1857771,8364087,1857657,8360784,AIZL,SMBVL,AIZ,SMBV
1090,8416662,44708.0,29252.0,14040.0,1857771,8364184,1857703,8361954,AIZL,SMBDL,AIZ,SMBD
1091,8416662,44708.0,29252.0,14040.0,1857771,8364184,1859108,8395063,AIZL,RIAL,AIZ,RIA
1092,8416665,44983.0,29713.0,12780.0,1857771,8364098,1859108,8395105,AIZL,RIAL,AIZ,RIA
1093,8416665,44983.0,29713.0,12780.0,1857771,8364098,1857703,8361901,AIZL,SMBDL,AIZ,SMBD
1094,8416672,45283.0,30061.0,12270.0,1857771,8364878,1859108,8395122,AIZL,RIAL,AIZ,RIA
1095,8416672,45283.0,30061.0,12270.0,1857771,8364878,1857703,8361884,AIZL,SMBDL,AIZ,SMBD
1096,8416666,47123.0,31747.0,11880.0,1857771,8364035,1857657,8360767,AIZL,SMBVL,AIZ,SMBV
1097,8416666,47123.0,31747.0,11880.0,1857771,8364035,1859108,8396067,AIZL,RIAL,AIZ,RIA
1098,8416670,45983.0,30729.0,12150.0,1857771,8364882,1857703,8361880,AIZL,SMBDL,AIZ,SMBD
1099,8416670,45983.0,30729.0,12150.0,1857771,8364882,1857657,8360776,AIZL,SMBVL,AIZ,SMBV
1100,8416670,45983.0,30729.0,12150.0,1857771,8364882,1859108,8396047,AIZL,RIAL,AIZ,RIA
1101,8416691,45520.0,29648.0,13560.0,1857771,8364865,1857657,8360823,AIZL,SMBVL,AIZ,SMBV
1102,8416691,45520.0,29648.0,13560.0,1857771,8364865,1857703,8361933,AIZL,SMBDL,AIZ,SMBD
1103,8416691,45520.0,29648.0,13560.0,1857771,8364865,1859108,8395079,AIZL,RIAL,AIZ,RIA
1104,8416689,48675.0,32131.0,10980.0,1857771,8363979,1857495,8355589,AIZL,RIAR,AIZ,RIA
1105,8416696,50497.0,32527.0,11010.0,1857771,8363999,1857495,8355579,AIZL,RIAR,AIZ,RIA
1106,8416696,50497.0,32527.0,11010.0,1857771,8363999,1855492,8310614,AIZL,SMBVR,AIZ,SMBV
1107,8416634,36326.0,16280.0,8340.0,1857771,8364709,1855337,8307396,AIZL,AIBL,AIZ,AIB
1108,8416634,36326.0,16280.0,8340.0,1857771,8364709,1854363,8280326,AIZL,AVDL,AIZ,AVD
1109,8416634,36326.0,16280.0,8340.0,1857771,8364709,1859413,8404643,AIZL,RIML,AIZ,RIM
1110,8416687,51863.0,32191.0,11460.0,1857771,8363962,1857703,8362691,AIZL,SMBDL,AIZ,SMBD
1111,8416687,51863.0,32191.0,11460.0,1857771,8363962,1859413,8403456,AIZL,RIML,AIZ,RIM
1112,8416687,51863.0,32191.0,11460.0,1857771,8363962,1857657,8361543,AIZL,SMBVL,AIZ,SMBV
1113,8416727,49209.0,32339.0,11160.0,1857771,8363973,1857495,8355595,AIZL,RIAR,AIZ,RIA
1114,8416727,49209.0,32339.0,11160.0,1857771,8363973,1857657,8361554,AIZL,SMBVL,AIZ,SMBV
1115,8416661,44672.0,28956.0,14220.0,1857771,8364190,1857703,8361960,AIZL,SMBDL,AIZ,SMBD
1116,8416661,44672.0,28956.0,14220.0,1857771,8364190,1857657,8360845,AIZL,SMBVL,AIZ,SMBV
1117,8416682,49799.0,32415.0,11220.0,1857771,8363985,1857703,8361821,AIZL,SMBDL,AIZ,SMBD
1118,8416682,49799.0,32415.0,11220.0,1857771,8363985,1857657,8361552,AIZL,SMBVL,AIZ,SMBV
1119,8416683,48075.0,32031.0,11400.0,1857771,8363964,1857657,8360714,AIZL,SMBVL,AIZ,SMBV
1120,8416683,48075.0,32031.0,11400.0,1857771,8363964,1857703,8362674,AIZL,SMBDL,AIZ,SMBD
1121,8416684,48595.0,32175.0,11400.0,1857771,8363964,1857657,8361545,AIZL,SMBVL,AIZ,SMBV
1122,8416684,48595.0,32175.0,11400.0,1857771,8363964,1857703,8362674,AIZL,SMBDL,AIZ,SMBD
1123,8416685,49955.0,32467.0,11400.0,1857771,8363964,1857657,8361545,AIZL,SMBVL,AIZ,SMBV
1124,8416685,49955.0,32467.0,11400.0,1857771,8363964,1857703,8362710,AIZL,SMBDL,AIZ,SMBD
1125,8416686,50567.0,32371.0,11460.0,1857771,8363962,1857657,8361543,AIZL,SMBVL,AIZ,SMBV
1126,8416686,50567.0,32371.0,11460.0,1857771,8363962,1857703,8362712,AIZL,SMBDL,AIZ,SMBD
1127,8416726,50337.0,31943.0,10890.0,1857771,8364003,1857703,8362739,AIZL,SMBDL,AIZ,SMBD
1128,8416726,50337.0,31943.0,10890.0,1857771,8364003,1857657,8361584,AIZL,SMBVL,AIZ,SMBV
1129,8416724,50557.0,31839.0,10650.0,1857771,8364009,1855492,8310602,AIZL,SMBVR,AIZ,SMBV
1130,8416725,50905.0,32367.0,10890.0,1857771,8364003,1856419,8333420,AIZL,SMBDR,AIZ,SMBD
1131,8416725,50905.0,32367.0,10890.0,1857771,8364003,1855089,8299527,AIZL,AIZR,AIZ,AIZ
1132,8416725,50905.0,32367.0,10890.0,1857771,8364003,1855492,8310610,AIZL,SMBVR,AIZ,SMBV
1133,8416780,40308.0,24395.0,3510.0,1855089,8299918,1857256,8348115,AIZR,AIBR,AIZ,AIB
1134,8416780,40308.0,24395.0,3510.0,1855089,8299918,1856878,8339029,AIZR,AIAR,AIZ,AIA
1135,8416780,40308.0,24395.0,3510.0,1855089,8299918,1856878,8339051,AIZR,AIAR,AIZ,AIA
1136,8416773,37544.0,18979.0,4050.0,1855089,8300039,1857256,8348177,AIZR,AIBR,AIZ,AIB
1137,8416773,37544.0,18979.0,4050.0,1855089,8300039,1856878,8339142,AIZR,AIAR,AIZ,AIA
1138,8416774,37708.0,19391.0,3690.0,1855089,8300027,1856878,8339124,AIZR,AIAR,AIZ,AIA
1139,8416774,37708.0,19391.0,3690.0,1855089,8300027,1857256,8348165,AIZR,AIBR,AIZ,AIB
1140,8416775,39472.0,22705.0,3180.0,1855089,8299969,1856878,8339072,AIZR,AIAR,AIZ,AIA
1141,8416775,39472.0,22705.0,3180.0,1855089,8299969,1857256,8348133,AIZR,AIBR,AIZ,AIB
1142,8416777,40676.0,25051.0,3420.0,1855089,8299929,1856878,8339064,AIZR,AIAR,AIZ,AIA
1143,8416777,40676.0,25051.0,3420.0,1855089,8299929,1857256,8348088,AIZR,AIBR,AIZ,AIB
1144,8416803,37724.0,19109.0,3630.0,1855089,8300023,1856878,8339123,AIZR,AIAR,AIZ,AIA
1145,8416803,37724.0,19109.0,3630.0,1855089,8300023,1857256,8348163,AIZR,AIBR,AIZ,AIB
1146,8416814,40268.0,23749.0,3450.0,1855089,8299963,1857256,8348117,AIZR,AIBR,AIZ,AIB
1147,8416814,40268.0,23749.0,3450.0,1855089,8299963,1856878,8339049,AIZR,AIAR,AIZ,AIA
1148,8416776,40676.0,25097.0,3210.0,1855089,8299936,1855002,8297242,AIZR,AWCR,AIZ,AWC
1149,8416776,40676.0,25097.0,3210.0,1855089,8299936,1856878,8339298,AIZR,AIAR,AIZ,AIA
1150,8416776,40676.0,25097.0,3210.0,1855089,8299936,1857256,8348095,AIZR,AIBR,AIZ,AIB
1151,8416802,38002.0,20260.0,3090.0,1855089,8300292,1857256,8348140,AIZR,AIBR,AIZ,AIB
1152,8416802,38002.0,20260.0,3090.0,1855089,8300292,1855002,8297295,AIZR,AWCR,AIZ,AWC
1153,8416802,38002.0,20260.0,3090.0,1855089,8300292,1856878,8339110,AIZR,AIAR,AIZ,AIA
1154,8416294,43268.0,30060.0,8520.0,1855089,8299688,1855337,8307205,AIZR,AIBL,AIZ,AIB
1155,8416294,43268.0,30060.0,8520.0,1855089,8299688,1856963,8341781,AIZR,AVEL,AIZ,AVE
1156,8416788,44280.0,30290.0,8910.0,1855089,8299675,1855337,8307218,AIZR,AIBL,AIZ,AIB
1157,8416788,44280.0,30290.0,8910.0,1855089,8299675,1856963,8341578,AIZR,AVEL,AIZ,AVE
1158,8416815,46430.0,30263.0,9540.0,1855089,8300326,1855337,8307247,AIZR,AIBL,AIZ,AIB
1159,8416815,46430.0,30263.0,9540.0,1855089,8300326,1856963,8341601,AIZR,AVEL,AIZ,AVE
1160,8416816,47058.0,30287.0,9510.0,1855089,8300325,1855337,8307248,AIZR,AIBL,AIZ,AIB
1161,8416816,47058.0,30287.0,9510.0,1855089,8300325,1856963,8341772,AIZR,AVEL,AIZ,AVE
1162,8416817,46826.0,30259.0,9510.0,1855089,8300325,1855337,8307248,AIZR,AIBL,AIZ,AIB
1163,8416817,46826.0,30259.0,9510.0,1855089,8300325,1856963,8341599,AIZR,AVEL,AIZ,AVE
1164,8416823,42926.0,30148.0,8340.0,1855089,8299694,1855337,8307194,AIZR,AIBL,AIZ,AIB
1165,8416823,42926.0,30148.0,8340.0,1855089,8299694,1856963,8341787,AIZR,AVEL,AIZ,AVE
1166,8416781,40224.0,26563.0,3720.0,1855089,8299910,1855226,8303237,AIZR,ASER,AIZ,ASE
1167,8416781,40224.0,26563.0,3720.0,1855089,8299910,1855030,8298511,AIZR,AIYR,AIZ,AIY
1168,8416800,47086.0,30427.0,9420.0,1855089,8300322,1856963,8341775,AIZR,AVEL,AIZ,AVE
1169,8416800,47086.0,30427.0,9420.0,1855089,8300322,1856419,8332535,AIZR,SMBDR,AIZ,SMBD
1170,8416800,47086.0,30427.0,9420.0,1855089,8300322,1855492,8310663,AIZR,SMBVR,AIZ,SMBV
1171,8416798,35536.0,18292.0,4650.0,1855089,8300235,1855337,8306844,AIZR,AIBL,AIZ,AIB
1172,8416798,35536.0,18292.0,4650.0,1855089,8300235,1854322,8278971,AIZR,AVER,AIZ,AVE
1173,8416798,35536.0,18292.0,4650.0,1855089,8300235,1853861,8266962,AIZR,RIMR,AIZ,RIM
1174,8416782,42652.0,29888.0,6210.0,1855089,8299787,1859684,8410367,AIZR,AWAR,AIZ,AWA
1175,8416782,42652.0,29888.0,6210.0,1855089,8299787,1859605,8408929,AIZR,AWBR,AIZ,AWB
1176,8416799,51298.0,33044.0,9960.0,1855089,8299585,1856419,8332520,AIZR,SMBDR,AIZ,SMBD
1177,8416799,51298.0,33044.0,9960.0,1855089,8299585,1855492,8310562,AIZR,SMBVR,AIZ,SMBV
1178,8416799,51298.0,33044.0,9960.0,1855089,8299585,1859605,8408795,AIZR,AWBR,AIZ,AWB
1179,8416284,35542.0,17214.0,5190.0,1855089,8300077,1854322,8278998,AIZR,AVER,AIZ,AVE
1180,8416284,35542.0,17214.0,5190.0,1855089,8300077,1854817,8292122,AIZR,BAGL,AIZ,BAG
1181,8416797,49010.0,32580.0,10350.0,1855089,8299511,1857495,8355558,AIZR,RIAR,AIZ,RIA
1182,8416792,51566.0,33104.0,10170.0,1855089,8299504,1855492,8310571,AIZR,SMBVR,AIZ,SMBV
1183,8416792,51566.0,33104.0,10170.0,1855089,8299504,1857495,8355619,AIZR,RIAR,AIZ,RIA
1184,8416794,49698.0,32548.0,10920.0,1855089,8299543,1857495,8355576,AIZR,RIAR,AIZ,RIA
1185,8416794,49698.0,32548.0,10920.0,1855089,8299543,1855492,8310623,AIZR,SMBVR,AIZ,SMBV
1186,8416808,49082.0,32420.0,10710.0,1855089,8299564,1855492,8310618,AIZR,SMBVR,AIZ,SMBV
1187,8416808,49082.0,32420.0,10710.0,1855089,8299564,1857495,8355570,AIZR,RIAR,AIZ,RIA
1188,8416785,45140.0,30630.0,8520.0,1855089,8299688,1856419,8332570,AIZR,SMBDR,AIZ,SMBD
1189,8416785,45140.0,30630.0,8520.0,1855089,8299688,1855492,8310695,AIZR,SMBVR,AIZ,SMBV
1190,8416785,45140.0,30630.0,8520.0,1855089,8299688,1857495,8355498,AIZR,RIAR,AIZ,RIA
1191,8416790,46160.0,31138.0,9240.0,1855089,8299664,1856419,8332547,AIZR,SMBDR,AIZ,SMBD
1192,8416790,46160.0,31138.0,9240.0,1855089,8299664,1855492,8310671,AIZR,SMBVR,AIZ,SMBV
1193,8416790,46160.0,31138.0,9240.0,1855089,8299664,1857495,8355522,AIZR,RIAR,AIZ,RIA
1194,8416809,51726.0,32616.0,10380.0,1855089,8299572,1855492,8416813,AIZR,SMBVR,AIZ,SMBV
1195,8416809,51726.0,32616.0,10380.0,1855089,8299572,1856419,8333405,AIZR,SMBDR,AIZ,SMBD
1196,8416809,51726.0,32616.0,10380.0,1855089,8299572,1857495,8355612,AIZR,RIAR,AIZ,RIA
1197,8416783,43582.0,30822.0,7710.0,1855089,8299715,1857495,8355469,AIZR,RIAR,AIZ,RIA
1198,8416783,43582.0,30822.0,7710.0,1855089,8299715,1852985,8248268,AIZR,RIH,AIZ,RIH
1199,8416285,35498.0,17830.0,5190.0,1855089,8300077,1855337,8306811,AIZR,AIBL,AIZ,AIB
1200,8416285,35498.0,17830.0,5190.0,1855089,8300077,1853861,8266980,AIZR,RIMR,AIZ,RIM
1201,8416340,46670.0,30092.0,9420.0,1855089,8300322,1855337,8307251,AIZR,AIBL,AIZ,AIB
1202,8416340,46670.0,30092.0,9420.0,1855089,8300322,1853861,8266696,AIZR,RIMR,AIZ,RIM
1203,8416762,35520.0,16766.0,7200.0,1855089,8300144,1855337,8306744,AIZR,AIBL,AIZ,AIB
1204,8416762,35520.0,16766.0,7200.0,1855089,8300144,1853861,8267047,AIZR,RIMR,AIZ,RIM
1205,8416761,35718.0,16672.0,7470.0,1855089,8300152,1855337,8306735,AIZR,AIBL,AIZ,AIB
1206,8416761,35718.0,16672.0,7470.0,1855089,8300152,1853861,8267056,AIZR,RIMR,AIZ,RIM
1207,8416764,35464.0,16854.0,6930.0,1855089,8300135,1855337,8306753,AIZR,AIBL,AIZ,AIB
1208,8416764,35464.0,16854.0,6930.0,1855089,8300135,1853861,8267038,AIZR,RIMR,AIZ,RIM
1209,8416765,35384.0,17106.0,6390.0,1855089,8300117,1855337,8306771,AIZR,AIBL,AIZ,AIB
1210,8416765,35384.0,17106.0,6390.0,1855089,8300117,1853861,8267020,AIZR,RIMR,AIZ,RIM
1211,8416766,35396.0,17170.0,6180.0,1855089,8300110,1855337,8306778,AIZR,AIBL,AIZ,AIB
1212,8416766,35396.0,17170.0,6180.0,1855089,8300110,1853861,8267013,AIZR,RIMR,AIZ,RIM
1213,8416767,35364.0,17290.0,5910.0,1855089,8300101,1855337,8306787,AIZR,AIBL,AIZ,AIB
1214,8416767,35364.0,17290.0,5910.0,1855089,8300101,1853861,8267004,AIZR,RIMR,AIZ,RIM
1215,8416768,35388.0,17402.0,5760.0,1855089,8300096,1855337,8306792,AIZR,AIBL,AIZ,AIB
1216,8416768,35388.0,17402.0,5760.0,1855089,8300096,1853861,8266999,AIZR,RIMR,AIZ,RIM
1217,8416769,35432.0,17532.0,5400.0,1855089,8300084,1855337,8306804,AIZR,AIBL,AIZ,AIB
1218,8416769,35432.0,17532.0,5400.0,1855089,8300084,1853861,8266987,AIZR,RIMR,AIZ,RIM
1219,8416770,35524.0,17912.0,5040.0,1855089,8300072,1855337,8306816,AIZR,AIBL,AIZ,AIB
1220,8416770,35524.0,17912.0,5040.0,1855089,8300072,1853861,8266975,AIZR,RIMR,AIZ,RIM
1221,8416771,35528.0,18020.0,4920.0,1855089,8300068,1855337,8306835,AIZR,AIBL,AIZ,AIB
1222,8416771,35528.0,18020.0,4920.0,1855089,8300068,1853861,8266971,AIZR,RIMR,AIZ,RIM
1223,8416786,43816.0,30122.0,8700.0,1855089,8299682,1855337,8307211,AIZR,AIBL,AIZ,AIB
1224,8416786,43816.0,30122.0,8700.0,1855089,8299682,1853861,8266704,AIZR,RIMR,AIZ,RIM
1225,8416787,44212.0,30198.0,8910.0,1855089,8299675,1855337,8307218,AIZR,AIBL,AIZ,AIB
1226,8416787,44212.0,30198.0,8910.0,1855089,8299675,1853861,8266679,AIZR,RIMR,AIZ,RIM
1227,8416789,44820.0,30386.0,9240.0,1855089,8299664,1855337,8307229,AIZR,AIBL,AIZ,AIB
1228,8416789,44820.0,30386.0,9240.0,1855089,8299664,1853861,8266690,AIZR,RIMR,AIZ,RIM
1229,8416818,46098.0,30147.0,9480.0,1855089,8300324,1855337,8307237,AIZR,AIBL,AIZ,AIB
1230,8416818,46098.0,30147.0,9480.0,1855089,8300324,1853861,8266698,AIZR,RIMR,AIZ,RIM
1231,8416819,45702.0,30271.0,9420.0,1855089,8300322,1855337,8307235,AIZR,AIBL,AIZ,AIB
1232,8416819,45702.0,30271.0,9420.0,1855089,8300322,1853861,8266696,AIZR,RIMR,AIZ,RIM
1233,8416821,47290.0,30211.0,9390.0,1855089,8300321,1855337,8307252,AIZR,AIBL,AIZ,AIB
1234,8416821,47290.0,30211.0,9390.0,1855089,8300321,1853861,8266660,AIZR,RIMR,AIZ,RIM
1235,8416820,46914.0,30171.0,9390.0,1855089,8300321,1855337,8307252,AIZR,AIBL,AIZ,AIB
1236,8416820,46914.0,30171.0,9390.0,1855089,8300321,1855391,8308514,AIZR,AVAL,AIZ,AVA
1237,8416820,46914.0,30171.0,9390.0,1855089,8300321,1853861,8266695,AIZR,RIMR,AIZ,RIM
1238,8416791,47678.0,32220.0,10020.0,1855089,8299610,1856419,8332508,AIZR,SMBDR,AIZ,SMBD
1239,8416791,47678.0,32220.0,10020.0,1855089,8299610,1855492,8310635,AIZR,SMBVR,AIZ,SMBV
1240,8416795,51554.0,32152.0,10710.0,1855089,8299523,1856419,8333416,AIZR,SMBDR,AIZ,SMBD
1241,8416795,51554.0,32152.0,10710.0,1855089,8299523,1855492,8310617,AIZR,SMBVR,AIZ,SMBV
1242,8416796,49826.0,32632.0,10530.0,1855089,8299517,1856419,8333410,AIZR,SMBDR,AIZ,SMBD
1243,8416796,49826.0,32632.0,10530.0,1855089,8299517,1855492,8310598,AIZR,SMBVR,AIZ,SMBV
1244,8416831,41792.0,20972.0,15390.0,1854505,8283412,1856963,8340916,ALA,AVEL,ALA,AVE
1245,8416840,42734.0,21190.0,16020.0,1854505,8283464,1854680,8288807,ALA,ADLL,ALA,ADL
1246,8416840,42734.0,21190.0,16020.0,1854505,8283464,1856963,8340902,ALA,AVEL,ALA,AVE
1247,8416836,41414.0,23505.0,4830.0,1854505,8283669,1854322,8278877,ALA,AVER,ALA,AVE
1248,8416833,40980.0,23329.0,4770.0,1854505,8283667,1856657,8335685,ALA,CEPshDR,ALA,CEPshD
1249,8416833,40980.0,23329.0,4770.0,1854505,8283667,1855917,8319644,ALA,CEPshVR,ALA,CEPshV
1250,8416833,40980.0,23329.0,4770.0,1854505,8283667,1854322,8278891,ALA,AVER,ALA,AVE
1251,8416838,41958.0,23337.0,4020.0,1854505,8283646,1869124,8416839,ALA,CEPshVR,ALA,CEPshV
1252,8416838,41958.0,23337.0,4020.0,1854505,8283646,1852778,8242523,ALA,AVAR,ALA,AVA
1253,8416856,41518.0,23136.0,15930.0,1858762,8387809,1858511,8382969,ALML,BDUL,ALM,BDU
1254,8416857,42014.0,23168.0,15930.0,1858762,8387809,1858511,8382969,ALML,BDUL,ALM,BDU
1255,8416875,43866.0,26548.0,14610.0,1858762,8387868,1858511,8382916,ALML,BDUL,ALM,BDU
1256,8416876,41230.0,22668.0,15840.0,1858762,8387805,1858511,8382966,ALML,BDUL,ALM,BDU
1257,8416877,41578.0,22396.0,15780.0,1858762,8387803,1858511,8382964,ALML,BDUL,ALM,BDU
1258,8416879,41210.0,22188.0,15690.0,1858762,8387800,1858511,8382975,ALML,BDUL,ALM,BDU
1259,8416881,39326.0,19110.0,13620.0,1858762,8388004,1858511,8383045,ALML,BDUL,ALM,BDU
1260,8416861,39750.0,19290.0,13710.0,1858762,8387999,1858599,8385094,ALML,PVNR,ALM,PVN
1261,8416861,39750.0,19290.0,13710.0,1858762,8387999,1858511,8383042,ALML,BDUL,ALM,BDU
1262,8416862,39962.0,19470.0,13800.0,1858762,8387996,1858195,8375351,ALML,RIFL,ALM,RIF
1263,8416862,39962.0,19470.0,13800.0,1858762,8387996,1858511,8383039,ALML,BDUL,ALM,BDU
1264,8416858,38942.0,18854.0,13440.0,1858762,8388010,1858882,8390424,ALML,CEPDL,ALM,CEPD
1265,8416860,39142.0,19130.0,13740.0,1858762,8387998,1858882,8390434,ALML,CEPDL,ALM,CEPD
1266,8416864,39246.0,19302.0,14040.0,1858762,8387988,1858882,8390444,ALML,CEPDL,ALM,CEPD
1267,8416871,38894.0,18662.0,13200.0,1858762,8388018,1858882,8390416,ALML,CEPDL,ALM,CEPD
1268,8416855,41118.0,22868.0,15930.0,1858762,8387809,1859449,8405085,ALML,CEPVL,ALM,CEPV
1269,8416874,44510.0,27104.0,14040.0,1858762,8387887,1859449,8404998,ALML,CEPVL,ALM,CEPV
1270,8416867,44230.0,27012.0,13920.0,1858762,8387944,1859449,8405008,ALML,CEPVL,ALM,CEPV
1271,8416867,44230.0,27012.0,13920.0,1858762,8387944,1858005,8371439,ALML,AVDR,ALM,AVD
1272,8416867,44230.0,27012.0,13920.0,1858762,8387944,1854592,8286907,ALML,RID,ALM,RID
1273,8416847,46446.0,28324.0,12930.0,1858762,8387926,1857126,8344548,ALML,PVCL,ALM,PVC
1274,8416848,46766.0,28392.0,12930.0,1858762,8387926,1857126,8344548,ALML,PVCL,ALM,PVC
1275,8416849,46146.0,28272.0,13170.0,1858762,8387918,1857126,8344556,ALML,PVCL,ALM,PVC
1276,8416852,45894.0,28180.0,13530.0,1858762,8387906,1857126,8344568,ALML,PVCL,ALM,PVC
1277,8416854,44206.0,27080.0,14460.0,1858762,8387873,1857126,8344599,ALML,PVCL,ALM,PVC
1278,8416869,45664.0,27884.0,13830.0,1858762,8387896,1857126,8344578,ALML,PVCL,ALM,PVC
1279,8416870,45218.0,27620.0,13980.0,1858762,8387891,1857126,8344583,ALML,PVCL,ALM,PVC
1280,8416872,47262.0,28448.0,12720.0,1858762,8387933,1857126,8344532,ALML,PVCL,ALM,PVC
1281,8416868,45904.0,27916.0,13350.0,1858762,8387912,1856107,8324582,ALML,AVM,ALM,AVM
1282,8416868,45904.0,27916.0,13350.0,1858762,8387912,1857126,8344562,ALML,PVCL,ALM,PVC
1283,8416873,45030.0,27424.0,14010.0,1858762,8387890,1857126,8344584,ALML,PVCL,ALM,PVC
1284,8416873,45030.0,27424.0,14010.0,1858762,8387890,1859449,8404999,ALML,CEPVL,ALM,CEPV
1285,8416911,44494.0,29294.0,6960.0,1855138,8300616,1854363,8280683,ALMR,AVDL,ALM,AVD
1286,8416911,44494.0,29294.0,6960.0,1855138,8300616,1855951,8320476,ALMR,CEPVR,ALM,CEPV
1287,8416906,41242.0,19994.0,1080.0,1855138,8300365,1854039,8271706,ALMR,ADER,ALM,ADE
1288,8416906,41242.0,19994.0,1080.0,1855138,8300365,1858005,8370713,ALMR,AVDR,ALM,AVD
1289,8416920,42628.0,19654.0,330.0,1855138,8300340,1854039,8271681,ALMR,ADER,ALM,ADE
1290,8416920,42628.0,19654.0,330.0,1855138,8300340,1858005,8371681,ALMR,AVDR,ALM,AVD
1291,8416897,40782.0,25120.0,5520.0,1855138,8300557,1859863,8414319,ALMR,BDUR,ALM,BDU
1292,8416898,40458.0,24544.0,5340.0,1855138,8300551,1859863,8414325,ALMR,BDUR,ALM,BDU
1293,8416900,40254.0,24072.0,5280.0,1855138,8300534,1859863,8414327,ALMR,BDUR,ALM,BDU
1294,8416903,38830.0,21336.0,5010.0,1855138,8300498,1859863,8414348,ALMR,BDUR,ALM,BDU
1295,8416904,38654.0,21076.0,5040.0,1855138,8300499,1859863,8414359,ALMR,BDUR,ALM,BDU
1296,8416904,38654.0,21076.0,5040.0,1855138,8300499,1858599,8384801,ALMR,PVNR,ALM,PVN
1297,8416901,38874.0,21096.0,4860.0,1855138,8300493,1859863,8414366,ALMR,BDUR,ALM,BDU
1298,8416901,38874.0,21096.0,4860.0,1855138,8300493,1859653,8409977,ALMR,RIFR,ALM,RIF
1299,8416889,38272.0,21342.0,5010.0,1855138,8300498,1855306,8305673,ALMR,CEPDR,ALM,CEPD
1300,8416902,38418.0,21716.0,4770.0,1855138,8300490,1855306,8305682,ALMR,CEPDR,ALM,CEPD
1301,8416907,37934.0,20628.0,5130.0,1855138,8300502,1855306,8305453,ALMR,CEPDR,ALM,CEPD
1302,8416921,38204.0,21008.0,5100.0,1855138,8300501,1855306,8305454,ALMR,CEPDR,ALM,CEPD
1303,8416909,39754.0,23924.0,5100.0,1855138,8300540,1855951,8320592,ALMR,CEPVR,ALM,CEPV
1304,8416913,39760.0,24232.0,5340.0,1855138,8300551,1855951,8320584,ALMR,CEPVR,ALM,CEPV
1305,8416917,43846.0,28730.0,7110.0,1855138,8300621,1855951,8320481,ALMR,CEPVR,ALM,CEPV
1306,8416919,39848.0,24556.0,5490.0,1855138,8300556,1855951,8320579,ALMR,CEPVR,ALM,CEPV
1307,8416891,45672.0,29758.0,7230.0,1855138,8300625,1854941,8295277,ALMR,PVCR,ALM,PVC
1308,8416892,45224.0,29502.0,7170.0,1855138,8300623,1854941,8295279,ALMR,PVCR,ALM,PVC
1309,8416893,44932.0,29438.0,7140.0,1855138,8300622,1854941,8295280,ALMR,PVCR,ALM,PVC
1310,8416894,45104.0,29566.0,7050.0,1855138,8300619,1854941,8295283,ALMR,PVCR,ALM,PVC
1311,8416895,43954.0,29185.0,6750.0,1855138,8300609,1854941,8295293,ALMR,PVCR,ALM,PVC
1312,8416910,45852.0,29794.0,7290.0,1855138,8300627,1854941,8295275,ALMR,PVCR,ALM,PVC
1313,8416896,43710.0,29077.0,6750.0,1855138,8300609,1854941,8295293,ALMR,PVCR,ALM,PVC
1314,8416896,43710.0,29077.0,6750.0,1855138,8300609,1854363,8280676,ALMR,AVDL,ALM,AVD
1315,8452838,37270.0,19236.0,15630.0,1859176,8396531,1854175,8275961,ALNL,SMDVR,ALN,SMDV
1316,8452838,37270.0,19236.0,15630.0,1859176,8396531,1856937,8339883,ALNL,SAAVL,ALN,SAAV
1317,8452838,37270.0,19236.0,15630.0,1859176,8396531,1859269,8399101,ALNL,RIVR,ALN,RIV
1318,8452844,45424.0,15918.0,17340.0,1859176,8396388,1856937,8340732,ALNL,SAAVL,ALN,SAAV
1319,8452846,46122.0,15538.0,17940.0,1859176,8396368,1856937,8340758,ALNL,SAAVL,ALN,SAAV
1320,8452847,46014.0,15550.0,18000.0,1859176,8396366,1856937,8340755,ALNL,SAAVL,ALN,SAAV
1321,8452848,42618.0,18198.0,16050.0,1859176,8396451,1858222,8375665,ALNL,ADEL,ALN,ADE
1322,8452848,42618.0,18198.0,16050.0,1859176,8396451,1856937,8339730,ALNL,SAAVL,ALN,SAAV
1323,8452841,42578.0,17754.0,15450.0,1859176,8396479,1856937,8340671,ALNL,SAAVL,ALN,SAAV
1324,8452841,42578.0,17754.0,15450.0,1859176,8396479,1856419,8333217,ALNL,SMBDR,ALN,SMBD
1325,8452842,42918.0,17594.0,15540.0,1859176,8396476,1856419,8333220,ALNL,SMBDR,ALN,SMBD
1326,8452842,42918.0,17594.0,15540.0,1859176,8396476,1856937,8340674,ALNL,SAAVL,ALN,SAAV
1327,8452843,44490.0,16388.0,17040.0,1859176,8396407,1856937,8340724,ALNL,SAAVL,ALN,SAAV
1328,8452843,44490.0,16388.0,17040.0,1859176,8396407,1856419,8333270,ALNL,SMBDR,ALN,SMBD
1329,8452845,45634.0,15666.0,17880.0,1859176,8396370,1856419,8333296,ALNL,SMBDR,ALN,SMBD
1330,8452845,45634.0,15666.0,17880.0,1859176,8396370,1856937,8340750,ALNL,SAAVL,ALN,SAAV
1331,8452849,42866.0,18110.0,15990.0,1859176,8396449,1856937,8339728,ALNL,SAAVL,ALN,SAAV
1332,8452849,42866.0,18110.0,15990.0,1859176,8396449,1852827,8243988,ALNL,SMDVL,ALN,SMDV
1333,8452853,35602.0,21899.0,3840.0,1854053,8272054,1855391,8308269,ALNR,AVAL,ALN,AVA
1334,8452853,35602.0,21899.0,3840.0,1854053,8272054,1854065,8273210,ALNR,SAAVR,ALN,SAAV
1335,8452854,35678.0,21647.0,4050.0,1854053,8272047,1855391,8308262,ALNR,AVAL,ALN,AVA
1336,8452854,35678.0,21647.0,4050.0,1854053,8272047,1854065,8273203,ALNR,SAAVR,ALN,SAAV
1337,8471668,35538.0,21447.0,4470.0,1854053,8272082,1854065,8273228,ALNR,SAAVR,ALN,SAAV
1338,8471668,35538.0,21447.0,4470.0,1854053,8272082,1852870,8245579,ALNR,BWM-DR04,ALN,BWM04D
1339,8452856,40276.0,21024.0,2400.0,1854053,8271982,1854065,8273236,ALNR,SAAVR,ALN,SAAV
1340,8452856,40276.0,21024.0,2400.0,1854053,8271982,1857495,8355268,ALNR,RIAR,ALN,RIA
1341,8452861,35514.0,21831.0,4230.0,1854053,8272074,1854065,8273221,ALNR,SAAVR,ALN,SAAV
1342,8452861,35514.0,21831.0,4230.0,1854053,8272074,1854875,8294710,ALNR,RMGR,ALN,RMG
1343,8452858,42164.0,19108.0,660.0,1854053,8271925,1857703,8362615,ALNR,SMBDL,ALN,SMBD
1344,8452858,42164.0,19108.0,660.0,1854053,8271925,1854065,8273295,ALNR,SAAVR,ALN,SAAV
1345,8452859,42216.0,18996.0,540.0,1854053,8271921,1857703,8362619,ALNR,SMBDL,ALN,SMBD
1346,8452859,42216.0,18996.0,540.0,1854053,8271921,1854065,8273299,ALNR,SAAVR,ALN,SAAV
1347,8452860,42468.0,18892.0,390.0,1854053,8271916,1857703,8362624,ALNR,SMBDL,ALN,SMBD
1348,8452860,42468.0,18892.0,390.0,1854053,8271916,1854065,8273304,ALNR,SAAVR,ALN,SAAV
1349,8452857,40736.0,20420.0,2100.0,1854053,8271973,1859238,8398421,ALNR,SMDDL,ALN,SMDD
1350,8452857,40736.0,20420.0,2100.0,1854053,8271973,1854065,8273247,ALNR,SAAVR,ALN,SAAV
1351,8452857,40736.0,20420.0,2100.0,1854053,8271973,1857703,8362567,ALNR,SMBDL,ALN,SMBD
1352,8471672,51490.0,30878.0,10140.0,1854971,8295876,1857022,8342140,AQR,FLPL,AQR,FLP
1353,8471672,51490.0,30878.0,10140.0,1854971,8295876,1852778,8243648,AQR,AVAR,AQR,AVA
1354,8471672,51490.0,30878.0,10140.0,1854971,8295876,1855391,8308717,AQR,AVAL,AQR,AVA
1355,8452897,40598.0,28175.0,5700.0,1854971,8296634,1855337,8307106,AQR,AIBL,AQR,AIB
1356,8452897,40598.0,28175.0,5700.0,1854971,8296634,1857842,8367052,AQR,AVBL,AQR,AVB
1357,8452897,40598.0,28175.0,5700.0,1854971,8296634,1855391,8308375,AQR,AVAL,AQR,AVA
1358,8452896,40114.0,27239.0,5100.0,1854971,8296657,1855391,8319652,AQR,AVAL,AQR,AVA
1359,8452896,40114.0,27239.0,5100.0,1854971,8296657,1852778,8243807,AQR,AVAR,AQR,AVA
1360,8452896,40114.0,27239.0,5100.0,1854971,8296657,1854941,8295356,AQR,PVCR,AQR,PVC
1361,8452885,38174.0,22703.0,2850.0,1854971,8296886,1857495,8355290,AQR,RIAR,AQR,RIA
1362,8452885,38174.0,22703.0,2850.0,1854971,8296886,1853823,8265501,AQR,AUAR,AQR,AUA
1363,8452885,38174.0,22703.0,2850.0,1854971,8296886,1852778,8242694,AQR,AVAR,AQR,AVA
1364,8452888,38022.0,22795.0,2910.0,1854971,8296884,1857842,8367332,AQR,AVBL,AQR,AVB
1365,8452882,36782.0,18062.0,6300.0,1854971,8296834,1858005,8370895,AQR,AVDR,AQR,AVD
1366,8452882,36782.0,18062.0,6300.0,1854971,8296834,1854941,8295512,AQR,PVCR,AQR,PVC
1367,8452867,39346.0,18930.0,16110.0,1854971,8296210,1855391,8307807,AQR,AVAL,AQR,AVA
1368,8452867,39346.0,18930.0,16110.0,1854971,8296210,1853794,8264496,AQR,BAGR,AQR,BAG
1369,8452871,39782.0,20144.0,17580.0,1854971,8296164,1853794,8264543,AQR,BAGR,AQR,BAG
1370,8452871,39782.0,20144.0,17580.0,1854971,8296164,1855391,8307749,AQR,AVAL,AQR,AVA
1371,8471671,39518.0,19190.0,16380.0,1854971,8296202,1855391,8307798,AQR,AVAL,AQR,AVA
1372,8471671,39518.0,19190.0,16380.0,1854971,8296202,1853794,8264505,AQR,BAGR,AQR,BAG
1373,8452868,39906.0,20080.0,17100.0,1854971,8296179,1859108,8394839,AQR,RIAL,AQR,RIA
1374,8452868,39906.0,20080.0,17100.0,1854971,8296179,1853794,8264528,AQR,BAGR,AQR,BAG
1375,8452872,40078.0,20820.0,17670.0,1854971,8296161,1859108,8394857,AQR,RIAL,AQR,RIA
1376,8452872,40078.0,20820.0,17670.0,1854971,8296161,1853794,8264546,AQR,BAGR,AQR,BAG
1377,8452876,42410.0,26972.0,15870.0,1854971,8296067,1853794,8264788,AQR,BAGR,AQR,BAG
1378,8452876,42410.0,26972.0,15870.0,1854971,8296067,1859108,8395002,AQR,RIAL,AQR,RIA
1379,8452877,42446.0,27212.0,15720.0,1854971,8296062,1853794,8264793,AQR,BAGR,AQR,BAG
1380,8452877,42446.0,27212.0,15720.0,1854971,8296062,1859108,8395007,AQR,RIAL,AQR,RIA
1381,8452905,42224.0,26796.0,15840.0,1854971,8296066,1853794,8264780,AQR,BAGR,AQR,BAG
1382,8452905,42224.0,26796.0,15840.0,1854971,8296066,1859108,8395003,AQR,RIAL,AQR,RIA
1383,8452875,40854.0,23516.0,17430.0,1854971,8296121,1857126,8344693,AQR,PVCL,AQR,PVC
1384,8452875,40854.0,23516.0,17430.0,1854971,8296121,1855391,8307617,AQR,AVAL,AQR,AVA
1385,8452866,38034.0,17278.0,13260.0,1854971,8296305,1857126,8344834,AQR,PVCL,AQR,PVC
1386,8452866,38034.0,17278.0,13260.0,1854971,8296305,1854528,8284449,AQR,AVBR,AQR,AVB
1387,8452880,46558.0,28682.0,12690.0,1854971,8295959,1857126,8344547,AQR,PVCL,AQR,PVC
1388,8452880,46558.0,28682.0,12690.0,1854971,8295959,1858005,8371484,AQR,AVDR,AQR,AVD
1389,8452880,46558.0,28682.0,12690.0,1854971,8295959,1854528,8284788,AQR,AVBR,AQR,AVB
1390,8452864,36950.0,16404.0,9360.0,1854971,8296431,1857587,8358941,AQR,PVPL,AQR,PVP
1391,8452864,36950.0,16404.0,9360.0,1854971,8296431,1857126,8344962,AQR,PVCL,AQR,PVC
1392,8471711,36894.0,16624.0,8640.0,1854971,8296454,1857126,8344985,AQR,PVCL,AQR,PVC
1393,8471711,36894.0,16624.0,8640.0,1854971,8296454,1857073,8343277,AQR,RIR,AQR,RIR
1394,8452894,38714.0,25104.0,3990.0,1854971,8296693,1852778,8243767,AQR,AVAR,AQR,AVA
1395,8452894,38714.0,25104.0,3990.0,1854971,8296693,1854941,8295396,AQR,PVCR,AQR,PVC
1396,8452883,36734.0,19531.0,4230.0,1854971,8296765,1859780,8413165,AQR,PVPR,AQR,PVP
1397,8452883,36734.0,19531.0,4230.0,1854971,8296765,1852778,8242744,AQR,AVAR,AQR,AVA
1398,8452883,36734.0,19531.0,4230.0,1854971,8296765,1854941,8295443,AQR,PVCR,AQR,PVC
1399,8452898,44792.0,29818.0,7440.0,1854971,8296576,1854941,8452899,AQR,PVCR,AQR,PVC
1400,8452898,44792.0,29818.0,7440.0,1854971,8296576,1854363,8280699,AQR,AVDL,AQR,AVD
1401,8452898,44792.0,29818.0,7440.0,1854971,8296576,1857842,8367111,AQR,AVBL,AQR,AVB
1402,8471670,38858.0,18156.0,15240.0,1854971,8296239,1857073,8343061,AQR,RIR,AQR,RIR
1403,8471670,38858.0,18156.0,15240.0,1854971,8296239,1857587,8358748,AQR,PVPL,AQR,PVP
1404,8452878,42286.0,27284.0,15420.0,1854971,8296052,1859108,8395017,AQR,RIAL,AQR,RIA
1405,8452878,42286.0,27284.0,15420.0,1854971,8296052,1859192,8396692,AQR,IL1VL,AQR,IL1V
1406,8452869,40018.0,20312.0,17220.0,1854971,8296176,1859108,8394842,AQR,RIAL,AQR,RIA
1407,8452869,40018.0,20312.0,17220.0,1854971,8296176,1857073,8342997,AQR,RIR,AQR,RIR
1408,8452873,40158.0,21156.0,17790.0,1854971,8296157,1857073,8342970,AQR,RIR,AQR,RIR
1409,8452873,40158.0,21156.0,17790.0,1854971,8296157,1859108,8394861,AQR,RIAL,AQR,RIA
1410,8452879,42572.0,27208.0,15360.0,1854971,8296050,1857073,8342883,AQR,RIR,AQR,RIR
1411,8452879,42572.0,27208.0,15360.0,1854971,8296050,1859108,8395020,AQR,RIAL,AQR,RIA
1412,8452892,38554.0,25415.0,3330.0,1854971,8296715,1857495,8355314,AQR,RIAR,AQR,RIA
1413,8452886,38266.0,22823.0,2820.0,1854971,8296887,1854817,8292222,AQR,BAGL,AQR,BAG
1414,8452886,38266.0,22823.0,2820.0,1854971,8296887,1857495,8355289,AQR,RIAR,AQR,RIA
1415,8452887,38266.0,23007.0,2850.0,1854971,8296886,1854817,8292223,AQR,BAGL,AQR,BAG
1416,8452887,38266.0,23007.0,2850.0,1854971,8296886,1857495,8355290,AQR,RIAR,AQR,RIA
1417,8452889,38318.0,23407.0,2970.0,1854971,8296882,1857073,8343776,AQR,RIR,AQR,RIR
1418,8452889,38318.0,23407.0,2970.0,1854971,8296882,1857495,8355294,AQR,RIAR,AQR,RIA
1419,8452890,38282.0,23847.0,3030.0,1854971,8296880,1857073,8343775,AQR,RIR,AQR,RIR
1420,8452890,38282.0,23847.0,3030.0,1854971,8296880,1857495,8355296,AQR,RIAR,AQR,RIA
1421,8471673,38338.0,24135.0,3030.0,1854971,8296880,1857495,8355296,AQR,RIAR,AQR,RIA
1422,8471673,38338.0,24135.0,3030.0,1854971,8296880,1857073,8343775,AQR,RIR,AQR,RIR
1423,8452891,38338.0,24287.0,3090.0,1854971,8296723,1854817,8292543,AQR,BAGL,AQR,BAG
1424,8452891,38338.0,24287.0,3090.0,1854971,8296723,1857495,8355298,AQR,RIAR,AQR,RIA
1425,8452891,38338.0,24287.0,3090.0,1854971,8296723,1857073,8343773,AQR,RIR,AQR,RIR
1426,8452925,44708.0,28296.0,15450.0,1859728,8411468,1855337,8306233,ASEL,AIBL,ASE,AIB
1427,8452921,40162.0,18040.0,14880.0,1859728,8411655,1855337,8306421,ASEL,AIBL,ASE,AIB
1428,8452921,40162.0,18040.0,14880.0,1859728,8411655,1854680,8289211,ASEL,ADLL,ASE,ADL
1429,8452922,42390.0,21428.0,17010.0,1859728,8411582,1855337,8306350,ASEL,AIBL,ASE,AIB
1430,8452922,42390.0,21428.0,17010.0,1859728,8411582,1854680,8288836,ASEL,ADLL,ASE,ADL
1431,8416193,39812.0,17996.0,14730.0,1859728,8411660,1855337,8306426,ASEL,AIBL,ASE,AIB
1432,8416193,39812.0,17996.0,14730.0,1859728,8411660,1858448,8381622,ASEL,AIAL,ASE,AIA
1433,8452924,43746.0,27020.0,15930.0,1859728,8411490,1855337,8306252,ASEL,AIBL,ASE,AIB
1434,8452924,43746.0,27020.0,15930.0,1859728,8411490,1858666,8385758,ASEL,ASGL,ASE,ASG
1435,8452913,39098.0,22502.0,2610.0,1859728,8412080,1857495,8355282,ASEL,RIAR,ASE,RIA
1436,8452913,39098.0,22502.0,2610.0,1859728,8412080,1853997,8270690,ASEL,AINL,ASE,AIN
1437,8452923,43586.0,26932.0,16290.0,1859728,8411502,1858259,8377128,ASEL,AFDL,ASE,AFD
1438,8452923,43586.0,26932.0,16290.0,1859728,8411502,1858167,8374438,ASEL,AIYL,ASE,AIY
1439,8416190,38386.0,15739.0,10530.0,1859728,8411798,1855337,8306564,ASEL,AIBL,ASE,AIB
1440,8416190,38386.0,15739.0,10530.0,1859728,8411798,1858167,8374799,ASEL,AIYL,ASE,AIY
1441,8452918,38440.0,15704.0,9720.0,1859728,8411825,1855337,8306591,ASEL,AIBL,ASE,AIB
1442,8452918,38440.0,15704.0,9720.0,1859728,8411825,1858167,8374826,ASEL,AIYL,ASE,AIY
1443,8452919,38448.0,15655.0,10140.0,1859728,8411811,1855337,8306577,ASEL,AIBL,ASE,AIB
1444,8452919,38448.0,15655.0,10140.0,1859728,8411811,1858167,8374812,ASEL,AIYL,ASE,AIY
1445,8452931,48674.0,31136.0,13350.0,1859728,8411392,1855337,8306151,ASEL,AIBL,ASE,AIB
1446,8452931,48674.0,31136.0,13350.0,1859728,8411392,1858167,8374323,ASEL,AIYL,ASE,AIY
1447,8452932,48818.0,31192.0,13260.0,1859728,8411389,1855337,8306148,ASEL,AIBL,ASE,AIB
1448,8452932,48818.0,31192.0,13260.0,1859728,8411389,1858167,8374314,ASEL,AIYL,ASE,AIY
1449,8452934,42730.0,23508.0,17910.0,1859728,8411555,1855337,8306320,ASEL,AIBL,ASE,AIB
1450,8452934,42730.0,23508.0,17910.0,1859728,8411555,1858167,8374490,ASEL,AIYL,ASE,AIY
1451,8452935,42742.0,23196.0,17910.0,1859728,8411555,1855337,8306320,ASEL,AIBL,ASE,AIB
1452,8452935,42742.0,23196.0,17910.0,1859728,8411555,1858167,8374499,ASEL,AIYL,ASE,AIY
1453,8471678,49290.0,31496.0,13080.0,1859728,8411383,1855337,8306142,ASEL,AIBL,ASE,AIB
1454,8471678,49290.0,31496.0,13080.0,1859728,8411383,1858237,8375939,ASEL,AWCL,ASE,AWC
1455,8471678,49290.0,31496.0,13080.0,1859728,8411383,1858167,8374308,ASEL,AIYL,ASE,AIY
1456,8471674,47638.0,30628.0,13920.0,1859728,8411411,1858237,8471677,ASEL,AWCL,ASE,AWC
1457,8471674,47638.0,30628.0,13920.0,1859728,8411411,1858167,8374342,ASEL,AIYL,ASE,AIY
1458,8452926,46546.0,30196.0,14370.0,1859728,8411430,1853794,8265011,ASEL,BAGR,ASE,BAG
1459,8452926,46546.0,30196.0,14370.0,1859728,8411430,1858167,8374361,ASEL,AIYL,ASE,AIY
1460,8452912,39936.0,24572.0,2730.0,1859728,8412155,1855030,8298560,ASEL,AIYR,ASE,AIY
1461,8452912,39936.0,24572.0,2730.0,1859728,8412155,1853845,8266153,ASEL,AFDR,ASE,AFD
1462,8452915,37148.0,18154.0,4650.0,1859728,8411993,1853845,8266238,ASEL,AFDR,ASE,AFD
1463,8452915,37148.0,18154.0,4650.0,1859728,8411993,1855030,8298637,ASEL,AIYR,ASE,AIY
1464,8452916,37524.0,16628.0,5670.0,1859728,8411959,1855030,8298671,ASEL,AIYR,ASE,AIY
1465,8452916,37524.0,16628.0,5670.0,1859728,8411959,1857256,8348230,ASEL,AIBR,ASE,AIB
1466,8452917,38102.0,15634.0,6750.0,1859728,8411923,1855030,8298707,ASEL,AIYR,ASE,AIY
1467,8452917,38102.0,15634.0,6750.0,1859728,8411923,1857256,8348266,ASEL,AIBR,ASE,AIB
1468,8452917,38102.0,15634.0,6750.0,1859728,8411923,1858237,8376527,ASEL,AWCL,ASE,AWC
1469,8452910,41046.0,26707.0,3600.0,1859728,8412133,1855002,8297215,ASEL,AWCR,ASE,AWC
1470,8452910,41046.0,26707.0,3600.0,1859728,8412133,1854817,8292254,ASEL,BAGL,ASE,BAG
1471,8452910,41046.0,26707.0,3600.0,1859728,8412133,1857256,8348082,ASEL,AIBR,ASE,AIB
1472,8452910,41046.0,26707.0,3600.0,1859728,8412133,1855030,8298515,ASEL,AIYR,ASE,AIY
1473,8452911,40564.0,25356.0,2910.0,1859728,8412161,1858237,8376694,ASEL,AWCL,ASE,AWC
1474,8452911,40564.0,25356.0,2910.0,1859728,8412161,1855030,8298544,ASEL,AIYR,ASE,AIY
1475,8452937,54650.0,33212.0,13410.0,1859728,8411318,1858666,8385603,ASEL,ASGL,ASE,ASG
1476,8452914,37260.0,19816.0,2820.0,1859728,8412053,1858237,8376657,ASEL,AWCL,ASE,AWC
1477,8452941,41918.0,21240.0,18330.0,1855226,8303799,1858259,8377234,ASER,AFDL,ASE,AFD
1478,8452948,39646.0,17528.0,15180.0,1855226,8303696,1855337,8306411,ASER,AIBL,ASE,AIB
1479,8452948,39646.0,17528.0,15180.0,1855226,8303696,1855002,8297697,ASER,AWCR,ASE,AWC
1480,8452975,40166.0,23181.0,3390.0,1855226,8303287,1857256,8348119,ASER,AIBR,ASE,AIB
1481,8452975,40166.0,23181.0,3390.0,1855226,8303287,1856878,8339080,ASER,AIAR,ASE,AIA
1482,8416615,40870.0,26595.0,3840.0,1855226,8303233,1857256,8348074,ASER,AIBR,ASE,AIB
1483,8416615,40870.0,26595.0,3840.0,1855226,8303233,1855030,8298507,ASER,AIYR,ASE,AIY
1484,8452953,37844.0,16432.0,6720.0,1855226,8303415,1857256,8348265,ASER,AIBR,ASE,AIB
1485,8452953,37844.0,16432.0,6720.0,1855226,8303415,1855030,8298706,ASER,AIYR,ASE,AIY
1486,8452954,37914.0,16586.0,6570.0,1855226,8303410,1857256,8348260,ASER,AIBR,ASE,AIB
1487,8452954,37914.0,16586.0,6570.0,1855226,8303410,1855030,8298701,ASER,AIYR,ASE,AIY
1488,8452955,37898.0,16758.0,6300.0,1855226,8303401,1855030,8298692,ASER,AIYR,ASE,AIY
1489,8452955,37898.0,16758.0,6300.0,1855226,8303401,1857256,8348251,ASER,AIBR,ASE,AIB
1490,8452956,37590.0,17066.0,6000.0,1855226,8303390,1855030,8298682,ASER,AIYR,ASE,AIY
1491,8452956,37590.0,17066.0,6000.0,1855226,8303390,1857256,8348241,ASER,AIBR,ASE,AIB
1492,8452964,46654.0,32030.0,7740.0,1855226,8303098,1857256,8347945,ASER,AIBR,ASE,AIB
1493,8452964,46654.0,32030.0,7740.0,1855226,8303098,1855030,8298376,ASER,AIYR,ASE,AIY
1494,8452966,47526.0,32314.0,7950.0,1855226,8303091,1857256,8347937,ASER,AIBR,ASE,AIB
1495,8452966,47526.0,32314.0,7950.0,1855226,8303091,1855030,8298365,ASER,AIYR,ASE,AIY
1496,8452967,47798.0,32306.0,8070.0,1855226,8303087,1857256,8347931,ASER,AIBR,ASE,AIB
1497,8452967,47798.0,32306.0,8070.0,1855226,8303087,1855030,8298361,ASER,AIYR,ASE,AIY
1498,8452968,48110.0,32400.0,8250.0,1855226,8303081,1857256,8347925,ASER,AIBR,ASE,AIB
1499,8452968,48110.0,32400.0,8250.0,1855226,8303081,1855030,8298355,ASER,AIYR,ASE,AIY
1500,8452969,48594.0,32440.0,8400.0,1855226,8303076,1857256,8347920,ASER,AIBR,ASE,AIB
1501,8452969,48594.0,32440.0,8400.0,1855226,8303076,1855030,8298341,ASER,AIYR,ASE,AIY
1502,8452970,48708.1,32513.9,8580.0,1855226,8303070,1857256,8347914,ASER,AIBR,ASE,AIB
1503,8452970,48708.1,32513.9,8580.0,1855226,8303070,1855030,8298335,ASER,AIYR,ASE,AIY
1504,8452971,49350.0,32672.0,8880.0,1855226,8303060,1857256,8347905,ASER,AIBR,ASE,AIB
1505,8452971,49350.0,32672.0,8880.0,1855226,8303060,1855030,8298326,ASER,AIYR,ASE,AIY
1506,8452973,40890.0,26281.0,3600.0,1855226,8303241,1855030,8298515,ASER,AIYR,ASE,AIY
1507,8452973,40890.0,26281.0,3600.0,1855226,8303241,1857256,8348082,ASER,AIBR,ASE,AIB
1508,8416251,42312.0,29047.0,5430.0,1855226,8303175,1855002,8297155,ASER,AWCR,ASE,AWC
1509,8416251,42312.0,29047.0,5430.0,1855226,8303175,1857256,8348022,ASER,AIBR,ASE,AIB
1510,8452940,42734.0,22884.0,18600.0,1855226,8303819,1858167,8374528,ASER,AIYL,ASE,AIY
1511,8452939,42470.0,22604.0,18600.0,1855226,8303819,1858259,8377225,ASER,AFDL,ASE,AFD
1512,8452939,42470.0,22604.0,18600.0,1855226,8303819,1858167,8374528,ASER,AIYL,ASE,AIY
1513,8452942,41846.0,21012.0,18090.0,1855226,8303791,1858167,8374542,ASER,AIYL,ASE,AIY
1514,8452942,41846.0,21012.0,18090.0,1855226,8303791,1858259,8377242,ASER,AFDL,ASE,AFD
1515,8416186,38446.0,14956.0,9210.0,1855226,8303499,1855337,8306608,ASER,AIBL,ASE,AIB
1516,8416186,38446.0,14956.0,9210.0,1855226,8303499,1858167,8374842,ASER,AIYL,ASE,AIY
1517,8416326,38002.0,15220.0,8490.0,1855226,8303475,1855337,8306632,ASER,AIBL,ASE,AIB
1518,8416326,38002.0,15220.0,8490.0,1855226,8303475,1858167,8374866,ASER,AIYL,ASE,AIY
1519,8452952,38252.0,15024.0,8820.0,1855226,8303486,1855337,8306621,ASER,AIBL,ASE,AIB
1520,8452952,38252.0,15024.0,8820.0,1855226,8303486,1858167,8374855,ASER,AIYL,ASE,AIY
1521,8452976,38564.0,15320.0,10830.0,1855226,8303551,1855337,8306556,ASER,AIBL,ASE,AIB
1522,8452976,38564.0,15320.0,10830.0,1855226,8303551,1858167,8374791,ASER,AIYL,ASE,AIY
1523,8452951,38636.0,15159.0,10560.0,1855226,8303544,1855337,8306563,ASER,AIBL,ASE,AIB
1524,8452951,38636.0,15159.0,10560.0,1855226,8303544,1855002,8297544,ASER,AWCR,ASE,AWC
1525,8452951,38636.0,15159.0,10560.0,1855226,8303544,1858167,8374798,ASER,AIYL,ASE,AIY
1526,8452947,41910.0,20856.0,17820.0,1855226,8303782,1855002,8297783,ASER,AWCR,ASE,AWC
1527,8452947,41910.0,20856.0,17820.0,1855226,8303782,1858167,8374551,ASER,AIYL,ASE,AIY
1528,8452949,38902.0,16960.0,13800.0,1855226,8303650,1855002,8297650,ASER,AWCR,ASE,AWC
1529,8452949,38902.0,16960.0,13800.0,1855226,8303650,1858167,8374688,ASER,AIYL,ASE,AIY
1530,8452950,38836.0,16772.0,13560.0,1855226,8303642,1855002,8297642,ASER,AWCR,ASE,AWC
1531,8452950,38836.0,16772.0,13560.0,1855226,8303642,1857771,8364521,ASER,AIZL,ASE,AIZ
1532,8452950,38836.0,16772.0,13560.0,1855226,8303642,1858167,8374701,ASER,AIYL,ASE,AIY
1533,8452961,43962.0,30528.0,6480.0,1855226,8303140,1855030,8298418,ASER,AIYR,ASE,AIY
1534,8452972,49720.0,32894.0,9030.0,1855226,8303055,1855030,8298321,ASER,AIYR,ASE,AIY
1535,8452958,43298.0,30080.0,6090.0,1855226,8303153,1853845,8266040,ASER,AFDR,ASE,AFD
1536,8452958,43298.0,30080.0,6090.0,1855226,8303153,1855030,8298431,ASER,AIYR,ASE,AIY
1537,8452974,51920.0,33444.0,9840.0,1855226,8303033,1855030,8298279,ASER,AIYR,ASE,AIY
1538,8452974,51920.0,33444.0,9840.0,1855226,8303033,1853845,8265900,ASER,AFDR,ASE,AFD
1539,8452974,51920.0,33444.0,9840.0,1855226,8303033,1854018,8271227,ASER,ASIR,ASE,ASI
1540,8452957,41958.0,28851.0,5190.0,1855226,8303183,1855030,8298461,ASER,AIYR,ASE,AIY
1541,8452957,41958.0,28851.0,5190.0,1855226,8303183,1859684,8410401,ASER,AWAR,ASE,AWA
1542,8452959,43442.0,30196.0,6180.0,1855226,8303150,1855002,8297130,ASER,AWCR,ASE,AWC
1543,8452959,43442.0,30196.0,6180.0,1855226,8303150,1855030,8298428,ASER,AIYR,ASE,AIY
1544,8452962,45270.0,31390.0,7230.0,1855226,8303115,1855002,8297094,ASER,AWCR,ASE,AWC
1545,8452962,45270.0,31390.0,7230.0,1855226,8303115,1855030,8298393,ASER,AIYR,ASE,AIY
1546,8452963,45894.0,31606.0,7470.0,1855226,8303107,1855002,8297086,ASER,AWCR,ASE,AWC
1547,8452963,45894.0,31606.0,7470.0,1855226,8303107,1855030,8298385,ASER,AIYR,ASE,AIY
1548,8416426,43756.0,24948.0,16980.0,1858666,8385793,1858448,8381469,ASGL,AIAL,ASG,AIA
1549,8452983,47834.0,30276.0,14490.0,1858666,8385688,1858448,8381380,ASGL,AIAL,ASG,AIA
1550,8452985,50478.0,31672.0,13920.0,1858666,8385632,1858448,8381876,ASGL,AIAL,ASG,AIA
1551,8452984,49342.0,31080.0,13830.0,1858666,8385641,1855337,8306170,ASGL,AIBL,ASG,AIB
1552,8452984,49342.0,31080.0,13830.0,1858666,8385641,1858448,8381358,ASGL,AIAL,ASG,AIA
1553,8416434,45846.0,28588.0,15240.0,1858666,8385713,1858448,8381411,ASGL,AIAL,ASG,AIA
1554,8416434,45846.0,28588.0,15240.0,1858666,8385713,1858425,8380578,ASGL,AIML,ASG,AIM
1555,8416435,46066.0,28892.0,15240.0,1858666,8385713,1858448,8381411,ASGL,AIAL,ASG,AIA
1556,8416435,46066.0,28892.0,15240.0,1858666,8385713,1858425,8380578,ASGL,AIML,ASG,AIM
1557,8452981,43882.0,24576.0,17340.0,1858666,8385803,1858425,8381100,ASGL,AIML,ASG,AIM
1558,8452981,43882.0,24576.0,17340.0,1858666,8385803,1858448,8381479,ASGL,AIAL,ASG,AIA
1559,8452978,42704.0,22232.0,17970.0,1858666,8385838,1857771,8364360,ASGL,AIZL,ASG,AIZ
1560,8452978,42704.0,22232.0,17970.0,1858666,8385838,1858448,8381513,ASGL,AIAL,ASG,AIA
1561,8471704,51086.0,31820.0,13800.0,1858666,8385628,1858448,8381872,ASGL,AIAL,ASG,AIA
1562,8471704,51086.0,31820.0,13800.0,1858666,8385628,1859757,8412318,ASGL,ASJL,ASG,ASJ
1563,8452982,45518.0,28496.0,15690.0,1858666,8385730,1856595,8335661,ASGL,CEPshVL,ASG,CEPshV
1564,8452982,45518.0,28496.0,15690.0,1858666,8385730,1859449,8404943,ASGL,CEPVL,ASG,CEPV
1565,8452992,43294.0,29631.0,5640.0,1854289,8278110,1856878,8338956,ASGR,AIAR,ASG,AIA
1566,8452993,45070.0,31252.0,6420.0,1854289,8278076,1856878,8338930,ASGR,AIAR,ASG,AIA
1567,8452994,44854.0,31120.0,6360.0,1854289,8278082,1856878,8338932,ASGR,AIAR,ASG,AIA
1568,8452996,44670.0,30948.0,6330.0,1854289,8278083,1856878,8338933,ASGR,AIAR,ASG,AIA
1569,8453000,49074.0,32910.0,7620.0,1854289,8278036,1856878,8338882,ASGR,AIAR,ASG,AIA
1570,8453001,49942.0,33316.0,8160.0,1854289,8278018,1856878,8338864,ASGR,AIAR,ASG,AIA
1571,8453002,54338.0,33976.0,8790.0,1854289,8277979,1856878,8338839,ASGR,AIAR,ASG,AIA
1572,8452989,42078.0,27527.0,4500.0,1854289,8278148,1856878,8338994,ASGR,AIAR,ASG,AIA
1573,8452989,42078.0,27527.0,4500.0,1854289,8278148,1857256,8348053,ASGR,AIBR,ASG,AIB
1574,8452997,46702.0,32054.0,6960.0,1854289,8278058,1856878,8338912,ASGR,AIAR,ASG,AIA
1575,8452997,46702.0,32054.0,6960.0,1854289,8278058,1857256,8347971,ASGR,AIBR,ASG,AIB
1576,8452999,47222.0,32282.0,7230.0,1854289,8278049,1856878,8338903,ASGR,AIAR,ASG,AIA
1577,8452999,47222.0,32282.0,7230.0,1854289,8278049,1857256,8347962,ASGR,AIBR,ASG,AIB
1578,8453009,40038.0,20766.0,16260.0,1857919,8368214,1859368,8402878,ASHL,ADAL,ASH,ADA
1579,8453009,40038.0,20766.0,16260.0,1857919,8368214,1858050,8372240,ASHL,AVJR,ASH,AVJ
1580,8453038,47881.0,30061.0,13830.0,1857919,8368037,1858448,8381358,ASHL,AIAL,ASH,AIA
1581,8453036,47624.0,29854.0,13890.0,1857919,8368039,1858448,8381360,ASHL,AIAL,ASH,AIA
1582,8453036,47624.0,29854.0,13890.0,1857919,8368039,1854680,8288978,ASHL,ADLL,ASH,ADL
1583,8453027,43306.0,25364.0,16380.0,1857919,8368131,1855337,8306267,ASHL,AIBL,ASH,AIB
1584,8453027,43306.0,25364.0,16380.0,1857919,8368131,1858448,8381449,ASHL,AIAL,ASH,AIA
1585,8453034,45742.0,28600.0,14760.0,1857919,8368071,1855337,8306205,ASHL,AIBL,ASH,AIB
1586,8453034,45742.0,28600.0,14760.0,1857919,8368071,1858448,8381395,ASHL,AIAL,ASH,AIA
1587,8453035,46090.0,28928.0,14610.0,1857919,8368066,1855337,8306200,ASHL,AIBL,ASH,AIB
1588,8453035,46090.0,28928.0,14610.0,1857919,8368066,1858448,8381384,ASHL,AIAL,ASH,AIA
1589,8453043,51189.0,31959.0,12900.0,1857919,8367952,1855337,8306111,ASHL,AIBL,ASH,AIB
1590,8453043,51189.0,31959.0,12900.0,1857919,8367952,1858448,8381312,ASHL,AIAL,ASH,AIA
1591,8453039,48565.0,30561.0,13440.0,1857919,8368024,1855337,8306154,ASHL,AIBL,ASH,AIB
1592,8453039,48565.0,30561.0,13440.0,1857919,8368024,1858195,8375197,ASHL,RIFL,ASH,RIF
1593,8453039,48565.0,30561.0,13440.0,1857919,8368024,1858448,8381345,ASHL,AIAL,ASH,AIA
1594,8453029,43594.0,26112.0,15960.0,1857919,8368114,1858005,8371387,ASHL,AVDR,ASH,AVD
1595,8453029,43594.0,26112.0,15960.0,1857919,8368114,1858476,8382284,ASHL,PVQL,ASH,PVQ
1596,8453029,43594.0,26112.0,15960.0,1857919,8368114,1858448,8381435,ASHL,AIAL,ASH,AIA
1597,8453018,43126.0,24518.0,16710.0,1857919,8368142,1855337,8306278,ASHL,AIBL,ASH,AIB
1598,8453018,43126.0,24518.0,16710.0,1857919,8368142,1858476,8382314,ASHL,PVQL,ASH,PVQ
1599,8453018,43126.0,24518.0,16710.0,1857919,8368142,1858448,8381460,ASHL,AIAL,ASH,AIA
1600,8453018,43126.0,24518.0,16710.0,1857919,8368142,1858005,8371291,ASHL,AVDR,ASH,AVD
1601,8453005,38816.0,18182.0,13560.0,1857919,8368305,1859368,8402978,ASHL,ADAL,ASH,ADA
1602,8453005,38816.0,18182.0,13560.0,1857919,8368305,1855391,8307944,ASHL,AVAL,ASH,AVA
1603,8471707,43442.0,26120.0,15660.0,1857919,8368104,1858005,8371378,ASHL,AVDR,ASH,AVD
1604,8471707,43442.0,26120.0,15660.0,1857919,8368104,1854680,8453031,ASHL,ADLL,ASH,ADL
1605,8471707,43442.0,26120.0,15660.0,1857919,8368104,1855391,8307724,ASHL,AVAL,ASH,AVA
1606,8471707,43442.0,26120.0,15660.0,1857919,8368104,1855391,8307700,ASHL,AVAL,ASH,AVA
1607,8453048,38680.0,18282.0,13770.0,1857919,8368298,1855391,8307927,ASHL,AVAL,ASH,AVA
1608,8453048,38680.0,18282.0,13770.0,1857919,8368298,1859368,8402971,ASHL,ADAL,ASH,ADA
1609,8453048,38680.0,18282.0,13770.0,1857919,8368298,1855391,8307943,ASHL,AVAL,ASH,AVA
1610,8453048,38680.0,18282.0,13770.0,1857919,8368298,1857842,8366592,ASHL,AVBL,ASH,AVB
1611,8453033,43714.0,26516.0,15450.0,1857919,8368097,1855391,8453032,ASHL,AVAL,ASH,AVA
1612,8453033,43714.0,26516.0,15450.0,1857919,8368097,1858005,8371371,ASHL,AVDR,ASH,AVD
1613,8453033,43714.0,26516.0,15450.0,1857919,8368097,1855391,8307731,ASHL,AVAL,ASH,AVA
1614,8453007,38680.0,18486.0,14430.0,1857919,8368276,1855391,8307907,ASHL,AVAL,ASH,AVA
1615,8453007,38680.0,18486.0,14430.0,1857919,8368276,1857842,8366570,ASHL,AVBL,ASH,AVB
1616,8453008,38772.0,18718.0,14820.0,1857919,8368263,1855391,8307894,ASHL,AVAL,ASH,AVA
1617,8453008,38772.0,18718.0,14820.0,1857919,8368263,1857842,8366557,ASHL,AVBL,ASH,AVB
1618,8453015,41786.0,23360.0,17220.0,1857919,8368157,1855391,8307624,ASHL,AVAL,ASH,AVA
1619,8453015,41786.0,23360.0,17220.0,1857919,8368157,1857842,8366484,ASHL,AVBL,ASH,AVB
1620,8471705,41566.0,23120.0,17220.0,1857919,8368157,1855391,8307602,ASHL,AVAL,ASH,AVA
1621,8471705,41566.0,23120.0,17220.0,1857919,8368157,1857842,8366484,ASHL,AVBL,ASH,AVB
1622,8453017,42110.0,23812.0,17010.0,1857919,8368152,1855391,8307628,ASHL,AVAL,ASH,AVA
1623,8453017,42110.0,23812.0,17010.0,1857919,8368152,1857842,8366471,ASHL,AVBL,ASH,AVB
1624,8453017,42110.0,23812.0,17010.0,1857919,8368152,1858005,8371301,ASHL,AVDR,ASH,AVD
1625,8471706,42314.0,24202.0,16530.0,1857919,8368136,1857842,8366452,ASHL,AVBL,ASH,AVB
1626,8471706,42314.0,24202.0,16530.0,1857919,8368136,1855391,8307645,ASHL,AVAL,ASH,AVA
1627,8471706,42314.0,24202.0,16530.0,1857919,8368136,1858005,8371334,ASHL,AVDR,ASH,AVD
1628,8416859,38714.0,18066.0,13440.0,1857919,8368309,1857842,8366603,ASHL,AVBL,ASH,AVB
1629,8416859,38714.0,18066.0,13440.0,1857919,8368309,1854363,8280163,ASHL,AVDL,ASH,AVD
1630,8416859,38714.0,18066.0,13440.0,1857919,8368309,1855391,8307948,ASHL,AVAL,ASH,AVA
1631,8453013,41152.0,22294.0,17100.0,1857919,8368186,1857842,8366473,ASHL,AVBL,ASH,AVB
1632,8453041,55641.0,33415.0,12240.0,1857919,8367904,1857842,8366207,ASHL,AVBL,ASH,AVB
1633,8453044,55193.0,33251.0,12390.0,1857919,8367899,1857771,8363927,ASHL,AIZL,ASH,AIZ
1634,8453044,55193.0,33251.0,12390.0,1857919,8367899,1857842,8366202,ASHL,AVBL,ASH,AVB
1635,8453030,43706.0,26260.0,15840.0,1857919,8368110,1855337,8306249,ASHL,AIBL,ASH,AIB
1636,8453030,43706.0,26260.0,15840.0,1857919,8368110,1858005,8371383,ASHL,AVDR,ASH,AVD
1637,8453003,38072.0,16364.0,8220.0,1857919,8368480,1858683,8386507,ASHL,AWAL,ASH,AWA
1638,8453003,38072.0,16364.0,8220.0,1857919,8368480,1856878,8339280,ASHL,AIAR,ASH,AIA
1639,8453003,38072.0,16364.0,8220.0,1857919,8368480,1857965,8369946,ASHL,AWBL,ASH,AWB
1640,8453012,41178.0,21504.0,17190.0,1857919,8368184,1857965,8369653,ASHL,AWBL,ASH,AWB
1641,8453012,41178.0,21504.0,17190.0,1857919,8368184,1858840,8389812,ASHL,URXL,ASH,URX
1642,8453012,41178.0,21504.0,17190.0,1857919,8368184,1858448,8381541,ASHL,AIAL,ASH,AIA
1643,8453004,38728.0,17470.0,12810.0,1857919,8368330,1858541,8383809,ASHL,HSNL,ASH,HSN
1644,8453004,38728.0,17470.0,12810.0,1857919,8368330,1854436,8282435,ASHL,HSNR,ASH,HSN
1645,8453042,53085.0,32483.0,12840.0,1857919,8367937,1858348,8379259,ASHL,RMGL,ASH,RMG
1646,8453042,53085.0,32483.0,12840.0,1857919,8367937,1858448,8381261,ASHL,AIAL,ASH,AIA
1647,8453011,40118.0,20614.0,16140.0,1857919,8368485,1856963,8340937,ASHL,AVEL,ASH,AVE
1648,8453011,40118.0,20614.0,16140.0,1857919,8368485,1858348,8380275,ASHL,RMGL,ASH,RMG
1649,8453040,46953.0,29841.0,12690.0,1857919,8368000,1857732,8363546,ASHL,AVHR,ASH,AVH
1650,8453040,46953.0,29841.0,12690.0,1857919,8368000,1859108,8395108,ASHL,RIAL,ASH,RIA
1651,8453040,46953.0,29841.0,12690.0,1857919,8368000,1857657,8360794,ASHL,SMBVL,ASH,SMBV
1652,8453010,40230.0,20698.0,16230.0,1857919,8368482,1856963,8340955,ASHL,AVEL,ASH,AVE
1653,8453010,40230.0,20698.0,16230.0,1857919,8368482,1858348,8380278,ASHL,RMGL,ASH,RMG
1654,8453010,40230.0,20698.0,16230.0,1857919,8368482,1858840,8389693,ASHL,URXL,ASH,URX
1655,8453019,42446.0,24142.0,16650.0,1857919,8368140,1858005,8371336,ASHL,AVDR,ASH,AVD
1656,8453019,42446.0,24142.0,16650.0,1857919,8368140,1855391,8307641,ASHL,AVAL,ASH,AVA
1657,8453019,42446.0,24142.0,16650.0,1857919,8368140,1854680,8289124,ASHL,ADLL,ASH,ADL
1658,8453028,42607.0,24542.0,16260.0,1857919,8368127,1858005,8289136,ASHL,AVDR,ASH,AVD
1659,8453028,42607.0,24542.0,16260.0,1857919,8368127,1855391,8307680,ASHL,AVAL,ASH,AVA
1660,8453028,42607.0,24542.0,16260.0,1857919,8368127,1858005,8371325,ASHL,AVDR,ASH,AVD
1661,8453126,51394.0,32888.0,9270.0,1854304,8278327,1857495,8355649,ASHR,RIAR,ASH,RIA
1662,8453126,51394.0,32888.0,9270.0,1854304,8278327,1853861,8266537,ASHR,RIMR,ASH,RIM
1663,8453126,51394.0,32888.0,9270.0,1854304,8278327,1859704,8410812,ASHR,ADFR,ASH,ADF
1664,8471979,38064.0,16512.0,8040.0,1854304,8278695,1856878,8339274,ASHR,AIAR,ASH,AIA
1665,8471979,38064.0,16512.0,8040.0,1854304,8278695,1859684,8410660,ASHR,AWAR,ASH,AWA
1666,8471979,38064.0,16512.0,8040.0,1854304,8278695,1858448,8381845,ASHR,AIAL,ASH,AIA
1667,8453101,39646.0,24497.0,3840.0,1854304,8278523,1856878,8339042,ASHR,AIAR,ASH,AIA
1668,8453101,39646.0,24497.0,3840.0,1854304,8278523,1859605,8409036,ASHR,AWBR,ASH,AWB
1669,8453101,39646.0,24497.0,3840.0,1854304,8278523,1855470,8310152,ASHR,AIMR,ASH,AIM
1670,8471988,43130.0,29036.0,5850.0,1854304,8278445,1854363,8280632,ASHR,AVDL,ASH,AVD
1671,8471988,43130.0,29036.0,5850.0,1854304,8278445,1856878,8338949,ASHR,AIAR,ASH,AIA
1672,8453071,42362.0,28079.0,5460.0,1854304,8278464,1856878,8338962,ASHR,AIAR,ASH,AIA
1673,8453071,42362.0,28079.0,5460.0,1854304,8278464,1854363,8280605,ASHR,AVDL,ASH,AVD
1674,8453071,42362.0,28079.0,5460.0,1854304,8278464,1854363,8280645,ASHR,AVDL,ASH,AVD
1675,8453131,53506.0,33512.0,8880.0,1854304,8278308,1856878,8338836,ASHR,AIAR,ASH,AIA
1676,8453131,53506.0,33512.0,8880.0,1854304,8278308,1854436,8281835,ASHR,HSNR,ASH,HSN
1677,8416271,48220.0,32178.0,7800.0,1854304,8278380,1856878,8338876,ASHR,AIAR,ASH,AIA
1678,8416271,48220.0,32178.0,7800.0,1854304,8278380,1857256,8347943,ASHR,AIBR,ASH,AIB
1679,8453113,43878.0,29764.0,6210.0,1854304,8278433,1856878,8338937,ASHR,AIAR,ASH,AIA
1680,8453113,43878.0,29764.0,6210.0,1854304,8278433,1857256,8347996,ASHR,AIBR,ASH,AIB
1681,8453116,44202.0,30036.0,6330.0,1854304,8278429,1856878,8338933,ASHR,AIAR,ASH,AIA
1682,8453116,44202.0,30036.0,6330.0,1854304,8278429,1857256,8347992,ASHR,AIBR,ASH,AIB
1683,8453117,46510.0,31422.0,7020.0,1854304,8278406,1856878,8338910,ASHR,AIAR,ASH,AIA
1684,8453117,46510.0,31422.0,7020.0,1854304,8278406,1857256,8347969,ASHR,AIBR,ASH,AIB
1685,8453119,46882.0,31490.0,7140.0,1854304,8278402,1856878,8338906,ASHR,AIAR,ASH,AIA
1686,8453119,46882.0,31490.0,7140.0,1854304,8278402,1857256,8347965,ASHR,AIBR,ASH,AIB
1687,8453121,47194.0,31582.0,7290.0,1854304,8278397,1857256,8347960,ASHR,AIBR,ASH,AIB
1688,8453121,47194.0,31582.0,7290.0,1854304,8278397,1856878,8338901,ASHR,AIAR,ASH,AIA
1689,8453123,47654.0,31866.0,7530.0,1854304,8278389,1857256,8347952,ASHR,AIBR,ASH,AIB
1690,8453123,47654.0,31866.0,7530.0,1854304,8278389,1856878,8338885,ASHR,AIAR,ASH,AIA
1691,8453128,55144.0,33616.0,9720.0,1854304,8278279,1854405,8281656,ASHR,AVJL,ASH,AVJ
1692,8453128,55144.0,33616.0,9720.0,1854304,8278279,1855030,8298177,ASHR,AIYR,ASH,AIY
1693,8471984,40934.0,26759.0,5370.0,1854304,8278467,1855391,8319668,ASHR,AVAL,ASH,AVA
1694,8471984,40934.0,26759.0,5370.0,1854304,8278467,1854363,8280588,ASHR,AVDL,ASH,AVD
1695,8471986,41250.0,27295.0,5820.0,1854304,8278450,1852778,8243853,ASHR,AVAR,ASH,AVA
1696,8471986,41250.0,27295.0,5820.0,1854304,8278450,1855712,8316276,ASHR,ADAR,ASH,ADA
1697,8471986,41250.0,27295.0,5820.0,1854304,8278450,1859476,8405944,ASHR,ADLR,ASH,ADL
1698,8471982,40662.0,26055.0,4800.0,1854304,8278492,1859476,8405766,ASHR,ADLR,ASH,ADL
1699,8471982,40662.0,26055.0,4800.0,1854304,8278492,1852778,8243797,ASHR,AVAR,ASH,AVA
1700,8471985,41598.0,27391.0,5760.0,1854304,8278454,1852778,8243913,ASHR,AVAR,ASH,AVA
1701,8471985,41598.0,27391.0,5760.0,1854304,8278454,1852778,8243850,ASHR,AVAR,ASH,AVA
1702,8471985,41598.0,27391.0,5760.0,1854304,8278454,1854363,8280598,ASHR,AVDL,ASH,AVD
1703,8453057,40030.0,25355.0,4650.0,1854304,8278497,1852778,8243792,ASHR,AVAR,ASH,AVA
1704,8453057,40030.0,25355.0,4650.0,1854304,8278497,1854528,8284082,ASHR,AVBR,ASH,AVB
1705,8453061,40914.0,26335.0,5370.0,1854304,8278467,1854528,8284058,ASHR,AVBR,ASH,AVB
1706,8453061,40914.0,26335.0,5370.0,1854304,8278467,1852778,8243816,ASHR,AVAR,ASH,AVA
1707,8453064,40938.0,26347.0,5430.0,1854304,8278465,1852778,8243823,ASHR,AVAR,ASH,AVA
1708,8453064,40938.0,26347.0,5430.0,1854304,8278465,1854528,8284056,ASHR,AVBR,ASH,AVB
1709,8453134,37390.0,20113.0,4440.0,1854304,8278575,1854528,8284149,ASHR,AVBR,ASH,AVB
1710,8453134,37390.0,20113.0,4440.0,1854304,8278575,1852778,8242753,ASHR,AVAR,ASH,AVA
1711,8471981,39006.0,24292.0,3990.0,1854304,8278518,1854528,8284103,ASHR,AVBR,ASH,AVB
1712,8471981,39006.0,24292.0,3990.0,1854304,8278518,1852778,8243767,ASHR,AVAR,ASH,AVA
1713,8453063,40806.0,26571.0,5370.0,1854304,8278467,1855391,8319668,ASHR,AVAL,ASH,AVA
1714,8453063,40806.0,26571.0,5370.0,1854304,8278467,1854363,8280586,ASHR,AVDL,ASH,AVD
1715,8453063,40806.0,26571.0,5370.0,1854304,8278467,1854528,8284052,ASHR,AVBR,ASH,AVB
1716,8453063,40806.0,26571.0,5370.0,1854304,8278467,1852778,8243816,ASHR,AVAR,ASH,AVA
1717,8416476,37470.0,19876.0,4680.0,1854304,8278583,1858005,8370842,ASHR,AVDR,ASH,AVD
1718,8416476,37470.0,19876.0,4680.0,1854304,8278583,1854528,8284157,ASHR,AVBR,ASH,AVB
1719,8416476,37470.0,19876.0,4680.0,1854304,8278583,1852778,8242761,ASHR,AVAR,ASH,AVA
1720,8453052,37392.0,19464.0,4800.0,1854304,8278587,1854528,8284161,ASHR,AVBR,ASH,AVB
1721,8453052,37392.0,19464.0,4800.0,1854304,8278587,1852778,8242764,ASHR,AVAR,ASH,AVA
1722,8453052,37392.0,19464.0,4800.0,1854304,8278587,1858005,8370838,ASHR,AVDR,ASH,AVD
1723,8453052,37392.0,19464.0,4800.0,1854304,8278587,1857126,8345113,ASHR,PVCL,ASH,PVC
1724,8453055,38515.0,23298.0,3780.0,1854304,8278531,1855712,8316444,ASHR,ADAR,ASH,ADA
1725,8453055,38515.0,23298.0,3780.0,1854304,8278531,1852778,8243759,ASHR,AVAR,ASH,AVA
1726,8453055,38515.0,23298.0,3780.0,1854304,8278531,1854528,8284110,ASHR,AVBR,ASH,AVB
1727,8453055,38515.0,23298.0,3780.0,1854304,8278531,1854322,8278924,ASHR,AVER,ASH,AVE
1728,8453065,41490.0,27199.0,5490.0,1854304,8278463,1854363,8280603,ASHR,AVDL,ASH,AVD
1729,8453065,41490.0,27199.0,5490.0,1854304,8278463,1852778,8243841,ASHR,AVAR,ASH,AVA
1730,8471990,41814.0,27660.0,5850.0,1854304,8278446,1852778,8243915,ASHR,AVAR,ASH,AVA
1731,8471990,41814.0,27660.0,5850.0,1854304,8278446,1854363,8280631,ASHR,AVDL,ASH,AVD
1732,8453097,41902.0,27743.0,5760.0,1854304,8278454,1852778,8243913,ASHR,AVAR,ASH,AVA
1733,8453097,41902.0,27743.0,5760.0,1854304,8278454,1859476,8405928,ASHR,ADLR,ASH,ADL
1734,8453097,41902.0,27743.0,5760.0,1854304,8278454,1854363,8280635,ASHR,AVDL,ASH,AVD
1735,8453059,40066.0,25524.0,4530.0,1854304,8278501,1859546,8407762,ASHR,AVHL,ASH,AVH
1736,8453059,40066.0,25524.0,4530.0,1854304,8278501,1852778,8243784,ASHR,AVAR,ASH,AVA
1737,8471987,38767.0,24136.0,3810.0,1854304,8278530,1852778,8243761,ASHR,AVAR,ASH,AVA
1738,8471987,38767.0,24136.0,3810.0,1854304,8278530,1859546,8407740,ASHR,AVHL,ASH,AVH
1739,8471980,37630.0,19994.0,4620.0,1854304,8278581,1858005,8370842,ASHR,AVDR,ASH,AVD
1740,8471980,37630.0,19994.0,4620.0,1854304,8278581,1854528,8284155,ASHR,AVBR,ASH,AVB
1741,8453054,38455.0,22954.0,3750.0,1854304,8278532,1854528,8284112,ASHR,AVBR,ASH,AVB
1742,8453054,38455.0,22954.0,3750.0,1854304,8278532,1854322,8278925,ASHR,AVER,ASH,AVE
1743,8453054,38455.0,22954.0,3750.0,1854304,8278532,1854875,8294482,ASHR,RMGR,ASH,RMG
1744,8453109,43274.0,29276.0,5940.0,1854304,8278442,1859476,8405819,ASHR,ADLR,ASH,ADL
1745,8453109,43274.0,29276.0,5940.0,1854304,8278442,1854363,8280649,ASHR,AVDL,ASH,AVD
1746,8453050,37662.0,17838.0,6180.0,1854304,8278634,1854436,8282218,ASHR,HSNR,ASH,HSN
1747,8453050,37662.0,17838.0,6180.0,1854304,8278634,1858541,8384026,ASHR,HSNL,ASH,HSN
1748,8453051,37428.0,19248.0,4890.0,1854304,8278590,1857126,8345110,ASHR,PVCL,ASH,PVC
1749,8453159,49902.0,32256.0,13260.0,1854662,8288108,1855337,8306090,ASIL,AIBL,ASI,AIB
1750,8453159,49902.0,32256.0,13260.0,1854662,8288108,1858448,8381332,ASIL,AIAL,ASI,AIA
1751,8453158,49558.0,31836.0,13770.0,1854662,8288125,1858448,8381871,ASIL,AIAL,ASI,AIA
1752,8453158,49558.0,31836.0,13770.0,1854662,8288125,1858666,8385643,ASIL,ASGL,ASI,ASG
1753,8453161,51661.0,32523.0,12870.0,1854662,8288069,1855337,8306112,ASIL,AIBL,ASI,AIB
1754,8453161,51661.0,32523.0,12870.0,1854662,8288069,1857919,8367951,ASIL,ASHL,ASI,ASH
1755,8453160,53626.0,33444.0,13650.0,1854662,8288036,1855337,8306064,ASIL,AIBL,ASI,AIB
1756,8453160,53626.0,33444.0,13650.0,1854662,8288036,1858701,8386612,ASIL,ASKL,ASI,ASK
1757,8453141,38654.0,15734.0,7140.0,1854662,8288690,1856878,8339244,ASIL,AIAR,ASI,AIA
1758,8453141,38654.0,15734.0,7140.0,1854662,8288690,1857256,8348279,ASIL,AIBR,ASI,AIB
1759,8453143,38572.0,15684.0,7290.0,1854662,8288685,1858237,8376509,ASIL,AWCL,ASI,AWC
1760,8453143,38572.0,15684.0,7290.0,1854662,8288685,1857256,8348284,ASIL,AIBR,ASI,AIB
1761,8453143,38572.0,15684.0,7290.0,1854662,8288685,1856878,8339249,ASIL,AIAR,ASI,AIA
1762,8453163,46272.0,29504.0,15780.0,1854662,8288194,1881254,8453164,ASIL,CEPshVL,ASI,CEPshV
1763,8453163,46272.0,29504.0,15780.0,1854662,8288194,1858666,8385733,ASIL,ASGL,ASI,ASG
1764,8453150,43258.0,23484.0,18630.0,1854662,8288731,1858237,8376142,ASIL,AWCL,ASI,AWC
1765,8453150,43258.0,23484.0,18630.0,1854662,8288731,1855226,8303820,ASIL,ASER,ASI,ASE
1766,8453153,43782.0,26236.0,16590.0,1854662,8288240,1858666,8385780,ASIL,ASGL,ASI,ASG
1767,8453153,43782.0,26236.0,16590.0,1854662,8288240,1858237,8376078,ASIL,AWCL,ASI,AWC
1768,8471992,46426.0,29520.0,15360.0,1854662,8288180,1858666,8385719,ASIL,ASGL,ASI,ASG
1769,8471992,46426.0,29520.0,15360.0,1854662,8288180,1858237,8376026,ASIL,AWCL,ASI,AWC
1770,8453147,39618.0,16820.0,14490.0,1854662,8288447,1858237,8376271,ASIL,AWCL,ASI,AWC
1771,8453147,39618.0,16820.0,14490.0,1854662,8288447,1855002,8297673,ASIL,AWCR,ASI,AWC
1772,8453156,46730.0,30100.0,15090.0,1854662,8288171,1855002,8297915,ASIL,AWCR,ASI,AWC
1773,8453156,46730.0,30100.0,15090.0,1854662,8288171,1858237,8376017,ASIL,AWCL,ASI,AWC
1774,8453165,43274.0,22326.0,17970.0,1854662,8288323,1858237,8376146,ASIL,AWCL,ASI,AWC
1775,8453165,43274.0,22326.0,17970.0,1854662,8288323,1855002,8297791,ASIL,AWCR,ASI,AWC
1776,8471991,39012.0,14906.0,9600.0,1854662,8288608,1855002,8297512,ASIL,AWCR,ASI,AWC
1777,8471991,39012.0,14906.0,9600.0,1854662,8288608,1858237,8376432,ASIL,AWCL,ASI,AWC
1778,8453146,39092.0,15515.0,11130.0,1854662,8288559,1855337,8306546,ASIL,AIBL,ASI,AIB
1779,8453146,39092.0,15515.0,11130.0,1854662,8288559,1858237,8376383,ASIL,AWCL,ASI,AWC
1780,8453146,39092.0,15515.0,11130.0,1854662,8288559,1858448,8381744,ASIL,AIAL,ASI,AIA
1781,8453146,39092.0,15515.0,11130.0,1854662,8288559,1855002,8297561,ASIL,AWCR,ASI,AWC
1782,8453157,48294.0,31320.0,14460.0,1854662,8288148,1856583,8335657,ASIL,CEPshVL,ASI,CEPshV
1783,8453157,48294.0,31320.0,14460.0,1854662,8288148,1858237,8375985,ASIL,AWCL,ASI,AWC
1784,8453151,43098.0,21804.0,18000.0,1854662,8288322,1855002,8298024,ASIL,AWCR,ASI,AWC
1785,8453154,44682.0,27812.0,16020.0,1854662,8288221,1856586,8335658,ASIL,CEPshVL,ASI,CEPshV
1786,8453154,44682.0,27812.0,16020.0,1854662,8288221,1859449,8404932,ASIL,CEPVL,ASI,CEPV
1787,8453154,44682.0,27812.0,16020.0,1854662,8288221,1855002,8297882,ASIL,AWCR,ASI,AWC
1788,8453148,43494.0,22656.0,18210.0,1854662,8288315,1855002,8297800,ASIL,AWCR,ASI,AWC
1789,8453148,43494.0,22656.0,18210.0,1854662,8288315,1856592,8335660,ASIL,CEPshDL,ASI,CEPshD
1790,8453152,43890.0,25092.0,17400.0,1854662,8288265,1856589,8335659,ASIL,CEPshDL,ASI,CEPshD
1791,8453152,43890.0,25092.0,17400.0,1854662,8288265,1858666,8385805,ASIL,ASGL,ASI,ASG
1792,8453226,49826.0,33460.0,9120.0,1854018,8271257,1857256,8347886,ASIR,AIBR,ASI,AIB
1793,8453226,49826.0,33460.0,9120.0,1854018,8271257,1856878,8339331,ASIR,AIAR,ASI,AIA
1794,8453223,49725.1,33262.6,8880.0,1854018,8271266,1857256,8347905,ASIR,AIBR,ASI,AIB
1795,8453223,49725.1,33262.6,8880.0,1854018,8271266,1855030,8298326,ASIR,AIYR,ASI,AIY
1796,8453223,49725.1,33262.6,8880.0,1854018,8271266,1856878,8339317,ASIR,AIAR,ASI,AIA
1797,8453174,38304.0,16468.0,5760.0,1854018,8271641,1857256,8348233,ASIR,AIBR,ASI,AIB
1798,8453174,38304.0,16468.0,5760.0,1854018,8271641,1856878,8339198,ASIR,AIAR,ASI,AIA
1799,8453174,38304.0,16468.0,5760.0,1854018,8271641,1858237,8376560,ASIR,AWCL,ASI,AWC
1800,8453184,41626.0,26081.0,3090.0,1854018,8271467,1856571,8335653,ASIR,CEPshVR,ASI,CEPshV
1801,8453184,41626.0,26081.0,3090.0,1854018,8271467,1856878,8339302,ASIR,AIAR,ASI,AIA
1802,8453230,53624.0,34284.0,9600.0,1854018,8271209,1857256,8347839,ASIR,AIBR,ASI,AIB
1803,8453197,42342.0,28319.0,4740.0,1854018,8271413,1857256,8348045,ASIR,AIBR,ASI,AIB
1804,8453197,42342.0,28319.0,4740.0,1854018,8271413,1854289,8278140,ASIR,ASGR,ASI,ASG
1805,8471993,42162.0,28131.0,4560.0,1854018,8271419,1857256,8348051,ASIR,AIBR,ASI,AIB
1806,8471993,42162.0,28131.0,4560.0,1854018,8271419,1854289,8278146,ASIR,ASGR,ASI,ASG
1807,8453228,53768.0,34120.0,9690.0,1854018,8271216,1859605,8408750,ASIR,AWBR,ASI,AWB
1808,8453228,53768.0,34120.0,9690.0,1854018,8271216,1859684,8410205,ASIR,AWAR,ASI,AWA
1809,8453206,44896.0,31742.0,6420.0,1854018,8271357,1856562,8335650,ASIR,CEPshVR,ASI,CEPshV
1810,8453206,44896.0,31742.0,6420.0,1854018,8271357,1858237,8376811,ASIR,AWCL,ASI,AWC
1811,8416270,47800.0,32750.0,7770.0,1854018,8271309,1856878,8338877,ASIR,AIAR,ASI,AIA
1812,8416270,47800.0,32750.0,7770.0,1854018,8271309,1855002,8297076,ASIR,AWCR,ASI,AWC
1813,8453211,40260.0,23548.0,3180.0,1854018,8271498,1855002,8297241,ASIR,AWCR,ASI,AWC
1814,8453211,40260.0,23548.0,3180.0,1854018,8271498,1856878,8339072,ASIR,AIAR,ASI,AIA
1815,8453211,40260.0,23548.0,3180.0,1854018,8271498,1857256,8348128,ASIR,AIBR,ASI,AIB
1816,8453218,49450.0,33280.0,8880.0,1854018,8271266,1855002,8297042,ASIR,AWCR,ASI,AWC
1817,8453218,49450.0,33280.0,8880.0,1854018,8271266,1855030,8298326,ASIR,AIYR,ASI,AIY
1818,8416613,44924.0,31520.0,6540.0,1854018,8271353,1855002,8297117,ASIR,AWCR,ASI,AWC
1819,8416613,44924.0,31520.0,6540.0,1854018,8271353,1858237,8376815,ASIR,AWCL,ASI,AWC
1820,8453187,41590.0,26899.0,3330.0,1854018,8271459,1858237,8376709,ASIR,AWCL,ASI,AWC
1821,8453187,41590.0,26899.0,3330.0,1854018,8271459,1855002,8297224,ASIR,AWCR,ASI,AWC
1822,8453180,40560.0,24392.0,2880.0,1854018,8271487,1855002,8297256,ASIR,AWCR,ASI,AWC
1823,8453180,40560.0,24392.0,2880.0,1854018,8271487,1856574,8335654,ASIR,CEPshVR,ASI,CEPshV
1824,8453189,41898.0,27147.0,3720.0,1854018,8271446,1856568,8335652,ASIR,CEPshVR,ASI,CEPshV
1825,8453201,42834.0,29659.0,5070.0,1854018,8271402,1856565,8335651,ASIR,CEPshVR,ASI,CEPshV
1826,8453215,47586.0,32900.0,8190.0,1854018,8271295,1853845,8265960,ASIR,AFDR,ASI,AFD
1827,8453215,47586.0,32900.0,8190.0,1854018,8271295,1856559,8335649,ASIR,CEPshVR,ASI,CEPshV
1828,8453209,45764.0,32082.0,6420.0,1854018,8271357,1856562,8335650,ASIR,CEPshVR,ASI,CEPshV
1829,8453209,45764.0,32082.0,6420.0,1854018,8271357,1854289,8278076,ASIR,ASGR,ASI,ASG
1830,8453176,37618.0,18781.0,3270.0,1854018,8271559,1856580,8335656,ASIR,CEPshDR,ASI,CEPshD
1831,8453176,37618.0,18781.0,3270.0,1854018,8271559,1856577,8335655,ASIR,CEPshVR,ASI,CEPshV
1832,8453244,39706.0,16660.0,9450.0,1859757,8412691,1858476,8382598,ASJL,PVQL,ASJ,PVQ
1833,8453246,40154.0,18560.0,14220.0,1859757,8412534,1858476,8382441,ASJL,PVQL,ASJ,PVQ
1834,8453248,42954.0,22244.0,16110.0,1859757,8412454,1858476,8382367,ASJL,PVQL,ASJ,PVQ
1835,8453250,43066.0,22616.0,16380.0,1859757,8412445,1858476,8382358,ASJL,PVQL,ASJ,PVQ
1836,8453257,43546.0,23420.0,16650.0,1859757,8412764,1858476,8382312,ASJL,PVQL,ASJ,PVQ
1837,8453271,47494.0,29216.0,14550.0,1859757,8412367,1858476,8382231,ASJL,PVQL,ASJ,PVQ
1838,8453274,47498.0,29160.0,14640.0,1859757,8412364,1858476,8382234,ASJL,PVQL,ASJ,PVQ
1839,8453276,44358.0,26676.0,15750.0,1859757,8412414,1858476,8382277,ASJL,PVQL,ASJ,PVQ
1840,8453283,50122.0,30852.0,13890.0,1859757,8412327,1858476,8382182,ASJL,PVQL,ASJ,PVQ
1841,8453247,41714.0,20560.0,15600.0,1859757,8412485,1854505,8283405,ASJL,ALA,ASJ,ALA
1842,8453247,41714.0,20560.0,15600.0,1859757,8412485,1858476,8382620,ASJL,PVQL,ASJ,PVQ
1843,8453242,39568.0,16576.0,8970.0,1859757,8412707,1858701,8387096,ASJL,ASKL,ASJ,ASK
1844,8453242,39568.0,16576.0,8970.0,1859757,8412707,1858476,8382614,ASJL,PVQL,ASJ,PVQ
1845,8453281,49094.0,30116.0,14160.0,1859757,8412336,1858701,8386701,ASJL,ASKL,ASJ,ASK
1846,8453281,49094.0,30116.0,14160.0,1859757,8412336,1858476,8382202,ASJL,PVQL,ASJ,PVQ
1847,8471995,43622.0,23252.0,16710.0,1859757,8412766,1858701,8386801,ASJL,ASKL,ASJ,ASK
1848,8471995,43622.0,23252.0,16710.0,1859757,8412766,1858476,8382327,ASJL,PVQL,ASJ,PVQ
1849,8453277,44770.0,27200.0,15390.0,1859757,8412402,1858701,8386747,ASJL,ASKL,ASJ,ASK
1850,8453277,44770.0,27200.0,15390.0,1859757,8412402,1858448,8381416,ASJL,AIAL,ASJ,AIA
1851,8453277,44770.0,27200.0,15390.0,1859757,8412402,1858476,8382264,ASJL,PVQL,ASJ,PVQ
1852,8453303,53964.0,34450.0,9240.0,1855929,8319755,1859584,8408201,ASJR,ASKR,ASJ,ASK
1853,8453303,53964.0,34450.0,9240.0,1855929,8319755,1856861,8338674,ASJR,AINR,ASJ,AIN
1854,8453288,38962.0,17526.0,6900.0,1855929,8320132,1854478,8283124,ASJR,PVQR,ASJ,PVQ
1855,8453293,42166.0,25287.0,4590.0,1855929,8319971,1854478,8282940,ASJR,PVQR,ASJ,PVQ
1856,8453297,46046.0,31212.0,5970.0,1855929,8319878,1854478,8282834,ASJR,PVQR,ASJ,PVQ
1857,8453298,46486.0,31364.0,6030.0,1855929,8319876,1854478,8282831,ASJR,PVQR,ASJ,PVQ
1858,8453299,46810.0,31560.0,6090.0,1855929,8319874,1854478,8282829,ASJR,PVQR,ASJ,PVQ
1859,8453300,46922.0,31680.0,6180.0,1855929,8319871,1854478,8282826,ASJR,PVQR,ASJ,PVQ
1860,8453301,49238.0,32388.0,6840.0,1855929,8319846,1854478,8282795,ASJR,PVQR,ASJ,PVQ
1861,8453302,49422.0,32518.0,7050.0,1855929,8319839,1854478,8282788,ASJR,PVQR,ASJ,PVQ
1862,8453292,40658.0,23265.0,4230.0,1855929,8319999,1854505,8283649,ASJR,ALA,ASJ,ALA
1863,8453292,40658.0,23265.0,4230.0,1855929,8319999,1854478,8282986,ASJR,PVQR,ASJ,PVQ
1864,8416595,37892.0,18402.0,5100.0,1855929,8320072,1859584,8408540,ASJR,ASKR,ASJ,ASK
1865,8416595,37892.0,18402.0,5100.0,1855929,8320072,1854478,8283064,ASJR,PVQR,ASJ,PVQ
1866,8453291,38530.0,20169.0,3960.0,1855929,8320035,1859584,8408503,ASJR,ASKR,ASJ,ASK
1867,8453291,38530.0,20169.0,3960.0,1855929,8320035,1854478,8283027,ASJR,PVQR,ASJ,PVQ
1868,8453294,43970.0,29515.0,5700.0,1855929,8319904,1854478,8282903,ASJR,PVQR,ASJ,PVQ
1869,8453294,43970.0,29515.0,5700.0,1855929,8319904,1859584,8408349,ASJR,ASKR,ASJ,ASK
1870,8453295,44970.0,30256.0,5730.0,1855929,8319891,1856556,8335648,ASJR,CEPshVR,ASJ,CEPshV
1871,8453295,44970.0,30256.0,5730.0,1855929,8319891,1854478,8282846,ASJR,PVQR,ASJ,PVQ
1872,8416199,43752.0,22892.0,17310.0,1858701,8387145,1858448,8381488,ASKL,AIAL,ASK,AIA
1873,8453362,39240.0,16020.0,8580.0,1858701,8387109,1858448,8381827,ASKL,AIAL,ASK,AIA
1874,8453363,39388.0,15876.0,8790.0,1858701,8387102,1858448,8381820,ASKL,AIAL,ASK,AIA
1875,8453364,39542.0,15772.0,9240.0,1858701,8387087,1858448,8381805,ASKL,AIAL,ASK,AIA
1876,8453365,39628.0,15830.0,9480.0,1858701,8387079,1858448,8381797,ASKL,AIAL,ASK,AIA
1877,8453369,43862.0,23320.0,17370.0,1858701,8387147,1858448,8381486,ASKL,AIAL,ASK,AIA
1878,8453370,43782.0,23592.0,17280.0,1858701,8387144,1858448,8381477,ASKL,AIAL,ASK,AIA
1879,8453373,43810.0,25408.0,16560.0,1858701,8386786,1858448,8381455,ASKL,AIAL,ASK,AIA
1880,8453377,46790.0,28932.0,15000.0,1858701,8386733,1858448,8381403,ASKL,AIAL,ASK,AIA
1881,8453378,46478.0,28616.0,14880.0,1858701,8386729,1858448,8381399,ASKL,AIAL,ASK,AIA
1882,8453379,48546.0,29992.0,14160.0,1858701,8386701,1858448,8381369,ASKL,AIAL,ASK,AIA
1883,8453380,48022.0,29816.0,14130.0,1858701,8386700,1858448,8381368,ASKL,AIAL,ASK,AIA
1884,8453381,47894.0,29756.0,14100.0,1858701,8386699,1858448,8381367,ASKL,AIAL,ASK,AIA
1885,8453383,48334.0,29844.0,13980.0,1858701,8386695,1858448,8381363,ASKL,AIAL,ASK,AIA
1886,8453384,50514.0,31132.0,13470.0,1858701,8386668,1858448,8381346,ASKL,AIAL,ASK,AIA
1887,8453389,48616.0,29982.0,13860.0,1858701,8386684,1858448,8381359,ASKL,AIAL,ASK,AIA
1888,8471712,44044.0,23812.0,17340.0,1858701,8387146,1858448,8381479,ASKL,AIAL,ASK,AIA
1889,8453371,43538.0,23720.0,17190.0,1858701,8387141,1858448,8381474,ASKL,AIAL,ASK,AIA
1890,8453371,43538.0,23720.0,17190.0,1858701,8387141,1859368,8403308,ASKL,ADAL,ASK,ADA
1891,8453374,43806.0,25632.0,16440.0,1858701,8386782,1855337,8306269,ASKL,AIBL,ASK,AIB
1892,8453374,43806.0,25632.0,16440.0,1858701,8386782,1858448,8381451,ASKL,AIAL,ASK,AIA
1893,8453388,43946.0,26162.0,16260.0,1858701,8386776,1855337,8306263,ASKL,AIBL,ASK,AIB
1894,8453388,43946.0,26162.0,16260.0,1858701,8386776,1858666,8385769,ASKL,ASGL,ASK,ASG
1895,8453388,43946.0,26162.0,16260.0,1858701,8386776,1858448,8381445,ASKL,AIAL,ASK,AIA
1896,8453372,43730.0,24240.0,16770.0,1858701,8386803,1858425,8381083,ASKL,AIML,ASK,AIM
1897,8453372,43730.0,24240.0,16770.0,1858701,8386803,1858448,8381462,ASKL,AIAL,ASK,AIA
1898,8453376,46466.0,28768.0,15090.0,1858701,8387156,1858425,8380597,ASKL,AIML,ASK,AIM
1899,8453376,46466.0,28768.0,15090.0,1858701,8387156,1858448,8381406,ASKL,AIAL,ASK,AIA
1900,8416210,44716.0,27408.0,15660.0,1858701,8386756,1858448,8381425,ASKL,AIAL,ASK,AIA
1901,8416210,44716.0,27408.0,15660.0,1858701,8386756,1854662,8288213,ASKL,ASIL,ASK,ASI
1902,8453366,39040.0,16247.0,11370.0,1858701,8387019,1855337,8306538,ASKL,AIBL,ASK,AIB
1903,8453366,39040.0,16247.0,11370.0,1858701,8387019,1857965,8369844,ASKL,AWBL,ASK,AWB
1904,8453366,39040.0,16247.0,11370.0,1858701,8387019,1858448,8381736,ASKL,AIAL,ASK,AIA
1905,8453375,45006.0,27632.0,15330.0,1858701,8386745,1858476,8382262,ASKL,PVQL,ASK,PVQ
1906,8453375,45006.0,27632.0,15330.0,1858701,8386745,1858448,8381414,ASKL,AIAL,ASK,AIA
1907,8453368,42070.0,20464.0,16380.0,1858701,8387129,1855337,8306371,ASKL,AIBL,ASK,AIB
1908,8453368,42070.0,20464.0,16380.0,1858701,8387129,1854680,8288813,ASKL,ADLL,ASK,ADL
1909,8453387,40126.0,17728.0,14220.0,1858701,8386924,1855337,8306443,ASKL,AIBL,ASK,AIB
1910,8453387,40126.0,17728.0,14220.0,1858701,8386924,1854680,8289233,ASKL,ADLL,ASK,ADL
1911,8453386,51834.0,32492.0,13260.0,1858701,8386629,1855337,8306090,ASKL,AIBL,ASK,AIB
1912,8453386,51834.0,32492.0,13260.0,1858701,8386629,1853997,8271093,ASKL,AINL,ASK,AIN
1913,8453367,40558.0,18416.0,14970.0,1858701,8386899,1856212,8327124,ASKL,SMDDR,ASK,SMDD
1914,8453367,40558.0,18416.0,14970.0,1858701,8386899,1854144,8275223,ASKL,SIBDR,ASK,SIBD
1915,8416473,41984.0,26571.0,4260.0,1859584,8408400,1856878,8339002,ASKR,AIAR,ASK,AIA
1916,8453306,38840.0,16172.0,7830.0,1859584,8408631,1856878,8339267,ASKR,AIAR,ASK,AIA
1917,8453307,39048.0,16296.0,7470.0,1859584,8408619,1856878,8339255,ASKR,AIAR,ASK,AIA
1918,8453315,41946.0,25893.0,3810.0,1859584,8408414,1856878,8339017,ASKR,AIAR,ASK,AIA
1919,8453316,42010.0,26285.0,3810.0,1859584,8408414,1856878,8339016,ASKR,AIAR,ASK,AIA
1920,8453318,42030.0,26537.0,3990.0,1859584,8408408,1856878,8339010,ASKR,AIAR,ASK,AIA
1921,8453319,41794.0,26389.0,4140.0,1859584,8408403,1856878,8339005,ASKR,AIAR,ASK,AIA
1922,8453335,45094.0,30560.0,6420.0,1859584,8408324,1856878,8338930,ASKR,AIAR,ASK,AIA
1923,8453346,48634.0,32274.0,7530.0,1859584,8408271,1856878,8338885,ASKR,AIAR,ASK,AIA
1924,8453347,48822.0,32210.0,7650.0,1859584,8408267,1856878,8338881,ASKR,AIAR,ASK,AIA
1925,8453348,52342.0,33340.0,8820.0,1859584,8408218,1856878,8339345,ASKR,AIAR,ASK,AIA
1926,8453349,52506.0,33512.0,8880.0,1859584,8408216,1856878,8339347,ASKR,AIAR,ASK,AIA
1927,8453361,45252.0,30702.0,6390.0,1859584,8408323,1856878,8338931,ASKR,AIAR,ASK,AIA
1928,8453309,37824.0,17588.0,5340.0,1859584,8408548,1856878,8339184,ASKR,AIAR,ASK,AIA
1929,8453309,37824.0,17588.0,5340.0,1859584,8408548,1859476,8405625,ASKR,ADLR,ASK,ADL
1930,8453305,38936.0,16196.0,8220.0,1859584,8408644,1858701,8387121,ASKR,ASKL,ASK,ASK
1931,8453305,38936.0,16196.0,8220.0,1859584,8408644,1856878,8339280,ASKR,AIAR,ASK,AIA
1932,8453305,38936.0,16196.0,8220.0,1859584,8408644,1858448,8381839,ASKR,AIAL,ASK,AIA
1933,8453308,37828.0,17484.0,5520.0,1859584,8408554,1856878,8339190,ASKR,AIAR,ASK,AIA
1934,8453308,37828.0,17484.0,5520.0,1859584,8408554,1857256,8348225,ASKR,AIBR,ASK,AIB
1935,8453317,41694.0,26141.0,4050.0,1859584,8408406,1857256,8348067,ASKR,AIBR,ASK,AIB
1936,8453317,41694.0,26141.0,4050.0,1859584,8408406,1856878,8339008,ASKR,AIAR,ASK,AIA
1937,8416468,43400.0,29323.0,5640.0,1859584,8408351,1855470,8310021,ASKR,AIMR,ASK,AIM
1938,8416468,43400.0,29323.0,5640.0,1859584,8408351,1856878,8338956,ASKR,AIAR,ASK,AIA
1939,8453320,42204.0,27429.0,4890.0,1859584,8408376,1856878,8338981,ASKR,AIAR,ASK,AIA
1940,8453320,42204.0,27429.0,4890.0,1859584,8408376,1855470,8310050,ASKR,AIMR,ASK,AIM
1941,8453323,42690.0,28285.0,5280.0,1859584,8408363,1855470,8310033,ASKR,AIMR,ASK,AIM
1942,8453323,42690.0,28285.0,5280.0,1859584,8408363,1856878,8338968,ASKR,AIAR,ASK,AIA
1943,8453324,44802.0,30368.0,6030.0,1859584,8408334,1856878,8338943,ASKR,AIAR,ASK,AIA
1944,8453324,44802.0,30368.0,6030.0,1859584,8408334,1855470,8310003,ASKR,AIMR,ASK,AIM
1945,8453326,44886.0,30564.0,6120.0,1859584,8408331,1855470,8310000,ASKR,AIMR,ASK,AIM
1946,8453326,44886.0,30564.0,6120.0,1859584,8408331,1856878,8338940,ASKR,AIAR,ASK,AIA
1947,15137587,45077.0,30739.0,6150.0,1859584,8408330,1855470,8309999,ASKR,AIMR,ASK,AIM
1948,15137587,45077.0,30739.0,6150.0,1859584,8408330,1856878,8338939,ASKR,AIAR,ASK,AIA
1949,8453327,45330.0,30870.0,6210.0,1859584,8408317,1856878,8338937,ASKR,AIAR,ASK,AIA
1950,8453327,45330.0,30870.0,6210.0,1859584,8408317,1855470,8309997,ASKR,AIMR,ASK,AIM
1951,8453339,46394.0,31578.0,6450.0,1859584,8408307,1855470,8309989,ASKR,AIMR,ASK,AIM
1952,8453339,46394.0,31578.0,6450.0,1859584,8408307,1856878,8338929,ASKR,AIAR,ASK,AIA
1953,8453342,47834.0,32110.0,7050.0,1859584,8408287,1856878,8338909,ASKR,AIAR,ASK,AIA
1954,8453342,47834.0,32110.0,7050.0,1859584,8408287,1855470,8309969,ASKR,AIMR,ASK,AIM
1955,8453356,42392.0,27837.0,5040.0,1859584,8408371,1855470,8310045,ASKR,AIMR,ASK,AIM
1956,8453356,42392.0,27837.0,5040.0,1859584,8408371,1856878,8338976,ASKR,AIAR,ASK,AIA
1957,8453357,45564.0,31060.0,6210.0,1859584,8408316,1856878,8338936,ASKR,AIAR,ASK,AIA
1958,8453357,45564.0,31060.0,6210.0,1859584,8408316,1855470,8309997,ASKR,AIMR,ASK,AIM
1959,8471996,47426.0,31966.0,6720.0,1859584,8408298,1856878,8338920,ASKR,AIAR,ASK,AIA
1960,8471996,47426.0,31966.0,6720.0,1859584,8408298,1855470,8309980,ASKR,AIMR,ASK,AIM
1961,8453333,45490.0,30772.0,6450.0,1859584,8408325,1858541,8384279,ASKR,HSNL,ASK,HSN
1962,8453333,45490.0,30772.0,6450.0,1859584,8408325,1856878,8338929,ASKR,AIAR,ASK,AIA
1963,8453310,38258.0,19459.0,3990.0,1859584,8408504,1859476,8405578,ASKR,ADLR,ASK,ADL
1964,8453310,38258.0,19459.0,3990.0,1859584,8408504,1857256,8348175,ASKR,AIBR,ASK,AIB
1965,8453311,39958.0,22549.0,3390.0,1859584,8408464,1855226,8303290,ASKR,ASER,ASK,ASE
1966,8453311,39958.0,22549.0,3390.0,1859584,8408464,1857256,8348123,ASKR,AIBR,ASK,AIB
1967,8453312,40098.0,22605.0,3420.0,1859584,8408463,1857256,8348123,ASKR,AIBR,ASK,AIB
1968,8453312,40098.0,22605.0,3420.0,1859584,8408463,1855226,8303286,ASKR,ASER,ASK,ASE
1969,8453313,40818.0,24041.0,3900.0,1859584,8408446,1857256,8348110,ASKR,AIBR,ASK,AIB
1970,8453313,40818.0,24041.0,3900.0,1859584,8408446,1858313,8379066,ASKR,AVFL,ASK,AVF
1971,8453337,45050.0,30348.0,6300.0,1859584,8408320,1858125,8373955,ASKR,AVFR,ASK,AVF
1972,8453337,45050.0,30348.0,6300.0,1859584,8408320,1858541,8384237,ASKR,HSNL,ASK,HSN
1973,8453322,42378.0,27801.0,5220.0,1859584,8408365,1854436,8282032,ASKR,HSNR,ASK,HSN
1974,8453322,42378.0,27801.0,5220.0,1859584,8408365,1854478,8282919,ASKR,PVQR,ASK,PVQ
1975,8453404,40114.0,19042.0,16320.0,1857943,8368939,1855391,8307800,AUAL,AVAL,AUA,AVA
1976,8453404,40114.0,19042.0,16320.0,1857943,8368939,1859108,8394810,AUAL,RIAL,AUA,RIA
1977,8453405,40746.0,20020.0,17370.0,1857943,8368906,1855391,8307585,AUAL,AVAL,AUA,AVA
1978,8453405,40746.0,20020.0,17370.0,1857943,8368906,1859108,8394847,AUAL,RIAL,AUA,RIA
1979,8453406,40814.0,20144.0,17520.0,1857943,8368901,1855391,8307747,AUAL,AVAL,AUA,AVA
1980,8453406,40814.0,20144.0,17520.0,1857943,8368901,1859108,8394852,AUAL,RIAL,AUA,RIA
1981,8453407,40834.0,20312.0,17640.0,1857943,8368897,1855391,8307751,AUAL,AVAL,AUA,AVA
1982,8453407,40834.0,20312.0,17640.0,1857943,8368897,1859108,8394856,AUAL,RIAL,AUA,RIA
1983,8453408,40834.0,20704.0,18000.0,1857943,8368885,1855391,8307763,AUAL,AVAL,AUA,AVA
1984,8453408,40834.0,20704.0,18000.0,1857943,8368885,1859108,8394868,AUAL,RIAL,AUA,RIA
1985,8453621,40696.0,19876.0,17250.0,1857943,8368910,1859108,8394843,AUAL,RIAL,AUA,RIA
1986,8453621,40696.0,19876.0,17250.0,1857943,8368910,1855391,8307581,AUAL,AVAL,AUA,AVA
1987,8453402,39822.0,18654.0,16110.0,1857943,8368946,1856861,8338210,AUAL,AINR,AUA,AIN
1988,8453402,39822.0,18654.0,16110.0,1857943,8368946,1859108,8394816,AUAL,RIAL,AUA,RIA
1989,8453402,39822.0,18654.0,16110.0,1857943,8368946,1855391,8307807,AUAL,AVAL,AUA,AVA
1990,8453403,39938.0,18770.0,16200.0,1857943,8368943,1855391,8307804,AUAL,AVAL,AUA,AVA
1991,8453403,39938.0,18770.0,16200.0,1857943,8368943,1856861,8338213,AUAL,AINR,AUA,AIN
1992,8453403,39938.0,18770.0,16200.0,1857943,8368943,1859108,8394813,AUAL,RIAL,AUA,RIA
1993,8453619,37180.0,15827.0,11220.0,1857943,8369112,1855193,8302348,AUAL,DVA,AUA,DVA
1994,8453619,37180.0,15827.0,11220.0,1857943,8369112,1856963,8341135,AUAL,AVEL,AUA,AVE
1995,8453620,37758.0,15959.0,11550.0,1857943,8369101,1856963,8341124,AUAL,AVEL,AUA,AVE
1996,8453620,37758.0,15959.0,11550.0,1857943,8369101,1855193,8302359,AUAL,DVA,AUA,DVA
1997,8453620,37758.0,15959.0,11550.0,1857943,8369101,1857073,8343183,AUAL,RIR,AUA,RIR
1998,8453409,40906.0,21132.0,18150.0,1857943,8368880,1859108,8394873,AUAL,RIAL,AUA,RIA
1999,8453412,41734.0,23324.0,18750.0,1857943,8368865,1859108,8394893,AUAL,RIAL,AUA,RIA
2000,8453413,41710.0,23220.0,18780.0,1857943,8368866,1859108,8394894,AUAL,RIAL,AUA,RIA
2001,8453604,40904.0,22168.0,18660.0,1857943,8368862,1859108,8394890,AUAL,RIAL,AUA,RIA
2002,8471997,41294.0,22348.0,18720.0,1857943,8368864,1859108,8394892,AUAL,RIAL,AUA,RIA
2003,8453618,44398.0,29676.0,14700.0,1857943,8368727,1857988,8370208,AUAL,ADFL,AUA,ADF
2004,8453618,44398.0,29676.0,14700.0,1857943,8368727,1858840,8389961,AUAL,URXL,AUA,URX
2005,8453618,44398.0,29676.0,14700.0,1857943,8368727,1859108,8395041,AUAL,RIAL,AUA,RIA
2006,8471999,44060.0,29032.0,15180.0,1857943,8368743,1859108,8472258,AUAL,RIAL,AUA,RIA
2007,8471999,44060.0,29032.0,15180.0,1857943,8368743,1858840,8389945,AUAL,URXL,AUA,URX
2008,8471999,44060.0,29032.0,15180.0,1857943,8368743,1857988,8370224,AUAL,ADFL,AUA,ADF
2009,8416519,37622.0,15495.0,11250.0,1857943,8369111,1856963,8341134,AUAL,AVEL,AUA,AVE
2010,8416519,37622.0,15495.0,11250.0,1857943,8369111,1855622,8314110,AUAL,RIBL,AUA,RIB
2011,8453391,37210.0,15558.0,9570.0,1857943,8369169,1856963,8341188,AUAL,AVEL,AUA,AVE
2012,8453391,37210.0,15558.0,9570.0,1857943,8369169,1855622,8314164,AUAL,RIBL,AUA,RIB
2013,8453392,37280.0,15396.0,9810.0,1857943,8369161,1856963,8341180,AUAL,AVEL,AUA,AVE
2014,8453392,37280.0,15396.0,9810.0,1857943,8369161,1855622,8314156,AUAL,RIBL,AUA,RIB
2015,8453393,37420.0,15387.0,10080.0,1857943,8369152,1856963,8341171,AUAL,AVEL,AUA,AVE
2016,8453393,37420.0,15387.0,10080.0,1857943,8369152,1855622,8314147,AUAL,RIBL,AUA,RIB
2017,8453394,37554.0,15332.0,10710.0,1857943,8369127,1856963,8341150,AUAL,AVEL,AUA,AVE
2018,8453394,37554.0,15332.0,10710.0,1857943,8369127,1855622,8314126,AUAL,RIBL,AUA,RIB
2019,8453396,37768.0,15719.0,11550.0,1857943,8369101,1856963,8341124,AUAL,AVEL,AUA,AVE
2020,8453396,37768.0,15719.0,11550.0,1857943,8369101,1855622,8314100,AUAL,RIBL,AUA,RIB
2021,8453398,37930.0,15890.0,11790.0,1857943,8369094,1856963,8341117,AUAL,AVEL,AUA,AVE
2022,8453398,37930.0,15890.0,11790.0,1857943,8369094,1855622,8314093,AUAL,RIBL,AUA,RIB
2023,8453400,37216.0,16384.0,13710.0,1857943,8369030,1855622,8314028,AUAL,RIBL,AUA,RIB
2024,8453400,37216.0,16384.0,13710.0,1857943,8369030,1855193,8302429,AUAL,DVA,AUA,DVA
2025,8453400,37216.0,16384.0,13710.0,1857943,8369030,1856963,8341052,AUAL,AVEL,AUA,AVE
2026,8453411,41746.0,23552.0,18630.0,1857943,8368861,1855622,8313827,AUAL,RIBL,AUA,RIB
2027,8453411,41746.0,23552.0,18630.0,1857943,8368861,1859108,8394912,AUAL,RIAL,AUA,RIA
2028,8453610,41874.0,23892.0,18480.0,1857943,8368856,1855622,8313822,AUAL,RIBL,AUA,RIB
2029,8453610,41874.0,23892.0,18480.0,1857943,8368856,1859108,8394917,AUAL,RIAL,AUA,RIA
2030,8471998,41494.0,22672.0,18780.0,1857943,8368866,1855622,8313855,AUAL,RIBL,AUA,RIB
2031,8471998,41494.0,22672.0,18780.0,1857943,8368866,1859108,8394894,AUAL,RIAL,AUA,RIA
2032,8453611,42126.0,25412.0,17640.0,1857943,8368823,1855622,8313794,AUAL,RIBL,AUA,RIB
2033,8453611,42126.0,25412.0,17640.0,1857943,8368823,1859108,8394945,AUAL,RIAL,AUA,RIA
2034,8453611,42126.0,25412.0,17640.0,1857943,8368823,1858840,8389862,AUAL,URXL,AUA,URX
2035,8453612,42262.0,25712.0,17400.0,1857943,8368815,1858840,8389870,AUAL,URXL,AUA,URX
2036,8453612,42262.0,25712.0,17400.0,1857943,8368815,1859108,8394953,AUAL,RIAL,AUA,RIA
2037,8453612,42262.0,25712.0,17400.0,1857943,8368815,1855622,8313786,AUAL,RIBL,AUA,RIB
2038,8416597,36784.0,17570.0,5100.0,1853823,8265582,1853041,8250604,AUAR,RIBR,AUA,RIB
2039,8416597,36784.0,17570.0,5100.0,1853823,8265582,1854322,8278995,AUAR,AVER,AUA,AVE
2040,8453625,36550.0,16174.0,7350.0,1853823,8265679,1854322,8279070,AUAR,AVER,AUA,AVE
2041,8453625,36550.0,16174.0,7350.0,1853823,8265679,1853041,8250679,AUAR,RIBR,AUA,RIB
2042,8453626,36610.0,16258.0,7050.0,1853823,8265669,1854322,8279060,AUAR,AVER,AUA,AVE
2043,8453626,36610.0,16258.0,7050.0,1853823,8265669,1853041,8250669,AUAR,RIBR,AUA,RIB
2044,8453627,36638.0,16370.0,6720.0,1853823,8265658,1854322,8279049,AUAR,AVER,AUA,AVE
2045,8453627,36638.0,16370.0,6720.0,1853823,8265658,1853041,8250658,AUAR,RIBR,AUA,RIB
2046,8453628,36766.0,16526.0,6420.0,1853823,8265648,1854322,8279039,AUAR,AVER,AUA,AVE
2047,8453628,36766.0,16526.0,6420.0,1853823,8265648,1853041,8250648,AUAR,RIBR,AUA,RIB
2048,8453629,36826.0,16694.0,6150.0,1853823,8265639,1854322,8279030,AUAR,AVER,AUA,AVE
2049,8453629,36826.0,16694.0,6150.0,1853823,8265639,1853041,8250639,AUAR,RIBR,AUA,RIB
2050,8453630,36630.0,16938.0,5760.0,1853823,8265604,1853041,8250626,AUAR,RIBR,AUA,RIB
2051,8453630,36630.0,16938.0,5760.0,1853823,8265604,1854322,8279017,AUAR,AVER,AUA,AVE
2052,8453631,36704.0,17160.0,5490.0,1853823,8265595,1853041,8250617,AUAR,RIBR,AUA,RIB
2053,8453631,36704.0,17160.0,5490.0,1853823,8265595,1854322,8279008,AUAR,AVER,AUA,AVE
2054,8453632,36772.0,17380.0,5250.0,1853823,8265587,1853041,8250609,AUAR,RIBR,AUA,RIB
2055,8453632,36772.0,17380.0,5250.0,1853823,8265587,1854322,8279000,AUAR,AVER,AUA,AVE
2056,8453633,36844.0,17692.0,4920.0,1853823,8265576,1854322,8278989,AUAR,AVER,AUA,AVE
2057,8453633,36844.0,17692.0,4920.0,1853823,8265576,1853041,8250598,AUAR,RIBR,AUA,RIB
2058,8453650,40854.0,29187.0,5370.0,1853823,8265393,1857495,8355381,AUAR,RIAR,AUA,RIA
2059,8453642,38300.0,22024.0,2640.0,1853823,8265499,1853997,8270679,AUAR,AINL,AUA,AIN
2060,8453642,38300.0,22024.0,2640.0,1853823,8265499,1857495,8355283,AUAR,RIAR,AUA,RIA
2061,8453635,38782.0,23082.0,2640.0,1853823,8265757,1852778,8243929,AUAR,AVAR,AUA,AVA
2062,8453635,38782.0,23082.0,2640.0,1853823,8265757,1857495,8355283,AUAR,RIAR,AUA,RIA
2063,8453636,38798.0,23382.0,2640.0,1853823,8265757,1852778,8243929,AUAR,AVAR,AUA,AVA
2064,8453636,38798.0,23382.0,2640.0,1853823,8265757,1857495,8355283,AUAR,RIAR,AUA,RIA
2065,8453637,38794.0,23562.0,2640.0,1853823,8265757,1852778,8243930,AUAR,AVAR,AUA,AVA
2066,8453637,38794.0,23562.0,2640.0,1853823,8265757,1857495,8355283,AUAR,RIAR,AUA,RIA
2067,8453638,38810.0,23782.0,2640.0,1853823,8265757,1852778,8243930,AUAR,AVAR,AUA,AVA
2068,8453638,38810.0,23782.0,2640.0,1853823,8265757,1857495,8355283,AUAR,RIAR,AUA,RIA
2069,8453640,38762.0,24258.0,2640.0,1853823,8265757,1857495,8355284,AUAR,RIAR,AUA,RIA
2070,8453640,38762.0,24258.0,2640.0,1853823,8265757,1852778,8243930,AUAR,AVAR,AUA,AVA
2071,8453643,38352.0,22104.0,2700.0,1853823,8265497,1857495,8355285,AUAR,RIAR,AUA,RIA
2072,8453643,38352.0,22104.0,2700.0,1853823,8265497,1852778,8242690,AUAR,AVAR,AUA,AVA
2073,8453634,39108.0,24728.0,2850.0,1853823,8265750,1857495,8355290,AUAR,RIAR,AUA,RIA
2074,8453634,39108.0,24728.0,2850.0,1853823,8265750,1853041,8250255,AUAR,RIBR,AUA,RIB
2075,8453644,39214.0,25755.0,3090.0,1853823,8265472,1853041,8250247,AUAR,RIBR,AUA,RIB
2076,8453644,39214.0,25755.0,3090.0,1853823,8265472,1857495,8355303,AUAR,RIAR,AUA,RIA
2077,8453645,39404.0,25969.0,3150.0,1853823,8265466,1853041,8250245,AUAR,RIBR,AUA,RIB
2078,8453645,39404.0,25969.0,3150.0,1853823,8265466,1857495,8355308,AUAR,RIAR,AUA,RIA
2079,8453647,39890.0,27620.0,3900.0,1853823,8265441,1853041,8250219,AUAR,RIBR,AUA,RIB
2080,8453647,39890.0,27620.0,3900.0,1853823,8265441,1857495,8355333,AUAR,RIAR,AUA,RIA
2081,8453649,39910.0,27736.0,4020.0,1853823,8265437,1853041,8250216,AUAR,RIBR,AUA,RIB
2082,8453649,39910.0,27736.0,4020.0,1853823,8265437,1857495,8355337,AUAR,RIAR,AUA,RIA
2083,8453651,41278.0,29519.0,5640.0,1853823,8265384,1857495,8355390,AUAR,RIAR,AUA,RIA
2084,8453651,41278.0,29519.0,5640.0,1853823,8265384,1853041,8250159,AUAR,RIBR,AUA,RIB
2085,8453654,43094.0,30760.0,6900.0,1853823,8265342,1853041,8250117,AUAR,RIBR,AUA,RIB
2086,8453654,43094.0,30760.0,6900.0,1853823,8265342,1857495,8355442,AUAR,RIAR,AUA,RIA
2087,8453657,44216.0,31282.0,7620.0,1853823,8265318,1857495,8355466,AUAR,RIAR,AUA,RIA
2088,8453657,44216.0,31282.0,7620.0,1853823,8265318,1853041,8250093,AUAR,RIBR,AUA,RIB
2089,8453641,38838.0,24466.0,2700.0,1853823,8265755,1857495,8355285,AUAR,RIAR,AUA,RIA
2090,8453641,38838.0,24466.0,2700.0,1853823,8265755,1852778,8243932,AUAR,AVAR,AUA,AVA
2091,8453641,38838.0,24466.0,2700.0,1853823,8265755,1853041,8250260,AUAR,RIBR,AUA,RIB
2092,8453646,39862.0,27111.0,3660.0,1853823,8265449,1855059,8298853,AUAR,URXR,AUA,URX
2093,8453646,39862.0,27111.0,3660.0,1853823,8265449,1857495,8355325,AUAR,RIAR,AUA,RIA
2094,8453646,39862.0,27111.0,3660.0,1853823,8265449,1853041,8250227,AUAR,RIBR,AUA,RIB
2095,8417222,37654.0,18318.0,6150.0,1858313,8378840,1859863,8414406,AVFL,BDUR,AVF,BDU
2096,8417222,37654.0,18318.0,6150.0,1858313,8378840,1857732,8362987,AVFL,AVHR,AVF,AVH
2097,8417222,37654.0,18318.0,6150.0,1858313,8378840,1854528,8284207,AVFL,AVBR,AVF,AVB
2098,8417224,38064.0,17244.0,8310.0,1858313,8378769,1859863,8414477,AVFL,BDUR,AVF,BDU
2099,8417224,38064.0,17244.0,8310.0,1858313,8378769,1854528,8284288,AVFL,AVBR,AVF,AVB
2100,8417226,38960.0,17239.0,11670.0,1858313,8378660,1858195,8375422,AVFL,RIFL,AVF,RIF
2101,8417226,38960.0,17239.0,11670.0,1858313,8378660,1854405,8281135,AVFL,AVJL,AVF,AVJ
2102,8417232,42982.0,23236.0,17010.0,1858313,8378480,1858448,8381495,AVFL,AIAL,AVF,AIA
2103,8417232,42982.0,23236.0,17010.0,1858313,8378480,1858541,8383660,AVFL,HSNL,AVF,HSN
2104,8417231,50730.0,30256.0,13440.0,1858313,8378342,1858476,8382167,AVFL,PVQL,AVF,PVQ
2105,8417231,50730.0,30256.0,13440.0,1858313,8378342,1858541,8383487,AVFL,HSNL,AVF,HSN
2106,8417219,48518.0,31042.0,6900.0,1858313,8379041,1858125,8373975,AVFL,AVFR,AVF,AVF
2107,8417219,48518.0,31042.0,6900.0,1858313,8379041,1854478,8282793,AVFL,PVQR,AVF,PVQ
2108,8417219,48518.0,31042.0,6900.0,1858313,8379041,1855821,8318079,AVFL,PVNL,AVF,PVN
2109,8471713,43566.0,25830.0,15420.0,1858313,8378422,1857842,8366416,AVFL,AVBL,AVF,AVB
2110,8471713,43566.0,25830.0,15420.0,1858313,8378422,1858195,8375266,AVFL,RIFL,AVF,RIF
2111,8471713,43566.0,25830.0,15420.0,1858313,8378422,1855391,8307732,AVFL,AVAL,AVF,AVA
2112,8417230,46334.0,28188.0,14400.0,1858313,8378388,1858195,8375231,AVFL,RIFL,AVF,RIF
2113,8417230,46334.0,28188.0,14400.0,1858313,8378388,1857842,8366356,AVFL,AVBL,AVF,AVB
2114,8471716,40648.0,23795.0,4320.0,1858125,8373878,1859584,8408437,AVFR,ASKR,AVF,ASK
2115,8471716,40648.0,23795.0,4320.0,1858125,8373878,1855929,8319996,AVFR,ASJR,AVF,ASJ
2116,8472001,42870.0,23232.0,16410.0,1858125,8373408,1858313,8378488,AVFR,AVFL,AVF,AVF
2117,8472001,42870.0,23232.0,16410.0,1858125,8373408,1859757,8412444,AVFR,ASJL,AVF,ASJ
2118,8417252,38704.0,17256.0,8610.0,1858125,8373692,1859863,8414487,AVFR,BDUR,AVF,BDU
2119,8417252,38704.0,17256.0,8610.0,1858125,8373692,1858313,8378759,AVFR,AVFL,AVF,AVF
2120,8417256,38656.0,17140.0,8970.0,1858125,8373680,1859863,8414499,AVFR,BDUR,AVF,BDU
2121,8417256,38656.0,17140.0,8970.0,1858125,8373680,1858313,8378747,AVFR,AVFL,AVF,AVF
2122,8471721,60356.0,34384.0,13560.0,1858125,8373156,1857376,8352502,AVFR,AVKR,AVF,AVK
2123,8471723,42396.0,27546.0,5970.0,1858125,8374066,1858541,8384297,AVFR,HSNL,AVF,HSN
2124,8417264,43778.0,29004.0,6300.0,1858125,8374056,1858541,8384226,AVFR,HSNL,AVF,HSN
2125,8417264,43778.0,29004.0,6300.0,1858125,8374056,1854528,8283996,AVFR,AVBR,AVF,AVB
2126,8417258,47658.0,28552.0,14190.0,1858125,8373309,1858313,8378381,AVFR,AVFL,AVF,AVF
2127,8417258,47658.0,28552.0,14190.0,1858125,8373309,1858541,8383529,AVFR,HSNL,AVF,HSN
2128,8417266,42278.0,22188.0,16440.0,1858125,8373421,1858541,8383682,AVFR,HSNL,AVF,HSN
2129,8417266,42278.0,22188.0,16440.0,1858125,8373421,1858313,8378495,AVFR,AVFL,AVF,AVF
2130,8471720,50068.0,30246.0,13500.0,1858125,8373285,1858541,8383497,AVFR,HSNL,AVF,HSN
2131,8471720,50068.0,30246.0,13500.0,1858125,8373285,1858476,8382169,AVFR,PVQL,AVF,PVQ
2132,8471720,50068.0,30246.0,13500.0,1858125,8373285,1858313,8378354,AVFR,AVFL,AVF,AVF
2133,8417236,51318.0,32574.0,7890.0,1858125,8374011,1854478,8282760,AVFR,PVQR,AVF,PVQ
2134,8417236,51318.0,32574.0,7890.0,1858125,8374011,1854436,8281881,AVFR,HSNR,AVF,HSN
2135,8471724,48412.0,31172.0,7020.0,1858125,8373979,1858599,8384568,AVFR,PVNR,AVF,PVN
2136,8417260,53402.0,31548.0,12390.0,1858125,8373228,1855193,8302761,AVFR,DVA,AVF,DVA
2137,8417260,53402.0,31548.0,12390.0,1858125,8373228,1854592,8287090,AVFR,RID,AVF,RID
2138,8417240,47006.0,30602.0,7050.0,1858125,8373980,1858541,8384266,AVFR,HSNL,AVF,HSN
2139,8417240,47006.0,30602.0,7050.0,1858125,8373980,1859653,8409846,AVFR,RIFR,AVF,RIF
2140,8471718,37776.0,18778.0,5490.0,1858125,8373795,1859653,8410006,AVFR,RIFR,AVF,RIF
2141,8471718,37776.0,18778.0,5490.0,1858125,8373795,1859915,8414699,AVFR,URADR,AVF,URAD
2142,8471715,41064.0,24573.0,5130.0,1858125,8373905,1855470,8310110,AVFR,AIMR,AVF,AIM
2143,8471715,41064.0,24573.0,5130.0,1858125,8373905,1855492,8310841,AVFR,SMBVR,AVF,SMBV
2144,8471728,39684.0,25721.0,3900.0,1859546,8407743,1859605,8409005,AVHL,AWBR,AVH,AWB
2145,8471728,39684.0,25721.0,3900.0,1859546,8407743,1859704,8411020,AVHL,ADFR,AVH,ADF
2146,8417273,45536.0,30490.0,7680.0,1859546,8407867,1855492,8310724,AVHL,SMBVR,AVH,SMBV
2147,8417273,45536.0,30490.0,7680.0,1859546,8407867,1859476,8405877,AVHL,ADLR,AVH,ADL
2148,8471725,56128.0,33464.0,8640.0,1859546,8407981,1857842,8367263,AVHL,AVBL,AVH,AVB
2149,8471730,37492.0,20885.0,3780.0,1859546,8407702,1859605,8409086,AVHL,AWBR,AVH,AWB
2150,8417276,37078.0,19979.0,3990.0,1859546,8407695,1857073,8343626,AVHL,RIR,AVH,RIR
2151,8417276,37078.0,19979.0,3990.0,1859546,8407695,1859704,8411108,AVHL,ADFR,AVH,ADF
2152,8471726,43008.0,29818.0,6690.0,1859546,8407834,1859704,8410928,AVHL,ADFR,AVH,ADF
2153,8471726,43008.0,29818.0,6690.0,1859546,8407834,1859605,8408913,AVHL,AWBR,AVH,AWB
2154,8471726,43008.0,29818.0,6690.0,1859546,8407834,1857073,8343472,AVHL,RIR,AVH,RIR
2155,8416229,38586.0,24003.0,3600.0,1859546,8407733,1854304,8278537,AVHL,ASHR,AVH,ASH
2156,8416229,38586.0,24003.0,3600.0,1859546,8407733,1857073,8343573,AVHL,RIR,AVH,RIR
2157,8417274,40182.0,26604.0,4470.0,1859546,8407760,1852778,8243782,AVHL,AVAR,AVH,AVA
2158,8417274,40182.0,26604.0,4470.0,1859546,8407760,1857073,8343546,AVHL,RIR,AVH,RIR
2159,8471727,42756.0,29614.0,6450.0,1859546,8407826,1857073,8343480,AVHL,RIR,AVH,RIR
2160,8471727,42756.0,29614.0,6450.0,1859546,8407826,1859605,8408921,AVHL,AWBR,AVH,AWB
2161,8417275,39406.0,25684.0,4110.0,1859546,8407749,1857073,8343557,AVHL,RIR,AVH,RIR
2162,8417275,39406.0,25684.0,4110.0,1859546,8407749,1859780,8413086,AVHL,PVPR,AVH,PVP
2163,8417277,37198.0,17150.0,6960.0,1859546,8407597,1859780,8413258,AVHL,PVPR,AVH,PVP
2164,8417277,37198.0,17150.0,6960.0,1859546,8407597,1857073,8343726,AVHL,RIR,AVH,RIR
2165,8417279,47686.0,31194.0,9000.0,1859546,8407911,1856419,8332554,AVHL,SMBDR,AVH,SMBD
2166,8417279,47686.0,31194.0,9000.0,1859546,8407911,1855492,8310679,AVHL,SMBVR,AVH,SMBV
2167,8417278,42754.0,17818.0,16650.0,1859546,8407278,1852827,8244010,AVHL,SMDVL,AVH,SMDV
2168,8417284,39082.0,18372.0,14700.0,1857732,8363269,1858840,8389625,AVHR,URXL,AVH,URX
2169,8417284,39082.0,18372.0,14700.0,1857732,8363269,1857988,8370434,AVHR,ADFL,AVH,ADF
2170,8471736,37418.0,17738.0,8280.0,1857732,8363058,1854528,8284287,AVHR,AVBR,AVH,AVB
2171,8471736,37418.0,17738.0,8280.0,1857732,8363058,1857842,8366772,AVHR,AVBL,AVH,AVB
2172,8471736,37418.0,17738.0,8280.0,1857732,8363058,1854405,8281245,AVHR,AVJL,AVH,AVJ
2173,8417287,42684.0,20098.0,1260.0,1857732,8362821,1856861,8337709,AVHR,AINR,AVH,AIN
2174,8417287,42684.0,20098.0,1260.0,1857732,8362821,1858050,8371736,AVHR,AVJR,AVH,AVJ
2175,8471737,38976.0,20224.0,2640.0,1857732,8362868,1856861,8337751,AVHR,AINR,AVH,AIN
2176,8471737,38976.0,20224.0,2640.0,1857732,8362868,1858050,8371781,AVHR,AVJR,AVH,AVJ
2177,8471737,38976.0,20224.0,2640.0,1857732,8362868,1856546,8335508,AVHR,CEPshDR,AVH,CEPshD
2178,8416692,45844.0,29088.0,13560.0,1857732,8363517,1857703,8361929,AVHR,SMBDL,AVH,SMBD
2179,8416692,45844.0,29088.0,13560.0,1857732,8363517,1857657,8360823,AVHR,SMBVL,AVH,SMBV
2180,8416692,45844.0,29088.0,13560.0,1857732,8363517,1855193,8302655,AVHR,DVA,AVH,DVA
2181,8417289,51997.0,30935.0,11760.0,1857732,8363630,1854528,8285014,AVHR,AVBR,AVH,AVB
2182,8417289,51997.0,30935.0,11760.0,1857732,8363630,1857126,8344488,AVHR,PVCL,AVH,PVC
2183,8417283,39010.0,18644.0,15240.0,1857732,8363287,1857073,8343061,AVHR,RIR,AVH,RIR
2184,8417283,39010.0,18644.0,15240.0,1857732,8363287,1857587,8358748,AVHR,PVPL,AVH,PVP
2185,8471733,48323.0,29457.0,11940.0,1857732,8363581,1857842,8366277,AVHR,AVBL,AVH,AVB
2186,8471733,48323.0,29457.0,11940.0,1857732,8363581,1859413,8403585,AVHR,RIML,AVH,RIM
2187,8417285,38226.0,16500.0,11250.0,1857732,8363154,1857988,8370548,AVHR,ADFL,AVH,ADF
2188,8417285,38226.0,16500.0,11250.0,1857732,8363154,1857073,8343193,AVHR,RIR,AVH,RIR
2189,8417286,38152.0,16523.0,11010.0,1857732,8363146,1857965,8369856,AVHR,AWBL,AVH,AWB
2190,8417286,38152.0,16523.0,11010.0,1857732,8363146,1857988,8370556,AVHR,ADFL,AVH,ADF
2191,8417286,38152.0,16523.0,11010.0,1857732,8363146,1857073,8343201,AVHR,RIR,AVH,RIR
2192,8471735,41996.0,24118.0,17730.0,1857732,8363379,1857965,8369609,AVHR,AWBL,AVH,AWB
2193,8471735,41996.0,24118.0,17730.0,1857732,8363379,1857073,8342965,AVHR,RIR,AVH,RIR
2194,8417288,40934.0,22402.0,17820.0,1857732,8363371,1857421,8353218,AVHR,RIGL,AVH,RIG
2195,8417288,40934.0,22402.0,17820.0,1857732,8363371,1857073,8342971,AVHR,RIR,AVH,RIR
2196,8417282,42118.0,25212.0,16980.0,1857732,8363401,1857073,8342942,AVHR,RIR,AVH,RIR
2197,8417282,42118.0,25212.0,16980.0,1857732,8363401,1852675,8242420,AVHR,RMFL,AVH,RMF
2198,8417281,44830.0,28184.0,14490.0,1857732,8363483,1857657,8360854,AVHR,SMBVL,AVH,SMBV
2199,8471732,55575.0,32497.0,11940.0,1857732,8363662,1858050,8372500,AVHR,AVJR,AVH,AVJ
2200,8471732,55575.0,32497.0,11940.0,1857732,8363662,1857657,8360648,AVHR,SMBVL,AVH,SMBV
2201,8471734,42636.0,26426.0,15840.0,1857732,8363439,1857657,8360898,AVHR,SMBVL,AVH,SMBV
2202,8471734,42636.0,26426.0,15840.0,1857732,8363439,1857587,8358578,AVHR,PVPL,AVH,PVP
2203,8417280,45566.0,28732.0,13890.0,1857732,8363503,1857703,8361945,AVHR,SMBDL,AVH,SMBD
2204,8417280,45566.0,28732.0,13890.0,1857732,8363503,1857587,8358514,AVHR,PVPL,AVH,PVP
2205,8417280,45566.0,28732.0,13890.0,1857732,8363503,1857657,8360834,AVHR,SMBVL,AVH,SMBV
2206,8471740,40714.0,17920.0,14190.0,1854405,8281051,1858701,8386925,AVJL,ASKL,AVJ,ASK
2207,8417290,50878.0,31874.0,8100.0,1854405,8281592,1854363,8280736,AVJL,AVDL,AVJ,AVD
2208,8417290,50878.0,31874.0,8100.0,1854405,8281592,1854528,8285123,AVJL,AVBR,AVJ,AVB
2209,8471739,37196.0,17854.0,7950.0,1854405,8281256,1854941,8295567,AVJL,PVCR,AVJ,PVC
2210,8471739,37196.0,17854.0,7950.0,1854405,8281256,1854528,8284276,AVJL,AVBR,AVJ,AVB
2211,8471739,37196.0,17854.0,7950.0,1854405,8281256,1857126,8345008,AVJL,PVCL,AVJ,PVC
2212,8417293,55610.0,33272.0,9420.0,1854405,8281646,1854941,8295184,AVJL,PVCR,AVJ,PVC
2213,8470151,52618.0,32644.0,8490.0,1854405,8331056,1856107,8324721,AVJL,AVM,AVJ,AVM
2214,8470151,52618.0,32644.0,8490.0,1854405,8331056,1858599,8384500,AVJL,PVNR,AVJ,PVN
2215,8417301,54173.0,32729.0,11550.0,1858050,8372473,1856244,8327588,AVJR,RIS,AVJ,RIS
2216,8417301,54173.0,32729.0,11550.0,1858050,8372473,1857842,8366238,AVJR,AVBL,AVJ,AVB
2217,8417301,54173.0,32729.0,11550.0,1858050,8372473,1858167,8374214,AVJR,AIYL,AVJ,AIY
2218,8471742,41870.0,24390.0,16710.0,1858050,8372270,1855391,8307639,AVJR,AVAL,AVJ,AVA
2219,8471742,41870.0,24390.0,16710.0,1858050,8372270,1857842,8366458,AVJR,AVBL,AVJ,AVB
2220,8417299,37620.0,17591.0,10500.0,1858050,8372046,1854528,8284360,AVJR,AVBR,AVJ,AVB
2221,8417299,37620.0,17591.0,10500.0,1858050,8372046,1857842,8366699,AVJR,AVBL,AVJ,AVB
2222,8417299,37620.0,17591.0,10500.0,1858050,8372046,1857126,8344924,AVJR,PVCL,AVJ,PVC
2223,8417296,50013.0,30213.0,12570.0,1858050,8372436,1857842,8366295,AVJR,AVBL,AVJ,AVB
2224,8417296,50013.0,30213.0,12570.0,1858050,8372436,1856107,8324532,AVJR,AVM,AVJ,AVM
2225,8471741,44482.0,27726.0,14550.0,1858050,8372346,1854971,8296021,AVJR,AQR,AVJ,AQR
2226,8471741,44482.0,27726.0,14550.0,1858050,8372346,1857587,8358536,AVJR,PVPL,AVJ,PVP
2227,8417297,49913.0,30357.0,12720.0,1858050,8372431,1859413,8403511,AVJR,RIML,AVJ,RIM
2228,8417316,34710.0,16406.0,7590.0,1857613,8359822,1856963,8341253,AVKL,AVEL,AVK,AVE
2229,8417316,34710.0,16406.0,7590.0,1857613,8359822,1859413,8404202,AVKL,RIML,AVK,RIM
2230,8417317,34452.0,15620.0,8940.0,1857613,8359777,1857376,8351734,AVKL,AVKR,AVK,AVK
2231,8417317,34452.0,15620.0,8940.0,1857613,8359777,1856244,8328274,AVKL,RIS,AVK,RIS
2232,8417317,34452.0,15620.0,8940.0,1857613,8359777,1854322,8279123,AVKL,AVER,AVK,AVE
2233,8417326,41662.0,28376.0,14370.0,1857613,8359296,1857376,8352228,AVKL,AVKR,AVK,AVK
2234,8417326,41662.0,28376.0,14370.0,1857613,8359296,1859238,8397742,AVKL,SMDDL,AVK,SMDD
2235,8417312,39452.0,28620.0,5910.0,1857613,8360103,1859413,8404452,AVKL,RIML,AVK,RIM
2236,8417312,39452.0,28620.0,5910.0,1857613,8360103,1856375,8331314,AVKL,SAADR,AVK,SAAD
2237,8417330,35018.0,21861.0,3570.0,1857613,8359987,1859413,8404338,AVKL,RIML,AVK,RIM
2238,8417330,35018.0,21861.0,3570.0,1857613,8359987,1854065,8273219,AVKL,SAAVR,AVK,SAAV
2239,8417307,41514.0,29688.0,8160.0,1857613,8360178,1856212,8326519,AVKL,SMDDR,AVK,SMDD
2240,8417307,41514.0,29688.0,8160.0,1857613,8360178,1859413,8404533,AVKL,RIML,AVK,RIM
2241,8417325,39286.0,25972.0,17730.0,1857613,8359404,1858998,8393148,AVKL,RMDL,AVK,RMDL/R
2242,8417325,39286.0,25972.0,17730.0,1857613,8359404,1853861,8267425,AVKL,RIMR,AVK,RIM
2243,8471745,42210.0,29098.0,13410.0,1857613,8359263,1859238,8397698,AVKL,SMDDL,AVK,SMDD
2244,8471745,42210.0,29098.0,13410.0,1857613,8359263,1853861,8267568,AVKL,RIMR,AVK,RIM
2245,8417318,34608.0,15511.0,10200.0,1857613,8359736,1852827,8244270,AVKL,SMDVL,AVK,SMDV
2246,8417318,34608.0,15511.0,10200.0,1857613,8359736,1853861,8267147,AVKL,RIMR,AVK,RIM
2247,8417321,35154.0,17198.0,14700.0,1857613,8359589,1856244,8328464,AVKL,RIS,AVK,RIS
2248,8417321,35154.0,17198.0,14700.0,1857613,8359589,1858998,8392400,AVKL,RMDL,AVK,RMDL/R
2249,8417322,35130.0,17468.0,15090.0,1857613,8359576,1856244,8328477,AVKL,RIS,AVK,RIS
2250,8417322,35130.0,17468.0,15090.0,1857613,8359576,1858998,8392387,AVKL,RMDL,AVK,RMDL/R
2251,8417324,38778.0,25528.0,18090.0,1857613,8359416,1856244,8328622,AVKL,RIS,AVK,RIS
2252,8417324,38778.0,25528.0,18090.0,1857613,8359416,1858998,8393160,AVKL,RMDL,AVK,RMDL/R
2253,8417323,38270.0,24496.0,18540.0,1857613,8359431,1856244,8328607,AVKL,RIS,AVK,RIS
2254,8417323,38270.0,24496.0,18540.0,1857613,8359431,1854844,8293049,AVKL,AVL,AVK,AVL
2255,8417323,38270.0,24496.0,18540.0,1857613,8359431,1858998,8393175,AVKL,RMDL,AVK,RMDL/R
2256,8417313,36590.0,26121.0,4110.0,1857613,8360040,1852675,8241967,AVKL,RMFL,AVK,RMF
2257,8417313,36590.0,26121.0,4110.0,1857613,8360040,1856375,8331375,AVKL,SAADR,AVK,SAAD
2258,8417313,36590.0,26121.0,4110.0,1857613,8360040,1855972,8321443,AVKL,RIVL,AVK,RIV
2259,8417306,50778.0,31582.0,9510.0,1857613,8360271,1852933,8246246,AVKL,SIADR,AVK,SIAD
2260,8417306,50778.0,31582.0,9510.0,1857613,8360271,1856963,8341760,AVKL,AVEL,AVK,AVE
2261,8417306,50778.0,31582.0,9510.0,1857613,8360271,1854144,8274325,AVKL,SIBDR,AVK,SIBD
2262,8417351,34262.0,16630.0,7050.0,1857376,8351671,1859413,8404221,AVKR,RIML,AVK,RIM
2263,8417351,34262.0,16630.0,7050.0,1857376,8351671,1856244,8328211,AVKR,RIS,AVK,RIS
2264,8417351,34262.0,16630.0,7050.0,1857376,8351671,1856963,8341271,AVKR,AVEL,AVK,AVE
2265,8417346,47156.0,30514.0,11310.0,1857376,8352337,1854322,8279661,AVKR,AVER,AVK,AVE
2266,8417357,38202.0,28207.0,5160.0,1857376,8351432,1857613,8360078,AVKR,AVKL,AVK,AVK
2267,8417357,38202.0,28207.0,5160.0,1857376,8351432,1859413,8404427,AVKR,RIML,AVK,RIM
2268,8417357,38202.0,28207.0,5160.0,1857376,8351432,1859497,8406257,AVKR,RMDR,AVK,RMDL/R
2269,8417352,34214.0,17528.0,5160.0,1857376,8351606,1854175,8275597,AVKR,SMDVR,AVK,SMDV
2270,8417352,34214.0,17528.0,5160.0,1857376,8351606,1859413,8404284,AVKR,RIML,AVK,RIM
2271,8417350,34616.0,16124.0,8340.0,1857376,8351714,1853861,8267086,AVKR,RIMR,AVK,RIM
2272,8417350,34616.0,16124.0,8340.0,1857376,8351714,1856963,8341228,AVKR,AVEL,AVK,AVE
2273,8417350,34616.0,16124.0,8340.0,1857376,8351714,1854322,8279103,AVKR,AVER,AVK,AVE
2274,8416364,42144.0,28284.0,14430.0,1857376,8352226,1859300,8400281,AVKR,SAADL,AVK,SAAD
2275,8416364,42144.0,28284.0,14430.0,1857376,8352226,1859269,8399346,AVKR,RIVR,AVK,RIV
2276,8416364,42144.0,28284.0,14430.0,1857376,8352226,1853861,8267534,AVKR,RIMR,AVK,RIM
2277,8417349,35578.0,17150.0,14310.0,1857376,8351909,1857613,8359602,AVKR,AVKL,AVK,AVK
2278,8417349,35578.0,17150.0,14310.0,1857376,8351909,1858998,8392413,AVKR,RMDL,AVK,RMDL/R
2279,8417349,35578.0,17150.0,14310.0,1857376,8351909,1853861,8267281,AVKR,RIMR,AVK,RIM
2280,8417360,36594.0,18908.0,15900.0,1857376,8351972,1856937,8339892,AVKR,SAAVL,AVK,SAAV
2281,8417360,36594.0,18908.0,15900.0,1857376,8351972,1853861,8267333,AVKR,RIMR,AVK,RIM
2282,8471747,33910.0,21793.0,3480.0,1857376,8351546,1856244,8328058,AVKR,RIS,AVK,RIS
2283,8417353,33782.0,19947.0,3570.0,1857376,8351554,1856244,8328054,AVKR,RIS,AVK,RIS
2284,8417353,33782.0,19947.0,3570.0,1857376,8351554,1859497,8407185,AVKR,RMDR,AVK,RMDL/R
2285,8417356,36338.0,27007.0,4680.0,1857376,8351448,1859497,8406228,AVKR,RMDR,AVK,RMDL/R
2286,8417356,36338.0,27007.0,4680.0,1857376,8351448,1856244,8328016,AVKR,RIS,AVK,RIS
2287,8471748,35986.0,26641.0,4590.0,1857376,8351451,1859497,8406231,AVKR,RMDR,AVK,RMDL/R
2288,8471748,35986.0,26641.0,4590.0,1857376,8351451,1856244,8328019,AVKR,RIS,AVK,RIS
2289,8472005,37234.0,27939.0,5010.0,1857376,8351437,1859497,8406252,AVKR,RMDR,AVK,RMDL/R
2290,8472005,37234.0,27939.0,5010.0,1857376,8351437,1856244,8328005,AVKR,RIS,AVK,RIS
2291,8417347,40176.0,25544.0,17880.0,1857376,8352115,1859269,8399234,AVKR,RIVR,AVK,RIV
2292,8417347,40176.0,25544.0,17880.0,1857376,8352115,1859300,8400392,AVKR,SAADL,AVK,SAAD
2293,8471746,33974.0,21561.0,3480.0,1857376,8351546,1859497,8407193,AVKR,RMDR,AVK,RMDL/R
2294,8471746,33974.0,21561.0,3480.0,1857376,8351546,1852675,8241780,AVKR,RMFL,AVK,RMF
2295,8417345,50608.0,31350.0,11070.0,1857376,8352360,1857703,8362724,AVKR,SMBDL,AVK,SMBD
2296,8417345,50608.0,31350.0,11070.0,1857376,8352360,1857297,8349275,AVKR,SIADL,AVK,SIAD
2297,8417366,34730.0,24223.0,3450.0,1854844,8293621,1856244,8328061,AVL,RIS,AVL,RIS
2298,8417366,34730.0,24223.0,3450.0,1854844,8293621,1854565,8286222,AVL,RMER,AVL,RMEL/R
2299,8417365,39556.0,29247.0,6720.0,1854844,8293737,1856451,8334660,AVL,PVT,AVL,PVT
2300,8417365,39556.0,29247.0,6720.0,1854844,8293737,1853041,8250832,AVL,RIBR,AVL,RIB
2301,8417365,39556.0,29247.0,6720.0,1854844,8293737,1859631,8409463,AVL,URYVR,AVL,URYV
2302,8471753,53146.0,31802.0,11430.0,1856107,8324487,1857842,8366242,AVM,AVBL,AVM,AVB
2303,8417379,55354.0,33100.0,9060.0,1856107,8324411,1857842,8367273,AVM,AVBL,AVM,AVB
2304,8417379,55354.0,33100.0,9060.0,1856107,8324411,1854941,8295196,AVM,PVCR,AVM,PVC
2305,8417377,54526.0,32800.0,9600.0,1856107,8324429,1854528,8283884,AVM,AVBR,AVM,AVB
2306,8417377,54526.0,32800.0,9600.0,1856107,8324429,1854941,8295190,AVM,PVCR,AVM,PVC
2307,8417378,54102.0,32464.0,9630.0,1856107,8324698,1854528,8283883,AVM,AVBR,AVM,AVB
2308,8417378,54102.0,32464.0,9630.0,1856107,8324698,1854941,8295191,AVM,PVCR,AVM,PVC
2309,8417384,52038.0,32292.0,8430.0,1856107,8324723,1854528,8283925,AVM,AVBR,AVM,AVB
2310,8417384,52038.0,32292.0,8430.0,1856107,8324723,1854941,8295227,AVM,PVCR,AVM,PVC
2311,8417382,47106.0,29974.0,7320.0,1856107,8324782,1854528,8283962,AVM,AVBR,AVM,AVB
2312,8417382,47106.0,29974.0,7320.0,1856107,8324782,1854405,8281548,AVM,AVJL,AVM,AVJ
2313,8417382,47106.0,29974.0,7320.0,1856107,8324782,1854941,8295274,AVM,PVCR,AVM,PVC
2314,8471755,50786.0,31628.0,7620.0,1856107,8324751,1854405,8331086,AVM,AVJL,AVM,AVJ
2315,8471755,50786.0,31628.0,7620.0,1856107,8324751,1856370,8331090,AVM,Fragment,AVM,Fragment
2316,8417369,49266.0,29416.0,12990.0,1856107,8324673,1858511,8382844,AVM,BDUL,AVM,BDU
2317,8417369,49266.0,29416.0,12990.0,1856107,8324673,1858050,8372408,AVM,AVJR,AVM,AVJ
2318,8417387,48362.0,28976.0,13050.0,1856107,8324549,1858511,8382862,AVM,BDUL,AVM,BDU
2319,8417387,48362.0,28976.0,13050.0,1856107,8324549,1858050,8372410,AVM,AVJR,AVM,AVJ
2320,8417390,48734.0,29196.0,13080.0,1856107,8324676,1858511,8382854,AVM,BDUL,AVM,BDU
2321,8417390,48734.0,29196.0,13080.0,1856107,8324676,1858050,8372411,AVM,AVJR,AVM,AVJ
2322,8417380,46478.0,29650.0,6930.0,1856107,8324795,1859863,8414229,AVM,BDUR,AVM,BDU
2323,8417381,46734.0,29770.0,6960.0,1856107,8324794,1859863,8414230,AVM,BDUR,AVM,BDU
2324,8417368,45642.0,27576.0,13620.0,1856107,8324591,1857126,8344571,AVM,PVCL,AVM,PVC
2325,8417376,53702.0,32328.0,10830.0,1856107,8324467,1857126,8344457,AVM,PVCL,AVM,PVC
2326,8471750,45504.0,27550.0,13740.0,1856107,8324595,1858762,8387899,AVM,ALML,AVM,ALM
2327,8471750,45504.0,27550.0,13740.0,1856107,8324595,1857126,8344575,AVM,PVCL,AVM,PVC
2328,8417385,45960.0,27736.0,12960.0,1856107,8324571,1858005,8371472,AVM,AVDR,AVM,AVD
2329,8417385,45960.0,27736.0,12960.0,1856107,8324571,1857126,8344549,AVM,PVCL,AVM,PVC
2330,8417385,45960.0,27736.0,12960.0,1856107,8324571,1858762,8387925,AVM,ALML,AVM,ALM
2331,8417370,47752.0,28642.0,12840.0,1856107,8324542,1857126,8344536,AVM,PVCL,AVM,PVC
2332,8417370,47752.0,28642.0,12840.0,1856107,8324542,1857842,8366304,AVM,AVBL,AVM,AVB
2333,8417371,48282.0,28892.0,12600.0,1856107,8324534,1857126,8344528,AVM,PVCL,AVM,PVC
2334,8417371,48282.0,28892.0,12600.0,1856107,8324534,1857842,8366296,AVM,AVBL,AVM,AVB
2335,8417372,48562.0,29120.0,12540.0,1856107,8324679,1857126,8344526,AVM,PVCL,AVM,PVC
2336,8417372,48562.0,29120.0,12540.0,1856107,8324679,1857842,8366294,AVM,AVBL,AVM,AVB
2337,8417373,53642.0,31892.0,11250.0,1856107,8324481,1854528,8284844,AVM,AVBR,AVM,AVB
2338,8417373,53642.0,31892.0,11250.0,1856107,8324481,1857126,8344471,AVM,PVCL,AVM,PVC
2339,8417374,53878.0,32064.0,11160.0,1856107,8324478,1854528,8285010,AVM,AVBR,AVM,AVB
2340,8417374,53878.0,32064.0,11160.0,1856107,8324478,1857126,8344468,AVM,PVCL,AVM,PVC
2341,8417375,53958.0,32260.0,11040.0,1856107,8324474,1854528,8284998,AVM,AVBR,AVM,AVB
2342,8417375,53958.0,32260.0,11040.0,1856107,8324474,1857022,8342244,AVM,FLPL,AVM,FLP
2343,8417375,53958.0,32260.0,11040.0,1856107,8324474,1857126,8344464,AVM,PVCL,AVM,PVC
2344,8471752,52598.0,31490.0,11760.0,1856107,8324498,1858050,8372464,AVM,AVJR,AVM,AVJ
2345,8471752,52598.0,31490.0,11760.0,1856107,8324498,1857126,8344488,AVM,PVCL,AVM,PVC
2346,8471752,52598.0,31490.0,11760.0,1856107,8324498,1857842,8366257,AVM,AVBL,AVM,AVB
2347,8417367,45598.0,27476.0,14010.0,1856107,8324604,1858599,8385241,AVM,PVNR,AVM,PVN
2348,8417407,47206.0,30852.0,13500.0,1858683,8386024,1858259,8377036,AWAL,AFDL,AWA,AFD
2349,8417394,39438.0,17828.0,14280.0,1858683,8386308,1859728,8411675,AWAL,ASEL,AWA,ASE
2350,8417394,39438.0,17828.0,14280.0,1858683,8386308,1858448,8381637,AWAL,AIAL,AWA,AIA
2351,8471756,38678.0,16118.0,9600.0,1858683,8386462,1858448,8381793,AWAL,AIAL,AWA,AIA
2352,8471756,38678.0,16118.0,9600.0,1858683,8386462,1858476,8382593,AWAL,PVQL,AWA,PVQ
2353,8471756,38678.0,16118.0,9600.0,1858683,8386462,1854436,8282330,AWAL,HSNR,AWA,HSN
2354,8472007,45096.0,28975.0,14730.0,1858683,8386070,1858167,8374377,AWAL,AIYL,AWA,AIY
2355,8472007,45096.0,28975.0,14730.0,1858683,8386070,1854680,8288950,AWAL,ADLL,AWA,ADL
2356,8417396,42126.0,21972.0,17490.0,1858683,8386202,1857771,8364376,AWAL,AIZL,AWA,AIZ
2357,8417404,45798.0,29804.0,14040.0,1858683,8386042,1857771,8364184,AWAL,AIZL,AWA,AIZ
2358,8471758,45846.0,29998.0,13770.0,1858683,8386033,1857771,8364175,AWAL,AIZL,AWA,AIZ
2359,8417392,38970.0,17296.0,13440.0,1858683,8386336,1857988,8370476,AWAL,ADFL,AWA,ADF
2360,8417392,38970.0,17296.0,13440.0,1858683,8386336,1857771,8364525,AWAL,AIZL,AWA,AIZ
2361,8417393,39086.0,17428.0,13710.0,1858683,8386327,1857771,8364516,AWAL,AIZL,AWA,AIZ
2362,8417393,39086.0,17428.0,13710.0,1858683,8386327,1857988,8370467,AWAL,ADFL,AWA,ADF
2363,8417402,42494.0,23900.0,18300.0,1858683,8386188,1858259,8377193,AWAL,AFDL,AWA,AFD
2364,8417402,42494.0,23900.0,18300.0,1858683,8386188,1857771,8364341,AWAL,AIZL,AWA,AIZ
2365,8417403,42334.0,23620.0,18240.0,1858683,8386186,1858259,8377609,AWAL,AFDL,AWA,AFD
2366,8417403,42334.0,23620.0,18240.0,1858683,8386186,1857771,8364339,AWAL,AIZL,AWA,AIZ
2367,8416430,41570.0,21076.0,16590.0,1858683,8386230,1858448,8381559,AWAL,AIAL,AWA,AIA
2368,8416430,41570.0,21076.0,16590.0,1858683,8386230,1858425,8380724,AWAL,AIML,AWA,AIM
2369,8416430,41570.0,21076.0,16590.0,1858683,8386230,1857771,8364803,AWAL,AIZL,AWA,AIZ
2370,8417398,42834.0,25388.0,17250.0,1858683,8386151,1858167,8374468,AWAL,AIYL,AWA,AIY
2371,8417398,42834.0,25388.0,17250.0,1858683,8386151,1857771,8364306,AWAL,AIZL,AWA,AIZ
2372,8417401,44742.0,28504.0,14790.0,1858683,8386072,1858167,8374388,AWAL,AIYL,AWA,AIY
2373,8417401,44742.0,28504.0,14790.0,1858683,8386072,1857771,8364215,AWAL,AIZL,AWA,AIZ
2374,8417412,50645.0,32179.0,12120.0,1858683,8386521,1857771,8364026,AWAL,AIZL,AWA,AIZ
2375,8417412,50645.0,32179.0,12120.0,1858683,8386521,1858167,8374249,AWAL,AIYL,AWA,AIY
2376,8417411,54986.0,33456.0,13140.0,1858683,8386544,1857771,8363902,AWAL,AIZL,AWA,AIZ
2377,8417411,54986.0,33456.0,13140.0,1858683,8386544,1858666,8385589,AWAL,ASGL,AWA,ASG
2378,8417399,43414.0,27012.0,15870.0,1858683,8386108,1857771,8364259,AWAL,AIZL,AWA,AIZ
2379,8417399,43414.0,27012.0,15870.0,1858683,8386108,1857965,8369549,AWAL,AWBL,AWA,AWB
2380,8417400,44342.0,28044.0,15060.0,1858683,8386081,1857965,8369522,AWAL,AWBL,AWA,AWB
2381,8417400,44342.0,28044.0,15060.0,1858683,8386081,1857771,8364223,AWAL,AIZL,AWA,AIZ
2382,8417409,48071.0,31535.0,12540.0,1858683,8385992,1857771,8364068,AWAL,AIZL,AWA,AIZ
2383,8417409,48071.0,31535.0,12540.0,1858683,8385992,1858259,8377618,AWAL,AFDL,AWA,AFD
2384,8417409,48071.0,31535.0,12540.0,1858683,8385992,1857965,8369423,AWAL,AWBL,AWA,AWB
2385,8417416,52433.0,32661.0,12210.0,1858683,8386538,1857965,8369353,AWAL,AWBL,AWA,AWB
2386,8417416,52433.0,32661.0,12210.0,1858683,8386538,1857771,8417417,AWAL,AIZL,AWA,AIZ
2387,8417416,52433.0,32661.0,12210.0,1858683,8386538,1858167,8374252,AWAL,AIYL,AWA,AIY
2388,8417395,41362.0,20274.0,16200.0,1858683,8386242,1857771,8364798,AWAL,AIZL,AWA,AIZ
2389,8417395,41362.0,20274.0,16200.0,1858683,8386242,1854436,8282612,AWAL,HSNR,AWA,HSN
2390,8417395,41362.0,20274.0,16200.0,1858683,8386242,1857965,8369682,AWAL,AWBL,AWA,AWB
2391,8417406,47406.0,30856.0,13530.0,1858683,8386025,1858259,8377037,AWAL,AFDL,AWA,AFD
2392,8417406,47406.0,30856.0,13530.0,1858683,8386025,1859728,8411398,AWAL,ASEL,AWA,ASE
2393,8417410,53278.0,32916.0,13110.0,1858683,8385949,1854662,8288055,AWAL,ASIL,AWA,ASI
2394,8417410,53278.0,32916.0,13110.0,1858683,8385949,1859728,8411334,AWAL,ASEL,AWA,ASE
2395,8417435,54232.0,34004.0,9480.0,1859684,8410198,1859704,8410760,AWAR,ADFR,AWA,ADF
2396,8417429,44282.0,30946.0,7050.0,1859684,8410339,1853845,8266003,AWAR,AFDR,AWA,AFD
2397,8471761,49556.0,32874.0,9840.0,1859684,8410227,1855030,8298281,AWAR,AIYR,AWA,AIY
2398,8417428,43126.0,30036.0,6330.0,1859684,8410363,1853845,8266032,AWAR,AFDR,AWA,AFD
2399,8417428,43126.0,30036.0,6330.0,1859684,8410363,1855089,8300309,AWAR,AIZR,AWA,AIZ
2400,8471759,43998.0,30800.0,7290.0,1859684,8410331,1855089,8299733,AWAR,AIZR,AWA,AIZ
2401,8471759,43998.0,30800.0,7290.0,1859684,8410331,1853845,8265995,AWAR,AFDR,AWA,AFD
2402,8417427,42142.0,29219.0,5700.0,1859684,8410384,1855030,8298444,AWAR,AIYR,AWA,AIY
2403,8417427,42142.0,29219.0,5700.0,1859684,8410384,1855089,8299818,AWAR,AIZR,AWA,AIZ
2404,8416807,37662.0,19455.0,3900.0,1859684,8410524,1855226,8303321,AWAR,ASER,AWA,ASE
2405,8416807,37662.0,19455.0,3900.0,1859684,8410524,1855089,8300034,AWAR,AIZR,AWA,AIZ
2406,8417421,37790.0,19885.0,3720.0,1859684,8410518,1855226,8303315,AWAR,ASER,AWA,ASE
2407,8417421,37790.0,19885.0,3720.0,1859684,8410518,1855089,8300028,AWAR,AIZR,AWA,AIZ
2408,8417423,40270.0,25677.0,3810.0,1859684,8410463,1855226,8303234,AWAR,ASER,AWA,ASE
2409,8417423,40270.0,25677.0,3810.0,1859684,8410463,1855089,8299894,AWAR,AIZR,AWA,AIZ
2410,8417422,40202.0,23782.0,3570.0,1859684,8410484,1856878,8339053,AWAR,AIAR,AWA,AIA
2411,8417422,40202.0,23782.0,3570.0,1859684,8410484,1855089,8299966,AWAR,AIZR,AWA,AIZ
2412,8417422,40202.0,23782.0,3570.0,1859684,8410484,1855226,8303281,AWAR,ASER,AWA,ASE
2413,8417424,40218.0,25368.0,3960.0,1859684,8410458,1855089,8299898,AWAR,AIZR,AWA,AIZ
2414,8417424,40218.0,25368.0,3960.0,1859684,8410458,1859605,8409006,AWAR,AWBR,AWA,AWB
2415,8417426,41562.0,28339.0,5100.0,1859684,8410404,1855030,8298464,AWAR,AIYR,AWA,AIY
2416,8417426,41562.0,28339.0,5100.0,1859684,8410404,1855089,8299838,AWAR,AIZR,AWA,AIZ
2417,8417426,41562.0,28339.0,5100.0,1859684,8410404,1854786,8291205,AWAR,RIGR,AWA,RIG
2418,8417426,41562.0,28339.0,5100.0,1859684,8410404,1859605,8408966,AWAR,AWBR,AWA,AWB
2419,8471760,52204.0,33294.0,9600.0,1859684,8410213,1855226,8303025,AWAR,ASER,AWA,ASE
2420,8417430,44814.0,30998.0,7140.0,1859684,8410336,1855226,8303118,AWAR,ASER,AWA,ASE
2421,8417430,44814.0,30998.0,7140.0,1859684,8410336,1859476,8405859,AWAR,ADLR,AWA,ADL
2422,8417431,47698.0,32306.0,8580.0,1859684,8410275,1853845,8265947,AWAR,AFDR,AWA,AFD
2423,8417431,47698.0,32306.0,8580.0,1859684,8410275,1855226,8303070,AWAR,ASER,AWA,ASE
2424,8417437,54966.0,34176.0,9030.0,1859684,8410180,1854289,8277945,AWAR,ASGR,AWA,ASG
2425,8417437,54966.0,34176.0,9030.0,1859684,8410180,1855226,8302986,AWAR,ASER,AWA,ASE
2426,8417436,57054.0,35276.0,9030.0,1859684,8410173,1855226,8302986,AWAR,ASER,AWA,ASE
2427,8417436,57054.0,35276.0,9030.0,1859684,8410173,1859605,8408725,AWAR,AWBR,AWA,AWB
2428,8417425,40702.0,25728.0,4560.0,1859684,8410447,1854304,8278498,AWAR,ASHR,AWA,ASH
2429,8417425,40702.0,25728.0,4560.0,1859684,8410447,1859476,8405758,AWAR,ADLR,AWA,ADL
2430,8417432,47798.0,32346.0,8880.0,1859684,8410265,1859605,8408840,AWAR,AWBR,AWA,AWB
2431,8417432,47798.0,32346.0,8880.0,1859684,8410265,1853845,8265937,AWAR,AFDR,AWA,AFD
2432,8417433,47938.0,32622.0,9150.0,1859684,8410256,1859605,8408831,AWAR,AWBR,AWA,AWB
2433,8417433,47938.0,32622.0,9150.0,1859684,8410256,1853845,8265928,AWAR,AFDR,AWA,AFD
2434,8417434,53072.0,33696.0,9870.0,1859684,8410211,1855030,8298237,AWAR,AIYR,AWA,AIY
2435,8417434,53072.0,33696.0,9870.0,1859684,8410211,1859605,8408766,AWAR,AWBR,AWA,AWB
2436,8417420,37793.4,17252.3,6720.0,1859684,8410617,1854304,8278652,AWAR,ASHR,AWA,ASH
2437,8417420,37793.4,17252.3,6720.0,1859684,8410617,1859653,8410047,AWAR,RIFR,AWA,RIF
2438,8417452,51405.0,32287.0,12090.0,1857965,8369365,1857988,8370090,AWBL,ADFL,AWB,ADF
2439,8417453,53765.0,33299.0,12900.0,1857965,8369330,1857988,8370060,AWBL,ADFL,AWB,ADF
2440,8417444,42530.0,24824.0,17670.0,1857965,8369607,1857771,8364320,AWBL,AIZL,AWB,AIZ
2441,8417444,42530.0,24824.0,17670.0,1857965,8369607,1857988,8370309,AWBL,ADFL,AWB,ADF
2442,8417451,47393.0,31379.0,12660.0,1857965,8369427,1857771,8364072,AWBL,AIZL,AWB,AIZ
2443,8417451,47393.0,31379.0,12660.0,1857965,8369427,1857988,8370140,AWBL,ADFL,AWB,ADF
2444,8416567,38736.0,16976.0,12510.0,1857965,8369805,1858448,8381697,AWBL,AIAL,AWB,AIA
2445,8416567,38736.0,16976.0,12510.0,1857965,8369805,1857771,8364556,AWBL,AIZL,AWB,AIZ
2446,8416567,38736.0,16976.0,12510.0,1857965,8369805,1857988,8370507,AWBL,ADFL,AWB,ADF
2447,8417443,41862.0,22652.0,17640.0,1857965,8369620,1857771,8364371,AWBL,AIZL,AWB,AIZ
2448,8417443,41862.0,22652.0,17640.0,1857965,8369620,1858448,8381517,AWBL,AIAL,AWB,AIA
2449,8417443,41862.0,22652.0,17640.0,1857965,8369620,1857421,8353224,AWBL,RIGL,AWB,RIG
2450,8417443,41862.0,22652.0,17640.0,1857965,8369620,1857988,8370336,AWBL,ADFL,AWB,ADF
2451,8417440,38990.0,17810.0,14190.0,1857965,8369749,1858683,8386311,AWBL,AWAL,AWB,AWA
2452,8417440,38990.0,17810.0,14190.0,1857965,8369749,1857771,8364500,AWBL,AIZL,AWB,AIZ
2453,8417440,38990.0,17810.0,14190.0,1857965,8369749,1857988,8370451,AWBL,ADFL,AWB,ADF
2454,8471762,38012.0,16024.0,9420.0,1857965,8369907,1857943,8369174,AWBL,AUAL,AWB,AUA
2455,8471762,38012.0,16024.0,9420.0,1857965,8369907,1857988,8370607,AWBL,ADFL,AWB,ADF
2456,8417439,38326.0,16329.0,10920.0,1857965,8369859,1857732,8363143,AWBL,AVHR,AWB,AVH
2457,8417439,38326.0,16329.0,10920.0,1857965,8369859,1857073,8343204,AWBL,RIR,AWB,RIR
2458,8417439,38326.0,16329.0,10920.0,1857965,8369859,1857988,8370559,AWBL,ADFL,AWB,ADF
2459,8417450,46302.0,29916.0,13320.0,1857965,8369465,1857988,8370162,AWBL,ADFL,AWB,ADF
2460,8417450,46302.0,29916.0,13320.0,1857965,8369465,1859108,8395087,AWBL,RIAL,AWB,RIA
2461,8417450,46302.0,29916.0,13320.0,1857965,8369465,1857657,8360815,AWBL,SMBVL,AWB,SMBV
2462,8417441,41542.0,21624.0,17190.0,1857965,8369654,1857771,8364390,AWBL,AIZL,AWB,AIZ
2463,8417441,41542.0,21624.0,17190.0,1857965,8369654,1857919,8368184,AWBL,ASHL,AWB,ASH
2464,8417441,41542.0,21624.0,17190.0,1857965,8369654,1858448,8381865,AWBL,AIAL,AWB,AIA
2465,8417445,42802.0,26252.0,16290.0,1857965,8369563,1857771,8364273,AWBL,AIZL,AWB,AIZ
2466,8417445,42802.0,26252.0,16290.0,1857965,8369563,1857073,8342919,AWBL,RIR,AWB,RIR
2467,8417445,42802.0,26252.0,16290.0,1857965,8369563,1857421,8353064,AWBL,RIGL,AWB,RIG
2468,8417446,44894.0,28692.0,14520.0,1857965,8369505,1857771,8364206,AWBL,AIZL,AWB,AIZ
2469,8417446,44894.0,28692.0,14520.0,1857965,8369505,1857657,8360855,AWBL,SMBVL,AWB,SMBV
2470,8417448,46294.0,29716.0,13380.0,1857965,8369467,1857732,8363523,AWBL,AVHR,AWB,AVH
2471,8417448,46294.0,29716.0,13380.0,1857965,8369467,1857657,8360817,AWBL,SMBVL,AWB,SMBV
2472,8417464,46502.0,32014.0,8610.0,1859605,8408849,1859704,8410861,AWBR,ADFR,AWB,ADF
2473,8417466,54226.0,34026.0,9630.0,1859605,8408748,1859704,8410771,AWBR,ADFR,AWB,ADF
2474,8417455,37264.0,18210.0,5100.0,1859605,8409129,1855089,8300255,AWBR,AIZR,AWB,AIZ
2475,8417455,37264.0,18210.0,5100.0,1859605,8409129,1855030,8298652,AWBR,AIYR,AWB,AIY
2476,8417455,37264.0,18210.0,5100.0,1859605,8409129,1859704,8411147,AWBR,ADFR,AWB,ADF
2477,8417460,40526.0,27124.0,4230.0,1859605,8408995,1855089,8299877,AWBR,AIZR,AWB,AIZ
2478,8417460,40526.0,27124.0,4230.0,1859605,8408995,1859704,8411010,AWBR,ADFR,AWB,ADF
2479,8417463,43366.0,30144.0,6750.0,1859605,8408911,1859704,8410926,AWBR,ADFR,AWB,ADF
2480,8417463,43366.0,30144.0,6750.0,1859605,8408911,1855089,8299769,AWBR,AIZR,AWB,AIZ
2481,8471763,37310.0,19237.0,4200.0,1859605,8409099,1859704,8411113,AWBR,ADFR,AWB,ADF
2482,8471763,37310.0,19237.0,4200.0,1859605,8409099,1855089,8300043,AWBR,AIZR,AWB,AIZ
2483,8417457,40162.0,24669.0,3870.0,1859605,8409035,1856878,8339041,AWBR,AIAR,AWB,AIA
2484,8417457,40162.0,24669.0,3870.0,1859605,8409035,1859684,8410461,AWBR,AWAR,AWB,AWA
2485,8417457,40162.0,24669.0,3870.0,1859605,8409035,1859704,8411027,AWBR,ADFR,AWB,ADF
2486,8417457,40162.0,24669.0,3870.0,1859605,8409035,1855089,8299896,AWBR,AIZR,AWB,AIZ
2487,8417454,37624.0,16288.0,7740.0,1859605,8409216,1857988,8370661,AWBR,ADFL,AWB,ADF
2488,8417454,37624.0,16288.0,7740.0,1859605,8409216,1853823,8265692,AWBR,AUAR,AWB,AUA
2489,8417454,37624.0,16288.0,7740.0,1859605,8409216,1859704,8411234,AWBR,ADFR,AWB,ADF
2490,8417465,46778.0,32354.0,9120.0,1859605,8408832,1859704,8410844,AWBR,ADFR,AWB,ADF
2491,8417465,46778.0,32354.0,9120.0,1859605,8408832,1857495,8355518,AWBR,RIAR,AWB,RIA
2492,8417462,41066.0,28265.0,5160.0,1859605,8408964,1859704,8410979,AWBR,ADFR,AWB,ADF
2493,8417462,41066.0,28265.0,5160.0,1859605,8408964,1854786,8291207,AWBR,RIGR,AWB,RIG
2494,8417456,39766.0,23425.0,3540.0,1859605,8409053,1855089,8299961,AWBR,AIZR,AWB,AIZ
2495,8417456,39766.0,23425.0,3540.0,1859605,8409053,1855470,8310162,AWBR,AIMR,AWB,AIM
2496,8417456,39766.0,23425.0,3540.0,1859605,8409053,1856878,8339056,AWBR,AIAR,AWB,AIA
2497,8471764,41194.0,28477.0,5370.0,1859605,8408957,1859546,8407790,AWBR,AVHL,AWB,AVH
2498,8471764,41194.0,28477.0,5370.0,1859605,8408957,1854786,8291199,AWBR,RIGR,AWB,RIG
2499,8471769,37516.0,18723.0,3810.0,1858237,8376624,1855089,8300031,AWCL,AIZR,AWC,AIZ
2500,8471769,37516.0,18723.0,3810.0,1858237,8376624,1856878,8339134,AWCL,AIAR,AWC,AIA
2501,8417486,52761.0,33363.0,12510.0,1858237,8375906,1858167,8374265,AWCL,AIYL,AWC,AIY
2502,8471786,44000.0,27454.0,15930.0,1858237,8376055,1858167,8374426,AWCL,AIYL,AWC,AIY
2503,8471787,44248.0,27782.0,15690.0,1858237,8376047,1858167,8374418,AWCL,AIYL,AWC,AIY
2504,8471788,45676.0,29622.0,15000.0,1858237,8376014,1858167,8374919,AWCL,AIYL,AWC,AIY
2505,8471781,39500.0,17122.0,13890.0,1858237,8376291,1858167,8374691,AWCL,AIYL,AWC,AIY
2506,8471781,39500.0,17122.0,13890.0,1858237,8376291,1858448,8381651,AWCL,AIAL,AWC,AIA
2507,8417474,38968.0,15155.0,10050.0,1858237,8376417,1855337,8306580,AWCL,AIBL,AWC,AIB
2508,8417474,38968.0,15155.0,10050.0,1858237,8376417,1858167,8374815,AWCL,AIYL,AWC,AIY
2509,8417479,43174.0,23912.0,18000.0,1858237,8376122,1855337,8306323,AWCL,AIBL,AWC,AIB
2510,8417479,43174.0,23912.0,18000.0,1858237,8376122,1858167,8374493,AWCL,AIYL,AWC,AIY
2511,8471785,43092.0,23158.0,18030.0,1858237,8376144,1855337,8306324,AWCL,AIBL,AWC,AIB
2512,8471785,43092.0,23158.0,18030.0,1858237,8376144,1858167,8374494,AWCL,AIYL,AWC,AIY
2513,8471789,48224.0,31018.0,13890.0,1858237,8375966,1855337,8306175,AWCL,AIBL,AWC,AIB
2514,8471789,48224.0,31018.0,13890.0,1858237,8375966,1858167,8374341,AWCL,AIYL,AWC,AIY
2515,8471765,44956.0,31856.0,7020.0,1858237,8376831,1855030,8298400,AWCL,AIYR,AWC,AIY
2516,8417471,38220.0,21112.0,2790.0,1858237,8376661,1855030,8298740,AWCL,AIYR,AWC,AIY
2517,8417471,38220.0,21112.0,2790.0,1858237,8376661,1853845,8266170,AWCL,AFDR,AWC,AFD
2518,8417472,37764.0,20512.0,2760.0,1858237,8376659,1855030,8298740,AWCL,AIYR,AWC,AIY
2519,8417472,37764.0,20512.0,2760.0,1858237,8376659,1853845,8266171,AWCL,AFDR,AWC,AFD
2520,8417468,46498.0,32442.0,7620.0,1858237,8376851,1855002,8297081,AWCL,AWCR,AWC,AWC
2521,8417468,46498.0,32442.0,7620.0,1858237,8376851,1855030,8298380,AWCL,AIYR,AWC,AIY
2522,8417469,43726.0,30832.0,6270.0,1858237,8376806,1855002,8297127,AWCL,AWCR,AWC,AWC
2523,8417469,43726.0,30832.0,6270.0,1858237,8376806,1855030,8298425,AWCL,AIYR,AWC,AIY
2524,8417470,43364.0,30426.0,6120.0,1858237,8376801,1855002,8297132,AWCL,AWCR,AWC,AWC
2525,8417470,43364.0,30426.0,6120.0,1858237,8376801,1855030,8298430,AWCL,AIYR,AWC,AIY
2526,8417487,40950.0,26017.0,3150.0,1858237,8376863,1855002,8297230,AWCL,AWCR,AWC,AWC
2527,8417487,40950.0,26017.0,3150.0,1858237,8376863,1855030,8298536,AWCL,AIYR,AWC,AIY
2528,8417473,38026.0,16234.0,5940.0,1858237,8376554,1855002,8297390,AWCL,AWCR,AWC,AWC
2529,8417473,38026.0,16234.0,5940.0,1858237,8376554,1855030,8298680,AWCL,AIYR,AWC,AIY
2530,8417473,38026.0,16234.0,5940.0,1858237,8376554,1857256,8348239,AWCL,AIBR,AWC,AIB
2531,8471771,38276.0,16072.0,6420.0,1858237,8376538,1856878,8471778,AWCL,AIAR,AWC,AIA
2532,8471771,38276.0,16072.0,6420.0,1858237,8376538,1855002,8297406,AWCL,AWCR,AWC,AWC
2533,8471771,38276.0,16072.0,6420.0,1858237,8376538,1855030,8298696,AWCL,AIYR,AWC,AIY
2534,8471771,38276.0,16072.0,6420.0,1858237,8376538,1857256,8348255,AWCL,AIBR,AWC,AIB
2535,8471783,39732.0,17194.0,14340.0,1858237,8376276,1855337,8306439,AWCL,AIBL,AWC,AIB
2536,8471783,39732.0,17194.0,14340.0,1858237,8376276,1855002,8297668,AWCL,AWCR,AWC,AWC
2537,8417478,42558.0,21144.0,17580.0,1858237,8376169,1855337,8306335,AWCL,AIBL,AWC,AIB
2538,8417478,42558.0,21144.0,17580.0,1858237,8376169,1858448,8381500,AWCL,AIAL,AWC,AIA
2539,8417478,42558.0,21144.0,17580.0,1858237,8376169,1855002,8297775,AWCL,AWCR,AWC,AWC
2540,8471768,39790.0,22862.0,3000.0,1858237,8376884,1857256,8348132,AWCL,AIBR,AWC,AIB
2541,8471768,39790.0,22862.0,3000.0,1858237,8376884,1854018,8271492,AWCL,ASIR,AWC,ASI
2542,8471768,39790.0,22862.0,3000.0,1858237,8376884,1855002,8298038,AWCL,AWCR,AWC,AWC
2543,8417484,48646.0,31372.0,13710.0,1858237,8375960,1855337,8306166,AWCL,AIBL,AWC,AIB
2544,8417484,48646.0,31372.0,13710.0,1858237,8375960,1855002,8297962,AWCL,AWCR,AWC,AWC
2545,8417484,48646.0,31372.0,13710.0,1858237,8375960,1858167,8374335,AWCL,AIYL,AWC,AIY
2546,8417485,48966.0,31556.0,13530.0,1858237,8375954,1855337,8306157,AWCL,AIBL,AWC,AIB
2547,8417485,48966.0,31556.0,13530.0,1858237,8375954,1855002,8297968,AWCL,AWCR,AWC,AWC
2548,8417485,48966.0,31556.0,13530.0,1858237,8375954,1858167,8374329,AWCL,AIYL,AWC,AIY
2549,8417480,43414.0,24932.0,17640.0,1858237,8376110,1855002,8297829,AWCL,AWCR,AWC,AWC
2550,8417480,43414.0,24932.0,17640.0,1858237,8376110,1853794,8264891,AWCL,BAGR,AWC,BAG
2551,8417481,45482.0,29236.0,15390.0,1858237,8376027,1855002,8297905,AWCL,AWCR,AWC,AWC
2552,8417481,45482.0,29236.0,15390.0,1858237,8376027,1853794,8264969,AWCL,BAGR,AWC,BAG
2553,8416504,42200.0,29383.0,5160.0,1858237,8376769,1852675,8242267,AWCL,RMFL,AWC,RMF
2554,8416504,42200.0,29383.0,5160.0,1858237,8376769,1854817,8292459,AWCL,BAGL,AWC,BAG
2555,8471767,41276.0,27533.0,3510.0,1858237,8376715,1854817,8292400,AWCL,BAGL,AWC,BAG
2556,8471767,41276.0,27533.0,3510.0,1858237,8376715,1852675,8242213,AWCL,RMFL,AWC,RMF
2557,8417476,41042.0,19296.0,15930.0,1858237,8376223,1872506,8417477,AWCL,CEPshDL,AWC,CEPshD
2558,8417476,41042.0,19296.0,15930.0,1858237,8376223,1858797,8389015,AWCL,IL1L,AWC,IL1L/R
2559,8417476,41042.0,19296.0,15930.0,1858237,8376223,1858943,8391496,AWCL,IL2L,AWC,IL2L/R
2560,8471791,39472.0,15164.0,9420.0,1855002,8297506,1858448,8381799,AWCR,AIAL,AWC,AIA
2561,8471792,39312.0,15132.0,9180.0,1855002,8297498,1858448,8381807,AWCR,AIAL,AWC,AIA
2562,8416197,42024.0,20732.0,17250.0,1855002,8297764,1855337,8306344,AWCR,AIBL,AWC,AIB
2563,8416197,42024.0,20732.0,17250.0,1855002,8297764,1858448,8381539,AWCR,AIAL,AWC,AIA
2564,8417494,39370.0,17156.0,14310.0,1855002,8297667,1855337,8306440,AWCR,AIBL,AWC,AIB
2565,8417494,39370.0,17156.0,14310.0,1855002,8297667,1858448,8381636,AWCR,AIAL,AWC,AIA
2566,8417491,42270.0,21316.0,17610.0,1855002,8297776,1855337,8306336,AWCR,AIBL,AWC,AIB
2567,8417491,42270.0,21316.0,17610.0,1855002,8297776,1858448,8381501,AWCR,AIAL,AWC,AIA
2568,8417491,42270.0,21316.0,17610.0,1855002,8297776,1858237,8376168,AWCR,AWCL,AWC,AWC
2569,8417495,39060.0,15124.0,8880.0,1855002,8297488,1855337,8306619,AWCR,AIBL,AWC,AIB
2570,8417495,39060.0,15124.0,8880.0,1855002,8297488,1858237,8376456,AWCR,AWCL,AWC,AWC
2571,8417495,39060.0,15124.0,8880.0,1855002,8297488,1858448,8381817,AWCR,AIAL,AWC,AIA
2572,8417510,43590.0,23178.0,17910.0,1855002,8298014,1858237,8376148,AWCR,AWCL,AWC,AWC
2573,8417510,43590.0,23178.0,17910.0,1855002,8298014,1858448,8381511,AWCR,AIAL,AWC,AIA
2574,8471782,39236.0,17014.0,13860.0,1855002,8297652,1858448,8381652,AWCR,AIAL,AWC,AIA
2575,8471782,39236.0,17014.0,13860.0,1855002,8297652,1858167,8374690,AWCR,AIYL,AWC,AIY
2576,8417508,40942.0,24645.0,3270.0,1855002,8297244,1856878,8339069,AWCR,AIAR,AWC,AIA
2577,8417509,41054.0,24853.0,3270.0,1855002,8297244,1856878,8339296,AWCR,AIAR,AWC,AIA
2578,8471793,38700.0,16408.0,6480.0,1855002,8297408,1856878,8339222,AWCR,AIAR,AWC,AIA
2579,8471770,37760.0,18739.0,3840.0,1855002,8297320,1856878,8339135,AWCR,AIAR,AWC,AIA
2580,8471770,37760.0,18739.0,3840.0,1855002,8297320,1855089,8300032,AWCR,AIZR,AWC,AIZ
2581,8471790,38750.0,15381.0,10500.0,1855002,8297542,1855337,8306565,AWCR,AIBL,AWC,AIB
2582,8471790,38750.0,15381.0,10500.0,1855002,8297542,1858167,8374800,AWCR,AIYL,AWC,AIY
2583,8472009,42082.0,21068.0,17790.0,1855002,8297782,1855337,8452944,AWCR,AIBL,AWC,AIB
2584,8472009,42082.0,21068.0,17790.0,1855002,8297782,1855226,8303781,AWCR,ASER,AWC,ASE
2585,8472009,42082.0,21068.0,17790.0,1855002,8297782,1858167,8374552,AWCR,AIYL,AWC,AIY
2586,8417489,48362.0,31664.0,13590.0,1855002,8297966,1855337,8306162,AWCR,AIBL,AWC,AIB
2587,8417489,48362.0,31664.0,13590.0,1855002,8297966,1858237,8375956,AWCR,AWCL,AWC,AWC
2588,8417489,48362.0,31664.0,13590.0,1855002,8297966,1858167,8374331,AWCR,AIYL,AWC,AIY
2589,8417504,46242.0,31966.0,7350.0,1855002,8297090,1857256,8347958,AWCR,AIBR,AWC,AIB
2590,8416262,41368.0,26449.0,3540.0,1855002,8297217,1856878,8339026,AWCR,AIAR,AWC,AIA
2591,8416262,41368.0,26449.0,3540.0,1855002,8297217,1857256,8348084,AWCR,AIBR,AWC,AIB
2592,8416267,38402.0,21005.0,3030.0,1855002,8297271,1857256,8348142,AWCR,AIBR,AWC,AIB
2593,8416267,38402.0,21005.0,3030.0,1855002,8297271,1856878,8339099,AWCR,AIAR,AWC,AIA
2594,8417497,38430.0,16462.0,6150.0,1855002,8297397,1857256,8348246,AWCR,AIBR,AWC,AIB
2595,8417497,38430.0,16462.0,6150.0,1855002,8297397,1856878,8339211,AWCR,AIAR,AWC,AIA
2596,8471794,38200.0,19951.0,3150.0,1855002,8297297,1856878,8339108,AWCR,AIAR,AWC,AIA
2597,8471794,38200.0,19951.0,3150.0,1855002,8297297,1857256,8348138,AWCR,AIBR,AWC,AIB
2598,8471796,40604.0,23743.0,3210.0,1855002,8297242,1854018,8271498,AWCR,ASIR,AWC,ASI
2599,8471796,40604.0,23743.0,3210.0,1855002,8297242,1857256,8348127,AWCR,AIBR,AWC,AIB
2600,8471796,40604.0,23743.0,3210.0,1855002,8297242,1856878,8339071,AWCR,AIAR,AWC,AIA
2601,8417496,38586.0,16248.0,6540.0,1855002,8297410,1856878,8339224,AWCR,AIAR,AWC,AIA
2602,8417496,38586.0,16248.0,6540.0,1855002,8297410,1857256,8348259,AWCR,AIBR,AWC,AIB
2603,8417496,38586.0,16248.0,6540.0,1855002,8297410,1858237,8376534,AWCR,AWCL,AWC,AWC
2604,8417500,41174.0,26345.0,3240.0,1855002,8297227,1857256,8348094,AWCR,AIBR,AWC,AIB
2605,8417500,41174.0,26345.0,3240.0,1855002,8297227,1855030,8298533,AWCR,AIYR,AWC,AIY
2606,8417501,41782.0,27868.0,4440.0,1855002,8297188,1857256,8348055,AWCR,AIBR,AWC,AIB
2607,8417501,41782.0,27868.0,4440.0,1855002,8297188,1855226,8303208,AWCR,ASER,AWC,ASE
2608,8417502,42570.0,29095.0,5370.0,1855002,8297157,1857256,8348024,AWCR,AIBR,AWC,AIB
2609,8417502,42570.0,29095.0,5370.0,1855002,8297157,1855226,8303177,AWCR,ASER,AWC,ASE
2610,8417503,43666.0,30232.0,6060.0,1855002,8297134,1857256,8348001,AWCR,AIBR,AWC,AIB
2611,8417503,43666.0,30232.0,6060.0,1855002,8297134,1855226,8303154,AWCR,ASER,AWC,ASE
2612,8417492,40770.0,19274.0,16170.0,1855002,8297730,1857771,8364434,AWCR,AIZL,AWC,AIZ
2613,8417492,40770.0,19274.0,16170.0,1855002,8297730,1858167,8374604,AWCR,AIYL,AWC,AIY
2614,8417492,40770.0,19274.0,16170.0,1855002,8297730,1855226,8303729,AWCR,ASER,AWC,ASE
2615,8417490,45686.0,29892.0,15030.0,1855002,8297917,1858237,8376015,AWCR,AWCL,AWC,AWC
2616,8417490,45686.0,29892.0,15030.0,1855002,8297917,1858167,8374920,AWCR,AIYL,AWC,AIY
2617,8417507,48950.0,32960.0,8640.0,1855002,8297044,1855030,8298333,AWCR,AIYR,AWC,AIY
2618,8471766,45228.0,31648.0,7020.0,1855002,8297101,1855030,8298400,AWCR,AIYR,AWC,AIY
2619,8472010,49134.0,32976.0,8820.0,1855002,8297041,1855030,8298328,AWCR,AIYR,AWC,AIY
2620,8417505,45894.0,31878.0,7410.0,1855002,8297088,1855226,8303109,AWCR,ASER,AWC,ASE
2621,8417505,45894.0,31878.0,7410.0,1855002,8297088,1855030,8298387,AWCR,AIYR,AWC,AIY
2622,8417499,38304.0,21064.0,2880.0,1855002,8297276,1858237,8376665,AWCR,AWCL,AWC,AWC
2623,8417499,38304.0,21064.0,2880.0,1855002,8297276,1855030,8298737,AWCR,AIYR,AWC,AIY
2624,8417506,46922.0,32406.0,7590.0,1855002,8297082,1858237,8376850,AWCR,AWCL,AWC,AWC
2625,8417506,46922.0,32406.0,7590.0,1855002,8297082,1855030,8298381,AWCR,AIYR,AWC,AIY
2626,8471798,43508.0,30338.0,6090.0,1855002,8297133,1855030,8298431,AWCR,AIYR,AWC,AIY
2627,8471798,43508.0,30338.0,6090.0,1855002,8297133,1858237,8376800,AWCR,AWCL,AWC,AWC
2628,8453707,38322.0,24202.0,2790.0,1854817,8292221,1857495,8355288,BAGL,RIAR,BAG,RIA
2629,8453709,38408.0,23140.0,2610.0,1854817,8292214,1857495,8355282,BAGL,RIAR,BAG,RIA
2630,8453709,38408.0,23140.0,2610.0,1854817,8292214,1852778,8243929,BAGL,AVAR,BAG,AVA
2631,8453710,38420.0,23364.0,2640.0,1854817,8292213,1852778,8243930,BAGL,AVAR,BAG,AVA
2632,8453710,38420.0,23364.0,2640.0,1854817,8292213,1857495,8355283,BAGL,RIAR,BAG,RIA
2633,8453711,38428.0,23540.0,2640.0,1854817,8292213,1852778,8243930,BAGL,AVAR,BAG,AVA
2634,8453711,38428.0,23540.0,2640.0,1854817,8292213,1857495,8355283,BAGL,RIAR,BAG,RIA
2635,8453712,38408.0,23680.0,2640.0,1854817,8292213,1852778,8243930,BAGL,AVAR,BAG,AVA
2636,8453712,38408.0,23680.0,2640.0,1854817,8292213,1857495,8355283,BAGL,RIAR,BAG,RIA
2637,8453713,38400.0,23868.0,2640.0,1854817,8292213,1852778,8243930,BAGL,AVAR,BAG,AVA
2638,8453713,38400.0,23868.0,2640.0,1854817,8292213,1857495,8355283,BAGL,RIAR,BAG,RIA
2639,8453714,38360.0,23964.0,2670.0,1854817,8292212,1857495,8355284,BAGL,RIAR,BAG,RIA
2640,8453714,38360.0,23964.0,2670.0,1854817,8292212,1852778,8243931,BAGL,AVAR,BAG,AVA
2641,8453705,39370.0,26827.0,3060.0,1854817,8292233,1853041,8250248,BAGL,RIBR,BAG,RIB
2642,8453705,39370.0,26827.0,3060.0,1854817,8292233,1857495,8355304,BAGL,RIAR,BAG,RIA
2643,8453726,41756.0,30332.0,6420.0,1854817,8292372,1853041,8250133,BAGL,RIBR,BAG,RIB
2644,8453726,41756.0,30332.0,6420.0,1854817,8292372,1857495,8355416,BAGL,RIAR,BAG,RIA
2645,8453727,41012.0,30072.0,5910.0,1854817,8292355,1853041,8250150,BAGL,RIBR,BAG,RIB
2646,8453727,41012.0,30072.0,5910.0,1854817,8292355,1857495,8355399,BAGL,RIAR,BAG,RIA
2647,8453733,39546.0,27413.0,3450.0,1854817,8292265,1853041,8250234,BAGL,RIBR,BAG,RIB
2648,8453733,39546.0,27413.0,3450.0,1854817,8292265,1857495,8355318,BAGL,RIAR,BAG,RIA
2649,8471799,38514.0,24996.0,3000.0,1854817,8292231,1853041,8250251,BAGL,RIBR,BAG,RIB
2650,8471799,38514.0,24996.0,3000.0,1854817,8292231,1857495,8355295,BAGL,RIAR,BAG,RIA
2651,8453706,38482.0,26739.0,3210.0,1854817,8292257,1854786,8291305,BAGL,RIGR,BAG,RIG
2652,8453706,38482.0,26739.0,3210.0,1854817,8292257,1857495,8355310,BAGL,RIAR,BAG,RIA
2653,8453728,40174.0,29127.0,5430.0,1854817,8292335,1853942,8268787,BAGL,RMFR,BAG,RMF
2654,8453728,40174.0,29127.0,5430.0,1854817,8292335,1857495,8355383,BAGL,RIAR,BAG,RIA
2655,8453728,40174.0,29127.0,5430.0,1854817,8292335,1854786,8291183,BAGL,RIGR,BAG,RIG
2656,8453729,40086.0,28947.0,5130.0,1854817,8292325,1857495,8355373,BAGL,RIAR,BAG,RIA
2657,8453729,40086.0,28947.0,5130.0,1854817,8292325,1853942,8268778,BAGL,RMFR,BAG,RMF
2658,8453730,39982.0,28743.0,4950.0,1854817,8292319,1853942,8268800,BAGL,RMFR,BAG,RMF
2659,8453730,39982.0,28743.0,4950.0,1854817,8292319,1857495,8355367,BAGL,RIAR,BAG,RIA
2660,8453722,36556.0,15288.0,7890.0,1854817,8292032,1853041,8250697,BAGL,RIBR,BAG,RIB
2661,8453716,36362.0,17852.0,4680.0,1854817,8292140,1853041,8250590,BAGL,RIBR,BAG,RIB
2662,8453716,36362.0,17852.0,4680.0,1854817,8292140,1854322,8278987,BAGL,AVER,BAG,AVE
2663,8453717,36254.0,16836.0,5310.0,1854817,8292118,1854322,8279002,BAGL,AVER,BAG,AVE
2664,8453717,36254.0,16836.0,5310.0,1854817,8292118,1853041,8250611,BAGL,RIBR,BAG,RIB
2665,8453718,36214.0,16182.0,6390.0,1854817,8292081,1854322,8279038,BAGL,AVER,BAG,AVE
2666,8453718,36214.0,16182.0,6390.0,1854817,8292081,1853041,8250647,BAGL,RIBR,BAG,RIB
2667,8453719,36166.0,16046.0,6720.0,1854817,8292070,1854322,8279049,BAGL,AVER,BAG,AVE
2668,8453719,36166.0,16046.0,6720.0,1854817,8292070,1853041,8250658,BAGL,RIBR,BAG,RIB
2669,8453720,36226.0,16010.0,7020.0,1854817,8292060,1853041,8250668,BAGL,RIBR,BAG,RIB
2670,8453720,36226.0,16010.0,7020.0,1854817,8292060,1854322,8279059,BAGL,AVER,BAG,AVE
2671,8453721,36262.0,15958.0,7230.0,1854817,8292053,1853041,8250675,BAGL,RIBR,BAG,RIB
2672,8453721,36262.0,15958.0,7230.0,1854817,8292053,1854322,8279066,BAGL,AVER,BAG,AVE
2673,8472011,36394.0,17264.0,5010.0,1854817,8292129,1853041,8250601,BAGL,RIBR,BAG,RIB
2674,8472011,36394.0,17264.0,5010.0,1854817,8292129,1854322,8278992,BAGL,AVER,BAG,AVE
2675,8472012,36294.0,17052.0,5160.0,1854817,8292123,1853041,8250606,BAGL,RIBR,BAG,RIB
2676,8472012,36294.0,17052.0,5160.0,1854817,8292123,1854322,8278997,BAGL,AVER,BAG,AVE
2677,8453740,43950.0,27944.0,16020.0,1853794,8264943,1858167,8374429,BAGR,AIYL,BAG,AIY
2678,8453740,43950.0,27944.0,16020.0,1853794,8264943,1858259,8377120,BAGR,AFDL,BAG,AFD
2679,8461906,38090.0,17064.0,13950.0,1853794,8264423,1854817,8291834,BAGR,BAGL,BAG,BAG
2680,8461906,38090.0,17064.0,13950.0,1853794,8264423,1855622,8314021,BAGR,RIBL,BAG,RIB
2681,8461906,38090.0,17064.0,13950.0,1853794,8264423,1858167,8374678,BAGR,AIYL,BAG,AIY
2682,8453747,42022.0,26744.0,16110.0,1853794,8264773,1857256,8348782,BAGR,AIBR,BAG,AIB
2683,8453747,42022.0,26744.0,16110.0,1853794,8264773,1859108,8394994,BAGR,RIAL,BAG,RIA
2684,8461893,40270.0,20886.0,18180.0,1853794,8264563,1859108,8394874,BAGR,RIAL,BAG,RIA
2685,8461893,40270.0,20886.0,18180.0,1853794,8264563,1855391,8307769,BAGR,AVAL,BAG,AVA
2686,8461894,40222.0,20580.0,17940.0,1853794,8264555,1859108,8394866,BAGR,RIAL,BAG,RIA
2687,8461894,40222.0,20580.0,17940.0,1853794,8264555,1855391,8307761,BAGR,AVAL,BAG,AVA
2688,8461897,40226.0,20024.0,17460.0,1853794,8264539,1859108,8394850,BAGR,RIAL,BAG,RIA
2689,8461897,40226.0,20024.0,17460.0,1853794,8264539,1855391,8307745,BAGR,AVAL,BAG,AVA
2690,8461898,40102.0,19864.0,17280.0,1853794,8264533,1855391,8307582,BAGR,AVAL,BAG,AVA
2691,8461898,40102.0,19864.0,17280.0,1853794,8264533,1859108,8394844,BAGR,RIAL,BAG,RIA
2692,8453744,42514.0,28056.0,15600.0,1853794,8264797,1855622,8313434,BAGR,RIBL,BAG,RIB
2693,8453744,42514.0,28056.0,15600.0,1853794,8264797,1859108,8395011,BAGR,RIAL,BAG,RIA
2694,8453745,42590.0,27468.0,15960.0,1853794,8264785,1855622,8313438,BAGR,RIBL,BAG,RIB
2695,8453745,42590.0,27468.0,15960.0,1853794,8264785,1859108,8394999,BAGR,RIAL,BAG,RIA
2696,8453748,42298.0,26860.0,16590.0,1853794,8264753,1859108,8394978,BAGR,RIAL,BAG,RIA
2697,8453748,42298.0,26860.0,16590.0,1853794,8264753,1855622,8313459,BAGR,RIBL,BAG,RIB
2698,8453752,41790.0,25680.0,17940.0,1853794,8264644,1855622,8313804,BAGR,RIBL,BAG,RIB
2699,8453752,41790.0,25680.0,17940.0,1853794,8264644,1859108,8394935,BAGR,RIAL,BAG,RIA
2700,8453756,41682.0,23940.0,18960.0,1853794,8264610,1855622,8313840,BAGR,RIBL,BAG,RIB
2701,8453756,41682.0,23940.0,18960.0,1853794,8264610,1859108,8394900,BAGR,RIAL,BAG,RIA
2702,8461889,40890.0,22432.0,19020.0,1853794,8264592,1859108,8394902,BAGR,RIAL,BAG,RIA
2703,8461889,40890.0,22432.0,19020.0,1853794,8264592,1855622,8313842,BAGR,RIBL,BAG,RIB
2704,8453749,41798.0,26268.0,16680.0,1853794,8264731,1857256,8348763,BAGR,AIBR,BAG,AIB
2705,8453749,41798.0,26268.0,16680.0,1853794,8264731,1855622,8313462,BAGR,RIBL,BAG,RIB
2706,8453749,41798.0,26268.0,16680.0,1853794,8264731,1859108,8394975,BAGR,RIAL,BAG,RIA
2707,8461887,40402.0,23396.0,19050.0,1853794,8264607,1857421,8353179,BAGR,RIGL,BAG,RIG
2708,8461887,40402.0,23396.0,19050.0,1853794,8264607,1859108,8394903,BAGR,RIAL,BAG,RIA
2709,15137588,40339.0,22609.0,18990.0,1853794,8264591,1859108,8394901,BAGR,RIAL,BAG,RIA
2710,15137588,40339.0,22609.0,18990.0,1853794,8264591,1857421,8353177,BAGR,RIGL,BAG,RIG
2711,8461890,40362.0,22312.0,18840.0,1853794,8264586,1859108,8394896,BAGR,RIAL,BAG,RIA
2712,8461890,40362.0,22312.0,18840.0,1853794,8264586,1857421,8353172,BAGR,RIGL,BAG,RIG
2713,8453755,41362.0,24772.0,18540.0,1853794,8264624,1857073,8343324,BAGR,RIR,BAG,RIR
2714,8453755,41362.0,24772.0,18540.0,1853794,8264624,1859108,8394915,BAGR,RIAL,BAG,RIA
2715,8461900,38514.0,17408.0,15030.0,1853794,8264459,1854817,8291798,BAGR,BAGL,BAG,BAG
2716,8461900,38514.0,17408.0,15030.0,1853794,8264459,1855391,8307843,BAGR,AVAL,BAG,AVA
2717,8461900,38514.0,17408.0,15030.0,1853794,8264459,1855622,8313985,BAGR,RIBL,BAG,RIB
2718,8461908,37718.0,16012.0,12240.0,1853794,8264367,1855622,8314078,BAGR,RIBL,BAG,RIB
2719,8461908,37718.0,16012.0,12240.0,1853794,8264367,1856963,8341101,BAGR,AVEL,BAG,AVE
2720,8461909,37494.0,15676.0,12120.0,1853794,8264363,1855622,8314082,BAGR,RIBL,BAG,RIB
2721,8461909,37494.0,15676.0,12120.0,1853794,8264363,1856963,8341105,BAGR,AVEL,BAG,AVE
2722,8461910,37278.0,15362.0,11730.0,1853794,8264350,1855622,8314095,BAGR,RIBL,BAG,RIB
2723,8461910,37278.0,15362.0,11730.0,1853794,8264350,1856963,8341119,BAGR,AVEL,BAG,AVE
2724,8461911,37184.0,15311.0,11550.0,1853794,8264344,1856963,8341124,BAGR,AVEL,BAG,AVE
2725,8461911,37184.0,15311.0,11550.0,1853794,8264344,1855622,8314100,BAGR,RIBL,BAG,RIB
2726,8461912,37084.0,15211.0,11370.0,1853794,8264338,1856963,8341130,BAGR,AVEL,BAG,AVE
2727,8461912,37084.0,15211.0,11370.0,1853794,8264338,1855622,8314106,BAGR,RIBL,BAG,RIB
2728,8461913,36984.0,15119.0,10950.0,1853794,8264324,1856963,8341144,BAGR,AVEL,BAG,AVE
2729,8461913,36984.0,15119.0,10950.0,1853794,8264324,1855622,8314120,BAGR,RIBL,BAG,RIB
2730,8461914,36914.0,15052.0,10650.0,1853794,8264316,1855622,8314128,BAGR,RIBL,BAG,RIB
2731,8461914,36914.0,15052.0,10650.0,1853794,8264316,1856963,8341152,BAGR,AVEL,BAG,AVE
2732,8461915,36808.0,15027.0,10230.0,1853794,8264302,1856963,8341166,BAGR,AVEL,BAG,AVE
2733,8461915,36808.0,15027.0,10230.0,1853794,8264302,1855622,8314142,BAGR,RIBL,BAG,RIB
2734,8461916,36788.0,15127.0,9930.0,1853794,8264292,1856963,8341176,BAGR,AVEL,BAG,AVE
2735,8461916,36788.0,15127.0,9930.0,1853794,8264292,1855622,8314152,BAGR,RIBL,BAG,RIB
2736,8461917,36708.0,15160.0,9690.0,1853794,8264284,1856963,8341184,BAGR,AVEL,BAG,AVE
2737,8461917,36708.0,15160.0,9690.0,1853794,8264284,1855622,8314160,BAGR,RIBL,BAG,RIB
2738,8461918,36714.0,15294.0,9540.0,1853794,8264279,1855622,8314165,BAGR,RIBL,BAG,RIB
2739,8461918,36714.0,15294.0,9540.0,1853794,8264279,1856963,8341189,BAGR,AVEL,BAG,AVE
2740,8461919,36302.0,15434.0,7380.0,1853794,8264209,1853041,8250680,BAGR,RIBR,BAG,RIB
2741,8461920,36350.0,15546.0,7110.0,1853794,8264200,1853041,8250671,BAGR,RIBR,BAG,RIB
2742,8453753,41682.0,25584.0,18120.0,1853794,8264638,1859108,8394929,BAGR,RIAL,BAG,RIA
2743,8453753,41682.0,25584.0,18120.0,1853794,8264638,1852675,8242382,BAGR,RMFL,BAG,RMF
2744,8453750,41614.0,26020.0,17430.0,1853794,8264708,1852675,8241194,BAGR,RMFL,BAG,RMF
2745,8453750,41614.0,26020.0,17430.0,1853794,8264708,1855622,8313787,BAGR,RIBL,BAG,RIB
2746,8453750,41614.0,26020.0,17430.0,1853794,8264708,1857421,8353068,BAGR,RIGL,BAG,RIG
2747,8453750,41614.0,26020.0,17430.0,1853794,8264708,1859108,8394952,BAGR,RIAL,BAG,RIA
2748,8453754,41598.0,25252.0,18300.0,1853794,8264632,1857421,8353153,BAGR,RIGL,BAG,RIG
2749,8453754,41598.0,25252.0,18300.0,1853794,8264632,1852675,8242388,BAGR,RMFL,BAG,RMF
2750,8453754,41598.0,25252.0,18300.0,1853794,8264632,1859108,8394923,BAGR,RIAL,BAG,RIA
2751,8461925,40250.0,20174.0,14640.0,1858511,8383011,1858222,8375778,BDUL,ADEL,BDU,ADE
2752,8461926,40538.0,20610.0,14790.0,1858511,8383006,1858222,8375771,BDUL,ADEL,BDU,ADE
2753,8461931,50810.0,30236.0,13080.0,1858511,8382846,1858125,8373256,BDUL,AVFR,BDU,AVF
2754,8461931,50810.0,30236.0,13080.0,1858511,8382846,1858313,8378352,BDUL,AVFL,BDU,AVF
2755,8461923,37900.0,17728.0,9840.0,1858511,8383169,1854941,8295643,BDUL,PVCR,BDU,PVC
2756,8461923,37900.0,17728.0,9840.0,1858511,8383169,1854405,8281194,BDUL,AVJL,BDU,AVJ
2757,8461936,59830.0,33782.0,13200.0,1858511,8382750,1857376,8352482,BDUL,AVKR,BDU,AVK
2758,8461933,52469.0,31469.0,12480.0,1858511,8383197,1855821,8318736,BDUL,PVNL,BDU,PVN
2759,8461933,52469.0,31469.0,12480.0,1858511,8383197,1858125,8373231,BDUL,AVFR,BDU,AVF
2760,8461930,47878.0,28316.0,13230.0,1858511,8382865,1857063,8342544,BDUL,CEPshVL,BDU,CEPshV
2761,8461930,47878.0,28316.0,13230.0,1858511,8382865,1855821,8318671,BDUL,PVNL,BDU,PVN
2762,8461928,43782.0,25996.0,14850.0,1858511,8382928,1858599,8385212,BDUL,PVNR,BDU,PVN
2763,8461928,43782.0,25996.0,14850.0,1858511,8382928,1855821,8318614,BDUL,PVNL,BDU,PVN
2764,8461935,52641.0,31433.0,12060.0,1858511,8382810,1856107,8324507,BDUL,AVM,BDU,AVM
2765,8461935,52641.0,31433.0,12060.0,1858511,8382810,1858005,8371554,BDUL,AVDR,BDU,AVD
2766,8461935,52641.0,31433.0,12060.0,1858511,8382810,1854592,8287101,BDUL,RID,BDU,RID
2767,8461927,41148.0,22052.0,15390.0,1858511,8382985,1858599,8385151,BDUL,PVNR,BDU,PVN
2768,8461927,41148.0,22052.0,15390.0,1858511,8382985,1855821,8318580,BDUL,PVNL,BDU,PVN
2769,8461927,41148.0,22052.0,15390.0,1858511,8382985,1857098,8344001,BDUL,SDQL,BDU,SDQ
2770,8461924,39062.0,17984.0,12210.0,1858511,8383092,1853765,8263646,BDUL,IL2DL,BDU,IL2D
2771,8461924,39062.0,17984.0,12210.0,1858511,8383092,1853744,8263220,BDUL,URADL,BDU,URAD
2772,8461945,38448.0,20532.0,4890.0,1859863,8414365,1855138,8300494,BDUR,ALMR,BDU,ALM
2773,8416899,40790.0,24668.0,5340.0,1859863,8414325,1858125,8373912,BDUR,AVFR,BDU,AVF
2774,8416899,40790.0,24668.0,5340.0,1859863,8414325,1855138,8300551,BDUR,ALMR,BDU,ALM
2775,8461946,40258.0,23644.0,5190.0,1859863,8414330,1855138,8300537,BDUR,ALMR,BDU,ALM
2776,8461946,40258.0,23644.0,5190.0,1859863,8414330,1858599,8384765,BDUR,PVNR,BDU,PVN
2777,8461947,40954.0,24856.0,5790.0,1859863,8414311,1858599,8384740,BDUR,PVNR,BDU,PVN
2778,8461947,40954.0,24856.0,5790.0,1859863,8414311,1855138,8300566,BDUR,ALMR,BDU,ALM
2779,8461947,40954.0,24856.0,5790.0,1859863,8414311,1855821,8318204,BDUR,PVNL,BDU,PVN
2780,8461950,49270.0,31542.0,7590.0,1859863,8414202,1858125,8374037,BDUR,AVFR,BDU,AVF
2781,8461943,37776.0,18974.0,5580.0,1859863,8414387,1858050,8371882,BDUR,AVJR,BDU,AVJ
2782,8461943,37776.0,18974.0,5580.0,1859863,8414387,1858125,8373792,BDUR,AVFR,BDU,AVF
2783,8461951,51430.0,32466.0,8070.0,1859863,8414179,1858125,8374016,BDUR,AVFR,BDU,AVF
2784,8461951,51430.0,32466.0,8070.0,1859863,8414179,1854436,8281871,BDUR,HSNR,BDU,HSN
2785,8461955,38270.0,17658.0,9240.0,1859863,8414508,1855821,8318378,BDUR,PVNL,BDU,PVN
2786,8461941,38240.0,17552.0,8610.0,1859863,8414487,1858313,8378759,BDUR,AVFL,BDU,AVF
2787,8461941,38240.0,17552.0,8610.0,1859863,8414487,1858599,8384927,BDUR,PVNR,BDU,PVN
2788,8461948,46118.0,29868.0,6540.0,1859863,8414244,1858599,8384588,BDUR,PVNR,BDU,PVN
2789,8461948,46118.0,29868.0,6540.0,1859863,8414244,1856107,8324808,BDUR,AVM,BDU,AVM
2790,8461949,48886.0,31234.0,7230.0,1859863,8414215,1855821,8318069,BDUR,PVNL,BDU,PVN
2791,8461949,48886.0,31234.0,7230.0,1859863,8414215,1858599,8384562,BDUR,PVNR,BDU,PVN
2792,8461942,37734.0,18856.0,5940.0,1859863,8414399,1858599,8384838,BDUR,PVNR,BDU,PVN
2793,8461942,37734.0,18856.0,5940.0,1859863,8414399,1858050,8371894,BDUR,AVJR,BDU,AVJ
2794,8461942,37734.0,18856.0,5940.0,1859863,8414399,1855821,8318268,BDUR,PVNL,BDU,PVN
2795,8461962,34210.0,17792.0,14760.0,1858882,8390594,1856244,8328466,CEPDL,RIS,CEPD,RIS
2796,8461962,34210.0,17792.0,14760.0,1858882,8390594,1854322,8279314,CEPDL,AVER,CEPD,AVE
2797,8461962,34210.0,17792.0,14760.0,1858882,8390594,1855622,8314252,CEPDL,RIBL,CEPD,RIB
2798,8461964,34234.0,18064.0,15240.0,1858882,8390578,1856244,8328482,CEPDL,RIS,CEPD,RIS
2799,8461964,34234.0,18064.0,15240.0,1858882,8390578,1855622,8314268,CEPDL,RIBL,CEPD,RIB
2800,8461964,34234.0,18064.0,15240.0,1858882,8390578,1854322,8279330,CEPDL,AVER,CEPD,AVE
2801,8461956,33426.0,16552.0,10650.0,1858882,8390728,1854322,8279180,CEPDL,AVER,CEPD,AVE
2802,8461956,33426.0,16552.0,10650.0,1858882,8390728,1858777,8388455,CEPDL,OLLL,CEPD,OLL
2803,8461957,33468.0,16559.0,11310.0,1858882,8390708,1854322,8279200,CEPDL,AVER,CEPD,AVE
2804,8461957,33468.0,16559.0,11310.0,1858882,8390708,1858777,8388435,CEPDL,OLLL,CEPD,OLL
2805,8461958,33990.0,17224.0,12930.0,1858882,8390655,1854322,8279253,CEPDL,AVER,CEPD,AVE
2806,8461958,33990.0,17224.0,12930.0,1858882,8390655,1858777,8388382,CEPDL,OLLL,CEPD,OLL
2807,8461961,34226.0,18048.0,14670.0,1858882,8390597,1859074,8393993,CEPDL,RMDVL,CEPD,RMDV
2808,8461961,34226.0,18048.0,14670.0,1858882,8390597,1854322,8279311,CEPDL,AVER,CEPD,AVE
2809,8461961,34226.0,18048.0,14670.0,1858882,8390597,1858777,8388324,CEPDL,OLLL,CEPD,OLL
2810,8461963,34378.0,18304.0,15060.0,1858882,8390584,1859074,8393980,CEPDL,RMDVL,CEPD,RMDV
2811,8461963,34378.0,18304.0,15060.0,1858882,8390584,1858777,8388312,CEPDL,OLLL,CEPD,OLL
2812,8461963,34378.0,18304.0,15060.0,1858882,8390584,1854322,8279324,CEPDL,AVER,CEPD,AVE
2813,8461959,34302.0,17844.0,14100.0,1858882,8390616,1858777,8388343,CEPDL,OLLL,CEPD,OLL
2814,8461959,34302.0,17844.0,14100.0,1858882,8390616,1859074,8394012,CEPDL,RMDVL,CEPD,RMDV
2815,8461960,34306.0,17928.0,14370.0,1858882,8390607,1858777,8388334,CEPDL,OLLL,CEPD,OLL
2816,8461960,34306.0,17928.0,14370.0,1858882,8390607,1859074,8394003,CEPDL,RMDVL,CEPD,RMDV
2817,8461965,34442.0,18576.0,15240.0,1858882,8390578,1859074,8393970,CEPDL,RMDVL,CEPD,RMDV
2818,8461965,34442.0,18576.0,15240.0,1858882,8390578,1858777,8388306,CEPDL,OLLL,CEPD,OLL
2819,8472014,34786.0,19348.0,15900.0,1858882,8390784,1858777,8388284,CEPDL,OLLL,CEPD,OLL
2820,8472014,34786.0,19348.0,15900.0,1858882,8390784,1859074,8393941,CEPDL,RMDVL,CEPD,RMDV
2821,8461966,34628.0,19356.0,15750.0,1858882,8390779,1858777,8388289,CEPDL,OLLL,CEPD,OLL
2822,8461966,34628.0,19356.0,15750.0,1858882,8390779,1858797,8389187,CEPDL,IL1L,CEPD,IL1L/R
2823,8461966,34628.0,19356.0,15750.0,1858882,8390779,1859074,8393946,CEPDL,RMDVL,CEPD,RMDV
2824,8461973,36174.0,18946.0,12390.0,1858882,8390265,1858916,8391152,CEPDL,OLQDL,CEPD,OLQD
2825,8461973,36174.0,18946.0,12390.0,1858882,8390265,1856836,8337344,CEPDL,IL1DL,CEPD,IL1D
2826,8461974,36806.0,18834.0,12390.0,1858882,8390265,1858916,8391152,CEPDL,OLQDL,CEPD,OLQD
2827,8461974,36806.0,18834.0,12390.0,1858882,8390265,1856836,8337329,CEPDL,IL1DL,CEPD,IL1D
2828,8461975,38366.0,18642.0,12630.0,1858882,8390257,1856836,8337325,CEPDL,IL1DL,CEPD,IL1D
2829,8461975,38366.0,18642.0,12630.0,1858882,8390257,1858916,8391118,CEPDL,OLQDL,CEPD,OLQD
2830,8461971,35822.4,18055.0,9990.0,1858882,8390343,1857550,8357720,CEPDL,RICL,CEPD,RIC
2831,8461971,35822.4,18055.0,9990.0,1858882,8390343,1855653,8315136,CEPDL,RICR,CEPD,RIC
2832,8472013,33142.0,16700.0,10590.0,1858882,8390730,1859074,8394704,CEPDL,RMDVL,CEPD,RMDV
2833,8472013,33142.0,16700.0,10590.0,1858882,8390730,1856836,8337452,CEPDL,IL1DL,CEPD,IL1D
2834,8472013,33142.0,16700.0,10590.0,1858882,8390730,1858821,8389494,CEPDL,URYDL,CEPD,URYD
2835,8461972,36426.0,18166.0,11880.0,1858882,8390282,1855877,8319386,CEPDL,PVR,CEPD,PVR
2836,8461972,36426.0,18166.0,11880.0,1858882,8390282,1857550,8357659,CEPDL,RICL,CEPD,RIC
2837,8461972,36426.0,18166.0,11880.0,1858882,8390282,1859335,8401772,CEPDL,RMHL,CEPD,RMH
2838,8461972,36426.0,18166.0,11880.0,1858882,8390282,1855653,8315197,CEPDL,RICR,CEPD,RIC
2839,8461968,37778.0,19142.0,13680.0,1858882,8390432,1858840,8461967,CEPDL,URXL,CEPD,URX
2840,8461968,37778.0,19142.0,13680.0,1858882,8390432,1857550,8357600,CEPDL,RICL,CEPD,RIC
2841,8461968,37778.0,19142.0,13680.0,1858882,8390432,1859335,8401712,CEPDL,RMHL,CEPD,RMH
2842,8461968,37778.0,19142.0,13680.0,1858882,8390432,1858916,8391190,CEPDL,OLQDL,CEPD,OLQD
2843,8461968,37778.0,19142.0,13680.0,1858882,8390432,1858087,8372969,CEPDL,URBL,CEPD,URB
2844,8472015,38022.0,20202.0,14850.0,1858882,8390524,1855433,8309745,CEPDL,RMHR,CEPD,RMH
2845,8472015,38022.0,20202.0,14850.0,1858882,8390524,1858087,8372922,CEPDL,URBL,CEPD,URB
2846,8472015,38022.0,20202.0,14850.0,1858882,8390524,1855653,8315296,CEPDL,RICR,CEPD,RIC
2847,8471800,38514.0,20052.0,14670.0,1858882,8390498,1858087,8372928,CEPDL,URBL,CEPD,URB
2848,8471800,38514.0,20052.0,14670.0,1858882,8390498,1858840,8390000,CEPDL,URXL,CEPD,URX
2849,8461976,38650.0,21138.0,15180.0,1858882,8390517,1858754,8387570,CEPDL,Fragment,CEPD,Fragment
2850,8461976,38650.0,21138.0,15180.0,1858882,8390517,1858840,8389779,CEPDL,URXL,CEPD,URX
2851,8461976,38650.0,21138.0,15180.0,1858882,8390517,1855433,8309701,CEPDL,RMHR,CEPD,RMH
2852,8461976,38650.0,21138.0,15180.0,1858882,8390517,1855433,8309722,CEPDL,RMHR,CEPD,RMH
2853,8472018,38212.0,21728.0,5010.0,1855306,8305673,1855138,8300498,CEPDR,ALMR,CEPD,ALM
2854,8461994,35534.0,20380.0,6180.0,1855306,8305746,1855559,8312037,CEPDR,OLQDR,CEPD,OLQD
2855,8461994,35534.0,20380.0,6180.0,1855306,8305746,1859210,8397197,CEPDR,IL1DR,CEPD,IL1D
2856,8461995,36234.0,20296.0,5970.0,1855306,8305739,1855559,8312019,CEPDR,OLQDR,CEPD,OLQD
2857,8461995,36234.0,20296.0,5970.0,1855306,8305739,1859210,8397190,CEPDR,IL1DR,CEPD,IL1D
2858,8461996,36658.0,20308.0,5820.0,1855306,8305734,1855559,8311897,CEPDR,OLQDR,CEPD,OLQD
2859,8461996,36658.0,20308.0,5820.0,1855306,8305734,1859210,8397185,CEPDR,IL1DR,CEPD,IL1D
2860,8461997,37056.0,20216.0,5580.0,1855306,8305726,1859210,8397177,CEPDR,IL1DR,CEPD,IL1D
2861,8461997,37056.0,20216.0,5580.0,1855306,8305726,1855559,8311873,CEPDR,OLQDR,CEPD,OLQD
2862,8462019,35102.0,20470.0,6270.0,1855306,8305749,1855559,8312039,CEPDR,OLQDR,CEPD,OLQD
2863,8462019,35102.0,20470.0,6270.0,1855306,8305749,1859210,8397200,CEPDR,IL1DR,CEPD,IL1D
2864,8462004,33290.0,21839.0,4440.0,1855306,8305503,1859210,8462007,CEPDR,IL1DR,CEPD,IL1D
2865,8462004,33290.0,21839.0,4440.0,1855306,8305503,1854271,8277702,CEPDR,OLLR,CEPD,OLL
2866,8462004,33290.0,21839.0,4440.0,1855306,8305503,1857184,8345516,CEPDR,RMDVR,CEPD,RMDV
2867,8461987,37564.0,19824.0,5220.0,1855306,8305444,1858005,8370853,CEPDR,AVDR,CEPD,AVD
2868,8461987,37564.0,19824.0,5220.0,1855306,8305444,1858050,8371868,CEPDR,AVJR,CEPD,AVJ
2869,8461987,37564.0,19824.0,5220.0,1855306,8305444,1859210,8397165,CEPDR,IL1DR,CEPD,IL1D
2870,8461987,37564.0,19824.0,5220.0,1855306,8305444,1855540,8311417,CEPDR,URYDR,CEPD,URYD
2871,8461980,32822.0,18010.0,6810.0,1855306,8305606,1854271,8277790,CEPDR,OLLR,CEPD,OLL
2872,8461980,32822.0,18010.0,6810.0,1855306,8305606,1857184,8345717,CEPDR,RMDVR,CEPD,RMDV
2873,8461980,32822.0,18010.0,6810.0,1855306,8305606,1855540,8311579,CEPDR,URYDR,CEPD,URYD
2874,8461980,32822.0,18010.0,6810.0,1855306,8305606,1859210,8397349,CEPDR,IL1DR,CEPD,IL1D
2875,8461983,32996.0,18572.0,5220.0,1855306,8305553,1854271,8277736,CEPDR,OLLR,CEPD,OLL
2876,8461983,32996.0,18572.0,5220.0,1855306,8305553,1856963,8341332,CEPDR,AVEL,CEPD,AVE
2877,8461984,33104.0,18776.0,5010.0,1855306,8305546,1854271,8277729,CEPDR,OLLR,CEPD,OLL
2878,8461984,33104.0,18776.0,5010.0,1855306,8305546,1856963,8341339,CEPDR,AVEL,CEPD,AVE
2879,8461986,33284.0,19468.0,4620.0,1855306,8305533,1854271,8277716,CEPDR,OLLR,CEPD,OLL
2880,8461986,33284.0,19468.0,4620.0,1855306,8305533,1856963,8341353,CEPDR,AVEL,CEPD,AVE
2881,8461999,33082.0,21115.0,4080.0,1855306,8305514,1854271,8277831,CEPDR,OLLR,CEPD,OLL
2882,8461999,33082.0,21115.0,4080.0,1855306,8305514,1856963,8341833,CEPDR,AVEL,CEPD,AVE
2883,8462000,33350.0,21783.0,4110.0,1855306,8305513,1854271,8277830,CEPDR,OLLR,CEPD,OLL
2884,8462000,33350.0,21783.0,4110.0,1855306,8305513,1856963,8341829,CEPDR,AVEL,CEPD,AVE
2885,8462001,32954.0,20859.0,4140.0,1855306,8305512,1854271,8277829,CEPDR,OLLR,CEPD,OLL
2886,8462001,32954.0,20859.0,4140.0,1855306,8305512,1856963,8341835,CEPDR,AVEL,CEPD,AVE
2887,8462013,33208.0,19900.0,4530.0,1855306,8305530,1854271,8277713,CEPDR,OLLR,CEPD,OLL
2888,8462013,33208.0,19900.0,4530.0,1855306,8305530,1856963,8341356,CEPDR,AVEL,CEPD,AVE
2889,8461981,33004.0,17636.0,6420.0,1855306,8305593,1854271,8277777,CEPDR,OLLR,CEPD,OLL
2890,8461981,33004.0,17636.0,6420.0,1855306,8305593,1859238,8398229,CEPDR,SMDDL,CEPD,SMDD
2891,8461981,33004.0,17636.0,6420.0,1855306,8305593,1856963,8341292,CEPDR,AVEL,CEPD,AVE
2892,8462018,36952.0,22048.0,4620.0,1855306,8305703,1855653,8314954,CEPDR,RICR,CEPD,RIC
2893,8462018,36952.0,22048.0,4620.0,1855306,8305703,1857550,8357925,CEPDR,RICL,CEPD,RIC
2894,8462018,36952.0,22048.0,4620.0,1855306,8305703,1857297,8349939,CEPDR,SIADL,CEPD,SIAD
2895,8472017,37224.0,21636.0,4890.0,1855306,8305677,1854239,8277287,CEPDR,URBR,CEPD,URB
2896,8472017,37224.0,21636.0,4890.0,1855306,8305677,1855653,8314964,CEPDR,RICR,CEPD,RIC
2897,8472017,37224.0,21636.0,4890.0,1855306,8305677,1857550,8358208,CEPDR,RICL,CEPD,RIC
2898,8462015,36540.0,21436.0,4950.0,1855306,8305675,1857297,8349928,CEPDR,SIADL,CEPD,SIAD
2899,8462015,36540.0,21436.0,4950.0,1855306,8305675,1856168,8325609,CEPDR,RMDDR,CEPD,RMDD
2900,8462015,36540.0,21436.0,4950.0,1855306,8305675,1857550,8358210,CEPDR,RICL,CEPD,RIC
2901,8462014,37008.0,22068.0,4740.0,1855306,8305699,1855059,8298804,CEPDR,URXR,CEPD,URX
2902,8462014,37008.0,22068.0,4740.0,1855306,8305699,1859335,8402276,CEPDR,RMHL,CEPD,RMH
2903,8462014,37008.0,22068.0,4740.0,1855306,8305699,1857550,8357919,CEPDR,RICL,CEPD,RIC
2904,8461990,35754.0,19516.0,6240.0,1855306,8305754,1859915,8414722,CEPDR,URADR,CEPD,URAD
2905,8461990,35754.0,19516.0,6240.0,1855306,8305754,1855653,8315011,CEPDR,RICR,CEPD,RIC
2906,8461990,35754.0,19516.0,6240.0,1855306,8305754,1855433,8309158,CEPDR,RMHR,CEPD,RMH
2907,8461990,35754.0,19516.0,6240.0,1855306,8305754,1857550,8357845,CEPDR,RICL,CEPD,RIC
2908,8461998,36828.0,20392.0,5400.0,1855306,8305720,1855653,8315587,CEPDR,RICR,CEPD,RIC
2909,8461998,36828.0,20392.0,5400.0,1855306,8305720,1855559,8312040,CEPDR,OLQDR,CEPD,OLQD
2910,8471802,36976.0,21366.0,4950.0,1855306,8305675,1855653,8314966,CEPDR,RICR,CEPD,RIC
2911,8471802,36976.0,21366.0,4950.0,1855306,8305675,1854239,8277289,CEPDR,URBR,CEPD,URB
2912,8461988,34646.0,18660.0,7860.0,1855306,8305812,1854623,8287424,CEPDR,BWM-DR07,CEPD,BWM07D
2913,8461988,34646.0,18660.0,7860.0,1855306,8305812,1857184,8345752,CEPDR,RMDVR,CEPD,RMDV
2914,8461988,34646.0,18660.0,7860.0,1855306,8305812,1857221,8347266,CEPDR,RMDDL,CEPD,RMDD
2915,8461988,34646.0,18660.0,7860.0,1855306,8305812,1852974,8247861,CEPDR,BWM-DL07,CEPD,BWM07D
2916,8461985,33252.0,19888.0,4680.0,1855306,8305535,1857184,8345531,CEPDR,RMDVR,CEPD,RMDV
2917,8461985,33252.0,19888.0,4680.0,1855306,8305535,1854271,8277718,CEPDR,OLLR,CEPD,OLL
2918,8462002,33134.0,21219.0,4290.0,1855306,8305508,1854271,8277825,CEPDR,OLLR,CEPD,OLL
2919,8462002,33134.0,21219.0,4290.0,1855306,8305508,1857184,8345521,CEPDR,RMDVR,CEPD,RMDV
2920,8471801,33324.0,21906.0,4470.0,1855306,8305502,1857184,8345503,CEPDR,RMDVR,CEPD,RMDV
2921,8471801,33324.0,21906.0,4470.0,1855306,8305502,1854271,8277701,CEPDR,OLLR,CEPD,OLL
2922,8462003,33094.0,20555.0,4350.0,1855306,8305506,1857184,8345529,CEPDR,RMDVR,CEPD,RMDV
2923,8462003,33094.0,20555.0,4350.0,1855306,8305506,1854271,8277707,CEPDR,OLLR,CEPD,OLL
2924,8462003,33094.0,20555.0,4350.0,1855306,8305506,1856963,8341362,CEPDR,AVEL,CEPD,AVE
2925,8462012,33130.0,20083.0,4470.0,1855306,8305502,1854271,8277712,CEPDR,OLLR,CEPD,OLL
2926,8462012,33130.0,20083.0,4470.0,1855306,8305502,1857184,8345529,CEPDR,RMDVR,CEPD,RMDV
2927,8462012,33130.0,20083.0,4470.0,1855306,8305502,1856963,8341358,CEPDR,AVEL,CEPD,AVE
2928,8462017,35572.0,22308.0,4500.0,1855306,8305660,1859335,8402194,CEPDR,RMHL,CEPD,RMH
2929,8462017,35572.0,22308.0,4500.0,1855306,8305660,1854875,8294841,CEPDR,RMGR,CEPD,RMG
2930,8461989,35014.0,19084.0,7560.0,1855306,8305800,1854639,8287621,CEPDR,BWM-DR05,CEPD,BWM05D
2931,8461989,35014.0,19084.0,7560.0,1855306,8305800,1857703,8362385,CEPDR,SMBDL,CEPD,SMBD
2932,8461992,35190.0,19716.0,6210.0,1855306,8305755,1855559,8312027,CEPDR,OLQDR,CEPD,OLQD
2933,8461992,35190.0,19716.0,6210.0,1855306,8305755,1856058,8323929,CEPDR,RIPR,CEPD,RIP
2934,8461992,35190.0,19716.0,6210.0,1855306,8305755,1859915,8414725,CEPDR,URADR,CEPD,URAD
2935,8462028,40376.0,28026.0,13920.0,1859449,8405254,1858777,8388773,CEPVL,OLLL,CEPV,OLL
2936,8462028,40376.0,28026.0,13920.0,1859449,8405254,1854322,8279567,CEPVL,AVER,CEPV,AVE
2937,8462021,37478.0,24916.0,17580.0,1859449,8405371,1854322,8279450,CEPVL,AVER,CEPV,AVE
2938,8462021,37478.0,24916.0,17580.0,1859449,8405371,1857221,8346925,CEPVL,RMDDL,CEPV,RMDD
2939,8462021,37478.0,24916.0,17580.0,1859449,8405371,1858777,8388644,CEPVL,OLLL,CEPV,OLL
2940,8462022,37922.0,25292.0,17220.0,1859449,8405359,1854322,8279462,CEPVL,AVER,CEPV,AVE
2941,8462022,37922.0,25292.0,17220.0,1859449,8405359,1857221,8346913,CEPVL,RMDDL,CEPV,RMDD
2942,8462022,37922.0,25292.0,17220.0,1859449,8405359,1858777,8388656,CEPVL,OLLL,CEPV,OLL
2943,8462030,41057.0,28453.0,12810.0,1859449,8405217,1854175,8276201,CEPVL,SMDVR,CEPV,SMDV
2944,8462030,41057.0,28453.0,12810.0,1859449,8405217,1858777,8388810,CEPVL,OLLL,CEPV,OLL
2945,8462030,41057.0,28453.0,12810.0,1859449,8405217,1854322,8279604,CEPVL,AVER,CEPV,AVE
2946,8462069,45126.0,28107.0,15990.0,1859449,8404933,1885009,8462070,CEPVL,CEPshVL,CEPV,CEPshV
2947,8462065,41318.0,26044.0,14130.0,1859449,8405025,1859048,8393526,CEPVL,OLQVL,CEPV,OLQV
2948,8462065,41318.0,26044.0,14130.0,1859449,8405025,1859192,8396747,CEPVL,IL1VL,CEPV,IL1V
2949,8472024,41638.0,26328.0,14280.0,1859449,8405124,1859192,8396742,CEPVL,IL1VL,CEPV,IL1V
2950,8472024,41638.0,26328.0,14280.0,1859449,8405124,1859048,8393521,CEPVL,OLQVL,CEPV,OLQV
2951,8472024,41638.0,26328.0,14280.0,1859449,8405124,1859335,8401468,CEPVL,RMHL,CEPV,RMH
2952,8472024,41638.0,26328.0,14280.0,1859449,8405124,1857523,8356943,CEPVL,PLNL,CEPV,PLN
2953,8462023,38550.0,26056.0,16590.0,1859449,8405341,1857221,8346894,CEPVL,RMDDL,CEPV,RMDD
2954,8462023,38550.0,26056.0,16590.0,1859449,8405341,1858777,8388674,CEPVL,OLLL,CEPV,OLL
2955,8462025,39018.0,26440.0,15960.0,1859449,8405321,1857221,8346873,CEPVL,RMDDL,CEPV,RMDD
2956,8462025,39018.0,26440.0,15960.0,1859449,8405321,1858777,8388694,CEPVL,OLLL,CEPV,OLL
2957,8462026,40018.0,27232.0,14640.0,1859449,8405278,1858777,8388749,CEPVL,OLLL,CEPV,OLL
2958,8462026,40018.0,27232.0,14640.0,1859449,8405278,1857221,8346829,CEPVL,RMDDL,CEPV,RMDD
2959,8462029,40796.0,28258.0,12960.0,1859449,8405222,1857221,8346755,CEPVL,RMDDL,CEPV,RMDD
2960,8462029,40796.0,28258.0,12960.0,1859449,8405222,1858777,8388805,CEPVL,OLLL,CEPV,OLL
2961,8462068,38898.0,26366.0,16170.0,1859449,8405328,1858777,8388687,CEPVL,OLLL,CEPV,OLL
2962,8462068,38898.0,26366.0,16170.0,1859449,8405328,1857221,8346880,CEPVL,RMDDL,CEPV,RMDD
2963,8462027,40250.0,27644.0,14340.0,1859449,8405268,1858777,8388759,CEPVL,OLLL,CEPV,OLL
2964,8462027,40250.0,27644.0,14340.0,1859449,8405268,1857221,8346819,CEPVL,RMDDL,CEPV,RMDD
2965,8462027,40250.0,27644.0,14340.0,1859449,8405268,1859108,8395238,CEPVL,RIAL,CEPV,RIA
2966,8462031,40985.0,28225.0,12600.0,1859449,8405210,1857894,8367767,CEPVL,URYVL,CEPV,URYV
2967,8462031,40985.0,28225.0,12600.0,1859449,8405210,1857221,8346743,CEPVL,RMDDL,CEPV,RMDD
2968,8462031,40985.0,28225.0,12600.0,1859449,8405210,1858777,8388817,CEPVL,OLLL,CEPV,OLL
2969,8462031,40985.0,28225.0,12600.0,1859449,8405210,1859192,8396981,CEPVL,IL1VL,CEPV,IL1V
2970,8462064,40194.0,25608.0,14460.0,1859449,8405036,1859048,8393514,CEPVL,OLQVL,CEPV,OLQV
2971,8462064,40194.0,25608.0,14460.0,1859449,8405036,1858734,8387309,CEPVL,URAVL,CEPV,URAV
2972,8462063,41310.0,25480.0,14700.0,1859449,8405044,1855877,8319547,CEPVL,PVR,CEPV,PVR
2973,8462063,41310.0,25480.0,14700.0,1859449,8405044,1853712,8262637,CEPVL,RIPL,CEPV,RIP
2974,8462063,41310.0,25480.0,14700.0,1859449,8405044,1859048,8393506,CEPVL,OLQVL,CEPV,OLQV
2975,8462063,41310.0,25480.0,14700.0,1859449,8405044,1858734,8387301,CEPVL,URAVL,CEPV,URAV
2976,8462020,37414.0,24572.0,18150.0,1859449,8405390,1854322,8279429,CEPVL,AVER,CEPV,AVE
2977,8462020,37414.0,24572.0,18150.0,1859449,8405390,1855622,8313718,CEPVL,RIBL,CEPV,RIB
2978,8462024,38866.0,26504.0,16320.0,1859449,8405332,1854322,8279489,CEPVL,AVER,CEPV,AVE
2979,8462024,38866.0,26504.0,16320.0,1859449,8405332,1857894,8367638,CEPVL,URYVL,CEPV,URYV
2980,8462024,38866.0,26504.0,16320.0,1859449,8405332,1855622,8313483,CEPVL,RIBL,CEPV,RIB
2981,8462047,43500.0,27252.0,13140.0,1859449,8405145,1855653,8315451,CEPVL,RICR,CEPV,RIC
2982,8462047,43500.0,27252.0,13140.0,1859449,8405145,1857550,8357331,CEPVL,RICL,CEPV,RIC
2983,8462057,40438.0,23338.0,16080.0,1859449,8405090,1857550,8357489,CEPVL,RICL,CEPV,RIC
2984,8462057,40438.0,23338.0,16080.0,1859449,8405090,1855653,8315546,CEPVL,RICR,CEPV,RIC
2985,8462057,40438.0,23338.0,16080.0,1859449,8405090,1855433,8309666,CEPVL,RMHR,CEPV,RMH
2986,8462062,40530.0,24800.0,15570.0,1859449,8405073,1857550,8357418,CEPVL,RICL,CEPV,RIC
2987,8462062,40530.0,24800.0,15570.0,1859449,8405073,1859048,8393688,CEPVL,OLQVL,CEPV,OLQV
2988,8462062,40530.0,24800.0,15570.0,1859449,8405073,1857657,8361070,CEPVL,SMBVL,CEPV,SMBV
2989,8462059,40842.0,23034.0,15960.0,1859449,8405086,1855653,8315550,CEPVL,RICR,CEPV,RIC
2990,8462059,40842.0,23034.0,15960.0,1859449,8405086,1858087,8372852,CEPVL,URBL,CEPV,URB
2991,8462045,43957.0,27381.0,12480.0,1859449,8405167,1857550,8357309,CEPVL,RICL,CEPV,RIC
2992,8462045,43957.0,27381.0,12480.0,1859449,8405167,1857329,8350851,CEPVL,SIAVL,CEPV,SIAV
2993,8472023,39782.0,22750.0,16050.0,1859449,8405110,1857329,8350696,CEPVL,SIAVL,CEPV,SIAV
2994,8472023,39782.0,22750.0,16050.0,1859449,8405110,1858087,8372753,CEPVL,URBL,CEPV,URB
2995,8472023,39782.0,22750.0,16050.0,1859449,8405110,1855433,8309659,CEPVL,RMHR,CEPV,RMH
2996,8462066,42685.0,27661.0,11190.0,1859449,8405423,1854175,8276255,CEPVL,SMDVR,CEPV,SMDV
2997,8462066,42685.0,27661.0,11190.0,1859449,8405423,1853271,8255248,CEPVL,BWM-VL05,CEPV,BWM05V
2998,8462093,39462.0,24751.0,5520.0,1855951,8320578,1854239,8277113,CEPVR,URBR,CEPV,URB
2999,8462093,39462.0,24751.0,5520.0,1855951,8320578,1855059,8299076,CEPVR,URXR,CEPV,URX
3000,8462093,39462.0,24751.0,5520.0,1855951,8320578,1856023,8322350,CEPVR,Fragment,CEPV,Fragment
3001,8462092,39586.0,23595.0,4920.0,1855951,8320598,1854322,8278880,CEPVR,AVER,CEPV,AVE
3002,8462092,39586.0,23595.0,4920.0,1855951,8320598,1859335,8402221,CEPVR,RMHL,CEPV,RMH
3003,8462092,39586.0,23595.0,4920.0,1855951,8320598,1855695,8315735,CEPVR,IL1R,CEPV,IL1L/R
3004,8462105,40864.0,27040.0,7620.0,1855951,8320624,1855581,8312480,CEPVR,OLQVR,CEPV,OLQV
3005,8462105,40864.0,27040.0,7620.0,1855951,8320624,1856143,8324985,CEPVR,IL1VR,CEPV,IL1V
3006,8462091,41016.0,27234.0,7470.0,1855951,8320619,1855581,8312477,CEPVR,OLQVR,CEPV,OLQV
3007,8462091,41016.0,27234.0,7470.0,1855951,8320619,1856143,8324980,CEPVR,IL1VR,CEPV,IL1V
3008,8462091,41016.0,27234.0,7470.0,1855951,8320619,1855492,8311009,CEPVR,SMBVR,CEPV,SMBV
3009,8462091,41016.0,27234.0,7470.0,1855951,8320619,1855653,8314807,CEPVR,RICR,CEPV,RIC
3010,8462088,39152.0,26830.0,7590.0,1855951,8320623,1855581,8462089,CEPVR,OLQVR,CEPV,OLQV
3011,8462088,39152.0,26830.0,7590.0,1855951,8320623,1856058,8323491,CEPVR,RIPR,CEPV,RIP
3012,8462088,39152.0,26830.0,7590.0,1855951,8320623,1856143,8325090,CEPVR,IL1VR,CEPV,IL1V
3013,8462088,39152.0,26830.0,7590.0,1855951,8320623,1856005,8322149,CEPVR,URAVR,CEPV,URAV
3014,8462076,37478.0,28167.0,6270.0,1855951,8320789,1856963,8341473,CEPVR,AVEL,CEPV,AVE
3015,8462076,37478.0,28167.0,6270.0,1855951,8320789,1854271,8277562,CEPVR,OLLR,CEPV,OLL
3016,8462078,39898.0,29108.0,8310.0,1855951,8320721,1854271,8277630,CEPVR,OLLR,CEPV,OLL
3017,8462078,39898.0,29108.0,8310.0,1855951,8320721,1856963,8341541,CEPVR,AVEL,CEPV,AVE
3018,8462071,35758.0,26671.0,5280.0,1855951,8320822,1856168,8325553,CEPVR,RMDDR,CEPV,RMDD
3019,8462071,35758.0,26671.0,5280.0,1855951,8320822,1856963,8341440,CEPVR,AVEL,CEPV,AVE
3020,8462071,35758.0,26671.0,5280.0,1855951,8320822,1854271,8277528,CEPVR,OLLR,CEPV,OLL
3021,8462072,36002.0,27131.0,5460.0,1855951,8320816,1856963,8341446,CEPVR,AVEL,CEPV,AVE
3022,8462072,36002.0,27131.0,5460.0,1855951,8320816,1856168,8325547,CEPVR,RMDDR,CEPV,RMDD
3023,8462072,36002.0,27131.0,5460.0,1855951,8320816,1854271,8277534,CEPVR,OLLR,CEPV,OLL
3024,8462077,38138.0,28351.0,6570.0,1855951,8320779,1854271,8277572,CEPVR,OLLR,CEPV,OLL
3025,8462077,38138.0,28351.0,6570.0,1855951,8320779,1856963,8341483,CEPVR,AVEL,CEPV,AVE
3026,8462077,38138.0,28351.0,6570.0,1855951,8320779,1852827,8244624,CEPVR,SMDVL,CEPV,SMDV
3027,8462080,40110.0,29032.0,8460.0,1855951,8320716,1854271,8277635,CEPVR,OLLR,CEPV,OLL
3028,8462080,40110.0,29032.0,8460.0,1855951,8320716,1852827,8244694,CEPVR,SMDVL,CEPV,SMDV
3029,8462080,40110.0,29032.0,8460.0,1855951,8320716,1856963,8341546,CEPVR,AVEL,CEPV,AVE
3030,8462074,36522.0,27419.0,5940.0,1855951,8320800,1856168,8325531,CEPVR,RMDDR,CEPV,RMDD
3031,8462074,36522.0,27419.0,5940.0,1855951,8320800,1854271,8277550,CEPVR,OLLR,CEPV,OLL
3032,8462075,36850.0,27527.0,6120.0,1855951,8320794,1856168,8325525,CEPVR,RMDDR,CEPV,RMDD
3033,8462075,36850.0,27527.0,6120.0,1855951,8320794,1854271,8277556,CEPVR,OLLR,CEPV,OLL
3034,8462079,39770.0,28976.0,8430.0,1855951,8320717,1856168,8325433,CEPVR,RMDDR,CEPV,RMDD
3035,8462079,39770.0,28976.0,8430.0,1855951,8320717,1856143,8325031,CEPVR,IL1VR,CEPV,IL1V
3036,8462079,39770.0,28976.0,8430.0,1855951,8320717,1854271,8277634,CEPVR,OLLR,CEPV,OLL
3037,8462100,40557.0,26359.0,6570.0,1855951,8320524,1857550,8358197,CEPVR,RICL,CEPV,RIC
3038,8462100,40557.0,26359.0,6570.0,1855951,8320524,1855581,8312299,CEPVR,OLQVR,CEPV,OLQV
3039,8462100,40557.0,26359.0,6570.0,1855951,8320524,1854239,8277213,CEPVR,URBR,CEPV,URB
3040,8462100,40557.0,26359.0,6570.0,1855951,8320524,1854239,8277245,CEPVR,URBR,CEPV,URB
3041,8462099,39512.0,26179.0,6420.0,1855951,8320529,1855653,8314843,CEPVR,RICR,CEPV,RIC
3042,8462099,39512.0,26179.0,6420.0,1855951,8320529,1855581,8312315,CEPVR,OLQVR,CEPV,OLQV
3043,8462099,39512.0,26179.0,6420.0,1855951,8320529,1859335,8402168,CEPVR,RMHL,CEPV,RMH
3044,8462098,39792.0,25903.0,6300.0,1855951,8320533,1855653,8314847,CEPVR,RICR,CEPV,RIC
3045,8462098,39792.0,25903.0,6300.0,1855951,8320533,1857550,8358019,CEPVR,RICL,CEPV,RIC
3046,8462098,39792.0,25903.0,6300.0,1855951,8320533,1854239,8277180,CEPVR,URBR,CEPV,URB
3047,8462087,42172.0,28090.0,7650.0,1855951,8320625,1857550,8358075,CEPVR,RICL,CEPV,RIC
3048,8462087,42172.0,28090.0,7650.0,1855951,8320625,1855433,8308931,CEPVR,RMHR,CEPV,RMH
3049,8462087,42172.0,28090.0,7650.0,1855951,8320625,1855653,8314801,CEPVR,RICR,CEPV,RIC
3050,8462086,42624.0,28138.0,8040.0,1855951,8320638,1854095,8273939,CEPVR,SIAVR,CEPV,SIAV
3051,8462086,42624.0,28138.0,8040.0,1855951,8320638,1855653,8314789,CEPVR,RICR,CEPV,RIC
3052,8462094,39400.0,24991.0,5640.0,1855951,8320574,1855653,8314881,CEPVR,RICR,CEPV,RIC
3053,8462094,39400.0,24991.0,5640.0,1855951,8320574,1855059,8299080,CEPVR,URXR,CEPV,URX
3054,8462081,40442.0,28756.0,9060.0,1855951,8320696,1859631,8462082,CEPVR,URYVR,CEPV,URYV
3055,8462081,40442.0,28756.0,9060.0,1855951,8320696,1856168,8326280,CEPVR,RMDDR,CEPV,RMDD
3056,8462081,40442.0,28756.0,9060.0,1855951,8320696,1856143,8325052,CEPVR,IL1VR,CEPV,IL1V
3057,8472027,39022.0,25087.0,5670.0,1855951,8320573,1854239,8277143,CEPVR,URBR,CEPV,URB
3058,8472027,39022.0,25087.0,5670.0,1855951,8320573,1856023,8322321,CEPVR,Fragment,CEPV,Fragment
3059,8472027,39022.0,25087.0,5670.0,1855951,8320573,1859497,8406161,CEPVR,RMDR,CEPV,RMDL/R
3060,8472027,39022.0,25087.0,5670.0,1855951,8320573,1859335,8402143,CEPVR,RMHL,CEPV,RMH
3061,8462104,40256.0,26650.0,7140.0,1855951,8320505,1855581,8312338,CEPVR,OLQVR,CEPV,OLQV
3062,8462104,40256.0,26650.0,7140.0,1855951,8320505,1856005,8322134,CEPVR,URAVR,CEPV,URAV
3063,8462101,40588.0,26590.0,6990.0,1855951,8320510,1855581,8312333,CEPVR,OLQVR,CEPV,OLQV
3064,8462101,40588.0,26590.0,6990.0,1855951,8320510,1855877,8319085,CEPVR,PVR,CEPV,PVR
3065,8462101,40588.0,26590.0,6990.0,1855951,8320510,1856058,8323511,CEPVR,RIPR,CEPV,RIP
3066,8462101,40588.0,26590.0,6990.0,1855951,8320510,1856005,8322129,CEPVR,URAVR,CEPV,URAV
3067,8462183,51654.0,30654.0,8790.0,1855193,8301835,1856906,8339644,DVA,FLPR,DVA,FLP
3068,8462183,51654.0,30654.0,8790.0,1855193,8301835,1856489,8335189,DVA,ADEL,DVA,ADE
3069,8462169,36380.0,16652.0,8520.0,1855193,8302260,1857771,8364703,DVA,AIZL,DVA,AIZ
3070,8462169,36380.0,16652.0,8520.0,1855193,8302260,1859413,8404169,DVA,RIML,DVA,RIM
3071,8462150,50020.0,29338.0,11490.0,1855193,8302730,1854971,8295919,DVA,AQR,DVA,AQR
3072,8462154,45118.0,28496.0,13590.0,1855193,8302654,1854528,8284758,DVA,AVBR,DVA,AVB
3073,8462154,45118.0,28496.0,13590.0,1855193,8302654,1854971,8295989,DVA,AQR,DVA,AQR
3074,8462152,50424.0,29678.0,11430.0,1855193,8302728,1854971,8295917,DVA,AQR,DVA,AQR
3075,8462152,50424.0,29678.0,11430.0,1855193,8302728,1857126,8345208,DVA,PVCL,DVA,PVC
3076,8462176,38198.0,24739.0,3900.0,1855193,8302046,1854971,8296696,DVA,AQR,DVA,AQR
3077,8462176,38198.0,24739.0,3900.0,1855193,8302046,1852778,8243764,DVA,AVAR,DVA,AVA
3078,8462176,38198.0,24739.0,3900.0,1855193,8302046,1854941,8295400,DVA,PVCR,DVA,PVC
3079,8472030,36716.0,15815.0,10170.0,1855193,8302315,1856963,8341168,DVA,AVEL,DVA,AVE
3080,8472030,36716.0,15815.0,10170.0,1855193,8302315,1857943,8369149,DVA,AUAL,DVA,AUA
3081,8462159,40158.0,22828.0,17460.0,1855193,8302884,1855391,8307605,DVA,AVAL,DVA,AVA
3082,8462186,41166.0,27768.0,6060.0,1855193,8301975,1855712,8316268,DVA,ADAR,DVA,ADA
3083,8462186,41166.0,27768.0,6060.0,1855193,8301975,1856058,8323552,DVA,RIPR,DVA,RIP
3084,8462186,41166.0,27768.0,6060.0,1855193,8301975,1852778,8243922,DVA,AVAR,DVA,AVA
3085,8462186,41166.0,27768.0,6060.0,1855193,8301975,1855581,8312281,DVA,OLQVR,DVA,OLQV
3086,8462163,37350.0,16854.0,13710.0,1855193,8302429,1856963,8341052,DVA,AVEL,DVA,AVE
3087,8462164,37658.0,16702.0,12300.0,1855193,8302383,1857771,8364757,DVA,AIZL,DVA,AIZ
3088,8462164,37658.0,16702.0,12300.0,1855193,8302383,1856963,8341099,DVA,AVEL,DVA,AVE
3089,8462178,43300.0,30266.0,7650.0,1855193,8301917,1856963,8341810,DVA,AVEL,DVA,AVE
3090,8462178,43300.0,30266.0,7650.0,1855193,8301917,1855089,8299721,DVA,AIZR,DVA,AIZ
3091,8462179,43640.0,30086.0,7980.0,1855193,8301900,1855089,8299706,DVA,AIZR,DVA,AIZ
3092,8462179,43640.0,30086.0,7980.0,1855193,8301900,1856963,8341799,DVA,AVEL,DVA,AVE
3093,8462166,36766.0,15836.0,10650.0,1855193,8302331,1856963,8341152,DVA,AVEL,DVA,AVE
3094,8462166,36766.0,15836.0,10650.0,1855193,8302331,1857943,8369133,DVA,AUAL,DVA,AUA
3095,8462171,36494.0,17162.0,6300.0,1855193,8302186,1853823,8265644,DVA,AUAR,DVA,AUA
3096,8462171,36494.0,17162.0,6300.0,1855193,8302186,1854322,8279035,DVA,AVER,DVA,AVE
3097,8462172,36402.0,17394.0,5880.0,1855193,8302172,1853823,8265608,DVA,AUAR,DVA,AUA
3098,8462172,36402.0,17394.0,5880.0,1855193,8302172,1854322,8279021,DVA,AVER,DVA,AVE
3099,8462173,36288.0,17792.0,5550.0,1855193,8302161,1853823,8265597,DVA,AUAR,DVA,AUA
3100,8462173,36288.0,17792.0,5550.0,1855193,8302161,1854322,8279010,DVA,AVER,DVA,AVE
3101,8462175,35814.0,19343.0,3840.0,1855193,8302105,1854363,8280904,DVA,AVDL,DVA,AVD
3102,8462175,35814.0,19343.0,3840.0,1855193,8302105,1854322,8278945,DVA,AVER,DVA,AVE
3103,8462170,36394.0,17098.0,6690.0,1855193,8302199,1857073,8343717,DVA,RIR,DVA,RIR
3104,8462170,36394.0,17098.0,6690.0,1855193,8302199,1854322,8279048,DVA,AVER,DVA,AVE
3105,8462174,35846.0,18839.0,4200.0,1855193,8302116,1854322,8278956,DVA,AVER,DVA,AVE
3106,8462174,35846.0,18839.0,4200.0,1855193,8302116,1855540,8311656,DVA,URYDR,DVA,URYD
3107,8462153,46024.0,29146.0,12540.0,1855193,8302689,1859108,8395113,DVA,RIAL,DVA,RIA
3108,8462157,43390.0,27992.0,14970.0,1855193,8302608,1857073,8342869,DVA,RIR,DVA,RIR
3109,8462157,43390.0,27992.0,14970.0,1855193,8302608,1859108,8395032,DVA,RIAL,DVA,RIA
3110,8462182,50118.0,30430.0,8790.0,1855193,8301835,1857495,8355674,DVA,RIAR,DVA,RIA
3111,8462160,37314.0,17148.0,14370.0,1855193,8302451,1856963,8341030,DVA,AVEL,DVA,AVE
3112,8462160,37314.0,17148.0,14370.0,1855193,8302451,1855622,8314007,DVA,RIBL,DVA,RIB
3113,8462162,37330.0,17014.0,13950.0,1855193,8302437,1855622,8314021,DVA,RIBL,DVA,RIB
3114,8462162,37330.0,17014.0,13950.0,1855193,8302437,1856963,8341044,DVA,AVEL,DVA,AVE
3115,8462151,50344.0,29130.0,10860.0,1855193,8302844,1852985,8247939,DVA,RIH,DVA,RIH
3116,8462158,42142.0,25932.0,15540.0,1855193,8302589,1859048,8393476,DVA,OLQVL,DVA,OLQV
3117,8462158,42142.0,25932.0,15540.0,1855193,8302589,1856287,8329898,DVA,SIBVR,DVA,SIBV
3118,8462155,45270.0,28700.0,13620.0,1855193,8302653,1857703,8361935,DVA,SMBDL,DVA,SMBD
3119,8462155,45270.0,28700.0,13620.0,1855193,8302653,1857657,8360825,DVA,SMBVL,DVA,SMBV
3120,8462180,45864.0,30358.0,8010.0,1855193,8301890,1856419,8333361,DVA,SMBDR,DVA,SMBD
3121,8462180,45864.0,30358.0,8010.0,1855193,8301890,1855492,8310713,DVA,SMBVR,DVA,SMBV
3122,8462181,47114.0,30506.0,8400.0,1855193,8301877,1856419,8332574,DVA,SMBDR,DVA,SMBD
3123,8462181,47114.0,30506.0,8400.0,1855193,8301877,1855492,8310700,DVA,SMBVR,DVA,SMBV
3124,8462156,43338.0,28232.0,14730.0,1855193,8302616,1854322,8279954,DVA,AVER,DVA,AVE
3125,8462156,43338.0,28232.0,14730.0,1855193,8302616,1857894,8367556,DVA,URYVL,DVA,URYV
3126,8462225,50334.0,30752.0,9480.0,1855271,8304263,1855337,8307301,DVC,AIBL,DVC,AIB
3127,8462225,50334.0,30752.0,9480.0,1855271,8304263,1855391,8308517,DVC,AVAL,DVC,AVA
3128,8462217,49422.0,30700.0,10560.0,1855271,8304290,1852778,8243634,DVC,AVAR,DVC,AVA
3129,8462217,49422.0,30700.0,10560.0,1855271,8304290,1857256,8349016,DVC,AIBR,DVC,AIB
3130,8462219,49286.0,30640.0,10410.0,1855271,8304285,1852778,8243639,DVC,AVAR,DVC,AVA
3131,8462219,49286.0,30640.0,10410.0,1855271,8304285,1857256,8349021,DVC,AIBR,DVC,AIB
3132,8471807,50212.0,30490.0,10740.0,1855271,8304296,1857256,8349009,DVC,AIBR,DVC,AIB
3133,8471807,50212.0,30490.0,10740.0,1855271,8304296,1852778,8243452,DVC,AVAR,DVC,AVA
3134,8462188,43566.0,29812.0,13290.0,1855271,8305326,1857256,8348878,DVC,AIBR,DVC,AIB
3135,8462188,43566.0,29812.0,13290.0,1855271,8305326,1857771,8364115,DVC,AIZL,DVC,AIZ
3136,8462188,43566.0,29812.0,13290.0,1855271,8305326,1854322,8279905,DVC,AVER,DVC,AVE
3137,8462221,49372.0,30782.0,10140.0,1855271,8304276,1852778,8243648,DVC,AVAR,DVC,AVA
3138,8462222,50610.0,30648.0,9900.0,1855271,8304249,1855391,8308709,DVC,AVAL,DVC,AVA
3139,8462222,50610.0,30648.0,9900.0,1855271,8304249,1852778,8243656,DVC,AVAR,DVC,AVA
3140,8462223,50310.0,30532.0,9810.0,1855271,8304252,1852778,8243659,DVC,AVAR,DVC,AVA
3141,8462223,50310.0,30532.0,9810.0,1855271,8304252,1855391,8308706,DVC,AVAL,DVC,AVA
3142,8462226,50058.0,30500.0,9720.0,1855271,8304255,1855391,8308703,DVC,AVAL,DVC,AVA
3143,8462226,50058.0,30500.0,9720.0,1855271,8304255,1852778,8243675,DVC,AVAR,DVC,AVA
3144,8462220,51114.0,30842.0,10110.0,1855271,8304275,1854971,8295875,DVC,AQR,DVC,AQR
3145,8462220,51114.0,30842.0,10110.0,1855271,8304275,1855391,8308716,DVC,AVAL,DVC,AVA
3146,8462220,51114.0,30842.0,10110.0,1855271,8304275,1852778,8243649,DVC,AVAR,DVC,AVA
3147,8462227,49932.0,30587.0,9780.0,1855271,8304253,1855391,8308695,DVC,AVAL,DVC,AVA
3148,8462227,49932.0,30587.0,9780.0,1855271,8304253,1856906,8339619,DVC,FLPR,DVC,FLP
3149,8462227,49932.0,30587.0,9780.0,1855271,8304253,1852778,8243660,DVC,AVAR,DVC,AVA
3150,8462229,40774.0,27144.0,16620.0,1855271,8305216,1855622,8313473,DVC,RIBL,DVC,RIB
3151,8462229,40774.0,27144.0,16620.0,1855271,8305216,1857894,8367432,DVC,URYVL,DVC,URYV
3152,8462231,41012.0,27164.0,16620.0,1855271,8462230,1855622,8313460,DVC,RIBL,DVC,RIB
3153,8462231,41012.0,27164.0,16620.0,1855271,8462230,1857894,8367441,DVC,URYVL,DVC,URYV
3154,8462216,39736.0,29536.0,6180.0,1855271,8304457,1853041,8250814,DVC,RIBR,DVC,RIB
3155,8462200,35844.0,15231.0,11400.0,1855271,8304878,1857256,8348423,DVC,AIBR,DVC,AIB
3156,8462200,35844.0,15231.0,11400.0,1855271,8304878,1857421,8353461,DVC,RIGL,DVC,RIG
3157,8462201,34932.0,15824.0,7740.0,1855271,8304759,1856963,8341246,DVC,AVEL,DVC,AVE
3158,8462201,34932.0,15824.0,7740.0,1855271,8304759,1857613,8359817,DVC,AVKL,DVC,AVK
3159,8462201,34932.0,15824.0,7740.0,1855271,8304759,1854786,8291513,DVC,RIGR,DVC,RIG
3160,8462201,34932.0,15824.0,7740.0,1855271,8304759,1857421,8353585,DVC,RIGL,DVC,RIG
3161,8462201,34932.0,15824.0,7740.0,1855271,8304759,1854322,8279083,DVC,AVER,DVC,AVE
3162,8462189,41110.0,27160.0,16500.0,1855271,8305220,1855622,8313456,DVC,RIBL,DVC,RIB
3163,8462189,41110.0,27160.0,16500.0,1855271,8305220,1857421,8353003,DVC,RIGL,DVC,RIG
3164,8462190,40842.0,26948.0,16800.0,1855271,8305210,1857421,8353013,DVC,RIGL,DVC,RIG
3165,8462190,40842.0,26948.0,16800.0,1855271,8305210,1855622,8313750,DVC,RIBL,DVC,RIB
3166,8462190,40842.0,26948.0,16800.0,1855271,8305210,1857894,8367443,DVC,URYVL,DVC,URYV
3167,8462192,40430.0,25184.0,18330.0,1855271,8305161,1857421,8353154,DVC,RIGL,DVC,RIG
3168,8462192,40430.0,25184.0,18330.0,1855271,8305161,1859269,8399219,DVC,RIVR,DVC,RIV
3169,8416374,36264.0,16958.0,14850.0,1855271,8304992,1852675,8241375,DVC,RMFL,DVC,RMF
3170,8416374,36264.0,16958.0,14850.0,1855271,8304992,1857421,8353347,DVC,RIGL,DVC,RIG
3171,8462194,38306.0,22188.0,18690.0,1855271,8305380,1857421,8353649,DVC,RIGL,DVC,RIG
3172,8462194,38306.0,22188.0,18690.0,1855271,8305380,1852675,8241244,DVC,RMFL,DVC,RMF
3173,8472031,38654.0,22348.0,18780.0,1855271,8305120,1857421,8353170,DVC,RIGL,DVC,RIG
3174,8472031,38654.0,22348.0,18780.0,1855271,8305120,1852675,8241247,DVC,RMFL,DVC,RMF
3175,8462197,36162.0,16528.0,14130.0,1855271,8304968,1852675,8462198,DVC,RMFL,DVC,RMF
3176,8462197,36162.0,16528.0,14130.0,1855271,8304968,1857421,8353371,DVC,RIGL,DVC,RIG
3177,8462197,36162.0,16528.0,14130.0,1855271,8304968,1855622,8314015,DVC,RIBL,DVC,RIB
3178,8462197,36162.0,16528.0,14130.0,1855271,8304968,1857256,8348513,DVC,AIBR,DVC,AIB
3179,8462196,36138.0,16916.0,14970.0,1855271,8304996,1853942,8269350,DVC,RMFR,DVC,RMF
3180,8462196,36138.0,16916.0,14970.0,1855271,8304996,1857421,8353343,DVC,RIGL,DVC,RIG
3181,8462210,35982.0,25671.0,3420.0,1855271,8304552,1857613,8360018,DVC,AVKL,DVC,AVK
3182,8462210,35982.0,25671.0,3420.0,1855271,8304552,1854786,8291298,DVC,RIGR,DVC,RIG
3183,8462205,34958.0,20005.0,3180.0,1855271,8304606,1854786,8291343,DVC,RIGR,DVC,RIG
3184,8462205,34958.0,20005.0,3180.0,1855271,8304606,1853041,8250540,DVC,RIBR,DVC,RIB
3185,8462206,34842.0,19773.0,3180.0,1855271,8304606,1854786,8291343,DVC,RIGR,DVC,RIG
3186,8462206,34842.0,19773.0,3180.0,1855271,8304606,1853041,8250540,DVC,RIBR,DVC,RIB
3187,8462207,34734.0,19597.0,3150.0,1855271,8304605,1854786,8291343,DVC,RIGR,DVC,RIG
3188,8462207,34734.0,19597.0,3150.0,1855271,8304605,1853041,8250539,DVC,RIBR,DVC,RIB
3189,8462212,39102.0,28415.0,4590.0,1855271,8304510,1853041,8250197,DVC,RIBR,DVC,RIB
3190,8462212,39102.0,28415.0,4590.0,1855271,8304510,1854786,8291239,DVC,RIGR,DVC,RIG
3191,8462213,39290.0,28603.0,5040.0,1855271,8304495,1853041,8250182,DVC,RIBR,DVC,RIB
3192,8462213,39290.0,28603.0,5040.0,1855271,8304495,1854786,8291224,DVC,RIGR,DVC,RIG
3193,8462214,39342.0,28699.0,5250.0,1855271,8304488,1853041,8250175,DVC,RIBR,DVC,RIB
3194,8462214,39342.0,28699.0,5250.0,1855271,8304488,1854786,8291189,DVC,RIGR,DVC,RIG
3195,8462215,39386.0,28783.0,5400.0,1855271,8304483,1853041,8250170,DVC,RIBR,DVC,RIB
3196,8462215,39386.0,28783.0,5400.0,1855271,8304483,1854786,8291184,DVC,RIGR,DVC,RIG
3197,8462204,35042.0,20253.0,3240.0,1855271,8304608,1855337,8307367,DVC,AIBL,DVC,AIB
3198,8462204,35042.0,20253.0,3240.0,1855271,8304608,1854786,8291341,DVC,RIGR,DVC,RIG
3199,8462204,35042.0,20253.0,3240.0,1855271,8304608,1853041,8250542,DVC,RIBR,DVC,RIB
3200,8416375,36436.0,16918.0,14880.0,1855271,8304993,1857256,8348538,DVC,AIBR,DVC,AIB
3201,8416375,36436.0,16918.0,14880.0,1855271,8304993,1852675,8241374,DVC,RMFL,DVC,RMF
3202,8472032,38390.0,27829.0,4320.0,1855271,8304520,2096429,8268266,DVC,Fragment,DVC,Fragment
3203,8472032,38390.0,27829.0,4320.0,1855271,8304520,1855337,8307039,DVC,AIBL,DVC,AIB
3204,8472032,38390.0,27829.0,4320.0,1855271,8304520,1854786,8291253,DVC,RIGR,DVC,RIG
3205,8472032,38390.0,27829.0,4320.0,1855271,8304520,1852675,8241994,DVC,RMFL,DVC,RMF
3206,8462209,35090.0,20557.0,3060.0,1855271,8304602,1855337,8307373,DVC,AIBL,DVC,AIB
3207,8462209,35090.0,20557.0,3060.0,1855271,8304602,1853942,8268958,DVC,RMFR,DVC,RMF
3208,8462218,34884.0,20712.0,3000.0,1855271,8304581,1853942,8268956,DVC,RMFR,DVC,RMF
3209,8462218,34884.0,20712.0,3000.0,1855271,8304581,1854786,8291519,DVC,RIGR,DVC,RIG
3210,8462211,38746.0,27991.0,4560.0,1855271,8304511,1855337,8307068,DVC,AIBL,DVC,AIB
3211,8462211,38746.0,27991.0,4560.0,1855271,8304511,1853942,8268844,DVC,RMFR,DVC,RMF
3212,8462211,38746.0,27991.0,4560.0,1855271,8304511,1854786,8291240,DVC,RIGR,DVC,RIG
3213,8462244,49054.0,30178.0,10170.0,1857022,8342024,1852778,8243647,FLPL,AVAR,FLP,AVA
3214,8462244,49054.0,30178.0,10170.0,1857022,8342024,1857256,8349029,FLPL,AIBR,FLP,AIB
3215,8472033,49986.0,29886.0,9600.0,1857022,8342043,1855391,8308699,FLPL,AVAL,FLP,AVA
3216,8472033,49986.0,29886.0,9600.0,1857022,8342043,1855391,8308689,FLPL,AVAL,FLP,AVA
3217,8472033,49986.0,29886.0,9600.0,1857022,8342043,1856906,8339584,FLPL,FLPR,FLP,FLP
3218,8462248,50414.0,29766.0,9600.0,1857022,8342043,1855391,8308699,FLPL,AVAL,FLP,AVA
3219,8462248,50414.0,29766.0,9600.0,1857022,8342043,1852778,8243681,FLPL,AVAR,FLP,AVA
3220,8472034,51738.0,30258.0,10350.0,1857022,8342138,1852778,8243641,FLPL,AVAR,FLP,AVA
3221,8472034,51738.0,30258.0,10350.0,1857022,8342138,1855391,8308724,FLPL,AVAL,FLP,AVA
3222,8462249,50526.0,29766.0,9630.0,1857022,8342042,1855391,8308700,FLPL,AVAL,FLP,AVA
3223,8462249,50526.0,29766.0,9630.0,1857022,8342042,1852778,8243680,FLPL,AVAR,FLP,AVA
3224,8462249,50526.0,29766.0,9630.0,1857022,8342042,1852778,8243666,FLPL,AVAR,FLP,AVA
3225,8462250,50974.0,29926.0,9780.0,1857022,8342037,1855391,8308705,FLPL,AVAL,FLP,AVA
3226,8462250,50974.0,29926.0,9780.0,1857022,8342037,1856906,8339550,FLPL,FLPR,FLP,FLP
3227,8462250,50974.0,29926.0,9780.0,1857022,8342037,1852778,8243661,FLPL,AVAR,FLP,AVA
3228,8462253,49808.0,29774.0,10680.0,1857022,8342096,1855155,8301043,FLPL,SDQR,FLP,SDQ
3229,8462253,49808.0,29774.0,10680.0,1857022,8342096,1854528,8285063,FLPL,AVBR,FLP,AVB
3230,8462253,49808.0,29774.0,10680.0,1857022,8342096,1852778,8243630,FLPL,AVAR,FLP,AVA
3231,8462253,49808.0,29774.0,10680.0,1857022,8342096,1855193,8302848,FLPL,DVA,FLP,DVA
3232,8462251,49122.0,30074.0,9960.0,1857022,8342061,1852778,8243654,FLPL,AVAR,FLP,AVA
3233,8462251,49122.0,30074.0,9960.0,1857022,8342061,1857098,8344224,FLPL,SDQL,FLP,SDQ
3234,8462237,58230.0,33832.0,8910.0,1857022,8341942,1857842,8367258,FLPL,AVBL,FLP,AVB
3235,8462237,58230.0,33832.0,8910.0,1857022,8341942,1856963,8341663,FLPL,AVEL,FLP,AVE
3236,8462234,60350.0,34996.0,9000.0,1857022,8341939,1855391,8308625,FLPL,AVAL,FLP,AVA
3237,8462234,60350.0,34996.0,9000.0,1857022,8341939,1854363,8280821,FLPL,AVDL,FLP,AVD
3238,8462252,57522.0,33612.0,8820.0,1857022,8341945,1854363,8280789,FLPL,AVDL,FLP,AVD
3239,8462252,57522.0,33612.0,8820.0,1857022,8341945,1857842,8367177,FLPL,AVBL,FLP,AVB
3240,8462236,58814.0,34068.0,8850.0,1857022,8341944,1856963,8341668,FLPL,AVEL,FLP,AVE
3241,8462236,58814.0,34068.0,8850.0,1857022,8341944,1854363,8280816,FLPL,AVDL,FLP,AVD
3242,8462236,58814.0,34068.0,8850.0,1857022,8341944,1857842,8367256,FLPL,AVBL,FLP,AVB
3243,8462246,53786.0,31553.0,10440.0,1857022,8342218,1852985,8247974,FLPL,RIH,FLP,RIH
3244,8462246,53786.0,31553.0,10440.0,1857022,8342218,1856682,8336032,FLPL,ADER,FLP,ADE
3245,8462246,53786.0,31553.0,10440.0,1857022,8342218,1854322,8279860,FLPL,AVER,FLP,AVE
3246,8462245,53788.0,31716.0,10470.0,1857022,8342219,1856682,8336033,FLPL,ADER,FLP,ADE
3247,8462245,53788.0,31716.0,10470.0,1857022,8342219,1857126,8344447,FLPL,PVCL,FLP,PVC
3248,8462245,53788.0,31716.0,10470.0,1857022,8342219,1854322,8279859,FLPL,AVER,FLP,AVE
3249,8462254,54332.0,32056.0,10560.0,1857022,8342222,1852985,8462255,FLPL,RIH,FLP,RIH
3250,8462254,54332.0,32056.0,10560.0,1857022,8342222,1854322,8279856,FLPL,AVER,FLP,AVE
3251,8462254,54332.0,32056.0,10560.0,1857022,8342222,1856244,8327533,FLPL,RIS,FLP,RIS
3252,8472036,50522.0,30808.0,9120.0,1856906,8339609,1855391,8308503,FLPR,AVAL,FLP,AVA
3253,8462263,52108.0,30724.0,9300.0,1856906,8339568,1855712,8316028,FLPR,ADAR,FLP,ADA
3254,8462263,52108.0,30724.0,9300.0,1856906,8339568,1855391,8308525,FLPR,AVAL,FLP,AVA
3255,8462265,52424.0,30728.0,9540.0,1856906,8339560,1855391,8308687,FLPR,AVAL,FLP,AVA
3256,8462265,52424.0,30728.0,9540.0,1856906,8339560,1856682,8336002,FLPR,ADER,FLP,ADE
3257,8462266,51348.0,30202.0,9750.0,1856906,8339549,1852778,8243659,FLPR,AVAR,FLP,AVA
3258,8462266,51348.0,30202.0,9750.0,1856906,8339549,1855391,8308704,FLPR,AVAL,FLP,AVA
3259,8462268,51836.0,30448.0,9840.0,1856906,8339552,1852778,8243658,FLPR,AVAR,FLP,AVA
3260,8462268,51836.0,30448.0,9840.0,1856906,8339552,1855391,8308707,FLPR,AVAL,FLP,AVA
3261,8462269,49176.0,30538.0,9780.0,1856906,8339619,1852778,8243660,FLPR,AVAR,FLP,AVA
3262,8462269,49176.0,30538.0,9780.0,1856906,8339619,1855391,8308695,FLPR,AVAL,FLP,AVA
3263,8462264,51036.0,29996.0,9480.0,1856906,8339562,1855391,8308517,FLPR,AVAL,FLP,AVA
3264,8462264,51036.0,29996.0,9480.0,1856906,8339562,1852778,8243671,FLPR,AVAR,FLP,AVA
3265,8462264,51036.0,29996.0,9480.0,1856906,8339562,1852778,8243685,FLPR,AVAR,FLP,AVA
3266,8462273,60418.0,34688.0,9150.0,1856906,8339470,1857126,8344370,FLPR,PVCL,FLP,PVC
3267,8462273,60418.0,34688.0,9150.0,1856906,8339470,1857842,8367250,FLPR,AVBL,FLP,AVB
3268,8462273,60418.0,34688.0,9150.0,1856906,8339470,1855391,8308630,FLPR,AVAL,FLP,AVA
3269,8462273,60418.0,34688.0,9150.0,1856906,8339470,1854363,8280826,FLPR,AVDL,FLP,AVD
3270,8462262,49456.0,30688.0,9450.0,1856906,8339598,1855337,8307302,FLPR,AIBL,FLP,AIB
3271,8462262,49456.0,30688.0,9450.0,1856906,8339598,1856963,8341608,FLPR,AVEL,FLP,AVE
3272,8462262,49456.0,30688.0,9450.0,1856906,8339598,1855391,8308516,FLPR,AVAL,FLP,AVA
3273,8462270,59814.0,34280.0,9030.0,1856906,8339474,1854363,8280821,FLPR,AVDL,FLP,AVD
3274,8462270,59814.0,34280.0,9030.0,1856906,8339474,1856963,8341674,FLPR,AVEL,FLP,AVE
3275,8462270,59814.0,34280.0,9030.0,1856906,8339474,1857842,8367197,FLPR,AVBL,FLP,AVB
3276,8462272,59402.0,34228.0,9030.0,1856906,8339474,1854363,8280822,FLPR,AVDL,FLP,AVD
3277,8462272,59402.0,34228.0,9030.0,1856906,8339474,1857022,8341938,FLPR,FLPL,FLP,FLP
3278,8462272,59402.0,34228.0,9030.0,1856906,8339474,1856963,8341674,FLPR,AVEL,FLP,AVE
3279,8462279,38616.0,16600.0,8100.0,1858541,8383963,1859584,8408640,HSNL,ASKR,HSN,ASK
3280,8462279,38616.0,16600.0,8100.0,1858541,8383963,1856878,8339276,HSNL,AIAR,HSN,AIA
3281,8462279,38616.0,16600.0,8100.0,1858541,8383963,1858448,8381843,HSNL,AIAL,HSN,AIA
3282,8462285,46298.0,28624.0,14520.0,1858541,8383555,1858448,8381392,HSNL,AIAL,HSN,AIA
3283,8462285,46298.0,28624.0,14520.0,1858541,8383555,1858476,8382230,HSNL,PVQL,HSN,PVQ
3284,8462285,46298.0,28624.0,14520.0,1858541,8383555,1857919,8368063,HSNL,ASHL,HSN,ASH
3285,8472037,37442.0,18742.0,4710.0,1858541,8384075,1856878,8339163,HSNL,AIAR,HSN,AIA
3286,8462289,51966.0,31878.0,12570.0,1858541,8384318,1857919,8367956,HSNL,ASHL,HSN,ASH
3287,8462284,45014.0,28044.0,14700.0,1858541,8383573,1854680,8288951,HSNL,ADLL,HSN,ADL
3288,8462284,45014.0,28044.0,14700.0,1858541,8383573,1857732,8363476,HSNL,AVHR,HSN,AVH
3289,8462281,38998.0,17352.0,13050.0,1858541,8383801,1857965,8369787,HSNL,AWBL,HSN,AWB
3290,8462278,39486.0,23033.0,3600.0,1858541,8384121,1859605,8409051,HSNL,AWBR,HSN,AWB
3291,8462283,42398.0,21926.0,16650.0,1858541,8383672,1858125,8472230,HSNL,AVFR,HSN,AVF
3292,8462283,42398.0,21926.0,16650.0,1858541,8383672,1854436,8282566,HSNL,HSNR,HSN,HSN
3293,8462288,52298.0,31718.0,12570.0,1858541,8384318,1858511,8383199,HSNL,BDUL,HSN,BDU
3294,8462288,52298.0,31718.0,12570.0,1858541,8384318,1855821,8318732,HSNL,PVNL,HSN,PVN
3295,8462292,54386.0,32142.0,12330.0,1858541,8383419,1855821,8318751,HSNL,PVNL,HSN,PVN
3296,8462292,54386.0,32142.0,12330.0,1858541,8383419,1858511,8383208,HSNL,BDUL,HSN,BDU
3297,8462290,52286.0,31840.0,12390.0,1858541,8384324,1858195,8375123,HSNL,RIFL,HSN,RIF
3298,8462290,52286.0,31840.0,12390.0,1858541,8384324,1858599,8385396,HSNL,PVNR,HSN,PVN
3299,8462290,52286.0,31840.0,12390.0,1858541,8384324,1858511,8382821,HSNL,BDUL,HSN,BDU
3300,8462277,46602.0,30718.0,7050.0,1858541,8384266,1858125,8373980,HSNL,AVFR,HSN,AVF
3301,8462277,46602.0,30718.0,7050.0,1858541,8384266,1859653,8409846,HSNL,RIFR,HSN,RIF
3302,8462286,47778.0,28912.0,13830.0,1858541,8383518,1858195,8375212,HSNL,RIFL,HSN,RIF
3303,8462286,47778.0,28912.0,13830.0,1858541,8383518,1858348,8379311,HSNL,RMGL,HSN,RMG
3304,8462327,44142.0,29760.0,6120.0,1854436,8281992,1854304,8278436,HSNR,ASHR,HSN,ASH
3305,8462327,44142.0,29760.0,6120.0,1854436,8281992,1856878,8338940,HSNR,AIAR,HSN,AIA
3306,8462328,47294.0,31600.0,6780.0,1854436,8281940,1859584,8408296,HSNR,ASKR,HSN,ASK
3307,8462328,47294.0,31600.0,6780.0,1854436,8281940,1856878,8338918,HSNR,AIAR,HSN,AIA
3308,8462318,38418.0,16316.0,9330.0,1854436,8282321,1857965,8369910,HSNR,AWBL,HSN,AWB
3309,8462318,38418.0,16316.0,9330.0,1854436,8282321,1857919,8368444,HSNR,ASHL,HSN,ASH
3310,8462315,38738.0,16870.0,11910.0,1854436,8282405,1858683,8386387,HSNR,AWAL,HSN,AWA
3311,8462315,38738.0,16870.0,11910.0,1854436,8282405,1857965,8369825,HSNR,AWBL,HSN,AWB
3312,8462329,52042.0,32762.0,8490.0,1854436,8281857,1856107,8324721,HSNR,AVM,HSN,AVM
3313,8462329,52042.0,32762.0,8490.0,1854436,8281857,1854405,8281605,HSNR,AVJL,HSN,AVJ
3314,8462329,52042.0,32762.0,8490.0,1854436,8281857,1859863,8414161,HSNR,BDUR,HSN,BDU
3315,8462330,57404.0,34200.0,9300.0,1854436,8281800,1859653,8409697,HSNR,RIFR,HSN,RIF
3316,8462330,57404.0,34200.0,9300.0,1854436,8281800,1859863,8414116,HSNR,BDUR,HSN,BDU
3317,8462332,57624.0,34244.0,9330.0,1854436,8281799,1859863,8414108,HSNR,BDUR,HSN,BDU
3318,8462332,57624.0,34244.0,9330.0,1854436,8281799,1859653,8409696,HSNR,RIFR,HSN,RIF
3319,8462324,38200.0,20533.0,3690.0,1854436,8282135,1854478,8283018,HSNR,PVQR,HSN,PVQ
3320,8467599,33242.0,18012.0,12330.0,1856836,8337396,1852913,8245824,IL1DL,BWM-DL01,IL1D,BWM01D
3321,8467599,33242.0,18012.0,12330.0,1856836,8337396,1853744,8263468,IL1DL,URADL,IL1D,URAD
3322,8467599,33242.0,18012.0,12330.0,1856836,8337396,1853712,8262814,IL1DL,RIPL,IL1D,RIP
3323,8471819,34488.0,20076.0,16170.0,1856836,8337602,1859074,8393932,IL1DL,RMDVL,IL1D,RMDV
3324,8471819,34488.0,20076.0,16170.0,1856836,8337602,1858777,8388275,IL1DL,OLLL,IL1D,OLL
3325,8462360,34834.0,20516.0,16500.0,1856836,8337612,1858797,8389089,IL1DL,IL1L,IL1D,IL1L/R
3326,8462360,34834.0,20516.0,16500.0,1856836,8337612,1859074,8393922,IL1DL,RMDVL,IL1D,RMDV
3327,8462360,34834.0,20516.0,16500.0,1856836,8337612,1858777,8388265,IL1DL,OLLL,IL1D,OLL
3328,8467603,37718.0,18486.0,12240.0,1856836,8337338,1853712,8262871,IL1DL,RIPL,IL1D,RIP
3329,8467603,37718.0,18486.0,12240.0,1856836,8337338,1855877,8319398,IL1DL,PVR,IL1D,PVR
3330,8462607,34474.0,18868.0,12960.0,1856836,8337363,1852913,8245847,IL1DL,BWM-DL01,IL1D,BWM01D
3331,8462607,34474.0,18868.0,12960.0,1856836,8337363,1859074,8394734,IL1DL,RMDVL,IL1D,RMDV
3332,8467600,34628.0,18518.0,12270.0,1856836,8337487,1852913,8245822,IL1DL,BWM-DL01,IL1D,BWM01D
3333,8467600,34628.0,18518.0,12270.0,1856836,8337487,1859074,8394717,IL1DL,RMDVL,IL1D,RMDV
3334,8467601,34794.0,18930.0,12780.0,1856836,8337357,1852913,8245841,IL1DL,BWM-DL01,IL1D,BWM01D
3335,8467601,34794.0,18930.0,12780.0,1856836,8337357,1859074,8394740,IL1DL,RMDVL,IL1D,RMDV
3336,8467594,33610.0,18816.0,13830.0,1856836,8337524,1853236,8254623,IL1DL,BWM-DL02,IL1D,BWM02D
3337,8467594,33610.0,18816.0,13830.0,1856836,8337524,1853744,8467596,IL1DL,URADL,IL1D,URAD
3338,8467594,33610.0,18816.0,13830.0,1856836,8337524,1852913,8245938,IL1DL,BWM-DL01,IL1D,BWM01D
3339,8467594,33610.0,18816.0,13830.0,1856836,8337524,1853712,8262764,IL1DL,RIPL,IL1D,RIP
3340,8467594,33610.0,18816.0,13830.0,1856836,8337524,1859074,8394021,IL1DL,RMDVL,IL1D,RMDV
3341,8467597,34090.0,18840.0,13230.0,1856836,8337504,1856168,8326112,IL1DL,RMDDR,IL1D,RMDD
3342,8467597,34090.0,18840.0,13230.0,1856836,8337504,1852913,8245857,IL1DL,BWM-DL01,IL1D,BWM01D
3343,8467597,34090.0,18840.0,13230.0,1856836,8337504,1853236,8254674,IL1DL,BWM-DL02,IL1D,BWM02D
3344,8467597,34090.0,18840.0,13230.0,1856836,8337504,1859074,8394041,IL1DL,RMDVL,IL1D,RMDV
3345,8467592,33610.0,18996.0,14160.0,1856836,8337535,1856030,8322452,IL1DL,RMEL,IL1D,RMEL/R
3346,8467592,33610.0,18996.0,14160.0,1856836,8337535,1853236,8254692,IL1DL,BWM-DL02,IL1D,BWM02D
3347,8467592,33610.0,18996.0,14160.0,1856836,8337535,1859074,8394010,IL1DL,RMDVL,IL1D,RMDV
3348,8471815,33308.0,20410.0,6150.0,1859210,8397210,1856058,8323905,IL1DR,RIPR,IL1D,RIP
3349,8471815,33308.0,20410.0,6150.0,1859210,8397210,1854729,8290182,IL1DR,BWM-DR02,IL1D,BWM02D
3350,8471815,33308.0,20410.0,6150.0,1859210,8397210,1852870,8245292,IL1DR,BWM-DR04,IL1D,BWM04D
3351,8467625,33218.0,20436.0,5940.0,1859210,8397217,1854763,8290545,IL1DR,BWM-DR01,IL1D,BWM01D
3352,8467625,33218.0,20436.0,5940.0,1859210,8397217,1854729,8290218,IL1DR,BWM-DR02,IL1D,BWM02D
3353,8467625,33218.0,20436.0,5940.0,1859210,8397217,1852870,8245258,IL1DR,BWM-DR04,IL1D,BWM04D
3354,8467625,33218.0,20436.0,5940.0,1859210,8397217,1857184,8345629,IL1DR,RMDVR,IL1D,RMDV
3355,8467607,32382.0,20892.0,5430.0,1859210,8397249,1856058,8467624,IL1DR,RIPR,IL1D,RIP
3356,8467607,32382.0,20892.0,5430.0,1859210,8397249,1857184,8345609,IL1DR,RMDVR,IL1D,RMDV
3357,8467607,32382.0,20892.0,5430.0,1859210,8397249,1854565,8285769,IL1DR,RMER,IL1D,RMEL/R
3358,8467607,32382.0,20892.0,5430.0,1859210,8397249,1854729,8290206,IL1DR,BWM-DR02,IL1D,BWM02D
3359,8467626,33774.0,20376.0,6210.0,1859210,8397208,1854763,8290538,IL1DR,BWM-DR01,IL1D,BWM01D
3360,8467626,33774.0,20376.0,6210.0,1859210,8397208,1857184,8345638,IL1DR,RMDVR,IL1D,RMDV
3361,8467642,33546.0,19940.0,6330.0,1859210,8397388,1854763,8290479,IL1DR,BWM-DR01,IL1D,BWM01D
3362,8467642,33546.0,19940.0,6330.0,1859210,8397388,1857184,8345689,IL1DR,RMDVR,IL1D,RMDV
3363,8467632,33970.0,19972.0,6420.0,1859210,8397391,1854763,8290477,IL1DR,BWM-DR01,IL1D,BWM01D
3364,8467632,33970.0,19972.0,6420.0,1859210,8397391,1857184,8345692,IL1DR,RMDVR,IL1D,RMDV
3365,8467643,32182.0,19384.0,6240.0,1859210,8397383,1857184,8345683,IL1DR,RMDVR,IL1D,RMDV
3366,8467643,32182.0,19384.0,6240.0,1859210,8397383,1854763,8290610,IL1DR,BWM-DR01,IL1D,BWM01D
3367,8467628,33150.0,22712.0,4470.0,1859210,8397283,1857184,8472066,IL1DR,RMDVR,IL1D,RMDV
3368,8467628,33150.0,22712.0,4470.0,1859210,8397283,1854271,8277701,IL1DR,OLLR,IL1D,OLL
3369,8467628,33150.0,22712.0,4470.0,1859210,8397283,1855695,8315877,IL1DR,IL1R,IL1D,IL1L/R
3370,8467629,33248.0,22890.0,4500.0,1859210,8397282,1854271,8277700,IL1DR,OLLR,IL1D,OLL
3371,8467629,33248.0,22890.0,4500.0,1859210,8397282,1857184,8472065,IL1DR,RMDVR,IL1D,RMDV
3372,8467629,33248.0,22890.0,4500.0,1859210,8397282,1855695,8315874,IL1DR,IL1R,IL1D,IL1L/R
3373,8467631,33412.0,23210.0,4530.0,1859210,8397281,1855695,8315875,IL1DR,IL1R,IL1D,IL1L/R
3374,8467631,33412.0,23210.0,4530.0,1859210,8397281,1857184,8345505,IL1DR,RMDVR,IL1D,RMDV
3375,8467631,33412.0,23210.0,4530.0,1859210,8397281,1854271,8277699,IL1DR,OLLR,IL1D,OLL
3376,8467634,32578.0,19616.0,6390.0,1859210,8397400,1856058,8467635,IL1DR,RIPR,IL1D,RIP
3377,8467634,32578.0,19616.0,6390.0,1859210,8397400,1854565,8285815,IL1DR,RMER,IL1D,RMEL/R
3378,8467634,32578.0,19616.0,6390.0,1859210,8397400,1854763,8290605,IL1DR,BWM-DR01,IL1D,BWM01D
3379,8467634,32578.0,19616.0,6390.0,1859210,8397400,1857184,8345699,IL1DR,RMDVR,IL1D,RMDV
3380,8462452,36342.0,22030.0,17610.0,1858797,8389131,1859497,8407023,IL1L,RMDR,IL1L/R,RMDL/R
3381,8462452,36342.0,22030.0,17610.0,1858797,8389131,1854322,8279406,IL1L,AVER,IL1L/R,AVE
3382,8471818,36516.0,22768.0,16650.0,1858797,8389094,1853236,8254846,IL1L,BWM-DL02,IL1L/R,BWM02D
3383,8471818,36516.0,22768.0,16650.0,1858797,8389094,1853433,8258452,IL1L,BWM-VL02,IL1L/R,BWM02V
3384,8471818,36516.0,22768.0,16650.0,1858797,8389094,1853236,8254906,IL1L,BWM-DL02,IL1L/R,BWM02D
3385,8467660,36214.0,20786.0,15660.0,1858797,8389218,1853433,8258407,IL1L,BWM-VL02,IL1L/R,BWM02V
3386,8467660,36214.0,20786.0,15660.0,1858797,8389218,1853433,8258401,IL1L,BWM-VL02,IL1L/R,BWM02V
3387,8467658,35410.0,20758.0,15630.0,1858797,8389191,1853236,8254950,IL1L,BWM-DL02,IL1L/R,BWM02D
3388,8467658,35410.0,20758.0,15630.0,1858797,8389191,1853236,8254795,IL1L,BWM-DL02,IL1L/R,BWM02D
3389,8467658,35410.0,20758.0,15630.0,1858797,8389191,1853433,8258402,IL1L,BWM-VL02,IL1L/R,BWM02V
3390,8467658,35410.0,20758.0,15630.0,1858797,8389191,1853433,8258353,IL1L,BWM-VL02,IL1L/R,BWM02V
3391,8467658,35410.0,20758.0,15630.0,1858797,8389191,1859074,8393952,IL1L,RMDVL,IL1L/R,RMDV
3392,8467649,36750.0,23058.0,16800.0,1858797,8389099,1857221,8346954,IL1L,RMDDL,IL1L/R,RMDD
3393,8467649,36750.0,23058.0,16800.0,1858797,8389099,1853433,8258442,IL1L,BWM-VL02,IL1L/R,BWM02V
3394,8467651,36930.0,22554.0,16710.0,1858797,8389096,1853433,8258439,IL1L,BWM-VL02,IL1L/R,BWM02V
3395,8467651,36930.0,22554.0,16710.0,1858797,8389096,1857221,8346957,IL1L,RMDDL,IL1L/R,RMDD
3396,8467653,37906.0,22302.0,16530.0,1858797,8389090,1853433,8258522,IL1L,BWM-VL02,IL1L/R,BWM02V
3397,8467653,37906.0,22302.0,16530.0,1858797,8389090,1858998,8392332,IL1L,RMDL,IL1L/R,RMDL/R
3398,8467654,37898.0,22502.0,16590.0,1858797,8389092,1853433,8258524,IL1L,BWM-VL02,IL1L/R,BWM02V
3399,8467654,37898.0,22502.0,16590.0,1858797,8389092,1858998,8392330,IL1L,RMDL,IL1L/R,RMDL/R
3400,8467661,36722.0,21098.0,15720.0,1858797,8389214,1853433,8258399,IL1L,BWM-VL02,IL1L/R,BWM02V
3401,8467661,36722.0,21098.0,15720.0,1858797,8389214,1858998,8393106,IL1L,RMDL,IL1L/R,RMDL/R
3402,8467664,36204.0,23132.0,16800.0,1858797,8389099,1853433,8258442,IL1L,BWM-VL02,IL1L/R,BWM02V
3403,8467664,36204.0,23132.0,16800.0,1858797,8389099,1854565,8285626,IL1L,RMER,IL1L/R,RMEL/R
3404,8472045,38298.0,22058.0,15930.0,1858797,8389069,1855433,8309669,IL1L,RMHR,IL1L/R,RMH
3405,8472045,38298.0,22058.0,15930.0,1858797,8389069,1853433,8258485,IL1L,BWM-VL02,IL1L/R,BWM02V
3406,8467655,37878.0,22378.0,16320.0,1858797,8389081,1853357,8257300,IL1L,BWM-VL04,IL1L/R,BWM04V
3407,8467655,37878.0,22378.0,16320.0,1858797,8389081,1853433,8258426,IL1L,BWM-VL02,IL1L/R,BWM02V
3408,8467655,37878.0,22378.0,16320.0,1858797,8389081,1855433,8309648,IL1L,RMHR,IL1L/R,RMH
3409,8472044,36430.0,24346.0,16980.0,1858797,8389162,1853357,8257365,IL1L,BWM-VL04,IL1L/R,BWM04V
3410,8472044,36430.0,24346.0,16980.0,1858797,8389162,1857221,8346907,IL1L,RMDDL,IL1L/R,RMDD
3411,8471820,34688.0,20236.0,16140.0,1858797,8389174,1859074,8393933,IL1L,RMDVL,IL1L/R,RMDV
3412,8467656,34346.0,20048.0,15210.0,1858797,8389205,1856168,8326090,IL1L,RMDDR,IL1L/R,RMDD
3413,8467656,34346.0,20048.0,15210.0,1858797,8389205,1856168,8326096,IL1L,RMDDR,IL1L/R,RMDD
3414,8467656,34346.0,20048.0,15210.0,1858797,8389205,1859074,8393973,IL1L,RMDVL,IL1L/R,RMDV
3415,8467792,33912.0,22854.0,5400.0,1855695,8315833,1854729,8290054,IL1R,BWM-DR02,IL1L/R,BWM02D
3416,8467792,33912.0,22854.0,5400.0,1855695,8315833,1857221,8347625,IL1R,RMDDL,IL1L/R,RMDD
3417,8467792,33912.0,22854.0,5400.0,1855695,8315833,1857184,8345556,IL1R,RMDVR,IL1L/R,RMDV
3418,8467792,33912.0,22854.0,5400.0,1855695,8315833,1852870,8245525,IL1R,BWM-DR04,IL1L/R,BWM04D
3419,8467797,32488.0,21918.0,5250.0,1855695,8315828,1854763,8290530,IL1R,BWM-DR01,IL1L/R,BWM01D
3420,8467797,32488.0,21918.0,5250.0,1855695,8315828,1854729,8290211,IL1R,BWM-DR02,IL1L/R,BWM02D
3421,8467797,32488.0,21918.0,5250.0,1855695,8315828,1857184,8345603,IL1R,RMDVR,IL1L/R,RMDV
3422,8467797,32488.0,21918.0,5250.0,1855695,8315828,1859210,8397256,IL1R,IL1DR,IL1L/R,IL1D
3423,8467797,32488.0,21918.0,5250.0,1855695,8315828,1854763,8290527,IL1R,BWM-DR01,IL1L/R,BWM01D
3424,8467670,34922.0,25935.0,6540.0,1855695,8315801,1853558,8260371,IL1R,BWM-VR01,IL1L/R,BWM01V
3425,8467793,34484.0,23122.0,5400.0,1855695,8315833,1852870,8245330,IL1R,BWM-DR04,IL1L/R,BWM04D
3426,8467793,34484.0,23122.0,5400.0,1855695,8315833,1853484,8259377,IL1R,BWM-VR02,IL1L/R,BWM02V
3427,8467793,34484.0,23122.0,5400.0,1855695,8315833,1857184,8345564,IL1R,RMDVR,IL1L/R,RMDV
3428,8467793,34484.0,23122.0,5400.0,1855695,8315833,1854729,8290043,IL1R,BWM-DR02,IL1L/R,BWM02D
3429,8467676,37200.0,24370.0,5610.0,1855695,8315770,1853484,8259334,IL1R,BWM-VR02,IL1L/R,BWM02V
3430,8467676,37200.0,24370.0,5610.0,1855695,8315770,1856030,8323306,IL1R,RMEL,IL1L/R,RMEL/R
3431,8467674,35586.0,24999.0,5850.0,1855695,8315778,1856168,8325534,IL1R,RMDDR,IL1L/R,RMDD
3432,8467674,35586.0,24999.0,5850.0,1855695,8315778,1854729,8290323,IL1R,BWM-DR02,IL1L/R,BWM02D
3433,8472046,35354.0,24967.0,6060.0,1855695,8315785,1854729,8290316,IL1R,BWM-DR02,IL1L/R,BWM02D
3434,8472046,35354.0,24967.0,6060.0,1855695,8315785,1853484,8259392,IL1R,BWM-VR02,IL1L/R,BWM02V
3435,8472046,35354.0,24967.0,6060.0,1855695,8315785,1856168,8326249,IL1R,RMDDR,IL1L/R,RMDD
3436,8467673,34902.0,25207.0,6270.0,1855695,8315792,1859074,8394404,IL1R,RMDVL,IL1L/R,RMDV
3437,8467673,34902.0,25207.0,6270.0,1855695,8315792,1859074,8394690,IL1R,RMDVL,IL1L/R,RMDV
3438,8467673,34902.0,25207.0,6270.0,1855695,8315792,1854729,8290280,IL1R,BWM-DR02,IL1L/R,BWM02D
3439,8467673,34902.0,25207.0,6270.0,1855695,8315792,1853484,8259198,IL1R,BWM-VR02,IL1L/R,BWM02V
3440,8467673,34902.0,25207.0,6270.0,1855695,8315792,1856168,8326256,IL1R,RMDDR,IL1L/R,RMDD
3441,8467667,35246.0,26163.0,6570.0,1855695,8315802,1856542,8335504,IL1R,GLRR,IL1L/R,GLRL/R
3442,8467667,35246.0,26163.0,6570.0,1855695,8315802,1853484,8259175,IL1R,BWM-VR02,IL1L/R,BWM02V
3443,8467667,35246.0,26163.0,6570.0,1855695,8315802,1856168,8326273,IL1R,RMDDR,IL1L/R,RMDD
3444,8467668,35370.0,26439.0,6480.0,1855695,8315799,1856143,8325135,IL1R,IL1VR,IL1L/R,IL1V
3445,8467668,35370.0,26439.0,6480.0,1855695,8315799,1856168,8326269,IL1R,RMDDR,IL1L/R,RMDD
3446,8467791,35032.0,24406.0,4620.0,1855695,8315859,1858998,8392814,IL1R,RMDL,IL1L/R,RMDL/R
3447,8467791,35032.0,24406.0,4620.0,1855695,8315859,1856963,8341411,IL1R,AVEL,IL1L/R,AVE
3448,8467675,36570.0,24723.0,5760.0,1855695,8315806,1853484,8472206,IL1R,BWM-VR02,IL1L/R,BWM02V
3449,8467675,36570.0,24723.0,5760.0,1855695,8315806,1852675,8241875,IL1R,RMFL,IL1L/R,RMF
3450,8467675,36570.0,24723.0,5760.0,1855695,8315806,1859074,8394368,IL1R,RMDVL,IL1L/R,RMDV
3451,8467675,36570.0,24723.0,5760.0,1855695,8315806,1859497,8406195,IL1R,RMDR,IL1L/R,RMDL/R
3452,8462532,37086.0,24439.0,4950.0,1855695,8315746,1858998,8392839,IL1R,RMDL,IL1L/R,RMDL/R
3453,8462532,37086.0,24439.0,4950.0,1855695,8315746,1859497,8406216,IL1R,RMDR,IL1L/R,RMDL/R
3454,8467735,37316.0,24430.0,5580.0,1855695,8315769,1859335,8402169,IL1R,RMHL,IL1L/R,RMH
3455,8467735,37316.0,24430.0,5580.0,1855695,8315769,1859497,8406175,IL1R,RMDR,IL1L/R,RMDL/R
3456,8467735,37316.0,24430.0,5580.0,1855695,8315769,1858998,8392978,IL1R,RMDL,IL1L/R,RMDL/R
3457,8467894,42094.0,26342.0,14580.0,1859192,8396732,1853712,8262633,IL1VL,RIPL,IL1V,RIP
3458,8467894,42094.0,26342.0,14580.0,1859192,8396732,1855877,8319551,IL1VL,PVR,IL1V,PVR
3459,8467893,39210.0,26660.0,14190.0,1859192,8396756,1858734,8387321,IL1VL,URAVL,IL1V,URAV
3460,8467893,39210.0,26660.0,14190.0,1859192,8396756,1853712,8262680,IL1VL,RIPL,IL1V,RIP
3461,8467898,39222.0,26994.0,13770.0,1859192,8397006,1857184,8346231,IL1VL,RMDVR,IL1V,RMDV
3462,8467898,39222.0,26994.0,13770.0,1859192,8397006,1857221,8346789,IL1VL,RMDDL,IL1V,RMDD
3463,8467898,39222.0,26994.0,13770.0,1859192,8397006,1853333,8256624,IL1VL,BWM-VL01,IL1V,BWM01V
3464,8462663,37580.0,25644.0,15960.0,1859192,8396815,1853433,8258291,IL1VL,BWM-VL02,IL1V,BWM02V
3465,8462663,37580.0,25644.0,15960.0,1859192,8396815,1857221,8346873,IL1VL,RMDDL,IL1V,RMDD
3466,8467888,36842.0,24960.0,16770.0,1859192,8396842,1853433,8258446,IL1VL,BWM-VL02,IL1V,BWM02V
3467,8467888,36842.0,24960.0,16770.0,1859192,8396842,1857221,8346900,IL1VL,RMDDL,IL1V,RMDD
3468,8467892,38338.0,25956.0,15180.0,1859192,8396789,1853433,8258265,IL1VL,BWM-VL02,IL1V,BWM02V
3469,8467892,38338.0,25956.0,15180.0,1859192,8396789,1857221,8347732,IL1VL,RMDDL,IL1V,RMDD
3470,8467892,38338.0,25956.0,15180.0,1859192,8396789,1853357,8257131,IL1VL,BWM-VL04,IL1V,BWM04V
3471,8467891,38138.0,25988.0,15420.0,1859192,8396797,1857221,8346855,IL1VL,RMDDL,IL1V,RMDD
3472,8467891,38138.0,25988.0,15420.0,1859192,8396797,1853433,8258273,IL1VL,BWM-VL02,IL1V,BWM02V
3473,8467891,38138.0,25988.0,15420.0,1859192,8396797,1853712,8262575,IL1VL,RIPL,IL1V,RIP
3474,8467889,37062.0,25276.0,16500.0,1859192,8396833,1853433,8258432,IL1VL,BWM-VL02,IL1V,BWM02V
3475,8467889,37062.0,25276.0,16500.0,1859192,8396833,1856030,8322921,IL1VL,RMEL,IL1V,RMEL/R
3476,8467889,37062.0,25276.0,16500.0,1859192,8396833,1857221,8346891,IL1VL,RMDDL,IL1V,RMDD
3477,8467890,37294.0,25516.0,16320.0,1859192,8396827,1853433,8258461,IL1VL,BWM-VL02,IL1V,BWM02V
3478,8467890,37294.0,25516.0,16320.0,1859192,8396827,1856030,8322927,IL1VL,RMEL,IL1V,RMEL/R
3479,8467890,37294.0,25516.0,16320.0,1859192,8396827,1857221,8346885,IL1VL,RMDDL,IL1V,RMDD
3480,8467896,38990.0,27234.0,13680.0,1859192,8397009,1853433,8258598,IL1VL,BWM-VL02,IL1V,BWM02V
3481,8467896,38990.0,27234.0,13680.0,1859192,8397009,1856030,8323020,IL1VL,RMEL,IL1V,RMEL/R
3482,8467896,38990.0,27234.0,13680.0,1859192,8397009,1853333,8256621,IL1VL,BWM-VL01,IL1V,BWM01V
3483,8467896,38990.0,27234.0,13680.0,1859192,8397009,1857221,8346786,IL1VL,RMDDL,IL1V,RMDD
3484,8467896,38990.0,27234.0,13680.0,1859192,8397009,1853712,8262697,IL1VL,RIPL,IL1V,RIP
3485,8467902,36944.0,26956.0,7230.0,1856143,8325103,1853484,8259099,IL1VR,BWM-VR02,IL1V,BWM02V
3486,8467902,36944.0,26956.0,7230.0,1856143,8325103,1853558,8260327,IL1VR,BWM-VR01,IL1V,BWM01V
3487,8467903,37684.0,27032.0,7380.0,1856143,8325097,1853484,8259103,IL1VR,BWM-VR02,IL1V,BWM02V
3488,8467903,37684.0,27032.0,7380.0,1856143,8325097,1853558,8260330,IL1VR,BWM-VR01,IL1V,BWM01V
3489,8467903,37684.0,27032.0,7380.0,1856143,8325097,1856168,8325481,IL1VR,RMDDR,IL1V,RMDD
3490,8467905,38974.0,27440.0,8040.0,1856143,8325001,1853558,8260086,IL1VR,BWM-VR01,IL1V,BWM01V
3491,8467905,38974.0,27440.0,8040.0,1856143,8325001,1856168,8325451,IL1VR,RMDDR,IL1V,RMDD
3492,8467900,36266.0,27147.0,6840.0,1856143,8325123,1853519,8259568,IL1VR,BWM-VR04,IL1V,BWM04V
3493,8467900,36266.0,27147.0,6840.0,1856143,8325123,1856058,8323448,IL1VR,RIPR,IL1V,RIP
3494,8467900,36266.0,27147.0,6840.0,1856143,8325123,1856542,8335506,IL1VR,GLRR,IL1V,GLRL/R
3495,8467900,36266.0,27147.0,6840.0,1856143,8325123,1856168,8325501,IL1VR,RMDDR,IL1V,RMDD
3496,8467900,36266.0,27147.0,6840.0,1856143,8325123,1853484,8259166,IL1VR,BWM-VR02,IL1V,BWM02V
3497,8467900,36266.0,27147.0,6840.0,1856143,8325123,1854565,8285252,IL1VR,RMER,IL1V,RMEL/R
3498,8467906,38294.0,27888.0,8430.0,1856143,8325014,1853558,8260097,IL1VR,BWM-VR01,IL1V,BWM01V
3499,8467906,38294.0,27888.0,8430.0,1856143,8325014,1856058,8323577,IL1VR,RIPR,IL1V,RIP
3500,8467906,38294.0,27888.0,8430.0,1856143,8325014,1854565,8285688,IL1VR,RMER,IL1V,RMEL/R
3501,8468010,36810.0,16008.0,12840.0,1853765,8263608,1857421,8353414,IL2DL,RIGL,IL2D,RIG
3502,8468010,36810.0,16008.0,12840.0,1853765,8263608,1856963,8341081,IL2DL,AVEL,IL2D,AVE
3503,8467987,34790.0,18616.0,12480.0,1853765,8263666,1858916,8391127,IL2DL,OLQDL,IL2D,OLQD
3504,8467987,34790.0,18616.0,12480.0,1853765,8263666,1856836,8337391,IL2DL,IL1DL,IL2D,IL1D
3505,8467987,34790.0,18616.0,12480.0,1853765,8263666,1859074,8394066,IL2DL,RMDVL,IL2D,RMDV
3506,8462604,32578.0,19948.0,14880.0,1853765,8263793,1852985,8248745,IL2DL,RIH,IL2D,RIH
3507,8468013,32384.0,18505.0,14400.0,1853765,8263737,1852985,8248761,IL2DL,RIH,IL2D,RIH
3508,8467977,31374.0,18280.0,12690.0,1853765,8263815,1853712,8262927,IL2DL,RIPL,IL2D,RIP
3509,8467977,31374.0,18280.0,12690.0,1853765,8263815,1852985,8248826,IL2DL,RIH,IL2D,RIH
3510,8467978,31294.0,18224.0,12810.0,1853765,8263811,1853712,8262923,IL2DL,RIPL,IL2D,RIP
3511,8467978,31294.0,18224.0,12810.0,1853765,8263811,1852985,8248822,IL2DL,RIH,IL2D,RIH
3512,8467988,32386.0,19724.0,14490.0,1853765,8263780,1853712,8262732,IL2DL,RIPL,IL2D,RIP
3513,8467988,32386.0,19724.0,14490.0,1853765,8263780,1852985,8249064,IL2DL,RIH,IL2D,RIH
3514,8467988,32386.0,19724.0,14490.0,1853765,8263780,1853744,8263456,IL2DL,URADL,IL2D,URAD
3515,8467984,34062.0,18612.0,12900.0,1853765,8263680,1856836,8337377,IL2DL,IL1DL,IL2D,IL1D
3516,8467984,34062.0,18612.0,12900.0,1853765,8263680,1853712,8262795,IL2DL,RIPL,IL2D,RIP
3517,8467994,37370.0,18328.0,12270.0,1853765,8263659,1856836,8337337,IL2DL,IL1DL,IL2D,IL1D
3518,8467994,37370.0,18328.0,12270.0,1853765,8263659,1853712,8262872,IL2DL,RIPL,IL2D,RIP
3519,8467999,35830.0,18628.0,12330.0,1853765,8263657,1853712,8262830,IL2DL,RIPL,IL2D,RIP
3520,8467999,35830.0,18628.0,12330.0,1853765,8263657,1856836,8337342,IL2DL,IL1DL,IL2D,IL1D
3521,8468022,32892.0,18648.0,13410.0,1853765,8263701,1856836,8337510,IL2DL,IL1DL,IL2D,IL1D
3522,8468022,32892.0,18648.0,13410.0,1853765,8263701,1853712,8262778,IL2DL,RIPL,IL2D,RIP
3523,8467996,35298.0,18696.0,12330.0,1853765,8263657,1856836,8337484,IL2DL,IL1DL,IL2D,IL1D
3524,8467996,35298.0,18696.0,12330.0,1853765,8263657,1853712,8262830,IL2DL,RIPL,IL2D,RIP
3525,8467996,35298.0,18696.0,12330.0,1853765,8263657,1858916,8391132,IL2DL,OLQDL,IL2D,OLQD
3526,8468008,36198.0,18584.0,12300.0,1853765,8263658,1853712,8262831,IL2DL,RIPL,IL2D,RIP
3527,8468008,36198.0,18584.0,12300.0,1853765,8263658,1858916,8391133,IL2DL,OLQDL,IL2D,OLQD
3528,8468026,36456.0,18498.0,12300.0,1853765,8263658,1853712,8262831,IL2DL,RIPL,IL2D,RIP
3529,8468026,36456.0,18498.0,12300.0,1853765,8263658,1858916,8391133,IL2DL,OLQDL,IL2D,OLQD
3530,8467981,32054.0,18844.0,13140.0,1853765,8263800,1853712,8262898,IL2DL,RIPL,IL2D,RIP
3531,8467981,32054.0,18844.0,13140.0,1853765,8263800,1855757,8316937,IL2DL,RMEV,IL2D,RMEV
3532,8471824,32549.0,18180.0,13710.0,1853765,8263711,1853073,8251740,IL2DL,RMED,IL2D,RMED
3533,8471824,32549.0,18180.0,13710.0,1853765,8263711,1856030,8322475,IL2DL,RMEL,IL2D,RMEL/R
3534,8467991,32226.0,18364.0,14040.0,1853765,8263722,1853712,8262747,IL2DL,RIPL,IL2D,RIP
3535,8467991,32226.0,18364.0,14040.0,1853765,8263722,1856030,8322464,IL2DL,RMEL,IL2D,RMEL/R
3536,8467991,32226.0,18364.0,14040.0,1853765,8263722,1853073,8251751,IL2DL,RMED,IL2D,RMED
3537,8467606,32158.0,18012.0,12180.0,1853765,8263832,1853744,8263476,IL2DL,URADL,IL2D,URAD
3538,8467606,32158.0,18012.0,12180.0,1853765,8263832,1854565,8286012,IL2DL,RMER,IL2D,RMEL/R
3539,8467606,32158.0,18012.0,12180.0,1853765,8263832,1853073,8251689,IL2DL,RMED,IL2D,RMED
3540,8467974,32142.0,18196.0,12510.0,1853765,8263821,1853744,8263460,IL2DL,URADL,IL2D,URAD
3541,8467974,32142.0,18196.0,12510.0,1853765,8263821,1853712,8262808,IL2DL,RIPL,IL2D,RIP
3542,8467974,32142.0,18196.0,12510.0,1853765,8263821,1856030,8322515,IL2DL,RMEL,IL2D,RMEL/R
3543,8467974,32142.0,18196.0,12510.0,1853765,8263821,1853073,8251700,IL2DL,RMED,IL2D,RMED
3544,8467976,32326.0,18356.0,12990.0,1853765,8263805,1856836,8337374,IL2DL,IL1DL,IL2D,IL1D
3545,8467976,32326.0,18356.0,12990.0,1853765,8263805,1853712,8262792,IL2DL,RIPL,IL2D,RIP
3546,8467976,32326.0,18356.0,12990.0,1853765,8263805,1856030,8322499,IL2DL,RMEL,IL2D,RMEL/R
3547,8467992,32546.0,18504.0,13800.0,1853765,8263714,1856030,8322470,IL2DL,RMEL,IL2D,RMEL/R
3548,8467992,32546.0,18504.0,13800.0,1853765,8263714,1856836,8337523,IL2DL,IL1DL,IL2D,IL1D
3549,8467992,32546.0,18504.0,13800.0,1853765,8263714,1853712,8262765,IL2DL,RIPL,IL2D,RIP
3550,8467983,32058.0,19128.0,13440.0,1853765,8263745,1854565,8286054,IL2DL,RMER,IL2D,RMEL/R
3551,8467983,32058.0,19128.0,13440.0,1853765,8263745,1855757,8316927,IL2DL,RMEV,IL2D,RMEV
3552,8467983,32058.0,19128.0,13440.0,1853765,8263745,1853712,8262888,IL2DL,RIPL,IL2D,RIP
3553,8467975,32242.0,18320.0,12810.0,1853765,8263811,1853712,8262798,IL2DL,RIPL,IL2D,RIP
3554,8467975,32242.0,18320.0,12810.0,1853765,8263811,1853744,8263283,IL2DL,URADL,IL2D,URAD
3555,8467975,32242.0,18320.0,12810.0,1853765,8263811,1854565,8286033,IL2DL,RMER,IL2D,RMEL/R
3556,8467980,32234.0,18448.0,13050.0,1853765,8263803,1854565,8286041,IL2DL,RMER,IL2D,RMEL/R
3557,8467980,32234.0,18448.0,13050.0,1853765,8263803,1853744,8263291,IL2DL,URADL,IL2D,URAD
3558,8467980,32234.0,18448.0,13050.0,1853765,8263803,1853712,8262790,IL2DL,RIPL,IL2D,RIP
3559,8467989,32242.0,19488.0,14100.0,1853765,8263767,1853712,8262745,IL2DL,RIPL,IL2D,RIP
3560,8467989,32242.0,19488.0,14100.0,1853765,8263767,1853744,8263326,IL2DL,URADL,IL2D,URAD
3561,8467989,32242.0,19488.0,14100.0,1853765,8263767,1854565,8286076,IL2DL,RMER,IL2D,RMEL/R
3562,8467973,31988.0,17839.0,11340.0,1853765,8263860,1856030,8322554,IL2DL,RMEL,IL2D,RMEL/R
3563,8467973,31988.0,17839.0,11340.0,1853765,8263860,1853744,8263504,IL2DL,URADL,IL2D,URAD
3564,8467973,31988.0,17839.0,11340.0,1853765,8263860,1854565,8285984,IL2DL,RMER,IL2D,RMEL/R
3565,8467993,36946.0,18308.0,12240.0,1853765,8263660,1853744,8263246,IL2DL,URADL,IL2D,URAD
3566,8467993,36946.0,18308.0,12240.0,1853765,8263660,1859335,8401760,IL2DL,RMHL,IL2D,RMH
3567,8467993,36946.0,18308.0,12240.0,1853765,8263660,1858916,8391135,IL2DL,OLQDL,IL2D,OLQD
3568,8467993,36946.0,18308.0,12240.0,1853765,8263660,1853712,8262833,IL2DL,RIPL,IL2D,RIP
3569,8467990,32330.0,18756.0,14340.0,1853765,8263735,1853712,8262737,IL2DL,RIPL,IL2D,RIP
3570,8467990,32330.0,18756.0,14340.0,1853765,8263735,1853744,8263451,IL2DL,URADL,IL2D,URAD
3571,8467990,32330.0,18756.0,14340.0,1853765,8263735,1855757,8316897,IL2DL,RMEV,IL2D,RMEV
3572,8468087,37794.0,18325.0,3780.0,1855599,8312902,1855002,8297318,IL2DR,AWCR,IL2D,AWC
3573,8468087,37794.0,18325.0,3780.0,1855599,8312902,1856539,8335495,IL2DR,CEPshDR,IL2D,CEPshD
3574,8468087,37794.0,18325.0,3780.0,1855599,8312902,1854018,8271576,IL2DR,ASIR,IL2D,ASI
3575,8468046,31166.0,19794.0,6660.0,1855599,8312843,1854729,8290247,IL2DR,BWM-DR02,IL2D,BWM02D
3576,8468046,31166.0,19794.0,6660.0,1855599,8312843,1855757,8317406,IL2DR,RMEV,IL2D,RMEV
3577,8468046,31166.0,19794.0,6660.0,1855599,8312843,1854763,8290467,IL2DR,BWM-DR01,IL2D,BWM01D
3578,8468077,32046.0,20272.0,5730.0,1855599,8312742,1859210,8397239,IL2DR,IL1DR,IL2D,IL1D
3579,8468077,32046.0,20272.0,5730.0,1855599,8312742,1859210,8397229,IL2DR,IL1DR,IL2D,IL1D
3580,8468077,32046.0,20272.0,5730.0,1855599,8312742,1856058,8323885,IL2DR,RIPR,IL2D,RIP
3581,8468057,31462.0,20052.0,5490.0,1855599,8312752,1856058,8323902,IL2DR,RIPR,IL2D,RIP
3582,8468057,31462.0,20052.0,5490.0,1855599,8312752,1859210,8397247,IL2DR,IL1DR,IL2D,IL1D
3583,8468057,31462.0,20052.0,5490.0,1855599,8312752,1859210,8397236,IL2DR,IL1DR,IL2D,IL1D
3584,8468057,31462.0,20052.0,5490.0,1855599,8312752,1854565,8285784,IL2DR,RMER,IL2D,RMEL/R
3585,8468078,33726.0,20088.0,6180.0,1855599,8312726,1859210,8397381,IL2DR,IL1DR,IL2D,IL1D
3586,8468078,33726.0,20088.0,6180.0,1855599,8312726,1855559,8312026,IL2DR,OLQDR,IL2D,OLQD
3587,8467627,33434.0,20072.0,6150.0,1855599,8312727,1856058,8323905,IL2DR,RIPR,IL2D,RIP
3588,8467627,33434.0,20072.0,6150.0,1855599,8312727,1859210,8397380,IL2DR,IL1DR,IL2D,IL1D
3589,8468055,31722.0,20268.0,5280.0,1855599,8312759,1854565,8285758,IL2DR,RMER,IL2D,RMEL/R
3590,8468055,31722.0,20268.0,5280.0,1855599,8312759,1856058,8323900,IL2DR,RIPR,IL2D,RIP
3591,8468055,31722.0,20268.0,5280.0,1855599,8312759,1859210,8397255,IL2DR,IL1DR,IL2D,IL1D
3592,8468088,30960.0,20392.0,6480.0,1855599,8312868,1896053,8468089,IL2DR,GLRDR,IL2D,GLRD
3593,8471825,31146.0,21310.0,5850.0,1855599,8312846,1859915,8414776,IL2DR,URADR,IL2D,URAD
3594,8471825,31146.0,21310.0,5850.0,1855599,8312846,1852985,8249211,IL2DR,RIH,IL2D,RIH
3595,8468050,30678.0,20516.0,5190.0,1855599,8312762,1856058,8323360,IL2DR,RIPR,IL2D,RIP
3596,8468086,31166.0,20566.0,6270.0,1855599,8312884,1856058,8323617,IL2DR,RIPR,IL2D,RIP
3597,8468079,33964.0,20126.0,6240.0,1855599,8312724,1856058,8323908,IL2DR,RIPR,IL2D,RIP
3598,8468079,33964.0,20126.0,6240.0,1855599,8312724,1855559,8312028,IL2DR,OLQDR,IL2D,OLQD
3599,8468065,30886.0,19866.0,6270.0,1855599,8312816,1852985,8249036,IL2DR,RIH,IL2D,RIH
3600,8468065,30886.0,19866.0,6270.0,1855599,8312816,1859915,8414754,IL2DR,URADR,IL2D,URAD
3601,8468065,30886.0,19866.0,6270.0,1855599,8312816,1856058,8323622,IL2DR,RIPR,IL2D,RIP
3602,8468069,30696.0,20456.0,5880.0,1855599,8312848,1856058,8323594,IL2DR,RIPR,IL2D,RIP
3603,8468069,30696.0,20456.0,5880.0,1855599,8312848,1856058,8323612,IL2DR,RIPR,IL2D,RIP
3604,8468069,30696.0,20456.0,5880.0,1855599,8312848,1856030,8322732,IL2DR,RMEL,IL2D,RMEL/R
3605,8468049,30758.0,19690.0,6420.0,1855599,8312835,1852985,8249367,IL2DR,RIH,IL2D,RIH
3606,8468049,30758.0,19690.0,6420.0,1855599,8312835,1852985,8249033,IL2DR,RIH,IL2D,RIH
3607,8468049,30758.0,19690.0,6420.0,1855599,8312835,1856058,8323627,IL2DR,RIPR,IL2D,RIP
3608,8468049,30758.0,19690.0,6420.0,1855599,8312835,1853073,8251470,IL2DR,RMED,IL2D,RMED
3609,8468074,31008.0,21068.0,5880.0,1855599,8312847,1856030,8322732,IL2DR,RMEL,IL2D,RMEL/R
3610,8468074,31008.0,21068.0,5880.0,1855599,8312847,1856058,8323612,IL2DR,RIPR,IL2D,RIP
3611,8468075,30708.0,20608.0,5850.0,1855599,8312846,1856030,8322733,IL2DR,RMEL,IL2D,RMEL/R
3612,8468075,30708.0,20608.0,5850.0,1855599,8312846,1856058,8323613,IL2DR,RIPR,IL2D,RIP
3613,8468060,31322.0,19912.0,5670.0,1855599,8312794,1856058,8323887,IL2DR,RIPR,IL2D,RIP
3614,8468060,31322.0,19912.0,5670.0,1855599,8312794,1854565,8285790,IL2DR,RMER,IL2D,RMEL/R
3615,8468084,36166.0,19808.0,5820.0,1855599,8312707,1856058,8323944,IL2DR,RIPR,IL2D,RIP
3616,8468084,36166.0,19808.0,5820.0,1855599,8312707,1859915,8414712,IL2DR,URADR,IL2D,URAD
3617,8472052,30858.0,20378.0,6360.0,1855599,8312864,1856058,8323625,IL2DR,RIPR,IL2D,RIP
3618,8472052,30858.0,20378.0,6360.0,1855599,8312864,1859915,8414750,IL2DR,URADR,IL2D,URAD
3619,8468051,31534.0,20424.0,5280.0,1855599,8312759,1854565,8285758,IL2DR,RMER,IL2D,RMEL/R
3620,8468051,31534.0,20424.0,5280.0,1855599,8312759,1859915,8414811,IL2DR,URADR,IL2D,URAD
3621,8468051,31534.0,20424.0,5280.0,1855599,8312759,1856058,8323900,IL2DR,RIPR,IL2D,RIP
3622,8468067,31238.0,19726.0,6060.0,1855599,8312809,1859915,8414764,IL2DR,URADR,IL2D,URAD
3623,8468067,31238.0,19726.0,6060.0,1855599,8312809,1856058,8323874,IL2DR,RIPR,IL2D,RIP
3624,8468067,31238.0,19726.0,6060.0,1855599,8312809,1854565,8285803,IL2DR,RMER,IL2D,RMEL/R
3625,8472049,31310.0,20460.0,5700.0,1855599,8312795,1856030,8322738,IL2DR,RMEL,IL2D,RMEL/R
3626,8472049,31310.0,20460.0,5700.0,1855599,8312795,1855757,8317375,IL2DR,RMEV,IL2D,RMEV
3627,8471827,40808.0,18968.0,15750.0,1858943,8391499,1854680,8289176,IL2L,ADLL,IL2L/R,ADL
3628,8471827,40808.0,18968.0,15750.0,1858943,8391499,1858237,8376229,IL2L,AWCL,IL2L/R,AWC
3629,8468094,38354.0,21404.0,15690.0,1858943,8391540,1858222,8392093,IL2L,ADEL,IL2L/R,ADE
3630,8468094,38354.0,21404.0,15690.0,1858943,8391540,1858777,8388201,IL2L,OLLL,IL2L/R,OLL
3631,8468094,38354.0,21404.0,15690.0,1858943,8391540,1859497,8407109,IL2L,RMDR,IL2L/R,RMDL/R
3632,8462456,37990.0,21722.0,16380.0,1858943,8391567,1858998,8392337,IL2L,RMDL,IL2L/R,RMDL/R
3633,8462456,37990.0,21722.0,16380.0,1858943,8391567,1859497,8406821,IL2L,RMDR,IL2L/R,RMDL/R
3634,8462456,37990.0,21722.0,16380.0,1858943,8391567,1858777,8388225,IL2L,OLLL,IL2L/R,OLL
3635,8468100,34706.0,22416.0,17850.0,1858943,8391621,1859048,8393638,IL2L,OLQVL,IL2L/R,OLQV
3636,8462601,33878.0,21068.0,15960.0,1858943,8391694,1858916,8391311,IL2L,OLQDL,IL2L/R,OLQD
3637,8462601,33878.0,21068.0,15960.0,1858943,8391694,1852985,8248702,IL2L,RIH,IL2L/R,RIH
3638,8468090,32746.0,19408.0,14670.0,1858943,8391737,1852985,8248752,IL2L,RIH,IL2L/R,RIH
3639,8468090,32746.0,19408.0,14670.0,1858943,8391737,1858916,8391264,IL2L,OLQDL,IL2L/R,OLQD
3640,8468091,33538.0,20452.0,15480.0,1858943,8391710,1852985,8248725,IL2L,RIH,IL2L/R,RIH
3641,8468091,33538.0,20452.0,15480.0,1858943,8391710,1858916,8391295,IL2L,OLQDL,IL2L/R,OLQD
3642,8468092,33966.0,21388.0,16230.0,1858943,8391685,1852985,8248693,IL2L,RIH,IL2L/R,RIH
3643,8468092,33966.0,21388.0,16230.0,1858943,8391685,1858916,8391320,IL2L,OLQDL,IL2L/R,OLQD
3644,8468093,34334.0,22268.0,16800.0,1858943,8391666,1852985,8248674,IL2L,RIH,IL2L/R,RIH
3645,8468093,34334.0,22268.0,16800.0,1858943,8391666,1858916,8391339,IL2L,OLQDL,IL2L/R,OLQD
3646,8468101,34434.0,22288.0,17580.0,1858943,8391612,1858916,8391361,IL2L,OLQDL,IL2L/R,OLQD
3647,8468101,34434.0,22288.0,17580.0,1858943,8391612,1859048,8393629,IL2L,OLQVL,IL2L/R,OLQV
3648,8468101,34434.0,22288.0,17580.0,1858943,8391612,1852985,8248653,IL2L,RIH,IL2L/R,RIH
3649,8468102,34738.0,22712.0,17520.0,1858943,8391610,1858916,8391353,IL2L,OLQDL,IL2L/R,OLQD
3650,8468102,34738.0,22712.0,17520.0,1858943,8391610,1852985,8248651,IL2L,RIH,IL2L/R,RIH
3651,8468102,34738.0,22712.0,17520.0,1858943,8391610,1859048,8393627,IL2L,OLQVL,IL2L/R,OLQV
3652,8468099,35714.0,24624.0,17130.0,1858943,8391626,1859048,8393615,IL2L,OLQVL,IL2L/R,OLQV
3653,8468099,35714.0,24624.0,17130.0,1858943,8391626,1852985,8248639,IL2L,RIH,IL2L/R,RIH
3654,8468103,35118.0,23484.0,17370.0,1858943,8391605,1859048,8393622,IL2L,OLQVL,IL2L/R,OLQV
3655,8468103,35118.0,23484.0,17370.0,1858943,8391605,1852985,8248646,IL2L,RIH,IL2L/R,RIH
3656,8468098,35478.0,24396.0,16920.0,1858943,8391632,1852985,8248633,IL2L,RIH,IL2L/R,RIH
3657,8468098,35478.0,24396.0,16920.0,1858943,8391632,1858734,8387439,IL2L,URAVL,IL2L/R,URAV
3658,8471826,38348.0,21558.0,16350.0,1858943,8391566,1859497,8406828,IL2L,RMDR,IL2L/R,RMDL/R
3659,8471826,38348.0,21558.0,16350.0,1858943,8391566,1857657,8361019,IL2L,SMBVL,IL2L/R,SMBV
3660,8468097,39262.0,20792.0,15840.0,1858943,8391530,1855653,8315565,IL2L,RICR,IL2L/R,RIC
3661,8468097,39262.0,20792.0,15840.0,1858943,8391530,1858087,8372746,IL2L,URBL,IL2L/R,URB
3662,8468097,39262.0,20792.0,15840.0,1858943,8391530,1858840,8389746,IL2L,URXL,IL2L/R,URX
3663,8468184,33918.0,24279.0,4950.0,1854217,8276835,1859210,8397303,IL2R,IL1DR,IL2L/R,IL1D
3664,8468184,33918.0,24279.0,4950.0,1854217,8276835,1854039,8271863,IL2R,ADER,IL2L/R,ADE
3665,8472055,33754.0,24115.0,4860.0,1854217,8276838,1859210,8397300,IL2R,IL1DR,IL2L/R,IL1D
3666,8472055,33754.0,24115.0,4860.0,1854217,8276838,1854039,8271866,IL2R,ADER,IL2L/R,ADE
3667,8468182,32990.0,23279.0,4920.0,1854217,8276836,1859915,8414826,IL2R,URADR,IL2L/R,URAD
3668,8468182,32990.0,23279.0,4920.0,1854217,8276836,1856030,8322795,IL2R,RMEL,IL2L/R,RMEL/R
3669,8468182,32990.0,23279.0,4920.0,1854217,8276836,1859210,8397312,IL2R,IL1DR,IL2L/R,IL1D
3670,8468171,37370.0,23887.0,4980.0,1854217,8276796,1858998,8392837,IL2R,RMDL,IL2L/R,RMDL/R
3671,8468171,37370.0,23887.0,4980.0,1854217,8276796,1855695,8315745,IL2R,IL1R,IL2L/R,IL1L/R
3672,8472053,36230.0,23887.0,5280.0,1854217,8276806,1856030,8323347,IL2R,RMEL,IL2L/R,RMEL/R
3673,8472053,36230.0,23887.0,5280.0,1854217,8276806,1855695,8315759,IL2R,IL1R,IL2L/R,IL1L/R
3674,8468186,33396.0,25297.0,5040.0,1854217,8276832,1853073,8251208,IL2R,RMED,IL2L/R,RMED
3675,8468186,33396.0,25297.0,5040.0,1854217,8276832,1855757,8317318,IL2R,RMEV,IL2L/R,RMEV
3676,8468186,33396.0,25297.0,5040.0,1854217,8276832,1854565,8285192,IL2R,RMER,IL2L/R,RMEL/R
3677,8468186,33396.0,25297.0,5040.0,1854217,8276832,1855581,8312465,IL2R,OLQVR,IL2L/R,OLQV
3678,8468177,38278.0,23563.0,4590.0,1854217,8276783,1855059,8299037,IL2R,URXR,IL2L/R,URX
3679,8468177,38278.0,23563.0,4590.0,1854217,8276783,1857550,8357962,IL2R,RICL,IL2L/R,RIC
3680,8468111,32210.0,23203.0,5430.0,1854217,8276869,1855559,8312008,IL2R,OLQDR,IL2L/R,OLQD
3681,8468111,32210.0,23203.0,5430.0,1854217,8276869,1852985,8249197,IL2R,RIH,IL2L/R,RIH
3682,8468114,31818.0,22551.0,5400.0,1854217,8276868,1855559,8312007,IL2R,OLQDR,IL2L/R,OLQD
3683,8468114,31818.0,22551.0,5400.0,1854217,8276868,1852985,8249196,IL2R,RIH,IL2L/R,RIH
3684,8468116,31686.0,22171.0,5430.0,1854217,8276869,1852985,8249197,IL2R,RIH,IL2L/R,RIH
3685,8468116,31686.0,22171.0,5430.0,1854217,8276869,1855559,8312003,IL2R,OLQDR,IL2L/R,OLQD
3686,8468180,31638.0,22175.0,5130.0,1854217,8276852,1852985,8249253,IL2R,RIH,IL2L/R,RIH
3687,8468180,31638.0,22175.0,5130.0,1854217,8276852,1855559,8311991,IL2R,OLQDR,IL2L/R,OLQD
3688,8472054,31742.0,21547.0,4890.0,1854217,8276860,1853073,8251193,IL2R,RMED,IL2L/R,RMED
3689,8472054,31742.0,21547.0,4890.0,1854217,8276860,1852985,8249261,IL2R,RIH,IL2L/R,RIH
3690,8472054,31742.0,21547.0,4890.0,1854217,8276860,1855559,8311983,IL2R,OLQDR,IL2L/R,OLQD
3691,8462676,33186.0,25355.0,5850.0,1854217,8276883,1855581,8312426,IL2R,OLQVR,IL2L/R,OLQV
3692,8462676,33186.0,25355.0,5850.0,1854217,8276883,1852985,8249158,IL2R,RIH,IL2L/R,RIH
3693,8462680,33066.0,24939.0,5760.0,1854217,8276880,1855581,8312429,IL2R,OLQVR,IL2L/R,OLQV
3694,8462680,33066.0,24939.0,5760.0,1854217,8276880,1852985,8249161,IL2R,RIH,IL2L/R,RIH
3695,8468107,33634.0,25859.0,6000.0,1854217,8276888,1855581,8312421,IL2R,OLQVR,IL2L/R,OLQV
3696,8468107,33634.0,25859.0,6000.0,1854217,8276888,1852985,8249153,IL2R,RIH,IL2L/R,RIH
3697,8468108,32674.0,24511.0,5580.0,1854217,8276874,1855581,8312435,IL2R,OLQVR,IL2L/R,OLQV
3698,8468108,32674.0,24511.0,5580.0,1854217,8276874,1852985,8249167,IL2R,RIH,IL2L/R,RIH
3699,8468108,32674.0,24511.0,5580.0,1854217,8276874,1855559,8312013,IL2R,OLQDR,IL2L/R,OLQD
3700,8468122,32990.0,24911.0,5340.0,1854217,8276866,1855559,8468124,IL2R,OLQDR,IL2L/R,OLQD
3701,8468122,32990.0,24911.0,5340.0,1854217,8276866,1852985,8249175,IL2R,RIH,IL2L/R,RIH
3702,8468122,32990.0,24911.0,5340.0,1854217,8276866,1855581,8312446,IL2R,OLQVR,IL2L/R,OLQV
3703,8468172,37542.0,23727.0,4740.0,1854217,8276788,1858998,8392818,IL2R,RMDL,IL2L/R,RMDL/R
3704,8468202,41610.0,27486.0,15660.0,1858961,8391846,1859192,8396702,IL2VL,IL1VL,IL2V,IL1V
3705,8468202,41610.0,27486.0,15660.0,1858961,8391846,1859108,8395009,IL2VL,RIAL,IL2V,RIA
3706,8468212,41594.0,27874.0,15570.0,1858961,8392078,1859108,8395012,IL2VL,RIAL,IL2V,RIA
3707,8468212,41594.0,27874.0,15570.0,1858961,8392078,1859192,8396700,IL2VL,IL1VL,IL2V,IL1V
3708,8468196,37926.0,26496.0,14940.0,1858961,8391922,1859048,8393545,IL2VL,OLQVL,IL2V,OLQV
3709,8468196,37926.0,26496.0,14940.0,1858961,8391922,1853712,8262591,IL2VL,RIPL,IL2V,RIP
3710,8462653,39838.0,26216.0,14340.0,1858961,8391893,1859192,8396761,IL2VL,IL1VL,IL2V,IL1V
3711,8462653,39838.0,26216.0,14340.0,1858961,8391893,1853712,8262617,IL2VL,RIPL,IL2V,RIP
3712,8462653,39838.0,26216.0,14340.0,1858961,8391893,1859048,8393519,IL2VL,OLQVL,IL2V,OLQV
3713,8468193,37454.0,26484.0,15180.0,1858961,8391930,1856030,8322969,IL2VL,RMEL,IL2V,RMEL/R
3714,8468193,37454.0,26484.0,15180.0,1858961,8391930,1859192,8396789,IL2VL,IL1VL,IL2V,IL1V
3715,8468193,37454.0,26484.0,15180.0,1858961,8391930,1859048,8393553,IL2VL,OLQVL,IL2V,OLQV
3716,8468193,37454.0,26484.0,15180.0,1858961,8391930,1853712,8262583,IL2VL,RIPL,IL2V,RIP
3717,8468198,39090.0,26228.0,14550.0,1858961,8391902,1858734,8387361,IL2VL,URAVL,IL2V,URAV
3718,8468198,39090.0,26228.0,14550.0,1858961,8391902,1859048,8393511,IL2VL,OLQVL,IL2V,OLQV
3719,8468208,41622.0,27842.0,15810.0,1858961,8391827,1855622,8313428,IL2VL,RIBL,IL2V,RIB
3720,8468208,41622.0,27842.0,15810.0,1858961,8391827,1859108,8395004,IL2VL,RIAL,IL2V,RIA
3721,8468205,37754.0,26696.0,14580.0,1858961,8392029,1859192,8396769,IL2VL,IL1VL,IL2V,IL1V
3722,8468205,37754.0,26696.0,14580.0,1858961,8392029,1856030,8322989,IL2VL,RMEL,IL2V,RMEL/R
3723,8468205,37754.0,26696.0,14580.0,1858961,8392029,1853712,8262603,IL2VL,RIPL,IL2V,RIP
3724,8468188,36186.0,25564.0,16170.0,1858961,8391976,1853712,8262545,IL2VL,RIPL,IL2V,RIP
3725,8468188,36186.0,25564.0,16170.0,1858961,8391976,1853712,8262541,IL2VL,RIPL,IL2V,RIP
3726,8468188,36186.0,25564.0,16170.0,1858961,8391976,1854565,8285565,IL2VL,RMER,IL2V,RMEL/R
3727,8468190,35878.0,25750.0,15750.0,1858961,8391949,1853712,8262539,IL2VL,RIPL,IL2V,RIP
3728,8468190,35878.0,25750.0,15750.0,1858961,8391949,1853712,8262553,IL2VL,RIPL,IL2V,RIP
3729,8468190,35878.0,25750.0,15750.0,1858961,8391949,1858734,8387401,IL2VL,URAVL,IL2V,URAV
3730,8468190,35878.0,25750.0,15750.0,1858961,8391949,1854565,8285551,IL2VL,RMER,IL2V,RMEL/R
3731,8468191,36886.0,26390.0,15510.0,1858961,8391941,1855757,8316699,IL2VL,RMEV,IL2V,RMEV
3732,8468191,36886.0,26390.0,15510.0,1858961,8391941,1856030,8322958,IL2VL,RMEL,IL2V,RMEL/R
3733,8468191,36886.0,26390.0,15510.0,1858961,8391941,1853712,8262572,IL2VL,RIPL,IL2V,RIP
3734,8468192,36862.0,26314.0,15360.0,1858961,8391936,1853712,8262577,IL2VL,RIPL,IL2V,RIP
3735,8468192,36862.0,26314.0,15360.0,1858961,8391936,1854565,8285538,IL2VL,RMER,IL2V,RMEL/R
3736,8472056,36314.0,25684.0,16080.0,1858961,8391979,1853712,8262548,IL2VL,RIPL,IL2V,RIP
3737,8472056,36314.0,25684.0,16080.0,1858961,8391979,1854565,8285562,IL2VL,RMER,IL2V,RMEL/R
3738,8471829,36900.0,26388.0,15210.0,1858961,8391931,1853712,8262582,IL2VL,RIPL,IL2V,RIP
3739,8471829,36900.0,26388.0,15210.0,1858961,8391931,1853073,8251975,IL2VL,RMED,IL2V,RMED
3740,8471829,36900.0,26388.0,15210.0,1858961,8391931,1854565,8285533,IL2VL,RMER,IL2V,RMEL/R
3741,8468197,38654.0,26232.0,14700.0,1858961,8391908,1858734,8387366,IL2VL,URAVL,IL2V,URAV
3742,8468197,38654.0,26232.0,14700.0,1858961,8391908,1853712,8262609,IL2VL,RIPL,IL2V,RIP
3743,8468200,41646.0,26136.0,15000.0,1858961,8391869,1853712,8262651,IL2VL,RIPL,IL2V,RIP
3744,8468200,41646.0,26136.0,15000.0,1858961,8391869,1858734,8387291,IL2VL,URAVL,IL2V,URAV
3745,8468203,37730.0,26796.0,14340.0,1858961,8392037,1856030,8322997,IL2VL,RMEL,IL2V,RMEL/R
3746,8468203,37730.0,26796.0,14340.0,1858961,8392037,1853712,8262617,IL2VL,RIPL,IL2V,RIP
3747,8468203,37730.0,26796.0,14340.0,1858961,8392037,1858734,8387354,IL2VL,URAVL,IL2V,URAV
3748,8468195,36338.0,26208.0,14940.0,1858961,8391922,1856533,8335493,IL2VL,GLRVL,IL2V,GLRV
3749,8468195,36338.0,26208.0,14940.0,1858961,8391922,1854565,8285524,IL2VL,RMER,IL2V,RMEL/R
3750,8468214,41738.0,27290.0,15810.0,1858961,8391827,1858734,8387494,IL2VL,URAVL,IL2V,URAV
3751,8468214,41738.0,27290.0,15810.0,1858961,8391827,1857256,8348792,IL2VL,AIBR,IL2V,AIB
3752,8468189,35598.0,25230.0,16020.0,1858961,8391962,1856536,8335494,IL2VL,GLRVL,IL2V,GLRV
3753,8468189,35598.0,25230.0,16020.0,1858961,8391962,1858734,8387410,IL2VL,URAVL,IL2V,URAV
3754,8468207,41502.0,27750.0,16050.0,1858961,8391835,1855622,8313441,IL2VL,RIBL,IL2V,RIB
3755,8468207,41502.0,27750.0,16050.0,1858961,8391835,1859108,8396081,IL2VL,RIAL,IL2V,RIA
3756,8468207,41502.0,27750.0,16050.0,1858961,8391835,1858734,8387256,IL2VL,URAVL,IL2V,URAV
3757,8468249,39056.0,27296.0,7620.0,1856090,8324106,1855581,8312480,IL2VR,OLQVR,IL2V,OLQV
3758,8468249,39056.0,27296.0,7620.0,1856090,8324106,1856058,8323490,IL2VR,RIPR,IL2V,RIP
3759,8468247,37840.0,27512.0,7800.0,1856090,8324116,1856143,8324993,IL2VR,IL1VR,IL2V,IL1V
3760,8468247,37840.0,27512.0,7800.0,1856090,8324116,1855581,8312473,IL2VR,OLQVR,IL2V,OLQV
3761,8468247,37840.0,27512.0,7800.0,1856090,8324116,1856058,8323484,IL2VR,RIPR,IL2V,RIP
3762,8468252,38380.0,27332.0,7590.0,1856090,8324105,1856058,8323557,IL2VR,RIPR,IL2V,RIP
3763,8468252,38380.0,27332.0,7590.0,1856090,8324105,1856143,8325088,IL2VR,IL1VR,IL2V,IL1V
3764,8468252,38380.0,27332.0,7590.0,1856090,8324105,1855581,8312356,IL2VR,OLQVR,IL2V,OLQV
3765,8462704,36626.0,27818.0,7800.0,1856090,8324168,1854565,8285290,IL2VR,RMER,IL2V,RMEL/R
3766,8462704,36626.0,27818.0,7800.0,1856090,8324168,1855581,8312473,IL2VR,OLQVR,IL2V,OLQV
3767,8468257,40380.0,27348.0,7140.0,1856090,8324081,1855581,8312338,IL2VR,OLQVR,IL2V,OLQV
3768,8468257,40380.0,27348.0,7140.0,1856090,8324081,1856005,8322134,IL2VR,URAVR,IL2V,URAV
3769,8468257,40380.0,27348.0,7140.0,1856090,8324081,1856058,8323506,IL2VR,RIPR,IL2V,RIP
3770,8468283,40714.0,29620.0,6600.0,1856090,8324036,1859631,8409611,IL2VR,URYVR,IL2V,URYV
3771,8468283,40714.0,29620.0,6600.0,1856090,8324036,1857495,8355422,IL2VR,RIAR,IL2V,RIA
3772,8468239,34940.0,27328.0,7170.0,1856090,8324189,1856058,8323459,IL2VR,RIPR,IL2V,RIP
3773,8468239,34940.0,27328.0,7170.0,1856090,8324189,1856030,8323236,IL2VR,RMEL,IL2V,RMEL/R
3774,8468242,35584.0,27616.0,7410.0,1856090,8324181,1856058,8323467,IL2VR,RIPR,IL2V,RIP
3775,8468242,35584.0,27616.0,7410.0,1856090,8324181,1853073,8251287,IL2VR,RMED,IL2V,RMED
3776,8468242,35584.0,27616.0,7410.0,1856090,8324181,1856030,8323228,IL2VR,RMEL,IL2V,RMEL/R
3777,8468292,34318.0,26959.0,6480.0,1856090,8324212,1856058,8323432,IL2VR,RIPR,IL2V,RIP
3778,8468292,34318.0,26959.0,6480.0,1856090,8324212,1853073,8251256,IL2VR,RMED,IL2V,RMED
3779,8468292,34318.0,26959.0,6480.0,1856090,8324212,1856030,8323259,IL2VR,RMEL,IL2V,RMEL/R
3780,8468303,36900.0,27862.0,8640.0,1856090,8324146,1855951,8320290,IL2VR,CEPVR,IL2V,CEPV
3781,8468303,36900.0,27862.0,8640.0,1856090,8324146,1856030,8323187,IL2VR,RMEL,IL2V,RMEL/R
3782,8468243,35984.0,27768.0,7350.0,1856090,8324183,1856143,8325098,IL2VR,IL1VR,IL2V,IL1V
3783,8468243,35984.0,27768.0,7350.0,1856090,8324183,1856058,8323465,IL2VR,RIPR,IL2V,RIP
3784,8468243,35984.0,27768.0,7350.0,1856090,8324183,1854565,8285275,IL2VR,RMER,IL2V,RMEL/R
3785,8468288,37076.0,27748.0,8040.0,1856090,8324126,1856143,8325001,IL2VR,IL1VR,IL2V,IL1V
3786,8468288,37076.0,27748.0,8040.0,1856090,8324126,1854565,8285298,IL2VR,RMER,IL2V,RMEL/R
3787,8468288,37076.0,27748.0,8040.0,1856090,8324126,1856058,8323563,IL2VR,RIPR,IL2V,RIP
3788,8468237,35688.0,27728.0,7110.0,1856090,8324191,1855757,8317249,IL2VR,RMEV,IL2V,RMEV
3789,8468237,35688.0,27728.0,7110.0,1856090,8324191,1854565,8285267,IL2VR,RMER,IL2V,RMEL/R
3790,8468237,35688.0,27728.0,7110.0,1856090,8324191,1856058,8323457,IL2VR,RIPR,IL2V,RIP
3791,8468286,37250.0,27808.0,8370.0,1856090,8324137,1855757,8317512,IL2VR,RMEV,IL2V,RMEV
3792,8468286,37250.0,27808.0,8370.0,1856090,8324137,1856005,8322176,IL2VR,URAVR,IL2V,URAV
3793,8468286,37250.0,27808.0,8370.0,1856090,8324137,1856058,8323579,IL2VR,RIPR,IL2V,RIP
3794,8468286,37250.0,27808.0,8370.0,1856090,8324137,1854565,8285309,IL2VR,RMER,IL2V,RMEL/R
3795,8468228,33306.0,25707.0,6180.0,1856090,8324238,1852985,8249144,IL2VR,RIH,IL2V,RIH
3796,8468228,33306.0,25707.0,6180.0,1856090,8324238,1856058,8323423,IL2VR,RIPR,IL2V,RIP
3797,8468228,33306.0,25707.0,6180.0,1856090,8324238,1854217,8276894,IL2VR,IL2R,IL2V,IL2L/R
3798,8468228,33306.0,25707.0,6180.0,1856090,8324238,1856005,8322266,IL2VR,URAVR,IL2V,URAV
3799,8468234,34400.0,27064.0,6990.0,1856090,8324195,1856005,8322232,IL2VR,URAVR,IL2V,URAV
3800,8468234,34400.0,27064.0,6990.0,1856090,8324195,1856058,8323449,IL2VR,RIPR,IL2V,RIP
3801,8468258,40930.0,27700.0,6750.0,1856090,8324068,1856058,8323526,IL2VR,RIPR,IL2V,RIP
3802,8468258,40930.0,27700.0,6750.0,1856090,8324068,1856005,8322121,IL2VR,URAVR,IL2V,URAV
3803,8468233,35066.0,27379.0,6780.0,1856090,8324202,1856058,8323442,IL2VR,RIPR,IL2V,RIP
3804,8468233,35066.0,27379.0,6780.0,1856090,8324202,1852985,8249122,IL2VR,RIH,IL2V,RIH
3805,8468233,35066.0,27379.0,6780.0,1856090,8324202,1855757,8317260,IL2VR,RMEV,IL2V,RMEV
3806,8468233,35066.0,27379.0,6780.0,1856090,8324202,1856005,8322238,IL2VR,URAVR,IL2V,URAV
3807,8468231,33854.0,26447.0,6540.0,1856090,8324241,1856005,8322246,IL2VR,URAVR,IL2V,URAV
3808,8468231,33854.0,26447.0,6540.0,1856090,8324241,1856058,8323434,IL2VR,RIPR,IL2V,RIP
3809,8468231,33854.0,26447.0,6540.0,1856090,8324241,1856030,8323257,IL2VR,RMEL,IL2V,RMEL/R
3810,8468259,40642.0,29316.0,6240.0,1856090,8324048,1857495,8355410,IL2VR,RIAR,IL2V,RIA
3811,8468259,40642.0,29316.0,6240.0,1856090,8324048,1855059,8298951,IL2VR,URXR,IL2V,URX
3812,8468301,40788.0,29406.0,6390.0,1856090,8324043,1855059,8298956,IL2VR,URXR,IL2V,URX
3813,8468301,40788.0,29406.0,6390.0,1856090,8324043,1857495,8355415,IL2VR,RIAR,IL2V,RIA
3814,8462486,33942.0,18544.0,15120.0,1858777,8388310,1858882,8390582,OLLL,CEPDL,OLL,CEPD
3815,8462486,33942.0,18544.0,15120.0,1858777,8388310,1854322,8279326,OLLL,AVER,OLL,AVE
3816,8462435,37554.0,25294.0,17190.0,1858777,8388657,1859449,8405358,OLLL,CEPVL,OLL,CEPV
3817,8462435,37554.0,25294.0,17190.0,1858777,8388657,1854322,8279463,OLLL,AVER,OLL,AVE
3818,8462401,39790.0,27588.0,14730.0,1858777,8388746,1857221,8346832,OLLL,RMDDL,OLL,RMDD
3819,8462401,39790.0,27588.0,14730.0,1858777,8388746,1854322,8279540,OLLL,AVER,OLL,AVE
3820,8462406,39494.0,27208.0,15060.0,1858777,8388736,1854322,8279530,OLLL,AVER,OLL,AVE
3821,8462406,39494.0,27208.0,15060.0,1858777,8388736,1857221,8346843,OLLL,RMDDL,OLL,RMDD
3822,8462412,39322.0,26982.0,15390.0,1858777,8388725,1857221,8346854,OLLL,RMDDL,OLL,RMDD
3823,8462412,39322.0,26982.0,15390.0,1858777,8388725,1854322,8279519,OLLL,AVER,OLL,AVE
3824,8462415,38504.0,26372.0,16260.0,1858777,8388685,1857221,8346883,OLLL,RMDDL,OLL,RMDD
3825,8462415,38504.0,26372.0,16260.0,1858777,8388685,1854322,8279491,OLLL,AVER,OLL,AVE
3826,8462428,38198.0,26110.0,16530.0,1858777,8388676,1857221,8346892,OLLL,RMDDL,OLL,RMDD
3827,8462428,38198.0,26110.0,16530.0,1858777,8388676,1854322,8279482,OLLL,AVER,OLL,AVE
3828,8462436,37258.0,25130.0,17280.0,1858777,8388654,1854322,8279460,OLLL,AVER,OLL,AVE
3829,8462436,37258.0,25130.0,17280.0,1858777,8388654,1857221,8346915,OLLL,RMDDL,OLL,RMDD
3830,8462448,36706.0,24018.0,18000.0,1858777,8388630,1857221,8347717,OLLL,RMDDL,OLL,RMDD
3831,8462448,36706.0,24018.0,18000.0,1858777,8388630,1854322,8279977,OLLL,AVER,OLL,AVE
3832,8472057,37082.0,24966.0,17490.0,1858777,8388647,1854322,8279453,OLLL,AVER,OLL,AVE
3833,8472057,37082.0,24966.0,17490.0,1858777,8388647,1857221,8346922,OLLL,RMDDL,OLL,RMDD
3834,8462467,33522.0,16764.0,12030.0,1858777,8388412,1859074,8394081,OLLL,RMDVL,OLL,RMDV
3835,8462467,33522.0,16764.0,12030.0,1858777,8388412,1854322,8279223,OLLL,AVER,OLL,AVE
3836,8462470,33894.0,17464.0,13350.0,1858777,8388368,1854322,8279267,OLLL,AVER,OLL,AVE
3837,8462470,33894.0,17464.0,13350.0,1858777,8388368,1859074,8394037,OLLL,RMDVL,OLL,RMDV
3838,8462475,33922.0,17488.0,13710.0,1858777,8388356,1854322,8279279,OLLL,AVER,OLL,AVE
3839,8462475,33922.0,17488.0,13710.0,1858777,8388356,1859074,8394025,OLLL,RMDVL,OLL,RMDV
3840,8462476,33898.0,17744.0,14010.0,1858777,8388346,1859074,8394015,OLLL,RMDVL,OLL,RMDV
3841,8462476,33898.0,17744.0,14010.0,1858777,8388346,1854322,8279289,OLLL,AVER,OLL,AVE
3842,8462488,35018.0,20098.0,16440.0,1858777,8388267,1859074,8393924,OLLL,RMDVL,OLL,RMDV
3843,8462488,35018.0,20098.0,16440.0,1858777,8388267,1854322,8279370,OLLL,AVER,OLL,AVE
3844,8472060,34674.0,19582.0,15990.0,1858777,8388281,1859074,8393938,OLLL,RMDVL,OLL,RMDV
3845,8472060,34674.0,19582.0,15990.0,1858777,8388281,1854322,8279355,OLLL,AVER,OLL,AVE
3846,8462481,33862.0,18388.0,14790.0,1858777,8388320,1858882,8390593,OLLL,CEPDL,OLL,CEPD
3847,8462481,33862.0,18388.0,14790.0,1858777,8388320,1859074,8393989,OLLL,RMDVL,OLL,RMDV
3848,8462481,33862.0,18388.0,14790.0,1858777,8388320,1854322,8279315,OLLL,AVER,OLL,AVE
3849,8462454,35658.0,21010.0,17010.0,1858777,8388565,1854322,8279388,OLLL,AVER,OLL,AVE
3850,8462454,35658.0,21010.0,17010.0,1858777,8388565,1858797,8389113,OLLL,IL1L,OLL,IL1L/R
3851,8462454,35658.0,21010.0,17010.0,1858777,8388565,1859074,8393913,OLLL,RMDVL,OLL,RMDV
3852,8462397,40578.0,28556.0,13110.0,1858777,8388800,1857894,8367750,OLLL,URYVL,OLL,URYV
3853,8462397,40578.0,28556.0,13110.0,1858777,8388800,1854322,8279594,OLLL,AVER,OLL,AVE
3854,8462376,40980.0,28690.0,9690.0,1858777,8388912,1853582,8260533,OLLL,BWM-VR03,OLL,BWM03V
3855,8462376,40980.0,28690.0,9690.0,1858777,8388912,1856212,8327341,OLLL,SMDDR,OLL,SMDD
3856,8462372,40992.0,28650.0,9510.0,1858777,8388918,1852827,8244728,OLLL,SMDVL,OLL,SMDV
3857,8462372,40992.0,28650.0,9510.0,1858777,8388918,1853582,8260527,OLLL,BWM-VR03,OLL,BWM03V
3858,8462391,40657.0,28557.0,12810.0,1858777,8388810,1859449,8405217,OLLL,CEPVL,OLL,CEPV
3859,8462391,40657.0,28557.0,12810.0,1858777,8388810,1857221,8346750,OLLL,RMDDL,OLL,RMDD
3860,8462391,40657.0,28557.0,12810.0,1858777,8388810,1859192,8396974,OLLL,IL1VL,OLL,IL1V
3861,8462389,41275.0,28999.0,12390.0,1858777,8388824,1854322,8279972,OLLL,AVER,OLL,AVE
3862,8462389,41275.0,28999.0,12390.0,1858777,8388824,1855622,8313613,OLLL,RIBL,OLL,RIB
3863,8462444,36766.0,24506.0,17940.0,1858777,8388632,1855622,8313711,OLLL,RIBL,OLL,RIB
3864,8462444,36766.0,24506.0,17940.0,1858777,8388632,1854322,8279438,OLLL,AVER,OLL,AVE
3865,8462447,36870.0,24398.0,18090.0,1858777,8388627,1855622,8313716,OLLL,RIBL,OLL,RIB
3866,8462447,36870.0,24398.0,18090.0,1858777,8388627,1854322,8279431,OLLL,AVER,OLL,AVE
3867,8462449,36678.0,23854.0,18300.0,1858777,8388620,1855622,8313723,OLLL,RIBL,OLL,RIB
3868,8462449,36678.0,23854.0,18300.0,1858777,8388620,1854322,8279980,OLLL,AVER,OLL,AVE
3869,8462450,35914.0,21986.0,17940.0,1858777,8388595,1854322,8279417,OLLL,AVER,OLL,AVE
3870,8462450,35914.0,21986.0,17940.0,1858777,8388595,1855622,8314354,OLLL,RIBL,OLL,RIB
3871,8462458,36526.0,23522.0,18390.0,1858777,8388610,1855622,8313726,OLLL,RIBL,OLL,RIB
3872,8462458,36526.0,23522.0,18390.0,1858777,8388610,1854322,8279983,OLLL,AVER,OLL,AVE
3873,8462464,33224.0,16151.0,9930.0,1858777,8388479,1854322,8279156,OLLL,AVER,OLL,AVE
3874,8462464,33224.0,16151.0,9930.0,1858777,8388479,1855622,8314481,OLLL,RIBL,OLL,RIB
3875,8462487,34418.0,19098.0,15900.0,1858777,8388284,1855622,8314290,OLLL,RIBL,OLL,RIB
3876,8462487,34418.0,19098.0,15900.0,1858777,8388284,1854322,8279352,OLLL,AVER,OLL,AVE
3877,8462453,35478.0,20686.0,16920.0,1858777,8388251,1859074,8393910,OLLL,RMDVL,OLL,RMDV
3878,8462453,35478.0,20686.0,16920.0,1858777,8388251,1855622,8314322,OLLL,RIBL,OLL,RIB
3879,8462453,35478.0,20686.0,16920.0,1858777,8388251,1854322,8279385,OLLL,AVER,OLL,AVE
3880,8462451,35670.0,21558.0,17610.0,1858777,8388584,1856030,8322838,OLLL,RMEL,OLL,RMEL/R
3881,8462451,35670.0,21558.0,17610.0,1858777,8388584,1855622,8314343,OLLL,RIBL,OLL,RIB
3882,8462382,41220.0,29066.0,11520.0,1858777,8388853,1855622,8313642,OLLL,RIBL,OLL,RIB
3883,8462382,41220.0,29066.0,11520.0,1858777,8388853,1855757,8316500,OLLL,RMEV,OLL,RMEV
3884,8462393,40612.0,28442.0,13050.0,1858777,8388802,1859449,8405225,OLLL,CEPVL,OLL,CEPV
3885,8462393,40612.0,28442.0,13050.0,1858777,8388802,1857221,8346758,OLLL,RMDDL,OLL,RMDD
3886,8462413,38750.0,26466.0,16020.0,1858777,8388692,1859449,8405323,OLLL,CEPVL,OLL,CEPV
3887,8462413,38750.0,26466.0,16020.0,1858777,8388692,1857221,8346875,OLLL,RMDDL,OLL,RMDD
3888,8462418,38480.0,26204.0,16320.0,1858777,8388683,1859449,8405332,OLLL,CEPVL,OLL,CEPV
3889,8462418,38480.0,26204.0,16320.0,1858777,8388683,1857221,8346885,OLLL,RMDDL,OLL,RMDD
3890,8462432,38078.0,25770.0,16740.0,1858777,8388669,1859449,8405346,OLLL,CEPVL,OLL,CEPV
3891,8462432,38078.0,25770.0,16740.0,1858777,8388669,1857221,8346899,OLLL,RMDDL,OLL,RMDD
3892,8462441,37034.0,24738.0,17700.0,1858777,8388640,1857221,8347703,OLLL,RMDDL,OLL,RMDD
3893,8462441,37034.0,24738.0,17700.0,1858777,8388640,1859449,8405375,OLLL,CEPVL,OLL,CEPV
3894,8462457,37790.0,21250.0,16260.0,1858777,8388221,1859497,8406817,OLLL,RMDR,OLL,RMDL/R
3895,8462455,37582.0,21350.0,16380.0,1858777,8388225,1858998,8392337,OLLL,RMDL,OLL,RMDL/R
3896,8462455,37582.0,21350.0,16380.0,1858777,8388225,1859497,8406821,OLLL,RMDR,OLL,RMDL/R
3897,8462465,33126.0,16522.0,11040.0,1858777,8388444,1859074,8394113,OLLL,RMDVL,OLL,RMDV
3898,8462465,33126.0,16522.0,11040.0,1858777,8388444,1858882,8390717,OLLL,CEPDL,OLL,CEPD
3899,8462466,33618.0,16870.0,11940.0,1858777,8388415,1858882,8390688,OLLL,CEPDL,OLL,CEPD
3900,8462466,33618.0,16870.0,11940.0,1858777,8388415,1859074,8394084,OLLL,RMDVL,OLL,RMDV
3901,8462471,34014.0,17540.0,13320.0,1858777,8388369,1859074,8394038,OLLL,RMDVL,OLL,RMDV
3902,8462471,34014.0,17540.0,13320.0,1858777,8388369,1858882,8390642,OLLL,CEPDL,OLL,CEPD
3903,8462477,33990.0,18008.0,14190.0,1858777,8388340,1859074,8394009,OLLL,RMDVL,OLL,RMDV
3904,8462477,33990.0,18008.0,14190.0,1858777,8388340,1858882,8390613,OLLL,CEPDL,OLL,CEPD
3905,8462478,33886.0,18180.0,14490.0,1858777,8388330,1859074,8393999,OLLL,RMDVL,OLL,RMDV
3906,8462478,33886.0,18180.0,14490.0,1858777,8388330,1858882,8390603,OLLL,CEPDL,OLL,CEPD
3907,8462480,33726.0,18472.0,14610.0,1858777,8388326,1859074,8393995,OLLL,RMDVL,OLL,RMDV
3908,8462480,33726.0,18472.0,14610.0,1858777,8388326,1856836,8337550,OLLL,IL1DL,OLL,IL1D
3909,8462381,41500.0,28738.0,11520.0,1858777,8388853,1855622,8313642,OLLL,RIBL,OLL,RIB
3910,8462381,41500.0,28738.0,11520.0,1858777,8388853,1859238,8398529,OLLL,SMDDL,OLL,SMDD
3911,8472058,32784.0,17177.0,7590.0,1858777,8388556,1859238,8398190,OLLL,SMDDL,OLL,SMDD
3912,8472058,32784.0,17177.0,7590.0,1858777,8388556,1854175,8276565,OLLL,SMDVR,OLL,SMDV
3913,8462461,33152.0,16428.0,9630.0,1858777,8388489,1856212,8326899,OLLL,SMDDR,OLL,SMDD
3914,8462468,33810.0,16832.0,12180.0,1858777,8388407,1856212,8326981,OLLL,SMDDR,OLL,SMDD
3915,8462473,34062.0,17448.0,13500.0,1858777,8388363,1856212,8327295,OLLL,SMDDR,OLL,SMDD
3916,8472059,33222.0,16430.0,11010.0,1858777,8388445,1856212,8326943,OLLL,SMDDR,OLL,SMDD
3917,8472059,33222.0,16430.0,11010.0,1858777,8388445,1858882,8390718,OLLL,CEPDL,OLL,CEPD
3918,8472059,33222.0,16430.0,11010.0,1858777,8388445,1854322,8279190,OLLL,AVER,OLL,AVE
3919,8462463,33204.0,16280.0,9810.0,1858777,8388483,1856212,8326905,OLLL,SMDDR,OLL,SMDD
3920,8462463,33204.0,16280.0,9810.0,1858777,8388483,1854322,8279152,OLLL,AVER,OLL,AVE
3921,8462463,33204.0,16280.0,9810.0,1858777,8388483,1855622,8314485,OLLL,RIBL,OLL,RIB
3922,8462460,33166.0,16464.0,9120.0,1858777,8388505,1852827,8245039,OLLL,SMDVL,OLL,SMDV
3923,8462460,33166.0,16464.0,9120.0,1858777,8388505,1856212,8326874,OLLL,SMDDR,OLL,SMDD
3924,8462460,33166.0,16464.0,9120.0,1858777,8388505,1855622,8314507,OLLL,RIBL,OLL,RIB
3925,8462384,41393.0,28709.0,11970.0,1858777,8388838,1854175,8276229,OLLL,SMDVR,OLL,SMDV
3926,8462388,41123.0,28799.0,12390.0,1858777,8388824,1854175,8276215,OLLL,SMDVR,OLL,SMDV
3927,8462403,39862.0,27344.0,14910.0,1858777,8388740,1854175,8276131,OLLL,SMDVR,OLL,SMDV
3928,8462410,39630.0,26990.0,15390.0,1858777,8388725,1854175,8276116,OLLL,SMDVR,OLL,SMDV
3929,8462410,39630.0,26990.0,15390.0,1858777,8388725,1854322,8279519,OLLL,AVER,OLL,AVE
3930,8462398,40646.0,28432.0,13350.0,1858777,8388792,1854175,8276183,OLLL,SMDVR,OLL,SMDV
3931,8462398,40646.0,28432.0,13350.0,1858777,8388792,1854322,8279586,OLLL,AVER,OLL,AVE
3932,8462398,40646.0,28432.0,13350.0,1858777,8388792,1859449,8405235,OLLL,CEPVL,OLL,CEPV
3933,8462556,32820.0,18736.0,5160.0,1854271,8277734,1855306,8305551,OLLR,CEPDR,OLL,CEPD
3934,8462556,32820.0,18736.0,5160.0,1854271,8277734,1856963,8341334,OLLR,AVEL,OLL,AVE
3935,8462502,39742.0,29348.0,8370.0,1854271,8277632,1855951,8320719,OLLR,CEPVR,OLL,CEPV
3936,8462502,39742.0,29348.0,8370.0,1854271,8277632,1856963,8341543,OLLR,AVEL,OLL,AVE
3937,8462521,35538.0,27075.0,5490.0,1854271,8277535,1856168,8325546,OLLR,RMDDR,OLL,RMDD
3938,8462521,35538.0,27075.0,5490.0,1854271,8277535,1855951,8320815,OLLR,CEPVR,OLL,CEPV
3939,8462521,35538.0,27075.0,5490.0,1854271,8277535,1856963,8341447,OLLR,AVEL,OLL,AVE
3940,8462500,40042.0,29484.0,8580.0,1854271,8277639,1853041,8250894,OLLR,RIBR,OLL,RIB
3941,8462500,40042.0,29484.0,8580.0,1854271,8277639,1856963,8341550,OLLR,AVEL,OLL,AVE
3942,8462528,34860.0,26073.0,4920.0,1854271,8277686,1853041,8250804,OLLR,RIBR,OLL,RIB
3943,8462528,34860.0,26073.0,4920.0,1854271,8277686,1856963,8341421,OLLR,AVEL,OLL,AVE
3944,8462529,34986.0,26421.0,4980.0,1854271,8277518,1853041,8250805,OLLR,RIBR,OLL,RIB
3945,8462529,34986.0,26421.0,4980.0,1854271,8277518,1856963,8341425,OLLR,AVEL,OLL,AVE
3946,8462545,32874.0,17130.0,6600.0,1854271,8277783,1853041,8250490,OLLR,RIBR,OLL,RIB
3947,8462545,32874.0,17130.0,6600.0,1854271,8277783,1856963,8341286,OLLR,AVEL,OLL,AVE
3948,8462570,32458.0,21191.0,3780.0,1854271,8277841,1853041,8250354,OLLR,RIBR,OLL,RIB
3949,8462570,32458.0,21191.0,3780.0,1854271,8277841,1856963,8341380,OLLR,AVEL,OLL,AVE
3950,8462584,34494.0,24703.0,4560.0,1854271,8277698,1856963,8341409,OLLR,AVEL,OLL,AVE
3951,8462584,34494.0,24703.0,4560.0,1854271,8277698,1853041,8250385,OLLR,RIBR,OLL,RIB
3952,8462585,34718.0,25595.0,4710.0,1854271,8277693,1858998,8392817,OLLR,RMDL,OLL,RMDL/R
3953,8462585,34718.0,25595.0,4710.0,1854271,8277693,1853041,8250792,OLLR,RIBR,OLL,RIB
3954,8462585,34718.0,25595.0,4710.0,1854271,8277693,1856963,8341414,OLLR,AVEL,OLL,AVE
3955,8462578,34190.0,23739.0,4350.0,1854271,8277705,1853041,8250378,OLLR,RIBR,OLL,RIB
3956,8462578,34190.0,23739.0,4350.0,1854271,8277705,1857184,8345499,OLLR,RMDVR,OLL,RMDV
3957,8462578,34190.0,23739.0,4350.0,1854271,8277705,1856963,8341402,OLLR,AVEL,OLL,AVE
3958,8462539,32854.0,17166.0,6750.0,1854271,8277788,1859238,8398218,OLLR,SMDDL,OLL,SMDD
3959,8462539,32854.0,17166.0,6750.0,1854271,8277788,1856963,8341281,OLLR,AVEL,OLL,AVE
3960,8462539,32854.0,17166.0,6750.0,1854271,8277788,1853041,8250495,OLLR,RIBR,OLL,RIB
3961,8462550,32762.0,17238.0,6240.0,1854271,8277771,1859238,8398235,OLLR,SMDDL,OLL,SMDD
3962,8462550,32762.0,17238.0,6240.0,1854271,8277771,1856963,8341298,OLLR,AVEL,OLL,AVE
3963,8462550,32762.0,17238.0,6240.0,1854271,8277771,1853041,8250478,OLLR,RIBR,OLL,RIB
3964,8462505,38548.0,28692.0,7200.0,1854271,8277593,1856168,8325489,OLLR,RMDDR,OLL,RMDD
3965,8462505,38548.0,28692.0,7200.0,1854271,8277593,1856963,8341504,OLLR,AVEL,OLL,AVE
3966,8462506,37794.0,28531.0,6840.0,1854271,8277581,1856168,8325501,OLLR,RMDDR,OLL,RMDD
3967,8462506,37794.0,28531.0,6840.0,1854271,8277581,1856963,8341492,OLLR,AVEL,OLL,AVE
3968,8462508,37462.0,28319.0,6600.0,1854271,8277573,1856168,8325509,OLLR,RMDDR,OLL,RMDD
3969,8462508,37462.0,28319.0,6600.0,1854271,8277573,1856963,8341484,OLLR,AVEL,OLL,AVE
3970,8462511,36990.0,28103.0,6390.0,1854271,8277566,1856963,8341477,OLLR,AVEL,OLL,AVE
3971,8462511,36990.0,28103.0,6390.0,1854271,8277566,1856168,8325516,OLLR,RMDDR,OLL,RMDD
3972,8462514,36562.0,27795.0,6150.0,1854271,8277558,1856963,8341469,OLLR,AVEL,OLL,AVE
3973,8462514,36562.0,27795.0,6150.0,1854271,8277558,1856168,8326262,OLLR,RMDDR,OLL,RMDD
3974,8462588,34948.0,25821.0,5010.0,1854271,8277519,1856963,8341424,OLLR,AVEL,OLL,AVE
3975,8462588,34948.0,25821.0,5010.0,1854271,8277519,1856168,8325562,OLLR,RMDDR,OLL,RMDD
3976,8472061,35338.0,26651.0,5310.0,1854271,8277529,1856963,8341441,OLLR,AVEL,OLL,AVE
3977,8472061,35338.0,26651.0,5310.0,1854271,8277529,1856168,8325552,OLLR,RMDDR,OLL,RMDD
3978,8462527,34766.0,25471.0,4920.0,1854271,8277686,1855695,8315847,OLLR,IL1R,OLL,IL1L/R
3979,8462527,34766.0,25471.0,4920.0,1854271,8277686,1856963,8341421,OLLR,AVEL,OLL,AVE
3980,8462527,34766.0,25471.0,4920.0,1854271,8277686,1856168,8325565,OLLR,RMDDR,OLL,RMDD
3981,8462572,33710.0,22751.0,4200.0,1854271,8277828,1856963,8341397,OLLR,AVEL,OLL,AVE
3982,8462572,33710.0,22751.0,4200.0,1854271,8277828,1857184,8345498,OLLR,RMDVR,OLL,RMDV
3983,8462572,33710.0,22751.0,4200.0,1854271,8277828,1858998,8393035,OLLR,RMDL,OLL,RMDL/R
3984,8462555,32772.0,18416.0,5460.0,1854271,8277745,1857184,8345610,OLLR,RMDVR,OLL,RMDV
3985,8462555,32772.0,18416.0,5460.0,1854271,8277745,1856963,8341324,OLLR,AVEL,OLL,AVE
3986,8462561,32900.0,19612.0,4740.0,1854271,8277720,1857184,8345581,OLLR,RMDVR,OLL,RMDV
3987,8462561,32900.0,19612.0,4740.0,1854271,8277720,1856963,8341348,OLLR,AVEL,OLL,AVE
3988,8462564,32836.0,19872.0,4620.0,1854271,8277716,1856963,8341353,OLLR,AVEL,OLL,AVE
3989,8462564,32836.0,19872.0,4620.0,1854271,8277716,1857184,8345585,OLLR,RMDVR,OLL,RMDV
3990,8462565,32806.0,20255.0,4530.0,1854271,8277713,1857184,8345527,OLLR,RMDVR,OLL,RMDV
3991,8462565,32806.0,20255.0,4530.0,1854271,8277713,1855306,8305530,OLLR,CEPDR,OLL,CEPD
3992,8462565,32806.0,20255.0,4530.0,1854271,8277713,1856963,8341356,OLLR,AVEL,OLL,AVE
3993,8462566,32738.0,20483.0,4470.0,1854271,8277711,1855306,8305502,OLLR,CEPDR,OLL,CEPD
3994,8462566,32738.0,20483.0,4470.0,1854271,8277711,1856963,8341358,OLLR,AVEL,OLL,AVE
3995,8462566,32738.0,20483.0,4470.0,1854271,8277711,1857184,8345529,OLLR,RMDVR,OLL,RMDV
3996,8462574,33270.0,22075.0,4200.0,1854271,8277828,1856963,8341830,OLLR,AVEL,OLL,AVE
3997,8462574,33270.0,22075.0,4200.0,1854271,8277828,1855306,8305511,OLLR,CEPDR,OLL,CEPD
3998,8462574,33270.0,22075.0,4200.0,1854271,8277828,1857184,8345498,OLLR,RMDVR,OLL,RMDV
3999,8462552,32816.0,18196.0,5700.0,1854271,8277753,1859238,8398253,OLLR,SMDDL,OLL,SMDD
4000,8462552,32816.0,18196.0,5700.0,1854271,8277753,1856963,8341316,OLLR,AVEL,OLL,AVE
4001,8462499,40138.0,29252.0,8970.0,1854271,8277652,1856143,8325049,OLLR,IL1VR,OLL,IL1V
4002,8462499,40138.0,29252.0,8970.0,1854271,8277652,1855951,8320699,OLLR,CEPVR,OLL,CEPV
4003,8462501,39458.0,29144.0,8370.0,1854271,8277632,1856168,8325435,OLLR,RMDDR,OLL,RMDD
4004,8462501,39458.0,29144.0,8370.0,1854271,8277632,1856143,8325029,OLLR,IL1VR,OLL,IL1V
4005,8462501,39458.0,29144.0,8370.0,1854271,8277632,1855951,8320719,OLLR,CEPVR,OLL,CEPV
4006,8462516,36498.0,27567.0,6090.0,1854271,8277555,1855951,8320795,OLLR,CEPVR,OLL,CEPV
4007,8462516,36498.0,27567.0,6090.0,1854271,8277555,1856168,8325526,OLLR,RMDDR,OLL,RMDD
4008,8462519,35982.0,27307.0,5880.0,1854271,8277548,1856168,8325533,OLLR,RMDDR,OLL,RMDD
4009,8462519,35982.0,27307.0,5880.0,1854271,8277548,1855951,8320802,OLLR,CEPVR,OLL,CEPV
4010,8462579,34262.0,24399.0,4410.0,1854271,8277703,1853041,8250380,OLLR,RIBR,OLL,RIB
4011,8462579,34262.0,24399.0,4410.0,1854271,8277703,1854565,8285171,OLLR,RMER,OLL,RMEL/R
4012,8462536,33006.0,16870.0,7470.0,1854271,8277812,1859238,8398194,OLLR,SMDDL,OLL,SMDD
4013,8462536,33006.0,16870.0,7470.0,1854271,8277812,1853041,8250519,OLLR,RIBR,OLL,RIB
4014,8462533,37046.0,23595.0,4680.0,1854271,8277491,1858998,8392816,OLLR,RMDL,OLL,RMDL/R
4015,8462534,36778.0,23507.0,4620.0,1854271,8277855,2096446,8301636,OLLR,unknownFLPR,OLL,unknownFLPR
4016,8462534,36778.0,23507.0,4620.0,1854271,8277855,1858998,8392814,OLLR,RMDL,OLL,RMDL/R
4017,8462531,36670.0,23839.0,4980.0,1854271,8277501,1859497,8406215,OLLR,RMDR,OLL,RMDL/R
4018,8462559,33080.0,19264.0,4980.0,1854271,8277728,1857184,8345594,OLLR,RMDVR,OLL,RMDV
4019,8462559,33080.0,19264.0,4980.0,1854271,8277728,1855306,8305545,OLLR,CEPDR,OLL,CEPD
4020,8462562,33004.0,19820.0,4710.0,1854271,8277719,1857184,8345532,OLLR,RMDVR,OLL,RMDV
4021,8462562,33004.0,19820.0,4710.0,1854271,8277719,1855306,8305536,OLLR,CEPDR,OLL,CEPD
4022,8462569,33210.0,22143.0,4440.0,1854271,8277702,1855306,8305503,OLLR,CEPDR,OLL,CEPD
4023,8462569,33210.0,22143.0,4440.0,1854271,8277702,1857184,8345502,OLLR,RMDVR,OLL,RMDV
4024,8462575,32678.0,20991.0,4200.0,1854271,8277828,1855306,8305511,OLLR,CEPDR,OLL,CEPD
4025,8462575,32678.0,20991.0,4200.0,1854271,8277828,1857184,8345524,OLLR,RMDVR,OLL,RMDV
4026,8462576,32766.0,21347.0,4260.0,1854271,8277826,1855306,8305509,OLLR,CEPDR,OLL,CEPD
4027,8462576,32766.0,21347.0,4260.0,1854271,8277826,1857184,8345522,OLLR,RMDVR,OLL,RMDV
4028,8462563,32720.0,20388.0,4680.0,1854271,8277718,1857184,8345531,OLLR,RMDVR,OLL,RMDV
4029,8462563,32720.0,20388.0,4680.0,1854271,8277718,1859210,8397276,OLLR,IL1DR,OLL,IL1D
4030,8462568,32774.0,21395.0,4440.0,1854271,8277710,1859210,8397284,OLLR,IL1DR,OLL,IL1D
4031,8462568,32774.0,21395.0,4440.0,1854271,8277710,1857184,8345516,OLLR,RMDVR,OLL,RMDV
4032,8472062,33418.0,22683.0,4410.0,1854271,8277703,1857184,8472067,OLLR,RMDVR,OLL,RMDV
4033,8472062,33418.0,22683.0,4410.0,1854271,8277703,1859210,8397285,OLLR,IL1DR,OLL,IL1D
4034,8462546,32550.0,17514.0,6540.0,1854271,8277781,1855306,8305597,OLLR,CEPDR,OLL,CEPD
4035,8462546,32550.0,17514.0,6540.0,1854271,8277781,1859210,8397340,OLLR,IL1DR,OLL,IL1D
4036,8462546,32550.0,17514.0,6540.0,1854271,8277781,1857184,8345708,OLLR,RMDVR,OLL,RMDV
4037,8462537,32770.0,17234.0,7260.0,1854271,8277805,1859238,8398201,OLLR,SMDDL,OLL,SMDD
4038,8462541,33014.0,17378.0,6870.0,1854271,8277792,1859238,8398214,OLLR,SMDDL,OLL,SMDD
4039,8462497,40750.0,29244.0,9150.0,1854271,8277658,1852827,8244717,OLLR,SMDVL,OLL,SMDV
4040,8462587,40752.0,29370.0,9060.0,1854271,8277655,1852827,8244714,OLLR,SMDVL,OLL,SMDV
4041,8462503,39020.0,28872.0,7560.0,1854271,8277605,1856963,8341516,OLLR,AVEL,OLL,AVE
4042,8462503,39020.0,28872.0,7560.0,1854271,8277605,1852827,8244664,OLLR,SMDVL,OLL,SMDV
4043,8462509,37702.0,28419.0,6510.0,1854271,8277570,1852827,8244626,OLLR,SMDVL,OLL,SMDV
4044,8462509,37702.0,28419.0,6510.0,1854271,8277570,1856963,8341481,OLLR,AVEL,OLL,AVE
4045,8462509,37702.0,28419.0,6510.0,1854271,8277570,1855951,8320781,OLLR,CEPVR,OLL,CEPV
4046,8462498,40758.0,29516.0,8940.0,1854271,8277651,1852827,8244710,OLLR,SMDVL,OLL,SMDV
4047,8462498,40758.0,29516.0,8940.0,1854271,8277651,1853041,8250906,OLLR,RIBR,OLL,RIB
4048,8462498,40758.0,29516.0,8940.0,1854271,8277651,1856963,8341562,OLLR,AVEL,OLL,AVE
4049,8471832,36824.0,18662.0,12420.0,1858916,8391152,1856836,8337328,OLQDL,IL1DL,OLQD,IL1D
4050,8471832,36824.0,18662.0,12420.0,1858916,8391152,1858882,8390264,OLQDL,CEPDL,OLQD,CEPD
4051,8471831,32944.0,18582.0,13410.0,1858916,8391222,1856836,8337510,OLQDL,IL1DL,OLQD,IL1D
4052,8471831,32944.0,18582.0,13410.0,1858916,8391222,1853765,8263701,OLQDL,IL2DL,OLQD,IL2D
4053,8462597,33850.0,21634.0,16770.0,1858916,8391338,1858943,8391667,OLQDL,IL2L,OLQD,IL2L/R
4054,8462598,33782.0,20974.0,16410.0,1858916,8391326,1858943,8391679,OLQDL,IL2L,OLQD,IL2L/R
4055,8462599,33662.0,20726.0,16140.0,1858916,8391317,1858943,8391688,OLQDL,IL2L,OLQD,IL2L/R
4056,8462600,33522.0,20368.0,15750.0,1858916,8391304,1858943,8391701,OLQDL,IL2L,OLQD,IL2L/R
4057,8462603,32902.0,19352.0,14880.0,1858916,8391275,1852985,8248745,OLQDL,RIH,OLQD,RIH
4058,8462603,32902.0,19352.0,14880.0,1858916,8391275,1858943,8391730,OLQDL,IL2L,OLQD,IL2L/R
4059,8462603,32902.0,19352.0,14880.0,1858916,8391275,1855757,8316879,OLQDL,RMEV,OLQD,RMEV
4060,8462613,35078.0,18028.0,12000.0,1858916,8391144,1856168,8325850,OLQDL,RMDDR,OLQD,RMDD
4061,8462606,35350.0,18244.0,12990.0,1858916,8391206,1857453,8354923,OLQDL,SIBVL,OLQD,SIBV
4062,8462606,35350.0,18244.0,12990.0,1858916,8391206,1856168,8325883,OLQDL,RMDDR,OLQD,RMDD
4063,8462614,35202.0,18260.0,12030.0,1858916,8391143,1857453,8354956,OLQDL,SIBVL,OLQD,SIBV
4064,8462614,35202.0,18260.0,12030.0,1858916,8391143,1856168,8325851,OLQDL,RMDDR,OLQD,RMDD
4065,8462615,35330.0,18076.0,12300.0,1858916,8391133,1857453,8354946,OLQDL,SIBVL,OLQD,SIBV
4066,8462615,35330.0,18076.0,12300.0,1858916,8391133,1856168,8325860,OLQDL,RMDDR,OLQD,RMDD
4067,8462616,35426.0,18540.0,13350.0,1858916,8391386,1856168,8325897,OLQDL,RMDDR,OLQD,RMDD
4068,8462616,35426.0,18540.0,13350.0,1858916,8391386,1857453,8354911,OLQDL,SIBVL,OLQD,SIBV
4069,8462612,37262.0,18546.0,13080.0,1858916,8391169,1857550,8357620,OLQDL,RICL,OLQD,RIC
4070,8462612,37262.0,18546.0,13080.0,1858916,8391169,1859335,8401732,OLQDL,RMHL,OLQD,RMH
4071,8462611,36914.0,18390.0,13140.0,1858916,8391171,1855653,8315238,OLQDL,RICR,OLQD,RIC
4072,8462611,36914.0,18390.0,13140.0,1858916,8391171,1859335,8401730,OLQDL,RMHL,OLQD,RMH
4073,8462608,35670.0,18392.0,12660.0,1858916,8391153,1856419,8333079,OLQDL,SMBDR,OLQD,SMBD
4074,8462608,35670.0,18392.0,12660.0,1858916,8391153,1857453,8354934,OLQDL,SIBVL,OLQD,SIBV
4075,8462620,32262.0,23577.0,5220.0,1855559,8311995,1854217,8276826,OLQDR,IL2R,OLQD,IL2L/R
4076,8462621,32170.0,22913.0,5070.0,1855559,8311989,1854217,8276831,OLQDR,IL2R,OLQD,IL2L/R
4077,8462622,32318.0,23329.0,5070.0,1855559,8311989,1854217,8276831,OLQDR,IL2R,OLQD,IL2L/R
4078,8462623,31606.0,21833.0,4980.0,1855559,8311986,1854217,8276857,OLQDR,IL2R,OLQD,IL2L/R
4079,8462636,36048.0,20384.0,5220.0,1855559,8312046,1855653,8314975,OLQDR,RICR,OLQD,RIC
4080,8462635,36012.0,20636.0,4920.0,1855559,8312056,1857297,8349929,OLQDR,SIADL,OLQD,SIAD
4081,8462635,36012.0,20636.0,4920.0,1855559,8312056,1857550,8357889,OLQDR,RICL,OLQD,RIC
4082,8462635,36012.0,20636.0,4920.0,1855559,8312056,1855433,8309114,OLQDR,RMHR,OLQD,RMH
4083,8462627,34382.0,19612.0,5820.0,1855559,8311897,1857221,8347453,OLQDR,RMDDL,OLQD,RMDD
4084,8462627,34382.0,19612.0,5820.0,1855559,8311897,1856287,8330323,OLQDR,SIBVR,OLQD,SIBV
4085,8462630,34254.0,20159.0,5430.0,1855559,8311892,1856287,8330299,OLQDR,SIBVR,OLQD,SIBV
4086,8462630,34254.0,20159.0,5430.0,1855559,8311892,1857221,8347468,OLQDR,RMDDL,OLQD,RMDD
4087,8462631,34190.0,19743.0,5550.0,1855559,8311888,1856287,8330314,OLQDR,SIBVR,OLQD,SIBV
4088,8462631,34190.0,19743.0,5550.0,1855559,8311888,1857221,8347462,OLQDR,RMDDL,OLQD,RMDD
4089,8462629,34362.0,20456.0,5700.0,1855559,8311883,1857221,8347664,OLQDR,RMDDL,OLQD,RMDD
4090,8462629,34362.0,20456.0,5700.0,1855559,8311883,1857703,8362639,OLQDR,SMBDL,OLQD,SMBD
4091,8462629,34362.0,20456.0,5700.0,1855559,8311883,1856287,8330422,OLQDR,SIBVR,OLQD,SIBV
4092,8462640,34958.0,23200.0,17760.0,1859048,8393635,1858943,8391618,OLQVL,IL2L,OLQV,IL2L/R
4093,8462641,34710.0,22964.0,17760.0,1859048,8393635,1858943,8391618,OLQVL,IL2L,OLQV,IL2L/R
4094,8462642,35102.0,23616.0,17580.0,1859048,8393629,1858943,8391612,OLQVL,IL2L,OLQV,IL2L/R
4095,8462643,35646.0,24464.0,17430.0,1859048,8393624,1858943,8391607,OLQVL,IL2L,OLQV,IL2L/R
4096,8462643,35646.0,24464.0,17430.0,1859048,8393624,1853073,8251905,OLQVL,RMED,OLQV,RMED
4097,8462656,40850.0,25508.0,15420.0,1859048,8393681,1859335,8401507,OLQVL,RMHL,OLQV,RMH
4098,8462656,40850.0,25508.0,15420.0,1859048,8393681,1857550,8357407,OLQVL,RICL,OLQV,RIC
4099,8462644,39394.0,25756.0,15000.0,1859048,8393662,1857184,8346170,OLQVL,RMDVR,OLQV,RMDV
4100,8462644,39394.0,25756.0,15000.0,1859048,8393662,1857813,8365400,OLQVL,SIBDL,OLQV,SIBD
4101,8462645,40346.0,26372.0,14640.0,1859048,8393508,1857813,8365287,OLQVL,SIBDL,OLQV,SIBD
4102,8462645,40346.0,26372.0,14640.0,1859048,8393508,1857184,8346202,OLQVL,RMDVR,OLQV,RMDV
4103,8462650,40754.0,26412.0,14040.0,1859048,8393529,1857184,8346222,OLQVL,RMDVR,OLQV,RMDV
4104,8462650,40754.0,26412.0,14040.0,1859048,8393529,1857813,8365309,OLQVL,SIBDL,OLQV,SIBD
4105,8462651,40730.0,26528.0,14340.0,1859048,8393519,1857184,8346212,OLQVL,RMDVR,OLQV,RMDV
4106,8462651,40730.0,26528.0,14340.0,1859048,8393519,1857813,8365297,OLQVL,SIBDL,OLQV,SIBD
4107,8462657,39622.0,25948.0,15150.0,1859048,8393666,1857184,8346186,OLQVL,RMDVR,OLQV,RMDV
4108,8462657,39622.0,25948.0,15150.0,1859048,8393666,1857813,8365396,OLQVL,SIBDL,OLQV,SIBD
4109,8462660,41102.0,25180.0,15600.0,1859048,8393687,1855653,8315369,OLQVL,RICR,OLQV,RIC
4110,8462660,41102.0,25180.0,15600.0,1859048,8393687,1858087,8372873,OLQVL,URBL,OLQV,URB
4111,8462665,33386.0,25807.0,5550.0,1855581,8312437,1854217,8276873,OLQVR,IL2R,OLQV,IL2L/R
4112,8462677,33310.0,25815.0,5820.0,1855581,8312427,1854217,8276882,OLQVR,IL2R,OLQV,IL2L/R
4113,8462677,33310.0,25815.0,5820.0,1855581,8312427,1852985,8249159,OLQVR,RIH,OLQV,RIH
4114,8462674,33570.0,25875.0,5700.0,1855581,8312431,1854217,8276878,OLQVR,IL2R,OLQV,IL2L/R
4115,8462674,33570.0,25875.0,5700.0,1855581,8312431,1853073,8251230,OLQVR,RMED,OLQV,RMED
4116,8462696,39536.0,26916.0,6660.0,1855581,8312307,1855653,8314835,OLQVR,RICR,OLQV,RIC
4117,8471834,36874.0,27846.0,7740.0,1855581,8312363,1856090,8324170,OLQVR,IL2VR,OLQV,IL2V
4118,8471834,36874.0,27846.0,7740.0,1855581,8312363,1854565,8285288,OLQVR,RMER,OLQV,RMEL/R
4119,8462681,39668.0,27636.0,7320.0,1855581,8312344,1859074,8394449,OLQVR,RMDVL,OLQV,RMDV
4120,8462681,39668.0,27636.0,7320.0,1855581,8312344,1854144,8274605,OLQVR,SIBDR,OLQV,SIBD
4121,8462688,39496.0,27556.0,7200.0,1855581,8312340,1854144,8274601,OLQVR,SIBDR,OLQV,SIBD
4122,8462688,39496.0,27556.0,7200.0,1855581,8312340,1859074,8394445,OLQVR,RMDVL,OLQV,RMDV
4123,8462699,40252.0,27548.0,8250.0,1855581,8312501,1859074,8394480,OLQVR,RMDVL,OLQV,RMDV
4124,8462699,40252.0,27548.0,8250.0,1855581,8312501,1854144,8274642,OLQVR,SIBDR,OLQV,SIBD
4125,8462700,40424.0,27856.0,8250.0,1855581,8312501,1859074,8394480,OLQVR,RMDVL,OLQV,RMDV
4126,8462700,40424.0,27856.0,8250.0,1855581,8312501,1854144,8274642,OLQVR,SIBDR,OLQV,SIBD
4127,8462701,40300.0,27876.0,7950.0,1855581,8312491,1854144,8274626,OLQVR,SIBDR,OLQV,SIBD
4128,8462701,40300.0,27876.0,7950.0,1855581,8312491,1859074,8394470,OLQVR,RMDVL,OLQV,RMDV
4129,8462702,40080.0,27752.0,7710.0,1855581,8312483,1854144,8274618,OLQVR,SIBDR,OLQV,SIBD
4130,8462702,40080.0,27752.0,7710.0,1855581,8312483,1859074,8394462,OLQVR,RMDVL,OLQV,RMDV
4131,8462692,38800.0,27132.0,6810.0,1855581,8312327,2096446,8301613,OLQVR,unknownFLPR,OLQV,unknownFLPR
4132,8462692,38800.0,27132.0,6810.0,1855581,8312327,1859074,8394430,OLQVR,RMDVL,OLQV,RMDV
4133,8462692,38800.0,27132.0,6810.0,1855581,8312327,1854144,8274522,OLQVR,SIBDR,OLQV,SIBD
4134,8468311,38760.0,22538.0,18090.0,1857523,8357071,1858348,8380092,PLNL,RMGL,PLN,RMG
4135,8468323,50635.0,29195.0,12120.0,1857523,8356779,1859300,8400067,PLNL,SAADL,PLN,SAAD
4136,8468313,45560.0,28434.0,11400.0,1857523,8356837,1857657,8361210,PLNL,SMBVL,PLN,SMBV
4137,8468313,45560.0,28434.0,11400.0,1857523,8356837,1859300,8400180,PLNL,SAADL,PLN,SAAD
4138,8468315,45708.0,28438.0,11250.0,1857523,8356832,1859300,8400175,PLNL,SAADL,PLN,SAAD
4139,8468315,45708.0,28438.0,11250.0,1857523,8356832,1857657,8361215,PLNL,SMBVL,PLN,SMBV
4140,8468318,45840.0,28494.0,11190.0,1857523,8356830,1857657,8361217,PLNL,SMBVL,PLN,SMBV
4141,8468318,45840.0,28494.0,11190.0,1857523,8356830,1859300,8400173,PLNL,SAADL,PLN,SAAD
4142,8468319,46076.0,28538.0,11070.0,1857523,8356827,1857657,8361220,PLNL,SMBVL,PLN,SMBV
4143,8468319,46076.0,28538.0,11070.0,1857523,8356827,1859300,8400169,PLNL,SAADL,PLN,SAAD
4144,8468321,46320.0,28586.0,10980.0,1857523,8356821,1857657,8361223,PLNL,SMBVL,PLN,SMBV
4145,8468321,46320.0,28586.0,10980.0,1857523,8356821,1859300,8400152,PLNL,SAADL,PLN,SAAD
4146,8468325,51177.0,29341.0,12360.0,1857523,8356771,1857657,8361428,PLNL,SMBVL,PLN,SMBV
4147,8468325,51177.0,29341.0,12360.0,1857523,8356771,1859300,8400059,PLNL,SAADL,PLN,SAAD
4148,8468326,51305.0,29409.0,12540.0,1857523,8356766,1859300,8399875,PLNL,SAADL,PLN,SAAD
4149,8468326,51305.0,29409.0,12540.0,1857523,8356766,1857657,8361434,PLNL,SMBVL,PLN,SMBV
4150,8468328,53465.0,30477.0,12120.0,1857523,8356725,1859300,8400067,PLNL,SAADL,PLN,SAAD
4151,8468328,53465.0,30477.0,12120.0,1857523,8356725,1857657,8361273,PLNL,SMBVL,PLN,SMBV
4152,8468334,36790.0,25628.0,4380.0,1859824,8413837,1854875,8294945,PLNR,RMGR,PLN,RMG
4153,8468334,36790.0,25628.0,4380.0,1859824,8413837,1856375,8332116,PLNR,SAADR,PLN,SAAD
4154,8468335,37066.0,25707.0,4560.0,1859824,8413831,1856375,8332122,PLNR,SAADR,PLN,SAAD
4155,8468335,37066.0,25707.0,4560.0,1859824,8413831,1854875,8294952,PLNR,RMGR,PLN,RMG
4156,8468338,46270.0,28996.0,9000.0,1859824,8413651,1855492,8311261,PLNR,SMBVR,PLN,SMBV
4157,8468338,46270.0,28996.0,9000.0,1859824,8413651,1856375,8331174,PLNR,SAADR,PLN,SAAD
4158,8468339,46634.0,28944.0,8850.0,1859824,8413646,1856375,8331169,PLNR,SAADR,PLN,SAAD
4159,8468339,46634.0,28944.0,8850.0,1859824,8413646,1855492,8311069,PLNR,SMBVR,PLN,SMBV
4160,8468340,46130.0,29000.0,8850.0,1859824,8413646,1855492,8311059,PLNR,SMBVR,PLN,SMBV
4161,8468340,46130.0,29000.0,8850.0,1859824,8413646,1856375,8331169,PLNR,SAADR,PLN,SAAD
4162,8468341,53202.0,31992.0,7920.0,1859824,8413544,1856375,8332339,PLNR,SAADR,PLN,SAAD
4163,8468341,53202.0,31992.0,7920.0,1859824,8413544,1855492,8311112,PLNR,SMBVR,PLN,SMBV
4164,8468337,50920.0,30434.0,7860.0,1859824,8413572,1855492,8311109,PLNR,SMBVR,PLN,SMBV
4165,8468337,50920.0,30434.0,7860.0,1859824,8413572,1856937,8340554,PLNR,SAAVL,PLN,SAAV
4166,8468329,36882.0,25476.0,4260.0,1859824,8413841,1856375,8331371,PLNR,SAADR,PLN,SAAD
4167,8468329,36882.0,25476.0,4260.0,1859824,8413841,1852827,8244534,PLNR,SMDVL,PLN,SMDV
4168,8468336,37230.0,25723.0,4560.0,1859824,8413831,1852827,8244544,PLNR,SMDVL,PLN,SMDV
4169,8468336,37230.0,25723.0,4560.0,1859824,8413831,1856375,8332122,PLNR,SAADR,PLN,SAAD
4170,8471835,48526.0,29564.0,7980.0,1859824,8413603,1856375,8331118,PLNR,SAADR,PLN,SAAD
4171,8471835,48526.0,29564.0,7980.0,1859824,8413603,1852827,8244849,PLNR,SMDVL,PLN,SMDV
4172,8471835,48526.0,29564.0,7980.0,1859824,8413603,1855492,8311259,PLNR,SMBVR,PLN,SMBV
4173,8469151,41414.0,23892.0,17130.0,1857126,8344686,1857842,8366482,PVCL,AVBL,PVC,AVB
4174,8469151,41414.0,23892.0,17130.0,1857126,8344686,1855391,8307740,PVCL,AVAL,PVC,AVA
4175,8469163,41058.0,23292.0,17220.0,1857126,8344688,1855391,8307602,PVCL,AVAL,PVC,AVA
4176,8469163,41058.0,23292.0,17220.0,1857126,8344688,1857842,8366484,PVCL,AVBL,PVC,AVB
4177,8472073,36754.0,21103.0,3450.0,1857126,8345190,1857842,8366932,PVCL,AVBL,PVC,AVB
4178,8472073,36754.0,21103.0,3450.0,1857126,8345190,1854065,8272248,PVCL,SAAVR,PVC,SAAV
4179,8469162,51045.0,30431.0,11940.0,1857126,8345210,1857732,8363591,PVCL,AVHR,PVC,AVH
4180,8469162,51045.0,30431.0,11940.0,1857126,8345210,1854528,8285020,PVCL,AVBR,PVC,AVB
4181,8469162,51045.0,30431.0,11940.0,1857126,8345210,1857842,8366272,PVCL,AVBL,PVC,AVB
4182,8469152,44474.0,27456.0,14040.0,1857126,8344585,1854528,8284743,PVCL,AVBR,PVC,AVB
4183,8469152,44474.0,27456.0,14040.0,1857126,8344585,1858005,8371435,PVCL,AVDR,PVC,AVD
4184,8469153,44666.0,27592.0,13950.0,1857126,8344582,1858005,8371438,PVCL,AVDR,PVC,AVD
4185,8469153,44666.0,27592.0,13950.0,1857126,8344582,1854528,8284746,PVCL,AVBR,PVC,AVB
4186,8469155,53872.0,31942.0,11040.0,1857126,8344464,1854528,8284998,PVCL,AVBR,PVC,AVB
4187,8469155,53872.0,31942.0,11040.0,1857126,8344464,1854322,8279698,PVCL,AVER,PVC,AVE
4188,8469145,37608.0,17055.0,11310.0,1857126,8344899,1854528,8284385,PVCL,AVBR,PVC,AVB
4189,8469145,37608.0,17055.0,11310.0,1857126,8344899,1854363,8280230,PVCL,AVDL,PVC,AVD
4190,8469145,37608.0,17055.0,11310.0,1857126,8344899,1854592,8286582,PVCL,RID,PVC,RID
4191,8469146,38618.0,18392.0,15240.0,1857126,8344768,1858050,8372201,PVCL,AVJR,PVC,AVJ
4192,8469146,38618.0,18392.0,15240.0,1857126,8344768,1854592,8286712,PVCL,RID,PVC,RID
4193,8469146,38618.0,18392.0,15240.0,1857126,8344768,1854528,8284515,PVCL,AVBR,PVC,AVB
4194,8469143,37112.0,17047.0,10260.0,1857126,8344932,1857453,8354209,PVCL,SIBVL,PVC,SIBV
4195,8469143,37112.0,17047.0,10260.0,1857126,8344932,1857813,8365703,PVCL,SIBDL,PVC,SIBD
4196,8469143,37112.0,17047.0,10260.0,1857126,8344932,1854528,8284352,PVCL,AVBR,PVC,AVB
4197,8469149,39422.0,20294.0,16500.0,1857126,8344723,1856963,8340965,PVCL,AVEL,PVC,AVE
4198,8469149,39422.0,20294.0,16500.0,1857126,8344723,1859368,8403243,PVCL,ADAL,PVC,ADA
4199,8469149,39422.0,20294.0,16500.0,1857126,8344723,1858005,8371243,PVCL,AVDR,PVC,AVD
4200,8416478,36974.0,19648.0,4710.0,1857126,8345116,1854528,8284158,PVCL,AVBR,PVC,AVB
4201,8416478,36974.0,19648.0,4710.0,1857126,8345116,1854405,8281364,PVCL,AVJL,PVC,AVJ
4202,8468344,36970.0,18206.0,6720.0,1857126,8345049,1854405,8281297,PVCL,AVJL,PVC,AVJ
4203,8468344,36970.0,18206.0,6720.0,1857126,8345049,1854528,8284235,PVCL,AVBR,PVC,AVB
4204,8469156,56634.0,33060.0,9240.0,1857126,8344403,1856244,8327474,PVCL,RIS,PVC,RIS
4205,8469156,56634.0,33060.0,9240.0,1857126,8344403,1856906,8339493,PVCL,FLPR,PVC,FLP
4206,8468343,36714.0,21027.0,3840.0,1857126,8345144,1852778,8242733,PVCL,AVAR,PVC,AVA
4207,8468343,36714.0,21027.0,3840.0,1857126,8345144,1854941,8295431,PVCL,PVCR,PVC,PVC
4208,8469165,39570.0,20670.0,16770.0,1857126,8344714,1857842,8366491,PVCL,AVBL,PVC,AVB
4209,8469165,39570.0,20670.0,16770.0,1857126,8344714,1854592,8286799,PVCL,RID,PVC,RID
4210,8469154,48617.0,29055.0,12180.0,1857126,8344514,1858005,8371500,PVCL,AVDR,PVC,AVD
4211,8469154,48617.0,29055.0,12180.0,1857126,8344514,1854592,8287137,PVCL,RID,PVC,RID
4212,8469147,39302.0,19910.0,16380.0,1857126,8344727,1856963,8340962,PVCL,AVEL,PVC,AVE
4213,8469147,39302.0,19910.0,16380.0,1857126,8344727,1854592,8286786,PVCL,RID,PVC,RID
4214,8469150,39302.0,20090.0,16500.0,1857126,8344723,1856963,8340965,PVCL,AVEL,PVC,AVE
4215,8469150,39302.0,20090.0,16500.0,1857126,8344723,1854592,8286790,PVCL,RID,PVC,RID
4216,8469197,40284.0,27449.0,5220.0,1854941,8295346,1855391,8319648,PVCR,AVAL,PVC,AVA
4217,8469197,40284.0,27449.0,5220.0,1854941,8295346,1854971,8296652,PVCR,AQR,PVC,AQR
4218,8469197,40284.0,27449.0,5220.0,1854941,8295346,1852778,8243876,PVCR,AVAR,PVC,AVA
4219,8469195,37404.0,22616.0,3000.0,1854941,8295695,1852778,8242704,PVCR,AVAR,PVC,AVA
4220,8469195,37404.0,22616.0,3000.0,1854941,8295695,1857842,8367329,PVCR,AVBL,PVC,AVB
4221,8469192,51888.0,31958.0,8520.0,1854941,8295218,1857842,8367300,PVCR,AVBL,PVC,AVB
4222,8469192,51888.0,31958.0,8520.0,1854941,8295218,1854528,8283922,PVCR,AVBR,PVC,AVB
4223,8469196,54360.0,32682.0,9180.0,1854941,8295192,1857842,8367285,PVCR,AVBL,PVC,AVB
4224,8469196,54360.0,32682.0,9180.0,1854941,8295192,1854528,8283898,PVCR,AVBR,PVC,AVB
4225,8469196,54360.0,32682.0,9180.0,1854941,8295192,1856963,8341633,PVCR,AVEL,PVC,AVE
4226,8469193,54996.0,32714.0,9030.0,1854941,8295197,1857842,8367272,PVCR,AVBL,PVC,AVB
4227,8469193,54996.0,32714.0,9030.0,1854941,8295197,1856963,8341646,PVCR,AVEL,PVC,AVE
4228,8469173,36488.0,17664.0,7800.0,1854941,8295562,1854144,8274957,PVCR,SIBDR,PVC,SIBD
4229,8469173,36488.0,17664.0,7800.0,1854941,8295562,1857842,8366788,PVCR,AVBL,PVC,AVB
4230,8469176,36528.0,17870.0,7530.0,1854941,8295553,1857842,8366797,PVCR,AVBL,PVC,AVB
4231,8469176,36528.0,17870.0,7530.0,1854941,8295553,1854144,8274948,PVCR,SIBDR,PVC,SIBD
4232,8469179,36552.0,18610.0,5550.0,1854941,8295487,1858005,8370871,PVCR,AVDR,PVC,AVD
4233,8469179,36552.0,18610.0,5550.0,1854941,8295487,1857842,8366863,PVCR,AVBL,PVC,AVB
4234,8469179,36552.0,18610.0,5550.0,1854941,8295487,1854144,8274882,PVCR,SIBDR,PVC,SIBD
4235,8469179,36552.0,18610.0,5550.0,1854941,8295487,1856287,8329478,PVCR,SIBVR,PVC,SIBV
4236,8469183,42818.0,29096.0,6750.0,1854941,8295293,1857842,8367088,PVCR,AVBL,PVC,AVB
4237,8469183,42818.0,29096.0,6750.0,1854941,8295293,1856287,8329266,PVCR,SIBVR,PVC,SIBV
4238,8469181,39150.0,25507.0,4530.0,1854941,8295380,1852778,8243784,PVCR,AVAR,PVC,AVA
4239,8469181,39150.0,25507.0,4530.0,1854941,8295380,1854528,8284086,PVCR,AVBR,PVC,AVB
4240,8469191,51492.0,31646.0,8460.0,1854941,8295220,1854528,8283924,PVCR,AVBR,PVC,AVB
4241,8469191,51492.0,31646.0,8460.0,1854941,8295220,1859546,8407930,PVCR,AVHL,PVC,AVH
4242,8469182,39458.0,25811.0,4860.0,1854941,8295369,1854405,8281463,PVCR,AVJL,PVC,AVJ
4243,8469182,39458.0,25811.0,4860.0,1854941,8295369,1852778,8243799,PVCR,AVAR,PVC,AVA
4244,8469182,39458.0,25811.0,4860.0,1854941,8295369,1854528,8284075,PVCR,AVBR,PVC,AVB
4245,8469171,36876.0,17296.0,9180.0,1854941,8295611,1854144,8275003,PVCR,SIBDR,PVC,SIBD
4246,8469171,36876.0,17296.0,9180.0,1854941,8295611,1857453,8354244,PVCR,SIBVL,PVC,SIBV
4247,8469171,36876.0,17296.0,9180.0,1854941,8295611,1854528,8284317,PVCR,AVBR,PVC,AVB
4248,8469184,44188.0,29530.0,7110.0,1854941,8295281,1857842,8367100,PVCR,AVBL,PVC,AVB
4249,8469184,44188.0,29530.0,7110.0,1854941,8295281,1854363,8280688,PVCR,AVDL,PVC,AVD
4250,8469186,45916.0,29878.0,7560.0,1854941,8295266,1857842,8367316,PVCR,AVBL,PVC,AVB
4251,8469186,45916.0,29878.0,7560.0,1854941,8295266,1854363,8280704,PVCR,AVDL,PVC,AVD
4252,8469187,46332.0,29930.0,7560.0,1854941,8295266,1857842,8367316,PVCR,AVBL,PVC,AVB
4253,8469187,46332.0,29930.0,7560.0,1854941,8295266,1854363,8280704,PVCR,AVDL,PVC,AVD
4254,8469188,47592.0,30354.0,7890.0,1854941,8295255,1854528,8283943,PVCR,AVBR,PVC,AVB
4255,8469188,47592.0,30354.0,7890.0,1854941,8295255,1854363,8280728,PVCR,AVDL,PVC,AVD
4256,8469190,51528.0,31682.0,8340.0,1854941,8295230,1854528,8283928,PVCR,AVBR,PVC,AVB
4257,8469190,51528.0,31682.0,8340.0,1854941,8295230,1854363,8280744,PVCR,AVDL,PVC,AVD
4258,8469180,37686.0,22975.0,3600.0,1854941,8295410,1854363,8280517,PVCR,AVDL,PVC,AVD
4259,8469180,37686.0,22975.0,3600.0,1854941,8295410,1854405,8281409,PVCR,AVJL,PVC,AVJ
4260,8469180,37686.0,22975.0,3600.0,1854941,8295410,1854322,8278930,PVCR,AVER,PVC,AVE
4261,8469194,54636.0,32630.0,9030.0,1854941,8295197,1856963,8341646,PVCR,AVEL,PVC,AVE
4262,8469194,54636.0,32630.0,9030.0,1854941,8295197,1857376,8351192,PVCR,AVKR,PVC,AVK
4263,8469175,36444.0,17770.0,7530.0,1854941,8295553,1856287,8329544,PVCR,SIBVR,PVC,SIBV
4264,8469175,36444.0,17770.0,7530.0,1854941,8295553,1854144,8274948,PVCR,SIBDR,PVC,SIBD
4265,8469178,36554.0,18030.0,7110.0,1854941,8295539,1854144,8274934,PVCR,SIBDR,PVC,SIBD
4266,8469178,36554.0,18030.0,7110.0,1854941,8295539,1856287,8329530,PVCR,SIBVR,PVC,SIBV
4267,8468347,37572.0,17940.0,8970.0,1855821,8318369,1858050,8371995,PVNL,AVJR,PVN,AVJ
4268,8468347,37572.0,17940.0,8970.0,1855821,8318369,1854405,8281222,PVNL,AVJL,PVN,AVJ
4269,8468345,37946.0,17816.0,9210.0,1855821,8318377,1858511,8383188,PVNL,BDUL,PVN,BDU
4270,8468345,37946.0,17816.0,9210.0,1855821,8318377,1859863,8414507,PVNL,BDUR,PVN,BDU
4271,8468345,37946.0,17816.0,9210.0,1855821,8318377,1854405,8281214,PVNL,AVJL,PVN,AVJ
4272,8469203,48498.0,28532.0,13290.0,1855821,8318790,1858511,8382867,PVNL,BDUL,PVN,BDU
4273,8469203,48498.0,28532.0,13290.0,1855821,8318790,1857063,8342546,PVNL,CEPshVL,PVN,CEPshV
4274,8469205,46948.0,27862.0,13800.0,1855821,8318652,1858195,8375211,PVNL,RIFL,PVN,RIF
4275,8469205,46948.0,27862.0,13800.0,1855821,8318652,1858511,8382887,PVNL,BDUL,PVN,BDU
4276,8468348,37678.0,19132.0,5880.0,1855821,8318266,1859863,8414397,PVNL,BDUR,PVN,BDU
4277,8468348,37678.0,19132.0,5880.0,1855821,8318266,1858050,8371892,PVNL,AVJR,PVN,AVJ
4278,8468349,41542.0,25871.0,5880.0,1855821,8318186,1859863,8414302,PVNL,BDUR,PVN,BDU
4279,8468349,41542.0,25871.0,5880.0,1855821,8318186,1852770,8242474,PVNL,CEPshVR,PVN,CEPshV
4280,8469201,43434.0,28388.0,6120.0,1855821,8318154,1858599,8384611,PVNL,PVNR,PVN,PVN
4281,8469201,43434.0,28388.0,6120.0,1855821,8318154,1859863,8414280,PVNL,BDUR,PVN,BDU
4282,8469207,50290.0,29876.0,13170.0,1858599,8385333,1858511,8382849,PVNR,BDUL,PVN,BDU
4283,8469207,50290.0,29876.0,13170.0,1858599,8385333,1858348,8380327,PVNR,RMGL,PVN,RMG
4284,8469213,39948.0,23484.0,5130.0,1858599,8384767,1855138,8300539,PVNR,ALMR,PVN,ALM
4285,8469213,39948.0,23484.0,5130.0,1858599,8384767,1859863,8414331,PVNR,BDUR,PVN,BDU
4286,8469213,39948.0,23484.0,5130.0,1858599,8384767,1854322,8278887,PVNR,AVER,PVN,AVE
4287,8469210,50282.0,31870.0,7680.0,1858599,8384530,1859863,8414199,PVNR,BDUR,PVN,BDU
4288,8469210,50282.0,31870.0,7680.0,1858599,8384530,1854405,8281580,PVNR,AVJL,PVN,AVJ
4289,8468346,38006.0,17452.0,9210.0,1858599,8384947,1858511,8383188,PVNR,BDUL,PVN,BDU
4290,8468346,38006.0,17452.0,9210.0,1858599,8384947,1854405,8281214,PVNR,AVJL,PVN,AVJ
4291,8468346,38006.0,17452.0,9210.0,1858599,8384947,1859863,8414507,PVNR,BDUR,PVN,BDU
4292,8469211,59690.0,35356.0,9330.0,1858599,8384416,1855821,8317944,PVNR,PVNL,PVN,PVN
4293,8469211,59690.0,35356.0,9330.0,1858599,8384416,1859863,8414101,PVNR,BDUR,PVN,BDU
4294,8469212,45642.0,29682.0,6270.0,1858599,8384595,1859653,8409872,PVNR,RIFR,PVN,RIF
4295,8469212,45642.0,29682.0,6270.0,1858599,8384595,1859863,8414253,PVNR,BDUR,PVN,BDU
4296,8469215,44660.0,28989.0,6540.0,1858599,8384687,1855821,8318149,PVNR,PVNL,PVN,PVN
4297,8469215,44660.0,28989.0,6540.0,1858599,8384687,1855138,8300602,PVNR,ALMR,PVN,ALM
4298,8469215,44660.0,28989.0,6540.0,1858599,8384687,1855951,8320462,PVNR,CEPVR,PVN,CEPV
4299,8469208,47966.0,28272.0,12930.0,1858599,8385284,1856107,8324545,PVNR,AVM,PVN,AVM
4300,8469208,47966.0,28272.0,12930.0,1858599,8385284,1855821,8318803,PVNR,PVNL,PVN,PVN
4301,8469232,51252.0,30470.0,11100.0,1857587,8358405,1852778,8243462,PVPL,AVAR,PVP,AVA
4302,8469232,51252.0,30470.0,11100.0,1857587,8358405,1859368,8402522,PVPL,ADAL,PVP,ADA
4303,8469226,41242.0,24368.0,17430.0,1857587,8358629,1857073,8342960,PVPL,RIR,PVP,RIR
4304,8469226,41242.0,24368.0,17430.0,1857587,8358629,1855391,8307617,PVPL,AVAL,PVP,AVA
4305,8469226,41242.0,24368.0,17430.0,1857587,8358629,1854971,8296121,PVPL,AQR,PVP,AQR
4306,8416851,46818.0,28924.0,13170.0,1857587,8358484,1857842,8366315,PVPL,AVBL,PVP,AVB
4307,8416851,46818.0,28924.0,13170.0,1857587,8358484,1854971,8295975,PVPL,AQR,PVP,AQR
4308,8469222,38248.0,17206.0,12630.0,1857587,8358835,1854971,8296325,PVPL,AQR,PVP,AQR
4309,8469222,38248.0,17206.0,12630.0,1857587,8358835,1854528,8284428,PVPL,AVBR,PVP,AVB
4310,8469227,41664.0,25068.0,17100.0,1857587,8358619,1852675,8242417,PVPL,RMFL,PVP,RMF
4311,8469227,41664.0,25068.0,17100.0,1857587,8358619,1855391,8307627,PVPL,AVAL,PVP,AVA
4312,8469233,54985.0,31815.0,11970.0,1857587,8358360,1858005,8371551,PVPL,AVDR,PVP,AVD
4313,8469233,54985.0,31815.0,11970.0,1857587,8358360,1852778,8243491,PVPL,AVAR,PVP,AVA
4314,8469224,40030.0,21396.0,17250.0,1857587,8358684,1855391,8307598,PVPL,AVAL,PVP,AVA
4315,8469224,40030.0,21396.0,17250.0,1857587,8358684,1857842,8366477,PVPL,AVBL,PVP,AVB
4316,8469217,37562.0,16788.0,9330.0,1857587,8358942,1854528,8284321,PVPL,AVBR,PVP,AVB
4317,8469217,37562.0,16788.0,9330.0,1857587,8358942,1857842,8366738,PVPL,AVBL,PVP,AVB
4318,8469218,37672.0,16875.0,10380.0,1857587,8358907,1857842,8366703,PVPL,AVBL,PVP,AVB
4319,8469218,37672.0,16875.0,10380.0,1857587,8358907,1857732,8363127,PVPL,AVHR,PVP,AVH
4320,8469219,37664.0,16851.0,10560.0,1857587,8358901,1857126,8344922,PVPL,PVCL,PVP,PVC
4321,8469219,37664.0,16851.0,10560.0,1857587,8358901,1857842,8366697,PVPL,AVBL,PVP,AVB
4322,8469221,37812.0,16851.0,10920.0,1857587,8358891,1857842,8366687,PVPL,AVBL,PVP,AVB
4323,8469221,37812.0,16851.0,10920.0,1857587,8358891,1857126,8344912,PVPL,PVCL,PVP,PVC
4324,8469229,47237.0,29075.0,12870.0,1857587,8358474,1857842,8366305,PVPL,AVBL,PVP,AVB
4325,8469229,47237.0,29075.0,12870.0,1857587,8358474,1857126,8344537,PVPL,PVCL,PVP,PVC
4326,8469230,47445.0,29199.0,12630.0,1857587,8358466,1857842,8366297,PVPL,AVBL,PVP,AVB
4327,8469230,47445.0,29199.0,12630.0,1857587,8358466,1857126,8344529,PVPL,PVCL,PVP,PVC
4328,8469223,38372.0,17310.0,12690.0,1857587,8358833,1857842,8366628,PVPL,AVBL,PVP,AVB
4329,8469223,38372.0,17310.0,12690.0,1857587,8358833,1857919,8368334,PVPL,ASHL,PVP,ASH
4330,8469223,38372.0,17310.0,12690.0,1857587,8358833,1857126,8344853,PVPL,PVCL,PVP,PVC
4331,8469231,50856.0,30586.0,11550.0,1857587,8358420,1854528,8284833,PVPL,AVBR,PVP,AVB
4332,8469231,50856.0,30586.0,11550.0,1857587,8358420,1854322,8279674,PVPL,AVER,PVP,AVE
4333,8469225,40134.0,22996.0,18180.0,1857587,8358654,1854528,8285071,PVPL,AVBR,PVP,AVB
4334,8469225,40134.0,22996.0,18180.0,1857587,8358654,1857421,8353199,PVPL,RIGL,PVP,RIG
4335,8469234,61641.0,34505.0,13140.0,1857587,8358292,1858195,8375029,PVPL,RIFL,PVP,RIF
4336,8469234,61641.0,34505.0,13140.0,1857587,8358292,1854322,8279826,PVPL,AVER,PVP,AVE
4337,8469244,39506.0,26683.0,4530.0,1859780,8413073,1852778,8243784,PVPR,AVAR,PVP,AVA
4338,8469244,39506.0,26683.0,4530.0,1859780,8413073,1857073,8343544,PVPR,RIR,PVP,RIR
4339,8469243,38908.0,26558.0,4200.0,1859780,8413084,1855337,8307026,PVPR,AIBL,PVP,AIB
4340,8469243,38908.0,26558.0,4200.0,1859780,8413084,1857842,8367001,PVPR,AVBL,PVP,AVB
4341,8469251,51454.0,31860.0,9090.0,1859780,8413381,1857495,8355654,PVPR,RIAR,PVP,RIA
4342,8469251,51454.0,31860.0,9090.0,1859780,8413381,1857842,8367283,PVPR,AVBL,PVP,AVB
4343,8469251,51454.0,31860.0,9090.0,1859780,8413381,1855712,8316063,PVPR,ADAR,PVP,ADA
4344,8469250,51602.0,31900.0,9270.0,1859780,8413387,1857842,8367289,PVPR,AVBL,PVP,AVB
4345,8469250,51602.0,31900.0,9270.0,1859780,8413387,1856963,8341750,PVPR,AVEL,PVP,AVE
4346,8469250,51602.0,31900.0,9270.0,1859780,8413387,1857495,8355649,PVPR,RIAR,PVP,RIA
4347,8469249,45170.0,30346.0,7020.0,1859780,8413349,1854528,8283972,PVPR,AVBR,PVP,AVB
4348,8469235,37026.0,17422.0,7650.0,1859780,8413281,1854528,8284266,PVPR,AVBR,PVP,AVB
4349,8469235,37026.0,17422.0,7650.0,1859780,8413281,1857126,8345018,PVPR,PVCL,PVP,PVC
4350,8469236,37010.0,17626.0,7170.0,1859780,8413265,1854941,8295541,PVPR,PVCR,PVP,PVC
4351,8469236,37010.0,17626.0,7170.0,1859780,8413265,1854528,8284250,PVPR,AVBR,PVP,AVB
4352,8469236,37010.0,17626.0,7170.0,1859780,8413265,1857126,8345034,PVPR,PVCL,PVP,PVC
4353,8469239,37026.0,20527.0,4080.0,1859780,8413156,1854941,8295439,PVPR,PVCR,PVP,PVC
4354,8469239,37026.0,20527.0,4080.0,1859780,8413156,1854528,8284138,PVPR,AVBR,PVP,AVB
4355,8469241,38118.0,23679.0,3540.0,1859780,8413340,1852778,8243746,PVPR,AVAR,PVP,AVA
4356,8469241,38118.0,23679.0,3540.0,1859780,8413340,1854528,8284118,PVPR,AVBR,PVP,AVB
4357,8469241,38118.0,23679.0,3540.0,1859780,8413340,1854941,8295412,PVPR,PVCR,PVP,PVC
4358,8469189,47828.0,31018.0,7890.0,1859780,8412958,1859653,8409801,PVPR,RIFR,PVP,RIF
4359,8469189,47828.0,31018.0,7890.0,1859780,8412958,1854528,8283943,PVPR,AVBR,PVP,AVB
4360,8469247,45254.0,30322.0,7080.0,1859780,8412986,1859653,8409845,PVPR,RIFR,PVP,RIF
4361,8469247,45254.0,30322.0,7080.0,1859780,8412986,1854528,8283970,PVPR,AVBR,PVP,AVB
4362,8469242,39040.0,25870.0,4140.0,1859780,8413085,1854971,8296688,PVPR,AQR,PVP,AQR
4363,8469242,39040.0,25870.0,4140.0,1859780,8413085,1859546,8407750,PVPR,AVHL,PVP,AVH
4364,8469237,36890.0,18764.0,5220.0,1859780,8413198,1857126,8345099,PVPR,PVCL,PVP,PVC
4365,8469237,36890.0,18764.0,5220.0,1859780,8413198,1857842,8366874,PVPR,AVBL,PVP,AVB
4366,8469237,36890.0,18764.0,5220.0,1859780,8413198,1854405,8281347,PVPR,AVJL,PVP,AVJ
4367,8469240,36990.0,20395.0,3960.0,1859780,8413152,1854941,8295435,PVPR,PVCR,PVP,PVC
4368,8469240,36990.0,20395.0,3960.0,1859780,8413152,1857842,8366915,PVPR,AVBL,PVP,AVB
4369,8416841,42218.0,20738.0,16050.0,1858476,8382622,1854505,8283465,PVQL,ALA,PVQ,ALA
4370,8416841,42218.0,20738.0,16050.0,1858476,8382622,1854680,8288797,PVQL,ADLL,PVQ,ADL
4371,8469266,51466.0,31474.0,13530.0,1858476,8382170,1858448,8381348,PVQL,AIAL,PVQ,AIA
4372,8416427,43352.0,24136.0,16980.0,1858476,8382323,1858448,8381469,PVQL,AIAL,PVQ,AIA
4373,8416427,43352.0,24136.0,16980.0,1858476,8382323,1858701,8386810,PVQL,ASKL,PVQ,ASK
4374,8469254,39142.0,16164.0,9180.0,1858476,8382607,1858448,8381807,PVQL,AIAL,PVQ,AIA
4375,8469254,39142.0,16164.0,9180.0,1858476,8382607,1858701,8387089,PVQL,ASKL,PVQ,ASK
4376,8469256,39420.0,16160.0,9630.0,1858476,8382592,1858701,8387074,PVQL,ASKL,PVQ,ASK
4377,8469256,39420.0,16160.0,9630.0,1858476,8382592,1858448,8381792,PVQL,AIAL,PVQ,AIA
4378,8469257,39582.8,16060.0,9990.0,1858476,8382580,1858701,8387062,PVQL,ASKL,PVQ,ASK
4379,8469257,39582.8,16060.0,9990.0,1858476,8382580,1858448,8381780,PVQL,AIAL,PVQ,AIA
4380,8469262,46856.0,29100.0,14640.0,1858476,8382234,1858701,8386718,PVQL,ASKL,PVQ,ASK
4381,8469262,46856.0,29100.0,14640.0,1858476,8382234,1858448,8381385,PVQL,AIAL,PVQ,AIA
4382,8469263,46708.0,28940.0,14640.0,1858476,8382234,1858701,8386723,PVQL,ASKL,PVQ,ASK
4383,8469263,46708.0,28940.0,14640.0,1858476,8382234,1858448,8381389,PVQL,AIAL,PVQ,AIA
4384,8469260,43542.0,22428.0,17250.0,1858476,8382344,1854680,8288839,PVQL,ADLL,PVQ,ADL
4385,8469260,43542.0,22428.0,17250.0,1858476,8382344,1858701,8387143,PVQL,ASKL,PVQ,ASK
4386,8469260,43542.0,22428.0,17250.0,1858476,8382344,1858448,8381490,PVQL,AIAL,PVQ,AIA
4387,8416188,39194.0,16179.0,10110.0,1858476,8382576,1858683,8386445,PVQL,AWAL,PVQ,AWA
4388,8416188,39194.0,16179.0,10110.0,1858476,8382576,1858448,8381776,PVQL,AIAL,PVQ,AIA
4389,8469255,39070.0,16176.0,9450.0,1858476,8382598,1858448,8381798,PVQL,AIAL,PVQ,AIA
4390,8469255,39070.0,16176.0,9450.0,1858476,8382598,1854436,8282325,PVQL,HSNR,PVQ,HSN
4391,8469259,43468.0,22386.0,16080.0,1858476,8382368,1859757,8412455,PVQL,ASJL,PVQ,ASJ
4392,8469264,50004.0,30308.0,13770.0,1858476,8382178,1859757,8412321,PVQL,ASJL,PVQ,ASJ
4393,8469264,50004.0,30308.0,13770.0,1858476,8382178,1858701,8386679,PVQL,ASKL,PVQ,ASK
4394,8469276,41594.0,24973.0,3660.0,1854478,8282976,1856878,8339022,PVQR,AIAR,PVQ,AIA
4395,8469275,41466.0,24849.0,3690.0,1854478,8282975,1856878,8339021,PVQR,AIAR,PVQ,AIA
4396,8469275,41466.0,24849.0,3690.0,1854478,8282975,1859476,8405512,PVQR,ADLR,PVQ,ADL
4397,8469283,52910.0,33444.0,8460.0,1854478,8282739,1856878,8338854,PVQR,AIAR,PVQ,AIA
4398,8469283,52910.0,33444.0,8460.0,1854478,8282739,1855470,8309918,PVQR,AIMR,PVQ,AIM
4399,8416469,43256.0,28915.0,5700.0,1854478,8282903,1859584,8408349,PVQR,ASKR,PVQ,ASK
4400,8416469,43256.0,28915.0,5700.0,1854478,8282903,1856878,8338954,PVQR,AIAR,PVQ,AIA
4401,8469269,38648.0,16856.0,6960.0,1854478,8283126,1859584,8408602,PVQR,ASKR,PVQ,ASK
4402,8469269,38648.0,16856.0,6960.0,1854478,8283126,1856878,8339238,PVQR,AIAR,PVQ,AIA
4403,8469270,38526.0,17038.0,6450.0,1854478,8283109,1859584,8408585,PVQR,ASKR,PVQ,ASK
4404,8469270,38526.0,17038.0,6450.0,1854478,8283109,1856878,8339221,PVQR,AIAR,PVQ,AIA
4405,8469274,41890.0,25457.0,3720.0,1854478,8282974,1859584,8408417,PVQR,ASKR,PVQ,ASK
4406,8469274,41890.0,25457.0,3720.0,1854478,8282974,1856878,8339020,PVQR,AIAR,PVQ,AIA
4407,8469277,41834.0,26679.0,4620.0,1854478,8282939,1856878,8338990,PVQR,AIAR,PVQ,AIA
4408,8469277,41834.0,26679.0,4620.0,1854478,8282939,1859584,8408385,PVQR,ASKR,PVQ,ASK
4409,8469271,38534.0,20237.0,3840.0,1854478,8283023,1854505,8283598,PVQR,ALA,PVQ,ALA
4410,8469271,38534.0,20237.0,3840.0,1854478,8283023,1859584,8408499,PVQR,ASKR,PVQ,ASK
4411,8469272,38546.0,20517.0,3660.0,1854478,8283017,1859584,8408493,PVQR,ASKR,PVQ,ASK
4412,8469272,38546.0,20517.0,3660.0,1854478,8283017,1855226,8303313,PVQR,ASER,PVQ,ASE
4413,8469273,38634.0,20721.0,3570.0,1854478,8283014,1859584,8408490,PVQR,ASKR,PVQ,ASK
4414,8469273,38634.0,20721.0,3570.0,1854478,8283014,1855226,8303310,PVQR,ASER,PVQ,ASE
4415,8469279,47882.0,31598.0,6030.0,1854478,8282831,1852764,8242472,PVQR,CEPshVR,PVQ,CEPshV
4416,8469278,42030.0,27123.0,5220.0,1854478,8282919,1858313,8378981,PVQR,AVFL,PVQ,AVF
4417,8469278,42030.0,27123.0,5220.0,1854478,8282919,1854436,8282037,PVQR,HSNR,PVQ,HSN
4418,8469280,47918.0,31490.0,6450.0,1854478,8282808,1854436,8281951,PVQR,HSNR,PVQ,HSN
4419,8469280,47918.0,31490.0,6450.0,1854478,8282808,1858313,8379026,PVQR,AVFL,PVQ,AVF
4420,8469281,48090.0,31538.0,6870.0,1854478,8282794,1854436,8281937,PVQR,HSNR,PVQ,HSN
4421,8469281,48090.0,31538.0,6870.0,1854478,8282794,1858125,8373974,PVQR,AVFR,PVQ,AVF
4422,8469282,50394.0,32686.0,7560.0,1854478,8282771,1854436,8281900,PVQR,HSNR,PVQ,HSN
4423,8469282,50394.0,32686.0,7560.0,1854478,8282771,1858125,8374019,PVQR,AVFR,PVQ,AVF
4424,8469295,36908.0,18092.0,8820.0,1855877,8319287,1858050,8371990,PVR,AVJR,PVR,AVJ
4425,8469295,36908.0,18092.0,8820.0,1855877,8319287,1857842,8366754,PVR,AVBL,PVR,AVB
4426,8469296,36776.0,18292.0,8400.0,1855877,8319273,1858050,8371976,PVR,AVJR,PVR,AVJ
4427,8469296,36776.0,18292.0,8400.0,1855877,8319273,1857842,8366768,PVR,AVBL,PVR,AVB
4428,8469297,36720.0,18356.0,7890.0,1855877,8319256,1858050,8371959,PVR,AVJR,PVR,AVJ
4429,8469297,36720.0,18356.0,7890.0,1855877,8319256,1857842,8366785,PVR,AVBL,PVR,AVB
4430,8469298,36774.0,18748.0,6960.0,1855877,8319225,1858050,8371928,PVR,AVJR,PVR,AVJ
4431,8469298,36774.0,18748.0,6960.0,1855877,8319225,1857842,8366816,PVR,AVBL,PVR,AVB
4432,8469315,36662.0,18356.0,8040.0,1855877,8319261,1858050,8371964,PVR,AVJR,PVR,AVJ
4433,8469315,36662.0,18356.0,8040.0,1855877,8319261,1857842,8366780,PVR,AVBL,PVR,AVB
4434,8469299,36878.0,18792.0,6600.0,1855877,8319213,1858050,8371916,PVR,AVJR,PVR,AVJ
4435,8469299,36878.0,18792.0,6600.0,1855877,8319213,1854405,8281301,PVR,AVJL,PVR,AVJ
4436,8469299,36878.0,18792.0,6600.0,1855877,8319213,1857842,8366828,PVR,AVBL,PVR,AVB
4437,8469301,37008.0,19360.0,6090.0,1855877,8319196,1854528,8284205,PVR,AVBR,PVR,AVB
4438,8469301,37008.0,19360.0,6090.0,1855877,8319196,1856058,8323950,PVR,RIPR,PVR,RIP
4439,8469304,41562.0,26775.0,6570.0,1855877,8319103,1854528,8284008,PVR,AVBR,PVR,AVB
4440,8469304,41562.0,26775.0,6570.0,1855877,8319103,1856058,8323532,PVR,RIPR,PVR,RIP
4441,8469305,41906.0,27275.0,6780.0,1855877,8319096,1854528,8284015,PVR,AVBR,PVR,AVB
4442,8469305,41906.0,27275.0,6780.0,1855877,8319096,1856058,8323525,PVR,RIPR,PVR,RIP
4443,8469293,37718.0,17761.0,11460.0,1855877,8319372,1854528,8284390,PVR,AVBR,PVR,AVB
4444,8469293,37718.0,17761.0,11460.0,1855877,8319372,1858050,8372076,PVR,AVJR,PVR,AVJ
4445,8469294,37652.0,17791.0,11160.0,1855877,8319362,1858050,8372066,PVR,AVJR,PVR,AVJ
4446,8469294,37652.0,17791.0,11160.0,1855877,8319362,1854528,8284380,PVR,AVBR,PVR,AVB
4447,8469300,37094.0,19104.0,6270.0,1855877,8319202,1858050,8371905,PVR,AVJR,PVR,AVJ
4448,8469300,37094.0,19104.0,6270.0,1855877,8319202,1854528,8284211,PVR,AVBR,PVR,AVB
4449,8469312,37328.0,17859.0,10410.0,1855877,8319339,1858050,8372043,PVR,AVJR,PVR,AVJ
4450,8469312,37328.0,17859.0,10410.0,1855877,8319339,1854528,8284357,PVR,AVBR,PVR,AVB
4451,8469285,42398.0,26296.0,14430.0,1855877,8319556,1859192,8396737,PVR,IL1VL,PVR,IL1V
4452,8469286,41818.0,25972.0,14460.0,1855877,8319555,1853712,8262629,PVR,RIPL,PVR,RIP
4453,8469286,41818.0,25972.0,14460.0,1855877,8319555,1859192,8396736,PVR,IL1VL,PVR,IL1V
4454,8469287,42082.0,26056.0,14520.0,1855877,8319553,1853712,8262631,PVR,RIPL,PVR,RIP
4455,8469287,42082.0,26056.0,14520.0,1855877,8319553,1859192,8396734,PVR,IL1VL,PVR,IL1V
4456,8469288,42138.0,26054.0,14580.0,1855877,8319551,1853712,8262633,PVR,RIPL,PVR,RIP
4457,8469288,42138.0,26054.0,14580.0,1855877,8319551,1859192,8396732,PVR,IL1VL,PVR,IL1V
4458,8469289,42590.0,25912.0,14790.0,1855877,8319544,1853712,8262640,PVR,RIPL,PVR,RIP
4459,8469289,42590.0,25912.0,14790.0,1855877,8319544,1857842,8366396,PVR,AVBL,PVR,AVB
4460,8469290,42002.0,25296.0,14910.0,1855877,8319540,1857842,8366392,PVR,AVBL,PVR,AVB
4461,8469290,42002.0,25296.0,14910.0,1855877,8319540,1853712,8262648,PVR,RIPL,PVR,RIP
4462,8469291,38014.0,18130.0,11940.0,1855877,8319388,1857842,8366653,PVR,AVBL,PVR,AVB
4463,8469291,38014.0,18130.0,11940.0,1855877,8319388,1853712,8262844,PVR,RIPL,PVR,RIP
4464,8469292,37928.0,17803.0,11670.0,1855877,8319379,1854528,8284396,PVR,AVBR,PVR,AVB
4465,8469292,37928.0,17803.0,11670.0,1855877,8319379,1858050,8372082,PVR,AVJR,PVR,AVJ
4466,8469292,37928.0,17803.0,11670.0,1855877,8319379,1857842,8366662,PVR,AVBL,PVR,AVB
4467,8469292,37928.0,17803.0,11670.0,1855877,8319379,1853712,8262853,PVR,RIPL,PVR,RIP
4468,8469310,37454.0,17843.0,11250.0,1855877,8319365,1854528,8284383,PVR,AVBR,PVR,AVB
4469,8469310,37454.0,17843.0,11250.0,1855877,8319365,1853712,8262866,PVR,RIPL,PVR,RIP
4470,8469302,36362.0,19928.0,6090.0,1855877,8319196,1859210,8397194,PVR,IL1DR,PVR,IL1D
4471,8469302,36362.0,19928.0,6090.0,1855877,8319196,1856058,8323950,PVR,RIPR,PVR,RIP
4472,8469306,41678.0,27518.0,6990.0,1855877,8319085,1856058,8323511,PVR,RIPR,PVR,RIP
4473,8469306,41678.0,27518.0,6990.0,1855877,8319085,1856143,8324964,PVR,IL1VR,PVR,IL1V
4474,8469307,41366.0,27370.0,7050.0,1855877,8319083,1856058,8323509,PVR,RIPR,PVR,RIP
4475,8469307,41366.0,27370.0,7050.0,1855877,8319083,1856143,8324966,PVR,IL1VR,PVR,IL1V
4476,8469308,41230.0,27174.0,7110.0,1855877,8319081,1856058,8323507,PVR,RIPR,PVR,RIP
4477,8469308,41230.0,27174.0,7110.0,1855877,8319081,1856143,8324968,PVR,IL1VR,PVR,IL1V
4478,8469365,46588.0,30306.0,10590.0,1856451,8334857,1855337,8307346,PVT,AIBL,PVT,AIB
4479,8469365,46588.0,30306.0,10590.0,1856451,8334857,1857256,8349003,PVT,AIBR,PVT,AIB
4480,8469361,46232.0,30598.0,10860.0,1856451,8333673,1857421,8352816,PVT,RIGL,PVT,RIG
4481,8469361,46232.0,30598.0,10860.0,1856451,8333673,1857256,8348996,PVT,AIBR,PVT,AIB
4482,8469353,39930.0,25860.0,18330.0,1856451,8333926,1857613,8359424,PVT,AVKL,PVT,AVK
4483,8469360,46644.0,30386.0,10980.0,1856451,8333677,1857613,8359178,PVT,AVKL,PVT,AVK
4484,8469360,46644.0,30386.0,10980.0,1856451,8333677,1857256,8348992,PVT,AIBR,PVT,AIB
4485,8469349,37774.0,22772.0,19050.0,1856451,8333975,1857613,8359454,PVT,AVKL,PVT,AVK
4486,8469349,37774.0,22772.0,19050.0,1856451,8333975,1854844,8293070,PVT,AVL,PVT,AVL
4487,8469364,55790.0,32736.0,8010.0,1856451,8333571,1854844,8293979,PVT,AVL,PVT,AVL
4488,8469364,55790.0,32736.0,8010.0,1856451,8333571,1857613,8360351,PVT,AVKL,PVT,AVK
4489,8469344,35582.0,17020.0,15030.0,1856451,8334115,1853942,8269352,PVT,RMFR,PVT,RMF
4490,8469344,35582.0,17020.0,15030.0,1856451,8334115,1857613,8359578,PVT,AVKL,PVT,AVK
4491,8469336,37990.0,22534.0,18600.0,1856451,8333990,1857376,8352060,PVT,AVKR,PVT,AVK
4492,8469343,35078.0,15240.0,10650.0,1856451,8334258,1857376,8351790,PVT,AVKR,PVT,AVK
4493,8469343,35078.0,15240.0,10650.0,1856451,8334258,1857613,8359721,PVT,AVKL,PVT,AVK
4494,8469359,47236.0,30634.0,11040.0,1856451,8333679,1857376,8352348,PVT,AVKR,PVT,AVK
4495,8469359,47236.0,30634.0,11040.0,1856451,8333679,1857613,8359157,PVT,AVKL,PVT,AVK
4496,8469363,52066.0,31574.0,9720.0,1856451,8333628,1857376,8351219,PVT,AVKR,PVT,AVK
4497,8469363,52066.0,31574.0,9720.0,1856451,8333628,1857613,8360293,PVT,AVKL,PVT,AVK
4498,8469326,36022.0,26801.0,4230.0,1856451,8334565,1854844,8293650,PVT,AVL,PVT,AVL
4499,8469326,36022.0,26801.0,4230.0,1856451,8334565,1857376,8351473,PVT,AVKR,PVT,AVK
4500,8469332,34550.0,23177.0,3330.0,1856451,8334826,1857376,8351502,PVT,AVKR,PVT,AVK
4501,8469332,34550.0,23177.0,3330.0,1856451,8334826,1854844,8293617,PVT,AVL,PVT,AVL
4502,8469338,33972.0,19916.0,2970.0,1856451,8334511,1857376,8351534,PVT,AVKR,PVT,AVK
4503,8469338,33972.0,19916.0,2970.0,1856451,8334511,1854844,8294126,PVT,AVL,PVT,AVL
4504,8469325,38574.0,28607.0,5280.0,1856451,8334612,2096429,8268227,PVT,Fragment,PVT,Fragment
4505,8469325,38574.0,28607.0,5280.0,1856451,8334612,1854844,8293689,PVT,AVL,PVT,AVL
4506,8469325,38574.0,28607.0,5280.0,1856451,8334612,1857376,8351428,PVT,AVKR,PVT,AVK
4507,8469358,44477.0,30469.0,12030.0,1856451,8333712,1857421,8352855,PVT,RIGL,PVT,RIG
4508,8469358,44477.0,30469.0,12030.0,1856451,8333712,1857376,8352306,PVT,AVKR,PVT,AVK
4509,8469317,46498.0,30728.0,10140.0,1856451,8334775,1854786,8291021,PVT,RIGR,PVT,RIG
4510,8469317,46498.0,30728.0,10140.0,1856451,8334775,1857376,8351252,PVT,AVKR,PVT,AVK
4511,8469337,38014.0,22624.0,18780.0,1856451,8333984,1853942,8269991,PVT,RMFR,PVT,RMF
4512,8469337,38014.0,22624.0,18780.0,1856451,8333984,1857376,8352073,PVT,AVKR,PVT,AVK
4513,8469356,42074.0,29296.0,14220.0,1856451,8333785,1852749,8242467,PVT,CEPshVL,PVT,CEPshV
4514,8469356,42074.0,29296.0,14220.0,1856451,8333785,1854844,8292909,PVT,AVL,PVT,AVL
4515,8416315,34664.0,16872.0,5220.0,1856451,8334437,1855337,8306810,PVT,AIBL,PVT,AIB
4516,8416315,34664.0,16872.0,5220.0,1856451,8334437,1855271,8304676,PVT,DVC,PVT,DVC
4517,8469341,35340.0,15111.0,10110.0,1856451,8334276,1857256,8348382,PVT,AIBR,PVT,AIB
4518,8469341,35340.0,15111.0,10110.0,1856451,8334276,1855271,8304837,PVT,DVC,PVT,DVC
4519,8469342,35376.0,15143.0,10470.0,1856451,8334264,1857256,8348394,PVT,AIBR,PVT,AIB
4520,8469342,35376.0,15143.0,10470.0,1856451,8334264,1855271,8304849,PVT,DVC,PVT,DVC
4521,8469319,42518.0,30828.0,8490.0,1856451,8334719,1855271,8304380,PVT,DVC,PVT,DVC
4522,8469319,42518.0,30828.0,8490.0,1856451,8334719,1857613,8360189,PVT,AVKL,PVT,AVK
4523,8469357,42560.0,29352.0,13860.0,1856451,8333773,1857376,8352245,PVT,AVKR,PVT,AVK
4524,8469357,42560.0,29352.0,13860.0,1856451,8333773,1855271,8305307,PVT,DVC,PVT,DVC
4525,8469355,42054.0,28948.0,14490.0,1856451,8333794,1857613,8359300,PVT,AVKL,PVT,AVK
4526,8469355,42054.0,28948.0,14490.0,1856451,8333794,1857376,8352224,PVT,AVKR,PVT,AVK
4527,8469355,42054.0,28948.0,14490.0,1856451,8333794,1855271,8305286,PVT,DVC,PVT,DVC
4528,8469346,35622.0,16652.0,15030.0,1856451,8334115,1855271,8304998,PVT,DVC,PVT,DVC
4529,8469346,35622.0,16652.0,15030.0,1856451,8334115,1852755,8242469,PVT,CEPshDL,PVT,CEPshD
4530,8469350,40030.0,25724.0,18660.0,1856451,8333937,1852752,8242468,PVT,CEPshDL,PVT,CEPshD
4531,8469350,40030.0,25724.0,18660.0,1856451,8333937,1855271,8305150,PVT,DVC,PVT,DVC
4532,8469320,42258.0,30784.0,8130.0,1856451,8334707,1855271,8304392,PVT,DVC,PVT,DVC
4533,8469320,42258.0,30784.0,8130.0,1856451,8334707,1854786,8291088,PVT,RIGR,PVT,RIG
4534,8469335,34702.0,23401.0,3000.0,1856451,8334830,1855271,8305392,PVT,DVC,PVT,DVC
4535,8469335,34702.0,23401.0,3000.0,1856451,8334830,1854786,8291532,PVT,RIGR,PVT,RIG
4536,8469321,41976.0,30598.0,8040.0,1856451,8334704,1852675,8242118,PVT,RMFL,PVT,RMF
4537,8469321,41976.0,30598.0,8040.0,1856451,8334704,1855271,8304395,PVT,DVC,PVT,DVC
4538,8469339,34274.0,19641.0,3300.0,1856451,8334500,1852675,8241756,PVT,RMFL,PVT,RMF
4539,8469339,34274.0,19641.0,3300.0,1856451,8334500,1855271,8304613,PVT,DVC,PVT,DVC
4540,8416287,34622.0,16606.0,5580.0,1856451,8334425,1855337,8306798,PVT,AIBL,PVT,AIB
4541,8416287,34622.0,16606.0,5580.0,1856451,8334425,1852675,8241679,PVT,RMFL,PVT,RMF
4542,8416287,34622.0,16606.0,5580.0,1856451,8334425,1855271,8304688,PVT,DVC,PVT,DVC
4543,8469354,40606.0,27544.0,15840.0,1856451,8333845,1858734,8387511,PVT,URAVL,PVT,URAV
4544,8469354,40606.0,27544.0,15840.0,1856451,8333845,1857894,8367619,PVT,URYVL,PVT,URYV
4545,8469354,40606.0,27544.0,15840.0,1856451,8333845,1858961,8391828,PVT,IL2VL,PVT,IL2V
4546,8469347,36230.0,19336.0,17250.0,1856451,8334044,1857421,8353271,PVT,RIGL,PVT,RIG
4547,8469322,42332.0,30942.0,7920.0,1856451,8334700,1854786,8291095,PVT,RIGR,PVT,RIG
4548,8469322,42332.0,30942.0,7920.0,1856451,8334700,1852758,8242470,PVT,CEPshVR,PVT,CEPshV
4549,8469329,36362.0,26713.0,4020.0,1856451,8334559,1852675,8242169,PVT,RMFL,PVT,RMF
4550,8469329,36362.0,26713.0,4020.0,1856451,8334559,1857613,8360037,PVT,AVKL,PVT,AVK
4551,8469328,36278.0,26837.0,4230.0,1856451,8334565,1852675,8242163,PVT,RMFL,PVT,RMF
4552,8469328,36278.0,26837.0,4230.0,1856451,8334565,1857376,8351463,PVT,AVKR,PVT,AVK
4553,8469367,38742.0,28589.0,5400.0,1856451,8334616,1857376,8351424,PVT,AVKR,PVT,AVK
4554,8469367,38742.0,28589.0,5400.0,1856451,8334616,1852675,8242030,PVT,RMFL,PVT,RMF
4555,8469323,39900.0,29566.0,6660.0,1856451,8334658,1856090,8324034,PVT,IL2VR,PVT,IL2V
4556,8469323,39900.0,29566.0,6660.0,1856451,8334658,1856005,8322070,PVT,URAVR,PVT,URAV
4557,8462420,38792.0,25888.0,16320.0,1859108,8395303,1857495,8356356,RIAL,RIAR,RIA,RIA
4558,8462420,38792.0,25888.0,16320.0,1859108,8395303,1859449,8405332,RIAL,CEPVL,RIA,CEPV
4559,8469497,38634.0,25632.0,16620.0,1859108,8395313,1857495,8356348,RIAL,RIAR,RIA,RIA
4560,8469497,38634.0,25632.0,16620.0,1859108,8395313,1859449,8405342,RIAL,CEPVL,RIA,CEPV
4561,8469497,38634.0,25632.0,16620.0,1859108,8395313,1858998,8393212,RIAL,RMDL,RIA,RMDL/R
4562,8469502,40596.0,27582.0,14100.0,1859108,8395230,1854175,8276158,RIAL,SMDVR,RIA,SMDV
4563,8469502,40596.0,27582.0,14100.0,1859108,8395230,1859449,8405260,RIAL,CEPVL,RIA,CEPV
4564,8462479,34886.0,18508.0,14490.0,1859108,8395469,1857495,8356237,RIAL,RIAR,RIA,RIA
4565,8462479,34886.0,18508.0,14490.0,1859108,8395469,1858998,8392407,RIAL,RMDL,RIA,RMDL/R
4566,8469461,34850.0,18236.0,14160.0,1859108,8395480,1857495,8356226,RIAL,RIAR,RIA,RIA
4567,8469461,34850.0,18236.0,14160.0,1859108,8395480,1858998,8392418,RIAL,RMDL,RIA,RMDL/R
4568,8469464,34946.0,18676.0,14700.0,1859108,8395462,1857495,8356244,RIAL,RIAR,RIA,RIA
4569,8469464,34946.0,18676.0,14700.0,1859108,8395462,1858998,8392400,RIAL,RMDL,RIA,RMDL/R
4570,8469466,35102.0,18820.0,14910.0,1859108,8395455,1857495,8356251,RIAL,RIAR,RIA,RIA
4571,8469466,35102.0,18820.0,14910.0,1859108,8395455,1858998,8392393,RIAL,RMDL,RIA,RMDL/R
4572,8469470,35234.0,18968.0,15180.0,1859108,8395446,1858998,8392384,RIAL,RMDL,RIA,RMDL/R
4573,8469470,35234.0,18968.0,15180.0,1859108,8395446,1857495,8356260,RIAL,RIAR,RIA,RIA
4574,8469471,35330.0,19286.0,15510.0,1859108,8395435,1857495,8356271,RIAL,RIAR,RIA,RIA
4575,8469471,35330.0,19286.0,15510.0,1859108,8395435,1858998,8392373,RIAL,RMDL,RIA,RMDL/R
4576,8469487,38154.0,24000.0,17580.0,1859108,8395343,1857495,8356574,RIAL,RIAR,RIA,RIA
4577,8469487,38154.0,24000.0,17580.0,1859108,8395343,1858998,8393143,RIAL,RMDL,RIA,RMDL/R
4578,8469490,37962.0,23580.0,17640.0,1859108,8395345,1857495,8356574,RIAL,RIAR,RIA,RIA
4579,8469490,37962.0,23580.0,17640.0,1859108,8395345,1858998,8393145,RIAL,RMDL,RIA,RMDL/R
4580,8469491,38198.0,24424.0,17340.0,1859108,8395334,1858998,8393135,RIAL,RMDL,RIA,RMDL/R
4581,8469491,38198.0,24424.0,17340.0,1859108,8395334,1857495,8356566,RIAL,RIAR,RIA,RIA
4582,8469492,38474.0,25008.0,17010.0,1859108,8395325,1857495,8356334,RIAL,RIAR,RIA,RIA
4583,8469492,38474.0,25008.0,17010.0,1859108,8395325,1858998,8393194,RIAL,RMDL,RIA,RMDL/R
4584,8469496,38602.0,25348.0,16800.0,1859108,8395319,1858998,8393206,RIAL,RMDL,RIA,RMDL/R
4585,8469496,38602.0,25348.0,16800.0,1859108,8395319,1857495,8356340,RIAL,RIAR,RIA,RIA
4586,8469499,38722.0,25828.0,16440.0,1859108,8395307,1858998,8393218,RIAL,RMDL,RIA,RMDL/R
4587,8469499,38722.0,25828.0,16440.0,1859108,8395307,1857495,8356352,RIAL,RIAR,RIA,RIA
4588,8469459,34562.0,18056.0,13860.0,1859108,8395490,1857495,8356216,RIAL,RIAR,RIA,RIA
4589,8469459,34562.0,18056.0,13860.0,1859108,8395490,1858998,8392428,RIAL,RMDL,RIA,RMDL/R
4590,8469459,34562.0,18056.0,13860.0,1859108,8395490,1858882,8390624,RIAL,CEPDL,RIA,CEPD
4591,8469489,37846.0,23128.0,17610.0,1859108,8395344,1859497,8407023,RIAL,RMDR,RIA,RMDL/R
4592,8469489,37846.0,23128.0,17610.0,1859108,8395344,1857495,8356574,RIAL,RIAR,RIA,RIA
4593,8469489,37846.0,23128.0,17610.0,1859108,8395344,1858998,8393144,RIAL,RMDL,RIA,RMDL/R
4594,8462512,37994.0,27635.0,6390.0,1859108,8395878,1859497,8406297,RIAL,RMDR,RIA,RMDL/R
4595,8462512,37994.0,27635.0,6390.0,1859108,8395878,1857495,8355817,RIAL,RIAR,RIA,RIA
4596,8462513,37746.0,27371.0,6330.0,1859108,8395876,1859497,8406296,RIAL,RMDR,RIA,RMDL/R
4597,8462513,37746.0,27371.0,6330.0,1859108,8395876,1857495,8355819,RIAL,RIAR,RIA,RIA
4598,8462520,36890.0,26715.0,5880.0,1859108,8395861,1859497,8406281,RIAL,RMDR,RIA,RMDL/R
4599,8462520,36890.0,26715.0,5880.0,1859108,8395861,1857495,8355834,RIAL,RIAR,RIA,RIA
4600,8462580,34334.0,21919.0,4410.0,1859108,8395807,1859497,8407158,RIAL,RMDR,RIA,RMDL/R
4601,8462580,34334.0,21919.0,4410.0,1859108,8395807,1857495,8355903,RIAL,RIAR,RIA,RIA
4602,8469390,37338.0,27039.0,6060.0,1859108,8395867,1859497,8406287,RIAL,RMDR,RIA,RMDL/R
4603,8469390,37338.0,27039.0,6060.0,1859108,8395867,1857495,8355828,RIAL,RIAR,RIA,RIA
4604,8469391,36452.0,26240.0,5550.0,1859108,8395850,1859497,8406270,RIAL,RMDR,RIA,RMDL/R
4605,8469391,36452.0,26240.0,5550.0,1859108,8395850,1857495,8355846,RIAL,RIAR,RIA,RIA
4606,8469392,36356.0,26044.0,5430.0,1859108,8395846,1859497,8406266,RIAL,RMDR,RIA,RMDL/R
4607,8469392,36356.0,26044.0,5430.0,1859108,8395846,1857495,8355850,RIAL,RIAR,RIA,RIA
4608,8469395,36228.0,25640.0,5280.0,1859108,8395841,1859497,8406261,RIAL,RMDR,RIA,RMDL/R
4609,8469395,36228.0,25640.0,5280.0,1859108,8395841,1857495,8355855,RIAL,RIAR,RIA,RIA
4610,8469404,34236.0,21696.0,4560.0,1859108,8395802,1857495,8355898,RIAL,RIAR,RIA,RIA
4611,8469404,34236.0,21696.0,4560.0,1859108,8395802,1859497,8406376,RIAL,RMDR,RIA,RMDL/R
4612,8469405,34136.0,21436.0,4650.0,1859108,8395799,1857495,8355895,RIAL,RIAR,RIA,RIA
4613,8469405,34136.0,21436.0,4650.0,1859108,8395799,1859497,8406379,RIAL,RMDR,RIA,RMDL/R
4614,8469406,34008.0,20944.0,4710.0,1859108,8395797,1859497,8406381,RIAL,RMDR,RIA,RMDL/R
4615,8469406,34008.0,20944.0,4710.0,1859108,8395797,1857495,8355915,RIAL,RIAR,RIA,RIA
4616,8469407,33956.0,20492.0,4710.0,1859108,8395793,1859497,8406380,RIAL,RMDR,RIA,RMDL/R
4617,8469407,33956.0,20492.0,4710.0,1859108,8395793,1857495,8355915,RIAL,RIAR,RIA,RIA
4618,8469408,33872.0,20172.0,4740.0,1859108,8395792,1859497,8406395,RIAL,RMDR,RIA,RMDL/R
4619,8469408,33872.0,20172.0,4740.0,1859108,8395792,1857495,8355916,RIAL,RIAR,RIA,RIA
4620,8469479,36898.0,21560.0,17040.0,1859108,8395386,1857495,8356321,RIAL,RIAR,RIA,RIA
4621,8469479,36898.0,21560.0,17040.0,1859108,8395386,1859497,8406999,RIAL,RMDR,RIA,RMDL/R
4622,8469477,36654.0,21060.0,16680.0,1859108,8395397,1857495,8356310,RIAL,RIAR,RIA,RIA
4623,8469477,36654.0,21060.0,16680.0,1859108,8395397,1859074,8393902,RIAL,RMDVL,RIA,RMDV
4624,8469372,42354.0,28516.0,8700.0,1859108,8395955,1859074,8394495,RIAL,RMDVL,RIA,RMDV
4625,8469372,42354.0,28516.0,8700.0,1859108,8395955,1857495,8355740,RIAL,RIAR,RIA,RIA
4626,8469372,42354.0,28516.0,8700.0,1859108,8395955,1856168,8325412,RIAL,RMDDR,RIA,RMDD
4627,8469425,34482.0,18018.0,7050.0,1859108,8395715,1854175,8275672,RIAL,SMDVR,RIA,SMDV
4628,8469425,34482.0,18018.0,7050.0,1859108,8395715,1857495,8355993,RIAL,RIAR,RIA,RIA
4629,8469425,34482.0,18018.0,7050.0,1859108,8395715,1857297,8349855,RIAL,SIADL,RIA,SIAD
4630,8469428,34466.0,17942.0,7590.0,1859108,8395697,1852827,8244374,RIAL,SMDVL,RIA,SMDV
4631,8469428,34466.0,17942.0,7590.0,1859108,8395697,1857495,8356011,RIAL,RIAR,RIA,RIA
4632,8469428,34466.0,17942.0,7590.0,1859108,8395697,1857297,8349837,RIAL,SIADL,RIA,SIAD
4633,8469428,34466.0,17942.0,7590.0,1859108,8395697,1854175,8275690,RIAL,SMDVR,RIA,SMDV
4634,8469517,43001.0,28225.0,12210.0,1859108,8395167,1857495,8356492,RIAL,RIAR,RIA,RIA
4635,8469517,43001.0,28225.0,12210.0,1859108,8395167,1859269,8399520,RIAL,RIVR,RIA,RIV
4636,8469517,43001.0,28225.0,12210.0,1859108,8395167,1859238,8397648,RIAL,SMDDL,RIA,SMDD
4637,8469373,42770.0,28652.0,8820.0,1859108,8395959,1857495,8355736,RIAL,RIAR,RIA,RIA
4638,8469373,42770.0,28652.0,8820.0,1859108,8395959,1856212,8326497,RIAL,SMDDR,RIA,SMDD
4639,8469374,42454.0,28800.0,8730.0,1859108,8395956,1857495,8355739,RIAL,RIAR,RIA,RIA
4640,8469374,42454.0,28800.0,8730.0,1859108,8395956,1856212,8326500,RIAL,SMDDR,RIA,SMDD
4641,8469375,42130.0,28816.0,8700.0,1859108,8395955,1857495,8355740,RIAL,RIAR,RIA,RIA
4642,8469375,42130.0,28816.0,8700.0,1859108,8395955,1856212,8326501,RIAL,SMDDR,RIA,SMDD
4643,8469433,34562.0,17464.0,9060.0,1859108,8395648,1856212,8326872,RIAL,SMDDR,RIA,SMDD
4644,8469433,34562.0,17464.0,9060.0,1859108,8395648,1857495,8356060,RIAL,RIAR,RIA,RIA
4645,8469451,34298.0,17054.0,11970.0,1859108,8395553,1856212,8326974,RIAL,SMDDR,RIA,SMDD
4646,8469451,34298.0,17054.0,11970.0,1859108,8395553,1857495,8356153,RIAL,RIAR,RIA,RIA
4647,8469457,34522.0,17528.0,12870.0,1859108,8395523,1856212,8327004,RIAL,SMDDR,RIA,SMDD
4648,8469457,34522.0,17528.0,12870.0,1859108,8395523,1857495,8356183,RIAL,RIAR,RIA,RIA
4649,8469444,34608.0,16863.0,10350.0,1859108,8395605,1857495,8356102,RIAL,RIAR,RIA,RIA
4650,8469444,34608.0,16863.0,10350.0,1859108,8395605,1852827,8244265,RIAL,SMDVL,RIA,SMDV
4651,8469446,34614.0,16720.0,10620.0,1859108,8395596,1857495,8356111,RIAL,RIAR,RIA,RIA
4652,8469446,34614.0,16720.0,10620.0,1859108,8395596,1852827,8244256,RIAL,SMDVL,RIA,SMDV
4653,8469422,34142.0,18102.0,6150.0,1859108,8395745,1857495,8355963,RIAL,RIAR,RIA,RIA
4654,8469422,34142.0,18102.0,6150.0,1859108,8395745,1854175,8275642,RIAL,SMDVR,RIA,SMDV
4655,8469424,34298.0,18078.0,6570.0,1859108,8395731,1854175,8275656,RIAL,SMDVR,RIA,SMDV
4656,8469424,34298.0,18078.0,6570.0,1859108,8395731,1857495,8355977,RIAL,RIAR,RIA,RIA
4657,8469505,40804.0,27798.0,13800.0,1859108,8395220,1857495,8356439,RIAL,RIAR,RIA,RIA
4658,8469505,40804.0,27798.0,13800.0,1859108,8395220,1854175,8276168,RIAL,SMDVR,RIA,SMDV
4659,8469514,42597.0,28253.0,12510.0,1859108,8469515,1857495,8356482,RIAL,RIAR,RIA,RIA
4660,8469514,42597.0,28253.0,12510.0,1859108,8469515,1854175,8276211,RIAL,SMDVR,RIA,SMDV
4661,8469514,42597.0,28253.0,12510.0,1859108,8469515,1859238,8397658,RIAL,SMDDL,RIA,SMDD
4662,8469485,37554.0,23584.0,18030.0,1859108,8395358,1859497,8407037,RIAL,RMDR,RIA,RMDL/R
4663,8469485,37554.0,23584.0,18030.0,1859108,8395358,1857221,8347718,RIAL,RMDDL,RIA,RMDD
4664,8469486,37430.0,23168.0,17970.0,1859108,8395356,1859497,8407035,RIAL,RMDR,RIA,RMDL/R
4665,8469486,37430.0,23168.0,17970.0,1859108,8395356,1857221,8347713,RIAL,RMDDL,RIA,RMDD
4666,8469418,34094.0,18934.0,5730.0,1859108,8395759,1857221,8347456,RIAL,RMDDL,RIA,RMDD
4667,8469418,34094.0,18934.0,5730.0,1859108,8395759,1857297,8349899,RIAL,SIADL,RIA,SIAD
4668,8469420,34158.0,18694.0,5910.0,1859108,8395753,1857297,8349893,RIAL,SIADL,RIA,SIAD
4669,8469420,34158.0,18694.0,5910.0,1859108,8395753,1857221,8347450,RIAL,RMDDL,RIA,RMDD
4670,8469423,34338.0,18426.0,6360.0,1859108,8395738,1857221,8347435,RIAL,RMDDL,RIA,RMDD
4671,8469423,34338.0,18426.0,6360.0,1859108,8395738,1857297,8349878,RIAL,SIADL,RIA,SIAD
4672,8469522,43144.0,28518.0,11490.0,1859108,8396033,1857221,8346706,RIAL,RMDDL,RIA,RMDD
4673,8469522,43144.0,28518.0,11490.0,1859108,8396033,1859238,8397624,RIAL,SMDDL,RIA,SMDD
4674,8469522,43144.0,28518.0,11490.0,1859108,8396033,1854175,8276245,RIAL,SMDVR,RIA,SMDV
4675,8469371,43188.0,28262.0,9360.0,1859108,8395977,1852827,8244723,RIAL,SMDVL,RIA,SMDV
4676,8469371,43188.0,28262.0,9360.0,1859108,8395977,1856168,8326286,RIAL,RMDDR,RIA,RMDD
4677,8469388,38444.0,28013.0,6690.0,1859108,8395888,1858998,8392900,RIAL,RMDL,RIA,RMDL/R
4678,8469389,38222.0,27559.0,6450.0,1859108,8395880,1858998,8392937,RIAL,RMDL,RIA,RMDL/R
4679,8469483,37910.0,23740.0,18180.0,1859108,8395363,1858998,8393163,RIAL,RMDL,RIA,RMDL/R
4680,8472076,35658.0,23284.0,4440.0,1859108,8395810,1856168,8325590,RIAL,RMDDR,RIA,RMDD
4681,8472076,35658.0,23284.0,4440.0,1859108,8395810,1858998,8393013,RIAL,RMDL,RIA,RMDL/R
4682,8469398,35960.0,24536.0,4890.0,1859108,8395828,1858998,8392823,RIAL,RMDL,RIA,RMDL/R
4683,8469398,35960.0,24536.0,4890.0,1859108,8395828,1859497,8406317,RIAL,RMDR,RIA,RMDL/R
4684,8469410,34232.0,20764.0,4860.0,1859108,8395789,1859497,8406386,RIAL,RMDR,RIA,RMDL/R
4685,8469410,34232.0,20764.0,4860.0,1859108,8395789,1858998,8392727,RIAL,RMDL,RIA,RMDL/R
4686,8469400,35952.0,24216.0,4740.0,1859108,8395823,1858998,8392818,RIAL,RMDL,RIA,RMDL/R
4687,8469400,35952.0,24216.0,4740.0,1859108,8395823,1859497,8406322,RIAL,RMDR,RIA,RMDL/R
4688,8462705,39242.0,28146.0,6930.0,1859108,8395896,1858998,8392909,RIAL,RMDL,RIA,RMDL/R
4689,8462705,39242.0,28146.0,6930.0,1859108,8395896,1854095,8273902,RIAL,SIAVR,RIA,SIAV
4690,8469384,39002.0,27987.0,6750.0,1859108,8395890,1858998,8392903,RIAL,RMDL,RIA,RMDL/R
4691,8469384,39002.0,27987.0,6750.0,1859108,8395890,1854095,8273896,RIAL,SIAVR,RIA,SIAV
4692,8469476,35314.0,19648.0,15960.0,1859108,8395420,1859497,8406806,RIAL,RMDR,RIA,RMDL/R
4693,8469474,35590.0,19984.0,16020.0,1859108,8395418,1859074,8393937,RIAL,RMDVL,RIA,RMDV
4694,8469474,35590.0,19984.0,16020.0,1859108,8395418,1859497,8406804,RIAL,RMDR,RIA,RMDL/R
4695,8469478,36866.0,21284.0,16980.0,1859108,8395388,1859497,8406997,RIAL,RMDR,RIA,RMDL/R
4696,8469478,36866.0,21284.0,16980.0,1859108,8395388,1859074,8393912,RIAL,RMDVL,RIA,RMDV
4697,8469481,36734.0,21528.0,17220.0,1859108,8395382,1858797,8389118,RIAL,IL1L,RIA,IL1L/R
4698,8469481,36734.0,21528.0,17220.0,1859108,8395382,1859074,8393918,RIAL,RMDVL,RIA,RMDV
4699,8469481,36734.0,21528.0,17220.0,1859108,8395382,1859497,8407003,RIAL,RMDR,RIA,RMDL/R
4700,8469411,34232.0,19836.0,4890.0,1859108,8395788,1859238,8398282,RIAL,SMDDL,RIA,SMDD
4701,8469411,34232.0,19836.0,4890.0,1859108,8395788,1857297,8350116,RIAL,SIADL,RIA,SIAD
4702,8469411,34232.0,19836.0,4890.0,1859108,8395788,1859497,8406403,RIAL,RMDR,RIA,RMDL/R
4703,8469409,33876.0,19764.0,4800.0,1859108,8395790,1859238,8398283,RIAL,SMDDL,RIA,SMDD
4704,8469409,33876.0,19764.0,4800.0,1859108,8395790,1859497,8406400,RIAL,RMDR,RIA,RMDL/R
4705,8469436,34720.0,17092.0,9690.0,1859108,8395627,1859497,8406563,RIAL,RMDR,RIA,RMDL/R
4706,8469436,34720.0,17092.0,9690.0,1859108,8395627,1852827,8244302,RIAL,SMDVL,RIA,SMDV
4707,8469436,34720.0,17092.0,9690.0,1859108,8395627,1852933,8246706,RIAL,SIADR,RIA,SIAD
4708,8469431,34496.0,17900.0,7830.0,1859108,8395689,1852827,8244366,RIAL,SMDVL,RIA,SMDV
4709,8469431,34496.0,17900.0,7830.0,1859108,8395689,1856212,8326831,RIAL,SMDDR,RIA,SMDD
4710,8469431,34496.0,17900.0,7830.0,1859108,8395689,1859497,8406501,RIAL,RMDR,RIA,RMDL/R
4711,8462619,34432.0,17939.0,13080.0,1859108,8395516,1856168,8325886,RIAL,RMDDR,RIA,RMDD
4712,8462619,34432.0,17939.0,13080.0,1859108,8395516,1859074,8394046,RIAL,RMDVL,RIA,RMDV
4713,8469394,35964.0,25188.0,5370.0,1859108,8395844,1859074,8394355,RIAL,RMDVL,RIA,RMDV
4714,8469394,35964.0,25188.0,5370.0,1859108,8395844,1856168,8325550,RIAL,RMDDR,RIA,RMDD
4715,8469397,35868.0,24868.0,5190.0,1859108,8395838,1859074,8394349,RIAL,RMDVL,RIA,RMDV
4716,8469397,35868.0,24868.0,5190.0,1859108,8395838,1856168,8325556,RIAL,RMDDR,RIA,RMDD
4717,8469447,34168.0,17099.0,10860.0,1859108,8395590,1856168,8325804,RIAL,RMDDR,RIA,RMDD
4718,8469447,34168.0,17099.0,10860.0,1859108,8395590,1859074,8394119,RIAL,RMDVL,RIA,RMDV
4719,8469449,34048.0,17011.0,11070.0,1859108,8395583,1859074,8394112,RIAL,RMDVL,RIA,RMDV
4720,8469449,34048.0,17011.0,11070.0,1859108,8395583,1856168,8325811,RIAL,RMDDR,RIA,RMDD
4721,8469450,33968.0,17151.0,11700.0,1859108,8395562,1859074,8394092,RIAL,RMDVL,RIA,RMDV
4722,8469450,33968.0,17151.0,11700.0,1859108,8395562,1856168,8325840,RIAL,RMDDR,RIA,RMDD
4723,8469456,34318.0,17676.0,12570.0,1859108,8395533,1859074,8394063,RIAL,RMDVL,RIA,RMDV
4724,8469456,34318.0,17676.0,12570.0,1859108,8395533,1856168,8325869,RIAL,RMDDR,RIA,RMDD
4725,8469458,34386.0,18052.0,13440.0,1859108,8395504,1859074,8394034,RIAL,RMDVL,RIA,RMDV
4726,8469458,34386.0,18052.0,13440.0,1859108,8395504,1856168,8325900,RIAL,RMDDR,RIA,RMDD
4727,8469460,34542.0,18376.0,14040.0,1859108,8395484,1856168,8325920,RIAL,RMDDR,RIA,RMDD
4728,8469460,34542.0,18376.0,14040.0,1859108,8395484,1859074,8394014,RIAL,RMDVL,RIA,RMDV
4729,8469462,34686.0,18760.0,14640.0,1859108,8395464,1859074,8393994,RIAL,RMDVL,RIA,RMDV
4730,8469462,34686.0,18760.0,14640.0,1859108,8395464,1856168,8325940,RIAL,RMDDR,RIA,RMDD
4731,8469465,34798.0,18876.0,14760.0,1859108,8395460,1859074,8393990,RIAL,RMDVL,RIA,RMDV
4732,8469465,34798.0,18876.0,14760.0,1859108,8395460,1856168,8325944,RIAL,RMDDR,RIA,RMDD
4733,8469467,34930.0,19032.0,15090.0,1859108,8395449,1856168,8325955,RIAL,RMDDR,RIA,RMDD
4734,8469467,34930.0,19032.0,15090.0,1859108,8395449,1859074,8393979,RIAL,RMDVL,RIA,RMDV
4735,8469469,34950.0,19216.0,15240.0,1859108,8395444,1859074,8393970,RIAL,RMDVL,RIA,RMDV
4736,8469469,34950.0,19216.0,15240.0,1859108,8395444,1856168,8325974,RIAL,RMDDR,RIA,RMDD
4737,8469472,35182.0,19600.0,15570.0,1859108,8395433,1856168,8325988,RIAL,RMDDR,RIA,RMDD
4738,8469472,35182.0,19600.0,15570.0,1859108,8395433,1859074,8393959,RIAL,RMDVL,RIA,RMDV
4739,8469473,35704.0,20066.0,15900.0,1859108,8395422,1859074,8393941,RIAL,RMDVL,RIA,RMDV
4740,8469473,35704.0,20066.0,15900.0,1859108,8395422,1856168,8326074,RIAL,RMDDR,RIA,RMDD
4741,8462690,39520.0,28172.0,7200.0,1859108,8395905,1859074,8394445,RIAL,RMDVL,RIA,RMDV
4742,8462690,39520.0,28172.0,7200.0,1859108,8395905,1854095,8273911,RIAL,SIAVR,RIA,SIAV
4743,8469382,40512.0,28478.0,7770.0,1859108,8395924,1859074,8394464,RIAL,RMDVL,RIA,RMDV
4744,8469382,40512.0,28478.0,7770.0,1859108,8395924,1854095,8273930,RIAL,SIAVR,RIA,SIAV
4745,8469383,39344.0,28122.0,7110.0,1859108,8395902,1854095,8273908,RIAL,SIAVR,RIA,SIAV
4746,8469383,39344.0,28122.0,7110.0,1859108,8395902,1859074,8394442,RIAL,RMDVL,RIA,RMDV
4747,8471839,41194.0,28490.0,8130.0,1859108,8395936,1854095,8273943,RIAL,SIAVR,RIA,SIAV
4748,8471839,41194.0,28490.0,8130.0,1859108,8395936,1859074,8394476,RIAL,RMDVL,RIA,RMDV
4749,8469488,37614.0,23592.0,17580.0,1859108,8395343,1857184,8346069,RIAL,RMDVR,RIA,RMDV
4750,8462409,39550.0,26532.0,15060.0,1859108,8395261,1857221,8346843,RIAL,RMDDL,RIA,RMDD
4751,8462409,39550.0,26532.0,15060.0,1859108,8395261,1857184,8346189,RIAL,RMDVR,RIA,RMDV
4752,8469429,34518.0,18138.0,7650.0,1859108,8395695,1857221,8347273,RIAL,RMDDL,RIA,RMDD
4753,8469429,34518.0,18138.0,7650.0,1859108,8395695,1857184,8345745,RIAL,RMDVR,RIA,RMDV
4754,8469482,37474.0,23372.0,17430.0,1859108,8396024,1857221,8346936,RIAL,RMDDL,RIA,RMDD
4755,8469482,37474.0,23372.0,17430.0,1859108,8396024,1857184,8346064,RIAL,RMDVR,RIA,RMDV
4756,8469495,38258.0,25264.0,16800.0,1859108,8395319,1857221,8346901,RIAL,RMDDL,RIA,RMDD
4757,8469495,38258.0,25264.0,16800.0,1859108,8395319,1857184,8346110,RIAL,RMDVR,RIA,RMDV
4758,8469498,38334.0,25540.0,16500.0,1859108,8395309,1857184,8346120,RIAL,RMDVR,RIA,RMDV
4759,8469498,38334.0,25540.0,16500.0,1859108,8395309,1857221,8346891,RIAL,RMDDL,RIA,RMDD
4760,8469500,38908.0,25998.0,15690.0,1859108,8395282,1857184,8346147,RIAL,RMDVR,RIA,RMDV
4761,8469500,38908.0,25998.0,15690.0,1859108,8395282,1857221,8346864,RIAL,RMDDL,RIA,RMDD
4762,8469501,40186.0,27156.0,14280.0,1859108,8395236,1857221,8346817,RIAL,RMDDL,RIA,RMDD
4763,8469501,40186.0,27156.0,14280.0,1859108,8395236,1857184,8346214,RIAL,RMDVR,RIA,RMDV
4764,8469504,40368.0,27390.0,14010.0,1859108,8395227,1857221,8346797,RIAL,RMDDL,RIA,RMDD
4765,8469504,40368.0,27390.0,14010.0,1859108,8395227,1857184,8346223,RIAL,RMDVR,RIA,RMDV
4766,8469507,40392.0,27586.0,13710.0,1859108,8395217,1857184,8346233,RIAL,RMDVR,RIA,RMDV
4767,8469507,40392.0,27586.0,13710.0,1859108,8395217,1857221,8346787,RIAL,RMDDL,RIA,RMDD
4768,8469509,40876.0,27846.0,13200.0,1859108,8395200,1857184,8346255,RIAL,RMDVR,RIA,RMDV
4769,8469509,40876.0,27846.0,13200.0,1859108,8395200,1857221,8346763,RIAL,RMDDL,RIA,RMDD
4770,8469510,41249.0,27821.0,12870.0,1859108,8395189,1857184,8346266,RIAL,RMDVR,RIA,RMDV
4771,8469510,41249.0,27821.0,12870.0,1859108,8395189,1857221,8346752,RIAL,RMDDL,RIA,RMDD
4772,8469511,41449.0,27813.0,12810.0,1859108,8395187,1857184,8346268,RIAL,RMDVR,RIA,RMDV
4773,8469511,41449.0,27813.0,12810.0,1859108,8395187,1857221,8346750,RIAL,RMDDL,RIA,RMDD
4774,8469513,41941.0,27877.0,12660.0,1859108,8395182,1857221,8346742,RIAL,RMDDL,RIA,RMDD
4775,8469513,41941.0,27877.0,12660.0,1859108,8395182,1857184,8346274,RIAL,RMDVR,RIA,RMDV
4776,8469513,41941.0,27877.0,12660.0,1859108,8395182,1857495,8356477,RIAL,RIAR,RIA,RIA
4777,8469402,34978.0,22896.0,4410.0,1859108,8395808,1857184,8345501,RIAL,RMDVR,RIA,RMDV
4778,8469402,34978.0,22896.0,4410.0,1859108,8395808,1858998,8393030,RIAL,RMDL,RIA,RMDL/R
4779,8469403,35670.0,23532.0,4380.0,1859108,8396008,1857184,8345500,RIAL,RMDVR,RIA,RMDV
4780,8469403,35670.0,23532.0,4380.0,1859108,8396008,1858998,8393016,RIAL,RMDL,RIA,RMDL/R
4781,8469426,34582.0,18094.0,7260.0,1859108,8395708,1852827,8244385,RIAL,SMDVL,RIA,SMDV
4782,8469426,34582.0,18094.0,7260.0,1859108,8395708,1857297,8349848,RIAL,SIADL,RIA,SIAD
4783,8462558,34180.0,18672.0,5160.0,1859108,8395778,1854175,8275597,RIAL,SMDVR,RIA,SMDV
4784,8462558,34180.0,18672.0,5160.0,1859108,8395778,1857297,8349918,RIAL,SIADL,RIA,SIAD
4785,8469414,34224.0,18828.0,4920.0,1859108,8396019,1857297,8350115,RIAL,SIADL,RIA,SIAD
4786,8469414,34224.0,18828.0,4920.0,1859108,8396019,1854175,8275589,RIAL,SMDVR,RIA,SMDV
4787,8469417,34320.0,18512.0,5370.0,1859108,8395771,1857297,8349911,RIAL,SIADL,RIA,SIAD
4788,8469417,34320.0,18512.0,5370.0,1859108,8395771,1854175,8275616,RIAL,SMDVR,RIA,SMDV
4789,8469419,34338.0,18350.0,5850.0,1859108,8395755,1857297,8349895,RIAL,SIADL,RIA,SIAD
4790,8469419,34338.0,18350.0,5850.0,1859108,8395755,1854175,8275632,RIAL,SMDVR,RIA,SMDV
4791,8469421,34446.0,18194.0,6090.0,1859108,8395747,1857297,8349887,RIAL,SIADL,RIA,SIAD
4792,8469421,34446.0,18194.0,6090.0,1859108,8395747,1854175,8275640,RIAL,SMDVR,RIA,SMDV
4793,8462711,40492.0,28520.0,7500.0,1859108,8395915,1854095,8273921,RIAL,SIAVR,RIA,SIAV
4794,8462711,40492.0,28520.0,7500.0,1859108,8395915,1855972,8321894,RIAL,RIVL,RIA,RIV
4795,8469378,42216.0,28642.0,8370.0,1859108,8395944,1854095,8274126,RIAL,SIAVR,RIA,SIAV
4796,8469378,42216.0,28642.0,8370.0,1859108,8395944,1855972,8321854,RIAL,RIVL,RIA,RIV
4797,8469380,41508.0,28722.0,8070.0,1859108,8395934,1854095,8273940,RIAL,SIAVR,RIA,SIAV
4798,8469380,41508.0,28722.0,8070.0,1859108,8395934,1856212,8326522,RIAL,SMDDR,RIA,SMDD
4799,8469380,41508.0,28722.0,8070.0,1859108,8395934,1855972,8321875,RIAL,RIVL,RIA,RIV
4800,8469524,45522.0,29812.0,13230.0,1859108,8395090,1857657,8360812,RIAL,SMBVL,RIA,SMBV
4801,8469524,45522.0,29812.0,13230.0,1859108,8395090,1857703,8361916,RIAL,SMBDL,RIA,SMBD
4802,8469520,43245.0,28373.0,11970.0,1859108,8395159,1859238,8397640,RIAL,SMDDL,RIA,SMDD
4803,8469520,43245.0,28373.0,11970.0,1859108,8395159,1859269,8399512,RIAL,RIVR,RIA,RIV
4804,8469432,34492.0,17808.0,8220.0,1859108,8395676,1856212,8326844,RIAL,SMDDR,RIA,SMDD
4805,8469432,34492.0,17808.0,8220.0,1859108,8395676,1859238,8398169,RIAL,SMDDL,RIA,SMDD
4806,8469437,34692.0,16892.0,9900.0,1859108,8395620,1852933,8246713,RIAL,SIADR,RIA,SIAD
4807,8469437,34692.0,16892.0,9900.0,1859108,8395620,1852827,8244295,RIAL,SMDVL,RIA,SMDV
4808,8469376,41730.0,28880.0,8610.0,1859108,8395952,1856212,8326504,RIAL,SMDDR,RIA,SMDD
4809,8469376,41730.0,28880.0,8610.0,1859108,8395952,1852827,8244699,RIAL,SMDVL,RIA,SMDV
4810,8469377,41430.0,28948.0,8370.0,1859108,8395944,1852827,8244691,RIAL,SMDVL,RIA,SMDV
4811,8469377,41430.0,28948.0,8370.0,1859108,8395944,1856212,8326512,RIAL,SMDDR,RIA,SMDD
4812,8469379,41136.0,28854.0,8070.0,1859108,8395934,1852827,8244681,RIAL,SMDVL,RIA,SMDV
4813,8469379,41136.0,28854.0,8070.0,1859108,8395934,1856212,8326522,RIAL,SMDDR,RIA,SMDD
4814,8469381,40888.0,28878.0,7860.0,1859108,8395927,1856212,8326529,RIAL,SMDDR,RIA,SMDD
4815,8469381,40888.0,28878.0,7860.0,1859108,8395927,1852827,8244674,RIAL,SMDVL,RIA,SMDV
4816,8469434,34554.0,17208.0,9210.0,1859108,8395643,1856212,8326886,RIAL,SMDDR,RIA,SMDD
4817,8469434,34554.0,17208.0,9210.0,1859108,8395643,1852827,8244319,RIAL,SMDVL,RIA,SMDV
4818,8469438,34540.0,16772.0,9900.0,1859108,8395620,1856212,8326908,RIAL,SMDDR,RIA,SMDD
4819,8469438,34540.0,16772.0,9900.0,1859108,8395620,1852827,8244295,RIAL,SMDVL,RIA,SMDV
4820,8469441,34544.0,16623.0,10170.0,1859108,8395611,1852827,8244271,RIAL,SMDVL,RIA,SMDV
4821,8469441,34544.0,16623.0,10170.0,1859108,8395611,1856212,8326917,RIAL,SMDDR,RIA,SMDD
4822,8469445,34460.0,16647.0,10380.0,1859108,8395604,1852827,8244264,RIAL,SMDVL,RIA,SMDV
4823,8469445,34460.0,16647.0,10380.0,1859108,8395604,1856212,8326924,RIAL,SMDDR,RIA,SMDD
4824,8469528,41306.0,28926.0,8250.0,1859108,8395940,1852827,8244687,RIAL,SMDVL,RIA,SMDV
4825,8469528,41306.0,28926.0,8250.0,1859108,8395940,1856212,8326516,RIAL,SMDDR,RIA,SMDD
4826,8469413,34092.0,18600.0,4920.0,1859108,8396019,1854175,8275589,RIAL,SMDVR,RIA,SMDV
4827,8469413,34092.0,18600.0,4920.0,1859108,8396019,1859238,8398279,RIAL,SMDDL,RIA,SMDD
4828,8469416,34040.0,18204.0,5310.0,1859108,8395773,1859238,8398266,RIAL,SMDDL,RIA,SMDD
4829,8469416,34040.0,18204.0,5310.0,1859108,8395773,1854175,8275614,RIAL,SMDVR,RIA,SMDV
4830,8469519,42621.0,28357.0,12210.0,1859108,8395167,1854175,8276221,RIAL,SMDVR,RIA,SMDV
4831,8469519,42621.0,28357.0,12210.0,1859108,8395167,1859238,8397648,RIAL,SMDDL,RIA,SMDD
4832,8469521,42905.0,28429.0,11760.0,1859108,8395152,1859238,8397633,RIAL,SMDDL,RIA,SMDD
4833,8469521,42905.0,28429.0,11760.0,1859108,8395152,1854175,8276236,RIAL,SMDVR,RIA,SMDV
4834,8462425,39084.0,25820.0,16380.0,1857495,8356354,1858998,8393219,RIAR,RMDL,RIA,RMDL/R
4835,8462425,39084.0,25820.0,16380.0,1857495,8356354,1859108,8395305,RIAR,RIAL,RIA,RIA
4836,8462425,39084.0,25820.0,16380.0,1857495,8356354,1859449,8405334,RIAR,CEPVL,RIA,CEPV
4837,8469553,38986.0,25608.0,16560.0,1857495,8356348,1859108,8395311,RIAR,RIAL,RIA,RIA
4838,8469553,38986.0,25608.0,16560.0,1857495,8356348,1858998,8393214,RIAR,RMDL,RIA,RMDL/R
4839,8469554,38890.0,25380.0,16710.0,1857495,8356343,1858998,8393209,RIAR,RMDL,RIA,RMDL/R
4840,8469554,38890.0,25380.0,16710.0,1857495,8356343,1859108,8395316,RIAR,RIAL,RIA,RIA
4841,8469555,38746.0,25048.0,16890.0,1857495,8356338,1859108,8395321,RIAR,RIAL,RIA,RIA
4842,8469555,38746.0,25048.0,16890.0,1857495,8356338,1858998,8393204,RIAR,RMDL,RIA,RMDL/R
4843,8469566,35790.0,19590.0,15750.0,1857495,8356279,1859108,8395427,RIAR,RIAL,RIA,RIA
4844,8469566,35790.0,19590.0,15750.0,1857495,8356279,1858998,8392365,RIAR,RMDL,RIA,RMDL/R
4845,8469567,35636.0,19334.0,15450.0,1857495,8356269,1859108,8395437,RIAR,RIAL,RIA,RIA
4846,8469567,35636.0,19334.0,15450.0,1857495,8356269,1858998,8392375,RIAR,RMDL,RIA,RMDL/R
4847,8469569,35510.0,19124.0,15150.0,1857495,8356259,1858998,8392385,RIAR,RMDL,RIA,RMDL/R
4848,8469569,35510.0,19124.0,15150.0,1857495,8356259,1859108,8395447,RIAR,RIAL,RIA,RIA
4849,8469570,35322.0,18752.0,14730.0,1857495,8356245,1858998,8392399,RIAR,RMDL,RIA,RMDL/R
4850,8469570,35322.0,18752.0,14730.0,1857495,8356245,1859108,8395461,RIAR,RIAL,RIA,RIA
4851,8469571,35282.0,18536.0,14460.0,1857495,8356236,1859108,8395470,RIAR,RIAL,RIA,RIA
4852,8469571,35282.0,18536.0,14460.0,1857495,8356236,1858998,8392408,RIAR,RMDL,RIA,RMDL/R
4853,8469572,35206.0,18440.0,14310.0,1857495,8356231,1859108,8395475,RIAR,RIAL,RIA,RIA
4854,8469572,35206.0,18440.0,14310.0,1857495,8356231,1858998,8392413,RIAR,RMDL,RIA,RMDL/R
4855,8469573,35034.0,18152.0,14070.0,1857495,8356223,1859108,8395483,RIAR,RIAL,RIA,RIA
4856,8469573,35034.0,18152.0,14070.0,1857495,8356223,1858998,8392421,RIAR,RMDL,RIA,RMDL/R
4857,8469682,38468.0,24478.0,17190.0,1857495,8356330,1858998,8393190,RIAR,RMDL,RIA,RMDL/R
4858,8469682,38468.0,24478.0,17190.0,1857495,8356330,1859108,8395329,RIAR,RIAL,RIA,RIA
4859,8469576,34934.0,17908.0,13800.0,1857495,8356214,1858998,8392430,RIAR,RMDL,RIA,RMDL/R
4860,8469576,34934.0,17908.0,13800.0,1857495,8356214,1859108,8395492,RIAR,RIAL,RIA,RIA
4861,8469576,34934.0,17908.0,13800.0,1857495,8356214,1858882,8390626,RIAR,CEPDL,RIA,CEPD
4862,8462518,37082.0,27195.0,6090.0,1857495,8355827,1859497,8406288,RIAR,RMDR,RIA,RMDL/R
4863,8462518,37082.0,27195.0,6090.0,1857495,8355827,1859108,8395868,RIAR,RIAL,RIA,RIA
4864,8462525,36154.0,26447.0,5490.0,1857495,8355848,1859497,8406268,RIAR,RMDR,RIA,RMDL/R
4865,8462525,36154.0,26447.0,5490.0,1857495,8355848,1859108,8395848,RIAR,RIAL,RIA,RIA
4866,8462526,36080.0,26045.0,5310.0,1857495,8355854,1859497,8406262,RIAR,RMDR,RIA,RMDL/R
4867,8462526,36080.0,26045.0,5310.0,1857495,8355854,1859108,8395842,RIAR,RIAL,RIA,RIA
4868,8462581,34078.0,22095.0,4320.0,1857495,8355906,1859497,8407161,RIAR,RMDR,RIA,RMDL/R
4869,8462581,34078.0,22095.0,4320.0,1857495,8355906,1859108,8396013,RIAR,RIAL,RIA,RIA
4870,8469626,33532.0,20024.0,4740.0,1857495,8355916,1859108,8395792,RIAR,RIAL,RIA,RIA
4871,8469626,33532.0,20024.0,4740.0,1857495,8355916,1859497,8406395,RIAR,RMDR,RIA,RMDL/R
4872,8469627,33756.0,20856.0,4680.0,1857495,8355914,1859497,8406396,RIAR,RMDR,RIA,RMDL/R
4873,8469627,33756.0,20856.0,4680.0,1857495,8355914,1859108,8395794,RIAR,RIAL,RIA,RIA
4874,8469628,33624.0,20532.0,4680.0,1857495,8355914,1859497,8406396,RIAR,RMDR,RIA,RMDL/R
4875,8469628,33624.0,20532.0,4680.0,1857495,8355914,1859108,8395794,RIAR,RIAL,RIA,RIA
4876,8469629,33628.0,20356.0,4680.0,1857495,8355914,1859108,8395794,RIAR,RIAL,RIA,RIA
4877,8469629,33628.0,20356.0,4680.0,1857495,8355914,1859497,8406396,RIAR,RMDR,RIA,RMDL/R
4878,8469632,33788.0,21132.0,4650.0,1857495,8355895,1859108,8395799,RIAR,RIAL,RIA,RIA
4879,8469632,33788.0,21132.0,4650.0,1857495,8355895,1859497,8406379,RIAR,RMDR,RIA,RMDL/R
4880,8469636,33924.0,21480.0,4590.0,1857495,8355897,1859108,8395801,RIAR,RIAL,RIA,RIA
4881,8469636,33924.0,21480.0,4590.0,1857495,8355897,1859497,8406377,RIAR,RMDR,RIA,RMDL/R
4882,8469640,35884.0,25700.0,5070.0,1857495,8355862,1859497,8406254,RIAR,RMDR,RIA,RMDL/R
4883,8469640,35884.0,25700.0,5070.0,1857495,8355862,1859108,8395834,RIAR,RIAL,RIA,RIA
4884,8469643,36308.0,26572.0,5670.0,1857495,8355841,1859108,8395854,RIAR,RIAL,RIA,RIA
4885,8469643,36308.0,26572.0,5670.0,1857495,8355841,1859497,8406274,RIAR,RMDR,RIA,RMDL/R
4886,8469645,36570.0,26787.0,5760.0,1857495,8355838,1859497,8406277,RIAR,RMDR,RIA,RMDL/R
4887,8469645,36570.0,26787.0,5760.0,1857495,8355838,1859108,8395857,RIAR,RIAL,RIA,RIA
4888,8469652,37366.0,27423.0,6270.0,1857495,8355821,1859497,8406294,RIAR,RMDR,RIA,RMDL/R
4889,8469652,37366.0,27423.0,6270.0,1857495,8355821,1859108,8395874,RIAR,RIAL,RIA,RIA
4890,8469681,33904.0,21636.0,4500.0,1857495,8355900,1859108,8395804,RIAR,RIAL,RIA,RIA
4891,8469681,33904.0,21636.0,4500.0,1857495,8355900,1859497,8406374,RIAR,RMDR,RIA,RMDL/R
4892,8469649,36930.0,27089.0,5970.0,1857495,8355831,1855951,8320799,RIAR,CEPVR,RIA,CEPV
4893,8469649,36930.0,27089.0,5970.0,1857495,8355831,1859497,8406284,RIAR,RMDR,RIA,RMDL/R
4894,8469649,36930.0,27089.0,5970.0,1857495,8355831,1859108,8395864,RIAR,RIAL,RIA,RIA
4895,8469597,34672.0,17247.0,10500.0,1857495,8356107,1859108,8395600,RIAR,RIAL,RIA,RIA
4896,8469597,34672.0,17247.0,10500.0,1857495,8356107,1859074,8394130,RIAR,RMDVL,RIA,RMDV
4897,8469597,34672.0,17247.0,10500.0,1857495,8356107,1856168,8325794,RIAR,RMDDR,RIA,RMDD
4898,8469439,34580.0,17316.0,9930.0,1857495,8356088,1859074,8394149,RIAR,RMDVL,RIA,RMDV
4899,8469439,34580.0,17316.0,9930.0,1857495,8356088,1856212,8326909,RIAR,SMDDR,RIA,SMDD
4900,8469439,34580.0,17316.0,9930.0,1857495,8356088,1859108,8395619,RIAR,RIAL,RIA,RIA
4901,8469556,37614.0,22776.0,17250.0,1857495,8356563,1857221,8346942,RIAR,RMDDL,RIA,RMDD
4902,8469556,37614.0,22776.0,17250.0,1857495,8356563,1859108,8396029,RIAR,RIAL,RIA,RIA
4903,8469556,37614.0,22776.0,17250.0,1857495,8356563,1857184,8346058,RIAR,RMDVR,RIA,RMDV
4904,8469440,34804.0,17352.0,9930.0,1857495,8356088,1852933,8246714,RIAR,SIADR,RIA,SIAD
4905,8469440,34804.0,17352.0,9930.0,1857495,8356088,1859108,8395619,RIAR,RIAL,RIA,RIA
4906,8462557,33496.0,19284.0,5160.0,1857495,8355929,1859238,8398271,RIAR,SMDDL,RIA,SMDD
4907,8462557,33496.0,19284.0,5160.0,1857495,8355929,1859108,8395778,RIAR,RIAL,RIA,RIA
4908,8469516,42929.0,28009.0,12420.0,1857495,8356485,1859238,8397655,RIAR,SMDDL,RIA,SMDD
4909,8469516,42929.0,28009.0,12420.0,1857495,8356485,1859108,8395174,RIAR,RIAL,RIA,RIA
4910,8469534,42673.0,28117.0,12570.0,1857495,8356480,1859108,8395179,RIAR,RIAL,RIA,RIA
4911,8469534,42673.0,28117.0,12570.0,1857495,8356480,1859238,8397660,RIAR,SMDDL,RIA,SMDD
4912,8469619,33424.0,18904.0,5430.0,1857495,8355938,1859238,8398262,RIAR,SMDDL,RIA,SMDD
4913,8469619,33424.0,18904.0,5430.0,1857495,8355938,1859108,8395769,RIAR,RIAL,RIA,RIA
4914,8469624,33540.0,19760.0,4860.0,1857495,8355919,1859108,8395789,RIAR,RIAL,RIA,RIA
4915,8469624,33540.0,19760.0,4860.0,1857495,8355919,1859238,8398281,RIAR,SMDDL,RIA,SMDD
4916,8469583,34802.0,17196.0,12510.0,1857495,8356171,1859108,8395535,RIAR,RIAL,RIA,RIA
4917,8469583,34802.0,17196.0,12510.0,1857495,8356171,1856212,8326992,RIAR,SMDDR,RIA,SMDD
4918,8469602,34402.0,17568.0,9150.0,1857495,8356063,1856212,8326884,RIAR,SMDDR,RIA,SMDD
4919,8469602,34402.0,17568.0,9150.0,1857495,8356063,1859108,8395645,RIAR,RIAL,RIA,RIA
4920,8469604,34412.0,17768.0,8820.0,1857495,8356052,1856212,8326864,RIAR,SMDDR,RIA,SMDD
4921,8469604,34412.0,17768.0,8820.0,1857495,8356052,1859108,8395656,RIAR,RIAL,RIA,RIA
4922,8469665,42318.0,28860.0,8820.0,1857495,8355736,1856212,8326497,RIAR,SMDDR,RIA,SMDD
4923,8469665,42318.0,28860.0,8820.0,1857495,8355736,1859108,8395959,RIAR,RIAL,RIA,RIA
4924,8469666,42842.0,28872.0,8910.0,1857495,8355733,1856212,8326494,RIAR,SMDDR,RIA,SMDD
4925,8469666,42842.0,28872.0,8910.0,1857495,8355733,1859108,8395962,RIAR,RIAL,RIA,RIA
4926,8462684,39068.0,28332.0,7320.0,1857495,8355786,1852827,8244656,RIAR,SMDVL,RIA,SMDV
4927,8462684,39068.0,28332.0,7320.0,1857495,8355786,1859108,8395909,RIAR,RIAL,RIA,RIA
4928,8469594,34750.0,16676.0,10830.0,1857495,8356116,1859108,8395591,RIAR,RIAL,RIA,RIA
4929,8469594,34750.0,16676.0,10830.0,1857495,8356116,1852827,8244251,RIAR,SMDVL,RIA,SMDV
4930,8469596,34850.0,16932.0,10530.0,1857495,8356108,1852827,8244259,RIAR,SMDVL,RIA,SMDV
4931,8469596,34850.0,16932.0,10530.0,1857495,8356108,1859108,8395599,RIAR,RIAL,RIA,RIA
4932,8469599,34864.0,17079.0,10320.0,1857495,8356101,1852827,8244266,RIAR,SMDVL,RIA,SMDV
4933,8469599,34864.0,17079.0,10320.0,1857495,8356101,1852933,8246727,RIAR,SIADR,RIA,SIAD
4934,8469599,34864.0,17079.0,10320.0,1857495,8356101,1859108,8395606,RIAR,RIAL,RIA,RIA
4935,8469543,41030.0,27620.0,14190.0,1857495,8356426,1859108,8395233,RIAR,RIAL,RIA,RIA
4936,8469543,41030.0,27620.0,14190.0,1857495,8356426,1854175,8276155,RIAR,SMDVR,RIA,SMDV
4937,8469610,34110.0,17902.0,6810.0,1857495,8355985,1859108,8395723,RIAR,RIAL,RIA,RIA
4938,8469610,34110.0,17902.0,6810.0,1857495,8355985,1854175,8275664,RIAR,SMDVR,RIA,SMDV
4939,8469616,33810.0,18054.0,6180.0,1857495,8355964,1859108,8395744,RIAR,RIAL,RIA,RIA
4940,8469616,33810.0,18054.0,6180.0,1857495,8355964,1854175,8275643,RIAR,SMDVR,RIA,SMDV
4941,8469616,33810.0,18054.0,6180.0,1857495,8355964,1859238,8398237,RIAR,SMDDL,RIA,SMDD
4942,8469607,34114.0,17730.0,7710.0,1857495,8356015,1859108,8395689,RIAR,RIAL,RIA,RIA
4943,8469607,34114.0,17730.0,7710.0,1857495,8356015,1854175,8275694,RIAR,SMDVR,RIA,SMDV
4944,8469607,34114.0,17730.0,7710.0,1857495,8356015,1859238,8398186,RIAR,SMDDL,RIA,SMDD
4945,8469607,34114.0,17730.0,7710.0,1857495,8356015,1857297,8349833,RIAR,SIADL,RIA,SIAD
4946,8469678,47698.0,29564.0,9120.0,1857495,8355687,1855972,8321676,RIAR,RIVL,RIA,RIV
4947,8469541,42208.0,27846.0,13440.0,1857495,8356451,1857329,8350819,RIAR,SIAVL,RIA,SIAV
4948,8469541,42208.0,27846.0,13440.0,1857495,8356451,1859269,8399561,RIAR,RIVR,RIA,RIV
4949,8469647,36162.0,26619.0,5850.0,1857495,8355835,1856168,8325534,RIAR,RMDDR,RIA,RMDD
4950,8469638,35352.0,23776.0,4740.0,1857495,8355878,1855695,8315854,RIAR,IL1R,RIA,IL1L/R
4951,8469638,35352.0,23776.0,4740.0,1857495,8355878,1856168,8325581,RIAR,RMDDR,RIA,RMDD
4952,8469452,34954.0,17254.0,11970.0,1857495,8356153,1856168,8325849,RIAR,RMDDR,RIA,RMDD
4953,8469452,34954.0,17254.0,11970.0,1857495,8356153,1852933,8246779,RIAR,SIADR,RIA,SIAD
4954,8469587,34880.0,17159.0,11520.0,1857495,8356139,1856168,8325826,RIAR,RMDDR,RIA,RMDD
4955,8469587,34880.0,17159.0,11520.0,1857495,8356139,1852933,8246765,RIAR,SIADR,RIA,SIAD
4956,8469589,34916.0,17011.0,11310.0,1857495,8356132,1852933,8246758,RIAR,SIADR,RIA,SIAD
4957,8469589,34916.0,17011.0,11310.0,1857495,8356132,1856168,8325819,RIAR,RMDDR,RIA,RMDD
4958,8469595,34874.0,17136.0,10830.0,1857495,8356116,1856168,8325803,RIAR,RMDDR,RIA,RMDD
4959,8469595,34874.0,17136.0,10830.0,1857495,8356116,1852933,8246742,RIAR,SIADR,RIA,SIAD
4960,8469581,35130.0,17376.0,12720.0,1857495,8356178,1856168,8325874,RIAR,RMDDR,RIA,RMDD
4961,8469581,35130.0,17376.0,12720.0,1857495,8356178,1856212,8326999,RIAR,SMDDR,RIA,SMDD
4962,8469581,35130.0,17376.0,12720.0,1857495,8356178,1852933,8246804,RIAR,SIADR,RIA,SIAD
4963,8469559,37922.0,23172.0,17490.0,1857495,8356571,1858998,8393140,RIAR,RMDL,RIA,RMDL/R
4964,8469560,38162.0,23628.0,17550.0,1857495,8356573,1858998,8393142,RIAR,RMDL,RIA,RMDL/R
4965,8469639,35392.0,25604.0,5010.0,1857495,8355869,1858998,8392829,RIAR,RMDL,RIA,RMDL/R
4966,8469639,35392.0,25604.0,5010.0,1857495,8355869,1856168,8325562,RIAR,RMDDR,RIA,RMDD
4967,8469562,37206.0,21492.0,16770.0,1857495,8356313,1858998,8392324,RIAR,RMDL,RIA,RMDL/R
4968,8469562,37206.0,21492.0,16770.0,1857495,8356313,1859497,8406990,RIAR,RMDR,RIA,RMDL/R
4969,8462582,34030.0,22275.0,4320.0,1857495,8355906,1858998,8393027,RIAR,RMDL,RIA,RMDL/R
4970,8462582,34030.0,22275.0,4320.0,1857495,8355906,1857184,8345493,RIAR,RMDVR,RIA,RMDV
4971,8469680,35226.0,23932.0,4500.0,1857495,8355886,1858998,8392986,RIAR,RMDL,RIA,RMDL/R
4972,8469680,35226.0,23932.0,4500.0,1857495,8355886,1857184,8345504,RIAR,RMDVR,RIA,RMDV
4973,8469680,35226.0,23932.0,4500.0,1857495,8355886,1855695,8315863,RIAR,IL1R,RIA,IL1L/R
4974,8469568,35808.0,19582.0,15450.0,1857495,8356269,1858998,8392375,RIAR,RMDL,RIA,RMDL/R
4975,8469568,35808.0,19582.0,15450.0,1857495,8356269,1853942,8269608,RIAR,RMFR,RIA,RMF
4976,8469579,34886.0,17720.0,13680.0,1857495,8356210,1856212,8327301,RIAR,SMDDR,RIA,SMDD
4977,8469579,34886.0,17720.0,13680.0,1857495,8356210,1858998,8392434,RIAR,RMDL,RIA,RMDL/R
4978,8469580,34978.0,17724.0,13410.0,1857495,8356201,1856212,8327292,RIAR,SMDDR,RIA,SMDD
4979,8469580,34978.0,17724.0,13410.0,1857495,8356201,1858998,8392443,RIAR,RMDL,RIA,RMDL/R
4980,8469683,36848.0,20578.0,16290.0,1857495,8356297,1857221,8346989,RIAR,RMDDL,RIA,RMDD
4981,8469683,36848.0,20578.0,16290.0,1857495,8356297,1859074,8393889,RIAR,RMDVL,RIA,RMDV
4982,8469683,36848.0,20578.0,16290.0,1857495,8356297,1859497,8407059,RIAR,RMDR,RIA,RMDL/R
4983,8469475,36278.0,20280.0,16020.0,1857495,8356288,1859497,8406798,RIAR,RMDR,RIA,RMDL/R
4984,8469475,36278.0,20280.0,16020.0,1857495,8356288,1856168,8326078,RIAR,RMDDR,RIA,RMDD
4985,8469574,35206.0,18468.0,14010.0,1857495,8356221,1859497,8406703,RIAR,RMDR,RIA,RMDL/R
4986,8469574,35206.0,18468.0,14010.0,1857495,8356221,1856168,8325919,RIAR,RMDDR,RIA,RMDD
4987,8469563,36970.0,21016.0,16710.0,1857495,8356311,1859074,8393903,RIAR,RMDVL,RIA,RMDV
4988,8469563,36970.0,21016.0,16710.0,1857495,8356311,1859497,8406988,RIAR,RMDR,RIA,RMDL/R
4989,8469564,36726.0,20584.0,16380.0,1857495,8356300,1859497,8407062,RIAR,RMDR,RIA,RMDL/R
4990,8469564,36726.0,20584.0,16380.0,1857495,8356300,1859074,8393891,RIAR,RMDVL,RIA,RMDV
4991,8469565,36282.0,20444.0,16290.0,1857495,8356297,1859074,8393929,RIAR,RMDVL,RIA,RMDV
4992,8469565,36282.0,20444.0,16290.0,1857495,8356297,1859497,8407059,RIAR,RMDR,RIA,RMDL/R
4993,8469548,40438.0,26860.0,14880.0,1857495,8356403,1857184,8346194,RIAR,RMDVR,RIA,RMDV
4994,8469548,40438.0,26860.0,14880.0,1857495,8356403,1859269,8399609,RIAR,RIVR,RIA,RIV
4995,8469548,40438.0,26860.0,14880.0,1857495,8356403,1859497,8406935,RIAR,RMDR,RIA,RMDL/R
4996,8469548,40438.0,26860.0,14880.0,1857495,8356403,1857329,8350768,RIAR,SIAVL,RIA,SIAV
4997,8469552,39526.0,26024.0,15960.0,1857495,8356368,1859497,8406892,RIAR,RMDR,RIA,RMDL/R
4998,8469552,39526.0,26024.0,15960.0,1857495,8356368,1857329,8350733,RIAR,SIAVL,RIA,SIAV
4999,8472079,35186.0,17860.0,13290.0,1857495,8356197,1859497,8406679,RIAR,RMDR,RIA,RMDL/R
5000,8472079,35186.0,17860.0,13290.0,1857495,8356197,1856212,8327018,RIAR,SMDDR,RIA,SMDD
5001,8462707,38688.0,28018.0,7290.0,1857495,8355787,1856168,8325477,RIAR,RMDDR,RIA,RMDD
5002,8462707,38688.0,28018.0,7290.0,1857495,8355787,1859074,8394448,RIAR,RMDVL,RIA,RMDV
5003,8469600,34740.0,17499.0,10050.0,1857495,8356092,1856168,8325779,RIAR,RMDDR,RIA,RMDD
5004,8469600,34740.0,17499.0,10050.0,1857495,8356092,1859074,8394145,RIAR,RMDVL,RIA,RMDV
5005,8469642,35756.0,25820.0,5580.0,1857495,8355845,1859074,8394362,RIAR,RMDVL,RIA,RMDV
5006,8469642,35756.0,25820.0,5580.0,1857495,8355845,1856168,8325543,RIAR,RMDDR,RIA,RMDD
5007,8469644,35904.0,26184.0,5700.0,1857495,8355840,1856168,8325539,RIAR,RMDDR,RIA,RMDD
5008,8469644,35904.0,26184.0,5700.0,1857495,8355840,1859074,8394366,RIAR,RMDVL,RIA,RMDV
5009,8469646,35946.0,26343.0,5760.0,1857495,8355838,1856168,8325537,RIAR,RMDDR,RIA,RMDD
5010,8469646,35946.0,26343.0,5760.0,1857495,8355838,1859074,8394368,RIAR,RMDVL,RIA,RMDV
5011,8469650,36382.0,26703.0,6000.0,1857495,8355830,1856168,8325529,RIAR,RMDDR,RIA,RMDD
5012,8469650,36382.0,26703.0,6000.0,1857495,8355830,1859074,8394376,RIAR,RMDVL,RIA,RMDV
5013,8469651,36970.0,27195.0,6240.0,1857495,8355822,1856168,8325521,RIAR,RMDDR,RIA,RMDD
5014,8469651,36970.0,27195.0,6240.0,1857495,8355822,1859074,8394384,RIAR,RMDVL,RIA,RMDV
5015,8469653,37486.0,27375.0,6630.0,1857495,8355809,1856168,8325508,RIAR,RMDDR,RIA,RMDD
5016,8469653,37486.0,27375.0,6630.0,1857495,8355809,1859074,8394424,RIAR,RMDVL,RIA,RMDV
5017,8469654,37722.0,27455.0,6870.0,1857495,8355801,1856168,8325500,RIAR,RMDDR,RIA,RMDD
5018,8469654,37722.0,27455.0,6870.0,1857495,8355801,1859074,8394432,RIAR,RMDVL,RIA,RMDV
5019,8469655,38112.0,27628.0,7050.0,1857495,8355795,1859074,8394439,RIAR,RMDVL,RIA,RMDV
5020,8469655,38112.0,27628.0,7050.0,1857495,8355795,1856168,8325494,RIAR,RMDDR,RIA,RMDD
5021,8469658,39196.0,28236.0,7620.0,1857495,8355776,1856168,8325465,RIAR,RMDDR,RIA,RMDD
5022,8469658,39196.0,28236.0,7620.0,1857495,8355776,1859074,8394459,RIAR,RMDVL,RIA,RMDV
5023,8469659,39336.0,28356.0,7860.0,1857495,8355768,1856168,8325457,RIAR,RMDDR,RIA,RMDD
5024,8469659,39336.0,28356.0,7860.0,1857495,8355768,1859074,8394467,RIAR,RMDVL,RIA,RMDV
5025,8469660,39596.0,28408.0,8040.0,1857495,8355762,1856168,8325451,RIAR,RMDDR,RIA,RMDD
5026,8469660,39596.0,28408.0,8040.0,1857495,8355762,1859074,8394473,RIAR,RMDVL,RIA,RMDV
5027,8469661,40022.0,28516.0,8310.0,1857495,8355753,1856168,8325437,RIAR,RMDDR,RIA,RMDD
5028,8469661,40022.0,28516.0,8310.0,1857495,8355753,1859074,8394482,RIAR,RMDVL,RIA,RMDV
5029,8469662,40962.0,28400.0,8640.0,1857495,8355742,1859074,8394493,RIAR,RMDVL,RIA,RMDV
5030,8469662,40962.0,28400.0,8640.0,1857495,8355742,1856168,8325419,RIAR,RMDDR,RIA,RMDD
5031,8469663,41582.0,28468.0,8760.0,1857495,8355738,1859074,8394497,RIAR,RMDVL,RIA,RMDV
5032,8469663,41582.0,28468.0,8760.0,1857495,8355738,1856168,8325415,RIAR,RMDDR,RIA,RMDD
5033,8462628,33218.0,19040.0,5820.0,1857495,8355952,1857184,8345645,RIAR,RMDVR,RIA,RMDV
5034,8462628,33218.0,19040.0,5820.0,1857495,8355952,1857221,8347453,RIAR,RMDDL,RIA,RMDD
5035,8462632,33362.0,19071.0,5670.0,1857495,8355947,1857184,8345640,RIAR,RMDVR,RIA,RMDV
5036,8462632,33362.0,19071.0,5670.0,1857495,8355947,1857221,8347458,RIAR,RMDDL,RIA,RMDD
5037,8469535,42441.0,27929.0,12630.0,1857495,8356478,1857221,8346743,RIAR,RMDDL,RIA,RMDD
5038,8469535,42441.0,27929.0,12630.0,1857495,8356478,1857184,8346278,RIAR,RMDVR,RIA,RMDV
5039,8469608,34050.0,18138.0,7380.0,1857495,8356004,1857221,8347282,RIAR,RMDDL,RIA,RMDD
5040,8469608,34050.0,18138.0,7380.0,1857495,8356004,1857184,8345736,RIAR,RMDVR,RIA,RMDV
5041,8469609,33786.0,18242.0,7080.0,1857495,8355994,1857221,8347406,RIAR,RMDDL,RIA,RMDD
5042,8469609,33786.0,18242.0,7080.0,1857495,8355994,1857184,8345726,RIAR,RMDVR,RIA,RMDV
5043,8469611,33654.0,18318.0,6750.0,1857495,8355983,1857221,8347417,RIAR,RMDDL,RIA,RMDD
5044,8469611,33654.0,18318.0,6750.0,1857495,8355983,1857184,8345715,RIAR,RMDVR,RIA,RMDV
5045,8469612,33510.0,18378.0,6600.0,1857495,8355978,1857184,8345710,RIAR,RMDVR,RIA,RMDV
5046,8469612,33510.0,18378.0,6600.0,1857495,8355978,1857221,8347422,RIAR,RMDDL,RIA,RMDD
5047,8469613,33414.0,18402.0,6450.0,1857495,8355973,1857184,8345705,RIAR,RMDVR,RIA,RMDV
5048,8469613,33414.0,18402.0,6450.0,1857495,8355973,1857221,8347432,RIAR,RMDDL,RIA,RMDD
5049,8469614,33202.0,18818.0,5970.0,1857495,8355957,1857184,8345650,RIAR,RMDVR,RIA,RMDV
5050,8469614,33202.0,18818.0,5970.0,1857495,8355957,1857221,8347448,RIAR,RMDDL,RIA,RMDD
5051,8469617,33396.0,19328.0,5490.0,1857495,8355940,1857184,8345611,RIAR,RMDVR,RIA,RMDV
5052,8469617,33396.0,19328.0,5490.0,1857495,8355940,1857221,8347464,RIAR,RMDDL,RIA,RMDD
5053,8469620,33444.0,19836.0,5280.0,1857495,8355933,1857221,8347473,RIAR,RMDDL,RIA,RMDD
5054,8469620,33444.0,19836.0,5280.0,1857495,8355933,1857184,8345604,RIAR,RMDVR,RIA,RMDV
5055,8469621,33444.0,20416.0,5010.0,1857495,8355924,1857221,8347482,RIAR,RMDDL,RIA,RMDD
5056,8469621,33444.0,20416.0,5010.0,1857495,8355924,1857184,8345595,RIAR,RMDVR,RIA,RMDV
5057,8469622,33580.0,21012.0,4800.0,1857495,8355918,1857184,8345578,RIAR,RMDVR,RIA,RMDV
5058,8469622,33580.0,21012.0,4800.0,1857495,8355918,1857221,8347583,RIAR,RMDDL,RIA,RMDD
5059,8469623,33896.0,21676.0,4770.0,1857495,8355917,1857184,8345576,RIAR,RMDVR,RIA,RMDV
5060,8469623,33896.0,21676.0,4770.0,1857495,8355917,1857221,8347490,RIAR,RMDDL,RIA,RMDD
5061,8469630,33888.0,21852.0,4680.0,1857495,8355894,1857221,8347580,RIAR,RMDDL,RIA,RMDD
5062,8469630,33888.0,21852.0,4680.0,1857495,8355894,1857184,8345531,RIAR,RMDVR,RIA,RMDV
5063,8469631,34200.0,22408.0,4650.0,1857495,8355895,1857221,8347580,RIAR,RMDDL,RIA,RMDD
5064,8469631,34200.0,22408.0,4650.0,1857495,8355895,1857184,8345530,RIAR,RMDVR,RIA,RMDV
5065,8469679,34780.0,22932.0,4770.0,1857495,8356577,1857184,8345534,RIAR,RMDVR,RIA,RMDV
5066,8469679,34780.0,22932.0,4770.0,1857495,8356577,1857221,8347490,RIAR,RMDDL,RIA,RMDD
5067,8462658,40018.0,26596.0,15240.0,1857495,8356392,1857184,8346183,RIAR,RMDVR,RIA,RMDV
5068,8462658,40018.0,26596.0,15240.0,1857495,8356392,1857329,8350757,RIAR,SIAVL,RIA,SIAV
5069,8469540,42036.0,27726.0,13350.0,1857495,8356454,1857184,8346250,RIAR,RMDVR,RIA,RMDV
5070,8469540,42036.0,27726.0,13350.0,1857495,8356454,1857329,8350822,RIAR,SIAVL,RIA,SIAV
5071,8469542,41360.0,27510.0,13920.0,1857495,8356435,1857329,8350803,RIAR,SIAVL,RIA,SIAV
5072,8469542,41360.0,27510.0,13920.0,1857495,8356435,1857184,8346226,RIAR,RMDVR,RIA,RMDV
5073,8469549,39716.0,26334.0,15480.0,1857495,8356384,1857184,8346154,RIAR,RMDVR,RIA,RMDV
5074,8469549,39716.0,26334.0,15480.0,1857495,8356384,1857329,8350749,RIAR,SIAVL,RIA,SIAV
5075,8469551,39528.0,26098.0,15660.0,1857495,8356378,1857184,8346148,RIAR,RMDVR,RIA,RMDV
5076,8469551,39528.0,26098.0,15660.0,1857495,8356378,1857329,8350743,RIAR,SIAVL,RIA,SIAV
5077,8469536,42585.0,27921.0,12870.0,1857495,8356470,1859238,8397670,RIAR,SMDDL,RIA,SMDD
5078,8469536,42585.0,27921.0,12870.0,1857495,8356470,1859269,8399542,RIAR,RIVR,RIA,RIV
5079,8469545,41346.0,27480.0,14370.0,1857495,8356420,1859238,8397742,RIAR,SMDDL,RIA,SMDD
5080,8469545,41346.0,27480.0,14370.0,1857495,8356420,1857329,8350788,RIAR,SIAVL,RIA,SIAV
5081,8469545,41346.0,27480.0,14370.0,1857495,8356420,1859269,8399592,RIAR,RIVR,RIA,RIV
5082,8469538,42504.0,27918.0,13050.0,1857495,8356464,1857184,8346260,RIAR,RMDVR,RIA,RMDV
5083,8469538,42504.0,27918.0,13050.0,1857495,8356464,1859238,8397685,RIAR,SMDDL,RIA,SMDD
5084,8469538,42504.0,27918.0,13050.0,1857495,8356464,1859269,8399548,RIAR,RIVR,RIA,RIV
5085,8469606,34340.0,17864.0,8400.0,1857495,8356038,1859238,8398163,RIAR,SMDDL,RIA,SMDD
5086,8469606,34340.0,17864.0,8400.0,1857495,8356038,1856212,8326850,RIAR,SMDDR,RIA,SMDD
5087,8469585,34866.0,16976.0,12300.0,1857495,8356164,1856212,8326985,RIAR,SMDDR,RIA,SMDD
5088,8469673,44330.0,29276.0,9660.0,1857495,8355713,1856212,8327323,RIAR,SMDDR,RIA,SMDD
5089,8469669,43590.0,28924.0,9120.0,1857495,8355726,1856212,8326487,RIAR,SMDDR,RIA,SMDD
5090,8469669,43590.0,28924.0,9120.0,1857495,8355726,1855972,8321817,RIAR,RIVL,RIA,RIV
5091,8469667,41534.0,28564.0,8910.0,1857495,8355733,1852827,8244709,RIAR,SMDVL,RIA,SMDV
5092,8469667,41534.0,28564.0,8910.0,1857495,8355733,1856168,8325403,RIAR,RMDDR,RIA,RMDD
5093,8469670,42546.0,28780.0,9300.0,1857495,8355720,1856168,8326284,RIAR,RMDDR,RIA,RMDD
5094,8469670,42546.0,28780.0,9300.0,1857495,8355720,1852827,8244721,RIAR,SMDVL,RIA,SMDV
5095,8469454,35074.0,16930.0,11970.0,1857495,8356153,1852933,8246779,RIAR,SIADR,RIA,SIAD
5096,8469454,35074.0,16930.0,11970.0,1857495,8356153,1852827,8244208,RIAR,SMDVL,RIA,SMDV
5097,8469582,35198.0,17124.0,12600.0,1857495,8356174,1852933,8246800,RIAR,SIADR,RIA,SIAD
5098,8469582,35198.0,17124.0,12600.0,1857495,8356174,1852827,8244187,RIAR,SMDVL,RIA,SMDV
5099,8469590,35064.0,16827.0,11220.0,1857495,8356129,1852933,8246755,RIAR,SIADR,RIA,SIAD
5100,8469590,35064.0,16827.0,11220.0,1857495,8356129,1852827,8244232,RIAR,SMDVL,RIA,SMDV
5101,8469593,34958.0,16828.0,10830.0,1857495,8356116,1852933,8246742,RIAR,SIADR,RIA,SIAD
5102,8469593,34958.0,16828.0,10830.0,1857495,8356116,1852827,8244251,RIAR,SMDVL,RIA,SMDV
5103,8469686,35252.0,17004.0,12270.0,1857495,8356163,1852933,8246789,RIAR,SIADR,RIA,SIAD
5104,8469686,35252.0,17004.0,12270.0,1857495,8356163,1852827,8244198,RIAR,SMDVL,RIA,SMDV
5105,8469453,34823.4,16588.6,11970.0,1857495,8356153,1852827,8244208,RIAR,SMDVL,RIA,SMDV
5106,8469453,34823.4,16588.6,11970.0,1857495,8356153,1856212,8326974,RIAR,SMDDR,RIA,SMDD
5107,8469584,35086.0,17032.0,12510.0,1857495,8356171,1852827,8244190,RIAR,SMDVL,RIA,SMDV
5108,8469584,35086.0,17032.0,12510.0,1857495,8356171,1856212,8326992,RIAR,SMDDR,RIA,SMDD
5109,8469588,34796.0,16559.0,11520.0,1857495,8356139,1852827,8244222,RIAR,SMDVL,RIA,SMDV
5110,8469588,34796.0,16559.0,11520.0,1857495,8356139,1856212,8326960,RIAR,SMDDR,RIA,SMDD
5111,8469591,34744.0,16615.0,11130.0,1857495,8356126,1856212,8326947,RIAR,SMDDR,RIA,SMDD
5112,8469591,34744.0,16615.0,11130.0,1857495,8356126,1852827,8244235,RIAR,SMDVL,RIA,SMDV
5113,8469664,42046.0,28836.0,8820.0,1857495,8355736,1852827,8244706,RIAR,SMDVL,RIA,SMDV
5114,8469664,42046.0,28836.0,8820.0,1857495,8355736,1856212,8326497,RIAR,SMDDR,RIA,SMDD
5115,8469668,42290.0,28992.0,9120.0,1857495,8355726,1852827,8244716,RIAR,SMDVL,RIA,SMDV
5116,8469668,42290.0,28992.0,9120.0,1857495,8355726,1856212,8326487,RIAR,SMDDR,RIA,SMDD
5117,8469671,42646.0,28880.0,9390.0,1857495,8355704,1856212,8326478,RIAR,SMDDR,RIA,SMDD
5118,8469671,42646.0,28880.0,9390.0,1857495,8355704,1852827,8244724,RIAR,SMDVL,RIA,SMDV
5119,8469672,43946.0,29164.0,9690.0,1857495,8355714,1852827,8244734,RIAR,SMDVL,RIA,SMDV
5120,8469672,43946.0,29164.0,9690.0,1857495,8355714,1856212,8327331,RIAR,SMDDR,RIA,SMDD
5121,8469674,43694.0,29100.0,9660.0,1857495,8355713,1852827,8244733,RIAR,SMDVL,RIA,SMDV
5122,8469674,43694.0,29100.0,9660.0,1857495,8355713,1856212,8327323,RIAR,SMDDR,RIA,SMDD
5123,8469675,43218.0,28984.0,9600.0,1857495,8355711,1852827,8244731,RIAR,SMDVL,RIA,SMDV
5124,8469675,43218.0,28984.0,9600.0,1857495,8355711,1856212,8327321,RIAR,SMDDR,RIA,SMDD
5125,8469677,42954.0,28892.0,9540.0,1857495,8355709,1856212,8327319,RIAR,SMDDR,RIA,SMDD
5126,8469677,42954.0,28892.0,9540.0,1857495,8355709,1852827,8244729,RIAR,SMDVL,RIA,SMDV
5127,8469532,43060.0,27928.0,11430.0,1857495,8356518,1854175,8276247,RIAR,SMDVR,RIA,SMDV
5128,8469532,43060.0,27928.0,11430.0,1857495,8356518,1857221,8346704,RIAR,RMDDL,RIA,RMDD
5129,8469550,39820.0,26434.0,15540.0,1857495,8356382,1854175,8276111,RIAR,SMDVR,RIA,SMDV
5130,8469550,39820.0,26434.0,15540.0,1857495,8356382,1857329,8350747,RIAR,SIAVL,RIA,SIAV
5131,8462543,33998.0,17866.0,6870.0,1857495,8355987,1859238,8398214,RIAR,SMDDL,RIA,SMDD
5132,8462543,33998.0,17866.0,6870.0,1857495,8355987,1854175,8275666,RIAR,SMDVR,RIA,SMDV
5133,8469506,41656.0,28006.0,13800.0,1857495,8356439,1854175,8276168,RIAR,SMDVR,RIA,SMDV
5134,8469506,41656.0,28006.0,13800.0,1857495,8356439,1859238,8397723,RIAR,SMDDL,RIA,SMDD
5135,8469537,42281.0,28225.0,12870.0,1857495,8356470,1854175,8276199,RIAR,SMDVR,RIA,SMDV
5136,8469537,42281.0,28225.0,12870.0,1857495,8356470,1859238,8397670,RIAR,SMDDL,RIA,SMDD
5137,8469539,42104.0,28194.0,13200.0,1857495,8356459,1854175,8276188,RIAR,SMDVR,RIA,SMDV
5138,8469539,42104.0,28194.0,13200.0,1857495,8356459,1859238,8397690,RIAR,SMDDL,RIA,SMDD
5139,8469547,41186.0,27576.0,14430.0,1857495,8356418,1859238,8397744,RIAR,SMDDL,RIA,SMDD
5140,8469547,41186.0,27576.0,14430.0,1857495,8356418,1854175,8276147,RIAR,SMDVR,RIA,SMDV
5141,8469615,33910.0,17962.0,6450.0,1857495,8355973,1854175,8275652,RIAR,SMDVR,RIA,SMDV
5142,8469615,33910.0,17962.0,6450.0,1857495,8355973,1859238,8398228,RIAR,SMDDL,RIA,SMDD
5143,8471844,41472.0,28002.0,14100.0,1857495,8356429,1859238,8397733,RIAR,SMDDL,RIA,SMDD
5144,8471844,41472.0,28002.0,14100.0,1857495,8356429,1854175,8276158,RIAR,SMDVR,RIA,SMDV
5145,8462646,40738.0,27208.0,14730.0,1857495,8356408,1854175,8276137,RIAR,SMDVR,RIA,SMDV
5146,8462646,40738.0,27208.0,14730.0,1857495,8356408,1859269,8399604,RIAR,RIVR,RIA,RIV
5147,8462646,40738.0,27208.0,14730.0,1857495,8356408,1859238,8397754,RIAR,SMDDL,RIA,SMDD
5148,8469427,34098.0,17750.0,7260.0,1857495,8356000,1854175,8275679,RIAR,SMDVR,RIA,SMDV
5149,8469427,34098.0,17750.0,7260.0,1857495,8356000,1857297,8349848,RIAR,SIADL,RIA,SIAD
5150,8469427,34098.0,17750.0,7260.0,1857495,8356000,1859238,8398201,RIAR,SMDDL,RIA,SMDD
5151,8469705,39058.0,20280.0,17850.0,1855622,8313895,1855391,8307758,RIBL,AVAL,RIB,AVA
5152,8469705,39058.0,20280.0,17850.0,1855622,8313895,1857256,8348677,RIBL,AIBR,RIB,AIB
5153,8472080,38922.0,20140.0,17820.0,1855622,8313896,1857256,8348676,RIBL,AIBR,RIB,AIB
5154,8472080,38922.0,20140.0,17820.0,1855622,8313896,1852778,8243205,RIBL,AVAR,RIB,AVA
5155,8472081,38802.0,20004.0,17820.0,1855622,8313896,1857256,8348676,RIBL,AIBR,RIB,AIB
5156,8472081,38802.0,20004.0,17820.0,1855622,8313896,1852778,8243205,RIBL,AVAR,RIB,AVA
5157,8469711,41778.0,27144.0,16320.0,1855622,8313450,1857256,8348775,RIBL,AIBR,RIB,AIB
5158,8469711,41778.0,27144.0,16320.0,1855622,8313450,1859108,8394987,RIBL,RIAL,RIB,RIA
5159,8469710,41756.0,26548.0,16920.0,1855622,8313754,1857421,8353017,RIBL,RIGL,RIB,RIG
5160,8469710,41756.0,26548.0,16920.0,1855622,8313754,1859108,8394967,RIBL,RIAL,RIB,RIA
5161,8469710,41756.0,26548.0,16920.0,1855622,8313754,1857256,8348741,RIBL,AIBR,RIB,AIB
5162,8469693,36882.0,16564.0,13890.0,1855622,8314023,1856963,8341046,RIBL,AVEL,RIB,AVE
5163,8469693,36882.0,16564.0,13890.0,1855622,8314023,1857256,8348505,RIBL,AIBR,RIB,AIB
5164,8469695,37122.0,16708.0,14460.0,1855622,8314004,1857256,8348524,RIBL,AIBR,RIB,AIB
5165,8469695,37122.0,16708.0,14460.0,1855622,8314004,1856963,8341027,RIBL,AVEL,RIB,AVE
5166,8469720,37782.0,15700.0,12000.0,1855622,8314086,1856963,8341109,RIBL,AVEL,RIB,AVE
5167,8469720,37782.0,15700.0,12000.0,1855622,8314086,1853794,8264359,RIBL,BAGR,RIB,BAG
5168,8469721,37859.0,15932.0,12120.0,1855622,8314082,1856963,8341105,RIBL,AVEL,RIB,AVE
5169,8469721,37859.0,15932.0,12120.0,1855622,8314082,1853794,8264363,RIBL,BAGR,RIB,BAG
5170,8469718,37016.0,15432.0,9360.0,1855622,8314171,1856963,8341195,RIBL,AVEL,RIB,AVE
5171,8469718,37016.0,15432.0,9360.0,1855622,8314171,1857943,8369176,RIBL,AUAL,RIB,AUA
5172,8469718,37016.0,15432.0,9360.0,1855622,8314171,1857771,8364661,RIBL,AIZL,RIB,AIZ
5173,8469718,37016.0,15432.0,9360.0,1855622,8314171,1853794,8264273,RIBL,BAGR,RIB,BAG
5174,8469730,33822.0,17358.0,14520.0,1855622,8314244,1854322,8279306,RIBL,AVER,RIB,AVE
5175,8469729,33762.0,17530.0,14790.0,1855622,8314253,1858882,8390593,RIBL,CEPDL,RIB,CEPD
5176,8469729,33762.0,17530.0,14790.0,1855622,8314253,1854322,8279315,RIBL,AVER,RIB,AVE
5177,8469731,37032.0,24489.0,18240.0,1855622,8313721,1854322,8279978,RIBL,AVER,RIB,AVE
5178,8469731,37032.0,24489.0,18240.0,1855622,8313721,1859449,8405393,RIBL,CEPVL,RIB,CEPV
5179,8472082,35802.0,21182.0,17460.0,1855622,8314338,1854322,8279401,RIBL,AVER,RIB,AVE
5180,8472082,35802.0,21182.0,17460.0,1855622,8314338,1858777,8388579,RIBL,OLLL,RIB,OLL
5181,8469728,35478.0,20050.0,16770.0,1855622,8314318,1859497,8407075,RIBL,RMDR,RIB,RMDL/R
5182,8469728,35478.0,20050.0,16770.0,1855622,8314318,1854322,8279381,RIBL,AVER,RIB,AVE
5183,8469717,40104.0,27413.0,15510.0,1855622,8313510,1854175,8276112,RIBL,SMDVR,RIB,SMDV
5184,8469717,40104.0,27413.0,15510.0,1855622,8313510,1857894,8367608,RIBL,URYVL,RIB,URYV
5185,8469717,40104.0,27413.0,15510.0,1855622,8313510,1854322,8279515,RIBL,AVER,RIB,AVE
5186,8469692,33444.0,16011.0,11370.0,1855622,8314435,1854322,8279202,RIBL,AVER,RIB,AVE
5187,8469692,33444.0,16011.0,11370.0,1855622,8314435,1858821,8389470,RIBL,URYDL,RIB,URYD
5188,8469707,40274.0,21248.0,18360.0,1855622,8313869,1853794,8264568,RIBL,BAGR,RIB,BAG
5189,8469707,40274.0,21248.0,18360.0,1855622,8313869,1857943,8368873,RIBL,AUAL,RIB,AUA
5190,8416389,39816.0,20820.0,18300.0,1855622,8313871,1855391,8307773,RIBL,AVAL,RIB,AVA
5191,8416389,39816.0,20820.0,18300.0,1855622,8313871,1853794,8265052,RIBL,BAGR,RIB,BAG
5192,8469712,42178.0,27508.0,16320.0,1855622,8313450,1853794,8264744,RIBL,BAGR,RIB,BAG
5193,8469712,42178.0,27508.0,16320.0,1855622,8313450,1859108,8394987,RIBL,RIAL,RIB,RIA
5194,8469713,42402.0,27832.0,15870.0,1855622,8313435,1853794,8264788,RIBL,BAGR,RIB,BAG
5195,8469713,42402.0,27832.0,15870.0,1855622,8313435,1859108,8395002,RIBL,RIAL,RIB,RIA
5196,8416377,37308.0,17022.0,14730.0,1855622,8313995,1857256,8348533,RIBL,AIBR,RIB,AIB
5197,8416377,37308.0,17022.0,14730.0,1855622,8313995,1856963,8341018,RIBL,AVEL,RIB,AVE
5198,8416377,37308.0,17022.0,14730.0,1855622,8313995,1855193,8302463,RIBL,DVA,RIB,DVA
5199,8462443,37330.0,25622.0,17610.0,1855622,8313700,1854322,8279449,RIBL,AVER,RIB,AVE
5200,8462443,37330.0,25622.0,17610.0,1855622,8313700,1856244,8328638,RIBL,RIS,RIB,RIS
5201,8469732,37520.0,25777.0,17460.0,1855622,8313695,1856244,8328643,RIBL,RIS,RIB,RIS
5202,8469732,37520.0,25777.0,17460.0,1855622,8313695,1854322,8279454,RIBL,AVER,RIB,AVE
5203,8462462,33456.0,16044.0,9510.0,1855622,8314495,1856212,8326895,RIBL,SMDDR,RIB,SMDD
5204,8462462,33456.0,16044.0,9510.0,1855622,8314495,1856244,8328293,RIBL,RIS,RIB,RIS
5205,8462462,33456.0,16044.0,9510.0,1855622,8314495,1854322,8279142,RIBL,AVER,RIB,AVE
5206,8469716,41760.0,29145.0,12360.0,1855622,8313614,1854175,8276216,RIBL,SMDVR,RIB,SMDV
5207,8469773,37346.0,23869.0,2760.0,1853041,8250293,2096429,8268356,RIBR,Fragment,RIB,Fragment
5208,8469773,37346.0,23869.0,2760.0,1853041,8250293,1852778,8242696,RIBR,AVAR,RIB,AVA
5209,8462523,35798.0,27709.0,5460.0,1853041,8250766,1856963,8341446,RIBR,AVEL,RIB,AVE
5210,8469766,32414.0,20389.0,3720.0,1853041,8250395,1856963,8341382,RIBR,AVEL,RIB,AVE
5211,8469766,32414.0,20389.0,3720.0,1853041,8250395,1856244,8328088,RIBR,RIS,RIB,RIS
5212,8469768,35026.0,26413.0,4800.0,1853041,8250789,1856963,8341417,RIBR,AVEL,RIB,AVE
5213,8469768,35026.0,26413.0,4800.0,1853041,8250789,1856244,8328012,RIBR,RIS,RIB,RIS
5214,8469771,34626.0,24545.0,4290.0,1853041,8250376,1858998,8392993,RIBR,RMDL,RIB,RMDL/R
5215,8469771,34626.0,24545.0,4290.0,1853041,8250376,1856963,8341400,RIBR,AVEL,RIB,AVE
5216,8469772,34266.0,23549.0,4050.0,1853041,8250369,1858998,8393039,RIBR,RMDL,RIB,RMDL/R
5217,8469772,34266.0,23549.0,4050.0,1853041,8250369,1856963,8341393,RIBR,AVEL,RIB,AVE
5218,8469762,33170.0,16857.0,6780.0,1853041,8250496,1859238,8398217,RIBR,SMDDL,RIB,SMDD
5219,8469762,33170.0,16857.0,6780.0,1853041,8250496,1856963,8341280,RIBR,AVEL,RIB,AVE
5220,8469759,40456.0,29717.0,8430.0,1853041,8250889,1852827,8244693,RIBR,SMDVL,RIB,SMDV
5221,8469759,40456.0,29717.0,8430.0,1853041,8250889,1856963,8341545,RIBR,AVEL,RIB,AVE
5222,8469765,32458.0,20009.0,3780.0,1853041,8250397,1855540,8311624,RIBR,URYDR,RIB,URYD
5223,8469765,32458.0,20009.0,3780.0,1853041,8250397,1856963,8341380,RIBR,AVEL,RIB,AVE
5224,8469770,36506.0,28393.0,5820.0,1853041,8250754,1859631,8409503,RIBR,URYVR,RIB,URYV
5225,8469770,36506.0,28393.0,5820.0,1853041,8250754,1856963,8341458,RIBR,AVEL,RIB,AVE
5226,8469774,37534.0,28859.0,6180.0,1853041,8250814,1859631,8409487,RIBR,URYVR,RIB,URYV
5227,8469774,37534.0,28859.0,6180.0,1853041,8250814,1856963,8341470,RIBR,AVEL,RIB,AVE
5228,8469737,36654.0,15827.0,7500.0,1853041,8250684,1854322,8279074,RIBR,AVER,RIB,AVE
5229,8469737,36654.0,15827.0,7500.0,1853041,8250684,1853823,8265683,RIBR,AUAR,RIB,AUA
5230,8469737,36654.0,15827.0,7500.0,1853041,8250684,1854817,8292045,RIBR,BAGL,RIB,BAG
5231,8469745,38086.0,24394.0,2490.0,1853041,8250268,1852778,8243925,RIBR,AVAR,RIB,AVA
5232,8469745,38086.0,24394.0,2490.0,1853041,8250268,1854817,8292218,RIBR,BAGL,RIB,BAG
5233,8469739,36470.0,16643.0,5730.0,1853041,8250625,1854322,8279016,RIBR,AVER,RIB,AVE
5234,8469739,36470.0,16643.0,5730.0,1853041,8250625,1854817,8292103,RIBR,BAGL,RIB,BAG
5235,8469740,36626.0,17527.0,4770.0,1853041,8250593,1854322,8278984,RIBR,AVER,RIB,AVE
5236,8469740,36626.0,17527.0,4770.0,1853041,8250593,1854817,8292137,RIBR,BAGL,RIB,BAG
5237,8469746,38968.0,25856.0,2940.0,1853041,8250252,1857495,8355307,RIBR,RIAR,RIB,RIA
5238,8469746,38968.0,25856.0,2940.0,1853041,8250252,1854817,8292561,RIBR,BAGL,RIB,BAG
5239,8469750,40488.0,29553.0,5400.0,1853041,8250170,1857495,8355382,RIBR,RIAR,RIB,RIA
5240,8469750,40488.0,29553.0,5400.0,1853041,8250170,1854817,8292334,RIBR,BAGL,RIB,BAG
5241,8469751,42508.0,30697.0,6690.0,1853041,8250124,1854817,8292381,RIBR,BAGL,RIB,BAG
5242,8469751,42508.0,30697.0,6690.0,1853041,8250124,1857495,8355435,RIBR,RIAR,RIB,RIA
5243,8469747,39402.0,27795.0,3510.0,1853041,8250232,1852675,8242187,RIBR,RMFL,RIB,RMF
5244,8469747,39402.0,27795.0,3510.0,1853041,8250232,1854817,8292267,RIBR,BAGL,RIB,BAG
5245,8469749,39708.0,28973.0,5220.0,1853041,8250176,1854817,8292328,RIBR,BAGL,RIB,BAG
5246,8469749,39708.0,28973.0,5220.0,1853041,8250176,1853942,8268781,RIBR,RMFR,RIB,RMF
5247,8469754,45658.0,32039.0,8850.0,1853041,8250052,1859605,8408841,RIBR,AWBR,RIB,AWB
5248,8469754,45658.0,32039.0,8850.0,1853041,8250052,1852985,8248227,RIBR,RIH,RIB,RIH
5249,8469754,45658.0,32039.0,8850.0,1853041,8250052,1857495,8355509,RIBR,RIAR,RIB,RIA
5250,8416331,35328.0,19861.0,3300.0,1853041,8250544,1855337,8306899,RIBR,AIBL,RIB,AIB
5251,8416331,35328.0,19861.0,3300.0,1853041,8250544,1854786,8291339,RIBR,RIGR,RIB,RIG
5252,8469741,35398.0,19599.0,3330.0,1853041,8250545,1855337,8307391,RIBR,AIBL,RIB,AIB
5253,8469741,35398.0,19599.0,3330.0,1853041,8250545,1854786,8291338,RIBR,RIGR,RIB,RIG
5254,8469758,41924.0,29439.0,9600.0,1853041,8250927,1856212,8327321,RIBR,SMDDR,RIB,SMDD
5255,8469758,41924.0,29439.0,9600.0,1853041,8250927,1852827,8244731,RIBR,SMDVL,RIB,SMDV
5256,8469777,46090.0,29784.0,8550.0,1857550,8358106,1855712,8316171,RICL,ADAR,RIC,ADA
5257,8472084,40514.0,24984.0,16590.0,1857550,8357474,1859238,8397815,RICL,SMDDL,RIC,SMDD
5258,8472084,40514.0,24984.0,16590.0,1857550,8357474,1857256,8348735,RICL,AIBR,RIC,AIB
5259,8469791,37910.0,18434.0,13350.0,1857550,8357611,1855391,8307956,RICL,AVAL,RIC,AVA
5260,8469791,37910.0,18434.0,13350.0,1857550,8357611,1859368,8402985,RICL,ADAL,RIC,ADA
5261,8469783,41152.0,28436.0,6840.0,1857550,8358048,1856419,8332626,RICL,SMBDR,RIC,SMBD
5262,8469783,41152.0,28436.0,6840.0,1857550,8358048,1855391,8308413,RICL,AVAL,RIC,AVA
5263,8469784,40932.0,28384.0,6750.0,1857550,8358045,1856419,8332629,RICL,SMBDR,RIC,SMBD
5264,8469784,40932.0,28384.0,6750.0,1857550,8358045,1855391,8308410,RICL,AVAL,RIC,AVA
5265,8469787,40444.0,28064.0,6450.0,1857550,8358026,1855391,8308400,RICL,AVAL,RIC,AVA
5266,8469787,40444.0,28064.0,6450.0,1857550,8358026,1856419,8332639,RICL,SMBDR,RIC,SMBD
5267,8469807,35494.0,19968.0,4560.0,1857550,8357901,1854175,8275546,RICL,SMDVR,RIC,SMDV
5268,8469807,35494.0,19968.0,4560.0,1857550,8357901,1855391,8308246,RICL,AVAL,RIC,AVA
5269,8416370,40862.0,25348.0,16680.0,1857550,8357477,1857256,8348763,RICL,AIBR,RIC,AIB
5270,8416370,40862.0,25348.0,16680.0,1857550,8357477,1852778,8243254,RICL,AVAR,RIC,AVA
5271,8469794,40710.0,25092.0,16740.0,1857550,8357479,1857256,8348730,RICL,AIBR,RIC,AIB
5272,8469794,40710.0,25092.0,16740.0,1857550,8357479,1852778,8243252,RICL,AVAR,RIC,AVA
5273,8469797,41098.0,25648.0,16350.0,1857550,8357466,1857256,8348772,RICL,AIBR,RIC,AIB
5274,8469797,41098.0,25648.0,16350.0,1857550,8357466,1852778,8243265,RICL,AVAR,RIC,AVA
5275,8469789,36012.0,17724.0,9660.0,1857550,8357731,1855391,8308076,RICL,AVAL,RIC,AVA
5276,8469789,36012.0,17724.0,9660.0,1857550,8357731,1852778,8242941,RICL,AVAR,RIC,AVA
5277,8469788,35648.0,19114.0,6540.0,1857550,8357835,1855653,8315021,RICL,RICR,RIC,RIC
5278,8469788,35648.0,19114.0,6540.0,1857550,8357835,1852778,8242837,RICL,AVAR,RIC,AVA
5279,8469788,35648.0,19114.0,6540.0,1857550,8357835,1855433,8309168,RICL,RMHR,RIC,RMH
5280,8469792,40874.0,26032.0,15990.0,1857550,8357454,1852778,8243277,RICL,AVAR,RIC,AVA
5281,8469792,40874.0,26032.0,15990.0,1857550,8357454,1859238,8397795,RICL,SMDDL,RIC,SMDD
5282,8469793,41200.0,26340.0,15480.0,1857550,8357409,1859238,8397779,RICL,SMDDL,RIC,SMDD
5283,8469793,41200.0,26340.0,15480.0,1857550,8357409,1852778,8243293,RICL,AVAR,RIC,AVA
5284,8469796,40738.0,25616.0,16350.0,1857550,8357466,1852778,8243265,RICL,AVAR,RIC,AVA
5285,8469796,40738.0,25616.0,16350.0,1857550,8357466,1859238,8397807,RICL,SMDDL,RIC,SMDD
5286,8462610,37914.0,18682.0,13500.0,1857550,8357606,1858882,8390426,RICL,CEPDL,RIC,CEPD
5287,8472083,38786.0,24111.0,4650.0,1857550,8357964,1855653,8314914,RICL,RICR,RIC,RIC
5288,8472083,38786.0,24111.0,4650.0,1857550,8357964,1855059,8299039,RICL,URXR,RIC,URX
5289,8469804,34950.0,19504.0,4380.0,1857550,8357907,1855391,8308252,RICL,AVAL,RIC,AVA
5290,8469804,34950.0,19504.0,4380.0,1857550,8357907,1859413,8404613,RICL,RIML,RIC,RIM
5291,8469806,35098.0,19440.0,4530.0,1857550,8357902,1854175,8275567,RICL,SMDVR,RIC,SMDV
5292,8469806,35098.0,19440.0,4530.0,1857550,8357902,1859413,8404305,RICL,RIML,RIC,RIM
5293,8469806,35098.0,19440.0,4530.0,1857550,8357902,1855391,8308247,RICL,AVAL,RIC,AVA
5294,8469806,35098.0,19440.0,4530.0,1857550,8357902,1859300,8400872,RICL,SAADL,RIC,SAAD
5295,8469798,40438.0,26584.0,16170.0,1857550,8357440,1853861,8267478,RICL,RIMR,RIC,RIM
5296,8469172,36160.0,17916.0,9180.0,1857550,8357747,1855972,8321199,RICL,RIVL,RIC,RIV
5297,8469172,36160.0,17916.0,9180.0,1857550,8357747,1859269,8398889,RICL,RIVR,RIC,RIV
5298,8469778,44286.0,29136.0,8340.0,1857550,8358159,1855391,8308463,RICL,AVAL,RIC,AVA
5299,8469778,44286.0,29136.0,8340.0,1857550,8358159,1856212,8326513,RICL,SMDDR,RIC,SMDD
5300,8469782,41344.0,28538.0,7140.0,1857550,8358058,1856212,8326553,RICL,SMDDR,RIC,SMDD
5301,8469779,43966.0,29024.0,8250.0,1857550,8358156,1856212,8326516,RICL,SMDDR,RIC,SMDD
5302,8469779,43966.0,29024.0,8250.0,1857550,8358156,1855391,8308460,RICL,AVAL,RIC,AVA
5303,8469780,43604.0,28966.0,8070.0,1857550,8358089,1856212,8326522,RICL,SMDDR,RIC,SMDD
5304,8469780,43604.0,28966.0,8070.0,1857550,8358089,1855391,8308454,RICL,AVAL,RIC,AVA
5305,8469781,41724.0,28526.0,7350.0,1857550,8358065,1855391,8308430,RICL,AVAL,RIC,AVA
5306,8469781,41724.0,28526.0,7350.0,1857550,8358065,1856212,8326546,RICL,SMDDR,RIC,SMDD
5307,8469786,40528.0,28212.0,6600.0,1857550,8358031,1855391,8308405,RICL,AVAL,RIC,AVA
5308,8469786,40528.0,28212.0,6600.0,1857550,8358031,1856212,8326571,RICL,SMDDR,RIC,SMDD
5309,8469776,40544.0,28992.0,7020.0,1857550,8358173,1859413,8404495,RICL,RIML,RIC,RIM
5310,8469776,40544.0,28992.0,7020.0,1857550,8358173,1856212,8326557,RICL,SMDDR,RIC,SMDD
5311,8469785,40328.0,28820.0,6750.0,1857550,8358182,1859413,8404486,RICL,RIML,RIC,RIM
5312,8469785,40328.0,28820.0,6750.0,1857550,8358182,1856212,8326566,RICL,SMDDR,RIC,SMDD
5313,8469809,40182.0,22298.0,15780.0,1857550,8357501,1859449,8405115,RICL,CEPVL,RIC,CEPV
5314,8469809,40182.0,22298.0,15780.0,1857550,8357501,1858087,8372843,RICL,URBL,RIC,URB
5315,8469829,37004.0,21060.0,4590.0,1855653,8314954,1855712,8316368,RICR,ADAR,RIC,ADA
5316,8469831,39416.0,27044.0,5730.0,1855653,8314866,1856419,8332663,RICR,SMBDR,RIC,SMBD
5317,8469831,39416.0,27044.0,5730.0,1855653,8314866,1855391,8308376,RICR,AVAL,RIC,AVA
5318,8469832,39648.0,27144.0,5940.0,1855653,8314859,1855433,8308988,RICR,RMHR,RIC,RMH
5319,8469832,39648.0,27144.0,5940.0,1855653,8314859,1855391,8308383,RICR,AVAL,RIC,AVA
5320,8469832,39648.0,27144.0,5940.0,1855653,8314859,1856419,8332656,RICR,SMBDR,RIC,SMBD
5321,8469828,36722.0,20466.0,4830.0,1855653,8314962,1852778,8242780,RICR,AVAR,RIC,AVA
5322,8469828,36722.0,20466.0,4830.0,1855653,8314962,1855712,8316376,RICR,ADAR,RIC,ADA
5323,8469826,35756.0,17620.0,8820.0,1855653,8315097,1855391,8308104,RICR,AVAL,RIC,AVA
5324,8469826,35756.0,17620.0,8820.0,1855653,8315097,1852778,8242913,RICR,AVAR,RIC,AVA
5325,8469822,36510.0,17714.0,13710.0,1855653,8315257,1853861,8267261,RICR,RIMR,RIC,RIM
5326,8469822,36510.0,17714.0,13710.0,1855653,8315257,1852778,8243072,RICR,AVAR,RIC,AVA
5327,8469823,36382.0,17600.0,13410.0,1855653,8315247,1852827,8244153,RICR,SMDVL,RIC,SMDV
5328,8469823,36382.0,17600.0,13410.0,1855653,8315247,1852778,8243062,RICR,AVAR,RIC,AVA
5329,8469823,36382.0,17600.0,13410.0,1855653,8315247,1853861,8267251,RICR,RIMR,RIC,RIM
5330,8469823,36382.0,17600.0,13410.0,1855653,8315247,1856375,8331752,RICR,SAADR,RIC,SAAD
5331,8469811,44325.0,28093.0,12840.0,1855653,8315461,1859238,8397669,RICR,SMDDL,RIC,SMDD
5332,8469811,44325.0,28093.0,12840.0,1855653,8315461,1852778,8243380,RICR,AVAR,RIC,AVA
5333,8469813,44140.0,28012.0,13080.0,1855653,8315453,1859238,8397686,RICR,SMDDL,RIC,SMDD
5334,8469813,44140.0,28012.0,13080.0,1855653,8315453,1852778,8243372,RICR,AVAR,RIC,AVA
5335,8469815,42744.0,27372.0,14040.0,1855653,8315421,1859238,8397732,RICR,SMDDL,RIC,SMDD
5336,8469815,42744.0,27372.0,14040.0,1855653,8315421,1852778,8243340,RICR,AVAR,RIC,AVA
5337,8472087,43734.0,27896.0,13380.0,1855653,8315443,1859238,8397696,RICR,SMDDL,RIC,SMDD
5338,8472087,43734.0,27896.0,13380.0,1855653,8315443,1852778,8243362,RICR,AVAR,RIC,AVA
5339,8469814,42972.0,27488.0,13800.0,1855653,8315429,1852778,8243348,RICR,AVAR,RIC,AVA
5340,8469814,42972.0,27488.0,13800.0,1855653,8315429,1859368,8402761,RICR,ADAL,RIC,ADA
5341,8469814,42972.0,27488.0,13800.0,1855653,8315429,1859238,8397723,RICR,SMDDL,RIC,SMDD
5342,8469834,41180.0,27756.0,7470.0,1855653,8314807,1855951,8320619,RICR,CEPVR,RIC,CEPV
5343,8469835,37040.0,21302.0,4770.0,1855653,8314960,1857550,8358204,RICR,RICL,RIC,RIC
5344,8469819,40534.0,22852.0,16140.0,1855653,8315544,1858087,8372756,RICR,URBL,RIC,URB
5345,8469819,40534.0,22852.0,16140.0,1855653,8315544,1859449,8405092,RICR,CEPVL,RIC,CEPV
5346,8469819,40534.0,22852.0,16140.0,1855653,8315544,1857550,8357487,RICR,RICL,RIC,RIC
5347,8469820,39946.0,21940.0,16020.0,1855653,8315552,1858992,8392106,RICR,Fragment,RIC,Fragment
5348,8469820,39946.0,21940.0,16020.0,1855653,8315552,1857550,8357503,RICR,RICL,RIC,RIC
5349,8469824,35658.0,17052.0,13170.0,1855653,8315239,1856244,8328413,RICR,RIS,RIC,RIS
5350,8469827,35976.0,17936.0,8400.0,1855653,8315083,1859269,8398863,RICR,RIVR,RIC,RIV
5351,8469827,35976.0,17936.0,8400.0,1855653,8315083,1855972,8321225,RICR,RIVL,RIC,RIV
5352,8469812,44072.0,27988.0,12960.0,1855653,8315457,1859238,8397673,RICR,SMDDL,RIC,SMDD
5353,8469812,44072.0,27988.0,12960.0,1855653,8315457,1859335,8401424,RICR,RMHL,RIC,RMH
5354,8469825,36670.0,17668.0,13020.0,1855653,8315234,1854175,8275873,RICR,SMDVR,RIC,SMDV
5355,8469825,36670.0,17668.0,13020.0,1855653,8315234,1852827,8244161,RICR,SMDVL,RIC,SMDV
5356,8462648,43178.0,25144.0,15630.0,1858195,8375273,1857842,8366423,RIFL,AVBL,RIF,AVB
5357,8462648,43178.0,25144.0,15630.0,1858195,8375273,1858762,8387833,RIFL,ALML,RIF,ALM
5358,8469841,42846.0,24548.0,15900.0,1858195,8375545,1857842,8366432,RIFL,AVBL,RIF,AVB
5359,8469841,42846.0,24548.0,15900.0,1858195,8375545,1858762,8387824,RIFL,ALML,RIF,ALM
5360,8469842,43326.0,25364.0,15480.0,1858195,8375268,1857842,8366418,RIFL,AVBL,RIF,AVB
5361,8469843,42398.0,24404.0,16020.0,1858195,8375549,1857842,8366436,RIFL,AVBL,RIF,AVB
5362,8469843,42398.0,24404.0,16020.0,1858195,8375549,1859368,8402852,RIFL,ADAL,RIF,ADA
5363,8469836,37818.0,17008.0,9210.0,1858195,8375501,1859546,8407523,RIFL,AVHL,RIF,AVH
5364,8469836,37818.0,17008.0,9210.0,1858195,8375501,1857587,8358945,RIFL,PVPL,RIF,PVP
5365,8469836,37818.0,17008.0,9210.0,1858195,8375501,1854528,8284318,RIFL,AVBR,RIF,AVB
5366,8469836,37818.0,17008.0,9210.0,1858195,8375501,1857842,8366741,RIFL,AVBL,RIF,AVB
5367,8469844,46710.0,28356.0,13950.0,1858195,8375216,1858050,8372366,RIFL,AVJR,RIF,AVJ
5368,8469844,46710.0,28356.0,13950.0,1858195,8375216,1857842,8366341,RIFL,AVBL,RIF,AVB
5369,8469852,53673.0,32715.0,11790.0,1858195,8375117,1858050,8372495,RIFL,AVJR,RIF,AVJ
5370,8469852,53673.0,32715.0,11790.0,1858195,8375117,1857842,8366222,RIFL,AVBL,RIF,AVB
5371,8469848,47494.0,28964.0,13380.0,1858195,8375197,1858050,8372385,RIFL,AVJR,RIF,AVJ
5372,8469848,47494.0,28964.0,13380.0,1858195,8375197,1857842,8366322,RIFL,AVBL,RIF,AVB
5373,8469848,47494.0,28964.0,13380.0,1858195,8375197,1859413,8403560,RIFL,RIML,RIF,RIM
5374,8469845,46566.0,28748.0,13860.0,1858195,8375213,1857842,8366338,RIFL,AVBL,RIF,AVB
5375,8469845,46566.0,28748.0,13860.0,1858195,8375213,1857587,8358507,RIFL,PVPL,RIF,PVP
5376,8469846,47014.0,28872.0,13710.0,1858195,8375208,1857587,8358502,RIFL,PVPL,RIF,PVP
5377,8469846,47014.0,28872.0,13710.0,1858195,8375208,1857842,8366333,RIFL,AVBL,RIF,AVB
5378,8469837,38112.0,17084.0,9840.0,1858195,8375481,1859546,8407503,RIFL,AVHL,RIF,AVH
5379,8469837,38112.0,17084.0,9840.0,1858195,8375481,1857732,8363109,RIFL,AVHR,RIF,AVH
5380,8469837,38112.0,17084.0,9840.0,1858195,8375481,1857842,8366721,RIFL,AVBL,RIF,AVB
5381,8469837,38112.0,17084.0,9840.0,1858195,8375481,1857587,8358925,RIFL,PVPL,RIF,PVP
5382,8469838,38300.0,16951.0,11070.0,1858195,8375530,1854405,8281155,RIFL,AVJL,RIF,AVJ
5383,8469838,38300.0,16951.0,11070.0,1858195,8375530,1857842,8366682,RIFL,AVBL,RIF,AVB
5384,8469838,38300.0,16951.0,11070.0,1858195,8375530,1857587,8358886,RIFL,PVPL,RIF,PVP
5385,8469850,52977.0,32391.0,11700.0,1858195,8375120,1859413,8403477,RIFL,RIML,RIF,RIM
5386,8469850,52977.0,32391.0,11700.0,1858195,8375120,1857842,8367357,RIFL,AVBL,RIF,AVB
5387,8469840,41546.0,21800.0,15540.0,1858195,8375293,1858840,8242466,RIFL,URXL,RIF,URX
5388,8469840,41546.0,21800.0,15540.0,1858195,8375293,1856963,8340911,RIFL,AVEL,RIF,AVE
5389,8469839,38980.0,17503.0,11760.0,1858195,8375419,1858511,8383107,RIFL,BDUL,RIF,BDU
5390,8469839,38980.0,17503.0,11760.0,1858195,8375419,1854405,8281132,RIFL,AVJL,RIF,AVJ
5391,8469849,48970.0,30416.0,13170.0,1858195,8375161,1857919,8368015,RIFL,ASHL,RIF,ASH
5392,8469849,48970.0,30416.0,13170.0,1858195,8375161,1859413,8403527,RIFL,RIML,RIF,RIM
5393,8469860,45674.0,30358.0,7020.0,1859653,8409847,1854528,8283972,RIFR,AVBR,RIF,AVB
5394,8469863,46430.0,30706.0,7500.0,1859653,8409831,1854528,8283956,RIFR,AVBR,RIF,AVB
5395,8469864,47306.0,31090.0,7530.0,1859653,8409830,1854528,8283955,RIFR,AVBR,RIF,AVB
5396,8469874,53762.0,33308.0,9690.0,1859653,8409732,1854528,8283881,RIFR,AVBR,RIF,AVB
5397,8469856,37896.0,17584.0,7830.0,1859653,8410084,1857732,8363043,RIFR,AVHR,RIF,AVH
5398,8469856,37896.0,17584.0,7830.0,1859653,8410084,1854528,8284272,RIFR,AVBR,RIF,AVB
5399,8469858,37662.0,18150.0,6450.0,1859653,8410038,1859863,8414416,RIFR,BDUR,RIF,BDU
5400,8469858,37662.0,18150.0,6450.0,1859653,8410038,1854528,8284226,RIFR,AVBR,RIF,AVB
5401,8469858,37662.0,18150.0,6450.0,1859653,8410038,1857732,8362997,RIFR,AVHR,RIF,AVH
5402,8469865,47622.0,31026.0,7590.0,1859653,8409828,1854528,8283953,RIFR,AVBR,RIF,AVB
5403,8469865,47622.0,31026.0,7590.0,1859653,8409828,1853861,8266592,RIFR,RIMR,RIF,RIM
5404,8469866,48186.0,31202.0,7800.0,1859653,8409798,1853861,8266585,RIFR,RIMR,RIF,RIM
5405,8469866,48186.0,31202.0,7800.0,1859653,8409798,1854528,8283946,RIFR,AVBR,RIF,AVB
5406,8469872,52770.0,32960.0,9000.0,1859653,8409750,1853861,8469869,RIFR,RIMR,RIF,RIM
5407,8469872,52770.0,32960.0,9000.0,1859653,8409750,1854528,8283904,RIFR,AVBR,RIF,AVB
5408,8469873,53456.2,33156.5,9600.0,1859653,8409729,1854528,8283884,RIFR,AVBR,RIF,AVB
5409,8469873,53456.2,33156.5,9600.0,1859653,8409729,1853861,8266515,RIFR,RIMR,RIF,RIM
5410,8469875,53626.0,33212.0,9660.0,1859653,8409731,1853861,8266513,RIFR,RIMR,RIF,RIM
5411,8469875,53626.0,33212.0,9660.0,1859653,8409731,1854528,8283882,RIFR,AVBR,RIF,AVB
5412,8472090,53162.0,33040.0,9090.0,1859653,8409747,1853861,8266541,RIFR,RIMR,RIF,RIM
5413,8472090,53162.0,33040.0,9090.0,1859653,8409747,1854528,8283901,RIFR,AVBR,RIF,AVB
5414,8472089,50770.0,32428.0,8490.0,1859653,8409772,1855712,8316059,RIFR,ADAR,RIF,ADA
5415,8472089,50770.0,32428.0,8490.0,1859653,8409772,1853861,8266562,RIFR,RIMR,RIF,RIM
5416,8472089,50770.0,32428.0,8490.0,1859653,8409772,1854528,8283923,RIFR,AVBR,RIF,AVB
5417,8469854,37676.0,17068.0,8010.0,1859653,8410090,1854528,8284278,RIFR,AVBR,RIF,AVB
5418,8469854,37676.0,17068.0,8010.0,1859653,8410090,1859780,8413293,RIFR,PVPR,RIF,PVP
5419,8469854,37676.0,17068.0,8010.0,1859653,8410090,1859546,8407563,RIFR,AVHL,RIF,AVH
5420,8469857,37728.0,17292.0,7770.0,1859653,8410082,1859780,8413285,RIFR,PVPR,RIF,PVP
5421,8469857,37728.0,17292.0,7770.0,1859653,8410082,1854528,8284270,RIFR,AVBR,RIF,AVB
5422,8469857,37728.0,17292.0,7770.0,1859653,8410082,1859546,8407571,RIFR,AVHL,RIF,AVH
5423,8472088,41865.0,26726.0,5400.0,1859653,8409919,1854436,15137592,RIFR,HSNR,RIF,HSN
5424,8472088,41865.0,26726.0,5400.0,1859653,8409919,1858541,15137591,RIFR,HSNL,RIF,HSN
5425,8472088,41865.0,26726.0,5400.0,1859653,8409919,1858125,8374080,RIFR,AVFR,RIF,AVF
5426,8469862,45874.0,30506.0,7200.0,1859653,8409841,1859780,8412982,RIFR,PVPR,RIF,PVP
5427,8469862,45874.0,30506.0,7200.0,1859653,8409841,1854528,8283966,RIFR,AVBR,RIF,AVB
5428,8469867,48374.0,31318.0,8070.0,1859653,8409807,1859780,8412952,RIFR,PVPR,RIF,PVP
5429,8469867,48374.0,31318.0,8070.0,1859653,8409807,1854528,8283937,RIFR,AVBR,RIF,AVB
5430,8469867,48374.0,31318.0,8070.0,1859653,8409807,1853861,8266576,RIFR,RIMR,RIF,RIM
5431,8469906,45784.0,30694.0,10680.0,1857421,8352812,1856451,8334854,RIGL,PVT,RIG,PVT
5432,8469906,45784.0,30694.0,10680.0,1857421,8352812,1857256,8349000,RIGL,AIBR,RIG,AIB
5433,8469890,36446.0,16458.0,13770.0,1857421,8353383,1855622,8314028,RIGL,RIBL,RIG,RIB
5434,8469890,36446.0,16458.0,13770.0,1857421,8353383,1857256,8348501,RIGL,AIBR,RIG,AIB
5435,8469903,41270.0,26740.0,16590.0,1857421,8353006,1855622,8313459,RIGL,RIBL,RIG,RIB
5436,8469903,41270.0,26740.0,16590.0,1857421,8353006,1857256,8348766,RIGL,AIBR,RIG,AIB
5437,8469885,36578.0,15656.0,12120.0,1857421,8353438,1856963,8341105,RIGL,AVEL,RIG,AVE
5438,8469885,36578.0,15656.0,12120.0,1857421,8353438,1857771,8364751,RIGL,AIZL,RIG,AIZ
5439,8469886,36658.0,15816.0,12240.0,1857421,8353434,1856963,8341101,RIGL,AVEL,RIG,AVE
5440,8469886,36658.0,15816.0,12240.0,1857421,8353434,1857771,8364755,RIGL,AIZL,RIG,AIZ
5441,8416638,35716.0,15386.0,9330.0,1857421,8353528,1857256,8348356,RIGL,AIBR,RIG,AIB
5442,8416638,35716.0,15386.0,9330.0,1857421,8353528,1857771,8364664,RIGL,AIZL,RIG,AIZ
5443,8416638,35716.0,15386.0,9330.0,1857421,8353528,1856963,8341196,RIGL,AVEL,RIG,AVE
5444,8469880,35928.0,15120.0,9780.0,1857421,8353513,1857771,8472302,RIGL,AIZL,RIG,AIZ
5445,8469880,35928.0,15120.0,9780.0,1857421,8353513,1853794,8264287,RIGL,BAGR,RIG,BAG
5446,8469880,35928.0,15120.0,9780.0,1857421,8353513,1856963,8341181,RIGL,AVEL,RIG,AVE
5447,8469881,36004.0,15047.0,10050.0,1857421,8353504,1857771,8364638,RIGL,AIZL,RIG,AIZ
5448,8469881,36004.0,15047.0,10050.0,1857421,8353504,1856963,8341172,RIGL,AVEL,RIG,AVE
5449,8469881,36004.0,15047.0,10050.0,1857421,8353504,1853794,8264296,RIGL,BAGR,RIG,BAG
5450,8469882,36028.0,15027.0,10380.0,1857421,8353493,1857771,8364627,RIGL,AIZL,RIG,AIZ
5451,8469882,36028.0,15027.0,10380.0,1857421,8353493,1856963,8341161,RIGL,AVEL,RIG,AVE
5452,8469882,36028.0,15027.0,10380.0,1857421,8353493,1853794,8264307,RIGL,BAGR,RIG,BAG
5453,8469883,36324.0,15087.0,11070.0,1857421,8353472,1853794,8264328,RIGL,BAGR,RIG,BAG
5454,8469883,36324.0,15087.0,11070.0,1857421,8353472,1856963,8341140,RIGL,AVEL,RIG,AVE
5455,8469883,36324.0,15087.0,11070.0,1857421,8353472,1857771,8364606,RIGL,AIZL,RIG,AIZ
5456,8469884,36396.0,15191.0,11460.0,1857421,8353459,1856963,8341127,RIGL,AVEL,RIG,AVE
5457,8469884,36396.0,15191.0,11460.0,1857421,8353459,1853794,8264341,RIGL,BAGR,RIG,BAG
5458,8469904,43314.0,28752.0,14460.0,1857421,8352936,1854322,8279960,RIGL,AVER,RIG,AVE
5459,8469904,43314.0,28752.0,14460.0,1857421,8352936,1857771,8364204,RIGL,AIZL,RIG,AIZ
5460,8469904,43314.0,28752.0,14460.0,1857421,8352936,1857894,8367565,RIGL,URYVL,RIG,URYV
5461,8469878,35272.0,15808.0,7650.0,1857421,8353588,1855089,8300207,RIGL,AIZR,RIG,AIZ
5462,8469878,35272.0,15808.0,7650.0,1857421,8353588,1854322,8279080,RIGL,AVER,RIG,AVE
5463,8416403,43622.0,29512.0,14070.0,1857421,8352923,1857073,8342839,RIGL,RIR,RIG,RIR
5464,8416403,43622.0,29512.0,14070.0,1857421,8352923,1854322,8279931,RIGL,AVER,RIG,AVE
5465,8469891,37042.0,19844.0,17310.0,1857421,8353269,1855433,8309545,RIGL,RMHR,RIG,RMH
5466,8469891,37042.0,19844.0,17310.0,1857421,8353269,1857376,8352017,RIGL,AVKR,RIG,AVK
5467,8469897,38114.0,21828.0,18450.0,1857421,8353231,1855433,8309582,RIGL,RMHR,RIG,RMH
5468,8469897,38114.0,21828.0,18450.0,1857421,8353231,1857376,8352054,RIGL,AVKR,RIG,AVK
5469,8469911,40038.0,22226.0,18720.0,1857421,8353168,1853794,8264582,RIGL,BAGR,RIG,BAG
5470,8469912,40946.0,24742.0,18600.0,1857421,8353164,1853794,8264622,RIGL,BAGR,RIG,BAG
5471,8469912,40946.0,24742.0,18600.0,1857421,8353164,1852675,8242398,RIGL,RMFL,RIG,RMF
5472,8469892,37266.0,20268.0,17700.0,1857421,8353256,1855433,8309558,RIGL,RMHR,RIG,RMH
5473,8469892,37266.0,20268.0,17700.0,1857421,8353256,1855271,8305083,RIGL,DVC,RIG,DVC
5474,8469892,37266.0,20268.0,17700.0,1857421,8353256,1857376,8352030,RIGL,AVKR,RIG,AVK
5475,8472095,41598.0,26216.0,17400.0,1857421,8353067,1855622,8313786,RIGL,RIBL,RIG,RIB
5476,8472095,41598.0,26216.0,17400.0,1857421,8353067,1859108,8394953,RIGL,RIAL,RIG,RIA
5477,8469902,41402.0,26412.0,17100.0,1857421,8353022,1859048,8393425,RIGL,OLQVL,RIG,OLQV
5478,8469902,41402.0,26412.0,17100.0,1857421,8353022,1852675,8241185,RIGL,RMFL,RIG,RMF
5479,8469902,41402.0,26412.0,17100.0,1857421,8353022,1859108,8394962,RIGL,RIAL,RIG,RIA
5480,8469902,41402.0,26412.0,17100.0,1857421,8353022,1855622,8313777,RIGL,RIBL,RIG,RIB
5481,8469915,40452.0,23906.0,18750.0,1857421,8353169,1859108,8394893,RIGL,RIAL,RIG,RIA
5482,8469915,40452.0,23906.0,18750.0,1857421,8353169,1857073,8343329,RIGL,RIR,RIG,RIR
5483,8469896,38202.0,21564.0,18030.0,1857421,8353245,1859269,8399179,RIGL,RIVR,RIG,RIV
5484,8469896,38202.0,21564.0,18030.0,1857421,8353245,1859300,8400428,RIGL,SAADL,RIG,SAAD
5485,8469899,41174.0,24976.0,18270.0,1857421,8353152,1859108,8394924,RIGL,RIAL,RIG,RIA
5486,8469899,41174.0,24976.0,18270.0,1857421,8353152,1852675,8242387,RIGL,RMFL,RIG,RMF
5487,8469901,41186.0,25308.0,17820.0,1857421,8353137,1859108,8394939,RIGL,RIAL,RIG,RIA
5488,8469901,41186.0,25308.0,17820.0,1857421,8353137,1852675,8242364,RIGL,RMFL,RIG,RMF
5489,8469908,41470.0,25428.0,17430.0,1857421,8353090,1852675,8241195,RIGL,RMFL,RIG,RMF
5490,8469908,41470.0,25428.0,17430.0,1857421,8353090,1859108,8394952,RIGL,RIAL,RIG,RIA
5491,8469893,37822.0,20928.0,17850.0,1857421,8353251,1855433,8309563,RIGL,RMHR,RIG,RMH
5492,8471866,38560.0,22442.0,18390.0,1857421,8353233,1855433,8309585,RIGL,RMHR,RIG,RMH
5493,8469894,38078.0,21416.0,17910.0,1857421,8353249,1855433,8309565,RIGL,RMHR,RIG,RMH
5494,8469894,38078.0,21416.0,17910.0,1857421,8353249,1859269,8399175,RIGL,RIVR,RIG,RIV
5495,8469895,38414.0,21896.0,18030.0,1857421,8353245,1855433,8309569,RIGL,RMHR,RIG,RMH
5496,8469895,38414.0,21896.0,18030.0,1857421,8353245,1857523,8357069,RIGL,PLNL,RIG,PLN
5497,8469895,38414.0,21896.0,18030.0,1857421,8353245,1859269,8399181,RIGL,RIVR,RIG,RIV
5498,8469889,36114.0,16414.0,13680.0,1857421,8353386,1855271,8304953,RIGL,DVC,RIG,DVC
5499,8469889,36114.0,16414.0,13680.0,1857421,8353386,1855622,8314211,RIGL,RIBL,RIG,RIB
5500,8469889,36114.0,16414.0,13680.0,1857421,8353386,1858821,8389361,RIGL,URYDL,RIG,URYD
5501,8471871,35100.0,20051.0,3300.0,1854786,8291339,1855337,8306899,RIGR,AIBL,RIG,AIB
5502,8469926,35062.0,19225.0,3390.0,1854786,8291336,1855337,8307391,RIGR,AIBL,RIG,AIB
5503,8469926,35062.0,19225.0,3390.0,1854786,8291336,1855540,8311641,RIGR,URYDR,RIG,URYD
5504,8469918,35670.0,16202.0,5940.0,1854786,8291430,1854817,8292096,RIGR,BAGL,RIG,BAG
5505,8469918,35670.0,16202.0,5940.0,1854786,8291430,1855089,8300221,RIGR,AIZR,RIG,AIZ
5506,8469918,35670.0,16202.0,5940.0,1854786,8291430,1855089,8300102,RIGR,AIZR,RIG,AIZ
5507,8469916,35614.0,16046.0,6150.0,1854786,8291437,1855089,8300227,RIGR,AIZR,RIG,AIZ
5508,8469916,35614.0,16046.0,6150.0,1854786,8291437,1854817,8292089,RIGR,BAGL,RIG,BAG
5509,8469916,35614.0,16046.0,6150.0,1854786,8291437,1854322,8279030,RIGR,AVER,RIG,AVE
5510,8469916,35614.0,16046.0,6150.0,1854786,8291437,1855089,8300109,RIGR,AIZR,RIG,AIZ
5511,8469919,35538.0,16468.0,5580.0,1854786,8291418,1855089,8300090,RIGR,AIZR,RIG,AIZ
5512,8469919,35538.0,16468.0,5580.0,1854786,8291418,1854322,8279011,RIGR,AVER,RIG,AVE
5513,8469919,35538.0,16468.0,5580.0,1854786,8291418,1854817,8292108,RIGR,BAGL,RIG,BAG
5514,8469920,35522.0,16660.0,5490.0,1854786,8291415,1855089,8300087,RIGR,AIZR,RIG,AIZ
5515,8469920,35522.0,16660.0,5490.0,1854786,8291415,1854817,8292111,RIGR,BAGL,RIG,BAG
5516,8469920,35522.0,16660.0,5490.0,1854786,8291415,1854322,8279008,RIGR,AVER,RIG,AVE
5517,8469922,35454.0,17456.0,4770.0,1854786,8291390,1854322,8278977,RIGR,AVER,RIG,AVE
5518,8469922,35454.0,17456.0,4770.0,1854786,8291390,1855089,8300231,RIGR,AIZR,RIG,AIZ
5519,8469922,35454.0,17456.0,4770.0,1854786,8291390,1854817,8292137,RIGR,BAGL,RIG,BAG
5520,8472109,35518.0,17912.0,4560.0,1854786,8291382,1854322,8278969,RIGR,AVER,RIG,AVE
5521,8472109,35518.0,17912.0,4560.0,1854786,8291382,1854817,8292144,RIGR,BAGL,RIG,BAG
5522,8472109,35518.0,17912.0,4560.0,1854786,8291382,1855089,8300238,RIGR,AIZR,RIG,AIZ
5523,8416784,42694.0,30498.0,7710.0,1854786,8291102,1856963,8341808,RIGR,AVEL,RIG,AVE
5524,8416784,42694.0,30498.0,7710.0,1854786,8291102,1857073,8343438,RIGR,RIR,RIG,RIR
5525,8416784,42694.0,30498.0,7710.0,1854786,8291102,1855089,8299719,RIGR,AIZR,RIG,AIZ
5526,8469931,35338.0,22745.0,3390.0,1854786,8291312,1854053,8272069,RIGR,ALNR,RIG,ALN
5527,8469925,35426.0,18175.0,4380.0,1854786,8291376,1855337,8306854,RIGR,AIBL,RIG,AIB
5528,8469925,35426.0,18175.0,4380.0,1854786,8291376,1854322,8278962,RIGR,AVER,RIG,AVE
5529,8469925,35426.0,18175.0,4380.0,1854786,8291376,1853942,8269001,RIGR,RMFR,RIG,RMF
5530,8469334,35206.0,22777.0,3330.0,1854786,8291310,1859335,8402065,RIGR,RMHL,RIG,RMH
5531,8469334,35206.0,22777.0,3330.0,1854786,8291310,1857613,8359979,RIGR,AVKL,RIG,AVK
5532,8469927,35406.0,23983.0,3180.0,1854786,8291313,1855271,8304570,RIGR,DVC,RIG,DVC
5533,8469927,35406.0,23983.0,3180.0,1854786,8291313,1859335,8402069,RIGR,RMHL,RIG,RMH
5534,8469927,35406.0,23983.0,3180.0,1854786,8291313,1857613,8359996,RIGR,AVKL,RIG,AVK
5535,8469928,35694.0,24977.0,3300.0,1854786,8291302,1859335,8402066,RIGR,RMHL,RIG,RMH
5536,8469928,35694.0,24977.0,3300.0,1854786,8291302,1857613,8359999,RIGR,AVKL,RIG,AVK
5537,8469928,35694.0,24977.0,3300.0,1854786,8291302,1855271,8304559,RIGR,DVC,RIG,DVC
5538,8469930,35854.0,25267.0,3480.0,1854786,8291293,1859335,8402070,RIGR,RMHL,RIG,RMH
5539,8469930,35854.0,25267.0,3480.0,1854786,8291293,1857613,8360005,RIGR,AVKL,RIG,AVK
5540,8469930,35854.0,25267.0,3480.0,1854786,8291293,1855271,8304554,RIGR,DVC,RIG,DVC
5541,8469938,46264.0,31256.0,10080.0,1854786,8291023,1857376,8351254,RIGR,AVKR,RIG,AVK
5542,8469738,35802.0,15871.0,7500.0,1854786,8291481,1857771,8364735,RIGR,AIZL,RIG,AIZ
5543,8469738,35802.0,15871.0,7500.0,1854786,8291481,1854322,8279074,RIGR,AVER,RIG,AVE
5544,8469738,35802.0,15871.0,7500.0,1854786,8291481,1854817,8292045,RIGR,BAGL,RIG,BAG
5545,8471870,39388.0,28102.0,4380.0,1854786,8291246,1854817,8292295,RIGR,BAGL,RIG,BAG
5546,8471870,39388.0,28102.0,4380.0,1854786,8291246,1853041,8250204,RIGR,RIBR,RIG,RIB
5547,8469932,38950.0,27695.0,3720.0,1854786,8291272,1855581,8312511,RIGR,OLQVR,RIG,OLQV
5548,8469932,38950.0,27695.0,3720.0,1854786,8291272,1853041,8250225,RIGR,RIBR,RIG,RIB
5549,8469932,38950.0,27695.0,3720.0,1854786,8291272,1854817,8292274,RIGR,BAGL,RIG,BAG
5550,8469934,39774.0,28659.0,5100.0,1854786,8291222,1853942,8268777,RIGR,RMFR,RIG,RMF
5551,8469934,39774.0,28659.0,5100.0,1854786,8291222,1853041,8250180,RIGR,RIBR,RIG,RIB
5552,8469934,39774.0,28659.0,5100.0,1854786,8291222,1854817,8292324,RIGR,BAGL,RIG,BAG
5553,8469939,39904.0,28781.0,5370.0,1854786,8291185,1853041,8250171,RIGR,RIBR,RIG,RIB
5554,8469939,39904.0,28781.0,5370.0,1854786,8291185,1854817,8292333,RIGR,BAGL,RIG,BAG
5555,8469939,39904.0,28781.0,5370.0,1854786,8291185,1853942,8268786,RIGR,RMFR,RIG,RMF
5556,8471868,37600.0,26399.0,3090.0,1854786,8291316,1854817,8292543,RIGR,BAGL,RIG,BAG
5557,8471868,37600.0,26399.0,3090.0,1854786,8291316,1853942,8268912,RIGR,RMFR,RIG,RMF
5558,8471869,38316.0,26231.0,3420.0,1854786,8291298,1854817,8292552,RIGR,BAGL,RIG,BAG
5559,8471869,38316.0,26231.0,3420.0,1854786,8291298,1853942,8268908,RIGR,RMFR,RIG,RMF
5560,8471869,38316.0,26231.0,3420.0,1854786,8291298,1852773,8242480,RIGR,Fragment,RIG,Fragment
5561,8472111,40414.0,28167.0,4860.0,1854786,8291218,1859704,8410989,RIGR,ADFR,RIG,ADF
5562,8472111,40414.0,28167.0,4860.0,1854786,8291218,1855581,8312241,RIGR,OLQVR,RIG,OLQV
5563,8472111,40414.0,28167.0,4860.0,1854786,8291218,1859631,8409327,RIGR,URYVR,RIG,URYV
5564,8469742,34986.0,19787.0,3330.0,1854786,8291338,1855337,8307391,RIGR,AIBL,RIG,AIB
5565,8469742,34986.0,19787.0,3330.0,1854786,8291338,1853041,8250545,RIGR,RIBR,RIG,RIB
5566,8472110,35434.0,23025.0,3360.0,1854786,8291311,1856375,8332112,RIGR,SAADR,RIG,SAAD
5567,8472110,35434.0,23025.0,3360.0,1854786,8291311,1859335,8402064,RIGR,RMHL,RIG,RMH
5568,8472110,35434.0,23025.0,3360.0,1854786,8291311,1854875,8295037,RIGR,RMGR,RIG,RMG
5569,8469996,48364.0,32475.0,11700.0,1852985,8248016,1857771,8364012,RIH,AIZL,RIH,AIZ
5570,8469527,44322.0,30200.0,13500.0,1852985,8248076,1859108,8395081,RIH,RIAL,RIH,RIA
5571,8469527,44322.0,30200.0,13500.0,1852985,8248076,1857771,8364122,RIH,AIZL,RIH,AIZ
5572,8469990,44948.0,30399.0,13770.0,1852985,8248085,1859108,8395072,RIH,RIAL,RIH,RIA
5573,8469990,44948.0,30399.0,13770.0,1852985,8248085,1857771,8364859,RIH,AIZL,RIH,AIZ
5574,8469994,46548.0,31607.0,12450.0,1852985,8248041,1857771,8364085,RIH,AIZL,RIH,AIZ
5575,8469994,46548.0,31607.0,12450.0,1852985,8248041,1859108,8396075,RIH,RIAL,RIH,RIA
5576,8469997,49640.0,32953.0,11160.0,1852985,8247998,1857771,8363987,RIH,AIZL,RIH,AIZ
5577,8469997,49640.0,32953.0,11160.0,1852985,8247998,1857495,8355584,RIH,RIAR,RIH,RIA
5578,8469997,49640.0,32953.0,11160.0,1852985,8247998,1855089,8299551,RIH,AIZR,RIH,AIZ
5579,8469991,45124.0,30487.0,13860.0,1852985,8248088,1855622,8313358,RIH,RIBL,RIH,RIB
5580,8469991,45124.0,30487.0,13860.0,1852985,8248088,1857771,8364862,RIH,AIZL,RIH,AIZ
5581,8469992,45224.0,30583.0,13740.0,1852985,8248084,1855622,8313354,RIH,RIBL,RIH,RIB
5582,8469992,45224.0,30583.0,13740.0,1852985,8248084,1857771,8364858,RIH,AIZL,RIH,AIZ
5583,8469995,47184.0,31947.0,12240.0,1852985,8248034,1855622,8313304,RIH,RIBL,RIH,RIB
5584,8469995,47184.0,31947.0,12240.0,1852985,8248034,1857771,8364058,RIH,AIZL,RIH,AIZ
5585,8469988,43300.0,29103.0,15360.0,1852985,8248138,1855622,8313408,RIH,RIBL,RIH,RIB
5586,8469988,43300.0,29103.0,15360.0,1852985,8248138,1857943,8368749,RIH,AUAL,RIH,AUA
5587,8469989,43356.0,29263.0,15240.0,1852985,8248134,1852737,8242463,RIH,CEPshVL,RIH,CEPshV
5588,8469989,43356.0,29263.0,15240.0,1852985,8248134,1855622,8313404,RIH,RIBL,RIH,RIB
5589,8469989,43356.0,29263.0,15240.0,1852985,8248134,1857943,8368745,RIH,AUAL,RIH,AUA
5590,8469957,37900.0,27559.0,13740.0,1852985,8248523,1859449,8404755,RIH,CEPVL,RIH,CEPV
5591,8469958,37716.0,28299.0,10350.0,1852985,8248412,1855951,8320206,RIH,CEPVR,RIH,CEPV
5592,8471874,37864.0,29151.0,8730.0,1852985,8248358,1855951,8320287,RIH,CEPVR,RIH,CEPV
5593,8469959,38002.0,29083.0,8820.0,1852985,8248361,1855951,8320284,RIH,CEPVR,RIH,CEPV
5594,8469959,38002.0,29083.0,8820.0,1852985,8248361,1852740,8242464,RIH,CEPshVR,RIH,CEPshV
5595,8469987,36808.0,28513.0,7860.0,1852985,8249086,1856143,8324882,RIH,IL1VR,RIH,IL1V
5596,8469987,36808.0,28513.0,7860.0,1852985,8249086,1855951,8320332,RIH,CEPVR,RIH,CEPV
5597,8469960,38580.0,29513.0,8040.0,1852985,8248334,1855951,8320326,RIH,CEPVR,RIH,CEPV
5598,8469960,38580.0,29513.0,8040.0,1852985,8248334,1859631,8409540,RIH,URYVR,RIH,URYV
5599,8471876,32662.0,25025.0,5250.0,1852985,8249178,1855581,8312448,RIH,OLQVR,RIH,OLQV
5600,8471876,32662.0,25025.0,5250.0,1852985,8249178,1854217,8276825,RIH,IL2R,RIH,IL2L/R
5601,8462605,32746.0,19668.0,14970.0,1852985,8248742,1858916,8391278,RIH,OLQDL,RIH,OLQD
5602,8469947,31080.0,17655.0,12540.0,1852985,8248831,1858916,8391013,RIH,OLQDL,RIH,OLQD
5603,8469947,31080.0,17655.0,12540.0,1852985,8248831,1858882,8390915,RIH,CEPDL,RIH,CEPD
5604,8469948,31460.0,17423.0,12720.0,1852985,8248825,1858882,8390909,RIH,CEPDL,RIH,CEPD
5605,8469948,31460.0,17423.0,12720.0,1852985,8248825,1858916,8391019,RIH,OLQDL,RIH,OLQD
5606,8469949,33590.0,21369.0,16200.0,1852985,8248694,1858943,8391686,RIH,IL2L,RIH,IL2L/R
5607,8469949,33590.0,21369.0,16200.0,1852985,8248694,1858916,8391319,RIH,OLQDL,RIH,OLQD
5608,8469944,30972.0,17775.0,10980.0,1852985,8248883,1858916,8390961,RIH,OLQDL,RIH,OLQD
5609,8469944,30972.0,17775.0,10980.0,1852985,8248883,1853712,8262984,RIH,RIPL,RIH,RIP
5610,8469946,30940.0,17819.0,12360.0,1852985,8248837,1858882,8390919,RIH,CEPDL,RIH,CEPD
5611,8469946,30940.0,17819.0,12360.0,1852985,8248837,1858916,8391007,RIH,OLQDL,RIH,OLQD
5612,8469946,30940.0,17819.0,12360.0,1852985,8248837,1853712,8262938,RIH,RIPL,RIH,RIP
5613,8469977,31340.0,22341.0,5100.0,1852985,8249254,1855559,8311990,RIH,OLQDR,RIH,OLQD
5614,8469975,30912.0,18997.0,5610.0,1852985,8249339,1855559,8311755,RIH,OLQDR,RIH,OLQD
5615,8469975,30912.0,18997.0,5610.0,1852985,8249339,1855306,8305979,RIH,CEPDR,RIH,CEPD
5616,8469976,31292.0,18705.0,5280.0,1852985,8249322,1855559,8311766,RIH,OLQDR,RIH,OLQD
5617,8469976,31292.0,18705.0,5280.0,1852985,8249322,1855306,8305968,RIH,CEPDR,RIH,CEPD
5618,8469978,31284.0,22173.0,5130.0,1852985,8249253,1855559,8311991,RIH,OLQDR,RIH,OLQD
5619,8469978,31284.0,22173.0,5130.0,1852985,8249253,1854217,8276852,RIH,IL2R,RIH,IL2L/R
5620,8469973,47992.0,32697.0,10410.0,1852985,8248175,1855030,8298240,RIH,AIYR,RIH,AIY
5621,8469973,47992.0,32697.0,10410.0,1852985,8248175,1857495,8355560,RIH,RIAR,RIH,RIA
5622,8469966,43664.0,31125.0,7770.0,1852985,8248266,1857495,8355470,RIH,RIAR,RIH,RIA
5623,8469966,43664.0,31125.0,7770.0,1852985,8248266,1855089,8299713,RIH,AIZR,RIH,AIZ
5624,8469968,44568.0,31153.0,8640.0,1852985,8248234,1857495,8355502,RIH,RIAR,RIH,RIA
5625,8469968,44568.0,31153.0,8640.0,1852985,8248234,1855089,8299684,RIH,AIZR,RIH,AIZ
5626,8469970,45440.0,31369.0,9150.0,1852985,8248217,1857495,8355519,RIH,RIAR,RIH,RIA
5627,8469970,45440.0,31369.0,9150.0,1852985,8248217,1855089,8299667,RIH,AIZR,RIH,AIZ
5628,8469972,46036.0,31557.0,9540.0,1852985,8248204,1857495,8355531,RIH,RIAR,RIH,RIA
5629,8469972,46036.0,31557.0,9540.0,1852985,8248204,1855089,8299654,RIH,AIZR,RIH,AIZ
5630,8469963,41432.0,30261.0,6870.0,1852985,8248298,1854786,8291129,RIH,RIGR,RIH,RIG
5631,8469963,41432.0,30261.0,6870.0,1852985,8248298,1854817,8292387,RIH,BAGL,RIH,BAG
5632,8469963,41432.0,30261.0,6870.0,1852985,8248298,1857495,8355431,RIH,RIAR,RIH,RIA
5633,8469993,46240.0,31345.0,12990.0,1852985,8248059,1855622,8313329,RIH,RIBL,RIH,RIB
5634,8469962,40020.0,29829.0,7740.0,1852985,8248324,1853041,8250866,RIH,RIBR,RIH,RIB
5635,8469961,39832.0,29789.0,7890.0,1852985,8248329,1856963,8341527,RIH,AVEL,RIH,AVE
5636,8469961,39832.0,29789.0,7890.0,1852985,8248329,1853041,8250871,RIH,RIBR,RIH,RIB
5637,8469964,43100.0,31085.0,7290.0,1852985,8248283,1853041,8250104,RIH,RIBR,RIH,RIB
5638,8469964,43100.0,31085.0,7290.0,1852985,8248283,1857495,8355455,RIH,RIAR,RIH,RIA
5639,8469967,43960.0,31305.0,7890.0,1852985,8248262,1853041,8250084,RIH,RIBR,RIH,RIB
5640,8469967,43960.0,31305.0,7890.0,1852985,8248262,1857495,8355475,RIH,RIAR,RIH,RIA
5641,8469969,45372.0,31777.0,8940.0,1852985,8248224,1853041,8250049,RIH,RIBR,RIH,RIB
5642,8469969,45372.0,31777.0,8940.0,1852985,8248224,1857495,8355512,RIH,RIAR,RIH,RIA
5643,8469971,45816.0,31869.0,9360.0,1852985,8248210,1857495,8355525,RIH,RIAR,RIH,RIA
5644,8469971,45816.0,31869.0,9360.0,1852985,8248210,1853041,8250035,RIH,RIBR,RIH,RIB
5645,8471875,45082.0,31653.0,8640.0,1852985,8248234,1853041,8250059,RIH,RIBR,RIH,RIB
5646,8471875,45082.0,31653.0,8640.0,1852985,8248234,1857495,8355502,RIH,RIAR,RIH,RIA
5647,8469942,31000.0,17755.0,10380.0,1852985,8248902,1853712,8263001,RIH,RIPL,RIH,RIP
5648,8469950,34432.0,23343.0,16830.0,1852985,8248673,1859048,8393306,RIH,OLQVL,RIH,OLQV
5649,8469950,34432.0,23343.0,16830.0,1852985,8248673,1853712,8262504,RIH,RIPL,RIH,RIP
5650,8469951,34020.0,22883.0,16890.0,1852985,8248672,1859048,8393305,RIH,OLQVL,RIH,OLQV
5651,8469951,34020.0,22883.0,16890.0,1852985,8248672,1853712,8262499,RIH,RIPL,RIH,RIP
5652,8469953,35132.0,24671.0,16680.0,1852985,8248625,1853712,8262512,RIH,RIPL,RIH,RIP
5653,8469953,35132.0,24671.0,16680.0,1852985,8248625,1859048,8393357,RIH,OLQVL,RIH,OLQV
5654,8469956,33776.0,22371.0,16920.0,1852985,8248633,1859048,8393299,RIH,OLQVL,RIH,OLQV
5655,8469956,33776.0,22371.0,16920.0,1852985,8248633,1853712,8262500,RIH,RIPL,RIH,RIP
5656,8468181,31294.0,22715.0,5130.0,1852985,8249253,1856058,8323362,RIH,RIPR,RIH,RIP
5657,8469941,30802.0,18745.0,7770.0,1852985,8248988,1856058,8323680,RIH,RIPR,RIH,RIP
5658,8469979,30668.0,20785.0,6480.0,1852985,8249232,1856058,8323629,RIH,RIPR,RIH,RIP
5659,8469980,31112.0,21733.0,5610.0,1852985,8249203,1856058,8323585,RIH,RIPR,RIH,RIP
5660,8469940,30588.0,19327.0,6990.0,1852985,8249014,1855559,8311694,RIH,OLQDR,RIH,OLQD
5661,8469940,30588.0,19327.0,6990.0,1852985,8249014,1852743,8242465,RIH,GLRDR,RIH,GLRD
5662,8469940,30588.0,19327.0,6990.0,1852985,8249014,1856058,8323654,RIH,RIPR,RIH,RIP
5663,8469974,30356.0,19417.0,6090.0,1852985,8249355,1856058,8323601,RIH,RIPR,RIH,RIP
5664,8469974,30356.0,19417.0,6090.0,1852985,8249355,1855559,8311739,RIH,OLQDR,RIH,OLQD
5665,8469981,32364.0,25285.0,5790.0,1852985,8249160,1856058,8323409,RIH,RIPR,RIH,RIP
5666,8469981,32364.0,25285.0,5790.0,1852985,8249160,1855581,8312136,RIH,OLQVR,RIH,OLQV
5667,8469984,33060.0,25777.0,6120.0,1852985,8249149,1855581,8312125,RIH,OLQVR,RIH,OLQV
5668,8469984,33060.0,25777.0,6120.0,1852985,8249149,1856058,8323420,RIH,RIPR,RIH,RIP
5669,8469985,33516.0,26349.0,6180.0,1852985,8249145,1856058,8323422,RIH,RIPR,RIH,RIP
5670,8469985,33516.0,26349.0,6180.0,1852985,8249145,1855581,8312081,RIH,OLQVR,RIH,OLQV
5671,8469986,36632.0,28425.0,7650.0,1852985,8249093,1855757,8317231,RIH,RMEV,RIH,RMEV
5672,8469986,36632.0,28425.0,7650.0,1852985,8249093,1859631,8409527,RIH,URYVR,RIH,URYV
5673,8469986,36632.0,28425.0,7650.0,1852985,8249093,1856143,8325078,RIH,IL1VR,RIH,IL1V
5674,8470030,39186.0,21376.0,18360.0,1859413,8403847,1854528,8285077,RIML,AVBR,RIM,AVB
5675,8470030,39186.0,21376.0,18360.0,1859413,8403847,1857256,8348702,RIML,AIBR,RIM,AIB
5676,8470033,40706.0,25064.0,17130.0,1859413,8403805,1857256,8348747,RIML,AIBR,RIM,AIB
5677,8470033,40706.0,25064.0,17130.0,1859413,8403805,1854528,8284643,RIML,AVBR,RIM,AVB
5678,8416379,36732.0,16954.0,13710.0,1859413,8404000,1856963,8341052,RIML,AVEL,RIM,AVE
5679,8416379,36732.0,16954.0,13710.0,1859413,8404000,1857256,8348499,RIML,AIBR,RIM,AIB
5680,8470028,38234.0,19604.0,17430.0,1859413,8403880,1857256,8348653,RIML,AIBR,RIM,AIB
5681,8470028,38234.0,19604.0,17430.0,1859413,8403880,1855622,8313909,RIML,RIBL,RIM,RIB
5682,8416388,39428.0,20780.0,18270.0,1859413,8403851,1854528,8285074,RIML,AVBR,RIM,AVB
5683,8416388,39428.0,20780.0,18270.0,1859413,8403851,1855622,8313872,RIML,RIBL,RIM,RIB
5684,8416388,39428.0,20780.0,18270.0,1859413,8403851,1857256,8348693,RIML,AIBR,RIM,AIB
5685,8470023,36606.0,16594.0,11790.0,1859413,8404064,1854144,8275087,RIML,SIBDR,RIM,SIBD
5686,8470023,36606.0,16594.0,11790.0,1859413,8404064,1857771,8364583,RIML,AIZL,RIM,AIZ
5687,8472116,52961.0,32493.0,11580.0,1859413,8403452,1857842,8366237,RIML,AVBL,RIM,AVB
5688,8470020,49921.0,30873.0,11880.0,1859413,8404699,1854528,8285027,RIML,AVBR,RIM,AVB
5689,8470020,49921.0,30873.0,11880.0,1859413,8404699,1859368,8402576,RIML,ADAL,RIM,ADA
5690,8469169,50735.0,31051.0,11970.0,1859413,8403486,1857842,8366271,RIML,AVBL,RIM,AVB
5691,8469169,50735.0,31051.0,11970.0,1859413,8403486,1854528,8285021,RIML,AVBR,RIM,AVB
5692,8470043,47126.0,28552.0,13590.0,1859413,8403567,1858050,8372378,RIML,AVJR,RIM,AVJ
5693,8472115,34782.0,21135.0,4530.0,1859413,8404624,1852870,8245570,RIML,BWM-DR04,RIM,BWM04D
5694,8470011,34610.0,21307.0,4590.0,1859413,8404627,1853111,8252385,RIML,BWM-DR06,RIM,BWM06D
5695,8470011,34610.0,21307.0,4590.0,1859413,8404627,1859497,8406377,RIML,RMDR,RIM,RMDL/R
5696,8470011,34610.0,21307.0,4590.0,1859413,8404627,1852870,8245568,RIML,BWM-DR04,RIM,BWM04D
5697,8470029,39058.0,20572.0,18030.0,1859413,8404653,1855622,8313889,RIML,RIBL,RIM,RIB
5698,8470031,39474.0,20984.0,18450.0,1859413,8404657,1855622,8313866,RIML,RIBL,RIM,RIB
5699,8470031,39474.0,20984.0,18450.0,1859413,8404657,1854528,8285080,RIML,AVBR,RIM,AVB
5700,8470032,39654.0,21740.0,18720.0,1859413,8404666,1855622,8313857,RIML,RIBL,RIM,RIB
5701,8470032,39654.0,21740.0,18720.0,1859413,8404666,1854528,8285089,RIML,AVBR,RIM,AVB
5702,8470027,38130.0,19152.0,17100.0,1859413,8403890,1856375,8332083,RIML,SAADR,RIM,SAAD
5703,8470027,38130.0,19152.0,17100.0,1859413,8403890,1855622,8313919,RIML,RIBL,RIM,RIB
5704,8470000,42356.0,29554.0,9420.0,1859413,8404575,1856212,8327315,RIML,SMDDR,RIM,SMDD
5705,8470000,42356.0,29554.0,9420.0,1859413,8404575,1852827,8244725,RIML,SMDVL,RIM,SMDV
5706,8470000,42356.0,29554.0,9420.0,1859413,8404575,1853041,8250921,RIML,RIBR,RIM,RIB
5707,8470019,34436.0,16524.0,8220.0,1859413,8404181,1856244,8328250,RIML,RIS,RIM,RIS
5708,8470019,34436.0,16524.0,8220.0,1859413,8404181,1857376,8351710,RIML,AVKR,RIM,AVK
5709,8472114,34946.0,20943.0,4710.0,1859413,8404633,1858998,8392732,RIML,RMDL,RIM,RMDL/R
5710,8472114,34946.0,20943.0,4710.0,1859413,8404633,1852870,8245564,RIML,BWM-DR04,RIM,BWM04D
5711,8469633,34584.0,20752.0,4650.0,1859413,8404631,1859497,8406379,RIML,RMDR,RIM,RMDL/R
5712,8469633,34584.0,20752.0,4650.0,1859413,8404631,1852870,8245566,RIML,BWM-DR04,RIM,BWM04D
5713,8469633,34584.0,20752.0,4650.0,1859413,8404631,1858998,8392734,RIML,RMDL,RIM,RMDL/R
5714,8470004,38164.0,27471.0,6090.0,1859413,8404458,1859497,8406288,RIML,RMDR,RIM,RMDL/R
5715,8470004,38164.0,27471.0,6090.0,1859413,8404458,1858998,8392880,RIML,RMDL,RIM,RMDL/R
5716,8470005,37808.0,27083.0,5820.0,1859413,8404449,1858998,8392871,RIML,RMDL,RIM,RMDL/R
5717,8470005,37808.0,27083.0,5820.0,1859413,8404449,1859497,8406307,RIML,RMDR,RIM,RMDL/R
5718,8470008,37890.0,27691.0,5520.0,1859413,8404439,1859497,8406269,RIML,RMDR,RIM,RMDL/R
5719,8472113,37050.0,26699.0,5490.0,1859413,8404438,1853668,8261891,RIML,BWM-VR06,RIM,BWM06V
5720,8472113,37050.0,26699.0,5490.0,1859413,8404438,1853519,8259699,RIML,BWM-VR04,RIM,BWM04V
5721,8472113,37050.0,26699.0,5490.0,1859413,8404438,1859497,8406268,RIML,RMDR,RIM,RMDL/R
5722,8470026,36954.0,17648.0,14760.0,1859413,8403965,1856375,8331797,RIML,SAADR,RIM,SAAD
5723,8470024,36674.0,17176.0,13980.0,1859413,8403991,1852675,8241404,RIML,RMFL,RIM,RMF
5724,8470024,36674.0,17176.0,13980.0,1859413,8403991,1856375,8331771,RIML,SAADR,RIM,SAAD
5725,8470045,43370.0,28604.0,13740.0,1859413,8403695,1854065,8272891,RIML,SAAVR,RIM,SAAV
5726,8470045,43370.0,28604.0,13740.0,1859413,8403695,1852675,8241076,RIML,RMFL,RIM,RMF
5727,8414885,43682.0,29066.0,13080.0,1859413,8403673,1859238,8397686,RIML,SMDDL,RIM,SMDD
5728,8414885,43682.0,29066.0,13080.0,1859413,8403673,1854065,8272913,RIML,SAAVR,RIM,SAAV
5729,8470040,44393.0,29149.0,12300.0,1859413,8403647,1859238,8397651,RIML,SMDDL,RIM,SMDD
5730,8470040,44393.0,29149.0,12300.0,1859413,8403647,1854065,8272939,RIML,SAAVR,RIM,SAAV
5731,8470041,44693.0,29081.0,12150.0,1859413,8403642,1859238,8397646,RIML,SMDDL,RIM,SMDD
5732,8470041,44693.0,29081.0,12150.0,1859413,8403642,1854065,8273173,RIML,SAAVR,RIM,SAAV
5733,8470038,43402.0,28852.0,13440.0,1859413,8403685,1852675,8241066,RIML,RMFL,RIM,RMF
5734,8470038,43402.0,28852.0,13440.0,1859413,8403685,1859238,8397702,RIML,SMDDL,RIM,SMDD
5735,8470038,43402.0,28852.0,13440.0,1859413,8403685,1854065,8272901,RIML,SAAVR,RIM,SAAV
5736,8470022,35716.0,16551.0,9960.0,1859413,8404122,1852827,8244293,RIML,SMDVL,RIM,SMDV
5737,8470022,35716.0,16551.0,9960.0,1859413,8404122,1854065,8272466,RIML,SAAVR,RIM,SAAV
5738,8416678,43424.0,29060.0,13350.0,1859413,8403682,1859238,8397695,RIML,SMDDL,RIM,SMDD
5739,8416678,43424.0,29060.0,13350.0,1859413,8403682,1857256,8348876,RIML,AIBR,RIM,AIB
5740,8470035,43318.0,28888.0,13560.0,1859413,8403689,1859238,8397706,RIML,SMDDL,RIM,SMDD
5741,8470035,43318.0,28888.0,13560.0,1859413,8403689,1857256,8348869,RIML,AIBR,RIM,AIB
5742,8470018,33872.0,16604.0,7950.0,1859413,8404190,1859238,8398178,RIML,SMDDL,RIM,SMDD
5743,8470018,33872.0,16604.0,7950.0,1859413,8404190,1855622,8314546,RIML,RIBL,RIM,RIB
5744,8470018,33872.0,16604.0,7950.0,1859413,8404190,1857297,8349825,RIML,SIADL,RIM,SIAD
5745,8470013,34150.0,20115.0,4530.0,1859413,8404623,1859238,8398292,RIML,SMDDL,RIM,SMDD
5746,8470013,34150.0,20115.0,4530.0,1859413,8404623,1859497,8406375,RIML,RMDR,RIM,RMDL/R
5747,8470013,34150.0,20115.0,4530.0,1859413,8404623,1858998,8392738,RIML,RMDL,RIM,RMDL/R
5748,8470015,34254.0,17070.0,6840.0,1859413,8404228,1859238,8398215,RIML,SMDDL,RIM,SMDD
5749,8470015,34254.0,17070.0,6840.0,1859413,8404228,1854175,8275665,RIML,SMDVR,RIM,SMDV
5750,8470017,34290.0,17006.0,7170.0,1859413,8404217,1859238,8398204,RIML,SMDDL,RIM,SMDD
5751,8470017,34290.0,17006.0,7170.0,1859413,8404217,1854175,8275676,RIML,SMDVR,RIM,SMDV
5752,8470001,41982.0,29450.0,8130.0,1859413,8404532,1856212,8326520,RIML,SMDDR,RIM,SMDD
5753,8470001,41982.0,29450.0,8130.0,1859413,8404532,1856937,8340478,RIML,SAAVL,RIM,SAAV
5754,8470003,39584.0,28491.0,6330.0,1859413,8404472,1856244,8327961,RIML,RIS,RIM,RIS
5755,8470003,39584.0,28491.0,6330.0,1859413,8404472,1852827,8244605,RIML,SMDVL,RIM,SMDV
5756,8470003,39584.0,28491.0,6330.0,1859413,8404472,1857613,8360117,RIML,AVKL,RIM,AVK
5757,8470021,35506.0,16316.0,9120.0,1859413,8404149,1852827,8245075,RIML,SMDVL,RIM,SMDV
5758,8470021,35506.0,16316.0,9120.0,1859413,8404149,1856375,8331613,RIML,SAADR,RIM,SAAD
5759,8470021,35506.0,16316.0,9120.0,1859413,8404149,1859300,8400718,RIML,SAADL,RIM,SAAD
5760,8470010,38110.0,27291.0,5370.0,1859413,8404434,1856937,8340385,RIML,SAAVL,RIM,SAAV
5761,8470010,38110.0,27291.0,5370.0,1859413,8404434,1852827,8244571,RIML,SMDVL,RIM,SMDV
5762,8470014,34310.0,17642.0,5760.0,1859413,8404264,1859300,8400831,RIML,SAADL,RIM,SAAD
5763,8470014,34310.0,17642.0,5760.0,1859413,8404264,1854175,8275629,RIML,SMDVR,RIM,SMDV
5764,8470087,40432.0,28508.0,6210.0,1853861,8266787,1855337,8307123,RIMR,AIBL,RIM,AIB
5765,8470087,40432.0,28508.0,6210.0,1853861,8266787,1855391,8308392,RIMR,AVAL,RIM,AVA
5766,8470094,36950.0,24026.0,2730.0,1853861,8267696,1855337,8306995,RIMR,AIBL,RIM,AIB
5767,8470094,36950.0,24026.0,2730.0,1853861,8267696,1853041,8250292,RIMR,RIBR,RIM,RIB
5768,8470095,36654.0,23590.0,2730.0,1853861,8267696,1855337,8306995,RIMR,AIBL,RIM,AIB
5769,8470095,36654.0,23590.0,2730.0,1853861,8267696,1853041,8250292,RIMR,RIBR,RIM,RIB
5770,8470075,35444.0,16692.0,7680.0,1853861,8267063,1855337,8306728,RIMR,AIBL,RIM,AIB
5771,8470075,35444.0,16692.0,7680.0,1853861,8267063,1859300,8400767,RIMR,SAADL,RIM,SAAD
5772,8470075,35444.0,16692.0,7680.0,1853861,8267063,1854786,8291511,RIMR,RIGR,RIM,RIG
5773,8470089,42898.0,29712.0,8400.0,1853861,8266714,1855337,8307196,RIMR,AIBL,RIM,AIB
5774,8470089,42898.0,29712.0,8400.0,1853861,8266714,1856212,8326511,RIMR,SMDDR,RIM,SMDD
5775,8470079,35308.0,17742.0,5430.0,1853861,8266988,1855337,8306803,RIMR,AIBL,RIM,AIB
5776,8470079,35308.0,17742.0,5430.0,1853861,8266988,1854175,8275618,RIMR,SMDVR,RIM,SMDV
5777,8416299,39264.0,27363.0,5220.0,1853861,8266827,1855337,8307090,RIMR,AIBL,RIM,AIB
5778,8416299,39264.0,27363.0,5220.0,1853861,8266827,1857842,8367035,RIMR,AVBL,RIM,AVB
5779,8470082,37434.0,25122.0,3030.0,1853861,8266899,1855337,8306945,RIMR,AIBL,RIM,AIB
5780,8470082,37434.0,25122.0,3030.0,1853861,8266899,1857842,8366949,RIMR,AVBL,RIM,AVB
5781,8470085,39066.0,26967.0,4950.0,1853861,8266836,1855337,8307081,RIMR,AIBL,RIM,AIB
5782,8470085,39066.0,26967.0,4950.0,1853861,8266836,1857842,8367026,RIMR,AVBL,RIM,AVB
5783,8470084,37090.0,24182.0,2760.0,1853861,8267695,1855337,8306992,RIMR,AIBL,RIM,AIB
5784,8470084,37090.0,24182.0,2760.0,1853861,8267695,1857842,8366959,RIMR,AVBL,RIM,AVB
5785,8470084,37090.0,24182.0,2760.0,1853861,8267695,1853041,8250293,RIMR,RIBR,RIM,RIB
5786,8470093,37520.0,24840.0,2700.0,1853861,8267697,1857842,8366961,RIMR,AVBL,RIM,AVB
5787,8470093,37520.0,24840.0,2700.0,1853861,8267697,1853041,8250260,RIMR,RIBR,RIM,RIB
5788,8470096,50346.0,31912.0,8880.0,1853861,8266549,1854528,8285133,RIMR,AVBR,RIM,AVB
5789,8470057,40818.0,26940.0,15630.0,1853861,8267495,1856244,8328701,RIMR,RIS,RIM,RIS
5790,8470057,40818.0,26940.0,15630.0,1853861,8267495,1857613,8359337,RIMR,AVKL,RIM,AVK
5791,8470054,42728.0,28470.0,13980.0,1853861,8267549,1854065,8272883,RIMR,SAAVR,RIM,SAAV
5792,8470054,42728.0,28470.0,13980.0,1853861,8267549,1852675,8241084,RIMR,RMFL,RIM,RMF
5793,8470054,42728.0,28470.0,13980.0,1853861,8267549,1859413,8403703,RIMR,RIML,RIM,RIM
5794,8470066,35770.0,18242.0,14760.0,1853861,8267296,1858998,8392398,RIMR,RMDL,RIM,RMDL/R
5795,8470066,35770.0,18242.0,14760.0,1853861,8267296,1853209,8254184,RIMR,BWM-DL06,RIM,BWM06D
5796,8470066,35770.0,18242.0,14760.0,1853861,8267296,1853155,8253402,RIMR,BWM-DL04,RIM,BWM04D
5797,8470060,39022.0,24976.0,17250.0,1853861,8267441,1853357,8257282,RIMR,BWM-VL04,RIM,BWM04V
5798,8470060,39022.0,24976.0,17250.0,1853861,8267441,1858998,8393132,RIMR,RMDL,RIM,RMDL/R
5799,8470064,38640.0,24236.0,17490.0,1853861,8267433,1858998,8393140,RIMR,RMDL,RIM,RMDL/R
5800,8470064,38640.0,24236.0,17490.0,1853861,8267433,1853390,8257585,RIMR,BWM-VL06,RIM,BWM06V
5801,8470064,38640.0,24236.0,17490.0,1853861,8267433,1853357,8257290,RIMR,BWM-VL04,RIM,BWM04V
5802,8472119,35814.0,18374.0,14490.0,1853861,8267287,1859497,8407145,RIMR,RMDR,RIM,RMDL/R
5803,8472119,35814.0,18374.0,14490.0,1853861,8267287,1853155,8253393,RIMR,BWM-DL04,RIM,BWM04D
5804,8472119,35814.0,18374.0,14490.0,1853861,8267287,1858998,8392407,RIMR,RMDL,RIM,RMDL/R
5805,8470058,39478.0,24984.0,17040.0,1853861,8267446,1859497,8406979,RIMR,RMDR,RIM,RMDL/R
5806,8470058,39478.0,24984.0,17040.0,1853861,8267446,1858998,8393194,RIMR,RMDL,RIM,RMDL/R
5807,8470058,39478.0,24984.0,17040.0,1853861,8267446,1853357,8257272,RIMR,BWM-VL04,RIM,BWM04V
5808,8470058,39478.0,24984.0,17040.0,1853861,8267446,1854175,8276061,RIMR,SMDVR,RIM,SMDV
5809,8470058,39478.0,24984.0,17040.0,1853861,8267446,1853390,8257564,RIMR,BWM-VL06,RIM,BWM06V
5810,8469578,35470.0,17484.0,13680.0,1853861,8267260,1859497,8406692,RIMR,RMDR,RIM,RMDL/R
5811,8469578,35470.0,17484.0,13680.0,1853861,8267260,1856212,8327301,RIMR,SMDDR,RIM,SMDD
5812,8469578,35470.0,17484.0,13680.0,1853861,8267260,1858998,8392434,RIMR,RMDL,RIM,RMDL/R
5813,8470086,39258.0,27663.0,5340.0,1853861,8266823,1853942,8268758,RIMR,RMFR,RIM,RMF
5814,8470086,39258.0,27663.0,5340.0,1853861,8266823,1856937,8340384,RIMR,SAAVL,RIM,SAAV
5815,8470090,46622.0,30004.0,9090.0,1853861,8266685,1853942,8268630,RIMR,RMFR,RIM,RMF
5816,8470090,46622.0,30004.0,9090.0,1853861,8266685,1855391,8308489,RIMR,AVAL,RIM,AVA
5817,8470090,46622.0,30004.0,9090.0,1853861,8266685,1856937,8340511,RIMR,SAAVL,RIM,SAAV
5818,8470080,35482.0,20059.0,3780.0,1853861,8266934,1853942,8268982,RIMR,RMFR,RIM,RMF
5819,8470080,35482.0,20059.0,3780.0,1853861,8266934,1859300,8400896,RIMR,SAADL,RIM,SAAD
5820,8470081,35558.0,20675.0,3570.0,1853861,8266927,1853942,8268975,RIMR,RMFR,RIM,RMF
5821,8470081,35558.0,20675.0,3570.0,1853861,8266927,1859300,8400903,RIMR,SAADL,RIM,SAAD
5822,8470071,35522.0,16118.0,11730.0,1853861,8267195,1856375,8331696,RIMR,SAADR,RIM,SAAD
5823,8470071,35522.0,16118.0,11730.0,1853861,8267195,1859300,8400635,RIMR,SAADL,RIM,SAAD
5824,8470065,39608.0,24130.0,17820.0,1853861,8267422,1852778,8243218,RIMR,AVAR,RIM,AVA
5825,8470065,39608.0,24130.0,17820.0,1853861,8267422,1854065,8272758,RIMR,SAAVR,RIM,SAAV
5826,8470050,42452.0,29034.0,11640.0,1853861,8267627,1855622,8313638,RIMR,RIBL,RIM,RIB
5827,8470050,42452.0,29034.0,11640.0,1853861,8267627,1859238,8397629,RIMR,SMDDL,RIM,SMDD
5828,8470051,42381.0,28897.0,11790.0,1853861,8267622,1859238,8397634,RIMR,SMDDL,RIM,SMDD
5829,8470051,42381.0,28897.0,11790.0,1853861,8267622,1855622,8313633,RIMR,RIBL,RIM,RIB
5830,8470052,42373.0,28841.0,12150.0,1853861,8267610,1859238,8397646,RIMR,SMDDL,RIM,SMDD
5831,8470052,42373.0,28841.0,12150.0,1853861,8267610,1855622,8313621,RIMR,RIBL,RIM,RIB
5832,8470052,42373.0,28841.0,12150.0,1853861,8267610,1854175,8276223,RIMR,SMDVR,RIM,SMDV
5833,8470055,41894.0,27804.0,14550.0,1853861,8267530,1859238,8397748,RIMR,SMDDL,RIM,SMDD
5834,8470055,41894.0,27804.0,14550.0,1853861,8267530,1854065,8272864,RIMR,SAAVR,RIM,SAAV
5835,8470056,41598.0,27508.0,14880.0,1853861,8267519,1859238,8397759,RIMR,SMDDL,RIM,SMDD
5836,8470056,41598.0,27508.0,14880.0,1853861,8267519,1854065,8272853,RIMR,SAAVR,RIM,SAAV
5837,8470088,42742.0,29620.0,8310.0,1853861,8266717,1856212,8326514,RIMR,SMDDR,RIM,SMDD
5838,8470088,42742.0,29620.0,8310.0,1853861,8266717,1856937,8340484,RIMR,SAAVL,RIM,SAAV
5839,8470091,44914.0,29940.0,9060.0,1853861,8266684,1856212,8326488,RIMR,SMDDR,RIM,SMDD
5840,8470091,44914.0,29940.0,9060.0,1853861,8266684,1856937,8340509,RIMR,SAAVL,RIM,SAAV
5841,8470092,45398.0,29992.0,9090.0,1853861,8266685,1856212,8326488,RIMR,SMDDR,RIM,SMDD
5842,8470092,45398.0,29992.0,9090.0,1853861,8266685,1856937,8340510,RIMR,SAAVL,RIM,SAAV
5843,8470072,34520.0,16092.0,9870.0,1853861,8267136,1856212,8326907,RIMR,SMDDR,RIM,SMDD
5844,8470072,34520.0,16092.0,9870.0,1853861,8267136,1852827,8244296,RIMR,SMDVL,RIM,SMDV
5845,8470070,35802.0,16578.0,12600.0,1853861,8267224,1856375,8331725,RIMR,SAADR,RIM,SAAD
5846,8470070,35802.0,16578.0,12600.0,1853861,8267224,1852827,8244187,RIMR,SMDVL,RIM,SMDV
5847,8470077,35448.0,17220.0,7500.0,1853861,8267057,1859300,8400773,RIMR,SAADL,RIM,SAAD
5848,8470077,35448.0,17220.0,7500.0,1853861,8267057,1854175,8275687,RIMR,SMDVR,RIM,SMDV
5849,8470061,39710.0,24920.0,17340.0,1853861,8267438,1854065,8272774,RIMR,SAAVR,RIM,SAAV
5850,8470061,39710.0,24920.0,17340.0,1853861,8267438,1854175,8276522,RIMR,SMDVR,RIM,SMDV
5851,8470078,35302.0,18178.0,6000.0,1853861,8267007,1854175,8275637,RIMR,SMDVR,RIM,SMDV
5852,8470078,35302.0,18178.0,6000.0,1853861,8267007,1854065,8272334,RIMR,SAAVR,RIM,SAAV
5853,8470106,38510.0,17198.0,13530.0,1857073,8343118,1858167,8374702,RIR,AIYL,RIR,AIY
5854,8470106,38510.0,17198.0,13530.0,1857073,8343118,1857988,8370473,RIR,ADFL,RIR,ADF
5855,8470106,38510.0,17198.0,13530.0,1857073,8343118,1857771,8364522,RIR,AIZL,RIR,AIZ
5856,8470107,39302.0,18272.0,15240.0,1857073,8343061,1858167,8374635,RIR,AIYL,RIR,AIY
5857,8470107,39302.0,18272.0,15240.0,1857073,8343061,1857771,8364465,RIR,AIZL,RIR,AIZ
5858,8470115,43270.0,27552.0,15450.0,1857073,8342891,1857771,8364245,RIR,AIZL,RIR,AIZ
5859,8470115,43270.0,27552.0,15450.0,1857073,8342891,1857657,8360885,RIR,SMBVL,RIR,SMBV
5860,8470119,36392.0,16688.0,7560.0,1857073,8343745,1855089,8300155,RIR,AIZR,RIR,AIZ
5861,8470124,37190.0,20325.0,3330.0,1857073,8343600,1855089,8300009,RIR,AIZR,RIR,AIZ
5862,8470134,43052.0,30782.0,7740.0,1857073,8343437,1855089,8299714,RIR,AIZR,RIR,AIZ
5863,8470121,37530.0,20761.0,3300.0,1857073,8343599,1855089,8300007,RIR,AIZR,RIR,AIZ
5864,8470121,37530.0,20761.0,3300.0,1857073,8343599,1859704,8411078,RIR,ADFR,RIR,ADF
5865,8470123,37378.0,20501.0,3330.0,1857073,8343600,1859704,8411080,RIR,ADFR,RIR,ADF
5866,8470123,37378.0,20501.0,3330.0,1857073,8343600,1855089,8300008,RIR,AIZR,RIR,AIZ
5867,8470120,36386.0,16730.0,7260.0,1857073,8343736,1853823,8265676,RIR,AUAR,RIR,AUA
5868,8470120,36386.0,16730.0,7260.0,1857073,8343736,1855089,8300146,RIR,AIZR,RIR,AIZ
5869,8470131,41846.0,29244.0,6000.0,1857073,8343495,1853823,8265371,RIR,AUAR,RIR,AUA
5870,8470131,41846.0,29244.0,6000.0,1857073,8343495,1859546,8407811,RIR,AVHL,RIR,AVH
5871,8470131,41846.0,29244.0,6000.0,1857073,8343495,1855089,8299794,RIR,AIZR,RIR,AIZ
5872,8470133,42920.0,30502.0,7530.0,1857073,8343444,1856963,8341812,RIR,AVEL,RIR,AVE
5873,8470133,42920.0,30502.0,7530.0,1857073,8343444,1855089,8299725,RIR,AIZR,RIR,AIZ
5874,8469965,42872.0,30457.0,7350.0,1857073,8343450,1857495,8355457,RIR,RIAR,RIR,RIA
5875,8469965,42872.0,30457.0,7350.0,1857073,8343450,1855089,8299731,RIR,AIZR,RIR,AIZ
5876,8470135,44642.0,31360.0,9240.0,1857073,8343387,1854786,8291051,RIR,RIGR,RIR,RIG
5877,8470135,44642.0,31360.0,9240.0,1857073,8343387,1855089,8299664,RIR,AIZR,RIR,AIZ
5878,8470104,37934.0,16486.0,11790.0,1857073,8343176,1855193,8302366,RIR,DVA,RIR,DVA
5879,8470104,37934.0,16486.0,11790.0,1857073,8343176,1857771,8364583,RIR,AIZL,RIR,AIZ
5880,8470105,37974.0,16658.0,12060.0,1857073,8343167,1857771,8364574,RIR,AIZL,RIR,AIZ
5881,8470105,37974.0,16658.0,12060.0,1857073,8343167,1855193,8302375,RIR,DVA,RIR,DVA
5882,8470103,36888.0,16344.0,8640.0,1857073,8343277,1854971,8296454,RIR,AQR,RIR,AQR
5883,8470103,36888.0,16344.0,8640.0,1857073,8343277,1855193,8302264,RIR,DVA,RIR,DVA
5884,8470103,36888.0,16344.0,8640.0,1857073,8343277,1857771,8364699,RIR,AIZL,RIR,AIZ
5885,8416599,36676.0,18174.0,5100.0,1857073,8343662,1855089,8300074,RIR,AIZR,RIR,AIZ
5886,8416599,36676.0,18174.0,5100.0,1857073,8343662,1855193,8302146,RIR,DVA,RIR,DVA
5887,8470102,43218.0,27796.0,15300.0,1857073,8342885,1859108,8395022,RIR,RIAL,RIR,RIA
5888,8470102,43218.0,27796.0,15300.0,1857073,8342885,1858840,8389939,RIR,URXL,RIR,URX
5889,8470102,43218.0,27796.0,15300.0,1857073,8342885,1855193,8302870,RIR,DVA,RIR,DVA
5890,8470102,43218.0,27796.0,15300.0,1857073,8342885,1857771,8364231,RIR,AIZL,RIR,AIZ
5891,8470118,44034.0,29868.0,13830.0,1857073,8342831,1859108,8395070,RIR,RIAL,RIR,RIA
5892,8470118,44034.0,29868.0,13830.0,1857073,8342831,1857771,8364137,RIR,AIZL,RIR,AIZ
5893,8470116,43694.0,29244.0,14460.0,1857073,8342852,1857421,8352938,RIR,RIGL,RIR,RIG
5894,8470116,43694.0,29244.0,14460.0,1857073,8342852,1859108,8395049,RIR,RIAL,RIR,RIA
5895,8470116,43694.0,29244.0,14460.0,1857073,8342852,1857771,8364204,RIR,AIZL,RIR,AIZ
5896,8470116,43694.0,29244.0,14460.0,1857073,8342852,1854322,8279944,RIR,AVER,RIR,AVE
5897,8470108,40054.0,19994.0,16740.0,1857073,8343011,1859108,8394828,RIR,RIAL,RIR,RIA
5898,8470108,40054.0,19994.0,16740.0,1857073,8343011,1854971,8296190,RIR,AQR,RIR,AQR
5899,8470137,38488.0,22972.0,2970.0,1857073,8343777,1857495,8355294,RIR,RIAR,RIR,RIA
5900,8470137,38488.0,22972.0,2970.0,1857073,8343777,1854971,8296882,RIR,AQR,RIR,AQR
5901,8470142,38602.0,24177.0,3180.0,1857073,8343770,1857495,8355299,RIR,RIAR,RIR,RIA
5902,8470142,38602.0,24177.0,3180.0,1857073,8343770,1854971,8296720,RIR,AQR,RIR,AQR
5903,8469752,42292.0,30041.0,6660.0,1857073,8343473,1855059,8298965,RIR,URXR,RIR,URX
5904,8469752,42292.0,30041.0,6660.0,1857073,8343473,1857495,8355424,RIR,RIAR,RIR,RIA
5905,8470125,38770.0,24507.0,3150.0,1857073,8343771,1857495,8355299,RIR,RIAR,RIR,RIA
5906,8470125,38770.0,24507.0,3150.0,1857073,8343771,1855059,8299150,RIR,URXR,RIR,URX
5907,8470127,38954.0,25119.0,3300.0,1857073,8343583,1855059,8299145,RIR,URXR,RIR,URX
5908,8470127,38954.0,25119.0,3300.0,1857073,8343583,1857495,8355313,RIR,RIAR,RIR,RIA
5909,8470138,38580.0,23372.0,3030.0,1857073,8343775,1857495,8355296,RIR,RIAR,RIR,RIA
5910,8470138,38580.0,23372.0,3030.0,1857073,8343775,1855059,8299154,RIR,URXR,RIR,URX
5911,8470141,38598.0,23627.0,3060.0,1857073,8343774,1857495,8355297,RIR,RIAR,RIR,RIA
5912,8470141,38598.0,23627.0,3060.0,1857073,8343774,1855059,8299153,RIR,URXR,RIR,URX
5913,8470128,39070.0,25403.0,3390.0,1857073,8343580,1857495,8355316,RIR,RIAR,RIR,RIA
5914,8470128,39070.0,25403.0,3390.0,1857073,8343580,1854971,8296713,RIR,AQR,RIR,AQR
5915,8470128,39070.0,25403.0,3390.0,1857073,8343580,1855059,8299142,RIR,URXR,RIR,URX
5916,8470113,42110.0,25808.0,16800.0,1857073,8342936,1857421,8353109,RIR,RIGL,RIR,RIG
5917,8470114,43146.0,27364.0,15630.0,1857073,8342897,1857771,8364251,RIR,AIZL,RIR,AIZ
5918,8470114,43146.0,27364.0,15630.0,1857073,8342897,1857657,8360891,RIR,SMBVL,RIR,SMBV
5919,8470143,41294.0,23480.0,17940.0,1857073,8343292,1857587,8358646,RIR,PVPL,RIR,PVP
5920,8470143,41294.0,23480.0,17940.0,1857073,8343292,1858840,8389846,RIR,URXL,RIR,URX
5921,8470144,41394.0,23740.0,17940.0,1857073,8343292,1857587,8358646,RIR,PVPL,RIR,PVP
5922,8470144,41394.0,23740.0,17940.0,1857073,8343292,1858840,8389846,RIR,URXL,RIR,URX
5923,8469148,39914.0,19610.0,16410.0,1857073,8343022,1859108,8394807,RIR,RIAL,RIR,RIA
5924,8469148,39914.0,19610.0,16410.0,1857073,8343022,1858840,8389682,RIR,URXL,RIR,URX
5925,8470112,40490.0,21060.0,17520.0,1857073,8342987,1859108,8394852,RIR,RIAL,RIR,RIA
5926,8470112,40490.0,21060.0,17520.0,1857073,8342987,1858840,8389823,RIR,URXL,RIR,URX
5927,8470117,43882.0,29544.0,14430.0,1857073,8342851,1858840,8389968,RIR,URXL,RIR,URX
5928,8470117,43882.0,29544.0,14430.0,1857073,8342851,1859108,8395050,RIR,RIAL,RIR,RIA
5929,8469753,42416.0,29885.0,6600.0,1857073,8343475,1855059,8298963,RIR,URXR,RIR,URX
5930,8470130,39538.0,26360.0,4080.0,1857073,8343558,1859780,8413087,RIR,PVPR,RIR,PVP
5931,8470130,39538.0,26360.0,4080.0,1857073,8343558,1855059,8298867,RIR,URXR,RIR,URX
5932,8469769,35518.0,26753.0,4830.0,1856244,8328011,1853041,8250787,RIS,RIBR,RIS,RIB
5933,8469769,35518.0,26753.0,4830.0,1856244,8328011,1856963,8341430,RIS,AVEL,RIS,AVE
5934,8469769,35518.0,26753.0,4830.0,1856244,8328011,1855951,8320837,RIS,CEPVR,RIS,CEPV
5935,8470198,35914.0,27539.0,5220.0,1856244,8327998,1855951,8320824,RIS,CEPVR,RIS,CEPV
5936,8470198,35914.0,27539.0,5220.0,1856244,8327998,1853041,8250774,RIS,RIBR,RIS,RIB
5937,8470198,35914.0,27539.0,5220.0,1856244,8327998,1856963,8341438,RIS,AVEL,RIS,AVE
5938,8470194,33018.0,21145.0,3690.0,1856244,8328087,1853041,8250351,RIS,RIBR,RIS,RIB
5939,8470194,33018.0,21145.0,3690.0,1856244,8328087,1856963,8341383,RIS,AVEL,RIS,AVE
5940,8470195,33274.0,21717.0,3720.0,1856244,8328083,1853041,8250352,RIS,RIBR,RIS,RIB
5941,8470195,33274.0,21717.0,3720.0,1856244,8328083,1856963,8341382,RIS,AVEL,RIS,AVE
5942,8470199,36770.0,28307.0,5640.0,1856244,8327984,1853041,8250760,RIS,RIBR,RIS,RIB
5943,8470199,36770.0,28307.0,5640.0,1856244,8327984,1856963,8341452,RIS,AVEL,RIS,AVE
5944,8470201,37676.0,28503.0,6120.0,1856244,8327968,1856963,8341468,RIS,AVEL,RIS,AVE
5945,8470201,37676.0,28503.0,6120.0,1856244,8327968,1853041,8250812,RIS,RIBR,RIS,RIB
5946,8472123,32874.0,20177.0,3780.0,1856244,8328093,1855540,8311624,RIS,URYDR,RIS,URYD
5947,8472123,32874.0,20177.0,3780.0,1856244,8328093,1856963,8341380,RIS,AVEL,RIS,AVE
5948,8472123,32874.0,20177.0,3780.0,1856244,8328093,1853041,8250397,RIS,RIBR,RIS,RIB
5949,8470205,41478.0,29812.0,8910.0,1856244,8327863,1852827,8244709,RIS,SMDVL,RIS,SMDV
5950,8470205,41478.0,29812.0,8910.0,1856244,8327863,1856963,8341561,RIS,AVEL,RIS,AVE
5951,8462445,37598.0,25342.0,17940.0,1856244,8328627,1859449,8405383,RIS,CEPVL,RIS,CEPV
5952,8462445,37598.0,25342.0,17940.0,1856244,8328627,1854322,8279438,RIS,AVER,RIS,AVE
5953,8470172,42541.0,29621.0,12450.0,1856244,8328807,1854322,8279965,RIS,AVER,RIS,AVE
5954,8470172,42541.0,29621.0,12450.0,1856244,8328807,1853861,8267600,RIS,RIMR,RIS,RIM
5955,8470098,39712.0,26364.0,16920.0,1856244,8328659,1853861,8267450,RIS,RIMR,RIS,RIM
5956,8470098,39712.0,26364.0,16920.0,1856244,8328659,1857613,8359379,RIS,AVKL,RIS,AVK
5957,8470177,40634.0,27032.0,15570.0,1856244,8328703,1857613,8359335,RIS,AVKL,RIS,AVK
5958,8470177,40634.0,27032.0,15570.0,1856244,8328703,1853861,8267497,RIS,RIMR,RIS,RIM
5959,8470185,34742.0,17002.0,14130.0,1856244,8328445,1853861,8267275,RIS,RIMR,RIS,RIM
5960,8470185,34742.0,17002.0,14130.0,1856244,8328445,1857613,8359608,RIS,AVKL,RIS,AVK
5961,8470186,34894.0,16970.0,13800.0,1856244,8328434,1853861,8267264,RIS,RIMR,RIS,RIM
5962,8470186,34894.0,16970.0,13800.0,1856244,8328434,1857613,8359619,RIS,AVKL,RIS,AVK
5963,8470173,42618.0,29666.0,12990.0,1856244,8328789,1857613,8359249,RIS,AVKL,RIS,AVK
5964,8470173,42618.0,29666.0,12990.0,1856244,8328789,1859238,8397678,RIS,SMDDL,RIS,SMDD
5965,8472124,35322.0,26053.0,4290.0,1856244,8328029,1857376,8351471,RIS,AVKR,RIS,AVK
5966,8470188,34160.0,15996.0,8760.0,1856244,8328268,1853861,8267100,RIS,RIMR,RIS,RIM
5967,8470188,34160.0,15996.0,8760.0,1856244,8328268,1854322,8279117,RIS,AVER,RIS,AVE
5968,8470188,34160.0,15996.0,8760.0,1856244,8328268,1857376,8351728,RIS,AVKR,RIS,AVK
5969,8470188,34160.0,15996.0,8760.0,1856244,8328268,1857613,8359783,RIS,AVKL,RIS,AVK
5970,8470191,34226.0,19475.0,4140.0,1856244,8328105,1857613,8359937,RIS,AVKL,RIS,AVK
5971,8470191,34226.0,19475.0,4140.0,1856244,8328105,1859413,8404319,RIS,RIML,RIS,RIM
5972,8470191,34226.0,19475.0,4140.0,1856244,8328105,1857550,8357914,RIS,RICL,RIS,RIC
5973,8470191,34226.0,19475.0,4140.0,1856244,8328105,1857376,8351573,RIS,AVKR,RIS,AVK
5974,8470210,41450.0,29768.0,8400.0,1856244,8327885,1857376,8351324,RIS,AVKR,RIS,AVK
5975,8470210,41450.0,29768.0,8400.0,1856244,8327885,1857613,8360186,RIS,AVKL,RIS,AVK
5976,8470210,41450.0,29768.0,8400.0,1856244,8327885,1856212,8326511,RIS,SMDDR,RIS,SMDD
5977,8470210,41450.0,29768.0,8400.0,1856244,8327885,1859413,8404541,RIS,RIML,RIS,RIM
5978,8470200,38204.0,28619.0,5880.0,1856244,8327976,1857376,8351408,RIS,AVKR,RIS,AVK
5979,8470200,38204.0,28619.0,5880.0,1856244,8327976,1859413,8404451,RIS,RIML,RIS,RIM
5980,8470206,41926.0,29956.0,8970.0,1856244,8327861,1856963,8341825,RIS,AVEL,RIS,AVE
5981,8470206,41926.0,29956.0,8970.0,1856244,8327861,1857376,8351305,RIS,AVKR,RIS,AVK
5982,8470206,41926.0,29956.0,8970.0,1856244,8327861,1859413,8404560,RIS,RIML,RIS,RIM
5983,8462544,33890.0,16670.0,6960.0,1856244,8328208,1859413,8404224,RIS,RIML,RIS,RIM
5984,8462544,33890.0,16670.0,6960.0,1856244,8328208,1857376,8351668,RIS,AVKR,RIS,AVK
5985,8462544,33890.0,16670.0,6960.0,1856244,8328208,1859238,8398211,RIS,SMDDL,RIS,SMDD
5986,8462544,33890.0,16670.0,6960.0,1856244,8328208,1856963,8341274,RIS,AVEL,RIS,AVE
5987,8470189,34148.0,16264.0,8340.0,1856244,8328254,1859413,8404178,RIS,RIML,RIS,RIM
5988,8470189,34148.0,16264.0,8340.0,1856244,8328254,1853861,8267086,RIS,RIMR,RIS,RIM
5989,8470189,34148.0,16264.0,8340.0,1856244,8328254,1857376,8351714,RIS,AVKR,RIS,AVK
5990,8470190,33308.0,18012.0,4560.0,1856244,8328128,1855540,8311494,RIS,URYDR,RIS,URYD
5991,8470190,33308.0,18012.0,4560.0,1856244,8328128,1855559,8311791,RIS,OLQDR,RIS,OLQD
5992,8470190,33308.0,18012.0,4560.0,1856244,8328128,1852731,8242461,RIS,CEPshDL,RIS,CEPshD
5993,8470182,34310.0,18036.0,15570.0,1856244,8328493,1858882,8390567,RIS,CEPDL,RIS,CEPD
5994,8470182,34310.0,18036.0,15570.0,1856244,8328493,1854322,8279341,RIS,AVER,RIS,AVE
5995,8470182,34310.0,18036.0,15570.0,1856244,8328493,1855622,8314279,RIS,RIBL,RIS,RIB
5996,8472122,34130.0,17438.0,14640.0,1856244,8328462,1855622,8314248,RIS,RIBL,RIS,RIB
5997,8472122,34130.0,17438.0,14640.0,1856244,8328462,1854322,8279310,RIS,AVER,RIS,AVE
5998,8472122,34130.0,17438.0,14640.0,1856244,8328462,1858882,8390598,RIS,CEPDL,RIS,CEPD
5999,8462442,37878.0,25622.0,17700.0,1856244,8328635,1859449,8405375,RIS,CEPVL,RIS,CEPV
6000,8462442,37878.0,25622.0,17700.0,1856244,8328635,1854322,8279446,RIS,AVER,RIS,AVE
6001,8462442,37878.0,25622.0,17700.0,1856244,8328635,1855622,8313703,RIS,RIBL,RIS,RIB
6002,8469734,38368.0,25997.0,17340.0,1856244,8328647,1855622,8313691,RIS,RIBL,RIS,RIB
6003,8469734,38368.0,25997.0,17340.0,1856244,8328647,1854322,8279458,RIS,AVER,RIS,AVE
6004,8469734,38368.0,25997.0,17340.0,1856244,8328647,1859449,8405363,RIS,CEPVL,RIS,CEPV
6005,8470183,34100.0,17586.0,15090.0,1856244,8328477,1855622,8314263,RIS,RIBL,RIS,RIB
6006,8470183,34100.0,17586.0,15090.0,1856244,8328477,1858882,8390583,RIS,CEPDL,RIS,CEPD
6007,8470184,34350.0,17234.0,14280.0,1856244,8328450,1858882,8390610,RIS,CEPDL,RIS,CEPD
6008,8470184,34350.0,17234.0,14280.0,1856244,8328450,1858821,8389392,RIS,URYDL,RIS,URYD
6009,8470184,34350.0,17234.0,14280.0,1856244,8328450,1855622,8314236,RIS,RIBL,RIS,RIB
6010,8470181,35742.0,19964.0,16890.0,1856244,8328536,1859497,8407079,RIS,RMDR,RIS,RMDL/R
6011,8470181,35742.0,19964.0,16890.0,1856244,8328536,1855622,8314321,RIS,RIBL,RIS,RIB
6012,8472120,36302.0,21608.0,18060.0,1856244,8328573,1859497,8407038,RIS,RMDR,RIS,RMDL/R
6013,8472120,36302.0,21608.0,18060.0,1856244,8328573,1855622,8314358,RIS,RIBL,RIS,RIB
6014,8470187,33934.0,15714.0,11730.0,1856244,8328365,1858821,8389459,RIS,URYDL,RIS,URYD
6015,8470187,33934.0,15714.0,11730.0,1856244,8328365,1855622,8314424,RIS,RIBL,RIS,RIB
6016,8470187,33934.0,15714.0,11730.0,1856244,8328365,1852734,8242462,RIS,CEPshDL,RIS,CEPshD
6017,8470174,41334.0,29188.0,13410.0,1856244,8328775,1857894,8367740,RIS,URYVL,RIS,URYV
6018,8470174,41334.0,29188.0,13410.0,1856244,8328775,1855622,8313579,RIS,RIBL,RIS,RIB
6019,8470176,40982.0,28496.0,14370.0,1856244,8328742,1857894,8367708,RIS,URYVL,RIS,URYV
6020,8470176,40982.0,28496.0,14370.0,1856244,8328742,1855622,8313547,RIS,RIBL,RIS,RIB
6021,8470196,34752.0,24185.0,4110.0,1856244,8328859,1853041,8250371,RIS,RIBR,RIS,RIB
6022,8470197,34954.0,25865.0,4440.0,1856244,8328024,1858998,8392988,RIS,RMDL,RIS,RMDL/R
6023,8470197,34954.0,25865.0,4440.0,1856244,8328024,1853041,8250381,RIS,RIBR,RIS,RIB
6024,8470197,34954.0,25865.0,4440.0,1856244,8328024,1853041,8250801,RIS,RIBR,RIS,RIB
6025,8472125,40228.0,29685.0,7740.0,1856244,8327907,1855757,8317560,RIS,RMEV,RIS,RMEV
6026,8472125,40228.0,29685.0,7740.0,1856244,8327907,1853041,8250866,RIS,RIBR,RIS,RIB
6027,8470208,43004.0,30118.0,9840.0,1856244,8327833,1859413,8404589,RIS,RIML,RIS,RIM
6028,8470209,43908.0,29894.0,9720.0,1856244,8328878,1855337,8307317,RIS,AIBL,RIS,AIB
6029,8470209,43908.0,29894.0,9720.0,1856244,8328878,1856212,8327332,RIS,SMDDR,RIS,SMDD
6030,8470209,43908.0,29894.0,9720.0,1856244,8328878,1859413,8404585,RIS,RIML,RIS,RIM
6031,8471880,39554.0,26200.0,17100.0,1856244,8328654,1853861,8267445,RIS,RIMR,RIS,RIM
6032,8416297,39412.0,28588.0,6360.0,1856244,8327960,1859413,8404473,RIS,RIML,RIS,RIM
6033,8416297,39412.0,28588.0,6360.0,1856244,8327960,1857613,8360118,RIS,AVKL,RIS,AVK
6034,8416297,39412.0,28588.0,6360.0,1856244,8327960,1857376,8351392,RIS,AVKR,RIS,AVK
6035,8416297,39412.0,28588.0,6360.0,1856244,8327960,1852675,8242062,RIS,RMFL,RIS,RMF
6036,8470212,37694.0,26055.0,5040.0,1855972,8321992,1853668,8261939,RIVL,BWM-VR06,RIV,BWM06V
6037,8470212,37694.0,26055.0,5040.0,1855972,8321992,1853519,8259682,RIVL,BWM-VR04,RIV,BWM04V
6038,8470213,37954.0,26181.0,5280.0,1855972,8321981,1853668,8261970,RIVL,BWM-VR06,RIV,BWM06V
6039,8470213,37954.0,26181.0,5280.0,1855972,8321981,1853519,8259674,RIVL,BWM-VR04,RIV,BWM04V
6040,8471882,37884.0,26171.0,5400.0,1855972,8321977,1853519,8470233,RIVL,BWM-VR04,RIV,BWM04V
6041,8471882,37884.0,26171.0,5400.0,1855972,8321977,1853668,8261967,RIVL,BWM-VR06,RIV,BWM06V
6042,8472126,38010.0,26355.0,5670.0,1855972,8321966,1853699,8262353,RIVL,BWM-VR08,RIV,BWM08V
6043,8472126,38010.0,26355.0,5670.0,1855972,8321966,1853668,8261867,RIVL,BWM-VR06,RIV,BWM06V
6044,8472126,38010.0,26355.0,5670.0,1855972,8321966,1853519,8259661,RIVL,BWM-VR04,RIV,BWM04V
6045,8471884,43752.0,27832.0,9450.0,1855972,8321806,1853614,8261352,RIVL,BWM-VR05,RIV,BWM05V
6046,8470228,44066.0,28032.0,9600.0,1855972,8321801,1856375,8331200,RIVL,SAADR,RIV,SAAD
6047,8470228,44066.0,28032.0,9600.0,1855972,8321801,1856338,8330752,RIVL,excgl,RIV,excgl
6048,8470228,44066.0,28032.0,9600.0,1855972,8321801,1853614,8261357,RIVL,BWM-VR05,RIV,BWM05V
6049,8470224,43770.0,28068.0,9150.0,1855972,8321816,1853645,8261515,RIVL,BWM-VR07,RIV,BWM07V
6050,8472129,43602.0,27980.0,9330.0,1855972,8321810,1853614,8261332,RIVL,BWM-VR05,RIV,BWM05V
6051,8472129,43602.0,27980.0,9330.0,1855972,8321810,1853645,8261523,RIVL,BWM-VR07,RIV,BWM07V
6052,8470227,43358.0,27856.0,9780.0,1855972,8321795,1853645,8261538,RIVL,BWM-VR07,RIV,BWM07V
6053,8470227,43358.0,27856.0,9780.0,1855972,8321795,1853413,8258106,RIVL,BWM-VL07,RIV,BWM07V
6054,8470227,43358.0,27856.0,9780.0,1855972,8321795,1853614,8261347,RIVL,BWM-VR05,RIV,BWM05V
6055,8472128,43822.0,27952.0,9330.0,1855972,8321810,1853645,8261581,RIVL,BWM-VR07,RIV,BWM07V
6056,8472128,43822.0,27952.0,9330.0,1855972,8321810,1853582,8260754,RIVL,BWM-VR03,RIV,BWM03V
6057,8472128,43822.0,27952.0,9330.0,1855972,8321810,1853645,8261520,RIVL,BWM-VR07,RIV,BWM07V
6058,8470216,40968.0,28450.0,7590.0,1855972,8321891,1859108,8395918,RIVL,RIAL,RIV,RIA
6059,8470234,43568.0,28308.0,8970.0,1855972,8321822,1859108,8395964,RIVL,RIAL,RIV,RIA
6060,8470229,43738.0,28252.0,9720.0,1855972,8321797,1852827,8244735,RIVL,SMDVL,RIV,SMDV
6061,8470229,43738.0,28252.0,9720.0,1855972,8321797,1859108,8395989,RIVL,RIAL,RIV,RIA
6062,8470231,47810.0,29336.0,9300.0,1855972,8321669,1857495,8355692,RIVL,RIAR,RIV,RIA
6063,8472132,48278.0,29082.0,8610.0,1855972,8321692,1856375,8331139,RIVL,SAADR,RIV,SAAD
6064,8472132,48278.0,29082.0,8610.0,1855972,8321692,1856168,8325342,RIVL,RMDDR,RIV,RMDD
6065,8472132,48278.0,29082.0,8610.0,1855972,8321692,1856375,8331156,RIVL,SAADR,RIV,SAAD
6066,8470217,41416.0,28490.0,7800.0,1855972,8321884,1859108,8395925,RIVL,RIAL,RIV,RIA
6067,8470217,41416.0,28490.0,7800.0,1855972,8321884,1854095,8273931,RIVL,SIAVR,RIV,SIAV
6068,8472127,42192.0,28678.0,8100.0,1855972,8321874,1859108,8395935,RIVL,RIAL,RIV,RIA
6069,8472127,42192.0,28678.0,8100.0,1855972,8321874,1854095,8273942,RIVL,SIAVR,RIV,SIAV
6070,8470215,39480.0,27880.0,6450.0,1855972,8321935,1858998,8392892,RIVL,RMDL,RIV,RMDL/R
6071,8470215,39480.0,27880.0,6450.0,1855972,8321935,1854095,8273886,RIVL,SIAVR,RIV,SIAV
6072,8470218,43338.0,28656.0,8430.0,1855972,8321840,1859074,8394486,RIVL,RMDVL,RIV,RMDV
6073,8470218,43338.0,28656.0,8430.0,1855972,8321840,1854095,8274117,RIVL,SIAVR,RIV,SIAV
6074,8470221,44222.0,28776.0,8580.0,1855972,8321835,1854095,8274122,RIVL,SIAVR,RIV,SIAV
6075,8470221,44222.0,28776.0,8580.0,1855972,8321835,1859074,8394626,RIVL,RMDVL,RIV,RMDV
6076,8471883,44944.0,29048.0,8550.0,1855972,8321836,1859074,8394646,RIVL,RMDVL,RIV,RMDV
6077,8471883,44944.0,29048.0,8550.0,1855972,8321836,1854095,8274121,RIVL,SIAVR,RIV,SIAV
6078,8470222,43598.0,28712.0,9000.0,1855972,8321821,1857495,8355730,RIVL,RIAR,RIV,RIA
6079,8470222,43598.0,28712.0,9000.0,1855972,8321821,1856212,8326491,RIVL,SMDDR,RIV,SMDD
6080,8470223,44118.0,28812.0,9180.0,1855972,8321815,1856212,8326485,RIVL,SMDDR,RIV,SMDD
6081,8470223,44118.0,28812.0,9180.0,1855972,8321815,1857495,8355724,RIVL,RIAR,RIV,RIA
6082,8470235,44420.0,28804.0,9840.0,1855972,8321793,1852827,8244767,RIVL,SMDVL,RIV,SMDV
6083,8470235,44420.0,28804.0,9840.0,1855972,8321793,1856168,8326301,RIVL,RMDDR,RIV,RMDD
6084,8472130,44438.0,28272.0,9720.0,1855972,8321797,1856338,8330748,RIVL,excgl,RIV,excgl
6085,8472130,44438.0,28272.0,9720.0,1855972,8321797,1856375,8331204,RIVL,SAADR,RIV,SAAD
6086,8470265,44064.0,27990.0,10920.0,1859269,8399477,1853413,8258048,RIVR,BWM-VL07,RIV,BWM07V
6087,8470261,43672.0,27722.0,11280.0,1859269,8399489,1853271,8255418,RIVR,BWM-VL05,RIV,BWM05V
6088,8470261,43672.0,27722.0,11280.0,1859269,8399489,1853413,8258021,RIVR,BWM-VL07,RIV,BWM07V
6089,8470262,43832.0,27814.0,10950.0,1859269,8399478,1853413,8258047,RIVR,BWM-VL07,RIV,BWM07V
6090,8470262,43832.0,27814.0,10950.0,1859269,8399478,1853271,8255422,RIVR,BWM-VL05,RIV,BWM05V
6091,8470263,43460.0,27698.0,10950.0,1859269,8399478,1853271,8255397,RIVR,BWM-VL05,RIV,BWM05V
6092,8470263,43460.0,27698.0,10950.0,1859269,8399478,1853413,8258064,RIVR,BWM-VL07,RIV,BWM07V
6093,8471886,44020.0,27848.0,11100.0,1859269,8399483,1853271,8255413,RIVR,BWM-VL05,RIV,BWM05V
6094,8471886,44020.0,27848.0,11100.0,1859269,8399483,1853413,8258037,RIVR,BWM-VL07,RIV,BWM07V
6095,8470242,39702.0,24244.0,16920.0,1859269,8399676,1853390,8257560,RIVR,BWM-VL06,RIV,BWM06V
6096,8470242,39702.0,24244.0,16920.0,1859269,8399676,1853470,8258841,RIVR,BWM-VL08,RIV,BWM08V
6097,8470243,39722.0,24392.0,16710.0,1859269,8399670,1853390,8257554,RIVR,BWM-VL06,RIV,BWM06V
6098,8470243,39722.0,24392.0,16710.0,1859269,8399670,1853470,8258832,RIVR,BWM-VL08,RIV,BWM08V
6099,8470244,39762.0,24532.0,16710.0,1859269,8399670,1853470,8258896,RIVR,BWM-VL08,RIV,BWM08V
6100,8470244,39762.0,24532.0,16710.0,1859269,8399670,1853390,8257554,RIVR,BWM-VL06,RIV,BWM06V
6101,8470274,39540.0,23824.0,17130.0,1859269,8399682,1853390,8257574,RIVR,BWM-VL06,RIV,BWM06V
6102,8470274,39540.0,23824.0,17130.0,1859269,8399682,1853470,8258850,RIVR,BWM-VL08,RIV,BWM08V
6103,8472133,39626.0,24092.0,17010.0,1859269,8399679,1853470,8258847,RIVR,BWM-VL08,RIV,BWM08V
6104,8472133,39626.0,24092.0,17010.0,1859269,8399679,1853390,8257571,RIVR,BWM-VL06,RIV,BWM06V
6105,8472133,39626.0,24092.0,17010.0,1859269,8399679,1853357,8257277,RIVR,BWM-VL04,RIV,BWM04V
6106,8470238,39238.0,23436.0,17250.0,1859269,8399685,1858348,8380022,RIVR,RMGL,RIV,RMG
6107,8470238,39238.0,23436.0,17250.0,1859269,8399685,1853470,8258853,RIVR,BWM-VL08,RIV,BWM08V
6108,8470259,43813.0,28201.0,11730.0,1859269,8399504,1857221,8346714,RIVR,RMDDL,RIV,RMDD
6109,8470259,43813.0,28201.0,11730.0,1859269,8399504,1859108,8395151,RIVR,RIAL,RIV,RIA
6110,8470250,43117.0,27905.0,12690.0,1859269,8399536,1857495,8356476,RIVR,RIAR,RIV,RIA
6111,8470250,43117.0,27905.0,12690.0,1859269,8399536,1859238,8397664,RIVR,SMDDL,RIV,SMDD
6112,8470264,44216.0,28350.0,10980.0,1859269,8399479,1854175,8276262,RIVR,SMDVR,RIV,SMDV
6113,8470264,44216.0,28350.0,10980.0,1859269,8399479,1857221,8346690,RIVR,RMDDL,RIV,RMDD
6114,8470267,44680.0,28526.0,10710.0,1859269,8399472,1859300,8400159,RIVR,SAADL,RIV,SAAD
6115,8470268,48078.0,28736.0,10380.0,1859269,8399749,1859300,8401162,RIVR,SAADL,RIV,SAAD
6116,8470247,41442.0,27280.0,14460.0,1859269,8399595,1857495,8356417,RIVR,RIAR,RIV,RIA
6117,8470247,41442.0,27280.0,14460.0,1859269,8399595,1857329,8350785,RIVR,SIAVL,RIV,SIAV
6118,8470245,40658.0,26668.0,15150.0,1859269,8399618,1859497,8406926,RIVR,RMDR,RIV,RMDL/R
6119,8470245,40658.0,26668.0,15150.0,1859269,8399618,1857329,8350760,RIVR,SIAVL,RIV,SIAV
6120,8470246,40654.0,26900.0,15000.0,1859269,8399613,1859497,8406931,RIVR,RMDR,RIV,RMDL/R
6121,8470246,40654.0,26900.0,15000.0,1859269,8399613,1857495,8356399,RIVR,RIAR,RIV,RIA
6122,8470246,40654.0,26900.0,15000.0,1859269,8399613,1857329,8350764,RIVR,SIAVL,RIV,SIAV
6123,8470249,42918.0,27772.0,12930.0,1859269,8399544,1857184,8346264,RIVR,RMDVR,RIV,RMDV
6124,8470249,42918.0,27772.0,12930.0,1859269,8399544,1857329,8350836,RIVR,SIAVL,RIV,SIAV
6125,8470251,43433.0,27893.0,12510.0,1859269,8399530,1857184,8346282,RIVR,RMDVR,RIV,RMDV
6126,8470251,43433.0,27893.0,12510.0,1859269,8399530,1857329,8350850,RIVR,SIAVL,RIV,SIAV
6127,8470252,46001.0,28465.0,12030.0,1859269,8399713,1857329,8350873,RIVR,SIAVL,RIV,SIAV
6128,8470252,46001.0,28465.0,12030.0,1859269,8399713,1857184,8346324,RIVR,RMDVR,RIV,RMDV
6129,8470255,43813.0,27981.0,12120.0,1859269,8399517,1857329,8350863,RIVR,SIAVL,RIV,SIAV
6130,8470255,43813.0,27981.0,12120.0,1859269,8399517,1857184,8346295,RIVR,RMDVR,RIV,RMDV
6131,8470256,44769.0,28245.0,12000.0,1859269,8399513,1857184,8346323,RIVR,RMDVR,RIV,RMDV
6132,8470256,44769.0,28245.0,12000.0,1859269,8399513,1857329,8350874,RIVR,SIAVL,RIV,SIAV
6133,8470257,44213.0,28085.0,11850.0,1859269,8399508,1857329,8350879,RIVR,SIAVL,RIV,SIAV
6134,8470257,44213.0,28085.0,11850.0,1859269,8399508,1857184,8346304,RIVR,RMDVR,RIV,RMDV
6135,8470258,44537.0,28193.0,11820.0,1859269,8399507,1857184,8346317,RIVR,RMDVR,RIV,RMDV
6136,8470258,44537.0,28193.0,11820.0,1859269,8399507,1857329,8350880,RIVR,SIAVL,RIV,SIAV
6137,8470289,32792.0,19046.0,7320.0,1857221,8347289,1854703,8289617,RMDDL,BWM-DR03,RMDD,BWM03D
6138,8470289,32792.0,19046.0,7320.0,1857221,8347289,1854639,8287919,RMDDL,BWM-DR05,RMDD,BWM05D
6139,8470289,32792.0,19046.0,7320.0,1857221,8347289,1854763,8290622,RMDDL,BWM-DR01,RMDD,BWM01D
6140,8470288,34078.0,20617.0,6090.0,1857221,8347677,1857184,8345634,RMDDL,RMDVR,RMDD,RMDV
6141,8470288,34078.0,20617.0,6090.0,1857221,8347677,1854763,8290542,RMDDL,BWM-DR01,RMDD,BWM01D
6142,8467633,33810.0,19548.0,6420.0,1857221,8347433,1854703,8289607,RMDDL,BWM-DR03,RMDD,BWM03D
6143,8467633,33810.0,19548.0,6420.0,1857221,8347433,1857184,8345692,RMDDL,RMDVR,RMDD,RMDV
6144,8467633,33810.0,19548.0,6420.0,1857221,8347433,1854763,8290477,RMDDL,BWM-DR01,RMDD,BWM01D
6145,8472138,32918.0,19366.0,6540.0,1857221,8347429,1857184,8345702,RMDDL,RMDVR,RMDD,RMDV
6146,8472138,32918.0,19366.0,6540.0,1857221,8347429,1854763,8290600,RMDDL,BWM-DR01,RMDD,BWM01D
6147,8472138,32918.0,19366.0,6540.0,1857221,8347429,1854703,8289594,RMDDL,BWM-DR03,RMDD,BWM03D
6148,8472139,32350.0,19190.0,6540.0,1857221,8347429,1857184,8345702,RMDDL,RMDVR,RMDD,RMDV
6149,8472139,32350.0,19190.0,6540.0,1857221,8347429,1854703,8289581,RMDDL,BWM-DR03,RMDD,BWM03D
6150,8472139,32350.0,19190.0,6540.0,1857221,8347429,1854763,8290600,RMDDL,BWM-DR01,RMDD,BWM01D
6151,8470285,33006.0,21699.0,5340.0,1857221,8347471,1852870,8245603,RMDDL,BWM-DR04,RMDD,BWM04D
6152,8470285,33006.0,21699.0,5340.0,1857221,8347471,1852870,8245618,RMDDL,BWM-DR04,RMDD,BWM04D
6153,8470285,33006.0,21699.0,5340.0,1857221,8347471,1857184,8345606,RMDDL,RMDVR,RMDD,RMDV
6154,8470285,33006.0,21699.0,5340.0,1857221,8347471,1854729,8290209,RMDDL,BWM-DR02,RMDD,BWM02D
6155,8470285,33006.0,21699.0,5340.0,1857221,8347471,1854763,8290528,RMDDL,BWM-DR01,RMDD,BWM01D
6156,8470290,32842.0,17616.0,9810.0,1857221,8347371,1853022,8249705,RMDDL,BWM-DL05,RMDD,BWM05D
6157,8470290,32842.0,17616.0,9810.0,1857221,8347371,1852913,8246040,RMDDL,BWM-DL01,RMDD,BWM01D
6158,8470290,32842.0,17616.0,9810.0,1857221,8347371,1854763,8290752,RMDDL,BWM-DR01,RMDD,BWM01D
6159,8470290,32842.0,17616.0,9810.0,1857221,8347371,1852950,8247548,RMDDL,BWM-DL03,RMDD,BWM03D
6160,8470290,32842.0,17616.0,9810.0,1857221,8347371,1855757,8317047,RMDDL,RMEV,RMDD,RMEV
6161,8470291,32584.0,17828.0,9240.0,1857221,8347353,1854639,8287744,RMDDL,BWM-DR05,RMDD,BWM05D
6162,8470291,32584.0,17828.0,9240.0,1857221,8347353,1852950,8247583,RMDDL,BWM-DL03,RMDD,BWM03D
6163,8470291,32584.0,17828.0,9240.0,1857221,8347353,1854703,8289736,RMDDL,BWM-DR03,RMDD,BWM03D
6164,8472140,32554.0,17804.0,8910.0,1857221,8347342,1854639,8472144,RMDDL,BWM-DR05,RMDD,BWM05D
6165,8472140,32554.0,17804.0,8910.0,1857221,8347342,1852950,8247592,RMDDL,BWM-DL03,RMDD,BWM03D
6166,8472140,32554.0,17804.0,8910.0,1857221,8347342,1855757,8317501,RMDDL,RMEV,RMDD,RMEV
6167,8472140,32554.0,17804.0,8910.0,1857221,8347342,1854703,8289725,RMDDL,BWM-DR03,RMDD,BWM03D
6168,8472140,32554.0,17804.0,8910.0,1857221,8347342,1854639,8287671,RMDDL,BWM-DR05,RMDD,BWM05D
6169,8470293,32292.0,18490.0,7560.0,1857221,8347297,1855540,8311601,RMDDL,URYDR,RMDD,URYD
6170,8470293,32292.0,18490.0,7560.0,1857221,8347297,1854639,8287872,RMDDL,BWM-DR05,RMDD,BWM05D
6171,8470293,32292.0,18490.0,7560.0,1857221,8347297,1854623,8287434,RMDDL,BWM-DR07,RMDD,BWM07D
6172,8470293,32292.0,18490.0,7560.0,1857221,8347297,1854703,8289685,RMDDL,BWM-DR03,RMDD,BWM03D
6173,8471888,31926.0,19058.0,7110.0,1857221,8347405,1855757,8317421,RMDDL,RMEV,RMDD,RMEV
6174,8471888,31926.0,19058.0,7110.0,1857221,8347405,1854703,8289920,RMDDL,BWM-DR03,RMDD,BWM03D
6175,8471888,31926.0,19058.0,7110.0,1857221,8347405,1854639,8471889,RMDDL,BWM-DR05,RMDD,BWM05D
6176,8470280,32978.0,22587.0,5670.0,1857221,8347634,1854729,8290131,RMDDL,BWM-DR02,RMDD,BWM02D
6177,8470280,32978.0,22587.0,5670.0,1857221,8347634,1859915,8414782,RMDDL,URADR,RMDD,URAD
6178,8470280,32978.0,22587.0,5670.0,1857221,8347634,1852870,8245593,RMDDL,BWM-DR04,RMDD,BWM04D
6179,8471890,33090.0,19186.0,7320.0,1857221,8347289,1854639,8287919,RMDDL,BWM-DR05,RMDD,BWM05D
6180,8471890,33090.0,19186.0,7320.0,1857221,8347289,1854623,8287442,RMDDL,BWM-DR07,RMDD,BWM07D
6181,8471891,33330.0,22489.0,5550.0,1857221,8347630,1854729,8290135,RMDDL,BWM-DR02,RMDD,BWM02D
6182,8471891,33330.0,22489.0,5550.0,1857221,8347630,1857184,8345561,RMDDL,RMDVR,RMDD,RMDV
6183,8472134,33836.0,22428.0,5370.0,1857221,8347610,1852870,8245525,RMDDL,BWM-DR04,RMDD,BWM04D
6184,8472134,33836.0,22428.0,5370.0,1857221,8347610,1857184,8345555,RMDDL,RMDVR,RMDD,RMDV
6185,8470283,34920.0,22704.0,5280.0,1857221,8347607,1854729,8290049,RMDDL,BWM-DR02,RMDD,BWM02D
6186,8470283,34920.0,22704.0,5280.0,1857221,8347607,1852870,8245333,RMDDL,BWM-DR04,RMDD,BWM04D
6187,8470283,34920.0,22704.0,5280.0,1857221,8347607,1857184,8345551,RMDDL,RMDVR,RMDD,RMDV
6188,8470287,33158.0,21063.0,5670.0,1857221,8347663,1854729,8290198,RMDDL,BWM-DR02,RMDD,BWM02D
6189,8470287,33158.0,21063.0,5670.0,1857221,8347663,1857184,8345620,RMDDL,RMDVR,RMDD,RMDV
6190,8470287,33158.0,21063.0,5670.0,1857221,8347663,1852870,8245608,RMDDL,BWM-DR04,RMDD,BWM04D
6191,8470282,34456.0,22672.0,5340.0,1857221,8347609,1852870,8245525,RMDDL,BWM-DR04,RMDD,BWM04D
6192,8470282,34456.0,22672.0,5340.0,1857221,8347609,1852870,8245331,RMDDL,BWM-DR04,RMDD,BWM04D
6193,8470282,34456.0,22672.0,5340.0,1857221,8347609,1857184,8345563,RMDDL,RMDVR,RMDD,RMDV
6194,8470294,34288.0,18570.0,7590.0,1857221,8347275,1854623,8287463,RMDDL,BWM-DR07,RMDD,BWM07D
6195,8470294,34288.0,18570.0,7590.0,1857221,8347275,1857184,8345743,RMDDL,RMDVR,RMDD,RMDV
6196,8471895,34758.0,18360.0,12000.0,1856168,8325850,1852913,8245784,RMDDR,BWM-DL01,RMDD,BWM01D
6197,8471895,34758.0,18360.0,12000.0,1856168,8325850,1852950,8247333,RMDDR,BWM-DL03,RMDD,BWM03D
6198,8470312,32744.0,17124.0,10350.0,1856168,8326159,1853022,8249688,RMDDR,BWM-DL05,RMDD,BWM05D
6199,8470312,32744.0,17124.0,10350.0,1856168,8326159,1852913,8246057,RMDDR,BWM-DL01,RMDD,BWM01D
6200,8470312,32744.0,17124.0,10350.0,1856168,8326159,1853073,8251560,RMDDR,RMED,RMDD,RMED
6201,8470309,32308.0,17898.0,9450.0,1856168,8326189,1854639,8287750,RMDDR,BWM-DR05,RMDD,BWM05D
6202,8470309,32308.0,17898.0,9450.0,1856168,8326189,1854703,8289792,RMDDR,BWM-DR03,RMDD,BWM03D
6203,8470309,32308.0,17898.0,9450.0,1856168,8326189,1852950,8247596,RMDDR,BWM-DL03,RMDD,BWM03D
6204,8470311,32386.0,17811.0,9960.0,1856168,8326172,1852950,8247543,RMDDR,BWM-DL03,RMDD,BWM03D
6205,8470311,32386.0,17811.0,9960.0,1856168,8326172,1855757,8317042,RMDDR,RMEV,RMDD,RMEV
6206,8472147,34688.0,20028.0,15090.0,1856168,8325960,1853155,8253155,RMDDR,BWM-DL04,RMDD,BWM04D
6207,8472147,34688.0,20028.0,15090.0,1856168,8325960,1853236,8255017,RMDDR,BWM-DL02,RMDD,BWM02D
6208,8471896,32784.0,17413.0,10350.0,1856168,8326159,1853022,8249688,RMDDR,BWM-DL05,RMDD,BWM05D
6209,8471896,32784.0,17413.0,10350.0,1856168,8326159,1853073,8251560,RMDDR,RMED,RMDD,RMED
6210,8470308,32162.0,18160.0,8580.0,1856168,8326217,1854639,8287718,RMDDR,BWM-DR05,RMDD,BWM05D
6211,8470308,32162.0,18160.0,8580.0,1856168,8326217,1854639,8287660,RMDDR,BWM-DR05,RMDD,BWM05D
6212,8470308,32162.0,18160.0,8580.0,1856168,8326217,1857221,8347331,RMDDR,RMDDL,RMDD,RMDD
6213,8467602,35066.0,19022.0,12870.0,1856168,8326123,1852913,8245940,RMDDR,BWM-DL01,RMDD,BWM01D
6214,8467602,35066.0,19022.0,12870.0,1856168,8326123,1859074,8394737,RMDDR,RMDVL,RMDD,RMDV
6215,8471894,34446.0,18246.0,12120.0,1856168,8325854,1859074,8394722,RMDDR,RMDVL,RMDD,RMDV
6216,8471894,34446.0,18246.0,12120.0,1856168,8325854,1852913,8245789,RMDDR,BWM-DL01,RMDD,BWM01D
6217,8471894,34446.0,18246.0,12120.0,1856168,8325854,1852950,8247428,RMDDR,BWM-DL03,RMDD,BWM03D
6218,8470307,33380.0,17824.0,11970.0,1856168,8325849,1858821,8389458,RMDDR,URYDL,RMDD,URYD
6219,8470307,33380.0,17824.0,11970.0,1856168,8325849,1859074,8394083,RMDDR,RMDVL,RMDD,RMDV
6220,8470307,33380.0,17824.0,11970.0,1856168,8325849,1852950,8247421,RMDDR,BWM-DL03,RMDD,BWM03D
6221,8470307,33380.0,17824.0,11970.0,1856168,8325849,1852913,8245800,RMDDR,BWM-DL01,RMDD,BWM01D
6222,8471893,34834.0,20354.0,15330.0,1856168,8325977,1859074,8394750,RMDDR,RMDVL,RMDD,RMDV
6223,8471893,34834.0,20354.0,15330.0,1856168,8325977,1853236,8254764,RMDDR,BWM-DL02,RMDD,BWM02D
6224,8472145,35956.0,20564.0,15510.0,1856168,8325986,1859074,8393956,RMDDR,RMDVL,RMDD,RMDV
6225,8472145,35956.0,20564.0,15510.0,1856168,8325986,1853236,8254952,RMDDR,BWM-DL02,RMDD,BWM02D
6226,8471892,35576.0,20482.0,15450.0,1856168,8325984,1859074,8394748,RMDDR,RMDVL,RMDD,RMDV
6227,8471892,35576.0,20482.0,15450.0,1856168,8325984,1853236,8254768,RMDDR,BWM-DL02,RMDD,BWM02D
6228,8469468,34450.0,19796.0,15090.0,1856168,8325955,1859074,8393975,RMDDR,RMDVL,RMDD,RMDV
6229,8469468,34450.0,19796.0,15090.0,1856168,8325955,1853236,8255017,RMDDR,BWM-DL02,RMDD,BWM02D
6230,8467598,34650.0,18908.0,13230.0,1856168,8325893,1853236,8254674,RMDDR,BWM-DL02,RMDD,BWM02D
6231,8467598,34650.0,18908.0,13230.0,1856168,8325893,1853155,8253486,RMDDR,BWM-DL04,RMDD,BWM04D
6232,8467598,34650.0,18908.0,13230.0,1856168,8325893,1859074,8394041,RMDDR,RMDVL,RMDD,RMDV
6233,8469463,34450.0,19512.0,14640.0,1856168,8325940,1859074,8393994,RMDDR,RMDVL,RMDD,RMDV
6234,8469463,34450.0,19512.0,14640.0,1856168,8325940,1853155,8253140,RMDDR,BWM-DL04,RMDD,BWM04D
6235,8469463,34450.0,19512.0,14640.0,1856168,8325940,1853236,8254708,RMDDR,BWM-DL02,RMDD,BWM02D
6236,8470305,34344.0,19240.0,14250.0,1856168,8325927,1859074,8394007,RMDDR,RMDVL,RMDD,RMDV
6237,8470305,34344.0,19240.0,14250.0,1856168,8325927,1853236,8254695,RMDDR,BWM-DL02,RMDD,BWM02D
6238,8470305,34344.0,19240.0,14250.0,1856168,8325927,1853155,8253127,RMDDR,BWM-DL04,RMDD,BWM04D
6239,8470306,34112.0,19144.0,13800.0,1856168,8325912,1853155,8253453,RMDDR,BWM-DL04,RMDD,BWM04D
6240,8470306,34112.0,19144.0,13800.0,1856168,8325912,1853236,8254624,RMDDR,BWM-DL02,RMDD,BWM02D
6241,8470306,34112.0,19144.0,13800.0,1856168,8325912,1859074,8394022,RMDDR,RMDVL,RMDD,RMDV
6242,8472146,35288.0,20368.0,15390.0,1856168,8325982,1853236,8254766,RMDDR,BWM-DL02,RMDD,BWM02D
6243,8472146,35288.0,20368.0,15390.0,1856168,8325982,1853155,8253164,RMDDR,BWM-DL04,RMDD,BWM04D
6244,8472146,35288.0,20368.0,15390.0,1856168,8325982,1859074,8394750,RMDDR,RMDVL,RMDD,RMDV
6245,8469598,34644.0,17667.0,10410.0,1856168,8325791,1853022,8249686,RMDDR,BWM-DL05,RMDD,BWM05D
6246,8469598,34644.0,17667.0,10410.0,1856168,8325791,1852974,8247875,RMDDR,BWM-DL07,RMDD,BWM07D
6247,8469598,34644.0,17667.0,10410.0,1856168,8325791,1856419,8333006,RMDDR,SMBDR,RMDD,SMBD
6248,8470344,35486.0,21264.0,4740.0,1858998,8393058,1853138,8252811,RMDL,BWM-DR08,RMDL/R,BWM08D
6249,8470344,35486.0,21264.0,4740.0,1858998,8393058,1852870,8245563,RMDL,BWM-DR04,RMDL/R,BWM04D
6250,8470344,35486.0,21264.0,4740.0,1858998,8393058,1853111,8252381,RMDL,BWM-DR06,RMDL/R,BWM06D
6251,8470339,37092.0,22979.0,5310.0,1858998,8392803,1852870,8245466,RMDL,BWM-DR04,RMDL/R,BWM04D
6252,8470339,37092.0,22979.0,5310.0,1858998,8392803,1854039,8271876,RMDL,ADER,RMDL/R,ADE
6253,8470339,37092.0,22979.0,5310.0,1858998,8392803,1853519,8259825,RMDL,BWM-VR04,RMDL/R,BWM04V
6254,8470333,36904.0,23083.0,5370.0,1858998,8392805,1853519,8259841,RMDL,BWM-VR04,RMDL/R,BWM04V
6255,8470333,36904.0,23083.0,5370.0,1858998,8392805,1856030,8322810,RMDL,RMEL,RMDL/R,RMEL/R
6256,8470333,36904.0,23083.0,5370.0,1858998,8392805,1852870,8245465,RMDL,BWM-DR04,RMDL/R,BWM04D
6257,8467678,37904.0,24358.0,5610.0,1858998,8392979,1852675,8241870,RMDL,RMFL,RMDL/R,RMF
6258,8467678,37904.0,24358.0,5610.0,1858998,8392979,1853519,8259845,RMDL,BWM-VR04,RMDL/R,BWM04V
6259,8467678,37904.0,24358.0,5610.0,1858998,8392979,1852870,8245415,RMDL,BWM-DR04,RMDL/R,BWM04D
6260,8470322,37928.0,24513.0,5700.0,1858998,8392982,1852675,8241873,RMDL,RMFL,RMDL/R,RMF
6261,8470322,37928.0,24513.0,5700.0,1858998,8392982,1852870,8245412,RMDL,BWM-DR04,RMDL/R,BWM04D
6262,8470321,38156.0,26747.0,5610.0,1858998,8392955,1859413,8404442,RMDL,RIML,RMDL/R,RIM
6263,8470321,38156.0,26747.0,5610.0,1858998,8392955,1853519,8259663,RMDL,BWM-VR04,RMDL/R,BWM04V
6264,8470321,38156.0,26747.0,5610.0,1858998,8392955,1855972,8321964,RMDL,RIVL,RMDL/R,RIV
6265,8470337,36908.0,22827.0,5310.0,1858998,8392803,1852675,8241919,RMDL,RMFL,RMDL/R,RMF
6266,8470337,36908.0,22827.0,5310.0,1858998,8392803,1853519,8259825,RMDL,BWM-VR04,RMDL/R,BWM04V
6267,8472154,37928.0,24217.0,5520.0,1858998,8392976,1853519,8259847,RMDL,BWM-VR04,RMDL/R,BWM04V
6268,8472154,37928.0,24217.0,5520.0,1858998,8392976,1852675,8241866,RMDL,RMFL,RMDL/R,RMF
6269,8470319,38122.0,26691.0,6330.0,1858998,8392888,1853519,8259628,RMDL,BWM-VR04,RMDL/R,BWM04V
6270,8470319,38122.0,26691.0,6330.0,1858998,8392888,1853668,8261840,RMDL,BWM-VR06,RMDL/R,BWM06V
6271,8470319,38122.0,26691.0,6330.0,1858998,8392888,1854144,8274506,RMDL,SIBDR,RMDL/R,SIBD
6272,8472155,37776.0,24397.0,5010.0,1858998,8392959,1855492,8310904,RMDL,SMBVR,RMDL/R,SMBV
6273,8472155,37776.0,24397.0,5010.0,1858998,8392959,1855695,8315744,RMDL,IL1R,RMDL/R,IL1L/R
6274,8469387,38956.0,28269.0,6720.0,1858998,8392902,1859108,8395889,RMDL,RIAL,RMDL/R,RIA
6275,8472148,37586.0,26723.0,6060.0,1858998,8392879,1853519,8259648,RMDL,BWM-VR04,RMDL/R,BWM04V
6276,8472148,37586.0,26723.0,6060.0,1858998,8392879,1859108,8395867,RMDL,RIAL,RMDL/R,RIA
6277,8472148,37586.0,26723.0,6060.0,1858998,8392879,1853519,8259641,RMDL,BWM-VR04,RMDL/R,BWM04V
6278,8472077,35522.0,22992.0,4440.0,1858998,8393013,1856168,8325590,RMDL,RMDDR,RMDL/R,RMDD
6279,8472077,35522.0,22992.0,4440.0,1858998,8393013,1859108,8395810,RMDL,RIAL,RMDL/R,RIA
6280,8472078,36026.0,23272.0,4440.0,1858998,8392770,1859074,8394330,RMDL,RMDVL,RMDL/R,RMDV
6281,8472078,36026.0,23272.0,4440.0,1858998,8392770,1856168,8325590,RMDL,RMDDR,RMDL/R,RMDD
6282,8472078,36026.0,23272.0,4440.0,1858998,8392770,1859108,8395810,RMDL,RIAL,RMDL/R,RIA
6283,8470313,39922.0,28590.0,7080.0,1858998,8392914,1852827,8244648,RMDL,SMDVL,RMDL/R,SMDV
6284,8470313,39922.0,28590.0,7080.0,1858998,8392914,1859108,8395901,RMDL,RIAL,RMDL/R,RIA
6285,8470314,39750.0,28454.0,6960.0,1858998,8392910,1852827,8244644,RMDL,SMDVL,RMDL/R,SMDV
6286,8470314,39750.0,28454.0,6960.0,1858998,8392910,1859108,8395897,RMDL,RIAL,RMDL/R,RIA
6287,8470327,35448.0,25177.0,4860.0,1858998,8392822,1856168,8325566,RMDL,RMDDR,RMDL/R,RMDD
6288,8470327,35448.0,25177.0,4860.0,1858998,8392822,1856963,8341417,RMDL,AVEL,RMDL/R,AVE
6289,8470327,35448.0,25177.0,4860.0,1858998,8392822,1857495,8355874,RMDL,RIAR,RMDL/R,RIA
6290,8470327,35448.0,25177.0,4860.0,1858998,8392822,1855695,8315849,RMDL,IL1R,RMDL/R,IL1L/R
6291,8470326,35680.0,25281.0,4920.0,1858998,8392827,1859108,8395829,RMDL,RIAL,RMDL/R,RIA
6292,8470326,35680.0,25281.0,4920.0,1858998,8392827,1857495,8355872,RMDL,RIAR,RMDL/R,RIA
6293,8470328,35484.0,24701.0,4680.0,1858998,8392816,1857495,8355880,RMDL,RIAR,RMDL/R,RIA
6294,8470328,35484.0,24701.0,4680.0,1858998,8392816,1859108,8395821,RMDL,RIAL,RMDL/R,RIA
6295,8470342,34508.0,22849.0,4350.0,1858998,8393028,1857495,8355905,RMDL,RIAR,RMDL/R,RIA
6296,8470342,34508.0,22849.0,4350.0,1858998,8393028,1859108,8396012,RMDL,RIAL,RMDL/R,RIA
6297,8470340,33856.0,22185.0,4020.0,1858998,8393040,1857495,8355913,RMDL,RIAR,RMDL/R,RIA
6298,8470340,33856.0,22185.0,4020.0,1858998,8393040,1859497,8407170,RMDL,RMDR,RMDL/R,RMDL/R
6299,8470341,34100.0,22261.0,4020.0,1858998,8393040,1857495,8355913,RMDL,RIAR,RMDL/R,RIA
6300,8470341,34100.0,22261.0,4020.0,1858998,8393040,1859497,8407170,RMDL,RMDR,RMDL/R,RMDL/R
6301,8472157,35856.0,25317.0,4920.0,1858998,8392827,1859497,8406218,RMDL,RMDR,RMDL/R,RMDL/R
6302,8472157,35856.0,25317.0,4920.0,1858998,8392827,1857495,8355867,RMDL,RIAR,RMDL/R,RIA
6303,8462573,34538.0,22627.0,4200.0,1858998,8393035,1859108,8396016,RMDL,RIAL,RMDL/R,RIA
6304,8462573,34538.0,22627.0,4200.0,1858998,8393035,1859497,8407165,RMDL,RMDR,RMDL/R,RMDL/R
6305,8462573,34538.0,22627.0,4200.0,1858998,8393035,1857495,8355910,RMDL,RIAR,RMDL/R,RIA
6306,8472156,37164.0,24121.0,4950.0,1858998,8392837,1859497,8406216,RMDL,RMDR,RMDL/R,RMDL/R
6307,8472156,37164.0,24121.0,4950.0,1858998,8392837,1855695,8315746,RMDL,IL1R,RMDL/R,IL1L/R
6308,8469399,36156.0,24984.0,4920.0,1858998,8392824,1859497,8406308,RMDL,RMDR,RMDL/R,RMDL/R
6309,8469399,36156.0,24984.0,4920.0,1858998,8392824,1859108,8395829,RMDL,RIAL,RMDL/R,RIA
6310,8470317,38174.0,27439.0,6270.0,1858998,8392886,1859108,8395874,RMDL,RIAL,RMDL/R,RIA
6311,8470317,38174.0,27439.0,6270.0,1858998,8392886,1859497,8406294,RMDL,RMDR,RMDL/R,RMDL/R
6312,8470318,38002.0,27099.0,6270.0,1858998,8392886,1859497,8406294,RMDL,RMDR,RMDL/R,RMDL/R
6313,8470318,38002.0,27099.0,6270.0,1858998,8392886,1859108,8395874,RMDL,RIAL,RMDL/R,RIA
6314,8470347,34378.0,20256.0,4770.0,1858998,8392730,1859497,8406383,RMDL,RMDR,RMDL/R,RMDL/R
6315,8470347,34378.0,20256.0,4770.0,1858998,8392730,1859108,8395791,RMDL,RIAL,RMDL/R,RIA
6316,8470348,34522.0,20760.0,4890.0,1858998,8392726,1859108,8395788,RMDL,RIAL,RMDL/R,RIA
6317,8470348,34522.0,20760.0,4890.0,1858998,8392726,1859497,8406387,RMDL,RMDR,RMDL/R,RMDL/R
6318,8470348,34522.0,20760.0,4890.0,1858998,8392726,1852870,8245558,RMDL,BWM-DR04,RMDL/R,BWM04D
6319,8472158,36536.0,23035.0,5340.0,1858998,8392804,1859497,8406351,RMDL,RMDR,RMDL/R,RMDL/R
6320,8472158,36536.0,23035.0,5340.0,1858998,8392804,1853484,8259301,RMDL,BWM-VR02,RMDL/R,BWM02V
6321,8472158,36536.0,23035.0,5340.0,1858998,8392804,1854729,8290092,RMDL,BWM-DR02,RMDL/R,BWM02D
6322,8472158,36536.0,23035.0,5340.0,1858998,8392804,1856030,8322802,RMDL,RMEL,RMDL/R,RMEL/R
6323,8472149,37808.0,24613.0,5670.0,1858998,8392981,1859335,8472152,RMDL,RMHL,RMDL/R,RMH
6324,8472149,37808.0,24613.0,5670.0,1858998,8392981,1852675,8241872,RMDL,RMFL,RMDL/R,RMF
6325,8472149,37808.0,24613.0,5670.0,1858998,8392981,1853484,8259330,RMDL,BWM-VR02,RMDL/R,BWM02V
6326,8472149,37808.0,24613.0,5670.0,1858998,8392981,1859497,8406178,RMDL,RMDR,RMDL/R,RMDL/R
6327,8470377,35708.0,18780.0,13770.0,1859497,8406695,1856168,8325911,RMDR,RMDDR,RMDL/R,RMDD
6328,8470377,35708.0,18780.0,13770.0,1859497,8406695,1853155,8253095,RMDR,BWM-DL04,RMDL/R,BWM04D
6329,8470375,35792.0,18720.0,14340.0,1859497,8406715,1853155,8253388,RMDR,BWM-DL04,RMDL/R,BWM04D
6330,8470375,35792.0,18720.0,14340.0,1859497,8406715,1853209,8254169,RMDR,BWM-DL06,RMDL/R,BWM06D
6331,8470364,38420.0,22012.0,16530.0,1859497,8406839,1855433,8309637,RMDR,RMHR,RMDL/R,RMH
6332,8470364,38420.0,22012.0,16530.0,1859497,8406839,1853433,8258522,RMDR,BWM-VL02,RMDL/R,BWM02V
6333,8470374,38440.0,22040.0,15810.0,1859497,8407139,1853155,8253319,RMDR,BWM-DL04,RMDL/R,BWM04D
6334,8470374,38440.0,22040.0,15810.0,1859497,8407139,1855433,8309673,RMDR,RMHR,RMDL/R,RMH
6335,8470374,38440.0,22040.0,15810.0,1859497,8407139,1853433,8258489,RMDR,BWM-VL02,RMDL/R,BWM02V
6336,8470373,38344.0,21884.0,15690.0,1859497,8407135,1853357,8256997,RMDR,BWM-VL04,RMDL/R,BWM04V
6337,8470373,38344.0,21884.0,15690.0,1859497,8407135,1853155,8253316,RMDR,BWM-DL04,RMDL/R,BWM04D
6338,8470373,38344.0,21884.0,15690.0,1859497,8407135,1854565,8285662,RMDR,RMER,RMDL/R,RMEL/R
6339,8470373,38344.0,21884.0,15690.0,1859497,8407135,1853433,8258493,RMDR,BWM-VL02,RMDL/R,BWM02V
6340,8471899,37694.0,21282.0,15510.0,1859497,8407115,1853155,8253323,RMDR,BWM-DL04,RMDL/R,BWM04D
6341,8471899,37694.0,21282.0,15510.0,1859497,8407115,1854565,8286206,RMDR,RMER,RMDL/R,RMEL/R
6342,8471899,37694.0,21282.0,15510.0,1859497,8407115,1853357,8257060,RMDR,BWM-VL04,RMDL/R,BWM04V
6343,8470376,38136.0,21070.0,15330.0,1859497,8407129,1853357,8257052,RMDR,BWM-VL04,RMDL/R,BWM04V
6344,8470376,38136.0,21070.0,15330.0,1859497,8407129,1855433,8309462,RMDR,RMHR,RMDL/R,RMH
6345,8469484,37438.0,23008.0,18180.0,1859497,8407042,1858998,8393163,RMDR,RMDL,RMDL/R,RMDL/R
6346,8469484,37438.0,23008.0,18180.0,1859497,8407042,1859108,8395363,RMDR,RIAL,RMDL/R,RIA
6347,8472161,35456.0,19614.0,16050.0,1859497,8406803,1859074,8393936,RMDR,RMDVL,RMDL/R,RMDV
6348,8472161,35456.0,19614.0,16050.0,1859497,8406803,1859108,8395417,RMDR,RIAL,RMDL/R,RIA
6349,8469575,35618.0,18392.0,14010.0,1859497,8406703,1857495,8356221,RMDR,RIAR,RMDL/R,RIA
6350,8469577,35542.0,18040.0,13740.0,1859497,8406694,1857495,8356212,RMDR,RIAR,RMDL/R,RIA
6351,8472163,35648.0,18704.0,14370.0,1859497,8406730,1857495,8356233,RMDR,RIAR,RMDL/R,RIA
6352,8472164,36728.0,20282.0,16110.0,1859497,8406796,1857495,8356291,RMDR,RIAR,RMDL/R,RIA
6353,8471900,38710.0,24750.0,16770.0,1859497,8406961,1853357,8257113,RMDR,BWM-VL04,RMDL/R,BWM04V
6354,8471900,38710.0,24750.0,16770.0,1859497,8406961,1857495,8356341,RMDR,RIAR,RMDL/R,RIA
6355,8469480,37314.0,21380.0,17040.0,1859497,8406999,1859108,8395386,RMDR,RIAL,RMDL/R,RIA
6356,8469480,37314.0,21380.0,17040.0,1859497,8406999,1857495,8356321,RMDR,RIAR,RMDL/R,RIA
6357,8470360,37372.0,22104.0,17430.0,1859497,8407010,1857495,8356569,RMDR,RIAR,RMDL/R,RIA
6358,8470360,37372.0,22104.0,17430.0,1859497,8407010,1859108,8395375,RMDR,RIAL,RMDL/R,RIA
6359,8470361,37228.0,21700.0,17250.0,1859497,8407004,1857495,8356563,RMDR,RIAR,RMDL/R,RIA
6360,8470361,37228.0,21700.0,17250.0,1859497,8407004,1859108,8395381,RMDR,RIAL,RMDL/R,RIA
6361,8470365,35728.0,19702.0,16080.0,1859497,8406802,1857495,8356290,RMDR,RIAR,RMDL/R,RIA
6362,8470365,35728.0,19702.0,16080.0,1859497,8406802,1859108,8395416,RMDR,RIAL,RMDL/R,RIA
6363,8469530,35506.0,19380.0,15870.0,1859497,8406809,1858998,8393088,RMDR,RMDL,RMDL/R,RMDL/R
6364,8469530,35506.0,19380.0,15870.0,1859497,8406809,1857495,8356283,RMDR,RIAR,RMDL/R,RIA
6365,8469530,35506.0,19380.0,15870.0,1859497,8406809,1859108,8395423,RMDR,RIAL,RMDL/R,RIA
6366,8472160,37200.0,20590.0,16260.0,1859497,8406817,1857221,8346990,RMDR,RMDDL,RMDL/R,RMDD
6367,8472160,37200.0,20590.0,16260.0,1859497,8406817,1857495,8356296,RMDR,RIAR,RMDL/R,RIA
6368,8472160,37200.0,20590.0,16260.0,1859497,8406817,1857184,8346026,RMDR,RMDVR,RMDL/R,RMDV
6369,8470351,39460.0,25944.0,16500.0,1859497,8406865,1858998,8393216,RMDR,RMDL,RMDL/R,RMDL/R
6370,8470351,39460.0,25944.0,16500.0,1859497,8406865,1857495,8356350,RMDR,RIAR,RMDL/R,RIA
6371,8470353,39372.0,25488.0,16680.0,1859497,8406956,1858998,8393210,RMDR,RMDL,RMDL/R,RMDL/R
6372,8470353,39372.0,25488.0,16680.0,1859497,8406956,1857495,8356344,RMDR,RIAR,RMDL/R,RIA
6373,8470354,39228.0,25156.0,16800.0,1859497,8406973,1853390,8257557,RMDR,BWM-VL06,RMDL/R,BWM06V
6374,8470354,39228.0,25156.0,16800.0,1859497,8406973,1858998,8393206,RMDR,RMDL,RMDL/R,RMDL/R
6375,8470354,39228.0,25156.0,16800.0,1859497,8406973,1857495,8356340,RMDR,RIAR,RMDL/R,RIA
6376,8470354,39228.0,25156.0,16800.0,1859497,8406973,1853357,8257114,RMDR,BWM-VL04,RMDL/R,BWM04V
6377,8472159,37052.0,22248.0,17580.0,1859497,8407022,1858797,8389130,RMDR,IL1L,RMDL/R,IL1L/R
6378,8472159,37052.0,22248.0,17580.0,1859497,8407022,1857221,8346931,RMDR,RMDDL,RMDL/R,RMDD
6379,8470355,38036.0,21918.0,16620.0,1859497,8406985,1858998,8392329,RMDR,RMDL,RMDL/R,RMDL/R
6380,8470355,38036.0,21918.0,16620.0,1859497,8406985,1853433,8258525,RMDR,BWM-VL02,RMDL/R,BWM02V
6381,8470370,37466.0,21128.0,15390.0,1859497,8407119,1853433,8470371,RMDR,BWM-VL02,RMDL/R,BWM02V
6382,8470370,37466.0,21128.0,15390.0,1859497,8407119,1853155,8253306,RMDR,BWM-DL04,RMDL/R,BWM04D
6383,8470370,37466.0,21128.0,15390.0,1859497,8407119,1853236,8254766,RMDR,BWM-DL02,RMDL/R,BWM02D
6384,8470370,37466.0,21128.0,15390.0,1859497,8407119,1858998,8393120,RMDR,RMDL,RMDL/R,RMDL/R
6385,8470370,37466.0,21128.0,15390.0,1859497,8407119,1853236,8254989,RMDR,BWM-DL02,RMDL/R,BWM02D
6386,8470069,36642.0,18834.0,14430.0,1859497,8406734,1853209,8254173,RMDR,BWM-DL06,RMDL/R,BWM06D
6387,8470069,36642.0,18834.0,14430.0,1859497,8406734,1856212,8327060,RMDR,SMDDR,RMDL/R,SMDD
6388,8470382,39866.0,28014.0,10710.0,1859074,8394561,1853582,8260624,RMDVL,BWM-VR03,RMDV,BWM03V
6389,8470382,39866.0,28014.0,10710.0,1859074,8394561,1853302,8255889,RMDVL,BWM-VL03,RMDV,BWM03V
6390,8470382,39866.0,28014.0,10710.0,1859074,8394561,1853333,8256538,RMDVL,BWM-VL01,RMDV,BWM01V
6391,8472166,39796.0,28044.0,10320.0,1859074,8394548,1853614,8261156,RMDVL,BWM-VR05,RMDV,BWM05V
6392,8472166,39796.0,28044.0,10320.0,1859074,8394548,1853582,8260611,RMDVL,BWM-VR03,RMDV,BWM03V
6393,8472166,39796.0,28044.0,10320.0,1859074,8394548,1853302,8255903,RMDVL,BWM-VL03,RMDV,BWM03V
6394,8470388,38020.0,27688.0,8790.0,1859074,8394621,1853558,8260298,RMDVL,BWM-VR01,RMDV,BWM01V
6395,8470388,38020.0,27688.0,8790.0,1859074,8394621,1853614,8261279,RMDVL,BWM-VR05,RMDV,BWM05V
6396,8470388,38020.0,27688.0,8790.0,1859074,8394621,1853582,8260792,RMDVL,BWM-VR03,RMDV,BWM03V
6397,8472165,40224.0,27888.0,10530.0,1859074,8394555,1853582,8260659,RMDVL,BWM-VR03,RMDV,BWM03V
6398,8472165,40224.0,27888.0,10530.0,1859074,8394555,1853614,8261206,RMDVL,BWM-VR05,RMDV,BWM05V
6399,8472169,35940.0,26155.0,6570.0,1859074,8394406,1853484,8259175,RMDVL,BWM-VR02,RMDV,BWM02V
6400,8472169,35940.0,26155.0,6570.0,1859074,8394406,1856168,8326272,RMDVL,RMDDR,RMDV,RMDD
6401,8472169,35940.0,26155.0,6570.0,1859074,8394406,1853519,8259728,RMDVL,BWM-VR04,RMDV,BWM04V
6402,8472169,35940.0,26155.0,6570.0,1859074,8394406,1853668,8262035,RMDVL,BWM-VR06,RMDV,BWM06V
6403,8472169,35940.0,26155.0,6570.0,1859074,8394406,1853519,8259608,RMDVL,BWM-VR04,RMDV,BWM04V
6404,15137589,35379.0,25719.0,6570.0,1859074,8394396,1853668,8262035,RMDVL,BWM-VR06,RMDV,BWM06V
6405,15137589,35379.0,25719.0,6570.0,1859074,8394396,1853519,8259609,RMDVL,BWM-VR04,RMDV,BWM04V
6406,8470394,37544.0,26855.0,7050.0,1859074,8394438,1856168,8325494,RMDVL,RMDDR,RMDV,RMDD
6407,8470394,37544.0,26855.0,7050.0,1859074,8394438,1853519,8259575,RMDVL,BWM-VR04,RMDV,BWM04V
6408,8470394,37544.0,26855.0,7050.0,1859074,8394438,1853519,8259563,RMDVL,BWM-VR04,RMDV,BWM04V
6409,8470394,37544.0,26855.0,7050.0,1859074,8394438,1853668,8262075,RMDVL,BWM-VR06,RMDV,BWM06V
6410,8470397,37000.0,26759.0,6960.0,1859074,8394435,1856168,8325497,RMDVL,RMDDR,RMDV,RMDD
6411,8470397,37000.0,26759.0,6960.0,1859074,8394435,1853519,8259572,RMDVL,BWM-VR04,RMDV,BWM04V
6412,8462710,37920.0,26822.0,7260.0,1859074,8394682,1853484,8259100,RMDVL,BWM-VR02,RMDV,BWM02V
6413,8462710,37920.0,26822.0,7260.0,1859074,8394682,1856168,8325487,RMDVL,RMDDR,RMDV,RMDD
6414,8462710,37920.0,26822.0,7260.0,1859074,8394682,1853519,8259570,RMDVL,BWM-VR04,RMDV,BWM04V
6415,8470398,36436.0,26591.0,6810.0,1859074,8394430,1856168,8325502,RMDVL,RMDDR,RMDV,RMDD
6416,8470398,36436.0,26591.0,6810.0,1859074,8394430,1853484,8259167,RMDVL,BWM-VR02,RMDV,BWM02V
6417,8470398,36436.0,26591.0,6810.0,1859074,8394430,1853519,8259589,RMDVL,BWM-VR04,RMDV,BWM04V
6418,8470401,35636.0,25375.0,6150.0,1859074,8394381,1853519,8259770,RMDVL,BWM-VR04,RMDV,BWM04V
6419,8470401,35636.0,25375.0,6150.0,1859074,8394381,1853484,8259389,RMDVL,BWM-VR02,RMDV,BWM02V
6420,8470401,35636.0,25375.0,6150.0,1859074,8394381,1856168,8326252,RMDVL,RMDDR,RMDV,RMDD
6421,8470403,35960.0,25351.0,5910.0,1859074,8394373,1853519,8259862,RMDVL,BWM-VR04,RMDV,BWM04V
6422,8470403,35960.0,25351.0,5910.0,1859074,8394373,1853484,8259396,RMDVL,BWM-VR02,RMDV,BWM02V
6423,8470403,35960.0,25351.0,5910.0,1859074,8394373,1854729,8290321,RMDVL,BWM-DR02,RMDV,BWM02D
6424,8470403,35960.0,25351.0,5910.0,1859074,8394373,1856168,8325532,RMDVL,RMDDR,RMDV,RMDD
6425,8471901,40240.0,27824.0,11190.0,1859074,8394575,1853271,8255317,RMDVL,BWM-VL05,RMDV,BWM05V
6426,8471901,40240.0,27824.0,11190.0,1859074,8394575,1853614,8261183,RMDVL,BWM-VR05,RMDV,BWM05V
6427,8470386,39268.0,27960.0,9630.0,1859074,8394525,1853614,8261123,RMDVL,BWM-VR05,RMDV,BWM05V
6428,8470386,39268.0,27960.0,9630.0,1859074,8394525,1853645,8261640,RMDVL,BWM-VR07,RMDV,BWM07V
6429,8472167,40044.0,28104.0,9660.0,1859074,8394526,1853614,8261124,RMDVL,BWM-VR05,RMDV,BWM05V
6430,8472167,40044.0,28104.0,9660.0,1859074,8394526,1853645,8261641,RMDVL,BWM-VR07,RMDV,BWM07V
6431,8470385,39672.0,28140.0,10050.0,1859074,8394539,1853073,8251375,RMDVL,RMED,RMDV,RMED
6432,8470385,39672.0,28140.0,10050.0,1859074,8394539,1853645,8261654,RMDVL,BWM-VR07,RMDV,BWM07V
6433,8470392,41560.0,27964.0,8580.0,1859074,8394623,1853645,8261495,RMDVL,BWM-VR07,RMDV,BWM07V
6434,8470392,41560.0,27964.0,8580.0,1859074,8394623,1854144,8274654,RMDVL,SIBDR,RMDV,SIBD
6435,8470392,41560.0,27964.0,8580.0,1859074,8394623,1855492,8311306,RMDVL,SMBVR,RMDV,SMBV
6436,8470399,35324.0,25381.0,6390.0,1859074,8394389,1856168,8326259,RMDVL,RMDDR,RMDV,RMDD
6437,8470399,35324.0,25381.0,6390.0,1859074,8394389,1853484,8259194,RMDVL,BWM-VR02,RMDV,BWM02V
6438,8472168,39260.0,27648.0,8160.0,1859074,8394477,1853582,8260840,RMDVL,BWM-VR03,RMDV,BWM03V
6439,8472168,39260.0,27648.0,8160.0,1859074,8394477,1856143,8325005,RMDVL,IL1VR,RMDV,IL1V
6440,8472168,39260.0,27648.0,8160.0,1859074,8394477,1856168,8325447,RMDVL,RMDDR,RMDV,RMDD
6441,8472168,39260.0,27648.0,8160.0,1859074,8394477,1853558,8260085,RMDVL,BWM-VR01,RMDV,BWM01V
6442,8472168,39260.0,27648.0,8160.0,1859074,8394477,1853582,8260870,RMDVL,BWM-VR03,RMDV,BWM03V
6443,8470389,38668.0,27824.0,8760.0,1859074,8394497,1856168,8325430,RMDVL,RMDDR,RMDV,RMDD
6444,8470389,38668.0,27824.0,8760.0,1859074,8394497,1853558,8260294,RMDVL,BWM-VR01,RMDV,BWM01V
6445,8470389,38668.0,27824.0,8760.0,1859074,8394497,1853582,8260769,RMDVL,BWM-VR03,RMDV,BWM03V
6446,8470389,38668.0,27824.0,8760.0,1859074,8394497,1853614,8261283,RMDVL,BWM-VR05,RMDV,BWM05V
6447,8470389,38668.0,27824.0,8760.0,1859074,8394497,1853582,8260793,RMDVL,BWM-VR03,RMDV,BWM03V
6448,8470387,40768.0,28060.0,8970.0,1859074,8394504,1853614,8261069,RMDVL,BWM-VR05,RMDV,BWM05V
6449,8470387,40768.0,28060.0,8970.0,1859074,8394504,1856168,8325401,RMDVL,RMDDR,RMDV,RMDD
6450,8472170,39760.0,27026.0,13590.0,1857184,8346237,1853333,8256618,RMDVR,BWM-VL01,RMDV,BWM01V
6451,8467897,39926.0,26938.0,13680.0,1857184,8346234,1853302,8256158,RMDVR,BWM-VL03,RMDV,BWM03V
6452,8467897,39926.0,26938.0,13680.0,1857184,8346234,1853333,8256621,RMDVR,BWM-VL01,RMDV,BWM01V
6453,8470419,39052.0,27434.0,13260.0,1857184,8346253,1853333,8256606,RMDVR,BWM-VL01,RMDV,BWM01V
6454,8470419,39052.0,27434.0,13260.0,1857184,8346253,1853302,8256035,RMDVR,BWM-VL03,RMDV,BWM03V
6455,8470421,39540.0,27278.0,13290.0,1857184,8346252,1853302,8256036,RMDVR,BWM-VL03,RMDV,BWM03V
6456,8470421,39540.0,27278.0,13290.0,1857184,8346252,1853333,8256605,RMDVR,BWM-VL01,RMDV,BWM01V
6457,8470425,40156.0,26794.0,13710.0,1857184,8346233,1853302,8256158,RMDVR,BWM-VL03,RMDV,BWM03V
6458,8470425,40156.0,26794.0,13710.0,1857184,8346233,1853333,8256622,RMDVR,BWM-VL01,RMDV,BWM01V
6459,8470418,40627.0,27381.0,12990.0,1857184,8346262,1853271,8255450,RMDVR,BWM-VL05,RMDV,BWM05V
6460,8470418,40627.0,27381.0,12990.0,1857184,8346262,1853302,8256124,RMDVR,BWM-VL03,RMDV,BWM03V
6461,8470418,40627.0,27381.0,12990.0,1857184,8346262,1853271,8255509,RMDVR,BWM-VL05,RMDV,BWM05V
6462,8470418,40627.0,27381.0,12990.0,1857184,8346262,1853333,8256586,RMDVR,BWM-VL01,RMDV,BWM01V
6463,8470168,40306.0,27990.0,11700.0,1857184,8346399,1853302,8255743,RMDVR,BWM-VL03,RMDV,BWM03V
6464,8470168,40306.0,27990.0,11700.0,1857184,8346399,1853073,8252099,RMDVR,RMED,RMDV,RMED
6465,8470168,40306.0,27990.0,11700.0,1857184,8346399,1853333,8256455,RMDVR,BWM-VL01,RMDV,BWM01V
6466,8470413,39946.0,28014.0,10920.0,1857184,8346425,1853302,8255851,RMDVR,BWM-VL03,RMDV,BWM03V
6467,8470413,39946.0,28014.0,10920.0,1857184,8346425,1853582,8260629,RMDVR,BWM-VR03,RMDV,BWM03V
6468,8470413,39946.0,28014.0,10920.0,1857184,8346425,1853073,8252125,RMDVR,RMED,RMDV,RMED
6469,8470413,39946.0,28014.0,10920.0,1857184,8346425,1853333,8256557,RMDVR,BWM-VL01,RMDV,BWM01V
6470,8470416,39827.0,27765.0,12000.0,1857184,8346383,1853302,8256075,RMDVR,BWM-VL03,RMDV,BWM03V
6471,8470415,40259.0,27821.0,11850.0,1857184,8346388,1853302,8255751,RMDVR,BWM-VL03,RMDV,BWM03V
6472,8470415,40259.0,27821.0,11850.0,1857184,8346388,1853413,8257935,RMDVR,BWM-VL07,RMDV,BWM07V
6473,8470415,40259.0,27821.0,11850.0,1857184,8346388,1853271,8255225,RMDVR,BWM-VL05,RMDV,BWM05V
6474,8470415,40259.0,27821.0,11850.0,1857184,8346388,1859074,8394597,RMDVR,RMDVL,RMDV,RMDV
6475,8470417,40547.0,27829.0,12090.0,1857184,8346380,1853271,8255213,RMDVR,BWM-VL05,RMDV,BWM05V
6476,8470417,40547.0,27829.0,12090.0,1857184,8346380,1853413,8257929,RMDVR,BWM-VL07,RMDV,BWM07V
6477,8470424,42331.0,27377.0,12570.0,1857184,8346280,1853271,8255136,RMDVR,BWM-VL05,RMDV,BWM05V
6478,8470424,42331.0,27377.0,12570.0,1857184,8346280,1857657,8361480,RMDVR,SMBVL,RMDV,SMBV
6479,8470410,40794.0,28110.0,10590.0,1857184,8346434,1853614,8261165,RMDVR,BWM-VR05,RMDV,BWM05V
6480,8470410,40794.0,28110.0,10590.0,1857184,8346434,1859074,8394557,RMDVR,RMDVL,RMDV,RMDV
6481,8470410,40794.0,28110.0,10590.0,1857184,8346434,1853271,8255306,RMDVR,BWM-VL05,RMDV,BWM05V
6482,8470409,40774.0,28130.0,10410.0,1857184,8346440,1853582,8260614,RMDVR,BWM-VR03,RMDV,BWM03V
6483,8470409,40774.0,28130.0,10410.0,1857184,8346440,1853614,8261159,RMDVR,BWM-VR05,RMDV,BWM05V
6484,8470409,40774.0,28130.0,10410.0,1857184,8346440,1859074,8394551,RMDVR,RMDVL,RMDV,RMDV
6485,8471904,36732.0,23654.0,16920.0,1857184,8346087,1857221,8346951,RMDVR,RMDDL,RMDV,RMDD
6486,8470429,37272.0,24824.0,16620.0,1857184,8346116,1857221,8346895,RMDVR,RMDDL,RMDV,RMDD
6487,8470429,37272.0,24824.0,16620.0,1857184,8346116,1853357,8257314,RMDVR,BWM-VL04,RMDV,BWM04V
6488,8470432,37368.0,23130.0,16770.0,1857184,8346091,1853357,8257335,RMDVR,BWM-VL04,RMDV,BWM04V
6489,8470432,37368.0,23130.0,16770.0,1857184,8346091,1857221,8346955,RMDVR,RMDDL,RMDV,RMDD
6490,8470427,38208.0,25530.0,15750.0,1857184,8346145,1853433,8258284,RMDVR,BWM-VL02,RMDV,BWM02V
6491,8470427,38208.0,25530.0,15750.0,1857184,8346145,1857221,8346866,RMDVR,RMDDL,RMDV,RMDD
6492,8470427,38208.0,25530.0,15750.0,1857184,8346145,1853357,8257151,RMDVR,BWM-VL04,RMDV,BWM04V
6493,8470431,37532.0,22968.0,16650.0,1857184,8346095,1853433,8258451,RMDVR,BWM-VL02,RMDV,BWM02V
6494,8470431,37532.0,22968.0,16650.0,1857184,8346095,1853357,8257329,RMDVR,BWM-VL04,RMDV,BWM04V
6495,8470431,37532.0,22968.0,16650.0,1857184,8346095,1857221,8346959,RMDVR,RMDDL,RMDV,RMDD
6496,8472171,38728.0,25644.0,15180.0,1857184,8346165,1853433,8258265,RMDVR,BWM-VL02,RMDV,BWM02V
6497,8472171,38728.0,25644.0,15180.0,1857184,8346165,1853357,8257131,RMDVR,BWM-VL04,RMDV,BWM04V
6498,8472171,38728.0,25644.0,15180.0,1857184,8346165,1857221,8347732,RMDVR,RMDDL,RMDV,RMDD
6499,8470428,37788.0,25224.0,16140.0,1857184,8346132,1853433,8258297,RMDVR,BWM-VL02,RMDV,BWM02V
6500,8470428,37788.0,25224.0,16140.0,1857184,8346132,1853357,8257236,RMDVR,BWM-VL04,RMDV,BWM04V
6501,8470428,37788.0,25224.0,16140.0,1857184,8346132,1853357,8257164,RMDVR,BWM-VL04,RMDV,BWM04V
6502,8470428,37788.0,25224.0,16140.0,1857184,8346132,1857221,8346879,RMDVR,RMDDL,RMDV,RMDD
6503,8470430,37040.0,24600.0,16890.0,1857184,8346108,1857221,8346904,RMDVR,RMDDL,RMDV,RMDD
6504,8470430,37040.0,24600.0,16890.0,1857184,8346108,1853357,8257363,RMDVR,BWM-VL04,RMDV,BWM04V
6505,8470430,37040.0,24600.0,16890.0,1857184,8346108,1853390,8257670,RMDVR,BWM-VL06,RMDV,BWM06V
6506,8471906,37204.0,23418.0,16830.0,1857184,8346089,1853357,8257336,RMDVR,BWM-VL04,RMDV,BWM04V
6507,8471906,37204.0,23418.0,16830.0,1857184,8346089,1853390,8257669,RMDVR,BWM-VL06,RMDV,BWM06V
6508,8471906,37204.0,23418.0,16830.0,1857184,8346089,1857221,8346953,RMDVR,RMDDL,RMDV,RMDD
6509,8471905,36984.0,23570.0,16890.0,1857184,8346088,1853390,8257669,RMDVR,BWM-VL06,RMDV,BWM06V
6510,8471905,36984.0,23570.0,16890.0,1857184,8346088,1857221,8346952,RMDVR,RMDDL,RMDV,RMDD
6511,8470414,39982.0,27886.0,11550.0,1857184,8346404,1853271,8255271,RMDVR,BWM-VL05,RMDV,BWM05V
6512,8470414,39982.0,27886.0,11550.0,1857184,8346404,1859074,8394587,RMDVR,RMDVL,RMDV,RMDV
6513,8470407,40538.0,28292.0,10170.0,1857184,8346448,1853073,8251379,RMDVR,RMED,RMDV,RMED
6514,8470407,40538.0,28292.0,10170.0,1857184,8346448,1853614,8261230,RMDVR,BWM-VR05,RMDV,BWM05V
6515,8470423,42287.0,27481.0,12540.0,1857184,8346281,1857657,8361481,RMDVR,SMBVL,RMDV,SMBV
6516,8471879,41922.0,28236.0,11010.0,1853073,8252122,1859238,8398553,RMED,SMDDL,RMED,SMDD
6517,8471879,41922.0,28236.0,11010.0,1853073,8252122,1853302,8255822,RMED,BWM-VL03,RMED,BWM03V
6518,8471879,41922.0,28236.0,11010.0,1853073,8252122,1853333,8256477,RMED,BWM-VL01,RMED,BWM01V
6519,8471879,41922.0,28236.0,11010.0,1853073,8252122,1853302,8255856,RMED,BWM-VL03,RMED,BWM03V
6520,8471879,41922.0,28236.0,11010.0,1853073,8252122,1853333,8256508,RMED,BWM-VL01,RMED,BWM01V
6521,8472173,41240.0,28186.0,10890.0,1853073,8252126,1853333,8256499,RMED,BWM-VL01,RMED,BWM01V
6522,8472173,41240.0,28186.0,10890.0,1853073,8252126,1853333,8256475,RMED,BWM-VL01,RMED,BWM01V
6523,8472173,41240.0,28186.0,10890.0,1853073,8252126,1853302,8255859,RMED,BWM-VL03,RMED,BWM03V
6524,8472173,41240.0,28186.0,10890.0,1853073,8252126,1853558,8260276,RMED,BWM-VR01,RMED,BWM01V
6525,8470438,42320.0,28106.0,10830.0,1853073,8252129,1853558,8260287,RMED,BWM-VR01,RMED,BWM01V
6526,8470438,42320.0,28106.0,10830.0,1853073,8252129,1853333,8256489,RMED,BWM-VL01,RMED,BWM01V
6527,8470440,42340.0,28146.0,10530.0,1853073,8252167,1853558,8260279,RMED,BWM-VR01,RMED,BWM01V
6528,8470440,42340.0,28146.0,10530.0,1853073,8252167,1853333,8256511,RMED,BWM-VL01,RMED,BWM01V
6529,8472175,39158.0,28052.0,10230.0,1853073,8251381,1853333,8256552,RMED,BWM-VL01,RMED,BWM01V
6530,8472175,39158.0,28052.0,10230.0,1853073,8251381,1853614,8261250,RMED,BWM-VR05,RMED,BWM05V
6531,8472175,39158.0,28052.0,10230.0,1853073,8251381,1853558,8260213,RMED,BWM-VR01,RMED,BWM01V
6532,8472175,39158.0,28052.0,10230.0,1853073,8251381,1853582,8260680,RMED,BWM-VR03,RMED,BWM03V
6533,8472175,39158.0,28052.0,10230.0,1853073,8251381,1853302,8255936,RMED,BWM-VL03,RMED,BWM03V
6534,8472174,39676.0,27974.0,11160.0,1853073,8252117,1853271,8255325,RMED,BWM-VL05,RMED,BWM05V
6535,8472174,39676.0,27974.0,11160.0,1853073,8252117,1853558,8260232,RMED,BWM-VR01,RMED,BWM01V
6536,8472174,39676.0,27974.0,11160.0,1853073,8252117,1853582,8260676,RMED,BWM-VR03,RMED,BWM03V
6537,8472174,39676.0,27974.0,11160.0,1853073,8252117,1853582,8260637,RMED,BWM-VR03,RMED,BWM03V
6538,8472174,39676.0,27974.0,11160.0,1853073,8252117,1853302,8255843,RMED,BWM-VL03,RMED,BWM03V
6539,8472174,39676.0,27974.0,11160.0,1853073,8252117,1853333,8256565,RMED,BWM-VL01,RMED,BWM01V
6540,8470442,40702.0,28072.0,11250.0,1853073,8252114,1853614,8261180,RMED,BWM-VR05,RMED,BWM05V
6541,8470442,40702.0,28072.0,11250.0,1853073,8252114,1853558,8260263,RMED,BWM-VR01,RMED,BWM01V
6542,8470442,40702.0,28072.0,11250.0,1853073,8252114,1853333,8256462,RMED,BWM-VL01,RMED,BWM01V
6543,8470442,40702.0,28072.0,11250.0,1853073,8252114,1853302,8255838,RMED,BWM-VL03,RMED,BWM03V
6544,8470442,40702.0,28072.0,11250.0,1853073,8252114,1853271,8255281,RMED,BWM-VL05,RMED,BWM05V
6545,8472178,41662.0,28384.0,9900.0,1853073,8251370,1853582,8260595,RMED,BWM-VR03,RMED,BWM03V
6546,8472178,41662.0,28384.0,9900.0,1853073,8251370,1856212,8327346,RMED,SMDDR,RMED,SMDD
6547,8472178,41662.0,28384.0,9900.0,1853073,8251370,1853333,8256532,RMED,BWM-VL01,RMED,BWM01V
6548,8472178,41662.0,28384.0,9900.0,1853073,8251370,1853558,8260174,RMED,BWM-VR01,RMED,BWM01V
6549,8472176,42110.0,28344.0,10050.0,1853073,8251375,1853558,8260193,RMED,BWM-VR01,RMED,BWM01V
6550,8472176,42110.0,28344.0,10050.0,1853073,8251375,1856212,8327375,RMED,SMDDR,RMED,SMDD
6551,8472176,42110.0,28344.0,10050.0,1853073,8251375,1853333,8256527,RMED,BWM-VL01,RMED,BWM01V
6552,8470446,41586.0,28432.0,10110.0,1853073,8251377,1853582,8260684,RMED,BWM-VR03,RMED,BWM03V
6553,8470446,41586.0,28432.0,10110.0,1853073,8251377,1853558,8260181,RMED,BWM-VR01,RMED,BWM01V
6554,8470447,41178.0,28544.0,9960.0,1853073,8251372,1853582,8260723,RMED,BWM-VR03,RMED,BWM03V
6555,8470447,41178.0,28544.0,9960.0,1853073,8251372,1853558,8260172,RMED,BWM-VR01,RMED,BWM01V
6556,8470448,40378.0,28444.0,9780.0,1853073,8251440,1853614,8261125,RMED,BWM-VR05,RMED,BWM05V
6557,8470448,40378.0,28444.0,9780.0,1853073,8251440,1853582,8260586,RMED,BWM-VR03,RMED,BWM03V
6558,8470448,40378.0,28444.0,9780.0,1853073,8251440,1853558,8260159,RMED,BWM-VR01,RMED,BWM01V
6559,8470448,40378.0,28444.0,9780.0,1853073,8251440,1853582,8260714,RMED,BWM-VR03,RMED,BWM03V
6560,8470448,40378.0,28444.0,9780.0,1853073,8251440,1859074,8394530,RMED,RMDVL,RMED,RMDV
6561,8470459,33358.0,23351.0,5940.0,1856030,8322767,1854729,8290115,RMEL,BWM-DR02,RMEL/R,BWM02D
6562,8470459,33358.0,23351.0,5940.0,1856030,8322767,1853484,8259232,RMEL,BWM-VR02,RMEL/R,BWM02V
6563,8472184,34758.0,23979.0,6090.0,1856030,8322772,1853484,8259236,RMEL,BWM-VR02,RMEL/R,BWM02V
6564,8472184,34758.0,23979.0,6090.0,1856030,8322772,1854729,8290138,RMEL,BWM-DR02,RMEL/R,BWM02D
6565,8472184,34758.0,23979.0,6090.0,1856030,8322772,1853484,8259357,RMEL,BWM-VR02,RMEL/R,BWM02V
6566,8467679,36892.0,23610.0,5610.0,1856030,8322756,1852870,8245439,RMEL,BWM-DR04,RMEL/R,BWM04D
6567,8467679,36892.0,23610.0,5610.0,1856030,8322756,1853519,8259814,RMEL,BWM-VR04,RMEL/R,BWM04V
6568,8467679,36892.0,23610.0,5610.0,1856030,8322756,1852870,8245472,RMEL,BWM-DR04,RMEL/R,BWM04D
6569,8472179,36894.0,23959.0,5700.0,1856030,8323303,1852870,8245438,RMEL,BWM-DR04,RMEL/R,BWM04D
6570,8472179,36894.0,23959.0,5700.0,1856030,8323303,1853484,8259350,RMEL,BWM-VR02,RMEL/R,BWM02V
6571,8470460,35738.0,23835.0,5820.0,1856030,8322763,1853484,8259285,RMEL,BWM-VR02,RMEL/R,BWM02V
6572,8470460,35738.0,23835.0,5820.0,1856030,8322763,1853484,8259366,RMEL,BWM-VR02,RMEL/R,BWM02V
6573,8470460,35738.0,23835.0,5820.0,1856030,8322763,1852870,8245492,RMEL,BWM-DR04,RMEL/R,BWM04D
6574,8470458,34698.0,23819.0,5970.0,1856030,8322768,1853484,8259361,RMEL,BWM-VR02,RMEL/R,BWM02V
6575,8470458,34698.0,23819.0,5970.0,1856030,8322768,1853484,8259212,RMEL,BWM-VR02,RMEL/R,BWM02V
6576,8470454,36694.0,24127.0,5820.0,1856030,8323299,1854729,8290334,RMEL,BWM-DR02,RMEL/R,BWM02D
6577,8470454,36694.0,24127.0,5820.0,1856030,8323299,1853519,8259804,RMEL,BWM-VR04,RMEL/R,BWM04V
6578,8470456,33838.0,24435.0,6420.0,1856030,8323282,1853519,8259765,RMEL,BWM-VR04,RMEL/R,BWM04V
6579,8470456,33838.0,24435.0,6420.0,1856030,8323282,1853484,8259191,RMEL,BWM-VR02,RMEL/R,BWM02V
6580,8470456,33838.0,24435.0,6420.0,1856030,8323282,1854729,8290268,RMEL,BWM-DR02,RMEL/R,BWM02D
6581,8472183,33918.0,23727.0,6150.0,1856030,8322774,1854729,8290079,RMEL,BWM-DR02,RMEL/R,BWM02D
6582,8472183,33918.0,23727.0,6150.0,1856030,8322774,1853519,8259750,RMEL,BWM-VR04,RMEL/R,BWM04V
6583,8472183,33918.0,23727.0,6150.0,1856030,8322774,1853484,8259206,RMEL,BWM-VR02,RMEL/R,BWM02V
6584,8472182,34630.0,24451.0,6060.0,1856030,8323288,1853484,8259236,RMEL,BWM-VR02,RMEL/R,BWM02V
6585,8472182,34630.0,24451.0,6060.0,1856030,8323288,1854729,8290297,RMEL,BWM-DR02,RMEL/R,BWM02D
6586,8472182,34630.0,24451.0,6060.0,1856030,8323288,1853519,8259760,RMEL,BWM-VR04,RMEL/R,BWM04V
6587,8472182,34630.0,24451.0,6060.0,1856030,8323288,1855695,8315785,RMEL,IL1R,RMEL/R,IL1L/R
6588,8472182,34630.0,24451.0,6060.0,1856030,8323288,1853484,8259357,RMEL,BWM-VR02,RMEL/R,BWM02V
6589,8470457,33809.0,24688.0,6360.0,1856030,8323280,1853484,8259195,RMEL,BWM-VR02,RMEL/R,BWM02V
6590,8470457,33809.0,24688.0,6360.0,1856030,8323280,1853519,8259878,RMEL,BWM-VR04,RMEL/R,BWM04V
6591,8472180,36406.0,24219.0,5910.0,1856030,8323296,1853484,8259278,RMEL,BWM-VR02,RMEL/R,BWM02V
6592,8472180,36406.0,24219.0,5910.0,1856030,8323296,1853519,8259809,RMEL,BWM-VR04,RMEL/R,BWM04V
6593,8472181,35966.0,24331.0,6000.0,1856030,8323294,1853519,8259811,RMEL,BWM-VR04,RMEL/R,BWM04V
6594,8472181,35966.0,24331.0,6000.0,1856030,8323294,1853484,8259360,RMEL,BWM-VR02,RMEL/R,BWM02V
6595,8472181,35966.0,24331.0,6000.0,1856030,8323294,1853484,8259279,RMEL,BWM-VR02,RMEL/R,BWM02V
6596,8470461,36654.0,23655.0,5670.0,1856030,8322758,1853484,8259350,RMEL,BWM-VR02,RMEL/R,BWM02V
6597,8470455,36038.0,24087.0,5820.0,1856030,8323299,1853484,8259364,RMEL,BWM-VR02,RMEL/R,BWM02V
6598,8470455,36038.0,24087.0,5820.0,1856030,8323299,1853484,8259283,RMEL,BWM-VR02,RMEL/R,BWM02V
6599,8472186,36274.0,21880.0,15960.0,1854565,8286188,1853236,8254943,RMER,BWM-DL02,RMEL/R,BWM02D
6600,8472186,36274.0,21880.0,15960.0,1854565,8286188,1853155,8253272,RMER,BWM-DL04,RMEL/R,BWM04D
6601,8472186,36274.0,21880.0,15960.0,1854565,8286188,1853236,8254805,RMER,BWM-DL02,RMEL/R,BWM02D
6602,8470463,37230.0,22136.0,16080.0,1854565,8285649,1853236,8254855,RMER,BWM-DL02,RMEL/R,BWM02D
6603,8470463,37230.0,22136.0,16080.0,1854565,8285649,1853433,8258475,RMER,BWM-VL02,RMEL/R,BWM02V
6604,8470463,37230.0,22136.0,16080.0,1854565,8285649,1853155,8253276,RMER,BWM-DL04,RMEL/R,BWM04D
6605,8472185,36734.0,21584.0,15690.0,1854565,8286197,1853357,8256996,RMER,BWM-VL04,RMEL/R,BWM04V
6606,8472185,36734.0,21584.0,15690.0,1854565,8286197,1853155,8253296,RMER,BWM-DL04,RMEL/R,BWM04D
6607,8472185,36734.0,21584.0,15690.0,1854565,8286197,1853433,8258398,RMER,BWM-VL02,RMEL/R,BWM02V
6608,8470464,37526.0,22072.0,16080.0,1854565,8285649,1853236,8254855,RMER,BWM-DL02,RMEL/R,BWM02D
6609,8470464,37526.0,22072.0,16080.0,1854565,8285649,1853433,8258475,RMER,BWM-VL02,RMEL/R,BWM02V
6610,8470467,35978.0,22132.0,16290.0,1854565,8285643,1853433,8258415,RMER,BWM-VL02,RMEL/R,BWM02V
6611,8470467,35978.0,22132.0,16290.0,1854565,8285643,1853236,8254916,RMER,BWM-DL02,RMEL/R,BWM02D
6612,8470474,34934.0,21378.0,15840.0,1854565,8286135,1853236,8254819,RMER,BWM-DL02,RMEL/R,BWM02D
6613,8470474,34934.0,21378.0,15840.0,1854565,8286135,1853433,8258356,RMER,BWM-VL02,RMEL/R,BWM02V
6614,8470475,34434.0,21106.0,15630.0,1854565,8286128,1853433,8258337,RMER,BWM-VL02,RMEL/R,BWM02V
6615,8470475,34434.0,21106.0,15630.0,1854565,8286128,1853236,8254949,RMER,BWM-DL02,RMEL/R,BWM02D
6616,8470468,36350.0,22312.0,16320.0,1854565,8285642,1853433,8258416,RMER,BWM-VL02,RMEL/R,BWM02V
6617,8470468,36350.0,22312.0,16320.0,1854565,8285642,1853236,8254917,RMER,BWM-DL02,RMEL/R,BWM02D
6618,8470468,36350.0,22312.0,16320.0,1854565,8285642,1853236,8254835,RMER,BWM-DL02,RMEL/R,BWM02D
6619,8470470,35070.0,22344.0,16350.0,1854565,8285665,1853433,8258427,RMER,BWM-VL02,RMEL/R,BWM02V
6620,8470470,35070.0,22344.0,16350.0,1854565,8285665,1853236,8254926,RMER,BWM-DL02,RMEL/R,BWM02D
6621,8470470,35070.0,22344.0,16350.0,1854565,8285665,1853236,8254836,RMER,BWM-DL02,RMEL/R,BWM02D
6622,8470471,36298.0,21684.0,15840.0,1854565,8286192,1853236,8254801,RMER,BWM-DL02,RMEL/R,BWM02D
6623,8470471,36298.0,21684.0,15840.0,1854565,8286192,1853236,8254819,RMER,BWM-DL02,RMEL/R,BWM02D
6624,8470471,36298.0,21684.0,15840.0,1854565,8286192,1853433,8258373,RMER,BWM-VL02,RMEL/R,BWM02V
6625,8470473,35394.0,21366.0,15900.0,1854565,8286137,1853433,8258409,RMER,BWM-VL02,RMEL/R,BWM02V
6626,8470473,35394.0,21366.0,15900.0,1854565,8286137,1853236,8254821,RMER,BWM-DL02,RMEL/R,BWM02D
6627,8470473,35394.0,21366.0,15900.0,1854565,8286137,1853236,8254803,RMER,BWM-DL02,RMEL/R,BWM02D
6628,8470465,36646.0,22244.0,16200.0,1854565,8285645,1853433,8258305,RMER,BWM-VL02,RMEL/R,BWM02V
6629,8470465,36646.0,22244.0,16200.0,1854565,8285645,1853236,8254891,RMER,BWM-DL02,RMEL/R,BWM02D
6630,8470465,36646.0,22244.0,16200.0,1854565,8285645,1853433,8258313,RMER,BWM-VL02,RMEL/R,BWM02V
6631,8470486,32304.0,18019.0,10620.0,1855757,8317020,1852950,8247488,RMEV,BWM-DL03,RMEV,BWM03D
6632,8470486,32304.0,18019.0,10620.0,1855757,8317020,1852913,8245995,RMEV,BWM-DL01,RMEV,BWM01D
6633,8470487,33196.0,17812.0,8790.0,1855757,8317497,1854763,8290719,RMEV,BWM-DR01,RMEV,BWM01D
6634,8470487,33196.0,17812.0,8790.0,1855757,8317497,1852950,8247626,RMEV,BWM-DL03,RMEV,BWM03D
6635,8470487,33196.0,17812.0,8790.0,1855757,8317497,1852913,8246082,RMEV,BWM-DL01,RMEV,BWM01D
6636,8470481,32900.0,17192.0,9930.0,1855757,8317043,1852950,8470482,RMEV,BWM-DL03,RMEV,BWM03D
6637,8470481,32900.0,17192.0,9930.0,1855757,8317043,1854763,8290756,RMEV,BWM-DR01,RMEV,BWM01D
6638,8470481,32900.0,17192.0,9930.0,1855757,8317043,1852827,8245065,RMEV,SMDVL,RMEV,SMDV
6639,8470481,32900.0,17192.0,9930.0,1855757,8317043,1852913,8246043,RMEV,BWM-DL01,RMEV,BWM01D
6640,8470490,31502.0,19564.0,6750.0,1855757,8317409,1854763,8290578,RMEV,BWM-DR01,RMEV,BWM01D
6641,8470490,31502.0,19564.0,6750.0,1855757,8317409,1854729,8290250,RMEV,BWM-DR02,RMEV,BWM02D
6642,8472187,32282.0,17956.0,10380.0,1855757,8317028,1856168,8326158,RMEV,RMDDR,RMEV,RMDD
6643,8472187,32282.0,17956.0,10380.0,1855757,8317028,1852950,8247496,RMEV,BWM-DL03,RMEV,BWM03D
6644,8472187,32282.0,17956.0,10380.0,1855757,8317028,1852913,8246003,RMEV,BWM-DL01,RMEV,BWM01D
6645,8472187,32282.0,17956.0,10380.0,1855757,8317028,1854703,8289789,RMEV,BWM-DR03,RMEV,BWM03D
6646,8470478,33278.0,17632.0,9060.0,1855757,8317071,1852950,8247639,RMEV,BWM-DL03,RMEV,BWM03D
6647,8470478,33278.0,17632.0,9060.0,1855757,8317071,1852913,8246073,RMEV,BWM-DL01,RMEV,BWM01D
6648,8470478,33278.0,17632.0,9060.0,1855757,8317071,1854763,8290728,RMEV,BWM-DR01,RMEV,BWM01D
6649,8470478,33278.0,17632.0,9060.0,1855757,8317071,1854703,8289730,RMEV,BWM-DR03,RMEV,BWM03D
6650,8470478,33278.0,17632.0,9060.0,1855757,8317071,1852950,8247573,RMEV,BWM-DL03,RMEV,BWM03D
6651,8472188,32908.0,17780.0,8880.0,1855757,8317500,1852913,8246079,RMEV,BWM-DL01,RMEV,BWM01D
6652,8472188,32908.0,17780.0,8880.0,1855757,8317500,1852950,8247578,RMEV,BWM-DL03,RMEV,BWM03D
6653,8472188,32908.0,17780.0,8880.0,1855757,8317500,1854763,8290722,RMEV,BWM-DR01,RMEV,BWM01D
6654,8472188,32908.0,17780.0,8880.0,1855757,8317500,1854703,8289724,RMEV,BWM-DR03,RMEV,BWM03D
6655,8470479,33226.0,17432.0,9570.0,1855757,8317055,1852827,8245053,RMEV,SMDVL,RMEV,SMDV
6656,8470479,33226.0,17432.0,9570.0,1855757,8317055,1852913,8246031,RMEV,BWM-DL01,RMEV,BWM01D
6657,8470479,33226.0,17432.0,9570.0,1855757,8317055,1854703,8289747,RMEV,BWM-DR03,RMEV,BWM03D
6658,8470479,33226.0,17432.0,9570.0,1855757,8317055,1852950,8247557,RMEV,BWM-DL03,RMEV,BWM03D
6659,8470479,33226.0,17432.0,9570.0,1855757,8317055,1854763,8290744,RMEV,BWM-DR01,RMEV,BWM01D
6660,8469605,33476.0,17572.0,8820.0,1855757,8317079,1852950,8247625,RMEV,BWM-DL03,RMEV,BWM03D
6661,8469605,33476.0,17572.0,8820.0,1855757,8317079,1854639,8287802,RMEV,BWM-DR05,RMEV,BWM05D
6662,8469605,33476.0,17572.0,8820.0,1855757,8317079,1854703,8289832,RMEV,BWM-DR03,RMEV,BWM03D
6663,8470489,32816.0,17808.0,8190.0,1855757,8317464,1852913,8246099,RMEV,BWM-DL01,RMEV,BWM01D
6664,8470489,32816.0,17808.0,8190.0,1855757,8317464,1854639,8287840,RMEV,BWM-DR05,RMEV,BWM05D
6665,8470489,32816.0,17808.0,8190.0,1855757,8317464,1854703,8289664,RMEV,BWM-DR03,RMEV,BWM03D
6666,8470489,32816.0,17808.0,8190.0,1855757,8317464,1854175,8276535,RMEV,SMDVR,RMEV,SMDV
6667,8470489,32816.0,17808.0,8190.0,1855757,8317464,1854763,8290683,RMEV,BWM-DR01,RMEV,BWM01D
6668,8470488,32792.0,17952.0,8490.0,1855757,8317487,1854639,8287851,RMEV,BWM-DR05,RMEV,BWM05D
6669,8470488,32792.0,17952.0,8490.0,1855757,8317487,1854703,8289848,RMEV,BWM-DR03,RMEV,BWM03D
6670,8470488,32792.0,17952.0,8490.0,1855757,8317487,1854639,8287657,RMEV,BWM-DR05,RMEV,BWM05D
6671,8470488,32792.0,17952.0,8490.0,1855757,8317487,1854763,8290708,RMEV,BWM-DR01,RMEV,BWM01D
6672,8470493,37630.0,27257.0,4290.0,1852675,8241993,1857613,8360045,RMFL,AVKL,RMF,AVK
6673,8470493,37630.0,27257.0,4290.0,1852675,8241993,1859497,8406248,RMFL,RMDR,RMF,RMDL/R
6674,8470504,34506.0,21687.0,3420.0,1852675,8241778,1857613,8359982,RMFL,AVKL,RMF,AVK
6675,8470504,34506.0,21687.0,3420.0,1852675,8241778,1859497,8407195,RMFL,RMDR,RMF,RMDL/R
6676,8470499,34686.0,21755.0,3600.0,1852675,8241784,1859497,8407184,RMFL,RMDR,RMF,RMDL/R
6677,8470499,34686.0,21755.0,3600.0,1852675,8241784,1857613,8359988,RMFL,AVKL,RMF,AVK
6678,8470499,34686.0,21755.0,3600.0,1852675,8241784,1859413,8404337,RMFL,RIML,RMF,RIM
6679,8472189,37614.0,27537.0,4290.0,1852675,8241993,1857376,8351461,RMFL,AVKR,RMF,AVK
6680,8470492,41644.0,30098.0,8100.0,1852675,8242120,1857376,8351334,RMFL,AVKR,RMF,AVK
6681,8470492,41644.0,30098.0,8100.0,1852675,8242120,1857613,8360176,RMFL,AVKL,RMF,AVK
6682,8470501,34622.0,22439.0,3450.0,1852675,8241779,1857613,8359983,RMFL,AVKL,RMF,AVK
6683,8470501,34622.0,22439.0,3450.0,1852675,8241779,1857376,8351510,RMFL,AVKR,RMF,AVK
6684,8470505,35218.0,24231.0,3420.0,1852675,8241936,1857613,8360003,RMFL,AVKL,RMF,AVK
6685,8470505,35218.0,24231.0,3420.0,1852675,8241936,1857376,8351499,RMFL,AVKR,RMF,AVK
6686,8470496,35714.0,25677.0,4230.0,1852675,8241970,1857376,8351473,RMFL,AVKR,RMF,AVK
6687,8470496,35714.0,25677.0,4230.0,1852675,8241970,1858998,8392995,RMFL,RMDL,RMF,RMDL/R
6688,8470494,37114.0,27057.0,4290.0,1852675,8241993,1857376,8351461,RMFL,AVKR,RMF,AVK
6689,8470494,37114.0,27057.0,4290.0,1852675,8241993,1859497,8406248,RMFL,RMDR,RMF,RMDL/R
6690,8470495,35990.0,25793.0,4380.0,1852675,8241975,1857376,8351458,RMFL,AVKR,RMF,AVK
6691,8470495,35990.0,25793.0,4380.0,1852675,8241975,1859497,8406240,RMFL,RMDR,RMF,RMDL/R
6692,8470498,34318.0,21895.0,3540.0,1852675,8241782,1859497,8407191,RMFL,RMDR,RMF,RMDL/R
6693,8470498,34318.0,21895.0,3540.0,1852675,8241782,1857376,8351548,RMFL,AVKR,RMF,AVK
6694,8470503,34314.0,21715.0,3450.0,1852675,8241779,1859497,8407194,RMFL,RMDR,RMF,RMDL/R
6695,8470503,34314.0,21715.0,3450.0,1852675,8241779,1857376,8351545,RMFL,AVKR,RMF,AVK
6696,8470511,40822.0,27429.0,3180.0,1852675,8242202,1854817,8292237,RMFL,BAGL,RMF,BAG
6697,8470511,40822.0,27429.0,3180.0,1852675,8242202,1858237,8376704,RMFL,AWCL,RMF,AWC
6698,8470335,35948.0,22531.0,5340.0,1852675,8241920,1854729,8290105,RMFL,BWM-DR02,RMF,BWM02D
6699,8470335,35948.0,22531.0,5340.0,1852675,8241920,1859335,8402264,RMFL,RMHL,RMF,RMH
6700,8470335,35948.0,22531.0,5340.0,1852675,8241920,1854729,8290046,RMFL,BWM-DR02,RMF,BWM02D
6701,8472191,35546.0,22947.0,5220.0,1852675,8241844,1854729,8290107,RMFL,BWM-DR02,RMF,BWM02D
6702,8472191,35546.0,22947.0,5220.0,1852675,8241844,1859497,8406338,RMFL,RMDR,RMF,RMDL/R
6703,8470510,36306.0,22543.0,5310.0,1852675,8241919,1853484,8259301,RMFL,BWM-VR02,RMF,BWM02V
6704,8470510,36306.0,22543.0,5310.0,1852675,8241919,1854729,8290093,RMFL,BWM-DR02,RMF,BWM02D
6705,8470510,36306.0,22543.0,5310.0,1852675,8241919,1859335,8402263,RMFL,RMHL,RMF,RMH
6706,8472190,37790.0,23371.0,5400.0,1852675,8241861,1856030,8322809,RMFL,RMEL,RMF,RMEL/R
6707,8472190,37790.0,23371.0,5400.0,1852675,8241861,1852870,8245464,RMFL,BWM-DR04,RMF,BWM04D
6708,8471908,37038.0,25237.0,5910.0,1852675,8241880,1853484,8259255,RMFL,BWM-VR02,RMF,BWM02V
6709,8470508,38396.0,24411.0,5790.0,1852675,8241876,1855951,8320570,RMFL,CEPVR,RMF,CEPV
6710,8470508,38396.0,24411.0,5790.0,1852675,8241876,1852870,8245405,RMFL,BWM-DR04,RMF,BWM04D
6711,8470508,38396.0,24411.0,5790.0,1852675,8241876,1853519,8259797,RMFL,BWM-VR04,RMF,BWM04V
6712,8470506,37424.0,25207.0,5940.0,1852675,8241882,1859335,8402179,RMFL,RMHL,RMF,RMH
6713,8470506,37424.0,25207.0,5940.0,1852675,8241882,1853519,8259784,RMFL,BWM-VR04,RMF,BWM04V
6714,8470506,37424.0,25207.0,5940.0,1852675,8241882,1853484,8259321,RMFL,BWM-VR02,RMF,BWM02V
6715,8470506,37424.0,25207.0,5940.0,1852675,8241882,1852870,8245392,RMFL,BWM-DR04,RMF,BWM04D
6716,8416500,42988.0,30576.0,5970.0,1852675,8242294,1854817,8292486,RMFL,BAGL,RMF,BAG
6717,8416500,42988.0,30576.0,5970.0,1852675,8242294,1852728,8242460,RMFL,CEPshVR,RMF,CEPshV
6718,8469370,39808.0,29028.0,6450.0,1852675,8242065,1857376,8351389,RMFL,AVKR,RMF,AVK
6719,8469370,39808.0,29028.0,6450.0,1852675,8242065,1856451,8334651,RMFL,PVT,RMF,PVT
6720,8470330,36492.0,22551.0,5370.0,1852675,8241921,1852870,8245460,RMFL,BWM-DR04,RMF,BWM04D
6721,8470330,36492.0,22551.0,5370.0,1852675,8241921,1854729,8290091,RMFL,BWM-DR02,RMF,BWM02D
6722,8470330,36492.0,22551.0,5370.0,1852675,8241921,1858998,8392805,RMFL,RMDL,RMF,RMDL/R
6723,8470329,36812.0,22463.0,5370.0,1852675,8241921,1852870,8245460,RMFL,BWM-DR04,RMF,BWM04D
6724,8470329,36812.0,22463.0,5370.0,1852675,8241921,1853519,8259823,RMFL,BWM-VR04,RMF,BWM04V
6725,8470329,36812.0,22463.0,5370.0,1852675,8241921,1858998,8392805,RMFL,RMDL,RMF,RMDL/R
6726,8470509,38032.0,24943.0,5730.0,1852675,8241874,1859497,8406178,RMFL,RMDR,RMF,RMDL/R
6727,8470509,38032.0,24943.0,5730.0,1852675,8241874,1853484,8259328,RMFL,BWM-VR02,RMF,BWM02V
6728,8470509,38032.0,24943.0,5730.0,1852675,8241874,1858998,8392983,RMFL,RMDL,RMF,RMDL/R
6729,8470509,38032.0,24943.0,5730.0,1852675,8241874,1859335,8402174,RMFL,RMHL,RMF,RMH
6730,8470497,36138.0,25585.0,3930.0,1852675,8241953,1857613,8360034,RMFL,AVKL,RMF,AVK
6731,8470497,36138.0,25585.0,3930.0,1852675,8241953,1859335,8402085,RMFL,RMHL,RMF,RMH
6732,8470507,36628.0,25223.0,5880.0,1852675,8241879,1859074,8394372,RMFL,RMDVL,RMF,RMDV
6733,8470507,36628.0,25223.0,5880.0,1852675,8241879,1854729,8290332,RMFL,BWM-DR02,RMF,BWM02D
6734,8470507,36628.0,25223.0,5880.0,1852675,8241879,1853484,8259256,RMFL,BWM-VR02,RMF,BWM02V
6735,8470532,37882.0,19096.0,15810.0,1853942,8269665,1856963,8340981,RMFR,AVEL,RMF,AVE
6736,8470532,37882.0,19096.0,15810.0,1853942,8269665,1857256,8348602,RMFR,AIBR,RMF,AIB
6737,8470521,37024.0,21250.0,17940.0,1853942,8269787,1856244,8328569,RMFR,RIS,RMF,RIS
6738,8470521,37024.0,21250.0,17940.0,1853942,8269787,1857613,8359485,RMFR,AVKL,RMF,AVK
6739,8472192,37072.0,21446.0,17940.0,1853942,8269787,1857613,8359480,RMFR,AVKL,RMF,AVK
6740,8472192,37072.0,21446.0,17940.0,1853942,8269787,1859497,8407034,RMFR,RMDR,RMF,RMDL/R
6741,8472192,37072.0,21446.0,17940.0,1853942,8269787,1856244,8328569,RMFR,RIS,RMF,RIS
6742,8470515,41866.0,28318.0,14910.0,1853942,8269961,1857613,8359314,RMFR,AVKL,RMF,AVK
6743,8470515,41866.0,28318.0,14910.0,1853942,8269961,1857376,8352210,RMFR,AVKR,RMF,AVK
6744,8470519,38064.0,22434.0,18390.0,1853942,8269802,1857376,8352052,RMFR,AVKR,RMF,AVK
6745,8470519,38064.0,22434.0,18390.0,1853942,8269802,1857421,8353233,RMFR,RIGL,RMF,RIG
6746,8470519,38064.0,22434.0,18390.0,1853942,8269802,1855433,8309581,RMFR,RMHR,RMF,RMH
6747,8470531,36182.0,19112.0,15780.0,1853942,8269400,1857376,8351976,RMFR,AVKR,RMF,AVK
6748,8470531,36182.0,19112.0,15780.0,1853942,8269400,1858998,8392364,RMFR,RMDL,RMF,RMDL/R
6749,8469351,39358.0,25044.0,18660.0,1853942,8269820,1857613,8359436,RMFR,AVKL,RMF,AVK
6750,8469351,39358.0,25044.0,18660.0,1853942,8269820,1858998,8393185,RMFR,RMDL,RMF,RMDL/R
6751,8469351,39358.0,25044.0,18660.0,1853942,8269820,1857376,8352082,RMFR,AVKR,RMF,AVK
6752,8472194,36968.0,20814.0,15330.0,1853942,8269421,1858998,8393121,RMFR,RMDL,RMF,RMDL/R
6753,8472194,36968.0,20814.0,15330.0,1853942,8269421,1853236,8254764,RMFR,BWM-DL02,RMF,BWM02D
6754,8472194,36968.0,20814.0,15330.0,1853942,8269421,1855433,8309461,RMFR,RMHR,RMF,RMH
6755,8472194,36968.0,20814.0,15330.0,1853942,8269421,1853236,8254987,RMFR,BWM-DL02,RMF,BWM02D
6756,8470535,36416.0,20818.0,15540.0,1853942,8269596,1853236,8254963,RMFR,BWM-DL02,RMF,BWM02D
6757,8470535,36416.0,20818.0,15540.0,1853942,8269596,1853236,8254954,RMFR,BWM-DL02,RMF,BWM02D
6758,8470535,36416.0,20818.0,15540.0,1853942,8269596,1859074,8393956,RMFR,RMDVL,RMF,RMDV
6759,8470528,36874.0,20396.0,14910.0,1853942,8269435,1853155,8253198,RMFR,BWM-DL04,RMF,BWM04D
6760,8470528,36874.0,20396.0,14910.0,1853942,8269435,1853236,8254978,RMFR,BWM-DL02,RMF,BWM02D
6761,8470537,37124.0,20546.0,15210.0,1853942,8269425,1855433,8309721,RMFR,RMHR,RMF,RMH
6762,8470537,37124.0,20546.0,15210.0,1853942,8269425,1853236,8254983,RMFR,BWM-DL02,RMF,BWM02D
6763,8470529,37376.0,20640.0,15060.0,1853942,8269430,1855433,8309726,RMFR,RMHR,RMF,RMH
6764,8470529,37376.0,20640.0,15060.0,1853942,8269430,1853155,8253242,RMFR,BWM-DL04,RMF,BWM04D
6765,8470529,37376.0,20640.0,15060.0,1853942,8269430,1853236,8254973,RMFR,BWM-DL02,RMF,BWM02D
6766,8470530,36564.0,20746.0,15390.0,1853942,8269419,1853236,8254788,RMFR,BWM-DL02,RMF,BWM02D
6767,8470530,36564.0,20746.0,15390.0,1853942,8269419,1853236,8254766,RMFR,BWM-DL02,RMF,BWM02D
6768,8470530,36564.0,20746.0,15390.0,1853942,8269419,1853433,8258397,RMFR,BWM-VL02,RMF,BWM02V
6769,8470530,36564.0,20746.0,15390.0,1853942,8269419,1853155,8253236,RMFR,BWM-DL04,RMF,BWM04D
6770,8467652,38070.0,22966.0,16530.0,1853942,8269564,1853357,8257303,RMFR,BWM-VL04,RMF,BWM04V
6771,8467652,38070.0,22966.0,16530.0,1853942,8269564,1853236,8254881,RMFR,BWM-DL02,RMF,BWM02D
6772,8467652,38070.0,22966.0,16530.0,1853942,8269564,1853433,8258456,RMFR,BWM-VL02,RMF,BWM02V
6773,8472196,38930.0,23032.0,16050.0,1853942,8269547,1853433,8258506,RMFR,BWM-VL02,RMF,BWM02V
6774,8472196,38930.0,23032.0,16050.0,1853942,8269547,1853236,8254854,RMFR,BWM-DL02,RMF,BWM02D
6775,8472196,38930.0,23032.0,16050.0,1853942,8269547,1853357,8257233,RMFR,BWM-VL04,RMF,BWM04V
6776,8472197,36348.0,21054.0,15690.0,1853942,8269601,1858797,8389217,RMFR,IL1L,RMF,IL1L/R
6777,8472197,36348.0,21054.0,15690.0,1853942,8269601,1853236,8254783,RMFR,BWM-DL02,RMF,BWM02D
6778,8472197,36348.0,21054.0,15690.0,1853942,8269601,1853433,8258382,RMFR,BWM-VL02,RMF,BWM02V
6779,8470525,38162.0,22880.0,16350.0,1853942,8269558,1853433,8258427,RMFR,BWM-VL02,RMF,BWM02V
6780,8470525,38162.0,22880.0,16350.0,1853942,8269558,1853357,8257242,RMFR,BWM-VL04,RMF,BWM04V
6781,8470525,38162.0,22880.0,16350.0,1853942,8269558,1855433,8309649,RMFR,RMHR,RMF,RMH
6782,8472193,38854.0,22764.0,15870.0,1853942,8269541,1853357,8256982,RMFR,BWM-VL04,RMF,BWM04V
6783,8472193,38854.0,22764.0,15870.0,1853942,8269541,1855433,8309671,RMFR,RMHR,RMF,RMH
6784,8472193,38854.0,22764.0,15870.0,1853942,8269541,1853433,8258494,RMFR,BWM-VL02,RMF,BWM02V
6785,8470527,38878.0,22172.0,15420.0,1853942,8269508,1853155,8253254,RMFR,BWM-DL04,RMF,BWM04D
6786,8470527,38878.0,22172.0,15420.0,1853942,8269508,1853357,8257012,RMFR,BWM-VL04,RMF,BWM04V
6787,8470516,42298.0,28494.0,15000.0,1853942,8269958,1853794,8264816,RMFR,BAGR,RMF,BAG
6788,8470516,42298.0,28494.0,15000.0,1853942,8269958,1857421,8352954,RMFR,RIGL,RMF,RIG
6789,8471909,42130.0,28372.0,14910.0,1853942,8269961,1857421,8352951,RMFR,RIGL,RMF,RIG
6790,8471909,42130.0,28372.0,14910.0,1853942,8269961,1859269,8399330,RMFR,RIVR,RMF,RIV
6791,8471909,42130.0,28372.0,14910.0,1853942,8269961,1855271,8305272,RMFR,DVC,RMF,DVC
6792,8470536,36182.0,19214.0,15630.0,1853942,8269405,1858998,8392369,RMFR,RMDL,RMF,RMDL/R
6793,8470517,38666.0,24268.0,18660.0,1853942,8270018,1858998,8393179,RMFR,RMDL,RMF,RMDL/R
6794,8470517,38666.0,24268.0,18660.0,1853942,8270018,1857613,8359436,RMFR,AVKL,RMF,AVK
6795,8470518,38618.0,24004.0,18660.0,1853942,8270018,1858998,8393179,RMFR,RMDL,RMF,RMDL/R
6796,8470518,38618.0,24004.0,18660.0,1853942,8270018,1857613,8360465,RMFR,AVKL,RMF,AVK
6797,8470523,35778.0,18528.0,16050.0,1853942,8269386,1858998,8393097,RMFR,RMDL,RMF,RMDL/R
6798,8470523,35778.0,18528.0,16050.0,1853942,8269386,1857613,8359544,RMFR,AVKL,RMF,AVK
6799,8470524,35786.0,17356.0,15240.0,1853942,8269359,1857613,8359571,RMFR,AVKL,RMF,AVK
6800,8470524,35786.0,17356.0,15240.0,1853942,8269359,1858998,8392382,RMFR,RMDL,RMF,RMDL/R
6801,8470522,35898.0,19268.0,16140.0,1853942,8269630,1858998,8393099,RMFR,RMDL,RMF,RMDL/R
6802,8470522,35898.0,19268.0,16140.0,1853942,8269630,1859497,8406800,RMFR,RMDR,RMF,RMDL/R
6803,8470522,35898.0,19268.0,16140.0,1853942,8269630,1857613,8359541,RMFR,AVKL,RMF,AVK
6804,8470533,37270.0,19594.0,14070.0,1853942,8269464,1858882,8390470,RMFR,CEPDL,RMF,CEPD
6805,8470533,37270.0,19594.0,14070.0,1853942,8269464,1858348,8379875,RMFR,RMGL,RMF,RMG
6806,8416878,41374.0,21840.0,15780.0,1858348,8380292,1858425,8380684,RMGL,AIML,RMG,AIM
6807,8416878,41374.0,21840.0,15780.0,1858348,8380292,1858762,8387803,RMGL,ALML,RMG,ALM
6808,8472201,38542.0,19090.0,15240.0,1858348,8379446,1854144,8275374,RMGL,SIBDR,RMG,SIBD
6809,8472201,38542.0,19090.0,15240.0,1858348,8379446,1857842,8366543,RMGL,AVBL,RMG,AVB
6810,8470558,39950.0,20282.0,16200.0,1858348,8380277,1858050,8372232,RMGL,AVJR,RMG,AVJ
6811,8470558,39950.0,20282.0,16200.0,1858348,8380277,1856963,8340956,RMGL,AVEL,RMG,AVE
6812,8470558,39950.0,20282.0,16200.0,1858348,8380277,1857842,8366511,RMGL,AVBL,RMG,AVB
6813,8470540,36248.0,19376.0,15270.0,1858348,8379821,1858998,8392381,RMGL,RMDL,RMG,RMDL/R
6814,8470540,36248.0,19376.0,15270.0,1858348,8379821,1853209,8254201,RMGL,BWM-DL06,RMG,BWM06D
6815,8470540,36248.0,19376.0,15270.0,1858348,8379821,1853155,8253419,RMGL,BWM-DL04,RMG,BWM04D
6816,8471911,36284.0,19382.0,14850.0,1858348,8379835,1853155,8253434,RMGL,BWM-DL04,RMG,BWM04D
6817,8471911,36284.0,19382.0,14850.0,1858348,8379835,1853209,8254187,RMGL,BWM-DL06,RMG,BWM06D
6818,8471911,36284.0,19382.0,14850.0,1858348,8379835,1853191,8253928,RMGL,BWM-DL08,RMG,BWM08D
6819,8470539,36458.0,19360.0,15000.0,1858348,8379830,1853191,8253906,RMGL,BWM-DL08,RMG,BWM08D
6820,8470539,36458.0,19360.0,15000.0,1858348,8379830,1853155,8253410,RMGL,BWM-DL04,RMG,BWM04D
6821,8470549,38710.0,23542.0,17010.0,1858348,8380028,1853470,8258847,RMGL,BWM-VL08,RMG,BWM08V
6822,8470549,38710.0,23542.0,17010.0,1858348,8380028,1853390,8257571,RMGL,BWM-VL06,RMG,BWM06V
6823,8471914,40418.0,20454.0,15690.0,1858348,8380221,1857657,8361509,RMGL,SMBVL,RMG,SMBV
6824,8471914,40418.0,20454.0,15690.0,1858348,8380221,1858943,8391525,RMGL,IL2L,RMG,IL2L/R
6825,8472198,37998.0,18520.0,14940.0,1858348,8379458,1856937,8339899,RMGL,SAAVL,RMG,SAAV
6826,8472198,37998.0,18520.0,14940.0,1858348,8379458,1854592,8286702,RMGL,RID,RMG,RID
6827,8470550,38730.0,23386.0,17280.0,1858348,8380021,1853470,8258854,RMGL,BWM-VL08,RMG,BWM08V
6828,8470550,38730.0,23386.0,17280.0,1858348,8380021,1853390,8257578,RMGL,BWM-VL06,RMG,BWM06V
6829,8470550,38730.0,23386.0,17280.0,1858348,8380021,1858998,8393133,RMGL,RMDL,RMG,RMDL/R
6830,8470554,38690.0,23430.0,17850.0,1858348,8380083,1853390,8257597,RMGL,BWM-VL06,RMG,BWM06V
6831,8470554,38690.0,23430.0,17850.0,1858348,8380083,1853470,8258873,RMGL,BWM-VL08,RMG,BWM08V
6832,8470554,38690.0,23430.0,17850.0,1858348,8380083,1858998,8393152,RMGL,RMDL,RMG,RMDL/R
6833,8470553,38066.0,22814.0,17880.0,1858348,8380085,1858998,8393153,RMGL,RMDL,RMG,RMDL/R
6834,8470553,38066.0,22814.0,17880.0,1858348,8380085,1859497,8407032,RMGL,RMDR,RMG,RMDL/R
6835,8470551,37170.0,20814.0,16890.0,1858348,8379982,1859074,8393909,RMGL,RMDVL,RMG,RMDV
6836,8470551,37170.0,20814.0,16890.0,1858348,8379982,1859497,8406994,RMGL,RMDR,RMG,RMDL/R
6837,8470552,36894.0,20526.0,16920.0,1858348,8379983,1859074,8393910,RMGL,RMDVL,RMG,RMDV
6838,8470552,36894.0,20526.0,16920.0,1858348,8379983,1859497,8407080,RMGL,RMDR,RMG,RMDL/R
6839,8471913,38236.0,21252.0,16740.0,1858348,8379977,1857813,8365463,RMGL,SIBDL,RMG,SIBD
6840,8471913,38236.0,21252.0,16740.0,1858348,8379977,1859497,8406989,RMGL,RMDR,RMG,RMDL/R
6841,8470541,38538.0,19654.0,15810.0,1858348,8379715,1856375,8331865,RMGL,SAADR,RMG,SAAD
6842,8471912,37824.0,18490.0,14400.0,1858348,8379476,1855391,8307908,RMGL,AVAL,RMG,AVA
6843,8471912,37824.0,18490.0,14400.0,1858348,8379476,1854592,8286684,RMGL,RID,RMG,RID
6844,8471912,37824.0,18490.0,14400.0,1858348,8379476,1854065,8272612,RMGL,SAAVR,RMG,SAAV
6845,8470538,36818.0,19448.0,14160.0,1858348,8379872,1859497,8406708,RMGL,RMDR,RMG,RMDL/R
6846,8470538,36818.0,19448.0,14160.0,1858348,8379872,1857184,8345957,RMGL,RMDVR,RMG,RMDV
6847,8470538,36818.0,19448.0,14160.0,1858348,8379872,1853191,8253858,RMGL,BWM-DL08,RMG,BWM08D
6848,8470538,36818.0,19448.0,14160.0,1858348,8379872,1853209,8254331,RMGL,BWM-DL06,RMG,BWM06D
6849,8470538,36818.0,19448.0,14160.0,1858348,8379872,1857453,8354884,RMGL,SIBVL,RMG,SIBV
6850,8470560,38254.0,20946.0,16680.0,1858348,8379975,1857453,8355091,RMGL,SIBVL,RMG,SIBV
6851,8470560,38254.0,20946.0,16680.0,1858348,8379975,1857813,8365465,RMGL,SIBDL,RMG,SIBD
6852,8470556,41154.0,21606.0,15840.0,1858348,8380290,1856963,8341836,RMGL,AVEL,RMG,AVE
6853,8470556,41154.0,21606.0,15840.0,1858348,8380290,1858840,8389746,RMGL,URXL,RMG,URX
6854,8470579,40462.0,24375.0,4860.0,1854875,8294406,1858125,8373896,RMGR,AVFR,RMG,AVF
6855,8470579,40462.0,24375.0,4860.0,1854875,8294406,1855470,8310119,RMGR,AIMR,RMG,AIM
6856,8470574,38234.0,22483.0,3720.0,1854875,8294508,1854322,8278926,RMGR,AVER,RMG,AVE
6857,8470574,38234.0,22483.0,3720.0,1854875,8294508,1854528,8284112,RMGR,AVBR,RMG,AVB
6858,8470574,38234.0,22483.0,3720.0,1854875,8294508,1854304,8278533,RMGR,ASHR,RMG,ASH
6859,8470578,40342.0,23943.0,4890.0,1854875,8294407,1855470,8310118,RMGR,AIMR,RMG,AIM
6860,8470578,40342.0,23943.0,4890.0,1854875,8294407,1854322,8278879,RMGR,AVER,RMG,AVE
6861,8470346,35122.0,21744.0,4770.0,1854875,8294728,1853111,8252380,RMGR,BWM-DR06,RMG,BWM06D
6862,8470569,35874.0,21235.0,5490.0,1854875,8294752,1856287,8330415,RMGR,SIBVR,RMG,SIBV
6863,8470569,35874.0,21235.0,5490.0,1854875,8294752,1853111,8252533,RMGR,BWM-DR06,RMG,BWM06D
6864,8470211,36970.0,26051.0,5040.0,1854875,8294968,1853668,8261906,RMGR,BWM-VR06,RMG,BWM06V
6865,8470211,36970.0,26051.0,5040.0,1854875,8294968,1859497,8406253,RMGR,RMDR,RMG,RMDL/R
6866,8469393,37316.0,25900.0,5430.0,1854875,8294981,1853668,8261893,RMGR,BWM-VR06,RMG,BWM06V
6867,8469393,37316.0,25900.0,5430.0,1854875,8294981,1853699,8262361,RMGR,BWM-VR08,RMG,BWM08V
6868,8470564,37200.0,25865.0,5850.0,1854875,8294995,1853668,8261861,RMGR,BWM-VR06,RMG,BWM06V
6869,8470564,37200.0,25865.0,5850.0,1854875,8294995,1853699,8262347,RMGR,BWM-VR08,RMG,BWM08V
6870,8470564,37200.0,25865.0,5850.0,1854875,8294995,1853519,8259655,RMGR,BWM-VR04,RMG,BWM04V
6871,8470573,38142.0,21637.0,4200.0,1854875,8294599,1857813,8366086,RMGR,SIBDL,RMG,SIBD
6872,8470573,38142.0,21637.0,4200.0,1854875,8294599,1855059,8298815,RMGR,URXR,RMG,URX
6873,8470573,38142.0,21637.0,4200.0,1854875,8294599,1857297,8350102,RMGR,SIADL,RMG,SIAD
6874,8470573,38142.0,21637.0,4200.0,1854875,8294599,1856622,8335673,RMGR,Fragment,RMG,Fragment
6875,8470571,37038.0,24533.0,4320.0,1854875,8294879,1858998,8393018,RMGR,RMDL,RMG,RMDL/R
6876,8470571,37038.0,24533.0,4320.0,1854875,8294879,1854144,8274725,RMGR,SIBDR,RMG,SIBD
6877,8470345,34846.0,21828.0,4770.0,1854875,8294728,1859497,8406383,RMGR,RMDR,RMG,RMDL/R
6878,8470345,34846.0,21828.0,4770.0,1854875,8294728,1853111,8252380,RMGR,BWM-DR06,RMG,BWM06D
6879,8470570,34958.0,21865.0,4380.0,1854875,8294715,1859497,8407159,RMGR,RMDR,RMG,RMDL/R
6880,8470570,34958.0,21865.0,4380.0,1854875,8294715,1853111,8252417,RMGR,BWM-DR06,RMG,BWM06D
6881,8470570,34958.0,21865.0,4380.0,1854875,8294715,1853138,8252787,RMGR,BWM-DR08,RMG,BWM08D
6882,8470566,36290.0,25635.0,4620.0,1854875,8294954,1859497,8406230,RMGR,RMDR,RMG,RMDL/R
6883,8470566,36290.0,25635.0,4620.0,1854875,8294954,1858998,8392814,RMGR,RMDL,RMG,RMDL/R
6884,8470563,35588.0,23745.0,4290.0,1854875,8294867,1858998,8393019,RMGR,RMDL,RMG,RMDL/R
6885,8470563,35588.0,23745.0,4290.0,1854875,8294867,1857184,8345489,RMGR,RMDVR,RMG,RMDV
6886,8470568,35054.0,23645.0,4020.0,1854875,8294859,1857184,8345487,RMGR,RMDVR,RMG,RMDV
6887,8470568,35054.0,23645.0,4020.0,1854875,8294859,1858998,8393040,RMGR,RMDL,RMG,RMDL/R
6888,8470568,35054.0,23645.0,4020.0,1854875,8294859,1858998,8393001,RMGR,RMDL,RMG,RMDL/R
6889,8470576,35734.0,23703.0,3390.0,1854875,8295037,1856375,8331399,RMGR,SAADR,RMG,SAAD
6890,8470576,35734.0,23703.0,3390.0,1854875,8295037,1859335,8402063,RMGR,RMHL,RMG,RMH
6891,8470581,39176.0,22897.0,3870.0,1854875,8294478,1858313,8378935,RMGR,AVFL,RMG,AVF
6892,8470581,39176.0,22897.0,3870.0,1854875,8294478,1855492,8311326,RMGR,SMBVR,RMG,SMBV
6893,8470323,37492.0,24965.0,5670.0,1859335,8402172,1859497,8406178,RMHL,RMDR,RMH,RMDL/R
6894,8470323,37492.0,24965.0,5670.0,1859335,8402172,1853484,8259330,RMHL,BWM-VR02,RMH,BWM02V
6895,8472202,37078.0,24963.0,5790.0,1859335,8402176,1853484,8259258,RMHL,BWM-VR02,RMH,BWM02V
6896,8472202,37078.0,24963.0,5790.0,1859335,8402176,1854729,8290334,RMHL,BWM-DR02,RMH,BWM02D
6897,8472202,37078.0,24963.0,5790.0,1859335,8402176,1859497,8406196,RMHL,RMDR,RMH,RMDL/R
6898,8470584,35590.0,24915.0,3480.0,1859335,8402070,1854786,8291293,RMHL,RIGR,RMH,RIG
6899,8470584,35590.0,24915.0,3480.0,1859335,8402070,1857613,8360005,RMHL,AVKL,RMH,AVK
6900,8470585,35154.0,23055.0,3360.0,1859335,8402064,1857613,8359980,RMHL,AVKL,RMH,AVK
6901,8470585,35154.0,23055.0,3360.0,1859335,8402064,1854786,8291311,RMHL,RIGR,RMH,RIG
6902,8470586,35910.0,22983.0,5280.0,1859335,8402262,1859497,8406340,RMHL,RMDR,RMH,RMDL/R
6903,8470586,35910.0,22983.0,5280.0,1859335,8402262,1854729,8290047,RMHL,BWM-DR02,RMH,BWM02D
6904,8470586,35910.0,22983.0,5280.0,1859335,8402262,1854729,8290107,RMHL,BWM-DR02,RMH,BWM02D
6905,8470586,35910.0,22983.0,5280.0,1859335,8402262,1852675,8241918,RMHL,RMFL,RMH,RMF
6906,8472209,36194.0,22863.0,5190.0,1859335,8402259,1858998,8392799,RMHL,RMDL,RMH,RMDL/R
6907,8472209,36194.0,22863.0,5190.0,1859335,8402259,1859497,8406349,RMHL,RMDR,RMH,RMDL/R
6908,8472209,36194.0,22863.0,5190.0,1859335,8402259,1852675,8241840,RMHL,RMFL,RMH,RMF
6909,8472209,36194.0,22863.0,5190.0,1859335,8402259,1854729,8290097,RMHL,BWM-DR02,RMH,BWM02D
6910,8470587,37146.0,22591.0,5220.0,1859335,8402270,1858998,8392800,RMHL,RMDL,RMH,RMDL/R
6911,8470587,37146.0,22591.0,5220.0,1859335,8402270,1852675,8241849,RMHL,RMFL,RMH,RMF
6912,8472207,35534.0,23771.0,3360.0,1859335,8402064,1854875,8295038,RMHL,RMGR,RMH,RMG
6913,8470520,37758.0,21756.0,18360.0,1855433,8309580,1857421,8353234,RMHR,RIGL,RMH,RIG
6914,8470520,37758.0,21756.0,18360.0,1855433,8309580,1857376,8352051,RMHR,AVKR,RMH,AVK
6915,8470597,37342.0,20772.0,15450.0,1855433,8309471,1858998,8393118,RMHR,RMDL,RMH,RMDL/R
6916,8470597,37342.0,20772.0,15450.0,1855433,8309471,1853236,8254991,RMHR,BWM-DL02,RMH,BWM02D
6917,8470596,37126.0,20836.0,15480.0,1855433,8309472,1853236,8254777,RMHR,BWM-DL02,RMH,BWM02D
6918,8470596,37126.0,20836.0,15480.0,1855433,8309472,1853942,8269411,RMHR,RMFR,RMH,RMF
6919,8470596,37126.0,20836.0,15480.0,1855433,8309472,1858998,8393117,RMHR,RMDL,RMH,RMDL/R
6920,8472210,38758.0,22408.0,15810.0,1855433,8309673,1853433,8258488,RMHR,BWM-VL02,RMH,BWM02V
6921,8472210,38758.0,22408.0,15810.0,1855433,8309673,1853942,8269539,RMHR,RMFR,RMH,RMF
6922,8472210,38758.0,22408.0,15810.0,1855433,8309673,1853357,8256982,RMHR,BWM-VL04,RMH,BWM04V
6923,8472210,38758.0,22408.0,15810.0,1855433,8309673,1853155,8253320,RMHR,BWM-DL04,RMH,BWM04D
6924,8472212,37782.0,20712.0,15060.0,1855433,8309726,1853357,8257024,RMHR,BWM-VL04,RMH,BWM04V
6925,8472212,37782.0,20712.0,15060.0,1855433,8309726,1853155,8253242,RMHR,BWM-DL04,RMH,BWM04D
6926,8470598,37964.0,20774.0,15180.0,1855433,8309722,1853357,8257020,RMHR,BWM-VL04,RMH,BWM04V
6927,8470598,37964.0,20774.0,15180.0,1855433,8309722,1853942,8269499,RMHR,RMFR,RMH,RMF
6928,8470598,37964.0,20774.0,15180.0,1855433,8309722,1853155,8253336,RMHR,BWM-DL04,RMH,BWM04D
6929,8470590,38722.0,22398.0,15990.0,1855433,8309661,1853236,8254934,RMHR,BWM-DL02,RMH,BWM02D
6930,8470590,38722.0,22398.0,15990.0,1855433,8309661,1853433,8258483,RMHR,BWM-VL02,RMH,BWM02V
6931,8470593,38042.0,22666.0,16320.0,1855433,8309648,1853236,8254886,RMHR,BWM-DL02,RMH,BWM02D
6932,8470593,38042.0,22666.0,16320.0,1855433,8309648,1853433,8258426,RMHR,BWM-VL02,RMH,BWM02V
6933,8470593,38042.0,22666.0,16320.0,1855433,8309648,1853357,8257241,RMHR,BWM-VL04,RMH,BWM04V
6934,8470591,38790.0,22698.0,16200.0,1855433,8309654,1853236,8254883,RMHR,BWM-DL02,RMH,BWM02D
6935,8470591,38790.0,22698.0,16200.0,1855433,8309654,1853942,8269552,RMHR,RMFR,RMH,RMF
6936,8470591,38790.0,22698.0,16200.0,1855433,8309654,1853433,8258511,RMHR,BWM-VL02,RMH,BWM02V
6937,8470592,38446.0,22442.0,16770.0,1855433,8309623,1858998,8392324,RMHR,RMDL,RMH,RMDL/R
6938,8470592,38446.0,22442.0,16770.0,1855433,8309623,1853433,8258530,RMHR,BWM-VL02,RMH,BWM02V
6939,8470599,37532.0,20706.0,15150.0,1855433,8309723,1853942,8269427,RMHR,RMFR,RMH,RMF
6940,8470599,37532.0,20706.0,15150.0,1855433,8309723,1853236,8254970,RMHR,BWM-DL02,RMH,BWM02D
6941,8470599,37532.0,20706.0,15150.0,1855433,8309723,1859497,8407127,RMHR,RMDR,RMH,RMDL/R
6942,8470589,38866.0,22216.0,15780.0,1855433,8309674,1853155,8253319,RMHR,BWM-DL04,RMH,BWM04D
6943,8470589,38866.0,22216.0,15780.0,1855433,8309674,1859497,8407138,RMHR,RMDR,RMH,RMDL/R
6944,8472211,36962.0,20876.0,15630.0,1855433,8309477,1853942,8269416,RMHR,RMFR,RMH,RMF
6945,8472211,36962.0,20876.0,15630.0,1855433,8309477,1858998,8393108,RMHR,RMDL,RMH,RMDL/R
6946,8472211,36962.0,20876.0,15630.0,1855433,8309477,1853942,8269599,RMHR,RMFR,RMH,RMF
6947,8470500,35270.0,21111.0,3600.0,1859300,8400902,1855391,8308277,SAADL,AVAL,SAAD,AVA
6948,8470500,35270.0,21111.0,3600.0,1859300,8400902,1859413,8404337,SAADL,RIML,SAAD,RIM
6949,8470627,35194.0,19000.0,4620.0,1859300,8400869,1854175,8275566,SAADL,SMDVR,SAAD,SMDV
6950,8470627,35194.0,19000.0,4620.0,1859300,8400869,1855391,8308244,SAADL,AVAL,SAAD,AVA
6951,8416772,35244.0,18668.0,4890.0,1859300,8400860,1855391,8308235,SAADL,AVAL,SAAD,AVA
6952,8416772,35244.0,18668.0,4890.0,1859300,8400860,1853861,8266970,SAADL,RIMR,SAAD,RIM
6953,8469805,35170.0,19132.0,4380.0,1859300,8400877,1855391,8308252,SAADL,AVAL,SAAD,AVA
6954,8469805,35170.0,19132.0,4380.0,1859300,8400877,1853861,8266953,SAADL,RIMR,SAAD,RIM
6955,8470049,35234.0,19503.0,4200.0,1859300,8400883,1855391,8308258,SAADL,AVAL,SAAD,AVA
6956,8470049,35234.0,19503.0,4200.0,1859300,8400883,1853861,8266947,SAADL,RIMR,SAAD,RIM
6957,8470099,35302.0,20497.0,3930.0,1859300,8400891,1855391,8308266,SAADL,AVAL,SAAD,AVA
6958,8470099,35302.0,20497.0,3930.0,1859300,8400891,1853861,8266939,SAADL,RIMR,SAAD,RIM
6959,8470622,35958.0,22746.0,3120.0,1859300,8400918,1855391,8308293,SAADL,AVAL,SAAD,AVA
6960,8470622,35958.0,22746.0,3120.0,1859300,8400918,1853861,8266912,SAADL,RIMR,SAAD,RIM
6961,8470625,35910.0,22635.0,3300.0,1859300,8400912,1855391,8308287,SAADL,AVAL,SAAD,AVA
6962,8470625,35910.0,22635.0,3300.0,1859300,8400912,1853861,8266918,SAADL,RIMR,SAAD,RIM
6963,8470626,35334.0,20743.0,3810.0,1859300,8400895,1855391,8308270,SAADL,AVAL,SAAD,AVA
6964,8470626,35334.0,20743.0,3810.0,1859300,8400895,1853861,8266935,SAADL,RIMR,SAAD,RIM
6965,8470623,35614.0,21775.0,3360.0,1859300,8400910,1853861,8266920,SAADL,RIMR,SAAD,RIM
6966,8470623,35614.0,21775.0,3360.0,1859300,8400910,1855391,8308285,SAADL,AVAL,SAAD,AVA
6967,8470623,35614.0,21775.0,3360.0,1859300,8400910,1859413,8404346,SAADL,RIML,SAAD,RIM
6968,8470624,35806.0,22215.0,3300.0,1859300,8400912,1855391,8308286,SAADL,AVAL,SAAD,AVA
6969,8470624,35806.0,22215.0,3300.0,1859300,8400912,1853861,8266918,SAADL,RIMR,SAAD,RIM
6970,8470624,35806.0,22215.0,3300.0,1859300,8400912,1859413,8404606,SAADL,RIML,SAAD,RIM
6971,8470076,35100.0,16972.0,7740.0,1859300,8400765,1859413,8404197,SAADL,RIML,SAAD,RIM
6972,8470076,35100.0,16972.0,7740.0,1859300,8400765,1854175,8275695,SAADL,SMDVR,SAAD,SMDV
6973,8470076,35100.0,16972.0,7740.0,1859300,8400765,1853861,8267065,SAADL,RIMR,SAAD,RIM
6974,8462596,35838.0,22584.0,2700.0,1859300,8400932,1854271,8277383,SAADL,OLLR,SAAD,OLL
6975,8462596,35838.0,22584.0,2700.0,1859300,8400932,1853942,8268946,SAADL,RMFR,SAAD,RMF
6976,8470619,35964.0,23140.0,2490.0,1859300,8400939,1853942,8270036,SAADL,RMFR,SAAD,RMF
6977,8470619,35964.0,23140.0,2490.0,1859300,8400939,1854271,8277389,SAADL,OLLR,SAAD,OLL
6978,8470620,35760.0,22292.0,2730.0,1859300,8400931,1853942,8268947,SAADL,RMFR,SAAD,RMF
6979,8470620,35760.0,22292.0,2730.0,1859300,8400931,1854271,8277380,SAADL,OLLR,SAAD,OLL
6980,8470628,34560.0,17714.0,5910.0,1859300,8400826,1854175,8275634,SAADL,SMDVR,SAAD,SMDV
6981,8470628,34560.0,17714.0,5910.0,1859300,8400826,1859413,8404259,SAADL,RIML,SAAD,RIM
6982,8470633,38642.0,19614.0,16170.0,1856375,8331854,1856963,8340955,SAADR,AVEL,SAAD,AVE
6983,8470633,38642.0,19614.0,16170.0,1856375,8331854,1855391,8307849,SAADR,AVAL,SAAD,AVA
6984,8470637,36894.0,18144.0,15570.0,1856375,8331824,1859413,8403938,SAADR,RIML,SAAD,RIM
6985,8470637,36894.0,18144.0,15570.0,1856375,8331824,1852778,8243134,SAADR,AVAR,SAAD,AVA
6986,8470640,36658.0,17658.0,14310.0,1856375,8331782,1852778,8243092,SAADR,AVAR,SAAD,AVA
6987,8470640,36658.0,17658.0,14310.0,1856375,8331782,1859413,8403980,SAADR,RIML,SAAD,RIM
6988,8470642,36422.0,16998.0,13200.0,1856375,8331745,1852778,8243055,SAADR,AVAR,SAAD,AVA
6989,8470642,36422.0,16998.0,13200.0,1856375,8331745,1859413,8404017,SAADR,RIML,SAAD,RIM
6990,8470643,36494.0,16878.0,12750.0,1856375,8331730,1852778,8243041,SAADR,AVAR,SAAD,AVA
6991,8470643,36494.0,16878.0,12750.0,1856375,8331730,1859413,8404032,SAADR,RIML,SAAD,RIM
6992,8470639,36710.0,17708.0,15060.0,1856375,8331807,1859413,8403955,SAADR,RIML,SAAD,RIM
6993,8470639,36710.0,17708.0,15060.0,1856375,8331807,1852675,8241368,SAADR,RMFL,SAAD,RMF
6994,8470638,36674.0,18112.0,15270.0,1856375,8331814,1853861,8267313,SAADR,RIMR,SAAD,RIM
6995,8470638,36674.0,18112.0,15270.0,1856375,8331814,1852778,8243124,SAADR,AVAR,SAAD,AVA
6996,8470641,36442.0,17334.0,13800.0,1856375,8331765,1853861,8267264,SAADR,RIMR,SAAD,RIM
6997,8470641,36442.0,17334.0,13800.0,1856375,8331765,1852778,8243075,SAADR,AVAR,SAAD,AVA
6998,8470634,37774.0,19258.0,17010.0,1856375,8332081,1859413,8403892,SAADR,RIML,SAAD,RIM
6999,8470634,37774.0,19258.0,17010.0,1856375,8332081,1852778,8243180,SAADR,AVAR,SAAD,AVA
7000,8470634,37774.0,19258.0,17010.0,1856375,8332081,1853861,8267368,SAADR,RIMR,SAAD,RIM
7001,8470635,37066.0,18478.0,15930.0,1856375,8331836,1853861,8267334,SAADR,RIMR,SAAD,RIM
7002,8470635,37066.0,18478.0,15930.0,1856375,8331836,1859413,8403926,SAADR,RIML,SAAD,RIM
7003,8470635,37066.0,18478.0,15930.0,1856375,8331836,1852778,8243146,SAADR,AVAR,SAAD,AVA
7004,8469443,35280.0,16247.0,10140.0,1856375,8331646,1852827,8244272,SAADR,SMDVL,SAAD,SMDV
7005,8469443,35280.0,16247.0,10140.0,1856375,8331646,1853861,8267145,SAADR,RIMR,SAAD,RIM
7006,8470645,35420.0,16303.0,11340.0,1856375,8331684,1852827,8244228,SAADR,SMDVL,SAAD,SMDV
7007,8470645,35420.0,16303.0,11340.0,1856375,8331684,1853861,8267183,SAADR,RIMR,SAAD,RIM
7008,8470646,35256.0,16263.0,10980.0,1856375,8331672,1852827,8244240,SAADR,SMDVL,SAAD,SMDV
7009,8470646,35256.0,16263.0,10980.0,1856375,8331672,1853861,8267171,SAADR,RIMR,SAAD,RIM
7010,8470647,35254.0,16224.0,10680.0,1856375,8331664,1852827,8244254,SAADR,SMDVL,SAAD,SMDV
7011,8470647,35254.0,16224.0,10680.0,1856375,8331664,1853861,8267163,SAADR,RIMR,SAAD,RIM
7012,8470636,36938.0,18326.0,16200.0,1856375,8331845,1858777,8388118,SAADR,OLLL,SAAD,OLL
7013,8470636,36938.0,18326.0,16200.0,1856375,8331845,1852675,8241319,SAADR,RMFL,SAAD,RMF
7014,8470632,39818.0,19976.0,15330.0,1856375,8331887,1858348,8379628,SAADR,RMGL,SAAD,RMG
7015,8470644,36214.0,16694.0,12180.0,1856375,8331711,1852827,8244201,SAADR,SMDVL,SAAD,SMDV
7016,8470644,36214.0,16694.0,12180.0,1856375,8331711,1852778,8243022,SAADR,AVAR,SAAD,AVA
7017,8470644,36214.0,16694.0,12180.0,1856375,8331711,1859413,8404051,SAADR,RIML,SAAD,RIM
7018,8470669,36898.0,25219.0,3390.0,1856937,8340320,1855391,8308299,SAAVL,AVAL,SAAV,AVA
7019,8469929,36778.0,25041.0,3300.0,1856937,8340317,1855391,8308287,SAAVL,AVAL,SAAV,AVA
7020,8469929,36778.0,25041.0,3300.0,1856937,8340317,1859413,8404365,SAAVL,RIML,SAAV,RIM
7021,8470670,36458.0,24671.0,3180.0,1856937,8340313,1855391,8308291,SAAVL,AVAL,SAAV,AVA
7022,8470670,36458.0,24671.0,3180.0,1856937,8340313,1859413,8404353,SAAVL,RIML,SAAV,RIM
7023,8416309,37444.0,25743.0,3690.0,1856937,8340330,1853861,8266877,SAAVL,RIMR,SAAV,RIM
7024,8416309,37444.0,25743.0,3690.0,1856937,8340330,1855391,8308309,SAAVL,AVAL,SAAV,AVA
7025,8470658,41780.0,29042.0,7560.0,1856937,8340459,1853861,8266742,SAAVL,RIMR,SAAV,RIM
7026,8470658,41780.0,29042.0,7560.0,1856937,8340459,1855391,8308437,SAAVL,AVAL,SAAV,AVA
7027,8470659,39524.0,27996.0,5820.0,1856937,8340400,1853861,8266800,SAAVL,RIMR,SAAV,RIM
7028,8470659,39524.0,27996.0,5820.0,1856937,8340400,1855391,8308379,SAAVL,AVAL,SAAV,AVA
7029,8470660,39330.0,27835.0,5640.0,1856937,8340394,1853861,8266806,SAAVL,RIMR,SAAV,RIM
7030,8470660,39330.0,27835.0,5640.0,1856937,8340394,1855391,8308373,SAAVL,AVAL,SAAV,AVA
7031,8470663,38406.0,26911.0,4860.0,1856937,8340368,1853861,8266839,SAAVL,RIMR,SAAV,RIM
7032,8470663,38406.0,26911.0,4860.0,1856937,8340368,1855391,8308347,SAAVL,AVAL,SAAV,AVA
7033,8470666,37262.0,25551.0,3570.0,1856937,8340326,1855391,8308305,SAAVL,AVAL,SAAV,AVA
7034,8470666,37262.0,25551.0,3570.0,1856937,8340326,1853861,8266881,SAAVL,RIMR,SAAV,RIM
7035,8470668,37194.0,25391.0,3450.0,1856937,8340322,1853861,8266885,SAAVL,RIMR,SAAV,RIM
7036,8470668,37194.0,25391.0,3450.0,1856937,8340322,1855391,8308301,SAAVL,AVAL,SAAV,AVA
7037,8470671,45922.0,29836.0,9210.0,1856937,8340664,1855391,8308492,SAAVL,AVAL,SAAV,AVA
7038,8470671,45922.0,29836.0,9210.0,1856937,8340664,1853861,8266689,SAAVL,RIMR,SAAV,RIM
7039,8470083,36570.0,24434.0,3060.0,1856937,8340309,1855337,8306986,SAAVL,AIBL,SAAV,AIB
7040,8470083,36570.0,24434.0,3060.0,1856937,8340309,1853861,8266898,SAAVL,RIMR,SAAV,RIM
7041,8470083,36570.0,24434.0,3060.0,1856937,8340309,1855391,8308295,SAAVL,AVAL,SAAV,AVA
7042,8470656,42108.0,29082.0,7770.0,1856937,8340466,1853861,8266735,SAAVL,RIMR,SAAV,RIM
7043,8470656,42108.0,29082.0,7770.0,1856937,8340466,1855391,8308444,SAAVL,AVAL,SAAV,AVA
7044,8470656,42108.0,29082.0,7770.0,1856937,8340466,1853942,8268677,SAAVL,RMFR,SAAV,RMF
7045,8470009,38934.0,27503.0,5460.0,1856937,8340388,1853861,8266812,SAAVL,RIMR,SAAV,RIM
7046,8470009,38934.0,27503.0,5460.0,1856937,8340388,1855391,8308367,SAAVL,AVAL,SAAV,AVA
7047,8470009,38934.0,27503.0,5460.0,1856937,8340388,1856212,8326609,SAAVL,SMDDR,SAAV,SMDD
7048,8470662,38734.0,27295.0,5310.0,1856937,8340383,1856212,8326614,SAAVL,SMDDR,SAAV,SMDD
7049,8470662,38734.0,27295.0,5310.0,1856937,8340383,1853861,8266824,SAAVL,RIMR,SAAV,RIM
7050,8470662,38734.0,27295.0,5310.0,1856937,8340383,1855391,8308362,SAAVL,AVAL,SAAV,AVA
7051,8470652,44358.0,29420.0,8850.0,1856937,8340502,1855391,8308480,SAAVL,AVAL,SAAV,AVA
7052,8470652,44358.0,29420.0,8850.0,1856937,8340502,1856212,8326496,SAAVL,SMDDR,SAAV,SMDD
7053,8470655,43894.0,29268.0,8700.0,1856937,8340497,1856212,8326501,SAAVL,SMDDR,SAAV,SMDD
7054,8470655,43894.0,29268.0,8700.0,1856937,8340497,1855391,8308475,SAAVL,AVAL,SAAV,AVA
7055,8470657,42016.0,29054.0,7710.0,1856937,8340464,1855391,8308442,SAAVL,AVAL,SAAV,AVA
7056,8470657,42016.0,29054.0,7710.0,1856937,8340464,1856212,8326534,SAAVL,SMDDR,SAAV,SMDD
7057,8470664,37844.0,26324.0,4320.0,1856937,8340350,1855391,8308329,SAAVL,AVAL,SAAV,AVA
7058,8470664,37844.0,26324.0,4320.0,1856937,8340350,1856212,8326647,SAAVL,SMDDR,SAAV,SMDD
7059,8470653,44118.0,29688.0,8820.0,1856937,8340501,1853861,8266700,SAAVL,RIMR,SAAV,RIM
7060,8470654,44226.0,29580.0,8700.0,1856937,8340497,1853861,8266704,SAAVL,RIMR,SAAV,RIM
7061,8470654,44226.0,29580.0,8700.0,1856937,8340497,1853942,8268646,SAAVL,RMFR,SAAV,RMF
7062,8470002,42486.0,29234.0,8160.0,1856937,8340479,1853861,8266722,SAAVL,RIMR,SAAV,RIM
7063,8470002,42486.0,29234.0,8160.0,1856937,8340479,1856212,8327309,SAAVL,SMDDR,SAAV,SMDD
7064,8469816,42740.0,27972.0,14070.0,1854065,8272880,1859413,8403706,SAAVR,RIML,SAAV,RIM
7065,8469816,42740.0,27972.0,14070.0,1854065,8272880,1852778,8243339,SAAVR,AVAR,SAAV,AVA
7066,8470034,40318.0,25168.0,17100.0,1854065,8272781,1859413,8403804,SAAVR,RIML,SAAV,RIM
7067,8470034,40318.0,25168.0,17100.0,1854065,8272781,1852778,8243241,SAAVR,AVAR,SAAV,AVA
7068,8470044,40382.0,25442.0,16890.0,1854065,8272787,1859413,8403798,SAAVR,RIML,SAAV,RIM
7069,8470044,40382.0,25442.0,16890.0,1854065,8272787,1852778,8243247,SAAVR,AVAR,SAAV,AVA
7070,8470062,40144.0,24688.0,17280.0,1854065,8272776,1859413,8403809,SAAVR,RIML,SAAV,RIM
7071,8470062,40144.0,24688.0,17280.0,1854065,8272776,1852778,8243236,SAAVR,AVAR,SAAV,AVA
7072,8470678,43054.0,28150.0,13770.0,1854065,8272890,1859413,8403696,SAAVR,RIML,SAAV,RIM
7073,8470678,43054.0,28150.0,13770.0,1854065,8272890,1852778,8243349,SAAVR,AVAR,SAAV,AVA
7074,8470679,42566.0,27908.0,14250.0,1854065,8272874,1859413,8403712,SAAVR,RIML,SAAV,RIM
7075,8470679,42566.0,27908.0,14250.0,1854065,8272874,1852778,8243333,SAAVR,AVAR,SAAV,AVA
7076,8470680,42030.0,27356.0,14760.0,1854065,8272857,1859413,8403729,SAAVR,RIML,SAAV,RIM
7077,8470680,42030.0,27356.0,14760.0,1854065,8272857,1852778,8243316,SAAVR,AVAR,SAAV,AVA
7078,8470681,41774.0,27160.0,15000.0,1854065,8272849,1859413,8403737,SAAVR,RIML,SAAV,RIM
7079,8470681,41774.0,27160.0,15000.0,1854065,8272849,1852778,8243308,SAAVR,AVAR,SAAV,AVA
7080,8470683,40946.0,26216.0,16410.0,1854065,8272803,1859413,8403782,SAAVR,RIML,SAAV,RIM
7081,8470683,40946.0,26216.0,16410.0,1854065,8272803,1852778,8243263,SAAVR,AVAR,SAAV,AVA
7082,8470685,40594.0,25736.0,16770.0,1854065,8272791,1852778,8243251,SAAVR,AVAR,SAAV,AVA
7083,8470685,40594.0,25736.0,16770.0,1854065,8272791,1859413,8403794,SAAVR,RIML,SAAV,RIM
7084,8470688,40042.0,24572.0,17430.0,1854065,8272771,1859413,8403814,SAAVR,RIML,SAAV,RIM
7085,8470688,40042.0,24572.0,17430.0,1854065,8272771,1852778,8243231,SAAVR,AVAR,SAAV,AVA
7086,8470689,39018.0,22008.0,18300.0,1854065,8272741,1852778,8243719,SAAVR,AVAR,SAAV,AVA
7087,8470689,39018.0,22008.0,18300.0,1854065,8272741,1859413,8403843,SAAVR,RIML,SAAV,RIM
7088,8470036,43238.0,28308.0,13560.0,1854065,8272897,1859238,8397715,SAAVR,SMDDL,SAAV,SMDD
7089,8470036,43238.0,28308.0,13560.0,1854065,8272897,1859413,8403689,SAAVR,RIML,SAAV,RIM
7090,8470036,43238.0,28308.0,13560.0,1854065,8272897,1852778,8243356,SAAVR,AVAR,SAAV,AVA
7091,8470248,42130.0,27472.0,14460.0,1854065,8272867,1859238,8397745,SAAVR,SMDDL,SAAV,SMDD
7092,8470248,42130.0,27472.0,14460.0,1854065,8272867,1852778,8243326,SAAVR,AVAR,SAAV,AVA
7093,8470675,44197.0,28585.0,12390.0,1854065,8272936,1859238,8397654,SAAVR,SMDDL,SAAV,SMDD
7094,8470675,44197.0,28585.0,12390.0,1854065,8272936,1852778,8243395,SAAVR,AVAR,SAAV,AVA
7095,8470682,41530.0,26896.0,15270.0,1854065,8272840,1859238,8397772,SAAVR,SMDDL,SAAV,SMDD
7096,8470682,41530.0,26896.0,15270.0,1854065,8272840,1852778,8243300,SAAVR,AVAR,SAAV,AVA
7097,8470676,43685.0,28889.0,12780.0,1854065,8272923,1859413,8403663,SAAVR,RIML,SAAV,RIM
7098,8470676,43685.0,28889.0,12780.0,1854065,8272923,1859238,8397667,SAAVR,SMDDL,SAAV,SMDD
7099,8469704,38090.0,20164.0,17820.0,1854065,8272723,1852778,8243205,SAAVR,AVAR,SAAV,AVA
7100,8469704,38090.0,20164.0,17820.0,1854065,8272723,1853861,8267393,SAAVR,RIMR,SAAV,RIM
7101,8470693,38166.0,20312.0,17940.0,1854065,8272727,1852778,8243209,SAAVR,AVAR,SAAV,AVA
7102,8470693,38166.0,20312.0,17940.0,1854065,8272727,1853861,8267397,SAAVR,RIMR,SAAV,RIM
7103,8470690,38806.0,21536.0,18240.0,1854065,8272737,1852778,8243719,SAAVR,AVAR,SAAV,AVA
7104,8470690,38806.0,21536.0,18240.0,1854065,8272737,1853861,8267672,SAAVR,RIMR,SAAV,RIM
7105,8470690,38806.0,21536.0,18240.0,1854065,8272737,1859413,8403852,SAAVR,RIML,SAAV,RIM
7106,8470691,38558.0,20976.0,18180.0,1854065,8272735,1853861,8267405,SAAVR,RIMR,SAAV,RIM
7107,8470691,38558.0,20976.0,18180.0,1854065,8272735,1852778,8243718,SAAVR,AVAR,SAAV,AVA
7108,8470691,38558.0,20976.0,18180.0,1854065,8272735,1859413,8403854,SAAVR,RIML,SAAV,RIM
7109,8470692,38402.0,20592.0,18090.0,1854065,8272732,1859413,8404651,SAAVR,RIML,SAAV,RIM
7110,8470692,38402.0,20592.0,18090.0,1854065,8272732,1852778,8243715,SAAVR,AVAR,SAAV,AVA
7111,8470692,38402.0,20592.0,18090.0,1854065,8272732,1853861,8267402,SAAVR,RIMR,SAAV,RIM
7112,8470037,42858.0,28380.0,13560.0,1854065,8272897,1859238,8397715,SAAVR,SMDDL,SAAV,SMDD
7113,8470037,42858.0,28380.0,13560.0,1854065,8272897,1853861,8267563,SAAVR,RIMR,SAAV,RIM
7114,8470600,48102.0,29994.0,9780.0,1857098,8344230,1855337,8307261,SDQL,AIBL,SDQ,AIB
7115,8470600,48102.0,29994.0,9780.0,1857098,8344230,1855391,8308695,SDQL,AVAL,SDQ,AVA
7116,8470601,49042.0,29742.0,9840.0,1857098,8344228,1852778,8243658,SDQL,AVAR,SDQ,AVA
7117,8470601,49042.0,29742.0,9840.0,1857098,8344228,1855391,8308697,SDQL,AVAL,SDQ,AVA
7118,8470608,47172.0,29882.0,11160.0,1857098,8344180,1857256,8348987,SDQL,AIBR,SDQ,AIB
7119,8470608,47172.0,29882.0,11160.0,1857098,8344180,1852778,8243438,SDQL,AVAR,SDQ,AVA
7120,8470604,48296.0,29954.0,10860.0,1857098,8344191,1852778,8243448,SDQL,AVAR,SDQ,AVA
7121,8470604,48296.0,29954.0,10860.0,1857098,8344191,1857256,8349008,SDQL,AIBR,SDQ,AIB
7122,8470604,48296.0,29954.0,10860.0,1857098,8344191,1857022,8342114,SDQL,FLPL,SDQ,FLP
7123,8470609,40878.0,21068.0,15450.0,1857098,8343996,1857657,8361515,SDQL,SMBVL,SDQ,SMBV
7124,8470609,40878.0,21068.0,15450.0,1857098,8343996,1858797,8389039,SDQL,IL1L,SDQ,IL1L/R
7125,8470606,45980.0,29358.0,11010.0,1857098,8344186,1859238,8397606,SDQL,SMDDL,SDQ,SMDD
7126,8470606,45980.0,29358.0,11010.0,1857098,8344186,1856244,8328915,SDQL,RIS,SDQ,RIS
7127,8470616,46236.0,29298.0,8070.0,1855155,8300949,1855653,8314762,SDQR,RICR,SDQ,RIC
7128,8470616,46236.0,29298.0,8070.0,1855155,8300949,1857842,8367133,SDQR,AVBL,SDQ,AVB
7129,8470617,44816.0,28834.0,7560.0,1855155,8300932,1857842,8367115,SDQR,AVBL,SDQ,AVB
7130,8470617,44816.0,28834.0,7560.0,1855155,8300932,1857453,8354588,SDQR,SIBVL,SDQ,SIBV
7131,8470605,48804.0,29602.0,10860.0,1855155,8301047,1854528,8285059,SDQR,AVBR,SDQ,AVB
7132,8470605,48804.0,29602.0,10860.0,1855155,8301047,1852778,8243448,SDQR,AVAR,SDQ,AVA
7133,8469167,45050.0,28406.0,13050.0,1855155,8301120,1855193,8302672,SDQR,DVA,SDQ,DVA
7134,8469167,45050.0,28406.0,13050.0,1855155,8301120,1854528,8284776,SDQR,AVBR,SDQ,AVB
7135,8470254,46821.0,29073.0,12000.0,1855155,8301085,1854528,8284811,SDQR,AVBR,SDQ,AVB
7136,8470254,46821.0,29073.0,12000.0,1855155,8301085,1855193,8302707,SDQR,DVA,SDQ,DVA
7137,8470273,47093.0,29195.0,11850.0,1855155,8301080,1855193,8302712,SDQR,DVA,SDQ,DVA
7138,8470273,47093.0,29195.0,11850.0,1855155,8301080,1854528,8285065,SDQR,AVBR,SDQ,AVB
7139,8470611,45641.0,28585.0,12510.0,1855155,8301102,1855193,8302690,SDQR,DVA,SDQ,DVA
7140,8470611,45641.0,28585.0,12510.0,1855155,8301102,1854528,8284794,SDQR,AVBR,SDQ,AVB
7141,8470612,46293.0,28853.0,12150.0,1855155,8301090,1855193,8302702,SDQR,DVA,SDQ,DVA
7142,8470612,46293.0,28853.0,12150.0,1855155,8301090,1854528,8284806,SDQR,AVBR,SDQ,AVB
7143,8470613,47680.0,29262.0,11700.0,1855155,8301075,1854528,8284822,SDQR,AVBR,SDQ,AVB
7144,8470613,47680.0,29262.0,11700.0,1855155,8301075,1855193,8302717,SDQR,DVA,SDQ,DVA
7145,8470610,45357.0,28421.0,12630.0,1855155,8301106,1857098,8344132,SDQR,SDQL,SDQ,SDQ
7146,8470610,45357.0,28421.0,12630.0,1855155,8301106,1854528,8284790,SDQR,AVBR,SDQ,AVB
7147,8470615,48574.0,30024.0,8460.0,1855155,8300970,1857842,8367306,SDQR,AVBL,SDQ,AVB
7148,8470615,48574.0,30024.0,8460.0,1855155,8300970,1855193,8301850,SDQR,DVA,SDQ,DVA
7149,8470614,47030.0,29478.0,9630.0,1855155,8301008,1855337,8307244,SDQR,AIBL,SDQ,AIB
7150,8470614,47030.0,29478.0,9630.0,1855155,8301008,1856212,8327322,SDQR,SMDDR,SDQ,SMDD
7151,8470701,35090.0,20776.0,6090.0,1857703,8362652,1852870,8245268,SMBDL,BWM-DR04,SMBD,BWM04D
7152,8470702,34932.0,20730.0,6000.0,1857703,8362649,1857221,8347674,SMBDL,RMDDL,SMBD,RMDD
7153,8470702,34932.0,20730.0,6000.0,1857703,8362649,1852870,8245271,SMBDL,BWM-DR04,SMBD,BWM04D
7154,8470702,34932.0,20730.0,6000.0,1857703,8362649,1854729,8290174,SMBDL,BWM-DR02,SMBD,BWM02D
7155,8470703,34978.0,20934.0,5850.0,1857703,8362644,1853111,8252344,SMBDL,BWM-DR06,SMBD,BWM06D
7156,8470703,34978.0,20934.0,5850.0,1857703,8362644,1852870,8245276,SMBDL,BWM-DR04,SMBD,BWM04D
7157,8470704,34762.0,19328.0,7050.0,1857703,8362402,1854639,8287603,SMBDL,BWM-DR05,SMBD,BWM05D
7158,8470704,34762.0,19328.0,7050.0,1857703,8362402,1854763,8290427,SMBDL,BWM-DR01,SMBD,BWM01D
7159,8470704,34762.0,19328.0,7050.0,1857703,8362402,1854703,8289608,SMBDL,BWM-DR03,SMBD,BWM03D
7160,8470705,34298.0,19272.0,7350.0,1857703,8362392,1853073,8251023,SMBDL,RMED,SMBD,RMED
7161,8470705,34298.0,19272.0,7350.0,1857703,8362392,1854703,8289618,SMBDL,BWM-DR03,SMBD,BWM03D
7162,8470705,34298.0,19272.0,7350.0,1857703,8362392,1854763,8290437,SMBDL,BWM-DR01,SMBD,BWM01D
7163,8470705,34298.0,19272.0,7350.0,1857703,8362392,1854639,8287918,SMBDL,BWM-DR05,SMBD,BWM05D
7164,8470708,34526.0,19128.0,7500.0,1857703,8362387,1854639,8287619,SMBDL,BWM-DR05,SMBD,BWM05D
7165,8470708,34526.0,19128.0,7500.0,1857703,8362387,1853073,8251019,SMBDL,RMED,SMBD,RMED
7166,8470708,34526.0,19128.0,7500.0,1857703,8362387,1854703,8289623,SMBDL,BWM-DR03,SMBD,BWM03D
7167,8470708,34526.0,19128.0,7500.0,1857703,8362387,1854763,8290442,SMBDL,BWM-DR01,SMBD,BWM01D
7168,8470707,33674.0,18976.0,7470.0,1857703,8362388,1854639,8287914,SMBDL,BWM-DR05,SMBD,BWM05D
7169,8470707,33674.0,18976.0,7470.0,1857703,8362388,1854623,8287437,SMBDL,BWM-DR07,SMBD,BWM07D
7170,8470707,33674.0,18976.0,7470.0,1857703,8362388,1853073,8251015,SMBDL,RMED,SMBD,RMED
7171,8470295,34056.0,18910.0,7590.0,1857703,8362380,1854703,8289628,SMBDL,BWM-DR03,SMBD,BWM03D
7172,8470295,34056.0,18910.0,7590.0,1857703,8362380,1854623,8287434,SMBDL,BWM-DR07,SMBD,BWM07D
7173,8470295,34056.0,18910.0,7590.0,1857703,8362380,1853073,8251025,SMBDL,RMED,SMBD,RMED
7174,8470295,34056.0,18910.0,7590.0,1857703,8362380,1854639,8287960,SMBDL,BWM-DR05,SMBD,BWM05D
7175,8470696,41404.0,19504.0,990.0,1857703,8362604,1854065,8273284,SMBDL,SAAVR,SMBD,SAAV
7176,8470697,41014.0,19822.0,1590.0,1857703,8362584,1854065,8273264,SMBDL,SAAVR,SMBD,SAAV
7177,8470699,40496.0,20048.0,2070.0,1857703,8362568,1854065,8273248,SMBDL,SAAVR,SMBD,SAAV
7178,8470710,36156.0,17234.0,9750.0,1857703,8362306,1859368,8403101,SMBDL,ADAL,SMBD,ADA
7179,8470710,36156.0,17234.0,9750.0,1857703,8362306,1854065,8272459,SMBDL,SAAVR,SMBD,SAAV
7180,8471920,36196.0,17225.0,9960.0,1857703,8362299,1854065,8272466,SMBDL,SAAVR,SMBD,SAAV
7181,8471920,36196.0,17225.0,9960.0,1857703,8362299,1859368,8403094,SMBDL,ADAL,SMBD,ADA
7182,8470709,36062.0,17124.0,9330.0,1857703,8362320,1856937,8340083,SMBDL,SAAVL,SMBD,SAAV
7183,8470709,36062.0,17124.0,9330.0,1857703,8362320,1854065,8272445,SMBDL,SAAVR,SMBD,SAAV
7184,8470709,36062.0,17124.0,9330.0,1857703,8362320,1859368,8403115,SMBDL,ADAL,SMBD,ADA
7185,8470695,42064.0,18892.0,360.0,1857703,8362625,1854053,8271915,SMBDL,ALNR,SMBD,ALN
7186,8470695,42064.0,18892.0,360.0,1857703,8362625,1854065,8273305,SMBDL,SAAVR,SMBD,SAAV
7187,8470700,40268.0,20320.0,2550.0,1857703,8362553,1854053,8271987,SMBDL,ALNR,SMBD,ALN
7188,8470700,40268.0,20320.0,2550.0,1857703,8362553,1854065,8273233,SMBDL,SAAVR,SMBD,SAAV
7189,8470711,36240.0,17018.0,9870.0,1857703,8362302,1854065,8272463,SMBDL,SAAVR,SMBD,SAAV
7190,8470711,36240.0,17018.0,9870.0,1857703,8362302,1856937,8340065,SMBDL,SAAVL,SMBD,SAAV
7191,8470723,35420.0,18231.0,11310.0,1856419,8333034,1852913,8245761,SMBDR,BWM-DL01,SMBD,BWM01D
7192,8470723,35420.0,18231.0,11310.0,1856419,8333034,1852950,8247310,SMBDR,BWM-DL03,SMBD,BWM03D
7193,8470724,34408.0,18019.0,11070.0,1856419,8333026,1853073,8251584,SMBDR,RMED,SMBD,RMED
7194,8470724,34408.0,18019.0,11070.0,1856419,8333026,1853022,8249606,SMBDR,BWM-DL05,SMBD,BWM05D
7195,8470724,34408.0,18019.0,11070.0,1856419,8333026,1852950,8247373,SMBDR,BWM-DL03,SMBD,BWM03D
7196,8470724,34408.0,18019.0,11070.0,1856419,8333026,1852913,8245966,SMBDR,BWM-DL01,SMBD,BWM01D
7197,8470725,34612.0,17899.0,10740.0,1856419,8333017,1853073,8251576,SMBDR,RMED,SMBD,RMED
7198,8470725,34612.0,17899.0,10740.0,1856419,8333017,1853022,8249597,SMBDR,BWM-DL05,SMBD,BWM05D
7199,8470725,34612.0,17899.0,10740.0,1856419,8333017,1852950,8247484,SMBDR,BWM-DL03,SMBD,BWM03D
7200,8470725,34612.0,17899.0,10740.0,1856419,8333017,1852913,8245975,SMBDR,BWM-DL01,SMBD,BWM01D
7201,8470730,35294.0,18101.0,10950.0,1856419,8333022,1853022,8249851,SMBDR,BWM-DL05,SMBD,BWM05D
7202,8470730,35294.0,18101.0,10950.0,1856419,8333022,1853073,8251583,SMBDR,RMED,SMBD,RMED
7203,8470730,35294.0,18101.0,10950.0,1856419,8333022,1852913,8245967,SMBDR,BWM-DL01,SMBD,BWM01D
7204,8470730,35294.0,18101.0,10950.0,1856419,8333022,1852950,8247353,SMBDR,BWM-DL03,SMBD,BWM03D
7205,8470719,35538.0,19182.0,13110.0,1856419,8333103,1853155,8253071,SMBDR,BWM-DL04,SMBD,BWM04D
7206,8470719,35538.0,19182.0,13110.0,1856419,8333103,1853236,8254647,SMBDR,BWM-DL02,SMBD,BWM02D
7207,8470718,35382.0,19118.0,13110.0,1856419,8333103,1853236,8254647,SMBDR,BWM-DL02,SMBD,BWM02D
7208,8470718,35382.0,19118.0,13110.0,1856419,8333103,1856168,8326115,SMBDR,RMDDR,SMBD,RMDD
7209,8470718,35382.0,19118.0,13110.0,1856419,8333103,1853155,8253490,SMBDR,BWM-DL04,SMBD,BWM04D
7210,8470729,34134.0,17845.0,10920.0,1856419,8333021,1853073,8251577,SMBDR,RMED,SMBD,RMED
7211,8470729,34134.0,17845.0,10920.0,1856419,8333021,1853022,8249601,SMBDR,BWM-DL05,SMBD,BWM05D
7212,8470731,33880.0,17708.0,10860.0,1856419,8333019,1853073,8251575,SMBDR,RMED,SMBD,RMED
7213,8470731,33880.0,17708.0,10860.0,1856419,8333019,1853022,8249599,SMBDR,BWM-DL05,SMBD,BWM05D
7214,8470731,33880.0,17708.0,10860.0,1856419,8333019,1852974,8247888,SMBDR,BWM-DL07,SMBD,BWM07D
7215,8470717,36030.0,19222.0,13200.0,1856419,8333106,1853209,8254121,SMBDR,BWM-DL06,SMBD,BWM06D
7216,8470720,35694.0,19134.0,13050.0,1856419,8333101,1853209,8254116,SMBDR,BWM-DL06,SMBD,BWM06D
7217,8470720,35694.0,19134.0,13050.0,1856419,8333101,1853155,8253069,SMBDR,BWM-DL04,SMBD,BWM04D
7218,8470720,35694.0,19134.0,13050.0,1856419,8333101,1853236,8254649,SMBDR,BWM-DL02,SMBD,BWM02D
7219,8470715,42050.0,17190.0,15030.0,1856419,8333341,1856937,8339696,SMBDR,SAAVL,SMBD,SAAV
7220,8470716,41998.0,17330.0,15030.0,1856419,8333341,1856937,8339696,SMBDR,SAAVL,SMBD,SAAV
7221,8470712,46162.0,15564.0,18060.0,1856419,8333302,1859176,8396367,SMBDR,ALNL,SMBD,ALN
7222,8470712,46162.0,15564.0,18060.0,1856419,8333302,1856937,8340767,SMBDR,SAAVL,SMBD,SAAV
7223,8470713,45590.0,15724.0,18000.0,1856419,8333300,1856937,8340754,SMBDR,SAAVL,SMBD,SAAV
7224,8470713,45590.0,15724.0,18000.0,1856419,8333300,1859176,8396366,SMBDR,ALNL,SMBD,ALN
7225,8470714,42426.0,17542.0,15390.0,1856419,8333215,1859176,8396480,SMBDR,ALNL,SMBD,ALN
7226,8470714,42426.0,17542.0,15390.0,1856419,8333215,1856937,8339708,SMBDR,SAAVL,SMBD,SAAV
7227,8470728,44982.0,16114.0,17370.0,1856419,8333279,1852933,8247020,SMBDR,SIADR,SMBD,SIAD
7228,8470728,44982.0,16114.0,17370.0,1856419,8333279,1856937,8340733,SMBDR,SAAVL,SMBD,SAAV
7229,8470726,36032.0,18170.0,7590.0,1856419,8332913,1859368,8403173,SMBDR,ADAL,SMBD,ADA
7230,8470726,36032.0,18170.0,7590.0,1856419,8332913,1856937,8340141,SMBDR,SAAVL,SMBD,SAAV
7231,8470726,36032.0,18170.0,7590.0,1856419,8332913,1857813,8365792,SMBDR,SIBDL,SMBD,SIBD
7232,8470727,35896.0,18266.0,6810.0,1856419,8332887,1857813,8365818,SMBDR,SIBDL,SMBD,SIBD
7233,8470727,35896.0,18266.0,6810.0,1856419,8332887,1854065,8272361,SMBDR,SAAVR,SMBD,SAAV
7234,8470727,35896.0,18266.0,6810.0,1856419,8332887,1855391,8308171,SMBDR,AVAL,SMBD,AVA
7235,8470742,39734.0,25296.0,14970.0,1857657,8361484,1853357,8256951,SMBVL,BWM-VL04,SMBV,BWM04V
7236,8470742,39734.0,25296.0,14970.0,1857657,8361484,1853433,8258258,SMBVL,BWM-VL02,SMBV,BWM02V
7237,8470744,39426.0,25344.0,15180.0,1857657,8361083,1853433,8258264,SMBVL,BWM-VL02,SMBV,BWM02V
7238,8470744,39426.0,25344.0,15180.0,1857657,8361083,1853357,8257131,SMBVL,BWM-VL04,SMBV,BWM04V
7239,8470743,39602.0,25212.0,15180.0,1857657,8361083,1853357,8256958,SMBVL,BWM-VL04,SMBV,BWM04V
7240,8470743,39602.0,25212.0,15180.0,1857657,8361083,1853390,8257503,SMBVL,BWM-VL06,SMBV,BWM06V
7241,8470743,39602.0,25212.0,15180.0,1857657,8361083,1853433,8258265,SMBVL,BWM-VL02,SMBV,BWM02V
7242,8470737,42657.0,27277.0,12750.0,1857657,8361165,1857184,8346270,SMBVL,RMDVR,SMBV,RMDV
7243,8470737,42657.0,27277.0,12750.0,1857657,8361165,1853302,8256112,SMBVL,BWM-VL03,SMBV,BWM03V
7244,8470738,41461.0,27337.0,12720.0,1857657,8361475,1855757,8316543,SMBVL,RMEV,SMBV,RMEV
7245,8470738,41461.0,27337.0,12720.0,1857657,8361475,1853302,8256051,SMBVL,BWM-VL03,SMBV,BWM03V
7246,8470738,41461.0,27337.0,12720.0,1857657,8361475,1857184,8346271,SMBVL,RMDVR,SMBV,RMDV
7247,8470739,41409.0,26853.0,13230.0,1857657,8361148,1853302,8255692,SMBVL,BWM-VL03,SMBV,BWM03V
7248,8470739,41409.0,26853.0,13230.0,1857657,8361148,1853333,8256594,SMBVL,BWM-VL01,SMBV,BWM01V
7249,8470739,41409.0,26853.0,13230.0,1857657,8361148,1855757,8316560,SMBVL,RMEV,SMBV,RMEV
7250,8470740,42189.0,26953.0,13080.0,1857657,8361153,1853333,8256373,SMBVL,BWM-VL01,SMBV,BWM01V
7251,8470740,42189.0,26953.0,13080.0,1857657,8361153,1853271,8255119,SMBVL,BWM-VL05,SMBV,BWM05V
7252,8470740,42189.0,26953.0,13080.0,1857657,8361153,1853302,8255697,SMBVL,BWM-VL03,SMBV,BWM03V
7253,8470741,41250.0,26946.0,13170.0,1857657,8361150,1853302,8255694,SMBVL,BWM-VL03,SMBV,BWM03V
7254,8470741,41250.0,26946.0,13170.0,1857657,8361150,1853271,8255456,SMBVL,BWM-VL05,SMBV,BWM05V
7255,8470741,41250.0,26946.0,13170.0,1857657,8361150,1853333,8256596,SMBVL,BWM-VL01,SMBV,BWM01V
7256,8471922,41963.0,27211.0,12690.0,1857657,8361476,1853271,8255132,SMBVL,BWM-VL05,SMBV,BWM05V
7257,8471922,41963.0,27211.0,12690.0,1857657,8361476,1853302,8256108,SMBVL,BWM-VL03,SMBV,BWM03V
7258,8471922,41963.0,27211.0,12690.0,1857657,8361476,1855757,8316542,SMBVL,RMEV,SMBV,RMEV
7259,8470736,44440.0,27772.0,11100.0,1857657,8361219,1856338,8330701,SMBVL,excgl,SMBV,excgl
7260,8470736,44440.0,27772.0,11100.0,1857657,8361219,1853413,8258042,SMBVL,BWM-VL07,SMBV,BWM07V
7261,8470736,44440.0,27772.0,11100.0,1857657,8361219,1853271,8255413,SMBVL,BWM-VL05,SMBV,BWM05V
7262,8470607,45416.0,28302.0,11040.0,1857657,8361221,1859300,8400168,SMBVL,SAADL,SMBV,SAAD
7263,8470607,45416.0,28302.0,11040.0,1857657,8361221,1857523,8356819,SMBVL,PLNL,SMBV,PLN
7264,8471921,51199.0,29375.0,12120.0,1857657,8361273,1857523,8356779,SMBVL,PLNL,SMBV,PLN
7265,8471921,51199.0,29375.0,12120.0,1857657,8361273,1859300,8400067,SMBVL,SAADL,SMBV,SAAD
7266,8470732,52277.0,29717.0,12150.0,1857657,8361274,1859300,8400066,SMBVL,SAADL,SMBV,SAAD
7267,8470733,52385.0,29801.0,12210.0,1857657,8361423,1859300,8400064,SMBVL,SAADL,SMBV,SAAD
7268,8470734,52237.0,29841.0,12540.0,1857657,8361434,1859300,8399875,SMBVL,SAADL,SMBV,SAAD
7269,8470735,44696.0,27984.0,10920.0,1857657,8361225,1859300,8400154,SMBVL,SAADL,SMBV,SAAD
7270,8470735,44696.0,27984.0,10920.0,1857657,8361225,1853413,8258048,SMBVL,BWM-VL07,SMBV,BWM07V
7271,8470759,38640.0,26527.0,6990.0,1855492,8310971,1853519,8259538,SMBVR,BWM-VR04,SMBV,BWM04V
7272,8470396,38184.0,26527.0,7080.0,1855492,8310974,1859074,8394676,SMBVR,RMDVL,SMBV,RMDV
7273,8470396,38184.0,26527.0,7080.0,1855492,8310974,1853484,8259094,SMBVR,BWM-VR02,SMBV,BWM02V
7274,8470396,38184.0,26527.0,7080.0,1855492,8310974,1853519,8259541,SMBVR,BWM-VR04,SMBV,BWM04V
7275,8470760,38756.0,26425.0,6690.0,1855492,8310961,1853519,8259612,SMBVR,BWM-VR04,SMBV,BWM04V
7276,8470760,38756.0,26425.0,6690.0,1855492,8310961,1853668,8262058,SMBVR,BWM-VR06,SMBV,BWM06V
7277,8470752,40702.0,27234.0,8220.0,1855492,8311034,1853558,8260049,SMBVR,BWM-VR01,SMBV,BWM01V
7278,8470752,40702.0,27234.0,8220.0,1855492,8311034,1853582,8260836,SMBVR,BWM-VR03,SMBV,BWM03V
7279,8470752,40702.0,27234.0,8220.0,1855492,8311034,1853614,8261031,SMBVR,BWM-VR05,SMBV,BWM05V
7280,8470757,41904.0,27594.0,8010.0,1855492,8311027,1855951,8320637,SMBVR,CEPVR,SMBV,CEPV
7281,8470757,41904.0,27594.0,8010.0,1855492,8311027,1853614,8260979,SMBVR,BWM-VR05,SMBV,BWM05V
7282,8470757,41904.0,27594.0,8010.0,1855492,8311027,1853582,8260478,SMBVR,BWM-VR03,SMBV,BWM03V
7283,8470757,41904.0,27594.0,8010.0,1855492,8311027,1853558,8260042,SMBVR,BWM-VR01,SMBV,BWM01V
7284,8470757,41904.0,27594.0,8010.0,1855492,8311027,1855951,8320661,SMBVR,CEPVR,SMBV,CEPV
7285,8470755,44330.0,28044.0,9240.0,1855492,8311269,1856338,8330763,SMBVR,excgl,SMBV,excgl
7286,8470755,44330.0,28044.0,9240.0,1855492,8311269,1853582,8260752,SMBVR,BWM-VR03,SMBV,BWM03V
7287,8470755,44330.0,28044.0,9240.0,1855492,8311269,1853645,8261579,SMBVR,BWM-VR07,SMBV,BWM07V
7288,8462693,38876.0,26476.0,6780.0,1855492,8310964,1853519,8259531,SMBVR,BWM-VR04,SMBV,BWM04V
7289,8462693,38876.0,26476.0,6780.0,1855492,8310964,1853699,8262294,SMBVR,BWM-VR08,SMBV,BWM08V
7290,8470749,40878.0,27520.0,8820.0,1855492,8311314,1855757,8317585,SMBVR,RMEV,SMBV,RMEV
7291,8470749,40878.0,27520.0,8820.0,1855492,8311314,1853614,8261011,SMBVR,BWM-VR05,SMBV,BWM05V
7292,8470751,40954.0,27170.0,8430.0,1855492,8311301,1853558,8260050,SMBVR,BWM-VR01,SMBV,BWM01V
7293,8470751,40954.0,27170.0,8430.0,1855492,8311301,1853614,8261018,SMBVR,BWM-VR05,SMBV,BWM05V
7294,8470751,40954.0,27170.0,8430.0,1855492,8311301,1853582,8260492,SMBVR,BWM-VR03,SMBV,BWM03V
7295,8470751,40954.0,27170.0,8430.0,1855492,8311301,1855757,8317598,SMBVR,RMEV,SMBV,RMEV
7296,8470753,41434.0,27354.0,8220.0,1855492,8311034,1855757,8317605,SMBVR,RMEV,SMBV,RMEV
7297,8470753,41434.0,27354.0,8220.0,1855492,8311034,1853558,8260049,SMBVR,BWM-VR01,SMBV,BWM01V
7298,8470753,41434.0,27354.0,8220.0,1855492,8311034,1853614,8260986,SMBVR,BWM-VR05,SMBV,BWM05V
7299,8470753,41434.0,27354.0,8220.0,1855492,8311034,1853582,8260485,SMBVR,BWM-VR03,SMBV,BWM03V
7300,8470393,41156.0,27580.0,8640.0,1855492,8311308,1853645,8261497,SMBVR,BWM-VR07,SMBV,BWM07V
7301,8470393,41156.0,27580.0,8640.0,1855492,8311308,1853614,8261000,SMBVR,BWM-VR05,SMBV,BWM05V
7302,8470393,41156.0,27580.0,8640.0,1855492,8311308,1855757,8317591,SMBVR,RMEV,SMBV,RMEV
7303,8472215,40734.0,27620.0,8910.0,1855492,8311317,1853645,8261506,SMBVR,BWM-VR07,SMBV,BWM07V
7304,8472215,40734.0,27620.0,8910.0,1855492,8311317,1853614,8261051,SMBVR,BWM-VR05,SMBV,BWM05V
7305,8472215,40734.0,27620.0,8910.0,1855492,8311317,1855757,8317582,SMBVR,RMEV,SMBV,RMEV
7306,8470750,40938.0,27600.0,8730.0,1855492,8311311,1853645,8261500,SMBVR,BWM-VR07,SMBV,BWM07V
7307,8470750,40938.0,27600.0,8730.0,1855492,8311311,1855757,8317588,SMBVR,RMEV,SMBV,RMEV
7308,8470745,48532.0,29330.0,8100.0,1855492,8311249,1856375,8331122,SMBVR,SAADR,SMBV,SAAD
7309,8470746,51148.0,30702.0,7140.0,1855492,8311237,1856375,8332183,SMBVR,SAADR,SMBV,SAAD
7310,8470754,46014.0,29010.0,9330.0,1855492,8311271,1856375,8331184,SMBVR,SAADR,SMBV,SAAD
7311,8470747,46986.0,28880.0,8790.0,1855492,8311071,1859824,8413644,SMBVR,PLNR,SMBV,PLN
7312,8470747,46986.0,28880.0,8790.0,1855492,8311071,1856375,8331165,SMBVR,SAADR,SMBV,SAAD
7313,8470748,45834.0,28924.0,8970.0,1855492,8311063,1859824,8413650,SMBVR,PLNR,SMBV,PLN
7314,8470748,45834.0,28924.0,8970.0,1855492,8311063,1856375,8331173,SMBVR,SAADR,SMBV,SAAD
7315,8470756,46258.0,28916.0,9090.0,1855492,8311264,1856375,8331177,SMBVR,SAADR,SMBV,SAAD
7316,8470756,46258.0,28916.0,9090.0,1855492,8311264,1859824,8413653,SMBVR,PLNR,SMBV,PLN
7317,8470012,35340.0,20943.0,4500.0,1859238,8398317,1853111,8252389,SMDDL,BWM-DR06,SMDD,BWM06D
7318,8470012,35340.0,20943.0,4500.0,1859238,8398317,1859413,8404622,SMDDL,RIML,SMDD,RIM
7319,8470012,35340.0,20943.0,4500.0,1859238,8398317,1852870,8245578,SMDDL,BWM-DR04,SMDD,BWM04D
7320,8470296,33484.0,17966.0,7620.0,1859238,8398189,1854623,8287462,SMDDL,BWM-DR07,SMDD,BWM07D
7321,8470296,33484.0,17966.0,7620.0,1859238,8398189,1854639,8287974,SMDDL,BWM-DR05,SMDD,BWM05D
7322,8470296,33484.0,17966.0,7620.0,1859238,8398189,1854639,8287875,SMDDL,BWM-DR05,SMDD,BWM05D
7323,8470296,33484.0,17966.0,7620.0,1859238,8398189,1855306,8305633,SMDDL,CEPDR,SMDD,CEPD
7324,8470761,34168.0,19460.0,4710.0,1859238,8398286,1859108,8395793,SMDDL,RIAL,SMDD,RIA
7325,8470761,34168.0,19460.0,4710.0,1859238,8398286,1859497,8406397,SMDDL,RMDR,SMDD,RMDL/R
7326,8470773,34860.0,17380.0,8940.0,1859238,8398144,1859108,8395652,SMDDL,RIAL,SMDD,RIA
7327,8470773,34860.0,17380.0,8940.0,1859238,8398144,1859497,8406538,SMDDL,RMDR,SMDD,RMDL/R
7328,8470768,33538.0,17600.0,7140.0,1859238,8398205,1857495,8355996,SMDDL,RIAR,SMDD,RIA
7329,8470763,33632.0,18904.0,5070.0,1859238,8398274,1859108,8395781,SMDDL,RIAL,SMDD,RIA
7330,8470763,33632.0,18904.0,5070.0,1859238,8398274,1857495,8355926,SMDDL,RIAR,SMDD,RIA
7331,8470764,33516.0,18604.0,5280.0,1859238,8398267,1859108,8395774,SMDDL,RIAL,SMDD,RIA
7332,8470764,33516.0,18604.0,5280.0,1859238,8398267,1857495,8355933,SMDDL,RIAR,SMDD,RIA
7333,8470766,33456.0,18224.0,5550.0,1859238,8398258,1859108,8395765,SMDDL,RIAL,SMDD,RIA
7334,8470766,33456.0,18224.0,5550.0,1859238,8398258,1857495,8355942,SMDDL,RIAR,SMDD,RIA
7335,8470770,33158.0,17714.0,7590.0,1859238,8398190,1854639,8287876,SMDDL,BWM-DR05,SMDD,BWM05D
7336,8470770,33158.0,17714.0,7590.0,1859238,8398190,1854703,8289684,SMDDL,BWM-DR03,SMDD,BWM03D
7337,8470770,33158.0,17714.0,7590.0,1859238,8398190,1854175,8276565,SMDDL,SMDVR,SMDD,SMDV
7338,8470771,33338.0,17836.0,8100.0,1859238,8398173,1854639,8287785,SMDDL,BWM-DR05,SMDD,BWM05D
7339,8470771,33338.0,17836.0,8100.0,1859238,8398173,1854175,8275709,SMDDL,SMDVR,SMDD,SMDV
7340,8470771,33338.0,17836.0,8100.0,1859238,8398173,1854639,8287836,SMDDL,BWM-DR05,SMDD,BWM05D
7341,8470771,33338.0,17836.0,8100.0,1859238,8398173,1854703,8289667,SMDDL,BWM-DR03,SMDD,BWM03D
7342,8470771,33338.0,17836.0,8100.0,1859238,8398173,1854763,8290686,SMDDL,BWM-DR01,SMDD,BWM01D
7343,8469415,33760.0,18424.0,4920.0,1859238,8398279,1859108,8396019,SMDDL,RIAL,SMDD,RIA
7344,8469415,33760.0,18424.0,4920.0,1859238,8398279,1854175,8275589,SMDDL,SMDVR,SMDD,SMDV
7345,8470762,34064.0,18928.0,4770.0,1859238,8398284,1859108,8396021,SMDDL,RIAL,SMDD,RIA
7346,8470762,34064.0,18928.0,4770.0,1859238,8398284,1854175,8275572,SMDDL,SMDVR,SMDD,SMDV
7347,8462551,33670.0,17586.0,6240.0,1859238,8398235,1857495,8355966,SMDDL,RIAR,SMDD,RIA
7348,8462551,33670.0,17586.0,6240.0,1859238,8398235,1854175,8275645,SMDDL,SMDVR,SMDD,SMDV
7349,8470016,33846.0,17426.0,6750.0,1859238,8398218,1854175,8275662,SMDDL,SMDVR,SMDD,SMDV
7350,8470016,33846.0,17426.0,6750.0,1859238,8398218,1857495,8355983,SMDDL,RIAR,SMDD,RIA
7351,8470767,33514.0,17940.0,5850.0,1859238,8398248,1854175,8275632,SMDDL,SMDVR,SMDD,SMDV
7352,8470767,33514.0,17940.0,5850.0,1859238,8398248,1859108,8395755,SMDDL,RIAL,SMDD,RIA
7353,8470767,33514.0,17940.0,5850.0,1859238,8398248,1857495,8355953,SMDDL,RIAR,SMDD,RIA
7354,8470780,33720.0,17083.0,10230.0,1856212,8326919,1852950,8247509,SMDDR,BWM-DL03,SMDD,BWM03D
7355,8470780,33720.0,17083.0,10230.0,1856212,8326919,1853022,8249747,SMDDR,BWM-DL05,SMDD,BWM05D
7356,8470480,33810.0,17356.0,9570.0,1856212,8326897,1852827,8245053,SMDDR,SMDVL,SMDD,SMDV
7357,8470480,33810.0,17356.0,9570.0,1856212,8326897,1852913,8246031,SMDDR,BWM-DL01,SMDD,BWM01D
7358,8470480,33810.0,17356.0,9570.0,1856212,8326897,1852974,8247798,SMDDR,BWM-DL07,SMDD,BWM07D
7359,8470480,33810.0,17356.0,9570.0,1856212,8326897,1852950,8247601,SMDDR,BWM-DL03,SMDD,BWM03D
7360,8470480,33810.0,17356.0,9570.0,1856212,8326897,1853022,8249771,SMDDR,BWM-DL05,SMDD,BWM05D
7361,8469603,33942.0,17396.0,9210.0,1856212,8326886,1852827,8245042,SMDDR,SMDVL,SMDD,SMDV
7362,8469603,33942.0,17396.0,9210.0,1856212,8326886,1852950,8247612,SMDDR,BWM-DL03,SMDD,BWM03D
7363,8469603,33942.0,17396.0,9210.0,1856212,8326886,1854639,8287815,SMDDR,BWM-DR05,SMDD,BWM05D
7364,8469603,33942.0,17396.0,9210.0,1856212,8326886,1853022,8249782,SMDDR,BWM-DL05,SMDD,BWM05D
7365,8469601,34112.0,16855.0,10050.0,1856212,8326913,1859108,8395615,SMDDR,RIAL,SMDD,RIA
7366,8470776,34570.0,17334.0,13200.0,1856212,8327015,1859108,8395512,SMDDR,RIAL,SMDD,RIA
7367,8470776,34570.0,17334.0,13200.0,1856212,8327015,1857495,8356194,SMDDR,RIAR,SMDD,RIA
7368,8470778,34534.0,16866.0,12360.0,1856212,8326987,1857495,8356166,SMDDR,RIAR,SMDD,RIA
7369,8470778,34534.0,16866.0,12360.0,1856212,8326987,1859108,8395540,SMDDR,RIAL,SMDD,RIA
7370,8470779,34338.0,16634.0,11820.0,1856212,8326969,1857495,8356148,SMDDR,RIAR,SMDD,RIA
7371,8470779,34338.0,16634.0,11820.0,1856212,8326969,1859108,8395558,SMDDR,RIAL,SMDD,RIA
7372,8470782,34708.0,17680.0,8100.0,1856212,8326840,1859497,8406510,SMDDR,RMDR,SMDD,RMDL/R
7373,8470782,34708.0,17680.0,8100.0,1856212,8326840,1859108,8395680,SMDDR,RIAL,SMDD,RIA
7374,8470781,34196.0,17118.0,9180.0,1856212,8326885,1859108,8395644,SMDDR,RIAL,SMDD,RIA
7375,8470781,34196.0,17118.0,9180.0,1856212,8326885,1852827,8244320,SMDDR,SMDVL,SMDD,SMDV
7376,8470787,34296.0,16361.0,10230.0,1856212,8326919,1852827,8244269,SMDDR,SMDVL,SMDD,SMDV
7377,8470787,34296.0,16361.0,10230.0,1856212,8326919,1859108,8395609,SMDDR,RIAL,SMDD,RIA
7378,8470788,34352.0,16445.0,9960.0,1856212,8326910,1852827,8244293,SMDDR,SMDVL,SMDD,SMDV
7379,8470788,34352.0,16445.0,9960.0,1856212,8326910,1859108,8395618,SMDDR,RIAL,SMDD,RIA
7380,8470783,34834.0,17342.0,13650.0,1856212,8327300,1858998,8392435,SMDDR,RMDL,SMDD,RMDL/R
7381,8470783,34834.0,17342.0,13650.0,1856212,8327300,1857495,8356209,SMDDR,RIAR,SMDD,RIA
7382,8470775,36586.0,18452.0,14460.0,1856212,8327061,1853209,8254174,SMDDR,BWM-DL06,SMDD,BWM06D
7383,8470775,36586.0,18452.0,14460.0,1856212,8327061,1853155,8253392,SMDDR,BWM-DL04,SMDD,BWM04D
7384,8470775,36586.0,18452.0,14460.0,1856212,8327061,1859497,8407144,SMDDR,RMDR,SMDD,RMDL/R
7385,8470775,36586.0,18452.0,14460.0,1856212,8327061,1853861,8267286,SMDDR,RIMR,SMDD,RIM
7386,8469684,34608.0,16354.0,12120.0,1856212,8326979,1852827,8244203,SMDDR,SMDVL,SMDD,SMDV
7387,8469684,34608.0,16354.0,12120.0,1856212,8326979,1857495,8356158,SMDDR,RIAR,SMDD,RIA
7388,8470777,35106.0,16934.0,12960.0,1856212,8327007,1852827,8244171,SMDDR,SMDVL,SMDD,SMDV
7389,8470777,35106.0,16934.0,12960.0,1856212,8327007,1856244,8328406,SMDDR,RIS,SMDD,RIS
7390,8470797,41466.0,28484.0,9300.0,1852827,8244721,1853614,8261082,SMDVL,BWM-VR05,SMDV,BWM05V
7391,8470797,41466.0,28484.0,9300.0,1852827,8244721,1853582,8260738,SMDVL,BWM-VR03,SMDV,BWM03V
7392,8470796,42708.0,28518.0,9510.0,1852827,8244728,1857495,8355708,SMDVL,RIAR,SMDV,RIA
7393,8470796,42708.0,28518.0,9510.0,1852827,8244728,1859108,8395982,SMDVL,RIAL,SMDV,RIA
7394,8470798,40818.0,29056.0,8220.0,1852827,8244686,1859108,8395939,SMDVL,RIAL,SMDV,RIA
7395,8470798,40818.0,29056.0,8220.0,1852827,8244686,1857495,8355756,SMDVL,RIAR,SMDV,RIA
7396,8470800,39820.0,28760.0,7470.0,1852827,8244661,1859108,8395914,SMDVL,RIAL,SMDV,RIA
7397,8470800,39820.0,28760.0,7470.0,1852827,8244661,1857495,8355781,SMDVL,RIAR,SMDV,RIA
7398,8470801,39508.0,28644.0,7350.0,1852827,8244657,1859108,8395910,SMDVL,RIAL,SMDV,RIA
7399,8470801,39508.0,28644.0,7350.0,1852827,8244657,1857495,8355785,SMDVL,RIAR,SMDV,RIA
7400,8470802,39000.0,28596.0,7140.0,1852827,8244650,1859108,8395903,SMDVL,RIAL,SMDV,RIA
7401,8470802,39000.0,28596.0,7140.0,1852827,8244650,1857495,8355792,SMDVL,RIAR,SMDV,RIA
7402,8471925,41398.0,29026.0,8670.0,1852827,8244701,1859108,8395954,SMDVL,RIAL,SMDV,RIA
7403,8471925,41398.0,29026.0,8670.0,1852827,8244701,1857495,8355741,SMDVL,RIAR,SMDV,RIA
7404,8469676,42510.0,28948.0,9540.0,1852827,8244729,1856212,8327319,SMDVL,SMDDR,SMDV,SMDD
7405,8469676,42510.0,28948.0,9540.0,1852827,8244729,1857495,8355709,SMDVL,RIAR,SMDV,RIA
7406,8470207,41848.0,29146.0,8970.0,1852827,8244711,1856212,8326492,SMDVL,SMDDR,SMDV,SMDD
7407,8470207,41848.0,29146.0,8970.0,1852827,8244711,1857495,8355731,SMDVL,RIAR,SMDV,RIA
7408,8470793,44240.0,29378.0,9780.0,1852827,8245023,1856212,8327334,SMDVL,SMDDR,SMDV,SMDD
7409,8470793,44240.0,29378.0,9780.0,1852827,8245023,1857495,8355717,SMDVL,RIAR,SMDV,RIA
7410,8470794,43312.0,29078.0,9720.0,1852827,8244735,1856212,8327332,SMDVL,SMDDR,SMDV,SMDD
7411,8470794,43312.0,29078.0,9720.0,1852827,8244735,1857495,8355715,SMDVL,RIAR,SMDV,RIA
7412,8470795,42900.0,28902.0,9660.0,1852827,8244733,1856212,8327323,SMDVL,SMDDR,SMDV,SMDD
7413,8470795,42900.0,28902.0,9660.0,1852827,8244733,1857495,8355713,SMDVL,RIAR,SMDV,RIA
7414,8470792,42492.0,28310.0,9900.0,1852827,8244741,1856212,8327346,SMDVL,SMDDR,SMDV,SMDD
7415,8470792,42492.0,28310.0,9900.0,1852827,8244741,1853558,8260188,SMDVL,BWM-VR01,SMDV,BWM01V
7416,8470792,42492.0,28310.0,9900.0,1852827,8244741,1853582,8260547,SMDVL,BWM-VR03,SMDV,BWM03V
7417,8470792,42492.0,28310.0,9900.0,1852827,8244741,1853302,8255808,SMDVL,BWM-VL03,SMDV,BWM03V
7418,8470799,41022.0,29148.0,8220.0,1852827,8244686,1856212,8326517,SMDVL,SMDDR,SMDV,SMDD
7419,8470799,41022.0,29148.0,8220.0,1852827,8244686,1859108,8395939,SMDVL,RIAL,SMDV,RIA
7420,8470808,41625.0,28137.0,12060.0,1854175,8276226,1853302,8255948,SMDVR,BWM-VL03,SMDV,BWM03V
7421,8470808,41625.0,28137.0,12060.0,1854175,8276226,1853271,8255220,SMDVR,BWM-VL05,SMDV,BWM05V
7422,8470059,39718.0,24656.0,17040.0,1854175,8276061,1853357,8257272,SMDVR,BWM-VL04,SMDV,BWM04V
7423,8470059,39718.0,24656.0,17040.0,1854175,8276061,1853390,8257564,SMDVR,BWM-VL06,SMDV,BWM06V
7424,8462408,40206.0,27116.0,15060.0,1854175,8276127,1857495,8356398,SMDVR,RIAR,SMDV,RIA
7425,8462408,40206.0,27116.0,15060.0,1854175,8276127,1858777,8388736,SMDVR,OLLL,SMDV,OLL
7426,8462408,40206.0,27116.0,15060.0,1854175,8276127,1859449,8405291,SMDVR,CEPVL,SMDV,CEPV
7427,8469523,42596.0,28326.0,11490.0,1854175,8276245,1859238,8397624,SMDVR,SMDDL,SMDV,SMDD
7428,8469523,42596.0,28326.0,11490.0,1854175,8276245,1859108,8396033,SMDVR,RIAL,SMDV,RIA
7429,8470806,43248.0,28600.0,11370.0,1854175,8276249,1859238,8397620,SMDVR,SMDDL,SMDV,SMDD
7430,8470806,43248.0,28600.0,11370.0,1854175,8276249,1859108,8396040,SMDVR,RIAL,SMDV,RIA
7431,8470807,42277.0,28365.0,11940.0,1854175,8276230,1859238,8397639,SMDVR,SMDDL,SMDV,SMDD
7432,8470807,42277.0,28365.0,11940.0,1854175,8276230,1859108,8395158,SMDVR,RIAL,SMDV,RIA
7433,8469531,40948.0,28008.0,14040.0,1854175,8276160,1857495,8356431,SMDVR,RIAR,SMDV,RIA
7434,8469531,40948.0,28008.0,14040.0,1854175,8276160,1859108,8395228,SMDVR,RIAL,SMDV,RIA
7435,8469546,40738.0,27764.0,14370.0,1854175,8276149,1857495,8356420,SMDVR,RIAR,SMDV,RIA
7436,8469546,40738.0,27764.0,14370.0,1854175,8276149,1859108,8395239,SMDVR,RIAL,SMDV,RIA
7437,8470809,41749.0,28349.0,12840.0,1854175,8276200,1857495,8356471,SMDVR,RIAR,SMDV,RIA
7438,8470809,41749.0,28349.0,12840.0,1854175,8276200,1859108,8395188,SMDVR,RIAL,SMDV,RIA
7439,8470811,40502.0,27472.0,14640.0,1854175,8276140,1859108,8395248,SMDVR,RIAL,SMDV,RIA
7440,8470811,40502.0,27472.0,14640.0,1854175,8276140,1857495,8356411,SMDVR,RIAR,SMDV,RIA
7441,8470810,40854.0,27692.0,14580.0,1854175,8276142,1859238,8397749,SMDVR,SMDDL,SMDV,SMDD
7442,8470810,40854.0,27692.0,14580.0,1854175,8276142,1857495,8356413,SMDVR,RIAR,SMDV,RIA
7443,8470805,41832.0,28116.0,11520.0,1854175,8276244,1859238,8398529,SMDVR,SMDDL,SMDV,SMDD
7444,8470805,41832.0,28116.0,11520.0,1854175,8276244,1853333,8256456,SMDVR,BWM-VL01,SMDV,BWM01V
7445,8470805,41832.0,28116.0,11520.0,1854175,8276244,1853271,8255237,SMDVR,BWM-VL05,SMDV,BWM05V
7446,8470805,41832.0,28116.0,11520.0,1854175,8276244,1853302,8255756,SMDVR,BWM-VL03,SMDV,BWM03V
7447,8470812,40378.0,26128.0,16290.0,1854175,8276087,1853861,8267474,SMDVR,RIMR,SMDV,RIM
7448,8470812,40378.0,26128.0,16290.0,1854175,8276087,1859238,8397805,SMDVR,SMDDL,SMDV,SMDD
7449,8470815,44372.0,29162.0,10980.0,1854175,8276262,1856244,8328906,SMDVR,RIS,SMDV,RIS
7450,8470815,44372.0,29162.0,10980.0,1854175,8276262,1859238,8398572,SMDVR,SMDDL,SMDV,SMDD
7451,8470826,32396.0,18020.0,11820.0,1853744,8263488,1852950,8247416,URADL,BWM-DL03,URAD,BWM03D
7452,8470826,32396.0,18020.0,11820.0,1853744,8263488,1852913,8245805,URADL,BWM-DL01,URAD,BWM01D
7453,8470826,32396.0,18020.0,11820.0,1853744,8263488,1853073,8251677,URADL,RMED,URAD,RMED
7454,8470824,33598.0,18500.0,12480.0,1853744,8263461,1852950,8247470,URADL,BWM-DL03,URAD,BWM03D
7455,8470824,33598.0,18500.0,12480.0,1853744,8263461,1852913,8245828,URADL,BWM-DL01,URAD,BWM01D
7456,8470824,33598.0,18500.0,12480.0,1853744,8263461,1856836,8337391,URADL,IL1DL,URAD,IL1D
7457,8470824,33598.0,18500.0,12480.0,1853744,8263461,1853712,8262809,URADL,RIPL,URAD,RIP
7458,8470825,32494.0,18176.0,12060.0,1853744,8263480,1853712,8262814,URADL,RIPL,URAD,RIP
7459,8470825,32494.0,18176.0,12060.0,1853744,8263480,1852950,8247424,URADL,BWM-DL03,URAD,BWM03D
7460,8470825,32494.0,18176.0,12060.0,1853744,8263480,1852913,8245797,URADL,BWM-DL01,URAD,BWM01D
7461,8470825,32494.0,18176.0,12060.0,1853744,8263480,1856030,8322530,URADL,RMEL,URAD,RMEL/R
7462,8470825,32494.0,18176.0,12060.0,1853744,8263480,1853073,8251685,URADL,RMED,URAD,RMED
7463,8470823,33852.0,18769.0,12690.0,1853744,8263279,1853236,8254667,URADL,BWM-DL02,URAD,BWM02D
7464,8470823,33852.0,18769.0,12690.0,1853744,8263279,1852950,8247458,URADL,BWM-DL03,URAD,BWM03D
7465,8470823,33852.0,18769.0,12690.0,1853744,8263279,1852913,8245951,URADL,BWM-DL01,URAD,BWM01D
7466,8470821,33198.0,19192.0,13710.0,1853744,8263313,1856836,8337512,URADL,IL1DL,URAD,IL1D
7467,8470821,33198.0,19192.0,13710.0,1853744,8263313,1853236,8254627,URADL,BWM-DL02,URAD,BWM02D
7468,8470821,33198.0,19192.0,13710.0,1853744,8263313,1852913,8245937,URADL,BWM-DL01,URAD,BWM01D
7469,8470821,33198.0,19192.0,13710.0,1853744,8263313,1853712,8262768,URADL,RIPL,URAD,RIP
7470,8470819,33386.0,19508.0,14370.0,1853744,8263335,1853712,8467593,URADL,RIPL,URAD,RIP
7471,8470819,33386.0,19508.0,14370.0,1853744,8263335,1853236,8254699,URADL,BWM-DL02,URAD,BWM02D
7472,8470819,33386.0,19508.0,14370.0,1853744,8263335,1856030,8322459,URADL,RMEL,URAD,RMEL/R
7473,8470819,33386.0,19508.0,14370.0,1853744,8263335,1852913,8245904,URADL,BWM-DL01,URAD,BWM01D
7474,8470819,33386.0,19508.0,14370.0,1853744,8263335,1856836,8337542,URADL,IL1DL,URAD,IL1D
7475,8470816,34110.0,20492.0,15240.0,1853744,8263364,1853155,8253159,URADL,BWM-DL04,URAD,BWM04D
7476,8470816,34110.0,20492.0,15240.0,1853744,8263364,1856168,8326096,URADL,RMDDR,URAD,RMDD
7477,8470816,34110.0,20492.0,15240.0,1853744,8263364,1853433,8258349,URADL,BWM-VL02,URAD,BWM02V
7478,8470827,32884.0,18402.0,12330.0,1853744,8263471,1856836,8337396,URADL,IL1DL,URAD,IL1D
7479,8470827,32884.0,18402.0,12330.0,1853744,8263471,1853712,8262814,URADL,RIPL,URAD,RIP
7480,8470818,33654.0,20008.0,14790.0,1853744,8263349,1856168,8325946,URADL,RMDDR,URAD,RMDD
7481,8470818,33654.0,20008.0,14790.0,1853744,8263349,1853236,8255000,URADL,BWM-DL02,URAD,BWM02D
7482,8470818,33654.0,20008.0,14790.0,1853744,8263349,1852913,8245925,URADL,BWM-DL01,URAD,BWM01D
7483,8470818,33654.0,20008.0,14790.0,1853744,8263349,1852913,8245918,URADL,BWM-DL01,URAD,BWM01D
7484,8470817,33750.0,20160.0,14970.0,1853744,8263355,1856168,8325951,URADL,RMDDR,URAD,RMDD
7485,8470817,33750.0,20160.0,14970.0,1853744,8263355,1853155,8253171,URADL,BWM-DL04,URAD,BWM04D
7486,8470817,33750.0,20160.0,14970.0,1853744,8263355,1852913,8245931,URADL,BWM-DL01,URAD,BWM01D
7487,8470817,33750.0,20160.0,14970.0,1853744,8263355,1853236,8255006,URADL,BWM-DL02,URAD,BWM02D
7488,8470836,32466.0,19760.0,6510.0,1859915,8414742,1859210,8397402,URADR,IL1DR,URAD,IL1D
7489,8470836,32466.0,19760.0,6510.0,1859915,8414742,1854703,8289897,URADR,BWM-DR03,URAD,BWM03D
7490,8470836,32466.0,19760.0,6510.0,1859915,8414742,1854763,8290601,URADR,BWM-DR01,URAD,BWM01D
7491,8470833,32050.0,19648.0,6390.0,1859915,8414749,1854703,8289897,URADR,BWM-DR03,URAD,BWM03D
7492,8470833,32050.0,19648.0,6390.0,1859915,8414749,1859210,8397400,URADR,IL1DR,URAD,IL1D
7493,8470833,32050.0,19648.0,6390.0,1859915,8414749,1854763,8290605,URADR,BWM-DR01,URAD,BWM01D
7494,8470833,32050.0,19648.0,6390.0,1859915,8414749,1854565,8285815,URADR,RMER,URAD,RMEL/R
7495,8470834,32954.0,20056.0,6450.0,1859915,8414738,1856058,8467637,URADR,RIPR,URAD,RIP
7496,8470834,32954.0,20056.0,6450.0,1859915,8414738,1854763,8290476,URADR,BWM-DR01,URAD,BWM01D
7497,8470834,32954.0,20056.0,6450.0,1859915,8414738,1854703,8289919,URADR,BWM-DR03,URAD,BWM03D
7498,8470831,32454.0,20896.0,5970.0,1859915,8414772,1854729,8290188,URADR,BWM-DR02,URAD,BWM02D
7499,8470831,32454.0,20896.0,5970.0,1859915,8414772,1854763,8290503,URADR,BWM-DR01,URAD,BWM01D
7500,8470831,32454.0,20896.0,5970.0,1859915,8414772,1856058,8323877,URADR,RIPR,URAD,RIP
7501,8470830,32390.0,22135.0,5520.0,1859915,8414803,1857221,8347646,URADR,RMDDL,URAD,RMDD
7502,8470830,32390.0,22135.0,5520.0,1859915,8414803,1854763,8290518,URADR,BWM-DR01,URAD,BWM01D
7503,8470830,32390.0,22135.0,5520.0,1859915,8414803,1854729,8290203,URADR,BWM-DR02,URAD,BWM02D
7504,8470832,32938.0,20432.0,6300.0,1859915,8414755,1854729,8290153,URADR,BWM-DR02,URAD,BWM02D
7505,8470832,32938.0,20432.0,6300.0,1859915,8414755,1856058,8323910,URADR,RIPR,URAD,RIP
7506,8470829,32010.0,21203.0,5490.0,1859915,8414804,1853073,8251462,URADR,RMED,URAD,RMED
7507,8470829,32010.0,21203.0,5490.0,1859915,8414804,1854565,8285770,URADR,RMER,URAD,RMEL/R
7508,8470829,32010.0,21203.0,5490.0,1859915,8414804,1859210,8397247,URADR,IL1DR,URAD,IL1D
7509,8470829,32010.0,21203.0,5490.0,1859915,8414804,1856058,8467624,URADR,RIPR,URAD,RIP
7510,8470829,32010.0,21203.0,5490.0,1859915,8414804,1854763,8290519,URADR,BWM-DR01,URAD,BWM01D
7511,8470829,32010.0,21203.0,5490.0,1859915,8414804,1854729,8290204,URADR,BWM-DR02,URAD,BWM02D
7512,8467647,31976.0,21654.0,5160.0,1859915,8414815,1855695,8315843,URADR,IL1R,URAD,IL1L/R
7513,8467647,31976.0,21654.0,5160.0,1859915,8414815,1854729,8290215,URADR,BWM-DR02,URAD,BWM02D
7514,8467647,31976.0,21654.0,5160.0,1859915,8414815,1853073,8251460,URADR,RMED,URAD,RMED
7515,8470844,38062.0,26624.0,13980.0,1858734,8387328,1853302,8256010,URAVL,BWM-VL03,URAV,BWM03V
7516,8470844,38062.0,26624.0,13980.0,1858734,8387328,1853333,8256631,URAVL,BWM-VL01,URAV,BWM01V
7517,8469954,35872.0,24387.0,16650.0,1858734,8387431,1853433,8258437,URAVL,BWM-VL02,URAV,BWM02V
7518,8469954,35872.0,24387.0,16650.0,1858734,8387431,1853333,8256734,URAVL,BWM-VL01,URAV,BWM01V
7519,8471926,35696.0,24058.0,16800.0,1858734,8387436,1853333,8256738,URAVL,BWM-VL01,URAV,BWM01V
7520,8471926,35696.0,24058.0,16800.0,1858734,8387436,1853433,8258447,URAVL,BWM-VL02,URAV,BWM02V
7521,8470839,37110.0,25462.0,15870.0,1858734,8387405,1853433,8258288,URAVL,BWM-VL02,URAV,BWM02V
7522,8470839,37110.0,25462.0,15870.0,1858734,8387405,1859192,8396812,URAVL,IL1VL,URAV,IL1V
7523,8470841,37594.0,25590.0,15300.0,1858734,8387386,1853433,8258269,URAVL,BWM-VL02,URAV,BWM02V
7524,8470841,37594.0,25590.0,15300.0,1858734,8387386,1853712,8262579,URAVL,RIPL,URAV,RIP
7525,8468187,36878.0,25352.0,16050.0,1858734,8387411,1856030,8322937,URAVL,RMEL,URAV,RMEL/R
7526,8468187,36878.0,25352.0,16050.0,1858734,8387411,1853433,8258533,URAVL,BWM-VL02,URAV,BWM02V
7527,8470843,38616.0,26906.0,13710.0,1858734,8387337,1856030,8323020,URAVL,RMEL,URAV,RMEL/R
7528,8470843,38616.0,26906.0,13710.0,1858734,8387337,1859192,8397008,URAVL,IL1VL,URAV,IL1V
7529,8470843,38616.0,26906.0,13710.0,1858734,8387337,1853712,8262696,URAVL,RIPL,URAV,RIP
7530,8470843,38616.0,26906.0,13710.0,1858734,8387337,1853333,8256622,URAVL,BWM-VL01,URAV,BWM01V
7531,8470843,38616.0,26906.0,13710.0,1858734,8387337,1853433,8258595,URAVL,BWM-VL02,URAV,BWM02V
7532,8470837,36362.0,24924.0,16440.0,1858734,8387424,1855757,8316729,URAVL,RMEV,URAV,RMEV
7533,8470837,36362.0,24924.0,16440.0,1858734,8387424,1853333,8256722,URAVL,BWM-VL01,URAV,BWM01V
7534,8470837,36362.0,24924.0,16440.0,1858734,8387424,1856030,8322923,URAVL,RMEL,URAV,RMEL/R
7535,8470837,36362.0,24924.0,16440.0,1858734,8387424,1853433,8258430,URAVL,BWM-VL02,URAV,BWM02V
7536,8470842,38348.0,27048.0,13680.0,1858734,8387338,1853333,8256615,URAVL,BWM-VL01,URAV,BWM01V
7537,8470842,38348.0,27048.0,13680.0,1858734,8387338,1853433,8258598,URAVL,BWM-VL02,URAV,BWM02V
7538,8470842,38348.0,27048.0,13680.0,1858734,8387338,1856030,8323020,URAVL,RMEL,URAV,RMEL/R
7539,8470842,38348.0,27048.0,13680.0,1858734,8387338,1859192,8397009,URAVL,IL1VL,URAV,IL1V
7540,8470842,38348.0,27048.0,13680.0,1858734,8387338,1855757,8317127,URAVL,RMEV,URAV,RMEV
7541,8469955,36260.0,24715.0,16710.0,1858734,8387433,1853433,8258444,URAVL,BWM-VL02,URAV,BWM02V
7542,8469955,36260.0,24715.0,16710.0,1858734,8387433,1859192,8396840,URAVL,IL1VL,URAV,IL1V
7543,8469955,36260.0,24715.0,16710.0,1858734,8387433,1855757,8316738,URAVL,RMEV,URAV,RMEV
7544,8470840,37230.0,25490.0,15690.0,1858734,8387399,1859192,8396806,URAVL,IL1VL,URAV,IL1V
7545,8470840,37230.0,25490.0,15690.0,1858734,8387399,1853712,8262566,URAVL,RIPL,URAV,RIP
7546,8470851,35790.0,26803.0,6930.0,1856005,8322233,1853558,8260358,URAVR,BWM-VR01,URAV,BWM01V
7547,8470851,35790.0,26803.0,6930.0,1856005,8322233,1853484,8259147,URAVR,BWM-VR02,URAV,BWM02V
7548,8470851,35790.0,26803.0,6930.0,1856005,8322233,1853484,8259163,URAVR,BWM-VR02,URAV,BWM02V
7549,8470851,35790.0,26803.0,6930.0,1856005,8322233,1854565,8285255,URAVR,RMER,URAV,RMEL/R
7550,8470850,35138.0,26695.0,6660.0,1856005,8322242,1853484,8259150,URAVR,BWM-VR02,URAV,BWM02V
7551,8470850,35138.0,26695.0,6660.0,1856005,8322242,1853558,8260377,URAVR,BWM-VR01,URAV,BWM01V
7552,8470850,35138.0,26695.0,6660.0,1856005,8322242,1856542,8335503,URAVR,GLRR,URAV,GLRL/R
7553,8470850,35138.0,26695.0,6660.0,1856005,8322242,1855757,8317264,URAVR,RMEV,URAV,RMEV
7554,8470850,35138.0,26695.0,6660.0,1856005,8322242,1854565,8285246,URAVR,RMER,URAV,RMEL/R
7555,8470850,35138.0,26695.0,6660.0,1856005,8322242,1853484,8259172,URAVR,BWM-VR02,URAV,BWM02V
7556,8470854,36800.0,27136.0,8190.0,1856005,8322191,1853484,8259128,URAVR,BWM-VR02,URAV,BWM02V
7557,8470854,36800.0,27136.0,8190.0,1856005,8322191,1853582,8260791,URAVR,BWM-VR03,URAV,BWM03V
7558,8470854,36800.0,27136.0,8190.0,1856005,8322191,1853558,8260070,URAVR,BWM-VR01,URAV,BWM01V
7559,8470853,36020.0,26820.0,7170.0,1856005,8322225,1856058,8323457,URAVR,RIPR,URAV,RIP
7560,8470853,36020.0,26820.0,7170.0,1856005,8322225,1853558,8260350,URAVR,BWM-VR01,URAV,BWM01V
7561,8470853,36020.0,26820.0,7170.0,1856005,8322225,1853484,8259097,URAVR,BWM-VR02,URAV,BWM02V
7562,8470853,36020.0,26820.0,7170.0,1856005,8322225,1856143,8325106,URAVR,IL1VR,URAV,IL1V
7563,8470849,34166.0,25595.0,6450.0,1856005,8322249,1853558,8260371,URAVR,BWM-VR01,URAV,BWM01V
7564,8470849,34166.0,25595.0,6450.0,1856005,8322249,1853519,8259875,URAVR,BWM-VR04,URAV,BWM04V
7565,8467672,34526.0,26159.0,6540.0,1856005,8322246,1855695,8315801,URAVR,IL1R,URAV,IL1L/R
7566,8467672,34526.0,26159.0,6540.0,1856005,8322246,1853558,8260371,URAVR,BWM-VR01,URAV,BWM01V
7567,8470855,37984.0,27348.0,8400.0,1856005,8322177,1855757,8317507,URAVR,RMEV,URAV,RMEV
7568,8470855,37984.0,27348.0,8400.0,1856005,8322177,1854565,8285688,URAVR,RMER,URAV,RMEL/R
7569,8470855,37984.0,27348.0,8400.0,1856005,8322177,1856058,8323580,URAVR,RIPR,URAV,RIP
7570,8470855,37984.0,27348.0,8400.0,1856005,8322177,1853558,8260096,URAVR,BWM-VR01,URAV,BWM01V
7571,8470855,37984.0,27348.0,8400.0,1856005,8322177,1853582,8260834,URAVR,BWM-VR03,URAV,BWM03V
7572,8470847,34098.0,25291.0,6330.0,1856005,8322261,1853484,8259196,URAVR,BWM-VR02,URAV,BWM02V
7573,8470847,34098.0,25291.0,6330.0,1856005,8322261,1853519,8259879,URAVR,BWM-VR04,URAV,BWM04V
7574,8470864,41614.0,24872.0,15660.0,1858087,8372783,1859368,8402834,URBL,ADAL,URB,ADA
7575,8470863,41550.0,25016.0,15480.0,1858087,8372789,1859368,8402828,URBL,ADAL,URB,ADA
7576,8470876,40998.0,23580.0,16380.0,1858087,8372809,1858840,8389728,URBL,URXL,URB,URX
7577,8470876,40998.0,23580.0,16380.0,1858087,8372809,1859368,8402865,URBL,ADAL,URB,ADA
7578,8470871,41322.0,24924.0,15330.0,1858087,8372882,1857842,8366411,URBL,AVBL,URB,AVB
7579,8470871,41322.0,24924.0,15330.0,1858087,8372882,1859368,8402819,URBL,ADAL,URB,ADA
7580,8470871,41322.0,24924.0,15330.0,1858087,8372882,1859449,8405065,URBL,CEPVL,URB,CEPV
7581,8470856,38350.0,18196.0,13050.0,1858087,8373012,1859368,8402995,URBL,ADAL,URB,ADA
7582,8470856,38350.0,18196.0,13050.0,1858087,8373012,1854363,8280172,URBL,AVDL,URB,AVD
7583,8470856,38350.0,18196.0,13050.0,1858087,8373012,1857842,8366616,URBL,AVBL,URB,AVB
7584,8471928,38888.0,21792.0,15870.0,1858087,8372747,1858222,8375754,URBL,ADEL,URB,ADE
7585,8471928,38888.0,21792.0,15870.0,1858087,8372747,1858797,8389065,URBL,IL1L,URB,IL1L/R
7586,8470865,39714.0,22128.0,16020.0,1858087,8372752,1858840,8372901,URBL,URXL,URB,URX
7587,8470865,39714.0,22128.0,16020.0,1858087,8372752,1857550,8357503,URBL,RICL,URB,RIC
7588,8470865,39714.0,22128.0,16020.0,1858087,8372752,1855653,8315552,URBL,RICR,URB,RIC
7589,8470860,37506.0,19276.0,14370.0,1858087,8372944,1858882,8390826,URBL,CEPDL,URB,CEPD
7590,8470860,37506.0,19276.0,14370.0,1858087,8372944,1852933,8246859,URBL,SIADR,URB,SIAD
7591,8470860,37506.0,19276.0,14370.0,1858087,8372944,1855653,8315280,URBL,RICR,URB,RIC
7592,8470860,37506.0,19276.0,14370.0,1858087,8372944,1857221,8347053,URBL,RMDDL,URB,RMDD
7593,8470862,39054.0,20718.0,15150.0,1858087,8372912,1855433,8309723,URBL,RMHR,URB,RMH
7594,8471935,38476.0,20728.0,15570.0,1858087,8471934,1859497,8407113,URBL,RMDR,URB,RMDL/R
7595,8471935,38476.0,20728.0,15570.0,1858087,8471934,1856168,8326018,URBL,RMDDR,URB,RMDD
7596,8471935,38476.0,20728.0,15570.0,1858087,8471934,1857657,8360993,URBL,SMBVL,URB,SMBV
7597,8471927,40894.0,18800.0,15300.0,1858087,8372717,1858777,8388160,URBL,OLLL,URB,OLL
7598,8471927,40894.0,18800.0,15300.0,1858087,8372717,1856212,8327276,URBL,SMDDR,URB,SMDD
7599,8470859,38322.0,19188.0,14070.0,1858087,8372954,1858840,8389604,URBL,URXL,URB,URX
7600,8470868,39586.0,21310.0,15870.0,1858087,8372747,1858840,8389745,URBL,URXL,URB,URX
7601,8470861,38578.0,19714.0,14610.0,1858087,8372936,1858840,8389999,URBL,URXL,URB,URX
7602,8470861,38578.0,19714.0,14610.0,1858087,8372936,1858882,8390489,URBL,CEPDL,URB,CEPD
7603,8470869,40342.0,21658.0,15660.0,1858087,8372740,1858797,8389046,URBL,IL1L,URB,IL1L/R
7604,8470869,40342.0,21658.0,15660.0,1858087,8372740,1858840,8389752,URBL,URXL,URB,URX
7605,8470872,41098.0,23980.0,15900.0,1858087,8372863,1858840,8389708,URBL,URXL,URB,URX
7606,8470872,41098.0,23980.0,15900.0,1858087,8372863,1855653,8315359,URBL,RICR,URB,RIC
7607,8470875,40738.0,23232.0,16320.0,1858087,8372807,1855653,8315530,URBL,RICR,URB,RIC
7608,8470875,40738.0,23232.0,16320.0,1858087,8372807,1858840,8389726,URBL,URXL,URB,URX
7609,8470866,39686.0,21484.0,15960.0,1858087,8372750,1858797,8389057,URBL,IL1L,URB,IL1L/R
7610,8470866,39686.0,21484.0,15960.0,1858087,8372750,1855653,8315552,URBL,RICR,URB,RIC
7611,8470866,39686.0,21484.0,15960.0,1858087,8372750,1858840,8389742,URBL,URXL,URB,URX
7612,8470873,40566.0,22114.0,15780.0,1858087,8372843,1858348,8380292,URBL,RMGL,URB,RMG
7613,8470873,40566.0,22114.0,15780.0,1858087,8372843,1858840,8389748,URBL,URXL,URB,URX
7614,8469833,40436.0,26872.0,5940.0,1854239,8277224,1855712,8316278,URBR,ADAR,URB,ADA
7615,8470278,37626.0,22205.0,4500.0,1854239,8277035,1855059,8298805,URBR,URXR,URB,URX
7616,8470278,37626.0,22205.0,4500.0,1854239,8277035,1855712,8316432,URBR,ADAR,URB,ADA
7617,8470883,37402.0,20735.0,4980.0,1854239,8277303,1855059,8299181,URBR,URXR,URB,URX
7618,8470883,37402.0,20735.0,4980.0,1854239,8277303,1855712,8316409,URBR,ADAR,URB,ADA
7619,8470882,40628.0,25860.0,5910.0,1854239,8277126,1855155,8300864,URBR,SDQR,URB,SDQ
7620,8470882,40628.0,25860.0,5910.0,1854239,8277126,1854528,8284040,URBR,AVBR,URB,AVB
7621,8416908,37050.0,21076.0,5100.0,1854239,8277310,1855306,8305454,URBR,CEPDR,URB,CEPD
7622,8470885,38006.0,22070.0,4440.0,1854239,8277032,1854095,8273798,URBR,SIAVR,URB,SIAV
7623,8470885,38006.0,22070.0,4440.0,1854239,8277032,1855306,8305693,URBR,CEPDR,URB,CEPD
7624,8462697,40220.0,26484.0,6660.0,1854239,8277200,1855951,8320521,URBR,CEPVR,URB,CEPV
7625,8470324,38486.0,24485.0,5070.0,1854239,8277092,1858998,8392961,URBR,RMDL,URB,RMDL/R
7626,8470324,38486.0,24485.0,5070.0,1854239,8277092,1854095,8273840,URBR,SIAVR,URB,SIAV
7627,8470164,39182.0,25591.0,5490.0,1854239,8277137,1855059,8299075,URBR,URXR,URB,URX
7628,8470878,38938.0,24283.0,5070.0,1854239,8277092,1855059,8299057,URBR,URXR,URB,URX
7629,8470879,38636.8,22829.7,4410.0,1854239,8277029,1855695,8315727,URBR,IL1R,URB,IL1L/R
7630,8470879,38636.8,22829.7,4410.0,1854239,8277029,1855059,8299031,URBR,URXR,URB,URX
7631,8470879,38636.8,22829.7,4410.0,1854239,8277029,1854271,8277481,URBR,OLLR,URB,OLL
7632,8470884,37474.0,22277.0,4620.0,1854239,8277039,1855059,8298801,URBR,URXR,URB,URX
7633,8470884,37474.0,22277.0,4620.0,1854239,8277039,1857550,8357925,URBR,RICL,URB,RIC
7634,8471937,40322.0,25598.0,5730.0,1854239,8277120,1857550,8358000,URBR,RICL,URB,RIC
7635,8471937,40322.0,25598.0,5730.0,1854239,8277120,1855059,8299083,URBR,URXR,URB,URX
7636,8470880,37510.0,21415.0,4830.0,1854239,8277285,1857703,8362478,URBR,SMBDL,URB,SMBD
7637,8470880,37510.0,21415.0,4830.0,1854239,8277285,1855059,8299176,URBR,URXR,URB,URX
7638,8470911,41134.0,22982.0,18510.0,1858840,8389983,1857943,8368857,URXL,AUAL,URX,AUA
7639,8470912,41098.0,22798.0,18540.0,1858840,8389984,1857943,8368858,URXL,AUAL,URX,AUA
7640,8470913,41246.0,23222.0,18480.0,1858840,8389982,1857943,8368856,URXL,AUAL,URX,AUA
7641,8470914,41282.0,23430.0,18450.0,1858840,8389981,1857943,8368855,URXL,AUAL,URX,AUA
7642,8470915,41434.0,23630.0,18420.0,1858840,8389980,1857943,8368854,URXL,AUAL,URX,AUA
7643,8470904,40078.0,21064.0,16110.0,1858840,8389697,1856963,8340936,URXL,AVEL,URX,AVE
7644,8470902,39934.0,20842.0,15900.0,1858840,8389743,1856963,8340930,URXL,AVEL,URX,AVE
7645,8470902,39934.0,20842.0,15900.0,1858840,8389743,1858943,8391532,URXL,IL2L,URX,IL2L/R
7646,8470900,40690.0,21254.0,15810.0,1858840,8389747,1858348,8380291,URXL,RMGL,URX,RMG
7647,8470900,40690.0,21254.0,15810.0,1858840,8389747,1856963,8340927,URXL,AVEL,URX,AVE
7648,8470903,40514.0,20978.0,16140.0,1858840,8389696,1858348,8380274,URXL,RMGL,URX,RMG
7649,8470903,40514.0,20978.0,16140.0,1858840,8389696,1856963,8340937,URXL,AVEL,URX,AVE
7650,8470109,40674.0,20294.0,17220.0,1858840,8389813,1857943,8368911,URXL,AUAL,URX,AUA
7651,8470109,40674.0,20294.0,17220.0,1858840,8389813,1859108,8394842,URXL,RIAL,URX,RIA
7652,8470146,40786.0,21078.0,17730.0,1858840,8389830,1859108,8394859,URXL,RIAL,URX,RIA
7653,8470146,40786.0,21078.0,17730.0,1858840,8389830,1857943,8368894,URXL,AUAL,URX,AUA
7654,8470890,41958.0,25346.0,17490.0,1858840,8389867,1859108,8394950,URXL,RIAL,URX,RIA
7655,8470890,41958.0,25346.0,17490.0,1858840,8389867,1857943,8368818,URXL,AUAL,URX,AUA
7656,8470892,41718.0,24902.0,17910.0,1858840,8389853,1859108,8394936,URXL,RIAL,URX,RIA
7657,8470892,41718.0,24902.0,17910.0,1858840,8389853,1857943,8368832,URXL,AUAL,URX,AUA
7658,8470916,41454.0,23926.0,18330.0,1858840,8389977,1857943,8368850,URXL,AUAL,URX,AUA
7659,8470916,41454.0,23926.0,18330.0,1858840,8389977,1859108,8394922,URXL,RIAL,URX,RIA
7660,8470917,40910.0,22482.0,18540.0,1858840,8389984,1857943,8368858,URXL,AUAL,URX,AUA
7661,8470917,40910.0,22482.0,18540.0,1858840,8389984,1859108,8394886,URXL,RIAL,URX,RIA
7662,8470918,40778.0,22206.0,18390.0,1858840,8389979,1857943,8368853,URXL,AUAL,URX,AUA
7663,8470918,40778.0,22206.0,18390.0,1858840,8389979,1859108,8394881,URXL,RIAL,URX,RIA
7664,8470923,41668.0,24390.0,18240.0,1858840,8389974,1857943,8368847,URXL,AUAL,URX,AUA
7665,8470923,41668.0,24390.0,18240.0,1858840,8389974,1859108,8394925,URXL,RIAL,URX,RIA
7666,8470894,40210.0,19566.0,16380.0,1858840,8389681,1857073,8343023,URXL,RIR,URX,RIR
7667,8470894,40210.0,19566.0,16380.0,1858840,8389681,1859108,8394808,URXL,RIAL,URX,RIA
7668,8470894,40210.0,19566.0,16380.0,1858840,8389681,1857943,8368937,URXL,AUAL,URX,AUA
7669,8470110,40606.0,20586.0,17220.0,1858840,8389813,1859108,8394842,URXL,RIAL,URX,RIA
7670,8470110,40606.0,20586.0,17220.0,1858840,8389813,1857073,8342997,URXL,RIR,URX,RIR
7671,8470111,40678.0,20746.0,17370.0,1858840,8389818,1859108,8394847,URXL,RIAL,URX,RIA
7672,8470111,40678.0,20746.0,17370.0,1858840,8389818,1857073,8342992,URXL,RIR,URX,RIR
7673,8470147,43250.0,28140.0,15360.0,1858840,8389939,1859108,8395020,URXL,RIAL,URX,RIA
7674,8470147,43250.0,28140.0,15360.0,1858840,8389939,1857073,8342882,URXL,RIR,URX,RIR
7675,8470887,43902.0,29200.0,14640.0,1858840,8389963,1857073,8342858,URXL,RIR,URX,RIR
7676,8470887,43902.0,29200.0,14640.0,1858840,8389963,1859108,8395043,URXL,RIAL,URX,RIA
7677,8470893,40782.0,20938.0,17550.0,1858840,8389824,1857073,8342986,URXL,RIR,URX,RIR
7678,8470893,40782.0,20938.0,17550.0,1858840,8389824,1859108,8394853,URXL,RIAL,URX,RIA
7679,8470905,40650.0,22106.0,16170.0,1858840,8389695,1855653,8315543,URXL,RICR,URX,RIC
7680,8470905,40650.0,22106.0,16170.0,1858840,8389695,1857550,8357508,URXL,RICL,URX,RIC
7681,8470924,40118.0,21298.0,16080.0,1858840,8389731,1857550,8357513,URXL,RICL,URX,RIC
7682,8470924,40118.0,21298.0,16080.0,1858840,8389731,1855653,8315340,URXL,RICR,URX,RIC
7683,8470897,38290.0,19084.0,14550.0,1858840,8389996,1856419,8333359,URXL,SMBDR,URX,SMBD
7684,8470897,38290.0,19084.0,14550.0,1858840,8389996,1857550,8357571,URXL,RICL,URX,RIC
7685,8469900,41314.0,24420.0,18270.0,1858840,8389975,1857421,8353152,URXL,RIGL,URX,RIG
7686,8472218,40378.0,23422.0,18420.0,1858840,8389980,1857421,8353158,URXL,RIGL,URX,RIG
7687,8472219,41362.0,24570.0,18180.0,1858840,8389972,1857421,8353149,URXL,RIGL,URX,RIG
7688,8470889,41914.0,25494.0,17220.0,1858840,8389876,1859108,8394959,URXL,RIAL,URX,RIA
7689,8470889,41914.0,25494.0,17220.0,1858840,8389876,1857421,8353097,URXL,RIGL,URX,RIG
7690,8470891,41530.0,25102.0,17730.0,1858840,8389859,1859108,8394942,URXL,RIAL,URX,RIA
7691,8470891,41530.0,25102.0,17730.0,1858840,8389859,1857421,8353080,URXL,RIGL,URX,RIG
7692,8470906,40490.0,23466.0,18750.0,1858840,8389991,1859108,8394893,URXL,RIAL,URX,RIA
7693,8470906,40490.0,23466.0,18750.0,1858840,8389991,1857421,8353169,URXL,RIGL,URX,RIG
7694,8470907,40374.0,23170.0,18660.0,1858840,8389988,1859108,8394892,URXL,RIAL,URX,RIA
7695,8470907,40374.0,23170.0,18660.0,1858840,8389988,1857421,8353166,URXL,RIGL,URX,RIG
7696,8470908,40362.0,22962.0,18630.0,1858840,8389987,1857421,8353165,URXL,RIGL,URX,RIG
7697,8470908,40362.0,22962.0,18630.0,1858840,8389987,1859108,8394889,URXL,RIAL,URX,RIA
7698,8470909,40302.0,22638.0,18510.0,1858840,8389983,1857421,8353161,URXL,RIGL,URX,RIG
7699,8470909,40302.0,22638.0,18510.0,1858840,8389983,1859108,8394885,URXL,RIAL,URX,RIA
7700,8470920,40562.0,22226.0,18270.0,1858840,8389975,1859108,8394877,URXL,RIAL,URX,RIA
7701,8470920,40562.0,22226.0,18270.0,1858840,8389975,1857421,8353196,URXL,RIGL,URX,RIG
7702,8470920,40562.0,22226.0,18270.0,1858840,8389975,1854971,8296151,URXL,AQR,URX,AQR
7703,8470145,40778.0,21234.0,17700.0,1858840,8389829,1857073,8342981,URXL,RIR,URX,RIR
7704,8470962,38062.0,21697.0,3210.0,1855059,8299148,1853823,8265490,URXR,AUAR,URX,AUA
7705,8470962,38062.0,21697.0,3210.0,1855059,8299148,1857073,8343592,URXR,RIR,URX,RIR
7706,8470960,38634.0,23371.0,4290.0,1855059,8299020,1854322,8278908,URXR,AVER,URX,AVE
7707,8470960,38634.0,23371.0,4290.0,1855059,8299020,1854217,8276773,URXR,IL2R,URX,IL2L/R
7708,8470961,39002.0,23295.0,4020.0,1855059,8299012,1854217,8276766,URXR,IL2R,URX,IL2L/R
7709,8470961,39002.0,23295.0,4020.0,1855059,8299012,1854322,8278916,URXR,AVER,URX,AVE
7710,8470958,39314.0,23663.0,4530.0,1855059,8299035,1855695,8315723,URXR,IL1R,URX,IL1L/R
7711,8470958,39314.0,23663.0,4530.0,1855059,8299035,1854875,8294444,URXR,RMGR,URX,RMG
7712,8470958,39314.0,23663.0,4530.0,1855059,8299035,1854322,8278900,URXR,AVER,URX,AVE
7713,8470129,39146.0,25799.0,3390.0,1855059,8299142,1854971,8296713,URXR,AQR,URX,AQR
7714,8470129,39146.0,25799.0,3390.0,1855059,8299142,1857495,8355316,URXR,RIAR,URX,RIA
7715,8462706,39622.0,27315.0,3960.0,1855059,8298863,1853823,8265439,URXR,AUAR,URX,AUA
7716,8462706,39622.0,27315.0,3960.0,1855059,8298863,1857495,8355335,URXR,RIAR,URX,RIA
7717,8470132,41286.0,29336.0,5970.0,1855059,8298942,1853823,8265373,URXR,AUAR,URX,AUA
7718,8470132,41286.0,29336.0,5970.0,1855059,8298942,1857495,8355401,URXR,RIAR,URX,RIA
7719,8470933,41806.0,29652.0,6360.0,1855059,8298955,1853823,8265360,URXR,AUAR,URX,AUA
7720,8470933,41806.0,29652.0,6360.0,1855059,8298955,1857495,8355414,URXR,RIAR,URX,RIA
7721,8470936,40946.0,29159.0,5670.0,1855059,8298932,1853823,8265383,URXR,AUAR,URX,AUA
7722,8470936,40946.0,29159.0,5670.0,1855059,8298932,1857495,8355391,URXR,RIAR,URX,RIA
7723,8470937,40794.0,29031.0,5550.0,1855059,8298928,1853823,8265387,URXR,AUAR,URX,AUA
7724,8470937,40794.0,29031.0,5550.0,1855059,8298928,1857495,8355387,URXR,RIAR,URX,RIA
7725,8470939,40514.0,28715.0,5190.0,1855059,8298916,1853823,8265399,URXR,AUAR,URX,AUA
7726,8470939,40514.0,28715.0,5190.0,1855059,8298916,1857495,8355375,URXR,RIAR,URX,RIA
7727,8470940,40394.0,28579.0,4950.0,1855059,8298908,1853823,8265407,URXR,AUAR,URX,AUA
7728,8470940,40394.0,28579.0,4950.0,1855059,8298908,1857495,8355367,URXR,RIAR,URX,RIA
7729,8470941,39822.0,27924.0,4140.0,1855059,8298982,1853823,8265434,URXR,AUAR,URX,AUA
7730,8470941,39822.0,27924.0,4140.0,1855059,8298982,1857495,8355341,URXR,RIAR,URX,RIA
7731,8470947,39502.0,26628.0,3570.0,1855059,8298850,1857495,8355322,URXR,RIAR,URX,RIA
7732,8470947,39502.0,26628.0,3570.0,1855059,8298850,1853823,8265452,URXR,AUAR,URX,AUA
7733,8470948,39630.0,26935.0,3690.0,1855059,8298854,1853823,8265448,URXR,AUAR,URX,AUA
7734,8470948,39630.0,26935.0,3690.0,1855059,8298854,1857495,8355326,URXR,RIAR,URX,RIA
7735,8470949,39238.0,26059.0,3330.0,1855059,8299144,1853823,8265460,URXR,AUAR,URX,AUA
7736,8470949,39238.0,26059.0,3330.0,1855059,8299144,1857495,8355314,URXR,RIAR,URX,RIA
7737,8470950,39150.0,25319.0,3210.0,1855059,8299148,1853823,8265464,URXR,AUAR,URX,AUA
7738,8470950,39150.0,25319.0,3210.0,1855059,8299148,1857495,8355310,URXR,RIAR,URX,RIA
7739,8470954,38824.0,23988.0,2880.0,1855059,8299159,1853823,8265749,URXR,AUAR,URX,AUA
7740,8470954,38824.0,23988.0,2880.0,1855059,8299159,1857495,8355291,URXR,RIAR,URX,RIA
7741,8470955,38832.0,23356.0,2910.0,1855059,8299158,1853823,8265479,URXR,AUAR,URX,AUA
7742,8470955,38832.0,23356.0,2910.0,1855059,8299158,1857495,8355292,URXR,RIAR,URX,RIA
7743,8470956,38816.0,22928.0,2970.0,1855059,8299156,1853823,8265484,URXR,AUAR,URX,AUA
7744,8470956,38816.0,22928.0,2970.0,1855059,8299156,1857495,8355294,URXR,RIAR,URX,RIA
7745,8470930,41718.0,29624.0,6900.0,1855059,8298973,1854786,8291131,URXR,RIGR,URX,RIG
7746,8470930,41718.0,29624.0,6900.0,1855059,8298973,1857495,8355431,URXR,RIAR,URX,RIA
7747,8470943,38842.0,26892.0,3600.0,1855059,8298851,1854786,8291276,URXR,RIGR,URX,RIG
7748,8470943,38842.0,26892.0,3600.0,1855059,8298851,1857495,8355323,URXR,RIAR,URX,RIA
7749,8470944,38742.0,26488.0,3600.0,1855059,8298851,1857495,8355323,URXR,RIAR,URX,RIA
7750,8470944,38742.0,26488.0,3600.0,1855059,8298851,1854786,8291276,URXR,RIGR,URX,RIG
7751,8470945,38742.0,26748.0,3600.0,1855059,8298851,1857495,8355323,URXR,RIAR,URX,RIA
7752,8470945,38742.0,26748.0,3600.0,1855059,8298851,1854786,8291276,URXR,RIGR,URX,RIG
7753,8470946,38814.0,26228.0,3570.0,1855059,8298988,1854786,8291277,URXR,RIGR,URX,RIG
7754,8470946,38814.0,26228.0,3570.0,1855059,8298988,1857495,8355322,URXR,RIAR,URX,RIA
7755,8470934,40698.0,28972.0,5850.0,1855059,8298938,1855337,8307111,URXR,AIBL,URX,AIB
7756,8470934,40698.0,28972.0,5850.0,1855059,8298938,1857495,8355397,URXR,RIAR,URX,RIA
7757,8470934,40698.0,28972.0,5850.0,1855059,8298938,1854786,8291169,URXR,RIGR,URX,RIG
7758,8470126,39130.0,25083.0,3180.0,1855059,8299149,1857073,8343770,URXR,RIR,URX,RIR
7759,8470126,39130.0,25083.0,3180.0,1855059,8299149,1857495,8355309,URXR,RIAR,URX,RIA
7760,8470139,38716.0,22796.0,3030.0,1855059,8299154,1857495,8355296,URXR,RIAR,URX,RIA
7761,8470139,38716.0,22796.0,3030.0,1855059,8299154,1857073,8343775,URXR,RIR,URX,RIR
7762,8470140,38788.0,23492.0,3030.0,1855059,8299154,1857495,8355296,URXR,RIAR,URX,RIA
7763,8470140,38788.0,23492.0,3030.0,1855059,8299154,1857073,8343775,URXR,RIR,URX,RIR
7764,8470932,41882.0,29804.0,6750.0,1855059,8298968,1857073,8343470,URXR,RIR,URX,RIR
7765,8470932,41882.0,29804.0,6750.0,1855059,8298968,1857495,8355427,URXR,RIAR,URX,RIA
7766,8470952,39010.0,24639.0,3120.0,1855059,8299151,1857073,8343772,URXR,RIR,URX,RIR
7767,8470952,39010.0,24639.0,3120.0,1855059,8299151,1857495,8355300,URXR,RIAR,URX,RIA
7768,8470953,38854.0,23991.0,3090.0,1855059,8299152,1857073,8343773,URXR,RIR,URX,RIR
7769,8470953,38854.0,23991.0,3090.0,1855059,8299152,1857495,8355298,URXR,RIAR,URX,RIA
7770,8470959,39102.0,23995.0,4440.0,1855059,8299032,1855653,8314921,URXR,RICR,URX,RIC
7771,8472220,37452.0,21376.0,4560.0,1855059,8298795,1855653,8314953,URXR,RICR,URX,RIC
7772,8471941,38602.0,23615.0,4470.0,1855059,8299033,1855653,8314920,URXR,RICR,URX,RIC
7773,8471941,38602.0,23615.0,4470.0,1855059,8299033,1854217,8276779,URXR,IL2R,URX,IL2L/R
7774,8470957,39864.0,25856.0,5820.0,1855059,8299086,1857550,8358003,URXR,RICL,URX,RIC
7775,8470957,39864.0,25856.0,5820.0,1855059,8299086,1855653,8314875,URXR,RICR,URX,RIC
7776,8469935,40470.0,28527.0,5100.0,1855059,8298913,1854786,8291210,URXR,RIGR,URX,RIG
7777,8470938,40378.0,28587.0,5280.0,1855059,8298919,1854786,8291188,URXR,RIGR,URX,RIG
7778,8470942,39126.0,27179.0,3870.0,1855059,8298860,1854786,8291267,URXR,RIGR,URX,RIG
7779,8470986,37970.0,17848.0,12840.0,1858821,8389309,1854592,8286632,URYDL,RID,URYD,RID
7780,8470986,37970.0,17848.0,12840.0,1858821,8389309,1854363,8280180,URYDL,AVDL,URYD,AVD
7781,8470986,37970.0,17848.0,12840.0,1858821,8389309,1854528,8284435,URYDL,AVBR,URYD,AVB
7782,8470987,38174.0,17876.0,12510.0,1858821,8389298,1854363,8280191,URYDL,AVDL,URYD,AVD
7783,8470987,38174.0,17876.0,12510.0,1858821,8389298,1857842,8366634,URYDL,AVBL,URYD,AVB
7784,8471944,37080.0,16870.0,12960.0,1858821,8389324,1858005,8371113,URYDL,AVDR,URYD,AVD
7785,8471944,37080.0,16870.0,12960.0,1858821,8389324,1856963,8341077,URYDL,AVEL,URYD,AVE
7786,8470973,33530.0,17496.0,14130.0,1858821,8389385,1859074,8394011,URYDL,RMDVL,URYD,RMDV
7787,8470973,33530.0,17496.0,14130.0,1858821,8389385,1854322,8279293,URYDL,AVER,URYD,AVE
7788,8470975,33566.0,17156.0,13860.0,1858821,8389376,1859074,8394020,URYDL,RMDVL,URYD,RMDV
7789,8470975,33566.0,17156.0,13860.0,1858821,8389376,1854322,8279284,URYDL,AVER,URYD,AVE
7790,8470982,33166.0,16426.0,11940.0,1858821,8389452,1854322,8279220,URYDL,AVER,URYD,AVE
7791,8470982,33166.0,16426.0,11940.0,1858821,8389452,1859074,8394084,URYDL,RMDVL,URYD,RMDV
7792,8470984,33442.0,16632.0,12600.0,1858821,8389430,1854322,8279242,URYDL,AVER,URYD,AVE
7793,8470984,33442.0,16632.0,12600.0,1858821,8389430,1859074,8394062,URYDL,RMDVL,URYD,RMDV
7794,8470988,33520.0,16944.0,13320.0,1858821,8389347,1859074,8394038,URYDL,RMDVL,URYD,RMDV
7795,8470988,33520.0,16944.0,13320.0,1858821,8389347,1854322,8279266,URYDL,AVER,URYD,AVE
7796,8470989,33600.0,16974.0,13590.0,1858821,8389367,1859074,8394029,URYDL,RMDVL,URYD,RMDV
7797,8470989,33600.0,16974.0,13590.0,1858821,8389367,1854322,8279275,URYDL,AVER,URYD,AVE
7798,8470969,32408.0,17643.0,11670.0,1858821,8389461,1856168,8325839,URYDL,RMDDR,URYD,RMDD
7799,8470969,32408.0,17643.0,11670.0,1858821,8389461,1852950,8247411,URYDL,BWM-DL03,URYD,BWM03D
7800,8470969,32408.0,17643.0,11670.0,1858821,8389461,1852913,8245814,URYDL,BWM-DL01,URYD,BWM01D
7801,8470965,33076.0,16971.0,10650.0,1858821,8389492,1852950,8247523,URYDL,BWM-DL03,URYD,BWM03D
7802,8470965,33076.0,16971.0,10650.0,1858821,8389492,1859074,8394124,URYDL,RMDVL,URYD,RMDV
7803,8470965,33076.0,16971.0,10650.0,1858821,8389492,1858882,8390728,URYDL,CEPDL,URYD,CEPD
7804,8470977,32470.0,17636.0,13680.0,1858821,8389370,1856836,8337519,URYDL,IL1DL,URYD,IL1D
7805,8470968,32404.0,16823.0,11430.0,1858821,8389468,1856168,8325823,URYDL,RMDDR,URYD,RMDD
7806,8470976,32830.0,17252.0,13680.0,1858821,8389370,1856836,8337519,URYDL,IL1DL,URYD,IL1D
7807,8470976,32830.0,17252.0,13680.0,1858821,8389370,1859074,8394026,URYDL,RMDVL,URYD,RMDV
7808,8470978,32642.0,17116.0,13440.0,1858821,8389351,1859074,8394034,URYDL,RMDVL,URYD,RMDV
7809,8470978,32642.0,17116.0,13440.0,1858821,8389351,1856836,8337511,URYDL,IL1DL,URYD,IL1D
7810,8470983,32758.0,16952.0,12090.0,1858821,8389447,1859074,8394079,URYDL,RMDVL,URYD,RMDV
7811,8470983,32758.0,16952.0,12090.0,1858821,8389447,1856836,8337405,URYDL,IL1DL,URYD,IL1D
7812,8471943,32706.0,16453.0,10860.0,1858821,8389487,1859074,8394119,URYDL,RMDVL,URYD,RMDV
7813,8471943,32706.0,16453.0,10860.0,1858821,8389487,1856836,8337445,URYDL,IL1DL,URYD,IL1D
7814,8470974,33258.0,17720.0,14160.0,1858821,8389386,1859074,8394010,URYDL,RMDVL,URYD,RMDV
7815,8470974,33258.0,17720.0,14160.0,1858821,8389386,1856836,8337535,URYDL,IL1DL,URYD,IL1D
7816,8470974,33258.0,17720.0,14160.0,1858821,8389386,1858916,8391247,URYDL,OLQDL,URYD,OLQD
7817,8470966,32696.0,16715.0,10920.0,1858821,8389485,1856168,8325806,URYDL,RMDDR,URYD,RMDD
7818,8470966,32696.0,16715.0,10920.0,1858821,8389485,1859074,8394117,URYDL,RMDVL,URYD,RMDV
7819,8470967,32584.0,16763.0,11430.0,1858821,8389468,1856168,8325823,URYDL,RMDDR,URYD,RMDD
7820,8470967,32584.0,16763.0,11430.0,1858821,8389468,1859074,8394100,URYDL,RMDVL,URYD,RMDV
7821,8470970,32624.0,17011.0,11670.0,1858821,8389461,1856168,8325839,URYDL,RMDDR,URYD,RMDD
7822,8470970,32624.0,17011.0,11670.0,1858821,8389461,1859074,8394093,URYDL,RMDVL,URYD,RMDV
7823,8470981,32454.0,17394.0,11820.0,1858821,8389456,1856168,8325844,URYDL,RMDDR,URYD,RMDD
7824,8470981,32454.0,17394.0,11820.0,1858821,8389456,1859074,8394088,URYDL,RMDVL,URYD,RMDV
7825,8470980,33946.0,16556.0,13290.0,1858821,8389346,1856212,8327018,URYDL,SMDDR,URYD,SMDD
7826,8470985,33898.0,16428.0,12750.0,1858821,8389425,1856212,8327000,URYDL,SMDDR,URYD,SMDD
7827,8462474,33946.0,16788.0,13500.0,1858821,8389353,1854322,8279272,URYDL,AVER,URYD,AVE
7828,8462474,33946.0,16788.0,13500.0,1858821,8389353,1856212,8327295,URYDL,SMDDR,URYD,SMDD
7829,8470963,33168.0,16947.0,10260.0,1858821,8389513,1852950,8247510,URYDL,BWM-DL03,URYD,BWM03D
7830,8470963,33168.0,16947.0,10260.0,1858821,8389513,1856212,8326920,URYDL,SMDDR,URYD,SMDD
7831,8470963,33168.0,16947.0,10260.0,1858821,8389513,1858882,8390741,URYDL,CEPDL,URYD,CEPD
7832,8470971,33648.0,16231.0,11970.0,1858821,8389451,1858882,8390697,URYDL,CEPDL,URYD,CEPD
7833,8470971,33648.0,16231.0,11970.0,1858821,8389451,1856212,8326974,URYDL,SMDDR,URYD,SMDD
7834,8470971,33648.0,16231.0,11970.0,1858821,8389451,1855622,8314416,URYDL,RIBL,URYD,RIB
7835,8470972,33884.0,16199.0,12270.0,1858821,8389441,1856212,8326984,URYDL,SMDDR,URYD,SMDD
7836,8470972,33884.0,16199.0,12270.0,1858821,8389441,1855622,8314406,URYDL,RIBL,URYD,RIB
7837,8470979,34490.0,16440.0,13290.0,1858821,8389346,1856212,8327018,URYDL,SMDDR,URYD,SMDD
7838,8470979,34490.0,16440.0,13290.0,1858821,8389346,1855622,8314372,URYDL,RIBL,URYD,RIB
7839,8472222,37008.0,19676.0,5280.0,1855540,8311419,1854528,8284178,URYDR,AVBR,URYD,AVB
7840,8472222,37008.0,19676.0,5280.0,1855540,8311419,1858005,8370861,URYDR,AVDR,URYD,AVD
7841,8471952,32376.0,19889.0,4110.0,1855540,8311480,1855559,8311960,URYDR,OLQDR,URYD,OLQD
7842,8471952,32376.0,19889.0,4110.0,1855540,8311480,1856963,8341369,URYDR,AVEL,URYD,AVE
7843,8471946,31844.0,19192.0,6510.0,1855540,8311569,1857221,8347430,URYDR,RMDDL,URYD,RMDD
7844,8471946,31844.0,19192.0,6510.0,1855540,8311569,1854763,8290601,URYDR,BWM-DR01,URYD,BWM01D
7845,8471946,31844.0,19192.0,6510.0,1855540,8311569,1854703,8289582,URYDR,BWM-DR03,URYD,BWM03D
7846,8462567,32394.0,19927.0,4470.0,1855540,8311491,1857184,8345588,URYDR,RMDVR,URYD,RMDV
7847,8462567,32394.0,19927.0,4470.0,1855540,8311491,1856963,8341358,URYDR,AVEL,URYD,AVE
7848,8470999,32596.0,19152.0,4560.0,1855540,8311494,1856963,8341355,URYDR,AVEL,URYD,AVE
7849,8470999,32596.0,19152.0,4560.0,1855540,8311494,1857184,8345587,URYDR,RMDVR,URYD,RMDV
7850,8471000,32592.0,19380.0,4500.0,1855540,8311492,1857184,8345588,URYDR,RMDVR,URYD,RMDV
7851,8471000,32592.0,19380.0,4500.0,1855540,8311492,1856963,8341357,URYDR,AVEL,URYD,AVE
7852,8471948,32056.0,17972.0,6090.0,1855540,8311555,1857184,8345654,URYDR,RMDVR,URYD,RMDV
7853,8471948,32056.0,17972.0,6090.0,1855540,8311555,1859210,8397325,URYDR,IL1DR,URYD,IL1D
7854,8471949,31766.0,19142.0,5070.0,1855540,8311511,1857184,8345597,URYDR,RMDVR,URYD,RMDV
7855,8471949,31766.0,19142.0,5070.0,1855540,8311511,1859210,8397262,URYDR,IL1DR,URYD,IL1D
7856,8462637,32064.0,19639.0,4590.0,1855540,8311495,1859210,8397279,URYDR,IL1DR,URYD,IL1D
7857,8462637,32064.0,19639.0,4590.0,1855540,8311495,1857184,8345586,URYDR,RMDVR,URYD,RMDV
7858,8462548,32142.0,18142.0,6600.0,1855540,8311572,1857221,8347422,URYDR,RMDDL,URYD,RMDD
7859,8462548,32142.0,18142.0,6600.0,1855540,8311572,1857184,8345710,URYDR,RMDVR,URYD,RMDV
7860,8470990,32614.0,18178.0,6930.0,1855540,8311583,1857221,8347411,URYDR,RMDDL,URYD,RMDD
7861,8470990,32614.0,18178.0,6930.0,1855540,8311583,1857184,8345721,URYDR,RMDVR,URYD,RMDV
7862,8470991,32318.0,18130.0,6750.0,1855540,8311577,1857221,8347417,URYDR,RMDDL,URYD,RMDD
7863,8470991,32318.0,18130.0,6750.0,1855540,8311577,1857184,8345715,URYDR,RMDVR,URYD,RMDV
7864,8470993,31874.0,18362.0,6330.0,1855540,8311563,1857184,8345697,URYDR,RMDVR,URYD,RMDV
7865,8470993,31874.0,18362.0,6330.0,1855540,8311563,1857221,8347695,URYDR,RMDDL,URYD,RMDD
7866,8472221,32934.0,18342.0,7110.0,1855540,8311589,1857184,8345727,URYDR,RMDVR,URYD,RMDV
7867,8472221,32934.0,18342.0,7110.0,1855540,8311589,1857221,8347405,URYDR,RMDDL,URYD,RMDD
7868,8470992,31910.0,19046.0,6330.0,1855540,8311563,1854763,8290607,URYDR,BWM-DR01,URYD,BWM01D
7869,8470992,31910.0,19046.0,6330.0,1855540,8311563,1857184,8345697,URYDR,RMDVR,URYD,RMDV
7870,8470992,31910.0,19046.0,6330.0,1855540,8311563,1857221,8347695,URYDR,RMDDL,URYD,RMDD
7871,8470994,32016.0,18504.0,5490.0,1855540,8311535,1857184,8345674,URYDR,RMDVR,URYD,RMDV
7872,8470994,32016.0,18504.0,5490.0,1855540,8311535,1857184,8345611,URYDR,RMDVR,URYD,RMDV
7873,8470994,32016.0,18504.0,5490.0,1855540,8311535,1859210,8397247,URYDR,IL1DR,URYD,IL1D
7874,8470997,31916.0,18728.0,5310.0,1855540,8311529,1857184,8345678,URYDR,RMDVR,URYD,RMDV
7875,8470997,31916.0,18728.0,5310.0,1855540,8311529,1857184,8345605,URYDR,RMDVR,URYD,RMDV
7876,8470997,31916.0,18728.0,5310.0,1855540,8311529,1859210,8397254,URYDR,IL1DR,URYD,IL1D
7877,8462538,32770.0,17930.0,7290.0,1855540,8311604,1859238,8398200,URYDR,SMDDL,URYD,SMDD
7878,8470995,32620.0,17612.0,5430.0,1855540,8311533,1856963,8341325,URYDR,AVEL,URYD,AVE
7879,8470995,32620.0,17612.0,5430.0,1855540,8311533,1859238,8398262,URYDR,SMDDL,URYD,SMDD
7880,8470995,32620.0,17612.0,5430.0,1855540,8311533,1853041,8250451,URYDR,RIBR,URYD,RIB
7881,8470996,33120.0,18748.0,4590.0,1855540,8311495,1859238,8398290,URYDR,SMDDL,URYD,SMDD
7882,8470996,33120.0,18748.0,4590.0,1855540,8311495,1853041,8250423,URYDR,RIBR,URYD,RIB
7883,8470998,33104.0,19284.0,4320.0,1855540,8311486,1853041,8250414,URYDR,RIBR,URYD,RIB
7884,8470998,33104.0,19284.0,4320.0,1855540,8311486,1859238,8398299,URYDR,SMDDL,URYD,SMDD
7885,8471014,37254.0,25680.0,17370.0,1857894,8367669,1855622,8313692,URYVL,RIBL,URYV,RIB
7886,8471014,37254.0,25680.0,17370.0,1857894,8367669,1854322,8279457,URYVL,AVER,URYV,AVE
7887,8471016,37878.0,26260.0,16800.0,1857894,8367653,1855622,8313676,URYVL,RIBL,URYV,RIB
7888,8471016,37878.0,26260.0,16800.0,1857894,8367653,1854322,8279473,URYVL,AVER,URYV,AVE
7889,8462430,38050.0,26446.0,16530.0,1857894,8367644,1857221,8346892,URYVL,RMDDL,URYV,RMDD
7890,8462430,38050.0,26446.0,16530.0,1857894,8367644,1854322,8279482,URYVL,AVER,URYV,AVE
7891,8471015,37686.0,26104.0,16800.0,1857894,8367653,1854322,8279473,URYVL,AVER,URYV,AVE
7892,8471015,37686.0,26104.0,16800.0,1857894,8367653,1857221,8347721,URYVL,RMDDL,URYV,RMDD
7893,8471017,38678.0,26944.0,16020.0,1857894,8367625,1857221,8346875,URYVL,RMDDL,URYV,RMDD
7894,8471017,38678.0,26944.0,16020.0,1857894,8367625,1854322,8279498,URYVL,AVER,URYV,AVE
7895,8471021,39098.0,27624.0,15300.0,1857894,8367601,1857221,8346851,URYVL,RMDDL,URYV,RMDD
7896,8471021,39098.0,27624.0,15300.0,1857894,8367601,1854322,8279522,URYVL,AVER,URYV,AVE
7897,8471025,40318.0,28604.0,13740.0,1857894,8367729,1857221,8346788,URYVL,RMDDL,URYV,RMDD
7898,8471025,40318.0,28604.0,13740.0,1857894,8367729,1854322,8279573,URYVL,AVER,URYV,AVE
7899,8471974,38540.0,26822.0,16200.0,1857894,8367631,1857221,8346881,URYVL,RMDDL,URYV,RMDD
7900,8471974,38540.0,26822.0,16200.0,1857894,8367631,1854322,8279492,URYVL,AVER,URYV,AVE
7901,8469503,40436.0,28462.0,14100.0,1857894,8367717,1855622,8313556,URYVL,RIBL,URYV,RIB
7902,8469503,40436.0,28462.0,14100.0,1857894,8367717,1854175,8276158,URYVL,SMDVR,URYV,SMDV
7903,8469503,40436.0,28462.0,14100.0,1857894,8367717,1854322,8279561,URYVL,AVER,URYV,AVE
7904,8471013,40152.0,27714.0,15210.0,1857894,8367597,1855622,8313520,URYVL,RIBL,URYV,RIB
7905,8471013,40152.0,27714.0,15210.0,1857894,8367597,1854175,8276122,URYVL,SMDVR,URYV,SMDV
7906,8471013,40152.0,27714.0,15210.0,1857894,8367597,1854322,8279525,URYVL,AVER,URYV,AVE
7907,8471020,39758.0,27396.0,15630.0,1857894,8367612,1855622,8313506,URYVL,RIBL,URYV,RIB
7908,8471020,39758.0,27396.0,15630.0,1857894,8367612,1854175,8276108,URYVL,SMDVR,URYV,SMDV
7909,8471020,39758.0,27396.0,15630.0,1857894,8367612,1858777,8388717,URYVL,OLLL,URYV,OLL
7910,8471020,39758.0,27396.0,15630.0,1857894,8367612,1854322,8279511,URYVL,AVER,URYV,AVE
7911,8471018,38054.0,26968.0,15720.0,1857894,8367615,1857221,8346865,URYVL,RMDDL,URYV,RMDD
7912,8471018,38054.0,26968.0,15720.0,1857894,8367615,1859192,8396807,URYVL,IL1VL,URYV,IL1V
7913,8471022,38206.0,27252.0,15300.0,1857894,8367601,1859192,8396793,URYVL,IL1VL,URYV,IL1V
7914,8471022,38206.0,27252.0,15300.0,1857894,8367601,1857221,8346851,URYVL,RMDDL,URYV,RMDD
7915,8471004,40505.0,28169.0,12570.0,1857894,8367768,1857184,8346364,URYVL,RMDVR,URYV,RMDV
7916,8471004,40505.0,28169.0,12570.0,1857894,8367768,1857221,8346742,URYVL,RMDDL,URYV,RMDD
7917,8471007,39838.0,28456.0,13260.0,1857894,8367745,1857221,8346765,URYVL,RMDDL,URYV,RMDD
7918,8471007,39838.0,28456.0,13260.0,1857894,8367745,1857184,8346253,URYVL,RMDVR,URYV,RMDV
7919,8471008,39498.0,28352.0,13530.0,1857894,8367736,1857221,8346774,URYVL,RMDDL,URYV,RMDD
7920,8471008,39498.0,28352.0,13530.0,1857894,8367736,1857184,8346245,URYVL,RMDVR,URYV,RMDV
7921,8471009,38750.0,27972.0,13470.0,1857894,8367738,1857221,8346780,URYVL,RMDDL,URYV,RMDD
7922,8471009,38750.0,27972.0,13470.0,1857894,8367738,1857184,8346243,URYVL,RMDVR,URYV,RMDV
7923,8471010,38754.0,27404.0,13380.0,1857894,8367741,1857221,8346782,URYVL,RMDDL,URYV,RMDD
7924,8471010,38754.0,27404.0,13380.0,1857894,8367741,1857184,8346249,URYVL,RMDVR,URYV,RMDV
7925,8471010,38754.0,27404.0,13380.0,1857894,8367741,1853333,8256611,URYVL,BWM-VL01,URYV,BWM01V
7926,8471006,40275.0,28261.0,12690.0,1857894,8367764,1857221,8346746,URYVL,RMDDL,URYV,RMDD
7927,8471006,40275.0,28261.0,12690.0,1857894,8367764,1859192,8396978,URYVL,IL1VL,URYV,IL1V
7928,8471006,40275.0,28261.0,12690.0,1857894,8367764,1857184,8346360,URYVL,RMDVR,URYV,RMDV
7929,8471973,42892.0,26526.0,14760.0,1857894,8367531,1854592,8286879,URYVL,RID,URYV,RID
7930,8471973,42892.0,26526.0,14760.0,1857894,8367531,1856287,8329924,URYVL,SIBVR,URYV,SIBV
7931,8471973,42892.0,26526.0,14760.0,1857894,8367531,1857842,8471969,URYVL,AVBL,URYV,AVB
7932,8471024,42950.0,26850.0,14580.0,1857894,8367537,1857453,8353926,URYVL,SIBVL,URYV,SIBV
7933,8471024,42950.0,26850.0,14580.0,1857894,8367537,1856287,8329930,URYVL,SIBVR,URYV,SIBV
7934,8472223,41081.0,28109.0,12090.0,1857894,8367784,1854175,8276225,URYVL,SMDVR,URYV,SMDV
7935,8472223,41081.0,28109.0,12090.0,1857894,8367784,1853302,8255949,URYVL,BWM-VL03,URYV,BWM03V
7936,8471012,40462.0,28216.0,14490.0,1857894,8367704,1854175,8276145,URYVL,SMDVR,URYV,SMDV
7937,8471012,40462.0,28216.0,14490.0,1857894,8367704,1855622,8313543,URYVL,RIBL,URYV,RIB
7938,8471011,40858.0,28868.0,13800.0,1857894,8367727,1856244,8328761,URYVL,RIS,URYV,RIS
7939,8471011,40858.0,28868.0,13800.0,1857894,8367727,1854175,8276168,URYVL,SMDVR,URYV,SMDV
7940,8471011,40858.0,28868.0,13800.0,1857894,8367727,1855622,8313566,URYVL,RIBL,URYV,RIB
7941,8471976,41748.0,29136.0,7020.0,1859631,8409425,1855337,8307150,URYVR,AIBL,URYV,AIB
7942,8471976,41748.0,29136.0,7020.0,1859631,8409425,1855391,8308419,URYVR,AVAL,URYV,AVA
7943,8471037,42090.0,28436.0,6720.0,1859631,8409389,1856287,8329269,URYVR,SIBVR,URYV,SIBV
7944,8471037,42090.0,28436.0,6720.0,1859631,8409389,1857842,8367087,URYVR,AVBL,URYV,AVB
7945,8471037,42090.0,28436.0,6720.0,1859631,8409389,1857453,8354560,URYVR,SIBVL,URYV,SIBV
7946,8471037,42090.0,28436.0,6720.0,1859631,8409389,1854144,8274428,URYVR,SIBDR,URYV,SIBD
7947,8471038,41638.0,28000.0,6300.0,1859631,8409375,1854363,8280658,URYVR,AVDL,URYV,AVD
7948,8471038,41638.0,28000.0,6300.0,1859631,8409375,1854528,8283999,URYVR,AVBR,URYV,AVB
7949,8471038,41638.0,28000.0,6300.0,1859631,8409375,1857453,8354546,URYVR,SIBVL,URYV,SIBV
7950,8471038,41638.0,28000.0,6300.0,1859631,8409375,1857842,8367073,URYVR,AVBL,URYV,AVB
7951,8471034,36924.0,28695.0,6240.0,1859631,8409489,1853041,8250816,URYVR,RIBR,URYV,RIB
7952,8471034,36924.0,28695.0,6240.0,1859631,8409489,1856963,8341472,URYVR,AVEL,URYV,AVE
7953,8462517,36330.0,28103.0,6090.0,1859631,8409494,1856963,8341467,URYVR,AVEL,URYV,AVE
7954,8462517,36330.0,28103.0,6090.0,1859631,8409494,1856168,8326264,URYVR,RMDDR,URYV,RMDD
7955,8471039,36596.0,28389.0,6300.0,1859631,8409482,1856168,8325519,URYVR,RMDDR,URYV,RMDD
7956,8471039,36596.0,28389.0,6300.0,1859631,8409482,1856963,8341474,URYVR,AVEL,URYV,AVE
7957,8471977,37092.0,28729.0,6480.0,1859631,8409476,1856168,8325513,URYVR,RMDDR,URYV,RMDD
7958,8471977,37092.0,28729.0,6480.0,1859631,8409476,1856963,8341480,URYVR,AVEL,URYV,AVE
7959,8462507,38374.0,29035.0,6840.0,1859631,8409456,1852827,8244639,URYVR,SMDVL,URYV,SMDV
7960,8462507,38374.0,29035.0,6840.0,1859631,8409456,1856963,8341492,URYVR,AVEL,URYV,AVE
7961,8462510,38178.0,28895.0,6510.0,1859631,8409475,1852827,8244626,URYVR,SMDVL,URYV,SMDV
7962,8462510,38178.0,28895.0,6510.0,1859631,8409475,1856963,8341481,URYVR,AVEL,URYV,AVE
7963,8471036,42270.0,28388.0,6840.0,1859631,8409393,1857842,8367091,URYVR,AVBL,URYV,AVB
7964,8471036,42270.0,28388.0,6840.0,1859631,8409393,1854528,8284017,URYVR,AVBR,URYV,AVB
7965,8471036,42270.0,28388.0,6840.0,1859631,8409393,1856058,8323518,URYVR,RIPR,URYV,RIP
7966,8462515,36186.0,27899.0,6150.0,1859631,8409492,1856143,8325146,URYVR,IL1VR,URYV,IL1V
7967,8462515,36186.0,27899.0,6150.0,1859631,8409492,1856168,8326262,URYVR,RMDDR,URYV,RMDD
7968,8471035,36780.0,28592.0,7020.0,1859631,8409450,1856168,8325495,URYVR,RMDDR,URYV,RMDD
7969,8471035,36780.0,28592.0,7020.0,1859631,8409450,1856143,8325117,URYVR,IL1VR,URYV,IL1V
7970,8471031,38126.0,28124.0,8640.0,1859631,8409560,1859074,8394495,URYVR,RMDVL,URYV,RMDV
7971,8471031,38126.0,28124.0,8640.0,1859631,8409560,1856168,8325430,URYVR,RMDDR,URYV,RMDD
7972,8471031,38126.0,28124.0,8640.0,1859631,8409560,1856143,8325019,URYVR,IL1VR,URYV,IL1V
7973,8471031,38126.0,28124.0,8640.0,1859631,8409560,1853558,8260104,URYVR,BWM-VR01,URYV,BWM01V
7974,8469998,38470.0,28579.0,8640.0,1859631,8409560,1859074,8394493,URYVR,RMDVL,URYV,RMDV
7975,8469998,38470.0,28579.0,8640.0,1859631,8409560,1856168,8325430,URYVR,RMDDR,URYV,RMDD
7976,8469999,38950.0,28847.0,8670.0,1859631,8409561,1859074,8394494,URYVR,RMDVL,URYV,RMDV
7977,8469999,38950.0,28847.0,8670.0,1859631,8409561,1856168,8325418,URYVR,RMDDR,URYV,RMDD
7978,8471028,40502.0,28492.0,9120.0,1859631,8462083,1856168,8326281,URYVR,RMDDR,URYV,RMDD
7979,8471028,40502.0,28492.0,9120.0,1859631,8462083,1859074,8394509,URYVR,RMDVL,URYV,RMDV
7980,8471029,39670.0,28704.0,9060.0,1859631,8409574,1859074,8394507,URYVR,RMDVL,URYV,RMDV
7981,8471029,39670.0,28704.0,9060.0,1859631,8409574,1856168,8326280,URYVR,RMDDR,URYV,RMDD
7982,8471032,38762.0,28808.0,8580.0,1859631,8409558,1856168,8325421,URYVR,RMDDR,URYV,RMDD
7983,8471032,38762.0,28808.0,8580.0,1859631,8409558,1859074,8394491,URYVR,RMDVL,URYV,RMDV
7984,8471027,40500.0,28490.0,9360.0,1859631,8409583,1853582,8260736,URYVR,BWM-VR03,URYV,BWM03V
7985,8471027,40500.0,28490.0,9360.0,1859631,8409583,1859074,8394608,URYVR,RMDVL,URYV,RMDV
7986,8471030,38130.0,27988.0,9090.0,1859631,8409575,1859074,8394508,URYVR,RMDVL,URYV,RMDV
7987,8471030,38130.0,27988.0,9090.0,1859631,8409575,1853614,8261285,URYVR,BWM-VR05,URYV,BWM05V
7988,8471026,40704.0,28550.0,9360.0,1859631,8409583,1853582,8260736,URYVR,BWM-VR03,URYV,BWM03V
7989,8471026,40704.0,28550.0,9360.0,1859631,8409583,1852827,8244723,URYVR,SMDVL,URYV,SMDV
7990,8471033,39316.0,29392.0,7500.0,1859631,8409522,1853041,8250858,URYVR,RIBR,URYV,RIB
7991,8471033,39316.0,29392.0,7500.0,1859631,8409522,1852827,8244662,URYVR,SMDVL,URYV,SMDV
