neuron,ADFL,ADFR,ADLL,ADLR,AFDL,AFDR,ALML,ALMR,ALNL,ALNR,AQR,ASEL,ASER,ASGL,ASGR,ASHL,ASHR,ASIL,ASIR,ASJL,ASJR,ASKL,ASKR,AUAL,AUAR,AVM,AWAL,AWAR,AWBL,AWBR,AWCL,AWCR,BAGL,BAGR,DVA,FLPL,FLPR,IL2DL,IL2DR,IL2L,IL2R,IL2VL,IL2VR,OLLL,OLLR,OLQDL,OLQDR,OLQVL,OLQVR,PLNL,PLNR,SAADL,SAADR,SAAVL,SAAVR,SDQL,SDQR,URBL,URBR,URXL,URXR,URYDL,URYDR,URYVL,URYVR,ADAL,ADAR,AIAL,AIAR,AIBL,AIBR,AINL,AINR,AIYL,AIYR,AIZL,AIZR,AVAL,AVAR,AVBL,AVBR,AVDL,AVDR,AVEL,AVER,AVJL,AVJR,BDUL,BDUR,PVCL,PVCR,PVPL,PVPR,PVR,PVT,RIAL,RIAR,RIBL,RIBR,RIFL,RIFR,RIGL,RIGR,RIH,RIML,RIMR,RIPL,RIPR,RIR,IL1DL,IL1DR,IL1L,IL1R,IL1VL,IL1VR,RIVL,RIVR,RMDDL,RMDDR,RMDL,RMDR,RMDVL,RMDVR,RMED,RMEL,RMER,RMEV,RMFL,RMFR,RMHL,RMHR,SIADL,SIADR,SIAVL,SIAVR,SIBDL,SIBDR,SIBVL,SIBVR,SMBDL,SMBDR,SMBVL,SMBVR,SMDDL,SMDDR,SMDVL,SMDVR,URADL,URADR,URAVL,URAVR,ADEL,ADER,AIML,AIMR,ALA,AVFL,AVFR,AVHL,AVHR,AVKL,AVKR,AVL,CEPDL,CEPDR,CEPVL,CEPVR,DVC,PVWL_or_R_1,PVWL_or_R_2,PVWL_or_R_3,PVQL,PVQR,RICL,RICR,RID,RIS,RMGL,RMGR,BWM-DL01,BWM-DL02,BWM-DL03,BWM-DL04,BWM-DL05,BWM-DL06,BWM-DL07,BWM-DL08,BWM-DR01,BWM-DR02,BWM-DR03,BWM-DR04,BWM-DR05,BWM-DR06,BWM-DR07,BWM-DR08,BWM-VL01,BWM-VL02,BWM-VL03,BWM-VL04,BWM-VL05,BWM-VL06,BWM-VL07,BWM-VL08,BWM-VR01,BWM-VR02,BWM-VR03,BWM-VR04,BWM-VR05,BWM-VR06,BWM-VR07,BWM-VR08
ADFL,0,50,2,0,1251,4,17,0,0,0,48,231,213,258,0,919,0,6,0,67,0,0,0,1430,1,0,2002,19,3311,0,8,187,0,43,122,0,0,0,0,820,0,0,0,0,0,0,0,73,0,0,0,0,0,0,0,0,0,0,0,1486,0,0,0,62,0,164,0,622,0,11,83,0,21,719,0,1730,0,16,0,292,22,79,0,49,0,138,217,10,0,6,0,341,0,0,0,368,0,133,0,692,0,0,0,23,36,0,198,0,1551,0,0,0,0,0,0,0,0,0,0,0,0,0,0,0,0,0,0,0,0,0,0,0,0,5,0,9,0,57,0,169,0,674,0,0,0,0,0,0,0,0,0,0,0,1715,0,0,71,50,28,2003,0,0,0,1,0,0,0,0,0,2,4,0,0,0,0,24,0,20,0,0,0,0,0,0,0,0,0,0,0,0,0,0,0,0,0,0,0,0,0,0,0,0,0,0,0,0,0,0,0,0,0
ADFR,50,0,0,6,0,959,0,6,0,0,48,127,731,0,9,0,532,0,53,0,69,0,0,130,993,0,0,2296,17,3252,0,13,17,0,193,0,3,0,0,0,623,0,0,0,0,0,0,0,93,0,0,0,0,0,0,0,0,0,0,0,1196,0,0,0,311,0,327,0,542,68,97,2,1,0,658,13,2108,0,85,0,169,12,35,0,4,348,61,0,0,54,0,0,435,0,0,0,384,7,131,0,721,0,36,66,0,28,0,32,1422,0,0,0,0,0,0,0,0,0,0,0,0,0,0,0,0,0,0,0,0,0,0,0,0,0,66,0,17,0,66,0,276,0,713,0,0,0,2,0,0,0,0,0,0,0,1901,0,4,54,2521,14,0,0,0,0,0,0,0,0,0,0,0,0,0,0,0,0,0,0,71,0,0,0,0,0,0,0,0,0,0,0,0,0,0,0,0,0,0,0,0,0,0,0,0,0,0,0,0,0,0,0,0
ADLL,2,0,0,442,0,0,9,0,1,0,8,1016,0,0,0,1204,0,860,0,164,0,1675,0,0,0,0,1183,0,1215,0,872,514,0,0,0,0,0,115,0,159,0,15,0,151,0,153,0,0,0,0,0,0,0,97,0,0,0,110,0,3,0,8,0,150,0,934,0,924,0,1039,0,129,0,0,0,16,0,452,0,11,1,206,1402,26,0,329,685,0,0,60,0,7,0,0,0,4,0,0,0,0,0,0,0,0,0,0,172,0,0,43,0,117,0,0,0,0,0,0,0,0,0,0,0,0,0,0,0,0,0,0,0,0,13,0,0,0,74,0,0,0,0,653,0,0,0,0,0,29,0,0,0,3,0,690,0,812,16,349,6,369,0,0,0,0,0,0,0,0,0,0,0,938,0,0,0,55,0,96,0,204,0,0,0,18,0,0,0,0,0,0,0,0,0,0,0,0,0,0,0,0,0,0,0,0,0,0,0,0,0,0,0
ADLR,0,6,442,0,0,0,0,31,0,0,0,29,911,0,0,0,875,0,781,0,6,160,2053,0,0,0,0,1219,0,1405,98,1361,0,0,0,0,0,0,97,0,33,0,0,0,72,0,81,0,49,0,0,0,0,0,204,0,0,0,369,0,3,0,65,0,124,0,844,119,1068,0,1301,0,0,0,4,0,34,0,505,0,1,1386,342,0,0,590,324,0,0,0,6,0,0,0,0,0,1,0,0,0,0,0,0,0,0,0,0,174,0,0,110,0,3,0,0,0,3,0,0,0,0,0,0,0,0,0,0,0,0,0,0,81,0,0,0,161,0,0,0,1,0,0,563,11,0,0,0,0,13,0,0,0,1,0,301,644,2,101,146,136,0,0,0,0,0,0,0,0,0,0,0,0,491,0,0,0,0,0,72,0,0,0,0,0,0,0,0,50,0,0,0,61,0,0,0,0,0,0,0,0,0,0,0,0,0,0,0,0,0,0,0
AFDL,1251,0,0,0,0,102,0,0,0,0,0,83,1847,0,0,0,0,336,0,0,0,17,0,3501,0,0,736,0,145,0,490,849,1,501,0,0,0,62,0,505,0,0,0,0,0,67,0,0,0,0,0,0,0,0,83,0,0,0,0,669,0,66,0,0,0,0,0,95,0,328,0,165,2505,3323,0,337,0,2,0,0,0,0,0,0,0,0,0,0,0,0,0,0,0,0,0,22,0,108,0,11,0,0,0,0,0,0,0,0,89,72,0,0,0,0,0,2,0,0,0,0,0,0,0,0,0,0,0,0,0,0,0,0,0,0,0,397,0,0,0,34,0,28,0,0,0,0,0,17,0,0,0,0,0,0,0,0,0,0,0,0,0,0,0,57,0,3,0,0,0,0,0,0,0,0,0,0,0,0,0,0,0,0,0,0,0,0,0,0,0,0,0,0,0,0,0,0,0,0,0,0,0,0,0,0,0,0,0,0,0,0,0
AFDR,4,959,0,0,102,0,0,0,0,0,0,2595,368,0,61,0,0,0,116,0,0,0,17,253,3462,0,0,566,4,465,897,645,546,0,5,0,0,0,142,0,626,0,0,0,68,0,18,0,0,0,0,0,0,0,0,0,0,0,69,0,862,0,121,0,0,0,0,0,134,0,374,2038,750,232,3306,0,433,0,1,0,0,0,0,0,4,0,38,0,0,0,0,0,0,0,0,0,27,14,119,0,0,0,0,5,0,8,0,0,127,0,58,0,15,0,0,0,48,0,0,0,0,0,0,0,0,0,0,0,7,0,0,0,0,0,0,0,301,0,0,0,0,0,0,0,0,0,2,0,10,0,0,0,0,0,0,0,0,0,0,0,0,0,0,0,42,0,5,0,0,0,0,0,0,0,0,32,4,0,0,0,0,0,0,0,0,0,0,0,0,0,0,0,0,0,0,0,0,0,0,0,0,0,0,0,0,0,0,0,0,0,0
ALML,17,0,9,0,0,0,0,0,197,0,32,0,0,0,0,0,0,0,0,272,0,117,0,0,0,1662,0,0,2,0,0,0,0,0,0,250,0,0,0,28,0,41,0,0,0,0,0,0,0,0,0,0,730,0,0,3033,36,625,0,510,0,0,0,478,0,1366,0,0,0,0,0,281,0,0,0,0,0,5,0,658,83,1332,980,159,0,802,163,3564,0,448,0,0,0,942,0,0,0,0,0,408,0,0,0,0,4,0,138,0,0,0,0,333,0,0,0,0,0,0,0,2,0,0,0,0,0,0,0,0,0,0,0,0,1422,0,0,0,285,0,491,0,806,32,0,23,16,0,0,0,0,0,0,407,0,542,0,171,62,0,404,0,0,0,0,909,0,1182,0,0,765,719,3601,1,0,39,1,355,0,367,0,0,0,0,0,0,0,0,0,0,0,0,0,0,0,0,0,0,0,0,0,0,0,0,0,0,0,0,0,0,0,0,0
ALMR,0,6,0,31,0,0,0,0,0,188,0,0,0,0,0,0,1,0,0,0,123,0,6,0,0,924,0,0,0,49,0,0,0,0,0,0,310,0,0,0,3,0,0,0,0,0,0,0,0,0,0,349,0,0,0,0,2355,0,486,0,500,0,7,0,0,0,1334,0,0,0,0,0,278,0,0,0,0,0,10,217,502,666,1580,0,139,209,918,0,2411,0,912,0,0,1574,0,0,0,0,0,0,734,0,0,0,0,3,0,594,0,0,0,0,201,0,0,0,0,15,0,0,0,0,0,0,0,0,0,0,0,0,0,1690,0,0,0,466,0,417,0,1077,0,0,11,100,12,0,0,0,0,0,0,0,596,0,417,104,0,0,0,897,0,0,0,0,849,0,1776,0,2125,439,2561,0,0,1,154,0,0,0,189,0,0,0,0,0,0,0,0,0,0,0,3,0,0,0,0,0,0,0,0,0,0,0,0,0,0,0,49,0,0,0,0
ALNL,0,0,1,0,0,0,197,0,0,0,0,0,0,0,0,5,0,0,0,23,0,0,0,0,0,0,0,0,0,0,0,0,0,0,0,0,0,0,0,4,0,0,0,57,0,3,0,0,0,0,0,474,83,1364,7,53,0,106,0,3,0,0,0,0,0,23,0,0,0,0,8,1,0,0,0,0,0,5,308,0,0,7,0,0,0,1,0,0,0,0,8,0,0,0,10,104,0,0,0,0,0,672,0,0,0,185,0,0,0,0,0,8,0,0,0,34,663,1,12,25,268,0,11,0,0,0,0,181,482,442,1730,0,1406,24,0,0,799,197,0,0,766,52,0,323,725,252,396,0,0,0,0,668,0,90,0,18,112,3,62,0,0,178,0,70,0,0,0,9,0,0,20,8,0,8,4,0,0,2606,0,0,0,0,155,0,423,0,6,0,0,0,0,0,0,0,0,0,0,0,0,0,0,0,0,0,0,0,0,0,0,0,0
ALNR,0,0,0,0,0,0,0,188,0,0,0,0,0,0,0,0,0,0,0,0,16,0,0,0,0,0,0,0,0,0,0,0,0,0,0,0,22,0,0,0,31,0,0,0,161,0,30,0,0,0,0,261,290,134,1145,0,10,0,106,0,4,0,0,0,0,0,20,0,0,46,0,0,110,0,0,0,0,159,8,0,2,0,12,0,0,0,5,0,0,0,0,0,0,0,188,1,75,0,0,0,0,0,578,0,219,6,0,0,0,0,0,0,75,0,0,404,380,73,9,554,7,10,79,0,0,0,0,1026,193,1612,453,1364,0,0,45,773,0,0,207,913,0,0,80,781,269,282,250,0,0,0,0,0,979,0,10,18,13,68,0,362,272,26,0,0,103,0,0,32,0,0,0,0,0,48,2,0,0,0,2785,0,0,0,0,0,0,0,0,0,42,0,365,0,946,0,719,0,0,0,0,0,0,0,0,0,0,0,0,0,0,0,0
AQR,48,48,8,0,0,0,32,0,0,0,0,0,0,0,0,0,5,0,0,0,0,0,0,273,0,6,0,0,9,0,0,0,689,729,1209,444,20,0,0,16,17,0,0,0,0,0,0,4,23,13,0,0,0,115,4,0,10,0,0,726,393,0,0,9,56,96,253,0,0,217,89,0,0,102,133,0,1,1044,788,1036,529,233,312,0,0,142,38,0,0,1775,1124,1777,3628,0,160,121,90,15,86,3,60,56,106,0,4,9,0,0,1501,0,0,0,0,0,2,6,47,0,0,0,0,11,24,0,0,0,0,0,0,0,0,0,33,59,174,253,246,833,877,22,71,7,1,0,0,11,14,0,0,0,3,178,62,2,59,0,0,0,998,1013,123,114,34,0,0,0,0,256,0,0,0,0,0,273,128,356,0,0,0,0,0,0,0,0,0,0,0,0,0,0,0,0,0,0,0,0,0,0,0,0,0,0,0,0,0,0,0,0,0,0,0
ASEL,231,127,1016,29,83,2595,0,0,0,0,0,0,201,1654,0,174,0,191,259,484,0,804,0,28,430,0,3295,42,1928,97,1118,840,98,0,10,0,0,11,22,3,236,0,0,3,37,48,9,0,3,0,0,0,0,0,39,0,0,2,23,0,242,49,7,0,0,94,0,1034,296,1503,253,900,202,797,1051,299,301,0,3,0,0,0,6,0,0,29,45,0,0,0,0,0,0,0,0,0,24,8,0,60,0,0,0,0,0,0,249,0,122,21,3,0,14,0,0,0,63,0,0,0,0,0,0,0,0,0,0,0,15,0,0,0,1,0,0,0,3,0,0,0,0,10,0,0,0,0,6,34,2,0,0,0,0,861,0,170,31,115,0,1,0,0,0,0,15,0,0,0,0,0,0,490,0,0,0,3,0,0,0,18,0,0,0,0,0,0,0,0,0,0,0,0,0,0,0,0,0,0,0,0,0,0,0,0,0,0,0,0,0,0,0
ASER,213,731,0,911,1847,368,0,0,0,0,0,201,0,7,1100,0,214,425,172,0,464,0,684,320,69,0,37,3054,65,1184,316,1646,0,151,27,0,0,0,8,138,14,0,0,39,32,0,10,0,0,0,0,0,0,84,0,0,0,28,120,22,7,0,24,0,0,0,100,327,1070,78,1101,6,917,866,942,149,307,35,0,0,2,0,11,0,0,30,42,0,0,0,0,0,0,0,0,55,3,8,5,0,90,0,0,0,0,1,0,31,180,1,13,46,9,0,0,47,0,0,0,0,0,0,0,0,0,0,0,0,0,0,0,0,0,0,0,18,0,0,0,0,0,0,7,7,0,9,0,0,1,0,0,0,0,18,708,101,42,32,5,0,0,0,0,0,0,0,0,0,0,0,0,0,140,0,0,0,0,0,0,0,0,0,0,0,0,0,0,0,0,0,0,0,0,0,0,0,0,0,0,0,0,0,0,0,0,0,0,0,0,0,0
ASGL,258,0,0,0,0,0,0,0,0,0,0,1654,7,0,0,7,0,3557,0,3076,0,470,0,0,0,0,557,0,16,0,1353,1061,0,0,0,0,0,0,0,0,0,0,0,0,0,0,0,0,0,0,0,0,0,0,53,0,0,0,0,0,0,0,0,0,0,0,0,814,0,107,0,110,0,170,0,335,0,0,0,4,0,0,0,0,0,0,0,0,0,0,0,0,0,0,0,0,0,0,0,0,0,0,0,0,0,0,0,0,0,0,0,0,0,0,0,0,0,0,0,11,0,0,0,0,0,0,0,0,0,0,0,0,0,0,0,0,0,0,0,0,0,0,0,0,0,0,0,0,0,0,0,0,0,3855,0,204,0,0,0,0,0,0,0,0,0,16,0,0,0,0,0,117,0,166,0,57,0,0,0,0,0,0,0,0,0,0,0,0,0,0,0,0,0,0,0,0,0,0,0,0,0,0,0,0,0,0,0,0,0,0,0
ASGR,0,9,0,0,0,61,0,0,0,0,0,0,1100,0,0,0,85,0,3741,0,3328,0,869,0,0,0,0,491,0,0,546,1794,3,0,0,0,0,0,0,0,0,0,0,0,0,0,0,0,0,0,0,0,0,0,0,0,0,0,0,0,0,0,0,0,0,0,0,0,1084,0,12,0,66,0,305,0,429,0,0,0,23,0,0,0,0,2,0,0,0,0,0,0,0,0,0,0,0,0,0,0,10,0,0,0,0,0,0,37,0,0,0,0,0,0,0,0,0,0,0,0,12,0,0,0,0,0,0,0,0,0,0,0,0,0,0,0,0,0,0,0,0,0,9,0,0,0,0,0,0,0,0,0,0,0,3709,760,0,0,0,0,0,0,0,0,0,0,224,0,0,0,0,0,3,0,45,0,0,0,0,0,0,0,0,0,0,0,0,0,0,0,0,0,0,0,0,0,0,0,0,0,0,0,0,0,0,0,0,0,0,0,0
ASHL,919,0,1204,0,0,0,0,0,5,0,0,174,0,7,0,0,272,0,0,2,0,183,0,0,0,0,1587,148,1248,0,0,0,0,0,0,0,0,0,0,0,0,4,0,0,0,0,0,0,0,0,0,0,7,0,0,0,0,0,0,499,0,25,0,18,0,2222,0,973,1,275,0,0,0,8,0,368,0,636,0,888,16,214,961,10,0,505,1477,1640,280,66,10,170,0,0,0,44,0,0,0,3415,52,0,0,27,116,0,3200,15,1,0,0,0,0,0,0,0,0,0,0,0,0,0,0,0,0,0,6,0,0,0,0,0,18,26,0,0,67,27,19,0,0,404,0,0,1,0,0,0,0,0,0,0,0,1074,0,0,767,1196,73,556,0,0,0,5,0,0,0,0,2,190,0,449,9,98,0,705,60,391,0,0,0,0,0,0,0,0,0,0,0,0,0,0,0,0,0,0,0,0,0,0,0,0,0,0,0,0,0,0,0,0,0
ASHR,0,532,0,875,0,0,0,1,0,0,5,0,214,0,85,272,0,0,0,0,1,0,452,0,0,0,0,1461,58,620,0,5,0,0,0,0,0,0,47,0,0,0,0,0,0,0,0,0,0,0,6,6,0,0,0,0,0,0,67,0,488,0,135,0,0,0,2423,14,1851,4,303,0,0,0,54,11,388,0,553,33,600,1252,409,0,57,1404,304,540,1965,302,112,11,332,0,0,0,45,0,0,41,3581,0,0,0,0,88,96,2109,0,0,0,0,0,0,0,0,0,0,0,0,0,0,0,0,0,0,0,0,0,0,0,0,0,0,0,4,0,61,0,0,0,0,509,0,0,0,0,0,1,0,0,0,0,0,1355,0,26,560,754,223,0,0,0,0,0,0,18,0,427,225,0,0,723,22,198,0,13,0,381,0,0,0,0,0,0,0,0,0,0,0,0,0,0,0,0,0,0,0,0,0,0,0,0,0,0,0,0,0,0,0,0
ASIL,6,0,860,0,336,0,0,0,0,0,0,191,425,3557,0,0,0,0,30,1036,0,709,0,0,0,0,375,0,431,0,1929,939,0,125,0,0,0,66,0,28,0,0,0,41,0,56,0,0,0,0,0,0,0,30,41,0,0,39,0,4,0,67,0,0,0,0,0,584,0,127,0,115,533,199,0,0,0,33,0,0,0,0,0,0,0,299,0,0,0,0,0,0,0,0,0,3,0,39,0,0,0,0,0,0,43,0,0,0,0,25,0,67,0,0,0,0,0,0,0,23,0,0,0,0,0,0,0,0,0,0,0,0,0,0,0,8,0,0,0,0,0,0,0,0,0,0,0,15,0,0,0,0,0,10,0,166,0,0,0,0,0,0,0,0,0,193,0,0,0,0,0,0,0,0,0,0,0,0,0,0,0,0,0,0,0,0,0,0,0,0,0,0,0,0,0,0,0,0,0,0,0,0,0,0,0,0,0,0,0,0,0
ASIR,0,53,0,781,0,116,0,0,0,0,0,259,172,0,3741,0,0,30,0,0,844,0,908,0,1,0,0,371,0,713,1771,1635,207,0,0,0,0,0,27,0,37,0,0,0,39,0,92,0,0,0,0,0,0,8,31,0,0,0,55,0,0,0,14,0,0,0,0,0,650,0,158,618,247,0,57,0,25,0,10,0,0,0,2,0,0,0,414,0,0,0,0,0,0,0,0,0,7,0,83,0,0,0,0,0,0,22,0,0,0,0,22,0,18,0,0,0,56,0,0,0,0,0,0,0,0,0,0,0,0,0,0,0,0,0,0,0,40,0,0,0,0,0,0,0,0,0,0,0,29,0,0,0,0,0,4,124,0,0,0,0,0,0,0,0,0,0,225,0,0,0,0,0,0,0,0,0,0,0,0,0,0,0,0,0,0,0,0,0,0,0,0,0,0,0,0,0,0,0,0,0,0,0,0,0,0,0,0,0,0,0,0
ASJL,67,0,164,0,0,0,272,0,23,0,0,484,0,3076,0,2,0,1036,0,0,236,2162,0,0,0,0,864,0,924,0,0,0,0,0,0,0,0,45,0,98,0,0,0,24,0,57,0,0,0,0,0,0,3,0,44,0,0,80,0,186,0,79,0,0,0,4,0,732,0,0,0,97,0,0,0,0,0,36,0,0,0,201,0,150,0,130,0,0,18,0,0,0,0,0,0,0,0,53,0,0,0,0,0,0,21,0,98,39,0,47,0,41,0,0,0,0,0,0,0,0,0,0,0,0,0,0,0,0,0,0,0,0,132,0,0,0,46,0,0,0,24,0,0,0,5,0,0,23,0,0,0,12,0,2131,90,1074,417,1851,188,0,0,0,0,19,0,256,0,0,0,6,52,4339,11,0,0,0,0,0,0,85,0,0,21,0,0,0,0,0,0,0,0,0,0,0,0,0,0,0,0,0,0,0,0,0,0,0,0,0,0,0,0
ASJR,0,69,0,6,0,0,0,123,0,16,0,0,464,0,3328,0,1,0,844,236,0,90,2234,0,3,0,0,309,0,598,0,2,0,0,0,0,0,0,67,0,79,0,0,0,8,0,27,0,0,0,0,0,0,17,0,0,9,0,61,0,166,0,18,0,0,0,26,41,761,0,5,0,56,0,0,0,0,0,0,0,0,0,189,0,102,0,270,4,256,0,0,0,0,0,0,0,0,0,23,0,138,0,0,0,0,1,11,581,0,0,24,0,64,0,0,0,0,0,0,0,5,0,0,0,0,0,0,0,0,0,0,101,0,0,0,53,0,0,0,14,0,0,0,13,0,0,0,0,62,0,0,0,4,0,2254,1035,2001,568,0,328,0,0,0,0,20,0,195,0,0,0,0,1,4109,0,0,0,0,0,104,0,0,0,0,0,0,0,0,0,0,0,0,0,0,0,0,0,0,0,0,0,0,0,0,0,0,0,0,0,0,0,0
ASKL,0,0,1675,160,17,0,117,0,0,0,0,804,0,470,0,183,0,709,0,2162,90,0,407,0,0,0,315,0,192,0,335,5,0,0,0,0,0,19,0,28,0,0,0,15,0,31,0,0,0,0,0,0,0,0,73,0,0,11,0,0,0,30,0,0,0,298,0,3934,42,677,0,326,0,0,0,11,0,0,0,0,0,175,21,0,0,370,0,236,0,0,0,0,0,0,0,0,0,0,0,0,0,0,0,0,14,0,2037,0,0,12,0,7,0,0,0,20,0,0,0,14,0,0,0,0,0,0,0,0,0,0,0,0,35,0,0,3,22,0,0,0,3,0,0,0,0,24,0,31,0,0,0,1,0,1303,0,2548,208,415,129,0,0,0,0,0,0,71,0,0,0,0,0,4239,3,0,0,0,0,93,0,64,0,0,0,0,0,0,0,0,0,0,0,0,0,0,0,0,0,0,0,0,0,0,0,0,0,0,0,0,0,0,0
ASKR,0,0,0,2053,0,17,0,6,0,0,0,0,684,0,869,0,452,0,908,0,2234,407,0,0,0,0,0,921,0,65,0,239,0,0,0,0,0,0,34,0,5,0,0,0,16,0,18,0,0,0,0,0,0,1,0,0,1,0,47,0,7,0,31,0,0,0,191,157,3812,0,518,0,245,0,0,0,0,0,0,0,0,72,123,0,0,2,427,0,378,0,0,0,0,0,0,0,0,0,15,0,99,0,0,0,0,29,0,2152,0,0,32,0,23,0,0,0,0,0,0,0,4,0,0,0,0,0,0,0,0,0,0,4,0,0,0,15,1,0,0,0,0,0,0,8,0,0,0,0,14,0,0,0,0,0,1336,2033,422,25,0,131,0,0,0,0,0,0,51,0,0,3,0,0,3527,0,0,0,0,0,193,0,0,0,0,0,0,0,0,18,0,0,0,13,0,0,0,0,0,0,0,0,0,0,0,0,0,0,0,0,0,0,0
AUAL,1430,130,0,0,3501,253,0,0,0,0,273,28,320,0,0,0,0,0,0,0,0,0,0,0,154,0,106,30,87,0,30,48,423,455,203,0,0,256,0,1048,0,0,0,0,0,68,0,62,0,0,0,0,0,56,0,0,0,3,0,1877,0,66,0,120,0,0,1,11,0,90,59,394,2079,1237,0,185,0,648,8,70,0,44,240,688,0,0,0,0,0,0,0,0,0,0,0,504,0,1904,7,3,0,0,0,2,69,0,0,0,75,179,0,7,0,0,0,85,0,0,0,0,0,0,0,0,0,0,37,0,0,0,0,0,0,0,0,114,0,0,0,0,0,0,0,0,0,40,0,41,0,0,0,0,0,0,0,0,0,0,0,0,0,0,0,129,0,21,0,17,0,0,0,0,0,0,0,165,0,0,0,0,0,0,0,0,0,0,0,0,0,0,0,0,0,0,0,0,0,0,0,0,0,0,0,0,0,0,0,0,0,0,0
AUAR,1,993,0,0,0,3462,0,0,0,0,0,430,69,0,0,0,0,0,1,0,3,0,0,154,0,0,0,19,0,174,92,56,804,259,94,0,0,0,356,0,685,0,0,0,4,0,16,0,100,0,0,2,0,0,12,0,0,0,13,0,2411,0,107,0,137,0,0,0,11,40,103,2310,525,0,1449,6,190,0,534,0,0,218,2,6,851,0,1,0,0,0,0,0,0,0,30,0,552,69,1582,0,0,91,188,14,9,68,0,0,155,0,107,0,30,0,0,0,144,0,0,0,0,0,0,0,0,0,0,53,43,0,0,0,0,0,0,0,256,0,4,0,0,0,0,0,0,0,76,0,10,0,0,0,0,0,0,0,0,0,0,0,70,56,2,0,14,0,144,64,0,0,0,0,0,0,0,139,36,0,0,0,0,0,0,0,0,0,0,0,0,0,0,0,0,0,0,0,0,0,0,0,0,0,0,0,0,0,0,0,0,0,0
AVM,0,0,0,0,0,0,1662,924,0,0,6,0,0,0,0,0,0,0,0,0,0,0,0,0,0,0,0,0,0,0,0,0,0,0,91,664,1140,0,0,0,0,0,0,0,0,0,0,0,0,419,17,0,0,0,0,2,0,0,0,0,0,0,0,0,0,24,0,0,0,0,0,0,0,40,141,0,0,0,0,541,1131,1237,1000,0,7,1870,1254,1285,300,1919,2369,63,99,1128,0,0,0,0,0,233,360,0,0,64,186,139,0,2,0,0,0,0,0,0,0,0,0,0,0,0,0,0,0,0,0,0,0,0,0,0,0,0,0,2,26,0,0,260,459,0,0,15,11,70,1,0,0,0,0,0,0,3,0,0,11,0,78,10,380,168,0,0,0,0,0,5,0,0,2050,2830,1242,0,6,30,239,560,366,92,21,0,0,0,0,0,0,0,0,0,0,0,0,0,0,0,0,0,0,0,0,0,0,0,0,0,0,0,0,0,0,0,0
AWAL,2002,0,1183,0,736,0,0,0,0,0,0,3295,37,557,0,1587,0,375,0,864,0,315,0,106,0,0,0,65,6305,0,205,471,0,0,45,0,0,2,0,78,0,0,0,0,0,6,0,0,0,0,0,0,0,0,9,0,0,0,0,28,0,29,0,0,0,17,0,706,0,211,0,0,0,1001,0,1154,0,46,0,100,0,0,0,0,0,213,165,101,0,0,0,146,0,0,0,0,0,239,0,977,0,0,0,0,12,0,1048,0,174,6,0,0,0,0,0,0,0,0,0,0,0,0,0,0,0,0,0,0,0,0,0,0,0,0,0,0,0,0,0,0,0,171,0,0,0,0,0,0,0,0,0,0,0,473,0,58,114,827,0,333,0,0,0,0,0,0,0,0,0,0,0,1316,0,0,0,0,0,13,0,0,0,0,0,0,0,0,0,0,0,0,0,0,0,0,0,0,0,0,0,0,0,0,0,0,0,0,0,0,0,0,0
AWAR,19,2296,0,1219,0,566,0,0,0,0,0,42,3054,0,491,148,1461,0,371,0,309,0,921,30,19,0,65,0,349,5715,7,100,5,0,25,0,0,0,60,0,0,0,0,0,1,0,58,0,0,0,0,0,0,0,0,0,0,0,0,0,0,0,33,0,0,0,210,189,921,86,293,0,0,0,725,85,1174,0,19,0,123,34,68,0,0,509,25,50,0,0,0,0,7,0,0,0,6,0,34,61,1194,0,0,0,0,11,62,492,153,0,17,0,0,0,0,0,0,0,0,0,0,0,0,0,0,0,0,0,0,0,0,0,0,0,0,0,0,0,0,0,0,0,206,0,0,0,0,0,74,0,0,0,0,0,613,382,100,277,286,0,0,0,0,0,0,0,0,0,0,0,0,2,1320,0,0,0,0,0,0,0,0,0,0,0,0,0,0,18,0,0,0,10,0,0,0,0,0,0,0,0,0,0,0,0,0,0,0,0,0,0,0
AWBL,3311,17,1215,0,145,4,2,0,0,0,9,1928,65,16,0,1248,58,431,0,924,0,192,0,87,0,0,6305,349,0,141,156,9,0,0,86,0,0,0,0,5,0,0,0,0,0,0,0,0,0,0,0,0,0,0,2,0,0,0,0,54,0,2,0,0,0,340,0,586,38,249,117,0,0,491,0,842,0,163,0,16,0,0,0,0,0,402,386,0,0,0,0,284,0,0,0,10,0,368,0,1257,35,0,0,0,67,0,193,0,10,4,0,0,0,0,0,0,0,0,0,0,0,0,0,0,0,0,0,0,0,0,0,0,0,59,0,3,6,0,0,118,0,862,0,0,0,0,0,0,0,0,0,0,0,2838,0,1,772,1203,6,727,0,0,0,0,0,0,0,0,0,0,0,194,0,0,0,0,0,70,0,0,0,0,0,0,0,0,0,0,0,0,0,0,0,0,0,0,0,0,0,0,0,0,0,0,0,0,0,0,0,0,0
AWBR,0,3252,0,1405,0,465,0,49,0,0,0,97,1184,0,0,0,620,0,713,0,598,0,65,0,174,0,0,5715,141,0,0,216,0,0,377,0,0,0,2,0,0,0,0,0,1,0,28,0,1,0,0,0,0,1,0,0,0,0,32,0,50,0,9,0,47,0,489,0,1239,99,167,0,0,0,388,9,1040,0,110,0,4,73,0,0,4,613,87,0,0,0,0,0,72,0,0,0,27,0,396,0,1114,0,0,13,0,26,1,239,12,0,2,0,2,0,0,0,0,0,0,0,0,0,0,0,0,0,0,0,0,0,0,0,0,0,0,0,0,0,0,0,37,0,836,0,0,0,0,0,7,0,0,0,0,0,2377,102,308,970,841,2,0,0,0,0,0,0,0,0,0,0,0,0,1251,0,0,0,0,0,86,0,0,0,0,0,0,0,0,0,0,0,0,0,0,0,0,0,0,0,0,0,0,0,0,0,0,0,0,0,0,0,0
AWCL,8,0,872,98,490,897,0,0,0,0,0,1118,316,1353,546,0,0,1929,1771,0,0,335,0,30,92,0,205,7,156,0,0,2780,530,365,0,0,0,43,19,44,26,0,0,26,8,34,60,0,0,0,0,0,0,1,19,0,0,8,16,0,1,22,57,0,0,0,0,775,174,822,96,796,121,1331,949,188,195,0,2,0,0,0,0,0,0,62,45,0,0,0,0,0,0,0,0,1,5,32,0,0,0,0,0,0,68,0,0,0,251,41,33,29,24,0,0,0,38,0,0,0,0,0,0,0,0,0,0,0,3,0,0,0,0,0,0,375,0,0,0,0,0,0,0,0,0,0,0,3,33,0,0,0,0,37,0,0,0,0,0,0,0,0,0,0,0,16,89,0,0,0,0,0,0,0,0,4,0,0,0,0,0,0,0,0,0,0,0,0,0,0,0,0,0,0,0,0,0,0,0,0,0,0,0,0,0,0,0,0,0,0,0
AWCR,187,13,514,1361,849,645,0,0,0,0,0,840,1646,1061,1794,0,5,939,1635,0,2,5,239,48,56,0,471,100,9,216,2780,0,42,69,41,0,0,70,28,48,14,0,0,47,10,30,57,0,0,0,0,0,0,23,2,0,0,67,25,13,0,73,65,0,0,0,20,652,948,229,715,297,338,744,941,305,332,4,0,0,0,0,0,0,5,49,27,0,0,0,0,3,0,0,0,19,0,0,48,0,0,0,0,11,0,23,0,0,444,34,34,20,0,0,0,0,6,0,0,0,0,0,0,0,0,0,0,0,0,0,0,0,0,0,0,0,155,0,0,21,0,0,0,0,0,0,0,26,17,0,0,0,0,110,227,0,0,0,0,0,0,0,0,1,0,0,38,0,0,0,0,0,0,0,0,5,1,0,0,0,0,0,0,0,0,0,0,0,0,0,0,0,0,0,0,0,0,0,0,0,0,0,0,0,0,0,0,0,0,0,0
BAGL,0,17,0,0,1,546,0,0,0,0,689,98,0,0,3,0,0,0,207,0,0,0,0,423,804,0,0,5,0,0,530,42,0,1121,74,0,0,230,31,40,11,0,36,0,0,132,6,0,57,0,0,0,1,26,61,0,0,0,0,2,314,5,8,0,133,0,0,0,0,127,5,1201,7,179,404,11,217,68,627,199,0,658,945,57,1173,0,0,0,0,0,0,0,9,0,0,0,639,350,1283,0,0,94,785,128,0,43,0,0,360,58,23,0,0,0,0,80,69,0,0,0,0,65,0,0,0,0,0,0,697,0,0,7,3,0,19,33,142,53,113,4,3,0,0,0,0,65,62,0,0,0,0,0,0,0,0,0,0,0,0,0,7,0,0,8,0,0,185,323,0,0,0,0,0,0,0,280,0,0,0,0,0,0,0,0,0,0,0,0,0,0,0,0,0,0,0,0,0,0,0,0,0,0,0,0,0,0,0,0,0,0,0
BAGR,43,0,0,0,501,0,0,0,0,0,729,0,151,0,0,0,0,125,0,0,0,0,0,455,259,0,0,0,0,0,365,69,1121,0,96,0,0,51,118,1,4,4,0,0,0,5,128,42,0,0,0,10,0,79,48,0,0,0,0,188,1,9,70,42,0,0,0,0,0,5,121,111,871,681,189,185,50,547,109,0,156,732,893,843,355,0,0,0,0,0,0,26,0,0,0,676,0,1357,323,0,0,659,221,120,107,8,0,0,336,0,78,0,1,0,0,74,64,0,0,0,0,92,32,0,0,0,0,35,17,0,0,23,0,50,0,150,42,40,117,19,0,0,0,0,0,51,50,0,34,0,0,0,0,0,0,0,0,0,0,0,0,0,0,0,6,137,0,157,0,0,0,0,0,0,0,667,0,0,0,0,0,0,0,0,0,0,0,0,0,0,0,0,0,0,0,0,0,0,0,0,0,0,0,0,0,0,0,0,0,0,0
DVA,122,193,0,0,0,5,0,0,0,0,1209,10,27,0,0,0,0,0,0,0,0,0,0,203,94,91,45,25,86,377,0,41,74,96,0,39,447,109,2,136,90,242,77,0,0,0,0,47,99,30,77,73,36,124,74,0,276,0,17,81,0,139,177,326,321,290,359,0,0,253,338,0,0,182,247,478,518,273,247,218,253,507,373,555,459,43,22,0,52,750,431,1073,925,95,0,0,0,37,48,109,37,6,2,118,116,161,0,0,783,0,0,0,0,30,21,77,10,0,0,0,0,27,24,0,0,0,0,0,2,10,3,620,720,773,1191,552,413,765,585,283,258,65,71,1,2,152,46,0,0,23,28,32,125,0,4,0,0,0,603,472,3,0,0,0,0,0,0,17,36,21,52,0,2,74,109,963,0,48,52,0,0,0,0,0,0,0,0,0,0,0,0,0,0,0,0,0,0,0,0,0,0,0,0,0,0,0,0,0,0,0,0
FLPL,0,0,0,0,0,0,250,0,0,0,444,0,0,0,0,0,0,0,0,0,0,0,0,0,0,664,0,0,0,0,0,0,0,0,39,0,4065,0,0,0,0,0,0,0,0,0,0,0,0,481,0,0,77,0,9,377,1250,0,0,0,0,0,0,0,0,437,5,16,0,15,149,197,0,4,83,0,0,318,1152,348,502,408,404,394,517,235,0,0,0,1404,599,302,0,0,0,44,0,0,0,0,13,0,0,260,178,0,0,0,0,0,0,0,0,0,0,0,703,0,0,0,0,0,0,0,0,0,0,125,0,0,0,10,141,630,95,0,69,42,48,116,48,60,98,0,19,0,57,0,0,0,0,682,780,0,41,0,0,0,1,470,4,3,0,0,0,0,0,82,0,9,0,0,0,136,0,0,176,0,0,0,0,0,0,0,0,0,0,0,0,0,0,0,0,0,0,0,0,0,0,0,0,0,0,0,0,0,0,0,0,0,0
FLPR,0,3,0,0,0,0,0,310,0,22,20,0,0,0,0,0,0,0,0,0,0,0,0,0,0,1140,0,0,0,0,0,0,0,0,447,4065,0,0,0,0,0,0,0,0,0,0,0,0,0,0,0,0,0,1,0,2379,1150,0,0,0,0,0,0,0,0,0,434,0,0,368,84,0,203,0,0,0,0,996,535,348,373,658,453,695,135,11,142,0,0,1558,2541,0,19,77,79,4,19,0,0,0,0,45,180,73,20,159,0,0,41,0,0,0,0,0,0,478,40,0,0,0,0,0,0,0,0,0,0,0,22,0,0,33,306,0,830,40,0,37,128,230,394,0,0,32,66,42,0,0,0,0,0,1028,1228,0,0,0,0,0,63,38,71,9,1,0,0,0,0,57,20,24,0,0,0,0,0,0,69,0,0,0,0,0,0,0,0,0,0,0,0,0,0,0,0,0,0,0,0,0,0,0,0,0,0,0,0,0,0,0,0,0,0
IL2DL,0,0,115,0,62,0,0,0,0,0,0,11,0,0,0,0,0,66,0,45,0,19,0,256,0,0,2,0,0,0,43,70,230,51,109,0,0,0,0,390,0,0,0,0,0,1569,0,0,0,0,0,0,2,196,131,0,0,0,0,685,0,3007,0,0,0,339,0,0,0,28,21,43,29,0,0,186,0,193,135,17,469,569,394,259,0,219,189,60,0,429,103,1,0,297,51,0,0,69,0,24,0,205,0,541,17,0,957,0,0,3003,0,0,0,0,0,268,118,0,11,0,0,31,0,486,813,520,334,0,3,166,53,182,0,0,0,77,135,65,41,24,89,0,0,54,22,1,31,3470,0,0,0,0,0,76,0,12,58,144,391,0,0,7,154,1631,0,0,0,229,82,95,252,9,0,280,44,252,83,0,0,41,0,0,2,0,4,0,0,0,0,0,0,0,0,0,0,0,0,0,0,0,0,0,0,0,0,0,0,0,0,0,0
IL2DR,0,0,0,97,0,142,0,0,0,0,0,22,8,0,0,0,47,0,27,0,67,0,34,0,356,0,0,60,0,2,19,28,31,118,2,0,0,0,0,0,431,0,0,0,0,0,1707,0,0,0,0,0,0,262,253,0,7,0,0,0,708,0,3060,0,0,0,138,0,17,1,14,30,27,0,0,0,34,66,108,92,26,384,417,0,28,1,345,0,18,92,202,0,0,60,22,0,0,0,27,0,34,0,304,399,0,0,0,1034,0,0,3195,0,0,0,0,197,184,88,0,0,0,0,68,338,720,706,381,114,0,63,154,0,78,0,0,6,158,63,60,89,170,0,0,0,119,82,86,0,3944,0,0,0,0,0,0,33,114,44,0,325,24,27,116,0,1306,0,0,280,165,1,103,0,16,69,223,0,27,0,0,0,0,0,0,0,0,0,0,168,0,2,0,0,29,0,0,0,0,0,0,0,0,0,0,0,0,0,0,0,0,0,0
IL2L,820,0,159,0,505,0,28,0,4,0,16,3,138,0,0,0,0,28,0,98,0,28,0,1048,0,0,78,0,5,0,44,48,40,1,136,0,0,390,0,0,0,822,0,1102,0,1062,0,567,0,0,0,0,123,0,0,314,0,1722,0,2336,0,202,0,79,0,86,0,0,0,6,10,0,397,498,0,193,0,11,0,0,0,0,19,353,0,0,0,106,0,0,0,302,0,0,9,5,0,424,0,114,0,178,0,537,0,0,28,0,257,59,0,1584,0,135,0,146,0,0,21,69,4,0,0,286,255,1814,307,30,5,0,305,0,0,56,0,3,0,105,71,0,0,216,0,0,25,32,0,516,0,738,0,511,0,119,0,275,156,106,0,14,0,8,5,0,0,0,0,222,7,43,181,32,0,43,5,0,0,66,0,0,7,0,0,0,0,0,0,0,0,0,0,0,0,0,0,0,0,0,0,0,0,0,0,0,0,0,0,0,0,0,0
IL2R,0,623,0,33,0,626,0,3,0,31,17,236,14,0,0,0,0,0,37,0,79,0,5,0,685,0,0,0,0,0,26,14,11,4,90,0,0,0,431,0,0,0,761,0,815,0,1026,0,1100,0,0,94,0,0,10,0,64,0,1871,0,1893,0,30,0,399,0,85,0,21,117,7,57,0,0,297,0,262,0,0,0,0,1,0,0,169,29,57,0,99,0,0,0,154,0,1,0,35,0,481,0,163,0,129,686,0,49,0,5,764,0,20,0,1503,0,119,0,189,15,0,8,17,0,0,324,1320,304,328,17,90,108,0,0,0,0,43,0,0,0,0,0,0,0,144,6,0,0,12,0,835,0,848,0,674,0,114,159,120,98,139,0,0,0,18,0,12,0,0,268,0,3,0,0,8,41,0,0,4,0,8,0,0,0,0,0,0,0,0,0,0,0,0,0,0,0,0,0,0,0,0,0,0,0,0,0,0,0,0,0,0,0,0
IL2VL,0,0,15,0,0,0,41,0,0,0,0,0,0,0,0,4,0,0,0,0,0,0,0,0,0,0,0,0,0,0,0,0,0,4,242,0,0,0,0,822,0,0,0,0,0,0,0,2387,0,0,0,205,0,0,0,0,0,235,0,133,0,0,0,3234,0,226,0,0,0,0,213,0,0,0,0,16,0,9,54,55,24,0,373,0,70,0,41,0,0,12,0,109,0,90,97,4,0,79,0,0,0,601,0,813,56,27,1492,0,119,0,0,0,0,3114,0,0,134,78,0,0,0,0,93,828,573,989,359,48,0,91,0,72,0,62,0,242,0,72,179,44,0,85,0,15,0,0,1,0,0,3710,0,0,0,0,0,0,0,0,0,0,13,66,125,0,0,885,0,957,0,0,0,0,0,29,197,265,16,0,0,0,0,0,0,0,0,0,0,0,0,0,0,0,0,0,0,22,25,0,0,0,0,0,0,0,0,0,0,0,0,0,0
IL2VR,0,0,0,0,0,0,0,0,0,0,0,0,0,0,0,0,0,0,0,0,0,0,0,0,0,0,0,0,0,0,0,0,36,0,77,0,0,0,0,0,761,0,0,0,0,0,0,0,2121,0,0,0,222,6,0,0,0,0,131,0,39,0,0,0,2337,0,54,0,0,112,0,0,0,0,0,0,2,27,0,34,1,0,0,0,0,0,0,0,0,0,0,0,100,84,156,0,78,0,91,0,0,0,611,564,111,14,0,1524,81,0,0,0,0,0,3611,181,0,0,41,0,0,73,0,907,702,586,267,0,53,0,92,0,122,0,99,0,77,67,47,0,19,0,246,0,102,75,0,0,0,0,3820,0,0,0,0,0,0,0,0,0,105,159,211,0,0,0,839,909,0,0,0,0,0,61,30,0,143,0,0,0,0,0,0,0,0,0,0,0,0,0,0,0,0,0,0,0,0,0,0,0,0,0,0,29,0,5,0,0,0,0,0
OLLL,0,0,151,0,0,0,0,0,57,0,0,3,39,0,0,0,0,41,0,24,0,15,0,0,0,0,0,0,0,0,26,47,0,0,0,0,0,0,0,1102,0,0,0,0,248,459,0,776,0,0,0,0,400,0,0,0,0,1664,0,82,0,359,0,279,0,3,0,0,0,3,51,0,76,0,0,0,0,0,0,0,0,63,0,13,1602,42,0,0,0,0,0,0,0,0,28,66,0,371,0,0,0,323,0,0,3,0,0,0,0,1344,77,1389,0,1108,0,0,0,720,49,40,62,870,14,151,453,0,191,191,0,0,99,0,23,62,0,0,56,11,74,0,8,54,0,56,316,129,218,0,0,0,0,58,0,36,0,34,82,6,0,0,4,27,48,905,0,811,0,25,0,0,2,19,0,3,1,0,0,0,0,0,0,0,0,0,0,0,0,0,0,0,0,0,0,0,0,0,0,0,0,0,0,0,0,0,0,0,0,0,0,0,0
OLLR,0,0,0,72,0,68,0,0,0,161,0,37,32,0,0,0,0,0,39,0,8,0,16,0,4,0,0,1,0,1,8,10,0,0,0,0,0,0,0,0,815,0,0,248,0,0,528,0,654,0,0,297,0,38,0,0,0,0,1595,0,5,0,282,37,474,0,10,0,0,65,2,60,0,0,1,0,0,0,0,0,0,0,53,1801,0,0,86,0,0,0,0,0,0,0,43,0,77,3,473,0,0,0,363,3,1,1,0,0,0,26,1203,0,1209,182,1113,0,3,50,804,176,28,21,778,315,0,305,142,24,163,35,0,24,0,0,108,50,0,0,14,15,0,0,65,365,70,268,80,0,25,0,127,0,147,0,46,11,9,75,0,0,0,14,64,0,1036,0,844,15,0,0,0,0,2,11,1,0,26,0,27,0,0,0,0,0,0,0,0,0,0,0,0,0,0,0,0,0,0,0,0,0,0,0,0,0,0,0,0,0,0,0,0
OLQDL,0,0,153,0,67,0,0,0,3,0,0,48,0,0,0,0,0,56,0,57,0,31,0,68,0,0,6,0,0,0,34,30,132,5,0,0,0,1569,0,1062,0,0,0,459,0,0,0,0,0,0,0,0,0,0,0,0,0,0,0,4,0,1920,0,0,0,16,0,0,0,11,10,193,46,0,0,16,0,14,0,0,2,2,236,2,307,26,0,51,0,0,0,0,0,286,70,0,6,136,0,17,0,198,0,306,0,0,538,0,0,3016,0,0,0,0,0,0,0,183,843,22,4,307,46,223,227,132,257,0,0,397,64,0,371,0,0,0,0,1449,0,0,1033,0,0,0,38,0,0,1207,0,0,0,0,0,39,0,23,88,187,77,0,26,28,72,897,0,0,0,33,42,89,58,21,0,207,366,0,120,3,0,216,0,0,0,0,0,0,0,0,0,0,0,0,0,0,0,0,0,0,0,0,0,0,0,0,0,0,0,0,0,0,0
OLQDR,0,0,0,81,0,18,0,0,0,30,0,9,10,0,0,0,0,0,92,0,27,0,18,0,16,0,0,58,0,28,60,57,6,128,0,0,0,0,1707,0,1026,0,0,0,528,0,0,0,0,0,0,0,0,0,0,0,0,0,0,0,15,0,1664,0,0,0,3,0,153,0,20,95,177,0,0,0,0,0,0,0,0,234,2,348,0,0,36,0,7,0,0,0,0,348,18,2,0,0,234,0,10,0,166,336,0,0,0,494,0,0,2373,0,0,0,0,0,0,720,172,24,74,57,198,149,20,199,171,78,0,12,400,245,0,0,0,0,0,0,1392,922,0,0,0,51,0,0,33,0,433,0,0,0,0,0,0,28,85,38,0,81,0,2,45,0,689,0,0,35,21,1,50,0,41,206,330,163,98,0,15,0,0,0,0,0,0,0,0,13,0,0,0,0,0,0,0,0,0,0,0,0,0,0,0,0,0,0,0,0,0,0,0
OLQVL,73,0,0,0,0,0,0,0,0,0,4,0,0,0,0,0,0,0,0,0,0,0,0,62,0,0,0,0,0,0,0,0,0,42,47,0,0,0,0,567,0,2387,0,776,0,0,0,0,0,525,0,0,0,0,0,0,0,554,0,152,0,0,0,1871,0,110,0,0,0,0,0,0,59,0,0,0,0,0,0,3,2,0,174,0,308,0,126,0,0,50,0,0,0,24,200,24,5,208,0,0,0,256,0,291,0,0,307,0,52,0,0,0,0,2082,0,0,8,180,0,34,52,0,761,18,598,2,429,3,175,264,0,0,0,392,0,1670,0,66,157,2,0,919,0,0,0,0,0,0,0,1203,0,0,0,209,0,0,0,0,0,131,175,4,106,0,0,568,0,38,0,0,0,0,0,207,170,155,61,0,0,0,0,0,0,0,0,0,0,0,0,0,0,0,0,0,0,0,0,0,1,0,0,0,0,0,0,0,0,0,0,0,0
OLQVR,0,93,0,49,0,0,0,0,0,0,23,3,0,0,0,0,0,0,0,0,0,0,0,0,100,0,0,0,0,1,0,0,57,0,99,0,0,0,0,0,1100,0,2121,0,654,0,0,0,0,0,520,0,0,0,0,0,0,0,553,0,230,0,0,0,1787,0,239,0,0,0,0,34,0,0,0,0,0,0,0,1,0,156,0,351,0,58,0,0,0,0,49,0,2,51,264,6,45,0,226,0,0,0,331,387,0,0,0,573,100,0,0,0,0,0,2402,2,0,0,258,36,2,635,0,0,0,616,214,0,0,3,635,0,0,0,671,0,1856,174,113,0,0,0,977,0,0,0,0,0,0,0,870,0,0,0,182,0,0,0,107,0,19,244,159,0,0,0,594,72,0,0,0,0,0,133,101,0,124,0,0,0,0,0,0,0,0,0,0,0,0,0,0,0,0,0,0,0,0,0,0,0,0,0,0,0,0,0,89,0,12,0,5
PLNL,0,0,0,0,0,0,0,0,0,0,13,0,0,0,0,0,0,0,0,0,0,0,0,0,0,419,0,0,0,0,0,0,0,0,30,481,0,0,0,0,0,0,0,0,0,0,0,525,0,0,0,773,0,0,323,0,17,0,0,0,0,0,0,0,0,11,0,30,0,0,206,0,0,0,0,0,0,0,213,0,0,0,440,0,0,0,146,110,0,69,0,0,0,4,53,0,0,0,0,32,0,428,0,0,6,155,0,0,0,0,0,0,0,0,0,0,756,0,0,16,310,0,371,0,0,0,0,12,240,603,1246,21,0,3291,0,1720,0,0,507,1,0,1984,0,267,0,0,575,0,0,0,0,50,0,71,0,0,318,316,0,107,0,143,0,0,0,770,0,0,0,0,0,70,0,1085,0,241,0,2475,0,0,0,0,0,0,0,0,0,0,0,0,0,0,0,0,0,0,0,0,25,16,1012,0,2101,0,0,0,0,0,0,0,0
PLNR,0,0,0,0,0,0,0,0,0,0,0,0,0,0,0,0,6,0,0,0,0,0,0,0,0,17,0,0,0,0,0,0,0,0,77,0,0,0,0,0,0,0,0,0,0,0,0,0,520,0,0,0,1247,482,0,0,84,0,0,0,0,0,0,0,0,0,2,0,0,110,0,0,0,0,0,0,0,310,0,0,0,97,0,0,0,0,0,0,0,0,0,0,0,71,132,0,3,0,0,0,0,0,332,0,137,8,0,0,0,0,0,0,0,0,0,341,0,0,0,343,14,407,0,0,0,0,0,900,158,1417,598,0,18,0,3171,0,1898,248,0,0,58,0,2096,0,280,531,0,0,0,0,0,6,43,0,0,0,0,0,92,0,153,18,0,0,0,0,224,0,0,0,123,0,1,3,851,0,37,0,2392,0,0,0,0,0,0,0,0,0,0,0,0,0,0,0,0,0,0,0,0,0,0,0,0,0,0,0,20,0,668,0,2762
SAADL,0,0,0,0,0,0,0,349,474,261,0,0,0,0,0,0,6,0,0,0,0,0,0,0,2,0,0,0,0,0,0,0,0,10,73,0,0,0,0,0,94,205,0,0,297,0,0,0,0,773,0,0,883,95,335,96,1004,0,284,0,0,0,16,303,0,129,47,0,0,193,216,0,0,0,0,17,39,376,291,15,19,74,52,43,200,25,74,0,1,30,218,0,0,0,154,145,0,0,22,0,0,401,122,3,829,1189,0,0,0,0,0,0,96,17,0,29,1237,204,0,100,2,0,129,0,0,0,0,611,941,6,9,468,224,24,15,200,17,82,89,689,10,595,42,106,4,30,1478,0,0,24,0,27,381,0,0,0,0,5,0,129,46,206,12,0,0,13,0,147,0,0,0,0,0,103,13,0,0,116,358,0,0,0,0,0,0,0,0,0,0,0,0,0,0,0,0,0,0,0,0,149,38,841,0,0,0,0,0,1,0,0,0
SAADR,0,0,0,0,0,0,730,0,83,290,0,0,0,0,0,7,0,0,0,3,0,0,0,0,0,0,0,0,0,0,0,0,1,0,36,77,0,2,0,123,0,0,222,400,0,0,0,0,0,0,1247,883,0,603,26,1004,18,288,0,37,0,0,9,0,279,108,110,0,0,165,208,13,0,0,0,6,24,388,414,29,0,10,138,193,10,45,36,0,0,103,4,0,0,0,26,0,133,4,1,0,0,107,502,2,1060,765,0,0,8,0,0,40,0,0,21,1225,13,0,208,24,55,155,0,0,0,0,0,753,1096,35,5,221,450,13,40,9,156,148,153,32,544,30,875,2,318,1404,73,0,0,0,28,231,0,17,0,3,21,0,128,0,326,60,1,9,0,0,0,158,0,0,134,0,0,81,38,0,116,302,149,0,0,0,0,0,0,0,0,0,0,0,0,0,0,0,0,0,0,0,0,0,0,0,0,0,0,0,0,214,21,913,0
SAAVL,0,0,97,0,0,0,0,0,1364,134,115,0,84,0,0,0,0,30,8,0,17,0,1,56,0,0,0,0,0,1,1,23,26,79,124,0,1,196,262,0,0,0,6,0,38,0,0,0,0,0,482,95,603,0,807,0,140,0,0,0,0,88,26,0,0,160,466,0,0,101,0,0,21,0,0,4,0,1358,564,172,72,1,7,85,26,0,14,0,0,3,437,9,0,0,0,224,80,0,7,0,0,3,326,0,736,1277,0,0,0,0,0,45,0,0,0,919,350,0,0,15,0,146,0,0,0,0,0,0,1170,52,203,451,67,56,350,104,273,6,44,410,288,0,294,164,1952,574,217,0,0,0,7,271,253,0,0,93,0,0,0,0,27,71,0,0,0,0,0,2,0,0,0,0,0,4,131,328,1,78,46,0,0,0,28,0,390,0,0,0,0,0,0,0,0,0,0,0,0,0,0,0,0,0,0,0,0,0,11,0,81,0,59
SAAVR,0,0,0,204,83,0,0,0,7,1145,4,39,0,53,0,0,0,41,31,44,0,73,0,0,12,0,9,0,2,0,19,2,61,48,74,9,0,131,253,0,10,0,0,0,0,0,0,0,0,323,0,335,26,807,0,169,130,0,0,0,0,17,92,0,0,311,29,0,0,40,182,12,0,0,0,0,1,632,1047,20,158,1,69,50,1,0,67,0,0,0,247,10,0,0,0,69,129,0,12,0,0,356,7,0,1141,630,0,0,0,0,0,0,2,3,0,229,699,1,0,0,35,0,106,0,0,0,0,1297,0,128,163,146,386,221,95,392,128,76,25,284,310,400,0,1606,149,188,627,0,0,0,0,282,311,1,0,60,46,114,0,54,26,2,0,0,0,0,0,0,0,0,0,23,0,207,37,39,0,14,68,0,0,0,0,0,0,0,0,0,0,0,0,0,244,0,44,0,0,0,0,0,49,0,8,0,0,0,0,0,0,0,0
SDQL,0,0,0,0,0,0,3033,0,53,0,0,0,0,0,0,0,0,0,0,0,0,0,0,0,0,2,0,0,0,0,0,0,0,0,0,377,2379,0,0,314,0,0,0,0,0,0,0,0,0,0,0,96,1004,0,169,0,3246,76,0,0,0,0,0,0,0,15,0,0,0,560,922,44,0,0,0,5,0,158,516,35,123,3,4,132,14,1,0,1281,0,0,0,80,0,0,258,64,0,0,0,152,0,129,258,0,260,0,0,0,121,0,0,319,0,0,0,379,84,0,0,0,0,0,0,0,0,0,0,53,0,28,0,0,76,3,0,0,0,0,206,0,453,1,7,199,203,177,99,0,0,0,0,167,0,0,0,0,0,0,294,0,11,8,263,0,0,259,0,29,1007,416,1531,0,0,108,0,484,254,0,0,0,0,0,0,0,0,0,0,0,0,0,0,0,0,0,0,0,0,0,0,0,0,0,0,0,0,0,0,0,0,0,0
SDQR,0,0,0,0,0,0,36,2355,0,10,10,0,0,0,0,0,0,0,0,0,9,0,1,0,0,0,0,0,0,0,0,0,0,0,276,1250,1150,0,7,0,64,0,0,0,0,0,0,0,0,17,84,1004,18,140,130,3246,0,0,34,0,0,0,0,0,0,395,152,0,0,79,3,0,139,0,0,0,0,220,341,584,457,89,44,0,5,0,469,0,692,0,12,0,0,477,0,84,86,0,0,0,223,0,0,0,139,110,0,68,36,0,0,0,57,0,0,1059,687,11,1,0,0,148,84,0,0,0,0,318,167,468,460,379,0,101,131,2,0,288,37,246,0,1,0,76,62,104,74,0,0,0,0,0,173,0,0,7,0,0,0,392,0,0,96,0,0,58,123,0,424,224,558,0,0,546,535,273,34,0,0,0,0,0,0,0,0,0,0,0,0,0,0,0,41,0,0,0,0,0,0,0,0,0,0,0,0,0,0,0,0,0,0
URBL,0,0,110,0,0,0,625,0,106,0,0,2,28,0,0,0,0,39,0,80,0,11,0,3,0,0,0,0,0,0,8,67,0,0,0,0,0,0,0,1722,0,235,0,1664,0,0,0,554,0,0,0,0,288,0,0,76,0,0,0,528,0,0,0,665,0,323,0,0,0,0,3,0,31,0,0,0,0,0,0,239,29,399,131,66,0,114,0,0,0,0,0,0,0,81,18,0,0,14,0,0,0,2,0,0,0,0,104,0,0,703,0,2064,0,1208,0,10,0,0,161,414,284,0,0,34,242,175,5,15,209,0,1511,0,181,221,0,553,224,221,187,21,240,58,0,0,127,0,0,528,0,1303,0,1644,0,158,0,99,126,0,0,0,0,0,23,917,0,523,0,1,0,0,171,15,0,460,532,3,0,11,0,0,0,0,0,0,0,0,20,0,0,0,0,0,0,0,0,0,0,0,48,0,0,0,0,0,0,0,0,0,0,0,0
URBR,0,0,0,369,0,69,0,486,0,106,0,23,120,0,0,0,67,0,55,0,61,0,47,0,13,0,0,0,0,32,16,25,0,0,17,0,0,0,0,0,1871,0,131,0,1595,0,0,0,553,0,0,284,0,0,0,0,34,0,0,0,214,0,0,0,383,0,565,0,0,34,20,71,0,0,3,0,0,0,0,0,190,356,149,0,67,45,104,0,17,0,202,0,0,34,2,0,0,0,101,0,0,0,15,0,0,0,0,91,0,0,876,0,2369,0,673,0,35,105,7,370,548,44,0,1,396,33,35,474,23,1265,127,97,4,0,260,127,467,240,283,292,18,0,208,92,0,0,1,0,1161,0,1363,0,1464,0,193,80,22,150,0,3,0,0,2,0,432,0,1176,0,262,0,0,0,41,482,248,0,0,0,33,0,0,0,0,0,0,0,0,0,0,0,0,0,0,0,0,0,0,0,0,0,0,0,0,0,0,0,34,0,0,0,0
URXL,1486,0,3,0,669,0,510,0,3,0,726,0,22,0,0,499,0,4,0,186,0,0,0,1877,0,0,28,0,54,0,0,13,2,188,81,0,0,685,0,2336,0,133,0,82,0,4,0,152,0,0,0,0,37,0,0,0,0,528,0,0,0,644,0,119,0,874,0,2,0,0,49,48,113,263,0,92,0,92,0,31,161,60,7,120,0,12,166,1,0,123,0,2166,0,0,0,666,0,196,0,13,0,668,0,303,0,0,0,0,1077,41,0,338,0,0,0,0,0,0,14,8,0,0,0,0,0,0,0,7,0,0,3,0,216,42,0,3,125,11,21,0,5,35,0,0,4,0,0,34,0,2,0,27,0,719,0,67,51,43,94,811,0,0,0,714,0,86,0,100,0,4,0,1,0,268,147,3,0,354,0,6,0,0,52,0,6,0,0,0,0,0,0,0,0,0,0,0,0,0,0,0,0,0,0,0,0,0,0,0,0,0,0
URXR,0,1196,0,3,0,862,0,500,0,4,393,242,7,0,0,0,488,0,0,0,166,0,7,0,2411,0,0,0,0,50,1,0,314,1,0,0,0,0,708,0,1893,0,39,0,5,0,15,0,230,0,0,0,0,0,0,0,0,0,214,0,0,0,265,0,203,0,825,0,13,1,0,12,8,0,267,0,148,0,24,95,14,0,62,0,156,185,33,0,7,1,0,0,2117,0,0,0,827,0,225,0,38,0,784,206,0,0,0,0,1291,0,37,0,153,0,0,0,1,4,0,0,0,0,0,0,0,0,0,0,8,0,0,36,0,0,0,132,0,0,0,0,0,0,76,24,0,0,0,0,202,0,0,0,0,0,365,136,167,83,862,145,0,0,0,0,831,0,139,50,0,0,0,0,37,166,38,0,1,0,491,0,0,0,0,0,0,0,0,16,0,0,0,0,0,0,0,0,0,0,0,0,0,0,0,0,0,0,0,0,0,0,0
URYDL,0,0,8,0,66,0,0,0,0,0,0,49,0,0,0,25,0,67,0,79,0,30,0,66,0,0,29,0,2,0,22,73,5,9,139,0,0,3007,0,202,0,0,0,359,0,1920,0,0,0,0,0,0,0,88,17,0,0,0,0,644,0,0,0,0,0,354,0,0,0,4,69,62,43,22,0,48,0,202,239,28,89,467,89,123,676,157,149,20,0,0,7,0,0,39,51,0,0,438,0,0,0,146,0,1075,13,5,23,0,0,3206,0,0,0,0,0,20,19,0,170,0,0,1436,0,241,130,0,0,0,52,33,9,126,0,0,0,1,103,0,30,17,0,0,0,7,336,1,4,1804,0,0,0,0,0,47,0,45,41,119,136,0,69,4,133,824,0,0,0,349,1,38,13,62,0,115,27,0,208,0,0,41,0,0,0,0,0,0,0,0,0,0,0,0,0,0,0,0,0,0,0,0,0,0,0,0,0,0,0,0,0,0,0
URYDR,0,0,0,65,0,121,0,7,0,0,0,7,24,0,0,0,135,0,14,0,18,0,31,0,107,0,0,33,0,9,57,65,8,70,177,0,0,0,3060,0,30,0,0,0,282,0,1664,0,0,0,0,16,9,26,92,0,0,0,0,0,265,0,0,0,0,0,183,0,36,128,15,74,372,0,0,0,39,1,232,28,170,336,466,671,313,1,57,0,35,4,196,0,0,91,82,0,0,0,392,0,17,0,241,794,0,74,0,6,0,0,2861,0,0,0,0,14,54,155,0,0,0,0,1341,269,0,75,0,85,52,0,3,0,0,0,0,141,23,57,21,0,20,0,0,404,0,0,118,0,1889,0,0,0,0,0,0,34,47,6,0,85,72,132,106,0,659,0,0,365,161,25,200,0,39,0,104,38,147,0,0,0,0,0,0,0,0,0,0,3,0,9,0,0,0,0,0,0,0,0,0,0,0,0,0,0,0,0,0,0,0,0,0
URYVL,62,0,150,0,0,0,478,0,0,0,9,0,0,0,0,18,0,0,0,0,0,0,0,120,0,0,0,0,0,0,0,0,0,42,326,0,0,0,0,79,0,3234,0,279,37,0,0,1871,0,0,0,303,0,0,0,0,0,665,0,119,0,0,0,0,0,27,0,0,0,0,44,0,127,0,0,0,0,157,234,222,209,0,518,0,770,0,144,0,0,26,0,0,0,0,187,44,0,473,0,0,0,391,0,627,12,0,4,0,197,0,0,0,0,2885,0,0,52,1059,0,67,0,0,259,0,56,0,75,2,130,0,0,215,0,85,0,74,0,71,222,58,0,38,0,4,0,0,182,0,0,981,0,0,0,321,0,0,0,0,0,116,187,6,215,0,0,374,0,373,0,0,16,0,0,5,117,353,107,0,0,0,0,0,0,0,0,0,0,0,0,0,0,0,0,0,0,0,0,5,0,0,0,0,0,0,0,0,0,0,0,0,0
URYVR,0,311,0,124,0,0,0,0,0,0,56,0,0,0,0,0,0,0,0,0,0,0,0,0,137,0,0,0,0,47,0,0,133,0,321,0,0,0,0,0,399,0,2337,0,474,0,0,0,1787,0,0,0,279,0,0,0,0,0,383,0,203,0,0,0,0,0,123,0,0,135,0,157,0,0,2,0,20,370,0,106,246,434,0,1023,0,116,0,0,0,0,43,0,20,0,225,0,23,0,760,0,0,0,377,542,4,63,0,0,269,0,0,0,0,0,2770,55,0,0,1046,0,3,135,0,0,0,102,24,0,73,0,0,0,221,0,158,0,201,221,140,0,91,0,88,0,0,232,0,0,0,0,1149,0,0,0,184,0,0,0,79,0,57,150,234,0,0,0,295,368,171,0,0,0,0,50,7,0,246,0,0,0,0,0,0,0,0,0,0,0,0,0,0,0,0,0,0,0,0,0,0,0,0,0,0,0,0,0,0,0,0,0,0
ADAL,164,0,934,0,0,0,1366,0,23,0,96,94,0,0,0,2222,0,0,0,4,0,298,0,0,0,24,17,0,340,0,0,0,0,0,290,437,0,339,0,86,0,226,0,3,0,16,0,110,0,11,0,129,108,160,311,15,395,323,0,874,0,354,0,27,0,0,88,1061,0,205,3,0,0,1,0,7,0,737,343,735,244,454,747,67,16,33,777,445,0,80,43,327,0,3,0,1,0,0,0,1074,0,3,0,0,607,38,17,0,0,0,0,5,0,3,0,98,168,0,6,0,0,0,0,0,0,0,0,18,0,119,25,25,175,498,0,493,237,377,84,405,10,140,0,24,25,0,96,18,0,107,0,490,29,332,0,0,228,246,1,557,0,10,0,273,0,126,0,0,1,0,54,489,0,943,704,12,0,386,0,0,0,0,0,0,0,0,0,0,0,0,0,0,0,0,0,0,0,0,0,0,0,0,0,0,0,0,0,0,0,0,0
ADAR,0,327,0,844,0,0,0,1334,0,20,253,0,100,0,0,0,2423,0,0,0,26,0,191,1,0,0,0,210,0,489,0,20,0,0,359,5,434,0,138,0,85,0,54,0,10,0,3,0,239,0,2,47,110,466,29,0,152,0,565,0,825,0,183,0,123,88,0,0,976,47,89,0,0,0,0,10,2,483,602,410,1002,583,238,64,33,516,6,0,121,0,15,0,334,40,3,0,84,0,0,0,1300,0,0,0,0,847,0,176,3,0,0,0,4,0,42,235,125,9,0,0,0,0,0,0,0,0,0,0,19,16,71,182,91,0,359,54,596,84,282,0,366,0,210,9,151,91,0,0,0,0,59,43,462,0,239,0,10,161,377,0,123,0,0,0,476,0,65,46,18,0,10,0,523,942,476,0,0,0,226,0,0,0,0,0,0,0,0,0,0,0,0,0,0,0,0,0,0,0,0,0,0,0,0,0,0,0,0,0,0,0,0
AIAL,622,0,924,119,95,0,0,0,0,0,0,1034,327,814,0,973,14,584,0,732,41,3934,157,11,0,0,706,189,586,0,775,652,0,0,0,16,0,0,0,0,0,0,0,0,0,0,0,0,0,30,0,0,0,0,0,0,0,0,0,2,0,0,0,0,0,1061,0,0,227,2135,0,47,45,115,0,548,0,0,0,0,22,0,338,0,4,8,22,819,33,0,0,4,0,0,0,0,0,0,0,610,0,0,0,40,4,0,1302,6,37,4,0,0,0,0,0,0,0,0,0,0,0,0,0,0,0,0,0,0,0,0,0,0,0,16,0,0,0,0,22,0,0,102,0,0,0,0,6,0,0,0,0,0,0,2359,0,301,137,156,0,13,0,1,0,0,0,1,0,0,0,2,0,1272,41,18,0,79,0,97,0,0,0,0,0,0,0,0,0,0,0,0,0,0,0,0,0,0,0,0,0,0,0,0,0,0,0,0,0,0,0,0,0
AIAR,0,542,0,1068,0,134,0,0,0,0,0,296,1070,0,1084,1,1851,0,650,0,761,42,3812,0,11,0,0,921,38,1239,174,948,0,0,0,0,0,0,17,0,21,0,0,0,0,0,153,0,0,0,0,0,0,0,0,0,0,0,0,0,13,0,36,0,0,0,976,227,0,134,2012,88,66,0,154,0,595,0,22,0,0,364,35,0,0,47,2,2,363,0,0,0,2,0,0,0,0,0,0,0,658,0,0,0,0,42,63,887,13,0,3,0,0,0,0,0,0,0,0,0,0,0,0,0,0,0,0,0,0,0,0,0,0,0,0,0,0,4,0,0,0,0,142,0,0,0,0,0,42,0,0,0,0,0,3037,220,51,144,79,0,0,0,0,0,0,0,2,0,0,13,0,0,1451,0,85,10,0,0,107,0,0,0,0,0,0,0,0,0,0,0,0,0,0,0,0,0,0,0,0,0,0,0,0,0,0,0,0,0,0,0,0
AIBL,11,68,1039,0,328,0,0,0,0,46,217,1503,78,107,0,275,4,127,0,0,0,677,0,90,40,0,211,86,249,99,822,229,127,5,253,15,368,28,1,6,117,0,112,3,65,11,0,0,0,0,110,193,165,101,40,560,79,0,34,0,1,4,128,0,135,205,47,2135,134,0,38,231,89,414,0,180,566,632,10,367,0,173,195,250,259,1,0,0,0,53,142,0,628,0,149,0,32,0,246,72,17,10,423,9,102,541,182,0,53,18,0,0,36,0,19,349,0,0,0,5,0,0,5,30,0,0,42,49,366,15,211,0,455,0,59,195,37,88,41,0,185,0,0,0,294,37,41,7,0,0,76,0,0,461,0,6,0,0,45,0,422,257,136,0,0,0,0,299,0,0,0,14,0,0,40,0,127,0,127,0,0,0,0,0,0,0,0,0,0,0,0,0,0,0,0,0,0,0,0,0,0,0,0,0,0,0,0,0,0,0,0
AIBR,83,97,0,1301,0,374,0,0,8,0,89,253,1101,0,12,0,303,0,158,0,5,0,518,59,103,0,0,293,117,167,96,715,5,121,338,149,84,21,14,10,7,213,0,51,2,10,20,0,0,206,0,216,208,0,182,922,3,3,20,49,0,69,15,44,0,3,89,0,2012,38,0,182,227,8,287,489,161,71,511,0,290,294,295,163,189,15,16,0,0,0,0,867,0,0,231,51,0,157,0,25,25,405,11,10,546,126,0,140,95,7,8,0,0,55,0,33,311,0,0,0,4,3,0,0,0,0,25,409,105,214,0,422,0,113,0,118,94,48,202,78,0,1,0,364,0,63,58,0,0,91,0,0,0,0,457,5,0,0,0,0,64,309,184,0,0,0,0,383,0,0,0,0,1,57,4,92,82,135,0,0,0,0,0,1,0,0,0,0,0,0,0,0,0,0,0,0,0,0,0,0,0,0,0,0,0,0,0,0,0,0,0
AINL,0,2,129,0,165,2038,281,0,1,0,0,900,6,110,0,0,0,115,618,97,0,326,0,394,2310,0,0,0,0,0,796,297,1201,111,0,197,0,43,30,0,57,0,0,0,60,193,95,0,34,0,0,0,13,0,12,44,0,0,71,48,12,62,74,0,157,0,0,47,88,231,182,0,1218,97,220,0,18,0,101,0,0,175,173,0,0,457,191,0,0,0,0,0,0,0,0,0,59,95,553,0,0,19,42,26,0,27,0,0,2,59,33,0,19,0,0,12,29,0,0,0,0,0,0,0,0,0,0,0,305,0,0,0,153,0,0,0,79,0,0,0,17,0,0,0,10,0,11,33,7,0,0,54,0,1,0,0,0,0,373,0,0,0,0,28,5,0,115,0,0,0,0,0,0,0,0,616,8,0,0,0,0,0,0,0,0,0,0,0,0,0,0,0,0,0,0,0,0,0,0,0,0,0,0,0,0,0,0,0,0,0,0
AINR,21,1,0,0,2505,750,0,278,0,110,0,202,917,0,66,0,0,533,247,0,56,0,245,2079,525,0,0,0,0,0,121,338,7,871,0,0,203,29,27,397,0,0,0,76,0,46,177,59,0,0,0,0,0,21,0,0,139,31,0,113,8,43,372,127,0,0,0,45,66,89,227,1218,0,245,70,4,0,110,0,0,0,0,43,0,6,0,375,0,0,0,0,0,0,0,0,44,0,996,283,0,0,1,0,3,48,0,0,0,0,21,68,11,0,0,0,27,78,0,0,0,0,0,0,0,0,0,0,0,0,0,0,51,0,0,0,49,0,0,0,0,0,0,0,1,0,2,0,22,15,0,0,0,163,0,0,0,0,0,0,222,0,0,0,7,12,48,0,0,0,0,0,0,0,0,0,359,0,0,0,0,0,0,0,0,0,0,0,0,0,0,0,0,0,0,0,0,0,0,0,0,0,0,0,0,0,0,0,0,0,0,0
AIYL,719,0,0,0,3323,232,0,0,0,0,102,797,866,170,0,8,0,199,0,0,0,0,0,1237,0,40,1001,0,491,0,1331,744,179,681,182,4,0,0,0,498,0,0,0,0,0,0,0,0,0,0,0,0,0,0,0,0,0,0,0,263,0,22,0,0,0,1,0,115,0,414,8,97,245,0,402,1099,5,4,3,71,41,0,55,23,13,0,153,4,0,1,0,12,0,0,0,271,0,613,0,43,0,21,25,171,114,32,3,0,435,0,0,0,0,0,0,21,0,0,0,0,0,0,0,0,0,0,16,0,0,0,0,0,0,20,0,315,3,0,0,2,0,83,0,0,0,1,0,0,0,0,0,0,0,70,0,0,0,0,0,20,2,14,0,0,0,0,0,0,0,0,0,11,0,0,0,0,101,6,0,0,0,0,0,0,0,0,0,0,0,0,0,0,0,0,0,0,0,0,0,0,0,0,0,0,0,0,0,0,0,0,0
AIYR,0,658,0,4,0,3306,0,0,0,0,133,1051,942,0,305,0,54,0,57,0,0,0,0,0,1449,141,0,725,0,388,949,941,404,189,247,83,0,0,0,0,297,0,0,0,1,0,0,0,0,0,0,0,0,0,0,0,0,0,3,0,267,0,0,0,2,0,0,0,154,0,287,220,70,402,0,68,1161,0,0,2,49,0,0,0,42,227,5,0,2,14,0,0,0,0,0,0,371,0,844,0,91,9,14,197,3,115,0,0,583,0,0,0,0,0,0,0,24,0,0,0,0,0,0,0,0,0,0,0,0,0,0,0,0,0,0,0,169,0,11,0,0,0,125,0,0,0,0,0,0,0,0,0,0,0,154,0,0,0,0,0,0,0,0,0,0,0,0,0,0,11,0,0,9,0,4,0,167,0,0,0,0,0,0,0,0,0,0,0,0,0,0,0,0,0,0,0,0,0,0,0,0,0,0,0,0,0,0,0,0,0,0
AIZL,1730,13,16,0,337,0,0,0,0,0,0,299,149,335,0,368,11,0,0,0,0,11,0,185,6,0,1154,85,842,9,188,305,11,185,478,0,0,186,0,193,0,16,0,0,0,16,0,0,0,0,0,17,6,4,0,5,0,0,0,92,0,48,0,0,0,7,10,548,0,180,489,0,4,1099,68,0,114,0,0,91,0,93,38,720,575,22,6,0,0,0,0,439,1,0,74,648,34,234,0,149,81,634,68,340,396,2,3,0,687,17,0,0,0,0,0,0,1,0,0,0,0,0,0,0,0,0,0,24,2,0,0,102,0,10,0,117,28,35,1,652,73,1028,60,18,0,22,0,0,0,0,0,0,0,377,0,0,0,0,12,34,74,73,0,0,0,0,0,274,0,0,0,10,0,94,0,244,7,0,0,0,0,0,0,2,0,0,0,0,0,0,0,0,0,0,0,0,0,0,0,0,0,0,0,0,0,0,0,0,0,0,0
AIZR,0,2108,0,34,0,433,0,0,0,0,1,301,307,0,429,0,388,0,25,0,0,0,0,0,190,0,0,1174,0,1040,195,332,217,50,518,0,0,0,34,0,262,0,2,0,0,0,0,0,0,0,0,39,24,0,1,0,0,0,0,0,148,0,39,0,20,0,2,0,595,566,161,18,0,5,1161,114,0,13,10,0,21,43,63,600,940,67,4,0,0,0,0,0,2,0,29,0,555,0,308,0,138,22,610,405,3,493,0,0,762,0,0,0,0,0,0,4,0,0,0,0,0,0,0,0,0,0,0,0,2,0,0,0,119,0,0,7,112,0,0,97,641,95,803,0,11,0,36,0,0,0,0,0,0,0,567,0,0,13,63,0,209,128,8,0,0,0,0,137,0,0,0,0,0,0,136,0,0,0,0,0,0,0,0,0,0,0,0,0,0,0,0,0,0,0,0,0,0,0,0,0,0,0,0,0,0,0,0,0,0,0,0
AVAL,16,0,452,0,2,0,5,0,5,159,1044,0,35,0,0,636,0,33,0,36,0,0,0,648,0,0,46,0,163,0,0,4,68,547,273,318,996,193,66,11,0,9,27,0,0,14,0,0,0,0,310,376,388,1358,632,158,220,0,0,92,0,202,1,157,370,737,483,0,0,632,71,0,110,4,0,0,13,0,301,545,298,59,132,105,5,22,513,0,0,321,193,472,72,0,88,197,36,64,27,0,0,26,93,0,259,410,5,0,32,0,0,5,0,0,12,330,39,1,0,10,8,148,9,0,0,0,0,1,109,322,282,21,489,171,52,232,68,1,6,27,137,108,0,36,400,368,130,4,0,0,13,228,409,481,0,151,0,0,6,355,29,13,36,0,0,0,0,171,0,0,0,64,0,302,199,454,6,84,12,0,0,0,0,0,0,0,0,0,0,0,0,0,0,0,0,0,0,0,0,0,0,0,0,0,0,0,0,0,13,0,59
AVAR,0,85,0,505,0,1,0,10,308,8,788,3,0,0,0,0,553,0,10,0,0,0,0,8,534,0,0,19,0,110,2,0,627,109,247,1152,535,135,108,0,0,54,0,0,0,0,0,0,0,213,0,291,414,564,1047,516,341,0,0,0,24,239,232,234,0,343,602,0,22,10,511,101,0,3,0,0,10,301,0,214,445,284,130,47,70,493,34,0,0,409,741,302,430,0,1,30,131,7,215,25,0,101,0,2,400,292,0,0,28,0,0,0,0,36,0,41,379,0,3,43,60,7,87,0,0,0,0,138,0,224,262,417,23,48,290,59,254,13,1,129,17,0,12,480,146,176,293,0,0,6,0,397,209,21,596,61,68,0,354,46,21,131,0,0,53,0,0,172,0,0,0,1,0,192,194,0,0,3,57,0,0,0,0,0,0,0,0,0,0,0,0,0,0,0,0,0,0,0,0,0,0,0,0,0,0,0,0,0,0,0,0
AVBL,292,0,11,0,0,0,658,217,0,0,1036,0,0,4,0,888,33,0,0,0,0,0,0,70,0,541,100,0,16,0,0,0,199,0,218,348,348,17,92,0,0,55,34,0,0,0,0,3,1,0,0,15,29,172,20,35,584,239,0,31,95,28,28,222,106,735,410,0,0,367,0,0,0,71,2,91,0,545,214,0,723,708,597,197,15,581,1656,286,0,2002,2017,772,1733,492,10,0,4,100,77,625,0,18,355,12,393,292,325,123,88,0,6,12,0,17,18,173,340,0,0,0,0,0,10,0,0,0,54,0,129,0,19,0,101,3,200,132,449,259,312,14,38,26,0,0,2,0,48,0,50,28,24,0,0,205,1,0,109,0,499,739,249,38,3,0,15,46,37,133,16,268,221,0,0,372,425,132,105,0,5,0,0,0,0,0,0,0,0,0,0,0,0,0,0,0,0,0,0,0,0,0,0,0,0,0,0,0,0,0,0,0,0
AVBR,22,169,1,1,0,0,83,502,0,2,529,0,2,0,23,16,600,0,0,0,0,0,0,0,0,1131,0,123,0,4,0,0,0,156,253,502,373,469,26,0,0,24,1,0,0,2,0,2,0,0,0,19,0,72,158,123,457,29,190,161,14,89,170,209,246,244,1002,22,0,0,290,0,0,41,49,0,21,298,445,723,0,570,119,27,212,1712,804,23,245,1807,2146,1661,513,782,1,6,0,79,43,69,625,386,1,12,365,353,137,579,69,8,0,0,0,6,58,122,105,0,0,0,0,5,0,0,0,0,0,198,0,3,29,38,2,211,103,326,29,346,100,44,1,42,0,1,1,4,0,3,0,1,0,0,0,16,54,0,0,39,325,730,8,30,0,64,30,56,142,17,283,224,289,0,0,661,455,1114,75,2,58,0,0,0,0,5,0,3,0,0,0,0,0,0,0,0,0,0,0,0,0,0,0,0,0,0,0,0,0,0,0,0,0
AVDL,79,12,206,1386,0,0,1332,666,7,0,233,0,0,0,0,214,1252,0,0,201,0,175,72,44,218,1237,0,34,0,73,0,0,658,732,507,408,658,569,384,0,1,0,0,63,0,2,234,0,156,0,97,74,10,1,1,3,89,399,356,60,0,467,336,0,434,454,583,0,364,173,294,175,0,0,0,93,43,59,284,708,570,0,382,5,726,2075,73,73,0,647,2348,425,137,268,0,0,0,0,131,132,18,3,492,10,2,180,2,149,104,2,96,1,0,0,0,273,32,0,0,0,0,0,9,0,0,0,0,0,3,0,7,0,307,0,143,266,663,932,366,48,231,0,271,0,0,1,0,1,16,0,0,32,3,103,347,110,8,0,975,116,27,1,0,112,0,0,44,45,177,4,258,3,0,133,518,692,0,0,40,0,0,0,0,0,0,0,0,0,0,0,0,0,0,0,0,0,0,0,0,0,0,0,0,0,0,0,0,0,0,0,0
AVDR,0,35,1402,342,0,0,980,1580,0,12,312,6,11,0,0,961,409,0,2,0,189,21,123,240,2,1000,0,68,0,0,0,0,945,893,373,404,453,394,417,19,0,373,0,0,53,236,2,174,0,440,0,52,138,7,69,4,44,131,149,7,62,89,466,518,0,747,238,338,35,195,295,173,43,55,0,38,63,132,130,597,119,382,0,812,0,13,2107,152,34,1542,224,90,285,0,0,0,0,383,0,87,230,164,50,0,104,113,113,0,85,96,0,0,117,0,0,12,102,0,0,0,0,34,0,0,0,0,0,0,29,1,0,285,0,296,0,262,218,179,1076,343,18,134,0,23,0,11,43,17,5,0,0,192,49,581,179,98,290,79,35,984,0,5,0,0,78,2,0,0,13,23,0,44,28,324,97,2395,0,198,0,0,0,0,0,0,0,0,0,0,0,0,0,0,0,0,0,0,0,0,0,0,0,0,0,0,0,0,0,0,0,0,0
AVEL,49,0,26,0,0,0,159,0,0,0,0,0,0,0,0,10,0,0,0,150,0,0,0,688,6,0,0,0,0,0,0,0,57,843,555,394,695,259,0,353,0,0,0,13,1801,2,348,0,351,0,0,43,193,85,50,132,0,66,0,120,0,123,671,0,1023,67,64,0,0,250,163,0,0,23,0,720,600,105,47,197,27,5,812,0,89,0,68,4,0,123,279,0,0,0,2,0,18,263,902,17,0,268,65,56,230,206,0,0,2,12,0,125,253,0,3,78,47,0,218,236,4,65,189,0,0,0,10,27,19,25,0,44,392,20,469,1,19,2,23,34,85,87,66,502,8,309,5,0,0,0,0,1,0,220,0,167,10,4,0,0,517,377,12,0,758,0,897,106,0,0,7,0,0,0,0,129,328,166,0,0,0,0,0,0,0,0,0,0,0,0,0,0,0,0,0,0,0,0,0,0,0,0,0,0,0,0,0,0,0,0,0
AVER,0,4,0,0,0,4,0,139,0,0,0,0,0,0,0,0,57,0,0,0,102,0,0,0,851,7,0,0,0,4,0,5,1173,355,459,517,135,0,28,0,169,70,0,1602,0,307,0,308,0,0,0,200,10,26,1,14,5,0,67,0,156,676,313,770,0,16,33,4,0,259,189,0,6,13,42,575,940,5,70,15,212,726,0,89,0,79,0,0,36,215,176,801,8,0,0,21,0,795,241,0,58,169,245,76,125,260,0,0,51,10,0,265,110,0,0,38,45,188,0,1,179,229,29,0,59,0,0,48,47,0,5,204,28,306,29,29,38,215,56,69,61,35,45,27,406,5,336,0,0,35,0,1,58,1,114,121,184,24,0,47,155,502,0,711,0,678,16,101,0,0,0,0,0,39,6,0,331,0,135,0,0,0,0,0,0,0,0,0,0,0,0,0,0,0,0,0,0,0,0,0,0,0,0,0,0,0,0,0,0,0,0
AVJL,138,348,329,590,0,0,802,209,1,0,142,29,30,0,2,505,1404,299,0,130,0,370,2,0,0,1870,213,509,402,613,62,49,0,0,43,235,11,219,1,0,29,0,0,42,0,26,0,0,58,0,0,25,45,0,0,1,0,114,45,12,185,157,1,0,116,33,516,8,47,1,15,457,0,0,227,22,67,22,493,581,1712,2075,13,0,79,0,373,411,324,976,2931,13,704,488,0,0,0,0,1,44,1188,0,0,0,0,237,445,521,50,20,0,0,0,0,0,52,46,0,0,0,0,0,0,0,0,0,0,0,0,0,0,0,31,0,35,8,94,9,0,0,10,0,282,0,0,5,0,3,3,0,0,26,0,204,609,204,137,191,3430,667,0,0,0,50,0,0,20,0,146,1054,1298,0,90,152,130,0,63,0,56,0,0,0,0,0,0,0,0,0,0,0,0,0,0,0,0,0,0,0,0,0,0,0,0,0,0,0,0,0,0,0,0
AVJR,217,61,685,324,0,38,163,918,0,5,38,45,42,0,0,1477,304,0,414,0,270,0,427,0,1,1254,165,25,386,87,45,27,0,0,22,0,142,189,345,0,57,41,0,0,86,0,36,126,0,146,0,74,36,14,67,0,469,0,104,166,33,149,57,144,0,777,6,22,2,0,16,191,375,153,5,6,4,513,34,1656,804,73,2107,68,0,373,0,1479,890,2229,731,225,0,73,0,0,0,0,0,1553,1,0,0,9,155,3,927,524,6,0,1,0,47,0,0,30,35,0,0,0,0,0,0,0,0,0,0,0,0,0,17,27,0,75,0,17,0,0,83,12,0,106,0,0,0,0,16,0,123,0,0,2,64,660,182,148,711,464,239,3139,0,16,0,0,41,0,0,0,310,517,379,54,20,215,44,1155,86,71,0,0,0,0,0,0,0,0,0,0,0,0,0,0,0,0,0,0,0,0,0,0,0,0,0,0,0,0,0,0,0,0,0
BDUL,10,0,0,0,0,0,3564,0,0,0,0,0,0,0,0,1640,540,0,0,0,4,236,0,0,0,1285,101,50,0,0,0,0,0,0,0,0,0,60,0,106,0,0,0,0,0,51,0,0,0,110,0,0,0,0,0,1281,0,0,0,1,0,20,0,0,0,445,0,819,2,0,0,0,0,4,0,0,0,0,0,286,23,73,152,4,0,411,1479,0,1440,235,11,0,0,1,0,0,0,0,0,4644,183,0,0,0,130,0,2193,299,0,111,0,0,0,0,0,0,0,0,0,0,0,0,0,0,0,0,0,0,0,0,0,0,0,32,0,0,0,0,39,0,0,45,0,0,0,0,12,89,0,0,0,133,44,332,18,0,3242,2066,1069,23,0,0,0,167,0,143,0,0,2870,3350,1280,1035,724,0,0,146,0,481,0,0,0,0,10,0,0,0,0,0,0,0,0,0,0,0,0,0,0,0,0,0,0,0,0,0,0,0,0,0,0,0,0
BDUR,0,0,0,0,0,0,0,2411,0,0,0,0,0,0,0,280,1965,0,0,18,256,0,378,0,0,300,0,0,0,0,0,0,0,0,52,0,0,0,18,0,99,0,0,0,0,0,7,0,0,0,0,1,0,0,0,0,692,0,17,0,7,0,35,0,0,0,121,33,363,0,0,0,0,0,2,0,0,0,0,0,245,0,34,0,36,324,890,1440,0,0,0,0,0,67,0,0,0,0,0,0,4424,0,0,0,0,411,344,2689,0,0,65,0,12,0,0,0,0,0,0,0,0,0,0,0,0,0,0,0,0,0,0,1,0,0,7,0,0,181,0,12,0,0,0,0,0,0,0,0,59,0,0,0,18,12,574,0,1150,1478,42,426,0,0,0,0,62,0,181,0,4349,5640,1230,33,2372,0,77,0,0,0,1335,0,0,0,0,0,0,0,0,0,0,0,0,0,9,0,14,0,0,0,0,0,0,0,0,0,0,0,0,0,0,0,0
PVCL,6,54,60,0,0,0,448,0,0,0,1775,0,0,0,0,66,302,0,0,0,0,0,0,0,0,1919,0,0,0,0,0,0,0,0,750,1404,1558,429,92,0,0,12,0,0,0,0,0,50,0,69,0,30,103,3,0,0,0,0,0,123,1,0,4,26,0,80,0,0,0,53,0,0,0,1,14,0,0,321,409,2002,1807,647,1542,123,215,976,2229,235,0,0,2605,1611,1467,0,0,0,0,0,0,78,106,0,0,0,93,14,63,77,112,0,0,0,0,0,0,194,66,0,0,0,0,0,0,0,0,0,0,0,0,0,0,15,13,139,19,329,302,465,437,93,30,8,8,0,0,0,0,0,0,0,0,0,3,24,32,0,0,0,1137,2237,0,1,0,0,0,0,0,0,14,70,100,0,0,355,102,2136,40,0,2,0,0,0,0,0,0,0,0,0,0,0,0,0,0,0,0,0,0,0,0,0,0,0,0,0,0,0,0,0,0,0,0
PVCR,0,0,0,6,0,0,0,912,8,0,1124,0,0,0,0,10,112,0,0,0,0,0,0,0,0,2369,0,0,0,0,0,0,0,0,431,599,2541,103,202,0,0,0,0,0,0,0,0,0,49,0,0,218,4,437,247,0,12,0,202,0,0,7,196,0,43,43,15,0,0,142,0,0,0,0,0,0,0,193,741,2017,2146,2348,224,279,176,2931,731,11,0,2605,0,323,1811,77,0,0,0,0,0,1,141,0,0,0,1,2,114,25,9,0,0,0,0,0,0,185,243,0,0,0,0,6,0,0,0,0,0,0,0,84,43,0,219,111,311,303,138,591,437,0,53,0,4,64,65,18,62,0,0,0,0,0,0,7,250,0,0,0,1510,609,53,13,0,0,0,0,0,4,4,14,128,0,0,130,161,287,3,39,52,0,0,0,0,0,0,0,0,0,0,0,0,0,0,0,0,0,0,0,0,0,0,0,0,0,0,0,0,0,0,0,0
PVPL,341,0,7,0,0,0,0,0,0,0,1777,0,0,0,0,170,11,0,0,0,0,0,0,0,0,63,146,0,284,0,0,3,0,26,1073,302,0,1,0,302,0,109,0,0,0,0,0,0,0,0,0,0,0,9,10,80,0,0,0,2166,0,0,0,0,0,327,0,4,0,0,867,0,0,12,0,439,0,472,302,772,1661,425,90,0,801,13,225,0,0,1611,323,0,169,0,26,12,0,0,0,1760,146,481,0,0,158,0,24,0,924,0,0,0,0,23,0,0,0,0,0,0,0,0,0,0,0,0,0,31,0,0,0,188,0,34,0,16,0,22,41,110,0,66,0,1,0,0,20,0,0,159,0,135,22,139,0,0,0,0,140,3038,120,562,0,0,0,0,0,201,0,0,0,0,0,1,0,781,0,0,0,0,0,0,0,0,0,0,0,0,0,0,0,0,0,0,0,0,0,0,0,0,0,0,0,0,0,0,0,0,0,0,0
PVPR,0,435,0,0,0,0,0,0,0,0,3628,0,0,0,0,0,332,0,0,0,0,0,0,0,0,99,0,7,0,72,0,0,9,0,925,0,19,0,0,0,154,0,100,0,0,0,0,0,2,0,0,0,0,0,0,0,0,0,0,0,2117,0,0,0,20,0,334,0,2,628,0,0,0,0,0,1,2,72,430,1733,513,137,285,0,8,704,0,0,0,1467,1811,169,0,19,25,0,2,0,0,0,2377,0,494,0,0,35,0,0,1081,0,0,0,0,0,0,0,4,0,0,0,0,0,0,0,0,0,0,0,0,0,0,0,21,0,89,0,0,61,102,0,0,0,33,0,0,10,0,0,0,0,133,30,59,0,96,0,0,0,4691,131,174,7,0,0,0,0,0,194,0,0,0,0,0,25,23,0,0,0,0,0,0,0,0,0,0,0,0,0,0,0,0,0,0,0,0,0,0,0,0,0,0,0,0,0,0,0,0,0,0,0,0
PVR,0,0,0,0,0,0,942,1574,0,0,0,0,0,0,0,0,0,0,0,0,0,0,0,0,0,1128,0,0,0,0,0,0,0,0,95,0,77,297,60,0,0,90,84,0,0,286,348,24,51,4,71,0,0,0,0,0,477,81,34,0,0,39,91,0,0,3,40,0,0,0,0,0,0,0,0,0,0,0,0,492,782,268,0,0,0,488,73,1,67,0,77,0,19,0,0,0,0,0,0,0,6,0,0,0,0,0,799,917,0,420,328,0,0,279,226,374,87,2,4,31,23,0,0,0,0,0,0,0,0,0,2,0,0,0,80,0,0,203,0,24,25,6,2,0,63,0,0,105,186,145,67,188,111,0,0,0,0,0,191,0,0,0,0,860,661,1222,1132,0,273,108,2979,0,1,202,679,0,47,0,9,0,0,19,4,87,6,735,0,0,2,3,90,235,138,778,311,105,0,5,0,29,22,27,292,51,15,0,158,0,58,0,439
PVT,0,0,0,0,0,0,0,0,10,188,160,0,0,0,0,0,0,0,0,0,0,0,0,0,30,0,0,0,0,0,0,0,0,0,0,0,79,51,22,9,1,97,156,28,43,70,18,200,264,53,132,154,26,0,0,258,0,18,2,0,0,51,82,187,225,0,3,0,0,149,231,0,0,0,0,74,29,88,1,10,1,0,0,2,0,0,0,0,0,0,0,26,25,0,0,0,0,54,110,0,0,806,831,32,9,0,0,0,0,28,0,0,1,24,22,20,80,0,0,35,31,0,0,0,78,94,10,594,674,89,87,3,65,0,9,0,0,0,25,10,13,1,10,2,19,12,0,0,0,46,35,122,23,0,0,0,0,0,0,0,1661,2071,3221,0,0,9,0,2215,0,0,0,0,0,0,16,0,151,70,8,0,0,0,0,8,0,0,0,0,0,0,0,0,0,0,0,0,0,0,0,0,0,0,0,0,0,0,0,0,0,0,0
RIAL,368,0,4,0,22,0,0,0,104,1,121,0,55,0,0,44,0,3,0,0,0,0,0,504,0,0,0,0,10,0,1,19,0,676,0,44,4,0,0,5,0,4,0,66,0,0,2,24,6,0,0,145,0,224,69,64,84,0,0,666,0,0,0,44,0,1,0,0,0,0,51,0,44,271,0,648,0,197,30,0,6,0,0,0,21,0,0,0,0,0,0,12,0,0,0,0,1044,281,0,32,0,135,0,146,94,2,0,0,138,77,0,284,162,102,0,287,79,646,429,499,430,657,333,7,0,0,1,65,13,14,0,441,110,67,277,85,19,40,19,74,8,115,16,438,518,338,590,0,0,0,0,24,0,0,0,0,0,0,0,0,1,6,0,360,36,266,29,23,0,0,0,0,0,4,0,0,0,1,31,0,0,0,0,3,0,0,0,0,0,0,199,0,35,0,0,0,0,2,0,1,0,0,0,0,0,0,137,0,40,1,0
RIAR,0,384,0,1,0,27,0,0,0,75,90,24,3,0,0,0,45,0,7,0,0,0,0,0,552,0,0,6,0,27,5,0,639,0,0,0,19,0,0,0,35,0,78,0,77,6,0,5,45,0,3,0,133,80,129,0,86,0,0,0,827,0,0,0,23,0,84,0,0,32,0,59,0,0,371,34,555,36,131,4,0,0,0,18,0,0,0,0,0,0,0,0,2,0,0,1044,0,0,255,0,2,0,132,151,22,98,0,0,80,0,42,173,225,0,116,62,255,472,748,513,538,348,669,5,0,0,0,10,58,0,0,111,623,293,109,19,68,53,66,46,90,56,73,467,429,428,346,0,0,0,0,4,30,0,0,0,0,0,0,4,2,1,0,21,398,44,282,36,0,0,0,0,0,0,3,0,11,49,8,0,0,0,103,0,23,0,0,0,0,0,1,2,0,0,0,0,0,0,226,0,0,0,0,0,0,0,0,1,0,0,0
RIBL,133,7,0,0,108,14,0,0,0,0,15,8,8,0,0,0,0,39,0,53,0,0,0,1904,69,0,239,0,368,0,32,0,350,1357,37,0,0,69,0,424,0,79,0,371,3,136,0,208,0,0,0,0,4,0,0,0,0,14,0,196,0,438,0,473,0,0,0,0,0,0,157,95,996,613,0,234,0,64,7,100,79,0,383,263,795,0,0,0,0,0,0,0,0,0,54,281,0,0,59,0,0,88,4,29,309,78,0,0,0,36,0,95,0,45,0,44,0,3,0,0,102,45,0,108,97,0,57,0,9,0,0,189,45,73,0,200,0,130,86,0,0,0,0,33,162,58,174,4,0,183,0,2,0,0,0,0,0,0,0,0,10,0,125,208,0,212,0,480,0,0,0,0,0,0,0,322,445,0,0,0,0,0,0,0,0,0,0,0,0,0,0,0,0,0,0,0,0,23,0,0,0,0,0,0,0,0,0,0,0,0,0
RIBR,0,131,0,0,0,119,0,0,0,0,86,0,5,0,0,0,0,0,83,0,23,0,15,7,1582,0,0,34,0,396,0,48,1283,323,48,0,0,0,27,0,481,0,91,0,473,0,234,0,226,0,0,22,1,7,12,0,0,0,101,0,225,0,392,0,760,0,0,0,0,246,0,553,283,0,844,0,308,27,215,77,43,131,0,902,241,1,0,0,0,0,0,0,0,0,110,0,255,59,0,0,22,0,160,114,81,274,0,0,2,0,76,0,141,0,7,0,61,0,2,109,3,0,35,157,0,5,66,26,5,0,0,45,226,0,67,0,275,93,156,0,6,0,0,312,54,188,47,0,0,0,109,0,0,0,0,0,0,0,0,0,15,23,186,0,114,0,166,425,0,0,0,0,0,0,3,99,535,0,0,0,0,0,0,0,0,0,0,0,0,0,0,0,0,0,0,0,0,0,0,0,0,0,0,0,0,0,0,0,0,0,0
RIFL,692,0,0,0,11,0,408,0,0,0,3,60,0,0,0,3415,41,0,0,0,0,0,0,3,0,233,977,61,1257,0,0,0,0,0,109,0,0,24,0,114,0,0,0,0,0,17,0,0,0,32,0,0,0,0,0,152,0,0,0,13,0,0,0,0,0,1074,0,610,0,72,25,0,0,43,0,149,0,0,25,625,69,132,87,17,0,44,1553,4644,0,78,1,1760,0,0,0,32,0,0,0,0,76,0,0,0,714,0,182,0,189,33,0,0,0,0,0,0,0,0,0,0,0,0,0,0,0,0,0,0,0,0,0,0,0,7,0,16,0,2,16,6,0,155,0,0,0,0,2,45,0,0,0,10,2,375,0,0,1259,102,310,596,0,0,0,34,0,62,0,0,1078,1975,326,235,0,0,0,213,1,401,0,0,0,0,71,0,0,0,0,0,0,0,0,0,0,0,0,0,0,0,0,0,0,0,0,0,0,0,0,0,0,0,0
RIFR,0,721,0,0,0,0,0,734,0,0,60,0,90,0,10,52,3581,0,0,0,138,0,99,0,0,360,0,1194,35,1114,0,0,0,0,37,13,0,0,34,0,163,0,0,0,0,0,10,0,0,0,0,0,0,0,0,0,223,0,0,0,38,0,17,0,0,0,1300,0,658,17,25,0,0,0,91,81,138,0,0,0,625,18,230,0,58,1188,1,183,4424,106,141,146,2377,6,0,0,2,0,22,76,0,0,0,0,0,762,0,535,129,0,54,0,0,0,0,0,0,0,0,0,0,0,0,0,0,0,0,0,0,0,0,0,0,0,26,0,5,4,0,0,0,0,269,0,0,0,0,0,81,0,0,0,51,0,636,0,154,571,1065,492,0,0,0,0,35,0,57,0,369,1686,67,0,415,0,22,0,5,0,589,0,0,0,0,0,0,0,0,0,0,0,0,0,0,0,0,0,0,0,0,0,0,0,0,0,0,0,0,0,0,0,0
RIGL,0,0,0,0,0,0,0,0,672,0,56,0,0,0,0,0,0,0,0,0,0,0,0,0,91,0,0,0,0,0,0,0,94,659,6,0,45,205,0,178,0,601,0,323,0,198,0,256,0,428,0,401,107,3,356,129,0,2,0,668,0,146,0,391,0,3,0,0,0,10,405,19,1,21,9,634,22,26,101,18,386,3,164,268,169,0,0,0,0,0,0,481,0,0,806,135,0,88,0,0,0,0,661,67,76,206,0,0,405,146,0,0,0,53,0,0,323,0,0,1,0,0,0,0,39,0,0,1066,50,0,259,295,0,70,0,2,18,44,5,151,58,21,132,2,0,5,9,6,0,114,0,155,413,0,0,0,0,0,0,0,410,534,81,0,0,8,0,1301,0,0,0,0,0,0,0,98,33,6,0,0,0,0,0,3,0,0,0,0,0,0,0,0,0,0,0,0,0,0,0,0,0,0,0,0,0,0,0,0,0,0,0
RIGR,0,36,0,0,0,0,0,0,0,578,106,0,0,0,0,0,0,0,0,0,0,0,0,0,188,0,0,0,0,0,0,0,785,221,2,0,180,0,304,0,129,0,611,0,363,0,166,0,331,0,332,122,502,326,7,258,0,0,15,0,784,0,241,0,377,0,0,0,0,423,11,42,0,25,14,68,610,93,0,355,1,492,50,65,245,0,0,0,0,0,0,0,494,0,831,0,132,4,160,0,0,661,0,126,151,173,0,0,397,0,101,0,7,0,50,317,0,0,0,0,4,0,0,0,0,96,0,60,1113,360,4,0,106,0,38,0,72,0,151,38,315,29,131,0,3,36,2,0,1,0,57,230,247,0,1,0,0,0,37,0,621,226,506,0,0,0,0,985,0,0,0,0,0,0,0,196,47,0,38,0,0,0,0,0,0,0,0,0,0,0,0,0,0,0,0,0,0,0,0,0,0,0,0,0,0,0,0,0,0,0,0
RIH,23,66,0,0,0,5,0,0,0,0,0,0,0,0,0,27,0,0,0,0,0,0,0,2,14,64,0,0,0,13,0,11,128,120,118,260,73,541,399,537,686,813,564,0,3,306,336,291,387,0,0,3,2,0,0,0,0,0,0,303,206,1075,794,627,542,0,0,40,0,9,10,26,3,171,197,340,405,0,2,12,12,10,0,56,76,0,9,0,0,0,0,0,0,0,32,146,151,29,114,0,0,67,126,0,53,25,359,470,604,133,23,0,0,123,163,0,30,2,19,0,0,26,2,508,443,420,660,31,6,11,0,1,0,5,1,18,54,0,29,8,6,67,16,1,1,11,6,167,87,147,217,33,31,6,0,0,0,0,0,0,1,0,28,190,201,163,162,192,0,0,0,0,0,0,0,23,129,23,0,0,0,0,0,0,0,0,0,0,0,0,0,0,0,0,0,0,0,0,0,0,0,0,0,0,0,0,0,0,0,0,0
RIML,36,0,0,0,0,0,4,0,0,219,4,0,0,0,0,116,0,43,0,21,0,14,0,69,9,186,12,0,67,0,68,0,0,107,116,178,20,17,0,0,0,56,111,3,1,0,0,0,0,6,137,829,1060,736,1141,260,139,0,0,0,0,13,0,12,4,607,0,4,0,102,546,0,48,114,3,396,3,259,400,393,365,2,104,230,125,0,155,130,0,93,1,158,0,0,9,94,22,309,81,714,0,76,151,53,0,169,3,0,0,0,0,0,0,24,16,204,44,0,0,94,601,0,0,25,0,0,11,580,392,13,1,284,57,171,0,368,157,148,40,76,0,26,0,290,402,431,351,0,0,1,20,0,0,0,0,0,39,0,0,60,373,325,7,0,36,0,130,74,13,119,0,0,0,80,49,23,164,20,63,0,0,0,0,0,0,0,0,0,0,0,123,0,310,0,396,0,0,0,0,0,0,0,0,0,0,0,230,0,338,0,318
RIMR,0,28,0,0,0,8,0,3,185,6,9,0,1,0,0,0,88,0,22,0,1,0,29,0,68,139,0,11,0,26,0,23,43,8,161,0,159,0,0,0,49,27,14,0,1,0,0,0,0,155,8,1189,765,1277,630,0,110,0,0,0,0,5,74,0,63,38,847,0,42,541,126,27,0,32,115,2,493,410,292,292,353,180,113,206,260,237,3,0,411,14,2,0,35,0,0,2,98,78,274,0,762,206,173,25,169,0,0,1,0,1,0,0,72,25,0,67,298,0,0,679,132,0,0,8,0,0,2,309,508,3,0,51,371,0,186,152,376,89,197,6,95,0,41,388,316,405,414,0,0,1,19,0,4,0,0,0,0,0,26,0,328,330,35,56,0,34,0,30,28,268,0,0,6,41,53,0,214,68,1,0,0,0,185,0,442,0,0,0,0,0,0,0,0,0,0,0,0,0,180,0,465,0,66,0,0,0,0,0,0,0,0
RIPL,198,0,172,0,0,0,138,0,0,0,0,249,0,0,0,3200,96,0,0,98,11,2037,0,0,0,0,1048,62,193,1,0,0,0,0,0,0,0,957,0,28,0,1492,0,0,0,538,0,307,0,0,0,0,0,0,0,0,0,104,0,0,0,23,0,4,0,17,0,1302,63,182,0,0,0,3,0,3,0,5,0,325,137,2,113,0,0,445,927,2193,344,63,114,24,0,799,0,0,0,0,0,182,0,0,0,359,3,0,0,109,4,1031,0,0,0,1316,0,0,0,27,19,0,0,17,47,132,482,260,83,0,0,0,0,0,0,0,0,0,0,0,0,0,29,48,0,0,0,0,0,1408,0,1512,0,0,0,147,9,5,2558,2933,390,265,0,0,0,155,0,217,0,0,21,309,219,2121,101,97,88,0,0,223,0,92,28,0,0,0,0,0,0,0,0,0,0,0,0,0,0,10,2,0,0,0,0,0,0,0,0,0,0,0,0,0,0
RIPR,0,32,0,174,0,0,0,594,0,0,0,0,31,0,37,15,2109,0,0,39,581,0,2152,0,0,2,0,492,0,239,0,0,0,0,0,0,0,0,1034,0,5,0,1524,0,0,0,494,0,573,0,0,0,0,0,0,0,68,0,91,0,0,0,6,0,0,0,176,6,887,0,140,0,0,0,0,0,0,0,0,123,579,149,0,0,0,521,524,299,2689,77,25,0,0,917,0,0,0,0,0,0,535,0,0,470,0,1,109,0,0,0,1345,0,0,0,1728,0,0,15,51,0,0,33,14,304,163,407,295,0,0,0,1,0,0,0,0,0,0,0,0,67,0,0,75,0,0,0,0,0,1491,0,1632,0,0,0,231,65,798,1336,235,534,0,0,0,0,226,0,574,0,576,673,485,8,2531,94,80,0,0,0,468,0,0,0,0,0,0,0,0,83,6,0,0,0,0,0,0,0,0,0,0,0,0,0,0,178,93,20,1,0,0,0,0
RIR,1551,1422,0,0,89,127,0,0,0,0,1501,122,180,0,0,1,0,0,0,0,0,0,0,75,155,0,174,153,10,12,251,444,360,336,783,0,41,0,0,257,764,119,81,0,0,0,0,52,100,0,0,0,8,0,0,121,36,0,0,1077,1291,0,0,197,269,0,3,37,13,53,95,2,0,435,583,687,762,32,28,88,69,104,85,2,51,50,6,0,0,112,9,924,1081,0,0,138,80,0,2,189,129,405,397,604,0,0,4,0,0,0,0,0,0,0,0,277,135,8,7,0,0,0,0,0,0,0,71,0,0,0,0,0,0,0,0,0,1,0,0,3,62,3,147,8,0,13,21,0,0,0,0,0,0,61,108,0,0,0,1039,849,0,4,160,0,0,0,0,29,0,0,0,0,0,0,0,40,50,0,0,0,0,0,0,0,0,0,0,0,0,0,0,0,0,0,0,0,0,0,0,0,0,0,0,0,0,0,0,0,0,0,0
IL1DL,0,0,43,0,72,0,0,0,0,0,0,21,1,0,0,0,0,25,0,47,0,12,0,179,0,0,6,0,4,0,41,34,58,0,0,0,0,3003,0,59,0,0,0,1344,26,3016,0,0,0,0,0,0,0,0,0,0,0,703,0,41,0,3206,0,0,0,0,0,4,0,18,7,59,21,0,0,17,0,0,0,0,8,2,96,12,10,20,0,111,0,0,0,0,0,420,28,77,0,36,0,33,0,146,0,133,0,1,1031,0,0,0,40,580,0,179,0,0,0,0,594,0,0,2594,0,698,946,0,187,0,4,0,582,0,0,0,0,0,0,0,0,0,172,0,0,0,252,96,1,1984,0,265,0,52,0,57,0,11,23,44,74,0,25,18,58,730,0,0,0,47,68,75,94,7,0,5,0,0,78,0,0,445,333,124,129,92,3,0,0,0,0,0,0,0,0,0,0,0,0,0,0,0,0,0,0,0,0,0,0,0,0,0,0
IL1DR,0,0,0,110,0,58,0,0,0,0,0,3,13,0,0,0,0,0,22,0,24,0,32,0,107,0,0,17,0,2,33,34,23,78,0,0,0,0,3195,0,20,0,0,77,1203,0,2373,0,0,0,0,0,0,0,0,0,0,0,876,0,37,0,2861,0,0,0,0,0,3,0,8,33,68,0,0,0,0,0,0,6,0,96,0,0,0,0,1,0,65,0,0,0,0,328,0,0,42,0,76,0,54,0,101,23,0,0,0,1345,0,40,0,0,768,0,219,0,0,576,8,0,0,0,2356,712,0,755,198,36,0,474,3,0,0,0,0,0,0,0,0,143,0,0,0,220,0,0,63,0,2731,0,633,0,3,0,0,23,41,5,0,45,0,1,98,0,502,0,0,2,121,27,95,0,22,1,17,0,43,0,0,0,0,0,0,0,0,0,0,694,367,34,31,0,0,0,0,0,0,0,0,0,0,0,0,0,0,0,0,0,0,0,0
IL1L,0,0,117,0,0,0,333,0,8,0,0,0,46,0,0,0,0,67,0,41,0,7,0,7,0,0,0,0,0,0,29,20,0,0,0,0,0,0,0,1584,0,0,0,1389,0,0,0,0,0,0,0,0,40,45,0,319,0,2064,0,338,0,0,0,0,0,5,0,0,0,0,0,0,11,0,0,0,0,5,0,12,0,1,0,125,265,0,0,0,0,0,0,0,0,0,0,284,173,95,0,0,0,0,0,0,0,0,0,0,0,580,0,0,0,523,0,69,0,890,376,438,730,845,530,0,10,6,0,0,466,0,1370,4,0,327,0,23,1,55,0,0,0,98,0,0,32,51,0,206,0,331,0,594,0,36,0,84,63,0,0,0,8,0,0,111,0,19,0,0,0,0,106,2,0,241,136,0,113,113,0,12,175,0,0,0,0,0,0,0,0,0,0,0,0,0,0,7,163,0,53,0,6,0,6,0,0,0,0,0,0,0,0
IL1R,0,0,0,3,0,15,0,201,0,75,0,14,9,0,0,0,0,0,18,0,64,0,23,0,30,0,0,0,0,2,24,0,0,1,0,0,0,0,0,0,1503,0,0,0,1209,0,0,0,0,0,0,96,0,0,2,0,57,0,2369,0,153,0,0,0,0,0,4,0,0,36,0,19,0,0,0,0,0,0,0,0,0,0,117,253,110,0,47,0,12,0,0,0,0,0,1,162,225,0,141,0,0,0,7,0,0,72,0,0,0,0,768,0,0,0,396,0,241,249,796,602,591,472,842,0,60,8,0,513,51,1571,0,0,0,0,247,47,12,52,62,4,0,0,108,37,0,0,98,0,202,0,348,0,1204,0,0,103,21,9,0,51,0,21,0,0,179,0,69,0,0,0,0,0,25,263,207,0,111,0,248,0,0,0,0,0,0,0,0,17,191,0,0,0,0,0,0,0,0,0,0,0,0,0,0,8,658,0,147,0,0,0,0
IL1VL,0,0,0,0,0,0,0,0,0,0,0,0,0,0,0,0,0,0,0,0,0,0,0,0,0,0,0,0,0,0,0,0,0,0,30,0,0,0,0,135,0,3114,0,1108,182,0,0,2082,0,0,0,17,0,0,3,0,0,1208,0,0,0,0,0,2885,0,3,0,0,0,0,55,0,0,0,0,0,0,0,36,17,6,0,0,0,0,0,0,0,0,0,0,23,0,279,24,102,0,45,0,0,0,53,0,123,24,25,1316,0,0,179,0,523,0,0,15,0,34,2860,0,0,0,0,1043,254,1188,4,565,15,0,5,361,84,0,30,0,35,0,28,0,7,0,174,0,122,0,0,336,0,0,2575,0,24,0,0,0,0,0,0,0,0,16,46,37,0,0,819,0,53,0,0,0,0,0,0,53,0,26,0,0,0,0,0,0,0,0,0,0,0,0,0,0,0,0,0,0,548,257,107,27,0,0,0,0,0,0,0,0,0,0,0,0
IL1VR,0,0,0,0,0,0,0,0,0,0,2,0,0,0,0,0,0,0,0,0,0,0,0,0,0,0,0,0,0,0,0,0,0,0,21,0,0,0,0,0,119,0,3611,0,1113,0,0,0,2402,0,0,0,21,0,0,0,0,0,673,0,0,0,0,0,2770,0,42,0,0,19,0,0,0,0,0,0,0,12,0,18,58,0,0,3,0,0,0,0,0,0,0,0,0,226,22,0,116,0,7,0,0,0,50,163,16,0,0,1728,0,0,219,0,396,15,0,14,0,0,3036,0,0,925,0,164,0,1273,575,0,4,494,17,0,58,0,48,0,79,50,26,0,12,0,214,0,95,98,0,0,83,0,2698,0,0,0,0,0,0,0,0,0,43,52,26,0,0,0,739,27,0,0,0,0,0,61,10,0,15,0,0,0,0,0,0,0,0,0,0,0,0,0,0,0,0,0,0,0,0,0,0,0,0,0,0,636,334,94,82,0,0,0,0
RIVL,0,0,0,0,2,0,0,0,34,404,6,0,47,0,0,0,0,0,0,0,0,20,0,85,0,0,0,0,0,0,0,0,80,74,77,0,478,268,197,146,0,0,181,0,0,0,0,0,2,0,341,29,1225,919,229,379,1059,10,0,0,0,20,14,0,55,98,235,0,0,349,33,12,27,21,0,0,4,330,41,173,122,273,12,78,38,52,30,0,0,194,185,0,0,374,20,287,62,44,0,0,0,0,317,0,204,67,0,0,277,0,0,69,0,0,14,0,1834,1,223,454,17,185,0,152,0,0,36,0,395,48,307,159,48,0,1390,417,564,121,86,187,282,0,285,8,925,801,145,0,0,0,14,212,12,0,0,0,0,0,70,0,329,79,108,26,73,0,114,170,0,0,0,0,0,299,645,373,164,0,73,0,0,0,0,0,0,0,0,0,0,0,0,0,0,0,0,0,0,92,0,0,0,0,0,18,0,394,212,1313,1184,5556,1251
RIVR,0,0,0,3,0,48,0,0,663,380,47,63,0,0,0,0,0,0,56,0,0,0,0,0,144,0,0,0,0,0,38,6,69,64,10,703,40,118,184,0,189,134,0,0,3,0,0,8,0,756,0,1237,13,350,699,84,687,0,35,0,1,19,54,52,0,168,125,0,0,0,311,29,78,0,24,1,0,39,379,340,105,32,102,47,45,46,35,0,0,66,243,0,4,87,80,79,255,0,61,0,0,323,0,30,44,298,0,0,135,0,0,0,241,34,0,1834,0,273,0,54,444,0,177,86,0,0,0,315,15,298,83,164,8,1204,0,461,813,30,100,197,135,143,0,1092,3,81,878,0,0,65,0,115,229,0,0,0,0,0,0,176,17,302,253,0,0,221,0,249,0,0,0,0,0,559,246,11,24,129,0,0,0,0,0,0,0,0,0,0,0,0,0,0,0,0,0,0,0,592,104,1174,1443,2494,1151,28,0,167,0,43,0,46,0
RMDDL,0,0,0,0,0,0,0,15,1,73,0,0,0,0,0,0,0,0,0,0,0,0,0,0,0,0,0,0,0,0,0,0,0,0,0,0,0,0,88,0,15,78,0,720,50,183,720,180,0,0,0,204,0,0,1,0,11,0,105,0,4,0,155,1059,0,0,9,0,0,0,0,0,0,0,0,0,0,1,0,0,0,0,0,0,188,0,0,0,0,0,0,0,0,2,0,646,472,3,0,0,0,0,0,2,0,0,27,15,8,0,576,890,249,2860,0,1,273,0,341,123,232,73,1908,77,48,20,293,25,0,120,105,372,104,0,96,31,0,379,385,510,100,69,31,146,0,13,169,225,739,457,0,0,3,0,0,0,0,0,0,0,0,0,49,51,346,587,0,0,0,0,0,0,0,3,108,0,3,3,307,85,15,367,0,214,0,292,0,1012,811,1867,971,1801,401,480,6,280,203,109,42,68,0,344,0,0,28,0,0,0,0,0,0
RMDDR,0,0,0,0,0,0,0,0,12,9,0,0,0,0,0,0,0,0,0,0,0,0,0,0,0,0,0,0,0,0,0,0,0,0,0,0,0,11,0,21,0,0,41,49,804,843,172,0,258,0,0,0,208,0,0,0,1,161,7,14,0,170,0,0,1046,6,0,0,0,0,0,0,0,0,0,0,0,0,3,0,0,0,0,218,0,0,0,0,0,0,0,0,0,4,0,429,748,0,2,0,0,0,0,19,0,0,19,51,7,594,8,376,796,0,3036,223,0,341,0,189,157,1823,77,36,4,92,367,1,33,194,296,173,262,116,0,0,49,377,406,72,538,25,54,0,103,202,4,861,2,0,302,0,0,1,0,0,0,0,0,0,0,0,0,457,46,0,500,0,0,0,0,0,0,85,34,0,49,187,4,948,816,1741,1559,1423,796,126,8,239,4,465,0,518,0,162,0,0,30,0,0,0,0,0,0,210,138,129,79,242,4,342,0
RMDL,0,0,0,0,0,0,2,0,25,554,0,0,0,11,0,0,0,23,0,0,0,14,0,0,0,0,0,0,0,0,0,0,0,0,0,0,0,0,0,69,8,0,0,40,176,22,24,34,36,16,343,100,24,15,0,0,0,414,370,8,0,0,0,67,0,0,0,0,0,5,0,0,0,0,0,0,0,10,43,0,0,0,0,236,1,0,0,0,0,0,0,0,0,31,35,499,513,0,109,0,0,1,0,0,94,679,0,0,0,0,0,438,602,0,0,454,54,123,189,0,842,311,229,0,150,287,0,648,849,548,498,433,289,1,549,3,630,209,562,1,14,0,52,94,119,119,23,0,0,0,0,335,254,0,0,39,0,0,0,0,522,220,28,518,68,521,98,26,0,0,0,0,0,56,79,0,225,354,761,0,155,0,369,0,436,0,51,0,161,0,848,0,459,0,310,0,117,0,674,0,260,0,230,0,135,0,770,0,932,0,1006
RMDR,0,0,0,0,0,0,0,0,268,7,0,0,0,0,12,0,0,0,0,0,5,0,4,0,0,0,0,0,0,0,0,0,0,0,0,0,0,0,0,4,17,0,0,62,28,4,74,52,2,310,14,2,55,0,35,0,0,284,548,0,0,0,0,0,3,0,0,0,0,0,4,0,0,0,0,0,0,8,60,0,0,0,0,4,179,0,0,0,0,0,0,0,0,23,31,430,538,102,3,0,0,0,4,0,601,132,0,0,0,0,0,730,591,0,0,17,444,232,157,842,0,259,295,0,284,87,0,1035,431,686,532,223,422,692,34,740,3,543,190,1,1,55,4,107,66,38,82,0,0,0,0,384,298,0,0,23,0,0,0,0,181,518,47,81,464,50,674,9,0,0,5,0,0,60,87,0,248,731,290,0,37,0,738,0,412,0,3,0,154,0,358,0,288,0,0,0,51,0,1228,0,1146,0,619,0,136,0,867,0,987,0,397
RMDVL,0,0,0,0,0,0,0,0,0,10,11,0,0,0,0,0,0,0,0,0,0,0,0,0,0,0,0,0,0,0,0,0,65,92,27,0,0,31,0,0,0,0,73,870,21,307,57,0,635,0,407,0,155,146,0,0,148,0,44,0,0,1436,0,0,135,0,0,0,0,0,3,0,0,0,0,0,0,148,7,0,5,0,34,65,229,0,0,0,0,0,6,0,0,0,0,657,348,45,0,0,0,0,0,26,0,0,17,33,0,2594,0,845,472,0,925,185,0,73,1823,311,259,0,237,410,92,1,148,49,30,218,150,272,47,100,522,74,177,29,379,7,84,5,656,1,143,129,0,225,0,18,723,0,0,0,0,0,0,0,0,0,0,0,0,491,68,0,124,0,0,0,0,0,0,45,3,65,9,227,177,243,166,61,49,181,0,447,0,0,29,0,0,0,18,0,0,243,0,337,0,465,0,14,0,797,641,1783,1412,1847,1064,126,0
RMDVR,0,0,0,0,0,0,0,0,11,79,24,0,0,0,0,0,0,0,0,0,0,0,0,0,0,0,0,0,0,0,0,0,0,32,24,0,0,0,68,0,0,93,0,14,778,46,198,761,0,371,0,129,0,0,106,0,84,0,0,0,0,0,1341,259,0,0,0,0,0,5,0,0,0,0,0,0,0,9,87,10,0,9,0,189,29,0,0,0,0,0,0,0,0,0,0,333,669,0,35,0,0,0,0,2,0,0,47,14,0,0,2356,530,842,1043,0,0,177,1908,77,229,295,237,0,538,16,54,141,5,37,188,154,0,185,549,90,132,3,367,17,34,17,642,5,126,10,1,103,0,339,843,20,0,0,0,0,0,0,0,0,0,0,0,0,6,660,162,0,0,0,0,0,0,0,2,78,0,5,246,278,0,24,0,0,20,4,166,0,123,147,81,21,205,0,610,0,1127,917,1682,1239,1541,681,260,0,181,10,388,0,63,0,0,0
RMED,0,0,0,0,0,0,0,0,0,0,0,0,0,0,0,0,0,0,0,0,0,0,0,0,0,0,0,0,0,0,0,0,0,0,0,0,0,486,338,286,324,828,907,151,315,223,149,18,0,0,0,0,0,0,0,0,0,34,1,0,0,241,269,0,0,0,0,0,0,30,0,0,0,0,0,0,0,0,0,0,0,0,0,0,0,0,0,0,0,0,0,0,0,0,0,7,5,108,157,0,0,0,0,508,25,8,132,304,0,698,712,0,0,254,164,152,86,77,36,0,0,410,538,0,1357,1199,1125,0,0,46,19,0,0,0,0,0,0,0,1,145,167,0,0,599,784,449,308,1127,825,1469,1513,0,0,0,0,0,0,0,0,0,0,0,0,9,16,0,0,0,0,0,0,0,0,0,0,0,13,0,0,172,2,739,0,1184,0,855,0,233,6,463,0,563,0,1235,0,836,204,536,0,9,0,0,0,647,32,838,0,13,0,7,0
RMEL,0,0,0,0,0,0,0,0,0,0,0,0,0,0,0,0,0,0,0,0,0,0,0,0,0,0,0,0,0,0,0,0,0,0,0,0,0,813,720,255,1320,573,702,453,0,227,20,598,0,0,0,0,0,0,0,0,0,242,396,0,0,130,0,56,0,0,0,0,0,0,0,0,0,0,0,0,0,0,0,0,0,0,0,0,59,0,0,0,0,0,0,0,0,0,78,0,0,97,0,0,0,39,0,443,0,0,482,163,0,946,0,10,60,1188,0,0,0,48,4,150,284,92,16,1357,0,384,1149,84,28,674,6,0,0,0,0,0,0,0,0,0,0,0,0,39,0,43,50,1123,1580,992,1051,61,1287,0,0,0,0,0,0,0,19,16,147,0,0,0,0,45,0,0,0,0,0,0,0,0,61,0,0,41,29,0,0,0,0,0,0,84,2991,92,707,0,0,0,0,47,16,8,0,0,0,0,0,48,2506,33,356,0,0,0,0
RMER,0,0,0,0,0,0,0,0,0,0,0,0,0,0,0,0,0,0,0,0,0,0,0,0,0,0,0,0,0,0,0,0,0,0,0,0,0,520,706,1814,304,989,586,0,305,132,199,2,616,0,0,0,0,0,0,0,0,175,33,0,0,0,75,0,102,0,0,0,0,0,0,0,0,0,0,0,0,0,0,0,0,0,0,0,0,0,0,0,0,0,0,0,0,0,94,0,0,0,5,0,0,0,96,420,0,0,260,407,0,0,755,6,8,4,1273,0,0,20,92,287,87,1,54,1199,384,0,1439,21,104,2,535,0,0,0,0,0,0,0,0,0,0,0,0,5,7,21,24,1693,405,1747,478,724,0,0,0,0,0,0,0,0,2,74,285,0,0,0,0,36,0,0,0,0,0,0,0,0,70,5,0,10,3466,0,722,0,0,0,0,65,22,21,0,0,0,0,0,23,3723,0,534,0,5,0,0,28,14,3,0,0,0,0,0
RMEV,0,0,0,0,0,0,0,0,0,0,0,0,0,0,0,6,0,0,0,0,0,0,0,37,0,0,0,0,0,0,0,0,0,0,0,0,0,334,381,307,328,359,267,191,142,257,171,429,214,0,0,0,0,0,0,0,0,5,35,0,0,0,0,75,24,0,0,0,0,42,25,0,0,16,0,0,0,0,0,54,0,0,0,10,0,0,0,0,0,0,0,0,0,0,10,1,0,57,66,0,0,0,0,660,11,2,83,295,71,187,198,0,0,565,575,36,0,293,367,0,0,148,141,1125,1149,1439,0,0,0,48,1,67,30,0,0,96,0,0,0,0,0,164,175,271,123,589,752,1722,1000,1172,1086,0,0,0,0,0,0,0,0,0,0,4,60,37,0,5,15,0,0,0,0,0,0,0,0,0,57,0,0,508,0,291,0,24,0,0,0,450,8,419,0,22,0,0,0,312,12,944,0,941,0,922,0,309,18,1085,0,1289,0,505,0
RMFL,0,0,0,0,0,0,0,0,181,1026,0,0,0,0,0,0,0,0,0,0,0,0,0,0,53,0,0,0,0,0,0,0,0,35,0,125,0,0,114,30,17,48,0,191,24,0,78,3,0,12,900,611,753,0,1297,53,318,15,474,7,0,0,85,2,0,18,0,0,0,49,409,0,0,0,0,24,0,1,138,0,198,0,0,27,48,0,0,0,0,0,0,31,0,0,594,65,10,0,26,0,0,1066,60,31,580,309,0,0,0,0,36,0,513,15,0,0,315,25,1,648,1035,49,5,0,84,21,0,0,257,1408,0,0,0,0,0,0,17,0,5,40,0,63,15,12,0,40,28,0,0,20,0,11,124,0,0,0,0,0,0,0,638,976,356,0,555,0,325,279,0,0,0,0,0,19,64,0,243,0,1562,0,0,0,0,0,0,0,0,0,317,0,970,0,323,0,399,0,0,0,0,0,0,0,0,0,339,0,883,0,97,0,1179
RMFR,0,0,0,0,0,7,0,0,482,193,0,15,0,0,0,0,0,0,0,0,0,0,0,0,43,0,0,0,0,0,3,0,697,17,2,0,22,3,0,5,90,0,53,0,163,0,0,175,0,240,158,941,1096,1170,0,0,167,209,23,0,8,52,52,130,73,0,19,0,0,366,105,305,0,0,0,2,2,109,0,129,0,3,29,19,47,0,0,0,0,0,0,0,0,0,674,13,58,9,5,0,0,50,1113,6,392,508,0,0,0,4,0,466,51,0,4,395,15,0,33,849,431,30,37,0,28,104,0,257,0,5,892,0,3,0,2,0,0,10,0,0,2,0,115,0,34,37,28,0,0,0,13,444,0,0,0,0,0,0,0,0,986,688,530,311,0,185,0,218,0,0,0,0,0,7,11,0,140,1306,2,0,308,0,619,0,255,0,1745,0,0,0,0,0,0,0,0,0,348,0,1167,0,362,0,315,0,0,0,0,0,0,0,0
RMHL,0,0,0,0,0,0,0,0,442,1612,0,0,0,0,0,0,0,0,0,0,0,0,0,0,0,0,0,0,0,0,0,0,0,0,10,0,0,166,63,0,108,91,0,0,35,397,12,264,3,603,1417,6,35,52,128,28,468,0,1265,0,0,33,0,0,0,119,16,0,0,15,214,0,0,0,0,0,0,322,224,0,3,0,1,25,0,0,0,0,0,0,84,0,0,0,89,14,0,0,0,0,0,0,360,11,13,3,0,0,0,0,474,0,1571,5,494,48,298,120,194,548,686,218,188,46,674,2,48,1408,5,0,580,182,20,362,174,368,688,54,524,67,80,87,65,224,162,118,117,53,451,4,752,0,650,0,0,0,0,0,0,0,103,1,0,182,160,205,184,3,0,0,0,0,0,899,586,3,0,432,431,0,0,0,0,0,0,0,0,0,176,0,158,0,18,0,0,0,0,0,0,0,0,0,0,43,333,0,232,0,0,0,32
RMHR,0,0,0,0,0,0,0,0,1730,453,0,0,0,0,0,0,0,0,0,0,0,0,0,0,0,0,0,0,0,0,0,0,0,0,3,0,0,53,154,305,0,0,92,99,0,64,400,0,635,1246,598,9,5,203,163,0,460,1511,127,3,0,9,3,0,0,25,71,0,0,211,0,0,0,0,0,0,0,282,262,19,29,7,0,0,5,0,17,0,0,0,43,0,0,2,87,0,0,0,0,0,0,259,4,0,1,0,0,1,0,582,3,1370,0,361,17,307,83,105,296,498,532,150,154,19,6,535,1,0,892,580,0,6,156,179,671,566,635,491,81,63,139,105,51,97,195,83,27,306,1,399,3,751,0,0,0,0,0,0,0,0,0,231,0,334,147,64,286,4,0,0,0,0,0,571,1078,0,0,497,351,0,256,0,31,0,0,0,0,0,0,0,0,0,0,0,0,0,148,0,111,0,0,0,27,0,0,0,0,0,0,0,0
SIADL,0,0,0,81,0,0,0,1690,0,1364,0,0,0,0,0,0,0,0,0,0,101,0,4,0,0,0,0,0,0,0,0,0,7,23,620,10,33,182,0,0,0,72,0,0,24,0,245,0,0,21,0,468,221,451,146,0,379,0,97,0,36,126,0,215,0,25,182,0,0,0,422,0,51,0,0,102,0,21,417,0,38,0,285,44,204,0,27,0,1,15,0,188,0,0,3,441,111,189,45,0,0,295,0,1,284,51,0,0,0,0,0,4,0,84,0,159,164,372,173,433,223,272,0,0,0,0,67,0,0,182,6,0,932,1753,166,1758,118,661,564,1683,0,10,28,622,0,365,745,0,0,72,0,20,373,0,74,28,16,28,0,244,433,220,0,0,360,0,0,7,0,0,0,0,3,574,55,181,2,283,117,0,0,0,0,0,0,0,0,0,0,0,0,0,1,0,0,0,0,0,0,0,0,0,0,0,0,0,0,0,0,0,0
SIADR,0,0,13,0,0,0,1422,0,1406,0,33,1,0,0,0,18,0,0,0,132,0,35,0,0,0,0,0,0,0,0,0,0,3,0,720,141,306,0,78,0,0,0,122,23,0,371,0,0,0,0,18,224,450,67,386,76,0,181,4,216,0,0,0,0,221,175,91,0,0,455,0,153,0,0,0,0,119,489,23,101,2,307,0,392,28,31,0,0,0,13,219,0,21,0,65,110,623,45,226,0,0,0,106,0,57,371,0,0,0,0,0,0,0,0,58,48,8,104,262,289,422,47,185,0,0,0,30,0,3,20,156,932,0,131,1957,320,1709,805,501,0,1911,6,25,55,440,1062,751,0,0,0,122,118,0,154,0,85,53,10,144,0,281,367,544,118,0,0,0,28,0,0,63,43,0,153,558,0,17,117,138,0,0,0,50,0,0,0,0,0,0,0,0,0,0,0,0,0,0,0,0,0,0,0,0,0,0,0,0,0,0,0,0
SIAVL,5,0,0,0,0,0,0,0,24,0,59,0,0,0,0,26,0,0,0,0,0,0,0,0,0,2,0,0,59,0,0,0,0,50,773,630,0,0,0,56,0,62,0,62,0,0,0,392,0,3291,0,24,13,56,221,3,101,221,0,42,0,0,0,85,0,498,0,16,0,0,113,0,0,20,0,10,0,171,48,3,211,0,296,20,306,0,75,32,0,139,111,34,0,0,0,67,293,73,0,7,0,70,0,5,171,0,0,0,0,0,0,327,0,30,0,0,1204,0,116,1,692,100,549,0,0,0,0,0,0,362,179,1753,131,0,0,2903,37,1323,752,961,2,996,0,74,24,0,414,0,0,59,0,70,45,17,0,0,180,56,0,341,209,263,0,0,0,406,0,0,0,0,0,43,0,941,311,1357,0,406,0,0,0,0,0,0,0,0,0,0,0,0,0,0,0,0,0,0,0,0,0,0,199,0,138,0,0,0,0,0,0,0,0
SIAVR,0,66,0,0,0,0,0,0,0,45,174,0,0,0,0,0,0,0,0,0,0,0,0,0,0,26,0,0,0,0,0,0,19,0,1191,95,830,0,0,0,43,0,99,0,108,0,0,0,671,0,3171,15,40,350,95,0,131,0,260,0,0,0,0,0,158,0,359,0,0,59,0,0,0,0,0,0,0,52,290,200,103,143,0,469,29,35,0,0,7,19,311,0,89,80,9,277,109,0,67,0,26,0,38,1,0,186,0,0,0,0,0,0,247,0,48,1390,0,96,0,549,34,522,90,0,0,0,0,0,2,174,671,166,1957,0,0,72,3807,729,1775,6,1104,0,1056,28,133,502,7,0,0,0,154,6,136,0,0,0,0,0,678,0,41,153,57,0,52,0,278,0,0,0,56,0,0,274,1007,0,16,0,180,0,0,0,0,0,0,0,0,0,0,0,0,0,0,0,0,0,0,0,0,0,0,0,0,0,0,0,0,0,12,0,125
SIBDL,9,0,0,161,397,0,0,466,0,773,253,0,18,0,0,0,4,8,0,0,53,3,15,114,0,0,0,0,3,0,375,0,33,150,552,0,40,77,6,3,0,242,0,0,50,0,0,1670,0,1720,0,200,9,104,392,0,2,553,127,3,132,1,141,74,0,493,54,0,0,195,118,0,49,315,0,117,7,232,59,132,326,266,262,1,29,8,17,0,0,329,303,16,0,0,0,85,19,200,0,16,0,2,0,18,368,152,0,0,0,0,0,23,47,35,0,417,461,31,0,3,740,74,132,0,0,0,96,0,0,368,566,1758,320,2903,72,0,199,2502,456,1516,240,562,0,262,43,178,143,0,0,152,0,20,218,0,145,31,36,106,0,281,13,15,0,0,39,93,0,0,0,0,0,0,4,667,217,656,0,532,164,0,0,0,0,0,0,0,0,0,0,0,0,0,0,0,0,0,0,0,141,0,938,0,865,0,0,0,0,0,0,0,0
SIBDR,0,17,74,0,0,301,285,0,799,0,246,3,0,0,0,67,0,0,40,46,0,22,1,0,256,0,0,0,6,0,0,155,142,42,413,69,0,135,158,0,0,0,77,56,0,0,0,0,1856,0,1898,17,156,273,128,0,0,224,467,125,0,103,23,0,201,237,596,0,0,37,94,79,0,3,169,28,112,68,254,449,29,663,218,19,38,94,0,0,0,302,138,0,0,0,0,19,68,0,275,0,5,18,72,54,157,376,0,0,1,0,0,1,12,0,79,564,813,0,49,630,3,177,3,0,0,0,0,17,0,688,635,118,1709,37,3807,199,0,723,2475,271,1784,33,520,29,246,54,206,0,0,0,133,229,0,106,0,36,67,46,122,0,6,1,56,0,0,0,81,0,0,0,0,39,0,344,274,1,40,164,301,0,0,0,0,0,0,0,0,0,0,0,0,0,0,0,0,0,0,0,0,0,0,0,0,0,0,0,426,0,1174,0,1246
SIBVL,57,0,0,0,0,0,0,417,197,0,833,0,0,0,0,27,61,0,0,0,0,0,0,0,0,260,0,0,0,0,0,0,53,40,765,42,37,65,63,105,0,72,67,11,0,1449,0,66,174,0,248,82,148,6,76,0,288,221,240,11,0,0,57,71,221,377,84,0,4,88,48,0,0,0,0,35,0,1,13,259,346,932,179,2,215,9,0,0,181,465,591,22,61,203,0,40,53,130,93,2,4,44,0,0,148,89,0,0,0,0,0,55,52,28,50,121,30,379,377,209,543,29,367,0,0,0,0,0,10,54,491,661,805,1323,729,2502,723,0,2407,894,827,61,164,4,20,59,1,5,0,46,88,0,69,0,57,0,0,0,0,56,47,11,0,165,0,0,11,0,317,84,226,0,46,318,1300,405,38,526,322,0,0,0,251,0,400,0,86,0,0,0,0,0,0,0,0,0,0,0,0,0,0,0,0,0,0,0,0,0,0,0,0
SIBVR,0,66,0,0,0,0,491,0,0,207,877,0,0,0,0,19,0,0,0,0,0,0,0,0,4,459,0,0,0,0,0,0,113,117,585,48,128,41,60,71,0,179,47,74,14,0,1392,157,113,507,0,89,153,44,25,206,37,187,283,21,0,30,21,222,140,84,282,22,0,41,202,0,0,0,11,1,0,6,1,312,100,366,1076,23,56,0,83,39,0,437,437,41,102,0,25,19,66,86,156,16,0,5,151,29,40,197,0,0,0,0,0,0,62,0,26,86,100,385,406,562,190,379,17,1,0,0,0,5,0,524,81,564,501,752,1775,456,2475,2407,0,875,767,94,102,22,11,4,36,0,0,63,68,172,49,43,0,0,69,33,74,2,1,19,196,3,64,27,0,0,0,0,0,18,0,643,510,2064,42,209,415,0,0,0,0,0,0,0,0,0,0,5,114,1,293,0,120,0,0,0,0,0,0,0,0,0,0,0,0,0,0,0,0
SMBDL,169,0,0,1,34,0,0,1077,0,913,22,0,0,0,0,0,0,0,0,0,14,0,0,0,0,0,0,0,118,0,0,21,4,19,283,116,230,24,89,0,0,44,0,0,15,0,922,2,0,1,0,689,32,410,284,0,246,21,292,0,0,17,0,58,0,405,0,0,0,0,78,0,0,2,0,652,97,27,129,14,44,48,343,34,69,0,12,0,12,93,0,110,0,24,10,74,46,0,0,6,0,151,38,8,76,6,0,67,3,0,143,0,4,7,0,187,197,510,72,1,1,7,34,145,0,0,0,40,0,67,63,1683,0,961,6,1516,271,894,875,0,191,1967,254,88,0,18,1,0,83,18,0,0,268,0,0,8,3,0,0,107,323,75,0,8,793,0,0,20,15,2,7,0,0,227,109,304,8,86,104,0,0,0,0,0,0,0,0,320,57,870,315,2108,425,3778,739,0,0,0,0,0,0,0,0,0,0,0,6,0,0,0,0
SMBDR,0,276,0,0,0,0,806,0,766,0,71,0,0,0,0,0,0,0,0,24,0,3,0,0,0,0,0,0,0,37,0,0,3,0,258,48,394,89,170,0,0,0,19,8,0,1033,0,0,0,0,58,10,544,288,310,453,0,240,18,5,0,0,20,0,91,10,366,0,0,185,0,17,0,0,0,73,641,137,17,38,1,231,18,85,61,10,0,0,0,30,53,0,0,25,13,8,90,0,6,0,0,58,315,6,0,95,29,0,62,172,0,0,0,0,12,282,135,100,538,14,1,84,17,167,0,0,0,0,2,80,139,0,1911,2,1104,240,1784,827,767,191,0,97,2715,0,179,2,56,99,0,0,16,80,20,12,0,24,0,0,97,0,198,265,281,827,20,0,0,3,0,0,139,1,0,110,311,0,41,93,126,602,110,990,507,2413,1217,2654,1147,0,0,19,0,0,0,0,0,0,0,0,0,0,0,0,0,0,0,0,0,0,0,0,0
SMBVL,674,0,653,0,28,0,32,0,52,0,7,10,0,0,0,404,0,0,0,0,0,0,0,0,0,15,171,0,862,0,0,0,0,0,65,60,0,0,0,216,0,85,0,54,0,0,0,919,0,1984,0,595,30,0,400,1,1,58,0,35,0,0,0,38,0,140,0,102,0,0,1,0,0,83,0,1028,95,108,0,26,42,0,134,87,35,0,106,45,0,8,0,66,0,6,1,115,56,0,0,155,0,21,29,67,26,0,48,0,3,0,0,98,0,174,0,0,143,69,25,0,55,5,642,0,0,0,164,63,0,87,105,10,6,996,0,562,33,61,94,1967,97,0,68,30,29,0,100,0,0,114,0,93,93,257,0,47,224,269,0,193,80,46,0,0,0,995,0,21,0,0,1,2,0,450,70,162,24,295,0,0,0,0,0,0,0,0,0,0,0,0,0,0,0,0,0,477,68,1109,441,2608,1986,4796,1877,0,0,13,0,0,0,0,0
SMBVR,0,713,0,563,0,0,0,11,0,80,1,0,7,0,9,0,509,0,0,0,0,0,0,0,0,11,0,206,0,836,0,0,0,0,71,98,0,0,0,0,144,0,246,0,65,0,0,0,977,0,2096,42,875,294,0,7,0,0,208,0,76,0,0,0,88,0,210,0,142,0,0,0,0,0,125,60,803,0,12,0,0,271,0,66,45,282,0,0,0,8,4,0,33,2,10,16,73,0,0,0,269,132,131,16,0,41,0,75,147,0,0,0,108,0,214,285,0,31,54,52,4,656,5,0,0,0,175,15,115,65,51,28,25,0,1056,0,520,164,102,254,2715,68,0,13,6,106,0,0,0,0,64,249,95,0,188,0,9,174,259,0,177,68,55,0,2,0,557,0,80,0,0,0,9,58,441,0,130,0,192,0,0,0,0,0,0,0,0,0,0,0,0,0,0,0,0,9,0,0,0,45,0,0,0,558,64,1088,402,3532,856,1853,1380
SMDDL,0,0,0,11,0,0,23,100,323,781,0,0,7,0,0,0,0,0,0,0,13,0,8,0,0,70,0,0,0,0,0,0,0,0,1,0,32,54,0,0,6,15,0,56,365,0,51,0,0,267,0,106,2,164,1606,199,76,0,92,0,24,7,404,4,0,24,9,0,0,0,364,0,1,0,0,18,0,36,480,0,1,0,23,502,27,0,0,0,0,0,64,1,0,0,2,438,467,33,312,0,0,2,0,1,290,388,0,0,8,0,220,0,37,122,0,8,1092,146,0,94,107,1,126,599,39,5,271,12,0,224,97,622,55,74,28,262,29,4,22,88,0,30,13,0,150,98,1743,0,72,288,0,0,86,0,32,20,19,46,0,0,73,167,131,0,509,0,0,7,0,0,0,0,0,296,114,16,252,56,69,65,0,106,0,96,0,0,0,149,0,332,0,396,0,125,0,20,0,43,0,0,48,0,32,22,0,10,0,0,0,0,0
SMDDR,0,0,0,0,0,0,16,12,725,269,0,0,0,0,0,1,0,0,0,5,0,0,0,0,0,1,0,0,0,0,0,0,0,0,2,19,66,22,119,25,0,0,102,316,70,38,0,0,0,0,280,4,318,1952,149,203,62,127,0,4,0,336,0,0,0,25,151,0,0,294,0,10,0,0,0,0,11,400,146,2,1,0,0,8,406,0,0,0,0,0,65,0,0,63,19,518,429,162,54,0,0,0,3,1,402,316,0,0,0,252,0,32,0,0,95,925,3,0,103,119,66,143,10,784,0,7,123,0,34,162,195,0,440,24,133,43,246,20,11,0,179,29,6,150,0,1741,41,46,0,0,234,102,0,16,0,3,27,0,7,0,61,119,24,376,62,0,0,22,0,0,32,0,0,64,265,0,429,48,45,98,0,256,151,851,80,573,0,1,0,19,0,48,0,0,0,31,0,22,0,0,0,0,0,104,0,159,9,0,84,0,83
SMDVL,0,0,0,0,0,0,0,0,252,282,11,0,9,0,0,0,0,0,0,0,0,24,0,40,0,0,0,0,0,0,0,0,65,51,152,0,42,1,82,32,0,0,75,129,268,0,0,0,0,0,531,30,1404,574,188,177,104,0,0,0,0,1,0,0,232,0,91,0,0,37,63,0,2,1,0,22,0,368,176,0,4,1,11,309,5,5,0,0,0,0,18,0,10,0,12,338,428,58,188,0,0,5,36,11,431,405,0,0,13,96,0,51,0,0,98,801,81,13,202,119,38,129,1,449,43,21,589,40,37,118,83,365,1062,0,502,178,54,59,4,18,2,0,106,98,1741,0,427,386,0,0,86,85,207,0,0,0,0,0,16,0,238,62,159,1,0,0,512,0,0,0,5,0,0,80,230,208,440,0,41,37,0,48,7,0,0,0,0,2,0,3,0,0,0,0,0,13,0,32,0,0,0,0,0,128,0,443,166,127,235,272,201
SMDVR,0,2,0,0,0,2,0,0,396,250,14,6,0,0,0,0,0,0,0,0,0,0,0,0,76,0,0,0,0,0,0,0,62,50,46,57,0,31,86,0,12,1,0,218,80,0,33,0,0,575,0,1478,73,217,627,99,74,0,1,0,0,4,118,182,0,96,0,6,0,41,58,11,0,0,0,0,36,130,293,48,0,0,43,5,336,0,16,12,0,0,62,20,0,0,0,590,346,174,47,2,0,9,2,6,351,414,0,0,21,1,63,0,98,336,0,145,878,169,4,23,82,0,103,308,50,24,752,28,28,117,27,745,751,414,7,143,206,1,36,1,56,100,0,1743,41,427,0,0,448,49,0,88,21,3,0,0,50,28,0,158,52,320,219,0,0,634,0,0,0,0,0,18,0,230,84,0,297,85,0,12,0,3,0,0,0,0,0,26,0,26,0,0,0,0,0,21,0,255,54,259,477,121,148,30,0,41,0,0,0,0,0
URADL,0,0,29,0,17,0,0,0,0,0,0,34,0,0,0,0,0,15,0,23,0,31,0,41,0,0,0,0,0,0,3,26,0,0,0,0,0,3470,0,516,0,0,0,0,0,1207,0,0,0,0,0,0,0,0,0,0,0,528,0,34,0,1804,0,0,0,18,0,0,0,7,0,33,22,0,0,0,0,4,0,0,3,1,17,0,0,3,0,89,0,0,0,0,0,105,0,0,0,4,0,45,0,6,0,167,0,0,1408,0,0,1984,0,206,0,0,0,0,0,225,861,0,0,225,0,1127,1123,1693,1722,0,0,53,306,0,0,0,0,0,0,5,0,0,99,0,0,0,46,386,0,0,0,429,0,17,0,88,0,38,122,178,177,0,0,0,0,1072,0,0,0,0,95,102,41,5,0,127,0,0,17,0,0,4792,2364,934,291,86,0,0,0,56,0,57,0,0,0,0,0,0,33,0,0,0,0,0,0,0,0,0,0,0,0,0,0
URADR,0,0,0,13,0,10,0,0,0,0,0,2,1,0,0,0,1,0,29,0,62,0,14,0,10,0,0,74,0,7,33,17,0,34,0,0,0,0,3944,0,835,0,0,0,25,0,433,0,0,0,0,0,0,0,0,0,0,0,1161,0,202,0,1889,0,0,0,0,0,42,0,0,7,15,0,0,0,0,0,0,50,0,16,5,0,0,3,123,0,59,0,0,0,0,186,0,0,0,0,0,0,81,0,1,87,0,0,0,1491,0,0,2731,0,202,0,83,0,0,739,2,0,0,0,339,825,1580,405,1000,0,0,451,1,0,0,0,0,0,0,0,0,83,0,0,0,72,0,0,448,0,0,0,857,0,0,0,3,67,48,15,0,161,0,0,0,0,1249,0,0,0,119,7,90,0,30,53,53,0,0,0,0,0,0,0,0,0,0,0,0,4601,1817,481,15,4,0,0,0,0,0,0,0,0,0,0,0,0,33,0,0,0,0,0,0
URAVL,0,0,0,0,0,0,0,0,0,0,0,0,0,0,0,0,0,0,0,0,0,0,0,0,0,0,0,0,0,0,0,0,0,0,23,0,0,0,0,738,0,3710,0,0,0,0,0,1203,0,0,0,24,0,0,0,0,0,1303,0,2,0,0,0,981,0,107,0,0,0,0,91,0,0,0,0,0,0,0,6,28,1,0,0,0,35,0,0,0,0,0,0,159,0,145,46,0,0,183,0,0,0,114,0,147,1,1,1512,0,0,265,0,331,0,2575,0,0,65,457,0,0,0,18,843,1469,992,1747,1172,20,0,4,399,72,0,59,0,152,0,46,63,18,0,114,0,288,0,0,49,429,0,0,30,0,0,0,0,0,0,0,0,0,1,27,76,0,0,473,0,130,0,0,0,0,0,24,122,3,10,0,0,0,1,0,0,0,0,0,0,0,0,0,0,0,0,0,0,4325,3145,455,69,2,0,0,0,5,0,84,0,0,0,0,0
URAVR,0,0,0,0,0,0,0,0,0,0,3,0,0,0,0,0,0,0,0,0,0,0,0,0,0,0,0,0,0,0,0,0,0,0,28,0,0,0,0,0,848,0,3820,0,127,0,0,0,870,0,0,0,28,7,0,0,0,0,1363,0,0,0,0,0,1149,0,59,0,0,76,0,0,0,0,0,0,0,13,0,24,0,0,0,0,0,0,0,0,0,0,0,0,133,67,35,0,0,0,109,0,0,0,57,217,20,19,0,1632,0,0,633,0,348,0,2698,14,0,0,302,0,0,723,20,1513,1051,478,1086,0,13,752,3,0,122,0,154,0,133,88,68,0,16,0,64,0,234,86,0,0,857,30,0,0,0,0,0,0,0,0,0,0,16,40,70,0,0,0,442,86,0,0,0,0,0,31,37,0,56,0,0,0,0,0,0,0,0,0,0,0,0,0,0,0,0,0,0,94,0,101,0,0,0,0,0,4241,2442,547,86,72,0,0,0
ADEL,0,0,3,0,0,0,407,0,668,0,178,0,0,0,0,0,0,0,0,12,0,1,0,0,0,3,0,0,0,0,0,0,0,0,32,682,1028,0,0,511,0,0,0,58,0,0,0,0,0,50,6,27,231,271,282,167,0,1644,0,27,0,0,0,0,0,490,43,0,0,0,0,54,0,0,0,0,0,228,397,0,0,32,192,1,1,26,2,133,0,0,0,135,30,188,122,24,4,2,0,10,0,155,230,33,0,0,0,0,0,52,0,594,0,24,0,212,115,0,0,335,384,0,0,0,61,724,0,11,444,0,751,20,118,70,6,20,229,0,172,0,80,93,249,0,102,85,88,17,0,0,0,0,3086,0,0,36,333,65,87,73,222,166,353,69,0,87,0,5,0,0,249,8,0,10,5,0,218,78,0,0,2,0,17,0,0,0,0,0,0,0,0,0,0,0,0,0,1,0,37,0,0,0,0,0,0,0,0,0,0,0,0
ADER,0,0,0,1,0,0,0,596,0,979,62,0,0,0,0,0,0,0,0,0,4,0,0,0,0,0,0,0,0,0,0,0,0,0,125,780,1228,0,0,0,674,0,0,0,147,0,0,0,0,0,43,381,0,253,311,0,173,0,1464,0,0,0,0,0,0,29,462,0,0,0,0,0,163,0,0,0,0,409,209,0,0,3,49,0,58,0,64,44,18,3,0,22,59,111,23,0,30,0,0,2,51,413,247,31,0,4,0,0,0,0,3,0,1204,0,0,12,229,3,0,254,298,0,0,0,1287,0,0,124,0,650,0,373,0,45,136,218,0,69,49,268,20,93,95,86,0,207,21,0,0,0,0,3086,0,0,0,41,258,65,17,202,46,119,12,0,7,0,113,12,11,1,67,25,0,0,10,0,0,0,0,0,0,0,0,0,0,0,0,0,4,0,52,0,0,0,0,0,0,0,0,0,0,0,0,0,53,0,141,0,0,0,0
AIML,1715,0,690,0,0,0,542,0,90,0,2,861,18,3855,0,1074,0,10,0,2131,0,1303,0,0,0,0,473,0,2838,0,37,110,0,0,0,0,0,76,0,119,0,0,0,36,0,39,0,209,0,71,0,0,17,0,1,0,0,158,0,719,0,47,0,321,0,332,0,2359,0,461,0,1,0,70,0,377,0,481,21,205,16,103,581,220,1,204,660,332,12,24,7,139,0,0,0,0,0,0,0,375,0,0,0,6,0,0,147,0,61,57,0,36,0,0,0,0,0,0,1,0,0,0,0,0,0,0,0,0,0,0,0,0,154,17,0,0,106,0,43,0,12,257,0,0,16,0,3,88,0,0,0,0,0,0,45,135,1608,1234,106,1214,0,6,0,65,0,0,0,0,0,74,7,737,0,117,0,241,0,550,0,1,0,0,1,0,0,0,0,0,0,0,0,0,0,0,0,0,0,0,0,0,0,0,0,0,0,0,0,0,0,0,0
AIMR,0,1901,0,301,0,0,0,417,0,10,59,0,708,0,3709,0,1355,0,4,90,2254,0,1336,0,0,11,0,613,0,2377,0,227,0,0,4,41,0,0,0,0,114,0,0,0,46,0,0,0,182,0,0,0,0,0,0,0,0,0,193,0,365,0,0,0,184,0,239,0,3037,0,457,0,0,0,154,0,567,0,596,1,54,347,179,0,114,609,182,18,574,32,250,0,96,0,0,0,0,0,0,0,636,0,1,0,0,0,9,231,108,0,0,0,0,0,0,0,0,0,0,0,0,0,0,0,0,0,0,0,0,0,0,74,0,0,0,145,0,57,0,0,0,0,188,32,0,0,0,0,3,0,0,0,0,45,0,110,1327,1096,1204,88,0,0,0,0,9,0,10,0,7,92,26,0,794,0,272,0,12,0,634,0,0,0,0,0,0,0,0,0,0,0,0,0,0,0,0,0,0,0,0,0,0,0,0,0,0,0,0,0,0,0,0
ALA,0,0,812,644,0,0,171,104,18,18,0,170,101,204,760,0,0,166,124,1074,1035,2548,2033,0,0,0,58,382,1,102,0,0,0,0,0,0,0,12,33,275,159,0,0,34,11,23,28,0,0,0,0,0,3,93,60,0,7,99,80,67,136,45,34,0,0,0,0,301,220,6,5,0,0,0,0,0,0,151,61,0,0,110,98,167,121,204,148,0,0,0,0,0,0,0,0,0,0,0,0,0,0,0,0,0,0,0,5,65,0,11,23,84,103,0,0,0,0,0,0,39,23,0,0,0,0,0,0,0,0,0,0,28,85,0,0,31,36,0,0,8,24,47,0,20,3,0,0,38,67,0,0,36,41,135,110,0,260,342,366,442,0,0,0,2,17,0,0,0,0,0,57,1443,2144,0,0,0,0,0,0,72,0,0,7,0,0,0,0,0,0,0,0,0,0,0,0,0,0,0,0,0,0,0,0,0,0,0,0,0,0,0,0
AVFL,71,4,16,2,0,0,62,0,112,13,0,31,42,0,0,767,26,0,0,417,2001,208,422,0,0,78,114,100,772,308,0,0,0,0,0,0,0,58,114,156,120,0,0,82,9,88,85,0,0,318,0,0,21,0,46,0,0,126,22,51,167,41,47,0,0,228,10,137,51,0,0,0,0,0,0,0,0,0,68,109,0,8,290,10,184,137,711,3242,1150,0,0,0,0,0,0,0,0,0,0,1259,154,0,0,0,39,0,2558,798,0,23,41,63,21,0,0,0,0,0,0,0,0,0,0,0,0,0,0,0,0,0,0,16,53,180,0,36,67,0,69,3,0,224,9,19,27,0,50,122,48,0,0,333,258,1608,1327,260,0,5559,381,208,0,18,0,6,76,160,64,0,847,2751,0,346,2072,42,0,245,0,1131,455,0,0,0,0,0,0,0,0,0,0,0,0,0,0,0,0,0,0,0,0,0,0,0,0,0,0,0,0,0,0,0,0
AVFR,50,54,349,101,0,0,0,0,3,68,0,115,32,0,0,1196,560,0,0,1851,568,415,25,0,0,10,827,277,1203,970,0,0,0,0,0,0,0,144,44,106,98,0,0,6,75,187,38,0,0,316,0,5,0,0,114,0,0,0,150,43,83,119,6,0,0,246,161,156,144,0,0,0,0,0,0,0,13,0,0,0,39,0,79,4,24,191,464,2066,1478,0,0,0,0,0,0,0,0,0,0,102,571,0,0,0,0,0,2933,1336,0,44,5,0,9,0,0,0,0,0,0,0,0,0,0,0,0,0,0,0,0,0,0,28,10,56,0,106,46,0,33,0,0,269,174,46,0,0,28,178,15,0,0,65,65,1234,1096,342,5559,0,24,316,0,0,0,8,0,106,0,0,60,48,6,3444,1149,14,0,49,0,1358,393,63,0,0,0,0,0,0,0,0,0,0,0,0,0,0,0,0,0,0,0,0,0,0,0,0,0,0,0,0,0,0,0
AVHL,28,2521,6,146,0,0,404,0,62,0,998,0,5,0,0,73,754,0,0,188,0,129,0,0,0,380,0,286,6,841,0,0,0,0,603,1,63,391,0,0,139,0,0,0,0,77,0,0,107,0,92,0,128,0,0,294,0,0,0,94,862,136,0,0,79,1,377,0,79,45,0,373,0,0,0,12,63,6,354,499,325,975,35,0,0,3430,239,1069,42,1137,1510,140,4691,191,0,0,0,0,0,310,1065,0,37,0,0,26,390,235,1039,74,0,0,0,0,0,70,0,0,0,0,0,0,0,0,0,0,0,0,0,0,0,0,144,0,678,0,122,0,74,0,97,0,259,0,7,16,0,177,0,0,0,87,17,106,1204,366,381,24,0,387,9,3,0,80,0,0,89,70,57,210,452,0,0,4,304,0,0,0,7,0,0,0,71,0,0,0,0,0,0,0,0,0,0,0,0,0,0,0,0,0,0,0,0,0,0,0,0,0,0,0,0
AVHR,2003,14,369,136,0,0,0,897,0,362,1013,1,0,0,0,556,223,0,0,0,328,0,131,0,0,168,333,0,727,2,0,0,0,0,472,470,38,0,325,14,0,0,0,0,0,0,81,131,0,107,0,129,0,0,54,0,392,0,3,811,145,0,85,116,0,557,0,13,0,0,0,0,222,20,0,34,0,355,46,739,730,116,984,0,47,667,3139,23,426,2237,609,3038,131,0,0,0,4,0,0,596,492,0,0,0,60,0,265,534,849,0,45,0,51,0,0,0,176,0,0,0,0,0,0,0,0,0,0,0,0,0,0,244,0,341,0,281,0,56,2,107,0,193,0,0,0,0,158,0,161,0,0,73,202,1214,88,442,208,316,387,0,0,37,0,0,68,0,0,0,64,0,28,0,0,42,22,176,0,0,0,0,0,0,0,0,0,0,0,0,0,0,0,0,0,0,0,0,0,0,0,0,0,0,0,0,0,0,0,0,0,0,0
AVKL,0,0,0,0,0,0,0,0,0,272,123,0,0,0,0,0,0,0,0,0,0,0,0,0,70,0,0,0,0,0,0,0,7,0,3,4,71,0,24,0,0,13,105,4,0,26,0,175,19,0,153,46,326,27,26,11,0,0,0,0,0,69,72,187,57,0,123,0,0,422,64,0,0,2,0,74,209,29,21,249,8,27,0,517,155,0,0,0,0,0,53,120,174,0,1661,1,2,10,15,0,0,410,621,1,373,328,0,0,0,25,0,8,0,16,43,329,17,0,0,522,181,0,0,0,19,2,0,638,986,103,0,433,281,209,41,13,6,47,1,323,198,80,177,73,61,238,52,0,0,1,16,222,46,0,0,0,0,0,9,0,0,1952,1954,32,0,1,0,1202,0,0,0,0,0,71,83,0,623,1,49,0,0,0,0,0,0,0,0,0,0,0,0,0,0,0,0,0,0,0,0,0,0,0,0,0,0,0,0,0,0,0,0
AVKR,0,0,0,0,0,0,0,0,178,26,114,0,0,0,0,0,0,0,0,0,0,0,0,0,56,0,0,0,0,0,0,0,0,0,0,3,9,7,27,8,0,66,159,27,14,28,2,4,244,143,18,206,60,71,2,8,0,0,0,0,0,4,132,6,150,10,0,1,0,257,309,0,0,14,0,73,128,13,131,38,30,1,5,377,502,0,16,0,0,1,13,562,7,0,2071,6,1,0,23,0,0,534,226,0,325,330,0,0,4,18,1,0,21,46,52,79,302,0,0,220,518,0,0,0,16,74,4,976,688,1,231,220,367,263,153,15,1,11,19,75,265,46,68,167,119,62,320,0,0,27,40,166,119,6,0,0,18,0,3,37,1952,0,2447,0,73,0,30,1034,0,0,0,0,0,84,30,0,767,191,1,0,0,0,0,0,0,0,0,0,0,0,0,0,0,0,0,0,0,0,0,0,0,0,0,0,0,0,0,0,0,0,0
AVL,0,0,0,0,0,0,0,0,0,0,34,0,0,0,0,0,0,0,0,0,0,0,0,0,2,0,0,0,0,0,0,0,0,0,0,0,1,154,116,5,18,125,211,48,64,72,45,106,159,0,0,12,1,0,0,263,96,23,2,0,0,133,106,215,234,0,0,0,0,136,184,0,0,0,0,0,8,36,0,3,0,0,0,12,0,0,0,0,0,0,0,0,0,0,3221,0,0,125,186,0,0,81,506,28,7,35,0,0,160,58,98,0,0,37,26,108,253,49,0,28,47,0,0,0,147,285,60,356,530,0,0,0,544,0,57,0,56,0,196,0,281,0,55,131,24,159,219,0,0,76,70,353,12,0,0,0,0,0,0,0,1954,2447,0,2,0,0,0,154,0,0,0,0,0,6,24,0,1417,0,0,0,0,0,0,0,0,0,0,0,0,0,0,0,0,0,0,0,0,0,0,0,0,0,0,0,0,0,0,0,0,0,0
CEPDL,1,0,0,0,57,0,909,0,70,0,0,0,0,0,0,5,0,0,0,19,0,0,0,129,0,0,0,0,0,0,0,1,8,0,0,0,0,1631,0,0,0,0,0,905,0,897,0,0,0,0,0,0,9,0,0,0,0,917,0,714,0,824,0,0,0,273,0,0,0,0,0,28,7,0,0,0,0,0,0,0,64,112,0,0,711,50,0,167,0,0,0,0,0,860,0,360,21,208,0,34,0,0,0,190,0,56,155,0,0,730,0,111,0,0,0,26,0,51,457,518,81,491,6,9,0,0,37,0,311,182,334,0,118,0,0,0,0,165,3,8,827,0,0,0,376,1,0,1072,0,0,0,69,0,65,0,2,6,8,80,0,32,0,2,0,63,0,0,0,14,73,141,0,0,272,217,0,209,428,0,570,35,1022,272,2029,595,3535,1403,0,0,1,0,0,0,0,0,0,0,0,425,0,0,0,0,0,0,0,0,0,0,0,0
CEPDR,0,0,0,0,0,42,0,849,0,103,0,15,0,0,0,0,0,0,0,0,20,0,0,0,14,0,0,0,0,0,0,0,0,6,0,0,0,0,1306,0,12,0,0,0,1036,0,689,0,0,0,0,0,0,0,0,0,0,0,432,0,831,0,659,0,0,0,476,0,0,0,0,5,12,0,0,0,0,0,53,15,30,0,78,758,0,0,41,0,62,0,0,0,0,661,0,36,398,0,114,0,35,0,0,201,36,0,0,226,0,0,502,0,179,0,0,73,0,346,46,68,464,68,660,16,0,0,0,555,0,160,147,360,0,0,52,39,0,0,64,793,20,0,2,509,62,0,0,0,1249,0,0,0,7,0,9,17,76,0,0,68,0,73,0,63,0,0,0,0,87,38,101,0,1,181,358,0,174,0,433,0,0,0,0,955,0,3326,0,313,194,480,940,1574,1317,3147,2806,0,0,0,0,0,0,0,0,0,0,0,41,0,0,0,0
CEPVL,0,0,0,0,3,0,1182,0,0,0,0,0,0,16,0,0,0,193,0,256,0,71,0,21,0,5,0,0,0,0,16,0,0,137,0,0,0,0,0,0,0,885,0,811,0,0,0,568,0,770,0,13,0,0,0,259,58,523,0,86,0,0,0,374,0,126,0,1,0,0,0,0,48,0,0,0,0,0,0,46,56,0,2,0,678,0,0,143,0,0,0,0,0,1222,9,266,44,212,0,62,0,8,0,163,0,34,217,0,0,0,0,19,0,819,0,0,221,587,0,521,50,0,162,0,0,0,5,0,185,205,64,0,0,406,0,93,0,0,27,0,0,995,0,0,0,0,634,0,0,473,0,87,0,0,0,0,160,106,0,0,1,0,0,0,0,0,0,25,223,88,139,274,0,368,365,5,308,203,0,0,0,0,0,0,0,0,0,0,0,0,0,0,0,0,0,732,47,309,291,1943,1012,4643,2833,0,0,0,0,0,0,0,0
CEPVR,0,0,0,0,0,5,0,1776,0,0,0,0,0,0,224,0,18,0,225,0,195,0,51,0,144,0,0,0,0,0,89,38,185,0,0,0,0,0,0,0,0,0,839,0,844,0,0,0,594,0,224,0,0,0,0,0,123,0,1176,0,139,0,0,0,295,0,65,0,2,0,0,115,0,0,0,0,0,0,0,37,142,44,0,897,16,20,0,0,181,0,0,0,0,1132,0,29,282,0,166,0,57,0,0,162,130,0,0,574,0,0,0,0,69,0,739,114,0,0,500,98,674,124,0,0,0,0,15,325,0,184,286,0,0,0,278,0,81,11,0,0,0,0,557,0,0,512,0,0,0,0,442,0,113,0,10,0,64,0,89,0,0,30,0,0,0,0,0,60,57,177,128,0,55,305,345,0,287,0,175,0,0,0,0,0,0,0,0,0,0,0,194,0,0,0,0,0,0,0,0,0,0,0,0,623,288,714,2148,1891,1599,2109,4410
DVC,0,0,0,0,0,0,0,0,9,32,256,0,0,0,0,0,0,0,0,0,0,0,0,17,64,0,0,0,0,0,0,0,323,157,17,82,57,229,280,222,268,957,909,25,15,33,35,38,72,0,0,147,158,2,0,29,0,1,0,100,50,349,365,373,368,0,46,0,0,299,383,0,0,0,0,274,137,171,172,133,17,45,0,106,101,0,0,0,0,0,4,201,194,0,2215,23,36,480,425,0,0,1301,985,192,74,30,0,0,29,47,2,0,0,53,27,170,249,0,0,26,9,0,0,0,45,36,0,279,218,3,4,7,28,0,0,0,0,0,0,20,3,21,0,7,22,0,0,0,0,130,86,5,12,0,0,0,0,0,70,0,1202,1034,154,0,0,25,60,0,0,0,0,0,0,0,11,0,7,0,0,0,0,0,0,8,0,0,0,0,0,0,0,0,0,0,0,0,0,0,0,0,0,0,0,0,0,0,0,0,0,0,0
PVWL_or_R_1,0,0,0,0,0,0,765,2125,0,0,0,0,0,0,0,2,427,0,0,0,0,0,0,0,0,2050,0,0,0,0,0,0,0,0,36,0,20,82,165,7,0,0,0,0,0,42,21,0,0,0,0,0,0,0,0,1007,424,0,262,0,0,1,161,0,171,1,18,0,0,0,0,0,0,0,0,0,0,0,0,16,283,177,13,0,0,146,310,2870,4349,14,4,0,0,273,0,0,0,0,0,1078,369,0,0,0,13,28,21,576,0,68,121,0,0,0,0,0,0,0,0,0,0,0,0,0,0,0,0,0,0,0,0,0,0,0,0,0,0,317,0,15,0,0,80,0,0,0,0,95,119,0,0,0,11,0,7,0,847,60,57,64,0,0,0,14,87,223,57,0,0,6724,4793,0,150,0,103,138,0,395,602,0,0,0,0,0,0,0,0,0,0,0,0,0,25,0,10,0,0,0,0,0,0,0,0,0,0,0,0,0,0,0,0
PVWL_or_R_2,2,0,0,0,0,0,719,439,0,0,0,0,0,0,0,190,225,0,0,6,0,0,3,0,0,2830,0,0,0,0,0,0,0,0,21,9,24,95,1,43,3,0,0,0,0,89,1,0,0,0,0,0,0,0,0,416,224,0,0,4,0,38,25,0,0,0,0,2,13,0,0,0,0,0,11,0,0,0,0,268,224,4,23,0,0,1054,517,3350,5640,70,14,0,0,108,0,0,0,0,0,1975,1686,0,0,0,119,268,309,673,0,75,27,0,0,0,0,0,0,0,0,0,0,0,0,0,0,0,0,0,0,0,0,0,0,0,0,0,0,84,0,2,0,0,0,0,0,0,0,102,7,0,0,0,1,74,92,0,2751,48,210,0,0,0,0,73,38,88,177,0,6724,0,2645,0,684,0,15,126,0,63,420,0,0,0,37,0,0,0,0,0,0,0,1,0,51,0,56,0,0,0,0,0,0,0,0,0,0,0,0,0,0,0,0
PVWL_or_R_3,4,0,0,0,0,0,3601,2561,20,0,0,0,0,0,0,0,0,0,0,52,0,0,0,0,0,1242,0,0,0,0,0,0,0,0,52,0,0,252,103,181,0,0,0,2,0,58,50,0,0,0,123,0,134,0,0,1531,558,171,0,0,0,13,200,16,0,54,10,0,0,0,0,0,0,0,0,0,0,0,0,221,289,258,0,7,0,1298,379,1280,1230,100,128,0,0,2979,0,0,0,0,0,326,67,0,0,0,0,0,219,485,0,94,95,106,0,0,0,0,0,0,0,0,5,0,0,0,0,0,0,0,0,0,0,0,63,0,56,0,0,226,0,7,139,1,0,0,32,5,0,41,90,0,0,249,67,7,26,57,0,6,452,28,0,0,0,141,101,139,128,0,4793,2645,0,0,50,1,233,0,33,0,92,0,0,0,0,0,0,0,0,0,0,0,41,0,297,0,343,0,0,0,0,0,0,0,0,0,4,0,50,0,0,0,0
PVQL,0,0,938,0,0,0,1,0,8,0,0,490,0,117,0,449,0,0,0,4339,1,4239,0,0,0,0,1316,2,194,0,0,0,0,0,0,0,0,9,0,32,0,0,0,19,0,21,0,0,0,70,0,0,0,0,23,0,0,15,0,1,0,62,0,0,0,489,0,1272,0,14,0,0,0,11,0,10,0,64,1,0,0,3,44,0,0,0,54,1035,33,0,0,0,0,0,0,0,0,0,0,235,0,0,0,0,0,0,2121,8,0,7,0,2,0,0,0,0,0,0,0,0,0,0,0,0,0,0,0,0,0,0,0,0,43,43,0,0,39,0,18,0,1,2,0,0,0,0,18,5,0,0,0,8,25,737,0,1443,346,3444,0,0,0,0,0,0,0,274,0,0,0,0,0,0,0,18,0,248,0,424,0,18,0,0,0,0,0,0,0,0,0,0,0,0,0,0,0,0,0,0,0,6,0,0,0,0,0,0,0,0,0,0,0
PVQR,0,0,0,491,0,0,0,0,0,0,0,0,140,0,3,9,723,0,0,11,4109,3,3527,0,0,6,0,1320,0,1251,0,0,0,0,2,0,0,0,16,0,8,0,0,0,2,0,41,0,0,0,1,0,0,0,0,0,0,0,41,0,37,0,39,0,0,0,523,41,1451,0,1,0,0,0,9,0,0,0,0,0,0,0,28,0,0,90,20,724,2372,0,0,0,0,1,0,0,0,0,0,0,415,0,0,0,0,6,101,2531,0,0,22,0,25,0,0,0,0,0,0,0,0,0,0,0,0,0,0,0,0,0,0,3,0,0,0,4,0,46,0,0,0,0,9,0,0,0,0,0,30,0,0,0,0,0,794,2144,2072,1149,0,0,0,0,0,0,1,0,55,0,150,684,50,0,0,0,65,0,0,0,1094,0,0,0,0,0,0,0,0,0,0,0,0,0,0,0,0,0,0,0,0,0,0,0,0,0,0,0,0,0,0,0,0
RICL,0,0,0,0,0,0,39,1,8,48,273,0,0,166,0,98,22,0,0,0,0,0,0,0,0,30,0,0,0,0,0,0,0,0,74,136,0,280,69,43,41,29,61,3,11,207,206,207,133,1085,3,103,81,4,207,108,546,460,482,268,166,115,0,5,50,943,942,18,0,0,57,0,0,0,0,94,0,302,192,372,661,133,324,0,39,152,215,0,0,355,130,1,25,202,0,4,0,0,0,0,0,0,0,0,80,41,97,94,0,5,1,241,263,0,61,299,559,3,85,56,60,45,2,0,0,0,0,19,7,899,571,574,153,941,274,667,344,318,643,227,110,450,58,296,64,80,230,127,53,24,31,10,0,117,0,0,42,14,4,42,71,84,6,272,181,368,305,0,0,0,1,18,0,0,1217,1224,57,129,73,0,0,0,0,0,0,0,0,0,0,0,0,0,0,0,0,0,0,0,0,0,0,0,0,0,0,0,0,0,0,0,0
RICR,0,0,0,0,0,0,1,154,4,2,128,0,0,0,45,0,198,0,0,0,0,0,0,0,0,239,0,0,0,0,0,0,0,0,109,0,0,44,223,5,0,197,30,1,1,366,330,170,101,0,851,13,38,131,37,0,535,532,248,147,38,27,104,117,7,704,476,0,85,40,4,0,0,0,4,0,136,199,194,425,455,518,97,0,6,130,44,0,77,102,161,0,23,679,16,0,3,0,3,0,22,0,0,0,49,53,88,80,0,0,17,136,207,53,10,645,246,108,34,79,87,3,78,0,0,0,0,64,11,586,1078,55,558,311,1007,217,274,1300,510,109,311,70,441,114,265,230,84,0,53,122,37,5,10,0,272,0,0,0,304,22,83,30,24,217,358,365,345,11,103,15,233,0,65,1217,0,3,74,69,284,0,0,0,0,0,0,0,0,0,0,0,0,0,0,11,0,0,0,0,0,0,0,0,0,0,0,0,0,0,0,0,0
RID,24,0,55,0,0,32,355,0,0,0,356,3,0,57,0,705,0,0,0,0,0,0,0,165,139,560,0,0,0,0,4,5,280,667,963,0,0,252,0,0,0,265,0,0,0,0,163,155,0,241,0,0,0,328,39,484,273,3,0,3,0,0,38,353,0,12,0,79,10,0,92,616,359,0,0,244,0,454,0,132,1114,692,2395,129,0,0,1155,146,0,2136,287,781,0,0,0,0,0,322,99,213,0,98,196,23,23,0,0,0,40,0,0,0,0,0,0,373,11,0,0,0,0,65,0,0,0,0,0,0,0,3,0,181,0,1357,0,656,1,405,2064,304,0,162,0,16,0,208,0,0,0,3,0,0,0,241,0,0,245,49,0,176,0,0,0,0,0,5,0,0,138,126,0,248,0,1224,3,0,15,425,0,0,0,0,0,0,0,0,0,0,0,0,0,0,0,0,0,0,0,0,0,0,0,0,0,0,0,0,0,0,0,0,0
RIS,0,0,0,0,0,4,0,0,0,0,0,0,0,0,0,60,13,0,0,0,0,0,0,0,36,366,0,0,0,0,0,1,0,0,0,176,69,83,27,0,4,16,143,0,26,120,98,61,124,0,37,0,116,1,0,254,34,0,0,0,1,208,147,107,246,0,0,0,0,127,82,8,0,101,167,7,0,6,0,105,75,0,0,328,331,63,86,0,0,40,3,0,0,47,151,0,11,445,535,1,5,33,47,129,164,214,0,0,50,78,43,113,111,26,15,164,24,3,49,225,248,9,5,13,61,70,57,243,140,0,0,2,17,0,16,0,40,38,42,8,41,24,130,252,429,440,297,17,0,10,56,218,0,0,12,0,0,0,0,0,623,767,1417,209,174,308,287,7,0,0,33,0,0,57,74,15,0,0,2,0,0,0,0,0,0,0,0,0,0,0,0,0,0,0,0,0,0,0,0,0,0,0,0,0,0,0,0,0,0,0,0
RMGL,20,0,96,0,0,0,367,0,2606,0,0,0,0,0,0,391,0,0,0,0,0,93,0,0,0,92,13,0,70,0,0,0,0,0,48,0,0,0,0,66,0,0,0,0,0,3,0,0,0,2475,0,116,302,78,14,0,0,11,0,354,0,0,0,0,0,386,0,97,0,0,135,0,0,6,0,0,0,84,3,0,2,0,198,166,0,0,71,481,0,0,39,0,0,0,70,1,49,0,0,401,0,6,0,23,20,68,223,0,0,0,0,113,0,0,0,0,129,3,187,354,731,227,246,0,0,5,0,0,1306,432,497,283,117,406,0,532,164,526,209,86,93,295,0,56,48,0,85,0,0,0,0,78,0,550,0,0,1131,1358,0,0,1,191,0,428,0,203,0,0,395,63,0,424,0,129,69,425,0,0,0,0,145,0,1244,0,5042,0,8567,0,0,0,0,0,0,0,0,2,335,0,1902,1,5677,0,7392,0,0,0,0,0,0,0,0
RMGR,0,71,0,72,0,0,0,189,0,2785,0,0,0,0,0,0,381,0,0,0,104,0,193,0,0,21,0,0,0,86,0,0,0,0,52,0,0,0,0,0,8,0,0,0,27,0,15,0,0,0,2392,358,149,46,68,0,0,0,33,0,491,0,0,0,0,0,226,0,107,127,0,0,0,0,0,0,0,12,57,5,58,40,0,0,135,56,0,0,1335,2,52,0,0,9,8,31,8,0,0,0,589,0,38,0,63,1,0,468,0,0,0,0,248,0,0,73,0,307,4,761,290,177,278,0,0,0,0,1562,2,431,351,117,138,0,180,164,301,322,415,104,126,0,192,69,45,41,0,0,0,0,0,0,0,0,634,0,455,393,7,0,49,1,0,0,433,0,175,0,602,420,92,0,1094,73,284,0,2,0,0,0,0,0,0,0,0,0,0,0,99,0,1897,0,4847,0,6079,0,0,0,0,0,0,0,0,0,298,0,1672,0,4086,0,5549
BWM-DL01,0,0,204,0,0,0,0,0,0,0,0,18,0,0,0,0,0,0,0,85,0,64,0,0,0,0,0,0,0,0,0,0,0,0,0,0,0,41,0,0,0,0,0,0,0,216,0,0,0,0,0,0,0,0,0,0,0,0,0,6,0,41,0,0,0,0,0,0,0,0,0,0,0,0,0,0,0,0,0,0,0,0,0,0,0,0,0,0,0,0,0,0,0,0,0,0,0,0,0,0,0,0,0,0,0,0,92,0,0,445,0,12,0,0,0,0,0,85,948,0,0,243,0,172,41,10,508,0,0,0,0,0,0,0,0,0,0,0,0,0,602,0,0,65,98,37,12,4792,0,0,0,0,0,1,0,72,0,63,0,0,0,0,0,570,0,0,0,0,0,0,0,18,0,0,0,0,0,0,0,0,4494,20176,265,4658,0,30,0,3266,0,2953,0,294,0,0,0,0,0,0,0,0,0,0,0,0,0,0,0,0,0,0,0
BWM-DL02,0,0,0,0,0,0,0,0,0,0,0,0,0,0,0,0,0,0,0,0,0,0,0,0,0,0,0,0,0,0,0,0,0,0,0,0,0,0,0,7,0,0,0,0,0,0,0,0,0,0,0,0,0,0,0,0,0,0,0,0,0,0,0,0,0,0,0,0,0,0,0,0,0,0,0,0,0,0,0,0,0,0,0,0,0,0,0,0,0,0,0,0,0,0,0,0,0,0,0,0,0,0,0,0,0,0,28,0,0,333,0,175,0,0,0,0,0,15,816,155,37,166,24,2,29,3466,0,0,308,0,256,0,0,0,0,0,0,0,0,0,110,0,0,0,0,0,0,2364,0,1,0,2,0,0,0,0,0,0,0,0,0,0,0,35,0,0,0,0,0,0,0,0,0,0,0,0,0,145,0,4494,0,411,19134,0,7300,0,3300,0,0,0,0,0,0,0,0,0,11817,0,2550,0,446,0,15,0,0,0,0,0,0,0,0
BWM-DL03,0,0,0,0,0,0,0,0,0,0,0,0,0,0,0,0,0,0,0,0,0,0,0,0,0,0,0,0,0,0,0,0,0,0,0,0,0,0,0,0,0,0,0,0,0,0,0,0,0,0,0,0,0,0,0,0,0,0,0,0,0,0,0,0,0,0,0,0,0,0,0,0,0,0,0,0,0,0,0,0,0,0,0,0,0,0,0,0,0,0,0,0,0,19,0,0,0,0,0,0,0,0,0,0,0,0,0,0,0,124,0,0,0,0,0,0,0,367,1741,0,0,61,0,739,0,0,291,0,0,0,0,0,0,0,0,0,0,0,0,0,990,0,0,106,256,48,3,934,0,0,0,0,0,0,0,0,0,0,0,0,0,0,0,1022,0,0,0,0,0,0,0,0,0,0,0,0,0,0,0,20176,411,0,0,31756,0,4430,0,4763,0,8916,0,3138,0,471,0,0,0,0,0,0,0,0,0,0,0,0,0,0,0,0,0
BWM-DL04,0,0,0,0,0,0,0,0,155,0,0,0,0,0,0,0,0,0,0,21,0,0,0,0,0,0,0,0,0,0,0,0,0,0,0,0,0,2,0,0,0,0,0,0,0,0,0,0,0,0,0,0,0,28,0,0,0,0,0,52,0,0,0,0,0,0,0,0,0,0,0,0,0,0,0,0,0,0,0,0,0,0,0,0,0,0,0,10,0,0,0,0,0,4,0,0,103,0,0,71,0,0,0,0,0,185,0,0,0,129,0,0,0,0,0,0,0,0,1559,369,738,49,0,0,0,722,0,0,619,0,31,0,50,0,0,0,0,251,0,0,507,0,0,0,151,7,0,291,0,0,0,17,0,1,0,7,0,0,71,0,0,0,0,272,0,0,0,0,0,37,0,0,0,0,0,0,0,1244,0,265,19134,0,0,0,40430,0,24665,0,0,0,0,0,0,0,0,0,2137,0,7394,0,0,0,0,0,0,0,0,0,0,0,0
BWM-DL05,0,0,18,0,0,0,0,0,0,0,0,0,0,0,0,0,0,0,0,0,0,0,0,0,0,0,0,0,0,0,0,0,0,0,0,0,0,0,0,0,0,0,0,0,0,0,0,0,0,0,0,0,0,0,0,0,0,0,0,0,0,0,0,0,0,0,0,0,0,0,1,0,0,0,0,2,0,0,0,0,5,0,0,0,0,0,0,0,0,0,0,0,0,87,8,3,0,0,0,0,0,3,0,0,0,0,0,0,0,92,0,0,0,0,0,0,0,214,1423,0,0,181,20,1184,0,0,24,0,0,0,0,0,0,0,0,0,0,0,0,0,2413,0,0,96,851,0,0,86,0,0,0,0,0,0,0,0,0,0,0,0,0,0,0,2029,955,0,0,8,0,0,0,0,0,0,0,0,0,0,0,4658,0,31756,0,0,0,62265,0,474,0,3209,0,6280,0,1545,0,0,0,0,0,0,0,0,0,0,0,0,0,0,0,0,0
BWM-DL06,0,0,0,0,0,0,0,0,423,0,0,0,0,0,0,0,0,0,0,0,0,0,0,0,0,0,0,0,0,0,0,0,0,0,0,0,0,4,0,0,0,0,0,0,0,0,0,0,0,0,0,0,0,390,0,0,0,0,0,6,0,0,0,0,0,0,0,0,0,0,0,0,0,0,0,0,0,0,0,0,0,0,0,0,0,0,0,0,0,0,0,0,0,6,0,0,23,0,0,0,0,0,0,0,0,442,0,0,0,3,0,0,0,0,0,0,0,0,796,436,412,0,4,0,0,0,0,0,255,0,0,0,0,0,0,0,0,400,0,0,1217,0,0,0,80,0,0,0,0,0,0,0,0,0,0,0,0,0,0,0,0,0,0,595,0,0,0,0,0,0,0,0,0,0,0,0,0,5042,0,0,7300,0,40430,0,0,0,101513,0,0,0,0,0,0,0,0,0,0,0,1261,0,0,0,0,0,0,0,0,0,0,0,0
BWM-DL07,0,0,0,0,0,0,0,0,0,0,0,0,0,0,0,0,0,0,0,0,0,0,0,0,0,0,0,0,0,0,0,0,0,0,0,0,0,0,0,0,0,0,0,0,0,0,0,0,0,0,0,0,0,0,0,0,0,0,0,0,0,0,0,0,0,0,0,0,0,0,0,0,0,0,0,0,0,0,0,0,3,0,0,0,0,0,0,0,0,0,0,0,0,735,0,0,0,0,0,0,0,0,0,0,0,0,0,0,0,0,0,0,0,0,0,0,0,292,126,0,0,447,166,855,0,0,0,0,0,0,0,0,0,0,0,0,0,0,0,0,2654,0,0,0,573,0,0,0,0,0,0,0,0,0,0,0,0,0,0,0,0,0,0,3535,3326,0,0,0,0,0,0,0,0,0,0,0,0,0,0,30,0,4430,0,62265,0,0,0,0,0,550,0,3663,0,908,0,0,0,0,0,0,0,0,0,0,0,0,0,0,0,0,0
BWM-DL08,0,0,0,0,0,0,0,0,6,0,0,0,0,0,0,0,0,0,0,0,0,0,0,0,0,0,0,0,0,0,0,0,0,0,0,0,0,0,0,0,0,0,0,0,0,0,0,0,0,0,0,0,0,0,0,0,0,20,0,0,0,0,0,0,0,0,0,0,0,0,0,0,0,0,0,0,0,0,0,0,0,0,0,0,0,0,0,0,0,0,0,0,0,0,0,0,0,0,0,0,0,0,0,0,0,0,0,0,0,0,0,0,0,0,0,0,0,0,8,51,3,0,0,0,0,0,0,0,1745,0,0,0,0,0,0,0,0,86,0,0,1147,0,0,0,0,0,0,0,0,0,0,0,0,0,0,0,0,0,0,0,0,0,0,1403,0,0,0,0,0,0,0,0,0,0,0,0,0,8567,0,0,3300,0,24665,0,101513,0,0,0,0,0,0,0,0,0,0,0,0,0,5008,0,0,0,0,0,0,0,0,0,0,0,0
BWM-DR01,0,0,0,50,0,0,0,0,0,0,0,0,0,0,0,0,0,0,0,0,0,0,18,0,0,0,0,18,0,0,0,0,0,0,0,0,0,0,168,0,0,0,0,0,0,0,13,0,0,0,0,0,0,0,0,0,0,0,0,0,16,0,3,0,0,0,0,0,0,0,0,0,0,0,0,0,0,0,0,0,0,0,0,0,0,0,0,0,0,0,0,0,0,0,0,0,0,0,0,0,0,0,0,0,0,0,0,83,0,0,694,0,17,0,0,0,0,1012,239,0,0,0,123,233,84,65,450,0,0,0,0,0,0,0,0,0,0,0,0,320,0,0,0,149,1,2,26,56,4601,0,0,0,0,0,0,0,0,0,0,0,0,0,0,0,313,0,0,0,0,0,0,0,0,0,0,0,0,0,0,3266,0,4763,0,474,0,0,0,0,4128,21377,297,5775,0,834,0,0,0,0,0,0,0,0,0,0,6,0,0,0,0,0,0
BWM-DR02,0,0,0,0,0,0,0,0,0,42,0,0,0,0,0,0,0,0,0,0,0,0,0,0,0,0,0,0,0,0,0,0,0,0,0,0,0,0,0,0,0,0,0,0,0,0,0,0,0,0,0,0,0,0,0,0,0,0,0,0,0,0,0,0,0,0,0,0,0,0,0,0,0,0,0,0,0,0,0,0,0,0,0,0,0,0,0,0,0,0,0,0,0,2,0,0,0,0,0,0,0,0,0,0,0,0,0,6,0,0,367,0,191,0,0,0,0,811,4,161,154,29,147,6,2991,22,8,317,0,176,0,0,0,0,0,0,0,0,0,57,0,0,0,0,0,0,0,0,1817,0,0,0,4,0,0,0,0,0,0,0,0,0,0,0,194,0,0,0,0,0,0,0,0,0,0,0,0,0,99,0,0,0,0,0,0,0,0,4128,0,554,19585,0,8606,0,1666,0,0,0,0,0,0,0,0,0,8642,0,636,0,41,0,0
BWM-DR03,0,0,0,0,0,0,0,0,0,0,0,0,0,0,0,0,0,0,0,0,0,0,0,0,0,0,0,0,0,0,0,0,0,0,0,0,0,0,2,0,0,0,0,0,0,0,0,0,0,0,0,0,0,0,0,0,0,0,0,0,0,0,9,0,0,0,0,0,0,0,0,0,0,0,0,0,0,0,0,0,0,0,0,0,0,0,0,0,0,0,0,0,0,3,0,0,0,0,0,0,0,0,0,0,0,0,0,0,0,0,34,0,0,0,0,0,0,1867,465,0,0,0,81,463,92,21,419,0,0,0,0,0,0,0,0,0,0,0,5,870,19,0,0,332,19,3,26,57,481,0,0,0,0,0,0,0,0,0,0,0,0,0,0,1,480,0,0,0,0,0,0,0,0,0,0,0,0,0,0,2953,0,8916,0,3209,0,550,0,21377,554,0,0,32326,0,17866,0,0,0,0,0,0,0,0,0,0,0,0,0,0,0,0,0
BWM-DR04,0,0,0,0,0,0,0,3,0,365,0,0,0,0,0,0,0,0,0,0,0,0,0,0,0,0,0,0,0,0,0,0,0,0,0,0,0,0,0,0,0,0,0,0,0,0,0,0,0,0,0,0,0,0,0,0,0,0,0,0,0,0,0,0,0,0,0,0,0,0,0,0,0,0,0,0,0,0,0,0,0,0,0,0,0,0,0,0,0,0,0,0,0,90,0,199,1,0,0,0,0,0,0,0,123,0,0,0,0,0,31,0,0,0,0,0,0,971,0,848,358,0,21,0,707,0,0,970,0,158,0,0,0,0,0,0,0,0,114,315,0,0,0,0,0,0,0,0,15,0,0,0,52,0,0,0,0,0,0,0,0,0,0,0,940,0,194,0,0,1,41,0,0,0,0,0,0,0,1897,0,0,0,0,0,0,0,0,297,19585,0,0,0,33065,0,15407,0,0,0,0,0,0,0,0,0,1425,0,3683,0,0,0,0
BWM-DR05,0,0,0,61,0,0,0,0,0,0,0,0,0,0,0,0,0,0,0,0,0,0,13,0,0,0,0,10,0,0,0,0,0,0,0,0,0,0,0,0,0,0,0,0,0,0,0,0,0,0,0,0,0,0,0,0,0,0,0,0,0,0,0,0,0,0,0,0,0,0,0,0,0,0,0,0,0,0,0,0,0,0,0,0,0,0,0,0,0,0,0,0,0,235,0,0,2,0,0,0,0,0,0,0,0,0,0,0,0,0,0,0,0,0,0,0,0,1801,518,0,0,0,205,563,0,0,22,0,0,0,0,0,0,0,0,0,0,0,1,2108,0,0,0,396,48,0,0,0,4,0,0,0,0,0,0,0,0,0,0,0,0,0,0,0,1574,0,0,0,0,0,0,0,0,0,0,0,0,0,0,294,0,3138,0,6280,0,3663,0,5775,0,32326,0,0,0,69619,0,0,0,0,0,0,0,0,0,0,0,0,0,0,0,0,0
BWM-DR06,0,0,0,0,0,0,0,0,0,946,0,0,0,0,0,0,0,0,0,0,0,0,0,0,0,0,0,0,0,0,0,0,0,0,0,0,0,0,29,0,0,0,0,0,0,0,0,0,0,0,0,0,0,0,244,0,41,0,0,0,0,0,0,0,0,0,0,0,0,0,0,0,0,0,0,0,0,0,0,0,0,0,0,0,0,0,0,0,9,0,0,0,0,138,0,35,0,0,0,0,0,0,0,0,310,0,0,0,0,0,0,0,0,0,0,0,0,401,0,459,288,18,0,0,0,0,0,323,0,18,0,1,0,0,0,0,0,0,293,425,0,0,0,0,0,0,0,0,0,0,0,0,0,0,0,0,0,0,0,0,0,0,0,0,1317,0,0,0,25,51,297,0,0,0,0,0,0,0,4847,0,0,0,0,0,0,0,0,0,8606,0,33065,0,0,0,56775,0,0,0,0,0,0,0,0,0,6,0,0,0,0,0,0
BWM-DR07,0,0,0,0,0,0,0,0,0,0,0,0,0,0,0,0,0,0,0,0,0,0,0,0,0,0,0,0,0,0,0,0,0,0,0,0,0,0,0,0,0,0,0,0,0,0,0,0,0,0,0,0,0,0,0,0,0,0,0,0,0,0,0,0,0,0,0,0,0,0,0,0,0,0,0,0,0,0,0,0,0,0,0,0,0,0,0,0,0,0,0,0,0,778,0,0,0,0,0,0,0,0,0,0,0,0,0,0,0,0,0,0,0,0,0,0,0,480,162,0,0,0,610,1235,0,0,0,0,0,0,0,0,0,0,0,0,0,0,0,3778,0,0,0,125,0,0,0,0,0,0,0,0,0,0,0,0,0,0,0,0,0,0,0,0,3147,0,0,0,0,0,0,0,0,0,11,0,0,0,0,0,0,471,0,1545,0,908,0,834,0,17866,0,69619,0,0,0,0,0,0,0,0,0,0,0,0,0,0,0,0,0,0,0
BWM-DR08,0,0,0,0,0,0,0,0,0,719,0,0,0,0,0,0,0,0,0,0,0,0,0,0,0,0,0,0,0,0,0,0,0,0,0,0,0,0,0,0,0,0,0,0,0,0,0,0,0,0,0,0,0,0,44,0,0,0,0,0,0,0,0,0,0,0,0,0,0,0,0,0,0,0,0,0,0,0,0,0,0,0,0,0,0,0,0,0,14,0,0,0,0,311,0,0,0,0,0,0,0,0,0,0,396,0,0,0,0,0,0,0,0,0,0,0,0,6,0,310,0,0,0,0,0,0,0,399,0,0,0,0,0,0,0,0,0,0,120,739,0,0,0,0,0,0,0,0,0,0,0,0,0,0,0,0,0,0,0,0,0,0,0,0,2806,0,0,0,10,56,343,0,0,0,0,0,0,0,6079,0,0,0,0,0,0,0,0,0,1666,0,15407,0,56775,0,0,0,0,0,0,0,0,0,0,0,0,0,0,0,0,0,0
BWM-VL01,0,0,0,0,0,0,0,0,0,0,0,0,0,0,0,0,0,0,0,0,0,0,0,0,0,0,0,0,0,0,0,0,0,0,0,0,0,0,0,0,0,22,0,0,0,0,0,0,0,0,0,0,0,0,0,0,0,0,0,0,0,0,0,0,0,0,0,0,0,0,0,0,0,0,0,0,0,0,0,0,0,0,0,0,0,0,0,0,0,0,0,0,0,105,0,0,0,0,0,0,0,0,0,0,0,0,10,0,0,0,0,7,0,548,0,0,0,280,0,0,0,243,1127,836,47,23,312,0,0,0,0,0,0,0,0,0,0,0,0,0,0,477,9,20,31,13,21,0,0,4325,94,0,0,0,0,0,0,0,0,0,0,0,0,0,0,732,0,0,0,0,0,0,0,0,0,0,0,2,0,0,0,0,0,0,0,0,0,0,0,0,0,0,0,0,0,0,8786,17997,704,6789,0,305,59,3955,0,3665,0,506,0,0,0
BWM-VL02,0,0,0,0,0,0,0,0,0,0,0,0,0,0,0,0,0,0,0,0,0,0,0,0,0,0,0,0,0,0,0,0,0,0,0,0,0,0,0,0,0,25,0,0,0,0,0,0,0,0,0,0,0,0,0,0,0,0,0,0,0,0,0,0,0,0,0,0,0,0,0,0,0,0,0,0,0,0,0,0,0,0,0,0,0,0,0,0,0,0,0,0,0,0,0,0,0,0,0,0,0,0,0,0,0,0,2,0,0,0,0,163,0,257,0,0,0,203,30,117,51,0,917,204,16,3723,12,0,348,0,148,0,0,0,0,0,0,0,0,0,0,68,0,0,0,0,0,33,0,3145,0,1,0,0,0,0,0,0,0,0,0,0,0,0,0,47,0,0,0,0,0,0,0,0,0,0,0,335,0,0,11817,0,2137,0,0,0,0,0,0,0,0,0,0,0,0,8786,0,1234,13678,255,4779,0,383,0,0,0,0,0,0,0,0
BWM-VL03,0,0,0,0,0,0,0,0,0,0,0,0,0,0,0,0,0,0,0,0,0,0,0,0,0,0,0,0,0,0,0,0,0,0,0,0,0,0,0,0,0,0,0,0,0,0,0,0,0,0,0,0,0,0,0,0,0,0,0,0,0,0,0,5,0,0,0,0,0,0,0,0,0,0,0,0,0,0,0,0,0,0,0,0,0,0,0,0,0,0,0,0,0,5,0,2,0,23,0,0,0,0,0,0,0,0,0,0,0,0,0,0,0,107,0,92,592,109,0,0,0,337,1682,536,8,0,944,0,0,0,0,0,0,0,0,0,0,0,0,0,0,1109,0,43,22,32,255,0,0,455,101,0,0,0,0,0,0,0,0,0,0,0,0,0,0,309,0,0,0,0,0,0,0,0,0,0,0,0,0,0,0,0,0,0,0,0,0,0,0,0,0,0,0,0,0,17997,1234,0,0,40135,0,9765,0,4094,0,9494,0,1761,0,667,0
BWM-VL04,0,0,0,0,0,0,0,0,0,0,0,0,0,0,0,0,0,0,0,0,0,0,0,0,0,0,0,0,0,0,0,0,0,0,0,0,0,0,0,0,0,0,0,0,0,0,0,1,0,25,0,0,0,0,0,0,0,48,0,0,0,0,0,0,0,0,0,0,0,0,0,0,0,0,0,0,0,0,0,0,0,0,0,0,0,0,0,0,0,0,0,0,0,0,0,0,226,0,0,0,0,0,0,0,0,180,0,0,0,0,0,53,0,27,0,0,104,42,0,674,1228,0,1239,0,0,534,0,0,1167,0,111,0,0,0,0,141,0,0,0,0,0,441,0,0,0,0,54,0,0,69,0,37,0,0,0,0,0,0,0,0,0,0,0,425,0,291,0,0,0,0,0,0,0,0,0,0,0,1902,0,0,2550,0,7394,0,1261,0,5008,0,0,0,0,0,0,0,0,704,13678,0,0,0,31206,0,16506,0,0,0,0,0,0,0,0
BWM-VL05,0,0,0,0,0,0,0,0,0,0,0,0,0,0,0,0,0,0,0,0,0,0,0,0,0,0,0,0,0,0,0,0,0,0,0,0,0,0,0,0,0,0,0,0,0,0,0,0,0,16,0,149,0,0,0,0,0,0,0,0,0,0,0,0,0,0,0,0,0,0,0,0,0,0,0,0,0,0,0,0,0,0,0,0,0,0,0,0,0,0,0,0,0,29,0,1,0,0,0,0,0,0,0,0,0,0,0,0,0,0,0,0,0,0,0,0,1174,68,0,0,0,465,1541,9,0,0,941,0,0,0,0,0,0,0,0,0,0,0,0,0,0,2608,45,0,0,0,259,0,0,2,0,0,0,0,0,0,0,0,0,0,0,0,0,0,0,1943,0,0,0,0,0,6,0,0,0,0,0,1,0,0,0,0,0,0,0,0,0,0,0,0,0,0,0,0,0,6789,255,40135,0,0,0,65328,0,543,0,3988,0,585,0,0,0
BWM-VL06,0,0,0,0,0,0,0,0,0,0,0,0,0,0,0,0,0,0,0,0,0,0,0,0,0,0,0,0,0,0,0,0,0,0,0,0,0,0,0,0,0,0,0,0,0,0,0,0,0,1012,0,38,0,0,49,0,0,0,0,0,0,0,0,0,0,0,0,0,0,0,0,0,0,0,0,0,0,0,0,0,0,0,0,0,0,0,0,0,0,0,0,0,0,22,0,0,0,0,0,0,0,0,0,0,0,465,0,0,0,0,0,6,0,0,0,0,1443,0,0,260,1146,0,681,0,0,5,0,0,362,0,0,0,0,199,0,938,0,0,0,0,0,1986,0,48,0,0,477,0,0,0,0,0,0,0,0,0,0,0,0,0,0,0,0,0,0,1012,0,0,0,0,0,0,0,0,0,0,0,5677,0,0,446,0,0,0,0,0,0,0,0,0,0,0,0,0,0,0,4779,0,31206,0,0,0,96898,0,0,0,0,0,0,0,0
BWM-VL07,0,0,0,0,0,0,0,0,0,0,0,0,0,0,0,0,0,0,0,0,0,0,0,0,0,0,0,0,0,0,0,0,0,0,0,0,0,0,0,0,0,0,0,0,0,0,0,0,0,0,0,841,0,0,0,0,0,0,0,0,0,0,0,0,0,0,0,0,0,0,0,0,0,0,0,0,0,0,0,0,0,0,0,0,0,0,0,0,0,0,0,0,0,27,0,0,0,0,0,0,0,0,0,0,0,0,0,0,0,0,0,0,0,0,0,0,2494,344,0,0,0,14,260,0,0,0,922,0,0,0,0,0,0,0,0,0,0,0,0,0,0,4796,0,0,0,0,121,0,0,0,0,0,0,0,0,0,0,0,0,0,0,0,0,0,0,4643,0,0,0,0,0,0,0,0,0,0,0,0,0,0,0,0,0,0,0,0,0,0,0,0,0,0,0,0,0,305,0,9765,0,65328,0,0,0,81,0,1727,0,0,0,0,0
BWM-VL08,0,0,0,0,0,0,0,0,0,0,0,0,0,0,0,0,0,0,0,0,0,0,0,0,0,0,0,0,0,0,0,0,0,0,0,0,0,0,0,0,0,0,0,0,0,0,0,0,0,2101,0,0,0,0,8,0,0,0,0,0,0,0,0,0,0,0,0,0,0,0,0,0,0,0,0,0,0,0,0,0,0,0,0,0,0,0,0,0,0,0,0,0,0,292,0,0,0,0,0,0,0,0,0,0,0,66,0,0,0,0,0,6,0,0,0,0,1151,0,0,230,619,0,0,0,0,0,0,0,315,0,27,0,0,138,0,865,0,0,0,0,0,1877,0,32,0,0,148,0,0,0,0,0,0,0,0,0,0,0,0,0,0,0,0,0,0,2833,0,0,0,0,0,0,0,0,0,0,0,7392,0,0,15,0,0,0,0,0,0,0,0,0,0,0,0,0,0,59,383,0,16506,0,96898,0,0,0,0,0,0,0,0,0,0
BWM-VR01,0,0,0,0,0,0,0,0,0,0,0,0,0,0,0,0,0,0,0,0,0,0,0,0,0,0,0,0,0,0,0,0,0,0,0,0,0,0,0,0,0,0,29,0,0,0,0,0,0,0,0,0,0,0,0,0,0,0,0,0,0,0,0,0,0,0,0,0,0,0,0,0,0,0,0,0,0,0,0,0,0,0,0,0,0,0,0,0,0,0,0,0,0,51,0,0,0,0,0,0,0,0,0,0,0,0,0,178,0,0,0,0,8,0,636,18,28,0,210,0,0,797,181,647,48,28,309,0,0,43,0,0,0,0,0,0,0,0,0,0,0,0,558,22,104,128,30,0,0,5,4241,0,0,0,0,0,0,0,0,0,0,0,0,0,0,0,623,0,0,0,0,0,0,0,0,0,0,0,0,0,0,0,0,0,0,0,0,0,0,0,0,0,0,0,0,3955,0,4094,0,543,0,81,0,0,6484,19834,1344,6246,4,30,54
BWM-VR02,0,0,0,0,0,0,0,0,0,0,0,0,0,0,0,0,0,0,0,0,0,0,0,0,0,0,0,0,0,0,0,0,0,0,0,0,0,0,0,0,0,0,0,0,0,0,0,0,0,0,0,0,0,0,0,0,0,0,0,0,0,0,0,0,0,0,0,0,0,0,0,0,0,0,0,0,0,0,0,0,0,0,0,0,0,0,0,0,0,0,0,0,0,15,0,0,0,0,0,0,0,0,0,0,0,0,0,93,0,0,0,0,658,0,334,0,0,28,138,135,136,641,10,32,2506,14,18,339,0,333,0,0,0,0,0,0,0,0,0,0,0,0,64,0,0,0,0,0,33,0,2442,0,53,0,0,0,0,0,0,0,0,0,0,0,0,0,288,0,0,0,4,0,0,0,0,0,0,0,298,0,0,0,0,0,0,0,0,6,8642,0,1425,0,6,0,0,0,0,0,0,0,0,0,0,6484,0,844,14899,86,5764,0,611
BWM-VR03,0,0,0,0,0,0,0,0,0,0,0,0,0,0,0,0,0,0,0,0,0,0,0,0,0,0,0,0,0,0,0,0,0,0,0,0,0,0,0,0,0,0,5,0,0,0,0,0,0,0,0,0,0,0,0,0,0,0,0,0,0,0,0,0,0,0,0,0,0,0,0,0,0,0,0,0,0,0,0,0,0,0,0,0,0,0,0,0,0,0,0,0,0,0,0,0,0,0,0,0,0,0,0,0,0,0,0,20,0,0,0,0,0,0,94,394,167,0,129,0,0,1783,388,838,33,3,1085,0,0,0,0,0,0,0,0,0,0,0,0,0,0,13,1088,10,159,443,41,0,0,84,547,0,0,0,0,0,0,0,0,0,0,0,0,0,0,0,714,0,0,0,0,0,0,0,0,0,0,0,0,0,0,0,0,0,0,0,0,0,0,0,0,0,0,0,0,3665,0,9494,0,3988,0,1727,0,19834,844,0,0,36268,0,9146,0
BWM-VR04,0,0,0,0,0,0,0,49,0,0,0,0,0,0,0,0,0,0,0,0,0,0,0,0,0,0,0,0,0,0,0,0,0,0,0,0,0,0,0,0,0,0,0,0,0,0,0,0,89,0,20,0,0,11,0,0,0,0,34,0,0,0,0,0,0,0,0,0,0,0,0,0,0,0,0,0,0,0,0,0,0,0,0,0,0,0,0,0,0,0,0,0,0,158,0,137,0,0,0,0,0,0,0,0,230,0,0,1,0,0,0,0,147,0,82,212,0,0,79,770,867,1412,0,0,356,0,0,883,0,232,0,0,0,0,0,0,426,0,0,6,0,0,402,0,9,166,0,0,0,0,86,0,141,0,0,0,0,0,0,0,0,0,0,0,41,0,2148,0,0,0,50,0,0,0,0,0,0,0,1672,0,0,0,0,0,0,0,0,0,636,0,3683,0,0,0,0,0,0,0,0,0,0,0,0,1344,14899,0,0,0,34404,0,10013
BWM-VR05,0,0,0,0,0,0,0,0,0,0,0,0,0,0,0,0,0,0,0,0,0,0,0,0,0,0,0,0,0,0,0,0,0,0,0,0,0,0,0,0,0,0,0,0,0,0,0,0,0,0,0,1,214,0,0,0,0,0,0,0,0,0,0,0,0,0,0,0,0,0,0,0,0,0,0,0,0,0,0,0,0,0,0,0,0,0,0,0,0,0,0,0,0,0,0,0,1,0,0,0,0,0,0,0,0,0,0,0,0,0,0,0,0,0,0,1313,43,0,242,0,0,1847,63,13,0,0,1289,0,0,0,0,0,0,0,0,0,0,0,0,0,0,0,3532,0,0,127,0,0,0,0,72,0,0,0,0,0,0,0,0,0,0,0,0,0,0,0,1891,0,0,0,0,0,0,0,0,0,0,0,0,0,0,0,0,0,0,0,0,0,0,0,0,0,0,0,0,506,0,1761,0,585,0,0,0,6246,86,36268,0,0,0,57460,0
BWM-VR06,0,0,0,0,0,0,0,0,0,0,0,0,0,0,0,0,0,0,0,0,0,0,0,0,0,0,0,0,0,0,0,0,0,0,0,0,0,0,0,0,0,0,0,0,0,0,0,0,12,0,668,0,21,81,0,0,0,0,0,0,0,0,0,0,0,0,0,0,0,0,0,0,0,0,0,0,0,13,0,0,0,0,0,0,0,0,0,0,0,0,0,0,0,58,0,40,0,0,0,0,0,0,0,0,338,0,0,0,0,0,0,0,0,0,0,1184,0,0,4,932,987,1064,0,0,0,0,0,97,0,0,0,0,0,0,12,0,1174,0,0,0,0,0,856,0,84,235,0,0,0,0,0,0,0,0,0,0,0,0,0,0,0,0,0,0,0,0,1599,0,0,0,0,0,0,0,0,0,0,0,4086,0,0,0,0,0,0,0,0,0,41,0,0,0,0,0,0,0,0,0,0,0,0,0,0,4,5764,0,34404,0,0,0,63336
BWM-VR07,0,0,0,0,0,0,0,0,0,0,0,0,0,0,0,0,0,0,0,0,0,0,0,0,0,0,0,0,0,0,0,0,0,0,0,0,0,0,0,0,0,0,0,0,0,0,0,0,0,0,0,0,913,0,0,0,0,0,0,0,0,0,0,0,0,0,0,0,0,0,0,0,0,0,0,0,0,0,0,0,0,0,0,0,0,0,0,0,0,0,0,0,0,0,0,1,0,0,0,0,0,0,0,0,0,0,0,0,0,0,0,0,0,0,0,5556,46,0,342,0,0,126,0,7,0,0,505,0,0,0,0,0,0,0,0,0,0,0,0,0,0,0,1853,0,0,272,0,0,0,0,0,0,0,0,0,0,0,0,0,0,0,0,0,0,0,0,2109,0,0,0,0,0,0,0,0,0,0,0,0,0,0,0,0,0,0,0,0,0,0,0,0,0,0,0,0,0,0,667,0,0,0,0,0,30,0,9146,0,57460,0,0,0
BWM-VR08,0,0,0,0,0,0,0,0,0,0,0,0,0,0,0,0,0,0,0,0,0,0,0,0,0,0,0,0,0,0,0,0,0,0,0,0,0,0,0,0,0,0,0,0,0,0,0,0,5,0,2762,0,0,59,0,0,0,0,0,0,0,0,0,0,0,0,0,0,0,0,0,0,0,0,0,0,0,59,0,0,0,0,0,0,0,0,0,0,0,0,0,0,0,439,0,0,0,0,0,0,0,0,0,0,318,0,0,0,0,0,0,0,0,0,0,1251,0,0,0,1006,397,0,0,0,0,0,0,1179,0,32,0,0,0,0,125,0,1246,0,0,0,0,0,1380,0,83,201,0,0,0,0,0,0,0,0,0,0,0,0,0,0,0,0,0,0,0,0,4410,0,0,0,0,0,0,0,0,0,0,0,5549,0,0,0,0,0,0,0,0,0,0,0,0,0,0,0,0,0,0,0,0,0,0,0,0,54,611,0,10013,0,63336,0,0
